[Sun Aug  2 18:50:49 2026] [INFO] INIT: uD3TN starting up... [components/ud3tn/init.c:39]
[Sun Aug  2 18:50:49 2026] [INFO] INIT: Configured to use EID "dtn://bob.dtn/" and BPv7 [components/ud3tn/init.c:61]
[Sun Aug  2 18:50:49 2026] [WARNING] AgentManager: No AAP 2.0 secret specified - all clients can dispatch and control the FIB! [components/ud3tn/agent_manager.c:60]
[Sun Aug  2 18:50:49 2026] [INFO] BundleProcessor: BPA initialized for "dtn://bob.dtn/", status reports disabled [components/ud3tn/bundle_processor.c:258]
[Sun Aug  2 18:50:49 2026] [INFO] AgentManager: Agent for receiving ADUs registered for sink_id echo with no. 1 [components/ud3tn/agent_manager.c:227]
[Sun Aug  2 18:50:49 2026] [INFO] CSP: Initialized with local address 3, port 10 [components/cla/posix/cla_csp.c:852]
[Sun Aug  2 18:50:49 2026] [INFO] AppAgent: Listening on /tmp/bob.socket [components/agents/posix/application_agent.c:668]
[Sun Aug  2 18:50:49 2026] [INFO] CSP: RX task started [components/cla/posix/cla_csp.c:392]
[Sun Aug  2 18:50:49 2026] [INFO] INIT: Limiting maximum bundle size to 65535 bytes. [components/ud3tn/init.c:167]
[Sun Aug  2 18:50:49 2026] [INFO] AAP2Agent: Listening on /tmp/bob.aap2.socket [components/aap2/aap2_agent.c:1701]
[Sun Aug  2 18:50:50 2026] [INFO] AAP2Agent: Accepted connection from UNIX Domain Socket. [components/aap2/aap2_agent.c:259]
[Sun Aug  2 18:50:50 2026] [INFO] AAP2Agent: Received request to register for EID "dtn://bob.dtn/charon". [components/aap2/aap2_agent.c:555]
[Sun Aug  2 18:50:50 2026] [INFO] AgentManager: Agent for sending ADUs registered for sink_id charon with no. 2 [components/ud3tn/agent_manager.c:227]
[Sun Aug  2 18:50:50 2026] [INFO] AAP2Agent: Accepted connection from UNIX Domain Socket. [components/aap2/aap2_agent.c:259]
[Sun Aug  2 18:50:50 2026] [INFO] AAP2Agent: Received request to subscribe for EID "dtn://bob.dtn/charon". [components/aap2/aap2_agent.c:555]
[Sun Aug  2 18:50:50 2026] [INFO] AgentManager: Agent for receiving ADUs registered for sink_id charon with no. 3 [components/ud3tn/agent_manager.c:227]
[Sun Aug  2 18:50:50 2026] [INFO] AAP2Agent: Switching control flow! [components/aap2/aap2_agent.c:676]
[Sun Aug  2 18:50:50 2026] [INFO] AAP2Agent: Accepted connection from UNIX Domain Socket. [components/aap2/aap2_agent.c:259]
[Sun Aug  2 18:50:50 2026] [INFO] AAP2Agent: Received request to subscribe for EID "<NULL>" + dispatch bundles. [components/aap2/aap2_agent.c:555]
[Sun Aug  2 18:50:50 2026] [INFO] AgentManager: Agent for dispatching bundles registered with no. 4 [components/ud3tn/agent_manager.c:301]
[Sun Aug  2 18:50:50 2026] [INFO] AAP2Agent: Switching control flow! [components/aap2/aap2_agent.c:676]
[Sun Aug  2 18:50:50 2026] [INFO] AAP2Agent: Accepted connection from UNIX Domain Socket. [components/aap2/aap2_agent.c:259]
[Sun Aug  2 18:50:50 2026] [INFO] AAP2Agent: Received request to register for EID "<NULL>" + FIB updates. [components/aap2/aap2_agent.c:555]
[Sun Aug  2 18:50:50 2026] [INFO] AgentManager: Agent for modifying FIB entries registered with no. 5 [components/ud3tn/agent_manager.c:253]
[Sun Aug  2 18:50:50 2026] [INFO] CSP: Starting scheduled contact to csp:2 [components/cla/posix/cla_csp.c:560]
[Sun Aug  2 18:50:50 2026] [INFO] CSP: Starting link management for csp:2 [components/cla/posix/cla_csp.c:281]
[Sun Aug  2 18:50:59 2026] [INFO] CSP: RX loop iteration 10, last_err=6 [components/cla/posix/cla_csp.c:405]
[Sun Aug  2 18:50:59 2026] [INFO] CSP: RX waiting - socket=0x5628c10779a8, init=1 [components/cla/posix/cla_csp.c:412]
[Sun Aug  2 18:51:01 2026] [INFO] CSP: RX COMPLETE - Got 191 bytes from csp:2:43 (all fragments ACK'd) [components/cla/posix/cla_csp.c:432]
[Sun Aug  2 18:51:01 2026] [INFO] CSP: Starting link management for csp:2 [components/cla/posix/cla_csp.c:281]
[Sun Aug  2 18:51:01 2026] [INFO] CSP: RX COMPLETE - Got 191 bytes from csp:2:43 (all fragments ACK'd) [components/cla/posix/cla_csp.c:432]
[Sun Aug  2 18:51:01 2026] [INFO] CSP: RX COMPLETE - Got 191 bytes from csp:2:43 (all fragments ACK'd) [components/cla/posix/cla_csp.c:432]
[Sun Aug  2 18:51:01 2026] [INFO] CSP: RX COMPLETE - Got 191 bytes from csp:2:43 (all fragments ACK'd) [components/cla/posix/cla_csp.c:432]
[Sun Aug  2 18:51:01 2026] [INFO] CSP: RX COMPLETE - Got 191 bytes from csp:2:43 (all fragments ACK'd) [components/cla/posix/cla_csp.c:432]
[Sun Aug  2 18:51:01 2026] [INFO] CSP: RX COMPLETE - Got 191 bytes from csp:2:43 (all fragments ACK'd) [components/cla/posix/cla_csp.c:432]
[Sun Aug  2 18:51:01 2026] [INFO] CSP: RX COMPLETE - Got 191 bytes from csp:2:43 (all fragments ACK'd) [components/cla/posix/cla_csp.c:432]
[Sun Aug  2 18:51:01 2026] [INFO] CSP: RX COMPLETE - Got 191 bytes from csp:2:43 (all fragments ACK'd) [components/cla/posix/cla_csp.c:432]
[Sun Aug  2 18:51:01 2026] [INFO] CSP: RX loop iteration 20, last_err=0 [components/cla/posix/cla_csp.c:405]
[Sun Aug  2 18:51:01 2026] [INFO] CSP: RX COMPLETE - Got 191 bytes from csp:2:43 (all fragments ACK'd) [components/cla/posix/cla_csp.c:432]
[Sun Aug  2 18:51:02 2026] [INFO] CSP: RX COMPLETE - Got 191 bytes from csp:2:43 (all fragments ACK'd) [components/cla/posix/cla_csp.c:432]
[Sun Aug  2 18:51:02 2026] [INFO] CSP: RX COMPLETE - Got 191 bytes from csp:2:43 (all fragments ACK'd) [components/cla/posix/cla_csp.c:432]
[Sun Aug  2 18:51:02 2026] [INFO] CSP: RX COMPLETE - Got 191 bytes from csp:2:43 (all fragments ACK'd) [components/cla/posix/cla_csp.c:432]
[Sun Aug  2 18:51:02 2026] [INFO] CSP: RX COMPLETE - Got 191 bytes from csp:2:43 (all fragments ACK'd) [components/cla/posix/cla_csp.c:432]
[Sun Aug  2 18:51:02 2026] [INFO] CSP: RX COMPLETE - Got 191 bytes from csp:2:43 (all fragments ACK'd) [components/cla/posix/cla_csp.c:432]
[Sun Aug  2 18:51:02 2026] [INFO] CSP: RX COMPLETE - Got 191 bytes from csp:2:43 (all fragments ACK'd) [components/cla/posix/cla_csp.c:432]
[Sun Aug  2 18:51:02 2026] [INFO] CSP: RX COMPLETE - Got 191 bytes from csp:2:43 (all fragments ACK'd) [components/cla/posix/cla_csp.c:432]
[Sun Aug  2 18:51:03 2026] [INFO] CSP: RX COMPLETE - Got 191 bytes from csp:2:43 (all fragments ACK'd) [components/cla/posix/cla_csp.c:432]
[Sun Aug  2 18:51:03 2026] [INFO] CSP: RX COMPLETE - Got 191 bytes from csp:2:43 (all fragments ACK'd) [components/cla/posix/cla_csp.c:432]
[Sun Aug  2 18:51:03 2026] [INFO] CSP: RX loop iteration 30, last_err=0 [components/cla/posix/cla_csp.c:405]
[Sun Aug  2 18:51:03 2026] [INFO] CSP: RX COMPLETE - Got 191 bytes from csp:2:43 (all fragments ACK'd) [components/cla/posix/cla_csp.c:432]
[Sun Aug  2 18:51:03 2026] [INFO] CSP: RX COMPLETE - Got 191 bytes from csp:2:43 (all fragments ACK'd) [components/cla/posix/cla_csp.c:432]
[Sun Aug  2 18:51:03 2026] [INFO] CSP: RX COMPLETE - Got 191 bytes from csp:2:43 (all fragments ACK'd) [components/cla/posix/cla_csp.c:432]
[Sun Aug  2 18:51:03 2026] [INFO] CSP: RX COMPLETE - Got 191 bytes from csp:2:43 (all fragments ACK'd) [components/cla/posix/cla_csp.c:432]
[Sun Aug  2 18:51:03 2026] [INFO] CSP: RX COMPLETE - Got 191 bytes from csp:2:43 (all fragments ACK'd) [components/cla/posix/cla_csp.c:432]
[Sun Aug  2 18:51:03 2026] [INFO] CSP: RX COMPLETE - Got 191 bytes from csp:2:43 (all fragments ACK'd) [components/cla/posix/cla_csp.c:432]
[Sun Aug  2 18:51:04 2026] [INFO] CSP: RX COMPLETE - Got 191 bytes from csp:2:43 (all fragments ACK'd) [components/cla/posix/cla_csp.c:432]
[Sun Aug  2 18:51:04 2026] [INFO] CSP: RX COMPLETE - Got 191 bytes from csp:2:43 (all fragments ACK'd) [components/cla/posix/cla_csp.c:432]
[Sun Aug  2 18:51:04 2026] [INFO] CSP: RX COMPLETE - Got 191 bytes from csp:2:43 (all fragments ACK'd) [components/cla/posix/cla_csp.c:432]
[Sun Aug  2 18:51:04 2026] [INFO] CSP: RX COMPLETE - Got 191 bytes from csp:2:43 (all fragments ACK'd) [components/cla/posix/cla_csp.c:432]
[Sun Aug  2 18:51:04 2026] [INFO] CSP: RX loop iteration 40, last_err=0 [components/cla/posix/cla_csp.c:405]
[Sun Aug  2 18:51:04 2026] [INFO] CSP: RX COMPLETE - Got 191 bytes from csp:2:43 (all fragments ACK'd) [components/cla/posix/cla_csp.c:432]
[Sun Aug  2 18:51:04 2026] [INFO] CSP: RX COMPLETE - Got 191 bytes from csp:2:43 (all fragments ACK'd) [components/cla/posix/cla_csp.c:432]
[Sun Aug  2 18:51:05 2026] [INFO] CSP: RX COMPLETE - Got 191 bytes from csp:2:43 (all fragments ACK'd) [components/cla/posix/cla_csp.c:432]
[Sun Aug  2 18:51:05 2026] [INFO] CSP: RX COMPLETE - Got 191 bytes from csp:2:43 (all fragments ACK'd) [components/cla/posix/cla_csp.c:432]
[Sun Aug  2 18:51:05 2026] [INFO] CSP: RX COMPLETE - Got 191 bytes from csp:2:43 (all fragments ACK'd) [components/cla/posix/cla_csp.c:432]
[Sun Aug  2 18:51:05 2026] [INFO] CSP: RX COMPLETE - Got 191 bytes from csp:2:43 (all fragments ACK'd) [components/cla/posix/cla_csp.c:432]
[Sun Aug  2 18:51:05 2026] [INFO] CSP: RX COMPLETE - Got 191 bytes from csp:2:43 (all fragments ACK'd) [components/cla/posix/cla_csp.c:432]
[Sun Aug  2 18:51:05 2026] [INFO] CSP: RX COMPLETE - Got 191 bytes from csp:2:43 (all fragments ACK'd) [components/cla/posix/cla_csp.c:432]
[Sun Aug  2 18:51:05 2026] [INFO] CSP: RX COMPLETE - Got 191 bytes from csp:2:43 (all fragments ACK'd) [components/cla/posix/cla_csp.c:432]
[Sun Aug  2 18:51:05 2026] [INFO] CSP: RX COMPLETE - Got 191 bytes from csp:2:43 (all fragments ACK'd) [components/cla/posix/cla_csp.c:432]
[Sun Aug  2 18:51:06 2026] [INFO] CSP: RX loop iteration 50, last_err=0 [components/cla/posix/cla_csp.c:405]
[Sun Aug  2 18:51:06 2026] [INFO] CSP: RX COMPLETE - Got 191 bytes from csp:2:43 (all fragments ACK'd) [components/cla/posix/cla_csp.c:432]
[Sun Aug  2 18:51:06 2026] [INFO] CSP: RX COMPLETE - Got 191 bytes from csp:2:43 (all fragments ACK'd) [components/cla/posix/cla_csp.c:432]
[Sun Aug  2 18:51:06 2026] [INFO] CSP: RX COMPLETE - Got 191 bytes from csp:2:43 (all fragments ACK'd) [components/cla/posix/cla_csp.c:432]
[Sun Aug  2 18:51:06 2026] [INFO] CSP: RX COMPLETE - Got 191 bytes from csp:2:43 (all fragments ACK'd) [components/cla/posix/cla_csp.c:432]
[Sun Aug  2 18:51:06 2026] [INFO] CSP: RX COMPLETE - Got 191 bytes from csp:2:43 (all fragments ACK'd) [components/cla/posix/cla_csp.c:432]
[Sun Aug  2 18:51:07 2026] [INFO] CSP: RX COMPLETE - Got 191 bytes from csp:2:43 (all fragments ACK'd) [components/cla/posix/cla_csp.c:432]
[Sun Aug  2 18:51:07 2026] [INFO] CSP: RX COMPLETE - Got 191 bytes from csp:2:43 (all fragments ACK'd) [components/cla/posix/cla_csp.c:432]
[Sun Aug  2 18:51:07 2026] [INFO] CSP: RX COMPLETE - Got 191 bytes from csp:2:43 (all fragments ACK'd) [components/cla/posix/cla_csp.c:432]
[Sun Aug  2 18:51:07 2026] [INFO] CSP: RX COMPLETE - Got 191 bytes from csp:2:43 (all fragments ACK'd) [components/cla/posix/cla_csp.c:432]
[Sun Aug  2 18:51:07 2026] [INFO] CSP: RX COMPLETE - Got 191 bytes from csp:2:43 (all fragments ACK'd) [components/cla/posix/cla_csp.c:432]
[Sun Aug  2 18:51:07 2026] [INFO] CSP: RX loop iteration 60, last_err=0 [components/cla/posix/cla_csp.c:405]
[Sun Aug  2 18:51:07 2026] [INFO] CSP: RX COMPLETE - Got 191 bytes from csp:2:43 (all fragments ACK'd) [components/cla/posix/cla_csp.c:432]
[Sun Aug  2 18:51:07 2026] [INFO] CSP: RX COMPLETE - Got 191 bytes from csp:2:43 (all fragments ACK'd) [components/cla/posix/cla_csp.c:432]
[Sun Aug  2 18:51:08 2026] [INFO] CSP: RX COMPLETE - Got 191 bytes from csp:2:43 (all fragments ACK'd) [components/cla/posix/cla_csp.c:432]
[Sun Aug  2 18:51:08 2026] [INFO] CSP: RX COMPLETE - Got 191 bytes from csp:2:43 (all fragments ACK'd) [components/cla/posix/cla_csp.c:432]
[Sun Aug  2 18:51:08 2026] [INFO] CSP: RX COMPLETE - Got 191 bytes from csp:2:43 (all fragments ACK'd) [components/cla/posix/cla_csp.c:432]
[Sun Aug  2 18:51:08 2026] [INFO] CSP: RX COMPLETE - Got 191 bytes from csp:2:43 (all fragments ACK'd) [components/cla/posix/cla_csp.c:432]
[Sun Aug  2 18:51:08 2026] [INFO] CSP: RX COMPLETE - Got 191 bytes from csp:2:43 (all fragments ACK'd) [components/cla/posix/cla_csp.c:432]
[Sun Aug  2 18:51:08 2026] [INFO] CSP: RX COMPLETE - Got 191 bytes from csp:2:43 (all fragments ACK'd) [components/cla/posix/cla_csp.c:432]
[Sun Aug  2 18:51:08 2026] [INFO] CSP: RX COMPLETE - Got 191 bytes from csp:2:43 (all fragments ACK'd) [components/cla/posix/cla_csp.c:432]
[Sun Aug  2 18:51:09 2026] [INFO] CSP: RX COMPLETE - Got 191 bytes from csp:2:43 (all fragments ACK'd) [components/cla/posix/cla_csp.c:432]
[Sun Aug  2 18:51:09 2026] [INFO] CSP: RX loop iteration 70, last_err=0 [components/cla/posix/cla_csp.c:405]
[Sun Aug  2 18:51:09 2026] [INFO] CSP: RX COMPLETE - Got 191 bytes from csp:2:43 (all fragments ACK'd) [components/cla/posix/cla_csp.c:432]
[Sun Aug  2 18:51:09 2026] [INFO] CSP: RX COMPLETE - Got 191 bytes from csp:2:43 (all fragments ACK'd) [components/cla/posix/cla_csp.c:432]
[Sun Aug  2 18:51:09 2026] [INFO] CSP: RX COMPLETE - Got 191 bytes from csp:2:43 (all fragments ACK'd) [components/cla/posix/cla_csp.c:432]
[Sun Aug  2 18:51:09 2026] [INFO] CSP: RX COMPLETE - Got 191 bytes from csp:2:43 (all fragments ACK'd) [components/cla/posix/cla_csp.c:432]
[Sun Aug  2 18:51:10 2026] [INFO] CSP: RX COMPLETE - Got 191 bytes from csp:2:43 (all fragments ACK'd) [components/cla/posix/cla_csp.c:432]
[Sun Aug  2 18:51:10 2026] [INFO] CSP: RX COMPLETE - Got 191 bytes from csp:2:43 (all fragments ACK'd) [components/cla/posix/cla_csp.c:432]
[Sun Aug  2 18:51:10 2026] [INFO] CSP: RX COMPLETE - Got 191 bytes from csp:2:43 (all fragments ACK'd) [components/cla/posix/cla_csp.c:432]
[Sun Aug  2 18:51:10 2026] [INFO] CSP: RX COMPLETE - Got 191 bytes from csp:2:43 (all fragments ACK'd) [components/cla/posix/cla_csp.c:432]
[Sun Aug  2 18:51:10 2026] [INFO] CSP: RX COMPLETE - Got 191 bytes from csp:2:43 (all fragments ACK'd) [components/cla/posix/cla_csp.c:432]
[Sun Aug  2 18:51:10 2026] [INFO] CSP: RX COMPLETE - Got 191 bytes from csp:2:43 (all fragments ACK'd) [components/cla/posix/cla_csp.c:432]
[Sun Aug  2 18:51:10 2026] [INFO] CSP: RX loop iteration 80, last_err=0 [components/cla/posix/cla_csp.c:405]
[Sun Aug  2 18:51:10 2026] [INFO] CSP: RX COMPLETE - Got 191 bytes from csp:2:43 (all fragments ACK'd) [components/cla/posix/cla_csp.c:432]
[Sun Aug  2 18:51:10 2026] [INFO] CSP: RX COMPLETE - Got 191 bytes from csp:2:43 (all fragments ACK'd) [components/cla/posix/cla_csp.c:432]
[Sun Aug  2 18:51:11 2026] [INFO] CSP: RX COMPLETE - Got 191 bytes from csp:2:43 (all fragments ACK'd) [components/cla/posix/cla_csp.c:432]
[Sun Aug  2 18:51:11 2026] [INFO] CSP: RX COMPLETE - Got 191 bytes from csp:2:43 (all fragments ACK'd) [components/cla/posix/cla_csp.c:432]
[Sun Aug  2 18:51:11 2026] [INFO] CSP: RX COMPLETE - Got 191 bytes from csp:2:43 (all fragments ACK'd) [components/cla/posix/cla_csp.c:432]
[Sun Aug  2 18:51:11 2026] [INFO] CSP: RX COMPLETE - Got 191 bytes from csp:2:43 (all fragments ACK'd) [components/cla/posix/cla_csp.c:432]
[Sun Aug  2 18:51:11 2026] [INFO] CSP: RX COMPLETE - Got 191 bytes from csp:2:43 (all fragments ACK'd) [components/cla/posix/cla_csp.c:432]
[Sun Aug  2 18:51:11 2026] [INFO] CSP: RX COMPLETE - Got 191 bytes from csp:2:43 (all fragments ACK'd) [components/cla/posix/cla_csp.c:432]
[Sun Aug  2 18:51:11 2026] [INFO] CSP: RX COMPLETE - Got 191 bytes from csp:2:43 (all fragments ACK'd) [components/cla/posix/cla_csp.c:432]
[Sun Aug  2 18:51:12 2026] [INFO] CSP: RX COMPLETE - Got 191 bytes from csp:2:43 (all fragments ACK'd) [components/cla/posix/cla_csp.c:432]
[Sun Aug  2 18:51:12 2026] [INFO] CSP: RX loop iteration 90, last_err=0 [components/cla/posix/cla_csp.c:405]
[Sun Aug  2 18:51:12 2026] [INFO] CSP: RX COMPLETE - Got 191 bytes from csp:2:43 (all fragments ACK'd) [components/cla/posix/cla_csp.c:432]
[Sun Aug  2 18:51:12 2026] [INFO] CSP: RX COMPLETE - Got 191 bytes from csp:2:43 (all fragments ACK'd) [components/cla/posix/cla_csp.c:432]
[Sun Aug  2 18:51:12 2026] [INFO] CSP: RX COMPLETE - Got 191 bytes from csp:2:43 (all fragments ACK'd) [components/cla/posix/cla_csp.c:432]
[Sun Aug  2 18:51:12 2026] [INFO] CSP: RX COMPLETE - Got 191 bytes from csp:2:43 (all fragments ACK'd) [components/cla/posix/cla_csp.c:432]
[Sun Aug  2 18:51:12 2026] [INFO] CSP: RX COMPLETE - Got 191 bytes from csp:2:43 (all fragments ACK'd) [components/cla/posix/cla_csp.c:432]
[Sun Aug  2 18:51:13 2026] [INFO] CSP: RX COMPLETE - Got 191 bytes from csp:2:43 (all fragments ACK'd) [components/cla/posix/cla_csp.c:432]
[Sun Aug  2 18:51:13 2026] [INFO] CSP: RX COMPLETE - Got 191 bytes from csp:2:43 (all fragments ACK'd) [components/cla/posix/cla_csp.c:432]
[Sun Aug  2 18:51:13 2026] [INFO] CSP: RX COMPLETE - Got 191 bytes from csp:2:43 (all fragments ACK'd) [components/cla/posix/cla_csp.c:432]
[Sun Aug  2 18:51:13 2026] [INFO] CSP: RX COMPLETE - Got 191 bytes from csp:2:43 (all fragments ACK'd) [components/cla/posix/cla_csp.c:432]
[Sun Aug  2 18:51:13 2026] [INFO] CSP: RX COMPLETE - Got 191 bytes from csp:2:43 (all fragments ACK'd) [components/cla/posix/cla_csp.c:432]
[Sun Aug  2 18:51:13 2026] [INFO] CSP: RX loop iteration 100, last_err=0 [components/cla/posix/cla_csp.c:405]
[Sun Aug  2 18:51:13 2026] [INFO] CSP: RX COMPLETE - Got 191 bytes from csp:2:43 (all fragments ACK'd) [components/cla/posix/cla_csp.c:432]
[Sun Aug  2 18:51:13 2026] [INFO] CSP: RX COMPLETE - Got 191 bytes from csp:2:43 (all fragments ACK'd) [components/cla/posix/cla_csp.c:432]
[Sun Aug  2 18:51:14 2026] [INFO] CSP: RX COMPLETE - Got 191 bytes from csp:2:43 (all fragments ACK'd) [components/cla/posix/cla_csp.c:432]
[Sun Aug  2 18:51:14 2026] [INFO] CSP: RX COMPLETE - Got 191 bytes from csp:2:43 (all fragments ACK'd) [components/cla/posix/cla_csp.c:432]
[Sun Aug  2 18:51:14 2026] [INFO] CSP: RX COMPLETE - Got 191 bytes from csp:2:43 (all fragments ACK'd) [components/cla/posix/cla_csp.c:432]
[Sun Aug  2 18:51:14 2026] [INFO] CSP: RX COMPLETE - Got 191 bytes from csp:2:43 (all fragments ACK'd) [components/cla/posix/cla_csp.c:432]
[Sun Aug  2 18:51:14 2026] [INFO] CSP: RX COMPLETE - Got 191 bytes from csp:2:43 (all fragments ACK'd) [components/cla/posix/cla_csp.c:432]
[Sun Aug  2 18:51:15 2026] [INFO] CSP: RX COMPLETE - Got 191 bytes from csp:2:43 (all fragments ACK'd) [components/cla/posix/cla_csp.c:432]
[Sun Aug  2 18:51:15 2026] [INFO] CSP: RX COMPLETE - Got 191 bytes from csp:2:43 (all fragments ACK'd) [components/cla/posix/cla_csp.c:432]
[Sun Aug  2 18:51:15 2026] [INFO] CSP: RX COMPLETE - Got 191 bytes from csp:2:43 (all fragments ACK'd) [components/cla/posix/cla_csp.c:432]
[Sun Aug  2 18:51:15 2026] [INFO] CSP: RX loop iteration 110, last_err=0 [components/cla/posix/cla_csp.c:405]
[Sun Aug  2 18:51:15 2026] [INFO] CSP: RX COMPLETE - Got 191 bytes from csp:2:43 (all fragments ACK'd) [components/cla/posix/cla_csp.c:432]
[Sun Aug  2 18:51:15 2026] [INFO] CSP: RX COMPLETE - Got 191 bytes from csp:2:43 (all fragments ACK'd) [components/cla/posix/cla_csp.c:432]
[Sun Aug  2 18:51:15 2026] [INFO] CSP: RX COMPLETE - Got 191 bytes from csp:2:43 (all fragments ACK'd) [components/cla/posix/cla_csp.c:432]
[Sun Aug  2 18:51:16 2026] [INFO] CSP: RX COMPLETE - Got 191 bytes from csp:2:43 (all fragments ACK'd) [components/cla/posix/cla_csp.c:432]
[Sun Aug  2 18:51:16 2026] [INFO] CSP: RX COMPLETE - Got 191 bytes from csp:2:43 (all fragments ACK'd) [components/cla/posix/cla_csp.c:432]
[Sun Aug  2 18:51:16 2026] [INFO] CSP: RX COMPLETE - Got 191 bytes from csp:2:43 (all fragments ACK'd) [components/cla/posix/cla_csp.c:432]
[Sun Aug  2 18:51:16 2026] [INFO] CSP: RX COMPLETE - Got 191 bytes from csp:2:43 (all fragments ACK'd) [components/cla/posix/cla_csp.c:432]
[Sun Aug  2 18:51:16 2026] [INFO] CSP: RX COMPLETE - Got 191 bytes from csp:2:43 (all fragments ACK'd) [components/cla/posix/cla_csp.c:432]
[Sun Aug  2 18:51:16 2026] [INFO] CSP: RX COMPLETE - Got 191 bytes from csp:2:43 (all fragments ACK'd) [components/cla/posix/cla_csp.c:432]
[Sun Aug  2 18:51:16 2026] [INFO] CSP: RX COMPLETE - Got 191 bytes from csp:2:43 (all fragments ACK'd) [components/cla/posix/cla_csp.c:432]
[Sun Aug  2 18:51:16 2026] [INFO] CSP: RX loop iteration 120, last_err=0 [components/cla/posix/cla_csp.c:405]
[Sun Aug  2 18:51:16 2026] [INFO] CSP: RX COMPLETE - Got 191 bytes from csp:2:43 (all fragments ACK'd) [components/cla/posix/cla_csp.c:432]
[Sun Aug  2 18:51:17 2026] [INFO] CSP: RX COMPLETE - Got 191 bytes from csp:2:43 (all fragments ACK'd) [components/cla/posix/cla_csp.c:432]
[Sun Aug  2 18:51:17 2026] [INFO] CSP: RX COMPLETE - Got 191 bytes from csp:2:43 (all fragments ACK'd) [components/cla/posix/cla_csp.c:432]
[Sun Aug  2 18:51:17 2026] [INFO] CSP: RX COMPLETE - Got 191 bytes from csp:2:43 (all fragments ACK'd) [components/cla/posix/cla_csp.c:432]
[Sun Aug  2 18:51:17 2026] [INFO] CSP: RX COMPLETE - Got 191 bytes from csp:2:43 (all fragments ACK'd) [components/cla/posix/cla_csp.c:432]
[Sun Aug  2 18:51:17 2026] [INFO] CSP: RX COMPLETE - Got 191 bytes from csp:2:43 (all fragments ACK'd) [components/cla/posix/cla_csp.c:432]
[Sun Aug  2 18:51:17 2026] [INFO] CSP: RX COMPLETE - Got 191 bytes from csp:2:43 (all fragments ACK'd) [components/cla/posix/cla_csp.c:432]
[Sun Aug  2 18:51:17 2026] [INFO] CSP: RX COMPLETE - Got 191 bytes from csp:2:43 (all fragments ACK'd) [components/cla/posix/cla_csp.c:432]
[Sun Aug  2 18:51:18 2026] [INFO] CSP: RX COMPLETE - Got 191 bytes from csp:2:43 (all fragments ACK'd) [components/cla/posix/cla_csp.c:432]
[Sun Aug  2 18:51:18 2026] [INFO] CSP: RX COMPLETE - Got 191 bytes from csp:2:43 (all fragments ACK'd) [components/cla/posix/cla_csp.c:432]
[Sun Aug  2 18:51:18 2026] [INFO] CSP: RX loop iteration 130, last_err=0 [components/cla/posix/cla_csp.c:405]
[Sun Aug  2 18:51:18 2026] [INFO] CSP: RX COMPLETE - Got 191 bytes from csp:2:43 (all fragments ACK'd) [components/cla/posix/cla_csp.c:432]
[Sun Aug  2 18:51:18 2026] [INFO] CSP: RX COMPLETE - Got 191 bytes from csp:2:43 (all fragments ACK'd) [components/cla/posix/cla_csp.c:432]
[Sun Aug  2 18:51:18 2026] [INFO] CSP: RX COMPLETE - Got 191 bytes from csp:2:43 (all fragments ACK'd) [components/cla/posix/cla_csp.c:432]
[Sun Aug  2 18:51:19 2026] [INFO] CSP: RX COMPLETE - Got 191 bytes from csp:2:43 (all fragments ACK'd) [components/cla/posix/cla_csp.c:432]
[Sun Aug  2 18:51:19 2026] [INFO] CSP: RX COMPLETE - Got 191 bytes from csp:2:43 (all fragments ACK'd) [components/cla/posix/cla_csp.c:432]
[Sun Aug  2 18:51:19 2026] [INFO] CSP: RX COMPLETE - Got 191 bytes from csp:2:43 (all fragments ACK'd) [components/cla/posix/cla_csp.c:432]
[Sun Aug  2 18:51:19 2026] [INFO] CSP: RX COMPLETE - Got 191 bytes from csp:2:43 (all fragments ACK'd) [components/cla/posix/cla_csp.c:432]
[Sun Aug  2 18:51:19 2026] [INFO] CSP: RX COMPLETE - Got 191 bytes from csp:2:43 (all fragments ACK'd) [components/cla/posix/cla_csp.c:432]
[Sun Aug  2 18:51:19 2026] [INFO] CSP: RX COMPLETE - Got 191 bytes from csp:2:43 (all fragments ACK'd) [components/cla/posix/cla_csp.c:432]
[Sun Aug  2 18:51:20 2026] [INFO] CSP: RX COMPLETE - Got 191 bytes from csp:2:43 (all fragments ACK'd) [components/cla/posix/cla_csp.c:432]
[Sun Aug  2 18:51:20 2026] [INFO] CSP: RX loop iteration 140, last_err=0 [components/cla/posix/cla_csp.c:405]
[Sun Aug  2 18:51:20 2026] [INFO] CSP: RX COMPLETE - Got 191 bytes from csp:2:43 (all fragments ACK'd) [components/cla/posix/cla_csp.c:432]
[Sun Aug  2 18:51:20 2026] [INFO] CSP: RX COMPLETE - Got 191 bytes from csp:2:43 (all fragments ACK'd) [components/cla/posix/cla_csp.c:432]
[Sun Aug  2 18:51:20 2026] [INFO] CSP: RX COMPLETE - Got 191 bytes from csp:2:43 (all fragments ACK'd) [components/cla/posix/cla_csp.c:432]
[Sun Aug  2 18:51:20 2026] [INFO] CSP: RX COMPLETE - Got 191 bytes from csp:2:43 (all fragments ACK'd) [components/cla/posix/cla_csp.c:432]
[Sun Aug  2 18:51:20 2026] [INFO] CSP: RX COMPLETE - Got 191 bytes from csp:2:43 (all fragments ACK'd) [components/cla/posix/cla_csp.c:432]
[Sun Aug  2 18:51:20 2026] [INFO] CSP: RX COMPLETE - Got 191 bytes from csp:2:43 (all fragments ACK'd) [components/cla/posix/cla_csp.c:432]
[Sun Aug  2 18:51:21 2026] [INFO] CSP: RX COMPLETE - Got 191 bytes from csp:2:43 (all fragments ACK'd) [components/cla/posix/cla_csp.c:432]
[Sun Aug  2 18:51:21 2026] [INFO] CSP: RX COMPLETE - Got 191 bytes from csp:2:43 (all fragments ACK'd) [components/cla/posix/cla_csp.c:432]
[Sun Aug  2 18:51:21 2026] [INFO] CSP: RX COMPLETE - Got 191 bytes from csp:2:43 (all fragments ACK'd) [components/cla/posix/cla_csp.c:432]
[Sun Aug  2 18:51:21 2026] [INFO] CSP: RX COMPLETE - Got 191 bytes from csp:2:43 (all fragments ACK'd) [components/cla/posix/cla_csp.c:432]
[Sun Aug  2 18:51:21 2026] [INFO] CSP: RX loop iteration 150, last_err=0 [components/cla/posix/cla_csp.c:405]
[Sun Aug  2 18:51:21 2026] [INFO] CSP: RX COMPLETE - Got 191 bytes from csp:2:43 (all fragments ACK'd) [components/cla/posix/cla_csp.c:432]
[Sun Aug  2 18:51:21 2026] [INFO] CSP: RX COMPLETE - Got 191 bytes from csp:2:43 (all fragments ACK'd) [components/cla/posix/cla_csp.c:432]
[Sun Aug  2 18:51:21 2026] [INFO] CSP: RX COMPLETE - Got 191 bytes from csp:2:43 (all fragments ACK'd) [components/cla/posix/cla_csp.c:432]
[Sun Aug  2 18:51:22 2026] [INFO] CSP: RX COMPLETE - Got 191 bytes from csp:2:43 (all fragments ACK'd) [components/cla/posix/cla_csp.c:432]
[Sun Aug  2 18:51:22 2026] [INFO] CSP: RX COMPLETE - Got 191 bytes from csp:2:43 (all fragments ACK'd) [components/cla/posix/cla_csp.c:432]
[Sun Aug  2 18:51:22 2026] [INFO] CSP: RX COMPLETE - Got 191 bytes from csp:2:43 (all fragments ACK'd) [components/cla/posix/cla_csp.c:432]
[Sun Aug  2 18:51:22 2026] [INFO] CSP: RX COMPLETE - Got 191 bytes from csp:2:43 (all fragments ACK'd) [components/cla/posix/cla_csp.c:432]
[Sun Aug  2 18:51:22 2026] [INFO] CSP: RX COMPLETE - Got 191 bytes from csp:2:43 (all fragments ACK'd) [components/cla/posix/cla_csp.c:432]
[Sun Aug  2 18:51:22 2026] [INFO] CSP: RX COMPLETE - Got 191 bytes from csp:2:43 (all fragments ACK'd) [components/cla/posix/cla_csp.c:432]
[Sun Aug  2 18:51:22 2026] [INFO] CSP: RX COMPLETE - Got 191 bytes from csp:2:43 (all fragments ACK'd) [components/cla/posix/cla_csp.c:432]
[Sun Aug  2 18:51:23 2026] [INFO] CSP: RX loop iteration 160, last_err=0 [components/cla/posix/cla_csp.c:405]
[Sun Aug  2 18:51:23 2026] [INFO] CSP: RX COMPLETE - Got 191 bytes from csp:2:43 (all fragments ACK'd) [components/cla/posix/cla_csp.c:432]
[Sun Aug  2 18:51:23 2026] [INFO] CSP: RX COMPLETE - Got 191 bytes from csp:2:43 (all fragments ACK'd) [components/cla/posix/cla_csp.c:432]
[Sun Aug  2 18:51:23 2026] [INFO] CSP: RX COMPLETE - Got 191 bytes from csp:2:43 (all fragments ACK'd) [components/cla/posix/cla_csp.c:432]
[Sun Aug  2 18:51:23 2026] [INFO] CSP: RX COMPLETE - Got 191 bytes from csp:2:43 (all fragments ACK'd) [components/cla/posix/cla_csp.c:432]
[Sun Aug  2 18:51:23 2026] [INFO] CSP: RX COMPLETE - Got 191 bytes from csp:2:43 (all fragments ACK'd) [components/cla/posix/cla_csp.c:432]
[Sun Aug  2 18:51:23 2026] [INFO] CSP: RX COMPLETE - Got 191 bytes from csp:2:43 (all fragments ACK'd) [components/cla/posix/cla_csp.c:432]
[Sun Aug  2 18:51:24 2026] [INFO] CSP: RX COMPLETE - Got 191 bytes from csp:2:43 (all fragments ACK'd) [components/cla/posix/cla_csp.c:432]
[Sun Aug  2 18:51:24 2026] [INFO] CSP: RX COMPLETE - Got 191 bytes from csp:2:43 (all fragments ACK'd) [components/cla/posix/cla_csp.c:432]
[Sun Aug  2 18:51:24 2026] [INFO] CSP: RX COMPLETE - Got 191 bytes from csp:2:43 (all fragments ACK'd) [components/cla/posix/cla_csp.c:432]
[Sun Aug  2 18:51:24 2026] [INFO] CSP: RX COMPLETE - Got 191 bytes from csp:2:43 (all fragments ACK'd) [components/cla/posix/cla_csp.c:432]
[Sun Aug  2 18:51:24 2026] [INFO] CSP: RX loop iteration 170, last_err=0 [components/cla/posix/cla_csp.c:405]
[Sun Aug  2 18:51:24 2026] [INFO] CSP: RX COMPLETE - Got 191 bytes from csp:2:43 (all fragments ACK'd) [components/cla/posix/cla_csp.c:432]
[Sun Aug  2 18:51:24 2026] [INFO] CSP: RX COMPLETE - Got 191 bytes from csp:2:43 (all fragments ACK'd) [components/cla/posix/cla_csp.c:432]
[Sun Aug  2 18:51:25 2026] [INFO] CSP: RX COMPLETE - Got 191 bytes from csp:2:43 (all fragments ACK'd) [components/cla/posix/cla_csp.c:432]
[Sun Aug  2 18:51:25 2026] [INFO] CSP: RX COMPLETE - Got 191 bytes from csp:2:43 (all fragments ACK'd) [components/cla/posix/cla_csp.c:432]
[Sun Aug  2 18:51:25 2026] [INFO] CSP: RX COMPLETE - Got 191 bytes from csp:2:43 (all fragments ACK'd) [components/cla/posix/cla_csp.c:432]
[Sun Aug  2 18:51:25 2026] [INFO] CSP: RX COMPLETE - Got 191 bytes from csp:2:43 (all fragments ACK'd) [components/cla/posix/cla_csp.c:432]
[Sun Aug  2 18:51:25 2026] [INFO] CSP: RX COMPLETE - Got 191 bytes from csp:2:43 (all fragments ACK'd) [components/cla/posix/cla_csp.c:432]
[Sun Aug  2 18:51:25 2026] [INFO] CSP: RX COMPLETE - Got 191 bytes from csp:2:43 (all fragments ACK'd) [components/cla/posix/cla_csp.c:432]
[Sun Aug  2 18:51:25 2026] [INFO] CSP: RX COMPLETE - Got 191 bytes from csp:2:43 (all fragments ACK'd) [components/cla/posix/cla_csp.c:432]
[Sun Aug  2 18:51:26 2026] [INFO] CSP: RX COMPLETE - Got 191 bytes from csp:2:43 (all fragments ACK'd) [components/cla/posix/cla_csp.c:432]
[Sun Aug  2 18:51:26 2026] [INFO] CSP: RX loop iteration 180, last_err=0 [components/cla/posix/cla_csp.c:405]
[Sun Aug  2 18:51:26 2026] [INFO] CSP: RX COMPLETE - Got 191 bytes from csp:2:43 (all fragments ACK'd) [components/cla/posix/cla_csp.c:432]
[Sun Aug  2 18:51:26 2026] [INFO] CSP: RX COMPLETE - Got 191 bytes from csp:2:43 (all fragments ACK'd) [components/cla/posix/cla_csp.c:432]
[Sun Aug  2 18:51:26 2026] [INFO] CSP: RX COMPLETE - Got 191 bytes from csp:2:43 (all fragments ACK'd) [components/cla/posix/cla_csp.c:432]
[Sun Aug  2 18:51:26 2026] [INFO] CSP: RX COMPLETE - Got 191 bytes from csp:2:43 (all fragments ACK'd) [components/cla/posix/cla_csp.c:432]
[Sun Aug  2 18:51:27 2026] [INFO] CSP: RX COMPLETE - Got 191 bytes from csp:2:43 (all fragments ACK'd) [components/cla/posix/cla_csp.c:432]
[Sun Aug  2 18:51:27 2026] [INFO] CSP: RX COMPLETE - Got 191 bytes from csp:2:43 (all fragments ACK'd) [components/cla/posix/cla_csp.c:432]
[Sun Aug  2 18:51:27 2026] [INFO] CSP: RX COMPLETE - Got 191 bytes from csp:2:43 (all fragments ACK'd) [components/cla/posix/cla_csp.c:432]
[Sun Aug  2 18:51:27 2026] [INFO] CSP: RX COMPLETE - Got 191 bytes from csp:2:43 (all fragments ACK'd) [components/cla/posix/cla_csp.c:432]
[Sun Aug  2 18:51:27 2026] [INFO] CSP: RX COMPLETE - Got 191 bytes from csp:2:43 (all fragments ACK'd) [components/cla/posix/cla_csp.c:432]
[Sun Aug  2 18:51:27 2026] [INFO] CSP: RX COMPLETE - Got 191 bytes from csp:2:43 (all fragments ACK'd) [components/cla/posix/cla_csp.c:432]
[Sun Aug  2 18:51:27 2026] [INFO] CSP: RX loop iteration 190, last_err=0 [components/cla/posix/cla_csp.c:405]
[Sun Aug  2 18:51:27 2026] [INFO] CSP: RX COMPLETE - Got 191 bytes from csp:2:43 (all fragments ACK'd) [components/cla/posix/cla_csp.c:432]
[Sun Aug  2 18:51:27 2026] [INFO] CSP: RX COMPLETE - Got 191 bytes from csp:2:43 (all fragments ACK'd) [components/cla/posix/cla_csp.c:432]
[Sun Aug  2 18:51:28 2026] [INFO] CSP: RX COMPLETE - Got 191 bytes from csp:2:43 (all fragments ACK'd) [components/cla/posix/cla_csp.c:432]
[Sun Aug  2 18:51:28 2026] [INFO] CSP: RX COMPLETE - Got 191 bytes from csp:2:43 (all fragments ACK'd) [components/cla/posix/cla_csp.c:432]
[Sun Aug  2 18:51:28 2026] [INFO] CSP: RX COMPLETE - Got 191 bytes from csp:2:43 (all fragments ACK'd) [components/cla/posix/cla_csp.c:432]
[Sun Aug  2 18:51:28 2026] [INFO] CSP: RX COMPLETE - Got 191 bytes from csp:2:43 (all fragments ACK'd) [components/cla/posix/cla_csp.c:432]
[Sun Aug  2 18:51:28 2026] [INFO] CSP: RX COMPLETE - Got 191 bytes from csp:2:43 (all fragments ACK'd) [components/cla/posix/cla_csp.c:432]
[Sun Aug  2 18:51:28 2026] [INFO] CSP: RX COMPLETE - Got 191 bytes from csp:2:43 (all fragments ACK'd) [components/cla/posix/cla_csp.c:432]
[Sun Aug  2 18:51:28 2026] [INFO] CSP: RX COMPLETE - Got 191 bytes from csp:2:43 (all fragments ACK'd) [components/cla/posix/cla_csp.c:432]
[Sun Aug  2 18:51:29 2026] [INFO] CSP: RX COMPLETE - Got 191 bytes from csp:2:43 (all fragments ACK'd) [components/cla/posix/cla_csp.c:432]
[Sun Aug  2 18:51:29 2026] [INFO] CSP: RX loop iteration 200, last_err=0 [components/cla/posix/cla_csp.c:405]
[Sun Aug  2 18:51:29 2026] [INFO] CSP: RX COMPLETE - Got 191 bytes from csp:2:43 (all fragments ACK'd) [components/cla/posix/cla_csp.c:432]
[Sun Aug  2 18:51:29 2026] [INFO] CSP: RX COMPLETE - Got 191 bytes from csp:2:43 (all fragments ACK'd) [components/cla/posix/cla_csp.c:432]
[Sun Aug  2 18:51:29 2026] [INFO] CSP: RX COMPLETE - Got 191 bytes from csp:2:43 (all fragments ACK'd) [components/cla/posix/cla_csp.c:432]
[Sun Aug  2 18:51:29 2026] [INFO] CSP: RX COMPLETE - Got 191 bytes from csp:2:43 (all fragments ACK'd) [components/cla/posix/cla_csp.c:432]
[Sun Aug  2 18:51:30 2026] [INFO] CSP: RX COMPLETE - Got 191 bytes from csp:2:43 (all fragments ACK'd) [components/cla/posix/cla_csp.c:432]
[Sun Aug  2 18:51:30 2026] [INFO] CSP: RX COMPLETE - Got 191 bytes from csp:2:43 (all fragments ACK'd) [components/cla/posix/cla_csp.c:432]
[Sun Aug  2 18:51:30 2026] [INFO] CSP: RX COMPLETE - Got 191 bytes from csp:2:43 (all fragments ACK'd) [components/cla/posix/cla_csp.c:432]
[Sun Aug  2 18:51:30 2026] [INFO] CSP: RX COMPLETE - Got 191 bytes from csp:2:43 (all fragments ACK'd) [components/cla/posix/cla_csp.c:432]
[Sun Aug  2 18:51:30 2026] [INFO] CSP: RX COMPLETE - Got 191 bytes from csp:2:43 (all fragments ACK'd) [components/cla/posix/cla_csp.c:432]
[Sun Aug  2 18:51:30 2026] [INFO] CSP: RX COMPLETE - Got 191 bytes from csp:2:43 (all fragments ACK'd) [components/cla/posix/cla_csp.c:432]
[Sun Aug  2 18:51:30 2026] [INFO] CSP: RX loop iteration 210, last_err=0 [components/cla/posix/cla_csp.c:405]
[Sun Aug  2 18:51:30 2026] [INFO] CSP: RX COMPLETE - Got 191 bytes from csp:2:43 (all fragments ACK'd) [components/cla/posix/cla_csp.c:432]
[Sun Aug  2 18:51:30 2026] [INFO] CSP: RX COMPLETE - Got 191 bytes from csp:2:43 (all fragments ACK'd) [components/cla/posix/cla_csp.c:432]
[Sun Aug  2 18:51:31 2026] [INFO] CSP: RX COMPLETE - Got 191 bytes from csp:2:43 (all fragments ACK'd) [components/cla/posix/cla_csp.c:432]
[Sun Aug  2 18:51:31 2026] [INFO] CSP: RX COMPLETE - Got 191 bytes from csp:2:43 (all fragments ACK'd) [components/cla/posix/cla_csp.c:432]
[Sun Aug  2 18:51:31 2026] [INFO] CSP: RX COMPLETE - Got 191 bytes from csp:2:43 (all fragments ACK'd) [components/cla/posix/cla_csp.c:432]
[Sun Aug  2 18:51:31 2026] [INFO] CSP: RX COMPLETE - Got 191 bytes from csp:2:43 (all fragments ACK'd) [components/cla/posix/cla_csp.c:432]
[Sun Aug  2 18:51:31 2026] [INFO] CSP: RX COMPLETE - Got 191 bytes from csp:2:43 (all fragments ACK'd) [components/cla/posix/cla_csp.c:432]
[Sun Aug  2 18:51:31 2026] [INFO] CSP: RX COMPLETE - Got 191 bytes from csp:2:43 (all fragments ACK'd) [components/cla/posix/cla_csp.c:432]
[Sun Aug  2 18:51:32 2026] [INFO] CSP: RX COMPLETE - Got 191 bytes from csp:2:43 (all fragments ACK'd) [components/cla/posix/cla_csp.c:432]
[Sun Aug  2 18:51:32 2026] [INFO] CSP: RX COMPLETE - Got 191 bytes from csp:2:43 (all fragments ACK'd) [components/cla/posix/cla_csp.c:432]
[Sun Aug  2 18:51:32 2026] [INFO] CSP: RX loop iteration 220, last_err=0 [components/cla/posix/cla_csp.c:405]
[Sun Aug  2 18:51:32 2026] [INFO] CSP: RX COMPLETE - Got 191 bytes from csp:2:43 (all fragments ACK'd) [components/cla/posix/cla_csp.c:432]
[Sun Aug  2 18:51:32 2026] [INFO] CSP: RX COMPLETE - Got 191 bytes from csp:2:43 (all fragments ACK'd) [components/cla/posix/cla_csp.c:432]
[Sun Aug  2 18:51:32 2026] [INFO] CSP: RX COMPLETE - Got 191 bytes from csp:2:43 (all fragments ACK'd) [components/cla/posix/cla_csp.c:432]
[Sun Aug  2 18:51:32 2026] [INFO] CSP: RX COMPLETE - Got 191 bytes from csp:2:43 (all fragments ACK'd) [components/cla/posix/cla_csp.c:432]
[Sun Aug  2 18:51:33 2026] [INFO] CSP: RX COMPLETE - Got 191 bytes from csp:2:43 (all fragments ACK'd) [components/cla/posix/cla_csp.c:432]
[Sun Aug  2 18:51:33 2026] [INFO] CSP: RX COMPLETE - Got 191 bytes from csp:2:43 (all fragments ACK'd) [components/cla/posix/cla_csp.c:432]
[Sun Aug  2 18:51:33 2026] [INFO] CSP: RX COMPLETE - Got 191 bytes from csp:2:43 (all fragments ACK'd) [components/cla/posix/cla_csp.c:432]
[Sun Aug  2 18:51:33 2026] [INFO] CSP: RX COMPLETE - Got 191 bytes from csp:2:43 (all fragments ACK'd) [components/cla/posix/cla_csp.c:432]
[Sun Aug  2 18:51:33 2026] [INFO] CSP: RX COMPLETE - Got 191 bytes from csp:2:43 (all fragments ACK'd) [components/cla/posix/cla_csp.c:432]
[Sun Aug  2 18:51:33 2026] [INFO] CSP: RX COMPLETE - Got 191 bytes from csp:2:43 (all fragments ACK'd) [components/cla/posix/cla_csp.c:432]
[Sun Aug  2 18:51:33 2026] [INFO] CSP: RX loop iteration 230, last_err=0 [components/cla/posix/cla_csp.c:405]
[Sun Aug  2 18:51:33 2026] [INFO] CSP: RX COMPLETE - Got 191 bytes from csp:2:43 (all fragments ACK'd) [components/cla/posix/cla_csp.c:432]
[Sun Aug  2 18:51:34 2026] [INFO] CSP: RX COMPLETE - Got 191 bytes from csp:2:43 (all fragments ACK'd) [components/cla/posix/cla_csp.c:432]
[Sun Aug  2 18:51:34 2026] [INFO] CSP: RX COMPLETE - Got 191 bytes from csp:2:43 (all fragments ACK'd) [components/cla/posix/cla_csp.c:432]
[Sun Aug  2 18:51:34 2026] [INFO] CSP: RX COMPLETE - Got 191 bytes from csp:2:43 (all fragments ACK'd) [components/cla/posix/cla_csp.c:432]
[Sun Aug  2 18:51:34 2026] [INFO] CSP: RX COMPLETE - Got 191 bytes from csp:2:43 (all fragments ACK'd) [components/cla/posix/cla_csp.c:432]
[Sun Aug  2 18:51:34 2026] [INFO] CSP: RX COMPLETE - Got 191 bytes from csp:2:43 (all fragments ACK'd) [components/cla/posix/cla_csp.c:432]
[Sun Aug  2 18:51:34 2026] [INFO] CSP: RX COMPLETE - Got 191 bytes from csp:2:43 (all fragments ACK'd) [components/cla/posix/cla_csp.c:432]
[Sun Aug  2 18:51:35 2026] [INFO] CSP: RX COMPLETE - Got 191 bytes from csp:2:43 (all fragments ACK'd) [components/cla/posix/cla_csp.c:432]
[Sun Aug  2 18:51:35 2026] [INFO] CSP: RX COMPLETE - Got 191 bytes from csp:2:43 (all fragments ACK'd) [components/cla/posix/cla_csp.c:432]
[Sun Aug  2 18:51:35 2026] [INFO] CSP: RX COMPLETE - Got 191 bytes from csp:2:43 (all fragments ACK'd) [components/cla/posix/cla_csp.c:432]
[Sun Aug  2 18:51:35 2026] [INFO] CSP: RX loop iteration 240, last_err=0 [components/cla/posix/cla_csp.c:405]
[Sun Aug  2 18:51:35 2026] [INFO] CSP: RX COMPLETE - Got 191 bytes from csp:2:43 (all fragments ACK'd) [components/cla/posix/cla_csp.c:432]
[Sun Aug  2 18:51:35 2026] [INFO] CSP: RX COMPLETE - Got 191 bytes from csp:2:43 (all fragments ACK'd) [components/cla/posix/cla_csp.c:432]
[Sun Aug  2 18:51:35 2026] [INFO] CSP: RX COMPLETE - Got 191 bytes from csp:2:43 (all fragments ACK'd) [components/cla/posix/cla_csp.c:432]
[Sun Aug  2 18:51:35 2026] [INFO] CSP: RX COMPLETE - Got 191 bytes from csp:2:43 (all fragments ACK'd) [components/cla/posix/cla_csp.c:432]
[Sun Aug  2 18:51:36 2026] [INFO] CSP: RX COMPLETE - Got 191 bytes from csp:2:43 (all fragments ACK'd) [components/cla/posix/cla_csp.c:432]
[Sun Aug  2 18:51:36 2026] [INFO] CSP: RX COMPLETE - Got 191 bytes from csp:2:43 (all fragments ACK'd) [components/cla/posix/cla_csp.c:432]
[Sun Aug  2 18:51:36 2026] [INFO] CSP: RX COMPLETE - Got 191 bytes from csp:2:43 (all fragments ACK'd) [components/cla/posix/cla_csp.c:432]
[Sun Aug  2 18:51:36 2026] [INFO] CSP: RX COMPLETE - Got 191 bytes from csp:2:43 (all fragments ACK'd) [components/cla/posix/cla_csp.c:432]
[Sun Aug  2 18:51:36 2026] [INFO] CSP: RX COMPLETE - Got 191 bytes from csp:2:43 (all fragments ACK'd) [components/cla/posix/cla_csp.c:432]
[Sun Aug  2 18:51:36 2026] [INFO] CSP: RX COMPLETE - Got 191 bytes from csp:2:43 (all fragments ACK'd) [components/cla/posix/cla_csp.c:432]
[Sun Aug  2 18:51:36 2026] [INFO] CSP: RX loop iteration 250, last_err=0 [components/cla/posix/cla_csp.c:405]
[Sun Aug  2 18:51:36 2026] [INFO] CSP: RX COMPLETE - Got 191 bytes from csp:2:43 (all fragments ACK'd) [components/cla/posix/cla_csp.c:432]
[Sun Aug  2 18:51:37 2026] [INFO] CSP: RX COMPLETE - Got 191 bytes from csp:2:43 (all fragments ACK'd) [components/cla/posix/cla_csp.c:432]
[Sun Aug  2 18:51:37 2026] [INFO] CSP: RX COMPLETE - Got 191 bytes from csp:2:43 (all fragments ACK'd) [components/cla/posix/cla_csp.c:432]
[Sun Aug  2 18:51:37 2026] [INFO] CSP: RX COMPLETE - Got 191 bytes from csp:2:43 (all fragments ACK'd) [components/cla/posix/cla_csp.c:432]
[Sun Aug  2 18:51:37 2026] [INFO] CSP: RX COMPLETE - Got 191 bytes from csp:2:43 (all fragments ACK'd) [components/cla/posix/cla_csp.c:432]
[Sun Aug  2 18:51:37 2026] [INFO] CSP: RX COMPLETE - Got 191 bytes from csp:2:43 (all fragments ACK'd) [components/cla/posix/cla_csp.c:432]
[Sun Aug  2 18:51:38 2026] [INFO] CSP: RX COMPLETE - Got 191 bytes from csp:2:43 (all fragments ACK'd) [components/cla/posix/cla_csp.c:432]
[Sun Aug  2 18:51:38 2026] [INFO] CSP: RX COMPLETE - Got 191 bytes from csp:2:43 (all fragments ACK'd) [components/cla/posix/cla_csp.c:432]
[Sun Aug  2 18:51:38 2026] [INFO] CSP: RX COMPLETE - Got 191 bytes from csp:2:43 (all fragments ACK'd) [components/cla/posix/cla_csp.c:432]
[Sun Aug  2 18:51:38 2026] [INFO] CSP: RX COMPLETE - Got 191 bytes from csp:2:43 (all fragments ACK'd) [components/cla/posix/cla_csp.c:432]
[Sun Aug  2 18:51:38 2026] [INFO] CSP: RX loop iteration 260, last_err=0 [components/cla/posix/cla_csp.c:405]
[Sun Aug  2 18:51:38 2026] [INFO] CSP: RX COMPLETE - Got 191 bytes from csp:2:43 (all fragments ACK'd) [components/cla/posix/cla_csp.c:432]
[Sun Aug  2 18:51:38 2026] [INFO] CSP: RX COMPLETE - Got 191 bytes from csp:2:43 (all fragments ACK'd) [components/cla/posix/cla_csp.c:432]
[Sun Aug  2 18:51:38 2026] [INFO] CSP: RX COMPLETE - Got 191 bytes from csp:2:43 (all fragments ACK'd) [components/cla/posix/cla_csp.c:432]
[Sun Aug  2 18:51:39 2026] [INFO] CSP: RX COMPLETE - Got 191 bytes from csp:2:43 (all fragments ACK'd) [components/cla/posix/cla_csp.c:432]
[Sun Aug  2 18:51:39 2026] [INFO] CSP: RX COMPLETE - Got 191 bytes from csp:2:43 (all fragments ACK'd) [components/cla/posix/cla_csp.c:432]
[Sun Aug  2 18:51:39 2026] [INFO] CSP: RX COMPLETE - Got 191 bytes from csp:2:43 (all fragments ACK'd) [components/cla/posix/cla_csp.c:432]
[Sun Aug  2 18:51:39 2026] [INFO] CSP: RX COMPLETE - Got 191 bytes from csp:2:43 (all fragments ACK'd) [components/cla/posix/cla_csp.c:432]
[Sun Aug  2 18:51:39 2026] [INFO] CSP: RX COMPLETE - Got 191 bytes from csp:2:43 (all fragments ACK'd) [components/cla/posix/cla_csp.c:432]
[Sun Aug  2 18:51:39 2026] [INFO] CSP: RX COMPLETE - Got 191 bytes from csp:2:43 (all fragments ACK'd) [components/cla/posix/cla_csp.c:432]
[Sun Aug  2 18:51:39 2026] [INFO] CSP: RX COMPLETE - Got 191 bytes from csp:2:43 (all fragments ACK'd) [components/cla/posix/cla_csp.c:432]
[Sun Aug  2 18:51:39 2026] [INFO] CSP: RX loop iteration 270, last_err=0 [components/cla/posix/cla_csp.c:405]
[Sun Aug  2 18:51:39 2026] [INFO] CSP: RX COMPLETE - Got 191 bytes from csp:2:43 (all fragments ACK'd) [components/cla/posix/cla_csp.c:432]
[Sun Aug  2 18:51:40 2026] [INFO] CSP: RX COMPLETE - Got 191 bytes from csp:2:43 (all fragments ACK'd) [components/cla/posix/cla_csp.c:432]
[Sun Aug  2 18:51:40 2026] [INFO] CSP: RX COMPLETE - Got 191 bytes from csp:2:43 (all fragments ACK'd) [components/cla/posix/cla_csp.c:432]
[Sun Aug  2 18:51:40 2026] [INFO] CSP: RX COMPLETE - Got 191 bytes from csp:2:43 (all fragments ACK'd) [components/cla/posix/cla_csp.c:432]
[Sun Aug  2 18:51:40 2026] [INFO] CSP: RX COMPLETE - Got 191 bytes from csp:2:43 (all fragments ACK'd) [components/cla/posix/cla_csp.c:432]
[Sun Aug  2 18:51:41 2026] [INFO] CSP: RX COMPLETE - Got 191 bytes from csp:2:43 (all fragments ACK'd) [components/cla/posix/cla_csp.c:432]
[Sun Aug  2 18:51:41 2026] [INFO] CSP: RX COMPLETE - Got 191 bytes from csp:2:43 (all fragments ACK'd) [components/cla/posix/cla_csp.c:432]
[Sun Aug  2 18:51:41 2026] [INFO] CSP: RX COMPLETE - Got 191 bytes from csp:2:43 (all fragments ACK'd) [components/cla/posix/cla_csp.c:432]
[Sun Aug  2 18:51:41 2026] [INFO] CSP: RX COMPLETE - Got 191 bytes from csp:2:43 (all fragments ACK'd) [components/cla/posix/cla_csp.c:432]
[Sun Aug  2 18:51:41 2026] [INFO] CSP: RX COMPLETE - Got 191 bytes from csp:2:43 (all fragments ACK'd) [components/cla/posix/cla_csp.c:432]
[Sun Aug  2 18:51:41 2026] [INFO] CSP: RX loop iteration 280, last_err=0 [components/cla/posix/cla_csp.c:405]
[Sun Aug  2 18:51:41 2026] [INFO] CSP: RX COMPLETE - Got 191 bytes from csp:2:43 (all fragments ACK'd) [components/cla/posix/cla_csp.c:432]
[Sun Aug  2 18:51:41 2026] [INFO] CSP: RX COMPLETE - Got 191 bytes from csp:2:43 (all fragments ACK'd) [components/cla/posix/cla_csp.c:432]
[Sun Aug  2 18:51:42 2026] [INFO] CSP: RX COMPLETE - Got 191 bytes from csp:2:43 (all fragments ACK'd) [components/cla/posix/cla_csp.c:432]
[Sun Aug  2 18:51:42 2026] [INFO] CSP: RX COMPLETE - Got 191 bytes from csp:2:43 (all fragments ACK'd) [components/cla/posix/cla_csp.c:432]
[Sun Aug  2 18:51:42 2026] [INFO] CSP: RX COMPLETE - Got 191 bytes from csp:2:43 (all fragments ACK'd) [components/cla/posix/cla_csp.c:432]
[Sun Aug  2 18:51:42 2026] [INFO] CSP: RX COMPLETE - Got 191 bytes from csp:2:43 (all fragments ACK'd) [components/cla/posix/cla_csp.c:432]
[Sun Aug  2 18:51:42 2026] [INFO] CSP: RX COMPLETE - Got 191 bytes from csp:2:43 (all fragments ACK'd) [components/cla/posix/cla_csp.c:432]
[Sun Aug  2 18:51:42 2026] [INFO] CSP: RX COMPLETE - Got 191 bytes from csp:2:43 (all fragments ACK'd) [components/cla/posix/cla_csp.c:432]
[Sun Aug  2 18:51:42 2026] [INFO] CSP: RX COMPLETE - Got 191 bytes from csp:2:43 (all fragments ACK'd) [components/cla/posix/cla_csp.c:432]
[Sun Aug  2 18:51:43 2026] [INFO] CSP: RX COMPLETE - Got 191 bytes from csp:2:43 (all fragments ACK'd) [components/cla/posix/cla_csp.c:432]
[Sun Aug  2 18:51:43 2026] [INFO] CSP: RX loop iteration 290, last_err=0 [components/cla/posix/cla_csp.c:405]
[Sun Aug  2 18:51:43 2026] [INFO] CSP: RX COMPLETE - Got 191 bytes from csp:2:43 (all fragments ACK'd) [components/cla/posix/cla_csp.c:432]
[Sun Aug  2 18:51:43 2026] [INFO] CSP: RX COMPLETE - Got 191 bytes from csp:2:43 (all fragments ACK'd) [components/cla/posix/cla_csp.c:432]
[Sun Aug  2 18:51:43 2026] [INFO] CSP: RX COMPLETE - Got 191 bytes from csp:2:43 (all fragments ACK'd) [components/cla/posix/cla_csp.c:432]
[Sun Aug  2 18:51:43 2026] [INFO] CSP: RX COMPLETE - Got 191 bytes from csp:2:43 (all fragments ACK'd) [components/cla/posix/cla_csp.c:432]
[Sun Aug  2 18:51:43 2026] [INFO] CSP: RX COMPLETE - Got 191 bytes from csp:2:43 (all fragments ACK'd) [components/cla/posix/cla_csp.c:432]
[Sun Aug  2 18:51:44 2026] [INFO] CSP: RX COMPLETE - Got 191 bytes from csp:2:43 (all fragments ACK'd) [components/cla/posix/cla_csp.c:432]
[Sun Aug  2 18:51:44 2026] [INFO] CSP: RX COMPLETE - Got 191 bytes from csp:2:43 (all fragments ACK'd) [components/cla/posix/cla_csp.c:432]
[Sun Aug  2 18:51:44 2026] [INFO] CSP: RX COMPLETE - Got 191 bytes from csp:2:43 (all fragments ACK'd) [components/cla/posix/cla_csp.c:432]
[Sun Aug  2 18:51:44 2026] [INFO] CSP: RX COMPLETE - Got 191 bytes from csp:2:43 (all fragments ACK'd) [components/cla/posix/cla_csp.c:432]
[Sun Aug  2 18:51:44 2026] [INFO] CSP: RX COMPLETE - Got 191 bytes from csp:2:43 (all fragments ACK'd) [components/cla/posix/cla_csp.c:432]
[Sun Aug  2 18:51:44 2026] [INFO] CSP: RX loop iteration 300, last_err=0 [components/cla/posix/cla_csp.c:405]
[Sun Aug  2 18:51:44 2026] [INFO] CSP: RX COMPLETE - Got 191 bytes from csp:2:43 (all fragments ACK'd) [components/cla/posix/cla_csp.c:432]
[Sun Aug  2 18:51:44 2026] [INFO] CSP: RX COMPLETE - Got 191 bytes from csp:2:43 (all fragments ACK'd) [components/cla/posix/cla_csp.c:432]
[Sun Aug  2 18:51:45 2026] [INFO] CSP: RX COMPLETE - Got 191 bytes from csp:2:43 (all fragments ACK'd) [components/cla/posix/cla_csp.c:432]
[Sun Aug  2 18:51:45 2026] [INFO] CSP: RX COMPLETE - Got 191 bytes from csp:2:43 (all fragments ACK'd) [components/cla/posix/cla_csp.c:432]
[Sun Aug  2 18:51:45 2026] [INFO] CSP: RX COMPLETE - Got 191 bytes from csp:2:43 (all fragments ACK'd) [components/cla/posix/cla_csp.c:432]
[Sun Aug  2 18:51:45 2026] [INFO] CSP: RX COMPLETE - Got 191 bytes from csp:2:43 (all fragments ACK'd) [components/cla/posix/cla_csp.c:432]
[Sun Aug  2 18:51:45 2026] [INFO] CSP: RX COMPLETE - Got 191 bytes from csp:2:43 (all fragments ACK'd) [components/cla/posix/cla_csp.c:432]
[Sun Aug  2 18:51:45 2026] [INFO] CSP: RX COMPLETE - Got 191 bytes from csp:2:43 (all fragments ACK'd) [components/cla/posix/cla_csp.c:432]
[Sun Aug  2 18:51:45 2026] [INFO] CSP: RX COMPLETE - Got 191 bytes from csp:2:43 (all fragments ACK'd) [components/cla/posix/cla_csp.c:432]
[Sun Aug  2 18:51:46 2026] [INFO] CSP: RX COMPLETE - Got 191 bytes from csp:2:43 (all fragments ACK'd) [components/cla/posix/cla_csp.c:432]
[Sun Aug  2 18:51:46 2026] [INFO] CSP: RX loop iteration 310, last_err=0 [components/cla/posix/cla_csp.c:405]
[Sun Aug  2 18:51:46 2026] [INFO] CSP: RX COMPLETE - Got 191 bytes from csp:2:43 (all fragments ACK'd) [components/cla/posix/cla_csp.c:432]
[Sun Aug  2 18:51:46 2026] [INFO] CSP: RX COMPLETE - Got 191 bytes from csp:2:43 (all fragments ACK'd) [components/cla/posix/cla_csp.c:432]
[Sun Aug  2 18:51:46 2026] [INFO] CSP: RX COMPLETE - Got 191 bytes from csp:2:43 (all fragments ACK'd) [components/cla/posix/cla_csp.c:432]
[Sun Aug  2 18:51:46 2026] [INFO] CSP: RX COMPLETE - Got 191 bytes from csp:2:43 (all fragments ACK'd) [components/cla/posix/cla_csp.c:432]
[Sun Aug  2 18:51:46 2026] [INFO] CSP: RX COMPLETE - Got 191 bytes from csp:2:43 (all fragments ACK'd) [components/cla/posix/cla_csp.c:432]
[Sun Aug  2 18:51:47 2026] [INFO] CSP: RX COMPLETE - Got 191 bytes from csp:2:43 (all fragments ACK'd) [components/cla/posix/cla_csp.c:432]
[Sun Aug  2 18:51:47 2026] [INFO] CSP: RX COMPLETE - Got 191 bytes from csp:2:43 (all fragments ACK'd) [components/cla/posix/cla_csp.c:432]
[Sun Aug  2 18:51:47 2026] [INFO] CSP: RX COMPLETE - Got 191 bytes from csp:2:43 (all fragments ACK'd) [components/cla/posix/cla_csp.c:432]
[Sun Aug  2 18:51:47 2026] [INFO] CSP: RX COMPLETE - Got 191 bytes from csp:2:43 (all fragments ACK'd) [components/cla/posix/cla_csp.c:432]
[Sun Aug  2 18:51:47 2026] [INFO] CSP: RX COMPLETE - Got 191 bytes from csp:2:43 (all fragments ACK'd) [components/cla/posix/cla_csp.c:432]
[Sun Aug  2 18:51:47 2026] [INFO] CSP: RX loop iteration 320, last_err=0 [components/cla/posix/cla_csp.c:405]
[Sun Aug  2 18:51:47 2026] [INFO] CSP: RX COMPLETE - Got 191 bytes from csp:2:43 (all fragments ACK'd) [components/cla/posix/cla_csp.c:432]
[Sun Aug  2 18:51:48 2026] [INFO] CSP: RX COMPLETE - Got 191 bytes from csp:2:43 (all fragments ACK'd) [components/cla/posix/cla_csp.c:432]
[Sun Aug  2 18:51:48 2026] [INFO] CSP: RX COMPLETE - Got 191 bytes from csp:2:43 (all fragments ACK'd) [components/cla/posix/cla_csp.c:432]
[Sun Aug  2 18:51:48 2026] [INFO] CSP: RX COMPLETE - Got 191 bytes from csp:2:43 (all fragments ACK'd) [components/cla/posix/cla_csp.c:432]
[Sun Aug  2 18:51:48 2026] [INFO] CSP: RX COMPLETE - Got 191 bytes from csp:2:43 (all fragments ACK'd) [components/cla/posix/cla_csp.c:432]
[Sun Aug  2 18:51:48 2026] [INFO] CSP: RX COMPLETE - Got 191 bytes from csp:2:43 (all fragments ACK'd) [components/cla/posix/cla_csp.c:432]
[Sun Aug  2 18:51:49 2026] [INFO] CSP: RX COMPLETE - Got 191 bytes from csp:2:43 (all fragments ACK'd) [components/cla/posix/cla_csp.c:432]
[Sun Aug  2 18:51:49 2026] [INFO] CSP: RX COMPLETE - Got 191 bytes from csp:2:43 (all fragments ACK'd) [components/cla/posix/cla_csp.c:432]
[Sun Aug  2 18:51:49 2026] [INFO] CSP: RX COMPLETE - Got 191 bytes from csp:2:43 (all fragments ACK'd) [components/cla/posix/cla_csp.c:432]
[Sun Aug  2 18:51:49 2026] [INFO] CSP: RX COMPLETE - Got 191 bytes from csp:2:43 (all fragments ACK'd) [components/cla/posix/cla_csp.c:432]
[Sun Aug  2 18:51:49 2026] [INFO] CSP: RX loop iteration 330, last_err=0 [components/cla/posix/cla_csp.c:405]
[Sun Aug  2 18:51:49 2026] [INFO] CSP: RX COMPLETE - Got 191 bytes from csp:2:43 (all fragments ACK'd) [components/cla/posix/cla_csp.c:432]
[Sun Aug  2 18:51:49 2026] [INFO] CSP: RX COMPLETE - Got 191 bytes from csp:2:43 (all fragments ACK'd) [components/cla/posix/cla_csp.c:432]
[Sun Aug  2 18:51:49 2026] [INFO] CSP: RX COMPLETE - Got 191 bytes from csp:2:43 (all fragments ACK'd) [components/cla/posix/cla_csp.c:432]
[Sun Aug  2 18:51:49 2026] [INFO] CSP: RX COMPLETE - Got 191 bytes from csp:2:43 (all fragments ACK'd) [components/cla/posix/cla_csp.c:432]
[Sun Aug  2 18:51:50 2026] [INFO] CSP: RX COMPLETE - Got 191 bytes from csp:2:43 (all fragments ACK'd) [components/cla/posix/cla_csp.c:432]
[Sun Aug  2 18:51:50 2026] [INFO] CSP: RX COMPLETE - Got 191 bytes from csp:2:43 (all fragments ACK'd) [components/cla/posix/cla_csp.c:432]
[Sun Aug  2 18:51:50 2026] [INFO] CSP: RX COMPLETE - Got 191 bytes from csp:2:43 (all fragments ACK'd) [components/cla/posix/cla_csp.c:432]
[Sun Aug  2 18:51:50 2026] [INFO] CSP: RX COMPLETE - Got 191 bytes from csp:2:43 (all fragments ACK'd) [components/cla/posix/cla_csp.c:432]
[Sun Aug  2 18:51:50 2026] [INFO] CSP: RX COMPLETE - Got 191 bytes from csp:2:43 (all fragments ACK'd) [components/cla/posix/cla_csp.c:432]
[Sun Aug  2 18:51:50 2026] [INFO] CSP: RX COMPLETE - Got 191 bytes from csp:2:43 (all fragments ACK'd) [components/cla/posix/cla_csp.c:432]
[Sun Aug  2 18:51:50 2026] [INFO] CSP: RX loop iteration 340, last_err=0 [components/cla/posix/cla_csp.c:405]
[Sun Aug  2 18:51:50 2026] [INFO] CSP: RX COMPLETE - Got 191 bytes from csp:2:43 (all fragments ACK'd) [components/cla/posix/cla_csp.c:432]
[Sun Aug  2 18:51:50 2026] [INFO] CSP: RX COMPLETE - Got 191 bytes from csp:2:43 (all fragments ACK'd) [components/cla/posix/cla_csp.c:432]
[Sun Aug  2 18:51:51 2026] [INFO] CSP: RX COMPLETE - Got 191 bytes from csp:2:43 (all fragments ACK'd) [components/cla/posix/cla_csp.c:432]
[Sun Aug  2 18:51:51 2026] [INFO] CSP: RX COMPLETE - Got 191 bytes from csp:2:43 (all fragments ACK'd) [components/cla/posix/cla_csp.c:432]
[Sun Aug  2 18:51:51 2026] [INFO] CSP: RX COMPLETE - Got 191 bytes from csp:2:43 (all fragments ACK'd) [components/cla/posix/cla_csp.c:432]
[Sun Aug  2 18:51:51 2026] [INFO] CSP: RX COMPLETE - Got 191 bytes from csp:2:43 (all fragments ACK'd) [components/cla/posix/cla_csp.c:432]
[Sun Aug  2 18:51:51 2026] [INFO] CSP: RX COMPLETE - Got 191 bytes from csp:2:43 (all fragments ACK'd) [components/cla/posix/cla_csp.c:432]
[Sun Aug  2 18:51:52 2026] [INFO] CSP: RX COMPLETE - Got 191 bytes from csp:2:43 (all fragments ACK'd) [components/cla/posix/cla_csp.c:432]
[Sun Aug  2 18:51:52 2026] [INFO] CSP: RX COMPLETE - Got 191 bytes from csp:2:43 (all fragments ACK'd) [components/cla/posix/cla_csp.c:432]
[Sun Aug  2 18:51:52 2026] [INFO] CSP: RX COMPLETE - Got 191 bytes from csp:2:43 (all fragments ACK'd) [components/cla/posix/cla_csp.c:432]
[Sun Aug  2 18:51:52 2026] [INFO] CSP: RX loop iteration 350, last_err=0 [components/cla/posix/cla_csp.c:405]
[Sun Aug  2 18:51:52 2026] [INFO] CSP: RX COMPLETE - Got 191 bytes from csp:2:43 (all fragments ACK'd) [components/cla/posix/cla_csp.c:432]
[Sun Aug  2 18:51:52 2026] [INFO] CSP: RX COMPLETE - Got 191 bytes from csp:2:43 (all fragments ACK'd) [components/cla/posix/cla_csp.c:432]
[Sun Aug  2 18:51:52 2026] [INFO] CSP: RX COMPLETE - Got 191 bytes from csp:2:43 (all fragments ACK'd) [components/cla/posix/cla_csp.c:432]
[Sun Aug  2 18:51:53 2026] [INFO] CSP: RX COMPLETE - Got 191 bytes from csp:2:43 (all fragments ACK'd) [components/cla/posix/cla_csp.c:432]
[Sun Aug  2 18:51:53 2026] [INFO] CSP: RX COMPLETE - Got 191 bytes from csp:2:43 (all fragments ACK'd) [components/cla/posix/cla_csp.c:432]
[Sun Aug  2 18:51:53 2026] [INFO] CSP: RX COMPLETE - Got 191 bytes from csp:2:43 (all fragments ACK'd) [components/cla/posix/cla_csp.c:432]
[Sun Aug  2 18:51:53 2026] [INFO] CSP: RX COMPLETE - Got 191 bytes from csp:2:43 (all fragments ACK'd) [components/cla/posix/cla_csp.c:432]
[Sun Aug  2 18:51:53 2026] [INFO] CSP: RX COMPLETE - Got 191 bytes from csp:2:43 (all fragments ACK'd) [components/cla/posix/cla_csp.c:432]
[Sun Aug  2 18:51:53 2026] [INFO] CSP: RX COMPLETE - Got 191 bytes from csp:2:43 (all fragments ACK'd) [components/cla/posix/cla_csp.c:432]
[Sun Aug  2 18:51:53 2026] [INFO] CSP: RX COMPLETE - Got 191 bytes from csp:2:43 (all fragments ACK'd) [components/cla/posix/cla_csp.c:432]
[Sun Aug  2 18:51:53 2026] [INFO] CSP: RX loop iteration 360, last_err=0 [components/cla/posix/cla_csp.c:405]
[Sun Aug  2 18:51:53 2026] [INFO] CSP: RX COMPLETE - Got 191 bytes from csp:2:43 (all fragments ACK'd) [components/cla/posix/cla_csp.c:432]
[Sun Aug  2 18:51:54 2026] [INFO] CSP: RX COMPLETE - Got 191 bytes from csp:2:43 (all fragments ACK'd) [components/cla/posix/cla_csp.c:432]
[Sun Aug  2 18:51:54 2026] [INFO] CSP: RX COMPLETE - Got 191 bytes from csp:2:43 (all fragments ACK'd) [components/cla/posix/cla_csp.c:432]
[Sun Aug  2 18:51:54 2026] [INFO] CSP: RX COMPLETE - Got 191 bytes from csp:2:43 (all fragments ACK'd) [components/cla/posix/cla_csp.c:432]
[Sun Aug  2 18:51:54 2026] [INFO] CSP: RX COMPLETE - Got 191 bytes from csp:2:43 (all fragments ACK'd) [components/cla/posix/cla_csp.c:432]
[Sun Aug  2 18:51:54 2026] [INFO] CSP: RX COMPLETE - Got 191 bytes from csp:2:43 (all fragments ACK'd) [components/cla/posix/cla_csp.c:432]
[Sun Aug  2 18:51:54 2026] [INFO] CSP: RX COMPLETE - Got 191 bytes from csp:2:43 (all fragments ACK'd) [components/cla/posix/cla_csp.c:432]
[Sun Aug  2 18:51:55 2026] [INFO] CSP: RX COMPLETE - Got 191 bytes from csp:2:43 (all fragments ACK'd) [components/cla/posix/cla_csp.c:432]
[Sun Aug  2 18:51:55 2026] [INFO] CSP: RX COMPLETE - Got 191 bytes from csp:2:43 (all fragments ACK'd) [components/cla/posix/cla_csp.c:432]
[Sun Aug  2 18:51:55 2026] [INFO] CSP: RX COMPLETE - Got 191 bytes from csp:2:43 (all fragments ACK'd) [components/cla/posix/cla_csp.c:432]
[Sun Aug  2 18:51:55 2026] [INFO] CSP: RX loop iteration 370, last_err=0 [components/cla/posix/cla_csp.c:405]
[Sun Aug  2 18:51:55 2026] [INFO] CSP: RX COMPLETE - Got 191 bytes from csp:2:43 (all fragments ACK'd) [components/cla/posix/cla_csp.c:432]
[Sun Aug  2 18:51:55 2026] [INFO] CSP: RX COMPLETE - Got 191 bytes from csp:2:43 (all fragments ACK'd) [components/cla/posix/cla_csp.c:432]
[Sun Aug  2 18:51:55 2026] [INFO] CSP: RX COMPLETE - Got 191 bytes from csp:2:43 (all fragments ACK'd) [components/cla/posix/cla_csp.c:432]
[Sun Aug  2 18:51:56 2026] [INFO] CSP: RX COMPLETE - Got 191 bytes from csp:2:43 (all fragments ACK'd) [components/cla/posix/cla_csp.c:432]
[Sun Aug  2 18:51:56 2026] [INFO] CSP: RX COMPLETE - Got 191 bytes from csp:2:43 (all fragments ACK'd) [components/cla/posix/cla_csp.c:432]
[Sun Aug  2 18:51:56 2026] [INFO] CSP: RX COMPLETE - Got 191 bytes from csp:2:43 (all fragments ACK'd) [components/cla/posix/cla_csp.c:432]
[Sun Aug  2 18:51:56 2026] [INFO] CSP: RX COMPLETE - Got 191 bytes from csp:2:43 (all fragments ACK'd) [components/cla/posix/cla_csp.c:432]
[Sun Aug  2 18:51:56 2026] [INFO] CSP: RX COMPLETE - Got 191 bytes from csp:2:43 (all fragments ACK'd) [components/cla/posix/cla_csp.c:432]
[Sun Aug  2 18:51:56 2026] [INFO] CSP: RX COMPLETE - Got 191 bytes from csp:2:43 (all fragments ACK'd) [components/cla/posix/cla_csp.c:432]
[Sun Aug  2 18:51:56 2026] [INFO] CSP: RX COMPLETE - Got 191 bytes from csp:2:43 (all fragments ACK'd) [components/cla/posix/cla_csp.c:432]
[Sun Aug  2 18:51:57 2026] [INFO] CSP: RX loop iteration 380, last_err=0 [components/cla/posix/cla_csp.c:405]
[Sun Aug  2 18:51:57 2026] [INFO] CSP: RX COMPLETE - Got 191 bytes from csp:2:43 (all fragments ACK'd) [components/cla/posix/cla_csp.c:432]
[Sun Aug  2 18:51:57 2026] [INFO] CSP: RX COMPLETE - Got 191 bytes from csp:2:43 (all fragments ACK'd) [components/cla/posix/cla_csp.c:432]
[Sun Aug  2 18:51:57 2026] [INFO] CSP: RX COMPLETE - Got 191 bytes from csp:2:43 (all fragments ACK'd) [components/cla/posix/cla_csp.c:432]
[Sun Aug  2 18:51:57 2026] [INFO] CSP: RX COMPLETE - Got 191 bytes from csp:2:43 (all fragments ACK'd) [components/cla/posix/cla_csp.c:432]
[Sun Aug  2 18:51:57 2026] [INFO] CSP: RX COMPLETE - Got 191 bytes from csp:2:43 (all fragments ACK'd) [components/cla/posix/cla_csp.c:432]
[Sun Aug  2 18:51:57 2026] [INFO] CSP: RX COMPLETE - Got 191 bytes from csp:2:43 (all fragments ACK'd) [components/cla/posix/cla_csp.c:432]
[Sun Aug  2 18:51:58 2026] [INFO] CSP: RX COMPLETE - Got 191 bytes from csp:2:43 (all fragments ACK'd) [components/cla/posix/cla_csp.c:432]
[Sun Aug  2 18:51:58 2026] [INFO] CSP: RX COMPLETE - Got 191 bytes from csp:2:43 (all fragments ACK'd) [components/cla/posix/cla_csp.c:432]
[Sun Aug  2 18:51:58 2026] [INFO] CSP: RX COMPLETE - Got 191 bytes from csp:2:43 (all fragments ACK'd) [components/cla/posix/cla_csp.c:432]
[Sun Aug  2 18:51:58 2026] [INFO] CSP: RX COMPLETE - Got 191 bytes from csp:2:43 (all fragments ACK'd) [components/cla/posix/cla_csp.c:432]
[Sun Aug  2 18:51:58 2026] [INFO] CSP: RX loop iteration 390, last_err=0 [components/cla/posix/cla_csp.c:405]
[Sun Aug  2 18:51:58 2026] [INFO] CSP: RX COMPLETE - Got 191 bytes from csp:2:43 (all fragments ACK'd) [components/cla/posix/cla_csp.c:432]
[Sun Aug  2 18:51:58 2026] [INFO] CSP: RX COMPLETE - Got 191 bytes from csp:2:43 (all fragments ACK'd) [components/cla/posix/cla_csp.c:432]
[Sun Aug  2 18:51:59 2026] [INFO] CSP: RX COMPLETE - Got 191 bytes from csp:2:43 (all fragments ACK'd) [components/cla/posix/cla_csp.c:432]
[Sun Aug  2 18:51:59 2026] [INFO] CSP: RX COMPLETE - Got 191 bytes from csp:2:43 (all fragments ACK'd) [components/cla/posix/cla_csp.c:432]
[Sun Aug  2 18:51:59 2026] [INFO] CSP: RX COMPLETE - Got 191 bytes from csp:2:43 (all fragments ACK'd) [components/cla/posix/cla_csp.c:432]
[Sun Aug  2 18:51:59 2026] [INFO] CSP: RX COMPLETE - Got 191 bytes from csp:2:43 (all fragments ACK'd) [components/cla/posix/cla_csp.c:432]
[Sun Aug  2 18:51:59 2026] [INFO] CSP: RX COMPLETE - Got 191 bytes from csp:2:43 (all fragments ACK'd) [components/cla/posix/cla_csp.c:432]
[Sun Aug  2 18:51:59 2026] [INFO] CSP: RX COMPLETE - Got 191 bytes from csp:2:43 (all fragments ACK'd) [components/cla/posix/cla_csp.c:432]
[Sun Aug  2 18:51:59 2026] [INFO] CSP: RX COMPLETE - Got 191 bytes from csp:2:43 (all fragments ACK'd) [components/cla/posix/cla_csp.c:432]
[Sun Aug  2 18:51:59 2026] [INFO] CSP: RX COMPLETE - Got 191 bytes from csp:2:43 (all fragments ACK'd) [components/cla/posix/cla_csp.c:432]
[Sun Aug  2 18:52:00 2026] [INFO] CSP: RX loop iteration 400, last_err=0 [components/cla/posix/cla_csp.c:405]
[Sun Aug  2 18:52:00 2026] [INFO] CSP: RX COMPLETE - Got 191 bytes from csp:2:43 (all fragments ACK'd) [components/cla/posix/cla_csp.c:432]
[Sun Aug  2 18:52:00 2026] [INFO] CSP: RX COMPLETE - Got 191 bytes from csp:2:43 (all fragments ACK'd) [components/cla/posix/cla_csp.c:432]
[Sun Aug  2 18:52:00 2026] [INFO] CSP: RX COMPLETE - Got 191 bytes from csp:2:43 (all fragments ACK'd) [components/cla/posix/cla_csp.c:432]
[Sun Aug  2 18:52:00 2026] [INFO] CSP: RX COMPLETE - Got 191 bytes from csp:2:43 (all fragments ACK'd) [components/cla/posix/cla_csp.c:432]
[Sun Aug  2 18:52:00 2026] [INFO] CSP: RX COMPLETE - Got 191 bytes from csp:2:43 (all fragments ACK'd) [components/cla/posix/cla_csp.c:432]
[Sun Aug  2 18:52:01 2026] [INFO] CSP: RX COMPLETE - Got 191 bytes from csp:2:43 (all fragments ACK'd) [components/cla/posix/cla_csp.c:432]
[Sun Aug  2 18:52:01 2026] [INFO] CSP: RX COMPLETE - Got 191 bytes from csp:2:43 (all fragments ACK'd) [components/cla/posix/cla_csp.c:432]
[Sun Aug  2 18:52:01 2026] [INFO] CSP: RX COMPLETE - Got 191 bytes from csp:2:43 (all fragments ACK'd) [components/cla/posix/cla_csp.c:432]
[Sun Aug  2 18:52:01 2026] [INFO] CSP: RX COMPLETE - Got 191 bytes from csp:2:43 (all fragments ACK'd) [components/cla/posix/cla_csp.c:432]
[Sun Aug  2 18:52:01 2026] [INFO] CSP: RX COMPLETE - Got 191 bytes from csp:2:43 (all fragments ACK'd) [components/cla/posix/cla_csp.c:432]
[Sun Aug  2 18:52:01 2026] [INFO] CSP: RX loop iteration 410, last_err=0 [components/cla/posix/cla_csp.c:405]
[Sun Aug  2 18:52:01 2026] [INFO] CSP: RX COMPLETE - Got 191 bytes from csp:2:43 (all fragments ACK'd) [components/cla/posix/cla_csp.c:432]
[Sun Aug  2 18:52:01 2026] [INFO] CSP: RX COMPLETE - Got 191 bytes from csp:2:43 (all fragments ACK'd) [components/cla/posix/cla_csp.c:432]
[Sun Aug  2 18:52:02 2026] [INFO] CSP: RX COMPLETE - Got 191 bytes from csp:2:43 (all fragments ACK'd) [components/cla/posix/cla_csp.c:432]
[Sun Aug  2 18:52:02 2026] [INFO] CSP: RX COMPLETE - Got 191 bytes from csp:2:43 (all fragments ACK'd) [components/cla/posix/cla_csp.c:432]
[Sun Aug  2 18:52:02 2026] [INFO] CSP: RX COMPLETE - Got 191 bytes from csp:2:43 (all fragments ACK'd) [components/cla/posix/cla_csp.c:432]
[Sun Aug  2 18:52:02 2026] [INFO] CSP: RX COMPLETE - Got 191 bytes from csp:2:43 (all fragments ACK'd) [components/cla/posix/cla_csp.c:432]
[Sun Aug  2 18:52:02 2026] [INFO] CSP: RX COMPLETE - Got 191 bytes from csp:2:43 (all fragments ACK'd) [components/cla/posix/cla_csp.c:432]
[Sun Aug  2 18:52:02 2026] [INFO] CSP: RX COMPLETE - Got 191 bytes from csp:2:43 (all fragments ACK'd) [components/cla/posix/cla_csp.c:432]
[Sun Aug  2 18:52:02 2026] [INFO] CSP: RX COMPLETE - Got 191 bytes from csp:2:43 (all fragments ACK'd) [components/cla/posix/cla_csp.c:432]
[Sun Aug  2 18:52:03 2026] [INFO] CSP: RX COMPLETE - Got 191 bytes from csp:2:43 (all fragments ACK'd) [components/cla/posix/cla_csp.c:432]
[Sun Aug  2 18:52:03 2026] [INFO] CSP: RX loop iteration 420, last_err=0 [components/cla/posix/cla_csp.c:405]
[Sun Aug  2 18:52:03 2026] [INFO] CSP: RX COMPLETE - Got 191 bytes from csp:2:43 (all fragments ACK'd) [components/cla/posix/cla_csp.c:432]
[Sun Aug  2 18:52:03 2026] [INFO] CSP: RX COMPLETE - Got 191 bytes from csp:2:43 (all fragments ACK'd) [components/cla/posix/cla_csp.c:432]
[Sun Aug  2 18:52:03 2026] [INFO] CSP: RX COMPLETE - Got 191 bytes from csp:2:43 (all fragments ACK'd) [components/cla/posix/cla_csp.c:432]
[Sun Aug  2 18:52:03 2026] [INFO] CSP: RX COMPLETE - Got 191 bytes from csp:2:43 (all fragments ACK'd) [components/cla/posix/cla_csp.c:432]
[Sun Aug  2 18:52:03 2026] [INFO] CSP: RX COMPLETE - Got 191 bytes from csp:2:43 (all fragments ACK'd) [components/cla/posix/cla_csp.c:432]
[Sun Aug  2 18:52:04 2026] [INFO] CSP: RX COMPLETE - Got 191 bytes from csp:2:43 (all fragments ACK'd) [components/cla/posix/cla_csp.c:432]
[Sun Aug  2 18:52:04 2026] [INFO] CSP: RX COMPLETE - Got 191 bytes from csp:2:43 (all fragments ACK'd) [components/cla/posix/cla_csp.c:432]
[Sun Aug  2 18:52:04 2026] [INFO] CSP: RX COMPLETE - Got 191 bytes from csp:2:43 (all fragments ACK'd) [components/cla/posix/cla_csp.c:432]
[Sun Aug  2 18:52:04 2026] [INFO] CSP: RX COMPLETE - Got 191 bytes from csp:2:43 (all fragments ACK'd) [components/cla/posix/cla_csp.c:432]
[Sun Aug  2 18:52:04 2026] [INFO] CSP: RX COMPLETE - Got 191 bytes from csp:2:43 (all fragments ACK'd) [components/cla/posix/cla_csp.c:432]
[Sun Aug  2 18:52:04 2026] [INFO] CSP: RX loop iteration 430, last_err=0 [components/cla/posix/cla_csp.c:405]
[Sun Aug  2 18:52:04 2026] [INFO] CSP: RX COMPLETE - Got 191 bytes from csp:2:43 (all fragments ACK'd) [components/cla/posix/cla_csp.c:432]
[Sun Aug  2 18:52:04 2026] [INFO] CSP: RX COMPLETE - Got 191 bytes from csp:2:43 (all fragments ACK'd) [components/cla/posix/cla_csp.c:432]
[Sun Aug  2 18:52:05 2026] [INFO] CSP: RX COMPLETE - Got 191 bytes from csp:2:43 (all fragments ACK'd) [components/cla/posix/cla_csp.c:432]
[Sun Aug  2 18:52:05 2026] [INFO] CSP: RX COMPLETE - Got 191 bytes from csp:2:43 (all fragments ACK'd) [components/cla/posix/cla_csp.c:432]
[Sun Aug  2 18:52:05 2026] [INFO] CSP: RX COMPLETE - Got 191 bytes from csp:2:43 (all fragments ACK'd) [components/cla/posix/cla_csp.c:432]
[Sun Aug  2 18:52:05 2026] [INFO] CSP: RX COMPLETE - Got 191 bytes from csp:2:43 (all fragments ACK'd) [components/cla/posix/cla_csp.c:432]
[Sun Aug  2 18:52:05 2026] [INFO] CSP: RX COMPLETE - Got 191 bytes from csp:2:43 (all fragments ACK'd) [components/cla/posix/cla_csp.c:432]
[Sun Aug  2 18:52:05 2026] [INFO] CSP: RX COMPLETE - Got 191 bytes from csp:2:43 (all fragments ACK'd) [components/cla/posix/cla_csp.c:432]
[Sun Aug  2 18:52:05 2026] [INFO] CSP: RX COMPLETE - Got 191 bytes from csp:2:43 (all fragments ACK'd) [components/cla/posix/cla_csp.c:432]
[Sun Aug  2 18:52:06 2026] [INFO] CSP: RX COMPLETE - Got 191 bytes from csp:2:43 (all fragments ACK'd) [components/cla/posix/cla_csp.c:432]
[Sun Aug  2 18:52:06 2026] [INFO] CSP: RX loop iteration 440, last_err=0 [components/cla/posix/cla_csp.c:405]
[Sun Aug  2 18:52:06 2026] [INFO] CSP: RX COMPLETE - Got 191 bytes from csp:2:43 (all fragments ACK'd) [components/cla/posix/cla_csp.c:432]
[Sun Aug  2 18:52:06 2026] [INFO] CSP: RX COMPLETE - Got 191 bytes from csp:2:43 (all fragments ACK'd) [components/cla/posix/cla_csp.c:432]
[Sun Aug  2 18:52:06 2026] [INFO] CSP: RX COMPLETE - Got 191 bytes from csp:2:43 (all fragments ACK'd) [components/cla/posix/cla_csp.c:432]
[Sun Aug  2 18:52:06 2026] [INFO] CSP: RX COMPLETE - Got 191 bytes from csp:2:43 (all fragments ACK'd) [components/cla/posix/cla_csp.c:432]
[Sun Aug  2 18:52:06 2026] [INFO] CSP: RX COMPLETE - Got 191 bytes from csp:2:43 (all fragments ACK'd) [components/cla/posix/cla_csp.c:432]
[Sun Aug  2 18:52:07 2026] [INFO] CSP: RX COMPLETE - Got 191 bytes from csp:2:43 (all fragments ACK'd) [components/cla/posix/cla_csp.c:432]
[Sun Aug  2 18:52:07 2026] [INFO] CSP: RX COMPLETE - Got 191 bytes from csp:2:43 (all fragments ACK'd) [components/cla/posix/cla_csp.c:432]
[Sun Aug  2 18:52:07 2026] [INFO] CSP: RX COMPLETE - Got 191 bytes from csp:2:43 (all fragments ACK'd) [components/cla/posix/cla_csp.c:432]
[Sun Aug  2 18:52:07 2026] [INFO] CSP: RX COMPLETE - Got 191 bytes from csp:2:43 (all fragments ACK'd) [components/cla/posix/cla_csp.c:432]
[Sun Aug  2 18:52:07 2026] [INFO] CSP: RX COMPLETE - Got 191 bytes from csp:2:43 (all fragments ACK'd) [components/cla/posix/cla_csp.c:432]
[Sun Aug  2 18:52:07 2026] [INFO] CSP: RX loop iteration 450, last_err=0 [components/cla/posix/cla_csp.c:405]
[Sun Aug  2 18:52:07 2026] [INFO] CSP: RX COMPLETE - Got 191 bytes from csp:2:43 (all fragments ACK'd) [components/cla/posix/cla_csp.c:432]
[Sun Aug  2 18:52:07 2026] [INFO] CSP: RX COMPLETE - Got 191 bytes from csp:2:43 (all fragments ACK'd) [components/cla/posix/cla_csp.c:432]
[Sun Aug  2 18:52:08 2026] [INFO] CSP: RX COMPLETE - Got 191 bytes from csp:2:43 (all fragments ACK'd) [components/cla/posix/cla_csp.c:432]
[Sun Aug  2 18:52:08 2026] [INFO] CSP: RX COMPLETE - Got 191 bytes from csp:2:43 (all fragments ACK'd) [components/cla/posix/cla_csp.c:432]
[Sun Aug  2 18:52:08 2026] [INFO] CSP: RX COMPLETE - Got 191 bytes from csp:2:43 (all fragments ACK'd) [components/cla/posix/cla_csp.c:432]
[Sun Aug  2 18:52:08 2026] [INFO] CSP: RX COMPLETE - Got 191 bytes from csp:2:43 (all fragments ACK'd) [components/cla/posix/cla_csp.c:432]
[Sun Aug  2 18:52:08 2026] [INFO] CSP: RX COMPLETE - Got 191 bytes from csp:2:43 (all fragments ACK'd) [components/cla/posix/cla_csp.c:432]
[Sun Aug  2 18:52:09 2026] [INFO] CSP: RX COMPLETE - Got 191 bytes from csp:2:43 (all fragments ACK'd) [components/cla/posix/cla_csp.c:432]
[Sun Aug  2 18:52:09 2026] [INFO] CSP: RX COMPLETE - Got 191 bytes from csp:2:43 (all fragments ACK'd) [components/cla/posix/cla_csp.c:432]
[Sun Aug  2 18:52:09 2026] [INFO] CSP: RX COMPLETE - Got 191 bytes from csp:2:43 (all fragments ACK'd) [components/cla/posix/cla_csp.c:432]
[Sun Aug  2 18:52:09 2026] [INFO] CSP: RX loop iteration 460, last_err=0 [components/cla/posix/cla_csp.c:405]
[Sun Aug  2 18:52:09 2026] [INFO] CSP: RX COMPLETE - Got 191 bytes from csp:2:43 (all fragments ACK'd) [components/cla/posix/cla_csp.c:432]
[Sun Aug  2 18:52:09 2026] [INFO] CSP: RX COMPLETE - Got 191 bytes from csp:2:43 (all fragments ACK'd) [components/cla/posix/cla_csp.c:432]
[Sun Aug  2 18:52:10 2026] [INFO] CSP: RX COMPLETE - Got 191 bytes from csp:2:43 (all fragments ACK'd) [components/cla/posix/cla_csp.c:432]
[Sun Aug  2 18:52:10 2026] [INFO] CSP: RX COMPLETE - Got 191 bytes from csp:2:43 (all fragments ACK'd) [components/cla/posix/cla_csp.c:432]
[Sun Aug  2 18:52:10 2026] [INFO] CSP: RX COMPLETE - Got 191 bytes from csp:2:43 (all fragments ACK'd) [components/cla/posix/cla_csp.c:432]
[Sun Aug  2 18:52:10 2026] [INFO] CSP: RX COMPLETE - Got 191 bytes from csp:2:43 (all fragments ACK'd) [components/cla/posix/cla_csp.c:432]
[Sun Aug  2 18:52:10 2026] [INFO] CSP: RX COMPLETE - Got 191 bytes from csp:2:43 (all fragments ACK'd) [components/cla/posix/cla_csp.c:432]
[Sun Aug  2 18:52:10 2026] [INFO] CSP: RX COMPLETE - Got 191 bytes from csp:2:43 (all fragments ACK'd) [components/cla/posix/cla_csp.c:432]
[Sun Aug  2 18:52:10 2026] [INFO] CSP: RX COMPLETE - Got 191 bytes from csp:2:43 (all fragments ACK'd) [components/cla/posix/cla_csp.c:432]
[Sun Aug  2 18:52:10 2026] [INFO] CSP: RX COMPLETE - Got 191 bytes from csp:2:43 (all fragments ACK'd) [components/cla/posix/cla_csp.c:432]
[Sun Aug  2 18:52:10 2026] [INFO] CSP: RX loop iteration 470, last_err=0 [components/cla/posix/cla_csp.c:405]
[Sun Aug  2 18:52:10 2026] [INFO] CSP: RX COMPLETE - Got 191 bytes from csp:2:43 (all fragments ACK'd) [components/cla/posix/cla_csp.c:432]
[Sun Aug  2 18:52:11 2026] [INFO] CSP: RX COMPLETE - Got 191 bytes from csp:2:43 (all fragments ACK'd) [components/cla/posix/cla_csp.c:432]
[Sun Aug  2 18:52:11 2026] [INFO] CSP: RX COMPLETE - Got 191 bytes from csp:2:43 (all fragments ACK'd) [components/cla/posix/cla_csp.c:432]
[Sun Aug  2 18:52:11 2026] [INFO] CSP: RX COMPLETE - Got 191 bytes from csp:2:43 (all fragments ACK'd) [components/cla/posix/cla_csp.c:432]
[Sun Aug  2 18:52:11 2026] [INFO] CSP: RX COMPLETE - Got 191 bytes from csp:2:43 (all fragments ACK'd) [components/cla/posix/cla_csp.c:432]
[Sun Aug  2 18:52:11 2026] [INFO] CSP: RX COMPLETE - Got 191 bytes from csp:2:43 (all fragments ACK'd) [components/cla/posix/cla_csp.c:432]
[Sun Aug  2 18:52:11 2026] [INFO] CSP: RX COMPLETE - Got 191 bytes from csp:2:43 (all fragments ACK'd) [components/cla/posix/cla_csp.c:432]
[Sun Aug  2 18:52:11 2026] [INFO] CSP: RX COMPLETE - Got 191 bytes from csp:2:43 (all fragments ACK'd) [components/cla/posix/cla_csp.c:432]
[Sun Aug  2 18:52:12 2026] [INFO] CSP: RX COMPLETE - Got 191 bytes from csp:2:43 (all fragments ACK'd) [components/cla/posix/cla_csp.c:432]
[Sun Aug  2 18:52:12 2026] [INFO] CSP: RX COMPLETE - Got 191 bytes from csp:2:43 (all fragments ACK'd) [components/cla/posix/cla_csp.c:432]
[Sun Aug  2 18:52:12 2026] [INFO] CSP: RX loop iteration 480, last_err=0 [components/cla/posix/cla_csp.c:405]
[Sun Aug  2 18:52:12 2026] [INFO] CSP: RX COMPLETE - Got 191 bytes from csp:2:43 (all fragments ACK'd) [components/cla/posix/cla_csp.c:432]
[Sun Aug  2 18:52:12 2026] [INFO] CSP: RX COMPLETE - Got 191 bytes from csp:2:43 (all fragments ACK'd) [components/cla/posix/cla_csp.c:432]
[Sun Aug  2 18:52:13 2026] [INFO] CSP: RX COMPLETE - Got 191 bytes from csp:2:43 (all fragments ACK'd) [components/cla/posix/cla_csp.c:432]
[Sun Aug  2 18:52:13 2026] [INFO] CSP: RX COMPLETE - Got 191 bytes from csp:2:43 (all fragments ACK'd) [components/cla/posix/cla_csp.c:432]
[Sun Aug  2 18:52:13 2026] [INFO] CSP: RX COMPLETE - Got 191 bytes from csp:2:43 (all fragments ACK'd) [components/cla/posix/cla_csp.c:432]
[Sun Aug  2 18:52:13 2026] [INFO] CSP: RX COMPLETE - Got 191 bytes from csp:2:43 (all fragments ACK'd) [components/cla/posix/cla_csp.c:432]
[Sun Aug  2 18:52:13 2026] [INFO] CSP: RX COMPLETE - Got 191 bytes from csp:2:43 (all fragments ACK'd) [components/cla/posix/cla_csp.c:432]
[Sun Aug  2 18:52:13 2026] [INFO] CSP: RX COMPLETE - Got 191 bytes from csp:2:43 (all fragments ACK'd) [components/cla/posix/cla_csp.c:432]
[Sun Aug  2 18:52:13 2026] [INFO] CSP: RX COMPLETE - Got 191 bytes from csp:2:43 (all fragments ACK'd) [components/cla/posix/cla_csp.c:432]
[Sun Aug  2 18:52:13 2026] [INFO] CSP: RX COMPLETE - Got 191 bytes from csp:2:43 (all fragments ACK'd) [components/cla/posix/cla_csp.c:432]
[Sun Aug  2 18:52:13 2026] [INFO] CSP: RX loop iteration 490, last_err=0 [components/cla/posix/cla_csp.c:405]
[Sun Aug  2 18:52:13 2026] [INFO] CSP: RX COMPLETE - Got 191 bytes from csp:2:43 (all fragments ACK'd) [components/cla/posix/cla_csp.c:432]
[Sun Aug  2 18:52:14 2026] [INFO] CSP: RX COMPLETE - Got 191 bytes from csp:2:43 (all fragments ACK'd) [components/cla/posix/cla_csp.c:432]
[Sun Aug  2 18:52:14 2026] [INFO] CSP: RX COMPLETE - Got 191 bytes from csp:2:43 (all fragments ACK'd) [components/cla/posix/cla_csp.c:432]
[Sun Aug  2 18:52:14 2026] [INFO] CSP: RX COMPLETE - Got 191 bytes from csp:2:43 (all fragments ACK'd) [components/cla/posix/cla_csp.c:432]
[Sun Aug  2 18:52:14 2026] [INFO] CSP: RX COMPLETE - Got 191 bytes from csp:2:43 (all fragments ACK'd) [components/cla/posix/cla_csp.c:432]
[Sun Aug  2 18:52:14 2026] [INFO] CSP: RX COMPLETE - Got 191 bytes from csp:2:43 (all fragments ACK'd) [components/cla/posix/cla_csp.c:432]
[Sun Aug  2 18:52:15 2026] [INFO] CSP: RX COMPLETE - Got 191 bytes from csp:2:43 (all fragments ACK'd) [components/cla/posix/cla_csp.c:432]
[Sun Aug  2 18:52:15 2026] [INFO] CSP: RX COMPLETE - Got 191 bytes from csp:2:43 (all fragments ACK'd) [components/cla/posix/cla_csp.c:432]
[Sun Aug  2 18:52:15 2026] [INFO] CSP: RX COMPLETE - Got 191 bytes from csp:2:43 (all fragments ACK'd) [components/cla/posix/cla_csp.c:432]
[Sun Aug  2 18:52:15 2026] [INFO] CSP: RX COMPLETE - Got 191 bytes from csp:2:43 (all fragments ACK'd) [components/cla/posix/cla_csp.c:432]
[Sun Aug  2 18:52:15 2026] [INFO] CSP: RX loop iteration 500, last_err=0 [components/cla/posix/cla_csp.c:405]
[Sun Aug  2 18:52:15 2026] [INFO] CSP: RX COMPLETE - Got 191 bytes from csp:2:43 (all fragments ACK'd) [components/cla/posix/cla_csp.c:432]
[Sun Aug  2 18:52:15 2026] [INFO] CSP: RX COMPLETE - Got 191 bytes from csp:2:43 (all fragments ACK'd) [components/cla/posix/cla_csp.c:432]
[Sun Aug  2 18:52:16 2026] [INFO] CSP: RX COMPLETE - Got 191 bytes from csp:2:43 (all fragments ACK'd) [components/cla/posix/cla_csp.c:432]
[Sun Aug  2 18:52:16 2026] [INFO] CSP: RX COMPLETE - Got 191 bytes from csp:2:43 (all fragments ACK'd) [components/cla/posix/cla_csp.c:432]
[Sun Aug  2 18:52:16 2026] [INFO] CSP: RX COMPLETE - Got 191 bytes from csp:2:43 (all fragments ACK'd) [components/cla/posix/cla_csp.c:432]
[Sun Aug  2 18:52:16 2026] [INFO] CSP: RX COMPLETE - Got 191 bytes from csp:2:43 (all fragments ACK'd) [components/cla/posix/cla_csp.c:432]
[Sun Aug  2 18:52:16 2026] [INFO] CSP: RX COMPLETE - Got 191 bytes from csp:2:43 (all fragments ACK'd) [components/cla/posix/cla_csp.c:432]
[Sun Aug  2 18:52:16 2026] [INFO] CSP: RX COMPLETE - Got 191 bytes from csp:2:43 (all fragments ACK'd) [components/cla/posix/cla_csp.c:432]
[Sun Aug  2 18:52:16 2026] [INFO] CSP: RX COMPLETE - Got 191 bytes from csp:2:43 (all fragments ACK'd) [components/cla/posix/cla_csp.c:432]
[Sun Aug  2 18:52:17 2026] [INFO] CSP: RX COMPLETE - Got 191 bytes from csp:2:43 (all fragments ACK'd) [components/cla/posix/cla_csp.c:432]
[Sun Aug  2 18:52:17 2026] [INFO] CSP: RX loop iteration 510, last_err=0 [components/cla/posix/cla_csp.c:405]
[Sun Aug  2 18:52:17 2026] [INFO] CSP: RX COMPLETE - Got 191 bytes from csp:2:43 (all fragments ACK'd) [components/cla/posix/cla_csp.c:432]
[Sun Aug  2 18:52:17 2026] [INFO] CSP: RX COMPLETE - Got 191 bytes from csp:2:43 (all fragments ACK'd) [components/cla/posix/cla_csp.c:432]
[Sun Aug  2 18:52:17 2026] [INFO] CSP: RX COMPLETE - Got 191 bytes from csp:2:43 (all fragments ACK'd) [components/cla/posix/cla_csp.c:432]
[Sun Aug  2 18:52:17 2026] [INFO] CSP: RX COMPLETE - Got 191 bytes from csp:2:43 (all fragments ACK'd) [components/cla/posix/cla_csp.c:432]
[Sun Aug  2 18:52:18 2026] [INFO] CSP: RX COMPLETE - Got 191 bytes from csp:2:43 (all fragments ACK'd) [components/cla/posix/cla_csp.c:432]
[Sun Aug  2 18:52:18 2026] [INFO] CSP: RX COMPLETE - Got 191 bytes from csp:2:43 (all fragments ACK'd) [components/cla/posix/cla_csp.c:432]
[Sun Aug  2 18:52:18 2026] [INFO] CSP: RX COMPLETE - Got 191 bytes from csp:2:43 (all fragments ACK'd) [components/cla/posix/cla_csp.c:432]
[Sun Aug  2 18:52:18 2026] [INFO] CSP: RX COMPLETE - Got 191 bytes from csp:2:43 (all fragments ACK'd) [components/cla/posix/cla_csp.c:432]
[Sun Aug  2 18:52:18 2026] [INFO] CSP: RX COMPLETE - Got 191 bytes from csp:2:43 (all fragments ACK'd) [components/cla/posix/cla_csp.c:432]
[Sun Aug  2 18:52:18 2026] [INFO] CSP: RX COMPLETE - Got 191 bytes from csp:2:43 (all fragments ACK'd) [components/cla/posix/cla_csp.c:432]
[Sun Aug  2 18:52:18 2026] [INFO] CSP: RX loop iteration 520, last_err=0 [components/cla/posix/cla_csp.c:405]
[Sun Aug  2 18:52:18 2026] [INFO] CSP: RX COMPLETE - Got 191 bytes from csp:2:43 (all fragments ACK'd) [components/cla/posix/cla_csp.c:432]
[Sun Aug  2 18:52:18 2026] [INFO] CSP: RX COMPLETE - Got 191 bytes from csp:2:43 (all fragments ACK'd) [components/cla/posix/cla_csp.c:432]
[Sun Aug  2 18:52:19 2026] [INFO] CSP: RX COMPLETE - Got 191 bytes from csp:2:43 (all fragments ACK'd) [components/cla/posix/cla_csp.c:432]
[Sun Aug  2 18:52:19 2026] [INFO] CSP: RX COMPLETE - Got 191 bytes from csp:2:43 (all fragments ACK'd) [components/cla/posix/cla_csp.c:432]
[Sun Aug  2 18:52:19 2026] [INFO] CSP: RX COMPLETE - Got 191 bytes from csp:2:43 (all fragments ACK'd) [components/cla/posix/cla_csp.c:432]
[Sun Aug  2 18:52:19 2026] [INFO] CSP: RX COMPLETE - Got 191 bytes from csp:2:43 (all fragments ACK'd) [components/cla/posix/cla_csp.c:432]
[Sun Aug  2 18:52:19 2026] [INFO] CSP: RX COMPLETE - Got 191 bytes from csp:2:43 (all fragments ACK'd) [components/cla/posix/cla_csp.c:432]
[Sun Aug  2 18:52:19 2026] [INFO] CSP: RX COMPLETE - Got 191 bytes from csp:2:43 (all fragments ACK'd) [components/cla/posix/cla_csp.c:432]
[Sun Aug  2 18:52:19 2026] [INFO] CSP: RX COMPLETE - Got 191 bytes from csp:2:43 (all fragments ACK'd) [components/cla/posix/cla_csp.c:432]
[Sun Aug  2 18:52:19 2026] [INFO] CSP: RX COMPLETE - Got 191 bytes from csp:2:43 (all fragments ACK'd) [components/cla/posix/cla_csp.c:432]
[Sun Aug  2 18:52:20 2026] [INFO] CSP: RX loop iteration 530, last_err=0 [components/cla/posix/cla_csp.c:405]
[Sun Aug  2 18:52:20 2026] [INFO] CSP: RX COMPLETE - Got 191 bytes from csp:2:43 (all fragments ACK'd) [components/cla/posix/cla_csp.c:432]
[Sun Aug  2 18:52:20 2026] [INFO] CSP: RX COMPLETE - Got 191 bytes from csp:2:43 (all fragments ACK'd) [components/cla/posix/cla_csp.c:432]
[Sun Aug  2 18:52:20 2026] [INFO] CSP: RX COMPLETE - Got 191 bytes from csp:2:43 (all fragments ACK'd) [components/cla/posix/cla_csp.c:432]
[Sun Aug  2 18:52:20 2026] [INFO] CSP: RX COMPLETE - Got 191 bytes from csp:2:43 (all fragments ACK'd) [components/cla/posix/cla_csp.c:432]
[Sun Aug  2 18:52:20 2026] [INFO] CSP: RX COMPLETE - Got 191 bytes from csp:2:43 (all fragments ACK'd) [components/cla/posix/cla_csp.c:432]
[Sun Aug  2 18:52:21 2026] [INFO] CSP: RX COMPLETE - Got 191 bytes from csp:2:43 (all fragments ACK'd) [components/cla/posix/cla_csp.c:432]
[Sun Aug  2 18:52:21 2026] [INFO] CSP: RX COMPLETE - Got 191 bytes from csp:2:43 (all fragments ACK'd) [components/cla/posix/cla_csp.c:432]
[Sun Aug  2 18:52:21 2026] [INFO] CSP: RX COMPLETE - Got 191 bytes from csp:2:43 (all fragments ACK'd) [components/cla/posix/cla_csp.c:432]
[Sun Aug  2 18:52:21 2026] [INFO] CSP: RX COMPLETE - Got 191 bytes from csp:2:43 (all fragments ACK'd) [components/cla/posix/cla_csp.c:432]
[Sun Aug  2 18:52:21 2026] [INFO] CSP: RX COMPLETE - Got 191 bytes from csp:2:43 (all fragments ACK'd) [components/cla/posix/cla_csp.c:432]
[Sun Aug  2 18:52:21 2026] [INFO] CSP: RX loop iteration 540, last_err=0 [components/cla/posix/cla_csp.c:405]
[Sun Aug  2 18:52:21 2026] [INFO] CSP: RX COMPLETE - Got 191 bytes from csp:2:43 (all fragments ACK'd) [components/cla/posix/cla_csp.c:432]
[Sun Aug  2 18:52:21 2026] [INFO] CSP: RX COMPLETE - Got 191 bytes from csp:2:43 (all fragments ACK'd) [components/cla/posix/cla_csp.c:432]
[Sun Aug  2 18:52:22 2026] [INFO] CSP: RX COMPLETE - Got 191 bytes from csp:2:43 (all fragments ACK'd) [components/cla/posix/cla_csp.c:432]
[Sun Aug  2 18:52:22 2026] [INFO] CSP: RX COMPLETE - Got 191 bytes from csp:2:43 (all fragments ACK'd) [components/cla/posix/cla_csp.c:432]
[Sun Aug  2 18:52:22 2026] [INFO] CSP: RX COMPLETE - Got 191 bytes from csp:2:43 (all fragments ACK'd) [components/cla/posix/cla_csp.c:432]
[Sun Aug  2 18:52:22 2026] [INFO] CSP: RX COMPLETE - Got 191 bytes from csp:2:43 (all fragments ACK'd) [components/cla/posix/cla_csp.c:432]
[Sun Aug  2 18:52:22 2026] [INFO] CSP: RX COMPLETE - Got 191 bytes from csp:2:43 (all fragments ACK'd) [components/cla/posix/cla_csp.c:432]
[Sun Aug  2 18:52:22 2026] [INFO] CSP: RX COMPLETE - Got 191 bytes from csp:2:43 (all fragments ACK'd) [components/cla/posix/cla_csp.c:432]
[Sun Aug  2 18:52:22 2026] [INFO] CSP: RX COMPLETE - Got 191 bytes from csp:2:43 (all fragments ACK'd) [components/cla/posix/cla_csp.c:432]
[Sun Aug  2 18:52:23 2026] [INFO] CSP: RX COMPLETE - Got 191 bytes from csp:2:43 (all fragments ACK'd) [components/cla/posix/cla_csp.c:432]
[Sun Aug  2 18:52:23 2026] [INFO] CSP: RX loop iteration 550, last_err=0 [components/cla/posix/cla_csp.c:405]
[Sun Aug  2 18:52:23 2026] [INFO] CSP: RX COMPLETE - Got 191 bytes from csp:2:43 (all fragments ACK'd) [components/cla/posix/cla_csp.c:432]
[Sun Aug  2 18:52:23 2026] [INFO] CSP: RX COMPLETE - Got 191 bytes from csp:2:43 (all fragments ACK'd) [components/cla/posix/cla_csp.c:432]
[Sun Aug  2 18:52:23 2026] [INFO] CSP: RX COMPLETE - Got 191 bytes from csp:2:43 (all fragments ACK'd) [components/cla/posix/cla_csp.c:432]
[Sun Aug  2 18:52:23 2026] [INFO] CSP: RX COMPLETE - Got 191 bytes from csp:2:43 (all fragments ACK'd) [components/cla/posix/cla_csp.c:432]
[Sun Aug  2 18:52:23 2026] [INFO] CSP: RX COMPLETE - Got 191 bytes from csp:2:43 (all fragments ACK'd) [components/cla/posix/cla_csp.c:432]
[Sun Aug  2 18:52:24 2026] [INFO] CSP: RX COMPLETE - Got 191 bytes from csp:2:43 (all fragments ACK'd) [components/cla/posix/cla_csp.c:432]
[Sun Aug  2 18:52:24 2026] [INFO] CSP: RX COMPLETE - Got 191 bytes from csp:2:43 (all fragments ACK'd) [components/cla/posix/cla_csp.c:432]
[Sun Aug  2 18:52:24 2026] [INFO] CSP: RX COMPLETE - Got 191 bytes from csp:2:43 (all fragments ACK'd) [components/cla/posix/cla_csp.c:432]
[Sun Aug  2 18:52:24 2026] [INFO] CSP: RX COMPLETE - Got 191 bytes from csp:2:43 (all fragments ACK'd) [components/cla/posix/cla_csp.c:432]
[Sun Aug  2 18:52:24 2026] [INFO] CSP: RX COMPLETE - Got 191 bytes from csp:2:43 (all fragments ACK'd) [components/cla/posix/cla_csp.c:432]
[Sun Aug  2 18:52:24 2026] [INFO] CSP: RX loop iteration 560, last_err=0 [components/cla/posix/cla_csp.c:405]
[Sun Aug  2 18:52:24 2026] [INFO] CSP: RX COMPLETE - Got 191 bytes from csp:2:43 (all fragments ACK'd) [components/cla/posix/cla_csp.c:432]
[Sun Aug  2 18:52:24 2026] [INFO] CSP: RX COMPLETE - Got 191 bytes from csp:2:43 (all fragments ACK'd) [components/cla/posix/cla_csp.c:432]
[Sun Aug  2 18:52:25 2026] [INFO] CSP: RX COMPLETE - Got 191 bytes from csp:2:43 (all fragments ACK'd) [components/cla/posix/cla_csp.c:432]
[Sun Aug  2 18:52:25 2026] [INFO] CSP: RX COMPLETE - Got 191 bytes from csp:2:43 (all fragments ACK'd) [components/cla/posix/cla_csp.c:432]
[Sun Aug  2 18:52:25 2026] [INFO] CSP: RX COMPLETE - Got 191 bytes from csp:2:43 (all fragments ACK'd) [components/cla/posix/cla_csp.c:432]
[Sun Aug  2 18:52:25 2026] [INFO] CSP: RX COMPLETE - Got 191 bytes from csp:2:43 (all fragments ACK'd) [components/cla/posix/cla_csp.c:432]
[Sun Aug  2 18:52:25 2026] [INFO] CSP: RX COMPLETE - Got 191 bytes from csp:2:43 (all fragments ACK'd) [components/cla/posix/cla_csp.c:432]
[Sun Aug  2 18:52:25 2026] [INFO] CSP: RX COMPLETE - Got 191 bytes from csp:2:43 (all fragments ACK'd) [components/cla/posix/cla_csp.c:432]
[Sun Aug  2 18:52:26 2026] [INFO] CSP: RX COMPLETE - Got 191 bytes from csp:2:43 (all fragments ACK'd) [components/cla/posix/cla_csp.c:432]
[Sun Aug  2 18:52:26 2026] [INFO] CSP: RX COMPLETE - Got 191 bytes from csp:2:43 (all fragments ACK'd) [components/cla/posix/cla_csp.c:432]
[Sun Aug  2 18:52:26 2026] [INFO] CSP: RX loop iteration 570, last_err=0 [components/cla/posix/cla_csp.c:405]
[Sun Aug  2 18:52:26 2026] [INFO] CSP: RX COMPLETE - Got 191 bytes from csp:2:43 (all fragments ACK'd) [components/cla/posix/cla_csp.c:432]
[Sun Aug  2 18:52:26 2026] [INFO] CSP: RX COMPLETE - Got 191 bytes from csp:2:43 (all fragments ACK'd) [components/cla/posix/cla_csp.c:432]
[Sun Aug  2 18:52:26 2026] [INFO] CSP: RX COMPLETE - Got 191 bytes from csp:2:43 (all fragments ACK'd) [components/cla/posix/cla_csp.c:432]
[Sun Aug  2 18:52:26 2026] [INFO] CSP: RX COMPLETE - Got 191 bytes from csp:2:43 (all fragments ACK'd) [components/cla/posix/cla_csp.c:432]
[Sun Aug  2 18:52:27 2026] [INFO] CSP: RX COMPLETE - Got 191 bytes from csp:2:43 (all fragments ACK'd) [components/cla/posix/cla_csp.c:432]
[Sun Aug  2 18:52:27 2026] [INFO] CSP: RX COMPLETE - Got 191 bytes from csp:2:43 (all fragments ACK'd) [components/cla/posix/cla_csp.c:432]
[Sun Aug  2 18:52:27 2026] [INFO] CSP: RX COMPLETE - Got 191 bytes from csp:2:43 (all fragments ACK'd) [components/cla/posix/cla_csp.c:432]
[Sun Aug  2 18:52:27 2026] [INFO] CSP: RX COMPLETE - Got 191 bytes from csp:2:43 (all fragments ACK'd) [components/cla/posix/cla_csp.c:432]
[Sun Aug  2 18:52:27 2026] [INFO] CSP: RX COMPLETE - Got 191 bytes from csp:2:43 (all fragments ACK'd) [components/cla/posix/cla_csp.c:432]
[Sun Aug  2 18:52:27 2026] [INFO] CSP: RX COMPLETE - Got 191 bytes from csp:2:43 (all fragments ACK'd) [components/cla/posix/cla_csp.c:432]
[Sun Aug  2 18:52:27 2026] [INFO] CSP: RX loop iteration 580, last_err=0 [components/cla/posix/cla_csp.c:405]
[Sun Aug  2 18:52:27 2026] [INFO] CSP: RX COMPLETE - Got 191 bytes from csp:2:43 (all fragments ACK'd) [components/cla/posix/cla_csp.c:432]
[Sun Aug  2 18:52:28 2026] [INFO] CSP: RX COMPLETE - Got 191 bytes from csp:2:43 (all fragments ACK'd) [components/cla/posix/cla_csp.c:432]
[Sun Aug  2 18:52:28 2026] [INFO] CSP: RX COMPLETE - Got 191 bytes from csp:2:43 (all fragments ACK'd) [components/cla/posix/cla_csp.c:432]
[Sun Aug  2 18:52:28 2026] [INFO] CSP: RX COMPLETE - Got 191 bytes from csp:2:43 (all fragments ACK'd) [components/cla/posix/cla_csp.c:432]
[Sun Aug  2 18:52:28 2026] [INFO] CSP: RX COMPLETE - Got 191 bytes from csp:2:43 (all fragments ACK'd) [components/cla/posix/cla_csp.c:432]
[Sun Aug  2 18:52:28 2026] [INFO] CSP: RX COMPLETE - Got 191 bytes from csp:2:43 (all fragments ACK'd) [components/cla/posix/cla_csp.c:432]
[Sun Aug  2 18:52:28 2026] [INFO] CSP: RX COMPLETE - Got 191 bytes from csp:2:43 (all fragments ACK'd) [components/cla/posix/cla_csp.c:432]
[Sun Aug  2 18:52:29 2026] [INFO] CSP: RX COMPLETE - Got 191 bytes from csp:2:43 (all fragments ACK'd) [components/cla/posix/cla_csp.c:432]
[Sun Aug  2 18:52:29 2026] [INFO] CSP: RX COMPLETE - Got 191 bytes from csp:2:43 (all fragments ACK'd) [components/cla/posix/cla_csp.c:432]
[Sun Aug  2 18:52:29 2026] [INFO] CSP: RX COMPLETE - Got 191 bytes from csp:2:43 (all fragments ACK'd) [components/cla/posix/cla_csp.c:432]
[Sun Aug  2 18:52:29 2026] [INFO] CSP: RX loop iteration 590, last_err=0 [components/cla/posix/cla_csp.c:405]
[Sun Aug  2 18:52:29 2026] [INFO] CSP: RX COMPLETE - Got 191 bytes from csp:2:43 (all fragments ACK'd) [components/cla/posix/cla_csp.c:432]
[Sun Aug  2 18:52:29 2026] [INFO] CSP: RX COMPLETE - Got 191 bytes from csp:2:43 (all fragments ACK'd) [components/cla/posix/cla_csp.c:432]
[Sun Aug  2 18:52:29 2026] [INFO] CSP: RX COMPLETE - Got 191 bytes from csp:2:43 (all fragments ACK'd) [components/cla/posix/cla_csp.c:432]
[Sun Aug  2 18:52:30 2026] [INFO] CSP: RX COMPLETE - Got 191 bytes from csp:2:43 (all fragments ACK'd) [components/cla/posix/cla_csp.c:432]
[Sun Aug  2 18:52:30 2026] [INFO] CSP: RX COMPLETE - Got 191 bytes from csp:2:43 (all fragments ACK'd) [components/cla/posix/cla_csp.c:432]
[Sun Aug  2 18:52:30 2026] [INFO] CSP: RX COMPLETE - Got 191 bytes from csp:2:43 (all fragments ACK'd) [components/cla/posix/cla_csp.c:432]
[Sun Aug  2 18:52:30 2026] [INFO] CSP: RX COMPLETE - Got 191 bytes from csp:2:43 (all fragments ACK'd) [components/cla/posix/cla_csp.c:432]
[Sun Aug  2 18:52:30 2026] [INFO] CSP: RX COMPLETE - Got 191 bytes from csp:2:43 (all fragments ACK'd) [components/cla/posix/cla_csp.c:432]
[Sun Aug  2 18:52:30 2026] [INFO] CSP: RX COMPLETE - Got 191 bytes from csp:2:43 (all fragments ACK'd) [components/cla/posix/cla_csp.c:432]
[Sun Aug  2 18:52:30 2026] [INFO] CSP: RX COMPLETE - Got 191 bytes from csp:2:43 (all fragments ACK'd) [components/cla/posix/cla_csp.c:432]
[Sun Aug  2 18:52:31 2026] [INFO] CSP: RX loop iteration 600, last_err=0 [components/cla/posix/cla_csp.c:405]
[Sun Aug  2 18:52:31 2026] [INFO] CSP: RX COMPLETE - Got 191 bytes from csp:2:43 (all fragments ACK'd) [components/cla/posix/cla_csp.c:432]
[Sun Aug  2 18:52:31 2026] [INFO] CSP: RX COMPLETE - Got 191 bytes from csp:2:43 (all fragments ACK'd) [components/cla/posix/cla_csp.c:432]
[Sun Aug  2 18:52:31 2026] [INFO] CSP: RX COMPLETE - Got 191 bytes from csp:2:43 (all fragments ACK'd) [components/cla/posix/cla_csp.c:432]
[Sun Aug  2 18:52:31 2026] [INFO] CSP: RX COMPLETE - Got 191 bytes from csp:2:43 (all fragments ACK'd) [components/cla/posix/cla_csp.c:432]
[Sun Aug  2 18:52:31 2026] [INFO] CSP: RX COMPLETE - Got 191 bytes from csp:2:43 (all fragments ACK'd) [components/cla/posix/cla_csp.c:432]
[Sun Aug  2 18:52:31 2026] [INFO] CSP: RX COMPLETE - Got 191 bytes from csp:2:43 (all fragments ACK'd) [components/cla/posix/cla_csp.c:432]
[Sun Aug  2 18:52:32 2026] [INFO] CSP: RX COMPLETE - Got 191 bytes from csp:2:43 (all fragments ACK'd) [components/cla/posix/cla_csp.c:432]
[Sun Aug  2 18:52:32 2026] [INFO] CSP: RX COMPLETE - Got 191 bytes from csp:2:43 (all fragments ACK'd) [components/cla/posix/cla_csp.c:432]
[Sun Aug  2 18:52:32 2026] [INFO] CSP: RX COMPLETE - Got 191 bytes from csp:2:43 (all fragments ACK'd) [components/cla/posix/cla_csp.c:432]
[Sun Aug  2 18:52:32 2026] [INFO] CSP: RX COMPLETE - Got 191 bytes from csp:2:43 (all fragments ACK'd) [components/cla/posix/cla_csp.c:432]
[Sun Aug  2 18:52:32 2026] [INFO] CSP: RX loop iteration 610, last_err=0 [components/cla/posix/cla_csp.c:405]
[Sun Aug  2 18:52:32 2026] [INFO] CSP: RX COMPLETE - Got 191 bytes from csp:2:43 (all fragments ACK'd) [components/cla/posix/cla_csp.c:432]
[Sun Aug  2 18:52:32 2026] [INFO] CSP: RX COMPLETE - Got 191 bytes from csp:2:43 (all fragments ACK'd) [components/cla/posix/cla_csp.c:432]
[Sun Aug  2 18:52:33 2026] [INFO] CSP: RX COMPLETE - Got 191 bytes from csp:2:43 (all fragments ACK'd) [components/cla/posix/cla_csp.c:432]
[Sun Aug  2 18:52:33 2026] [INFO] CSP: RX COMPLETE - Got 191 bytes from csp:2:43 (all fragments ACK'd) [components/cla/posix/cla_csp.c:432]
[Sun Aug  2 18:52:33 2026] [INFO] CSP: RX COMPLETE - Got 191 bytes from csp:2:43 (all fragments ACK'd) [components/cla/posix/cla_csp.c:432]
[Sun Aug  2 18:52:33 2026] [INFO] CSP: RX COMPLETE - Got 191 bytes from csp:2:43 (all fragments ACK'd) [components/cla/posix/cla_csp.c:432]
[Sun Aug  2 18:52:33 2026] [INFO] CSP: RX COMPLETE - Got 191 bytes from csp:2:43 (all fragments ACK'd) [components/cla/posix/cla_csp.c:432]
[Sun Aug  2 18:52:33 2026] [INFO] CSP: RX COMPLETE - Got 191 bytes from csp:2:43 (all fragments ACK'd) [components/cla/posix/cla_csp.c:432]
[Sun Aug  2 18:52:33 2026] [INFO] CSP: RX COMPLETE - Got 191 bytes from csp:2:43 (all fragments ACK'd) [components/cla/posix/cla_csp.c:432]
[Sun Aug  2 18:52:33 2026] [INFO] CSP: RX COMPLETE - Got 191 bytes from csp:2:43 (all fragments ACK'd) [components/cla/posix/cla_csp.c:432]
[Sun Aug  2 18:52:34 2026] [INFO] CSP: RX loop iteration 620, last_err=0 [components/cla/posix/cla_csp.c:405]
[Sun Aug  2 18:52:34 2026] [INFO] CSP: RX COMPLETE - Got 191 bytes from csp:2:43 (all fragments ACK'd) [components/cla/posix/cla_csp.c:432]
[Sun Aug  2 18:52:34 2026] [INFO] CSP: RX COMPLETE - Got 191 bytes from csp:2:43 (all fragments ACK'd) [components/cla/posix/cla_csp.c:432]
[Sun Aug  2 18:52:34 2026] [INFO] CSP: RX COMPLETE - Got 191 bytes from csp:2:43 (all fragments ACK'd) [components/cla/posix/cla_csp.c:432]
[Sun Aug  2 18:52:34 2026] [INFO] CSP: RX COMPLETE - Got 191 bytes from csp:2:43 (all fragments ACK'd) [components/cla/posix/cla_csp.c:432]
[Sun Aug  2 18:52:34 2026] [INFO] CSP: RX COMPLETE - Got 191 bytes from csp:2:43 (all fragments ACK'd) [components/cla/posix/cla_csp.c:432]
[Sun Aug  2 18:52:35 2026] [INFO] CSP: RX COMPLETE - Got 191 bytes from csp:2:43 (all fragments ACK'd) [components/cla/posix/cla_csp.c:432]
[Sun Aug  2 18:52:35 2026] [INFO] CSP: RX COMPLETE - Got 191 bytes from csp:2:43 (all fragments ACK'd) [components/cla/posix/cla_csp.c:432]
[Sun Aug  2 18:52:35 2026] [INFO] CSP: RX COMPLETE - Got 191 bytes from csp:2:43 (all fragments ACK'd) [components/cla/posix/cla_csp.c:432]
[Sun Aug  2 18:52:35 2026] [INFO] CSP: RX COMPLETE - Got 191 bytes from csp:2:43 (all fragments ACK'd) [components/cla/posix/cla_csp.c:432]
[Sun Aug  2 18:52:35 2026] [INFO] CSP: RX COMPLETE - Got 191 bytes from csp:2:43 (all fragments ACK'd) [components/cla/posix/cla_csp.c:432]
[Sun Aug  2 18:52:35 2026] [INFO] CSP: RX loop iteration 630, last_err=0 [components/cla/posix/cla_csp.c:405]
[Sun Aug  2 18:52:35 2026] [INFO] CSP: RX COMPLETE - Got 191 bytes from csp:2:43 (all fragments ACK'd) [components/cla/posix/cla_csp.c:432]
[Sun Aug  2 18:52:35 2026] [INFO] CSP: RX COMPLETE - Got 191 bytes from csp:2:43 (all fragments ACK'd) [components/cla/posix/cla_csp.c:432]
[Sun Aug  2 18:52:36 2026] [INFO] CSP: RX COMPLETE - Got 191 bytes from csp:2:43 (all fragments ACK'd) [components/cla/posix/cla_csp.c:432]
[Sun Aug  2 18:52:36 2026] [INFO] CSP: RX COMPLETE - Got 191 bytes from csp:2:43 (all fragments ACK'd) [components/cla/posix/cla_csp.c:432]
[Sun Aug  2 18:52:36 2026] [INFO] CSP: RX COMPLETE - Got 191 bytes from csp:2:43 (all fragments ACK'd) [components/cla/posix/cla_csp.c:432]
[Sun Aug  2 18:52:36 2026] [INFO] CSP: RX COMPLETE - Got 191 bytes from csp:2:43 (all fragments ACK'd) [components/cla/posix/cla_csp.c:432]
[Sun Aug  2 18:52:36 2026] [INFO] CSP: RX COMPLETE - Got 191 bytes from csp:2:43 (all fragments ACK'd) [components/cla/posix/cla_csp.c:432]
[Sun Aug  2 18:52:36 2026] [INFO] CSP: RX COMPLETE - Got 191 bytes from csp:2:43 (all fragments ACK'd) [components/cla/posix/cla_csp.c:432]
[Sun Aug  2 18:52:36 2026] [INFO] CSP: RX COMPLETE - Got 191 bytes from csp:2:43 (all fragments ACK'd) [components/cla/posix/cla_csp.c:432]
[Sun Aug  2 18:52:37 2026] [INFO] CSP: RX COMPLETE - Got 191 bytes from csp:2:43 (all fragments ACK'd) [components/cla/posix/cla_csp.c:432]
[Sun Aug  2 18:52:37 2026] [INFO] CSP: RX loop iteration 640, last_err=0 [components/cla/posix/cla_csp.c:405]
[Sun Aug  2 18:52:37 2026] [INFO] CSP: RX COMPLETE - Got 191 bytes from csp:2:43 (all fragments ACK'd) [components/cla/posix/cla_csp.c:432]
[Sun Aug  2 18:52:37 2026] [INFO] CSP: RX COMPLETE - Got 191 bytes from csp:2:43 (all fragments ACK'd) [components/cla/posix/cla_csp.c:432]
[Sun Aug  2 18:52:37 2026] [INFO] CSP: RX COMPLETE - Got 191 bytes from csp:2:43 (all fragments ACK'd) [components/cla/posix/cla_csp.c:432]
[Sun Aug  2 18:52:37 2026] [INFO] CSP: RX COMPLETE - Got 191 bytes from csp:2:43 (all fragments ACK'd) [components/cla/posix/cla_csp.c:432]
[Sun Aug  2 18:52:37 2026] [INFO] CSP: RX COMPLETE - Got 191 bytes from csp:2:43 (all fragments ACK'd) [components/cla/posix/cla_csp.c:432]
[Sun Aug  2 18:52:38 2026] [INFO] CSP: RX COMPLETE - Got 191 bytes from csp:2:43 (all fragments ACK'd) [components/cla/posix/cla_csp.c:432]
[Sun Aug  2 18:52:38 2026] [INFO] CSP: RX COMPLETE - Got 191 bytes from csp:2:43 (all fragments ACK'd) [components/cla/posix/cla_csp.c:432]
[Sun Aug  2 18:52:38 2026] [INFO] CSP: RX COMPLETE - Got 191 bytes from csp:2:43 (all fragments ACK'd) [components/cla/posix/cla_csp.c:432]
[Sun Aug  2 18:52:38 2026] [INFO] CSP: RX COMPLETE - Got 191 bytes from csp:2:43 (all fragments ACK'd) [components/cla/posix/cla_csp.c:432]
[Sun Aug  2 18:52:38 2026] [INFO] CSP: RX COMPLETE - Got 191 bytes from csp:2:43 (all fragments ACK'd) [components/cla/posix/cla_csp.c:432]
[Sun Aug  2 18:52:38 2026] [INFO] CSP: RX loop iteration 650, last_err=0 [components/cla/posix/cla_csp.c:405]
[Sun Aug  2 18:52:38 2026] [INFO] CSP: RX COMPLETE - Got 191 bytes from csp:2:43 (all fragments ACK'd) [components/cla/posix/cla_csp.c:432]
[Sun Aug  2 18:52:38 2026] [INFO] CSP: RX COMPLETE - Got 191 bytes from csp:2:43 (all fragments ACK'd) [components/cla/posix/cla_csp.c:432]
[Sun Aug  2 18:52:39 2026] [INFO] CSP: RX COMPLETE - Got 191 bytes from csp:2:43 (all fragments ACK'd) [components/cla/posix/cla_csp.c:432]
[Sun Aug  2 18:52:39 2026] [INFO] CSP: RX COMPLETE - Got 191 bytes from csp:2:43 (all fragments ACK'd) [components/cla/posix/cla_csp.c:432]
[Sun Aug  2 18:52:39 2026] [INFO] CSP: RX COMPLETE - Got 191 bytes from csp:2:43 (all fragments ACK'd) [components/cla/posix/cla_csp.c:432]
[Sun Aug  2 18:52:39 2026] [INFO] CSP: RX COMPLETE - Got 191 bytes from csp:2:43 (all fragments ACK'd) [components/cla/posix/cla_csp.c:432]
[Sun Aug  2 18:52:39 2026] [INFO] CSP: RX COMPLETE - Got 191 bytes from csp:2:43 (all fragments ACK'd) [components/cla/posix/cla_csp.c:432]
[Sun Aug  2 18:52:39 2026] [INFO] CSP: RX COMPLETE - Got 191 bytes from csp:2:43 (all fragments ACK'd) [components/cla/posix/cla_csp.c:432]
[Sun Aug  2 18:52:40 2026] [INFO] CSP: RX COMPLETE - Got 191 bytes from csp:2:43 (all fragments ACK'd) [components/cla/posix/cla_csp.c:432]
[Sun Aug  2 18:52:40 2026] [INFO] CSP: RX COMPLETE - Got 191 bytes from csp:2:43 (all fragments ACK'd) [components/cla/posix/cla_csp.c:432]
[Sun Aug  2 18:52:40 2026] [INFO] CSP: RX loop iteration 660, last_err=0 [components/cla/posix/cla_csp.c:405]
[Sun Aug  2 18:52:40 2026] [INFO] CSP: RX COMPLETE - Got 191 bytes from csp:2:43 (all fragments ACK'd) [components/cla/posix/cla_csp.c:432]
[Sun Aug  2 18:52:40 2026] [INFO] CSP: RX COMPLETE - Got 191 bytes from csp:2:43 (all fragments ACK'd) [components/cla/posix/cla_csp.c:432]
[Sun Aug  2 18:52:40 2026] [INFO] CSP: RX COMPLETE - Got 191 bytes from csp:2:43 (all fragments ACK'd) [components/cla/posix/cla_csp.c:432]
[Sun Aug  2 18:52:41 2026] [INFO] CSP: RX COMPLETE - Got 191 bytes from csp:2:43 (all fragments ACK'd) [components/cla/posix/cla_csp.c:432]
[Sun Aug  2 18:52:41 2026] [INFO] CSP: RX COMPLETE - Got 191 bytes from csp:2:43 (all fragments ACK'd) [components/cla/posix/cla_csp.c:432]
[Sun Aug  2 18:52:41 2026] [INFO] CSP: RX COMPLETE - Got 191 bytes from csp:2:43 (all fragments ACK'd) [components/cla/posix/cla_csp.c:432]
[Sun Aug  2 18:52:41 2026] [INFO] CSP: RX COMPLETE - Got 191 bytes from csp:2:43 (all fragments ACK'd) [components/cla/posix/cla_csp.c:432]
[Sun Aug  2 18:52:41 2026] [INFO] CSP: RX COMPLETE - Got 191 bytes from csp:2:43 (all fragments ACK'd) [components/cla/posix/cla_csp.c:432]
[Sun Aug  2 18:52:41 2026] [INFO] CSP: RX COMPLETE - Got 191 bytes from csp:2:43 (all fragments ACK'd) [components/cla/posix/cla_csp.c:432]
[Sun Aug  2 18:52:41 2026] [INFO] CSP: RX COMPLETE - Got 191 bytes from csp:2:43 (all fragments ACK'd) [components/cla/posix/cla_csp.c:432]
[Sun Aug  2 18:52:41 2026] [INFO] CSP: RX loop iteration 670, last_err=0 [components/cla/posix/cla_csp.c:405]
[Sun Aug  2 18:52:41 2026] [INFO] CSP: RX COMPLETE - Got 191 bytes from csp:2:43 (all fragments ACK'd) [components/cla/posix/cla_csp.c:432]
[Sun Aug  2 18:52:42 2026] [INFO] CSP: RX COMPLETE - Got 191 bytes from csp:2:43 (all fragments ACK'd) [components/cla/posix/cla_csp.c:432]
[Sun Aug  2 18:52:42 2026] [INFO] CSP: RX COMPLETE - Got 191 bytes from csp:2:43 (all fragments ACK'd) [components/cla/posix/cla_csp.c:432]
[Sun Aug  2 18:52:42 2026] [INFO] CSP: RX COMPLETE - Got 191 bytes from csp:2:43 (all fragments ACK'd) [components/cla/posix/cla_csp.c:432]
[Sun Aug  2 18:52:42 2026] [INFO] CSP: RX COMPLETE - Got 191 bytes from csp:2:43 (all fragments ACK'd) [components/cla/posix/cla_csp.c:432]
[Sun Aug  2 18:52:43 2026] [INFO] CSP: RX COMPLETE - Got 191 bytes from csp:2:43 (all fragments ACK'd) [components/cla/posix/cla_csp.c:432]
[Sun Aug  2 18:52:43 2026] [INFO] CSP: RX COMPLETE - Got 191 bytes from csp:2:43 (all fragments ACK'd) [components/cla/posix/cla_csp.c:432]
[Sun Aug  2 18:52:43 2026] [INFO] CSP: RX COMPLETE - Got 191 bytes from csp:2:43 (all fragments ACK'd) [components/cla/posix/cla_csp.c:432]
[Sun Aug  2 18:52:43 2026] [INFO] CSP: RX COMPLETE - Got 191 bytes from csp:2:43 (all fragments ACK'd) [components/cla/posix/cla_csp.c:432]
[Sun Aug  2 18:52:43 2026] [INFO] CSP: RX COMPLETE - Got 191 bytes from csp:2:43 (all fragments ACK'd) [components/cla/posix/cla_csp.c:432]
[Sun Aug  2 18:52:43 2026] [INFO] CSP: RX loop iteration 680, last_err=0 [components/cla/posix/cla_csp.c:405]
[Sun Aug  2 18:52:43 2026] [INFO] CSP: RX COMPLETE - Got 191 bytes from csp:2:43 (all fragments ACK'd) [components/cla/posix/cla_csp.c:432]
[Sun Aug  2 18:52:43 2026] [INFO] CSP: RX COMPLETE - Got 191 bytes from csp:2:43 (all fragments ACK'd) [components/cla/posix/cla_csp.c:432]
[Sun Aug  2 18:52:43 2026] [INFO] CSP: RX COMPLETE - Got 191 bytes from csp:2:43 (all fragments ACK'd) [components/cla/posix/cla_csp.c:432]
[Sun Aug  2 18:52:44 2026] [INFO] CSP: RX COMPLETE - Got 191 bytes from csp:2:43 (all fragments ACK'd) [components/cla/posix/cla_csp.c:432]
[Sun Aug  2 18:52:44 2026] [INFO] CSP: RX COMPLETE - Got 191 bytes from csp:2:43 (all fragments ACK'd) [components/cla/posix/cla_csp.c:432]
[Sun Aug  2 18:52:44 2026] [INFO] CSP: RX COMPLETE - Got 191 bytes from csp:2:43 (all fragments ACK'd) [components/cla/posix/cla_csp.c:432]
[Sun Aug  2 18:52:44 2026] [INFO] CSP: RX COMPLETE - Got 191 bytes from csp:2:43 (all fragments ACK'd) [components/cla/posix/cla_csp.c:432]
[Sun Aug  2 18:52:44 2026] [INFO] CSP: RX COMPLETE - Got 191 bytes from csp:2:43 (all fragments ACK'd) [components/cla/posix/cla_csp.c:432]
[Sun Aug  2 18:52:44 2026] [INFO] CSP: RX COMPLETE - Got 191 bytes from csp:2:43 (all fragments ACK'd) [components/cla/posix/cla_csp.c:432]
[Sun Aug  2 18:52:44 2026] [INFO] CSP: RX COMPLETE - Got 191 bytes from csp:2:43 (all fragments ACK'd) [components/cla/posix/cla_csp.c:432]
[Sun Aug  2 18:52:44 2026] [INFO] CSP: RX loop iteration 690, last_err=0 [components/cla/posix/cla_csp.c:405]
[Sun Aug  2 18:52:44 2026] [INFO] CSP: RX COMPLETE - Got 191 bytes from csp:2:43 (all fragments ACK'd) [components/cla/posix/cla_csp.c:432]
[Sun Aug  2 18:52:45 2026] [INFO] CSP: RX COMPLETE - Got 191 bytes from csp:2:43 (all fragments ACK'd) [components/cla/posix/cla_csp.c:432]
[Sun Aug  2 18:52:45 2026] [INFO] CSP: RX COMPLETE - Got 191 bytes from csp:2:43 (all fragments ACK'd) [components/cla/posix/cla_csp.c:432]
[Sun Aug  2 18:52:45 2026] [INFO] CSP: RX COMPLETE - Got 191 bytes from csp:2:43 (all fragments ACK'd) [components/cla/posix/cla_csp.c:432]
[Sun Aug  2 18:52:45 2026] [INFO] CSP: RX COMPLETE - Got 191 bytes from csp:2:43 (all fragments ACK'd) [components/cla/posix/cla_csp.c:432]
[Sun Aug  2 18:52:45 2026] [INFO] CSP: RX COMPLETE - Got 191 bytes from csp:2:43 (all fragments ACK'd) [components/cla/posix/cla_csp.c:432]
[Sun Aug  2 18:52:45 2026] [INFO] CSP: RX COMPLETE - Got 191 bytes from csp:2:43 (all fragments ACK'd) [components/cla/posix/cla_csp.c:432]
[Sun Aug  2 18:52:46 2026] [INFO] CSP: RX COMPLETE - Got 191 bytes from csp:2:43 (all fragments ACK'd) [components/cla/posix/cla_csp.c:432]
[Sun Aug  2 18:52:46 2026] [INFO] CSP: RX COMPLETE - Got 191 bytes from csp:2:43 (all fragments ACK'd) [components/cla/posix/cla_csp.c:432]
[Sun Aug  2 18:52:46 2026] [INFO] CSP: RX COMPLETE - Got 191 bytes from csp:2:43 (all fragments ACK'd) [components/cla/posix/cla_csp.c:432]
[Sun Aug  2 18:52:46 2026] [INFO] CSP: RX loop iteration 700, last_err=0 [components/cla/posix/cla_csp.c:405]
[Sun Aug  2 18:52:46 2026] [INFO] CSP: RX COMPLETE - Got 191 bytes from csp:2:43 (all fragments ACK'd) [components/cla/posix/cla_csp.c:432]
[Sun Aug  2 18:52:46 2026] [INFO] CSP: RX COMPLETE - Got 191 bytes from csp:2:43 (all fragments ACK'd) [components/cla/posix/cla_csp.c:432]
[Sun Aug  2 18:52:47 2026] [INFO] CSP: RX COMPLETE - Got 191 bytes from csp:2:43 (all fragments ACK'd) [components/cla/posix/cla_csp.c:432]
[Sun Aug  2 18:52:47 2026] [INFO] CSP: RX COMPLETE - Got 191 bytes from csp:2:43 (all fragments ACK'd) [components/cla/posix/cla_csp.c:432]
[Sun Aug  2 18:52:47 2026] [INFO] CSP: RX COMPLETE - Got 191 bytes from csp:2:43 (all fragments ACK'd) [components/cla/posix/cla_csp.c:432]
[Sun Aug  2 18:52:47 2026] [INFO] CSP: RX COMPLETE - Got 191 bytes from csp:2:43 (all fragments ACK'd) [components/cla/posix/cla_csp.c:432]
[Sun Aug  2 18:52:47 2026] [INFO] CSP: RX COMPLETE - Got 191 bytes from csp:2:43 (all fragments ACK'd) [components/cla/posix/cla_csp.c:432]
[Sun Aug  2 18:52:47 2026] [INFO] CSP: RX COMPLETE - Got 191 bytes from csp:2:43 (all fragments ACK'd) [components/cla/posix/cla_csp.c:432]
[Sun Aug  2 18:52:47 2026] [INFO] CSP: RX COMPLETE - Got 191 bytes from csp:2:43 (all fragments ACK'd) [components/cla/posix/cla_csp.c:432]
[Sun Aug  2 18:52:47 2026] [INFO] CSP: RX COMPLETE - Got 191 bytes from csp:2:43 (all fragments ACK'd) [components/cla/posix/cla_csp.c:432]
[Sun Aug  2 18:52:48 2026] [INFO] CSP: RX loop iteration 710, last_err=0 [components/cla/posix/cla_csp.c:405]
[Sun Aug  2 18:52:48 2026] [INFO] CSP: RX COMPLETE - Got 191 bytes from csp:2:43 (all fragments ACK'd) [components/cla/posix/cla_csp.c:432]
[Sun Aug  2 18:52:48 2026] [INFO] CSP: RX COMPLETE - Got 191 bytes from csp:2:43 (all fragments ACK'd) [components/cla/posix/cla_csp.c:432]
[Sun Aug  2 18:52:48 2026] [INFO] CSP: RX COMPLETE - Got 191 bytes from csp:2:43 (all fragments ACK'd) [components/cla/posix/cla_csp.c:432]
[Sun Aug  2 18:52:48 2026] [INFO] CSP: RX COMPLETE - Got 191 bytes from csp:2:43 (all fragments ACK'd) [components/cla/posix/cla_csp.c:432]
[Sun Aug  2 18:52:49 2026] [INFO] CSP: RX COMPLETE - Got 191 bytes from csp:2:43 (all fragments ACK'd) [components/cla/posix/cla_csp.c:432]
[Sun Aug  2 18:52:49 2026] [INFO] CSP: RX COMPLETE - Got 191 bytes from csp:2:43 (all fragments ACK'd) [components/cla/posix/cla_csp.c:432]
[Sun Aug  2 18:52:49 2026] [INFO] CSP: RX COMPLETE - Got 191 bytes from csp:2:43 (all fragments ACK'd) [components/cla/posix/cla_csp.c:432]
[Sun Aug  2 18:52:49 2026] [INFO] CSP: RX COMPLETE - Got 191 bytes from csp:2:43 (all fragments ACK'd) [components/cla/posix/cla_csp.c:432]
[Sun Aug  2 18:52:49 2026] [INFO] CSP: RX COMPLETE - Got 191 bytes from csp:2:43 (all fragments ACK'd) [components/cla/posix/cla_csp.c:432]
[Sun Aug  2 18:52:49 2026] [INFO] CSP: RX COMPLETE - Got 191 bytes from csp:2:43 (all fragments ACK'd) [components/cla/posix/cla_csp.c:432]
[Sun Aug  2 18:52:49 2026] [INFO] CSP: RX loop iteration 720, last_err=0 [components/cla/posix/cla_csp.c:405]
[Sun Aug  2 18:52:49 2026] [INFO] CSP: RX COMPLETE - Got 191 bytes from csp:2:43 (all fragments ACK'd) [components/cla/posix/cla_csp.c:432]
[Sun Aug  2 18:52:49 2026] [INFO] CSP: RX COMPLETE - Got 191 bytes from csp:2:43 (all fragments ACK'd) [components/cla/posix/cla_csp.c:432]
[Sun Aug  2 18:52:50 2026] [INFO] CSP: RX COMPLETE - Got 191 bytes from csp:2:43 (all fragments ACK'd) [components/cla/posix/cla_csp.c:432]
[Sun Aug  2 18:52:50 2026] [INFO] CSP: RX COMPLETE - Got 191 bytes from csp:2:43 (all fragments ACK'd) [components/cla/posix/cla_csp.c:432]
[Sun Aug  2 18:52:50 2026] [INFO] CSP: RX COMPLETE - Got 191 bytes from csp:2:43 (all fragments ACK'd) [components/cla/posix/cla_csp.c:432]
[Sun Aug  2 18:52:50 2026] [INFO] CSP: RX COMPLETE - Got 191 bytes from csp:2:43 (all fragments ACK'd) [components/cla/posix/cla_csp.c:432]
[Sun Aug  2 18:52:50 2026] [INFO] CSP: RX COMPLETE - Got 191 bytes from csp:2:43 (all fragments ACK'd) [components/cla/posix/cla_csp.c:432]
[Sun Aug  2 18:52:50 2026] [INFO] CSP: RX COMPLETE - Got 191 bytes from csp:2:43 (all fragments ACK'd) [components/cla/posix/cla_csp.c:432]
[Sun Aug  2 18:52:50 2026] [INFO] CSP: RX COMPLETE - Got 191 bytes from csp:2:43 (all fragments ACK'd) [components/cla/posix/cla_csp.c:432]
[Sun Aug  2 18:52:50 2026] [INFO] CSP: RX COMPLETE - Got 191 bytes from csp:2:43 (all fragments ACK'd) [components/cla/posix/cla_csp.c:432]
[Sun Aug  2 18:52:51 2026] [INFO] CSP: RX loop iteration 730, last_err=0 [components/cla/posix/cla_csp.c:405]
[Sun Aug  2 18:52:51 2026] [INFO] CSP: RX COMPLETE - Got 191 bytes from csp:2:43 (all fragments ACK'd) [components/cla/posix/cla_csp.c:432]
[Sun Aug  2 18:52:51 2026] [INFO] CSP: RX COMPLETE - Got 191 bytes from csp:2:43 (all fragments ACK'd) [components/cla/posix/cla_csp.c:432]
[Sun Aug  2 18:52:51 2026] [INFO] CSP: RX COMPLETE - Got 191 bytes from csp:2:43 (all fragments ACK'd) [components/cla/posix/cla_csp.c:432]
[Sun Aug  2 18:52:51 2026] [INFO] CSP: RX COMPLETE - Got 191 bytes from csp:2:43 (all fragments ACK'd) [components/cla/posix/cla_csp.c:432]
[Sun Aug  2 18:52:51 2026] [INFO] CSP: RX COMPLETE - Got 191 bytes from csp:2:43 (all fragments ACK'd) [components/cla/posix/cla_csp.c:432]
[Sun Aug  2 18:52:52 2026] [INFO] CSP: RX COMPLETE - Got 191 bytes from csp:2:43 (all fragments ACK'd) [components/cla/posix/cla_csp.c:432]
[Sun Aug  2 18:52:52 2026] [INFO] CSP: RX COMPLETE - Got 191 bytes from csp:2:43 (all fragments ACK'd) [components/cla/posix/cla_csp.c:432]
[Sun Aug  2 18:52:52 2026] [INFO] CSP: RX COMPLETE - Got 191 bytes from csp:2:43 (all fragments ACK'd) [components/cla/posix/cla_csp.c:432]
[Sun Aug  2 18:52:52 2026] [INFO] CSP: RX COMPLETE - Got 191 bytes from csp:2:43 (all fragments ACK'd) [components/cla/posix/cla_csp.c:432]
[Sun Aug  2 18:52:52 2026] [INFO] CSP: RX COMPLETE - Got 191 bytes from csp:2:43 (all fragments ACK'd) [components/cla/posix/cla_csp.c:432]
[Sun Aug  2 18:52:52 2026] [INFO] CSP: RX loop iteration 740, last_err=0 [components/cla/posix/cla_csp.c:405]
[Sun Aug  2 18:52:52 2026] [INFO] CSP: RX COMPLETE - Got 191 bytes from csp:2:43 (all fragments ACK'd) [components/cla/posix/cla_csp.c:432]
[Sun Aug  2 18:52:52 2026] [INFO] CSP: RX COMPLETE - Got 191 bytes from csp:2:43 (all fragments ACK'd) [components/cla/posix/cla_csp.c:432]
[Sun Aug  2 18:52:53 2026] [INFO] CSP: RX COMPLETE - Got 191 bytes from csp:2:43 (all fragments ACK'd) [components/cla/posix/cla_csp.c:432]
[Sun Aug  2 18:52:53 2026] [INFO] CSP: RX COMPLETE - Got 191 bytes from csp:2:43 (all fragments ACK'd) [components/cla/posix/cla_csp.c:432]
[Sun Aug  2 18:52:53 2026] [INFO] CSP: RX COMPLETE - Got 191 bytes from csp:2:43 (all fragments ACK'd) [components/cla/posix/cla_csp.c:432]
[Sun Aug  2 18:52:53 2026] [INFO] CSP: RX COMPLETE - Got 191 bytes from csp:2:43 (all fragments ACK'd) [components/cla/posix/cla_csp.c:432]
[Sun Aug  2 18:52:53 2026] [INFO] CSP: RX COMPLETE - Got 191 bytes from csp:2:43 (all fragments ACK'd) [components/cla/posix/cla_csp.c:432]
[Sun Aug  2 18:52:53 2026] [INFO] CSP: RX COMPLETE - Got 191 bytes from csp:2:43 (all fragments ACK'd) [components/cla/posix/cla_csp.c:432]
[Sun Aug  2 18:52:53 2026] [INFO] CSP: RX COMPLETE - Got 191 bytes from csp:2:43 (all fragments ACK'd) [components/cla/posix/cla_csp.c:432]
[Sun Aug  2 18:52:54 2026] [INFO] CSP: RX COMPLETE - Got 191 bytes from csp:2:43 (all fragments ACK'd) [components/cla/posix/cla_csp.c:432]
[Sun Aug  2 18:52:54 2026] [INFO] CSP: RX loop iteration 750, last_err=0 [components/cla/posix/cla_csp.c:405]
[Sun Aug  2 18:52:54 2026] [INFO] CSP: RX COMPLETE - Got 191 bytes from csp:2:43 (all fragments ACK'd) [components/cla/posix/cla_csp.c:432]
[Sun Aug  2 18:52:54 2026] [INFO] CSP: RX COMPLETE - Got 191 bytes from csp:2:43 (all fragments ACK'd) [components/cla/posix/cla_csp.c:432]
[Sun Aug  2 18:52:54 2026] [INFO] CSP: RX COMPLETE - Got 191 bytes from csp:2:43 (all fragments ACK'd) [components/cla/posix/cla_csp.c:432]
[Sun Aug  2 18:52:54 2026] [INFO] CSP: RX COMPLETE - Got 191 bytes from csp:2:43 (all fragments ACK'd) [components/cla/posix/cla_csp.c:432]
[Sun Aug  2 18:52:54 2026] [INFO] CSP: RX COMPLETE - Got 191 bytes from csp:2:43 (all fragments ACK'd) [components/cla/posix/cla_csp.c:432]
[Sun Aug  2 18:52:55 2026] [INFO] CSP: RX COMPLETE - Got 191 bytes from csp:2:43 (all fragments ACK'd) [components/cla/posix/cla_csp.c:432]
[Sun Aug  2 18:52:55 2026] [INFO] CSP: RX COMPLETE - Got 191 bytes from csp:2:43 (all fragments ACK'd) [components/cla/posix/cla_csp.c:432]
[Sun Aug  2 18:52:55 2026] [INFO] CSP: RX COMPLETE - Got 191 bytes from csp:2:43 (all fragments ACK'd) [components/cla/posix/cla_csp.c:432]
[Sun Aug  2 18:52:55 2026] [INFO] CSP: RX COMPLETE - Got 191 bytes from csp:2:43 (all fragments ACK'd) [components/cla/posix/cla_csp.c:432]
[Sun Aug  2 18:52:55 2026] [INFO] CSP: RX COMPLETE - Got 191 bytes from csp:2:43 (all fragments ACK'd) [components/cla/posix/cla_csp.c:432]
[Sun Aug  2 18:52:55 2026] [INFO] CSP: RX loop iteration 760, last_err=0 [components/cla/posix/cla_csp.c:405]
[Sun Aug  2 18:52:55 2026] [INFO] CSP: RX COMPLETE - Got 191 bytes from csp:2:43 (all fragments ACK'd) [components/cla/posix/cla_csp.c:432]
[Sun Aug  2 18:52:55 2026] [INFO] CSP: RX COMPLETE - Got 191 bytes from csp:2:43 (all fragments ACK'd) [components/cla/posix/cla_csp.c:432]
[Sun Aug  2 18:52:56 2026] [INFO] CSP: RX COMPLETE - Got 191 bytes from csp:2:43 (all fragments ACK'd) [components/cla/posix/cla_csp.c:432]
[Sun Aug  2 18:52:56 2026] [INFO] CSP: RX COMPLETE - Got 191 bytes from csp:2:43 (all fragments ACK'd) [components/cla/posix/cla_csp.c:432]
[Sun Aug  2 18:52:56 2026] [INFO] CSP: RX COMPLETE - Got 191 bytes from csp:2:43 (all fragments ACK'd) [components/cla/posix/cla_csp.c:432]
[Sun Aug  2 18:52:56 2026] [INFO] CSP: RX COMPLETE - Got 191 bytes from csp:2:43 (all fragments ACK'd) [components/cla/posix/cla_csp.c:432]
[Sun Aug  2 18:52:56 2026] [INFO] CSP: RX COMPLETE - Got 191 bytes from csp:2:43 (all fragments ACK'd) [components/cla/posix/cla_csp.c:432]
[Sun Aug  2 18:52:56 2026] [INFO] CSP: RX COMPLETE - Got 191 bytes from csp:2:43 (all fragments ACK'd) [components/cla/posix/cla_csp.c:432]
[Sun Aug  2 18:52:56 2026] [INFO] CSP: RX COMPLETE - Got 191 bytes from csp:2:43 (all fragments ACK'd) [components/cla/posix/cla_csp.c:432]
[Sun Aug  2 18:52:57 2026] [INFO] CSP: RX COMPLETE - Got 191 bytes from csp:2:43 (all fragments ACK'd) [components/cla/posix/cla_csp.c:432]
[Sun Aug  2 18:52:57 2026] [INFO] CSP: RX loop iteration 770, last_err=0 [components/cla/posix/cla_csp.c:405]
[Sun Aug  2 18:52:57 2026] [INFO] CSP: RX COMPLETE - Got 191 bytes from csp:2:43 (all fragments ACK'd) [components/cla/posix/cla_csp.c:432]
[Sun Aug  2 18:52:57 2026] [INFO] CSP: RX COMPLETE - Got 191 bytes from csp:2:43 (all fragments ACK'd) [components/cla/posix/cla_csp.c:432]
[Sun Aug  2 18:52:57 2026] [INFO] CSP: RX COMPLETE - Got 191 bytes from csp:2:43 (all fragments ACK'd) [components/cla/posix/cla_csp.c:432]
[Sun Aug  2 18:52:57 2026] [INFO] CSP: RX COMPLETE - Got 191 bytes from csp:2:43 (all fragments ACK'd) [components/cla/posix/cla_csp.c:432]
[Sun Aug  2 18:52:57 2026] [INFO] CSP: RX COMPLETE - Got 191 bytes from csp:2:43 (all fragments ACK'd) [components/cla/posix/cla_csp.c:432]
[Sun Aug  2 18:52:58 2026] [INFO] CSP: RX COMPLETE - Got 191 bytes from csp:2:43 (all fragments ACK'd) [components/cla/posix/cla_csp.c:432]
[Sun Aug  2 18:52:58 2026] [INFO] CSP: RX COMPLETE - Got 191 bytes from csp:2:43 (all fragments ACK'd) [components/cla/posix/cla_csp.c:432]
[Sun Aug  2 18:52:58 2026] [INFO] CSP: RX COMPLETE - Got 191 bytes from csp:2:43 (all fragments ACK'd) [components/cla/posix/cla_csp.c:432]
[Sun Aug  2 18:52:58 2026] [INFO] CSP: RX COMPLETE - Got 191 bytes from csp:2:43 (all fragments ACK'd) [components/cla/posix/cla_csp.c:432]
[Sun Aug  2 18:52:58 2026] [INFO] CSP: RX COMPLETE - Got 191 bytes from csp:2:43 (all fragments ACK'd) [components/cla/posix/cla_csp.c:432]
[Sun Aug  2 18:52:58 2026] [INFO] CSP: RX loop iteration 780, last_err=0 [components/cla/posix/cla_csp.c:405]
[Sun Aug  2 18:52:58 2026] [INFO] CSP: RX COMPLETE - Got 191 bytes from csp:2:43 (all fragments ACK'd) [components/cla/posix/cla_csp.c:432]
[Sun Aug  2 18:52:58 2026] [INFO] CSP: RX COMPLETE - Got 191 bytes from csp:2:43 (all fragments ACK'd) [components/cla/posix/cla_csp.c:432]
[Sun Aug  2 18:52:59 2026] [INFO] CSP: RX COMPLETE - Got 191 bytes from csp:2:43 (all fragments ACK'd) [components/cla/posix/cla_csp.c:432]
[Sun Aug  2 18:52:59 2026] [INFO] CSP: RX COMPLETE - Got 191 bytes from csp:2:43 (all fragments ACK'd) [components/cla/posix/cla_csp.c:432]
[Sun Aug  2 18:52:59 2026] [INFO] CSP: RX COMPLETE - Got 191 bytes from csp:2:43 (all fragments ACK'd) [components/cla/posix/cla_csp.c:432]
[Sun Aug  2 18:52:59 2026] [INFO] CSP: RX COMPLETE - Got 191 bytes from csp:2:43 (all fragments ACK'd) [components/cla/posix/cla_csp.c:432]
[Sun Aug  2 18:52:59 2026] [INFO] CSP: RX COMPLETE - Got 191 bytes from csp:2:43 (all fragments ACK'd) [components/cla/posix/cla_csp.c:432]
[Sun Aug  2 18:53:00 2026] [INFO] CSP: RX COMPLETE - Got 191 bytes from csp:2:43 (all fragments ACK'd) [components/cla/posix/cla_csp.c:432]
[Sun Aug  2 18:53:00 2026] [INFO] CSP: RX COMPLETE - Got 191 bytes from csp:2:43 (all fragments ACK'd) [components/cla/posix/cla_csp.c:432]
[Sun Aug  2 18:53:00 2026] [INFO] CSP: RX COMPLETE - Got 191 bytes from csp:2:43 (all fragments ACK'd) [components/cla/posix/cla_csp.c:432]
[Sun Aug  2 18:53:00 2026] [INFO] CSP: RX loop iteration 790, last_err=0 [components/cla/posix/cla_csp.c:405]
[Sun Aug  2 18:53:00 2026] [INFO] CSP: RX COMPLETE - Got 191 bytes from csp:2:43 (all fragments ACK'd) [components/cla/posix/cla_csp.c:432]
[Sun Aug  2 18:53:00 2026] [INFO] CSP: RX COMPLETE - Got 191 bytes from csp:2:43 (all fragments ACK'd) [components/cla/posix/cla_csp.c:432]
[Sun Aug  2 18:53:00 2026] [INFO] CSP: RX COMPLETE - Got 191 bytes from csp:2:43 (all fragments ACK'd) [components/cla/posix/cla_csp.c:432]
[Sun Aug  2 18:53:01 2026] [INFO] CSP: RX COMPLETE - Got 191 bytes from csp:2:43 (all fragments ACK'd) [components/cla/posix/cla_csp.c:432]
[Sun Aug  2 18:53:01 2026] [INFO] CSP: RX COMPLETE - Got 191 bytes from csp:2:43 (all fragments ACK'd) [components/cla/posix/cla_csp.c:432]
[Sun Aug  2 18:53:01 2026] [INFO] CSP: RX COMPLETE - Got 191 bytes from csp:2:43 (all fragments ACK'd) [components/cla/posix/cla_csp.c:432]
[Sun Aug  2 18:53:01 2026] [INFO] CSP: RX COMPLETE - Got 191 bytes from csp:2:43 (all fragments ACK'd) [components/cla/posix/cla_csp.c:432]
[Sun Aug  2 18:53:01 2026] [INFO] CSP: RX COMPLETE - Got 191 bytes from csp:2:43 (all fragments ACK'd) [components/cla/posix/cla_csp.c:432]
[Sun Aug  2 18:53:01 2026] [INFO] CSP: RX COMPLETE - Got 191 bytes from csp:2:43 (all fragments ACK'd) [components/cla/posix/cla_csp.c:432]
[Sun Aug  2 18:53:01 2026] [INFO] CSP: RX COMPLETE - Got 191 bytes from csp:2:43 (all fragments ACK'd) [components/cla/posix/cla_csp.c:432]
[Sun Aug  2 18:53:01 2026] [INFO] CSP: RX loop iteration 800, last_err=0 [components/cla/posix/cla_csp.c:405]
[Sun Aug  2 18:53:01 2026] [INFO] CSP: RX COMPLETE - Got 191 bytes from csp:2:43 (all fragments ACK'd) [components/cla/posix/cla_csp.c:432]
[Sun Aug  2 18:53:02 2026] [INFO] CSP: RX COMPLETE - Got 191 bytes from csp:2:43 (all fragments ACK'd) [components/cla/posix/cla_csp.c:432]
[Sun Aug  2 18:53:02 2026] [INFO] CSP: RX COMPLETE - Got 191 bytes from csp:2:43 (all fragments ACK'd) [components/cla/posix/cla_csp.c:432]
[Sun Aug  2 18:53:02 2026] [INFO] CSP: RX COMPLETE - Got 191 bytes from csp:2:43 (all fragments ACK'd) [components/cla/posix/cla_csp.c:432]
[Sun Aug  2 18:53:02 2026] [INFO] CSP: RX COMPLETE - Got 191 bytes from csp:2:43 (all fragments ACK'd) [components/cla/posix/cla_csp.c:432]
[Sun Aug  2 18:53:02 2026] [INFO] CSP: RX COMPLETE - Got 191 bytes from csp:2:43 (all fragments ACK'd) [components/cla/posix/cla_csp.c:432]
[Sun Aug  2 18:53:02 2026] [INFO] CSP: RX COMPLETE - Got 191 bytes from csp:2:43 (all fragments ACK'd) [components/cla/posix/cla_csp.c:432]
[Sun Aug  2 18:53:03 2026] [INFO] CSP: RX COMPLETE - Got 191 bytes from csp:2:43 (all fragments ACK'd) [components/cla/posix/cla_csp.c:432]
[Sun Aug  2 18:53:03 2026] [INFO] CSP: RX COMPLETE - Got 191 bytes from csp:2:43 (all fragments ACK'd) [components/cla/posix/cla_csp.c:432]
[Sun Aug  2 18:53:03 2026] [INFO] CSP: RX COMPLETE - Got 191 bytes from csp:2:43 (all fragments ACK'd) [components/cla/posix/cla_csp.c:432]
[Sun Aug  2 18:53:03 2026] [INFO] CSP: RX loop iteration 810, last_err=0 [components/cla/posix/cla_csp.c:405]
[Sun Aug  2 18:53:03 2026] [INFO] CSP: RX COMPLETE - Got 191 bytes from csp:2:43 (all fragments ACK'd) [components/cla/posix/cla_csp.c:432]
[Sun Aug  2 18:53:03 2026] [INFO] CSP: RX COMPLETE - Got 191 bytes from csp:2:43 (all fragments ACK'd) [components/cla/posix/cla_csp.c:432]
[Sun Aug  2 18:53:03 2026] [INFO] CSP: RX COMPLETE - Got 191 bytes from csp:2:43 (all fragments ACK'd) [components/cla/posix/cla_csp.c:432]
[Sun Aug  2 18:53:04 2026] [INFO] CSP: RX COMPLETE - Got 191 bytes from csp:2:43 (all fragments ACK'd) [components/cla/posix/cla_csp.c:432]
[Sun Aug  2 18:53:04 2026] [INFO] CSP: RX COMPLETE - Got 191 bytes from csp:2:43 (all fragments ACK'd) [components/cla/posix/cla_csp.c:432]
[Sun Aug  2 18:53:04 2026] [INFO] CSP: RX COMPLETE - Got 191 bytes from csp:2:43 (all fragments ACK'd) [components/cla/posix/cla_csp.c:432]
[Sun Aug  2 18:53:04 2026] [INFO] CSP: RX COMPLETE - Got 191 bytes from csp:2:43 (all fragments ACK'd) [components/cla/posix/cla_csp.c:432]
[Sun Aug  2 18:53:04 2026] [INFO] CSP: RX COMPLETE - Got 191 bytes from csp:2:43 (all fragments ACK'd) [components/cla/posix/cla_csp.c:432]
[Sun Aug  2 18:53:04 2026] [INFO] CSP: RX COMPLETE - Got 191 bytes from csp:2:43 (all fragments ACK'd) [components/cla/posix/cla_csp.c:432]
[Sun Aug  2 18:53:04 2026] [INFO] CSP: RX COMPLETE - Got 191 bytes from csp:2:43 (all fragments ACK'd) [components/cla/posix/cla_csp.c:432]
[Sun Aug  2 18:53:05 2026] [INFO] CSP: RX loop iteration 820, last_err=0 [components/cla/posix/cla_csp.c:405]
[Sun Aug  2 18:53:05 2026] [INFO] CSP: RX COMPLETE - Got 191 bytes from csp:2:43 (all fragments ACK'd) [components/cla/posix/cla_csp.c:432]
[Sun Aug  2 18:53:05 2026] [INFO] CSP: RX COMPLETE - Got 191 bytes from csp:2:43 (all fragments ACK'd) [components/cla/posix/cla_csp.c:432]
[Sun Aug  2 18:53:05 2026] [INFO] CSP: RX COMPLETE - Got 191 bytes from csp:2:43 (all fragments ACK'd) [components/cla/posix/cla_csp.c:432]
[Sun Aug  2 18:53:05 2026] [INFO] CSP: RX COMPLETE - Got 191 bytes from csp:2:43 (all fragments ACK'd) [components/cla/posix/cla_csp.c:432]
[Sun Aug  2 18:53:05 2026] [INFO] CSP: RX COMPLETE - Got 191 bytes from csp:2:43 (all fragments ACK'd) [components/cla/posix/cla_csp.c:432]
[Sun Aug  2 18:53:05 2026] [INFO] CSP: RX COMPLETE - Got 191 bytes from csp:2:43 (all fragments ACK'd) [components/cla/posix/cla_csp.c:432]
[Sun Aug  2 18:53:05 2026] [INFO] CSP: RX COMPLETE - Got 191 bytes from csp:2:43 (all fragments ACK'd) [components/cla/posix/cla_csp.c:432]
[Sun Aug  2 18:53:06 2026] [INFO] CSP: RX COMPLETE - Got 191 bytes from csp:2:43 (all fragments ACK'd) [components/cla/posix/cla_csp.c:432]
[Sun Aug  2 18:53:06 2026] [INFO] CSP: RX COMPLETE - Got 191 bytes from csp:2:43 (all fragments ACK'd) [components/cla/posix/cla_csp.c:432]
[Sun Aug  2 18:53:06 2026] [INFO] CSP: RX COMPLETE - Got 191 bytes from csp:2:43 (all fragments ACK'd) [components/cla/posix/cla_csp.c:432]
[Sun Aug  2 18:53:06 2026] [INFO] CSP: RX loop iteration 830, last_err=0 [components/cla/posix/cla_csp.c:405]
[Sun Aug  2 18:53:06 2026] [INFO] CSP: RX COMPLETE - Got 191 bytes from csp:2:43 (all fragments ACK'd) [components/cla/posix/cla_csp.c:432]
[Sun Aug  2 18:53:06 2026] [INFO] CSP: RX COMPLETE - Got 191 bytes from csp:2:43 (all fragments ACK'd) [components/cla/posix/cla_csp.c:432]
[Sun Aug  2 18:53:07 2026] [INFO] CSP: RX COMPLETE - Got 191 bytes from csp:2:43 (all fragments ACK'd) [components/cla/posix/cla_csp.c:432]
[Sun Aug  2 18:53:07 2026] [INFO] CSP: RX COMPLETE - Got 191 bytes from csp:2:43 (all fragments ACK'd) [components/cla/posix/cla_csp.c:432]
[Sun Aug  2 18:53:07 2026] [INFO] CSP: RX COMPLETE - Got 191 bytes from csp:2:43 (all fragments ACK'd) [components/cla/posix/cla_csp.c:432]
[Sun Aug  2 18:53:07 2026] [INFO] CSP: RX COMPLETE - Got 191 bytes from csp:2:43 (all fragments ACK'd) [components/cla/posix/cla_csp.c:432]
[Sun Aug  2 18:53:07 2026] [INFO] CSP: RX COMPLETE - Got 191 bytes from csp:2:43 (all fragments ACK'd) [components/cla/posix/cla_csp.c:432]
[Sun Aug  2 18:53:07 2026] [INFO] CSP: RX COMPLETE - Got 191 bytes from csp:2:43 (all fragments ACK'd) [components/cla/posix/cla_csp.c:432]
[Sun Aug  2 18:53:07 2026] [INFO] CSP: RX COMPLETE - Got 191 bytes from csp:2:43 (all fragments ACK'd) [components/cla/posix/cla_csp.c:432]
[Sun Aug  2 18:53:07 2026] [INFO] CSP: RX COMPLETE - Got 191 bytes from csp:2:43 (all fragments ACK'd) [components/cla/posix/cla_csp.c:432]
[Sun Aug  2 18:53:08 2026] [INFO] CSP: RX loop iteration 840, last_err=0 [components/cla/posix/cla_csp.c:405]
[Sun Aug  2 18:53:08 2026] [INFO] CSP: RX COMPLETE - Got 191 bytes from csp:2:43 (all fragments ACK'd) [components/cla/posix/cla_csp.c:432]
[Sun Aug  2 18:53:08 2026] [INFO] CSP: RX COMPLETE - Got 191 bytes from csp:2:43 (all fragments ACK'd) [components/cla/posix/cla_csp.c:432]
[Sun Aug  2 18:53:08 2026] [INFO] CSP: RX COMPLETE - Got 191 bytes from csp:2:43 (all fragments ACK'd) [components/cla/posix/cla_csp.c:432]
[Sun Aug  2 18:53:08 2026] [INFO] CSP: RX COMPLETE - Got 191 bytes from csp:2:43 (all fragments ACK'd) [components/cla/posix/cla_csp.c:432]
[Sun Aug  2 18:53:08 2026] [INFO] CSP: RX COMPLETE - Got 191 bytes from csp:2:43 (all fragments ACK'd) [components/cla/posix/cla_csp.c:432]
[Sun Aug  2 18:53:09 2026] [INFO] CSP: RX COMPLETE - Got 191 bytes from csp:2:43 (all fragments ACK'd) [components/cla/posix/cla_csp.c:432]
[Sun Aug  2 18:53:09 2026] [INFO] CSP: RX COMPLETE - Got 191 bytes from csp:2:43 (all fragments ACK'd) [components/cla/posix/cla_csp.c:432]
[Sun Aug  2 18:53:09 2026] [INFO] CSP: RX COMPLETE - Got 191 bytes from csp:2:43 (all fragments ACK'd) [components/cla/posix/cla_csp.c:432]
[Sun Aug  2 18:53:09 2026] [INFO] CSP: RX COMPLETE - Got 191 bytes from csp:2:43 (all fragments ACK'd) [components/cla/posix/cla_csp.c:432]
[Sun Aug  2 18:53:09 2026] [INFO] CSP: RX COMPLETE - Got 191 bytes from csp:2:43 (all fragments ACK'd) [components/cla/posix/cla_csp.c:432]
[Sun Aug  2 18:53:09 2026] [INFO] CSP: RX loop iteration 850, last_err=0 [components/cla/posix/cla_csp.c:405]
[Sun Aug  2 18:53:09 2026] [INFO] CSP: RX COMPLETE - Got 191 bytes from csp:2:43 (all fragments ACK'd) [components/cla/posix/cla_csp.c:432]
[Sun Aug  2 18:53:09 2026] [INFO] CSP: RX COMPLETE - Got 191 bytes from csp:2:43 (all fragments ACK'd) [components/cla/posix/cla_csp.c:432]
[Sun Aug  2 18:53:10 2026] [INFO] CSP: RX COMPLETE - Got 191 bytes from csp:2:43 (all fragments ACK'd) [components/cla/posix/cla_csp.c:432]
[Sun Aug  2 18:53:10 2026] [INFO] CSP: RX COMPLETE - Got 191 bytes from csp:2:43 (all fragments ACK'd) [components/cla/posix/cla_csp.c:432]
[Sun Aug  2 18:53:10 2026] [INFO] CSP: RX COMPLETE - Got 191 bytes from csp:2:43 (all fragments ACK'd) [components/cla/posix/cla_csp.c:432]
[Sun Aug  2 18:53:10 2026] [INFO] CSP: RX COMPLETE - Got 191 bytes from csp:2:43 (all fragments ACK'd) [components/cla/posix/cla_csp.c:432]
[Sun Aug  2 18:53:10 2026] [INFO] CSP: RX COMPLETE - Got 191 bytes from csp:2:43 (all fragments ACK'd) [components/cla/posix/cla_csp.c:432]
[Sun Aug  2 18:53:10 2026] [INFO] CSP: RX COMPLETE - Got 191 bytes from csp:2:43 (all fragments ACK'd) [components/cla/posix/cla_csp.c:432]
[Sun Aug  2 18:53:10 2026] [INFO] CSP: RX COMPLETE - Got 191 bytes from csp:2:43 (all fragments ACK'd) [components/cla/posix/cla_csp.c:432]
[Sun Aug  2 18:53:10 2026] [INFO] CSP: RX COMPLETE - Got 191 bytes from csp:2:43 (all fragments ACK'd) [components/cla/posix/cla_csp.c:432]
[Sun Aug  2 18:53:11 2026] [INFO] CSP: RX loop iteration 860, last_err=0 [components/cla/posix/cla_csp.c:405]
[Sun Aug  2 18:53:11 2026] [INFO] CSP: RX COMPLETE - Got 191 bytes from csp:2:43 (all fragments ACK'd) [components/cla/posix/cla_csp.c:432]
[Sun Aug  2 18:53:11 2026] [INFO] CSP: RX COMPLETE - Got 191 bytes from csp:2:43 (all fragments ACK'd) [components/cla/posix/cla_csp.c:432]
[Sun Aug  2 18:53:11 2026] [INFO] CSP: RX COMPLETE - Got 191 bytes from csp:2:43 (all fragments ACK'd) [components/cla/posix/cla_csp.c:432]
[Sun Aug  2 18:53:11 2026] [INFO] CSP: RX COMPLETE - Got 191 bytes from csp:2:43 (all fragments ACK'd) [components/cla/posix/cla_csp.c:432]
[Sun Aug  2 18:53:11 2026] [INFO] CSP: RX COMPLETE - Got 191 bytes from csp:2:43 (all fragments ACK'd) [components/cla/posix/cla_csp.c:432]
[Sun Aug  2 18:53:12 2026] [INFO] CSP: RX COMPLETE - Got 191 bytes from csp:2:43 (all fragments ACK'd) [components/cla/posix/cla_csp.c:432]
[Sun Aug  2 18:53:12 2026] [INFO] CSP: RX COMPLETE - Got 191 bytes from csp:2:43 (all fragments ACK'd) [components/cla/posix/cla_csp.c:432]
[Sun Aug  2 18:53:12 2026] [INFO] CSP: RX COMPLETE - Got 191 bytes from csp:2:43 (all fragments ACK'd) [components/cla/posix/cla_csp.c:432]
[Sun Aug  2 18:53:12 2026] [INFO] CSP: RX COMPLETE - Got 191 bytes from csp:2:43 (all fragments ACK'd) [components/cla/posix/cla_csp.c:432]
[Sun Aug  2 18:53:12 2026] [INFO] CSP: RX COMPLETE - Got 191 bytes from csp:2:43 (all fragments ACK'd) [components/cla/posix/cla_csp.c:432]
[Sun Aug  2 18:53:12 2026] [INFO] CSP: RX loop iteration 870, last_err=0 [components/cla/posix/cla_csp.c:405]
[Sun Aug  2 18:53:12 2026] [INFO] CSP: RX COMPLETE - Got 191 bytes from csp:2:43 (all fragments ACK'd) [components/cla/posix/cla_csp.c:432]
[Sun Aug  2 18:53:12 2026] [INFO] CSP: RX COMPLETE - Got 191 bytes from csp:2:43 (all fragments ACK'd) [components/cla/posix/cla_csp.c:432]
[Sun Aug  2 18:53:13 2026] [INFO] CSP: RX COMPLETE - Got 191 bytes from csp:2:43 (all fragments ACK'd) [components/cla/posix/cla_csp.c:432]
[Sun Aug  2 18:53:13 2026] [INFO] CSP: RX COMPLETE - Got 191 bytes from csp:2:43 (all fragments ACK'd) [components/cla/posix/cla_csp.c:432]
[Sun Aug  2 18:53:13 2026] [INFO] CSP: RX COMPLETE - Got 191 bytes from csp:2:43 (all fragments ACK'd) [components/cla/posix/cla_csp.c:432]
[Sun Aug  2 18:53:13 2026] [INFO] CSP: RX COMPLETE - Got 191 bytes from csp:2:43 (all fragments ACK'd) [components/cla/posix/cla_csp.c:432]
[Sun Aug  2 18:53:13 2026] [INFO] CSP: RX COMPLETE - Got 191 bytes from csp:2:43 (all fragments ACK'd) [components/cla/posix/cla_csp.c:432]
[Sun Aug  2 18:53:13 2026] [INFO] CSP: RX COMPLETE - Got 191 bytes from csp:2:43 (all fragments ACK'd) [components/cla/posix/cla_csp.c:432]
[Sun Aug  2 18:53:13 2026] [INFO] CSP: RX COMPLETE - Got 191 bytes from csp:2:43 (all fragments ACK'd) [components/cla/posix/cla_csp.c:432]
[Sun Aug  2 18:53:14 2026] [INFO] CSP: RX COMPLETE - Got 191 bytes from csp:2:43 (all fragments ACK'd) [components/cla/posix/cla_csp.c:432]
[Sun Aug  2 18:53:14 2026] [INFO] CSP: RX loop iteration 880, last_err=0 [components/cla/posix/cla_csp.c:405]
[Sun Aug  2 18:53:14 2026] [INFO] CSP: RX COMPLETE - Got 191 bytes from csp:2:43 (all fragments ACK'd) [components/cla/posix/cla_csp.c:432]
[Sun Aug  2 18:53:14 2026] [INFO] CSP: RX COMPLETE - Got 191 bytes from csp:2:43 (all fragments ACK'd) [components/cla/posix/cla_csp.c:432]
[Sun Aug  2 18:53:14 2026] [INFO] CSP: RX COMPLETE - Got 191 bytes from csp:2:43 (all fragments ACK'd) [components/cla/posix/cla_csp.c:432]
[Sun Aug  2 18:53:14 2026] [INFO] CSP: RX COMPLETE - Got 191 bytes from csp:2:43 (all fragments ACK'd) [components/cla/posix/cla_csp.c:432]
[Sun Aug  2 18:53:14 2026] [INFO] CSP: RX COMPLETE - Got 191 bytes from csp:2:43 (all fragments ACK'd) [components/cla/posix/cla_csp.c:432]
[Sun Aug  2 18:53:15 2026] [INFO] CSP: RX COMPLETE - Got 191 bytes from csp:2:43 (all fragments ACK'd) [components/cla/posix/cla_csp.c:432]
[Sun Aug  2 18:53:15 2026] [INFO] CSP: RX COMPLETE - Got 191 bytes from csp:2:43 (all fragments ACK'd) [components/cla/posix/cla_csp.c:432]
[Sun Aug  2 18:53:15 2026] [INFO] CSP: RX COMPLETE - Got 191 bytes from csp:2:43 (all fragments ACK'd) [components/cla/posix/cla_csp.c:432]
[Sun Aug  2 18:53:15 2026] [INFO] CSP: RX COMPLETE - Got 191 bytes from csp:2:43 (all fragments ACK'd) [components/cla/posix/cla_csp.c:432]
[Sun Aug  2 18:53:15 2026] [INFO] CSP: RX COMPLETE - Got 191 bytes from csp:2:43 (all fragments ACK'd) [components/cla/posix/cla_csp.c:432]
[Sun Aug  2 18:53:15 2026] [INFO] CSP: RX loop iteration 890, last_err=0 [components/cla/posix/cla_csp.c:405]
[Sun Aug  2 18:53:15 2026] [INFO] CSP: RX COMPLETE - Got 191 bytes from csp:2:43 (all fragments ACK'd) [components/cla/posix/cla_csp.c:432]
[Sun Aug  2 18:53:15 2026] [INFO] CSP: RX COMPLETE - Got 191 bytes from csp:2:43 (all fragments ACK'd) [components/cla/posix/cla_csp.c:432]
[Sun Aug  2 18:53:16 2026] [INFO] CSP: RX COMPLETE - Got 191 bytes from csp:2:43 (all fragments ACK'd) [components/cla/posix/cla_csp.c:432]
[Sun Aug  2 18:53:16 2026] [INFO] CSP: RX COMPLETE - Got 191 bytes from csp:2:43 (all fragments ACK'd) [components/cla/posix/cla_csp.c:432]
[Sun Aug  2 18:53:16 2026] [INFO] CSP: RX COMPLETE - Got 191 bytes from csp:2:43 (all fragments ACK'd) [components/cla/posix/cla_csp.c:432]
[Sun Aug  2 18:53:16 2026] [INFO] CSP: RX COMPLETE - Got 191 bytes from csp:2:43 (all fragments ACK'd) [components/cla/posix/cla_csp.c:432]
[Sun Aug  2 18:53:16 2026] [INFO] CSP: RX COMPLETE - Got 191 bytes from csp:2:43 (all fragments ACK'd) [components/cla/posix/cla_csp.c:432]
[Sun Aug  2 18:53:16 2026] [INFO] CSP: RX COMPLETE - Got 191 bytes from csp:2:43 (all fragments ACK'd) [components/cla/posix/cla_csp.c:432]
[Sun Aug  2 18:53:17 2026] [INFO] CSP: RX COMPLETE - Got 191 bytes from csp:2:43 (all fragments ACK'd) [components/cla/posix/cla_csp.c:432]
[Sun Aug  2 18:53:17 2026] [INFO] CSP: RX COMPLETE - Got 191 bytes from csp:2:43 (all fragments ACK'd) [components/cla/posix/cla_csp.c:432]
[Sun Aug  2 18:53:17 2026] [INFO] CSP: RX loop iteration 900, last_err=0 [components/cla/posix/cla_csp.c:405]
[Sun Aug  2 18:53:17 2026] [INFO] CSP: RX COMPLETE - Got 191 bytes from csp:2:43 (all fragments ACK'd) [components/cla/posix/cla_csp.c:432]
[Sun Aug  2 18:53:17 2026] [INFO] CSP: RX COMPLETE - Got 191 bytes from csp:2:43 (all fragments ACK'd) [components/cla/posix/cla_csp.c:432]
[Sun Aug  2 18:53:17 2026] [INFO] CSP: RX COMPLETE - Got 191 bytes from csp:2:43 (all fragments ACK'd) [components/cla/posix/cla_csp.c:432]
[Sun Aug  2 18:53:17 2026] [INFO] CSP: RX COMPLETE - Got 191 bytes from csp:2:43 (all fragments ACK'd) [components/cla/posix/cla_csp.c:432]
[Sun Aug  2 18:53:18 2026] [INFO] CSP: RX COMPLETE - Got 191 bytes from csp:2:43 (all fragments ACK'd) [components/cla/posix/cla_csp.c:432]
[Sun Aug  2 18:53:18 2026] [INFO] CSP: RX COMPLETE - Got 191 bytes from csp:2:43 (all fragments ACK'd) [components/cla/posix/cla_csp.c:432]
[Sun Aug  2 18:53:18 2026] [INFO] CSP: RX COMPLETE - Got 191 bytes from csp:2:43 (all fragments ACK'd) [components/cla/posix/cla_csp.c:432]
[Sun Aug  2 18:53:18 2026] [INFO] CSP: RX COMPLETE - Got 191 bytes from csp:2:43 (all fragments ACK'd) [components/cla/posix/cla_csp.c:432]
[Sun Aug  2 18:53:18 2026] [INFO] CSP: RX COMPLETE - Got 191 bytes from csp:2:43 (all fragments ACK'd) [components/cla/posix/cla_csp.c:432]
[Sun Aug  2 18:53:18 2026] [INFO] CSP: RX COMPLETE - Got 191 bytes from csp:2:43 (all fragments ACK'd) [components/cla/posix/cla_csp.c:432]
[Sun Aug  2 18:53:18 2026] [INFO] CSP: RX loop iteration 910, last_err=0 [components/cla/posix/cla_csp.c:405]
[Sun Aug  2 18:53:18 2026] [INFO] CSP: RX COMPLETE - Got 191 bytes from csp:2:43 (all fragments ACK'd) [components/cla/posix/cla_csp.c:432]
[Sun Aug  2 18:53:19 2026] [INFO] CSP: RX COMPLETE - Got 191 bytes from csp:2:43 (all fragments ACK'd) [components/cla/posix/cla_csp.c:432]
[Sun Aug  2 18:53:19 2026] [INFO] CSP: RX COMPLETE - Got 191 bytes from csp:2:43 (all fragments ACK'd) [components/cla/posix/cla_csp.c:432]
[Sun Aug  2 18:53:19 2026] [INFO] CSP: RX COMPLETE - Got 191 bytes from csp:2:43 (all fragments ACK'd) [components/cla/posix/cla_csp.c:432]
[Sun Aug  2 18:53:19 2026] [INFO] CSP: RX COMPLETE - Got 191 bytes from csp:2:43 (all fragments ACK'd) [components/cla/posix/cla_csp.c:432]
[Sun Aug  2 18:53:19 2026] [INFO] CSP: RX COMPLETE - Got 191 bytes from csp:2:43 (all fragments ACK'd) [components/cla/posix/cla_csp.c:432]
[Sun Aug  2 18:53:19 2026] [INFO] CSP: RX COMPLETE - Got 191 bytes from csp:2:43 (all fragments ACK'd) [components/cla/posix/cla_csp.c:432]
[Sun Aug  2 18:53:20 2026] [INFO] CSP: RX COMPLETE - Got 191 bytes from csp:2:43 (all fragments ACK'd) [components/cla/posix/cla_csp.c:432]
[Sun Aug  2 18:53:20 2026] [INFO] CSP: RX COMPLETE - Got 191 bytes from csp:2:43 (all fragments ACK'd) [components/cla/posix/cla_csp.c:432]
[Sun Aug  2 18:53:20 2026] [INFO] CSP: RX COMPLETE - Got 191 bytes from csp:2:43 (all fragments ACK'd) [components/cla/posix/cla_csp.c:432]
[Sun Aug  2 18:53:20 2026] [INFO] CSP: RX loop iteration 920, last_err=0 [components/cla/posix/cla_csp.c:405]
[Sun Aug  2 18:53:20 2026] [INFO] CSP: RX COMPLETE - Got 191 bytes from csp:2:43 (all fragments ACK'd) [components/cla/posix/cla_csp.c:432]
[Sun Aug  2 18:53:20 2026] [INFO] CSP: RX COMPLETE - Got 191 bytes from csp:2:43 (all fragments ACK'd) [components/cla/posix/cla_csp.c:432]
[Sun Aug  2 18:53:20 2026] [INFO] CSP: RX COMPLETE - Got 191 bytes from csp:2:43 (all fragments ACK'd) [components/cla/posix/cla_csp.c:432]
[Sun Aug  2 18:53:21 2026] [INFO] CSP: RX COMPLETE - Got 191 bytes from csp:2:43 (all fragments ACK'd) [components/cla/posix/cla_csp.c:432]
[Sun Aug  2 18:53:21 2026] [INFO] CSP: RX COMPLETE - Got 191 bytes from csp:2:43 (all fragments ACK'd) [components/cla/posix/cla_csp.c:432]
[Sun Aug  2 18:53:21 2026] [INFO] CSP: RX COMPLETE - Got 191 bytes from csp:2:43 (all fragments ACK'd) [components/cla/posix/cla_csp.c:432]
[Sun Aug  2 18:53:21 2026] [INFO] CSP: RX COMPLETE - Got 191 bytes from csp:2:43 (all fragments ACK'd) [components/cla/posix/cla_csp.c:432]
[Sun Aug  2 18:53:21 2026] [INFO] CSP: RX COMPLETE - Got 191 bytes from csp:2:43 (all fragments ACK'd) [components/cla/posix/cla_csp.c:432]
[Sun Aug  2 18:53:21 2026] [INFO] CSP: RX COMPLETE - Got 191 bytes from csp:2:43 (all fragments ACK'd) [components/cla/posix/cla_csp.c:432]
[Sun Aug  2 18:53:21 2026] [INFO] CSP: RX COMPLETE - Got 191 bytes from csp:2:43 (all fragments ACK'd) [components/cla/posix/cla_csp.c:432]
[Sun Aug  2 18:53:22 2026] [INFO] CSP: RX loop iteration 930, last_err=0 [components/cla/posix/cla_csp.c:405]
[Sun Aug  2 18:53:22 2026] [INFO] CSP: RX COMPLETE - Got 191 bytes from csp:2:43 (all fragments ACK'd) [components/cla/posix/cla_csp.c:432]
[Sun Aug  2 18:53:22 2026] [INFO] CSP: RX COMPLETE - Got 191 bytes from csp:2:43 (all fragments ACK'd) [components/cla/posix/cla_csp.c:432]
[Sun Aug  2 18:53:22 2026] [INFO] CSP: RX COMPLETE - Got 191 bytes from csp:2:43 (all fragments ACK'd) [components/cla/posix/cla_csp.c:432]
[Sun Aug  2 18:53:22 2026] [INFO] CSP: RX COMPLETE - Got 191 bytes from csp:2:43 (all fragments ACK'd) [components/cla/posix/cla_csp.c:432]
[Sun Aug  2 18:53:22 2026] [INFO] CSP: RX COMPLETE - Got 191 bytes from csp:2:43 (all fragments ACK'd) [components/cla/posix/cla_csp.c:432]
[Sun Aug  2 18:53:23 2026] [INFO] CSP: RX COMPLETE - Got 191 bytes from csp:2:43 (all fragments ACK'd) [components/cla/posix/cla_csp.c:432]
[Sun Aug  2 18:53:23 2026] [INFO] CSP: RX COMPLETE - Got 191 bytes from csp:2:43 (all fragments ACK'd) [components/cla/posix/cla_csp.c:432]
[Sun Aug  2 18:53:23 2026] [INFO] CSP: RX COMPLETE - Got 191 bytes from csp:2:43 (all fragments ACK'd) [components/cla/posix/cla_csp.c:432]
[Sun Aug  2 18:53:23 2026] [INFO] CSP: RX COMPLETE - Got 191 bytes from csp:2:43 (all fragments ACK'd) [components/cla/posix/cla_csp.c:432]
[Sun Aug  2 18:53:23 2026] [INFO] CSP: RX COMPLETE - Got 191 bytes from csp:2:43 (all fragments ACK'd) [components/cla/posix/cla_csp.c:432]
[Sun Aug  2 18:53:23 2026] [INFO] CSP: RX loop iteration 940, last_err=0 [components/cla/posix/cla_csp.c:405]
[Sun Aug  2 18:53:23 2026] [INFO] CSP: RX COMPLETE - Got 191 bytes from csp:2:43 (all fragments ACK'd) [components/cla/posix/cla_csp.c:432]
[Sun Aug  2 18:53:23 2026] [INFO] CSP: RX COMPLETE - Got 191 bytes from csp:2:43 (all fragments ACK'd) [components/cla/posix/cla_csp.c:432]
[Sun Aug  2 18:53:23 2026] [INFO] CSP: RX COMPLETE - Got 191 bytes from csp:2:43 (all fragments ACK'd) [components/cla/posix/cla_csp.c:432]
[Sun Aug  2 18:53:24 2026] [INFO] CSP: RX COMPLETE - Got 191 bytes from csp:2:43 (all fragments ACK'd) [components/cla/posix/cla_csp.c:432]
[Sun Aug  2 18:53:24 2026] [INFO] CSP: RX COMPLETE - Got 191 bytes from csp:2:43 (all fragments ACK'd) [components/cla/posix/cla_csp.c:432]
[Sun Aug  2 18:53:24 2026] [INFO] CSP: RX COMPLETE - Got 191 bytes from csp:2:43 (all fragments ACK'd) [components/cla/posix/cla_csp.c:432]
[Sun Aug  2 18:53:24 2026] [INFO] CSP: RX COMPLETE - Got 191 bytes from csp:2:43 (all fragments ACK'd) [components/cla/posix/cla_csp.c:432]
[Sun Aug  2 18:53:24 2026] [INFO] CSP: RX COMPLETE - Got 191 bytes from csp:2:43 (all fragments ACK'd) [components/cla/posix/cla_csp.c:432]
[Sun Aug  2 18:53:24 2026] [INFO] CSP: RX COMPLETE - Got 191 bytes from csp:2:43 (all fragments ACK'd) [components/cla/posix/cla_csp.c:432]
[Sun Aug  2 18:53:24 2026] [INFO] CSP: RX COMPLETE - Got 191 bytes from csp:2:43 (all fragments ACK'd) [components/cla/posix/cla_csp.c:432]
[Sun Aug  2 18:53:25 2026] [INFO] CSP: RX loop iteration 950, last_err=0 [components/cla/posix/cla_csp.c:405]
[Sun Aug  2 18:53:25 2026] [INFO] CSP: RX COMPLETE - Got 191 bytes from csp:2:43 (all fragments ACK'd) [components/cla/posix/cla_csp.c:432]
[Sun Aug  2 18:53:25 2026] [INFO] CSP: RX COMPLETE - Got 191 bytes from csp:2:43 (all fragments ACK'd) [components/cla/posix/cla_csp.c:432]
[Sun Aug  2 18:53:25 2026] [INFO] CSP: RX COMPLETE - Got 191 bytes from csp:2:43 (all fragments ACK'd) [components/cla/posix/cla_csp.c:432]
[Sun Aug  2 18:53:25 2026] [INFO] CSP: RX COMPLETE - Got 191 bytes from csp:2:43 (all fragments ACK'd) [components/cla/posix/cla_csp.c:432]
[Sun Aug  2 18:53:25 2026] [INFO] CSP: RX COMPLETE - Got 191 bytes from csp:2:43 (all fragments ACK'd) [components/cla/posix/cla_csp.c:432]
[Sun Aug  2 18:53:26 2026] [INFO] CSP: RX COMPLETE - Got 191 bytes from csp:2:43 (all fragments ACK'd) [components/cla/posix/cla_csp.c:432]
[Sun Aug  2 18:53:26 2026] [INFO] CSP: RX COMPLETE - Got 191 bytes from csp:2:43 (all fragments ACK'd) [components/cla/posix/cla_csp.c:432]
[Sun Aug  2 18:53:26 2026] [INFO] CSP: RX COMPLETE - Got 191 bytes from csp:2:43 (all fragments ACK'd) [components/cla/posix/cla_csp.c:432]
[Sun Aug  2 18:53:26 2026] [INFO] CSP: RX COMPLETE - Got 191 bytes from csp:2:43 (all fragments ACK'd) [components/cla/posix/cla_csp.c:432]
[Sun Aug  2 18:53:26 2026] [INFO] CSP: RX COMPLETE - Got 191 bytes from csp:2:43 (all fragments ACK'd) [components/cla/posix/cla_csp.c:432]
[Sun Aug  2 18:53:26 2026] [INFO] CSP: RX loop iteration 960, last_err=0 [components/cla/posix/cla_csp.c:405]
[Sun Aug  2 18:53:26 2026] [INFO] CSP: RX COMPLETE - Got 191 bytes from csp:2:43 (all fragments ACK'd) [components/cla/posix/cla_csp.c:432]
[Sun Aug  2 18:53:26 2026] [INFO] CSP: RX COMPLETE - Got 191 bytes from csp:2:43 (all fragments ACK'd) [components/cla/posix/cla_csp.c:432]
[Sun Aug  2 18:53:27 2026] [INFO] CSP: RX COMPLETE - Got 191 bytes from csp:2:43 (all fragments ACK'd) [components/cla/posix/cla_csp.c:432]
[Sun Aug  2 18:53:27 2026] [INFO] CSP: RX COMPLETE - Got 191 bytes from csp:2:43 (all fragments ACK'd) [components/cla/posix/cla_csp.c:432]
[Sun Aug  2 18:53:27 2026] [INFO] CSP: RX COMPLETE - Got 191 bytes from csp:2:43 (all fragments ACK'd) [components/cla/posix/cla_csp.c:432]
[Sun Aug  2 18:53:27 2026] [INFO] CSP: RX COMPLETE - Got 191 bytes from csp:2:43 (all fragments ACK'd) [components/cla/posix/cla_csp.c:432]
[Sun Aug  2 18:53:27 2026] [INFO] CSP: RX COMPLETE - Got 191 bytes from csp:2:43 (all fragments ACK'd) [components/cla/posix/cla_csp.c:432]
[Sun Aug  2 18:53:27 2026] [INFO] CSP: RX COMPLETE - Got 191 bytes from csp:2:43 (all fragments ACK'd) [components/cla/posix/cla_csp.c:432]
[Sun Aug  2 18:53:27 2026] [INFO] CSP: RX COMPLETE - Got 191 bytes from csp:2:43 (all fragments ACK'd) [components/cla/posix/cla_csp.c:432]
[Sun Aug  2 18:53:27 2026] [INFO] CSP: RX COMPLETE - Got 191 bytes from csp:2:43 (all fragments ACK'd) [components/cla/posix/cla_csp.c:432]
[Sun Aug  2 18:53:28 2026] [INFO] CSP: RX loop iteration 970, last_err=0 [components/cla/posix/cla_csp.c:405]
[Sun Aug  2 18:53:28 2026] [INFO] CSP: RX COMPLETE - Got 191 bytes from csp:2:43 (all fragments ACK'd) [components/cla/posix/cla_csp.c:432]
[Sun Aug  2 18:53:28 2026] [INFO] CSP: RX COMPLETE - Got 191 bytes from csp:2:43 (all fragments ACK'd) [components/cla/posix/cla_csp.c:432]
[Sun Aug  2 18:53:28 2026] [INFO] CSP: RX COMPLETE - Got 191 bytes from csp:2:43 (all fragments ACK'd) [components/cla/posix/cla_csp.c:432]
[Sun Aug  2 18:53:28 2026] [INFO] CSP: RX COMPLETE - Got 191 bytes from csp:2:43 (all fragments ACK'd) [components/cla/posix/cla_csp.c:432]
[Sun Aug  2 18:53:28 2026] [INFO] CSP: RX COMPLETE - Got 191 bytes from csp:2:43 (all fragments ACK'd) [components/cla/posix/cla_csp.c:432]
[Sun Aug  2 18:53:28 2026] [INFO] CSP: RX COMPLETE - Got 191 bytes from csp:2:43 (all fragments ACK'd) [components/cla/posix/cla_csp.c:432]
[Sun Aug  2 18:53:29 2026] [INFO] CSP: RX COMPLETE - Got 191 bytes from csp:2:43 (all fragments ACK'd) [components/cla/posix/cla_csp.c:432]
[Sun Aug  2 18:53:29 2026] [INFO] CSP: RX COMPLETE - Got 191 bytes from csp:2:43 (all fragments ACK'd) [components/cla/posix/cla_csp.c:432]
[Sun Aug  2 18:53:29 2026] [INFO] CSP: RX COMPLETE - Got 191 bytes from csp:2:43 (all fragments ACK'd) [components/cla/posix/cla_csp.c:432]
[Sun Aug  2 18:53:29 2026] [INFO] CSP: RX COMPLETE - Got 191 bytes from csp:2:43 (all fragments ACK'd) [components/cla/posix/cla_csp.c:432]
[Sun Aug  2 18:53:29 2026] [INFO] CSP: RX loop iteration 980, last_err=0 [components/cla/posix/cla_csp.c:405]
[Sun Aug  2 18:53:29 2026] [INFO] CSP: RX COMPLETE - Got 191 bytes from csp:2:43 (all fragments ACK'd) [components/cla/posix/cla_csp.c:432]
[Sun Aug  2 18:53:29 2026] [INFO] CSP: RX COMPLETE - Got 191 bytes from csp:2:43 (all fragments ACK'd) [components/cla/posix/cla_csp.c:432]
[Sun Aug  2 18:53:30 2026] [INFO] CSP: RX COMPLETE - Got 191 bytes from csp:2:43 (all fragments ACK'd) [components/cla/posix/cla_csp.c:432]
[Sun Aug  2 18:53:30 2026] [INFO] CSP: RX COMPLETE - Got 191 bytes from csp:2:43 (all fragments ACK'd) [components/cla/posix/cla_csp.c:432]
[Sun Aug  2 18:53:30 2026] [INFO] CSP: RX COMPLETE - Got 191 bytes from csp:2:43 (all fragments ACK'd) [components/cla/posix/cla_csp.c:432]
[Sun Aug  2 18:53:30 2026] [INFO] CSP: RX COMPLETE - Got 191 bytes from csp:2:43 (all fragments ACK'd) [components/cla/posix/cla_csp.c:432]
[Sun Aug  2 18:53:30 2026] [INFO] CSP: RX COMPLETE - Got 191 bytes from csp:2:43 (all fragments ACK'd) [components/cla/posix/cla_csp.c:432]
[Sun Aug  2 18:53:30 2026] [INFO] CSP: RX COMPLETE - Got 191 bytes from csp:2:43 (all fragments ACK'd) [components/cla/posix/cla_csp.c:432]
[Sun Aug  2 18:53:30 2026] [INFO] CSP: RX COMPLETE - Got 191 bytes from csp:2:43 (all fragments ACK'd) [components/cla/posix/cla_csp.c:432]
[Sun Aug  2 18:53:31 2026] [INFO] CSP: RX COMPLETE - Got 191 bytes from csp:2:43 (all fragments ACK'd) [components/cla/posix/cla_csp.c:432]
[Sun Aug  2 18:53:31 2026] [INFO] CSP: RX loop iteration 990, last_err=0 [components/cla/posix/cla_csp.c:405]
[Sun Aug  2 18:53:31 2026] [INFO] CSP: RX COMPLETE - Got 191 bytes from csp:2:43 (all fragments ACK'd) [components/cla/posix/cla_csp.c:432]
[Sun Aug  2 18:53:31 2026] [INFO] CSP: RX COMPLETE - Got 191 bytes from csp:2:43 (all fragments ACK'd) [components/cla/posix/cla_csp.c:432]
[Sun Aug  2 18:53:31 2026] [INFO] CSP: RX COMPLETE - Got 191 bytes from csp:2:43 (all fragments ACK'd) [components/cla/posix/cla_csp.c:432]
[Sun Aug  2 18:53:31 2026] [INFO] CSP: RX COMPLETE - Got 191 bytes from csp:2:43 (all fragments ACK'd) [components/cla/posix/cla_csp.c:432]
[Sun Aug  2 18:53:31 2026] [INFO] CSP: RX COMPLETE - Got 191 bytes from csp:2:43 (all fragments ACK'd) [components/cla/posix/cla_csp.c:432]
[Sun Aug  2 18:53:32 2026] [INFO] CSP: RX COMPLETE - Got 191 bytes from csp:2:43 (all fragments ACK'd) [components/cla/posix/cla_csp.c:432]
[Sun Aug  2 18:53:32 2026] [INFO] CSP: RX COMPLETE - Got 191 bytes from csp:2:43 (all fragments ACK'd) [components/cla/posix/cla_csp.c:432]
[Sun Aug  2 18:53:32 2026] [INFO] CSP: RX COMPLETE - Got 191 bytes from csp:2:43 (all fragments ACK'd) [components/cla/posix/cla_csp.c:432]
[Sun Aug  2 18:53:32 2026] [INFO] CSP: RX COMPLETE - Got 191 bytes from csp:2:43 (all fragments ACK'd) [components/cla/posix/cla_csp.c:432]
[Sun Aug  2 18:53:32 2026] [INFO] CSP: RX COMPLETE - Got 191 bytes from csp:2:43 (all fragments ACK'd) [components/cla/posix/cla_csp.c:432]
[Sun Aug  2 18:53:32 2026] [INFO] CSP: RX loop iteration 1000, last_err=0 [components/cla/posix/cla_csp.c:405]
[Sun Aug  2 18:53:32 2026] [INFO] CSP: RX COMPLETE - Got 191 bytes from csp:2:43 (all fragments ACK'd) [components/cla/posix/cla_csp.c:432]
[Sun Aug  2 18:53:32 2026] [INFO] CSP: RX COMPLETE - Got 191 bytes from csp:2:43 (all fragments ACK'd) [components/cla/posix/cla_csp.c:432]
[Sun Aug  2 18:53:33 2026] [INFO] CSP: RX COMPLETE - Got 191 bytes from csp:2:43 (all fragments ACK'd) [components/cla/posix/cla_csp.c:432]
[Sun Aug  2 18:53:33 2026] [INFO] CSP: RX COMPLETE - Got 191 bytes from csp:2:43 (all fragments ACK'd) [components/cla/posix/cla_csp.c:432]
[Sun Aug  2 18:53:33 2026] [INFO] CSP: RX COMPLETE - Got 191 bytes from csp:2:43 (all fragments ACK'd) [components/cla/posix/cla_csp.c:432]
[Sun Aug  2 18:53:33 2026] [INFO] CSP: RX COMPLETE - Got 191 bytes from csp:2:43 (all fragments ACK'd) [components/cla/posix/cla_csp.c:432]
[Sun Aug  2 18:53:33 2026] [INFO] CSP: RX COMPLETE - Got 191 bytes from csp:2:43 (all fragments ACK'd) [components/cla/posix/cla_csp.c:432]
[Sun Aug  2 18:53:33 2026] [INFO] CSP: RX COMPLETE - Got 191 bytes from csp:2:43 (all fragments ACK'd) [components/cla/posix/cla_csp.c:432]
[Sun Aug  2 18:53:33 2026] [INFO] CSP: RX COMPLETE - Got 191 bytes from csp:2:43 (all fragments ACK'd) [components/cla/posix/cla_csp.c:432]
[Sun Aug  2 18:53:34 2026] [INFO] CSP: RX COMPLETE - Got 191 bytes from csp:2:43 (all fragments ACK'd) [components/cla/posix/cla_csp.c:432]
[Sun Aug  2 18:53:34 2026] [INFO] CSP: RX loop iteration 1010, last_err=0 [components/cla/posix/cla_csp.c:405]
[Sun Aug  2 18:53:34 2026] [INFO] CSP: RX COMPLETE - Got 191 bytes from csp:2:43 (all fragments ACK'd) [components/cla/posix/cla_csp.c:432]
[Sun Aug  2 18:53:34 2026] [INFO] CSP: RX COMPLETE - Got 191 bytes from csp:2:43 (all fragments ACK'd) [components/cla/posix/cla_csp.c:432]
[Sun Aug  2 18:53:34 2026] [INFO] CSP: RX COMPLETE - Got 384 bytes from csp:2:43 (all fragments ACK'd) [components/cla/posix/cla_csp.c:432]
[Sun Aug  2 18:53:35 2026] [INFO] CSP: RX COMPLETE - Got 384 bytes from csp:2:43 (all fragments ACK'd) [components/cla/posix/cla_csp.c:432]
[Sun Aug  2 18:53:35 2026] [INFO] CSP: RX COMPLETE - Got 384 bytes from csp:2:43 (all fragments ACK'd) [components/cla/posix/cla_csp.c:432]
[Sun Aug  2 18:53:35 2026] [INFO] CSP: RX COMPLETE - Got 384 bytes from csp:2:43 (all fragments ACK'd) [components/cla/posix/cla_csp.c:432]
[Sun Aug  2 18:53:35 2026] [INFO] CSP: RX COMPLETE - Got 384 bytes from csp:2:43 (all fragments ACK'd) [components/cla/posix/cla_csp.c:432]
[Sun Aug  2 18:53:36 2026] [INFO] CSP: RX COMPLETE - Got 384 bytes from csp:2:43 (all fragments ACK'd) [components/cla/posix/cla_csp.c:432]
[Sun Aug  2 18:53:36 2026] [INFO] CSP: RX COMPLETE - Got 384 bytes from csp:2:43 (all fragments ACK'd) [components/cla/posix/cla_csp.c:432]
[Sun Aug  2 18:53:36 2026] [INFO] CSP: RX COMPLETE - Got 384 bytes from csp:2:43 (all fragments ACK'd) [components/cla/posix/cla_csp.c:432]
[Sun Aug  2 18:53:37 2026] [INFO] CSP: RX loop iteration 1020, last_err=0 [components/cla/posix/cla_csp.c:405]
[Sun Aug  2 18:53:37 2026] [INFO] CSP: RX COMPLETE - Got 384 bytes from csp:2:43 (all fragments ACK'd) [components/cla/posix/cla_csp.c:432]
[Sun Aug  2 18:53:37 2026] [INFO] CSP: RX COMPLETE - Got 384 bytes from csp:2:43 (all fragments ACK'd) [components/cla/posix/cla_csp.c:432]
[Sun Aug  2 18:53:38 2026] [INFO] CSP: RX COMPLETE - Got 384 bytes from csp:2:43 (all fragments ACK'd) [components/cla/posix/cla_csp.c:432]
[Sun Aug  2 18:53:38 2026] [INFO] CSP: RX COMPLETE - Got 384 bytes from csp:2:43 (all fragments ACK'd) [components/cla/posix/cla_csp.c:432]
[Sun Aug  2 18:53:38 2026] [INFO] CSP: RX COMPLETE - Got 384 bytes from csp:2:43 (all fragments ACK'd) [components/cla/posix/cla_csp.c:432]
[Sun Aug  2 18:53:38 2026] [INFO] CSP: RX COMPLETE - Got 384 bytes from csp:2:43 (all fragments ACK'd) [components/cla/posix/cla_csp.c:432]
[Sun Aug  2 18:53:38 2026] [INFO] CSP: RX COMPLETE - Got 384 bytes from csp:2:43 (all fragments ACK'd) [components/cla/posix/cla_csp.c:432]
[Sun Aug  2 18:53:39 2026] [INFO] CSP: RX COMPLETE - Got 384 bytes from csp:2:43 (all fragments ACK'd) [components/cla/posix/cla_csp.c:432]
[Sun Aug  2 18:53:39 2026] [INFO] CSP: RX COMPLETE - Got 384 bytes from csp:2:43 (all fragments ACK'd) [components/cla/posix/cla_csp.c:432]
[Sun Aug  2 18:53:39 2026] [INFO] CSP: RX COMPLETE - Got 384 bytes from csp:2:43 (all fragments ACK'd) [components/cla/posix/cla_csp.c:432]
[Sun Aug  2 18:53:40 2026] [INFO] CSP: RX loop iteration 1030, last_err=0 [components/cla/posix/cla_csp.c:405]
[Sun Aug  2 18:53:40 2026] [INFO] CSP: RX COMPLETE - Got 384 bytes from csp:2:43 (all fragments ACK'd) [components/cla/posix/cla_csp.c:432]
[Sun Aug  2 18:53:40 2026] [INFO] CSP: RX COMPLETE - Got 384 bytes from csp:2:43 (all fragments ACK'd) [components/cla/posix/cla_csp.c:432]
[Sun Aug  2 18:53:40 2026] [INFO] CSP: RX COMPLETE - Got 384 bytes from csp:2:43 (all fragments ACK'd) [components/cla/posix/cla_csp.c:432]
[Sun Aug  2 18:53:41 2026] [INFO] CSP: RX COMPLETE - Got 384 bytes from csp:2:43 (all fragments ACK'd) [components/cla/posix/cla_csp.c:432]
[Sun Aug  2 18:53:41 2026] [INFO] CSP: RX COMPLETE - Got 384 bytes from csp:2:43 (all fragments ACK'd) [components/cla/posix/cla_csp.c:432]
[Sun Aug  2 18:53:41 2026] [INFO] CSP: RX COMPLETE - Got 384 bytes from csp:2:43 (all fragments ACK'd) [components/cla/posix/cla_csp.c:432]
[Sun Aug  2 18:53:41 2026] [INFO] CSP: RX COMPLETE - Got 384 bytes from csp:2:43 (all fragments ACK'd) [components/cla/posix/cla_csp.c:432]
[Sun Aug  2 18:53:42 2026] [INFO] CSP: RX COMPLETE - Got 384 bytes from csp:2:43 (all fragments ACK'd) [components/cla/posix/cla_csp.c:432]
[Sun Aug  2 18:53:42 2026] [INFO] CSP: RX COMPLETE - Got 384 bytes from csp:2:43 (all fragments ACK'd) [components/cla/posix/cla_csp.c:432]
[Sun Aug  2 18:53:42 2026] [INFO] CSP: RX COMPLETE - Got 384 bytes from csp:2:43 (all fragments ACK'd) [components/cla/posix/cla_csp.c:432]
[Sun Aug  2 18:53:43 2026] [INFO] CSP: RX loop iteration 1040, last_err=0 [components/cla/posix/cla_csp.c:405]
[Sun Aug  2 18:53:43 2026] [INFO] CSP: RX COMPLETE - Got 384 bytes from csp:2:43 (all fragments ACK'd) [components/cla/posix/cla_csp.c:432]
[Sun Aug  2 18:53:43 2026] [INFO] CSP: RX COMPLETE - Got 384 bytes from csp:2:43 (all fragments ACK'd) [components/cla/posix/cla_csp.c:432]
[Sun Aug  2 18:53:44 2026] [INFO] CSP: RX COMPLETE - Got 384 bytes from csp:2:43 (all fragments ACK'd) [components/cla/posix/cla_csp.c:432]
[Sun Aug  2 18:53:44 2026] [INFO] CSP: RX COMPLETE - Got 384 bytes from csp:2:43 (all fragments ACK'd) [components/cla/posix/cla_csp.c:432]
[Sun Aug  2 18:53:44 2026] [INFO] CSP: RX COMPLETE - Got 384 bytes from csp:2:43 (all fragments ACK'd) [components/cla/posix/cla_csp.c:432]
[Sun Aug  2 18:53:44 2026] [INFO] CSP: RX COMPLETE - Got 384 bytes from csp:2:43 (all fragments ACK'd) [components/cla/posix/cla_csp.c:432]
[Sun Aug  2 18:53:44 2026] [INFO] CSP: RX COMPLETE - Got 384 bytes from csp:2:43 (all fragments ACK'd) [components/cla/posix/cla_csp.c:432]
[Sun Aug  2 18:53:45 2026] [INFO] CSP: RX COMPLETE - Got 384 bytes from csp:2:43 (all fragments ACK'd) [components/cla/posix/cla_csp.c:432]
[Sun Aug  2 18:53:45 2026] [INFO] CSP: RX COMPLETE - Got 384 bytes from csp:2:43 (all fragments ACK'd) [components/cla/posix/cla_csp.c:432]
[Sun Aug  2 18:53:45 2026] [INFO] CSP: RX COMPLETE - Got 384 bytes from csp:2:43 (all fragments ACK'd) [components/cla/posix/cla_csp.c:432]
[Sun Aug  2 18:53:46 2026] [INFO] CSP: RX loop iteration 1050, last_err=0 [components/cla/posix/cla_csp.c:405]
[Sun Aug  2 18:53:46 2026] [INFO] CSP: RX COMPLETE - Got 384 bytes from csp:2:43 (all fragments ACK'd) [components/cla/posix/cla_csp.c:432]
[Sun Aug  2 18:53:46 2026] [INFO] CSP: RX COMPLETE - Got 384 bytes from csp:2:43 (all fragments ACK'd) [components/cla/posix/cla_csp.c:432]
[Sun Aug  2 18:53:46 2026] [INFO] CSP: RX COMPLETE - Got 384 bytes from csp:2:43 (all fragments ACK'd) [components/cla/posix/cla_csp.c:432]
[Sun Aug  2 18:53:46 2026] [INFO] CSP: RX COMPLETE - Got 384 bytes from csp:2:43 (all fragments ACK'd) [components/cla/posix/cla_csp.c:432]
[Sun Aug  2 18:53:47 2026] [INFO] CSP: RX COMPLETE - Got 384 bytes from csp:2:43 (all fragments ACK'd) [components/cla/posix/cla_csp.c:432]
[Sun Aug  2 18:53:47 2026] [INFO] CSP: RX COMPLETE - Got 384 bytes from csp:2:43 (all fragments ACK'd) [components/cla/posix/cla_csp.c:432]
[Sun Aug  2 18:53:47 2026] [INFO] CSP: RX COMPLETE - Got 384 bytes from csp:2:43 (all fragments ACK'd) [components/cla/posix/cla_csp.c:432]
[Sun Aug  2 18:53:48 2026] [INFO] CSP: RX COMPLETE - Got 384 bytes from csp:2:43 (all fragments ACK'd) [components/cla/posix/cla_csp.c:432]
[Sun Aug  2 18:53:48 2026] [INFO] CSP: RX COMPLETE - Got 384 bytes from csp:2:43 (all fragments ACK'd) [components/cla/posix/cla_csp.c:432]
[Sun Aug  2 18:53:48 2026] [INFO] CSP: RX COMPLETE - Got 384 bytes from csp:2:43 (all fragments ACK'd) [components/cla/posix/cla_csp.c:432]
[Sun Aug  2 18:53:49 2026] [INFO] CSP: RX loop iteration 1060, last_err=0 [components/cla/posix/cla_csp.c:405]
[Sun Aug  2 18:53:49 2026] [INFO] CSP: RX COMPLETE - Got 384 bytes from csp:2:43 (all fragments ACK'd) [components/cla/posix/cla_csp.c:432]
[Sun Aug  2 18:53:49 2026] [INFO] CSP: RX COMPLETE - Got 384 bytes from csp:2:43 (all fragments ACK'd) [components/cla/posix/cla_csp.c:432]
[Sun Aug  2 18:53:49 2026] [INFO] CSP: RX COMPLETE - Got 384 bytes from csp:2:43 (all fragments ACK'd) [components/cla/posix/cla_csp.c:432]
[Sun Aug  2 18:53:49 2026] [INFO] CSP: RX COMPLETE - Got 384 bytes from csp:2:43 (all fragments ACK'd) [components/cla/posix/cla_csp.c:432]
[Sun Aug  2 18:53:50 2026] [INFO] CSP: RX COMPLETE - Got 384 bytes from csp:2:43 (all fragments ACK'd) [components/cla/posix/cla_csp.c:432]
[Sun Aug  2 18:53:50 2026] [INFO] CSP: RX COMPLETE - Got 384 bytes from csp:2:43 (all fragments ACK'd) [components/cla/posix/cla_csp.c:432]
[Sun Aug  2 18:53:50 2026] [INFO] CSP: RX COMPLETE - Got 384 bytes from csp:2:43 (all fragments ACK'd) [components/cla/posix/cla_csp.c:432]
[Sun Aug  2 18:53:51 2026] [INFO] CSP: RX COMPLETE - Got 384 bytes from csp:2:43 (all fragments ACK'd) [components/cla/posix/cla_csp.c:432]
[Sun Aug  2 18:53:51 2026] [INFO] CSP: RX COMPLETE - Got 384 bytes from csp:2:43 (all fragments ACK'd) [components/cla/posix/cla_csp.c:432]
[Sun Aug  2 18:53:51 2026] [INFO] CSP: RX COMPLETE - Got 384 bytes from csp:2:43 (all fragments ACK'd) [components/cla/posix/cla_csp.c:432]
[Sun Aug  2 18:53:51 2026] [INFO] CSP: RX loop iteration 1070, last_err=0 [components/cla/posix/cla_csp.c:405]
[Sun Aug  2 18:53:51 2026] [INFO] CSP: RX COMPLETE - Got 384 bytes from csp:2:43 (all fragments ACK'd) [components/cla/posix/cla_csp.c:432]
[Sun Aug  2 18:53:52 2026] [INFO] CSP: RX COMPLETE - Got 384 bytes from csp:2:43 (all fragments ACK'd) [components/cla/posix/cla_csp.c:432]
[Sun Aug  2 18:53:52 2026] [INFO] CSP: RX COMPLETE - Got 384 bytes from csp:2:43 (all fragments ACK'd) [components/cla/posix/cla_csp.c:432]
[Sun Aug  2 18:53:52 2026] [INFO] CSP: RX COMPLETE - Got 384 bytes from csp:2:43 (all fragments ACK'd) [components/cla/posix/cla_csp.c:432]
[Sun Aug  2 18:53:53 2026] [INFO] CSP: RX COMPLETE - Got 384 bytes from csp:2:43 (all fragments ACK'd) [components/cla/posix/cla_csp.c:432]
[Sun Aug  2 18:53:53 2026] [INFO] CSP: RX COMPLETE - Got 384 bytes from csp:2:43 (all fragments ACK'd) [components/cla/posix/cla_csp.c:432]
[Sun Aug  2 18:53:53 2026] [INFO] CSP: RX COMPLETE - Got 384 bytes from csp:2:43 (all fragments ACK'd) [components/cla/posix/cla_csp.c:432]
[Sun Aug  2 18:53:54 2026] [INFO] CSP: RX COMPLETE - Got 384 bytes from csp:2:43 (all fragments ACK'd) [components/cla/posix/cla_csp.c:432]
[Sun Aug  2 18:53:54 2026] [INFO] CSP: RX COMPLETE - Got 384 bytes from csp:2:43 (all fragments ACK'd) [components/cla/posix/cla_csp.c:432]
[Sun Aug  2 18:53:54 2026] [INFO] CSP: RX COMPLETE - Got 384 bytes from csp:2:43 (all fragments ACK'd) [components/cla/posix/cla_csp.c:432]
[Sun Aug  2 18:53:55 2026] [INFO] CSP: RX loop iteration 1080, last_err=0 [components/cla/posix/cla_csp.c:405]
[Sun Aug  2 18:53:55 2026] [INFO] CSP: RX COMPLETE - Got 384 bytes from csp:2:43 (all fragments ACK'd) [components/cla/posix/cla_csp.c:432]
[Sun Aug  2 18:53:55 2026] [INFO] CSP: RX COMPLETE - Got 384 bytes from csp:2:43 (all fragments ACK'd) [components/cla/posix/cla_csp.c:432]
[Sun Aug  2 18:53:55 2026] [INFO] CSP: RX COMPLETE - Got 384 bytes from csp:2:43 (all fragments ACK'd) [components/cla/posix/cla_csp.c:432]
[Sun Aug  2 18:53:56 2026] [INFO] CSP: RX COMPLETE - Got 384 bytes from csp:2:43 (all fragments ACK'd) [components/cla/posix/cla_csp.c:432]
[Sun Aug  2 18:53:56 2026] [INFO] CSP: RX COMPLETE - Got 384 bytes from csp:2:43 (all fragments ACK'd) [components/cla/posix/cla_csp.c:432]
[Sun Aug  2 18:53:56 2026] [INFO] CSP: RX COMPLETE - Got 384 bytes from csp:2:43 (all fragments ACK'd) [components/cla/posix/cla_csp.c:432]
[Sun Aug  2 18:53:56 2026] [INFO] CSP: RX COMPLETE - Got 384 bytes from csp:2:43 (all fragments ACK'd) [components/cla/posix/cla_csp.c:432]
[Sun Aug  2 18:53:57 2026] [INFO] CSP: RX COMPLETE - Got 384 bytes from csp:2:43 (all fragments ACK'd) [components/cla/posix/cla_csp.c:432]
[Sun Aug  2 18:53:57 2026] [INFO] CSP: RX COMPLETE - Got 384 bytes from csp:2:43 (all fragments ACK'd) [components/cla/posix/cla_csp.c:432]
[Sun Aug  2 18:53:57 2026] [INFO] CSP: RX COMPLETE - Got 384 bytes from csp:2:43 (all fragments ACK'd) [components/cla/posix/cla_csp.c:432]
[Sun Aug  2 18:53:58 2026] [INFO] CSP: RX loop iteration 1090, last_err=0 [components/cla/posix/cla_csp.c:405]
[Sun Aug  2 18:53:58 2026] [INFO] CSP: RX COMPLETE - Got 384 bytes from csp:2:43 (all fragments ACK'd) [components/cla/posix/cla_csp.c:432]
[Sun Aug  2 18:53:58 2026] [INFO] CSP: RX COMPLETE - Got 384 bytes from csp:2:43 (all fragments ACK'd) [components/cla/posix/cla_csp.c:432]
[Sun Aug  2 18:53:58 2026] [INFO] CSP: RX COMPLETE - Got 384 bytes from csp:2:43 (all fragments ACK'd) [components/cla/posix/cla_csp.c:432]
[Sun Aug  2 18:53:58 2026] [INFO] CSP: RX COMPLETE - Got 384 bytes from csp:2:43 (all fragments ACK'd) [components/cla/posix/cla_csp.c:432]
[Sun Aug  2 18:53:59 2026] [INFO] CSP: RX COMPLETE - Got 384 bytes from csp:2:43 (all fragments ACK'd) [components/cla/posix/cla_csp.c:432]
[Sun Aug  2 18:53:59 2026] [INFO] CSP: RX COMPLETE - Got 384 bytes from csp:2:43 (all fragments ACK'd) [components/cla/posix/cla_csp.c:432]
[Sun Aug  2 18:53:59 2026] [INFO] CSP: RX COMPLETE - Got 384 bytes from csp:2:43 (all fragments ACK'd) [components/cla/posix/cla_csp.c:432]
[Sun Aug  2 18:54:00 2026] [INFO] CSP: RX COMPLETE - Got 384 bytes from csp:2:43 (all fragments ACK'd) [components/cla/posix/cla_csp.c:432]
[Sun Aug  2 18:54:00 2026] [INFO] CSP: RX COMPLETE - Got 384 bytes from csp:2:43 (all fragments ACK'd) [components/cla/posix/cla_csp.c:432]
[Sun Aug  2 18:54:00 2026] [INFO] CSP: RX COMPLETE - Got 384 bytes from csp:2:43 (all fragments ACK'd) [components/cla/posix/cla_csp.c:432]
[Sun Aug  2 18:54:00 2026] [INFO] CSP: RX loop iteration 1100, last_err=0 [components/cla/posix/cla_csp.c:405]
[Sun Aug  2 18:54:00 2026] [INFO] CSP: RX COMPLETE - Got 384 bytes from csp:2:43 (all fragments ACK'd) [components/cla/posix/cla_csp.c:432]
[Sun Aug  2 18:54:01 2026] [INFO] CSP: RX COMPLETE - Got 384 bytes from csp:2:43 (all fragments ACK'd) [components/cla/posix/cla_csp.c:432]
[Sun Aug  2 18:54:01 2026] [INFO] CSP: RX COMPLETE - Got 384 bytes from csp:2:43 (all fragments ACK'd) [components/cla/posix/cla_csp.c:432]
[Sun Aug  2 18:54:01 2026] [INFO] CSP: RX COMPLETE - Got 384 bytes from csp:2:43 (all fragments ACK'd) [components/cla/posix/cla_csp.c:432]
[Sun Aug  2 18:54:02 2026] [INFO] CSP: RX COMPLETE - Got 384 bytes from csp:2:43 (all fragments ACK'd) [components/cla/posix/cla_csp.c:432]
[Sun Aug  2 18:54:02 2026] [INFO] CSP: RX COMPLETE - Got 384 bytes from csp:2:43 (all fragments ACK'd) [components/cla/posix/cla_csp.c:432]
[Sun Aug  2 18:54:02 2026] [INFO] CSP: RX COMPLETE - Got 384 bytes from csp:2:43 (all fragments ACK'd) [components/cla/posix/cla_csp.c:432]
[Sun Aug  2 18:54:03 2026] [INFO] CSP: RX COMPLETE - Got 384 bytes from csp:2:43 (all fragments ACK'd) [components/cla/posix/cla_csp.c:432]
[Sun Aug  2 18:54:03 2026] [INFO] CSP: RX COMPLETE - Got 384 bytes from csp:2:43 (all fragments ACK'd) [components/cla/posix/cla_csp.c:432]
[Sun Aug  2 18:54:03 2026] [INFO] CSP: RX COMPLETE - Got 384 bytes from csp:2:43 (all fragments ACK'd) [components/cla/posix/cla_csp.c:432]
[Sun Aug  2 18:54:04 2026] [INFO] CSP: RX loop iteration 1110, last_err=0 [components/cla/posix/cla_csp.c:405]
[Sun Aug  2 18:54:04 2026] [INFO] CSP: RX COMPLETE - Got 384 bytes from csp:2:43 (all fragments ACK'd) [components/cla/posix/cla_csp.c:432]
[Sun Aug  2 18:54:04 2026] [INFO] CSP: RX COMPLETE - Got 384 bytes from csp:2:43 (all fragments ACK'd) [components/cla/posix/cla_csp.c:432]
[Sun Aug  2 18:54:04 2026] [INFO] CSP: RX COMPLETE - Got 384 bytes from csp:2:43 (all fragments ACK'd) [components/cla/posix/cla_csp.c:432]
[Sun Aug  2 18:54:04 2026] [INFO] CSP: RX COMPLETE - Got 384 bytes from csp:2:43 (all fragments ACK'd) [components/cla/posix/cla_csp.c:432]
[Sun Aug  2 18:54:05 2026] [INFO] CSP: RX COMPLETE - Got 384 bytes from csp:2:43 (all fragments ACK'd) [components/cla/posix/cla_csp.c:432]
[Sun Aug  2 18:54:05 2026] [INFO] CSP: RX COMPLETE - Got 384 bytes from csp:2:43 (all fragments ACK'd) [components/cla/posix/cla_csp.c:432]
[Sun Aug  2 18:54:05 2026] [INFO] CSP: RX COMPLETE - Got 384 bytes from csp:2:43 (all fragments ACK'd) [components/cla/posix/cla_csp.c:432]
[Sun Aug  2 18:54:06 2026] [INFO] CSP: RX COMPLETE - Got 384 bytes from csp:2:43 (all fragments ACK'd) [components/cla/posix/cla_csp.c:432]
[Sun Aug  2 18:54:06 2026] [INFO] CSP: RX COMPLETE - Got 384 bytes from csp:2:43 (all fragments ACK'd) [components/cla/posix/cla_csp.c:432]
[Sun Aug  2 18:54:06 2026] [INFO] CSP: RX COMPLETE - Got 384 bytes from csp:2:43 (all fragments ACK'd) [components/cla/posix/cla_csp.c:432]
[Sun Aug  2 18:54:07 2026] [INFO] CSP: RX loop iteration 1120, last_err=0 [components/cla/posix/cla_csp.c:405]
[Sun Aug  2 18:54:07 2026] [INFO] CSP: RX COMPLETE - Got 384 bytes from csp:2:43 (all fragments ACK'd) [components/cla/posix/cla_csp.c:432]
[Sun Aug  2 18:54:07 2026] [INFO] CSP: RX COMPLETE - Got 384 bytes from csp:2:43 (all fragments ACK'd) [components/cla/posix/cla_csp.c:432]
[Sun Aug  2 18:54:07 2026] [INFO] CSP: RX COMPLETE - Got 384 bytes from csp:2:43 (all fragments ACK'd) [components/cla/posix/cla_csp.c:432]
[Sun Aug  2 18:54:07 2026] [INFO] CSP: RX COMPLETE - Got 384 bytes from csp:2:43 (all fragments ACK'd) [components/cla/posix/cla_csp.c:432]
[Sun Aug  2 18:54:08 2026] [INFO] CSP: RX COMPLETE - Got 384 bytes from csp:2:43 (all fragments ACK'd) [components/cla/posix/cla_csp.c:432]
[Sun Aug  2 18:54:08 2026] [INFO] CSP: RX COMPLETE - Got 384 bytes from csp:2:43 (all fragments ACK'd) [components/cla/posix/cla_csp.c:432]
[Sun Aug  2 18:54:08 2026] [INFO] CSP: RX COMPLETE - Got 384 bytes from csp:2:43 (all fragments ACK'd) [components/cla/posix/cla_csp.c:432]
[Sun Aug  2 18:54:09 2026] [INFO] CSP: RX COMPLETE - Got 384 bytes from csp:2:43 (all fragments ACK'd) [components/cla/posix/cla_csp.c:432]
[Sun Aug  2 18:54:09 2026] [INFO] CSP: RX COMPLETE - Got 384 bytes from csp:2:43 (all fragments ACK'd) [components/cla/posix/cla_csp.c:432]
[Sun Aug  2 18:54:09 2026] [INFO] CSP: RX COMPLETE - Got 384 bytes from csp:2:43 (all fragments ACK'd) [components/cla/posix/cla_csp.c:432]
[Sun Aug  2 18:54:09 2026] [INFO] CSP: RX loop iteration 1130, last_err=0 [components/cla/posix/cla_csp.c:405]
[Sun Aug  2 18:54:09 2026] [INFO] CSP: RX COMPLETE - Got 384 bytes from csp:2:43 (all fragments ACK'd) [components/cla/posix/cla_csp.c:432]
[Sun Aug  2 18:54:10 2026] [INFO] CSP: RX COMPLETE - Got 384 bytes from csp:2:43 (all fragments ACK'd) [components/cla/posix/cla_csp.c:432]
[Sun Aug  2 18:54:10 2026] [INFO] CSP: RX COMPLETE - Got 384 bytes from csp:2:43 (all fragments ACK'd) [components/cla/posix/cla_csp.c:432]
[Sun Aug  2 18:54:10 2026] [INFO] CSP: RX COMPLETE - Got 384 bytes from csp:2:43 (all fragments ACK'd) [components/cla/posix/cla_csp.c:432]
[Sun Aug  2 18:54:10 2026] [INFO] CSP: RX COMPLETE - Got 384 bytes from csp:2:43 (all fragments ACK'd) [components/cla/posix/cla_csp.c:432]
[Sun Aug  2 18:54:11 2026] [INFO] CSP: RX COMPLETE - Got 384 bytes from csp:2:43 (all fragments ACK'd) [components/cla/posix/cla_csp.c:432]
[Sun Aug  2 18:54:11 2026] [INFO] CSP: RX COMPLETE - Got 384 bytes from csp:2:43 (all fragments ACK'd) [components/cla/posix/cla_csp.c:432]
[Sun Aug  2 18:54:12 2026] [INFO] CSP: RX COMPLETE - Got 384 bytes from csp:2:43 (all fragments ACK'd) [components/cla/posix/cla_csp.c:432]
[Sun Aug  2 18:54:12 2026] [INFO] CSP: RX COMPLETE - Got 384 bytes from csp:2:43 (all fragments ACK'd) [components/cla/posix/cla_csp.c:432]
[Sun Aug  2 18:54:12 2026] [INFO] CSP: RX COMPLETE - Got 384 bytes from csp:2:43 (all fragments ACK'd) [components/cla/posix/cla_csp.c:432]
[Sun Aug  2 18:54:12 2026] [INFO] CSP: RX loop iteration 1140, last_err=0 [components/cla/posix/cla_csp.c:405]
[Sun Aug  2 18:54:12 2026] [INFO] CSP: RX COMPLETE - Got 384 bytes from csp:2:43 (all fragments ACK'd) [components/cla/posix/cla_csp.c:432]
[Sun Aug  2 18:54:13 2026] [INFO] CSP: RX COMPLETE - Got 384 bytes from csp:2:43 (all fragments ACK'd) [components/cla/posix/cla_csp.c:432]
[Sun Aug  2 18:54:13 2026] [INFO] CSP: RX COMPLETE - Got 384 bytes from csp:2:43 (all fragments ACK'd) [components/cla/posix/cla_csp.c:432]
[Sun Aug  2 18:54:13 2026] [INFO] CSP: RX COMPLETE - Got 384 bytes from csp:2:43 (all fragments ACK'd) [components/cla/posix/cla_csp.c:432]
[Sun Aug  2 18:54:14 2026] [INFO] CSP: RX COMPLETE - Got 384 bytes from csp:2:43 (all fragments ACK'd) [components/cla/posix/cla_csp.c:432]
[Sun Aug  2 18:54:14 2026] [INFO] CSP: RX COMPLETE - Got 384 bytes from csp:2:43 (all fragments ACK'd) [components/cla/posix/cla_csp.c:432]
[Sun Aug  2 18:54:14 2026] [INFO] CSP: RX COMPLETE - Got 384 bytes from csp:2:43 (all fragments ACK'd) [components/cla/posix/cla_csp.c:432]
[Sun Aug  2 18:54:15 2026] [INFO] CSP: RX COMPLETE - Got 384 bytes from csp:2:43 (all fragments ACK'd) [components/cla/posix/cla_csp.c:432]
[Sun Aug  2 18:54:15 2026] [INFO] CSP: RX COMPLETE - Got 384 bytes from csp:2:43 (all fragments ACK'd) [components/cla/posix/cla_csp.c:432]
[Sun Aug  2 18:54:15 2026] [INFO] CSP: RX COMPLETE - Got 384 bytes from csp:2:43 (all fragments ACK'd) [components/cla/posix/cla_csp.c:432]
[Sun Aug  2 18:54:16 2026] [INFO] CSP: RX loop iteration 1150, last_err=0 [components/cla/posix/cla_csp.c:405]
[Sun Aug  2 18:54:16 2026] [INFO] CSP: RX COMPLETE - Got 384 bytes from csp:2:43 (all fragments ACK'd) [components/cla/posix/cla_csp.c:432]
[Sun Aug  2 18:54:16 2026] [INFO] CSP: RX COMPLETE - Got 384 bytes from csp:2:43 (all fragments ACK'd) [components/cla/posix/cla_csp.c:432]
[Sun Aug  2 18:54:16 2026] [INFO] CSP: RX COMPLETE - Got 384 bytes from csp:2:43 (all fragments ACK'd) [components/cla/posix/cla_csp.c:432]
[Sun Aug  2 18:54:16 2026] [INFO] CSP: RX COMPLETE - Got 384 bytes from csp:2:43 (all fragments ACK'd) [components/cla/posix/cla_csp.c:432]
[Sun Aug  2 18:54:17 2026] [INFO] CSP: RX COMPLETE - Got 384 bytes from csp:2:43 (all fragments ACK'd) [components/cla/posix/cla_csp.c:432]
[Sun Aug  2 18:54:17 2026] [INFO] CSP: RX COMPLETE - Got 384 bytes from csp:2:43 (all fragments ACK'd) [components/cla/posix/cla_csp.c:432]
[Sun Aug  2 18:54:17 2026] [INFO] CSP: RX COMPLETE - Got 384 bytes from csp:2:43 (all fragments ACK'd) [components/cla/posix/cla_csp.c:432]
[Sun Aug  2 18:54:17 2026] [INFO] CSP: RX COMPLETE - Got 384 bytes from csp:2:43 (all fragments ACK'd) [components/cla/posix/cla_csp.c:432]
[Sun Aug  2 18:54:18 2026] [INFO] CSP: RX COMPLETE - Got 384 bytes from csp:2:43 (all fragments ACK'd) [components/cla/posix/cla_csp.c:432]
[Sun Aug  2 18:54:18 2026] [INFO] CSP: RX COMPLETE - Got 384 bytes from csp:2:43 (all fragments ACK'd) [components/cla/posix/cla_csp.c:432]
[Sun Aug  2 18:54:18 2026] [INFO] CSP: RX loop iteration 1160, last_err=0 [components/cla/posix/cla_csp.c:405]
[Sun Aug  2 18:54:18 2026] [INFO] CSP: RX COMPLETE - Got 384 bytes from csp:2:43 (all fragments ACK'd) [components/cla/posix/cla_csp.c:432]
[Sun Aug  2 18:54:19 2026] [INFO] CSP: RX COMPLETE - Got 384 bytes from csp:2:43 (all fragments ACK'd) [components/cla/posix/cla_csp.c:432]
[Sun Aug  2 18:54:19 2026] [INFO] CSP: RX COMPLETE - Got 384 bytes from csp:2:43 (all fragments ACK'd) [components/cla/posix/cla_csp.c:432]
[Sun Aug  2 18:54:20 2026] [INFO] CSP: RX COMPLETE - Got 384 bytes from csp:2:43 (all fragments ACK'd) [components/cla/posix/cla_csp.c:432]
[Sun Aug  2 18:54:20 2026] [INFO] CSP: RX COMPLETE - Got 384 bytes from csp:2:43 (all fragments ACK'd) [components/cla/posix/cla_csp.c:432]
[Sun Aug  2 18:54:20 2026] [INFO] CSP: RX COMPLETE - Got 384 bytes from csp:2:43 (all fragments ACK'd) [components/cla/posix/cla_csp.c:432]
[Sun Aug  2 18:54:20 2026] [INFO] CSP: RX COMPLETE - Got 384 bytes from csp:2:43 (all fragments ACK'd) [components/cla/posix/cla_csp.c:432]
[Sun Aug  2 18:54:21 2026] [INFO] CSP: RX COMPLETE - Got 384 bytes from csp:2:43 (all fragments ACK'd) [components/cla/posix/cla_csp.c:432]
[Sun Aug  2 18:54:21 2026] [INFO] CSP: RX COMPLETE - Got 384 bytes from csp:2:43 (all fragments ACK'd) [components/cla/posix/cla_csp.c:432]
[Sun Aug  2 18:54:21 2026] [INFO] CSP: RX COMPLETE - Got 384 bytes from csp:2:43 (all fragments ACK'd) [components/cla/posix/cla_csp.c:432]
[Sun Aug  2 18:54:21 2026] [INFO] CSP: RX loop iteration 1170, last_err=0 [components/cla/posix/cla_csp.c:405]
[Sun Aug  2 18:54:21 2026] [INFO] CSP: RX COMPLETE - Got 384 bytes from csp:2:43 (all fragments ACK'd) [components/cla/posix/cla_csp.c:432]
[Sun Aug  2 18:54:22 2026] [INFO] CSP: RX COMPLETE - Got 384 bytes from csp:2:43 (all fragments ACK'd) [components/cla/posix/cla_csp.c:432]
[Sun Aug  2 18:54:22 2026] [INFO] CSP: RX COMPLETE - Got 384 bytes from csp:2:43 (all fragments ACK'd) [components/cla/posix/cla_csp.c:432]
[Sun Aug  2 18:54:22 2026] [INFO] CSP: RX COMPLETE - Got 384 bytes from csp:2:43 (all fragments ACK'd) [components/cla/posix/cla_csp.c:432]
[Sun Aug  2 18:54:23 2026] [INFO] CSP: RX COMPLETE - Got 384 bytes from csp:2:43 (all fragments ACK'd) [components/cla/posix/cla_csp.c:432]
[Sun Aug  2 18:54:23 2026] [INFO] CSP: RX COMPLETE - Got 384 bytes from csp:2:43 (all fragments ACK'd) [components/cla/posix/cla_csp.c:432]
[Sun Aug  2 18:54:23 2026] [INFO] CSP: RX COMPLETE - Got 384 bytes from csp:2:43 (all fragments ACK'd) [components/cla/posix/cla_csp.c:432]
[Sun Aug  2 18:54:23 2026] [INFO] CSP: RX COMPLETE - Got 384 bytes from csp:2:43 (all fragments ACK'd) [components/cla/posix/cla_csp.c:432]
[Sun Aug  2 18:54:24 2026] [INFO] CSP: RX COMPLETE - Got 384 bytes from csp:2:43 (all fragments ACK'd) [components/cla/posix/cla_csp.c:432]
[Sun Aug  2 18:54:24 2026] [INFO] CSP: RX COMPLETE - Got 384 bytes from csp:2:43 (all fragments ACK'd) [components/cla/posix/cla_csp.c:432]
[Sun Aug  2 18:54:24 2026] [INFO] CSP: RX loop iteration 1180, last_err=0 [components/cla/posix/cla_csp.c:405]
[Sun Aug  2 18:54:24 2026] [INFO] CSP: RX COMPLETE - Got 384 bytes from csp:2:43 (all fragments ACK'd) [components/cla/posix/cla_csp.c:432]
[Sun Aug  2 18:54:25 2026] [INFO] CSP: RX COMPLETE - Got 384 bytes from csp:2:43 (all fragments ACK'd) [components/cla/posix/cla_csp.c:432]
[Sun Aug  2 18:54:25 2026] [INFO] CSP: RX COMPLETE - Got 384 bytes from csp:2:43 (all fragments ACK'd) [components/cla/posix/cla_csp.c:432]
[Sun Aug  2 18:54:25 2026] [INFO] CSP: RX COMPLETE - Got 384 bytes from csp:2:43 (all fragments ACK'd) [components/cla/posix/cla_csp.c:432]
[Sun Aug  2 18:54:25 2026] [INFO] CSP: RX COMPLETE - Got 384 bytes from csp:2:43 (all fragments ACK'd) [components/cla/posix/cla_csp.c:432]
[Sun Aug  2 18:54:26 2026] [INFO] CSP: RX COMPLETE - Got 384 bytes from csp:2:43 (all fragments ACK'd) [components/cla/posix/cla_csp.c:432]
[Sun Aug  2 18:54:26 2026] [INFO] CSP: RX COMPLETE - Got 384 bytes from csp:2:43 (all fragments ACK'd) [components/cla/posix/cla_csp.c:432]
[Sun Aug  2 18:54:26 2026] [INFO] CSP: RX COMPLETE - Got 384 bytes from csp:2:43 (all fragments ACK'd) [components/cla/posix/cla_csp.c:432]
[Sun Aug  2 18:54:27 2026] [INFO] CSP: RX COMPLETE - Got 384 bytes from csp:2:43 (all fragments ACK'd) [components/cla/posix/cla_csp.c:432]
[Sun Aug  2 18:54:27 2026] [INFO] CSP: RX COMPLETE - Got 384 bytes from csp:2:43 (all fragments ACK'd) [components/cla/posix/cla_csp.c:432]
[Sun Aug  2 18:54:27 2026] [INFO] CSP: RX loop iteration 1190, last_err=0 [components/cla/posix/cla_csp.c:405]
[Sun Aug  2 18:54:27 2026] [INFO] CSP: RX COMPLETE - Got 384 bytes from csp:2:43 (all fragments ACK'd) [components/cla/posix/cla_csp.c:432]
[Sun Aug  2 18:54:28 2026] [INFO] CSP: RX COMPLETE - Got 384 bytes from csp:2:43 (all fragments ACK'd) [components/cla/posix/cla_csp.c:432]
[Sun Aug  2 18:54:28 2026] [INFO] CSP: RX COMPLETE - Got 384 bytes from csp:2:43 (all fragments ACK'd) [components/cla/posix/cla_csp.c:432]
[Sun Aug  2 18:54:28 2026] [INFO] CSP: RX COMPLETE - Got 384 bytes from csp:2:43 (all fragments ACK'd) [components/cla/posix/cla_csp.c:432]
[Sun Aug  2 18:54:28 2026] [INFO] CSP: RX COMPLETE - Got 384 bytes from csp:2:43 (all fragments ACK'd) [components/cla/posix/cla_csp.c:432]
[Sun Aug  2 18:54:29 2026] [INFO] CSP: RX COMPLETE - Got 384 bytes from csp:2:43 (all fragments ACK'd) [components/cla/posix/cla_csp.c:432]
[Sun Aug  2 18:54:29 2026] [INFO] CSP: RX COMPLETE - Got 384 bytes from csp:2:43 (all fragments ACK'd) [components/cla/posix/cla_csp.c:432]
[Sun Aug  2 18:54:29 2026] [INFO] CSP: RX COMPLETE - Got 384 bytes from csp:2:43 (all fragments ACK'd) [components/cla/posix/cla_csp.c:432]
[Sun Aug  2 18:54:30 2026] [INFO] CSP: RX COMPLETE - Got 384 bytes from csp:2:43 (all fragments ACK'd) [components/cla/posix/cla_csp.c:432]
[Sun Aug  2 18:54:30 2026] [INFO] CSP: RX COMPLETE - Got 384 bytes from csp:2:43 (all fragments ACK'd) [components/cla/posix/cla_csp.c:432]
[Sun Aug  2 18:54:30 2026] [INFO] CSP: RX loop iteration 1200, last_err=0 [components/cla/posix/cla_csp.c:405]
[Sun Aug  2 18:54:30 2026] [INFO] CSP: RX COMPLETE - Got 384 bytes from csp:2:43 (all fragments ACK'd) [components/cla/posix/cla_csp.c:432]
[Sun Aug  2 18:54:31 2026] [INFO] CSP: RX COMPLETE - Got 384 bytes from csp:2:43 (all fragments ACK'd) [components/cla/posix/cla_csp.c:432]
[Sun Aug  2 18:54:31 2026] [INFO] CSP: RX COMPLETE - Got 384 bytes from csp:2:43 (all fragments ACK'd) [components/cla/posix/cla_csp.c:432]
[Sun Aug  2 18:54:31 2026] [INFO] CSP: RX COMPLETE - Got 384 bytes from csp:2:43 (all fragments ACK'd) [components/cla/posix/cla_csp.c:432]
[Sun Aug  2 18:54:31 2026] [INFO] CSP: RX COMPLETE - Got 384 bytes from csp:2:43 (all fragments ACK'd) [components/cla/posix/cla_csp.c:432]
[Sun Aug  2 18:54:32 2026] [INFO] CSP: RX COMPLETE - Got 384 bytes from csp:2:43 (all fragments ACK'd) [components/cla/posix/cla_csp.c:432]
[Sun Aug  2 18:54:32 2026] [INFO] CSP: RX COMPLETE - Got 384 bytes from csp:2:43 (all fragments ACK'd) [components/cla/posix/cla_csp.c:432]
[Sun Aug  2 18:54:32 2026] [INFO] CSP: RX COMPLETE - Got 384 bytes from csp:2:43 (all fragments ACK'd) [components/cla/posix/cla_csp.c:432]
[Sun Aug  2 18:54:33 2026] [INFO] CSP: RX COMPLETE - Got 384 bytes from csp:2:43 (all fragments ACK'd) [components/cla/posix/cla_csp.c:432]
[Sun Aug  2 18:54:33 2026] [INFO] CSP: RX COMPLETE - Got 384 bytes from csp:2:43 (all fragments ACK'd) [components/cla/posix/cla_csp.c:432]
[Sun Aug  2 18:54:33 2026] [INFO] CSP: RX loop iteration 1210, last_err=0 [components/cla/posix/cla_csp.c:405]
[Sun Aug  2 18:54:33 2026] [INFO] CSP: RX COMPLETE - Got 384 bytes from csp:2:43 (all fragments ACK'd) [components/cla/posix/cla_csp.c:432]
[Sun Aug  2 18:54:34 2026] [INFO] CSP: RX COMPLETE - Got 384 bytes from csp:2:43 (all fragments ACK'd) [components/cla/posix/cla_csp.c:432]
[Sun Aug  2 18:54:34 2026] [INFO] CSP: RX COMPLETE - Got 384 bytes from csp:2:43 (all fragments ACK'd) [components/cla/posix/cla_csp.c:432]
[Sun Aug  2 18:54:34 2026] [INFO] CSP: RX COMPLETE - Got 384 bytes from csp:2:43 (all fragments ACK'd) [components/cla/posix/cla_csp.c:432]
[Sun Aug  2 18:54:34 2026] [INFO] CSP: RX COMPLETE - Got 384 bytes from csp:2:43 (all fragments ACK'd) [components/cla/posix/cla_csp.c:432]
[Sun Aug  2 18:54:35 2026] [INFO] CSP: RX COMPLETE - Got 384 bytes from csp:2:43 (all fragments ACK'd) [components/cla/posix/cla_csp.c:432]
[Sun Aug  2 18:54:35 2026] [INFO] CSP: RX COMPLETE - Got 384 bytes from csp:2:43 (all fragments ACK'd) [components/cla/posix/cla_csp.c:432]
[Sun Aug  2 18:54:35 2026] [INFO] CSP: RX COMPLETE - Got 384 bytes from csp:2:43 (all fragments ACK'd) [components/cla/posix/cla_csp.c:432]
[Sun Aug  2 18:54:36 2026] [INFO] CSP: RX COMPLETE - Got 384 bytes from csp:2:43 (all fragments ACK'd) [components/cla/posix/cla_csp.c:432]
[Sun Aug  2 18:54:36 2026] [INFO] CSP: RX COMPLETE - Got 384 bytes from csp:2:43 (all fragments ACK'd) [components/cla/posix/cla_csp.c:432]
[Sun Aug  2 18:54:36 2026] [INFO] CSP: RX loop iteration 1220, last_err=0 [components/cla/posix/cla_csp.c:405]
[Sun Aug  2 18:54:36 2026] [INFO] CSP: RX COMPLETE - Got 384 bytes from csp:2:43 (all fragments ACK'd) [components/cla/posix/cla_csp.c:432]
[Sun Aug  2 18:54:37 2026] [INFO] CSP: RX COMPLETE - Got 384 bytes from csp:2:43 (all fragments ACK'd) [components/cla/posix/cla_csp.c:432]
[Sun Aug  2 18:54:37 2026] [INFO] CSP: RX COMPLETE - Got 384 bytes from csp:2:43 (all fragments ACK'd) [components/cla/posix/cla_csp.c:432]
[Sun Aug  2 18:54:37 2026] [INFO] CSP: RX COMPLETE - Got 384 bytes from csp:2:43 (all fragments ACK'd) [components/cla/posix/cla_csp.c:432]
[Sun Aug  2 18:54:37 2026] [INFO] CSP: RX COMPLETE - Got 384 bytes from csp:2:43 (all fragments ACK'd) [components/cla/posix/cla_csp.c:432]
[Sun Aug  2 18:54:38 2026] [INFO] CSP: RX COMPLETE - Got 384 bytes from csp:2:43 (all fragments ACK'd) [components/cla/posix/cla_csp.c:432]
[Sun Aug  2 18:54:38 2026] [INFO] CSP: RX COMPLETE - Got 384 bytes from csp:2:43 (all fragments ACK'd) [components/cla/posix/cla_csp.c:432]
[Sun Aug  2 18:54:38 2026] [INFO] CSP: RX COMPLETE - Got 384 bytes from csp:2:43 (all fragments ACK'd) [components/cla/posix/cla_csp.c:432]
[Sun Aug  2 18:54:39 2026] [INFO] CSP: RX COMPLETE - Got 384 bytes from csp:2:43 (all fragments ACK'd) [components/cla/posix/cla_csp.c:432]
[Sun Aug  2 18:54:39 2026] [INFO] CSP: RX COMPLETE - Got 384 bytes from csp:2:43 (all fragments ACK'd) [components/cla/posix/cla_csp.c:432]
[Sun Aug  2 18:54:39 2026] [INFO] CSP: RX loop iteration 1230, last_err=0 [components/cla/posix/cla_csp.c:405]
[Sun Aug  2 18:54:39 2026] [INFO] CSP: RX COMPLETE - Got 384 bytes from csp:2:43 (all fragments ACK'd) [components/cla/posix/cla_csp.c:432]
[Sun Aug  2 18:54:40 2026] [INFO] CSP: RX COMPLETE - Got 384 bytes from csp:2:43 (all fragments ACK'd) [components/cla/posix/cla_csp.c:432]
[Sun Aug  2 18:54:40 2026] [INFO] CSP: RX COMPLETE - Got 384 bytes from csp:2:43 (all fragments ACK'd) [components/cla/posix/cla_csp.c:432]
[Sun Aug  2 18:54:40 2026] [INFO] CSP: RX COMPLETE - Got 384 bytes from csp:2:43 (all fragments ACK'd) [components/cla/posix/cla_csp.c:432]
[Sun Aug  2 18:54:40 2026] [INFO] CSP: RX COMPLETE - Got 384 bytes from csp:2:43 (all fragments ACK'd) [components/cla/posix/cla_csp.c:432]
[Sun Aug  2 18:54:41 2026] [INFO] CSP: RX COMPLETE - Got 384 bytes from csp:2:43 (all fragments ACK'd) [components/cla/posix/cla_csp.c:432]
[Sun Aug  2 18:54:41 2026] [INFO] CSP: RX COMPLETE - Got 384 bytes from csp:2:43 (all fragments ACK'd) [components/cla/posix/cla_csp.c:432]
[Sun Aug  2 18:54:41 2026] [INFO] CSP: RX COMPLETE - Got 384 bytes from csp:2:43 (all fragments ACK'd) [components/cla/posix/cla_csp.c:432]
[Sun Aug  2 18:54:41 2026] [INFO] CSP: RX COMPLETE - Got 384 bytes from csp:2:43 (all fragments ACK'd) [components/cla/posix/cla_csp.c:432]
[Sun Aug  2 18:54:42 2026] [INFO] CSP: RX COMPLETE - Got 384 bytes from csp:2:43 (all fragments ACK'd) [components/cla/posix/cla_csp.c:432]
[Sun Aug  2 18:54:42 2026] [INFO] CSP: RX loop iteration 1240, last_err=0 [components/cla/posix/cla_csp.c:405]
[Sun Aug  2 18:54:42 2026] [INFO] CSP: RX COMPLETE - Got 384 bytes from csp:2:43 (all fragments ACK'd) [components/cla/posix/cla_csp.c:432]
[Sun Aug  2 18:54:43 2026] [INFO] CSP: RX COMPLETE - Got 384 bytes from csp:2:43 (all fragments ACK'd) [components/cla/posix/cla_csp.c:432]
[Sun Aug  2 18:54:43 2026] [INFO] CSP: RX COMPLETE - Got 384 bytes from csp:2:43 (all fragments ACK'd) [components/cla/posix/cla_csp.c:432]
[Sun Aug  2 18:54:43 2026] [INFO] CSP: RX COMPLETE - Got 384 bytes from csp:2:43 (all fragments ACK'd) [components/cla/posix/cla_csp.c:432]
[Sun Aug  2 18:54:43 2026] [INFO] CSP: RX COMPLETE - Got 384 bytes from csp:2:43 (all fragments ACK'd) [components/cla/posix/cla_csp.c:432]
[Sun Aug  2 18:54:44 2026] [INFO] CSP: RX COMPLETE - Got 384 bytes from csp:2:43 (all fragments ACK'd) [components/cla/posix/cla_csp.c:432]
[Sun Aug  2 18:54:44 2026] [INFO] CSP: RX COMPLETE - Got 384 bytes from csp:2:43 (all fragments ACK'd) [components/cla/posix/cla_csp.c:432]
[Sun Aug  2 18:54:44 2026] [INFO] CSP: RX COMPLETE - Got 384 bytes from csp:2:43 (all fragments ACK'd) [components/cla/posix/cla_csp.c:432]
[Sun Aug  2 18:54:44 2026] [INFO] CSP: RX COMPLETE - Got 384 bytes from csp:2:43 (all fragments ACK'd) [components/cla/posix/cla_csp.c:432]
[Sun Aug  2 18:54:45 2026] [INFO] CSP: RX COMPLETE - Got 384 bytes from csp:2:43 (all fragments ACK'd) [components/cla/posix/cla_csp.c:432]
[Sun Aug  2 18:54:45 2026] [INFO] CSP: RX loop iteration 1250, last_err=0 [components/cla/posix/cla_csp.c:405]
[Sun Aug  2 18:54:45 2026] [INFO] CSP: RX COMPLETE - Got 384 bytes from csp:2:43 (all fragments ACK'd) [components/cla/posix/cla_csp.c:432]
[Sun Aug  2 18:54:45 2026] [INFO] CSP: RX COMPLETE - Got 384 bytes from csp:2:43 (all fragments ACK'd) [components/cla/posix/cla_csp.c:432]
[Sun Aug  2 18:54:46 2026] [INFO] CSP: RX COMPLETE - Got 384 bytes from csp:2:43 (all fragments ACK'd) [components/cla/posix/cla_csp.c:432]
[Sun Aug  2 18:54:46 2026] [INFO] CSP: RX COMPLETE - Got 384 bytes from csp:2:43 (all fragments ACK'd) [components/cla/posix/cla_csp.c:432]
[Sun Aug  2 18:54:46 2026] [INFO] CSP: RX COMPLETE - Got 384 bytes from csp:2:43 (all fragments ACK'd) [components/cla/posix/cla_csp.c:432]
[Sun Aug  2 18:54:47 2026] [INFO] CSP: RX COMPLETE - Got 384 bytes from csp:2:43 (all fragments ACK'd) [components/cla/posix/cla_csp.c:432]
[Sun Aug  2 18:54:47 2026] [INFO] CSP: RX COMPLETE - Got 384 bytes from csp:2:43 (all fragments ACK'd) [components/cla/posix/cla_csp.c:432]
[Sun Aug  2 18:54:47 2026] [INFO] CSP: RX COMPLETE - Got 384 bytes from csp:2:43 (all fragments ACK'd) [components/cla/posix/cla_csp.c:432]
[Sun Aug  2 18:54:48 2026] [INFO] CSP: RX COMPLETE - Got 384 bytes from csp:2:43 (all fragments ACK'd) [components/cla/posix/cla_csp.c:432]
[Sun Aug  2 18:54:48 2026] [INFO] CSP: RX COMPLETE - Got 384 bytes from csp:2:43 (all fragments ACK'd) [components/cla/posix/cla_csp.c:432]
[Sun Aug  2 18:54:48 2026] [INFO] CSP: RX loop iteration 1260, last_err=0 [components/cla/posix/cla_csp.c:405]
[Sun Aug  2 18:54:48 2026] [INFO] CSP: RX COMPLETE - Got 384 bytes from csp:2:43 (all fragments ACK'd) [components/cla/posix/cla_csp.c:432]
[Sun Aug  2 18:54:49 2026] [INFO] CSP: RX COMPLETE - Got 384 bytes from csp:2:43 (all fragments ACK'd) [components/cla/posix/cla_csp.c:432]
[Sun Aug  2 18:54:49 2026] [INFO] CSP: RX COMPLETE - Got 384 bytes from csp:2:43 (all fragments ACK'd) [components/cla/posix/cla_csp.c:432]
[Sun Aug  2 18:54:49 2026] [INFO] CSP: RX COMPLETE - Got 384 bytes from csp:2:43 (all fragments ACK'd) [components/cla/posix/cla_csp.c:432]
[Sun Aug  2 18:54:49 2026] [INFO] CSP: RX COMPLETE - Got 384 bytes from csp:2:43 (all fragments ACK'd) [components/cla/posix/cla_csp.c:432]
[Sun Aug  2 18:54:50 2026] [INFO] CSP: RX COMPLETE - Got 384 bytes from csp:2:43 (all fragments ACK'd) [components/cla/posix/cla_csp.c:432]
[Sun Aug  2 18:54:50 2026] [INFO] CSP: RX COMPLETE - Got 384 bytes from csp:2:43 (all fragments ACK'd) [components/cla/posix/cla_csp.c:432]
[Sun Aug  2 18:54:50 2026] [INFO] CSP: RX COMPLETE - Got 384 bytes from csp:2:43 (all fragments ACK'd) [components/cla/posix/cla_csp.c:432]
[Sun Aug  2 18:54:50 2026] [INFO] CSP: RX COMPLETE - Got 384 bytes from csp:2:43 (all fragments ACK'd) [components/cla/posix/cla_csp.c:432]
[Sun Aug  2 18:54:51 2026] [INFO] CSP: RX COMPLETE - Got 384 bytes from csp:2:43 (all fragments ACK'd) [components/cla/posix/cla_csp.c:432]
[Sun Aug  2 18:54:51 2026] [INFO] CSP: RX loop iteration 1270, last_err=0 [components/cla/posix/cla_csp.c:405]
[Sun Aug  2 18:54:51 2026] [INFO] CSP: RX COMPLETE - Got 384 bytes from csp:2:43 (all fragments ACK'd) [components/cla/posix/cla_csp.c:432]
[Sun Aug  2 18:54:52 2026] [INFO] CSP: RX COMPLETE - Got 384 bytes from csp:2:43 (all fragments ACK'd) [components/cla/posix/cla_csp.c:432]
[Sun Aug  2 18:54:52 2026] [INFO] CSP: RX COMPLETE - Got 384 bytes from csp:2:43 (all fragments ACK'd) [components/cla/posix/cla_csp.c:432]
[Sun Aug  2 18:54:52 2026] [INFO] CSP: RX COMPLETE - Got 384 bytes from csp:2:43 (all fragments ACK'd) [components/cla/posix/cla_csp.c:432]
[Sun Aug  2 18:54:52 2026] [INFO] CSP: RX COMPLETE - Got 384 bytes from csp:2:43 (all fragments ACK'd) [components/cla/posix/cla_csp.c:432]
[Sun Aug  2 18:54:53 2026] [INFO] CSP: RX COMPLETE - Got 384 bytes from csp:2:43 (all fragments ACK'd) [components/cla/posix/cla_csp.c:432]
[Sun Aug  2 18:54:53 2026] [INFO] CSP: RX COMPLETE - Got 384 bytes from csp:2:43 (all fragments ACK'd) [components/cla/posix/cla_csp.c:432]
[Sun Aug  2 18:54:53 2026] [INFO] CSP: RX COMPLETE - Got 384 bytes from csp:2:43 (all fragments ACK'd) [components/cla/posix/cla_csp.c:432]
[Sun Aug  2 18:54:53 2026] [INFO] CSP: RX COMPLETE - Got 384 bytes from csp:2:43 (all fragments ACK'd) [components/cla/posix/cla_csp.c:432]
[Sun Aug  2 18:54:54 2026] [INFO] CSP: RX COMPLETE - Got 384 bytes from csp:2:43 (all fragments ACK'd) [components/cla/posix/cla_csp.c:432]
[Sun Aug  2 18:54:54 2026] [INFO] CSP: RX loop iteration 1280, last_err=0 [components/cla/posix/cla_csp.c:405]
[Sun Aug  2 18:54:54 2026] [INFO] CSP: RX COMPLETE - Got 384 bytes from csp:2:43 (all fragments ACK'd) [components/cla/posix/cla_csp.c:432]
[Sun Aug  2 18:54:54 2026] [INFO] CSP: RX COMPLETE - Got 384 bytes from csp:2:43 (all fragments ACK'd) [components/cla/posix/cla_csp.c:432]
[Sun Aug  2 18:54:55 2026] [INFO] CSP: RX COMPLETE - Got 384 bytes from csp:2:43 (all fragments ACK'd) [components/cla/posix/cla_csp.c:432]
[Sun Aug  2 18:54:55 2026] [INFO] CSP: RX COMPLETE - Got 384 bytes from csp:2:43 (all fragments ACK'd) [components/cla/posix/cla_csp.c:432]
[Sun Aug  2 18:54:55 2026] [INFO] CSP: RX COMPLETE - Got 384 bytes from csp:2:43 (all fragments ACK'd) [components/cla/posix/cla_csp.c:432]
[Sun Aug  2 18:54:56 2026] [INFO] CSP: RX COMPLETE - Got 384 bytes from csp:2:43 (all fragments ACK'd) [components/cla/posix/cla_csp.c:432]
[Sun Aug  2 18:54:56 2026] [INFO] CSP: RX COMPLETE - Got 384 bytes from csp:2:43 (all fragments ACK'd) [components/cla/posix/cla_csp.c:432]
[Sun Aug  2 18:54:56 2026] [INFO] CSP: RX COMPLETE - Got 384 bytes from csp:2:43 (all fragments ACK'd) [components/cla/posix/cla_csp.c:432]
[Sun Aug  2 18:54:57 2026] [INFO] CSP: RX COMPLETE - Got 384 bytes from csp:2:43 (all fragments ACK'd) [components/cla/posix/cla_csp.c:432]
[Sun Aug  2 18:54:57 2026] [INFO] CSP: RX COMPLETE - Got 384 bytes from csp:2:43 (all fragments ACK'd) [components/cla/posix/cla_csp.c:432]
[Sun Aug  2 18:54:57 2026] [INFO] CSP: RX loop iteration 1290, last_err=0 [components/cla/posix/cla_csp.c:405]
[Sun Aug  2 18:54:57 2026] [INFO] CSP: RX COMPLETE - Got 384 bytes from csp:2:43 (all fragments ACK'd) [components/cla/posix/cla_csp.c:432]
[Sun Aug  2 18:54:57 2026] [INFO] CSP: RX COMPLETE - Got 384 bytes from csp:2:43 (all fragments ACK'd) [components/cla/posix/cla_csp.c:432]
[Sun Aug  2 18:54:58 2026] [INFO] CSP: RX COMPLETE - Got 384 bytes from csp:2:43 (all fragments ACK'd) [components/cla/posix/cla_csp.c:432]
[Sun Aug  2 18:54:58 2026] [INFO] CSP: RX COMPLETE - Got 384 bytes from csp:2:43 (all fragments ACK'd) [components/cla/posix/cla_csp.c:432]
[Sun Aug  2 18:54:58 2026] [INFO] CSP: RX COMPLETE - Got 384 bytes from csp:2:43 (all fragments ACK'd) [components/cla/posix/cla_csp.c:432]
[Sun Aug  2 18:54:59 2026] [INFO] CSP: RX COMPLETE - Got 384 bytes from csp:2:43 (all fragments ACK'd) [components/cla/posix/cla_csp.c:432]
[Sun Aug  2 18:54:59 2026] [INFO] CSP: RX COMPLETE - Got 384 bytes from csp:2:43 (all fragments ACK'd) [components/cla/posix/cla_csp.c:432]
[Sun Aug  2 18:54:59 2026] [INFO] CSP: RX COMPLETE - Got 384 bytes from csp:2:43 (all fragments ACK'd) [components/cla/posix/cla_csp.c:432]
[Sun Aug  2 18:54:59 2026] [INFO] CSP: RX COMPLETE - Got 384 bytes from csp:2:43 (all fragments ACK'd) [components/cla/posix/cla_csp.c:432]
[Sun Aug  2 18:55:00 2026] [INFO] CSP: RX COMPLETE - Got 384 bytes from csp:2:43 (all fragments ACK'd) [components/cla/posix/cla_csp.c:432]
[Sun Aug  2 18:55:00 2026] [INFO] CSP: RX loop iteration 1300, last_err=0 [components/cla/posix/cla_csp.c:405]
[Sun Aug  2 18:55:00 2026] [INFO] CSP: RX COMPLETE - Got 384 bytes from csp:2:43 (all fragments ACK'd) [components/cla/posix/cla_csp.c:432]
[Sun Aug  2 18:55:00 2026] [INFO] CSP: RX COMPLETE - Got 384 bytes from csp:2:43 (all fragments ACK'd) [components/cla/posix/cla_csp.c:432]
[Sun Aug  2 18:55:01 2026] [INFO] CSP: RX COMPLETE - Got 384 bytes from csp:2:43 (all fragments ACK'd) [components/cla/posix/cla_csp.c:432]
[Sun Aug  2 18:55:01 2026] [INFO] CSP: RX COMPLETE - Got 384 bytes from csp:2:43 (all fragments ACK'd) [components/cla/posix/cla_csp.c:432]
[Sun Aug  2 18:55:01 2026] [INFO] CSP: RX COMPLETE - Got 384 bytes from csp:2:43 (all fragments ACK'd) [components/cla/posix/cla_csp.c:432]
[Sun Aug  2 18:55:02 2026] [INFO] CSP: RX COMPLETE - Got 384 bytes from csp:2:43 (all fragments ACK'd) [components/cla/posix/cla_csp.c:432]
[Sun Aug  2 18:55:02 2026] [INFO] CSP: RX COMPLETE - Got 384 bytes from csp:2:43 (all fragments ACK'd) [components/cla/posix/cla_csp.c:432]
[Sun Aug  2 18:55:02 2026] [INFO] CSP: RX COMPLETE - Got 384 bytes from csp:2:43 (all fragments ACK'd) [components/cla/posix/cla_csp.c:432]
[Sun Aug  2 18:55:03 2026] [INFO] CSP: RX COMPLETE - Got 384 bytes from csp:2:43 (all fragments ACK'd) [components/cla/posix/cla_csp.c:432]
[Sun Aug  2 18:55:03 2026] [INFO] CSP: RX COMPLETE - Got 384 bytes from csp:2:43 (all fragments ACK'd) [components/cla/posix/cla_csp.c:432]
[Sun Aug  2 18:55:03 2026] [INFO] CSP: RX loop iteration 1310, last_err=0 [components/cla/posix/cla_csp.c:405]
[Sun Aug  2 18:55:03 2026] [INFO] CSP: RX COMPLETE - Got 384 bytes from csp:2:43 (all fragments ACK'd) [components/cla/posix/cla_csp.c:432]
[Sun Aug  2 18:55:03 2026] [INFO] CSP: RX COMPLETE - Got 384 bytes from csp:2:43 (all fragments ACK'd) [components/cla/posix/cla_csp.c:432]
[Sun Aug  2 18:55:04 2026] [INFO] CSP: RX COMPLETE - Got 384 bytes from csp:2:43 (all fragments ACK'd) [components/cla/posix/cla_csp.c:432]
[Sun Aug  2 18:55:04 2026] [INFO] CSP: RX COMPLETE - Got 384 bytes from csp:2:43 (all fragments ACK'd) [components/cla/posix/cla_csp.c:432]
[Sun Aug  2 18:55:04 2026] [INFO] CSP: RX COMPLETE - Got 384 bytes from csp:2:43 (all fragments ACK'd) [components/cla/posix/cla_csp.c:432]
[Sun Aug  2 18:55:04 2026] [INFO] CSP: RX COMPLETE - Got 384 bytes from csp:2:43 (all fragments ACK'd) [components/cla/posix/cla_csp.c:432]
[Sun Aug  2 18:55:05 2026] [INFO] CSP: RX COMPLETE - Got 384 bytes from csp:2:43 (all fragments ACK'd) [components/cla/posix/cla_csp.c:432]
[Sun Aug  2 18:55:05 2026] [INFO] CSP: RX COMPLETE - Got 384 bytes from csp:2:43 (all fragments ACK'd) [components/cla/posix/cla_csp.c:432]
[Sun Aug  2 18:55:05 2026] [INFO] CSP: RX COMPLETE - Got 384 bytes from csp:2:43 (all fragments ACK'd) [components/cla/posix/cla_csp.c:432]
[Sun Aug  2 18:55:06 2026] [INFO] CSP: RX COMPLETE - Got 384 bytes from csp:2:43 (all fragments ACK'd) [components/cla/posix/cla_csp.c:432]
[Sun Aug  2 18:55:06 2026] [INFO] CSP: RX loop iteration 1320, last_err=0 [components/cla/posix/cla_csp.c:405]
[Sun Aug  2 18:55:06 2026] [INFO] CSP: RX COMPLETE - Got 384 bytes from csp:2:43 (all fragments ACK'd) [components/cla/posix/cla_csp.c:432]
[Sun Aug  2 18:55:06 2026] [INFO] CSP: RX COMPLETE - Got 384 bytes from csp:2:43 (all fragments ACK'd) [components/cla/posix/cla_csp.c:432]
[Sun Aug  2 18:55:07 2026] [INFO] CSP: RX COMPLETE - Got 384 bytes from csp:2:43 (all fragments ACK'd) [components/cla/posix/cla_csp.c:432]
[Sun Aug  2 18:55:07 2026] [INFO] CSP: RX COMPLETE - Got 384 bytes from csp:2:43 (all fragments ACK'd) [components/cla/posix/cla_csp.c:432]
[Sun Aug  2 18:55:07 2026] [INFO] CSP: RX COMPLETE - Got 384 bytes from csp:2:43 (all fragments ACK'd) [components/cla/posix/cla_csp.c:432]
[Sun Aug  2 18:55:08 2026] [INFO] CSP: RX COMPLETE - Got 384 bytes from csp:2:43 (all fragments ACK'd) [components/cla/posix/cla_csp.c:432]
[Sun Aug  2 18:55:08 2026] [INFO] CSP: RX COMPLETE - Got 384 bytes from csp:2:43 (all fragments ACK'd) [components/cla/posix/cla_csp.c:432]
[Sun Aug  2 18:55:08 2026] [INFO] CSP: RX COMPLETE - Got 384 bytes from csp:2:43 (all fragments ACK'd) [components/cla/posix/cla_csp.c:432]
[Sun Aug  2 18:55:08 2026] [INFO] CSP: RX COMPLETE - Got 384 bytes from csp:2:43 (all fragments ACK'd) [components/cla/posix/cla_csp.c:432]
[Sun Aug  2 18:55:09 2026] [INFO] CSP: RX COMPLETE - Got 384 bytes from csp:2:43 (all fragments ACK'd) [components/cla/posix/cla_csp.c:432]
[Sun Aug  2 18:55:09 2026] [INFO] CSP: RX loop iteration 1330, last_err=0 [components/cla/posix/cla_csp.c:405]
[Sun Aug  2 18:55:09 2026] [INFO] CSP: RX COMPLETE - Got 384 bytes from csp:2:43 (all fragments ACK'd) [components/cla/posix/cla_csp.c:432]
[Sun Aug  2 18:55:09 2026] [INFO] CSP: RX COMPLETE - Got 384 bytes from csp:2:43 (all fragments ACK'd) [components/cla/posix/cla_csp.c:432]
[Sun Aug  2 18:55:10 2026] [INFO] CSP: RX COMPLETE - Got 384 bytes from csp:2:43 (all fragments ACK'd) [components/cla/posix/cla_csp.c:432]
[Sun Aug  2 18:55:10 2026] [INFO] CSP: RX COMPLETE - Got 384 bytes from csp:2:43 (all fragments ACK'd) [components/cla/posix/cla_csp.c:432]
[Sun Aug  2 18:55:10 2026] [INFO] CSP: RX COMPLETE - Got 384 bytes from csp:2:43 (all fragments ACK'd) [components/cla/posix/cla_csp.c:432]
[Sun Aug  2 18:55:11 2026] [INFO] CSP: RX COMPLETE - Got 384 bytes from csp:2:43 (all fragments ACK'd) [components/cla/posix/cla_csp.c:432]
[Sun Aug  2 18:55:11 2026] [INFO] CSP: RX COMPLETE - Got 384 bytes from csp:2:43 (all fragments ACK'd) [components/cla/posix/cla_csp.c:432]
[Sun Aug  2 18:55:11 2026] [INFO] CSP: RX COMPLETE - Got 384 bytes from csp:2:43 (all fragments ACK'd) [components/cla/posix/cla_csp.c:432]
[Sun Aug  2 18:55:11 2026] [INFO] CSP: RX COMPLETE - Got 384 bytes from csp:2:43 (all fragments ACK'd) [components/cla/posix/cla_csp.c:432]
[Sun Aug  2 18:55:12 2026] [INFO] CSP: RX COMPLETE - Got 384 bytes from csp:2:43 (all fragments ACK'd) [components/cla/posix/cla_csp.c:432]
[Sun Aug  2 18:55:12 2026] [INFO] CSP: RX loop iteration 1340, last_err=0 [components/cla/posix/cla_csp.c:405]
[Sun Aug  2 18:55:12 2026] [INFO] CSP: RX COMPLETE - Got 384 bytes from csp:2:43 (all fragments ACK'd) [components/cla/posix/cla_csp.c:432]
[Sun Aug  2 18:55:12 2026] [INFO] CSP: RX COMPLETE - Got 384 bytes from csp:2:43 (all fragments ACK'd) [components/cla/posix/cla_csp.c:432]
[Sun Aug  2 18:55:13 2026] [INFO] CSP: RX COMPLETE - Got 384 bytes from csp:2:43 (all fragments ACK'd) [components/cla/posix/cla_csp.c:432]
[Sun Aug  2 18:55:13 2026] [INFO] CSP: RX COMPLETE - Got 384 bytes from csp:2:43 (all fragments ACK'd) [components/cla/posix/cla_csp.c:432]
[Sun Aug  2 18:55:13 2026] [INFO] CSP: RX COMPLETE - Got 384 bytes from csp:2:43 (all fragments ACK'd) [components/cla/posix/cla_csp.c:432]
[Sun Aug  2 18:55:13 2026] [INFO] CSP: RX COMPLETE - Got 384 bytes from csp:2:43 (all fragments ACK'd) [components/cla/posix/cla_csp.c:432]
[Sun Aug  2 18:55:14 2026] [INFO] CSP: RX COMPLETE - Got 384 bytes from csp:2:43 (all fragments ACK'd) [components/cla/posix/cla_csp.c:432]
[Sun Aug  2 18:55:14 2026] [INFO] CSP: RX COMPLETE - Got 384 bytes from csp:2:43 (all fragments ACK'd) [components/cla/posix/cla_csp.c:432]
[Sun Aug  2 18:55:14 2026] [INFO] CSP: RX COMPLETE - Got 384 bytes from csp:2:43 (all fragments ACK'd) [components/cla/posix/cla_csp.c:432]
[Sun Aug  2 18:55:15 2026] [INFO] CSP: RX COMPLETE - Got 384 bytes from csp:2:43 (all fragments ACK'd) [components/cla/posix/cla_csp.c:432]
[Sun Aug  2 18:55:15 2026] [INFO] CSP: RX loop iteration 1350, last_err=0 [components/cla/posix/cla_csp.c:405]
[Sun Aug  2 18:55:15 2026] [INFO] CSP: RX COMPLETE - Got 384 bytes from csp:2:43 (all fragments ACK'd) [components/cla/posix/cla_csp.c:432]
[Sun Aug  2 18:55:15 2026] [INFO] CSP: RX COMPLETE - Got 384 bytes from csp:2:43 (all fragments ACK'd) [components/cla/posix/cla_csp.c:432]
[Sun Aug  2 18:55:16 2026] [INFO] CSP: RX COMPLETE - Got 384 bytes from csp:2:43 (all fragments ACK'd) [components/cla/posix/cla_csp.c:432]
[Sun Aug  2 18:55:16 2026] [INFO] CSP: RX COMPLETE - Got 384 bytes from csp:2:43 (all fragments ACK'd) [components/cla/posix/cla_csp.c:432]
[Sun Aug  2 18:55:16 2026] [INFO] CSP: RX COMPLETE - Got 384 bytes from csp:2:43 (all fragments ACK'd) [components/cla/posix/cla_csp.c:432]
[Sun Aug  2 18:55:17 2026] [INFO] CSP: RX COMPLETE - Got 384 bytes from csp:2:43 (all fragments ACK'd) [components/cla/posix/cla_csp.c:432]
[Sun Aug  2 18:55:17 2026] [INFO] CSP: RX COMPLETE - Got 384 bytes from csp:2:43 (all fragments ACK'd) [components/cla/posix/cla_csp.c:432]
[Sun Aug  2 18:55:17 2026] [INFO] CSP: RX COMPLETE - Got 384 bytes from csp:2:43 (all fragments ACK'd) [components/cla/posix/cla_csp.c:432]
[Sun Aug  2 18:55:17 2026] [INFO] CSP: RX COMPLETE - Got 384 bytes from csp:2:43 (all fragments ACK'd) [components/cla/posix/cla_csp.c:432]
[Sun Aug  2 18:55:18 2026] [INFO] CSP: RX COMPLETE - Got 384 bytes from csp:2:43 (all fragments ACK'd) [components/cla/posix/cla_csp.c:432]
[Sun Aug  2 18:55:18 2026] [INFO] CSP: RX loop iteration 1360, last_err=0 [components/cla/posix/cla_csp.c:405]
[Sun Aug  2 18:55:18 2026] [INFO] CSP: RX COMPLETE - Got 384 bytes from csp:2:43 (all fragments ACK'd) [components/cla/posix/cla_csp.c:432]
[Sun Aug  2 18:55:18 2026] [INFO] CSP: RX COMPLETE - Got 384 bytes from csp:2:43 (all fragments ACK'd) [components/cla/posix/cla_csp.c:432]
[Sun Aug  2 18:55:19 2026] [INFO] CSP: RX COMPLETE - Got 384 bytes from csp:2:43 (all fragments ACK'd) [components/cla/posix/cla_csp.c:432]
[Sun Aug  2 18:55:19 2026] [INFO] CSP: RX COMPLETE - Got 384 bytes from csp:2:43 (all fragments ACK'd) [components/cla/posix/cla_csp.c:432]
[Sun Aug  2 18:55:19 2026] [INFO] CSP: RX COMPLETE - Got 384 bytes from csp:2:43 (all fragments ACK'd) [components/cla/posix/cla_csp.c:432]
[Sun Aug  2 18:55:19 2026] [INFO] CSP: RX COMPLETE - Got 384 bytes from csp:2:43 (all fragments ACK'd) [components/cla/posix/cla_csp.c:432]
[Sun Aug  2 18:55:20 2026] [INFO] CSP: RX COMPLETE - Got 384 bytes from csp:2:43 (all fragments ACK'd) [components/cla/posix/cla_csp.c:432]
[Sun Aug  2 18:55:20 2026] [INFO] CSP: RX COMPLETE - Got 384 bytes from csp:2:43 (all fragments ACK'd) [components/cla/posix/cla_csp.c:432]
[Sun Aug  2 18:55:20 2026] [INFO] CSP: RX COMPLETE - Got 384 bytes from csp:2:43 (all fragments ACK'd) [components/cla/posix/cla_csp.c:432]
[Sun Aug  2 18:55:21 2026] [INFO] CSP: RX COMPLETE - Got 384 bytes from csp:2:43 (all fragments ACK'd) [components/cla/posix/cla_csp.c:432]
[Sun Aug  2 18:55:21 2026] [INFO] CSP: RX loop iteration 1370, last_err=0 [components/cla/posix/cla_csp.c:405]
[Sun Aug  2 18:55:21 2026] [INFO] CSP: RX COMPLETE - Got 384 bytes from csp:2:43 (all fragments ACK'd) [components/cla/posix/cla_csp.c:432]
[Sun Aug  2 18:55:21 2026] [INFO] CSP: RX COMPLETE - Got 384 bytes from csp:2:43 (all fragments ACK'd) [components/cla/posix/cla_csp.c:432]
[Sun Aug  2 18:55:22 2026] [INFO] CSP: RX COMPLETE - Got 384 bytes from csp:2:43 (all fragments ACK'd) [components/cla/posix/cla_csp.c:432]
[Sun Aug  2 18:55:22 2026] [INFO] CSP: RX COMPLETE - Got 384 bytes from csp:2:43 (all fragments ACK'd) [components/cla/posix/cla_csp.c:432]
[Sun Aug  2 18:55:22 2026] [INFO] CSP: RX COMPLETE - Got 384 bytes from csp:2:43 (all fragments ACK'd) [components/cla/posix/cla_csp.c:432]
[Sun Aug  2 18:55:22 2026] [INFO] CSP: RX COMPLETE - Got 384 bytes from csp:2:43 (all fragments ACK'd) [components/cla/posix/cla_csp.c:432]
[Sun Aug  2 18:55:23 2026] [INFO] CSP: RX COMPLETE - Got 384 bytes from csp:2:43 (all fragments ACK'd) [components/cla/posix/cla_csp.c:432]
[Sun Aug  2 18:55:23 2026] [INFO] CSP: RX COMPLETE - Got 384 bytes from csp:2:43 (all fragments ACK'd) [components/cla/posix/cla_csp.c:432]
[Sun Aug  2 18:55:23 2026] [INFO] CSP: RX COMPLETE - Got 384 bytes from csp:2:43 (all fragments ACK'd) [components/cla/posix/cla_csp.c:432]
[Sun Aug  2 18:55:24 2026] [INFO] CSP: RX COMPLETE - Got 384 bytes from csp:2:43 (all fragments ACK'd) [components/cla/posix/cla_csp.c:432]
[Sun Aug  2 18:55:24 2026] [INFO] CSP: RX loop iteration 1380, last_err=0 [components/cla/posix/cla_csp.c:405]
[Sun Aug  2 18:55:24 2026] [INFO] CSP: RX COMPLETE - Got 384 bytes from csp:2:43 (all fragments ACK'd) [components/cla/posix/cla_csp.c:432]
[Sun Aug  2 18:55:24 2026] [INFO] CSP: RX COMPLETE - Got 384 bytes from csp:2:43 (all fragments ACK'd) [components/cla/posix/cla_csp.c:432]
[Sun Aug  2 18:55:25 2026] [INFO] CSP: RX COMPLETE - Got 384 bytes from csp:2:43 (all fragments ACK'd) [components/cla/posix/cla_csp.c:432]
[Sun Aug  2 18:55:25 2026] [INFO] CSP: RX COMPLETE - Got 384 bytes from csp:2:43 (all fragments ACK'd) [components/cla/posix/cla_csp.c:432]
[Sun Aug  2 18:55:25 2026] [INFO] CSP: RX COMPLETE - Got 384 bytes from csp:2:43 (all fragments ACK'd) [components/cla/posix/cla_csp.c:432]
[Sun Aug  2 18:55:25 2026] [INFO] CSP: RX COMPLETE - Got 384 bytes from csp:2:43 (all fragments ACK'd) [components/cla/posix/cla_csp.c:432]
[Sun Aug  2 18:55:25 2026] [INFO] CSP: RX COMPLETE - Got 384 bytes from csp:2:43 (all fragments ACK'd) [components/cla/posix/cla_csp.c:432]
[Sun Aug  2 18:55:26 2026] [INFO] CSP: RX COMPLETE - Got 384 bytes from csp:2:43 (all fragments ACK'd) [components/cla/posix/cla_csp.c:432]
[Sun Aug  2 18:55:26 2026] [INFO] CSP: RX COMPLETE - Got 384 bytes from csp:2:43 (all fragments ACK'd) [components/cla/posix/cla_csp.c:432]
[Sun Aug  2 18:55:27 2026] [INFO] CSP: RX COMPLETE - Got 384 bytes from csp:2:43 (all fragments ACK'd) [components/cla/posix/cla_csp.c:432]
[Sun Aug  2 18:55:27 2026] [INFO] CSP: RX loop iteration 1390, last_err=0 [components/cla/posix/cla_csp.c:405]
[Sun Aug  2 18:55:27 2026] [INFO] CSP: RX COMPLETE - Got 384 bytes from csp:2:43 (all fragments ACK'd) [components/cla/posix/cla_csp.c:432]
[Sun Aug  2 18:55:27 2026] [INFO] CSP: RX COMPLETE - Got 384 bytes from csp:2:43 (all fragments ACK'd) [components/cla/posix/cla_csp.c:432]
[Sun Aug  2 18:55:28 2026] [INFO] CSP: RX COMPLETE - Got 384 bytes from csp:2:43 (all fragments ACK'd) [components/cla/posix/cla_csp.c:432]
[Sun Aug  2 18:55:28 2026] [INFO] CSP: RX COMPLETE - Got 384 bytes from csp:2:43 (all fragments ACK'd) [components/cla/posix/cla_csp.c:432]
[Sun Aug  2 18:55:28 2026] [INFO] CSP: RX COMPLETE - Got 384 bytes from csp:2:43 (all fragments ACK'd) [components/cla/posix/cla_csp.c:432]
[Sun Aug  2 18:55:28 2026] [INFO] CSP: RX COMPLETE - Got 384 bytes from csp:2:43 (all fragments ACK'd) [components/cla/posix/cla_csp.c:432]
[Sun Aug  2 18:55:29 2026] [INFO] CSP: RX COMPLETE - Got 384 bytes from csp:2:43 (all fragments ACK'd) [components/cla/posix/cla_csp.c:432]
[Sun Aug  2 18:55:29 2026] [INFO] CSP: RX COMPLETE - Got 384 bytes from csp:2:43 (all fragments ACK'd) [components/cla/posix/cla_csp.c:432]
[Sun Aug  2 18:55:29 2026] [INFO] CSP: RX COMPLETE - Got 384 bytes from csp:2:43 (all fragments ACK'd) [components/cla/posix/cla_csp.c:432]
[Sun Aug  2 18:55:30 2026] [INFO] CSP: RX COMPLETE - Got 384 bytes from csp:2:43 (all fragments ACK'd) [components/cla/posix/cla_csp.c:432]
[Sun Aug  2 18:55:30 2026] [INFO] CSP: RX loop iteration 1400, last_err=0 [components/cla/posix/cla_csp.c:405]
[Sun Aug  2 18:55:30 2026] [INFO] CSP: RX COMPLETE - Got 384 bytes from csp:2:43 (all fragments ACK'd) [components/cla/posix/cla_csp.c:432]
[Sun Aug  2 18:55:30 2026] [INFO] CSP: RX COMPLETE - Got 384 bytes from csp:2:43 (all fragments ACK'd) [components/cla/posix/cla_csp.c:432]
[Sun Aug  2 18:55:31 2026] [INFO] CSP: RX COMPLETE - Got 384 bytes from csp:2:43 (all fragments ACK'd) [components/cla/posix/cla_csp.c:432]
[Sun Aug  2 18:55:31 2026] [INFO] CSP: RX COMPLETE - Got 384 bytes from csp:2:43 (all fragments ACK'd) [components/cla/posix/cla_csp.c:432]
[Sun Aug  2 18:55:31 2026] [INFO] CSP: RX COMPLETE - Got 384 bytes from csp:2:43 (all fragments ACK'd) [components/cla/posix/cla_csp.c:432]
[Sun Aug  2 18:55:31 2026] [INFO] CSP: RX COMPLETE - Got 384 bytes from csp:2:43 (all fragments ACK'd) [components/cla/posix/cla_csp.c:432]
[Sun Aug  2 18:55:32 2026] [INFO] CSP: RX COMPLETE - Got 384 bytes from csp:2:43 (all fragments ACK'd) [components/cla/posix/cla_csp.c:432]
[Sun Aug  2 18:55:32 2026] [INFO] CSP: RX COMPLETE - Got 384 bytes from csp:2:43 (all fragments ACK'd) [components/cla/posix/cla_csp.c:432]
[Sun Aug  2 18:55:32 2026] [INFO] CSP: RX COMPLETE - Got 384 bytes from csp:2:43 (all fragments ACK'd) [components/cla/posix/cla_csp.c:432]
[Sun Aug  2 18:55:32 2026] [INFO] CSP: RX COMPLETE - Got 384 bytes from csp:2:43 (all fragments ACK'd) [components/cla/posix/cla_csp.c:432]
[Sun Aug  2 18:55:33 2026] [INFO] CSP: RX loop iteration 1410, last_err=0 [components/cla/posix/cla_csp.c:405]
[Sun Aug  2 18:55:33 2026] [INFO] CSP: RX COMPLETE - Got 384 bytes from csp:2:43 (all fragments ACK'd) [components/cla/posix/cla_csp.c:432]
[Sun Aug  2 18:55:33 2026] [INFO] CSP: RX COMPLETE - Got 384 bytes from csp:2:43 (all fragments ACK'd) [components/cla/posix/cla_csp.c:432]
[Sun Aug  2 18:55:33 2026] [INFO] CSP: RX COMPLETE - Got 384 bytes from csp:2:43 (all fragments ACK'd) [components/cla/posix/cla_csp.c:432]
[Sun Aug  2 18:55:34 2026] [INFO] CSP: RX COMPLETE - Got 384 bytes from csp:2:43 (all fragments ACK'd) [components/cla/posix/cla_csp.c:432]
[Sun Aug  2 18:55:34 2026] [INFO] CSP: RX COMPLETE - Got 384 bytes from csp:2:43 (all fragments ACK'd) [components/cla/posix/cla_csp.c:432]
[Sun Aug  2 18:55:34 2026] [INFO] CSP: RX COMPLETE - Got 384 bytes from csp:2:43 (all fragments ACK'd) [components/cla/posix/cla_csp.c:432]
[Sun Aug  2 18:55:34 2026] [INFO] CSP: RX COMPLETE - Got 384 bytes from csp:2:43 (all fragments ACK'd) [components/cla/posix/cla_csp.c:432]
[Sun Aug  2 18:55:35 2026] [INFO] CSP: RX COMPLETE - Got 384 bytes from csp:2:43 (all fragments ACK'd) [components/cla/posix/cla_csp.c:432]
[Sun Aug  2 18:55:35 2026] [INFO] CSP: RX COMPLETE - Got 384 bytes from csp:2:43 (all fragments ACK'd) [components/cla/posix/cla_csp.c:432]
[Sun Aug  2 18:55:36 2026] [INFO] CSP: RX COMPLETE - Got 384 bytes from csp:2:43 (all fragments ACK'd) [components/cla/posix/cla_csp.c:432]
[Sun Aug  2 18:55:36 2026] [INFO] CSP: RX loop iteration 1420, last_err=0 [components/cla/posix/cla_csp.c:405]
[Sun Aug  2 18:55:36 2026] [INFO] CSP: RX COMPLETE - Got 384 bytes from csp:2:43 (all fragments ACK'd) [components/cla/posix/cla_csp.c:432]
[Sun Aug  2 18:55:36 2026] [INFO] CSP: RX COMPLETE - Got 384 bytes from csp:2:43 (all fragments ACK'd) [components/cla/posix/cla_csp.c:432]
[Sun Aug  2 18:55:36 2026] [INFO] CSP: RX COMPLETE - Got 384 bytes from csp:2:43 (all fragments ACK'd) [components/cla/posix/cla_csp.c:432]
[Sun Aug  2 18:55:37 2026] [INFO] CSP: RX COMPLETE - Got 384 bytes from csp:2:43 (all fragments ACK'd) [components/cla/posix/cla_csp.c:432]
[Sun Aug  2 18:55:37 2026] [INFO] CSP: RX COMPLETE - Got 384 bytes from csp:2:43 (all fragments ACK'd) [components/cla/posix/cla_csp.c:432]
[Sun Aug  2 18:55:37 2026] [INFO] CSP: RX COMPLETE - Got 384 bytes from csp:2:43 (all fragments ACK'd) [components/cla/posix/cla_csp.c:432]
[Sun Aug  2 18:55:37 2026] [INFO] CSP: RX COMPLETE - Got 384 bytes from csp:2:43 (all fragments ACK'd) [components/cla/posix/cla_csp.c:432]
[Sun Aug  2 18:55:38 2026] [INFO] CSP: RX COMPLETE - Got 384 bytes from csp:2:43 (all fragments ACK'd) [components/cla/posix/cla_csp.c:432]
[Sun Aug  2 18:55:38 2026] [INFO] CSP: RX COMPLETE - Got 384 bytes from csp:2:43 (all fragments ACK'd) [components/cla/posix/cla_csp.c:432]
[Sun Aug  2 18:55:39 2026] [INFO] CSP: RX COMPLETE - Got 384 bytes from csp:2:43 (all fragments ACK'd) [components/cla/posix/cla_csp.c:432]
[Sun Aug  2 18:55:39 2026] [INFO] CSP: RX loop iteration 1430, last_err=0 [components/cla/posix/cla_csp.c:405]
[Sun Aug  2 18:55:39 2026] [INFO] CSP: RX COMPLETE - Got 384 bytes from csp:2:43 (all fragments ACK'd) [components/cla/posix/cla_csp.c:432]
[Sun Aug  2 18:55:39 2026] [INFO] CSP: RX COMPLETE - Got 384 bytes from csp:2:43 (all fragments ACK'd) [components/cla/posix/cla_csp.c:432]
[Sun Aug  2 18:55:40 2026] [INFO] CSP: RX COMPLETE - Got 384 bytes from csp:2:43 (all fragments ACK'd) [components/cla/posix/cla_csp.c:432]
[Sun Aug  2 18:55:40 2026] [INFO] CSP: RX COMPLETE - Got 384 bytes from csp:2:43 (all fragments ACK'd) [components/cla/posix/cla_csp.c:432]
[Sun Aug  2 18:55:40 2026] [INFO] CSP: RX COMPLETE - Got 384 bytes from csp:2:43 (all fragments ACK'd) [components/cla/posix/cla_csp.c:432]
[Sun Aug  2 18:55:40 2026] [INFO] CSP: RX COMPLETE - Got 384 bytes from csp:2:43 (all fragments ACK'd) [components/cla/posix/cla_csp.c:432]
[Sun Aug  2 18:55:40 2026] [INFO] CSP: RX COMPLETE - Got 384 bytes from csp:2:43 (all fragments ACK'd) [components/cla/posix/cla_csp.c:432]
[Sun Aug  2 18:55:41 2026] [INFO] CSP: RX COMPLETE - Got 384 bytes from csp:2:43 (all fragments ACK'd) [components/cla/posix/cla_csp.c:432]
[Sun Aug  2 18:55:41 2026] [INFO] CSP: RX COMPLETE - Got 384 bytes from csp:2:43 (all fragments ACK'd) [components/cla/posix/cla_csp.c:432]
[Sun Aug  2 18:55:41 2026] [INFO] CSP: RX COMPLETE - Got 384 bytes from csp:2:43 (all fragments ACK'd) [components/cla/posix/cla_csp.c:432]
[Sun Aug  2 18:55:42 2026] [INFO] CSP: RX loop iteration 1440, last_err=0 [components/cla/posix/cla_csp.c:405]
[Sun Aug  2 18:55:42 2026] [INFO] CSP: RX COMPLETE - Got 384 bytes from csp:2:43 (all fragments ACK'd) [components/cla/posix/cla_csp.c:432]
[Sun Aug  2 18:55:42 2026] [INFO] CSP: RX COMPLETE - Got 384 bytes from csp:2:43 (all fragments ACK'd) [components/cla/posix/cla_csp.c:432]
[Sun Aug  2 18:55:42 2026] [INFO] CSP: RX COMPLETE - Got 384 bytes from csp:2:43 (all fragments ACK'd) [components/cla/posix/cla_csp.c:432]
[Sun Aug  2 18:55:43 2026] [INFO] CSP: RX COMPLETE - Got 384 bytes from csp:2:43 (all fragments ACK'd) [components/cla/posix/cla_csp.c:432]
[Sun Aug  2 18:55:43 2026] [INFO] CSP: RX COMPLETE - Got 384 bytes from csp:2:43 (all fragments ACK'd) [components/cla/posix/cla_csp.c:432]
[Sun Aug  2 18:55:43 2026] [INFO] CSP: RX COMPLETE - Got 384 bytes from csp:2:43 (all fragments ACK'd) [components/cla/posix/cla_csp.c:432]
[Sun Aug  2 18:55:43 2026] [INFO] CSP: RX COMPLETE - Got 384 bytes from csp:2:43 (all fragments ACK'd) [components/cla/posix/cla_csp.c:432]
[Sun Aug  2 18:55:44 2026] [INFO] CSP: RX COMPLETE - Got 384 bytes from csp:2:43 (all fragments ACK'd) [components/cla/posix/cla_csp.c:432]
[Sun Aug  2 18:55:44 2026] [INFO] CSP: RX COMPLETE - Got 384 bytes from csp:2:43 (all fragments ACK'd) [components/cla/posix/cla_csp.c:432]
[Sun Aug  2 18:55:45 2026] [INFO] CSP: RX COMPLETE - Got 384 bytes from csp:2:43 (all fragments ACK'd) [components/cla/posix/cla_csp.c:432]
[Sun Aug  2 18:55:45 2026] [INFO] CSP: RX loop iteration 1450, last_err=0 [components/cla/posix/cla_csp.c:405]
[Sun Aug  2 18:55:45 2026] [INFO] CSP: RX COMPLETE - Got 384 bytes from csp:2:43 (all fragments ACK'd) [components/cla/posix/cla_csp.c:432]
[Sun Aug  2 18:55:45 2026] [INFO] CSP: RX COMPLETE - Got 384 bytes from csp:2:43 (all fragments ACK'd) [components/cla/posix/cla_csp.c:432]
[Sun Aug  2 18:55:45 2026] [INFO] CSP: RX COMPLETE - Got 384 bytes from csp:2:43 (all fragments ACK'd) [components/cla/posix/cla_csp.c:432]
[Sun Aug  2 18:55:46 2026] [INFO] CSP: RX COMPLETE - Got 384 bytes from csp:2:43 (all fragments ACK'd) [components/cla/posix/cla_csp.c:432]
[Sun Aug  2 18:55:46 2026] [INFO] CSP: RX COMPLETE - Got 384 bytes from csp:2:43 (all fragments ACK'd) [components/cla/posix/cla_csp.c:432]
[Sun Aug  2 18:55:46 2026] [INFO] CSP: RX COMPLETE - Got 384 bytes from csp:2:43 (all fragments ACK'd) [components/cla/posix/cla_csp.c:432]
[Sun Aug  2 18:55:46 2026] [INFO] CSP: RX COMPLETE - Got 384 bytes from csp:2:43 (all fragments ACK'd) [components/cla/posix/cla_csp.c:432]
[Sun Aug  2 18:55:47 2026] [INFO] CSP: RX COMPLETE - Got 384 bytes from csp:2:43 (all fragments ACK'd) [components/cla/posix/cla_csp.c:432]
[Sun Aug  2 18:55:47 2026] [INFO] CSP: RX COMPLETE - Got 384 bytes from csp:2:43 (all fragments ACK'd) [components/cla/posix/cla_csp.c:432]
[Sun Aug  2 18:55:47 2026] [INFO] CSP: RX COMPLETE - Got 384 bytes from csp:2:43 (all fragments ACK'd) [components/cla/posix/cla_csp.c:432]
[Sun Aug  2 18:55:48 2026] [INFO] CSP: RX loop iteration 1460, last_err=0 [components/cla/posix/cla_csp.c:405]
[Sun Aug  2 18:55:48 2026] [INFO] CSP: RX COMPLETE - Got 384 bytes from csp:2:43 (all fragments ACK'd) [components/cla/posix/cla_csp.c:432]
[Sun Aug  2 18:55:48 2026] [INFO] CSP: RX COMPLETE - Got 384 bytes from csp:2:43 (all fragments ACK'd) [components/cla/posix/cla_csp.c:432]
[Sun Aug  2 18:55:48 2026] [INFO] CSP: RX COMPLETE - Got 384 bytes from csp:2:43 (all fragments ACK'd) [components/cla/posix/cla_csp.c:432]
[Sun Aug  2 18:55:49 2026] [INFO] CSP: RX COMPLETE - Got 384 bytes from csp:2:43 (all fragments ACK'd) [components/cla/posix/cla_csp.c:432]
[Sun Aug  2 18:55:49 2026] [INFO] CSP: RX COMPLETE - Got 384 bytes from csp:2:43 (all fragments ACK'd) [components/cla/posix/cla_csp.c:432]
[Sun Aug  2 18:55:49 2026] [INFO] CSP: RX COMPLETE - Got 384 bytes from csp:2:43 (all fragments ACK'd) [components/cla/posix/cla_csp.c:432]
[Sun Aug  2 18:55:49 2026] [INFO] CSP: RX COMPLETE - Got 384 bytes from csp:2:43 (all fragments ACK'd) [components/cla/posix/cla_csp.c:432]
[Sun Aug  2 18:55:50 2026] [INFO] CSP: RX COMPLETE - Got 384 bytes from csp:2:43 (all fragments ACK'd) [components/cla/posix/cla_csp.c:432]
[Sun Aug  2 18:55:50 2026] [INFO] CSP: RX COMPLETE - Got 384 bytes from csp:2:43 (all fragments ACK'd) [components/cla/posix/cla_csp.c:432]
[Sun Aug  2 18:55:50 2026] [INFO] CSP: RX COMPLETE - Got 384 bytes from csp:2:43 (all fragments ACK'd) [components/cla/posix/cla_csp.c:432]
[Sun Aug  2 18:55:51 2026] [INFO] CSP: RX loop iteration 1470, last_err=0 [components/cla/posix/cla_csp.c:405]
[Sun Aug  2 18:55:51 2026] [INFO] CSP: RX COMPLETE - Got 384 bytes from csp:2:43 (all fragments ACK'd) [components/cla/posix/cla_csp.c:432]
[Sun Aug  2 18:55:51 2026] [INFO] CSP: RX COMPLETE - Got 384 bytes from csp:2:43 (all fragments ACK'd) [components/cla/posix/cla_csp.c:432]
[Sun Aug  2 18:55:51 2026] [INFO] CSP: RX COMPLETE - Got 384 bytes from csp:2:43 (all fragments ACK'd) [components/cla/posix/cla_csp.c:432]
[Sun Aug  2 18:55:51 2026] [INFO] CSP: RX COMPLETE - Got 384 bytes from csp:2:43 (all fragments ACK'd) [components/cla/posix/cla_csp.c:432]
[Sun Aug  2 18:55:52 2026] [INFO] CSP: RX COMPLETE - Got 384 bytes from csp:2:43 (all fragments ACK'd) [components/cla/posix/cla_csp.c:432]
[Sun Aug  2 18:55:52 2026] [INFO] CSP: RX COMPLETE - Got 384 bytes from csp:2:43 (all fragments ACK'd) [components/cla/posix/cla_csp.c:432]
[Sun Aug  2 18:55:52 2026] [INFO] CSP: RX COMPLETE - Got 384 bytes from csp:2:43 (all fragments ACK'd) [components/cla/posix/cla_csp.c:432]
[Sun Aug  2 18:55:53 2026] [INFO] CSP: RX COMPLETE - Got 384 bytes from csp:2:43 (all fragments ACK'd) [components/cla/posix/cla_csp.c:432]
[Sun Aug  2 18:55:53 2026] [INFO] CSP: RX COMPLETE - Got 384 bytes from csp:2:43 (all fragments ACK'd) [components/cla/posix/cla_csp.c:432]
[Sun Aug  2 18:55:53 2026] [INFO] CSP: RX COMPLETE - Got 384 bytes from csp:2:43 (all fragments ACK'd) [components/cla/posix/cla_csp.c:432]
[Sun Aug  2 18:55:54 2026] [INFO] CSP: RX loop iteration 1480, last_err=0 [components/cla/posix/cla_csp.c:405]
[Sun Aug  2 18:55:54 2026] [INFO] CSP: RX COMPLETE - Got 384 bytes from csp:2:43 (all fragments ACK'd) [components/cla/posix/cla_csp.c:432]
[Sun Aug  2 18:55:54 2026] [INFO] CSP: RX COMPLETE - Got 384 bytes from csp:2:43 (all fragments ACK'd) [components/cla/posix/cla_csp.c:432]
[Sun Aug  2 18:55:54 2026] [INFO] CSP: RX COMPLETE - Got 384 bytes from csp:2:43 (all fragments ACK'd) [components/cla/posix/cla_csp.c:432]
[Sun Aug  2 18:55:55 2026] [INFO] CSP: RX COMPLETE - Got 384 bytes from csp:2:43 (all fragments ACK'd) [components/cla/posix/cla_csp.c:432]
[Sun Aug  2 18:55:55 2026] [INFO] CSP: RX COMPLETE - Got 384 bytes from csp:2:43 (all fragments ACK'd) [components/cla/posix/cla_csp.c:432]
[Sun Aug  2 18:55:55 2026] [INFO] CSP: RX COMPLETE - Got 384 bytes from csp:2:43 (all fragments ACK'd) [components/cla/posix/cla_csp.c:432]
[Sun Aug  2 18:55:55 2026] [INFO] CSP: RX COMPLETE - Got 384 bytes from csp:2:43 (all fragments ACK'd) [components/cla/posix/cla_csp.c:432]
[Sun Aug  2 18:55:56 2026] [INFO] CSP: RX COMPLETE - Got 384 bytes from csp:2:43 (all fragments ACK'd) [components/cla/posix/cla_csp.c:432]
[Sun Aug  2 18:55:56 2026] [INFO] CSP: RX COMPLETE - Got 384 bytes from csp:2:43 (all fragments ACK'd) [components/cla/posix/cla_csp.c:432]
[Sun Aug  2 18:55:56 2026] [INFO] CSP: RX COMPLETE - Got 384 bytes from csp:2:43 (all fragments ACK'd) [components/cla/posix/cla_csp.c:432]
[Sun Aug  2 18:55:57 2026] [INFO] CSP: RX loop iteration 1490, last_err=0 [components/cla/posix/cla_csp.c:405]
[Sun Aug  2 18:55:57 2026] [INFO] CSP: RX COMPLETE - Got 384 bytes from csp:2:43 (all fragments ACK'd) [components/cla/posix/cla_csp.c:432]
[Sun Aug  2 18:55:57 2026] [INFO] CSP: RX COMPLETE - Got 384 bytes from csp:2:43 (all fragments ACK'd) [components/cla/posix/cla_csp.c:432]
[Sun Aug  2 18:55:57 2026] [INFO] CSP: RX COMPLETE - Got 384 bytes from csp:2:43 (all fragments ACK'd) [components/cla/posix/cla_csp.c:432]
[Sun Aug  2 18:55:58 2026] [INFO] CSP: RX COMPLETE - Got 384 bytes from csp:2:43 (all fragments ACK'd) [components/cla/posix/cla_csp.c:432]
[Sun Aug  2 18:55:58 2026] [INFO] CSP: RX COMPLETE - Got 384 bytes from csp:2:43 (all fragments ACK'd) [components/cla/posix/cla_csp.c:432]
[Sun Aug  2 18:55:58 2026] [INFO] CSP: RX COMPLETE - Got 384 bytes from csp:2:43 (all fragments ACK'd) [components/cla/posix/cla_csp.c:432]
[Sun Aug  2 18:55:58 2026] [INFO] CSP: RX COMPLETE - Got 384 bytes from csp:2:43 (all fragments ACK'd) [components/cla/posix/cla_csp.c:432]
[Sun Aug  2 18:55:59 2026] [INFO] CSP: RX COMPLETE - Got 384 bytes from csp:2:43 (all fragments ACK'd) [components/cla/posix/cla_csp.c:432]
[Sun Aug  2 18:55:59 2026] [INFO] CSP: RX COMPLETE - Got 384 bytes from csp:2:43 (all fragments ACK'd) [components/cla/posix/cla_csp.c:432]
[Sun Aug  2 18:55:59 2026] [INFO] CSP: RX COMPLETE - Got 384 bytes from csp:2:43 (all fragments ACK'd) [components/cla/posix/cla_csp.c:432]
[Sun Aug  2 18:55:59 2026] [INFO] CSP: RX loop iteration 1500, last_err=0 [components/cla/posix/cla_csp.c:405]
[Sun Aug  2 18:55:59 2026] [INFO] CSP: RX COMPLETE - Got 384 bytes from csp:2:43 (all fragments ACK'd) [components/cla/posix/cla_csp.c:432]
[Sun Aug  2 18:56:00 2026] [INFO] CSP: RX COMPLETE - Got 384 bytes from csp:2:43 (all fragments ACK'd) [components/cla/posix/cla_csp.c:432]
[Sun Aug  2 18:56:00 2026] [INFO] CSP: RX COMPLETE - Got 384 bytes from csp:2:43 (all fragments ACK'd) [components/cla/posix/cla_csp.c:432]
[Sun Aug  2 18:56:00 2026] [INFO] CSP: RX COMPLETE - Got 384 bytes from csp:2:43 (all fragments ACK'd) [components/cla/posix/cla_csp.c:432]
[Sun Aug  2 18:56:01 2026] [INFO] CSP: RX COMPLETE - Got 384 bytes from csp:2:43 (all fragments ACK'd) [components/cla/posix/cla_csp.c:432]
[Sun Aug  2 18:56:01 2026] [INFO] CSP: RX COMPLETE - Got 384 bytes from csp:2:43 (all fragments ACK'd) [components/cla/posix/cla_csp.c:432]
[Sun Aug  2 18:56:01 2026] [INFO] CSP: RX COMPLETE - Got 384 bytes from csp:2:43 (all fragments ACK'd) [components/cla/posix/cla_csp.c:432]
[Sun Aug  2 18:56:02 2026] [INFO] CSP: RX COMPLETE - Got 384 bytes from csp:2:43 (all fragments ACK'd) [components/cla/posix/cla_csp.c:432]
[Sun Aug  2 18:56:02 2026] [INFO] CSP: RX COMPLETE - Got 384 bytes from csp:2:43 (all fragments ACK'd) [components/cla/posix/cla_csp.c:432]
[Sun Aug  2 18:56:02 2026] [INFO] CSP: RX COMPLETE - Got 384 bytes from csp:2:43 (all fragments ACK'd) [components/cla/posix/cla_csp.c:432]
[Sun Aug  2 18:56:03 2026] [INFO] CSP: RX loop iteration 1510, last_err=0 [components/cla/posix/cla_csp.c:405]
[Sun Aug  2 18:56:03 2026] [INFO] CSP: RX COMPLETE - Got 384 bytes from csp:2:43 (all fragments ACK'd) [components/cla/posix/cla_csp.c:432]
[Sun Aug  2 18:56:03 2026] [INFO] CSP: RX COMPLETE - Got 384 bytes from csp:2:43 (all fragments ACK'd) [components/cla/posix/cla_csp.c:432]
[Sun Aug  2 18:56:03 2026] [INFO] CSP: RX COMPLETE - Got 384 bytes from csp:2:43 (all fragments ACK'd) [components/cla/posix/cla_csp.c:432]
[Sun Aug  2 18:56:03 2026] [INFO] CSP: RX COMPLETE - Got 384 bytes from csp:2:43 (all fragments ACK'd) [components/cla/posix/cla_csp.c:432]
[Sun Aug  2 18:56:04 2026] [INFO] CSP: RX COMPLETE - Got 384 bytes from csp:2:43 (all fragments ACK'd) [components/cla/posix/cla_csp.c:432]
[Sun Aug  2 18:56:04 2026] [INFO] CSP: RX COMPLETE - Got 384 bytes from csp:2:43 (all fragments ACK'd) [components/cla/posix/cla_csp.c:432]
[Sun Aug  2 18:56:04 2026] [INFO] CSP: RX COMPLETE - Got 384 bytes from csp:2:43 (all fragments ACK'd) [components/cla/posix/cla_csp.c:432]
[Sun Aug  2 18:56:05 2026] [INFO] CSP: RX COMPLETE - Got 384 bytes from csp:2:43 (all fragments ACK'd) [components/cla/posix/cla_csp.c:432]
[Sun Aug  2 18:56:05 2026] [INFO] CSP: RX COMPLETE - Got 384 bytes from csp:2:43 (all fragments ACK'd) [components/cla/posix/cla_csp.c:432]
[Sun Aug  2 18:56:05 2026] [INFO] CSP: RX COMPLETE - Got 384 bytes from csp:2:43 (all fragments ACK'd) [components/cla/posix/cla_csp.c:432]
[Sun Aug  2 18:56:06 2026] [INFO] CSP: RX loop iteration 1520, last_err=0 [components/cla/posix/cla_csp.c:405]
[Sun Aug  2 18:56:06 2026] [INFO] CSP: RX COMPLETE - Got 384 bytes from csp:2:43 (all fragments ACK'd) [components/cla/posix/cla_csp.c:432]
[Sun Aug  2 18:56:06 2026] [INFO] CSP: RX COMPLETE - Got 384 bytes from csp:2:43 (all fragments ACK'd) [components/cla/posix/cla_csp.c:432]
[Sun Aug  2 18:56:06 2026] [INFO] CSP: RX COMPLETE - Got 384 bytes from csp:2:43 (all fragments ACK'd) [components/cla/posix/cla_csp.c:432]
[Sun Aug  2 18:56:06 2026] [INFO] CSP: RX COMPLETE - Got 384 bytes from csp:2:43 (all fragments ACK'd) [components/cla/posix/cla_csp.c:432]
[Sun Aug  2 18:56:06 2026] [INFO] CSP: RX COMPLETE - Got 384 bytes from csp:2:43 (all fragments ACK'd) [components/cla/posix/cla_csp.c:432]
[Sun Aug  2 18:56:07 2026] [INFO] CSP: RX COMPLETE - Got 384 bytes from csp:2:43 (all fragments ACK'd) [components/cla/posix/cla_csp.c:432]
[Sun Aug  2 18:56:07 2026] [INFO] CSP: RX COMPLETE - Got 384 bytes from csp:2:43 (all fragments ACK'd) [components/cla/posix/cla_csp.c:432]
[Sun Aug  2 18:56:08 2026] [INFO] CSP: RX COMPLETE - Got 384 bytes from csp:2:43 (all fragments ACK'd) [components/cla/posix/cla_csp.c:432]
[Sun Aug  2 18:56:08 2026] [INFO] CSP: RX COMPLETE - Got 384 bytes from csp:2:43 (all fragments ACK'd) [components/cla/posix/cla_csp.c:432]
[Sun Aug  2 18:56:08 2026] [INFO] CSP: RX COMPLETE - Got 384 bytes from csp:2:43 (all fragments ACK'd) [components/cla/posix/cla_csp.c:432]
[Sun Aug  2 18:56:08 2026] [INFO] CSP: RX loop iteration 1530, last_err=0 [components/cla/posix/cla_csp.c:405]
[Sun Aug  2 18:56:08 2026] [INFO] CSP: RX COMPLETE - Got 384 bytes from csp:2:43 (all fragments ACK'd) [components/cla/posix/cla_csp.c:432]
[Sun Aug  2 18:56:09 2026] [INFO] CSP: RX COMPLETE - Got 384 bytes from csp:2:43 (all fragments ACK'd) [components/cla/posix/cla_csp.c:432]
[Sun Aug  2 18:56:09 2026] [INFO] CSP: RX COMPLETE - Got 384 bytes from csp:2:43 (all fragments ACK'd) [components/cla/posix/cla_csp.c:432]
[Sun Aug  2 18:56:09 2026] [INFO] CSP: RX COMPLETE - Got 384 bytes from csp:2:43 (all fragments ACK'd) [components/cla/posix/cla_csp.c:432]
[Sun Aug  2 18:56:10 2026] [INFO] CSP: RX COMPLETE - Got 384 bytes from csp:2:43 (all fragments ACK'd) [components/cla/posix/cla_csp.c:432]
[Sun Aug  2 18:56:10 2026] [INFO] CSP: RX COMPLETE - Got 384 bytes from csp:2:43 (all fragments ACK'd) [components/cla/posix/cla_csp.c:432]
[Sun Aug  2 18:56:10 2026] [INFO] CSP: RX COMPLETE - Got 384 bytes from csp:2:43 (all fragments ACK'd) [components/cla/posix/cla_csp.c:432]
[Sun Aug  2 18:56:11 2026] [INFO] CSP: RX COMPLETE - Got 384 bytes from csp:2:43 (all fragments ACK'd) [components/cla/posix/cla_csp.c:432]
[Sun Aug  2 18:56:11 2026] [INFO] CSP: RX COMPLETE - Got 384 bytes from csp:2:43 (all fragments ACK'd) [components/cla/posix/cla_csp.c:432]
[Sun Aug  2 18:56:11 2026] [INFO] CSP: RX COMPLETE - Got 384 bytes from csp:2:43 (all fragments ACK'd) [components/cla/posix/cla_csp.c:432]
[Sun Aug  2 18:56:11 2026] [INFO] CSP: RX loop iteration 1540, last_err=0 [components/cla/posix/cla_csp.c:405]
[Sun Aug  2 18:56:11 2026] [INFO] CSP: RX COMPLETE - Got 384 bytes from csp:2:43 (all fragments ACK'd) [components/cla/posix/cla_csp.c:432]
[Sun Aug  2 18:56:12 2026] [INFO] CSP: RX COMPLETE - Got 384 bytes from csp:2:43 (all fragments ACK'd) [components/cla/posix/cla_csp.c:432]
[Sun Aug  2 18:56:12 2026] [INFO] CSP: RX COMPLETE - Got 384 bytes from csp:2:43 (all fragments ACK'd) [components/cla/posix/cla_csp.c:432]
[Sun Aug  2 18:56:12 2026] [INFO] CSP: RX COMPLETE - Got 384 bytes from csp:2:43 (all fragments ACK'd) [components/cla/posix/cla_csp.c:432]
[Sun Aug  2 18:56:13 2026] [INFO] CSP: RX COMPLETE - Got 384 bytes from csp:2:43 (all fragments ACK'd) [components/cla/posix/cla_csp.c:432]
[Sun Aug  2 18:56:13 2026] [INFO] CSP: RX COMPLETE - Got 384 bytes from csp:2:43 (all fragments ACK'd) [components/cla/posix/cla_csp.c:432]
[Sun Aug  2 18:56:13 2026] [INFO] CSP: RX COMPLETE - Got 384 bytes from csp:2:43 (all fragments ACK'd) [components/cla/posix/cla_csp.c:432]
[Sun Aug  2 18:56:14 2026] [INFO] CSP: RX COMPLETE - Got 384 bytes from csp:2:43 (all fragments ACK'd) [components/cla/posix/cla_csp.c:432]
[Sun Aug  2 18:56:14 2026] [INFO] CSP: RX COMPLETE - Got 384 bytes from csp:2:43 (all fragments ACK'd) [components/cla/posix/cla_csp.c:432]
[Sun Aug  2 18:56:14 2026] [INFO] CSP: RX COMPLETE - Got 384 bytes from csp:2:43 (all fragments ACK'd) [components/cla/posix/cla_csp.c:432]
[Sun Aug  2 18:56:15 2026] [INFO] CSP: RX loop iteration 1550, last_err=0 [components/cla/posix/cla_csp.c:405]
[Sun Aug  2 18:56:15 2026] [INFO] CSP: RX COMPLETE - Got 384 bytes from csp:2:43 (all fragments ACK'd) [components/cla/posix/cla_csp.c:432]
[Sun Aug  2 18:56:15 2026] [INFO] CSP: RX COMPLETE - Got 384 bytes from csp:2:43 (all fragments ACK'd) [components/cla/posix/cla_csp.c:432]
[Sun Aug  2 18:56:15 2026] [INFO] CSP: RX COMPLETE - Got 384 bytes from csp:2:43 (all fragments ACK'd) [components/cla/posix/cla_csp.c:432]
[Sun Aug  2 18:56:15 2026] [INFO] CSP: RX COMPLETE - Got 384 bytes from csp:2:43 (all fragments ACK'd) [components/cla/posix/cla_csp.c:432]
[Sun Aug  2 18:56:15 2026] [INFO] CSP: RX COMPLETE - Got 384 bytes from csp:2:43 (all fragments ACK'd) [components/cla/posix/cla_csp.c:432]
[Sun Aug  2 18:56:16 2026] [INFO] CSP: RX COMPLETE - Got 384 bytes from csp:2:43 (all fragments ACK'd) [components/cla/posix/cla_csp.c:432]
[Sun Aug  2 18:56:16 2026] [INFO] CSP: RX COMPLETE - Got 384 bytes from csp:2:43 (all fragments ACK'd) [components/cla/posix/cla_csp.c:432]
[Sun Aug  2 18:56:17 2026] [INFO] CSP: RX COMPLETE - Got 384 bytes from csp:2:43 (all fragments ACK'd) [components/cla/posix/cla_csp.c:432]
[Sun Aug  2 18:56:17 2026] [INFO] CSP: RX COMPLETE - Got 384 bytes from csp:2:43 (all fragments ACK'd) [components/cla/posix/cla_csp.c:432]
[Sun Aug  2 18:56:17 2026] [INFO] CSP: RX COMPLETE - Got 384 bytes from csp:2:43 (all fragments ACK'd) [components/cla/posix/cla_csp.c:432]
[Sun Aug  2 18:56:18 2026] [INFO] CSP: RX loop iteration 1560, last_err=0 [components/cla/posix/cla_csp.c:405]
[Sun Aug  2 18:56:18 2026] [INFO] CSP: RX COMPLETE - Got 384 bytes from csp:2:43 (all fragments ACK'd) [components/cla/posix/cla_csp.c:432]
[Sun Aug  2 18:56:18 2026] [INFO] CSP: RX COMPLETE - Got 384 bytes from csp:2:43 (all fragments ACK'd) [components/cla/posix/cla_csp.c:432]
[Sun Aug  2 18:56:18 2026] [INFO] CSP: RX COMPLETE - Got 384 bytes from csp:2:43 (all fragments ACK'd) [components/cla/posix/cla_csp.c:432]
[Sun Aug  2 18:56:18 2026] [INFO] CSP: RX COMPLETE - Got 384 bytes from csp:2:43 (all fragments ACK'd) [components/cla/posix/cla_csp.c:432]
[Sun Aug  2 18:56:18 2026] [INFO] CSP: RX COMPLETE - Got 384 bytes from csp:2:43 (all fragments ACK'd) [components/cla/posix/cla_csp.c:432]
[Sun Aug  2 18:56:19 2026] [INFO] CSP: RX COMPLETE - Got 384 bytes from csp:2:43 (all fragments ACK'd) [components/cla/posix/cla_csp.c:432]
[Sun Aug  2 18:56:19 2026] [INFO] CSP: RX COMPLETE - Got 384 bytes from csp:2:43 (all fragments ACK'd) [components/cla/posix/cla_csp.c:432]
[Sun Aug  2 18:56:19 2026] [INFO] CSP: RX COMPLETE - Got 384 bytes from csp:2:43 (all fragments ACK'd) [components/cla/posix/cla_csp.c:432]
[Sun Aug  2 18:56:20 2026] [INFO] CSP: RX COMPLETE - Got 384 bytes from csp:2:43 (all fragments ACK'd) [components/cla/posix/cla_csp.c:432]
[Sun Aug  2 18:56:20 2026] [INFO] CSP: RX COMPLETE - Got 384 bytes from csp:2:43 (all fragments ACK'd) [components/cla/posix/cla_csp.c:432]
[Sun Aug  2 18:56:20 2026] [INFO] CSP: RX loop iteration 1570, last_err=0 [components/cla/posix/cla_csp.c:405]
[Sun Aug  2 18:56:20 2026] [INFO] CSP: RX COMPLETE - Got 384 bytes from csp:2:43 (all fragments ACK'd) [components/cla/posix/cla_csp.c:432]
[Sun Aug  2 18:56:21 2026] [INFO] CSP: RX COMPLETE - Got 384 bytes from csp:2:43 (all fragments ACK'd) [components/cla/posix/cla_csp.c:432]
[Sun Aug  2 18:56:21 2026] [INFO] CSP: RX COMPLETE - Got 384 bytes from csp:2:43 (all fragments ACK'd) [components/cla/posix/cla_csp.c:432]
[Sun Aug  2 18:56:21 2026] [INFO] CSP: RX COMPLETE - Got 384 bytes from csp:2:43 (all fragments ACK'd) [components/cla/posix/cla_csp.c:432]
[Sun Aug  2 18:56:21 2026] [INFO] CSP: RX COMPLETE - Got 384 bytes from csp:2:43 (all fragments ACK'd) [components/cla/posix/cla_csp.c:432]
[Sun Aug  2 18:56:22 2026] [INFO] CSP: RX COMPLETE - Got 384 bytes from csp:2:43 (all fragments ACK'd) [components/cla/posix/cla_csp.c:432]
[Sun Aug  2 18:56:22 2026] [INFO] CSP: RX COMPLETE - Got 384 bytes from csp:2:43 (all fragments ACK'd) [components/cla/posix/cla_csp.c:432]
[Sun Aug  2 18:56:23 2026] [INFO] CSP: RX COMPLETE - Got 384 bytes from csp:2:43 (all fragments ACK'd) [components/cla/posix/cla_csp.c:432]
[Sun Aug  2 18:56:23 2026] [INFO] CSP: RX COMPLETE - Got 384 bytes from csp:2:43 (all fragments ACK'd) [components/cla/posix/cla_csp.c:432]
[Sun Aug  2 18:56:23 2026] [INFO] CSP: RX COMPLETE - Got 384 bytes from csp:2:43 (all fragments ACK'd) [components/cla/posix/cla_csp.c:432]
[Sun Aug  2 18:56:23 2026] [INFO] CSP: RX loop iteration 1580, last_err=0 [components/cla/posix/cla_csp.c:405]
[Sun Aug  2 18:56:23 2026] [INFO] CSP: RX COMPLETE - Got 384 bytes from csp:2:43 (all fragments ACK'd) [components/cla/posix/cla_csp.c:432]
[Sun Aug  2 18:56:24 2026] [INFO] CSP: RX COMPLETE - Got 384 bytes from csp:2:43 (all fragments ACK'd) [components/cla/posix/cla_csp.c:432]
[Sun Aug  2 18:56:24 2026] [INFO] CSP: RX COMPLETE - Got 384 bytes from csp:2:43 (all fragments ACK'd) [components/cla/posix/cla_csp.c:432]
[Sun Aug  2 18:56:24 2026] [INFO] CSP: RX COMPLETE - Got 384 bytes from csp:2:43 (all fragments ACK'd) [components/cla/posix/cla_csp.c:432]
[Sun Aug  2 18:56:24 2026] [INFO] CSP: RX COMPLETE - Got 384 bytes from csp:2:43 (all fragments ACK'd) [components/cla/posix/cla_csp.c:432]
[Sun Aug  2 18:56:25 2026] [INFO] CSP: RX COMPLETE - Got 384 bytes from csp:2:43 (all fragments ACK'd) [components/cla/posix/cla_csp.c:432]
[Sun Aug  2 18:56:25 2026] [INFO] CSP: RX COMPLETE - Got 384 bytes from csp:2:43 (all fragments ACK'd) [components/cla/posix/cla_csp.c:432]
[Sun Aug  2 18:56:26 2026] [INFO] CSP: RX COMPLETE - Got 384 bytes from csp:2:43 (all fragments ACK'd) [components/cla/posix/cla_csp.c:432]
[Sun Aug  2 18:56:26 2026] [INFO] CSP: RX COMPLETE - Got 384 bytes from csp:2:43 (all fragments ACK'd) [components/cla/posix/cla_csp.c:432]
[Sun Aug  2 18:56:26 2026] [INFO] CSP: RX COMPLETE - Got 384 bytes from csp:2:43 (all fragments ACK'd) [components/cla/posix/cla_csp.c:432]
[Sun Aug  2 18:56:26 2026] [INFO] CSP: RX loop iteration 1590, last_err=0 [components/cla/posix/cla_csp.c:405]
[Sun Aug  2 18:56:26 2026] [INFO] CSP: RX COMPLETE - Got 384 bytes from csp:2:43 (all fragments ACK'd) [components/cla/posix/cla_csp.c:432]
[Sun Aug  2 18:56:27 2026] [INFO] CSP: RX COMPLETE - Got 384 bytes from csp:2:43 (all fragments ACK'd) [components/cla/posix/cla_csp.c:432]
[Sun Aug  2 18:56:27 2026] [INFO] CSP: RX COMPLETE - Got 384 bytes from csp:2:43 (all fragments ACK'd) [components/cla/posix/cla_csp.c:432]
[Sun Aug  2 18:56:27 2026] [INFO] CSP: RX COMPLETE - Got 384 bytes from csp:2:43 (all fragments ACK'd) [components/cla/posix/cla_csp.c:432]
[Sun Aug  2 18:56:27 2026] [INFO] CSP: RX COMPLETE - Got 384 bytes from csp:2:43 (all fragments ACK'd) [components/cla/posix/cla_csp.c:432]
[Sun Aug  2 18:56:28 2026] [INFO] CSP: RX COMPLETE - Got 384 bytes from csp:2:43 (all fragments ACK'd) [components/cla/posix/cla_csp.c:432]
[Sun Aug  2 18:56:28 2026] [INFO] CSP: RX COMPLETE - Got 384 bytes from csp:2:43 (all fragments ACK'd) [components/cla/posix/cla_csp.c:432]
[Sun Aug  2 18:56:28 2026] [INFO] CSP: RX COMPLETE - Got 384 bytes from csp:2:43 (all fragments ACK'd) [components/cla/posix/cla_csp.c:432]
[Sun Aug  2 18:56:29 2026] [INFO] CSP: RX COMPLETE - Got 384 bytes from csp:2:43 (all fragments ACK'd) [components/cla/posix/cla_csp.c:432]
[Sun Aug  2 18:56:29 2026] [INFO] CSP: RX COMPLETE - Got 384 bytes from csp:2:43 (all fragments ACK'd) [components/cla/posix/cla_csp.c:432]
[Sun Aug  2 18:56:29 2026] [INFO] CSP: RX loop iteration 1600, last_err=0 [components/cla/posix/cla_csp.c:405]
[Sun Aug  2 18:56:29 2026] [INFO] CSP: RX COMPLETE - Got 384 bytes from csp:2:43 (all fragments ACK'd) [components/cla/posix/cla_csp.c:432]
[Sun Aug  2 18:56:30 2026] [INFO] CSP: RX COMPLETE - Got 384 bytes from csp:2:43 (all fragments ACK'd) [components/cla/posix/cla_csp.c:432]
[Sun Aug  2 18:56:30 2026] [INFO] CSP: RX COMPLETE - Got 384 bytes from csp:2:43 (all fragments ACK'd) [components/cla/posix/cla_csp.c:432]
[Sun Aug  2 18:56:30 2026] [INFO] CSP: RX COMPLETE - Got 384 bytes from csp:2:43 (all fragments ACK'd) [components/cla/posix/cla_csp.c:432]
[Sun Aug  2 18:56:30 2026] [INFO] CSP: RX COMPLETE - Got 384 bytes from csp:2:43 (all fragments ACK'd) [components/cla/posix/cla_csp.c:432]
[Sun Aug  2 18:56:31 2026] [INFO] CSP: RX COMPLETE - Got 384 bytes from csp:2:43 (all fragments ACK'd) [components/cla/posix/cla_csp.c:432]
[Sun Aug  2 18:56:31 2026] [INFO] CSP: RX COMPLETE - Got 384 bytes from csp:2:43 (all fragments ACK'd) [components/cla/posix/cla_csp.c:432]
[Sun Aug  2 18:56:31 2026] [INFO] CSP: RX COMPLETE - Got 384 bytes from csp:2:43 (all fragments ACK'd) [components/cla/posix/cla_csp.c:432]
[Sun Aug  2 18:56:32 2026] [INFO] CSP: RX COMPLETE - Got 384 bytes from csp:2:43 (all fragments ACK'd) [components/cla/posix/cla_csp.c:432]
[Sun Aug  2 18:56:32 2026] [INFO] CSP: RX COMPLETE - Got 384 bytes from csp:2:43 (all fragments ACK'd) [components/cla/posix/cla_csp.c:432]
[Sun Aug  2 18:56:32 2026] [INFO] CSP: RX loop iteration 1610, last_err=0 [components/cla/posix/cla_csp.c:405]
[Sun Aug  2 18:56:32 2026] [INFO] CSP: RX COMPLETE - Got 384 bytes from csp:2:43 (all fragments ACK'd) [components/cla/posix/cla_csp.c:432]
[Sun Aug  2 18:56:33 2026] [INFO] CSP: RX COMPLETE - Got 384 bytes from csp:2:43 (all fragments ACK'd) [components/cla/posix/cla_csp.c:432]
[Sun Aug  2 18:56:33 2026] [INFO] CSP: RX COMPLETE - Got 384 bytes from csp:2:43 (all fragments ACK'd) [components/cla/posix/cla_csp.c:432]
[Sun Aug  2 18:56:33 2026] [INFO] CSP: RX COMPLETE - Got 384 bytes from csp:2:43 (all fragments ACK'd) [components/cla/posix/cla_csp.c:432]
[Sun Aug  2 18:56:33 2026] [INFO] CSP: RX COMPLETE - Got 384 bytes from csp:2:43 (all fragments ACK'd) [components/cla/posix/cla_csp.c:432]
[Sun Aug  2 18:56:34 2026] [INFO] CSP: RX COMPLETE - Got 384 bytes from csp:2:43 (all fragments ACK'd) [components/cla/posix/cla_csp.c:432]
[Sun Aug  2 18:56:34 2026] [INFO] CSP: RX COMPLETE - Got 384 bytes from csp:2:43 (all fragments ACK'd) [components/cla/posix/cla_csp.c:432]
[Sun Aug  2 18:56:34 2026] [INFO] CSP: RX COMPLETE - Got 384 bytes from csp:2:43 (all fragments ACK'd) [components/cla/posix/cla_csp.c:432]
[Sun Aug  2 18:56:35 2026] [INFO] CSP: RX COMPLETE - Got 384 bytes from csp:2:43 (all fragments ACK'd) [components/cla/posix/cla_csp.c:432]
[Sun Aug  2 18:56:35 2026] [INFO] CSP: RX COMPLETE - Got 384 bytes from csp:2:43 (all fragments ACK'd) [components/cla/posix/cla_csp.c:432]
[Sun Aug  2 18:56:35 2026] [INFO] CSP: RX loop iteration 1620, last_err=0 [components/cla/posix/cla_csp.c:405]
[Sun Aug  2 18:56:35 2026] [INFO] CSP: RX COMPLETE - Got 384 bytes from csp:2:43 (all fragments ACK'd) [components/cla/posix/cla_csp.c:432]
[Sun Aug  2 18:56:36 2026] [INFO] CSP: RX COMPLETE - Got 384 bytes from csp:2:43 (all fragments ACK'd) [components/cla/posix/cla_csp.c:432]
[Sun Aug  2 18:56:36 2026] [INFO] CSP: RX COMPLETE - Got 384 bytes from csp:2:43 (all fragments ACK'd) [components/cla/posix/cla_csp.c:432]
[Sun Aug  2 18:56:36 2026] [INFO] CSP: RX COMPLETE - Got 384 bytes from csp:2:43 (all fragments ACK'd) [components/cla/posix/cla_csp.c:432]
[Sun Aug  2 18:56:36 2026] [INFO] CSP: RX COMPLETE - Got 384 bytes from csp:2:43 (all fragments ACK'd) [components/cla/posix/cla_csp.c:432]
[Sun Aug  2 18:56:37 2026] [INFO] CSP: RX COMPLETE - Got 384 bytes from csp:2:43 (all fragments ACK'd) [components/cla/posix/cla_csp.c:432]
[Sun Aug  2 18:56:37 2026] [INFO] CSP: RX COMPLETE - Got 384 bytes from csp:2:43 (all fragments ACK'd) [components/cla/posix/cla_csp.c:432]
[Sun Aug  2 18:56:37 2026] [INFO] CSP: RX COMPLETE - Got 384 bytes from csp:2:43 (all fragments ACK'd) [components/cla/posix/cla_csp.c:432]
[Sun Aug  2 18:56:38 2026] [INFO] CSP: RX COMPLETE - Got 384 bytes from csp:2:43 (all fragments ACK'd) [components/cla/posix/cla_csp.c:432]
[Sun Aug  2 18:56:38 2026] [INFO] CSP: RX COMPLETE - Got 384 bytes from csp:2:43 (all fragments ACK'd) [components/cla/posix/cla_csp.c:432]
[Sun Aug  2 18:56:38 2026] [INFO] CSP: RX loop iteration 1630, last_err=0 [components/cla/posix/cla_csp.c:405]
[Sun Aug  2 18:56:38 2026] [INFO] CSP: RX COMPLETE - Got 384 bytes from csp:2:43 (all fragments ACK'd) [components/cla/posix/cla_csp.c:432]
[Sun Aug  2 18:56:39 2026] [INFO] CSP: RX COMPLETE - Got 384 bytes from csp:2:43 (all fragments ACK'd) [components/cla/posix/cla_csp.c:432]
[Sun Aug  2 18:56:39 2026] [INFO] CSP: RX COMPLETE - Got 384 bytes from csp:2:43 (all fragments ACK'd) [components/cla/posix/cla_csp.c:432]
[Sun Aug  2 18:56:39 2026] [INFO] CSP: RX COMPLETE - Got 384 bytes from csp:2:43 (all fragments ACK'd) [components/cla/posix/cla_csp.c:432]
[Sun Aug  2 18:56:39 2026] [INFO] CSP: RX COMPLETE - Got 384 bytes from csp:2:43 (all fragments ACK'd) [components/cla/posix/cla_csp.c:432]
[Sun Aug  2 18:56:40 2026] [INFO] CSP: RX COMPLETE - Got 384 bytes from csp:2:43 (all fragments ACK'd) [components/cla/posix/cla_csp.c:432]
[Sun Aug  2 18:56:40 2026] [INFO] CSP: RX COMPLETE - Got 384 bytes from csp:2:43 (all fragments ACK'd) [components/cla/posix/cla_csp.c:432]
[Sun Aug  2 18:56:40 2026] [INFO] CSP: RX COMPLETE - Got 384 bytes from csp:2:43 (all fragments ACK'd) [components/cla/posix/cla_csp.c:432]
[Sun Aug  2 18:56:40 2026] [INFO] CSP: RX COMPLETE - Got 384 bytes from csp:2:43 (all fragments ACK'd) [components/cla/posix/cla_csp.c:432]
[Sun Aug  2 18:56:41 2026] [INFO] CSP: RX COMPLETE - Got 384 bytes from csp:2:43 (all fragments ACK'd) [components/cla/posix/cla_csp.c:432]
[Sun Aug  2 18:56:41 2026] [INFO] CSP: RX loop iteration 1640, last_err=0 [components/cla/posix/cla_csp.c:405]
[Sun Aug  2 18:56:41 2026] [INFO] CSP: RX COMPLETE - Got 384 bytes from csp:2:43 (all fragments ACK'd) [components/cla/posix/cla_csp.c:432]
[Sun Aug  2 18:56:42 2026] [INFO] CSP: RX COMPLETE - Got 384 bytes from csp:2:43 (all fragments ACK'd) [components/cla/posix/cla_csp.c:432]
[Sun Aug  2 18:56:42 2026] [INFO] CSP: RX COMPLETE - Got 384 bytes from csp:2:43 (all fragments ACK'd) [components/cla/posix/cla_csp.c:432]
[Sun Aug  2 18:56:42 2026] [INFO] CSP: RX COMPLETE - Got 384 bytes from csp:2:43 (all fragments ACK'd) [components/cla/posix/cla_csp.c:432]
[Sun Aug  2 18:56:42 2026] [INFO] CSP: RX COMPLETE - Got 384 bytes from csp:2:43 (all fragments ACK'd) [components/cla/posix/cla_csp.c:432]
[Sun Aug  2 18:56:43 2026] [INFO] CSP: RX COMPLETE - Got 384 bytes from csp:2:43 (all fragments ACK'd) [components/cla/posix/cla_csp.c:432]
[Sun Aug  2 18:56:43 2026] [INFO] CSP: RX COMPLETE - Got 384 bytes from csp:2:43 (all fragments ACK'd) [components/cla/posix/cla_csp.c:432]
[Sun Aug  2 18:56:43 2026] [INFO] CSP: RX COMPLETE - Got 384 bytes from csp:2:43 (all fragments ACK'd) [components/cla/posix/cla_csp.c:432]
[Sun Aug  2 18:56:43 2026] [INFO] CSP: RX COMPLETE - Got 384 bytes from csp:2:43 (all fragments ACK'd) [components/cla/posix/cla_csp.c:432]
[Sun Aug  2 18:56:44 2026] [INFO] CSP: RX COMPLETE - Got 384 bytes from csp:2:43 (all fragments ACK'd) [components/cla/posix/cla_csp.c:432]
[Sun Aug  2 18:56:44 2026] [INFO] CSP: RX loop iteration 1650, last_err=0 [components/cla/posix/cla_csp.c:405]
[Sun Aug  2 18:56:44 2026] [INFO] CSP: RX COMPLETE - Got 384 bytes from csp:2:43 (all fragments ACK'd) [components/cla/posix/cla_csp.c:432]
[Sun Aug  2 18:56:44 2026] [INFO] CSP: RX COMPLETE - Got 384 bytes from csp:2:43 (all fragments ACK'd) [components/cla/posix/cla_csp.c:432]
[Sun Aug  2 18:56:45 2026] [INFO] CSP: RX COMPLETE - Got 384 bytes from csp:2:43 (all fragments ACK'd) [components/cla/posix/cla_csp.c:432]
[Sun Aug  2 18:56:45 2026] [INFO] CSP: RX COMPLETE - Got 384 bytes from csp:2:43 (all fragments ACK'd) [components/cla/posix/cla_csp.c:432]
[Sun Aug  2 18:56:45 2026] [INFO] CSP: RX COMPLETE - Got 384 bytes from csp:2:43 (all fragments ACK'd) [components/cla/posix/cla_csp.c:432]
[Sun Aug  2 18:56:46 2026] [INFO] CSP: RX COMPLETE - Got 384 bytes from csp:2:43 (all fragments ACK'd) [components/cla/posix/cla_csp.c:432]
[Sun Aug  2 18:56:46 2026] [INFO] CSP: RX COMPLETE - Got 384 bytes from csp:2:43 (all fragments ACK'd) [components/cla/posix/cla_csp.c:432]
[Sun Aug  2 18:56:46 2026] [INFO] CSP: RX COMPLETE - Got 384 bytes from csp:2:43 (all fragments ACK'd) [components/cla/posix/cla_csp.c:432]
[Sun Aug  2 18:56:47 2026] [INFO] CSP: RX COMPLETE - Got 384 bytes from csp:2:43 (all fragments ACK'd) [components/cla/posix/cla_csp.c:432]
[Sun Aug  2 18:56:47 2026] [INFO] CSP: RX COMPLETE - Got 384 bytes from csp:2:43 (all fragments ACK'd) [components/cla/posix/cla_csp.c:432]
[Sun Aug  2 18:56:47 2026] [INFO] CSP: RX loop iteration 1660, last_err=0 [components/cla/posix/cla_csp.c:405]
[Sun Aug  2 18:56:47 2026] [INFO] CSP: RX COMPLETE - Got 384 bytes from csp:2:43 (all fragments ACK'd) [components/cla/posix/cla_csp.c:432]
[Sun Aug  2 18:56:48 2026] [INFO] CSP: RX COMPLETE - Got 384 bytes from csp:2:43 (all fragments ACK'd) [components/cla/posix/cla_csp.c:432]
[Sun Aug  2 18:56:48 2026] [INFO] CSP: RX COMPLETE - Got 384 bytes from csp:2:43 (all fragments ACK'd) [components/cla/posix/cla_csp.c:432]
[Sun Aug  2 18:56:48 2026] [INFO] CSP: RX COMPLETE - Got 384 bytes from csp:2:43 (all fragments ACK'd) [components/cla/posix/cla_csp.c:432]
[Sun Aug  2 18:56:48 2026] [INFO] CSP: RX COMPLETE - Got 384 bytes from csp:2:43 (all fragments ACK'd) [components/cla/posix/cla_csp.c:432]
[Sun Aug  2 18:56:49 2026] [INFO] CSP: RX COMPLETE - Got 384 bytes from csp:2:43 (all fragments ACK'd) [components/cla/posix/cla_csp.c:432]
[Sun Aug  2 18:56:49 2026] [INFO] CSP: RX COMPLETE - Got 384 bytes from csp:2:43 (all fragments ACK'd) [components/cla/posix/cla_csp.c:432]
[Sun Aug  2 18:56:49 2026] [INFO] CSP: RX COMPLETE - Got 384 bytes from csp:2:43 (all fragments ACK'd) [components/cla/posix/cla_csp.c:432]
[Sun Aug  2 18:56:50 2026] [INFO] CSP: RX COMPLETE - Got 384 bytes from csp:2:43 (all fragments ACK'd) [components/cla/posix/cla_csp.c:432]
[Sun Aug  2 18:56:50 2026] [INFO] CSP: RX COMPLETE - Got 384 bytes from csp:2:43 (all fragments ACK'd) [components/cla/posix/cla_csp.c:432]
[Sun Aug  2 18:56:50 2026] [INFO] CSP: RX loop iteration 1670, last_err=0 [components/cla/posix/cla_csp.c:405]
[Sun Aug  2 18:56:50 2026] [INFO] CSP: RX COMPLETE - Got 384 bytes from csp:2:43 (all fragments ACK'd) [components/cla/posix/cla_csp.c:432]
[Sun Aug  2 18:56:50 2026] [INFO] CSP: RX COMPLETE - Got 384 bytes from csp:2:43 (all fragments ACK'd) [components/cla/posix/cla_csp.c:432]
[Sun Aug  2 18:56:51 2026] [INFO] CSP: RX COMPLETE - Got 384 bytes from csp:2:43 (all fragments ACK'd) [components/cla/posix/cla_csp.c:432]
[Sun Aug  2 18:56:51 2026] [INFO] CSP: RX COMPLETE - Got 384 bytes from csp:2:43 (all fragments ACK'd) [components/cla/posix/cla_csp.c:432]
[Sun Aug  2 18:56:51 2026] [INFO] CSP: RX COMPLETE - Got 384 bytes from csp:2:43 (all fragments ACK'd) [components/cla/posix/cla_csp.c:432]
[Sun Aug  2 18:56:52 2026] [INFO] CSP: RX COMPLETE - Got 384 bytes from csp:2:43 (all fragments ACK'd) [components/cla/posix/cla_csp.c:432]
[Sun Aug  2 18:56:52 2026] [INFO] CSP: RX COMPLETE - Got 384 bytes from csp:2:43 (all fragments ACK'd) [components/cla/posix/cla_csp.c:432]
[Sun Aug  2 18:56:52 2026] [INFO] CSP: RX COMPLETE - Got 384 bytes from csp:2:43 (all fragments ACK'd) [components/cla/posix/cla_csp.c:432]
[Sun Aug  2 18:56:52 2026] [INFO] CSP: RX COMPLETE - Got 384 bytes from csp:2:43 (all fragments ACK'd) [components/cla/posix/cla_csp.c:432]
[Sun Aug  2 18:56:53 2026] [INFO] CSP: RX COMPLETE - Got 384 bytes from csp:2:43 (all fragments ACK'd) [components/cla/posix/cla_csp.c:432]
[Sun Aug  2 18:56:53 2026] [INFO] CSP: RX loop iteration 1680, last_err=0 [components/cla/posix/cla_csp.c:405]
[Sun Aug  2 18:56:53 2026] [INFO] CSP: RX COMPLETE - Got 384 bytes from csp:2:43 (all fragments ACK'd) [components/cla/posix/cla_csp.c:432]
[Sun Aug  2 18:56:54 2026] [INFO] CSP: RX COMPLETE - Got 384 bytes from csp:2:43 (all fragments ACK'd) [components/cla/posix/cla_csp.c:432]
[Sun Aug  2 18:56:54 2026] [INFO] CSP: RX COMPLETE - Got 384 bytes from csp:2:43 (all fragments ACK'd) [components/cla/posix/cla_csp.c:432]
[Sun Aug  2 18:56:54 2026] [INFO] CSP: RX COMPLETE - Got 384 bytes from csp:2:43 (all fragments ACK'd) [components/cla/posix/cla_csp.c:432]
[Sun Aug  2 18:56:54 2026] [INFO] CSP: RX COMPLETE - Got 384 bytes from csp:2:43 (all fragments ACK'd) [components/cla/posix/cla_csp.c:432]
[Sun Aug  2 18:56:55 2026] [INFO] CSP: RX COMPLETE - Got 384 bytes from csp:2:43 (all fragments ACK'd) [components/cla/posix/cla_csp.c:432]
[Sun Aug  2 18:56:55 2026] [INFO] CSP: RX COMPLETE - Got 384 bytes from csp:2:43 (all fragments ACK'd) [components/cla/posix/cla_csp.c:432]
[Sun Aug  2 18:56:55 2026] [INFO] CSP: RX COMPLETE - Got 384 bytes from csp:2:43 (all fragments ACK'd) [components/cla/posix/cla_csp.c:432]
[Sun Aug  2 18:56:55 2026] [INFO] CSP: RX COMPLETE - Got 384 bytes from csp:2:43 (all fragments ACK'd) [components/cla/posix/cla_csp.c:432]
[Sun Aug  2 18:56:56 2026] [INFO] CSP: RX COMPLETE - Got 384 bytes from csp:2:43 (all fragments ACK'd) [components/cla/posix/cla_csp.c:432]
[Sun Aug  2 18:56:56 2026] [INFO] CSP: RX loop iteration 1690, last_err=0 [components/cla/posix/cla_csp.c:405]
[Sun Aug  2 18:56:56 2026] [INFO] CSP: RX COMPLETE - Got 384 bytes from csp:2:43 (all fragments ACK'd) [components/cla/posix/cla_csp.c:432]
[Sun Aug  2 18:56:56 2026] [INFO] CSP: RX COMPLETE - Got 384 bytes from csp:2:43 (all fragments ACK'd) [components/cla/posix/cla_csp.c:432]
[Sun Aug  2 18:56:57 2026] [INFO] CSP: RX COMPLETE - Got 384 bytes from csp:2:43 (all fragments ACK'd) [components/cla/posix/cla_csp.c:432]
[Sun Aug  2 18:56:57 2026] [INFO] CSP: RX COMPLETE - Got 384 bytes from csp:2:43 (all fragments ACK'd) [components/cla/posix/cla_csp.c:432]
[Sun Aug  2 18:56:57 2026] [INFO] CSP: RX COMPLETE - Got 384 bytes from csp:2:43 (all fragments ACK'd) [components/cla/posix/cla_csp.c:432]
[Sun Aug  2 18:56:58 2026] [INFO] CSP: RX COMPLETE - Got 384 bytes from csp:2:43 (all fragments ACK'd) [components/cla/posix/cla_csp.c:432]
[Sun Aug  2 18:56:58 2026] [INFO] CSP: RX COMPLETE - Got 384 bytes from csp:2:43 (all fragments ACK'd) [components/cla/posix/cla_csp.c:432]
[Sun Aug  2 18:56:58 2026] [INFO] CSP: RX COMPLETE - Got 384 bytes from csp:2:43 (all fragments ACK'd) [components/cla/posix/cla_csp.c:432]
[Sun Aug  2 18:56:58 2026] [INFO] CSP: RX COMPLETE - Got 384 bytes from csp:2:43 (all fragments ACK'd) [components/cla/posix/cla_csp.c:432]
[Sun Aug  2 18:56:59 2026] [INFO] CSP: RX COMPLETE - Got 384 bytes from csp:2:43 (all fragments ACK'd) [components/cla/posix/cla_csp.c:432]
[Sun Aug  2 18:56:59 2026] [INFO] CSP: RX loop iteration 1700, last_err=0 [components/cla/posix/cla_csp.c:405]
[Sun Aug  2 18:56:59 2026] [INFO] CSP: RX COMPLETE - Got 384 bytes from csp:2:43 (all fragments ACK'd) [components/cla/posix/cla_csp.c:432]
[Sun Aug  2 18:56:59 2026] [INFO] CSP: RX COMPLETE - Got 384 bytes from csp:2:43 (all fragments ACK'd) [components/cla/posix/cla_csp.c:432]
[Sun Aug  2 18:57:00 2026] [INFO] CSP: RX COMPLETE - Got 384 bytes from csp:2:43 (all fragments ACK'd) [components/cla/posix/cla_csp.c:432]
[Sun Aug  2 18:57:00 2026] [INFO] CSP: RX COMPLETE - Got 384 bytes from csp:2:43 (all fragments ACK'd) [components/cla/posix/cla_csp.c:432]
[Sun Aug  2 18:57:00 2026] [INFO] CSP: RX COMPLETE - Got 384 bytes from csp:2:43 (all fragments ACK'd) [components/cla/posix/cla_csp.c:432]
[Sun Aug  2 18:57:00 2026] [INFO] CSP: RX COMPLETE - Got 384 bytes from csp:2:43 (all fragments ACK'd) [components/cla/posix/cla_csp.c:432]
[Sun Aug  2 18:57:01 2026] [INFO] CSP: RX COMPLETE - Got 384 bytes from csp:2:43 (all fragments ACK'd) [components/cla/posix/cla_csp.c:432]
[Sun Aug  2 18:57:01 2026] [INFO] CSP: RX COMPLETE - Got 384 bytes from csp:2:43 (all fragments ACK'd) [components/cla/posix/cla_csp.c:432]
[Sun Aug  2 18:57:01 2026] [INFO] CSP: RX COMPLETE - Got 384 bytes from csp:2:43 (all fragments ACK'd) [components/cla/posix/cla_csp.c:432]
[Sun Aug  2 18:57:02 2026] [INFO] CSP: RX COMPLETE - Got 384 bytes from csp:2:43 (all fragments ACK'd) [components/cla/posix/cla_csp.c:432]
[Sun Aug  2 18:57:02 2026] [INFO] CSP: RX loop iteration 1710, last_err=0 [components/cla/posix/cla_csp.c:405]
[Sun Aug  2 18:57:02 2026] [INFO] CSP: RX COMPLETE - Got 384 bytes from csp:2:43 (all fragments ACK'd) [components/cla/posix/cla_csp.c:432]
[Sun Aug  2 18:57:02 2026] [INFO] CSP: RX COMPLETE - Got 384 bytes from csp:2:43 (all fragments ACK'd) [components/cla/posix/cla_csp.c:432]
[Sun Aug  2 18:57:03 2026] [INFO] CSP: RX COMPLETE - Got 384 bytes from csp:2:43 (all fragments ACK'd) [components/cla/posix/cla_csp.c:432]
[Sun Aug  2 18:57:03 2026] [INFO] CSP: RX COMPLETE - Got 384 bytes from csp:2:43 (all fragments ACK'd) [components/cla/posix/cla_csp.c:432]
[Sun Aug  2 18:57:03 2026] [INFO] CSP: RX COMPLETE - Got 384 bytes from csp:2:43 (all fragments ACK'd) [components/cla/posix/cla_csp.c:432]
[Sun Aug  2 18:57:04 2026] [INFO] CSP: RX COMPLETE - Got 384 bytes from csp:2:43 (all fragments ACK'd) [components/cla/posix/cla_csp.c:432]
[Sun Aug  2 18:57:04 2026] [INFO] CSP: RX COMPLETE - Got 384 bytes from csp:2:43 (all fragments ACK'd) [components/cla/posix/cla_csp.c:432]
[Sun Aug  2 18:57:04 2026] [INFO] CSP: RX COMPLETE - Got 384 bytes from csp:2:43 (all fragments ACK'd) [components/cla/posix/cla_csp.c:432]
[Sun Aug  2 18:57:04 2026] [INFO] CSP: RX COMPLETE - Got 384 bytes from csp:2:43 (all fragments ACK'd) [components/cla/posix/cla_csp.c:432]
[Sun Aug  2 18:57:05 2026] [INFO] CSP: RX COMPLETE - Got 384 bytes from csp:2:43 (all fragments ACK'd) [components/cla/posix/cla_csp.c:432]
[Sun Aug  2 18:57:05 2026] [INFO] CSP: RX loop iteration 1720, last_err=0 [components/cla/posix/cla_csp.c:405]
[Sun Aug  2 18:57:05 2026] [INFO] CSP: RX COMPLETE - Got 384 bytes from csp:2:43 (all fragments ACK'd) [components/cla/posix/cla_csp.c:432]
[Sun Aug  2 18:57:05 2026] [INFO] CSP: RX COMPLETE - Got 384 bytes from csp:2:43 (all fragments ACK'd) [components/cla/posix/cla_csp.c:432]
[Sun Aug  2 18:57:06 2026] [INFO] CSP: RX COMPLETE - Got 384 bytes from csp:2:43 (all fragments ACK'd) [components/cla/posix/cla_csp.c:432]
[Sun Aug  2 18:57:06 2026] [INFO] CSP: RX COMPLETE - Got 384 bytes from csp:2:43 (all fragments ACK'd) [components/cla/posix/cla_csp.c:432]
[Sun Aug  2 18:57:06 2026] [INFO] CSP: RX COMPLETE - Got 384 bytes from csp:2:43 (all fragments ACK'd) [components/cla/posix/cla_csp.c:432]
[Sun Aug  2 18:57:06 2026] [INFO] CSP: RX COMPLETE - Got 384 bytes from csp:2:43 (all fragments ACK'd) [components/cla/posix/cla_csp.c:432]
[Sun Aug  2 18:57:07 2026] [INFO] CSP: RX COMPLETE - Got 384 bytes from csp:2:43 (all fragments ACK'd) [components/cla/posix/cla_csp.c:432]
[Sun Aug  2 18:57:07 2026] [INFO] CSP: RX COMPLETE - Got 384 bytes from csp:2:43 (all fragments ACK'd) [components/cla/posix/cla_csp.c:432]
[Sun Aug  2 18:57:07 2026] [INFO] CSP: RX COMPLETE - Got 384 bytes from csp:2:43 (all fragments ACK'd) [components/cla/posix/cla_csp.c:432]
[Sun Aug  2 18:57:08 2026] [INFO] CSP: RX COMPLETE - Got 384 bytes from csp:2:43 (all fragments ACK'd) [components/cla/posix/cla_csp.c:432]
[Sun Aug  2 18:57:08 2026] [INFO] CSP: RX loop iteration 1730, last_err=0 [components/cla/posix/cla_csp.c:405]
[Sun Aug  2 18:57:08 2026] [INFO] CSP: RX COMPLETE - Got 384 bytes from csp:2:43 (all fragments ACK'd) [components/cla/posix/cla_csp.c:432]
[Sun Aug  2 18:57:08 2026] [INFO] CSP: RX COMPLETE - Got 384 bytes from csp:2:43 (all fragments ACK'd) [components/cla/posix/cla_csp.c:432]
[Sun Aug  2 18:57:09 2026] [INFO] CSP: RX COMPLETE - Got 384 bytes from csp:2:43 (all fragments ACK'd) [components/cla/posix/cla_csp.c:432]
[Sun Aug  2 18:57:09 2026] [INFO] CSP: RX COMPLETE - Got 384 bytes from csp:2:43 (all fragments ACK'd) [components/cla/posix/cla_csp.c:432]
[Sun Aug  2 18:57:09 2026] [INFO] CSP: RX COMPLETE - Got 384 bytes from csp:2:43 (all fragments ACK'd) [components/cla/posix/cla_csp.c:432]
[Sun Aug  2 18:57:09 2026] [INFO] CSP: RX COMPLETE - Got 384 bytes from csp:2:43 (all fragments ACK'd) [components/cla/posix/cla_csp.c:432]
[Sun Aug  2 18:57:10 2026] [INFO] CSP: RX COMPLETE - Got 384 bytes from csp:2:43 (all fragments ACK'd) [components/cla/posix/cla_csp.c:432]
[Sun Aug  2 18:57:10 2026] [INFO] CSP: RX COMPLETE - Got 384 bytes from csp:2:43 (all fragments ACK'd) [components/cla/posix/cla_csp.c:432]
[Sun Aug  2 18:57:10 2026] [INFO] CSP: RX COMPLETE - Got 384 bytes from csp:2:43 (all fragments ACK'd) [components/cla/posix/cla_csp.c:432]
[Sun Aug  2 18:57:11 2026] [INFO] CSP: RX COMPLETE - Got 384 bytes from csp:2:43 (all fragments ACK'd) [components/cla/posix/cla_csp.c:432]
[Sun Aug  2 18:57:11 2026] [INFO] CSP: RX loop iteration 1740, last_err=0 [components/cla/posix/cla_csp.c:405]
[Sun Aug  2 18:57:11 2026] [INFO] CSP: RX COMPLETE - Got 384 bytes from csp:2:43 (all fragments ACK'd) [components/cla/posix/cla_csp.c:432]
[Sun Aug  2 18:57:11 2026] [INFO] CSP: RX COMPLETE - Got 384 bytes from csp:2:43 (all fragments ACK'd) [components/cla/posix/cla_csp.c:432]
[Sun Aug  2 18:57:12 2026] [INFO] CSP: RX COMPLETE - Got 384 bytes from csp:2:43 (all fragments ACK'd) [components/cla/posix/cla_csp.c:432]
[Sun Aug  2 18:57:12 2026] [INFO] CSP: RX COMPLETE - Got 384 bytes from csp:2:43 (all fragments ACK'd) [components/cla/posix/cla_csp.c:432]
[Sun Aug  2 18:57:12 2026] [INFO] CSP: RX COMPLETE - Got 384 bytes from csp:2:43 (all fragments ACK'd) [components/cla/posix/cla_csp.c:432]
[Sun Aug  2 18:57:12 2026] [INFO] CSP: RX COMPLETE - Got 384 bytes from csp:2:43 (all fragments ACK'd) [components/cla/posix/cla_csp.c:432]
[Sun Aug  2 18:57:13 2026] [INFO] CSP: RX COMPLETE - Got 384 bytes from csp:2:43 (all fragments ACK'd) [components/cla/posix/cla_csp.c:432]
[Sun Aug  2 18:57:13 2026] [INFO] CSP: RX COMPLETE - Got 384 bytes from csp:2:43 (all fragments ACK'd) [components/cla/posix/cla_csp.c:432]
[Sun Aug  2 18:57:13 2026] [INFO] CSP: RX COMPLETE - Got 384 bytes from csp:2:43 (all fragments ACK'd) [components/cla/posix/cla_csp.c:432]
[Sun Aug  2 18:57:14 2026] [INFO] CSP: RX COMPLETE - Got 384 bytes from csp:2:43 (all fragments ACK'd) [components/cla/posix/cla_csp.c:432]
[Sun Aug  2 18:57:14 2026] [INFO] CSP: RX loop iteration 1750, last_err=0 [components/cla/posix/cla_csp.c:405]
[Sun Aug  2 18:57:14 2026] [INFO] CSP: RX COMPLETE - Got 384 bytes from csp:2:43 (all fragments ACK'd) [components/cla/posix/cla_csp.c:432]
[Sun Aug  2 18:57:14 2026] [INFO] CSP: RX COMPLETE - Got 384 bytes from csp:2:43 (all fragments ACK'd) [components/cla/posix/cla_csp.c:432]
[Sun Aug  2 18:57:15 2026] [INFO] CSP: RX COMPLETE - Got 384 bytes from csp:2:43 (all fragments ACK'd) [components/cla/posix/cla_csp.c:432]
[Sun Aug  2 18:57:15 2026] [INFO] CSP: RX COMPLETE - Got 384 bytes from csp:2:43 (all fragments ACK'd) [components/cla/posix/cla_csp.c:432]
[Sun Aug  2 18:57:15 2026] [INFO] CSP: RX COMPLETE - Got 384 bytes from csp:2:43 (all fragments ACK'd) [components/cla/posix/cla_csp.c:432]
[Sun Aug  2 18:57:16 2026] [INFO] CSP: RX COMPLETE - Got 384 bytes from csp:2:43 (all fragments ACK'd) [components/cla/posix/cla_csp.c:432]
[Sun Aug  2 18:57:16 2026] [INFO] CSP: RX COMPLETE - Got 384 bytes from csp:2:43 (all fragments ACK'd) [components/cla/posix/cla_csp.c:432]
[Sun Aug  2 18:57:16 2026] [INFO] CSP: RX COMPLETE - Got 384 bytes from csp:2:43 (all fragments ACK'd) [components/cla/posix/cla_csp.c:432]
[Sun Aug  2 18:57:16 2026] [INFO] CSP: RX COMPLETE - Got 384 bytes from csp:2:43 (all fragments ACK'd) [components/cla/posix/cla_csp.c:432]
[Sun Aug  2 18:57:17 2026] [INFO] CSP: RX COMPLETE - Got 384 bytes from csp:2:43 (all fragments ACK'd) [components/cla/posix/cla_csp.c:432]
[Sun Aug  2 18:57:17 2026] [INFO] CSP: RX loop iteration 1760, last_err=0 [components/cla/posix/cla_csp.c:405]
[Sun Aug  2 18:57:17 2026] [INFO] CSP: RX COMPLETE - Got 384 bytes from csp:2:43 (all fragments ACK'd) [components/cla/posix/cla_csp.c:432]
[Sun Aug  2 18:57:17 2026] [INFO] CSP: RX COMPLETE - Got 384 bytes from csp:2:43 (all fragments ACK'd) [components/cla/posix/cla_csp.c:432]
[Sun Aug  2 18:57:18 2026] [INFO] CSP: RX COMPLETE - Got 384 bytes from csp:2:43 (all fragments ACK'd) [components/cla/posix/cla_csp.c:432]
[Sun Aug  2 18:57:18 2026] [INFO] CSP: RX COMPLETE - Got 384 bytes from csp:2:43 (all fragments ACK'd) [components/cla/posix/cla_csp.c:432]
[Sun Aug  2 18:57:18 2026] [INFO] CSP: RX COMPLETE - Got 384 bytes from csp:2:43 (all fragments ACK'd) [components/cla/posix/cla_csp.c:432]
[Sun Aug  2 18:57:19 2026] [INFO] CSP: RX COMPLETE - Got 384 bytes from csp:2:43 (all fragments ACK'd) [components/cla/posix/cla_csp.c:432]
[Sun Aug  2 18:57:19 2026] [INFO] CSP: RX COMPLETE - Got 384 bytes from csp:2:43 (all fragments ACK'd) [components/cla/posix/cla_csp.c:432]
[Sun Aug  2 18:57:19 2026] [INFO] CSP: RX COMPLETE - Got 384 bytes from csp:2:43 (all fragments ACK'd) [components/cla/posix/cla_csp.c:432]
[Sun Aug  2 18:57:19 2026] [INFO] CSP: RX COMPLETE - Got 384 bytes from csp:2:43 (all fragments ACK'd) [components/cla/posix/cla_csp.c:432]
[Sun Aug  2 18:57:20 2026] [INFO] CSP: RX COMPLETE - Got 384 bytes from csp:2:43 (all fragments ACK'd) [components/cla/posix/cla_csp.c:432]
[Sun Aug  2 18:57:20 2026] [INFO] CSP: RX loop iteration 1770, last_err=0 [components/cla/posix/cla_csp.c:405]
[Sun Aug  2 18:57:20 2026] [INFO] CSP: RX COMPLETE - Got 384 bytes from csp:2:43 (all fragments ACK'd) [components/cla/posix/cla_csp.c:432]
[Sun Aug  2 18:57:20 2026] [INFO] CSP: RX COMPLETE - Got 384 bytes from csp:2:43 (all fragments ACK'd) [components/cla/posix/cla_csp.c:432]
[Sun Aug  2 18:57:20 2026] [INFO] CSP: RX COMPLETE - Got 384 bytes from csp:2:43 (all fragments ACK'd) [components/cla/posix/cla_csp.c:432]
[Sun Aug  2 18:57:21 2026] [INFO] CSP: RX COMPLETE - Got 384 bytes from csp:2:43 (all fragments ACK'd) [components/cla/posix/cla_csp.c:432]
[Sun Aug  2 18:57:21 2026] [INFO] CSP: RX COMPLETE - Got 384 bytes from csp:2:43 (all fragments ACK'd) [components/cla/posix/cla_csp.c:432]
[Sun Aug  2 18:57:21 2026] [INFO] CSP: RX COMPLETE - Got 384 bytes from csp:2:43 (all fragments ACK'd) [components/cla/posix/cla_csp.c:432]
[Sun Aug  2 18:57:22 2026] [INFO] CSP: RX COMPLETE - Got 384 bytes from csp:2:43 (all fragments ACK'd) [components/cla/posix/cla_csp.c:432]
[Sun Aug  2 18:57:22 2026] [INFO] CSP: RX COMPLETE - Got 384 bytes from csp:2:43 (all fragments ACK'd) [components/cla/posix/cla_csp.c:432]
[Sun Aug  2 18:57:22 2026] [INFO] CSP: RX COMPLETE - Got 384 bytes from csp:2:43 (all fragments ACK'd) [components/cla/posix/cla_csp.c:432]
[Sun Aug  2 18:57:23 2026] [INFO] CSP: RX COMPLETE - Got 384 bytes from csp:2:43 (all fragments ACK'd) [components/cla/posix/cla_csp.c:432]
[Sun Aug  2 18:57:23 2026] [INFO] CSP: RX loop iteration 1780, last_err=0 [components/cla/posix/cla_csp.c:405]
[Sun Aug  2 18:57:23 2026] [INFO] CSP: RX COMPLETE - Got 384 bytes from csp:2:43 (all fragments ACK'd) [components/cla/posix/cla_csp.c:432]
[Sun Aug  2 18:57:23 2026] [INFO] CSP: RX COMPLETE - Got 384 bytes from csp:2:43 (all fragments ACK'd) [components/cla/posix/cla_csp.c:432]
[Sun Aug  2 18:57:24 2026] [INFO] CSP: RX COMPLETE - Got 384 bytes from csp:2:43 (all fragments ACK'd) [components/cla/posix/cla_csp.c:432]
[Sun Aug  2 18:57:24 2026] [INFO] CSP: RX COMPLETE - Got 384 bytes from csp:2:43 (all fragments ACK'd) [components/cla/posix/cla_csp.c:432]
[Sun Aug  2 18:57:24 2026] [INFO] CSP: RX COMPLETE - Got 384 bytes from csp:2:43 (all fragments ACK'd) [components/cla/posix/cla_csp.c:432]
[Sun Aug  2 18:57:24 2026] [INFO] CSP: RX COMPLETE - Got 384 bytes from csp:2:43 (all fragments ACK'd) [components/cla/posix/cla_csp.c:432]
[Sun Aug  2 18:57:25 2026] [INFO] CSP: RX COMPLETE - Got 384 bytes from csp:2:43 (all fragments ACK'd) [components/cla/posix/cla_csp.c:432]
[Sun Aug  2 18:57:25 2026] [INFO] CSP: RX COMPLETE - Got 384 bytes from csp:2:43 (all fragments ACK'd) [components/cla/posix/cla_csp.c:432]
[Sun Aug  2 18:57:25 2026] [INFO] CSP: RX COMPLETE - Got 384 bytes from csp:2:43 (all fragments ACK'd) [components/cla/posix/cla_csp.c:432]
[Sun Aug  2 18:57:26 2026] [INFO] CSP: RX COMPLETE - Got 384 bytes from csp:2:43 (all fragments ACK'd) [components/cla/posix/cla_csp.c:432]
[Sun Aug  2 18:57:26 2026] [INFO] CSP: RX loop iteration 1790, last_err=0 [components/cla/posix/cla_csp.c:405]
[Sun Aug  2 18:57:26 2026] [INFO] CSP: RX COMPLETE - Got 384 bytes from csp:2:43 (all fragments ACK'd) [components/cla/posix/cla_csp.c:432]
[Sun Aug  2 18:57:26 2026] [INFO] CSP: RX COMPLETE - Got 384 bytes from csp:2:43 (all fragments ACK'd) [components/cla/posix/cla_csp.c:432]
[Sun Aug  2 18:57:27 2026] [INFO] CSP: RX COMPLETE - Got 384 bytes from csp:2:43 (all fragments ACK'd) [components/cla/posix/cla_csp.c:432]
[Sun Aug  2 18:57:27 2026] [INFO] CSP: RX COMPLETE - Got 384 bytes from csp:2:43 (all fragments ACK'd) [components/cla/posix/cla_csp.c:432]
[Sun Aug  2 18:57:27 2026] [INFO] CSP: RX COMPLETE - Got 384 bytes from csp:2:43 (all fragments ACK'd) [components/cla/posix/cla_csp.c:432]
[Sun Aug  2 18:57:27 2026] [INFO] CSP: RX COMPLETE - Got 384 bytes from csp:2:43 (all fragments ACK'd) [components/cla/posix/cla_csp.c:432]
[Sun Aug  2 18:57:28 2026] [INFO] CSP: RX COMPLETE - Got 384 bytes from csp:2:43 (all fragments ACK'd) [components/cla/posix/cla_csp.c:432]
[Sun Aug  2 18:57:28 2026] [INFO] CSP: RX COMPLETE - Got 384 bytes from csp:2:43 (all fragments ACK'd) [components/cla/posix/cla_csp.c:432]
[Sun Aug  2 18:57:28 2026] [INFO] CSP: RX COMPLETE - Got 384 bytes from csp:2:43 (all fragments ACK'd) [components/cla/posix/cla_csp.c:432]
[Sun Aug  2 18:57:29 2026] [INFO] CSP: RX COMPLETE - Got 384 bytes from csp:2:43 (all fragments ACK'd) [components/cla/posix/cla_csp.c:432]
[Sun Aug  2 18:57:29 2026] [INFO] CSP: RX loop iteration 1800, last_err=0 [components/cla/posix/cla_csp.c:405]
[Sun Aug  2 18:57:29 2026] [INFO] CSP: RX COMPLETE - Got 384 bytes from csp:2:43 (all fragments ACK'd) [components/cla/posix/cla_csp.c:432]
[Sun Aug  2 18:57:29 2026] [INFO] CSP: RX COMPLETE - Got 384 bytes from csp:2:43 (all fragments ACK'd) [components/cla/posix/cla_csp.c:432]
[Sun Aug  2 18:57:30 2026] [INFO] CSP: RX COMPLETE - Got 384 bytes from csp:2:43 (all fragments ACK'd) [components/cla/posix/cla_csp.c:432]
[Sun Aug  2 18:57:30 2026] [INFO] CSP: RX COMPLETE - Got 384 bytes from csp:2:43 (all fragments ACK'd) [components/cla/posix/cla_csp.c:432]
[Sun Aug  2 18:57:30 2026] [INFO] CSP: RX COMPLETE - Got 384 bytes from csp:2:43 (all fragments ACK'd) [components/cla/posix/cla_csp.c:432]
[Sun Aug  2 18:57:30 2026] [INFO] CSP: RX COMPLETE - Got 384 bytes from csp:2:43 (all fragments ACK'd) [components/cla/posix/cla_csp.c:432]
[Sun Aug  2 18:57:31 2026] [INFO] CSP: RX COMPLETE - Got 384 bytes from csp:2:43 (all fragments ACK'd) [components/cla/posix/cla_csp.c:432]
[Sun Aug  2 18:57:31 2026] [INFO] CSP: RX COMPLETE - Got 384 bytes from csp:2:43 (all fragments ACK'd) [components/cla/posix/cla_csp.c:432]
[Sun Aug  2 18:57:31 2026] [INFO] CSP: RX COMPLETE - Got 384 bytes from csp:2:43 (all fragments ACK'd) [components/cla/posix/cla_csp.c:432]
[Sun Aug  2 18:57:32 2026] [INFO] CSP: RX COMPLETE - Got 384 bytes from csp:2:43 (all fragments ACK'd) [components/cla/posix/cla_csp.c:432]
[Sun Aug  2 18:57:32 2026] [INFO] CSP: RX loop iteration 1810, last_err=0 [components/cla/posix/cla_csp.c:405]
[Sun Aug  2 18:57:32 2026] [INFO] CSP: RX COMPLETE - Got 384 bytes from csp:2:43 (all fragments ACK'd) [components/cla/posix/cla_csp.c:432]
[Sun Aug  2 18:57:32 2026] [INFO] CSP: RX COMPLETE - Got 384 bytes from csp:2:43 (all fragments ACK'd) [components/cla/posix/cla_csp.c:432]
[Sun Aug  2 18:57:32 2026] [INFO] CSP: RX COMPLETE - Got 384 bytes from csp:2:43 (all fragments ACK'd) [components/cla/posix/cla_csp.c:432]
[Sun Aug  2 18:57:33 2026] [INFO] CSP: RX COMPLETE - Got 384 bytes from csp:2:43 (all fragments ACK'd) [components/cla/posix/cla_csp.c:432]
[Sun Aug  2 18:57:33 2026] [INFO] CSP: RX COMPLETE - Got 384 bytes from csp:2:43 (all fragments ACK'd) [components/cla/posix/cla_csp.c:432]
[Sun Aug  2 18:57:33 2026] [INFO] CSP: RX COMPLETE - Got 384 bytes from csp:2:43 (all fragments ACK'd) [components/cla/posix/cla_csp.c:432]
[Sun Aug  2 18:57:33 2026] [INFO] CSP: RX COMPLETE - Got 384 bytes from csp:2:43 (all fragments ACK'd) [components/cla/posix/cla_csp.c:432]
[Sun Aug  2 18:57:34 2026] [INFO] CSP: RX COMPLETE - Got 384 bytes from csp:2:43 (all fragments ACK'd) [components/cla/posix/cla_csp.c:432]
[Sun Aug  2 18:57:34 2026] [INFO] CSP: RX COMPLETE - Got 384 bytes from csp:2:43 (all fragments ACK'd) [components/cla/posix/cla_csp.c:432]
[Sun Aug  2 18:57:35 2026] [INFO] CSP: RX COMPLETE - Got 384 bytes from csp:2:43 (all fragments ACK'd) [components/cla/posix/cla_csp.c:432]
[Sun Aug  2 18:57:35 2026] [INFO] CSP: RX loop iteration 1820, last_err=0 [components/cla/posix/cla_csp.c:405]
[Sun Aug  2 18:57:35 2026] [INFO] CSP: RX COMPLETE - Got 384 bytes from csp:2:43 (all fragments ACK'd) [components/cla/posix/cla_csp.c:432]
[Sun Aug  2 18:57:35 2026] [INFO] CSP: RX COMPLETE - Got 384 bytes from csp:2:43 (all fragments ACK'd) [components/cla/posix/cla_csp.c:432]
[Sun Aug  2 18:57:36 2026] [INFO] CSP: RX COMPLETE - Got 384 bytes from csp:2:43 (all fragments ACK'd) [components/cla/posix/cla_csp.c:432]
[Sun Aug  2 18:57:36 2026] [INFO] CSP: RX COMPLETE - Got 384 bytes from csp:2:43 (all fragments ACK'd) [components/cla/posix/cla_csp.c:432]
[Sun Aug  2 18:57:36 2026] [INFO] CSP: RX COMPLETE - Got 384 bytes from csp:2:43 (all fragments ACK'd) [components/cla/posix/cla_csp.c:432]
[Sun Aug  2 18:57:36 2026] [INFO] CSP: RX COMPLETE - Got 384 bytes from csp:2:43 (all fragments ACK'd) [components/cla/posix/cla_csp.c:432]
[Sun Aug  2 18:57:36 2026] [INFO] CSP: RX COMPLETE - Got 384 bytes from csp:2:43 (all fragments ACK'd) [components/cla/posix/cla_csp.c:432]
[Sun Aug  2 18:57:37 2026] [INFO] CSP: RX COMPLETE - Got 384 bytes from csp:2:43 (all fragments ACK'd) [components/cla/posix/cla_csp.c:432]
[Sun Aug  2 18:57:37 2026] [INFO] CSP: RX COMPLETE - Got 384 bytes from csp:2:43 (all fragments ACK'd) [components/cla/posix/cla_csp.c:432]
[Sun Aug  2 18:57:37 2026] [INFO] CSP: RX COMPLETE - Got 384 bytes from csp:2:43 (all fragments ACK'd) [components/cla/posix/cla_csp.c:432]
[Sun Aug  2 18:57:38 2026] [INFO] CSP: RX loop iteration 1830, last_err=0 [components/cla/posix/cla_csp.c:405]
[Sun Aug  2 18:57:38 2026] [INFO] CSP: RX COMPLETE - Got 384 bytes from csp:2:43 (all fragments ACK'd) [components/cla/posix/cla_csp.c:432]
[Sun Aug  2 18:57:38 2026] [INFO] CSP: RX COMPLETE - Got 384 bytes from csp:2:43 (all fragments ACK'd) [components/cla/posix/cla_csp.c:432]
[Sun Aug  2 18:57:38 2026] [INFO] CSP: RX COMPLETE - Got 384 bytes from csp:2:43 (all fragments ACK'd) [components/cla/posix/cla_csp.c:432]
[Sun Aug  2 18:57:39 2026] [INFO] CSP: RX COMPLETE - Got 384 bytes from csp:2:43 (all fragments ACK'd) [components/cla/posix/cla_csp.c:432]
[Sun Aug  2 18:57:39 2026] [INFO] CSP: RX COMPLETE - Got 384 bytes from csp:2:43 (all fragments ACK'd) [components/cla/posix/cla_csp.c:432]
[Sun Aug  2 18:57:39 2026] [INFO] CSP: RX COMPLETE - Got 384 bytes from csp:2:43 (all fragments ACK'd) [components/cla/posix/cla_csp.c:432]
[Sun Aug  2 18:57:39 2026] [INFO] CSP: RX COMPLETE - Got 384 bytes from csp:2:43 (all fragments ACK'd) [components/cla/posix/cla_csp.c:432]
[Sun Aug  2 18:57:40 2026] [INFO] CSP: RX COMPLETE - Got 384 bytes from csp:2:43 (all fragments ACK'd) [components/cla/posix/cla_csp.c:432]
[Sun Aug  2 18:57:40 2026] [INFO] CSP: RX COMPLETE - Got 384 bytes from csp:2:43 (all fragments ACK'd) [components/cla/posix/cla_csp.c:432]
[Sun Aug  2 18:57:41 2026] [INFO] CSP: RX COMPLETE - Got 384 bytes from csp:2:43 (all fragments ACK'd) [components/cla/posix/cla_csp.c:432]
[Sun Aug  2 18:57:41 2026] [INFO] CSP: RX loop iteration 1840, last_err=0 [components/cla/posix/cla_csp.c:405]
[Sun Aug  2 18:57:41 2026] [INFO] CSP: RX COMPLETE - Got 384 bytes from csp:2:43 (all fragments ACK'd) [components/cla/posix/cla_csp.c:432]
[Sun Aug  2 18:57:41 2026] [INFO] CSP: RX COMPLETE - Got 384 bytes from csp:2:43 (all fragments ACK'd) [components/cla/posix/cla_csp.c:432]
[Sun Aug  2 18:57:41 2026] [INFO] CSP: RX COMPLETE - Got 384 bytes from csp:2:43 (all fragments ACK'd) [components/cla/posix/cla_csp.c:432]
[Sun Aug  2 18:57:42 2026] [INFO] CSP: RX COMPLETE - Got 384 bytes from csp:2:43 (all fragments ACK'd) [components/cla/posix/cla_csp.c:432]
[Sun Aug  2 18:57:42 2026] [INFO] CSP: RX COMPLETE - Got 384 bytes from csp:2:43 (all fragments ACK'd) [components/cla/posix/cla_csp.c:432]
[Sun Aug  2 18:57:42 2026] [INFO] CSP: RX COMPLETE - Got 384 bytes from csp:2:43 (all fragments ACK'd) [components/cla/posix/cla_csp.c:432]
[Sun Aug  2 18:57:42 2026] [INFO] CSP: RX COMPLETE - Got 384 bytes from csp:2:43 (all fragments ACK'd) [components/cla/posix/cla_csp.c:432]
[Sun Aug  2 18:57:43 2026] [INFO] CSP: RX COMPLETE - Got 384 bytes from csp:2:43 (all fragments ACK'd) [components/cla/posix/cla_csp.c:432]
[Sun Aug  2 18:57:43 2026] [INFO] CSP: RX COMPLETE - Got 384 bytes from csp:2:43 (all fragments ACK'd) [components/cla/posix/cla_csp.c:432]
[Sun Aug  2 18:57:43 2026] [INFO] CSP: RX COMPLETE - Got 384 bytes from csp:2:43 (all fragments ACK'd) [components/cla/posix/cla_csp.c:432]
[Sun Aug  2 18:57:44 2026] [INFO] CSP: RX loop iteration 1850, last_err=0 [components/cla/posix/cla_csp.c:405]
[Sun Aug  2 18:57:44 2026] [INFO] CSP: RX COMPLETE - Got 384 bytes from csp:2:43 (all fragments ACK'd) [components/cla/posix/cla_csp.c:432]
[Sun Aug  2 18:57:44 2026] [INFO] CSP: RX COMPLETE - Got 384 bytes from csp:2:43 (all fragments ACK'd) [components/cla/posix/cla_csp.c:432]
[Sun Aug  2 18:57:44 2026] [INFO] CSP: RX COMPLETE - Got 384 bytes from csp:2:43 (all fragments ACK'd) [components/cla/posix/cla_csp.c:432]
[Sun Aug  2 18:57:44 2026] [INFO] CSP: RX COMPLETE - Got 384 bytes from csp:2:43 (all fragments ACK'd) [components/cla/posix/cla_csp.c:432]
[Sun Aug  2 18:57:45 2026] [INFO] CSP: RX COMPLETE - Got 384 bytes from csp:2:43 (all fragments ACK'd) [components/cla/posix/cla_csp.c:432]
[Sun Aug  2 18:57:45 2026] [INFO] CSP: RX COMPLETE - Got 384 bytes from csp:2:43 (all fragments ACK'd) [components/cla/posix/cla_csp.c:432]
[Sun Aug  2 18:57:45 2026] [INFO] CSP: RX COMPLETE - Got 384 bytes from csp:2:43 (all fragments ACK'd) [components/cla/posix/cla_csp.c:432]
[Sun Aug  2 18:57:46 2026] [INFO] CSP: RX COMPLETE - Got 384 bytes from csp:2:43 (all fragments ACK'd) [components/cla/posix/cla_csp.c:432]
[Sun Aug  2 18:57:46 2026] [INFO] CSP: RX COMPLETE - Got 384 bytes from csp:2:43 (all fragments ACK'd) [components/cla/posix/cla_csp.c:432]
[Sun Aug  2 18:57:46 2026] [INFO] CSP: RX COMPLETE - Got 384 bytes from csp:2:43 (all fragments ACK'd) [components/cla/posix/cla_csp.c:432]
[Sun Aug  2 18:57:47 2026] [INFO] CSP: RX loop iteration 1860, last_err=0 [components/cla/posix/cla_csp.c:405]
[Sun Aug  2 18:57:47 2026] [INFO] CSP: RX COMPLETE - Got 384 bytes from csp:2:43 (all fragments ACK'd) [components/cla/posix/cla_csp.c:432]
[Sun Aug  2 18:57:47 2026] [INFO] CSP: RX COMPLETE - Got 384 bytes from csp:2:43 (all fragments ACK'd) [components/cla/posix/cla_csp.c:432]
[Sun Aug  2 18:57:47 2026] [INFO] CSP: RX COMPLETE - Got 384 bytes from csp:2:43 (all fragments ACK'd) [components/cla/posix/cla_csp.c:432]
[Sun Aug  2 18:57:48 2026] [INFO] CSP: RX COMPLETE - Got 384 bytes from csp:2:43 (all fragments ACK'd) [components/cla/posix/cla_csp.c:432]
[Sun Aug  2 18:57:48 2026] [INFO] CSP: RX COMPLETE - Got 384 bytes from csp:2:43 (all fragments ACK'd) [components/cla/posix/cla_csp.c:432]
[Sun Aug  2 18:57:48 2026] [INFO] CSP: RX COMPLETE - Got 384 bytes from csp:2:43 (all fragments ACK'd) [components/cla/posix/cla_csp.c:432]
[Sun Aug  2 18:57:48 2026] [INFO] CSP: RX COMPLETE - Got 384 bytes from csp:2:43 (all fragments ACK'd) [components/cla/posix/cla_csp.c:432]
[Sun Aug  2 18:57:49 2026] [INFO] CSP: RX COMPLETE - Got 384 bytes from csp:2:43 (all fragments ACK'd) [components/cla/posix/cla_csp.c:432]
[Sun Aug  2 18:57:49 2026] [INFO] CSP: RX COMPLETE - Got 384 bytes from csp:2:43 (all fragments ACK'd) [components/cla/posix/cla_csp.c:432]
[Sun Aug  2 18:57:49 2026] [INFO] CSP: RX COMPLETE - Got 384 bytes from csp:2:43 (all fragments ACK'd) [components/cla/posix/cla_csp.c:432]
[Sun Aug  2 18:57:49 2026] [INFO] CSP: RX loop iteration 1870, last_err=0 [components/cla/posix/cla_csp.c:405]
[Sun Aug  2 18:57:49 2026] [INFO] CSP: RX COMPLETE - Got 384 bytes from csp:2:43 (all fragments ACK'd) [components/cla/posix/cla_csp.c:432]
[Sun Aug  2 18:57:50 2026] [INFO] CSP: RX COMPLETE - Got 384 bytes from csp:2:43 (all fragments ACK'd) [components/cla/posix/cla_csp.c:432]
[Sun Aug  2 18:57:50 2026] [INFO] CSP: RX COMPLETE - Got 384 bytes from csp:2:43 (all fragments ACK'd) [components/cla/posix/cla_csp.c:432]
[Sun Aug  2 18:57:50 2026] [INFO] CSP: RX COMPLETE - Got 384 bytes from csp:2:43 (all fragments ACK'd) [components/cla/posix/cla_csp.c:432]
[Sun Aug  2 18:57:51 2026] [INFO] CSP: RX COMPLETE - Got 384 bytes from csp:2:43 (all fragments ACK'd) [components/cla/posix/cla_csp.c:432]
[Sun Aug  2 18:57:51 2026] [INFO] CSP: RX COMPLETE - Got 384 bytes from csp:2:43 (all fragments ACK'd) [components/cla/posix/cla_csp.c:432]
[Sun Aug  2 18:57:51 2026] [INFO] CSP: RX COMPLETE - Got 384 bytes from csp:2:43 (all fragments ACK'd) [components/cla/posix/cla_csp.c:432]
[Sun Aug  2 18:57:52 2026] [INFO] CSP: RX COMPLETE - Got 384 bytes from csp:2:43 (all fragments ACK'd) [components/cla/posix/cla_csp.c:432]
[Sun Aug  2 18:57:52 2026] [INFO] CSP: RX COMPLETE - Got 384 bytes from csp:2:43 (all fragments ACK'd) [components/cla/posix/cla_csp.c:432]
[Sun Aug  2 18:57:52 2026] [INFO] CSP: RX COMPLETE - Got 384 bytes from csp:2:43 (all fragments ACK'd) [components/cla/posix/cla_csp.c:432]
[Sun Aug  2 18:57:52 2026] [INFO] CSP: RX loop iteration 1880, last_err=0 [components/cla/posix/cla_csp.c:405]
[Sun Aug  2 18:57:52 2026] [INFO] CSP: RX COMPLETE - Got 384 bytes from csp:2:43 (all fragments ACK'd) [components/cla/posix/cla_csp.c:432]
[Sun Aug  2 18:57:53 2026] [INFO] CSP: RX COMPLETE - Got 384 bytes from csp:2:43 (all fragments ACK'd) [components/cla/posix/cla_csp.c:432]
[Sun Aug  2 18:57:53 2026] [INFO] CSP: RX COMPLETE - Got 384 bytes from csp:2:43 (all fragments ACK'd) [components/cla/posix/cla_csp.c:432]
[Sun Aug  2 18:57:53 2026] [INFO] CSP: RX COMPLETE - Got 384 bytes from csp:2:43 (all fragments ACK'd) [components/cla/posix/cla_csp.c:432]
[Sun Aug  2 18:57:54 2026] [INFO] CSP: RX COMPLETE - Got 384 bytes from csp:2:43 (all fragments ACK'd) [components/cla/posix/cla_csp.c:432]
[Sun Aug  2 18:57:54 2026] [INFO] CSP: RX COMPLETE - Got 384 bytes from csp:2:43 (all fragments ACK'd) [components/cla/posix/cla_csp.c:432]
[Sun Aug  2 18:57:54 2026] [INFO] CSP: RX COMPLETE - Got 384 bytes from csp:2:43 (all fragments ACK'd) [components/cla/posix/cla_csp.c:432]
[Sun Aug  2 18:57:55 2026] [INFO] CSP: RX COMPLETE - Got 384 bytes from csp:2:43 (all fragments ACK'd) [components/cla/posix/cla_csp.c:432]
[Sun Aug  2 18:57:55 2026] [INFO] CSP: RX COMPLETE - Got 384 bytes from csp:2:43 (all fragments ACK'd) [components/cla/posix/cla_csp.c:432]
[Sun Aug  2 18:57:55 2026] [INFO] CSP: RX COMPLETE - Got 384 bytes from csp:2:43 (all fragments ACK'd) [components/cla/posix/cla_csp.c:432]
[Sun Aug  2 18:57:56 2026] [INFO] CSP: RX loop iteration 1890, last_err=0 [components/cla/posix/cla_csp.c:405]
[Sun Aug  2 18:57:56 2026] [INFO] CSP: RX COMPLETE - Got 384 bytes from csp:2:43 (all fragments ACK'd) [components/cla/posix/cla_csp.c:432]
[Sun Aug  2 18:57:56 2026] [INFO] CSP: RX COMPLETE - Got 384 bytes from csp:2:43 (all fragments ACK'd) [components/cla/posix/cla_csp.c:432]
[Sun Aug  2 18:57:56 2026] [INFO] CSP: RX COMPLETE - Got 384 bytes from csp:2:43 (all fragments ACK'd) [components/cla/posix/cla_csp.c:432]
[Sun Aug  2 18:57:57 2026] [INFO] CSP: RX COMPLETE - Got 384 bytes from csp:2:43 (all fragments ACK'd) [components/cla/posix/cla_csp.c:432]
[Sun Aug  2 18:57:57 2026] [INFO] CSP: RX COMPLETE - Got 384 bytes from csp:2:43 (all fragments ACK'd) [components/cla/posix/cla_csp.c:432]
[Sun Aug  2 18:57:57 2026] [INFO] CSP: RX COMPLETE - Got 384 bytes from csp:2:43 (all fragments ACK'd) [components/cla/posix/cla_csp.c:432]
[Sun Aug  2 18:57:57 2026] [INFO] CSP: RX COMPLETE - Got 384 bytes from csp:2:43 (all fragments ACK'd) [components/cla/posix/cla_csp.c:432]
[Sun Aug  2 18:57:58 2026] [INFO] CSP: RX COMPLETE - Got 384 bytes from csp:2:43 (all fragments ACK'd) [components/cla/posix/cla_csp.c:432]
[Sun Aug  2 18:57:58 2026] [INFO] CSP: RX COMPLETE - Got 384 bytes from csp:2:43 (all fragments ACK'd) [components/cla/posix/cla_csp.c:432]
[Sun Aug  2 18:57:58 2026] [INFO] CSP: RX COMPLETE - Got 384 bytes from csp:2:43 (all fragments ACK'd) [components/cla/posix/cla_csp.c:432]
[Sun Aug  2 18:57:59 2026] [INFO] CSP: RX loop iteration 1900, last_err=0 [components/cla/posix/cla_csp.c:405]
[Sun Aug  2 18:57:59 2026] [INFO] CSP: RX COMPLETE - Got 384 bytes from csp:2:43 (all fragments ACK'd) [components/cla/posix/cla_csp.c:432]
[Sun Aug  2 18:57:59 2026] [INFO] CSP: RX COMPLETE - Got 384 bytes from csp:2:43 (all fragments ACK'd) [components/cla/posix/cla_csp.c:432]
[Sun Aug  2 18:57:59 2026] [INFO] CSP: RX COMPLETE - Got 384 bytes from csp:2:43 (all fragments ACK'd) [components/cla/posix/cla_csp.c:432]
[Sun Aug  2 18:57:59 2026] [INFO] CSP: RX COMPLETE - Got 384 bytes from csp:2:43 (all fragments ACK'd) [components/cla/posix/cla_csp.c:432]
[Sun Aug  2 18:58:00 2026] [INFO] CSP: RX COMPLETE - Got 384 bytes from csp:2:43 (all fragments ACK'd) [components/cla/posix/cla_csp.c:432]
[Sun Aug  2 18:58:00 2026] [INFO] CSP: RX COMPLETE - Got 384 bytes from csp:2:43 (all fragments ACK'd) [components/cla/posix/cla_csp.c:432]
[Sun Aug  2 18:58:00 2026] [INFO] CSP: RX COMPLETE - Got 384 bytes from csp:2:43 (all fragments ACK'd) [components/cla/posix/cla_csp.c:432]
[Sun Aug  2 18:58:01 2026] [INFO] CSP: RX COMPLETE - Got 384 bytes from csp:2:43 (all fragments ACK'd) [components/cla/posix/cla_csp.c:432]
[Sun Aug  2 18:58:01 2026] [INFO] CSP: RX COMPLETE - Got 384 bytes from csp:2:43 (all fragments ACK'd) [components/cla/posix/cla_csp.c:432]
[Sun Aug  2 18:58:01 2026] [INFO] CSP: RX COMPLETE - Got 384 bytes from csp:2:43 (all fragments ACK'd) [components/cla/posix/cla_csp.c:432]
[Sun Aug  2 18:58:02 2026] [INFO] CSP: RX loop iteration 1910, last_err=0 [components/cla/posix/cla_csp.c:405]
[Sun Aug  2 18:58:02 2026] [INFO] CSP: RX COMPLETE - Got 384 bytes from csp:2:43 (all fragments ACK'd) [components/cla/posix/cla_csp.c:432]
[Sun Aug  2 18:58:02 2026] [INFO] CSP: RX COMPLETE - Got 384 bytes from csp:2:43 (all fragments ACK'd) [components/cla/posix/cla_csp.c:432]
[Sun Aug  2 18:58:02 2026] [INFO] CSP: RX COMPLETE - Got 384 bytes from csp:2:43 (all fragments ACK'd) [components/cla/posix/cla_csp.c:432]
[Sun Aug  2 18:58:02 2026] [INFO] CSP: RX COMPLETE - Got 384 bytes from csp:2:43 (all fragments ACK'd) [components/cla/posix/cla_csp.c:432]
[Sun Aug  2 18:58:03 2026] [INFO] CSP: RX COMPLETE - Got 384 bytes from csp:2:43 (all fragments ACK'd) [components/cla/posix/cla_csp.c:432]
[Sun Aug  2 18:58:03 2026] [INFO] CSP: RX COMPLETE - Got 384 bytes from csp:2:43 (all fragments ACK'd) [components/cla/posix/cla_csp.c:432]
[Sun Aug  2 18:58:03 2026] [INFO] CSP: RX COMPLETE - Got 384 bytes from csp:2:43 (all fragments ACK'd) [components/cla/posix/cla_csp.c:432]
[Sun Aug  2 18:58:04 2026] [INFO] CSP: RX COMPLETE - Got 384 bytes from csp:2:43 (all fragments ACK'd) [components/cla/posix/cla_csp.c:432]
[Sun Aug  2 18:58:04 2026] [INFO] CSP: RX COMPLETE - Got 384 bytes from csp:2:43 (all fragments ACK'd) [components/cla/posix/cla_csp.c:432]
[Sun Aug  2 18:58:04 2026] [INFO] CSP: RX COMPLETE - Got 384 bytes from csp:2:43 (all fragments ACK'd) [components/cla/posix/cla_csp.c:432]
[Sun Aug  2 18:58:04 2026] [INFO] CSP: RX loop iteration 1920, last_err=0 [components/cla/posix/cla_csp.c:405]
[Sun Aug  2 18:58:04 2026] [INFO] CSP: RX COMPLETE - Got 384 bytes from csp:2:43 (all fragments ACK'd) [components/cla/posix/cla_csp.c:432]
[Sun Aug  2 18:58:05 2026] [INFO] CSP: RX COMPLETE - Got 384 bytes from csp:2:43 (all fragments ACK'd) [components/cla/posix/cla_csp.c:432]
[Sun Aug  2 18:58:05 2026] [INFO] CSP: RX COMPLETE - Got 384 bytes from csp:2:43 (all fragments ACK'd) [components/cla/posix/cla_csp.c:432]
[Sun Aug  2 18:58:05 2026] [INFO] CSP: RX COMPLETE - Got 384 bytes from csp:2:43 (all fragments ACK'd) [components/cla/posix/cla_csp.c:432]
[Sun Aug  2 18:58:06 2026] [INFO] CSP: RX COMPLETE - Got 384 bytes from csp:2:43 (all fragments ACK'd) [components/cla/posix/cla_csp.c:432]
[Sun Aug  2 18:58:06 2026] [INFO] CSP: RX COMPLETE - Got 384 bytes from csp:2:43 (all fragments ACK'd) [components/cla/posix/cla_csp.c:432]
[Sun Aug  2 18:58:06 2026] [INFO] CSP: RX COMPLETE - Got 384 bytes from csp:2:43 (all fragments ACK'd) [components/cla/posix/cla_csp.c:432]
[Sun Aug  2 18:58:07 2026] [INFO] CSP: RX COMPLETE - Got 384 bytes from csp:2:43 (all fragments ACK'd) [components/cla/posix/cla_csp.c:432]
[Sun Aug  2 18:58:07 2026] [INFO] CSP: RX COMPLETE - Got 384 bytes from csp:2:43 (all fragments ACK'd) [components/cla/posix/cla_csp.c:432]
[Sun Aug  2 18:58:07 2026] [INFO] CSP: RX COMPLETE - Got 384 bytes from csp:2:43 (all fragments ACK'd) [components/cla/posix/cla_csp.c:432]
[Sun Aug  2 18:58:07 2026] [INFO] CSP: RX loop iteration 1930, last_err=0 [components/cla/posix/cla_csp.c:405]
[Sun Aug  2 18:58:08 2026] [INFO] CSP: RX COMPLETE - Got 384 bytes from csp:2:43 (all fragments ACK'd) [components/cla/posix/cla_csp.c:432]
[Sun Aug  2 18:58:08 2026] [INFO] CSP: RX COMPLETE - Got 384 bytes from csp:2:43 (all fragments ACK'd) [components/cla/posix/cla_csp.c:432]
[Sun Aug  2 18:58:08 2026] [INFO] CSP: RX COMPLETE - Got 384 bytes from csp:2:43 (all fragments ACK'd) [components/cla/posix/cla_csp.c:432]
[Sun Aug  2 18:58:08 2026] [INFO] CSP: RX COMPLETE - Got 384 bytes from csp:2:43 (all fragments ACK'd) [components/cla/posix/cla_csp.c:432]
[Sun Aug  2 18:58:09 2026] [INFO] CSP: RX COMPLETE - Got 384 bytes from csp:2:43 (all fragments ACK'd) [components/cla/posix/cla_csp.c:432]
[Sun Aug  2 18:58:09 2026] [INFO] CSP: RX COMPLETE - Got 384 bytes from csp:2:43 (all fragments ACK'd) [components/cla/posix/cla_csp.c:432]
[Sun Aug  2 18:58:09 2026] [INFO] CSP: RX COMPLETE - Got 384 bytes from csp:2:43 (all fragments ACK'd) [components/cla/posix/cla_csp.c:432]
[Sun Aug  2 18:58:10 2026] [INFO] CSP: RX COMPLETE - Got 384 bytes from csp:2:43 (all fragments ACK'd) [components/cla/posix/cla_csp.c:432]
[Sun Aug  2 18:58:10 2026] [INFO] CSP: RX COMPLETE - Got 384 bytes from csp:2:43 (all fragments ACK'd) [components/cla/posix/cla_csp.c:432]
[Sun Aug  2 18:58:10 2026] [INFO] CSP: RX COMPLETE - Got 384 bytes from csp:2:43 (all fragments ACK'd) [components/cla/posix/cla_csp.c:432]
[Sun Aug  2 18:58:10 2026] [INFO] CSP: RX loop iteration 1940, last_err=0 [components/cla/posix/cla_csp.c:405]
[Sun Aug  2 18:58:10 2026] [INFO] CSP: RX COMPLETE - Got 384 bytes from csp:2:43 (all fragments ACK'd) [components/cla/posix/cla_csp.c:432]
[Sun Aug  2 18:58:11 2026] [INFO] CSP: RX COMPLETE - Got 384 bytes from csp:2:43 (all fragments ACK'd) [components/cla/posix/cla_csp.c:432]
[Sun Aug  2 18:58:11 2026] [INFO] CSP: RX COMPLETE - Got 384 bytes from csp:2:43 (all fragments ACK'd) [components/cla/posix/cla_csp.c:432]
[Sun Aug  2 18:58:11 2026] [INFO] CSP: RX COMPLETE - Got 384 bytes from csp:2:43 (all fragments ACK'd) [components/cla/posix/cla_csp.c:432]
[Sun Aug  2 18:58:11 2026] [INFO] CSP: RX COMPLETE - Got 384 bytes from csp:2:43 (all fragments ACK'd) [components/cla/posix/cla_csp.c:432]
[Sun Aug  2 18:58:12 2026] [INFO] CSP: RX COMPLETE - Got 384 bytes from csp:2:43 (all fragments ACK'd) [components/cla/posix/cla_csp.c:432]
[Sun Aug  2 18:58:12 2026] [INFO] CSP: RX COMPLETE - Got 384 bytes from csp:2:43 (all fragments ACK'd) [components/cla/posix/cla_csp.c:432]
[Sun Aug  2 18:58:12 2026] [INFO] CSP: RX COMPLETE - Got 384 bytes from csp:2:43 (all fragments ACK'd) [components/cla/posix/cla_csp.c:432]
[Sun Aug  2 18:58:13 2026] [INFO] CSP: RX COMPLETE - Got 384 bytes from csp:2:43 (all fragments ACK'd) [components/cla/posix/cla_csp.c:432]
[Sun Aug  2 18:58:13 2026] [INFO] CSP: RX COMPLETE - Got 384 bytes from csp:2:43 (all fragments ACK'd) [components/cla/posix/cla_csp.c:432]
[Sun Aug  2 18:58:13 2026] [INFO] CSP: RX loop iteration 1950, last_err=0 [components/cla/posix/cla_csp.c:405]
[Sun Aug  2 18:58:13 2026] [INFO] CSP: RX COMPLETE - Got 384 bytes from csp:2:43 (all fragments ACK'd) [components/cla/posix/cla_csp.c:432]
[Sun Aug  2 18:58:14 2026] [INFO] CSP: RX COMPLETE - Got 384 bytes from csp:2:43 (all fragments ACK'd) [components/cla/posix/cla_csp.c:432]
[Sun Aug  2 18:58:14 2026] [INFO] CSP: RX COMPLETE - Got 384 bytes from csp:2:43 (all fragments ACK'd) [components/cla/posix/cla_csp.c:432]
[Sun Aug  2 18:58:14 2026] [INFO] CSP: RX COMPLETE - Got 384 bytes from csp:2:43 (all fragments ACK'd) [components/cla/posix/cla_csp.c:432]
[Sun Aug  2 18:58:15 2026] [INFO] CSP: RX COMPLETE - Got 384 bytes from csp:2:43 (all fragments ACK'd) [components/cla/posix/cla_csp.c:432]
[Sun Aug  2 18:58:15 2026] [INFO] CSP: RX COMPLETE - Got 384 bytes from csp:2:43 (all fragments ACK'd) [components/cla/posix/cla_csp.c:432]
[Sun Aug  2 18:58:15 2026] [INFO] CSP: RX COMPLETE - Got 384 bytes from csp:2:43 (all fragments ACK'd) [components/cla/posix/cla_csp.c:432]
[Sun Aug  2 18:58:15 2026] [INFO] CSP: RX COMPLETE - Got 384 bytes from csp:2:43 (all fragments ACK'd) [components/cla/posix/cla_csp.c:432]
[Sun Aug  2 18:58:16 2026] [INFO] CSP: RX COMPLETE - Got 384 bytes from csp:2:43 (all fragments ACK'd) [components/cla/posix/cla_csp.c:432]
[Sun Aug  2 18:58:16 2026] [INFO] CSP: RX COMPLETE - Got 384 bytes from csp:2:43 (all fragments ACK'd) [components/cla/posix/cla_csp.c:432]
[Sun Aug  2 18:58:16 2026] [INFO] CSP: RX loop iteration 1960, last_err=0 [components/cla/posix/cla_csp.c:405]
[Sun Aug  2 18:58:16 2026] [INFO] CSP: RX COMPLETE - Got 384 bytes from csp:2:43 (all fragments ACK'd) [components/cla/posix/cla_csp.c:432]
[Sun Aug  2 18:58:17 2026] [INFO] CSP: RX COMPLETE - Got 384 bytes from csp:2:43 (all fragments ACK'd) [components/cla/posix/cla_csp.c:432]
[Sun Aug  2 18:58:17 2026] [INFO] CSP: RX COMPLETE - Got 384 bytes from csp:2:43 (all fragments ACK'd) [components/cla/posix/cla_csp.c:432]
[Sun Aug  2 18:58:17 2026] [INFO] CSP: RX COMPLETE - Got 384 bytes from csp:2:43 (all fragments ACK'd) [components/cla/posix/cla_csp.c:432]
[Sun Aug  2 18:58:18 2026] [INFO] CSP: RX COMPLETE - Got 384 bytes from csp:2:43 (all fragments ACK'd) [components/cla/posix/cla_csp.c:432]
[Sun Aug  2 18:58:18 2026] [INFO] CSP: RX COMPLETE - Got 384 bytes from csp:2:43 (all fragments ACK'd) [components/cla/posix/cla_csp.c:432]
[Sun Aug  2 18:58:18 2026] [INFO] CSP: RX COMPLETE - Got 384 bytes from csp:2:43 (all fragments ACK'd) [components/cla/posix/cla_csp.c:432]
[Sun Aug  2 18:58:18 2026] [INFO] CSP: RX COMPLETE - Got 384 bytes from csp:2:43 (all fragments ACK'd) [components/cla/posix/cla_csp.c:432]
[Sun Aug  2 18:58:19 2026] [INFO] CSP: RX COMPLETE - Got 384 bytes from csp:2:43 (all fragments ACK'd) [components/cla/posix/cla_csp.c:432]
[Sun Aug  2 18:58:19 2026] [INFO] CSP: RX COMPLETE - Got 384 bytes from csp:2:43 (all fragments ACK'd) [components/cla/posix/cla_csp.c:432]
[Sun Aug  2 18:58:19 2026] [INFO] CSP: RX loop iteration 1970, last_err=0 [components/cla/posix/cla_csp.c:405]
[Sun Aug  2 18:58:19 2026] [INFO] CSP: RX COMPLETE - Got 384 bytes from csp:2:43 (all fragments ACK'd) [components/cla/posix/cla_csp.c:432]
[Sun Aug  2 18:58:20 2026] [INFO] CSP: RX COMPLETE - Got 384 bytes from csp:2:43 (all fragments ACK'd) [components/cla/posix/cla_csp.c:432]
[Sun Aug  2 18:58:20 2026] [INFO] CSP: RX COMPLETE - Got 384 bytes from csp:2:43 (all fragments ACK'd) [components/cla/posix/cla_csp.c:432]
[Sun Aug  2 18:58:20 2026] [INFO] CSP: RX COMPLETE - Got 384 bytes from csp:2:43 (all fragments ACK'd) [components/cla/posix/cla_csp.c:432]
[Sun Aug  2 18:58:20 2026] [INFO] CSP: RX COMPLETE - Got 384 bytes from csp:2:43 (all fragments ACK'd) [components/cla/posix/cla_csp.c:432]
[Sun Aug  2 18:58:21 2026] [INFO] CSP: RX COMPLETE - Got 384 bytes from csp:2:43 (all fragments ACK'd) [components/cla/posix/cla_csp.c:432]
[Sun Aug  2 18:58:21 2026] [INFO] CSP: RX COMPLETE - Got 384 bytes from csp:2:43 (all fragments ACK'd) [components/cla/posix/cla_csp.c:432]
[Sun Aug  2 18:58:22 2026] [INFO] CSP: RX COMPLETE - Got 384 bytes from csp:2:43 (all fragments ACK'd) [components/cla/posix/cla_csp.c:432]
[Sun Aug  2 18:58:22 2026] [INFO] CSP: RX COMPLETE - Got 384 bytes from csp:2:43 (all fragments ACK'd) [components/cla/posix/cla_csp.c:432]
[Sun Aug  2 18:58:22 2026] [INFO] CSP: RX COMPLETE - Got 384 bytes from csp:2:43 (all fragments ACK'd) [components/cla/posix/cla_csp.c:432]
[Sun Aug  2 18:58:22 2026] [INFO] CSP: RX loop iteration 1980, last_err=0 [components/cla/posix/cla_csp.c:405]
[Sun Aug  2 18:58:22 2026] [INFO] CSP: RX COMPLETE - Got 384 bytes from csp:2:43 (all fragments ACK'd) [components/cla/posix/cla_csp.c:432]
[Sun Aug  2 18:58:23 2026] [INFO] CSP: RX COMPLETE - Got 384 bytes from csp:2:43 (all fragments ACK'd) [components/cla/posix/cla_csp.c:432]
[Sun Aug  2 18:58:23 2026] [INFO] CSP: RX COMPLETE - Got 384 bytes from csp:2:43 (all fragments ACK'd) [components/cla/posix/cla_csp.c:432]
[Sun Aug  2 18:58:23 2026] [INFO] CSP: RX COMPLETE - Got 384 bytes from csp:2:43 (all fragments ACK'd) [components/cla/posix/cla_csp.c:432]
[Sun Aug  2 18:58:23 2026] [INFO] CSP: RX COMPLETE - Got 384 bytes from csp:2:43 (all fragments ACK'd) [components/cla/posix/cla_csp.c:432]
[Sun Aug  2 18:58:24 2026] [INFO] CSP: RX COMPLETE - Got 384 bytes from csp:2:43 (all fragments ACK'd) [components/cla/posix/cla_csp.c:432]
[Sun Aug  2 18:58:24 2026] [INFO] CSP: RX COMPLETE - Got 384 bytes from csp:2:43 (all fragments ACK'd) [components/cla/posix/cla_csp.c:432]
[Sun Aug  2 18:58:25 2026] [INFO] CSP: RX COMPLETE - Got 384 bytes from csp:2:43 (all fragments ACK'd) [components/cla/posix/cla_csp.c:432]
[Sun Aug  2 18:58:25 2026] [INFO] CSP: RX COMPLETE - Got 384 bytes from csp:2:43 (all fragments ACK'd) [components/cla/posix/cla_csp.c:432]
[Sun Aug  2 18:58:25 2026] [INFO] CSP: RX COMPLETE - Got 384 bytes from csp:2:43 (all fragments ACK'd) [components/cla/posix/cla_csp.c:432]
[Sun Aug  2 18:58:25 2026] [INFO] CSP: RX loop iteration 1990, last_err=0 [components/cla/posix/cla_csp.c:405]
[Sun Aug  2 18:58:25 2026] [INFO] CSP: RX COMPLETE - Got 384 bytes from csp:2:43 (all fragments ACK'd) [components/cla/posix/cla_csp.c:432]
[Sun Aug  2 18:58:26 2026] [INFO] CSP: RX COMPLETE - Got 384 bytes from csp:2:43 (all fragments ACK'd) [components/cla/posix/cla_csp.c:432]
[Sun Aug  2 18:58:26 2026] [INFO] CSP: RX COMPLETE - Got 384 bytes from csp:2:43 (all fragments ACK'd) [components/cla/posix/cla_csp.c:432]
[Sun Aug  2 18:58:26 2026] [INFO] CSP: RX COMPLETE - Got 384 bytes from csp:2:43 (all fragments ACK'd) [components/cla/posix/cla_csp.c:432]
[Sun Aug  2 18:58:26 2026] [INFO] CSP: RX COMPLETE - Got 384 bytes from csp:2:43 (all fragments ACK'd) [components/cla/posix/cla_csp.c:432]
[Sun Aug  2 18:58:27 2026] [INFO] CSP: RX COMPLETE - Got 384 bytes from csp:2:43 (all fragments ACK'd) [components/cla/posix/cla_csp.c:432]
[Sun Aug  2 18:58:27 2026] [INFO] CSP: RX COMPLETE - Got 384 bytes from csp:2:43 (all fragments ACK'd) [components/cla/posix/cla_csp.c:432]
[Sun Aug  2 18:58:27 2026] [INFO] CSP: RX COMPLETE - Got 384 bytes from csp:2:43 (all fragments ACK'd) [components/cla/posix/cla_csp.c:432]
[Sun Aug  2 18:58:28 2026] [INFO] CSP: RX COMPLETE - Got 384 bytes from csp:2:43 (all fragments ACK'd) [components/cla/posix/cla_csp.c:432]
[Sun Aug  2 18:58:28 2026] [INFO] CSP: RX COMPLETE - Got 384 bytes from csp:2:43 (all fragments ACK'd) [components/cla/posix/cla_csp.c:432]
[Sun Aug  2 18:58:28 2026] [INFO] CSP: RX loop iteration 2000, last_err=0 [components/cla/posix/cla_csp.c:405]
[Sun Aug  2 18:58:28 2026] [INFO] CSP: RX COMPLETE - Got 384 bytes from csp:2:43 (all fragments ACK'd) [components/cla/posix/cla_csp.c:432]
[Sun Aug  2 18:58:29 2026] [INFO] CSP: RX COMPLETE - Got 384 bytes from csp:2:43 (all fragments ACK'd) [components/cla/posix/cla_csp.c:432]
[Sun Aug  2 18:58:29 2026] [INFO] CSP: RX COMPLETE - Got 384 bytes from csp:2:43 (all fragments ACK'd) [components/cla/posix/cla_csp.c:432]
[Sun Aug  2 18:58:29 2026] [INFO] CSP: RX COMPLETE - Got 384 bytes from csp:2:43 (all fragments ACK'd) [components/cla/posix/cla_csp.c:432]
[Sun Aug  2 18:58:29 2026] [INFO] CSP: RX COMPLETE - Got 384 bytes from csp:2:43 (all fragments ACK'd) [components/cla/posix/cla_csp.c:432]
[Sun Aug  2 18:58:30 2026] [INFO] CSP: RX COMPLETE - Got 384 bytes from csp:2:43 (all fragments ACK'd) [components/cla/posix/cla_csp.c:432]
[Sun Aug  2 18:58:30 2026] [INFO] CSP: RX COMPLETE - Got 384 bytes from csp:2:43 (all fragments ACK'd) [components/cla/posix/cla_csp.c:432]
[Sun Aug  2 18:58:30 2026] [INFO] CSP: RX COMPLETE - Got 384 bytes from csp:2:43 (all fragments ACK'd) [components/cla/posix/cla_csp.c:432]
[Sun Aug  2 18:58:31 2026] [INFO] CSP: RX COMPLETE - Got 384 bytes from csp:2:43 (all fragments ACK'd) [components/cla/posix/cla_csp.c:432]
[Sun Aug  2 18:58:31 2026] [INFO] CSP: RX COMPLETE - Got 384 bytes from csp:2:43 (all fragments ACK'd) [components/cla/posix/cla_csp.c:432]
[Sun Aug  2 18:58:31 2026] [INFO] CSP: RX loop iteration 2010, last_err=0 [components/cla/posix/cla_csp.c:405]
[Sun Aug  2 18:58:31 2026] [INFO] CSP: RX COMPLETE - Got 384 bytes from csp:2:43 (all fragments ACK'd) [components/cla/posix/cla_csp.c:432]
[Sun Aug  2 18:58:31 2026] [INFO] CSP: RX COMPLETE - Got 384 bytes from csp:2:43 (all fragments ACK'd) [components/cla/posix/cla_csp.c:432]
[Sun Aug  2 18:58:32 2026] [INFO] CSP: RX COMPLETE - Got 191 bytes from csp:2:43 (all fragments ACK'd) [components/cla/posix/cla_csp.c:432]
[Sun Aug  2 18:58:32 2026] [INFO] CSP: RX COMPLETE - Got 191 bytes from csp:2:43 (all fragments ACK'd) [components/cla/posix/cla_csp.c:432]
[Sun Aug  2 18:58:32 2026] [INFO] CSP: RX COMPLETE - Got 191 bytes from csp:2:43 (all fragments ACK'd) [components/cla/posix/cla_csp.c:432]
[Sun Aug  2 18:58:33 2026] [INFO] CSP: RX COMPLETE - Got 191 bytes from csp:2:43 (all fragments ACK'd) [components/cla/posix/cla_csp.c:432]
[Sun Aug  2 18:58:33 2026] [INFO] CSP: RX COMPLETE - Got 191 bytes from csp:2:43 (all fragments ACK'd) [components/cla/posix/cla_csp.c:432]
[Sun Aug  2 18:58:33 2026] [INFO] CSP: RX COMPLETE - Got 191 bytes from csp:2:43 (all fragments ACK'd) [components/cla/posix/cla_csp.c:432]
[Sun Aug  2 18:58:34 2026] [INFO] CSP: RX COMPLETE - Got 191 bytes from csp:2:43 (all fragments ACK'd) [components/cla/posix/cla_csp.c:432]
[Sun Aug  2 18:58:34 2026] [INFO] CSP: RX COMPLETE - Got 191 bytes from csp:2:43 (all fragments ACK'd) [components/cla/posix/cla_csp.c:432]
[Sun Aug  2 18:58:34 2026] [INFO] CSP: RX loop iteration 2020, last_err=0 [components/cla/posix/cla_csp.c:405]
[Sun Aug  2 18:58:34 2026] [INFO] CSP: RX COMPLETE - Got 191 bytes from csp:2:43 (all fragments ACK'd) [components/cla/posix/cla_csp.c:432]
[Sun Aug  2 18:58:35 2026] [INFO] CSP: RX COMPLETE - Got 191 bytes from csp:2:43 (all fragments ACK'd) [components/cla/posix/cla_csp.c:432]
[Sun Aug  2 18:58:35 2026] [INFO] CSP: RX COMPLETE - Got 191 bytes from csp:2:43 (all fragments ACK'd) [components/cla/posix/cla_csp.c:432]
[Sun Aug  2 18:58:35 2026] [INFO] CSP: RX COMPLETE - Got 191 bytes from csp:2:43 (all fragments ACK'd) [components/cla/posix/cla_csp.c:432]
[Sun Aug  2 18:58:36 2026] [INFO] CSP: RX COMPLETE - Got 191 bytes from csp:2:43 (all fragments ACK'd) [components/cla/posix/cla_csp.c:432]
[Sun Aug  2 18:58:36 2026] [INFO] CSP: RX COMPLETE - Got 191 bytes from csp:2:43 (all fragments ACK'd) [components/cla/posix/cla_csp.c:432]
[Sun Aug  2 18:58:36 2026] [INFO] CSP: RX COMPLETE - Got 191 bytes from csp:2:43 (all fragments ACK'd) [components/cla/posix/cla_csp.c:432]
[Sun Aug  2 18:58:37 2026] [INFO] CSP: RX COMPLETE - Got 191 bytes from csp:2:43 (all fragments ACK'd) [components/cla/posix/cla_csp.c:432]
[Sun Aug  2 18:58:37 2026] [INFO] CSP: RX COMPLETE - Got 191 bytes from csp:2:43 (all fragments ACK'd) [components/cla/posix/cla_csp.c:432]
[Sun Aug  2 18:58:37 2026] [INFO] CSP: RX COMPLETE - Got 191 bytes from csp:2:43 (all fragments ACK'd) [components/cla/posix/cla_csp.c:432]
[Sun Aug  2 18:58:38 2026] [INFO] CSP: RX loop iteration 2030, last_err=0 [components/cla/posix/cla_csp.c:405]
[Sun Aug  2 18:58:38 2026] [INFO] CSP: RX COMPLETE - Got 191 bytes from csp:2:43 (all fragments ACK'd) [components/cla/posix/cla_csp.c:432]
[Sun Aug  2 18:58:38 2026] [INFO] CSP: RX COMPLETE - Got 191 bytes from csp:2:43 (all fragments ACK'd) [components/cla/posix/cla_csp.c:432]
[Sun Aug  2 18:58:38 2026] [INFO] CSP: RX COMPLETE - Got 191 bytes from csp:2:43 (all fragments ACK'd) [components/cla/posix/cla_csp.c:432]
[Sun Aug  2 18:58:39 2026] [INFO] CSP: RX COMPLETE - Got 191 bytes from csp:2:43 (all fragments ACK'd) [components/cla/posix/cla_csp.c:432]
[Sun Aug  2 18:58:39 2026] [INFO] CSP: RX COMPLETE - Got 191 bytes from csp:2:43 (all fragments ACK'd) [components/cla/posix/cla_csp.c:432]
[Sun Aug  2 18:58:39 2026] [INFO] CSP: RX COMPLETE - Got 191 bytes from csp:2:43 (all fragments ACK'd) [components/cla/posix/cla_csp.c:432]
[Sun Aug  2 18:58:40 2026] [INFO] CSP: RX COMPLETE - Got 191 bytes from csp:2:43 (all fragments ACK'd) [components/cla/posix/cla_csp.c:432]
[Sun Aug  2 18:58:40 2026] [INFO] CSP: RX COMPLETE - Got 191 bytes from csp:2:43 (all fragments ACK'd) [components/cla/posix/cla_csp.c:432]
[Sun Aug  2 18:58:40 2026] [INFO] CSP: RX COMPLETE - Got 191 bytes from csp:2:43 (all fragments ACK'd) [components/cla/posix/cla_csp.c:432]
[Sun Aug  2 18:58:41 2026] [INFO] CSP: RX COMPLETE - Got 191 bytes from csp:2:43 (all fragments ACK'd) [components/cla/posix/cla_csp.c:432]
[Sun Aug  2 18:58:41 2026] [INFO] CSP: RX loop iteration 2040, last_err=0 [components/cla/posix/cla_csp.c:405]
[Sun Aug  2 18:58:41 2026] [INFO] CSP: RX COMPLETE - Got 191 bytes from csp:2:43 (all fragments ACK'd) [components/cla/posix/cla_csp.c:432]
[Sun Aug  2 18:58:41 2026] [INFO] CSP: RX COMPLETE - Got 191 bytes from csp:2:43 (all fragments ACK'd) [components/cla/posix/cla_csp.c:432]
[Sun Aug  2 18:58:42 2026] [INFO] CSP: RX COMPLETE - Got 191 bytes from csp:2:43 (all fragments ACK'd) [components/cla/posix/cla_csp.c:432]
[Sun Aug  2 18:58:42 2026] [INFO] CSP: RX COMPLETE - Got 191 bytes from csp:2:43 (all fragments ACK'd) [components/cla/posix/cla_csp.c:432]
[Sun Aug  2 18:58:42 2026] [INFO] CSP: RX COMPLETE - Got 191 bytes from csp:2:43 (all fragments ACK'd) [components/cla/posix/cla_csp.c:432]
[Sun Aug  2 18:58:42 2026] [INFO] CSP: RX COMPLETE - Got 191 bytes from csp:2:43 (all fragments ACK'd) [components/cla/posix/cla_csp.c:432]
[Sun Aug  2 18:58:43 2026] [INFO] CSP: RX COMPLETE - Got 191 bytes from csp:2:43 (all fragments ACK'd) [components/cla/posix/cla_csp.c:432]
[Sun Aug  2 18:58:43 2026] [INFO] CSP: RX COMPLETE - Got 191 bytes from csp:2:43 (all fragments ACK'd) [components/cla/posix/cla_csp.c:432]
[Sun Aug  2 18:58:43 2026] [INFO] CSP: RX COMPLETE - Got 191 bytes from csp:2:43 (all fragments ACK'd) [components/cla/posix/cla_csp.c:432]
[Sun Aug  2 18:58:44 2026] [INFO] CSP: RX COMPLETE - Got 191 bytes from csp:2:43 (all fragments ACK'd) [components/cla/posix/cla_csp.c:432]
[Sun Aug  2 18:58:44 2026] [INFO] CSP: RX loop iteration 2050, last_err=0 [components/cla/posix/cla_csp.c:405]
[Sun Aug  2 18:58:44 2026] [INFO] CSP: RX COMPLETE - Got 191 bytes from csp:2:43 (all fragments ACK'd) [components/cla/posix/cla_csp.c:432]
[Sun Aug  2 18:58:44 2026] [INFO] CSP: RX COMPLETE - Got 191 bytes from csp:2:43 (all fragments ACK'd) [components/cla/posix/cla_csp.c:432]
[Sun Aug  2 18:58:45 2026] [INFO] CSP: RX COMPLETE - Got 191 bytes from csp:2:43 (all fragments ACK'd) [components/cla/posix/cla_csp.c:432]
[Sun Aug  2 18:58:45 2026] [INFO] CSP: RX COMPLETE - Got 191 bytes from csp:2:43 (all fragments ACK'd) [components/cla/posix/cla_csp.c:432]
[Sun Aug  2 18:58:45 2026] [INFO] CSP: RX COMPLETE - Got 191 bytes from csp:2:43 (all fragments ACK'd) [components/cla/posix/cla_csp.c:432]
[Sun Aug  2 18:58:46 2026] [INFO] CSP: RX COMPLETE - Got 191 bytes from csp:2:43 (all fragments ACK'd) [components/cla/posix/cla_csp.c:432]
[Sun Aug  2 18:58:46 2026] [INFO] CSP: RX COMPLETE - Got 191 bytes from csp:2:43 (all fragments ACK'd) [components/cla/posix/cla_csp.c:432]
[Sun Aug  2 18:58:46 2026] [INFO] CSP: RX COMPLETE - Got 191 bytes from csp:2:43 (all fragments ACK'd) [components/cla/posix/cla_csp.c:432]
[Sun Aug  2 18:58:47 2026] [INFO] CSP: RX COMPLETE - Got 191 bytes from csp:2:43 (all fragments ACK'd) [components/cla/posix/cla_csp.c:432]
[Sun Aug  2 18:58:47 2026] [INFO] CSP: RX COMPLETE - Got 191 bytes from csp:2:43 (all fragments ACK'd) [components/cla/posix/cla_csp.c:432]
[Sun Aug  2 18:58:47 2026] [INFO] CSP: RX loop iteration 2060, last_err=0 [components/cla/posix/cla_csp.c:405]
[Sun Aug  2 18:58:47 2026] [INFO] CSP: RX COMPLETE - Got 191 bytes from csp:2:43 (all fragments ACK'd) [components/cla/posix/cla_csp.c:432]
[Sun Aug  2 18:58:48 2026] [INFO] CSP: RX COMPLETE - Got 191 bytes from csp:2:43 (all fragments ACK'd) [components/cla/posix/cla_csp.c:432]
[Sun Aug  2 18:58:48 2026] [INFO] CSP: RX COMPLETE - Got 191 bytes from csp:2:43 (all fragments ACK'd) [components/cla/posix/cla_csp.c:432]
[Sun Aug  2 18:58:48 2026] [INFO] CSP: RX COMPLETE - Got 191 bytes from csp:2:43 (all fragments ACK'd) [components/cla/posix/cla_csp.c:432]
[Sun Aug  2 18:58:49 2026] [INFO] CSP: RX COMPLETE - Got 191 bytes from csp:2:43 (all fragments ACK'd) [components/cla/posix/cla_csp.c:432]
[Sun Aug  2 18:58:49 2026] [INFO] CSP: RX COMPLETE - Got 191 bytes from csp:2:43 (all fragments ACK'd) [components/cla/posix/cla_csp.c:432]
[Sun Aug  2 18:58:49 2026] [INFO] CSP: RX COMPLETE - Got 191 bytes from csp:2:43 (all fragments ACK'd) [components/cla/posix/cla_csp.c:432]
[Sun Aug  2 18:58:50 2026] [INFO] CSP: RX COMPLETE - Got 191 bytes from csp:2:43 (all fragments ACK'd) [components/cla/posix/cla_csp.c:432]
[Sun Aug  2 18:58:50 2026] [INFO] CSP: RX COMPLETE - Got 191 bytes from csp:2:43 (all fragments ACK'd) [components/cla/posix/cla_csp.c:432]
[Sun Aug  2 18:58:50 2026] [INFO] CSP: RX COMPLETE - Got 191 bytes from csp:2:43 (all fragments ACK'd) [components/cla/posix/cla_csp.c:432]
[Sun Aug  2 18:58:51 2026] [INFO] CSP: RX loop iteration 2070, last_err=0 [components/cla/posix/cla_csp.c:405]
[Sun Aug  2 18:58:51 2026] [INFO] CSP: RX COMPLETE - Got 191 bytes from csp:2:43 (all fragments ACK'd) [components/cla/posix/cla_csp.c:432]
[Sun Aug  2 18:58:51 2026] [INFO] CSP: RX COMPLETE - Got 191 bytes from csp:2:43 (all fragments ACK'd) [components/cla/posix/cla_csp.c:432]
[Sun Aug  2 18:58:51 2026] [INFO] CSP: RX COMPLETE - Got 191 bytes from csp:2:43 (all fragments ACK'd) [components/cla/posix/cla_csp.c:432]
[Sun Aug  2 18:58:52 2026] [INFO] CSP: RX COMPLETE - Got 191 bytes from csp:2:43 (all fragments ACK'd) [components/cla/posix/cla_csp.c:432]
[Sun Aug  2 18:58:52 2026] [INFO] CSP: RX COMPLETE - Got 191 bytes from csp:2:43 (all fragments ACK'd) [components/cla/posix/cla_csp.c:432]
[Sun Aug  2 18:58:52 2026] [INFO] CSP: RX COMPLETE - Got 191 bytes from csp:2:43 (all fragments ACK'd) [components/cla/posix/cla_csp.c:432]
[Sun Aug  2 18:58:53 2026] [INFO] CSP: RX COMPLETE - Got 191 bytes from csp:2:43 (all fragments ACK'd) [components/cla/posix/cla_csp.c:432]
[Sun Aug  2 18:58:53 2026] [INFO] CSP: RX COMPLETE - Got 191 bytes from csp:2:43 (all fragments ACK'd) [components/cla/posix/cla_csp.c:432]
[Sun Aug  2 18:58:53 2026] [INFO] CSP: RX COMPLETE - Got 191 bytes from csp:2:43 (all fragments ACK'd) [components/cla/posix/cla_csp.c:432]
[Sun Aug  2 18:58:54 2026] [INFO] CSP: RX COMPLETE - Got 191 bytes from csp:2:43 (all fragments ACK'd) [components/cla/posix/cla_csp.c:432]
[Sun Aug  2 18:58:54 2026] [INFO] CSP: RX loop iteration 2080, last_err=0 [components/cla/posix/cla_csp.c:405]
[Sun Aug  2 18:58:54 2026] [INFO] CSP: RX COMPLETE - Got 191 bytes from csp:2:43 (all fragments ACK'd) [components/cla/posix/cla_csp.c:432]
[Sun Aug  2 18:58:54 2026] [INFO] CSP: RX COMPLETE - Got 191 bytes from csp:2:43 (all fragments ACK'd) [components/cla/posix/cla_csp.c:432]
[Sun Aug  2 18:58:55 2026] [INFO] CSP: RX COMPLETE - Got 191 bytes from csp:2:43 (all fragments ACK'd) [components/cla/posix/cla_csp.c:432]
[Sun Aug  2 18:58:55 2026] [INFO] CSP: RX COMPLETE - Got 191 bytes from csp:2:43 (all fragments ACK'd) [components/cla/posix/cla_csp.c:432]
[Sun Aug  2 18:58:55 2026] [INFO] CSP: RX COMPLETE - Got 191 bytes from csp:2:43 (all fragments ACK'd) [components/cla/posix/cla_csp.c:432]
[Sun Aug  2 18:58:56 2026] [INFO] CSP: RX COMPLETE - Got 191 bytes from csp:2:43 (all fragments ACK'd) [components/cla/posix/cla_csp.c:432]
[Sun Aug  2 18:58:56 2026] [INFO] CSP: RX COMPLETE - Got 191 bytes from csp:2:43 (all fragments ACK'd) [components/cla/posix/cla_csp.c:432]
[Sun Aug  2 18:58:56 2026] [INFO] CSP: RX COMPLETE - Got 191 bytes from csp:2:43 (all fragments ACK'd) [components/cla/posix/cla_csp.c:432]
[Sun Aug  2 18:58:57 2026] [INFO] CSP: RX COMPLETE - Got 191 bytes from csp:2:43 (all fragments ACK'd) [components/cla/posix/cla_csp.c:432]
[Sun Aug  2 18:58:57 2026] [INFO] CSP: RX COMPLETE - Got 191 bytes from csp:2:43 (all fragments ACK'd) [components/cla/posix/cla_csp.c:432]
[Sun Aug  2 18:58:57 2026] [INFO] CSP: RX loop iteration 2090, last_err=0 [components/cla/posix/cla_csp.c:405]
[Sun Aug  2 18:58:57 2026] [INFO] CSP: RX COMPLETE - Got 191 bytes from csp:2:43 (all fragments ACK'd) [components/cla/posix/cla_csp.c:432]
[Sun Aug  2 18:58:58 2026] [INFO] CSP: RX COMPLETE - Got 191 bytes from csp:2:43 (all fragments ACK'd) [components/cla/posix/cla_csp.c:432]
[Sun Aug  2 18:58:58 2026] [INFO] CSP: RX COMPLETE - Got 191 bytes from csp:2:43 (all fragments ACK'd) [components/cla/posix/cla_csp.c:432]
[Sun Aug  2 18:58:58 2026] [INFO] CSP: RX COMPLETE - Got 191 bytes from csp:2:43 (all fragments ACK'd) [components/cla/posix/cla_csp.c:432]
[Sun Aug  2 18:58:58 2026] [INFO] CSP: RX COMPLETE - Got 191 bytes from csp:2:43 (all fragments ACK'd) [components/cla/posix/cla_csp.c:432]
[Sun Aug  2 18:58:59 2026] [INFO] CSP: RX COMPLETE - Got 191 bytes from csp:2:43 (all fragments ACK'd) [components/cla/posix/cla_csp.c:432]
[Sun Aug  2 18:58:59 2026] [INFO] CSP: RX COMPLETE - Got 191 bytes from csp:2:43 (all fragments ACK'd) [components/cla/posix/cla_csp.c:432]
[Sun Aug  2 18:58:59 2026] [INFO] CSP: RX COMPLETE - Got 191 bytes from csp:2:43 (all fragments ACK'd) [components/cla/posix/cla_csp.c:432]
[Sun Aug  2 18:59:00 2026] [INFO] CSP: RX COMPLETE - Got 191 bytes from csp:2:43 (all fragments ACK'd) [components/cla/posix/cla_csp.c:432]
[Sun Aug  2 18:59:00 2026] [INFO] CSP: RX COMPLETE - Got 191 bytes from csp:2:43 (all fragments ACK'd) [components/cla/posix/cla_csp.c:432]
[Sun Aug  2 18:59:00 2026] [INFO] CSP: RX loop iteration 2100, last_err=0 [components/cla/posix/cla_csp.c:405]
[Sun Aug  2 18:59:00 2026] [INFO] CSP: RX COMPLETE - Got 191 bytes from csp:2:43 (all fragments ACK'd) [components/cla/posix/cla_csp.c:432]
[Sun Aug  2 18:59:01 2026] [INFO] CSP: RX COMPLETE - Got 191 bytes from csp:2:43 (all fragments ACK'd) [components/cla/posix/cla_csp.c:432]
[Sun Aug  2 18:59:01 2026] [INFO] CSP: RX COMPLETE - Got 191 bytes from csp:2:43 (all fragments ACK'd) [components/cla/posix/cla_csp.c:432]
[Sun Aug  2 18:59:01 2026] [INFO] CSP: RX COMPLETE - Got 191 bytes from csp:2:43 (all fragments ACK'd) [components/cla/posix/cla_csp.c:432]
[Sun Aug  2 18:59:02 2026] [INFO] CSP: RX COMPLETE - Got 191 bytes from csp:2:43 (all fragments ACK'd) [components/cla/posix/cla_csp.c:432]
[Sun Aug  2 18:59:02 2026] [INFO] CSP: RX COMPLETE - Got 191 bytes from csp:2:43 (all fragments ACK'd) [components/cla/posix/cla_csp.c:432]
[Sun Aug  2 18:59:02 2026] [INFO] CSP: RX COMPLETE - Got 191 bytes from csp:2:43 (all fragments ACK'd) [components/cla/posix/cla_csp.c:432]
[Sun Aug  2 18:59:03 2026] [INFO] CSP: RX COMPLETE - Got 191 bytes from csp:2:43 (all fragments ACK'd) [components/cla/posix/cla_csp.c:432]
[Sun Aug  2 18:59:03 2026] [INFO] CSP: RX COMPLETE - Got 191 bytes from csp:2:43 (all fragments ACK'd) [components/cla/posix/cla_csp.c:432]
[Sun Aug  2 18:59:03 2026] [INFO] CSP: RX COMPLETE - Got 191 bytes from csp:2:43 (all fragments ACK'd) [components/cla/posix/cla_csp.c:432]
[Sun Aug  2 18:59:04 2026] [INFO] CSP: RX loop iteration 2110, last_err=0 [components/cla/posix/cla_csp.c:405]
[Sun Aug  2 18:59:04 2026] [INFO] CSP: RX COMPLETE - Got 191 bytes from csp:2:43 (all fragments ACK'd) [components/cla/posix/cla_csp.c:432]
[Sun Aug  2 18:59:04 2026] [INFO] CSP: RX COMPLETE - Got 191 bytes from csp:2:43 (all fragments ACK'd) [components/cla/posix/cla_csp.c:432]
[Sun Aug  2 18:59:04 2026] [INFO] CSP: RX COMPLETE - Got 384 bytes from csp:2:43 (all fragments ACK'd) [components/cla/posix/cla_csp.c:432]
[Sun Aug  2 18:59:05 2026] [INFO] CSP: RX COMPLETE - Got 384 bytes from csp:2:43 (all fragments ACK'd) [components/cla/posix/cla_csp.c:432]
[Sun Aug  2 18:59:05 2026] [INFO] CSP: RX COMPLETE - Got 384 bytes from csp:2:43 (all fragments ACK'd) [components/cla/posix/cla_csp.c:432]
[Sun Aug  2 18:59:05 2026] [INFO] CSP: RX COMPLETE - Got 384 bytes from csp:2:43 (all fragments ACK'd) [components/cla/posix/cla_csp.c:432]
[Sun Aug  2 18:59:06 2026] [INFO] CSP: RX COMPLETE - Got 384 bytes from csp:2:43 (all fragments ACK'd) [components/cla/posix/cla_csp.c:432]
[Sun Aug  2 18:59:06 2026] [INFO] CSP: RX COMPLETE - Got 384 bytes from csp:2:43 (all fragments ACK'd) [components/cla/posix/cla_csp.c:432]
[Sun Aug  2 18:59:06 2026] [INFO] CSP: RX COMPLETE - Got 384 bytes from csp:2:43 (all fragments ACK'd) [components/cla/posix/cla_csp.c:432]
[Sun Aug  2 18:59:07 2026] [INFO] CSP: RX COMPLETE - Got 384 bytes from csp:2:43 (all fragments ACK'd) [components/cla/posix/cla_csp.c:432]
[Sun Aug  2 18:59:07 2026] [INFO] CSP: RX loop iteration 2120, last_err=0 [components/cla/posix/cla_csp.c:405]
[Sun Aug  2 18:59:07 2026] [INFO] CSP: RX COMPLETE - Got 384 bytes from csp:2:43 (all fragments ACK'd) [components/cla/posix/cla_csp.c:432]
[Sun Aug  2 18:59:07 2026] [INFO] CSP: RX COMPLETE - Got 384 bytes from csp:2:43 (all fragments ACK'd) [components/cla/posix/cla_csp.c:432]
[Sun Aug  2 18:59:08 2026] [INFO] CSP: RX COMPLETE - Got 384 bytes from csp:2:43 (all fragments ACK'd) [components/cla/posix/cla_csp.c:432]
[Sun Aug  2 18:59:08 2026] [INFO] CSP: RX COMPLETE - Got 384 bytes from csp:2:43 (all fragments ACK'd) [components/cla/posix/cla_csp.c:432]
[Sun Aug  2 18:59:08 2026] [INFO] CSP: RX COMPLETE - Got 384 bytes from csp:2:43 (all fragments ACK'd) [components/cla/posix/cla_csp.c:432]
[Sun Aug  2 18:59:09 2026] [INFO] CSP: RX COMPLETE - Got 384 bytes from csp:2:43 (all fragments ACK'd) [components/cla/posix/cla_csp.c:432]
[Sun Aug  2 18:59:09 2026] [INFO] CSP: RX COMPLETE - Got 384 bytes from csp:2:43 (all fragments ACK'd) [components/cla/posix/cla_csp.c:432]
[Sun Aug  2 18:59:09 2026] [INFO] CSP: RX COMPLETE - Got 384 bytes from csp:2:43 (all fragments ACK'd) [components/cla/posix/cla_csp.c:432]
[Sun Aug  2 18:59:10 2026] [INFO] CSP: RX COMPLETE - Got 384 bytes from csp:2:43 (all fragments ACK'd) [components/cla/posix/cla_csp.c:432]
[Sun Aug  2 18:59:10 2026] [INFO] CSP: RX COMPLETE - Got 384 bytes from csp:2:43 (all fragments ACK'd) [components/cla/posix/cla_csp.c:432]
[Sun Aug  2 18:59:10 2026] [INFO] CSP: RX loop iteration 2130, last_err=0 [components/cla/posix/cla_csp.c:405]
[Sun Aug  2 18:59:10 2026] [INFO] CSP: RX COMPLETE - Got 384 bytes from csp:2:43 (all fragments ACK'd) [components/cla/posix/cla_csp.c:432]
[Sun Aug  2 18:59:11 2026] [INFO] CSP: RX COMPLETE - Got 384 bytes from csp:2:43 (all fragments ACK'd) [components/cla/posix/cla_csp.c:432]
[Sun Aug  2 18:59:11 2026] [INFO] CSP: RX COMPLETE - Got 384 bytes from csp:2:43 (all fragments ACK'd) [components/cla/posix/cla_csp.c:432]
[Sun Aug  2 18:59:11 2026] [INFO] CSP: RX COMPLETE - Got 384 bytes from csp:2:43 (all fragments ACK'd) [components/cla/posix/cla_csp.c:432]
[Sun Aug  2 18:59:12 2026] [INFO] CSP: RX COMPLETE - Got 384 bytes from csp:2:43 (all fragments ACK'd) [components/cla/posix/cla_csp.c:432]
[Sun Aug  2 18:59:12 2026] [INFO] CSP: RX COMPLETE - Got 384 bytes from csp:2:43 (all fragments ACK'd) [components/cla/posix/cla_csp.c:432]
[Sun Aug  2 18:59:12 2026] [INFO] CSP: RX COMPLETE - Got 384 bytes from csp:2:43 (all fragments ACK'd) [components/cla/posix/cla_csp.c:432]
[Sun Aug  2 18:59:13 2026] [INFO] CSP: RX COMPLETE - Got 384 bytes from csp:2:43 (all fragments ACK'd) [components/cla/posix/cla_csp.c:432]
[Sun Aug  2 18:59:13 2026] [INFO] CSP: RX COMPLETE - Got 384 bytes from csp:2:43 (all fragments ACK'd) [components/cla/posix/cla_csp.c:432]
[Sun Aug  2 18:59:13 2026] [INFO] CSP: RX COMPLETE - Got 384 bytes from csp:2:43 (all fragments ACK'd) [components/cla/posix/cla_csp.c:432]
[Sun Aug  2 18:59:14 2026] [INFO] CSP: RX loop iteration 2140, last_err=0 [components/cla/posix/cla_csp.c:405]
[Sun Aug  2 18:59:14 2026] [INFO] CSP: RX COMPLETE - Got 384 bytes from csp:2:43 (all fragments ACK'd) [components/cla/posix/cla_csp.c:432]
[Sun Aug  2 18:59:14 2026] [INFO] CSP: RX COMPLETE - Got 384 bytes from csp:2:43 (all fragments ACK'd) [components/cla/posix/cla_csp.c:432]
[Sun Aug  2 18:59:14 2026] [INFO] CSP: RX COMPLETE - Got 384 bytes from csp:2:43 (all fragments ACK'd) [components/cla/posix/cla_csp.c:432]
[Sun Aug  2 18:59:15 2026] [INFO] CSP: RX COMPLETE - Got 384 bytes from csp:2:43 (all fragments ACK'd) [components/cla/posix/cla_csp.c:432]
[Sun Aug  2 18:59:15 2026] [INFO] CSP: RX COMPLETE - Got 384 bytes from csp:2:43 (all fragments ACK'd) [components/cla/posix/cla_csp.c:432]
[Sun Aug  2 18:59:15 2026] [INFO] CSP: RX COMPLETE - Got 384 bytes from csp:2:43 (all fragments ACK'd) [components/cla/posix/cla_csp.c:432]
[Sun Aug  2 18:59:15 2026] [INFO] CSP: RX COMPLETE - Got 384 bytes from csp:2:43 (all fragments ACK'd) [components/cla/posix/cla_csp.c:432]
[Sun Aug  2 18:59:16 2026] [INFO] CSP: RX COMPLETE - Got 384 bytes from csp:2:43 (all fragments ACK'd) [components/cla/posix/cla_csp.c:432]
[Sun Aug  2 18:59:16 2026] [INFO] CSP: RX COMPLETE - Got 384 bytes from csp:2:43 (all fragments ACK'd) [components/cla/posix/cla_csp.c:432]
[Sun Aug  2 18:59:16 2026] [INFO] CSP: RX COMPLETE - Got 384 bytes from csp:2:43 (all fragments ACK'd) [components/cla/posix/cla_csp.c:432]
[Sun Aug  2 18:59:17 2026] [INFO] CSP: RX loop iteration 2150, last_err=0 [components/cla/posix/cla_csp.c:405]
[Sun Aug  2 18:59:17 2026] [INFO] CSP: RX COMPLETE - Got 384 bytes from csp:2:43 (all fragments ACK'd) [components/cla/posix/cla_csp.c:432]
[Sun Aug  2 18:59:17 2026] [INFO] CSP: RX COMPLETE - Got 384 bytes from csp:2:43 (all fragments ACK'd) [components/cla/posix/cla_csp.c:432]
[Sun Aug  2 18:59:17 2026] [INFO] CSP: RX COMPLETE - Got 384 bytes from csp:2:43 (all fragments ACK'd) [components/cla/posix/cla_csp.c:432]
[Sun Aug  2 18:59:18 2026] [INFO] CSP: RX COMPLETE - Got 384 bytes from csp:2:43 (all fragments ACK'd) [components/cla/posix/cla_csp.c:432]
[Sun Aug  2 18:59:18 2026] [INFO] CSP: RX COMPLETE - Got 384 bytes from csp:2:43 (all fragments ACK'd) [components/cla/posix/cla_csp.c:432]
[Sun Aug  2 18:59:18 2026] [INFO] CSP: RX COMPLETE - Got 384 bytes from csp:2:43 (all fragments ACK'd) [components/cla/posix/cla_csp.c:432]
[Sun Aug  2 18:59:19 2026] [INFO] CSP: RX COMPLETE - Got 384 bytes from csp:2:43 (all fragments ACK'd) [components/cla/posix/cla_csp.c:432]
[Sun Aug  2 18:59:19 2026] [INFO] CSP: RX COMPLETE - Got 384 bytes from csp:2:43 (all fragments ACK'd) [components/cla/posix/cla_csp.c:432]
[Sun Aug  2 18:59:19 2026] [INFO] CSP: RX COMPLETE - Got 384 bytes from csp:2:43 (all fragments ACK'd) [components/cla/posix/cla_csp.c:432]
[Sun Aug  2 18:59:20 2026] [INFO] CSP: RX COMPLETE - Got 384 bytes from csp:2:43 (all fragments ACK'd) [components/cla/posix/cla_csp.c:432]
[Sun Aug  2 18:59:20 2026] [INFO] CSP: RX loop iteration 2160, last_err=0 [components/cla/posix/cla_csp.c:405]
[Sun Aug  2 18:59:20 2026] [INFO] CSP: RX COMPLETE - Got 384 bytes from csp:2:43 (all fragments ACK'd) [components/cla/posix/cla_csp.c:432]
[Sun Aug  2 18:59:20 2026] [INFO] CSP: RX COMPLETE - Got 384 bytes from csp:2:43 (all fragments ACK'd) [components/cla/posix/cla_csp.c:432]
[Sun Aug  2 18:59:21 2026] [INFO] CSP: RX COMPLETE - Got 384 bytes from csp:2:43 (all fragments ACK'd) [components/cla/posix/cla_csp.c:432]
[Sun Aug  2 18:59:21 2026] [INFO] CSP: RX COMPLETE - Got 384 bytes from csp:2:43 (all fragments ACK'd) [components/cla/posix/cla_csp.c:432]
[Sun Aug  2 18:59:21 2026] [INFO] CSP: RX COMPLETE - Got 384 bytes from csp:2:43 (all fragments ACK'd) [components/cla/posix/cla_csp.c:432]
[Sun Aug  2 18:59:22 2026] [INFO] CSP: RX COMPLETE - Got 384 bytes from csp:2:43 (all fragments ACK'd) [components/cla/posix/cla_csp.c:432]
[Sun Aug  2 18:59:22 2026] [INFO] CSP: RX COMPLETE - Got 384 bytes from csp:2:43 (all fragments ACK'd) [components/cla/posix/cla_csp.c:432]
[Sun Aug  2 18:59:22 2026] [INFO] CSP: RX COMPLETE - Got 384 bytes from csp:2:43 (all fragments ACK'd) [components/cla/posix/cla_csp.c:432]
[Sun Aug  2 18:59:23 2026] [INFO] CSP: RX COMPLETE - Got 384 bytes from csp:2:43 (all fragments ACK'd) [components/cla/posix/cla_csp.c:432]
[Sun Aug  2 18:59:23 2026] [INFO] CSP: RX COMPLETE - Got 384 bytes from csp:2:43 (all fragments ACK'd) [components/cla/posix/cla_csp.c:432]
[Sun Aug  2 18:59:23 2026] [INFO] CSP: RX loop iteration 2170, last_err=0 [components/cla/posix/cla_csp.c:405]
[Sun Aug  2 18:59:23 2026] [INFO] CSP: RX COMPLETE - Got 384 bytes from csp:2:43 (all fragments ACK'd) [components/cla/posix/cla_csp.c:432]
[Sun Aug  2 18:59:24 2026] [INFO] CSP: RX COMPLETE - Got 384 bytes from csp:2:43 (all fragments ACK'd) [components/cla/posix/cla_csp.c:432]
[Sun Aug  2 18:59:24 2026] [INFO] CSP: RX COMPLETE - Got 384 bytes from csp:2:43 (all fragments ACK'd) [components/cla/posix/cla_csp.c:432]
[Sun Aug  2 18:59:24 2026] [INFO] CSP: RX COMPLETE - Got 384 bytes from csp:2:43 (all fragments ACK'd) [components/cla/posix/cla_csp.c:432]
[Sun Aug  2 18:59:25 2026] [INFO] CSP: RX COMPLETE - Got 384 bytes from csp:2:43 (all fragments ACK'd) [components/cla/posix/cla_csp.c:432]
[Sun Aug  2 18:59:25 2026] [INFO] CSP: RX COMPLETE - Got 384 bytes from csp:2:43 (all fragments ACK'd) [components/cla/posix/cla_csp.c:432]
[Sun Aug  2 18:59:25 2026] [INFO] CSP: RX COMPLETE - Got 384 bytes from csp:2:43 (all fragments ACK'd) [components/cla/posix/cla_csp.c:432]
[Sun Aug  2 18:59:26 2026] [INFO] CSP: RX COMPLETE - Got 384 bytes from csp:2:43 (all fragments ACK'd) [components/cla/posix/cla_csp.c:432]
[Sun Aug  2 18:59:26 2026] [INFO] CSP: RX COMPLETE - Got 384 bytes from csp:2:43 (all fragments ACK'd) [components/cla/posix/cla_csp.c:432]
[Sun Aug  2 18:59:26 2026] [INFO] CSP: RX COMPLETE - Got 384 bytes from csp:2:43 (all fragments ACK'd) [components/cla/posix/cla_csp.c:432]
[Sun Aug  2 18:59:27 2026] [INFO] CSP: RX loop iteration 2180, last_err=0 [components/cla/posix/cla_csp.c:405]
[Sun Aug  2 18:59:27 2026] [INFO] CSP: RX COMPLETE - Got 384 bytes from csp:2:43 (all fragments ACK'd) [components/cla/posix/cla_csp.c:432]
[Sun Aug  2 18:59:27 2026] [INFO] CSP: RX COMPLETE - Got 384 bytes from csp:2:43 (all fragments ACK'd) [components/cla/posix/cla_csp.c:432]
[Sun Aug  2 18:59:27 2026] [INFO] CSP: RX COMPLETE - Got 384 bytes from csp:2:43 (all fragments ACK'd) [components/cla/posix/cla_csp.c:432]
[Sun Aug  2 18:59:28 2026] [INFO] CSP: RX COMPLETE - Got 384 bytes from csp:2:43 (all fragments ACK'd) [components/cla/posix/cla_csp.c:432]
[Sun Aug  2 18:59:28 2026] [INFO] CSP: RX COMPLETE - Got 384 bytes from csp:2:43 (all fragments ACK'd) [components/cla/posix/cla_csp.c:432]
[Sun Aug  2 18:59:28 2026] [INFO] CSP: RX COMPLETE - Got 384 bytes from csp:2:43 (all fragments ACK'd) [components/cla/posix/cla_csp.c:432]
[Sun Aug  2 18:59:29 2026] [INFO] CSP: RX COMPLETE - Got 384 bytes from csp:2:43 (all fragments ACK'd) [components/cla/posix/cla_csp.c:432]
[Sun Aug  2 18:59:29 2026] [INFO] CSP: RX COMPLETE - Got 384 bytes from csp:2:43 (all fragments ACK'd) [components/cla/posix/cla_csp.c:432]
[Sun Aug  2 18:59:29 2026] [INFO] CSP: RX COMPLETE - Got 384 bytes from csp:2:43 (all fragments ACK'd) [components/cla/posix/cla_csp.c:432]
[Sun Aug  2 18:59:30 2026] [INFO] CSP: RX COMPLETE - Got 384 bytes from csp:2:43 (all fragments ACK'd) [components/cla/posix/cla_csp.c:432]
[Sun Aug  2 18:59:30 2026] [INFO] CSP: RX loop iteration 2190, last_err=0 [components/cla/posix/cla_csp.c:405]
[Sun Aug  2 18:59:30 2026] [INFO] CSP: RX COMPLETE - Got 384 bytes from csp:2:43 (all fragments ACK'd) [components/cla/posix/cla_csp.c:432]
[Sun Aug  2 18:59:30 2026] [INFO] CSP: RX COMPLETE - Got 384 bytes from csp:2:43 (all fragments ACK'd) [components/cla/posix/cla_csp.c:432]
[Sun Aug  2 18:59:30 2026] [INFO] CSP: RX COMPLETE - Got 384 bytes from csp:2:43 (all fragments ACK'd) [components/cla/posix/cla_csp.c:432]
[Sun Aug  2 18:59:31 2026] [INFO] CSP: RX COMPLETE - Got 384 bytes from csp:2:43 (all fragments ACK'd) [components/cla/posix/cla_csp.c:432]
[Sun Aug  2 18:59:31 2026] [INFO] CSP: RX COMPLETE - Got 384 bytes from csp:2:43 (all fragments ACK'd) [components/cla/posix/cla_csp.c:432]
[Sun Aug  2 18:59:31 2026] [INFO] CSP: RX COMPLETE - Got 384 bytes from csp:2:43 (all fragments ACK'd) [components/cla/posix/cla_csp.c:432]
[Sun Aug  2 18:59:32 2026] [INFO] CSP: RX COMPLETE - Got 384 bytes from csp:2:43 (all fragments ACK'd) [components/cla/posix/cla_csp.c:432]
[Sun Aug  2 18:59:32 2026] [INFO] CSP: RX COMPLETE - Got 384 bytes from csp:2:43 (all fragments ACK'd) [components/cla/posix/cla_csp.c:432]
[Sun Aug  2 18:59:32 2026] [INFO] CSP: RX COMPLETE - Got 384 bytes from csp:2:43 (all fragments ACK'd) [components/cla/posix/cla_csp.c:432]
[Sun Aug  2 18:59:33 2026] [INFO] CSP: RX COMPLETE - Got 384 bytes from csp:2:43 (all fragments ACK'd) [components/cla/posix/cla_csp.c:432]
[Sun Aug  2 18:59:33 2026] [INFO] CSP: RX loop iteration 2200, last_err=0 [components/cla/posix/cla_csp.c:405]
[Sun Aug  2 18:59:33 2026] [INFO] CSP: RX COMPLETE - Got 384 bytes from csp:2:43 (all fragments ACK'd) [components/cla/posix/cla_csp.c:432]
[Sun Aug  2 18:59:33 2026] [INFO] CSP: RX COMPLETE - Got 384 bytes from csp:2:43 (all fragments ACK'd) [components/cla/posix/cla_csp.c:432]
[Sun Aug  2 18:59:34 2026] [INFO] CSP: RX COMPLETE - Got 384 bytes from csp:2:43 (all fragments ACK'd) [components/cla/posix/cla_csp.c:432]
[Sun Aug  2 18:59:34 2026] [INFO] CSP: RX COMPLETE - Got 384 bytes from csp:2:43 (all fragments ACK'd) [components/cla/posix/cla_csp.c:432]
[Sun Aug  2 18:59:34 2026] [INFO] CSP: RX COMPLETE - Got 384 bytes from csp:2:43 (all fragments ACK'd) [components/cla/posix/cla_csp.c:432]
[Sun Aug  2 18:59:35 2026] [INFO] CSP: RX COMPLETE - Got 384 bytes from csp:2:43 (all fragments ACK'd) [components/cla/posix/cla_csp.c:432]
[Sun Aug  2 18:59:35 2026] [INFO] CSP: RX COMPLETE - Got 384 bytes from csp:2:43 (all fragments ACK'd) [components/cla/posix/cla_csp.c:432]
[Sun Aug  2 18:59:35 2026] [INFO] CSP: RX COMPLETE - Got 384 bytes from csp:2:43 (all fragments ACK'd) [components/cla/posix/cla_csp.c:432]
[Sun Aug  2 18:59:36 2026] [INFO] CSP: RX COMPLETE - Got 384 bytes from csp:2:43 (all fragments ACK'd) [components/cla/posix/cla_csp.c:432]
[Sun Aug  2 18:59:36 2026] [INFO] CSP: RX COMPLETE - Got 384 bytes from csp:2:43 (all fragments ACK'd) [components/cla/posix/cla_csp.c:432]
[Sun Aug  2 18:59:36 2026] [INFO] CSP: RX loop iteration 2210, last_err=0 [components/cla/posix/cla_csp.c:405]
[Sun Aug  2 18:59:36 2026] [INFO] CSP: RX COMPLETE - Got 384 bytes from csp:2:43 (all fragments ACK'd) [components/cla/posix/cla_csp.c:432]
[Sun Aug  2 18:59:37 2026] [INFO] CSP: RX COMPLETE - Got 384 bytes from csp:2:43 (all fragments ACK'd) [components/cla/posix/cla_csp.c:432]
[Sun Aug  2 19:01:08 2026] [INFO] CSP: RX loop iteration 2220, last_err=6 [components/cla/posix/cla_csp.c:405]
[Sun Aug  2 19:01:08 2026] [INFO] CSP: RX waiting - socket=0x5628c10779a8, init=1 [components/cla/posix/cla_csp.c:412]
[Sun Aug  2 19:02:49 2026] [INFO] CSP: RX loop iteration 2230, last_err=6 [components/cla/posix/cla_csp.c:405]
[Sun Aug  2 19:02:49 2026] [INFO] CSP: RX waiting - socket=0x5628c10779a8, init=1 [components/cla/posix/cla_csp.c:412]
[Sun Aug  2 19:03:18 2026] [INFO] CSP: RX COMPLETE - Got 191 bytes from csp:2:43 (all fragments ACK'd) [components/cla/posix/cla_csp.c:432]
[Sun Aug  2 19:03:18 2026] [INFO] CSP: RX COMPLETE - Got 191 bytes from csp:2:43 (all fragments ACK'd) [components/cla/posix/cla_csp.c:432]
[Sun Aug  2 19:03:18 2026] [INFO] CSP: RX COMPLETE - Got 191 bytes from csp:2:43 (all fragments ACK'd) [components/cla/posix/cla_csp.c:432]
[Sun Aug  2 19:03:18 2026] [INFO] CSP: RX COMPLETE - Got 191 bytes from csp:2:43 (all fragments ACK'd) [components/cla/posix/cla_csp.c:432]
[Sun Aug  2 19:03:18 2026] [INFO] CSP: RX COMPLETE - Got 191 bytes from csp:2:43 (all fragments ACK'd) [components/cla/posix/cla_csp.c:432]
[Sun Aug  2 19:03:18 2026] [INFO] CSP: RX COMPLETE - Got 191 bytes from csp:2:43 (all fragments ACK'd) [components/cla/posix/cla_csp.c:432]
[Sun Aug  2 19:03:18 2026] [INFO] CSP: RX COMPLETE - Got 191 bytes from csp:2:43 (all fragments ACK'd) [components/cla/posix/cla_csp.c:432]
[Sun Aug  2 19:03:19 2026] [INFO] CSP: RX loop iteration 2240, last_err=0 [components/cla/posix/cla_csp.c:405]
[Sun Aug  2 19:03:19 2026] [INFO] CSP: RX COMPLETE - Got 191 bytes from csp:2:43 (all fragments ACK'd) [components/cla/posix/cla_csp.c:432]
[Sun Aug  2 19:03:19 2026] [INFO] CSP: RX COMPLETE - Got 191 bytes from csp:2:43 (all fragments ACK'd) [components/cla/posix/cla_csp.c:432]
[Sun Aug  2 19:03:19 2026] [INFO] CSP: RX COMPLETE - Got 191 bytes from csp:2:43 (all fragments ACK'd) [components/cla/posix/cla_csp.c:432]
[Sun Aug  2 19:03:19 2026] [INFO] CSP: RX COMPLETE - Got 191 bytes from csp:2:43 (all fragments ACK'd) [components/cla/posix/cla_csp.c:432]
[Sun Aug  2 19:03:19 2026] [INFO] CSP: RX COMPLETE - Got 191 bytes from csp:2:43 (all fragments ACK'd) [components/cla/posix/cla_csp.c:432]
[Sun Aug  2 19:03:19 2026] [INFO] CSP: RX COMPLETE - Got 191 bytes from csp:2:43 (all fragments ACK'd) [components/cla/posix/cla_csp.c:432]
[Sun Aug  2 19:03:19 2026] [INFO] CSP: RX COMPLETE - Got 191 bytes from csp:2:43 (all fragments ACK'd) [components/cla/posix/cla_csp.c:432]
[Sun Aug  2 19:03:20 2026] [INFO] CSP: RX COMPLETE - Got 191 bytes from csp:2:43 (all fragments ACK'd) [components/cla/posix/cla_csp.c:432]
[Sun Aug  2 19:03:20 2026] [INFO] CSP: RX COMPLETE - Got 191 bytes from csp:2:43 (all fragments ACK'd) [components/cla/posix/cla_csp.c:432]
[Sun Aug  2 19:03:20 2026] [INFO] CSP: RX COMPLETE - Got 191 bytes from csp:2:43 (all fragments ACK'd) [components/cla/posix/cla_csp.c:432]
[Sun Aug  2 19:03:20 2026] [INFO] CSP: RX loop iteration 2250, last_err=0 [components/cla/posix/cla_csp.c:405]
[Sun Aug  2 19:03:20 2026] [INFO] CSP: RX COMPLETE - Got 191 bytes from csp:2:43 (all fragments ACK'd) [components/cla/posix/cla_csp.c:432]
[Sun Aug  2 19:03:20 2026] [INFO] CSP: RX COMPLETE - Got 191 bytes from csp:2:43 (all fragments ACK'd) [components/cla/posix/cla_csp.c:432]
[Sun Aug  2 19:03:20 2026] [INFO] CSP: RX COMPLETE - Got 191 bytes from csp:2:43 (all fragments ACK'd) [components/cla/posix/cla_csp.c:432]
[Sun Aug  2 19:03:20 2026] [INFO] CSP: RX COMPLETE - Got 191 bytes from csp:2:43 (all fragments ACK'd) [components/cla/posix/cla_csp.c:432]
[Sun Aug  2 19:03:20 2026] [INFO] CSP: RX COMPLETE - Got 191 bytes from csp:2:43 (all fragments ACK'd) [components/cla/posix/cla_csp.c:432]
[Sun Aug  2 19:03:21 2026] [INFO] CSP: RX COMPLETE - Got 191 bytes from csp:2:43 (all fragments ACK'd) [components/cla/posix/cla_csp.c:432]
[Sun Aug  2 19:03:21 2026] [INFO] CSP: RX COMPLETE - Got 191 bytes from csp:2:43 (all fragments ACK'd) [components/cla/posix/cla_csp.c:432]
[Sun Aug  2 19:03:21 2026] [INFO] CSP: RX COMPLETE - Got 191 bytes from csp:2:43 (all fragments ACK'd) [components/cla/posix/cla_csp.c:432]
[Sun Aug  2 19:03:21 2026] [INFO] CSP: RX COMPLETE - Got 191 bytes from csp:2:43 (all fragments ACK'd) [components/cla/posix/cla_csp.c:432]
[Sun Aug  2 19:03:21 2026] [INFO] CSP: RX COMPLETE - Got 191 bytes from csp:2:43 (all fragments ACK'd) [components/cla/posix/cla_csp.c:432]
[Sun Aug  2 19:03:21 2026] [INFO] CSP: RX loop iteration 2260, last_err=0 [components/cla/posix/cla_csp.c:405]
[Sun Aug  2 19:03:21 2026] [INFO] CSP: RX COMPLETE - Got 191 bytes from csp:2:43 (all fragments ACK'd) [components/cla/posix/cla_csp.c:432]
[Sun Aug  2 19:03:21 2026] [INFO] CSP: RX COMPLETE - Got 191 bytes from csp:2:43 (all fragments ACK'd) [components/cla/posix/cla_csp.c:432]
[Sun Aug  2 19:03:22 2026] [INFO] CSP: RX COMPLETE - Got 191 bytes from csp:2:43 (all fragments ACK'd) [components/cla/posix/cla_csp.c:432]
[Sun Aug  2 19:03:22 2026] [INFO] CSP: RX COMPLETE - Got 191 bytes from csp:2:43 (all fragments ACK'd) [components/cla/posix/cla_csp.c:432]
[Sun Aug  2 19:03:22 2026] [INFO] CSP: RX COMPLETE - Got 191 bytes from csp:2:43 (all fragments ACK'd) [components/cla/posix/cla_csp.c:432]
[Sun Aug  2 19:03:22 2026] [INFO] CSP: RX COMPLETE - Got 191 bytes from csp:2:43 (all fragments ACK'd) [components/cla/posix/cla_csp.c:432]
[Sun Aug  2 19:03:22 2026] [INFO] CSP: RX COMPLETE - Got 191 bytes from csp:2:43 (all fragments ACK'd) [components/cla/posix/cla_csp.c:432]
[Sun Aug  2 19:03:22 2026] [INFO] CSP: RX COMPLETE - Got 191 bytes from csp:2:43 (all fragments ACK'd) [components/cla/posix/cla_csp.c:432]
[Sun Aug  2 19:03:23 2026] [INFO] CSP: RX COMPLETE - Got 191 bytes from csp:2:43 (all fragments ACK'd) [components/cla/posix/cla_csp.c:432]
[Sun Aug  2 19:03:23 2026] [INFO] CSP: RX COMPLETE - Got 191 bytes from csp:2:43 (all fragments ACK'd) [components/cla/posix/cla_csp.c:432]
[Sun Aug  2 19:03:23 2026] [INFO] CSP: RX loop iteration 2270, last_err=0 [components/cla/posix/cla_csp.c:405]
[Sun Aug  2 19:03:23 2026] [INFO] CSP: RX COMPLETE - Got 191 bytes from csp:2:43 (all fragments ACK'd) [components/cla/posix/cla_csp.c:432]
[Sun Aug  2 19:03:23 2026] [INFO] CSP: RX COMPLETE - Got 191 bytes from csp:2:43 (all fragments ACK'd) [components/cla/posix/cla_csp.c:432]
[Sun Aug  2 19:03:23 2026] [INFO] CSP: RX COMPLETE - Got 191 bytes from csp:2:43 (all fragments ACK'd) [components/cla/posix/cla_csp.c:432]
[Sun Aug  2 19:03:23 2026] [INFO] CSP: RX COMPLETE - Got 191 bytes from csp:2:43 (all fragments ACK'd) [components/cla/posix/cla_csp.c:432]
[Sun Aug  2 19:03:24 2026] [INFO] CSP: RX COMPLETE - Got 191 bytes from csp:2:43 (all fragments ACK'd) [components/cla/posix/cla_csp.c:432]
[Sun Aug  2 19:03:24 2026] [INFO] CSP: RX COMPLETE - Got 191 bytes from csp:2:43 (all fragments ACK'd) [components/cla/posix/cla_csp.c:432]
[Sun Aug  2 19:03:24 2026] [INFO] CSP: RX COMPLETE - Got 191 bytes from csp:2:43 (all fragments ACK'd) [components/cla/posix/cla_csp.c:432]
[Sun Aug  2 19:03:24 2026] [INFO] CSP: RX COMPLETE - Got 191 bytes from csp:2:43 (all fragments ACK'd) [components/cla/posix/cla_csp.c:432]
[Sun Aug  2 19:03:24 2026] [INFO] CSP: RX COMPLETE - Got 191 bytes from csp:2:43 (all fragments ACK'd) [components/cla/posix/cla_csp.c:432]
[Sun Aug  2 19:03:24 2026] [INFO] CSP: RX COMPLETE - Got 191 bytes from csp:2:43 (all fragments ACK'd) [components/cla/posix/cla_csp.c:432]
[Sun Aug  2 19:03:24 2026] [INFO] CSP: RX loop iteration 2280, last_err=0 [components/cla/posix/cla_csp.c:405]
[Sun Aug  2 19:03:24 2026] [INFO] CSP: RX COMPLETE - Got 191 bytes from csp:2:43 (all fragments ACK'd) [components/cla/posix/cla_csp.c:432]
[Sun Aug  2 19:03:25 2026] [INFO] CSP: RX COMPLETE - Got 191 bytes from csp:2:43 (all fragments ACK'd) [components/cla/posix/cla_csp.c:432]
[Sun Aug  2 19:03:25 2026] [INFO] CSP: RX COMPLETE - Got 191 bytes from csp:2:43 (all fragments ACK'd) [components/cla/posix/cla_csp.c:432]
[Sun Aug  2 19:03:25 2026] [INFO] CSP: RX COMPLETE - Got 191 bytes from csp:2:43 (all fragments ACK'd) [components/cla/posix/cla_csp.c:432]
[Sun Aug  2 19:03:25 2026] [INFO] CSP: RX COMPLETE - Got 191 bytes from csp:2:43 (all fragments ACK'd) [components/cla/posix/cla_csp.c:432]
[Sun Aug  2 19:03:25 2026] [INFO] CSP: RX COMPLETE - Got 191 bytes from csp:2:43 (all fragments ACK'd) [components/cla/posix/cla_csp.c:432]
[Sun Aug  2 19:03:26 2026] [INFO] CSP: RX COMPLETE - Got 191 bytes from csp:2:43 (all fragments ACK'd) [components/cla/posix/cla_csp.c:432]
[Sun Aug  2 19:03:26 2026] [INFO] CSP: RX COMPLETE - Got 191 bytes from csp:2:43 (all fragments ACK'd) [components/cla/posix/cla_csp.c:432]
[Sun Aug  2 19:03:26 2026] [INFO] CSP: RX COMPLETE - Got 191 bytes from csp:2:43 (all fragments ACK'd) [components/cla/posix/cla_csp.c:432]
[Sun Aug  2 19:03:26 2026] [INFO] CSP: RX COMPLETE - Got 191 bytes from csp:2:43 (all fragments ACK'd) [components/cla/posix/cla_csp.c:432]
[Sun Aug  2 19:03:26 2026] [INFO] CSP: RX loop iteration 2290, last_err=0 [components/cla/posix/cla_csp.c:405]
[Sun Aug  2 19:03:26 2026] [INFO] CSP: RX COMPLETE - Got 191 bytes from csp:2:43 (all fragments ACK'd) [components/cla/posix/cla_csp.c:432]
[Sun Aug  2 19:03:26 2026] [INFO] CSP: RX COMPLETE - Got 191 bytes from csp:2:43 (all fragments ACK'd) [components/cla/posix/cla_csp.c:432]
[Sun Aug  2 19:03:26 2026] [INFO] CSP: RX COMPLETE - Got 191 bytes from csp:2:43 (all fragments ACK'd) [components/cla/posix/cla_csp.c:432]
[Sun Aug  2 19:03:27 2026] [INFO] CSP: RX COMPLETE - Got 191 bytes from csp:2:43 (all fragments ACK'd) [components/cla/posix/cla_csp.c:432]
[Sun Aug  2 19:03:27 2026] [INFO] CSP: RX COMPLETE - Got 191 bytes from csp:2:43 (all fragments ACK'd) [components/cla/posix/cla_csp.c:432]
[Sun Aug  2 19:03:27 2026] [INFO] CSP: RX COMPLETE - Got 191 bytes from csp:2:43 (all fragments ACK'd) [components/cla/posix/cla_csp.c:432]
[Sun Aug  2 19:03:27 2026] [INFO] CSP: RX COMPLETE - Got 191 bytes from csp:2:43 (all fragments ACK'd) [components/cla/posix/cla_csp.c:432]
[Sun Aug  2 19:03:27 2026] [INFO] CSP: RX COMPLETE - Got 191 bytes from csp:2:43 (all fragments ACK'd) [components/cla/posix/cla_csp.c:432]
[Sun Aug  2 19:03:27 2026] [INFO] CSP: RX COMPLETE - Got 191 bytes from csp:2:43 (all fragments ACK'd) [components/cla/posix/cla_csp.c:432]
[Sun Aug  2 19:03:27 2026] [INFO] CSP: RX COMPLETE - Got 191 bytes from csp:2:43 (all fragments ACK'd) [components/cla/posix/cla_csp.c:432]
[Sun Aug  2 19:03:27 2026] [INFO] CSP: RX loop iteration 2300, last_err=0 [components/cla/posix/cla_csp.c:405]
[Sun Aug  2 19:03:27 2026] [INFO] CSP: RX COMPLETE - Got 191 bytes from csp:2:43 (all fragments ACK'd) [components/cla/posix/cla_csp.c:432]
[Sun Aug  2 19:03:28 2026] [INFO] CSP: RX COMPLETE - Got 191 bytes from csp:2:43 (all fragments ACK'd) [components/cla/posix/cla_csp.c:432]
[Sun Aug  2 19:03:28 2026] [INFO] CSP: RX COMPLETE - Got 191 bytes from csp:2:43 (all fragments ACK'd) [components/cla/posix/cla_csp.c:432]
[Sun Aug  2 19:03:28 2026] [INFO] CSP: RX COMPLETE - Got 191 bytes from csp:2:43 (all fragments ACK'd) [components/cla/posix/cla_csp.c:432]
[Sun Aug  2 19:03:28 2026] [INFO] CSP: RX COMPLETE - Got 191 bytes from csp:2:43 (all fragments ACK'd) [components/cla/posix/cla_csp.c:432]
[Sun Aug  2 19:03:28 2026] [INFO] CSP: RX COMPLETE - Got 191 bytes from csp:2:43 (all fragments ACK'd) [components/cla/posix/cla_csp.c:432]
[Sun Aug  2 19:03:29 2026] [INFO] CSP: RX COMPLETE - Got 191 bytes from csp:2:43 (all fragments ACK'd) [components/cla/posix/cla_csp.c:432]
[Sun Aug  2 19:03:29 2026] [INFO] CSP: RX COMPLETE - Got 191 bytes from csp:2:43 (all fragments ACK'd) [components/cla/posix/cla_csp.c:432]
[Sun Aug  2 19:03:29 2026] [INFO] CSP: RX COMPLETE - Got 191 bytes from csp:2:43 (all fragments ACK'd) [components/cla/posix/cla_csp.c:432]
[Sun Aug  2 19:03:29 2026] [INFO] CSP: RX COMPLETE - Got 191 bytes from csp:2:43 (all fragments ACK'd) [components/cla/posix/cla_csp.c:432]
[Sun Aug  2 19:03:29 2026] [INFO] CSP: RX loop iteration 2310, last_err=0 [components/cla/posix/cla_csp.c:405]
[Sun Aug  2 19:03:29 2026] [INFO] CSP: RX COMPLETE - Got 191 bytes from csp:2:43 (all fragments ACK'd) [components/cla/posix/cla_csp.c:432]
[Sun Aug  2 19:03:29 2026] [INFO] CSP: RX COMPLETE - Got 191 bytes from csp:2:43 (all fragments ACK'd) [components/cla/posix/cla_csp.c:432]
[Sun Aug  2 19:03:29 2026] [INFO] CSP: RX COMPLETE - Got 191 bytes from csp:2:43 (all fragments ACK'd) [components/cla/posix/cla_csp.c:432]
[Sun Aug  2 19:03:30 2026] [INFO] CSP: RX COMPLETE - Got 191 bytes from csp:2:43 (all fragments ACK'd) [components/cla/posix/cla_csp.c:432]
[Sun Aug  2 19:03:30 2026] [INFO] CSP: RX COMPLETE - Got 191 bytes from csp:2:43 (all fragments ACK'd) [components/cla/posix/cla_csp.c:432]
[Sun Aug  2 19:03:30 2026] [INFO] CSP: RX COMPLETE - Got 191 bytes from csp:2:43 (all fragments ACK'd) [components/cla/posix/cla_csp.c:432]
[Sun Aug  2 19:03:30 2026] [INFO] CSP: RX COMPLETE - Got 191 bytes from csp:2:43 (all fragments ACK'd) [components/cla/posix/cla_csp.c:432]
[Sun Aug  2 19:03:30 2026] [INFO] CSP: RX COMPLETE - Got 191 bytes from csp:2:43 (all fragments ACK'd) [components/cla/posix/cla_csp.c:432]
[Sun Aug  2 19:03:30 2026] [INFO] CSP: RX COMPLETE - Got 191 bytes from csp:2:43 (all fragments ACK'd) [components/cla/posix/cla_csp.c:432]
[Sun Aug  2 19:03:30 2026] [INFO] CSP: RX COMPLETE - Got 191 bytes from csp:2:43 (all fragments ACK'd) [components/cla/posix/cla_csp.c:432]
[Sun Aug  2 19:03:31 2026] [INFO] CSP: RX loop iteration 2320, last_err=0 [components/cla/posix/cla_csp.c:405]
[Sun Aug  2 19:03:31 2026] [INFO] CSP: RX COMPLETE - Got 191 bytes from csp:2:43 (all fragments ACK'd) [components/cla/posix/cla_csp.c:432]
[Sun Aug  2 19:03:31 2026] [INFO] CSP: RX COMPLETE - Got 191 bytes from csp:2:43 (all fragments ACK'd) [components/cla/posix/cla_csp.c:432]
[Sun Aug  2 19:03:31 2026] [INFO] CSP: RX COMPLETE - Got 191 bytes from csp:2:43 (all fragments ACK'd) [components/cla/posix/cla_csp.c:432]
[Sun Aug  2 19:03:31 2026] [INFO] CSP: RX COMPLETE - Got 191 bytes from csp:2:43 (all fragments ACK'd) [components/cla/posix/cla_csp.c:432]
[Sun Aug  2 19:03:31 2026] [INFO] CSP: RX COMPLETE - Got 191 bytes from csp:2:43 (all fragments ACK'd) [components/cla/posix/cla_csp.c:432]
[Sun Aug  2 19:03:31 2026] [INFO] CSP: RX COMPLETE - Got 191 bytes from csp:2:43 (all fragments ACK'd) [components/cla/posix/cla_csp.c:432]
[Sun Aug  2 19:03:31 2026] [INFO] CSP: RX COMPLETE - Got 191 bytes from csp:2:43 (all fragments ACK'd) [components/cla/posix/cla_csp.c:432]
[Sun Aug  2 19:03:32 2026] [INFO] CSP: RX COMPLETE - Got 191 bytes from csp:2:43 (all fragments ACK'd) [components/cla/posix/cla_csp.c:432]
[Sun Aug  2 19:03:32 2026] [INFO] CSP: RX COMPLETE - Got 191 bytes from csp:2:43 (all fragments ACK'd) [components/cla/posix/cla_csp.c:432]
[Sun Aug  2 19:03:32 2026] [INFO] CSP: RX COMPLETE - Got 191 bytes from csp:2:43 (all fragments ACK'd) [components/cla/posix/cla_csp.c:432]
[Sun Aug  2 19:03:32 2026] [INFO] CSP: RX loop iteration 2330, last_err=0 [components/cla/posix/cla_csp.c:405]
[Sun Aug  2 19:03:32 2026] [INFO] CSP: RX COMPLETE - Got 191 bytes from csp:2:43 (all fragments ACK'd) [components/cla/posix/cla_csp.c:432]
[Sun Aug  2 19:03:32 2026] [INFO] CSP: RX COMPLETE - Got 191 bytes from csp:2:43 (all fragments ACK'd) [components/cla/posix/cla_csp.c:432]
[Sun Aug  2 19:03:32 2026] [INFO] CSP: RX COMPLETE - Got 191 bytes from csp:2:43 (all fragments ACK'd) [components/cla/posix/cla_csp.c:432]
[Sun Aug  2 19:03:33 2026] [INFO] CSP: RX COMPLETE - Got 191 bytes from csp:2:43 (all fragments ACK'd) [components/cla/posix/cla_csp.c:432]
[Sun Aug  2 19:03:33 2026] [INFO] CSP: RX COMPLETE - Got 191 bytes from csp:2:43 (all fragments ACK'd) [components/cla/posix/cla_csp.c:432]
[Sun Aug  2 19:03:33 2026] [INFO] CSP: RX COMPLETE - Got 191 bytes from csp:2:43 (all fragments ACK'd) [components/cla/posix/cla_csp.c:432]
[Sun Aug  2 19:03:33 2026] [INFO] CSP: RX COMPLETE - Got 191 bytes from csp:2:43 (all fragments ACK'd) [components/cla/posix/cla_csp.c:432]
[Sun Aug  2 19:03:33 2026] [INFO] CSP: RX COMPLETE - Got 191 bytes from csp:2:43 (all fragments ACK'd) [components/cla/posix/cla_csp.c:432]
[Sun Aug  2 19:03:34 2026] [INFO] CSP: RX COMPLETE - Got 191 bytes from csp:2:43 (all fragments ACK'd) [components/cla/posix/cla_csp.c:432]
[Sun Aug  2 19:03:34 2026] [INFO] CSP: RX COMPLETE - Got 191 bytes from csp:2:43 (all fragments ACK'd) [components/cla/posix/cla_csp.c:432]
[Sun Aug  2 19:03:34 2026] [INFO] CSP: RX loop iteration 2340, last_err=0 [components/cla/posix/cla_csp.c:405]
[Sun Aug  2 19:03:34 2026] [INFO] CSP: RX COMPLETE - Got 191 bytes from csp:2:43 (all fragments ACK'd) [components/cla/posix/cla_csp.c:432]
[Sun Aug  2 19:03:34 2026] [INFO] CSP: RX COMPLETE - Got 191 bytes from csp:2:43 (all fragments ACK'd) [components/cla/posix/cla_csp.c:432]
[Sun Aug  2 19:03:34 2026] [INFO] CSP: RX COMPLETE - Got 191 bytes from csp:2:43 (all fragments ACK'd) [components/cla/posix/cla_csp.c:432]
[Sun Aug  2 19:03:34 2026] [INFO] CSP: RX COMPLETE - Got 191 bytes from csp:2:43 (all fragments ACK'd) [components/cla/posix/cla_csp.c:432]
[Sun Aug  2 19:03:34 2026] [INFO] CSP: RX COMPLETE - Got 191 bytes from csp:2:43 (all fragments ACK'd) [components/cla/posix/cla_csp.c:432]
[Sun Aug  2 19:03:35 2026] [INFO] CSP: RX COMPLETE - Got 191 bytes from csp:2:43 (all fragments ACK'd) [components/cla/posix/cla_csp.c:432]
[Sun Aug  2 19:03:35 2026] [INFO] CSP: RX COMPLETE - Got 191 bytes from csp:2:43 (all fragments ACK'd) [components/cla/posix/cla_csp.c:432]
[Sun Aug  2 19:03:35 2026] [INFO] CSP: RX COMPLETE - Got 191 bytes from csp:2:43 (all fragments ACK'd) [components/cla/posix/cla_csp.c:432]
[Sun Aug  2 19:03:35 2026] [INFO] CSP: RX COMPLETE - Got 191 bytes from csp:2:43 (all fragments ACK'd) [components/cla/posix/cla_csp.c:432]
[Sun Aug  2 19:03:35 2026] [INFO] CSP: RX COMPLETE - Got 191 bytes from csp:2:43 (all fragments ACK'd) [components/cla/posix/cla_csp.c:432]
[Sun Aug  2 19:03:35 2026] [INFO] CSP: RX loop iteration 2350, last_err=0 [components/cla/posix/cla_csp.c:405]
[Sun Aug  2 19:03:35 2026] [INFO] CSP: RX COMPLETE - Got 191 bytes from csp:2:43 (all fragments ACK'd) [components/cla/posix/cla_csp.c:432]
[Sun Aug  2 19:03:35 2026] [INFO] CSP: RX COMPLETE - Got 191 bytes from csp:2:43 (all fragments ACK'd) [components/cla/posix/cla_csp.c:432]
[Sun Aug  2 19:03:36 2026] [INFO] CSP: RX COMPLETE - Got 191 bytes from csp:2:43 (all fragments ACK'd) [components/cla/posix/cla_csp.c:432]
[Sun Aug  2 19:03:36 2026] [INFO] CSP: RX COMPLETE - Got 191 bytes from csp:2:43 (all fragments ACK'd) [components/cla/posix/cla_csp.c:432]
[Sun Aug  2 19:03:36 2026] [INFO] CSP: RX COMPLETE - Got 191 bytes from csp:2:43 (all fragments ACK'd) [components/cla/posix/cla_csp.c:432]
[Sun Aug  2 19:03:36 2026] [INFO] CSP: RX COMPLETE - Got 191 bytes from csp:2:43 (all fragments ACK'd) [components/cla/posix/cla_csp.c:432]
[Sun Aug  2 19:03:36 2026] [INFO] CSP: RX COMPLETE - Got 191 bytes from csp:2:43 (all fragments ACK'd) [components/cla/posix/cla_csp.c:432]
[Sun Aug  2 19:03:36 2026] [INFO] CSP: RX COMPLETE - Got 191 bytes from csp:2:43 (all fragments ACK'd) [components/cla/posix/cla_csp.c:432]
[Sun Aug  2 19:03:37 2026] [INFO] CSP: RX COMPLETE - Got 191 bytes from csp:2:43 (all fragments ACK'd) [components/cla/posix/cla_csp.c:432]
[Sun Aug  2 19:03:37 2026] [INFO] CSP: RX COMPLETE - Got 191 bytes from csp:2:43 (all fragments ACK'd) [components/cla/posix/cla_csp.c:432]
[Sun Aug  2 19:03:37 2026] [INFO] CSP: RX loop iteration 2360, last_err=0 [components/cla/posix/cla_csp.c:405]
[Sun Aug  2 19:03:37 2026] [INFO] CSP: RX COMPLETE - Got 191 bytes from csp:2:43 (all fragments ACK'd) [components/cla/posix/cla_csp.c:432]
[Sun Aug  2 19:03:37 2026] [INFO] CSP: RX COMPLETE - Got 191 bytes from csp:2:43 (all fragments ACK'd) [components/cla/posix/cla_csp.c:432]
[Sun Aug  2 19:03:37 2026] [INFO] CSP: RX COMPLETE - Got 191 bytes from csp:2:43 (all fragments ACK'd) [components/cla/posix/cla_csp.c:432]
[Sun Aug  2 19:03:37 2026] [INFO] CSP: RX COMPLETE - Got 191 bytes from csp:2:43 (all fragments ACK'd) [components/cla/posix/cla_csp.c:432]
[Sun Aug  2 19:03:38 2026] [INFO] CSP: RX COMPLETE - Got 191 bytes from csp:2:43 (all fragments ACK'd) [components/cla/posix/cla_csp.c:432]
[Sun Aug  2 19:03:38 2026] [INFO] CSP: RX COMPLETE - Got 191 bytes from csp:2:43 (all fragments ACK'd) [components/cla/posix/cla_csp.c:432]
[Sun Aug  2 19:03:38 2026] [INFO] CSP: RX COMPLETE - Got 191 bytes from csp:2:43 (all fragments ACK'd) [components/cla/posix/cla_csp.c:432]
[Sun Aug  2 19:03:38 2026] [INFO] CSP: RX COMPLETE - Got 191 bytes from csp:2:43 (all fragments ACK'd) [components/cla/posix/cla_csp.c:432]
[Sun Aug  2 19:03:38 2026] [INFO] CSP: RX COMPLETE - Got 191 bytes from csp:2:43 (all fragments ACK'd) [components/cla/posix/cla_csp.c:432]
[Sun Aug  2 19:03:38 2026] [INFO] CSP: RX COMPLETE - Got 191 bytes from csp:2:43 (all fragments ACK'd) [components/cla/posix/cla_csp.c:432]
[Sun Aug  2 19:03:38 2026] [INFO] CSP: RX loop iteration 2370, last_err=0 [components/cla/posix/cla_csp.c:405]
[Sun Aug  2 19:03:38 2026] [INFO] CSP: RX COMPLETE - Got 191 bytes from csp:2:43 (all fragments ACK'd) [components/cla/posix/cla_csp.c:432]
[Sun Aug  2 19:03:38 2026] [INFO] CSP: RX COMPLETE - Got 191 bytes from csp:2:43 (all fragments ACK'd) [components/cla/posix/cla_csp.c:432]
[Sun Aug  2 19:03:38 2026] [INFO] CSP: RX COMPLETE - Got 191 bytes from csp:2:43 (all fragments ACK'd) [components/cla/posix/cla_csp.c:432]
[Sun Aug  2 19:03:39 2026] [INFO] CSP: RX COMPLETE - Got 191 bytes from csp:2:43 (all fragments ACK'd) [components/cla/posix/cla_csp.c:432]
[Sun Aug  2 19:03:39 2026] [INFO] CSP: RX COMPLETE - Got 191 bytes from csp:2:43 (all fragments ACK'd) [components/cla/posix/cla_csp.c:432]
[Sun Aug  2 19:03:39 2026] [INFO] CSP: RX COMPLETE - Got 191 bytes from csp:2:43 (all fragments ACK'd) [components/cla/posix/cla_csp.c:432]
[Sun Aug  2 19:03:39 2026] [INFO] CSP: RX COMPLETE - Got 191 bytes from csp:2:43 (all fragments ACK'd) [components/cla/posix/cla_csp.c:432]
[Sun Aug  2 19:03:40 2026] [INFO] CSP: RX COMPLETE - Got 191 bytes from csp:2:43 (all fragments ACK'd) [components/cla/posix/cla_csp.c:432]
[Sun Aug  2 19:03:40 2026] [INFO] CSP: RX COMPLETE - Got 191 bytes from csp:2:43 (all fragments ACK'd) [components/cla/posix/cla_csp.c:432]
[Sun Aug  2 19:03:40 2026] [INFO] CSP: RX COMPLETE - Got 191 bytes from csp:2:43 (all fragments ACK'd) [components/cla/posix/cla_csp.c:432]
[Sun Aug  2 19:03:40 2026] [INFO] CSP: RX loop iteration 2380, last_err=0 [components/cla/posix/cla_csp.c:405]
[Sun Aug  2 19:03:40 2026] [INFO] CSP: RX COMPLETE - Got 191 bytes from csp:2:43 (all fragments ACK'd) [components/cla/posix/cla_csp.c:432]
[Sun Aug  2 19:03:40 2026] [INFO] CSP: RX COMPLETE - Got 191 bytes from csp:2:43 (all fragments ACK'd) [components/cla/posix/cla_csp.c:432]
[Sun Aug  2 19:03:40 2026] [INFO] CSP: RX COMPLETE - Got 191 bytes from csp:2:43 (all fragments ACK'd) [components/cla/posix/cla_csp.c:432]
[Sun Aug  2 19:03:41 2026] [INFO] CSP: RX COMPLETE - Got 191 bytes from csp:2:43 (all fragments ACK'd) [components/cla/posix/cla_csp.c:432]
[Sun Aug  2 19:03:41 2026] [INFO] CSP: RX COMPLETE - Got 191 bytes from csp:2:43 (all fragments ACK'd) [components/cla/posix/cla_csp.c:432]
[Sun Aug  2 19:03:41 2026] [INFO] CSP: RX COMPLETE - Got 191 bytes from csp:2:43 (all fragments ACK'd) [components/cla/posix/cla_csp.c:432]
[Sun Aug  2 19:03:41 2026] [INFO] CSP: RX COMPLETE - Got 191 bytes from csp:2:43 (all fragments ACK'd) [components/cla/posix/cla_csp.c:432]
[Sun Aug  2 19:03:41 2026] [INFO] CSP: RX COMPLETE - Got 191 bytes from csp:2:43 (all fragments ACK'd) [components/cla/posix/cla_csp.c:432]
[Sun Aug  2 19:03:41 2026] [INFO] CSP: RX COMPLETE - Got 191 bytes from csp:2:43 (all fragments ACK'd) [components/cla/posix/cla_csp.c:432]
[Sun Aug  2 19:03:41 2026] [INFO] CSP: RX COMPLETE - Got 191 bytes from csp:2:43 (all fragments ACK'd) [components/cla/posix/cla_csp.c:432]
[Sun Aug  2 19:03:41 2026] [INFO] CSP: RX loop iteration 2390, last_err=0 [components/cla/posix/cla_csp.c:405]
[Sun Aug  2 19:03:41 2026] [INFO] CSP: RX COMPLETE - Got 191 bytes from csp:2:43 (all fragments ACK'd) [components/cla/posix/cla_csp.c:432]
[Sun Aug  2 19:03:41 2026] [INFO] CSP: RX COMPLETE - Got 191 bytes from csp:2:43 (all fragments ACK'd) [components/cla/posix/cla_csp.c:432]
[Sun Aug  2 19:03:42 2026] [INFO] CSP: RX COMPLETE - Got 191 bytes from csp:2:43 (all fragments ACK'd) [components/cla/posix/cla_csp.c:432]
[Sun Aug  2 19:03:42 2026] [INFO] CSP: RX COMPLETE - Got 191 bytes from csp:2:43 (all fragments ACK'd) [components/cla/posix/cla_csp.c:432]
[Sun Aug  2 19:03:42 2026] [INFO] CSP: RX COMPLETE - Got 191 bytes from csp:2:43 (all fragments ACK'd) [components/cla/posix/cla_csp.c:432]
[Sun Aug  2 19:03:42 2026] [INFO] CSP: RX COMPLETE - Got 191 bytes from csp:2:43 (all fragments ACK'd) [components/cla/posix/cla_csp.c:432]
[Sun Aug  2 19:03:42 2026] [INFO] CSP: RX COMPLETE - Got 191 bytes from csp:2:43 (all fragments ACK'd) [components/cla/posix/cla_csp.c:432]
[Sun Aug  2 19:03:43 2026] [INFO] CSP: RX COMPLETE - Got 191 bytes from csp:2:43 (all fragments ACK'd) [components/cla/posix/cla_csp.c:432]
[Sun Aug  2 19:03:43 2026] [INFO] CSP: RX COMPLETE - Got 191 bytes from csp:2:43 (all fragments ACK'd) [components/cla/posix/cla_csp.c:432]
[Sun Aug  2 19:03:43 2026] [INFO] CSP: RX COMPLETE - Got 191 bytes from csp:2:43 (all fragments ACK'd) [components/cla/posix/cla_csp.c:432]
[Sun Aug  2 19:03:43 2026] [INFO] CSP: RX loop iteration 2400, last_err=0 [components/cla/posix/cla_csp.c:405]
[Sun Aug  2 19:03:43 2026] [INFO] CSP: RX COMPLETE - Got 191 bytes from csp:2:43 (all fragments ACK'd) [components/cla/posix/cla_csp.c:432]
[Sun Aug  2 19:03:43 2026] [INFO] CSP: RX COMPLETE - Got 191 bytes from csp:2:43 (all fragments ACK'd) [components/cla/posix/cla_csp.c:432]
[Sun Aug  2 19:03:43 2026] [INFO] CSP: RX COMPLETE - Got 191 bytes from csp:2:43 (all fragments ACK'd) [components/cla/posix/cla_csp.c:432]
[Sun Aug  2 19:03:44 2026] [INFO] CSP: RX COMPLETE - Got 191 bytes from csp:2:43 (all fragments ACK'd) [components/cla/posix/cla_csp.c:432]
[Sun Aug  2 19:03:44 2026] [INFO] CSP: RX COMPLETE - Got 191 bytes from csp:2:43 (all fragments ACK'd) [components/cla/posix/cla_csp.c:432]
[Sun Aug  2 19:03:44 2026] [INFO] CSP: RX COMPLETE - Got 191 bytes from csp:2:43 (all fragments ACK'd) [components/cla/posix/cla_csp.c:432]
[Sun Aug  2 19:03:44 2026] [INFO] CSP: RX COMPLETE - Got 191 bytes from csp:2:43 (all fragments ACK'd) [components/cla/posix/cla_csp.c:432]
[Sun Aug  2 19:03:44 2026] [INFO] CSP: RX COMPLETE - Got 191 bytes from csp:2:43 (all fragments ACK'd) [components/cla/posix/cla_csp.c:432]
[Sun Aug  2 19:03:44 2026] [INFO] CSP: RX COMPLETE - Got 191 bytes from csp:2:43 (all fragments ACK'd) [components/cla/posix/cla_csp.c:432]
[Sun Aug  2 19:03:44 2026] [INFO] CSP: RX COMPLETE - Got 191 bytes from csp:2:43 (all fragments ACK'd) [components/cla/posix/cla_csp.c:432]
[Sun Aug  2 19:03:44 2026] [INFO] CSP: RX loop iteration 2410, last_err=0 [components/cla/posix/cla_csp.c:405]
[Sun Aug  2 19:03:44 2026] [INFO] CSP: RX COMPLETE - Got 191 bytes from csp:2:43 (all fragments ACK'd) [components/cla/posix/cla_csp.c:432]
[Sun Aug  2 19:03:45 2026] [INFO] CSP: RX COMPLETE - Got 191 bytes from csp:2:43 (all fragments ACK'd) [components/cla/posix/cla_csp.c:432]
[Sun Aug  2 19:03:45 2026] [INFO] CSP: RX COMPLETE - Got 191 bytes from csp:2:43 (all fragments ACK'd) [components/cla/posix/cla_csp.c:432]
[Sun Aug  2 19:03:45 2026] [INFO] CSP: RX COMPLETE - Got 191 bytes from csp:2:43 (all fragments ACK'd) [components/cla/posix/cla_csp.c:432]
[Sun Aug  2 19:03:45 2026] [INFO] CSP: RX COMPLETE - Got 191 bytes from csp:2:43 (all fragments ACK'd) [components/cla/posix/cla_csp.c:432]
[Sun Aug  2 19:03:45 2026] [INFO] CSP: RX COMPLETE - Got 191 bytes from csp:2:43 (all fragments ACK'd) [components/cla/posix/cla_csp.c:432]
[Sun Aug  2 19:03:46 2026] [INFO] CSP: RX COMPLETE - Got 191 bytes from csp:2:43 (all fragments ACK'd) [components/cla/posix/cla_csp.c:432]
[Sun Aug  2 19:03:46 2026] [INFO] CSP: RX COMPLETE - Got 191 bytes from csp:2:43 (all fragments ACK'd) [components/cla/posix/cla_csp.c:432]
[Sun Aug  2 19:03:46 2026] [INFO] CSP: RX COMPLETE - Got 191 bytes from csp:2:43 (all fragments ACK'd) [components/cla/posix/cla_csp.c:432]
[Sun Aug  2 19:03:46 2026] [INFO] CSP: RX COMPLETE - Got 191 bytes from csp:2:43 (all fragments ACK'd) [components/cla/posix/cla_csp.c:432]
[Sun Aug  2 19:03:46 2026] [INFO] CSP: RX loop iteration 2420, last_err=0 [components/cla/posix/cla_csp.c:405]
[Sun Aug  2 19:03:46 2026] [INFO] CSP: RX COMPLETE - Got 191 bytes from csp:2:43 (all fragments ACK'd) [components/cla/posix/cla_csp.c:432]
[Sun Aug  2 19:03:46 2026] [INFO] CSP: RX COMPLETE - Got 191 bytes from csp:2:43 (all fragments ACK'd) [components/cla/posix/cla_csp.c:432]
[Sun Aug  2 19:03:46 2026] [INFO] CSP: RX COMPLETE - Got 191 bytes from csp:2:43 (all fragments ACK'd) [components/cla/posix/cla_csp.c:432]
[Sun Aug  2 19:03:47 2026] [INFO] CSP: RX COMPLETE - Got 191 bytes from csp:2:43 (all fragments ACK'd) [components/cla/posix/cla_csp.c:432]
[Sun Aug  2 19:03:47 2026] [INFO] CSP: RX COMPLETE - Got 191 bytes from csp:2:43 (all fragments ACK'd) [components/cla/posix/cla_csp.c:432]
[Sun Aug  2 19:03:47 2026] [INFO] CSP: RX COMPLETE - Got 191 bytes from csp:2:43 (all fragments ACK'd) [components/cla/posix/cla_csp.c:432]
[Sun Aug  2 19:03:47 2026] [INFO] CSP: RX COMPLETE - Got 191 bytes from csp:2:43 (all fragments ACK'd) [components/cla/posix/cla_csp.c:432]
[Sun Aug  2 19:03:47 2026] [INFO] CSP: RX COMPLETE - Got 191 bytes from csp:2:43 (all fragments ACK'd) [components/cla/posix/cla_csp.c:432]
[Sun Aug  2 19:03:47 2026] [INFO] CSP: RX COMPLETE - Got 191 bytes from csp:2:43 (all fragments ACK'd) [components/cla/posix/cla_csp.c:432]
[Sun Aug  2 19:03:48 2026] [INFO] CSP: RX COMPLETE - Got 191 bytes from csp:2:43 (all fragments ACK'd) [components/cla/posix/cla_csp.c:432]
[Sun Aug  2 19:03:48 2026] [INFO] CSP: RX loop iteration 2430, last_err=0 [components/cla/posix/cla_csp.c:405]
[Sun Aug  2 19:03:48 2026] [INFO] CSP: RX COMPLETE - Got 191 bytes from csp:2:43 (all fragments ACK'd) [components/cla/posix/cla_csp.c:432]
[Sun Aug  2 19:03:48 2026] [INFO] CSP: RX COMPLETE - Got 191 bytes from csp:2:43 (all fragments ACK'd) [components/cla/posix/cla_csp.c:432]
[Sun Aug  2 19:03:48 2026] [INFO] CSP: RX COMPLETE - Got 191 bytes from csp:2:43 (all fragments ACK'd) [components/cla/posix/cla_csp.c:432]
[Sun Aug  2 19:03:48 2026] [INFO] CSP: RX COMPLETE - Got 191 bytes from csp:2:43 (all fragments ACK'd) [components/cla/posix/cla_csp.c:432]
[Sun Aug  2 19:03:48 2026] [INFO] CSP: RX COMPLETE - Got 191 bytes from csp:2:43 (all fragments ACK'd) [components/cla/posix/cla_csp.c:432]
[Sun Aug  2 19:03:49 2026] [INFO] CSP: RX COMPLETE - Got 191 bytes from csp:2:43 (all fragments ACK'd) [components/cla/posix/cla_csp.c:432]
[Sun Aug  2 19:03:49 2026] [INFO] CSP: RX COMPLETE - Got 191 bytes from csp:2:43 (all fragments ACK'd) [components/cla/posix/cla_csp.c:432]
[Sun Aug  2 19:03:49 2026] [INFO] CSP: RX COMPLETE - Got 191 bytes from csp:2:43 (all fragments ACK'd) [components/cla/posix/cla_csp.c:432]
[Sun Aug  2 19:03:49 2026] [INFO] CSP: RX COMPLETE - Got 191 bytes from csp:2:43 (all fragments ACK'd) [components/cla/posix/cla_csp.c:432]
[Sun Aug  2 19:03:49 2026] [INFO] CSP: RX COMPLETE - Got 191 bytes from csp:2:43 (all fragments ACK'd) [components/cla/posix/cla_csp.c:432]
[Sun Aug  2 19:03:49 2026] [INFO] CSP: RX loop iteration 2440, last_err=0 [components/cla/posix/cla_csp.c:405]
[Sun Aug  2 19:03:49 2026] [INFO] CSP: RX COMPLETE - Got 191 bytes from csp:2:43 (all fragments ACK'd) [components/cla/posix/cla_csp.c:432]
[Sun Aug  2 19:03:49 2026] [INFO] CSP: RX COMPLETE - Got 191 bytes from csp:2:43 (all fragments ACK'd) [components/cla/posix/cla_csp.c:432]
[Sun Aug  2 19:03:49 2026] [INFO] CSP: RX COMPLETE - Got 191 bytes from csp:2:43 (all fragments ACK'd) [components/cla/posix/cla_csp.c:432]
[Sun Aug  2 19:03:50 2026] [INFO] CSP: RX COMPLETE - Got 191 bytes from csp:2:43 (all fragments ACK'd) [components/cla/posix/cla_csp.c:432]
[Sun Aug  2 19:03:50 2026] [INFO] CSP: RX COMPLETE - Got 191 bytes from csp:2:43 (all fragments ACK'd) [components/cla/posix/cla_csp.c:432]
[Sun Aug  2 19:03:50 2026] [INFO] CSP: RX COMPLETE - Got 191 bytes from csp:2:43 (all fragments ACK'd) [components/cla/posix/cla_csp.c:432]
[Sun Aug  2 19:03:50 2026] [INFO] CSP: RX COMPLETE - Got 191 bytes from csp:2:43 (all fragments ACK'd) [components/cla/posix/cla_csp.c:432]
[Sun Aug  2 19:03:50 2026] [INFO] CSP: RX COMPLETE - Got 191 bytes from csp:2:43 (all fragments ACK'd) [components/cla/posix/cla_csp.c:432]
[Sun Aug  2 19:03:50 2026] [INFO] CSP: RX COMPLETE - Got 191 bytes from csp:2:43 (all fragments ACK'd) [components/cla/posix/cla_csp.c:432]
[Sun Aug  2 19:03:51 2026] [INFO] CSP: RX COMPLETE - Got 191 bytes from csp:2:43 (all fragments ACK'd) [components/cla/posix/cla_csp.c:432]
[Sun Aug  2 19:03:51 2026] [INFO] CSP: RX loop iteration 2450, last_err=0 [components/cla/posix/cla_csp.c:405]
[Sun Aug  2 19:03:51 2026] [INFO] CSP: RX COMPLETE - Got 191 bytes from csp:2:43 (all fragments ACK'd) [components/cla/posix/cla_csp.c:432]
[Sun Aug  2 19:03:51 2026] [INFO] CSP: RX COMPLETE - Got 191 bytes from csp:2:43 (all fragments ACK'd) [components/cla/posix/cla_csp.c:432]
[Sun Aug  2 19:03:51 2026] [INFO] CSP: RX COMPLETE - Got 191 bytes from csp:2:43 (all fragments ACK'd) [components/cla/posix/cla_csp.c:432]
[Sun Aug  2 19:03:51 2026] [INFO] CSP: RX COMPLETE - Got 191 bytes from csp:2:43 (all fragments ACK'd) [components/cla/posix/cla_csp.c:432]
[Sun Aug  2 19:03:51 2026] [INFO] CSP: RX COMPLETE - Got 191 bytes from csp:2:43 (all fragments ACK'd) [components/cla/posix/cla_csp.c:432]
[Sun Aug  2 19:03:52 2026] [INFO] CSP: RX COMPLETE - Got 191 bytes from csp:2:43 (all fragments ACK'd) [components/cla/posix/cla_csp.c:432]
[Sun Aug  2 19:03:52 2026] [INFO] CSP: RX COMPLETE - Got 191 bytes from csp:2:43 (all fragments ACK'd) [components/cla/posix/cla_csp.c:432]
[Sun Aug  2 19:03:52 2026] [INFO] CSP: RX COMPLETE - Got 191 bytes from csp:2:43 (all fragments ACK'd) [components/cla/posix/cla_csp.c:432]
[Sun Aug  2 19:03:52 2026] [INFO] CSP: RX COMPLETE - Got 191 bytes from csp:2:43 (all fragments ACK'd) [components/cla/posix/cla_csp.c:432]
[Sun Aug  2 19:03:52 2026] [INFO] CSP: RX COMPLETE - Got 191 bytes from csp:2:43 (all fragments ACK'd) [components/cla/posix/cla_csp.c:432]
[Sun Aug  2 19:03:52 2026] [INFO] CSP: RX loop iteration 2460, last_err=0 [components/cla/posix/cla_csp.c:405]
[Sun Aug  2 19:03:52 2026] [INFO] CSP: RX COMPLETE - Got 191 bytes from csp:2:43 (all fragments ACK'd) [components/cla/posix/cla_csp.c:432]
[Sun Aug  2 19:03:52 2026] [INFO] CSP: RX COMPLETE - Got 191 bytes from csp:2:43 (all fragments ACK'd) [components/cla/posix/cla_csp.c:432]
[Sun Aug  2 19:03:52 2026] [INFO] CSP: RX COMPLETE - Got 191 bytes from csp:2:43 (all fragments ACK'd) [components/cla/posix/cla_csp.c:432]
[Sun Aug  2 19:03:53 2026] [INFO] CSP: RX COMPLETE - Got 191 bytes from csp:2:43 (all fragments ACK'd) [components/cla/posix/cla_csp.c:432]
[Sun Aug  2 19:03:53 2026] [INFO] CSP: RX COMPLETE - Got 191 bytes from csp:2:43 (all fragments ACK'd) [components/cla/posix/cla_csp.c:432]
[Sun Aug  2 19:03:53 2026] [INFO] CSP: RX COMPLETE - Got 191 bytes from csp:2:43 (all fragments ACK'd) [components/cla/posix/cla_csp.c:432]
[Sun Aug  2 19:03:53 2026] [INFO] CSP: RX COMPLETE - Got 191 bytes from csp:2:43 (all fragments ACK'd) [components/cla/posix/cla_csp.c:432]
[Sun Aug  2 19:03:53 2026] [INFO] CSP: RX COMPLETE - Got 191 bytes from csp:2:43 (all fragments ACK'd) [components/cla/posix/cla_csp.c:432]
[Sun Aug  2 19:03:54 2026] [INFO] CSP: RX COMPLETE - Got 191 bytes from csp:2:43 (all fragments ACK'd) [components/cla/posix/cla_csp.c:432]
[Sun Aug  2 19:03:54 2026] [INFO] CSP: RX COMPLETE - Got 191 bytes from csp:2:43 (all fragments ACK'd) [components/cla/posix/cla_csp.c:432]
[Sun Aug  2 19:03:54 2026] [INFO] CSP: RX loop iteration 2470, last_err=0 [components/cla/posix/cla_csp.c:405]
[Sun Aug  2 19:03:54 2026] [INFO] CSP: RX COMPLETE - Got 191 bytes from csp:2:43 (all fragments ACK'd) [components/cla/posix/cla_csp.c:432]
[Sun Aug  2 19:03:54 2026] [INFO] CSP: RX COMPLETE - Got 191 bytes from csp:2:43 (all fragments ACK'd) [components/cla/posix/cla_csp.c:432]
[Sun Aug  2 19:03:54 2026] [INFO] CSP: RX COMPLETE - Got 191 bytes from csp:2:43 (all fragments ACK'd) [components/cla/posix/cla_csp.c:432]
[Sun Aug  2 19:03:54 2026] [INFO] CSP: RX COMPLETE - Got 191 bytes from csp:2:43 (all fragments ACK'd) [components/cla/posix/cla_csp.c:432]
[Sun Aug  2 19:03:54 2026] [INFO] CSP: RX COMPLETE - Got 191 bytes from csp:2:43 (all fragments ACK'd) [components/cla/posix/cla_csp.c:432]
[Sun Aug  2 19:03:55 2026] [INFO] CSP: RX COMPLETE - Got 191 bytes from csp:2:43 (all fragments ACK'd) [components/cla/posix/cla_csp.c:432]
[Sun Aug  2 19:03:55 2026] [INFO] CSP: RX COMPLETE - Got 191 bytes from csp:2:43 (all fragments ACK'd) [components/cla/posix/cla_csp.c:432]
[Sun Aug  2 19:03:55 2026] [INFO] CSP: RX COMPLETE - Got 191 bytes from csp:2:43 (all fragments ACK'd) [components/cla/posix/cla_csp.c:432]
[Sun Aug  2 19:03:55 2026] [INFO] CSP: RX COMPLETE - Got 191 bytes from csp:2:43 (all fragments ACK'd) [components/cla/posix/cla_csp.c:432]
[Sun Aug  2 19:03:55 2026] [INFO] CSP: RX COMPLETE - Got 191 bytes from csp:2:43 (all fragments ACK'd) [components/cla/posix/cla_csp.c:432]
[Sun Aug  2 19:03:55 2026] [INFO] CSP: RX loop iteration 2480, last_err=0 [components/cla/posix/cla_csp.c:405]
[Sun Aug  2 19:03:55 2026] [INFO] CSP: RX COMPLETE - Got 191 bytes from csp:2:43 (all fragments ACK'd) [components/cla/posix/cla_csp.c:432]
[Sun Aug  2 19:03:56 2026] [INFO] CSP: RX COMPLETE - Got 191 bytes from csp:2:43 (all fragments ACK'd) [components/cla/posix/cla_csp.c:432]
[Sun Aug  2 19:03:56 2026] [INFO] CSP: RX COMPLETE - Got 191 bytes from csp:2:43 (all fragments ACK'd) [components/cla/posix/cla_csp.c:432]
[Sun Aug  2 19:03:56 2026] [INFO] CSP: RX COMPLETE - Got 191 bytes from csp:2:43 (all fragments ACK'd) [components/cla/posix/cla_csp.c:432]
[Sun Aug  2 19:03:56 2026] [INFO] CSP: RX COMPLETE - Got 191 bytes from csp:2:43 (all fragments ACK'd) [components/cla/posix/cla_csp.c:432]
[Sun Aug  2 19:03:56 2026] [INFO] CSP: RX COMPLETE - Got 191 bytes from csp:2:43 (all fragments ACK'd) [components/cla/posix/cla_csp.c:432]
[Sun Aug  2 19:03:56 2026] [INFO] CSP: RX COMPLETE - Got 191 bytes from csp:2:43 (all fragments ACK'd) [components/cla/posix/cla_csp.c:432]
[Sun Aug  2 19:03:57 2026] [INFO] CSP: RX COMPLETE - Got 191 bytes from csp:2:43 (all fragments ACK'd) [components/cla/posix/cla_csp.c:432]
[Sun Aug  2 19:03:57 2026] [INFO] CSP: RX COMPLETE - Got 191 bytes from csp:2:43 (all fragments ACK'd) [components/cla/posix/cla_csp.c:432]
[Sun Aug  2 19:03:57 2026] [INFO] CSP: RX COMPLETE - Got 191 bytes from csp:2:43 (all fragments ACK'd) [components/cla/posix/cla_csp.c:432]
[Sun Aug  2 19:03:57 2026] [INFO] CSP: RX loop iteration 2490, last_err=0 [components/cla/posix/cla_csp.c:405]
[Sun Aug  2 19:03:57 2026] [INFO] CSP: RX COMPLETE - Got 191 bytes from csp:2:43 (all fragments ACK'd) [components/cla/posix/cla_csp.c:432]
[Sun Aug  2 19:03:57 2026] [INFO] CSP: RX COMPLETE - Got 191 bytes from csp:2:43 (all fragments ACK'd) [components/cla/posix/cla_csp.c:432]
[Sun Aug  2 19:03:57 2026] [INFO] CSP: RX COMPLETE - Got 191 bytes from csp:2:43 (all fragments ACK'd) [components/cla/posix/cla_csp.c:432]
[Sun Aug  2 19:03:57 2026] [INFO] CSP: RX COMPLETE - Got 191 bytes from csp:2:43 (all fragments ACK'd) [components/cla/posix/cla_csp.c:432]
[Sun Aug  2 19:03:58 2026] [INFO] CSP: RX COMPLETE - Got 191 bytes from csp:2:43 (all fragments ACK'd) [components/cla/posix/cla_csp.c:432]
[Sun Aug  2 19:03:58 2026] [INFO] CSP: RX COMPLETE - Got 191 bytes from csp:2:43 (all fragments ACK'd) [components/cla/posix/cla_csp.c:432]
[Sun Aug  2 19:03:58 2026] [INFO] CSP: RX COMPLETE - Got 191 bytes from csp:2:43 (all fragments ACK'd) [components/cla/posix/cla_csp.c:432]
[Sun Aug  2 19:03:58 2026] [INFO] CSP: RX COMPLETE - Got 191 bytes from csp:2:43 (all fragments ACK'd) [components/cla/posix/cla_csp.c:432]
[Sun Aug  2 19:03:58 2026] [INFO] CSP: RX COMPLETE - Got 191 bytes from csp:2:43 (all fragments ACK'd) [components/cla/posix/cla_csp.c:432]
[Sun Aug  2 19:03:58 2026] [INFO] CSP: RX COMPLETE - Got 191 bytes from csp:2:43 (all fragments ACK'd) [components/cla/posix/cla_csp.c:432]
[Sun Aug  2 19:03:58 2026] [INFO] CSP: RX loop iteration 2500, last_err=0 [components/cla/posix/cla_csp.c:405]
[Sun Aug  2 19:03:58 2026] [INFO] CSP: RX COMPLETE - Got 191 bytes from csp:2:43 (all fragments ACK'd) [components/cla/posix/cla_csp.c:432]
[Sun Aug  2 19:03:59 2026] [INFO] CSP: RX COMPLETE - Got 191 bytes from csp:2:43 (all fragments ACK'd) [components/cla/posix/cla_csp.c:432]
[Sun Aug  2 19:03:59 2026] [INFO] CSP: RX COMPLETE - Got 191 bytes from csp:2:43 (all fragments ACK'd) [components/cla/posix/cla_csp.c:432]
[Sun Aug  2 19:03:59 2026] [INFO] CSP: RX COMPLETE - Got 191 bytes from csp:2:43 (all fragments ACK'd) [components/cla/posix/cla_csp.c:432]
[Sun Aug  2 19:03:59 2026] [INFO] CSP: RX COMPLETE - Got 191 bytes from csp:2:43 (all fragments ACK'd) [components/cla/posix/cla_csp.c:432]
[Sun Aug  2 19:03:59 2026] [INFO] CSP: RX COMPLETE - Got 191 bytes from csp:2:43 (all fragments ACK'd) [components/cla/posix/cla_csp.c:432]
[Sun Aug  2 19:04:00 2026] [INFO] CSP: RX COMPLETE - Got 191 bytes from csp:2:43 (all fragments ACK'd) [components/cla/posix/cla_csp.c:432]
[Sun Aug  2 19:04:00 2026] [INFO] CSP: RX COMPLETE - Got 191 bytes from csp:2:43 (all fragments ACK'd) [components/cla/posix/cla_csp.c:432]
[Sun Aug  2 19:04:00 2026] [INFO] CSP: RX COMPLETE - Got 191 bytes from csp:2:43 (all fragments ACK'd) [components/cla/posix/cla_csp.c:432]
[Sun Aug  2 19:04:00 2026] [INFO] CSP: RX COMPLETE - Got 191 bytes from csp:2:43 (all fragments ACK'd) [components/cla/posix/cla_csp.c:432]
[Sun Aug  2 19:04:00 2026] [INFO] CSP: RX loop iteration 2510, last_err=0 [components/cla/posix/cla_csp.c:405]
[Sun Aug  2 19:04:00 2026] [INFO] CSP: RX COMPLETE - Got 191 bytes from csp:2:43 (all fragments ACK'd) [components/cla/posix/cla_csp.c:432]
[Sun Aug  2 19:04:00 2026] [INFO] CSP: RX COMPLETE - Got 191 bytes from csp:2:43 (all fragments ACK'd) [components/cla/posix/cla_csp.c:432]
[Sun Aug  2 19:04:00 2026] [INFO] CSP: RX COMPLETE - Got 191 bytes from csp:2:43 (all fragments ACK'd) [components/cla/posix/cla_csp.c:432]
[Sun Aug  2 19:04:01 2026] [INFO] CSP: RX COMPLETE - Got 191 bytes from csp:2:43 (all fragments ACK'd) [components/cla/posix/cla_csp.c:432]
[Sun Aug  2 19:04:01 2026] [INFO] CSP: RX COMPLETE - Got 191 bytes from csp:2:43 (all fragments ACK'd) [components/cla/posix/cla_csp.c:432]
[Sun Aug  2 19:04:01 2026] [INFO] CSP: RX COMPLETE - Got 191 bytes from csp:2:43 (all fragments ACK'd) [components/cla/posix/cla_csp.c:432]
[Sun Aug  2 19:04:01 2026] [INFO] CSP: RX COMPLETE - Got 191 bytes from csp:2:43 (all fragments ACK'd) [components/cla/posix/cla_csp.c:432]
[Sun Aug  2 19:04:01 2026] [INFO] CSP: RX COMPLETE - Got 191 bytes from csp:2:43 (all fragments ACK'd) [components/cla/posix/cla_csp.c:432]
[Sun Aug  2 19:04:01 2026] [INFO] CSP: RX COMPLETE - Got 191 bytes from csp:2:43 (all fragments ACK'd) [components/cla/posix/cla_csp.c:432]
[Sun Aug  2 19:04:01 2026] [INFO] CSP: RX COMPLETE - Got 191 bytes from csp:2:43 (all fragments ACK'd) [components/cla/posix/cla_csp.c:432]
[Sun Aug  2 19:04:02 2026] [INFO] CSP: RX loop iteration 2520, last_err=0 [components/cla/posix/cla_csp.c:405]
[Sun Aug  2 19:04:02 2026] [INFO] CSP: RX COMPLETE - Got 191 bytes from csp:2:43 (all fragments ACK'd) [components/cla/posix/cla_csp.c:432]
[Sun Aug  2 19:04:02 2026] [INFO] CSP: RX COMPLETE - Got 191 bytes from csp:2:43 (all fragments ACK'd) [components/cla/posix/cla_csp.c:432]
[Sun Aug  2 19:04:02 2026] [INFO] CSP: RX COMPLETE - Got 191 bytes from csp:2:43 (all fragments ACK'd) [components/cla/posix/cla_csp.c:432]
[Sun Aug  2 19:04:02 2026] [INFO] CSP: RX COMPLETE - Got 191 bytes from csp:2:43 (all fragments ACK'd) [components/cla/posix/cla_csp.c:432]
[Sun Aug  2 19:04:02 2026] [INFO] CSP: RX COMPLETE - Got 191 bytes from csp:2:43 (all fragments ACK'd) [components/cla/posix/cla_csp.c:432]
[Sun Aug  2 19:04:03 2026] [INFO] CSP: RX COMPLETE - Got 191 bytes from csp:2:43 (all fragments ACK'd) [components/cla/posix/cla_csp.c:432]
[Sun Aug  2 19:04:03 2026] [INFO] CSP: RX COMPLETE - Got 191 bytes from csp:2:43 (all fragments ACK'd) [components/cla/posix/cla_csp.c:432]
[Sun Aug  2 19:04:03 2026] [INFO] CSP: RX COMPLETE - Got 191 bytes from csp:2:43 (all fragments ACK'd) [components/cla/posix/cla_csp.c:432]
[Sun Aug  2 19:04:03 2026] [INFO] CSP: RX COMPLETE - Got 191 bytes from csp:2:43 (all fragments ACK'd) [components/cla/posix/cla_csp.c:432]
[Sun Aug  2 19:04:03 2026] [INFO] CSP: RX COMPLETE - Got 191 bytes from csp:2:43 (all fragments ACK'd) [components/cla/posix/cla_csp.c:432]
[Sun Aug  2 19:04:03 2026] [INFO] CSP: RX loop iteration 2530, last_err=0 [components/cla/posix/cla_csp.c:405]
[Sun Aug  2 19:04:03 2026] [INFO] CSP: RX COMPLETE - Got 191 bytes from csp:2:43 (all fragments ACK'd) [components/cla/posix/cla_csp.c:432]
[Sun Aug  2 19:04:03 2026] [INFO] CSP: RX COMPLETE - Got 191 bytes from csp:2:43 (all fragments ACK'd) [components/cla/posix/cla_csp.c:432]
[Sun Aug  2 19:04:04 2026] [INFO] CSP: RX COMPLETE - Got 191 bytes from csp:2:43 (all fragments ACK'd) [components/cla/posix/cla_csp.c:432]
[Sun Aug  2 19:04:04 2026] [INFO] CSP: RX COMPLETE - Got 191 bytes from csp:2:43 (all fragments ACK'd) [components/cla/posix/cla_csp.c:432]
[Sun Aug  2 19:04:04 2026] [INFO] CSP: RX COMPLETE - Got 191 bytes from csp:2:43 (all fragments ACK'd) [components/cla/posix/cla_csp.c:432]
[Sun Aug  2 19:04:04 2026] [INFO] CSP: RX COMPLETE - Got 191 bytes from csp:2:43 (all fragments ACK'd) [components/cla/posix/cla_csp.c:432]
[Sun Aug  2 19:04:04 2026] [INFO] CSP: RX COMPLETE - Got 191 bytes from csp:2:43 (all fragments ACK'd) [components/cla/posix/cla_csp.c:432]
[Sun Aug  2 19:04:04 2026] [INFO] CSP: RX COMPLETE - Got 191 bytes from csp:2:43 (all fragments ACK'd) [components/cla/posix/cla_csp.c:432]
[Sun Aug  2 19:04:04 2026] [INFO] CSP: RX COMPLETE - Got 191 bytes from csp:2:43 (all fragments ACK'd) [components/cla/posix/cla_csp.c:432]
[Sun Aug  2 19:04:04 2026] [INFO] CSP: RX COMPLETE - Got 191 bytes from csp:2:43 (all fragments ACK'd) [components/cla/posix/cla_csp.c:432]
[Sun Aug  2 19:04:05 2026] [INFO] CSP: RX loop iteration 2540, last_err=0 [components/cla/posix/cla_csp.c:405]
[Sun Aug  2 19:04:05 2026] [INFO] CSP: RX COMPLETE - Got 191 bytes from csp:2:43 (all fragments ACK'd) [components/cla/posix/cla_csp.c:432]
[Sun Aug  2 19:04:05 2026] [INFO] CSP: RX COMPLETE - Got 191 bytes from csp:2:43 (all fragments ACK'd) [components/cla/posix/cla_csp.c:432]
[Sun Aug  2 19:04:05 2026] [INFO] CSP: RX COMPLETE - Got 191 bytes from csp:2:43 (all fragments ACK'd) [components/cla/posix/cla_csp.c:432]
[Sun Aug  2 19:04:05 2026] [INFO] CSP: RX COMPLETE - Got 191 bytes from csp:2:43 (all fragments ACK'd) [components/cla/posix/cla_csp.c:432]
[Sun Aug  2 19:04:05 2026] [INFO] CSP: RX COMPLETE - Got 191 bytes from csp:2:43 (all fragments ACK'd) [components/cla/posix/cla_csp.c:432]
[Sun Aug  2 19:04:05 2026] [INFO] CSP: RX COMPLETE - Got 191 bytes from csp:2:43 (all fragments ACK'd) [components/cla/posix/cla_csp.c:432]
[Sun Aug  2 19:04:06 2026] [INFO] CSP: RX COMPLETE - Got 191 bytes from csp:2:43 (all fragments ACK'd) [components/cla/posix/cla_csp.c:432]
[Sun Aug  2 19:04:06 2026] [INFO] CSP: RX COMPLETE - Got 191 bytes from csp:2:43 (all fragments ACK'd) [components/cla/posix/cla_csp.c:432]
[Sun Aug  2 19:04:06 2026] [INFO] CSP: RX COMPLETE - Got 191 bytes from csp:2:43 (all fragments ACK'd) [components/cla/posix/cla_csp.c:432]
[Sun Aug  2 19:04:06 2026] [INFO] CSP: RX COMPLETE - Got 191 bytes from csp:2:43 (all fragments ACK'd) [components/cla/posix/cla_csp.c:432]
[Sun Aug  2 19:04:06 2026] [INFO] CSP: RX loop iteration 2550, last_err=0 [components/cla/posix/cla_csp.c:405]
[Sun Aug  2 19:04:06 2026] [INFO] CSP: RX COMPLETE - Got 191 bytes from csp:2:43 (all fragments ACK'd) [components/cla/posix/cla_csp.c:432]
[Sun Aug  2 19:04:06 2026] [INFO] CSP: RX COMPLETE - Got 191 bytes from csp:2:43 (all fragments ACK'd) [components/cla/posix/cla_csp.c:432]
[Sun Aug  2 19:04:06 2026] [INFO] CSP: RX COMPLETE - Got 191 bytes from csp:2:43 (all fragments ACK'd) [components/cla/posix/cla_csp.c:432]
[Sun Aug  2 19:04:07 2026] [INFO] CSP: RX COMPLETE - Got 191 bytes from csp:2:43 (all fragments ACK'd) [components/cla/posix/cla_csp.c:432]
[Sun Aug  2 19:04:07 2026] [INFO] CSP: RX COMPLETE - Got 191 bytes from csp:2:43 (all fragments ACK'd) [components/cla/posix/cla_csp.c:432]
[Sun Aug  2 19:04:07 2026] [INFO] CSP: RX COMPLETE - Got 191 bytes from csp:2:43 (all fragments ACK'd) [components/cla/posix/cla_csp.c:432]
[Sun Aug  2 19:04:07 2026] [INFO] CSP: RX COMPLETE - Got 191 bytes from csp:2:43 (all fragments ACK'd) [components/cla/posix/cla_csp.c:432]
[Sun Aug  2 19:04:07 2026] [INFO] CSP: RX COMPLETE - Got 191 bytes from csp:2:43 (all fragments ACK'd) [components/cla/posix/cla_csp.c:432]
[Sun Aug  2 19:04:07 2026] [INFO] CSP: RX COMPLETE - Got 191 bytes from csp:2:43 (all fragments ACK'd) [components/cla/posix/cla_csp.c:432]
[Sun Aug  2 19:04:08 2026] [INFO] CSP: RX COMPLETE - Got 191 bytes from csp:2:43 (all fragments ACK'd) [components/cla/posix/cla_csp.c:432]
[Sun Aug  2 19:04:08 2026] [INFO] CSP: RX loop iteration 2560, last_err=0 [components/cla/posix/cla_csp.c:405]
[Sun Aug  2 19:04:08 2026] [INFO] CSP: RX COMPLETE - Got 191 bytes from csp:2:43 (all fragments ACK'd) [components/cla/posix/cla_csp.c:432]
[Sun Aug  2 19:04:08 2026] [INFO] CSP: RX COMPLETE - Got 191 bytes from csp:2:43 (all fragments ACK'd) [components/cla/posix/cla_csp.c:432]
[Sun Aug  2 19:04:08 2026] [INFO] CSP: RX COMPLETE - Got 191 bytes from csp:2:43 (all fragments ACK'd) [components/cla/posix/cla_csp.c:432]
[Sun Aug  2 19:04:09 2026] [INFO] CSP: RX COMPLETE - Got 191 bytes from csp:2:43 (all fragments ACK'd) [components/cla/posix/cla_csp.c:432]
[Sun Aug  2 19:04:09 2026] [INFO] CSP: RX COMPLETE - Got 191 bytes from csp:2:43 (all fragments ACK'd) [components/cla/posix/cla_csp.c:432]
[Sun Aug  2 19:04:09 2026] [INFO] CSP: RX COMPLETE - Got 191 bytes from csp:2:43 (all fragments ACK'd) [components/cla/posix/cla_csp.c:432]
[Sun Aug  2 19:04:09 2026] [INFO] CSP: RX COMPLETE - Got 191 bytes from csp:2:43 (all fragments ACK'd) [components/cla/posix/cla_csp.c:432]
[Sun Aug  2 19:04:09 2026] [INFO] CSP: RX COMPLETE - Got 191 bytes from csp:2:43 (all fragments ACK'd) [components/cla/posix/cla_csp.c:432]
[Sun Aug  2 19:04:09 2026] [INFO] CSP: RX COMPLETE - Got 191 bytes from csp:2:43 (all fragments ACK'd) [components/cla/posix/cla_csp.c:432]
[Sun Aug  2 19:04:09 2026] [INFO] CSP: RX COMPLETE - Got 191 bytes from csp:2:43 (all fragments ACK'd) [components/cla/posix/cla_csp.c:432]
[Sun Aug  2 19:04:09 2026] [INFO] CSP: RX loop iteration 2570, last_err=0 [components/cla/posix/cla_csp.c:405]
[Sun Aug  2 19:04:09 2026] [INFO] CSP: RX COMPLETE - Got 191 bytes from csp:2:43 (all fragments ACK'd) [components/cla/posix/cla_csp.c:432]
[Sun Aug  2 19:04:09 2026] [INFO] CSP: RX COMPLETE - Got 191 bytes from csp:2:43 (all fragments ACK'd) [components/cla/posix/cla_csp.c:432]
[Sun Aug  2 19:04:10 2026] [INFO] CSP: RX COMPLETE - Got 191 bytes from csp:2:43 (all fragments ACK'd) [components/cla/posix/cla_csp.c:432]
[Sun Aug  2 19:04:10 2026] [INFO] CSP: RX COMPLETE - Got 191 bytes from csp:2:43 (all fragments ACK'd) [components/cla/posix/cla_csp.c:432]
[Sun Aug  2 19:04:10 2026] [INFO] CSP: RX COMPLETE - Got 191 bytes from csp:2:43 (all fragments ACK'd) [components/cla/posix/cla_csp.c:432]
[Sun Aug  2 19:04:10 2026] [INFO] CSP: RX COMPLETE - Got 191 bytes from csp:2:43 (all fragments ACK'd) [components/cla/posix/cla_csp.c:432]
[Sun Aug  2 19:04:10 2026] [INFO] CSP: RX COMPLETE - Got 191 bytes from csp:2:43 (all fragments ACK'd) [components/cla/posix/cla_csp.c:432]
[Sun Aug  2 19:04:10 2026] [INFO] CSP: RX COMPLETE - Got 191 bytes from csp:2:43 (all fragments ACK'd) [components/cla/posix/cla_csp.c:432]
[Sun Aug  2 19:04:11 2026] [INFO] CSP: RX COMPLETE - Got 191 bytes from csp:2:43 (all fragments ACK'd) [components/cla/posix/cla_csp.c:432]
[Sun Aug  2 19:04:11 2026] [INFO] CSP: RX COMPLETE - Got 191 bytes from csp:2:43 (all fragments ACK'd) [components/cla/posix/cla_csp.c:432]
[Sun Aug  2 19:04:11 2026] [INFO] CSP: RX loop iteration 2580, last_err=0 [components/cla/posix/cla_csp.c:405]
[Sun Aug  2 19:04:11 2026] [INFO] CSP: RX COMPLETE - Got 191 bytes from csp:2:43 (all fragments ACK'd) [components/cla/posix/cla_csp.c:432]
[Sun Aug  2 19:04:11 2026] [INFO] CSP: RX COMPLETE - Got 191 bytes from csp:2:43 (all fragments ACK'd) [components/cla/posix/cla_csp.c:432]
[Sun Aug  2 19:04:11 2026] [INFO] CSP: RX COMPLETE - Got 191 bytes from csp:2:43 (all fragments ACK'd) [components/cla/posix/cla_csp.c:432]
[Sun Aug  2 19:04:12 2026] [INFO] CSP: RX COMPLETE - Got 191 bytes from csp:2:43 (all fragments ACK'd) [components/cla/posix/cla_csp.c:432]
[Sun Aug  2 19:04:12 2026] [INFO] CSP: RX COMPLETE - Got 191 bytes from csp:2:43 (all fragments ACK'd) [components/cla/posix/cla_csp.c:432]
[Sun Aug  2 19:04:12 2026] [INFO] CSP: RX COMPLETE - Got 191 bytes from csp:2:43 (all fragments ACK'd) [components/cla/posix/cla_csp.c:432]
[Sun Aug  2 19:04:12 2026] [INFO] CSP: RX COMPLETE - Got 191 bytes from csp:2:43 (all fragments ACK'd) [components/cla/posix/cla_csp.c:432]
[Sun Aug  2 19:04:12 2026] [INFO] CSP: RX COMPLETE - Got 191 bytes from csp:2:43 (all fragments ACK'd) [components/cla/posix/cla_csp.c:432]
[Sun Aug  2 19:04:12 2026] [INFO] CSP: RX COMPLETE - Got 191 bytes from csp:2:43 (all fragments ACK'd) [components/cla/posix/cla_csp.c:432]
[Sun Aug  2 19:04:12 2026] [INFO] CSP: RX COMPLETE - Got 191 bytes from csp:2:43 (all fragments ACK'd) [components/cla/posix/cla_csp.c:432]
[Sun Aug  2 19:04:12 2026] [INFO] CSP: RX loop iteration 2590, last_err=0 [components/cla/posix/cla_csp.c:405]
[Sun Aug  2 19:04:12 2026] [INFO] CSP: RX COMPLETE - Got 191 bytes from csp:2:43 (all fragments ACK'd) [components/cla/posix/cla_csp.c:432]
[Sun Aug  2 19:04:12 2026] [INFO] CSP: RX COMPLETE - Got 191 bytes from csp:2:43 (all fragments ACK'd) [components/cla/posix/cla_csp.c:432]
[Sun Aug  2 19:04:13 2026] [INFO] CSP: RX COMPLETE - Got 191 bytes from csp:2:43 (all fragments ACK'd) [components/cla/posix/cla_csp.c:432]
[Sun Aug  2 19:04:13 2026] [INFO] CSP: RX COMPLETE - Got 191 bytes from csp:2:43 (all fragments ACK'd) [components/cla/posix/cla_csp.c:432]
[Sun Aug  2 19:04:13 2026] [INFO] CSP: RX COMPLETE - Got 191 bytes from csp:2:43 (all fragments ACK'd) [components/cla/posix/cla_csp.c:432]
[Sun Aug  2 19:04:13 2026] [INFO] CSP: RX COMPLETE - Got 191 bytes from csp:2:43 (all fragments ACK'd) [components/cla/posix/cla_csp.c:432]
[Sun Aug  2 19:04:13 2026] [INFO] CSP: RX COMPLETE - Got 191 bytes from csp:2:43 (all fragments ACK'd) [components/cla/posix/cla_csp.c:432]
[Sun Aug  2 19:04:14 2026] [INFO] CSP: RX COMPLETE - Got 191 bytes from csp:2:43 (all fragments ACK'd) [components/cla/posix/cla_csp.c:432]
[Sun Aug  2 19:04:14 2026] [INFO] CSP: RX COMPLETE - Got 191 bytes from csp:2:43 (all fragments ACK'd) [components/cla/posix/cla_csp.c:432]
[Sun Aug  2 19:04:14 2026] [INFO] CSP: RX COMPLETE - Got 191 bytes from csp:2:43 (all fragments ACK'd) [components/cla/posix/cla_csp.c:432]
[Sun Aug  2 19:04:14 2026] [INFO] CSP: RX loop iteration 2600, last_err=0 [components/cla/posix/cla_csp.c:405]
[Sun Aug  2 19:04:14 2026] [INFO] CSP: RX COMPLETE - Got 191 bytes from csp:2:43 (all fragments ACK'd) [components/cla/posix/cla_csp.c:432]
[Sun Aug  2 19:04:14 2026] [INFO] CSP: RX COMPLETE - Got 191 bytes from csp:2:43 (all fragments ACK'd) [components/cla/posix/cla_csp.c:432]
[Sun Aug  2 19:04:14 2026] [INFO] CSP: RX COMPLETE - Got 191 bytes from csp:2:43 (all fragments ACK'd) [components/cla/posix/cla_csp.c:432]
[Sun Aug  2 19:04:15 2026] [INFO] CSP: RX COMPLETE - Got 191 bytes from csp:2:43 (all fragments ACK'd) [components/cla/posix/cla_csp.c:432]
[Sun Aug  2 19:04:15 2026] [INFO] CSP: RX COMPLETE - Got 191 bytes from csp:2:43 (all fragments ACK'd) [components/cla/posix/cla_csp.c:432]
[Sun Aug  2 19:04:15 2026] [INFO] CSP: RX COMPLETE - Got 191 bytes from csp:2:43 (all fragments ACK'd) [components/cla/posix/cla_csp.c:432]
[Sun Aug  2 19:04:15 2026] [INFO] CSP: RX COMPLETE - Got 191 bytes from csp:2:43 (all fragments ACK'd) [components/cla/posix/cla_csp.c:432]
[Sun Aug  2 19:04:15 2026] [INFO] CSP: RX COMPLETE - Got 191 bytes from csp:2:43 (all fragments ACK'd) [components/cla/posix/cla_csp.c:432]
[Sun Aug  2 19:04:15 2026] [INFO] CSP: RX COMPLETE - Got 191 bytes from csp:2:43 (all fragments ACK'd) [components/cla/posix/cla_csp.c:432]
[Sun Aug  2 19:04:15 2026] [INFO] CSP: RX COMPLETE - Got 191 bytes from csp:2:43 (all fragments ACK'd) [components/cla/posix/cla_csp.c:432]
[Sun Aug  2 19:04:15 2026] [INFO] CSP: RX loop iteration 2610, last_err=0 [components/cla/posix/cla_csp.c:405]
[Sun Aug  2 19:04:15 2026] [INFO] CSP: RX COMPLETE - Got 191 bytes from csp:2:43 (all fragments ACK'd) [components/cla/posix/cla_csp.c:432]
[Sun Aug  2 19:04:15 2026] [INFO] CSP: RX COMPLETE - Got 191 bytes from csp:2:43 (all fragments ACK'd) [components/cla/posix/cla_csp.c:432]
[Sun Aug  2 19:04:16 2026] [INFO] CSP: RX COMPLETE - Got 191 bytes from csp:2:43 (all fragments ACK'd) [components/cla/posix/cla_csp.c:432]
[Sun Aug  2 19:04:16 2026] [INFO] CSP: RX COMPLETE - Got 191 bytes from csp:2:43 (all fragments ACK'd) [components/cla/posix/cla_csp.c:432]
[Sun Aug  2 19:04:16 2026] [INFO] CSP: RX COMPLETE - Got 191 bytes from csp:2:43 (all fragments ACK'd) [components/cla/posix/cla_csp.c:432]
[Sun Aug  2 19:04:16 2026] [INFO] CSP: RX COMPLETE - Got 191 bytes from csp:2:43 (all fragments ACK'd) [components/cla/posix/cla_csp.c:432]
[Sun Aug  2 19:04:16 2026] [INFO] CSP: RX COMPLETE - Got 191 bytes from csp:2:43 (all fragments ACK'd) [components/cla/posix/cla_csp.c:432]
[Sun Aug  2 19:04:17 2026] [INFO] CSP: RX COMPLETE - Got 191 bytes from csp:2:43 (all fragments ACK'd) [components/cla/posix/cla_csp.c:432]
[Sun Aug  2 19:04:17 2026] [INFO] CSP: RX COMPLETE - Got 191 bytes from csp:2:43 (all fragments ACK'd) [components/cla/posix/cla_csp.c:432]
[Sun Aug  2 19:04:17 2026] [INFO] CSP: RX COMPLETE - Got 191 bytes from csp:2:43 (all fragments ACK'd) [components/cla/posix/cla_csp.c:432]
[Sun Aug  2 19:04:17 2026] [INFO] CSP: RX loop iteration 2620, last_err=0 [components/cla/posix/cla_csp.c:405]
[Sun Aug  2 19:04:17 2026] [INFO] CSP: RX COMPLETE - Got 191 bytes from csp:2:43 (all fragments ACK'd) [components/cla/posix/cla_csp.c:432]
[Sun Aug  2 19:04:17 2026] [INFO] CSP: RX COMPLETE - Got 191 bytes from csp:2:43 (all fragments ACK'd) [components/cla/posix/cla_csp.c:432]
[Sun Aug  2 19:04:17 2026] [INFO] CSP: RX COMPLETE - Got 191 bytes from csp:2:43 (all fragments ACK'd) [components/cla/posix/cla_csp.c:432]
[Sun Aug  2 19:04:18 2026] [INFO] CSP: RX COMPLETE - Got 191 bytes from csp:2:43 (all fragments ACK'd) [components/cla/posix/cla_csp.c:432]
[Sun Aug  2 19:04:18 2026] [INFO] CSP: RX COMPLETE - Got 191 bytes from csp:2:43 (all fragments ACK'd) [components/cla/posix/cla_csp.c:432]
[Sun Aug  2 19:04:18 2026] [INFO] CSP: RX COMPLETE - Got 191 bytes from csp:2:43 (all fragments ACK'd) [components/cla/posix/cla_csp.c:432]
[Sun Aug  2 19:04:18 2026] [INFO] CSP: RX COMPLETE - Got 191 bytes from csp:2:43 (all fragments ACK'd) [components/cla/posix/cla_csp.c:432]
[Sun Aug  2 19:04:18 2026] [INFO] CSP: RX COMPLETE - Got 191 bytes from csp:2:43 (all fragments ACK'd) [components/cla/posix/cla_csp.c:432]
[Sun Aug  2 19:04:18 2026] [INFO] CSP: RX COMPLETE - Got 191 bytes from csp:2:43 (all fragments ACK'd) [components/cla/posix/cla_csp.c:432]
[Sun Aug  2 19:04:18 2026] [INFO] CSP: RX COMPLETE - Got 191 bytes from csp:2:43 (all fragments ACK'd) [components/cla/posix/cla_csp.c:432]
[Sun Aug  2 19:04:19 2026] [INFO] CSP: RX loop iteration 2630, last_err=0 [components/cla/posix/cla_csp.c:405]
[Sun Aug  2 19:04:19 2026] [INFO] CSP: RX COMPLETE - Got 191 bytes from csp:2:43 (all fragments ACK'd) [components/cla/posix/cla_csp.c:432]
[Sun Aug  2 19:04:19 2026] [INFO] CSP: RX COMPLETE - Got 191 bytes from csp:2:43 (all fragments ACK'd) [components/cla/posix/cla_csp.c:432]
[Sun Aug  2 19:04:19 2026] [INFO] CSP: RX COMPLETE - Got 191 bytes from csp:2:43 (all fragments ACK'd) [components/cla/posix/cla_csp.c:432]
[Sun Aug  2 19:04:19 2026] [INFO] CSP: RX COMPLETE - Got 191 bytes from csp:2:43 (all fragments ACK'd) [components/cla/posix/cla_csp.c:432]
[Sun Aug  2 19:04:19 2026] [INFO] CSP: RX COMPLETE - Got 191 bytes from csp:2:43 (all fragments ACK'd) [components/cla/posix/cla_csp.c:432]
[Sun Aug  2 19:04:19 2026] [INFO] CSP: RX COMPLETE - Got 191 bytes from csp:2:43 (all fragments ACK'd) [components/cla/posix/cla_csp.c:432]
[Sun Aug  2 19:04:20 2026] [INFO] CSP: RX COMPLETE - Got 191 bytes from csp:2:43 (all fragments ACK'd) [components/cla/posix/cla_csp.c:432]
[Sun Aug  2 19:04:20 2026] [INFO] CSP: RX COMPLETE - Got 191 bytes from csp:2:43 (all fragments ACK'd) [components/cla/posix/cla_csp.c:432]
[Sun Aug  2 19:04:20 2026] [INFO] CSP: RX COMPLETE - Got 191 bytes from csp:2:43 (all fragments ACK'd) [components/cla/posix/cla_csp.c:432]
[Sun Aug  2 19:04:20 2026] [INFO] CSP: RX COMPLETE - Got 191 bytes from csp:2:43 (all fragments ACK'd) [components/cla/posix/cla_csp.c:432]
[Sun Aug  2 19:04:20 2026] [INFO] CSP: RX loop iteration 2640, last_err=0 [components/cla/posix/cla_csp.c:405]
[Sun Aug  2 19:04:20 2026] [INFO] CSP: RX COMPLETE - Got 191 bytes from csp:2:43 (all fragments ACK'd) [components/cla/posix/cla_csp.c:432]
[Sun Aug  2 19:04:20 2026] [INFO] CSP: RX COMPLETE - Got 191 bytes from csp:2:43 (all fragments ACK'd) [components/cla/posix/cla_csp.c:432]
[Sun Aug  2 19:04:20 2026] [INFO] CSP: RX COMPLETE - Got 191 bytes from csp:2:43 (all fragments ACK'd) [components/cla/posix/cla_csp.c:432]
[Sun Aug  2 19:04:21 2026] [INFO] CSP: RX COMPLETE - Got 191 bytes from csp:2:43 (all fragments ACK'd) [components/cla/posix/cla_csp.c:432]
[Sun Aug  2 19:04:21 2026] [INFO] CSP: RX COMPLETE - Got 191 bytes from csp:2:43 (all fragments ACK'd) [components/cla/posix/cla_csp.c:432]
[Sun Aug  2 19:04:21 2026] [INFO] CSP: RX COMPLETE - Got 191 bytes from csp:2:43 (all fragments ACK'd) [components/cla/posix/cla_csp.c:432]
[Sun Aug  2 19:04:21 2026] [INFO] CSP: RX COMPLETE - Got 191 bytes from csp:2:43 (all fragments ACK'd) [components/cla/posix/cla_csp.c:432]
[Sun Aug  2 19:04:21 2026] [INFO] CSP: RX COMPLETE - Got 191 bytes from csp:2:43 (all fragments ACK'd) [components/cla/posix/cla_csp.c:432]
[Sun Aug  2 19:04:21 2026] [INFO] CSP: RX COMPLETE - Got 191 bytes from csp:2:43 (all fragments ACK'd) [components/cla/posix/cla_csp.c:432]
[Sun Aug  2 19:04:21 2026] [INFO] CSP: RX COMPLETE - Got 191 bytes from csp:2:43 (all fragments ACK'd) [components/cla/posix/cla_csp.c:432]
[Sun Aug  2 19:04:22 2026] [INFO] CSP: RX loop iteration 2650, last_err=0 [components/cla/posix/cla_csp.c:405]
[Sun Aug  2 19:04:22 2026] [INFO] CSP: RX COMPLETE - Got 191 bytes from csp:2:43 (all fragments ACK'd) [components/cla/posix/cla_csp.c:432]
[Sun Aug  2 19:04:22 2026] [INFO] CSP: RX COMPLETE - Got 191 bytes from csp:2:43 (all fragments ACK'd) [components/cla/posix/cla_csp.c:432]
[Sun Aug  2 19:04:22 2026] [INFO] CSP: RX COMPLETE - Got 191 bytes from csp:2:43 (all fragments ACK'd) [components/cla/posix/cla_csp.c:432]
[Sun Aug  2 19:04:22 2026] [INFO] CSP: RX COMPLETE - Got 191 bytes from csp:2:43 (all fragments ACK'd) [components/cla/posix/cla_csp.c:432]
[Sun Aug  2 19:04:22 2026] [INFO] CSP: RX COMPLETE - Got 191 bytes from csp:2:43 (all fragments ACK'd) [components/cla/posix/cla_csp.c:432]
[Sun Aug  2 19:04:23 2026] [INFO] CSP: RX COMPLETE - Got 191 bytes from csp:2:43 (all fragments ACK'd) [components/cla/posix/cla_csp.c:432]
[Sun Aug  2 19:04:23 2026] [INFO] CSP: RX COMPLETE - Got 191 bytes from csp:2:43 (all fragments ACK'd) [components/cla/posix/cla_csp.c:432]
[Sun Aug  2 19:04:23 2026] [INFO] CSP: RX COMPLETE - Got 191 bytes from csp:2:43 (all fragments ACK'd) [components/cla/posix/cla_csp.c:432]
[Sun Aug  2 19:04:23 2026] [INFO] CSP: RX COMPLETE - Got 191 bytes from csp:2:43 (all fragments ACK'd) [components/cla/posix/cla_csp.c:432]
[Sun Aug  2 19:04:23 2026] [INFO] CSP: RX COMPLETE - Got 191 bytes from csp:2:43 (all fragments ACK'd) [components/cla/posix/cla_csp.c:432]
[Sun Aug  2 19:04:23 2026] [INFO] CSP: RX loop iteration 2660, last_err=0 [components/cla/posix/cla_csp.c:405]
[Sun Aug  2 19:04:23 2026] [INFO] CSP: RX COMPLETE - Got 191 bytes from csp:2:43 (all fragments ACK'd) [components/cla/posix/cla_csp.c:432]
[Sun Aug  2 19:04:23 2026] [INFO] CSP: RX COMPLETE - Got 191 bytes from csp:2:43 (all fragments ACK'd) [components/cla/posix/cla_csp.c:432]
[Sun Aug  2 19:04:23 2026] [INFO] CSP: RX COMPLETE - Got 191 bytes from csp:2:43 (all fragments ACK'd) [components/cla/posix/cla_csp.c:432]
[Sun Aug  2 19:04:24 2026] [INFO] CSP: RX COMPLETE - Got 191 bytes from csp:2:43 (all fragments ACK'd) [components/cla/posix/cla_csp.c:432]
[Sun Aug  2 19:04:24 2026] [INFO] CSP: RX COMPLETE - Got 191 bytes from csp:2:43 (all fragments ACK'd) [components/cla/posix/cla_csp.c:432]
[Sun Aug  2 19:04:24 2026] [INFO] CSP: RX COMPLETE - Got 191 bytes from csp:2:43 (all fragments ACK'd) [components/cla/posix/cla_csp.c:432]
[Sun Aug  2 19:04:24 2026] [INFO] CSP: RX COMPLETE - Got 191 bytes from csp:2:43 (all fragments ACK'd) [components/cla/posix/cla_csp.c:432]
[Sun Aug  2 19:04:24 2026] [INFO] CSP: RX COMPLETE - Got 191 bytes from csp:2:43 (all fragments ACK'd) [components/cla/posix/cla_csp.c:432]
[Sun Aug  2 19:04:25 2026] [INFO] CSP: RX COMPLETE - Got 191 bytes from csp:2:43 (all fragments ACK'd) [components/cla/posix/cla_csp.c:432]
[Sun Aug  2 19:04:25 2026] [INFO] CSP: RX COMPLETE - Got 191 bytes from csp:2:43 (all fragments ACK'd) [components/cla/posix/cla_csp.c:432]
[Sun Aug  2 19:04:25 2026] [INFO] CSP: RX loop iteration 2670, last_err=0 [components/cla/posix/cla_csp.c:405]
[Sun Aug  2 19:04:25 2026] [INFO] CSP: RX COMPLETE - Got 191 bytes from csp:2:43 (all fragments ACK'd) [components/cla/posix/cla_csp.c:432]
[Sun Aug  2 19:04:25 2026] [INFO] CSP: RX COMPLETE - Got 191 bytes from csp:2:43 (all fragments ACK'd) [components/cla/posix/cla_csp.c:432]
[Sun Aug  2 19:04:25 2026] [INFO] CSP: RX COMPLETE - Got 191 bytes from csp:2:43 (all fragments ACK'd) [components/cla/posix/cla_csp.c:432]
[Sun Aug  2 19:04:25 2026] [INFO] CSP: RX COMPLETE - Got 191 bytes from csp:2:43 (all fragments ACK'd) [components/cla/posix/cla_csp.c:432]
[Sun Aug  2 19:04:26 2026] [INFO] CSP: RX COMPLETE - Got 191 bytes from csp:2:43 (all fragments ACK'd) [components/cla/posix/cla_csp.c:432]
[Sun Aug  2 19:04:26 2026] [INFO] CSP: RX COMPLETE - Got 191 bytes from csp:2:43 (all fragments ACK'd) [components/cla/posix/cla_csp.c:432]
[Sun Aug  2 19:04:26 2026] [INFO] CSP: RX COMPLETE - Got 191 bytes from csp:2:43 (all fragments ACK'd) [components/cla/posix/cla_csp.c:432]
[Sun Aug  2 19:04:26 2026] [INFO] CSP: RX COMPLETE - Got 191 bytes from csp:2:43 (all fragments ACK'd) [components/cla/posix/cla_csp.c:432]
[Sun Aug  2 19:04:26 2026] [INFO] CSP: RX COMPLETE - Got 191 bytes from csp:2:43 (all fragments ACK'd) [components/cla/posix/cla_csp.c:432]
[Sun Aug  2 19:04:26 2026] [INFO] CSP: RX COMPLETE - Got 191 bytes from csp:2:43 (all fragments ACK'd) [components/cla/posix/cla_csp.c:432]
[Sun Aug  2 19:04:26 2026] [INFO] CSP: RX loop iteration 2680, last_err=0 [components/cla/posix/cla_csp.c:405]
[Sun Aug  2 19:04:26 2026] [INFO] CSP: RX COMPLETE - Got 191 bytes from csp:2:43 (all fragments ACK'd) [components/cla/posix/cla_csp.c:432]
[Sun Aug  2 19:04:26 2026] [INFO] CSP: RX COMPLETE - Got 191 bytes from csp:2:43 (all fragments ACK'd) [components/cla/posix/cla_csp.c:432]
[Sun Aug  2 19:04:27 2026] [INFO] CSP: RX COMPLETE - Got 191 bytes from csp:2:43 (all fragments ACK'd) [components/cla/posix/cla_csp.c:432]
[Sun Aug  2 19:04:27 2026] [INFO] CSP: RX COMPLETE - Got 191 bytes from csp:2:43 (all fragments ACK'd) [components/cla/posix/cla_csp.c:432]
[Sun Aug  2 19:04:27 2026] [INFO] CSP: RX COMPLETE - Got 191 bytes from csp:2:43 (all fragments ACK'd) [components/cla/posix/cla_csp.c:432]
[Sun Aug  2 19:04:27 2026] [INFO] CSP: RX COMPLETE - Got 191 bytes from csp:2:43 (all fragments ACK'd) [components/cla/posix/cla_csp.c:432]
[Sun Aug  2 19:04:27 2026] [INFO] CSP: RX COMPLETE - Got 191 bytes from csp:2:43 (all fragments ACK'd) [components/cla/posix/cla_csp.c:432]
[Sun Aug  2 19:04:27 2026] [INFO] CSP: RX COMPLETE - Got 191 bytes from csp:2:43 (all fragments ACK'd) [components/cla/posix/cla_csp.c:432]
[Sun Aug  2 19:04:27 2026] [INFO] CSP: RX COMPLETE - Got 191 bytes from csp:2:43 (all fragments ACK'd) [components/cla/posix/cla_csp.c:432]
[Sun Aug  2 19:04:28 2026] [INFO] CSP: RX COMPLETE - Got 191 bytes from csp:2:43 (all fragments ACK'd) [components/cla/posix/cla_csp.c:432]
[Sun Aug  2 19:04:28 2026] [INFO] CSP: RX loop iteration 2690, last_err=0 [components/cla/posix/cla_csp.c:405]
[Sun Aug  2 19:04:28 2026] [INFO] CSP: RX COMPLETE - Got 191 bytes from csp:2:43 (all fragments ACK'd) [components/cla/posix/cla_csp.c:432]
[Sun Aug  2 19:04:28 2026] [INFO] CSP: RX COMPLETE - Got 191 bytes from csp:2:43 (all fragments ACK'd) [components/cla/posix/cla_csp.c:432]
[Sun Aug  2 19:04:28 2026] [INFO] CSP: RX COMPLETE - Got 191 bytes from csp:2:43 (all fragments ACK'd) [components/cla/posix/cla_csp.c:432]
[Sun Aug  2 19:04:28 2026] [INFO] CSP: RX COMPLETE - Got 191 bytes from csp:2:43 (all fragments ACK'd) [components/cla/posix/cla_csp.c:432]
[Sun Aug  2 19:04:29 2026] [INFO] CSP: RX COMPLETE - Got 191 bytes from csp:2:43 (all fragments ACK'd) [components/cla/posix/cla_csp.c:432]
[Sun Aug  2 19:04:29 2026] [INFO] CSP: RX COMPLETE - Got 191 bytes from csp:2:43 (all fragments ACK'd) [components/cla/posix/cla_csp.c:432]
[Sun Aug  2 19:04:29 2026] [INFO] CSP: RX COMPLETE - Got 191 bytes from csp:2:43 (all fragments ACK'd) [components/cla/posix/cla_csp.c:432]
[Sun Aug  2 19:04:29 2026] [INFO] CSP: RX COMPLETE - Got 191 bytes from csp:2:43 (all fragments ACK'd) [components/cla/posix/cla_csp.c:432]
[Sun Aug  2 19:04:29 2026] [INFO] CSP: RX COMPLETE - Got 191 bytes from csp:2:43 (all fragments ACK'd) [components/cla/posix/cla_csp.c:432]
[Sun Aug  2 19:04:29 2026] [INFO] CSP: RX COMPLETE - Got 191 bytes from csp:2:43 (all fragments ACK'd) [components/cla/posix/cla_csp.c:432]
[Sun Aug  2 19:04:29 2026] [INFO] CSP: RX loop iteration 2700, last_err=0 [components/cla/posix/cla_csp.c:405]
[Sun Aug  2 19:04:29 2026] [INFO] CSP: RX COMPLETE - Got 191 bytes from csp:2:43 (all fragments ACK'd) [components/cla/posix/cla_csp.c:432]
[Sun Aug  2 19:04:30 2026] [INFO] CSP: RX COMPLETE - Got 191 bytes from csp:2:43 (all fragments ACK'd) [components/cla/posix/cla_csp.c:432]
[Sun Aug  2 19:04:30 2026] [INFO] CSP: RX COMPLETE - Got 191 bytes from csp:2:43 (all fragments ACK'd) [components/cla/posix/cla_csp.c:432]
[Sun Aug  2 19:04:30 2026] [INFO] CSP: RX COMPLETE - Got 191 bytes from csp:2:43 (all fragments ACK'd) [components/cla/posix/cla_csp.c:432]
[Sun Aug  2 19:04:30 2026] [INFO] CSP: RX COMPLETE - Got 191 bytes from csp:2:43 (all fragments ACK'd) [components/cla/posix/cla_csp.c:432]
[Sun Aug  2 19:04:30 2026] [INFO] CSP: RX COMPLETE - Got 191 bytes from csp:2:43 (all fragments ACK'd) [components/cla/posix/cla_csp.c:432]
[Sun Aug  2 19:04:30 2026] [INFO] CSP: RX COMPLETE - Got 191 bytes from csp:2:43 (all fragments ACK'd) [components/cla/posix/cla_csp.c:432]
[Sun Aug  2 19:04:30 2026] [INFO] CSP: RX COMPLETE - Got 191 bytes from csp:2:43 (all fragments ACK'd) [components/cla/posix/cla_csp.c:432]
[Sun Aug  2 19:04:31 2026] [INFO] CSP: RX COMPLETE - Got 191 bytes from csp:2:43 (all fragments ACK'd) [components/cla/posix/cla_csp.c:432]
[Sun Aug  2 19:04:31 2026] [INFO] CSP: RX COMPLETE - Got 191 bytes from csp:2:43 (all fragments ACK'd) [components/cla/posix/cla_csp.c:432]
[Sun Aug  2 19:04:31 2026] [INFO] CSP: RX loop iteration 2710, last_err=0 [components/cla/posix/cla_csp.c:405]
[Sun Aug  2 19:04:31 2026] [INFO] CSP: RX COMPLETE - Got 191 bytes from csp:2:43 (all fragments ACK'd) [components/cla/posix/cla_csp.c:432]
[Sun Aug  2 19:04:31 2026] [INFO] CSP: RX COMPLETE - Got 191 bytes from csp:2:43 (all fragments ACK'd) [components/cla/posix/cla_csp.c:432]
[Sun Aug  2 19:04:31 2026] [INFO] CSP: RX COMPLETE - Got 191 bytes from csp:2:43 (all fragments ACK'd) [components/cla/posix/cla_csp.c:432]
[Sun Aug  2 19:04:31 2026] [INFO] CSP: RX COMPLETE - Got 191 bytes from csp:2:43 (all fragments ACK'd) [components/cla/posix/cla_csp.c:432]
[Sun Aug  2 19:04:32 2026] [INFO] CSP: RX COMPLETE - Got 191 bytes from csp:2:43 (all fragments ACK'd) [components/cla/posix/cla_csp.c:432]
[Sun Aug  2 19:04:32 2026] [INFO] CSP: RX COMPLETE - Got 191 bytes from csp:2:43 (all fragments ACK'd) [components/cla/posix/cla_csp.c:432]
[Sun Aug  2 19:04:32 2026] [INFO] CSP: RX COMPLETE - Got 191 bytes from csp:2:43 (all fragments ACK'd) [components/cla/posix/cla_csp.c:432]
[Sun Aug  2 19:04:32 2026] [INFO] CSP: RX COMPLETE - Got 191 bytes from csp:2:43 (all fragments ACK'd) [components/cla/posix/cla_csp.c:432]
[Sun Aug  2 19:04:32 2026] [INFO] CSP: RX COMPLETE - Got 191 bytes from csp:2:43 (all fragments ACK'd) [components/cla/posix/cla_csp.c:432]
[Sun Aug  2 19:04:32 2026] [INFO] CSP: RX COMPLETE - Got 191 bytes from csp:2:43 (all fragments ACK'd) [components/cla/posix/cla_csp.c:432]
[Sun Aug  2 19:04:32 2026] [INFO] CSP: RX loop iteration 2720, last_err=0 [components/cla/posix/cla_csp.c:405]
[Sun Aug  2 19:04:32 2026] [INFO] CSP: RX COMPLETE - Got 191 bytes from csp:2:43 (all fragments ACK'd) [components/cla/posix/cla_csp.c:432]
[Sun Aug  2 19:04:33 2026] [INFO] CSP: RX COMPLETE - Got 191 bytes from csp:2:43 (all fragments ACK'd) [components/cla/posix/cla_csp.c:432]
[Sun Aug  2 19:04:33 2026] [INFO] CSP: RX COMPLETE - Got 191 bytes from csp:2:43 (all fragments ACK'd) [components/cla/posix/cla_csp.c:432]
[Sun Aug  2 19:04:33 2026] [INFO] CSP: RX COMPLETE - Got 191 bytes from csp:2:43 (all fragments ACK'd) [components/cla/posix/cla_csp.c:432]
[Sun Aug  2 19:04:33 2026] [INFO] CSP: RX COMPLETE - Got 191 bytes from csp:2:43 (all fragments ACK'd) [components/cla/posix/cla_csp.c:432]
[Sun Aug  2 19:04:33 2026] [INFO] CSP: RX COMPLETE - Got 191 bytes from csp:2:43 (all fragments ACK'd) [components/cla/posix/cla_csp.c:432]
[Sun Aug  2 19:04:33 2026] [INFO] CSP: RX COMPLETE - Got 191 bytes from csp:2:43 (all fragments ACK'd) [components/cla/posix/cla_csp.c:432]
[Sun Aug  2 19:04:34 2026] [INFO] CSP: RX COMPLETE - Got 191 bytes from csp:2:43 (all fragments ACK'd) [components/cla/posix/cla_csp.c:432]
[Sun Aug  2 19:04:34 2026] [INFO] CSP: RX COMPLETE - Got 191 bytes from csp:2:43 (all fragments ACK'd) [components/cla/posix/cla_csp.c:432]
[Sun Aug  2 19:04:34 2026] [INFO] CSP: RX COMPLETE - Got 191 bytes from csp:2:43 (all fragments ACK'd) [components/cla/posix/cla_csp.c:432]
[Sun Aug  2 19:04:34 2026] [INFO] CSP: RX loop iteration 2730, last_err=0 [components/cla/posix/cla_csp.c:405]
[Sun Aug  2 19:04:34 2026] [INFO] CSP: RX COMPLETE - Got 191 bytes from csp:2:43 (all fragments ACK'd) [components/cla/posix/cla_csp.c:432]
[Sun Aug  2 19:04:34 2026] [INFO] CSP: RX COMPLETE - Got 191 bytes from csp:2:43 (all fragments ACK'd) [components/cla/posix/cla_csp.c:432]
[Sun Aug  2 19:04:34 2026] [INFO] CSP: RX COMPLETE - Got 191 bytes from csp:2:43 (all fragments ACK'd) [components/cla/posix/cla_csp.c:432]
[Sun Aug  2 19:04:35 2026] [INFO] CSP: RX COMPLETE - Got 191 bytes from csp:2:43 (all fragments ACK'd) [components/cla/posix/cla_csp.c:432]
[Sun Aug  2 19:04:35 2026] [INFO] CSP: RX COMPLETE - Got 191 bytes from csp:2:43 (all fragments ACK'd) [components/cla/posix/cla_csp.c:432]
[Sun Aug  2 19:04:35 2026] [INFO] CSP: RX COMPLETE - Got 191 bytes from csp:2:43 (all fragments ACK'd) [components/cla/posix/cla_csp.c:432]
[Sun Aug  2 19:04:35 2026] [INFO] CSP: RX COMPLETE - Got 191 bytes from csp:2:43 (all fragments ACK'd) [components/cla/posix/cla_csp.c:432]
[Sun Aug  2 19:04:35 2026] [INFO] CSP: RX COMPLETE - Got 191 bytes from csp:2:43 (all fragments ACK'd) [components/cla/posix/cla_csp.c:432]
[Sun Aug  2 19:04:35 2026] [INFO] CSP: RX COMPLETE - Got 191 bytes from csp:2:43 (all fragments ACK'd) [components/cla/posix/cla_csp.c:432]
[Sun Aug  2 19:04:35 2026] [INFO] CSP: RX COMPLETE - Got 191 bytes from csp:2:43 (all fragments ACK'd) [components/cla/posix/cla_csp.c:432]
[Sun Aug  2 19:04:35 2026] [INFO] CSP: RX loop iteration 2740, last_err=0 [components/cla/posix/cla_csp.c:405]
[Sun Aug  2 19:04:35 2026] [INFO] CSP: RX COMPLETE - Got 191 bytes from csp:2:43 (all fragments ACK'd) [components/cla/posix/cla_csp.c:432]
[Sun Aug  2 19:04:36 2026] [INFO] CSP: RX COMPLETE - Got 191 bytes from csp:2:43 (all fragments ACK'd) [components/cla/posix/cla_csp.c:432]
[Sun Aug  2 19:04:36 2026] [INFO] CSP: RX COMPLETE - Got 191 bytes from csp:2:43 (all fragments ACK'd) [components/cla/posix/cla_csp.c:432]
[Sun Aug  2 19:04:36 2026] [INFO] CSP: RX COMPLETE - Got 191 bytes from csp:2:43 (all fragments ACK'd) [components/cla/posix/cla_csp.c:432]
[Sun Aug  2 19:04:36 2026] [INFO] CSP: RX COMPLETE - Got 191 bytes from csp:2:43 (all fragments ACK'd) [components/cla/posix/cla_csp.c:432]
[Sun Aug  2 19:04:36 2026] [INFO] CSP: RX COMPLETE - Got 191 bytes from csp:2:43 (all fragments ACK'd) [components/cla/posix/cla_csp.c:432]
[Sun Aug  2 19:04:37 2026] [INFO] CSP: RX COMPLETE - Got 191 bytes from csp:2:43 (all fragments ACK'd) [components/cla/posix/cla_csp.c:432]
[Sun Aug  2 19:04:37 2026] [INFO] CSP: RX COMPLETE - Got 191 bytes from csp:2:43 (all fragments ACK'd) [components/cla/posix/cla_csp.c:432]
[Sun Aug  2 19:04:37 2026] [INFO] CSP: RX COMPLETE - Got 191 bytes from csp:2:43 (all fragments ACK'd) [components/cla/posix/cla_csp.c:432]
[Sun Aug  2 19:04:37 2026] [INFO] CSP: RX COMPLETE - Got 191 bytes from csp:2:43 (all fragments ACK'd) [components/cla/posix/cla_csp.c:432]
[Sun Aug  2 19:04:37 2026] [INFO] CSP: RX loop iteration 2750, last_err=0 [components/cla/posix/cla_csp.c:405]
[Sun Aug  2 19:04:37 2026] [INFO] CSP: RX COMPLETE - Got 191 bytes from csp:2:43 (all fragments ACK'd) [components/cla/posix/cla_csp.c:432]
[Sun Aug  2 19:04:37 2026] [INFO] CSP: RX COMPLETE - Got 191 bytes from csp:2:43 (all fragments ACK'd) [components/cla/posix/cla_csp.c:432]
[Sun Aug  2 19:04:38 2026] [INFO] CSP: RX COMPLETE - Got 191 bytes from csp:2:43 (all fragments ACK'd) [components/cla/posix/cla_csp.c:432]
[Sun Aug  2 19:04:38 2026] [INFO] CSP: RX COMPLETE - Got 191 bytes from csp:2:43 (all fragments ACK'd) [components/cla/posix/cla_csp.c:432]
[Sun Aug  2 19:04:38 2026] [INFO] CSP: RX COMPLETE - Got 191 bytes from csp:2:43 (all fragments ACK'd) [components/cla/posix/cla_csp.c:432]
[Sun Aug  2 19:04:38 2026] [INFO] CSP: RX COMPLETE - Got 191 bytes from csp:2:43 (all fragments ACK'd) [components/cla/posix/cla_csp.c:432]
[Sun Aug  2 19:04:38 2026] [INFO] CSP: RX COMPLETE - Got 191 bytes from csp:2:43 (all fragments ACK'd) [components/cla/posix/cla_csp.c:432]
[Sun Aug  2 19:04:38 2026] [INFO] CSP: RX COMPLETE - Got 191 bytes from csp:2:43 (all fragments ACK'd) [components/cla/posix/cla_csp.c:432]
[Sun Aug  2 19:04:39 2026] [INFO] CSP: RX COMPLETE - Got 191 bytes from csp:2:43 (all fragments ACK'd) [components/cla/posix/cla_csp.c:432]
[Sun Aug  2 19:04:39 2026] [INFO] CSP: RX COMPLETE - Got 191 bytes from csp:2:43 (all fragments ACK'd) [components/cla/posix/cla_csp.c:432]
[Sun Aug  2 19:04:39 2026] [INFO] CSP: RX loop iteration 2760, last_err=0 [components/cla/posix/cla_csp.c:405]
[Sun Aug  2 19:04:39 2026] [INFO] CSP: RX COMPLETE - Got 191 bytes from csp:2:43 (all fragments ACK'd) [components/cla/posix/cla_csp.c:432]
[Sun Aug  2 19:04:39 2026] [INFO] CSP: RX COMPLETE - Got 191 bytes from csp:2:43 (all fragments ACK'd) [components/cla/posix/cla_csp.c:432]
[Sun Aug  2 19:04:39 2026] [INFO] CSP: RX COMPLETE - Got 191 bytes from csp:2:43 (all fragments ACK'd) [components/cla/posix/cla_csp.c:432]
[Sun Aug  2 19:04:39 2026] [INFO] CSP: RX COMPLETE - Got 191 bytes from csp:2:43 (all fragments ACK'd) [components/cla/posix/cla_csp.c:432]
[Sun Aug  2 19:04:39 2026] [INFO] CSP: RX COMPLETE - Got 191 bytes from csp:2:43 (all fragments ACK'd) [components/cla/posix/cla_csp.c:432]
[Sun Aug  2 19:04:40 2026] [INFO] CSP: RX COMPLETE - Got 191 bytes from csp:2:43 (all fragments ACK'd) [components/cla/posix/cla_csp.c:432]
[Sun Aug  2 19:04:40 2026] [INFO] CSP: RX COMPLETE - Got 191 bytes from csp:2:43 (all fragments ACK'd) [components/cla/posix/cla_csp.c:432]
[Sun Aug  2 19:04:40 2026] [INFO] CSP: RX COMPLETE - Got 191 bytes from csp:2:43 (all fragments ACK'd) [components/cla/posix/cla_csp.c:432]
[Sun Aug  2 19:04:40 2026] [INFO] CSP: RX COMPLETE - Got 191 bytes from csp:2:43 (all fragments ACK'd) [components/cla/posix/cla_csp.c:432]
[Sun Aug  2 19:04:40 2026] [INFO] CSP: RX COMPLETE - Got 191 bytes from csp:2:43 (all fragments ACK'd) [components/cla/posix/cla_csp.c:432]
[Sun Aug  2 19:04:40 2026] [INFO] CSP: RX loop iteration 2770, last_err=0 [components/cla/posix/cla_csp.c:405]
[Sun Aug  2 19:04:40 2026] [INFO] CSP: RX COMPLETE - Got 191 bytes from csp:2:43 (all fragments ACK'd) [components/cla/posix/cla_csp.c:432]
[Sun Aug  2 19:04:40 2026] [INFO] CSP: RX COMPLETE - Got 191 bytes from csp:2:43 (all fragments ACK'd) [components/cla/posix/cla_csp.c:432]
[Sun Aug  2 19:04:41 2026] [INFO] CSP: RX COMPLETE - Got 191 bytes from csp:2:43 (all fragments ACK'd) [components/cla/posix/cla_csp.c:432]
[Sun Aug  2 19:04:41 2026] [INFO] CSP: RX COMPLETE - Got 191 bytes from csp:2:43 (all fragments ACK'd) [components/cla/posix/cla_csp.c:432]
[Sun Aug  2 19:04:41 2026] [INFO] CSP: RX COMPLETE - Got 191 bytes from csp:2:43 (all fragments ACK'd) [components/cla/posix/cla_csp.c:432]
[Sun Aug  2 19:04:41 2026] [INFO] CSP: RX COMPLETE - Got 191 bytes from csp:2:43 (all fragments ACK'd) [components/cla/posix/cla_csp.c:432]
[Sun Aug  2 19:04:41 2026] [INFO] CSP: RX COMPLETE - Got 191 bytes from csp:2:43 (all fragments ACK'd) [components/cla/posix/cla_csp.c:432]
[Sun Aug  2 19:04:41 2026] [INFO] CSP: RX COMPLETE - Got 191 bytes from csp:2:43 (all fragments ACK'd) [components/cla/posix/cla_csp.c:432]
[Sun Aug  2 19:04:41 2026] [INFO] CSP: RX COMPLETE - Got 191 bytes from csp:2:43 (all fragments ACK'd) [components/cla/posix/cla_csp.c:432]
[Sun Aug  2 19:04:41 2026] [INFO] CSP: RX COMPLETE - Got 191 bytes from csp:2:43 (all fragments ACK'd) [components/cla/posix/cla_csp.c:432]
[Sun Aug  2 19:04:42 2026] [INFO] CSP: RX loop iteration 2780, last_err=0 [components/cla/posix/cla_csp.c:405]
[Sun Aug  2 19:04:42 2026] [INFO] CSP: RX COMPLETE - Got 191 bytes from csp:2:43 (all fragments ACK'd) [components/cla/posix/cla_csp.c:432]
[Sun Aug  2 19:04:42 2026] [INFO] CSP: RX COMPLETE - Got 191 bytes from csp:2:43 (all fragments ACK'd) [components/cla/posix/cla_csp.c:432]
[Sun Aug  2 19:04:42 2026] [INFO] CSP: RX COMPLETE - Got 191 bytes from csp:2:43 (all fragments ACK'd) [components/cla/posix/cla_csp.c:432]
[Sun Aug  2 19:04:42 2026] [INFO] CSP: RX COMPLETE - Got 191 bytes from csp:2:43 (all fragments ACK'd) [components/cla/posix/cla_csp.c:432]
[Sun Aug  2 19:04:42 2026] [INFO] CSP: RX COMPLETE - Got 191 bytes from csp:2:43 (all fragments ACK'd) [components/cla/posix/cla_csp.c:432]
[Sun Aug  2 19:04:43 2026] [INFO] CSP: RX COMPLETE - Got 191 bytes from csp:2:43 (all fragments ACK'd) [components/cla/posix/cla_csp.c:432]
[Sun Aug  2 19:04:43 2026] [INFO] CSP: RX COMPLETE - Got 191 bytes from csp:2:43 (all fragments ACK'd) [components/cla/posix/cla_csp.c:432]
[Sun Aug  2 19:04:43 2026] [INFO] CSP: RX COMPLETE - Got 191 bytes from csp:2:43 (all fragments ACK'd) [components/cla/posix/cla_csp.c:432]
[Sun Aug  2 19:04:43 2026] [INFO] CSP: RX COMPLETE - Got 191 bytes from csp:2:43 (all fragments ACK'd) [components/cla/posix/cla_csp.c:432]
[Sun Aug  2 19:04:43 2026] [INFO] CSP: RX COMPLETE - Got 191 bytes from csp:2:43 (all fragments ACK'd) [components/cla/posix/cla_csp.c:432]
[Sun Aug  2 19:04:43 2026] [INFO] CSP: RX loop iteration 2790, last_err=0 [components/cla/posix/cla_csp.c:405]
[Sun Aug  2 19:04:43 2026] [INFO] CSP: RX COMPLETE - Got 191 bytes from csp:2:43 (all fragments ACK'd) [components/cla/posix/cla_csp.c:432]
[Sun Aug  2 19:04:44 2026] [INFO] CSP: RX COMPLETE - Got 191 bytes from csp:2:43 (all fragments ACK'd) [components/cla/posix/cla_csp.c:432]
[Sun Aug  2 19:04:44 2026] [INFO] CSP: RX COMPLETE - Got 191 bytes from csp:2:43 (all fragments ACK'd) [components/cla/posix/cla_csp.c:432]
[Sun Aug  2 19:04:44 2026] [INFO] CSP: RX COMPLETE - Got 191 bytes from csp:2:43 (all fragments ACK'd) [components/cla/posix/cla_csp.c:432]
[Sun Aug  2 19:04:44 2026] [INFO] CSP: RX COMPLETE - Got 191 bytes from csp:2:43 (all fragments ACK'd) [components/cla/posix/cla_csp.c:432]
[Sun Aug  2 19:04:44 2026] [INFO] CSP: RX COMPLETE - Got 191 bytes from csp:2:43 (all fragments ACK'd) [components/cla/posix/cla_csp.c:432]
[Sun Aug  2 19:04:44 2026] [INFO] CSP: RX COMPLETE - Got 191 bytes from csp:2:43 (all fragments ACK'd) [components/cla/posix/cla_csp.c:432]
[Sun Aug  2 19:04:45 2026] [INFO] CSP: RX COMPLETE - Got 191 bytes from csp:2:43 (all fragments ACK'd) [components/cla/posix/cla_csp.c:432]
[Sun Aug  2 19:04:45 2026] [INFO] CSP: RX COMPLETE - Got 191 bytes from csp:2:43 (all fragments ACK'd) [components/cla/posix/cla_csp.c:432]
[Sun Aug  2 19:04:45 2026] [INFO] CSP: RX COMPLETE - Got 191 bytes from csp:2:43 (all fragments ACK'd) [components/cla/posix/cla_csp.c:432]
[Sun Aug  2 19:04:45 2026] [INFO] CSP: RX loop iteration 2800, last_err=0 [components/cla/posix/cla_csp.c:405]
[Sun Aug  2 19:04:45 2026] [INFO] CSP: RX COMPLETE - Got 191 bytes from csp:2:43 (all fragments ACK'd) [components/cla/posix/cla_csp.c:432]
[Sun Aug  2 19:04:45 2026] [INFO] CSP: RX COMPLETE - Got 191 bytes from csp:2:43 (all fragments ACK'd) [components/cla/posix/cla_csp.c:432]
[Sun Aug  2 19:04:45 2026] [INFO] CSP: RX COMPLETE - Got 191 bytes from csp:2:43 (all fragments ACK'd) [components/cla/posix/cla_csp.c:432]
[Sun Aug  2 19:04:45 2026] [INFO] CSP: RX COMPLETE - Got 191 bytes from csp:2:43 (all fragments ACK'd) [components/cla/posix/cla_csp.c:432]
[Sun Aug  2 19:04:45 2026] [INFO] CSP: RX COMPLETE - Got 191 bytes from csp:2:43 (all fragments ACK'd) [components/cla/posix/cla_csp.c:432]
[Sun Aug  2 19:04:46 2026] [INFO] CSP: RX COMPLETE - Got 191 bytes from csp:2:43 (all fragments ACK'd) [components/cla/posix/cla_csp.c:432]
[Sun Aug  2 19:04:46 2026] [INFO] CSP: RX COMPLETE - Got 191 bytes from csp:2:43 (all fragments ACK'd) [components/cla/posix/cla_csp.c:432]
[Sun Aug  2 19:04:46 2026] [INFO] CSP: RX COMPLETE - Got 191 bytes from csp:2:43 (all fragments ACK'd) [components/cla/posix/cla_csp.c:432]
[Sun Aug  2 19:04:46 2026] [INFO] CSP: RX COMPLETE - Got 191 bytes from csp:2:43 (all fragments ACK'd) [components/cla/posix/cla_csp.c:432]
[Sun Aug  2 19:04:46 2026] [INFO] CSP: RX COMPLETE - Got 191 bytes from csp:2:43 (all fragments ACK'd) [components/cla/posix/cla_csp.c:432]
[Sun Aug  2 19:04:46 2026] [INFO] CSP: RX loop iteration 2810, last_err=0 [components/cla/posix/cla_csp.c:405]
[Sun Aug  2 19:04:46 2026] [INFO] CSP: RX COMPLETE - Got 191 bytes from csp:2:43 (all fragments ACK'd) [components/cla/posix/cla_csp.c:432]
[Sun Aug  2 19:04:46 2026] [INFO] CSP: RX COMPLETE - Got 191 bytes from csp:2:43 (all fragments ACK'd) [components/cla/posix/cla_csp.c:432]
[Sun Aug  2 19:04:47 2026] [INFO] CSP: RX COMPLETE - Got 191 bytes from csp:2:43 (all fragments ACK'd) [components/cla/posix/cla_csp.c:432]
[Sun Aug  2 19:04:47 2026] [INFO] CSP: RX COMPLETE - Got 191 bytes from csp:2:43 (all fragments ACK'd) [components/cla/posix/cla_csp.c:432]
[Sun Aug  2 19:04:47 2026] [INFO] CSP: RX COMPLETE - Got 191 bytes from csp:2:43 (all fragments ACK'd) [components/cla/posix/cla_csp.c:432]
[Sun Aug  2 19:04:47 2026] [INFO] CSP: RX COMPLETE - Got 191 bytes from csp:2:43 (all fragments ACK'd) [components/cla/posix/cla_csp.c:432]
[Sun Aug  2 19:04:47 2026] [INFO] CSP: RX COMPLETE - Got 191 bytes from csp:2:43 (all fragments ACK'd) [components/cla/posix/cla_csp.c:432]
[Sun Aug  2 19:04:48 2026] [INFO] CSP: RX COMPLETE - Got 191 bytes from csp:2:43 (all fragments ACK'd) [components/cla/posix/cla_csp.c:432]
[Sun Aug  2 19:04:48 2026] [INFO] CSP: RX COMPLETE - Got 191 bytes from csp:2:43 (all fragments ACK'd) [components/cla/posix/cla_csp.c:432]
[Sun Aug  2 19:04:48 2026] [INFO] CSP: RX COMPLETE - Got 191 bytes from csp:2:43 (all fragments ACK'd) [components/cla/posix/cla_csp.c:432]
[Sun Aug  2 19:04:48 2026] [INFO] CSP: RX loop iteration 2820, last_err=0 [components/cla/posix/cla_csp.c:405]
[Sun Aug  2 19:04:48 2026] [INFO] CSP: RX COMPLETE - Got 191 bytes from csp:2:43 (all fragments ACK'd) [components/cla/posix/cla_csp.c:432]
[Sun Aug  2 19:04:48 2026] [INFO] CSP: RX COMPLETE - Got 191 bytes from csp:2:43 (all fragments ACK'd) [components/cla/posix/cla_csp.c:432]
[Sun Aug  2 19:04:48 2026] [INFO] CSP: RX COMPLETE - Got 191 bytes from csp:2:43 (all fragments ACK'd) [components/cla/posix/cla_csp.c:432]
[Sun Aug  2 19:04:48 2026] [INFO] CSP: RX COMPLETE - Got 191 bytes from csp:2:43 (all fragments ACK'd) [components/cla/posix/cla_csp.c:432]
[Sun Aug  2 19:04:49 2026] [INFO] CSP: RX COMPLETE - Got 191 bytes from csp:2:43 (all fragments ACK'd) [components/cla/posix/cla_csp.c:432]
[Sun Aug  2 19:04:49 2026] [INFO] CSP: RX COMPLETE - Got 191 bytes from csp:2:43 (all fragments ACK'd) [components/cla/posix/cla_csp.c:432]
[Sun Aug  2 19:04:49 2026] [INFO] CSP: RX COMPLETE - Got 191 bytes from csp:2:43 (all fragments ACK'd) [components/cla/posix/cla_csp.c:432]
[Sun Aug  2 19:04:49 2026] [INFO] CSP: RX COMPLETE - Got 191 bytes from csp:2:43 (all fragments ACK'd) [components/cla/posix/cla_csp.c:432]
[Sun Aug  2 19:04:49 2026] [INFO] CSP: RX COMPLETE - Got 191 bytes from csp:2:43 (all fragments ACK'd) [components/cla/posix/cla_csp.c:432]
[Sun Aug  2 19:04:49 2026] [INFO] CSP: RX COMPLETE - Got 191 bytes from csp:2:43 (all fragments ACK'd) [components/cla/posix/cla_csp.c:432]
[Sun Aug  2 19:04:49 2026] [INFO] CSP: RX loop iteration 2830, last_err=0 [components/cla/posix/cla_csp.c:405]
[Sun Aug  2 19:04:49 2026] [INFO] CSP: RX COMPLETE - Got 191 bytes from csp:2:43 (all fragments ACK'd) [components/cla/posix/cla_csp.c:432]
[Sun Aug  2 19:04:50 2026] [INFO] CSP: RX COMPLETE - Got 191 bytes from csp:2:43 (all fragments ACK'd) [components/cla/posix/cla_csp.c:432]
[Sun Aug  2 19:04:50 2026] [INFO] CSP: RX COMPLETE - Got 191 bytes from csp:2:43 (all fragments ACK'd) [components/cla/posix/cla_csp.c:432]
[Sun Aug  2 19:04:50 2026] [INFO] CSP: RX COMPLETE - Got 191 bytes from csp:2:43 (all fragments ACK'd) [components/cla/posix/cla_csp.c:432]
[Sun Aug  2 19:04:50 2026] [INFO] CSP: RX COMPLETE - Got 191 bytes from csp:2:43 (all fragments ACK'd) [components/cla/posix/cla_csp.c:432]
[Sun Aug  2 19:04:50 2026] [INFO] CSP: RX COMPLETE - Got 191 bytes from csp:2:43 (all fragments ACK'd) [components/cla/posix/cla_csp.c:432]
[Sun Aug  2 19:04:50 2026] [INFO] CSP: RX COMPLETE - Got 191 bytes from csp:2:43 (all fragments ACK'd) [components/cla/posix/cla_csp.c:432]
[Sun Aug  2 19:04:51 2026] [INFO] CSP: RX COMPLETE - Got 191 bytes from csp:2:43 (all fragments ACK'd) [components/cla/posix/cla_csp.c:432]
[Sun Aug  2 19:04:51 2026] [INFO] CSP: RX COMPLETE - Got 191 bytes from csp:2:43 (all fragments ACK'd) [components/cla/posix/cla_csp.c:432]
[Sun Aug  2 19:04:51 2026] [INFO] CSP: RX COMPLETE - Got 191 bytes from csp:2:43 (all fragments ACK'd) [components/cla/posix/cla_csp.c:432]
[Sun Aug  2 19:04:51 2026] [INFO] CSP: RX loop iteration 2840, last_err=0 [components/cla/posix/cla_csp.c:405]
[Sun Aug  2 19:04:51 2026] [INFO] CSP: RX COMPLETE - Got 191 bytes from csp:2:43 (all fragments ACK'd) [components/cla/posix/cla_csp.c:432]
[Sun Aug  2 19:04:51 2026] [INFO] CSP: RX COMPLETE - Got 191 bytes from csp:2:43 (all fragments ACK'd) [components/cla/posix/cla_csp.c:432]
[Sun Aug  2 19:04:51 2026] [INFO] CSP: RX COMPLETE - Got 191 bytes from csp:2:43 (all fragments ACK'd) [components/cla/posix/cla_csp.c:432]
[Sun Aug  2 19:04:52 2026] [INFO] CSP: RX COMPLETE - Got 191 bytes from csp:2:43 (all fragments ACK'd) [components/cla/posix/cla_csp.c:432]
[Sun Aug  2 19:04:52 2026] [INFO] CSP: RX COMPLETE - Got 191 bytes from csp:2:43 (all fragments ACK'd) [components/cla/posix/cla_csp.c:432]
[Sun Aug  2 19:04:52 2026] [INFO] CSP: RX COMPLETE - Got 191 bytes from csp:2:43 (all fragments ACK'd) [components/cla/posix/cla_csp.c:432]
[Sun Aug  2 19:04:52 2026] [INFO] CSP: RX COMPLETE - Got 191 bytes from csp:2:43 (all fragments ACK'd) [components/cla/posix/cla_csp.c:432]
[Sun Aug  2 19:04:52 2026] [INFO] CSP: RX COMPLETE - Got 191 bytes from csp:2:43 (all fragments ACK'd) [components/cla/posix/cla_csp.c:432]
[Sun Aug  2 19:04:52 2026] [INFO] CSP: RX COMPLETE - Got 191 bytes from csp:2:43 (all fragments ACK'd) [components/cla/posix/cla_csp.c:432]
[Sun Aug  2 19:04:52 2026] [INFO] CSP: RX COMPLETE - Got 191 bytes from csp:2:43 (all fragments ACK'd) [components/cla/posix/cla_csp.c:432]
[Sun Aug  2 19:04:52 2026] [INFO] CSP: RX loop iteration 2850, last_err=0 [components/cla/posix/cla_csp.c:405]
[Sun Aug  2 19:04:52 2026] [INFO] CSP: RX COMPLETE - Got 191 bytes from csp:2:43 (all fragments ACK'd) [components/cla/posix/cla_csp.c:432]
[Sun Aug  2 19:04:53 2026] [INFO] CSP: RX COMPLETE - Got 191 bytes from csp:2:43 (all fragments ACK'd) [components/cla/posix/cla_csp.c:432]
[Sun Aug  2 19:04:53 2026] [INFO] CSP: RX COMPLETE - Got 191 bytes from csp:2:43 (all fragments ACK'd) [components/cla/posix/cla_csp.c:432]
[Sun Aug  2 19:04:53 2026] [INFO] CSP: RX COMPLETE - Got 191 bytes from csp:2:43 (all fragments ACK'd) [components/cla/posix/cla_csp.c:432]
[Sun Aug  2 19:04:53 2026] [INFO] CSP: RX COMPLETE - Got 191 bytes from csp:2:43 (all fragments ACK'd) [components/cla/posix/cla_csp.c:432]
[Sun Aug  2 19:04:53 2026] [INFO] CSP: RX COMPLETE - Got 191 bytes from csp:2:43 (all fragments ACK'd) [components/cla/posix/cla_csp.c:432]
[Sun Aug  2 19:04:53 2026] [INFO] CSP: RX COMPLETE - Got 191 bytes from csp:2:43 (all fragments ACK'd) [components/cla/posix/cla_csp.c:432]
[Sun Aug  2 19:04:54 2026] [INFO] CSP: RX COMPLETE - Got 191 bytes from csp:2:43 (all fragments ACK'd) [components/cla/posix/cla_csp.c:432]
[Sun Aug  2 19:04:54 2026] [INFO] CSP: RX COMPLETE - Got 191 bytes from csp:2:43 (all fragments ACK'd) [components/cla/posix/cla_csp.c:432]
[Sun Aug  2 19:04:54 2026] [INFO] CSP: RX COMPLETE - Got 191 bytes from csp:2:43 (all fragments ACK'd) [components/cla/posix/cla_csp.c:432]
[Sun Aug  2 19:04:54 2026] [INFO] CSP: RX loop iteration 2860, last_err=0 [components/cla/posix/cla_csp.c:405]
[Sun Aug  2 19:04:54 2026] [INFO] CSP: RX COMPLETE - Got 191 bytes from csp:2:43 (all fragments ACK'd) [components/cla/posix/cla_csp.c:432]
[Sun Aug  2 19:04:54 2026] [INFO] CSP: RX COMPLETE - Got 191 bytes from csp:2:43 (all fragments ACK'd) [components/cla/posix/cla_csp.c:432]
[Sun Aug  2 19:04:54 2026] [INFO] CSP: RX COMPLETE - Got 191 bytes from csp:2:43 (all fragments ACK'd) [components/cla/posix/cla_csp.c:432]
[Sun Aug  2 19:04:55 2026] [INFO] CSP: RX COMPLETE - Got 191 bytes from csp:2:43 (all fragments ACK'd) [components/cla/posix/cla_csp.c:432]
[Sun Aug  2 19:04:55 2026] [INFO] CSP: RX COMPLETE - Got 191 bytes from csp:2:43 (all fragments ACK'd) [components/cla/posix/cla_csp.c:432]
[Sun Aug  2 19:04:55 2026] [INFO] CSP: RX COMPLETE - Got 191 bytes from csp:2:43 (all fragments ACK'd) [components/cla/posix/cla_csp.c:432]
[Sun Aug  2 19:04:55 2026] [INFO] CSP: RX COMPLETE - Got 191 bytes from csp:2:43 (all fragments ACK'd) [components/cla/posix/cla_csp.c:432]
[Sun Aug  2 19:04:55 2026] [INFO] CSP: RX COMPLETE - Got 191 bytes from csp:2:43 (all fragments ACK'd) [components/cla/posix/cla_csp.c:432]
[Sun Aug  2 19:04:55 2026] [INFO] CSP: RX COMPLETE - Got 191 bytes from csp:2:43 (all fragments ACK'd) [components/cla/posix/cla_csp.c:432]
[Sun Aug  2 19:04:55 2026] [INFO] CSP: RX COMPLETE - Got 191 bytes from csp:2:43 (all fragments ACK'd) [components/cla/posix/cla_csp.c:432]
[Sun Aug  2 19:04:56 2026] [INFO] CSP: RX loop iteration 2870, last_err=0 [components/cla/posix/cla_csp.c:405]
[Sun Aug  2 19:04:56 2026] [INFO] CSP: RX COMPLETE - Got 191 bytes from csp:2:43 (all fragments ACK'd) [components/cla/posix/cla_csp.c:432]
[Sun Aug  2 19:04:56 2026] [INFO] CSP: RX COMPLETE - Got 191 bytes from csp:2:43 (all fragments ACK'd) [components/cla/posix/cla_csp.c:432]
[Sun Aug  2 19:04:56 2026] [INFO] CSP: RX COMPLETE - Got 191 bytes from csp:2:43 (all fragments ACK'd) [components/cla/posix/cla_csp.c:432]
[Sun Aug  2 19:04:57 2026] [INFO] CSP: RX COMPLETE - Got 191 bytes from csp:2:43 (all fragments ACK'd) [components/cla/posix/cla_csp.c:432]
[Sun Aug  2 19:04:57 2026] [INFO] CSP: RX COMPLETE - Got 191 bytes from csp:2:43 (all fragments ACK'd) [components/cla/posix/cla_csp.c:432]
[Sun Aug  2 19:04:57 2026] [INFO] CSP: RX COMPLETE - Got 191 bytes from csp:2:43 (all fragments ACK'd) [components/cla/posix/cla_csp.c:432]
[Sun Aug  2 19:04:57 2026] [INFO] CSP: RX COMPLETE - Got 191 bytes from csp:2:43 (all fragments ACK'd) [components/cla/posix/cla_csp.c:432]
[Sun Aug  2 19:04:57 2026] [INFO] CSP: RX COMPLETE - Got 191 bytes from csp:2:43 (all fragments ACK'd) [components/cla/posix/cla_csp.c:432]
[Sun Aug  2 19:04:57 2026] [INFO] CSP: RX COMPLETE - Got 191 bytes from csp:2:43 (all fragments ACK'd) [components/cla/posix/cla_csp.c:432]
[Sun Aug  2 19:04:57 2026] [INFO] CSP: RX COMPLETE - Got 191 bytes from csp:2:43 (all fragments ACK'd) [components/cla/posix/cla_csp.c:432]
[Sun Aug  2 19:04:57 2026] [INFO] CSP: RX loop iteration 2880, last_err=0 [components/cla/posix/cla_csp.c:405]
[Sun Aug  2 19:04:57 2026] [INFO] CSP: RX COMPLETE - Got 191 bytes from csp:2:43 (all fragments ACK'd) [components/cla/posix/cla_csp.c:432]
[Sun Aug  2 19:04:57 2026] [INFO] CSP: RX COMPLETE - Got 191 bytes from csp:2:43 (all fragments ACK'd) [components/cla/posix/cla_csp.c:432]
[Sun Aug  2 19:04:57 2026] [INFO] CSP: RX COMPLETE - Got 191 bytes from csp:2:43 (all fragments ACK'd) [components/cla/posix/cla_csp.c:432]
[Sun Aug  2 19:04:58 2026] [INFO] CSP: RX COMPLETE - Got 191 bytes from csp:2:43 (all fragments ACK'd) [components/cla/posix/cla_csp.c:432]
[Sun Aug  2 19:04:58 2026] [INFO] CSP: RX COMPLETE - Got 191 bytes from csp:2:43 (all fragments ACK'd) [components/cla/posix/cla_csp.c:432]
[Sun Aug  2 19:04:58 2026] [INFO] CSP: RX COMPLETE - Got 191 bytes from csp:2:43 (all fragments ACK'd) [components/cla/posix/cla_csp.c:432]
[Sun Aug  2 19:04:58 2026] [INFO] CSP: RX COMPLETE - Got 191 bytes from csp:2:43 (all fragments ACK'd) [components/cla/posix/cla_csp.c:432]
[Sun Aug  2 19:04:58 2026] [INFO] CSP: RX COMPLETE - Got 191 bytes from csp:2:43 (all fragments ACK'd) [components/cla/posix/cla_csp.c:432]
[Sun Aug  2 19:04:58 2026] [INFO] CSP: RX COMPLETE - Got 191 bytes from csp:2:43 (all fragments ACK'd) [components/cla/posix/cla_csp.c:432]
[Sun Aug  2 19:04:59 2026] [INFO] CSP: RX COMPLETE - Got 191 bytes from csp:2:43 (all fragments ACK'd) [components/cla/posix/cla_csp.c:432]
[Sun Aug  2 19:04:59 2026] [INFO] CSP: RX loop iteration 2890, last_err=0 [components/cla/posix/cla_csp.c:405]
[Sun Aug  2 19:04:59 2026] [INFO] CSP: RX COMPLETE - Got 191 bytes from csp:2:43 (all fragments ACK'd) [components/cla/posix/cla_csp.c:432]
[Sun Aug  2 19:04:59 2026] [INFO] CSP: RX COMPLETE - Got 191 bytes from csp:2:43 (all fragments ACK'd) [components/cla/posix/cla_csp.c:432]
[Sun Aug  2 19:04:59 2026] [INFO] CSP: RX COMPLETE - Got 191 bytes from csp:2:43 (all fragments ACK'd) [components/cla/posix/cla_csp.c:432]
[Sun Aug  2 19:04:59 2026] [INFO] CSP: RX COMPLETE - Got 191 bytes from csp:2:43 (all fragments ACK'd) [components/cla/posix/cla_csp.c:432]
[Sun Aug  2 19:04:59 2026] [INFO] CSP: RX COMPLETE - Got 191 bytes from csp:2:43 (all fragments ACK'd) [components/cla/posix/cla_csp.c:432]
[Sun Aug  2 19:05:00 2026] [INFO] CSP: RX COMPLETE - Got 191 bytes from csp:2:43 (all fragments ACK'd) [components/cla/posix/cla_csp.c:432]
[Sun Aug  2 19:05:00 2026] [INFO] CSP: RX COMPLETE - Got 191 bytes from csp:2:43 (all fragments ACK'd) [components/cla/posix/cla_csp.c:432]
[Sun Aug  2 19:05:00 2026] [INFO] CSP: RX COMPLETE - Got 191 bytes from csp:2:43 (all fragments ACK'd) [components/cla/posix/cla_csp.c:432]
[Sun Aug  2 19:05:00 2026] [INFO] CSP: RX COMPLETE - Got 191 bytes from csp:2:43 (all fragments ACK'd) [components/cla/posix/cla_csp.c:432]
[Sun Aug  2 19:05:00 2026] [INFO] CSP: RX COMPLETE - Got 191 bytes from csp:2:43 (all fragments ACK'd) [components/cla/posix/cla_csp.c:432]
[Sun Aug  2 19:05:00 2026] [INFO] CSP: RX loop iteration 2900, last_err=0 [components/cla/posix/cla_csp.c:405]
[Sun Aug  2 19:05:00 2026] [INFO] CSP: RX COMPLETE - Got 191 bytes from csp:2:43 (all fragments ACK'd) [components/cla/posix/cla_csp.c:432]
[Sun Aug  2 19:05:00 2026] [INFO] CSP: RX COMPLETE - Got 191 bytes from csp:2:43 (all fragments ACK'd) [components/cla/posix/cla_csp.c:432]
[Sun Aug  2 19:05:00 2026] [INFO] CSP: RX COMPLETE - Got 191 bytes from csp:2:43 (all fragments ACK'd) [components/cla/posix/cla_csp.c:432]
[Sun Aug  2 19:05:01 2026] [INFO] CSP: RX COMPLETE - Got 191 bytes from csp:2:43 (all fragments ACK'd) [components/cla/posix/cla_csp.c:432]
[Sun Aug  2 19:05:01 2026] [INFO] CSP: RX COMPLETE - Got 191 bytes from csp:2:43 (all fragments ACK'd) [components/cla/posix/cla_csp.c:432]
[Sun Aug  2 19:05:01 2026] [INFO] CSP: RX COMPLETE - Got 191 bytes from csp:2:43 (all fragments ACK'd) [components/cla/posix/cla_csp.c:432]
[Sun Aug  2 19:05:01 2026] [INFO] CSP: RX COMPLETE - Got 191 bytes from csp:2:43 (all fragments ACK'd) [components/cla/posix/cla_csp.c:432]
[Sun Aug  2 19:05:01 2026] [INFO] CSP: RX COMPLETE - Got 191 bytes from csp:2:43 (all fragments ACK'd) [components/cla/posix/cla_csp.c:432]
[Sun Aug  2 19:05:02 2026] [INFO] CSP: RX COMPLETE - Got 191 bytes from csp:2:43 (all fragments ACK'd) [components/cla/posix/cla_csp.c:432]
[Sun Aug  2 19:05:02 2026] [INFO] CSP: RX COMPLETE - Got 191 bytes from csp:2:43 (all fragments ACK'd) [components/cla/posix/cla_csp.c:432]
[Sun Aug  2 19:05:02 2026] [INFO] CSP: RX loop iteration 2910, last_err=0 [components/cla/posix/cla_csp.c:405]
[Sun Aug  2 19:05:02 2026] [INFO] CSP: RX COMPLETE - Got 191 bytes from csp:2:43 (all fragments ACK'd) [components/cla/posix/cla_csp.c:432]
[Sun Aug  2 19:05:02 2026] [INFO] CSP: RX COMPLETE - Got 191 bytes from csp:2:43 (all fragments ACK'd) [components/cla/posix/cla_csp.c:432]
[Sun Aug  2 19:05:02 2026] [INFO] CSP: RX COMPLETE - Got 191 bytes from csp:2:43 (all fragments ACK'd) [components/cla/posix/cla_csp.c:432]
[Sun Aug  2 19:05:02 2026] [INFO] CSP: RX COMPLETE - Got 191 bytes from csp:2:43 (all fragments ACK'd) [components/cla/posix/cla_csp.c:432]
[Sun Aug  2 19:05:03 2026] [INFO] CSP: RX COMPLETE - Got 191 bytes from csp:2:43 (all fragments ACK'd) [components/cla/posix/cla_csp.c:432]
[Sun Aug  2 19:05:03 2026] [INFO] CSP: RX COMPLETE - Got 191 bytes from csp:2:43 (all fragments ACK'd) [components/cla/posix/cla_csp.c:432]
[Sun Aug  2 19:05:03 2026] [INFO] CSP: RX COMPLETE - Got 191 bytes from csp:2:43 (all fragments ACK'd) [components/cla/posix/cla_csp.c:432]
[Sun Aug  2 19:05:03 2026] [INFO] CSP: RX COMPLETE - Got 191 bytes from csp:2:43 (all fragments ACK'd) [components/cla/posix/cla_csp.c:432]
[Sun Aug  2 19:05:03 2026] [INFO] CSP: RX COMPLETE - Got 191 bytes from csp:2:43 (all fragments ACK'd) [components/cla/posix/cla_csp.c:432]
[Sun Aug  2 19:05:03 2026] [INFO] CSP: RX COMPLETE - Got 191 bytes from csp:2:43 (all fragments ACK'd) [components/cla/posix/cla_csp.c:432]
[Sun Aug  2 19:05:03 2026] [INFO] CSP: RX loop iteration 2920, last_err=0 [components/cla/posix/cla_csp.c:405]
[Sun Aug  2 19:05:03 2026] [INFO] CSP: RX COMPLETE - Got 191 bytes from csp:2:43 (all fragments ACK'd) [components/cla/posix/cla_csp.c:432]
[Sun Aug  2 19:05:03 2026] [INFO] CSP: RX COMPLETE - Got 191 bytes from csp:2:43 (all fragments ACK'd) [components/cla/posix/cla_csp.c:432]
[Sun Aug  2 19:05:04 2026] [INFO] CSP: RX COMPLETE - Got 191 bytes from csp:2:43 (all fragments ACK'd) [components/cla/posix/cla_csp.c:432]
[Sun Aug  2 19:05:04 2026] [INFO] CSP: RX COMPLETE - Got 191 bytes from csp:2:43 (all fragments ACK'd) [components/cla/posix/cla_csp.c:432]
[Sun Aug  2 19:05:04 2026] [INFO] CSP: RX COMPLETE - Got 191 bytes from csp:2:43 (all fragments ACK'd) [components/cla/posix/cla_csp.c:432]
[Sun Aug  2 19:05:04 2026] [INFO] CSP: RX COMPLETE - Got 191 bytes from csp:2:43 (all fragments ACK'd) [components/cla/posix/cla_csp.c:432]
[Sun Aug  2 19:05:04 2026] [INFO] CSP: RX COMPLETE - Got 191 bytes from csp:2:43 (all fragments ACK'd) [components/cla/posix/cla_csp.c:432]
[Sun Aug  2 19:05:04 2026] [INFO] CSP: RX COMPLETE - Got 191 bytes from csp:2:43 (all fragments ACK'd) [components/cla/posix/cla_csp.c:432]
[Sun Aug  2 19:05:05 2026] [INFO] CSP: RX COMPLETE - Got 191 bytes from csp:2:43 (all fragments ACK'd) [components/cla/posix/cla_csp.c:432]
[Sun Aug  2 19:05:05 2026] [INFO] CSP: RX COMPLETE - Got 191 bytes from csp:2:43 (all fragments ACK'd) [components/cla/posix/cla_csp.c:432]
[Sun Aug  2 19:05:05 2026] [INFO] CSP: RX loop iteration 2930, last_err=0 [components/cla/posix/cla_csp.c:405]
[Sun Aug  2 19:05:05 2026] [INFO] CSP: RX COMPLETE - Got 191 bytes from csp:2:43 (all fragments ACK'd) [components/cla/posix/cla_csp.c:432]
[Sun Aug  2 19:05:05 2026] [INFO] CSP: RX COMPLETE - Got 191 bytes from csp:2:43 (all fragments ACK'd) [components/cla/posix/cla_csp.c:432]
[Sun Aug  2 19:05:05 2026] [INFO] CSP: RX COMPLETE - Got 191 bytes from csp:2:43 (all fragments ACK'd) [components/cla/posix/cla_csp.c:432]
[Sun Aug  2 19:05:06 2026] [INFO] CSP: RX COMPLETE - Got 191 bytes from csp:2:43 (all fragments ACK'd) [components/cla/posix/cla_csp.c:432]
[Sun Aug  2 19:05:06 2026] [INFO] CSP: RX COMPLETE - Got 191 bytes from csp:2:43 (all fragments ACK'd) [components/cla/posix/cla_csp.c:432]
[Sun Aug  2 19:05:06 2026] [INFO] CSP: RX COMPLETE - Got 191 bytes from csp:2:43 (all fragments ACK'd) [components/cla/posix/cla_csp.c:432]
[Sun Aug  2 19:05:06 2026] [INFO] CSP: RX COMPLETE - Got 191 bytes from csp:2:43 (all fragments ACK'd) [components/cla/posix/cla_csp.c:432]
[Sun Aug  2 19:05:06 2026] [INFO] CSP: RX COMPLETE - Got 191 bytes from csp:2:43 (all fragments ACK'd) [components/cla/posix/cla_csp.c:432]
[Sun Aug  2 19:05:06 2026] [INFO] CSP: RX COMPLETE - Got 191 bytes from csp:2:43 (all fragments ACK'd) [components/cla/posix/cla_csp.c:432]
[Sun Aug  2 19:05:06 2026] [INFO] CSP: RX COMPLETE - Got 191 bytes from csp:2:43 (all fragments ACK'd) [components/cla/posix/cla_csp.c:432]
[Sun Aug  2 19:05:06 2026] [INFO] CSP: RX loop iteration 2940, last_err=0 [components/cla/posix/cla_csp.c:405]
[Sun Aug  2 19:05:06 2026] [INFO] CSP: RX COMPLETE - Got 191 bytes from csp:2:43 (all fragments ACK'd) [components/cla/posix/cla_csp.c:432]
[Sun Aug  2 19:05:07 2026] [INFO] CSP: RX COMPLETE - Got 191 bytes from csp:2:43 (all fragments ACK'd) [components/cla/posix/cla_csp.c:432]
[Sun Aug  2 19:05:07 2026] [INFO] CSP: RX COMPLETE - Got 191 bytes from csp:2:43 (all fragments ACK'd) [components/cla/posix/cla_csp.c:432]
[Sun Aug  2 19:05:07 2026] [INFO] CSP: RX COMPLETE - Got 191 bytes from csp:2:43 (all fragments ACK'd) [components/cla/posix/cla_csp.c:432]
[Sun Aug  2 19:05:07 2026] [INFO] CSP: RX COMPLETE - Got 191 bytes from csp:2:43 (all fragments ACK'd) [components/cla/posix/cla_csp.c:432]
[Sun Aug  2 19:05:07 2026] [INFO] CSP: RX COMPLETE - Got 191 bytes from csp:2:43 (all fragments ACK'd) [components/cla/posix/cla_csp.c:432]
[Sun Aug  2 19:05:07 2026] [INFO] CSP: RX COMPLETE - Got 191 bytes from csp:2:43 (all fragments ACK'd) [components/cla/posix/cla_csp.c:432]
[Sun Aug  2 19:05:08 2026] [INFO] CSP: RX COMPLETE - Got 191 bytes from csp:2:43 (all fragments ACK'd) [components/cla/posix/cla_csp.c:432]
[Sun Aug  2 19:05:08 2026] [INFO] CSP: RX COMPLETE - Got 191 bytes from csp:2:43 (all fragments ACK'd) [components/cla/posix/cla_csp.c:432]
[Sun Aug  2 19:05:08 2026] [INFO] CSP: RX COMPLETE - Got 191 bytes from csp:2:43 (all fragments ACK'd) [components/cla/posix/cla_csp.c:432]
[Sun Aug  2 19:05:08 2026] [INFO] CSP: RX loop iteration 2950, last_err=0 [components/cla/posix/cla_csp.c:405]
[Sun Aug  2 19:05:08 2026] [INFO] CSP: RX COMPLETE - Got 191 bytes from csp:2:43 (all fragments ACK'd) [components/cla/posix/cla_csp.c:432]
[Sun Aug  2 19:05:08 2026] [INFO] CSP: RX COMPLETE - Got 191 bytes from csp:2:43 (all fragments ACK'd) [components/cla/posix/cla_csp.c:432]
[Sun Aug  2 19:05:08 2026] [INFO] CSP: RX COMPLETE - Got 191 bytes from csp:2:43 (all fragments ACK'd) [components/cla/posix/cla_csp.c:432]
[Sun Aug  2 19:05:09 2026] [INFO] CSP: RX COMPLETE - Got 191 bytes from csp:2:43 (all fragments ACK'd) [components/cla/posix/cla_csp.c:432]
[Sun Aug  2 19:05:09 2026] [INFO] CSP: RX COMPLETE - Got 191 bytes from csp:2:43 (all fragments ACK'd) [components/cla/posix/cla_csp.c:432]
[Sun Aug  2 19:05:09 2026] [INFO] CSP: RX COMPLETE - Got 191 bytes from csp:2:43 (all fragments ACK'd) [components/cla/posix/cla_csp.c:432]
[Sun Aug  2 19:05:09 2026] [INFO] CSP: RX COMPLETE - Got 191 bytes from csp:2:43 (all fragments ACK'd) [components/cla/posix/cla_csp.c:432]
[Sun Aug  2 19:05:09 2026] [INFO] CSP: RX COMPLETE - Got 191 bytes from csp:2:43 (all fragments ACK'd) [components/cla/posix/cla_csp.c:432]
[Sun Aug  2 19:05:09 2026] [INFO] CSP: RX COMPLETE - Got 191 bytes from csp:2:43 (all fragments ACK'd) [components/cla/posix/cla_csp.c:432]
[Sun Aug  2 19:05:09 2026] [INFO] CSP: RX COMPLETE - Got 191 bytes from csp:2:43 (all fragments ACK'd) [components/cla/posix/cla_csp.c:432]
[Sun Aug  2 19:05:10 2026] [INFO] CSP: RX loop iteration 2960, last_err=0 [components/cla/posix/cla_csp.c:405]
[Sun Aug  2 19:05:10 2026] [INFO] CSP: RX COMPLETE - Got 191 bytes from csp:2:43 (all fragments ACK'd) [components/cla/posix/cla_csp.c:432]
[Sun Aug  2 19:05:10 2026] [INFO] CSP: RX COMPLETE - Got 191 bytes from csp:2:43 (all fragments ACK'd) [components/cla/posix/cla_csp.c:432]
[Sun Aug  2 19:05:10 2026] [INFO] CSP: RX COMPLETE - Got 191 bytes from csp:2:43 (all fragments ACK'd) [components/cla/posix/cla_csp.c:432]
[Sun Aug  2 19:05:10 2026] [INFO] CSP: RX COMPLETE - Got 191 bytes from csp:2:43 (all fragments ACK'd) [components/cla/posix/cla_csp.c:432]
[Sun Aug  2 19:05:10 2026] [INFO] CSP: RX COMPLETE - Got 191 bytes from csp:2:43 (all fragments ACK'd) [components/cla/posix/cla_csp.c:432]
[Sun Aug  2 19:05:11 2026] [INFO] CSP: RX COMPLETE - Got 191 bytes from csp:2:43 (all fragments ACK'd) [components/cla/posix/cla_csp.c:432]
[Sun Aug  2 19:05:11 2026] [INFO] CSP: RX COMPLETE - Got 191 bytes from csp:2:43 (all fragments ACK'd) [components/cla/posix/cla_csp.c:432]
[Sun Aug  2 19:05:11 2026] [INFO] CSP: RX COMPLETE - Got 191 bytes from csp:2:43 (all fragments ACK'd) [components/cla/posix/cla_csp.c:432]
[Sun Aug  2 19:05:11 2026] [INFO] CSP: RX COMPLETE - Got 191 bytes from csp:2:43 (all fragments ACK'd) [components/cla/posix/cla_csp.c:432]
[Sun Aug  2 19:05:11 2026] [INFO] CSP: RX COMPLETE - Got 191 bytes from csp:2:43 (all fragments ACK'd) [components/cla/posix/cla_csp.c:432]
[Sun Aug  2 19:05:11 2026] [INFO] CSP: RX loop iteration 2970, last_err=0 [components/cla/posix/cla_csp.c:405]
[Sun Aug  2 19:05:11 2026] [INFO] CSP: RX COMPLETE - Got 191 bytes from csp:2:43 (all fragments ACK'd) [components/cla/posix/cla_csp.c:432]
[Sun Aug  2 19:05:11 2026] [INFO] CSP: RX COMPLETE - Got 191 bytes from csp:2:43 (all fragments ACK'd) [components/cla/posix/cla_csp.c:432]
[Sun Aug  2 19:05:11 2026] [INFO] CSP: RX COMPLETE - Got 191 bytes from csp:2:43 (all fragments ACK'd) [components/cla/posix/cla_csp.c:432]
[Sun Aug  2 19:05:12 2026] [INFO] CSP: RX COMPLETE - Got 191 bytes from csp:2:43 (all fragments ACK'd) [components/cla/posix/cla_csp.c:432]
[Sun Aug  2 19:05:12 2026] [INFO] CSP: RX COMPLETE - Got 191 bytes from csp:2:43 (all fragments ACK'd) [components/cla/posix/cla_csp.c:432]
[Sun Aug  2 19:05:12 2026] [INFO] CSP: RX COMPLETE - Got 191 bytes from csp:2:43 (all fragments ACK'd) [components/cla/posix/cla_csp.c:432]
[Sun Aug  2 19:05:12 2026] [INFO] CSP: RX COMPLETE - Got 191 bytes from csp:2:43 (all fragments ACK'd) [components/cla/posix/cla_csp.c:432]
[Sun Aug  2 19:05:12 2026] [INFO] CSP: RX COMPLETE - Got 191 bytes from csp:2:43 (all fragments ACK'd) [components/cla/posix/cla_csp.c:432]
[Sun Aug  2 19:05:12 2026] [INFO] CSP: RX COMPLETE - Got 191 bytes from csp:2:43 (all fragments ACK'd) [components/cla/posix/cla_csp.c:432]
[Sun Aug  2 19:05:12 2026] [INFO] CSP: RX COMPLETE - Got 191 bytes from csp:2:43 (all fragments ACK'd) [components/cla/posix/cla_csp.c:432]
[Sun Aug  2 19:05:13 2026] [INFO] CSP: RX loop iteration 2980, last_err=0 [components/cla/posix/cla_csp.c:405]
[Sun Aug  2 19:05:13 2026] [INFO] CSP: RX COMPLETE - Got 191 bytes from csp:2:43 (all fragments ACK'd) [components/cla/posix/cla_csp.c:432]
[Sun Aug  2 19:05:13 2026] [INFO] CSP: RX COMPLETE - Got 191 bytes from csp:2:43 (all fragments ACK'd) [components/cla/posix/cla_csp.c:432]
[Sun Aug  2 19:05:13 2026] [INFO] CSP: RX COMPLETE - Got 191 bytes from csp:2:43 (all fragments ACK'd) [components/cla/posix/cla_csp.c:432]
[Sun Aug  2 19:05:13 2026] [INFO] CSP: RX COMPLETE - Got 191 bytes from csp:2:43 (all fragments ACK'd) [components/cla/posix/cla_csp.c:432]
[Sun Aug  2 19:05:13 2026] [INFO] CSP: RX COMPLETE - Got 191 bytes from csp:2:43 (all fragments ACK'd) [components/cla/posix/cla_csp.c:432]
[Sun Aug  2 19:05:13 2026] [INFO] CSP: RX COMPLETE - Got 191 bytes from csp:2:43 (all fragments ACK'd) [components/cla/posix/cla_csp.c:432]
[Sun Aug  2 19:05:14 2026] [INFO] CSP: RX COMPLETE - Got 191 bytes from csp:2:43 (all fragments ACK'd) [components/cla/posix/cla_csp.c:432]
[Sun Aug  2 19:05:14 2026] [INFO] CSP: RX COMPLETE - Got 191 bytes from csp:2:43 (all fragments ACK'd) [components/cla/posix/cla_csp.c:432]
[Sun Aug  2 19:05:14 2026] [INFO] CSP: RX COMPLETE - Got 191 bytes from csp:2:43 (all fragments ACK'd) [components/cla/posix/cla_csp.c:432]
[Sun Aug  2 19:05:14 2026] [INFO] CSP: RX COMPLETE - Got 191 bytes from csp:2:43 (all fragments ACK'd) [components/cla/posix/cla_csp.c:432]
[Sun Aug  2 19:05:14 2026] [INFO] CSP: RX loop iteration 2990, last_err=0 [components/cla/posix/cla_csp.c:405]
[Sun Aug  2 19:05:14 2026] [INFO] CSP: RX COMPLETE - Got 191 bytes from csp:2:43 (all fragments ACK'd) [components/cla/posix/cla_csp.c:432]
[Sun Aug  2 19:05:15 2026] [INFO] CSP: RX COMPLETE - Got 191 bytes from csp:2:43 (all fragments ACK'd) [components/cla/posix/cla_csp.c:432]
[Sun Aug  2 19:05:15 2026] [INFO] CSP: RX COMPLETE - Got 191 bytes from csp:2:43 (all fragments ACK'd) [components/cla/posix/cla_csp.c:432]
[Sun Aug  2 19:05:15 2026] [INFO] CSP: RX COMPLETE - Got 191 bytes from csp:2:43 (all fragments ACK'd) [components/cla/posix/cla_csp.c:432]
[Sun Aug  2 19:05:15 2026] [INFO] CSP: RX COMPLETE - Got 191 bytes from csp:2:43 (all fragments ACK'd) [components/cla/posix/cla_csp.c:432]
[Sun Aug  2 19:05:15 2026] [INFO] CSP: RX COMPLETE - Got 191 bytes from csp:2:43 (all fragments ACK'd) [components/cla/posix/cla_csp.c:432]
[Sun Aug  2 19:05:15 2026] [INFO] CSP: RX COMPLETE - Got 191 bytes from csp:2:43 (all fragments ACK'd) [components/cla/posix/cla_csp.c:432]
[Sun Aug  2 19:05:15 2026] [INFO] CSP: RX COMPLETE - Got 191 bytes from csp:2:43 (all fragments ACK'd) [components/cla/posix/cla_csp.c:432]
[Sun Aug  2 19:05:15 2026] [INFO] CSP: RX COMPLETE - Got 191 bytes from csp:2:43 (all fragments ACK'd) [components/cla/posix/cla_csp.c:432]
[Sun Aug  2 19:05:16 2026] [INFO] CSP: RX COMPLETE - Got 191 bytes from csp:2:43 (all fragments ACK'd) [components/cla/posix/cla_csp.c:432]
[Sun Aug  2 19:05:16 2026] [INFO] CSP: RX loop iteration 3000, last_err=0 [components/cla/posix/cla_csp.c:405]
[Sun Aug  2 19:05:16 2026] [INFO] CSP: RX COMPLETE - Got 191 bytes from csp:2:43 (all fragments ACK'd) [components/cla/posix/cla_csp.c:432]
[Sun Aug  2 19:05:16 2026] [INFO] CSP: RX COMPLETE - Got 191 bytes from csp:2:43 (all fragments ACK'd) [components/cla/posix/cla_csp.c:432]
[Sun Aug  2 19:05:16 2026] [INFO] CSP: RX COMPLETE - Got 191 bytes from csp:2:43 (all fragments ACK'd) [components/cla/posix/cla_csp.c:432]
[Sun Aug  2 19:05:16 2026] [INFO] CSP: RX COMPLETE - Got 191 bytes from csp:2:43 (all fragments ACK'd) [components/cla/posix/cla_csp.c:432]
[Sun Aug  2 19:05:16 2026] [INFO] CSP: RX COMPLETE - Got 191 bytes from csp:2:43 (all fragments ACK'd) [components/cla/posix/cla_csp.c:432]
[Sun Aug  2 19:05:17 2026] [INFO] CSP: RX COMPLETE - Got 191 bytes from csp:2:43 (all fragments ACK'd) [components/cla/posix/cla_csp.c:432]
[Sun Aug  2 19:05:17 2026] [INFO] CSP: RX COMPLETE - Got 191 bytes from csp:2:43 (all fragments ACK'd) [components/cla/posix/cla_csp.c:432]
[Sun Aug  2 19:05:17 2026] [INFO] CSP: RX COMPLETE - Got 191 bytes from csp:2:43 (all fragments ACK'd) [components/cla/posix/cla_csp.c:432]
[Sun Aug  2 19:05:17 2026] [INFO] CSP: RX COMPLETE - Got 191 bytes from csp:2:43 (all fragments ACK'd) [components/cla/posix/cla_csp.c:432]
[Sun Aug  2 19:05:17 2026] [INFO] CSP: RX COMPLETE - Got 191 bytes from csp:2:43 (all fragments ACK'd) [components/cla/posix/cla_csp.c:432]
[Sun Aug  2 19:05:17 2026] [INFO] CSP: RX loop iteration 3010, last_err=0 [components/cla/posix/cla_csp.c:405]
[Sun Aug  2 19:05:17 2026] [INFO] CSP: RX COMPLETE - Got 191 bytes from csp:2:43 (all fragments ACK'd) [components/cla/posix/cla_csp.c:432]
[Sun Aug  2 19:05:18 2026] [INFO] CSP: RX COMPLETE - Got 191 bytes from csp:2:43 (all fragments ACK'd) [components/cla/posix/cla_csp.c:432]
[Sun Aug  2 19:05:18 2026] [INFO] CSP: RX COMPLETE - Got 191 bytes from csp:2:43 (all fragments ACK'd) [components/cla/posix/cla_csp.c:432]
[Sun Aug  2 19:05:18 2026] [INFO] CSP: RX COMPLETE - Got 191 bytes from csp:2:43 (all fragments ACK'd) [components/cla/posix/cla_csp.c:432]
[Sun Aug  2 19:05:18 2026] [INFO] CSP: RX COMPLETE - Got 191 bytes from csp:2:43 (all fragments ACK'd) [components/cla/posix/cla_csp.c:432]
[Sun Aug  2 19:05:18 2026] [INFO] CSP: RX COMPLETE - Got 191 bytes from csp:2:43 (all fragments ACK'd) [components/cla/posix/cla_csp.c:432]
[Sun Aug  2 19:05:18 2026] [INFO] CSP: RX COMPLETE - Got 191 bytes from csp:2:43 (all fragments ACK'd) [components/cla/posix/cla_csp.c:432]
[Sun Aug  2 19:05:18 2026] [INFO] CSP: RX COMPLETE - Got 191 bytes from csp:2:43 (all fragments ACK'd) [components/cla/posix/cla_csp.c:432]
[Sun Aug  2 19:05:19 2026] [INFO] CSP: RX COMPLETE - Got 191 bytes from csp:2:43 (all fragments ACK'd) [components/cla/posix/cla_csp.c:432]
[Sun Aug  2 19:05:19 2026] [INFO] CSP: RX COMPLETE - Got 191 bytes from csp:2:43 (all fragments ACK'd) [components/cla/posix/cla_csp.c:432]
[Sun Aug  2 19:05:19 2026] [INFO] CSP: RX loop iteration 3020, last_err=0 [components/cla/posix/cla_csp.c:405]
[Sun Aug  2 19:05:19 2026] [INFO] CSP: RX COMPLETE - Got 191 bytes from csp:2:43 (all fragments ACK'd) [components/cla/posix/cla_csp.c:432]
[Sun Aug  2 19:05:19 2026] [INFO] CSP: RX COMPLETE - Got 191 bytes from csp:2:43 (all fragments ACK'd) [components/cla/posix/cla_csp.c:432]
[Sun Aug  2 19:05:19 2026] [INFO] CSP: RX COMPLETE - Got 191 bytes from csp:2:43 (all fragments ACK'd) [components/cla/posix/cla_csp.c:432]
[Sun Aug  2 19:05:19 2026] [INFO] CSP: RX COMPLETE - Got 191 bytes from csp:2:43 (all fragments ACK'd) [components/cla/posix/cla_csp.c:432]
[Sun Aug  2 19:05:19 2026] [INFO] CSP: RX COMPLETE - Got 191 bytes from csp:2:43 (all fragments ACK'd) [components/cla/posix/cla_csp.c:432]
[Sun Aug  2 19:05:20 2026] [INFO] CSP: RX COMPLETE - Got 191 bytes from csp:2:43 (all fragments ACK'd) [components/cla/posix/cla_csp.c:432]
[Sun Aug  2 19:05:20 2026] [INFO] CSP: RX COMPLETE - Got 191 bytes from csp:2:43 (all fragments ACK'd) [components/cla/posix/cla_csp.c:432]
[Sun Aug  2 19:05:20 2026] [INFO] CSP: RX COMPLETE - Got 191 bytes from csp:2:43 (all fragments ACK'd) [components/cla/posix/cla_csp.c:432]
[Sun Aug  2 19:05:20 2026] [INFO] CSP: RX COMPLETE - Got 191 bytes from csp:2:43 (all fragments ACK'd) [components/cla/posix/cla_csp.c:432]
[Sun Aug  2 19:05:20 2026] [INFO] CSP: RX COMPLETE - Got 191 bytes from csp:2:43 (all fragments ACK'd) [components/cla/posix/cla_csp.c:432]
[Sun Aug  2 19:05:20 2026] [INFO] CSP: RX loop iteration 3030, last_err=0 [components/cla/posix/cla_csp.c:405]
[Sun Aug  2 19:05:20 2026] [INFO] CSP: RX COMPLETE - Got 191 bytes from csp:2:43 (all fragments ACK'd) [components/cla/posix/cla_csp.c:432]
[Sun Aug  2 19:05:20 2026] [INFO] CSP: RX COMPLETE - Got 191 bytes from csp:2:43 (all fragments ACK'd) [components/cla/posix/cla_csp.c:432]
[Sun Aug  2 19:05:21 2026] [INFO] CSP: RX COMPLETE - Got 191 bytes from csp:2:43 (all fragments ACK'd) [components/cla/posix/cla_csp.c:432]
[Sun Aug  2 19:05:21 2026] [INFO] CSP: RX COMPLETE - Got 191 bytes from csp:2:43 (all fragments ACK'd) [components/cla/posix/cla_csp.c:432]
[Sun Aug  2 19:05:21 2026] [INFO] CSP: RX COMPLETE - Got 191 bytes from csp:2:43 (all fragments ACK'd) [components/cla/posix/cla_csp.c:432]
[Sun Aug  2 19:05:21 2026] [INFO] CSP: RX COMPLETE - Got 191 bytes from csp:2:43 (all fragments ACK'd) [components/cla/posix/cla_csp.c:432]
[Sun Aug  2 19:05:22 2026] [INFO] CSP: RX COMPLETE - Got 191 bytes from csp:2:43 (all fragments ACK'd) [components/cla/posix/cla_csp.c:432]
[Sun Aug  2 19:05:22 2026] [INFO] CSP: RX COMPLETE - Got 191 bytes from csp:2:43 (all fragments ACK'd) [components/cla/posix/cla_csp.c:432]
[Sun Aug  2 19:05:22 2026] [INFO] CSP: RX COMPLETE - Got 191 bytes from csp:2:43 (all fragments ACK'd) [components/cla/posix/cla_csp.c:432]
[Sun Aug  2 19:05:22 2026] [INFO] CSP: RX COMPLETE - Got 191 bytes from csp:2:43 (all fragments ACK'd) [components/cla/posix/cla_csp.c:432]
[Sun Aug  2 19:05:22 2026] [INFO] CSP: RX loop iteration 3040, last_err=0 [components/cla/posix/cla_csp.c:405]
[Sun Aug  2 19:05:22 2026] [INFO] CSP: RX COMPLETE - Got 191 bytes from csp:2:43 (all fragments ACK'd) [components/cla/posix/cla_csp.c:432]
[Sun Aug  2 19:05:22 2026] [INFO] CSP: RX COMPLETE - Got 191 bytes from csp:2:43 (all fragments ACK'd) [components/cla/posix/cla_csp.c:432]
[Sun Aug  2 19:05:22 2026] [INFO] CSP: RX COMPLETE - Got 191 bytes from csp:2:43 (all fragments ACK'd) [components/cla/posix/cla_csp.c:432]
[Sun Aug  2 19:05:22 2026] [INFO] CSP: RX COMPLETE - Got 191 bytes from csp:2:43 (all fragments ACK'd) [components/cla/posix/cla_csp.c:432]
[Sun Aug  2 19:05:23 2026] [INFO] CSP: RX COMPLETE - Got 191 bytes from csp:2:43 (all fragments ACK'd) [components/cla/posix/cla_csp.c:432]
[Sun Aug  2 19:05:23 2026] [INFO] CSP: RX COMPLETE - Got 191 bytes from csp:2:43 (all fragments ACK'd) [components/cla/posix/cla_csp.c:432]
[Sun Aug  2 19:05:23 2026] [INFO] CSP: RX COMPLETE - Got 191 bytes from csp:2:43 (all fragments ACK'd) [components/cla/posix/cla_csp.c:432]
[Sun Aug  2 19:05:23 2026] [INFO] CSP: RX COMPLETE - Got 191 bytes from csp:2:43 (all fragments ACK'd) [components/cla/posix/cla_csp.c:432]
[Sun Aug  2 19:05:23 2026] [INFO] CSP: RX COMPLETE - Got 191 bytes from csp:2:43 (all fragments ACK'd) [components/cla/posix/cla_csp.c:432]
[Sun Aug  2 19:05:23 2026] [INFO] CSP: RX COMPLETE - Got 191 bytes from csp:2:43 (all fragments ACK'd) [components/cla/posix/cla_csp.c:432]
[Sun Aug  2 19:05:23 2026] [INFO] CSP: RX loop iteration 3050, last_err=0 [components/cla/posix/cla_csp.c:405]
[Sun Aug  2 19:05:23 2026] [INFO] CSP: RX COMPLETE - Got 191 bytes from csp:2:43 (all fragments ACK'd) [components/cla/posix/cla_csp.c:432]
[Sun Aug  2 19:05:23 2026] [INFO] CSP: RX COMPLETE - Got 191 bytes from csp:2:43 (all fragments ACK'd) [components/cla/posix/cla_csp.c:432]
[Sun Aug  2 19:05:24 2026] [INFO] CSP: RX COMPLETE - Got 191 bytes from csp:2:43 (all fragments ACK'd) [components/cla/posix/cla_csp.c:432]
[Sun Aug  2 19:05:24 2026] [INFO] CSP: RX COMPLETE - Got 191 bytes from csp:2:43 (all fragments ACK'd) [components/cla/posix/cla_csp.c:432]
[Sun Aug  2 19:05:24 2026] [INFO] CSP: RX COMPLETE - Got 191 bytes from csp:2:43 (all fragments ACK'd) [components/cla/posix/cla_csp.c:432]
[Sun Aug  2 19:05:24 2026] [INFO] CSP: RX COMPLETE - Got 191 bytes from csp:2:43 (all fragments ACK'd) [components/cla/posix/cla_csp.c:432]
[Sun Aug  2 19:05:24 2026] [INFO] CSP: RX COMPLETE - Got 191 bytes from csp:2:43 (all fragments ACK'd) [components/cla/posix/cla_csp.c:432]
[Sun Aug  2 19:05:25 2026] [INFO] CSP: RX COMPLETE - Got 191 bytes from csp:2:43 (all fragments ACK'd) [components/cla/posix/cla_csp.c:432]
[Sun Aug  2 19:05:25 2026] [INFO] CSP: RX COMPLETE - Got 191 bytes from csp:2:43 (all fragments ACK'd) [components/cla/posix/cla_csp.c:432]
[Sun Aug  2 19:05:25 2026] [INFO] CSP: RX COMPLETE - Got 191 bytes from csp:2:43 (all fragments ACK'd) [components/cla/posix/cla_csp.c:432]
[Sun Aug  2 19:05:25 2026] [INFO] CSP: RX loop iteration 3060, last_err=0 [components/cla/posix/cla_csp.c:405]
[Sun Aug  2 19:05:25 2026] [INFO] CSP: RX COMPLETE - Got 191 bytes from csp:2:43 (all fragments ACK'd) [components/cla/posix/cla_csp.c:432]
[Sun Aug  2 19:05:25 2026] [INFO] CSP: RX COMPLETE - Got 191 bytes from csp:2:43 (all fragments ACK'd) [components/cla/posix/cla_csp.c:432]
[Sun Aug  2 19:05:26 2026] [INFO] CSP: RX COMPLETE - Got 191 bytes from csp:2:43 (all fragments ACK'd) [components/cla/posix/cla_csp.c:432]
[Sun Aug  2 19:05:26 2026] [INFO] CSP: RX COMPLETE - Got 191 bytes from csp:2:43 (all fragments ACK'd) [components/cla/posix/cla_csp.c:432]
[Sun Aug  2 19:05:26 2026] [INFO] CSP: RX COMPLETE - Got 191 bytes from csp:2:43 (all fragments ACK'd) [components/cla/posix/cla_csp.c:432]
[Sun Aug  2 19:05:26 2026] [INFO] CSP: RX COMPLETE - Got 191 bytes from csp:2:43 (all fragments ACK'd) [components/cla/posix/cla_csp.c:432]
[Sun Aug  2 19:05:26 2026] [INFO] CSP: RX COMPLETE - Got 191 bytes from csp:2:43 (all fragments ACK'd) [components/cla/posix/cla_csp.c:432]
[Sun Aug  2 19:05:26 2026] [INFO] CSP: RX COMPLETE - Got 191 bytes from csp:2:43 (all fragments ACK'd) [components/cla/posix/cla_csp.c:432]
[Sun Aug  2 19:05:26 2026] [INFO] CSP: RX COMPLETE - Got 191 bytes from csp:2:43 (all fragments ACK'd) [components/cla/posix/cla_csp.c:432]
[Sun Aug  2 19:05:26 2026] [INFO] CSP: RX COMPLETE - Got 191 bytes from csp:2:43 (all fragments ACK'd) [components/cla/posix/cla_csp.c:432]
[Sun Aug  2 19:05:27 2026] [INFO] CSP: RX loop iteration 3070, last_err=0 [components/cla/posix/cla_csp.c:405]
[Sun Aug  2 19:05:27 2026] [INFO] CSP: RX COMPLETE - Got 191 bytes from csp:2:43 (all fragments ACK'd) [components/cla/posix/cla_csp.c:432]
[Sun Aug  2 19:05:27 2026] [INFO] CSP: RX COMPLETE - Got 191 bytes from csp:2:43 (all fragments ACK'd) [components/cla/posix/cla_csp.c:432]
[Sun Aug  2 19:05:27 2026] [INFO] CSP: RX COMPLETE - Got 191 bytes from csp:2:43 (all fragments ACK'd) [components/cla/posix/cla_csp.c:432]
[Sun Aug  2 19:05:27 2026] [INFO] CSP: RX COMPLETE - Got 191 bytes from csp:2:43 (all fragments ACK'd) [components/cla/posix/cla_csp.c:432]
[Sun Aug  2 19:05:27 2026] [INFO] CSP: RX COMPLETE - Got 191 bytes from csp:2:43 (all fragments ACK'd) [components/cla/posix/cla_csp.c:432]
[Sun Aug  2 19:05:27 2026] [INFO] CSP: RX COMPLETE - Got 191 bytes from csp:2:43 (all fragments ACK'd) [components/cla/posix/cla_csp.c:432]
[Sun Aug  2 19:05:28 2026] [INFO] CSP: RX COMPLETE - Got 191 bytes from csp:2:43 (all fragments ACK'd) [components/cla/posix/cla_csp.c:432]
[Sun Aug  2 19:05:28 2026] [INFO] CSP: RX COMPLETE - Got 191 bytes from csp:2:43 (all fragments ACK'd) [components/cla/posix/cla_csp.c:432]
[Sun Aug  2 19:05:28 2026] [INFO] CSP: RX COMPLETE - Got 191 bytes from csp:2:43 (all fragments ACK'd) [components/cla/posix/cla_csp.c:432]
[Sun Aug  2 19:05:28 2026] [INFO] CSP: RX COMPLETE - Got 191 bytes from csp:2:43 (all fragments ACK'd) [components/cla/posix/cla_csp.c:432]
[Sun Aug  2 19:05:28 2026] [INFO] CSP: RX loop iteration 3080, last_err=0 [components/cla/posix/cla_csp.c:405]
[Sun Aug  2 19:05:28 2026] [INFO] CSP: RX COMPLETE - Got 191 bytes from csp:2:43 (all fragments ACK'd) [components/cla/posix/cla_csp.c:432]
[Sun Aug  2 19:05:28 2026] [INFO] CSP: RX COMPLETE - Got 191 bytes from csp:2:43 (all fragments ACK'd) [components/cla/posix/cla_csp.c:432]
[Sun Aug  2 19:05:29 2026] [INFO] CSP: RX COMPLETE - Got 191 bytes from csp:2:43 (all fragments ACK'd) [components/cla/posix/cla_csp.c:432]
[Sun Aug  2 19:05:29 2026] [INFO] CSP: RX COMPLETE - Got 191 bytes from csp:2:43 (all fragments ACK'd) [components/cla/posix/cla_csp.c:432]
[Sun Aug  2 19:05:29 2026] [INFO] CSP: RX COMPLETE - Got 191 bytes from csp:2:43 (all fragments ACK'd) [components/cla/posix/cla_csp.c:432]
[Sun Aug  2 19:05:29 2026] [INFO] CSP: RX COMPLETE - Got 191 bytes from csp:2:43 (all fragments ACK'd) [components/cla/posix/cla_csp.c:432]
[Sun Aug  2 19:05:29 2026] [INFO] CSP: RX COMPLETE - Got 191 bytes from csp:2:43 (all fragments ACK'd) [components/cla/posix/cla_csp.c:432]
[Sun Aug  2 19:05:29 2026] [INFO] CSP: RX COMPLETE - Got 191 bytes from csp:2:43 (all fragments ACK'd) [components/cla/posix/cla_csp.c:432]
[Sun Aug  2 19:05:29 2026] [INFO] CSP: RX COMPLETE - Got 191 bytes from csp:2:43 (all fragments ACK'd) [components/cla/posix/cla_csp.c:432]
[Sun Aug  2 19:05:30 2026] [INFO] CSP: RX COMPLETE - Got 191 bytes from csp:2:43 (all fragments ACK'd) [components/cla/posix/cla_csp.c:432]
[Sun Aug  2 19:05:30 2026] [INFO] CSP: RX loop iteration 3090, last_err=0 [components/cla/posix/cla_csp.c:405]
[Sun Aug  2 19:05:30 2026] [INFO] CSP: RX COMPLETE - Got 191 bytes from csp:2:43 (all fragments ACK'd) [components/cla/posix/cla_csp.c:432]
[Sun Aug  2 19:05:30 2026] [INFO] CSP: RX COMPLETE - Got 191 bytes from csp:2:43 (all fragments ACK'd) [components/cla/posix/cla_csp.c:432]
[Sun Aug  2 19:05:30 2026] [INFO] CSP: RX COMPLETE - Got 191 bytes from csp:2:43 (all fragments ACK'd) [components/cla/posix/cla_csp.c:432]
[Sun Aug  2 19:05:30 2026] [INFO] CSP: RX COMPLETE - Got 191 bytes from csp:2:43 (all fragments ACK'd) [components/cla/posix/cla_csp.c:432]
[Sun Aug  2 19:05:30 2026] [INFO] CSP: RX COMPLETE - Got 191 bytes from csp:2:43 (all fragments ACK'd) [components/cla/posix/cla_csp.c:432]
[Sun Aug  2 19:05:31 2026] [INFO] CSP: RX COMPLETE - Got 191 bytes from csp:2:43 (all fragments ACK'd) [components/cla/posix/cla_csp.c:432]
[Sun Aug  2 19:05:31 2026] [INFO] CSP: RX COMPLETE - Got 191 bytes from csp:2:43 (all fragments ACK'd) [components/cla/posix/cla_csp.c:432]
[Sun Aug  2 19:05:31 2026] [INFO] CSP: RX COMPLETE - Got 191 bytes from csp:2:43 (all fragments ACK'd) [components/cla/posix/cla_csp.c:432]
[Sun Aug  2 19:05:31 2026] [INFO] CSP: RX COMPLETE - Got 191 bytes from csp:2:43 (all fragments ACK'd) [components/cla/posix/cla_csp.c:432]
[Sun Aug  2 19:05:31 2026] [INFO] CSP: RX COMPLETE - Got 191 bytes from csp:2:43 (all fragments ACK'd) [components/cla/posix/cla_csp.c:432]
[Sun Aug  2 19:05:31 2026] [INFO] CSP: RX loop iteration 3100, last_err=0 [components/cla/posix/cla_csp.c:405]
[Sun Aug  2 19:05:31 2026] [INFO] CSP: RX COMPLETE - Got 191 bytes from csp:2:43 (all fragments ACK'd) [components/cla/posix/cla_csp.c:432]
[Sun Aug  2 19:05:32 2026] [INFO] CSP: RX COMPLETE - Got 191 bytes from csp:2:43 (all fragments ACK'd) [components/cla/posix/cla_csp.c:432]
[Sun Aug  2 19:05:32 2026] [INFO] CSP: RX COMPLETE - Got 191 bytes from csp:2:43 (all fragments ACK'd) [components/cla/posix/cla_csp.c:432]
[Sun Aug  2 19:05:32 2026] [INFO] CSP: RX COMPLETE - Got 191 bytes from csp:2:43 (all fragments ACK'd) [components/cla/posix/cla_csp.c:432]
[Sun Aug  2 19:05:32 2026] [INFO] CSP: RX COMPLETE - Got 191 bytes from csp:2:43 (all fragments ACK'd) [components/cla/posix/cla_csp.c:432]
[Sun Aug  2 19:05:32 2026] [INFO] CSP: RX COMPLETE - Got 191 bytes from csp:2:43 (all fragments ACK'd) [components/cla/posix/cla_csp.c:432]
[Sun Aug  2 19:05:32 2026] [INFO] CSP: RX COMPLETE - Got 191 bytes from csp:2:43 (all fragments ACK'd) [components/cla/posix/cla_csp.c:432]
[Sun Aug  2 19:05:33 2026] [INFO] CSP: RX COMPLETE - Got 191 bytes from csp:2:43 (all fragments ACK'd) [components/cla/posix/cla_csp.c:432]
[Sun Aug  2 19:05:33 2026] [INFO] CSP: RX COMPLETE - Got 191 bytes from csp:2:43 (all fragments ACK'd) [components/cla/posix/cla_csp.c:432]
[Sun Aug  2 19:05:33 2026] [INFO] CSP: RX COMPLETE - Got 191 bytes from csp:2:43 (all fragments ACK'd) [components/cla/posix/cla_csp.c:432]
[Sun Aug  2 19:05:33 2026] [INFO] CSP: RX loop iteration 3110, last_err=0 [components/cla/posix/cla_csp.c:405]
[Sun Aug  2 19:05:33 2026] [INFO] CSP: RX COMPLETE - Got 191 bytes from csp:2:43 (all fragments ACK'd) [components/cla/posix/cla_csp.c:432]
[Sun Aug  2 19:05:33 2026] [INFO] CSP: RX COMPLETE - Got 191 bytes from csp:2:43 (all fragments ACK'd) [components/cla/posix/cla_csp.c:432]
[Sun Aug  2 19:05:33 2026] [INFO] CSP: RX COMPLETE - Got 191 bytes from csp:2:43 (all fragments ACK'd) [components/cla/posix/cla_csp.c:432]
[Sun Aug  2 19:05:33 2026] [INFO] CSP: RX COMPLETE - Got 191 bytes from csp:2:43 (all fragments ACK'd) [components/cla/posix/cla_csp.c:432]
[Sun Aug  2 19:05:33 2026] [INFO] CSP: RX COMPLETE - Got 191 bytes from csp:2:43 (all fragments ACK'd) [components/cla/posix/cla_csp.c:432]
[Sun Aug  2 19:05:34 2026] [INFO] CSP: RX COMPLETE - Got 191 bytes from csp:2:43 (all fragments ACK'd) [components/cla/posix/cla_csp.c:432]
[Sun Aug  2 19:05:34 2026] [INFO] CSP: RX COMPLETE - Got 191 bytes from csp:2:43 (all fragments ACK'd) [components/cla/posix/cla_csp.c:432]
[Sun Aug  2 19:05:34 2026] [INFO] CSP: RX COMPLETE - Got 191 bytes from csp:2:43 (all fragments ACK'd) [components/cla/posix/cla_csp.c:432]
[Sun Aug  2 19:05:34 2026] [INFO] CSP: RX COMPLETE - Got 191 bytes from csp:2:43 (all fragments ACK'd) [components/cla/posix/cla_csp.c:432]
[Sun Aug  2 19:05:34 2026] [INFO] CSP: RX COMPLETE - Got 191 bytes from csp:2:43 (all fragments ACK'd) [components/cla/posix/cla_csp.c:432]
[Sun Aug  2 19:05:34 2026] [INFO] CSP: RX loop iteration 3120, last_err=0 [components/cla/posix/cla_csp.c:405]
[Sun Aug  2 19:05:34 2026] [INFO] CSP: RX COMPLETE - Got 191 bytes from csp:2:43 (all fragments ACK'd) [components/cla/posix/cla_csp.c:432]
[Sun Aug  2 19:05:34 2026] [INFO] CSP: RX COMPLETE - Got 191 bytes from csp:2:43 (all fragments ACK'd) [components/cla/posix/cla_csp.c:432]
[Sun Aug  2 19:05:35 2026] [INFO] CSP: RX COMPLETE - Got 191 bytes from csp:2:43 (all fragments ACK'd) [components/cla/posix/cla_csp.c:432]
[Sun Aug  2 19:05:35 2026] [INFO] CSP: RX COMPLETE - Got 191 bytes from csp:2:43 (all fragments ACK'd) [components/cla/posix/cla_csp.c:432]
[Sun Aug  2 19:05:35 2026] [INFO] CSP: RX COMPLETE - Got 191 bytes from csp:2:43 (all fragments ACK'd) [components/cla/posix/cla_csp.c:432]
[Sun Aug  2 19:05:35 2026] [INFO] CSP: RX COMPLETE - Got 191 bytes from csp:2:43 (all fragments ACK'd) [components/cla/posix/cla_csp.c:432]
[Sun Aug  2 19:05:35 2026] [INFO] CSP: RX COMPLETE - Got 191 bytes from csp:2:43 (all fragments ACK'd) [components/cla/posix/cla_csp.c:432]
[Sun Aug  2 19:05:35 2026] [INFO] CSP: RX COMPLETE - Got 191 bytes from csp:2:43 (all fragments ACK'd) [components/cla/posix/cla_csp.c:432]
[Sun Aug  2 19:05:35 2026] [INFO] CSP: RX COMPLETE - Got 191 bytes from csp:2:43 (all fragments ACK'd) [components/cla/posix/cla_csp.c:432]
[Sun Aug  2 19:05:36 2026] [INFO] CSP: RX COMPLETE - Got 191 bytes from csp:2:43 (all fragments ACK'd) [components/cla/posix/cla_csp.c:432]
[Sun Aug  2 19:05:36 2026] [INFO] CSP: RX loop iteration 3130, last_err=0 [components/cla/posix/cla_csp.c:405]
[Sun Aug  2 19:05:36 2026] [INFO] CSP: RX COMPLETE - Got 191 bytes from csp:2:43 (all fragments ACK'd) [components/cla/posix/cla_csp.c:432]
[Sun Aug  2 19:05:36 2026] [INFO] CSP: RX COMPLETE - Got 191 bytes from csp:2:43 (all fragments ACK'd) [components/cla/posix/cla_csp.c:432]
[Sun Aug  2 19:05:36 2026] [INFO] CSP: RX COMPLETE - Got 191 bytes from csp:2:43 (all fragments ACK'd) [components/cla/posix/cla_csp.c:432]
[Sun Aug  2 19:05:37 2026] [INFO] CSP: RX COMPLETE - Got 191 bytes from csp:2:43 (all fragments ACK'd) [components/cla/posix/cla_csp.c:432]
[Sun Aug  2 19:05:37 2026] [INFO] CSP: RX COMPLETE - Got 191 bytes from csp:2:43 (all fragments ACK'd) [components/cla/posix/cla_csp.c:432]
[Sun Aug  2 19:05:37 2026] [INFO] CSP: RX COMPLETE - Got 191 bytes from csp:2:43 (all fragments ACK'd) [components/cla/posix/cla_csp.c:432]
[Sun Aug  2 19:05:37 2026] [INFO] CSP: RX COMPLETE - Got 191 bytes from csp:2:43 (all fragments ACK'd) [components/cla/posix/cla_csp.c:432]
[Sun Aug  2 19:05:37 2026] [INFO] CSP: RX COMPLETE - Got 191 bytes from csp:2:43 (all fragments ACK'd) [components/cla/posix/cla_csp.c:432]
[Sun Aug  2 19:05:37 2026] [INFO] CSP: RX COMPLETE - Got 191 bytes from csp:2:43 (all fragments ACK'd) [components/cla/posix/cla_csp.c:432]
[Sun Aug  2 19:05:37 2026] [INFO] CSP: RX COMPLETE - Got 191 bytes from csp:2:43 (all fragments ACK'd) [components/cla/posix/cla_csp.c:432]
[Sun Aug  2 19:05:37 2026] [INFO] CSP: RX loop iteration 3140, last_err=0 [components/cla/posix/cla_csp.c:405]
[Sun Aug  2 19:05:37 2026] [INFO] CSP: RX COMPLETE - Got 191 bytes from csp:2:43 (all fragments ACK'd) [components/cla/posix/cla_csp.c:432]
[Sun Aug  2 19:05:37 2026] [INFO] CSP: RX COMPLETE - Got 191 bytes from csp:2:43 (all fragments ACK'd) [components/cla/posix/cla_csp.c:432]
[Sun Aug  2 19:05:38 2026] [INFO] CSP: RX COMPLETE - Got 191 bytes from csp:2:43 (all fragments ACK'd) [components/cla/posix/cla_csp.c:432]
[Sun Aug  2 19:05:38 2026] [INFO] CSP: RX COMPLETE - Got 191 bytes from csp:2:43 (all fragments ACK'd) [components/cla/posix/cla_csp.c:432]
[Sun Aug  2 19:05:38 2026] [INFO] CSP: RX COMPLETE - Got 191 bytes from csp:2:43 (all fragments ACK'd) [components/cla/posix/cla_csp.c:432]
[Sun Aug  2 19:05:38 2026] [INFO] CSP: RX COMPLETE - Got 191 bytes from csp:2:43 (all fragments ACK'd) [components/cla/posix/cla_csp.c:432]
[Sun Aug  2 19:05:38 2026] [INFO] CSP: RX COMPLETE - Got 191 bytes from csp:2:43 (all fragments ACK'd) [components/cla/posix/cla_csp.c:432]
[Sun Aug  2 19:05:39 2026] [INFO] CSP: RX COMPLETE - Got 191 bytes from csp:2:43 (all fragments ACK'd) [components/cla/posix/cla_csp.c:432]
[Sun Aug  2 19:05:39 2026] [INFO] CSP: RX COMPLETE - Got 191 bytes from csp:2:43 (all fragments ACK'd) [components/cla/posix/cla_csp.c:432]
[Sun Aug  2 19:05:39 2026] [INFO] CSP: RX COMPLETE - Got 191 bytes from csp:2:43 (all fragments ACK'd) [components/cla/posix/cla_csp.c:432]
[Sun Aug  2 19:05:39 2026] [INFO] CSP: RX loop iteration 3150, last_err=0 [components/cla/posix/cla_csp.c:405]
[Sun Aug  2 19:05:39 2026] [INFO] CSP: RX COMPLETE - Got 191 bytes from csp:2:43 (all fragments ACK'd) [components/cla/posix/cla_csp.c:432]
[Sun Aug  2 19:05:39 2026] [INFO] CSP: RX COMPLETE - Got 191 bytes from csp:2:43 (all fragments ACK'd) [components/cla/posix/cla_csp.c:432]
[Sun Aug  2 19:05:39 2026] [INFO] CSP: RX COMPLETE - Got 191 bytes from csp:2:43 (all fragments ACK'd) [components/cla/posix/cla_csp.c:432]
[Sun Aug  2 19:05:40 2026] [INFO] CSP: RX COMPLETE - Got 191 bytes from csp:2:43 (all fragments ACK'd) [components/cla/posix/cla_csp.c:432]
[Sun Aug  2 19:05:40 2026] [INFO] CSP: RX COMPLETE - Got 191 bytes from csp:2:43 (all fragments ACK'd) [components/cla/posix/cla_csp.c:432]
[Sun Aug  2 19:05:40 2026] [INFO] CSP: RX COMPLETE - Got 191 bytes from csp:2:43 (all fragments ACK'd) [components/cla/posix/cla_csp.c:432]
[Sun Aug  2 19:05:40 2026] [INFO] CSP: RX COMPLETE - Got 191 bytes from csp:2:43 (all fragments ACK'd) [components/cla/posix/cla_csp.c:432]
[Sun Aug  2 19:05:40 2026] [INFO] CSP: RX COMPLETE - Got 191 bytes from csp:2:43 (all fragments ACK'd) [components/cla/posix/cla_csp.c:432]
[Sun Aug  2 19:05:40 2026] [INFO] CSP: RX COMPLETE - Got 191 bytes from csp:2:43 (all fragments ACK'd) [components/cla/posix/cla_csp.c:432]
[Sun Aug  2 19:05:40 2026] [INFO] CSP: RX COMPLETE - Got 191 bytes from csp:2:43 (all fragments ACK'd) [components/cla/posix/cla_csp.c:432]
[Sun Aug  2 19:05:41 2026] [INFO] CSP: RX loop iteration 3160, last_err=0 [components/cla/posix/cla_csp.c:405]
[Sun Aug  2 19:05:41 2026] [INFO] CSP: RX COMPLETE - Got 191 bytes from csp:2:43 (all fragments ACK'd) [components/cla/posix/cla_csp.c:432]
[Sun Aug  2 19:05:41 2026] [INFO] CSP: RX COMPLETE - Got 191 bytes from csp:2:43 (all fragments ACK'd) [components/cla/posix/cla_csp.c:432]
[Sun Aug  2 19:05:41 2026] [INFO] CSP: RX COMPLETE - Got 191 bytes from csp:2:43 (all fragments ACK'd) [components/cla/posix/cla_csp.c:432]
[Sun Aug  2 19:05:41 2026] [INFO] CSP: RX COMPLETE - Got 191 bytes from csp:2:43 (all fragments ACK'd) [components/cla/posix/cla_csp.c:432]
[Sun Aug  2 19:05:42 2026] [INFO] CSP: RX COMPLETE - Got 191 bytes from csp:2:43 (all fragments ACK'd) [components/cla/posix/cla_csp.c:432]
[Sun Aug  2 19:05:42 2026] [INFO] CSP: RX COMPLETE - Got 191 bytes from csp:2:43 (all fragments ACK'd) [components/cla/posix/cla_csp.c:432]
[Sun Aug  2 19:05:42 2026] [INFO] CSP: RX COMPLETE - Got 191 bytes from csp:2:43 (all fragments ACK'd) [components/cla/posix/cla_csp.c:432]
[Sun Aug  2 19:05:42 2026] [INFO] CSP: RX COMPLETE - Got 191 bytes from csp:2:43 (all fragments ACK'd) [components/cla/posix/cla_csp.c:432]
[Sun Aug  2 19:05:42 2026] [INFO] CSP: RX COMPLETE - Got 191 bytes from csp:2:43 (all fragments ACK'd) [components/cla/posix/cla_csp.c:432]
[Sun Aug  2 19:05:42 2026] [INFO] CSP: RX COMPLETE - Got 191 bytes from csp:2:43 (all fragments ACK'd) [components/cla/posix/cla_csp.c:432]
[Sun Aug  2 19:05:42 2026] [INFO] CSP: RX loop iteration 3170, last_err=0 [components/cla/posix/cla_csp.c:405]
[Sun Aug  2 19:05:42 2026] [INFO] CSP: RX COMPLETE - Got 191 bytes from csp:2:43 (all fragments ACK'd) [components/cla/posix/cla_csp.c:432]
[Sun Aug  2 19:05:42 2026] [INFO] CSP: RX COMPLETE - Got 191 bytes from csp:2:43 (all fragments ACK'd) [components/cla/posix/cla_csp.c:432]
[Sun Aug  2 19:05:42 2026] [INFO] CSP: RX COMPLETE - Got 191 bytes from csp:2:43 (all fragments ACK'd) [components/cla/posix/cla_csp.c:432]
[Sun Aug  2 19:05:43 2026] [INFO] CSP: RX COMPLETE - Got 191 bytes from csp:2:43 (all fragments ACK'd) [components/cla/posix/cla_csp.c:432]
[Sun Aug  2 19:05:43 2026] [INFO] CSP: RX COMPLETE - Got 191 bytes from csp:2:43 (all fragments ACK'd) [components/cla/posix/cla_csp.c:432]
[Sun Aug  2 19:05:43 2026] [INFO] CSP: RX COMPLETE - Got 191 bytes from csp:2:43 (all fragments ACK'd) [components/cla/posix/cla_csp.c:432]
[Sun Aug  2 19:05:43 2026] [INFO] CSP: RX COMPLETE - Got 191 bytes from csp:2:43 (all fragments ACK'd) [components/cla/posix/cla_csp.c:432]
[Sun Aug  2 19:05:43 2026] [INFO] CSP: RX COMPLETE - Got 191 bytes from csp:2:43 (all fragments ACK'd) [components/cla/posix/cla_csp.c:432]
[Sun Aug  2 19:05:43 2026] [INFO] CSP: RX COMPLETE - Got 191 bytes from csp:2:43 (all fragments ACK'd) [components/cla/posix/cla_csp.c:432]
[Sun Aug  2 19:05:43 2026] [INFO] CSP: RX COMPLETE - Got 191 bytes from csp:2:43 (all fragments ACK'd) [components/cla/posix/cla_csp.c:432]
[Sun Aug  2 19:05:44 2026] [INFO] CSP: RX loop iteration 3180, last_err=0 [components/cla/posix/cla_csp.c:405]
[Sun Aug  2 19:05:44 2026] [INFO] CSP: RX COMPLETE - Got 191 bytes from csp:2:43 (all fragments ACK'd) [components/cla/posix/cla_csp.c:432]
[Sun Aug  2 19:05:44 2026] [INFO] CSP: RX COMPLETE - Got 191 bytes from csp:2:43 (all fragments ACK'd) [components/cla/posix/cla_csp.c:432]
[Sun Aug  2 19:05:44 2026] [INFO] CSP: RX COMPLETE - Got 191 bytes from csp:2:43 (all fragments ACK'd) [components/cla/posix/cla_csp.c:432]
[Sun Aug  2 19:05:44 2026] [INFO] CSP: RX COMPLETE - Got 191 bytes from csp:2:43 (all fragments ACK'd) [components/cla/posix/cla_csp.c:432]
[Sun Aug  2 19:05:44 2026] [INFO] CSP: RX COMPLETE - Got 191 bytes from csp:2:43 (all fragments ACK'd) [components/cla/posix/cla_csp.c:432]
[Sun Aug  2 19:05:44 2026] [INFO] CSP: RX COMPLETE - Got 191 bytes from csp:2:43 (all fragments ACK'd) [components/cla/posix/cla_csp.c:432]
[Sun Aug  2 19:05:45 2026] [INFO] CSP: RX COMPLETE - Got 191 bytes from csp:2:43 (all fragments ACK'd) [components/cla/posix/cla_csp.c:432]
[Sun Aug  2 19:05:45 2026] [INFO] CSP: RX COMPLETE - Got 191 bytes from csp:2:43 (all fragments ACK'd) [components/cla/posix/cla_csp.c:432]
[Sun Aug  2 19:05:45 2026] [INFO] CSP: RX COMPLETE - Got 191 bytes from csp:2:43 (all fragments ACK'd) [components/cla/posix/cla_csp.c:432]
[Sun Aug  2 19:05:45 2026] [INFO] CSP: RX COMPLETE - Got 191 bytes from csp:2:43 (all fragments ACK'd) [components/cla/posix/cla_csp.c:432]
[Sun Aug  2 19:05:45 2026] [INFO] CSP: RX loop iteration 3190, last_err=0 [components/cla/posix/cla_csp.c:405]
[Sun Aug  2 19:05:45 2026] [INFO] CSP: RX COMPLETE - Got 191 bytes from csp:2:43 (all fragments ACK'd) [components/cla/posix/cla_csp.c:432]
[Sun Aug  2 19:05:45 2026] [INFO] CSP: RX COMPLETE - Got 191 bytes from csp:2:43 (all fragments ACK'd) [components/cla/posix/cla_csp.c:432]
[Sun Aug  2 19:05:45 2026] [INFO] CSP: RX COMPLETE - Got 191 bytes from csp:2:43 (all fragments ACK'd) [components/cla/posix/cla_csp.c:432]
[Sun Aug  2 19:05:46 2026] [INFO] CSP: RX COMPLETE - Got 191 bytes from csp:2:43 (all fragments ACK'd) [components/cla/posix/cla_csp.c:432]
[Sun Aug  2 19:05:46 2026] [INFO] CSP: RX COMPLETE - Got 191 bytes from csp:2:43 (all fragments ACK'd) [components/cla/posix/cla_csp.c:432]
[Sun Aug  2 19:05:46 2026] [INFO] CSP: RX COMPLETE - Got 191 bytes from csp:2:43 (all fragments ACK'd) [components/cla/posix/cla_csp.c:432]
[Sun Aug  2 19:05:46 2026] [INFO] CSP: RX COMPLETE - Got 191 bytes from csp:2:43 (all fragments ACK'd) [components/cla/posix/cla_csp.c:432]
[Sun Aug  2 19:05:46 2026] [INFO] CSP: RX COMPLETE - Got 191 bytes from csp:2:43 (all fragments ACK'd) [components/cla/posix/cla_csp.c:432]
[Sun Aug  2 19:05:46 2026] [INFO] CSP: RX COMPLETE - Got 191 bytes from csp:2:43 (all fragments ACK'd) [components/cla/posix/cla_csp.c:432]
[Sun Aug  2 19:05:47 2026] [INFO] CSP: RX COMPLETE - Got 191 bytes from csp:2:43 (all fragments ACK'd) [components/cla/posix/cla_csp.c:432]
[Sun Aug  2 19:05:47 2026] [INFO] CSP: RX loop iteration 3200, last_err=0 [components/cla/posix/cla_csp.c:405]
[Sun Aug  2 19:05:47 2026] [INFO] CSP: RX COMPLETE - Got 191 bytes from csp:2:43 (all fragments ACK'd) [components/cla/posix/cla_csp.c:432]
[Sun Aug  2 19:05:47 2026] [INFO] CSP: RX COMPLETE - Got 191 bytes from csp:2:43 (all fragments ACK'd) [components/cla/posix/cla_csp.c:432]
[Sun Aug  2 19:05:47 2026] [INFO] CSP: RX COMPLETE - Got 191 bytes from csp:2:43 (all fragments ACK'd) [components/cla/posix/cla_csp.c:432]
[Sun Aug  2 19:05:47 2026] [INFO] CSP: RX COMPLETE - Got 191 bytes from csp:2:43 (all fragments ACK'd) [components/cla/posix/cla_csp.c:432]
[Sun Aug  2 19:05:47 2026] [INFO] CSP: RX COMPLETE - Got 191 bytes from csp:2:43 (all fragments ACK'd) [components/cla/posix/cla_csp.c:432]
[Sun Aug  2 19:05:48 2026] [INFO] CSP: RX COMPLETE - Got 191 bytes from csp:2:43 (all fragments ACK'd) [components/cla/posix/cla_csp.c:432]
[Sun Aug  2 19:05:48 2026] [INFO] CSP: RX COMPLETE - Got 191 bytes from csp:2:43 (all fragments ACK'd) [components/cla/posix/cla_csp.c:432]
[Sun Aug  2 19:05:48 2026] [INFO] CSP: RX COMPLETE - Got 191 bytes from csp:2:43 (all fragments ACK'd) [components/cla/posix/cla_csp.c:432]
[Sun Aug  2 19:05:48 2026] [INFO] CSP: RX COMPLETE - Got 191 bytes from csp:2:43 (all fragments ACK'd) [components/cla/posix/cla_csp.c:432]
[Sun Aug  2 19:05:48 2026] [INFO] CSP: RX COMPLETE - Got 191 bytes from csp:2:43 (all fragments ACK'd) [components/cla/posix/cla_csp.c:432]
[Sun Aug  2 19:05:48 2026] [INFO] CSP: RX loop iteration 3210, last_err=0 [components/cla/posix/cla_csp.c:405]
[Sun Aug  2 19:05:48 2026] [INFO] CSP: RX COMPLETE - Got 191 bytes from csp:2:43 (all fragments ACK'd) [components/cla/posix/cla_csp.c:432]
[Sun Aug  2 19:05:48 2026] [INFO] CSP: RX COMPLETE - Got 191 bytes from csp:2:43 (all fragments ACK'd) [components/cla/posix/cla_csp.c:432]
[Sun Aug  2 19:05:49 2026] [INFO] CSP: RX COMPLETE - Got 191 bytes from csp:2:43 (all fragments ACK'd) [components/cla/posix/cla_csp.c:432]
[Sun Aug  2 19:05:49 2026] [INFO] CSP: RX COMPLETE - Got 191 bytes from csp:2:43 (all fragments ACK'd) [components/cla/posix/cla_csp.c:432]
[Sun Aug  2 19:05:49 2026] [INFO] CSP: RX COMPLETE - Got 191 bytes from csp:2:43 (all fragments ACK'd) [components/cla/posix/cla_csp.c:432]
[Sun Aug  2 19:05:49 2026] [INFO] CSP: RX COMPLETE - Got 191 bytes from csp:2:43 (all fragments ACK'd) [components/cla/posix/cla_csp.c:432]
[Sun Aug  2 19:05:49 2026] [INFO] CSP: RX COMPLETE - Got 191 bytes from csp:2:43 (all fragments ACK'd) [components/cla/posix/cla_csp.c:432]
[Sun Aug  2 19:05:49 2026] [INFO] CSP: RX COMPLETE - Got 191 bytes from csp:2:43 (all fragments ACK'd) [components/cla/posix/cla_csp.c:432]
[Sun Aug  2 19:05:49 2026] [INFO] CSP: RX COMPLETE - Got 191 bytes from csp:2:43 (all fragments ACK'd) [components/cla/posix/cla_csp.c:432]
[Sun Aug  2 19:05:50 2026] [INFO] CSP: RX COMPLETE - Got 191 bytes from csp:2:43 (all fragments ACK'd) [components/cla/posix/cla_csp.c:432]
[Sun Aug  2 19:05:50 2026] [INFO] CSP: RX loop iteration 3220, last_err=0 [components/cla/posix/cla_csp.c:405]
[Sun Aug  2 19:05:50 2026] [INFO] CSP: RX COMPLETE - Got 191 bytes from csp:2:43 (all fragments ACK'd) [components/cla/posix/cla_csp.c:432]
[Sun Aug  2 19:05:50 2026] [INFO] CSP: RX COMPLETE - Got 191 bytes from csp:2:43 (all fragments ACK'd) [components/cla/posix/cla_csp.c:432]
[Sun Aug  2 19:05:50 2026] [INFO] CSP: RX COMPLETE - Got 191 bytes from csp:2:43 (all fragments ACK'd) [components/cla/posix/cla_csp.c:432]
[Sun Aug  2 19:05:50 2026] [INFO] CSP: RX COMPLETE - Got 191 bytes from csp:2:43 (all fragments ACK'd) [components/cla/posix/cla_csp.c:432]
[Sun Aug  2 19:05:50 2026] [INFO] CSP: RX COMPLETE - Got 191 bytes from csp:2:43 (all fragments ACK'd) [components/cla/posix/cla_csp.c:432]
[Sun Aug  2 19:05:51 2026] [INFO] CSP: RX COMPLETE - Got 191 bytes from csp:2:43 (all fragments ACK'd) [components/cla/posix/cla_csp.c:432]
[Sun Aug  2 19:05:51 2026] [INFO] CSP: RX COMPLETE - Got 191 bytes from csp:2:43 (all fragments ACK'd) [components/cla/posix/cla_csp.c:432]
[Sun Aug  2 19:05:51 2026] [INFO] CSP: RX COMPLETE - Got 191 bytes from csp:2:43 (all fragments ACK'd) [components/cla/posix/cla_csp.c:432]
[Sun Aug  2 19:05:51 2026] [INFO] CSP: RX COMPLETE - Got 191 bytes from csp:2:43 (all fragments ACK'd) [components/cla/posix/cla_csp.c:432]
[Sun Aug  2 19:05:51 2026] [INFO] CSP: RX COMPLETE - Got 191 bytes from csp:2:43 (all fragments ACK'd) [components/cla/posix/cla_csp.c:432]
[Sun Aug  2 19:05:51 2026] [INFO] CSP: RX loop iteration 3230, last_err=0 [components/cla/posix/cla_csp.c:405]
[Sun Aug  2 19:05:51 2026] [INFO] CSP: RX COMPLETE - Got 191 bytes from csp:2:43 (all fragments ACK'd) [components/cla/posix/cla_csp.c:432]
[Sun Aug  2 19:05:51 2026] [INFO] CSP: RX COMPLETE - Got 191 bytes from csp:2:43 (all fragments ACK'd) [components/cla/posix/cla_csp.c:432]
[Sun Aug  2 19:05:51 2026] [INFO] CSP: RX COMPLETE - Got 191 bytes from csp:2:43 (all fragments ACK'd) [components/cla/posix/cla_csp.c:432]
[Sun Aug  2 19:05:52 2026] [INFO] CSP: RX COMPLETE - Got 384 bytes from csp:2:43 (all fragments ACK'd) [components/cla/posix/cla_csp.c:432]
[Sun Aug  2 19:05:52 2026] [INFO] CSP: RX COMPLETE - Got 384 bytes from csp:2:43 (all fragments ACK'd) [components/cla/posix/cla_csp.c:432]
[Sun Aug  2 19:05:52 2026] [INFO] CSP: RX COMPLETE - Got 384 bytes from csp:2:43 (all fragments ACK'd) [components/cla/posix/cla_csp.c:432]
[Sun Aug  2 19:05:53 2026] [INFO] CSP: RX COMPLETE - Got 384 bytes from csp:2:43 (all fragments ACK'd) [components/cla/posix/cla_csp.c:432]
[Sun Aug  2 19:05:53 2026] [INFO] CSP: RX COMPLETE - Got 384 bytes from csp:2:43 (all fragments ACK'd) [components/cla/posix/cla_csp.c:432]
[Sun Aug  2 19:05:54 2026] [INFO] CSP: RX COMPLETE - Got 384 bytes from csp:2:43 (all fragments ACK'd) [components/cla/posix/cla_csp.c:432]
[Sun Aug  2 19:05:54 2026] [INFO] CSP: RX COMPLETE - Got 384 bytes from csp:2:43 (all fragments ACK'd) [components/cla/posix/cla_csp.c:432]
[Sun Aug  2 19:05:54 2026] [INFO] CSP: RX loop iteration 3240, last_err=0 [components/cla/posix/cla_csp.c:405]
[Sun Aug  2 19:05:54 2026] [INFO] CSP: RX COMPLETE - Got 384 bytes from csp:2:43 (all fragments ACK'd) [components/cla/posix/cla_csp.c:432]
[Sun Aug  2 19:05:54 2026] [INFO] CSP: RX COMPLETE - Got 384 bytes from csp:2:43 (all fragments ACK'd) [components/cla/posix/cla_csp.c:432]
[Sun Aug  2 19:05:55 2026] [INFO] CSP: RX COMPLETE - Got 384 bytes from csp:2:43 (all fragments ACK'd) [components/cla/posix/cla_csp.c:432]
[Sun Aug  2 19:05:55 2026] [INFO] CSP: RX COMPLETE - Got 384 bytes from csp:2:43 (all fragments ACK'd) [components/cla/posix/cla_csp.c:432]
[Sun Aug  2 19:05:55 2026] [INFO] CSP: RX COMPLETE - Got 384 bytes from csp:2:43 (all fragments ACK'd) [components/cla/posix/cla_csp.c:432]
[Sun Aug  2 19:05:56 2026] [INFO] CSP: RX COMPLETE - Got 384 bytes from csp:2:43 (all fragments ACK'd) [components/cla/posix/cla_csp.c:432]
[Sun Aug  2 19:05:56 2026] [INFO] CSP: RX COMPLETE - Got 384 bytes from csp:2:43 (all fragments ACK'd) [components/cla/posix/cla_csp.c:432]
[Sun Aug  2 19:05:56 2026] [INFO] CSP: RX COMPLETE - Got 384 bytes from csp:2:43 (all fragments ACK'd) [components/cla/posix/cla_csp.c:432]
[Sun Aug  2 19:05:56 2026] [INFO] CSP: RX COMPLETE - Got 384 bytes from csp:2:43 (all fragments ACK'd) [components/cla/posix/cla_csp.c:432]
[Sun Aug  2 19:05:57 2026] [INFO] CSP: RX COMPLETE - Got 384 bytes from csp:2:43 (all fragments ACK'd) [components/cla/posix/cla_csp.c:432]
[Sun Aug  2 19:05:57 2026] [INFO] CSP: RX loop iteration 3250, last_err=0 [components/cla/posix/cla_csp.c:405]
[Sun Aug  2 19:05:57 2026] [INFO] CSP: RX COMPLETE - Got 384 bytes from csp:2:43 (all fragments ACK'd) [components/cla/posix/cla_csp.c:432]
[Sun Aug  2 19:05:57 2026] [INFO] CSP: RX COMPLETE - Got 384 bytes from csp:2:43 (all fragments ACK'd) [components/cla/posix/cla_csp.c:432]
[Sun Aug  2 19:05:58 2026] [INFO] CSP: RX COMPLETE - Got 384 bytes from csp:2:43 (all fragments ACK'd) [components/cla/posix/cla_csp.c:432]
[Sun Aug  2 19:05:58 2026] [INFO] CSP: RX COMPLETE - Got 384 bytes from csp:2:43 (all fragments ACK'd) [components/cla/posix/cla_csp.c:432]
[Sun Aug  2 19:05:58 2026] [INFO] CSP: RX COMPLETE - Got 384 bytes from csp:2:43 (all fragments ACK'd) [components/cla/posix/cla_csp.c:432]
[Sun Aug  2 19:05:58 2026] [INFO] CSP: RX COMPLETE - Got 384 bytes from csp:2:43 (all fragments ACK'd) [components/cla/posix/cla_csp.c:432]
[Sun Aug  2 19:05:59 2026] [INFO] CSP: RX COMPLETE - Got 384 bytes from csp:2:43 (all fragments ACK'd) [components/cla/posix/cla_csp.c:432]
[Sun Aug  2 19:05:59 2026] [INFO] CSP: RX COMPLETE - Got 384 bytes from csp:2:43 (all fragments ACK'd) [components/cla/posix/cla_csp.c:432]
[Sun Aug  2 19:05:59 2026] [INFO] CSP: RX COMPLETE - Got 384 bytes from csp:2:43 (all fragments ACK'd) [components/cla/posix/cla_csp.c:432]
[Sun Aug  2 19:06:00 2026] [INFO] CSP: RX COMPLETE - Got 384 bytes from csp:2:43 (all fragments ACK'd) [components/cla/posix/cla_csp.c:432]
[Sun Aug  2 19:06:00 2026] [INFO] CSP: RX loop iteration 3260, last_err=0 [components/cla/posix/cla_csp.c:405]
[Sun Aug  2 19:06:00 2026] [INFO] CSP: RX COMPLETE - Got 384 bytes from csp:2:43 (all fragments ACK'd) [components/cla/posix/cla_csp.c:432]
[Sun Aug  2 19:06:00 2026] [INFO] CSP: RX COMPLETE - Got 384 bytes from csp:2:43 (all fragments ACK'd) [components/cla/posix/cla_csp.c:432]
[Sun Aug  2 19:06:01 2026] [INFO] CSP: RX COMPLETE - Got 384 bytes from csp:2:43 (all fragments ACK'd) [components/cla/posix/cla_csp.c:432]
[Sun Aug  2 19:06:01 2026] [INFO] CSP: RX COMPLETE - Got 384 bytes from csp:2:43 (all fragments ACK'd) [components/cla/posix/cla_csp.c:432]
[Sun Aug  2 19:06:01 2026] [INFO] CSP: RX COMPLETE - Got 384 bytes from csp:2:43 (all fragments ACK'd) [components/cla/posix/cla_csp.c:432]
[Sun Aug  2 19:06:02 2026] [INFO] CSP: RX COMPLETE - Got 384 bytes from csp:2:43 (all fragments ACK'd) [components/cla/posix/cla_csp.c:432]
[Sun Aug  2 19:06:02 2026] [INFO] CSP: RX COMPLETE - Got 384 bytes from csp:2:43 (all fragments ACK'd) [components/cla/posix/cla_csp.c:432]
[Sun Aug  2 19:06:02 2026] [INFO] CSP: RX COMPLETE - Got 384 bytes from csp:2:43 (all fragments ACK'd) [components/cla/posix/cla_csp.c:432]
[Sun Aug  2 19:06:02 2026] [INFO] CSP: RX COMPLETE - Got 384 bytes from csp:2:43 (all fragments ACK'd) [components/cla/posix/cla_csp.c:432]
[Sun Aug  2 19:06:03 2026] [INFO] CSP: RX COMPLETE - Got 384 bytes from csp:2:43 (all fragments ACK'd) [components/cla/posix/cla_csp.c:432]
[Sun Aug  2 19:06:03 2026] [INFO] CSP: RX loop iteration 3270, last_err=0 [components/cla/posix/cla_csp.c:405]
[Sun Aug  2 19:06:03 2026] [INFO] CSP: RX COMPLETE - Got 384 bytes from csp:2:43 (all fragments ACK'd) [components/cla/posix/cla_csp.c:432]
[Sun Aug  2 19:06:03 2026] [INFO] CSP: RX COMPLETE - Got 384 bytes from csp:2:43 (all fragments ACK'd) [components/cla/posix/cla_csp.c:432]
[Sun Aug  2 19:06:04 2026] [INFO] CSP: RX COMPLETE - Got 384 bytes from csp:2:43 (all fragments ACK'd) [components/cla/posix/cla_csp.c:432]
[Sun Aug  2 19:06:04 2026] [INFO] CSP: RX COMPLETE - Got 384 bytes from csp:2:43 (all fragments ACK'd) [components/cla/posix/cla_csp.c:432]
[Sun Aug  2 19:06:04 2026] [INFO] CSP: RX COMPLETE - Got 384 bytes from csp:2:43 (all fragments ACK'd) [components/cla/posix/cla_csp.c:432]
[Sun Aug  2 19:06:04 2026] [INFO] CSP: RX COMPLETE - Got 384 bytes from csp:2:43 (all fragments ACK'd) [components/cla/posix/cla_csp.c:432]
[Sun Aug  2 19:06:05 2026] [INFO] CSP: RX COMPLETE - Got 384 bytes from csp:2:43 (all fragments ACK'd) [components/cla/posix/cla_csp.c:432]
[Sun Aug  2 19:06:05 2026] [INFO] CSP: RX COMPLETE - Got 384 bytes from csp:2:43 (all fragments ACK'd) [components/cla/posix/cla_csp.c:432]
[Sun Aug  2 19:06:05 2026] [INFO] CSP: RX COMPLETE - Got 384 bytes from csp:2:43 (all fragments ACK'd) [components/cla/posix/cla_csp.c:432]
[Sun Aug  2 19:06:06 2026] [INFO] CSP: RX COMPLETE - Got 384 bytes from csp:2:43 (all fragments ACK'd) [components/cla/posix/cla_csp.c:432]
[Sun Aug  2 19:06:06 2026] [INFO] CSP: RX loop iteration 3280, last_err=0 [components/cla/posix/cla_csp.c:405]
[Sun Aug  2 19:06:06 2026] [INFO] CSP: RX COMPLETE - Got 384 bytes from csp:2:43 (all fragments ACK'd) [components/cla/posix/cla_csp.c:432]
[Sun Aug  2 19:06:06 2026] [INFO] CSP: RX COMPLETE - Got 384 bytes from csp:2:43 (all fragments ACK'd) [components/cla/posix/cla_csp.c:432]
[Sun Aug  2 19:06:07 2026] [INFO] CSP: RX COMPLETE - Got 384 bytes from csp:2:43 (all fragments ACK'd) [components/cla/posix/cla_csp.c:432]
[Sun Aug  2 19:06:07 2026] [INFO] CSP: RX COMPLETE - Got 384 bytes from csp:2:43 (all fragments ACK'd) [components/cla/posix/cla_csp.c:432]
[Sun Aug  2 19:06:07 2026] [INFO] CSP: RX COMPLETE - Got 384 bytes from csp:2:43 (all fragments ACK'd) [components/cla/posix/cla_csp.c:432]
[Sun Aug  2 19:06:07 2026] [INFO] CSP: RX COMPLETE - Got 384 bytes from csp:2:43 (all fragments ACK'd) [components/cla/posix/cla_csp.c:432]
[Sun Aug  2 19:06:08 2026] [INFO] CSP: RX COMPLETE - Got 384 bytes from csp:2:43 (all fragments ACK'd) [components/cla/posix/cla_csp.c:432]
[Sun Aug  2 19:06:08 2026] [INFO] CSP: RX COMPLETE - Got 384 bytes from csp:2:43 (all fragments ACK'd) [components/cla/posix/cla_csp.c:432]
[Sun Aug  2 19:06:08 2026] [INFO] CSP: RX COMPLETE - Got 384 bytes from csp:2:43 (all fragments ACK'd) [components/cla/posix/cla_csp.c:432]
[Sun Aug  2 19:06:09 2026] [INFO] CSP: RX COMPLETE - Got 384 bytes from csp:2:43 (all fragments ACK'd) [components/cla/posix/cla_csp.c:432]
[Sun Aug  2 19:06:09 2026] [INFO] CSP: RX loop iteration 3290, last_err=0 [components/cla/posix/cla_csp.c:405]
[Sun Aug  2 19:06:09 2026] [INFO] CSP: RX COMPLETE - Got 384 bytes from csp:2:43 (all fragments ACK'd) [components/cla/posix/cla_csp.c:432]
[Sun Aug  2 19:06:09 2026] [INFO] CSP: RX COMPLETE - Got 384 bytes from csp:2:43 (all fragments ACK'd) [components/cla/posix/cla_csp.c:432]
[Sun Aug  2 19:06:10 2026] [INFO] CSP: RX COMPLETE - Got 384 bytes from csp:2:43 (all fragments ACK'd) [components/cla/posix/cla_csp.c:432]
[Sun Aug  2 19:06:10 2026] [INFO] CSP: RX COMPLETE - Got 384 bytes from csp:2:43 (all fragments ACK'd) [components/cla/posix/cla_csp.c:432]
[Sun Aug  2 19:06:10 2026] [INFO] CSP: RX COMPLETE - Got 384 bytes from csp:2:43 (all fragments ACK'd) [components/cla/posix/cla_csp.c:432]
[Sun Aug  2 19:06:10 2026] [INFO] CSP: RX COMPLETE - Got 384 bytes from csp:2:43 (all fragments ACK'd) [components/cla/posix/cla_csp.c:432]
[Sun Aug  2 19:06:11 2026] [INFO] CSP: RX COMPLETE - Got 384 bytes from csp:2:43 (all fragments ACK'd) [components/cla/posix/cla_csp.c:432]
[Sun Aug  2 19:06:11 2026] [INFO] CSP: RX COMPLETE - Got 384 bytes from csp:2:43 (all fragments ACK'd) [components/cla/posix/cla_csp.c:432]
[Sun Aug  2 19:06:11 2026] [INFO] CSP: RX COMPLETE - Got 384 bytes from csp:2:43 (all fragments ACK'd) [components/cla/posix/cla_csp.c:432]
[Sun Aug  2 19:06:12 2026] [INFO] CSP: RX COMPLETE - Got 384 bytes from csp:2:43 (all fragments ACK'd) [components/cla/posix/cla_csp.c:432]
[Sun Aug  2 19:06:12 2026] [INFO] CSP: RX loop iteration 3300, last_err=0 [components/cla/posix/cla_csp.c:405]
[Sun Aug  2 19:06:12 2026] [INFO] CSP: RX COMPLETE - Got 384 bytes from csp:2:43 (all fragments ACK'd) [components/cla/posix/cla_csp.c:432]
[Sun Aug  2 19:06:12 2026] [INFO] CSP: RX COMPLETE - Got 384 bytes from csp:2:43 (all fragments ACK'd) [components/cla/posix/cla_csp.c:432]
[Sun Aug  2 19:06:13 2026] [INFO] CSP: RX COMPLETE - Got 384 bytes from csp:2:43 (all fragments ACK'd) [components/cla/posix/cla_csp.c:432]
[Sun Aug  2 19:06:13 2026] [INFO] CSP: RX COMPLETE - Got 384 bytes from csp:2:43 (all fragments ACK'd) [components/cla/posix/cla_csp.c:432]
[Sun Aug  2 19:06:13 2026] [INFO] CSP: RX COMPLETE - Got 384 bytes from csp:2:43 (all fragments ACK'd) [components/cla/posix/cla_csp.c:432]
[Sun Aug  2 19:06:13 2026] [INFO] CSP: RX COMPLETE - Got 384 bytes from csp:2:43 (all fragments ACK'd) [components/cla/posix/cla_csp.c:432]
[Sun Aug  2 19:06:14 2026] [INFO] CSP: RX COMPLETE - Got 384 bytes from csp:2:43 (all fragments ACK'd) [components/cla/posix/cla_csp.c:432]
[Sun Aug  2 19:06:14 2026] [INFO] CSP: RX COMPLETE - Got 384 bytes from csp:2:43 (all fragments ACK'd) [components/cla/posix/cla_csp.c:432]
[Sun Aug  2 19:06:14 2026] [INFO] CSP: RX COMPLETE - Got 384 bytes from csp:2:43 (all fragments ACK'd) [components/cla/posix/cla_csp.c:432]
[Sun Aug  2 19:06:15 2026] [INFO] CSP: RX COMPLETE - Got 384 bytes from csp:2:43 (all fragments ACK'd) [components/cla/posix/cla_csp.c:432]
[Sun Aug  2 19:06:15 2026] [INFO] CSP: RX loop iteration 3310, last_err=0 [components/cla/posix/cla_csp.c:405]
[Sun Aug  2 19:06:15 2026] [INFO] CSP: RX COMPLETE - Got 384 bytes from csp:2:43 (all fragments ACK'd) [components/cla/posix/cla_csp.c:432]
[Sun Aug  2 19:06:15 2026] [INFO] CSP: RX COMPLETE - Got 384 bytes from csp:2:43 (all fragments ACK'd) [components/cla/posix/cla_csp.c:432]
[Sun Aug  2 19:06:16 2026] [INFO] CSP: RX COMPLETE - Got 384 bytes from csp:2:43 (all fragments ACK'd) [components/cla/posix/cla_csp.c:432]
[Sun Aug  2 19:06:16 2026] [INFO] CSP: RX COMPLETE - Got 384 bytes from csp:2:43 (all fragments ACK'd) [components/cla/posix/cla_csp.c:432]
[Sun Aug  2 19:06:16 2026] [INFO] CSP: RX COMPLETE - Got 384 bytes from csp:2:43 (all fragments ACK'd) [components/cla/posix/cla_csp.c:432]
[Sun Aug  2 19:06:16 2026] [INFO] CSP: RX COMPLETE - Got 384 bytes from csp:2:43 (all fragments ACK'd) [components/cla/posix/cla_csp.c:432]
[Sun Aug  2 19:06:17 2026] [INFO] CSP: RX COMPLETE - Got 384 bytes from csp:2:43 (all fragments ACK'd) [components/cla/posix/cla_csp.c:432]
[Sun Aug  2 19:06:17 2026] [INFO] CSP: RX COMPLETE - Got 384 bytes from csp:2:43 (all fragments ACK'd) [components/cla/posix/cla_csp.c:432]
[Sun Aug  2 19:06:17 2026] [INFO] CSP: RX COMPLETE - Got 384 bytes from csp:2:43 (all fragments ACK'd) [components/cla/posix/cla_csp.c:432]
[Sun Aug  2 19:06:18 2026] [INFO] CSP: RX COMPLETE - Got 384 bytes from csp:2:43 (all fragments ACK'd) [components/cla/posix/cla_csp.c:432]
[Sun Aug  2 19:06:18 2026] [INFO] CSP: RX loop iteration 3320, last_err=0 [components/cla/posix/cla_csp.c:405]
[Sun Aug  2 19:06:18 2026] [INFO] CSP: RX COMPLETE - Got 384 bytes from csp:2:43 (all fragments ACK'd) [components/cla/posix/cla_csp.c:432]
[Sun Aug  2 19:06:18 2026] [INFO] CSP: RX COMPLETE - Got 384 bytes from csp:2:43 (all fragments ACK'd) [components/cla/posix/cla_csp.c:432]
[Sun Aug  2 19:06:18 2026] [INFO] CSP: RX COMPLETE - Got 384 bytes from csp:2:43 (all fragments ACK'd) [components/cla/posix/cla_csp.c:432]
[Sun Aug  2 19:06:19 2026] [INFO] CSP: RX COMPLETE - Got 384 bytes from csp:2:43 (all fragments ACK'd) [components/cla/posix/cla_csp.c:432]
[Sun Aug  2 19:06:19 2026] [INFO] CSP: RX COMPLETE - Got 384 bytes from csp:2:43 (all fragments ACK'd) [components/cla/posix/cla_csp.c:432]
[Sun Aug  2 19:06:19 2026] [INFO] CSP: RX COMPLETE - Got 384 bytes from csp:2:43 (all fragments ACK'd) [components/cla/posix/cla_csp.c:432]
[Sun Aug  2 19:06:20 2026] [INFO] CSP: RX COMPLETE - Got 384 bytes from csp:2:43 (all fragments ACK'd) [components/cla/posix/cla_csp.c:432]
[Sun Aug  2 19:06:20 2026] [INFO] CSP: RX COMPLETE - Got 384 bytes from csp:2:43 (all fragments ACK'd) [components/cla/posix/cla_csp.c:432]
[Sun Aug  2 19:06:20 2026] [INFO] CSP: RX COMPLETE - Got 384 bytes from csp:2:43 (all fragments ACK'd) [components/cla/posix/cla_csp.c:432]
[Sun Aug  2 19:06:20 2026] [INFO] CSP: RX COMPLETE - Got 384 bytes from csp:2:43 (all fragments ACK'd) [components/cla/posix/cla_csp.c:432]
[Sun Aug  2 19:06:21 2026] [INFO] CSP: RX loop iteration 3330, last_err=0 [components/cla/posix/cla_csp.c:405]
[Sun Aug  2 19:06:21 2026] [INFO] CSP: RX COMPLETE - Got 384 bytes from csp:2:43 (all fragments ACK'd) [components/cla/posix/cla_csp.c:432]
[Sun Aug  2 19:06:21 2026] [INFO] CSP: RX COMPLETE - Got 384 bytes from csp:2:43 (all fragments ACK'd) [components/cla/posix/cla_csp.c:432]
[Sun Aug  2 19:06:21 2026] [INFO] CSP: RX COMPLETE - Got 384 bytes from csp:2:43 (all fragments ACK'd) [components/cla/posix/cla_csp.c:432]
[Sun Aug  2 19:06:22 2026] [INFO] CSP: RX COMPLETE - Got 384 bytes from csp:2:43 (all fragments ACK'd) [components/cla/posix/cla_csp.c:432]
[Sun Aug  2 19:06:22 2026] [INFO] CSP: RX COMPLETE - Got 384 bytes from csp:2:43 (all fragments ACK'd) [components/cla/posix/cla_csp.c:432]
[Sun Aug  2 19:06:22 2026] [INFO] CSP: RX COMPLETE - Got 384 bytes from csp:2:43 (all fragments ACK'd) [components/cla/posix/cla_csp.c:432]
[Sun Aug  2 19:06:23 2026] [INFO] CSP: RX COMPLETE - Got 384 bytes from csp:2:43 (all fragments ACK'd) [components/cla/posix/cla_csp.c:432]
[Sun Aug  2 19:06:23 2026] [INFO] CSP: RX COMPLETE - Got 384 bytes from csp:2:43 (all fragments ACK'd) [components/cla/posix/cla_csp.c:432]
[Sun Aug  2 19:06:23 2026] [INFO] CSP: RX COMPLETE - Got 384 bytes from csp:2:43 (all fragments ACK'd) [components/cla/posix/cla_csp.c:432]
[Sun Aug  2 19:06:24 2026] [INFO] CSP: RX COMPLETE - Got 384 bytes from csp:2:43 (all fragments ACK'd) [components/cla/posix/cla_csp.c:432]
[Sun Aug  2 19:06:24 2026] [INFO] CSP: RX loop iteration 3340, last_err=0 [components/cla/posix/cla_csp.c:405]
[Sun Aug  2 19:06:24 2026] [INFO] CSP: RX COMPLETE - Got 384 bytes from csp:2:43 (all fragments ACK'd) [components/cla/posix/cla_csp.c:432]
[Sun Aug  2 19:06:24 2026] [INFO] CSP: RX COMPLETE - Got 384 bytes from csp:2:43 (all fragments ACK'd) [components/cla/posix/cla_csp.c:432]
[Sun Aug  2 19:06:25 2026] [INFO] CSP: RX COMPLETE - Got 384 bytes from csp:2:43 (all fragments ACK'd) [components/cla/posix/cla_csp.c:432]
[Sun Aug  2 19:06:25 2026] [INFO] CSP: RX COMPLETE - Got 384 bytes from csp:2:43 (all fragments ACK'd) [components/cla/posix/cla_csp.c:432]
[Sun Aug  2 19:06:25 2026] [INFO] CSP: RX COMPLETE - Got 384 bytes from csp:2:43 (all fragments ACK'd) [components/cla/posix/cla_csp.c:432]
[Sun Aug  2 19:06:25 2026] [INFO] CSP: RX COMPLETE - Got 384 bytes from csp:2:43 (all fragments ACK'd) [components/cla/posix/cla_csp.c:432]
[Sun Aug  2 19:06:26 2026] [INFO] CSP: RX COMPLETE - Got 384 bytes from csp:2:43 (all fragments ACK'd) [components/cla/posix/cla_csp.c:432]
[Sun Aug  2 19:06:26 2026] [INFO] CSP: RX COMPLETE - Got 384 bytes from csp:2:43 (all fragments ACK'd) [components/cla/posix/cla_csp.c:432]
[Sun Aug  2 19:06:26 2026] [INFO] CSP: RX COMPLETE - Got 384 bytes from csp:2:43 (all fragments ACK'd) [components/cla/posix/cla_csp.c:432]
[Sun Aug  2 19:06:26 2026] [INFO] CSP: RX COMPLETE - Got 384 bytes from csp:2:43 (all fragments ACK'd) [components/cla/posix/cla_csp.c:432]
[Sun Aug  2 19:06:27 2026] [INFO] CSP: RX loop iteration 3350, last_err=0 [components/cla/posix/cla_csp.c:405]
[Sun Aug  2 19:06:27 2026] [INFO] CSP: RX COMPLETE - Got 384 bytes from csp:2:43 (all fragments ACK'd) [components/cla/posix/cla_csp.c:432]
[Sun Aug  2 19:06:27 2026] [INFO] CSP: RX COMPLETE - Got 384 bytes from csp:2:43 (all fragments ACK'd) [components/cla/posix/cla_csp.c:432]
[Sun Aug  2 19:06:28 2026] [INFO] CSP: RX COMPLETE - Got 384 bytes from csp:2:43 (all fragments ACK'd) [components/cla/posix/cla_csp.c:432]
[Sun Aug  2 19:06:28 2026] [INFO] CSP: RX COMPLETE - Got 384 bytes from csp:2:43 (all fragments ACK'd) [components/cla/posix/cla_csp.c:432]
[Sun Aug  2 19:06:28 2026] [INFO] CSP: RX COMPLETE - Got 384 bytes from csp:2:43 (all fragments ACK'd) [components/cla/posix/cla_csp.c:432]
[Sun Aug  2 19:06:28 2026] [INFO] CSP: RX COMPLETE - Got 384 bytes from csp:2:43 (all fragments ACK'd) [components/cla/posix/cla_csp.c:432]
[Sun Aug  2 19:06:29 2026] [INFO] CSP: RX COMPLETE - Got 384 bytes from csp:2:43 (all fragments ACK'd) [components/cla/posix/cla_csp.c:432]
[Sun Aug  2 19:06:29 2026] [INFO] CSP: RX COMPLETE - Got 384 bytes from csp:2:43 (all fragments ACK'd) [components/cla/posix/cla_csp.c:432]
[Sun Aug  2 19:06:29 2026] [INFO] CSP: RX COMPLETE - Got 384 bytes from csp:2:43 (all fragments ACK'd) [components/cla/posix/cla_csp.c:432]
[Sun Aug  2 19:06:29 2026] [INFO] CSP: RX COMPLETE - Got 384 bytes from csp:2:43 (all fragments ACK'd) [components/cla/posix/cla_csp.c:432]
[Sun Aug  2 19:06:30 2026] [INFO] CSP: RX loop iteration 3360, last_err=0 [components/cla/posix/cla_csp.c:405]
[Sun Aug  2 19:06:30 2026] [INFO] CSP: RX COMPLETE - Got 384 bytes from csp:2:43 (all fragments ACK'd) [components/cla/posix/cla_csp.c:432]
[Sun Aug  2 19:06:30 2026] [INFO] CSP: RX COMPLETE - Got 384 bytes from csp:2:43 (all fragments ACK'd) [components/cla/posix/cla_csp.c:432]
[Sun Aug  2 19:06:30 2026] [INFO] CSP: RX COMPLETE - Got 384 bytes from csp:2:43 (all fragments ACK'd) [components/cla/posix/cla_csp.c:432]
[Sun Aug  2 19:06:31 2026] [INFO] CSP: RX COMPLETE - Got 384 bytes from csp:2:43 (all fragments ACK'd) [components/cla/posix/cla_csp.c:432]
[Sun Aug  2 19:06:31 2026] [INFO] CSP: RX COMPLETE - Got 384 bytes from csp:2:43 (all fragments ACK'd) [components/cla/posix/cla_csp.c:432]
[Sun Aug  2 19:06:31 2026] [INFO] CSP: RX COMPLETE - Got 384 bytes from csp:2:43 (all fragments ACK'd) [components/cla/posix/cla_csp.c:432]
[Sun Aug  2 19:06:32 2026] [INFO] CSP: RX COMPLETE - Got 384 bytes from csp:2:43 (all fragments ACK'd) [components/cla/posix/cla_csp.c:432]
[Sun Aug  2 19:06:32 2026] [INFO] CSP: RX COMPLETE - Got 384 bytes from csp:2:43 (all fragments ACK'd) [components/cla/posix/cla_csp.c:432]
[Sun Aug  2 19:06:32 2026] [INFO] CSP: RX COMPLETE - Got 384 bytes from csp:2:43 (all fragments ACK'd) [components/cla/posix/cla_csp.c:432]
[Sun Aug  2 19:06:32 2026] [INFO] CSP: RX COMPLETE - Got 384 bytes from csp:2:43 (all fragments ACK'd) [components/cla/posix/cla_csp.c:432]
[Sun Aug  2 19:06:33 2026] [INFO] CSP: RX loop iteration 3370, last_err=0 [components/cla/posix/cla_csp.c:405]
[Sun Aug  2 19:06:33 2026] [INFO] CSP: RX COMPLETE - Got 384 bytes from csp:2:43 (all fragments ACK'd) [components/cla/posix/cla_csp.c:432]
[Sun Aug  2 19:06:33 2026] [INFO] CSP: RX COMPLETE - Got 384 bytes from csp:2:43 (all fragments ACK'd) [components/cla/posix/cla_csp.c:432]
[Sun Aug  2 19:06:33 2026] [INFO] CSP: RX COMPLETE - Got 384 bytes from csp:2:43 (all fragments ACK'd) [components/cla/posix/cla_csp.c:432]
[Sun Aug  2 19:06:34 2026] [INFO] CSP: RX COMPLETE - Got 384 bytes from csp:2:43 (all fragments ACK'd) [components/cla/posix/cla_csp.c:432]
[Sun Aug  2 19:06:34 2026] [INFO] CSP: RX COMPLETE - Got 384 bytes from csp:2:43 (all fragments ACK'd) [components/cla/posix/cla_csp.c:432]
[Sun Aug  2 19:06:34 2026] [INFO] CSP: RX COMPLETE - Got 384 bytes from csp:2:43 (all fragments ACK'd) [components/cla/posix/cla_csp.c:432]
[Sun Aug  2 19:06:34 2026] [INFO] CSP: RX COMPLETE - Got 384 bytes from csp:2:43 (all fragments ACK'd) [components/cla/posix/cla_csp.c:432]
[Sun Aug  2 19:06:35 2026] [INFO] CSP: RX COMPLETE - Got 384 bytes from csp:2:43 (all fragments ACK'd) [components/cla/posix/cla_csp.c:432]
[Sun Aug  2 19:06:35 2026] [INFO] CSP: RX COMPLETE - Got 384 bytes from csp:2:43 (all fragments ACK'd) [components/cla/posix/cla_csp.c:432]
[Sun Aug  2 19:06:35 2026] [INFO] CSP: RX COMPLETE - Got 384 bytes from csp:2:43 (all fragments ACK'd) [components/cla/posix/cla_csp.c:432]
[Sun Aug  2 19:06:36 2026] [INFO] CSP: RX loop iteration 3380, last_err=0 [components/cla/posix/cla_csp.c:405]
[Sun Aug  2 19:06:36 2026] [INFO] CSP: RX COMPLETE - Got 384 bytes from csp:2:43 (all fragments ACK'd) [components/cla/posix/cla_csp.c:432]
[Sun Aug  2 19:06:36 2026] [INFO] CSP: RX COMPLETE - Got 384 bytes from csp:2:43 (all fragments ACK'd) [components/cla/posix/cla_csp.c:432]
[Sun Aug  2 19:06:36 2026] [INFO] CSP: RX COMPLETE - Got 384 bytes from csp:2:43 (all fragments ACK'd) [components/cla/posix/cla_csp.c:432]
[Sun Aug  2 19:06:37 2026] [INFO] CSP: RX COMPLETE - Got 384 bytes from csp:2:43 (all fragments ACK'd) [components/cla/posix/cla_csp.c:432]
[Sun Aug  2 19:06:37 2026] [INFO] CSP: RX COMPLETE - Got 384 bytes from csp:2:43 (all fragments ACK'd) [components/cla/posix/cla_csp.c:432]
[Sun Aug  2 19:06:37 2026] [INFO] CSP: RX COMPLETE - Got 384 bytes from csp:2:43 (all fragments ACK'd) [components/cla/posix/cla_csp.c:432]
[Sun Aug  2 19:06:38 2026] [INFO] CSP: RX COMPLETE - Got 384 bytes from csp:2:43 (all fragments ACK'd) [components/cla/posix/cla_csp.c:432]
[Sun Aug  2 19:06:38 2026] [INFO] CSP: RX COMPLETE - Got 384 bytes from csp:2:43 (all fragments ACK'd) [components/cla/posix/cla_csp.c:432]
[Sun Aug  2 19:06:38 2026] [INFO] CSP: RX COMPLETE - Got 384 bytes from csp:2:43 (all fragments ACK'd) [components/cla/posix/cla_csp.c:432]
[Sun Aug  2 19:06:38 2026] [INFO] CSP: RX COMPLETE - Got 384 bytes from csp:2:43 (all fragments ACK'd) [components/cla/posix/cla_csp.c:432]
[Sun Aug  2 19:06:39 2026] [INFO] CSP: RX loop iteration 3390, last_err=0 [components/cla/posix/cla_csp.c:405]
[Sun Aug  2 19:06:39 2026] [INFO] CSP: RX COMPLETE - Got 384 bytes from csp:2:43 (all fragments ACK'd) [components/cla/posix/cla_csp.c:432]
[Sun Aug  2 19:06:39 2026] [INFO] CSP: RX COMPLETE - Got 384 bytes from csp:2:43 (all fragments ACK'd) [components/cla/posix/cla_csp.c:432]
[Sun Aug  2 19:06:39 2026] [INFO] CSP: RX COMPLETE - Got 384 bytes from csp:2:43 (all fragments ACK'd) [components/cla/posix/cla_csp.c:432]
[Sun Aug  2 19:06:40 2026] [INFO] CSP: RX COMPLETE - Got 384 bytes from csp:2:43 (all fragments ACK'd) [components/cla/posix/cla_csp.c:432]
[Sun Aug  2 19:06:40 2026] [INFO] CSP: RX COMPLETE - Got 384 bytes from csp:2:43 (all fragments ACK'd) [components/cla/posix/cla_csp.c:432]
[Sun Aug  2 19:06:40 2026] [INFO] CSP: RX COMPLETE - Got 384 bytes from csp:2:43 (all fragments ACK'd) [components/cla/posix/cla_csp.c:432]
[Sun Aug  2 19:06:40 2026] [INFO] CSP: RX COMPLETE - Got 384 bytes from csp:2:43 (all fragments ACK'd) [components/cla/posix/cla_csp.c:432]
[Sun Aug  2 19:06:41 2026] [INFO] CSP: RX COMPLETE - Got 384 bytes from csp:2:43 (all fragments ACK'd) [components/cla/posix/cla_csp.c:432]
[Sun Aug  2 19:06:41 2026] [INFO] CSP: RX COMPLETE - Got 384 bytes from csp:2:43 (all fragments ACK'd) [components/cla/posix/cla_csp.c:432]
[Sun Aug  2 19:06:41 2026] [INFO] CSP: RX COMPLETE - Got 384 bytes from csp:2:43 (all fragments ACK'd) [components/cla/posix/cla_csp.c:432]
[Sun Aug  2 19:06:42 2026] [INFO] CSP: RX loop iteration 3400, last_err=0 [components/cla/posix/cla_csp.c:405]
[Sun Aug  2 19:06:42 2026] [INFO] CSP: RX COMPLETE - Got 384 bytes from csp:2:43 (all fragments ACK'd) [components/cla/posix/cla_csp.c:432]
[Sun Aug  2 19:06:42 2026] [INFO] CSP: RX COMPLETE - Got 384 bytes from csp:2:43 (all fragments ACK'd) [components/cla/posix/cla_csp.c:432]
[Sun Aug  2 19:06:43 2026] [INFO] CSP: RX COMPLETE - Got 384 bytes from csp:2:43 (all fragments ACK'd) [components/cla/posix/cla_csp.c:432]
[Sun Aug  2 19:06:43 2026] [INFO] CSP: RX COMPLETE - Got 384 bytes from csp:2:43 (all fragments ACK'd) [components/cla/posix/cla_csp.c:432]
[Sun Aug  2 19:06:43 2026] [INFO] CSP: RX COMPLETE - Got 384 bytes from csp:2:43 (all fragments ACK'd) [components/cla/posix/cla_csp.c:432]
[Sun Aug  2 19:06:43 2026] [INFO] CSP: RX COMPLETE - Got 384 bytes from csp:2:43 (all fragments ACK'd) [components/cla/posix/cla_csp.c:432]
[Sun Aug  2 19:06:44 2026] [INFO] CSP: RX COMPLETE - Got 384 bytes from csp:2:43 (all fragments ACK'd) [components/cla/posix/cla_csp.c:432]
[Sun Aug  2 19:06:44 2026] [INFO] CSP: RX COMPLETE - Got 384 bytes from csp:2:43 (all fragments ACK'd) [components/cla/posix/cla_csp.c:432]
[Sun Aug  2 19:06:44 2026] [INFO] CSP: RX COMPLETE - Got 384 bytes from csp:2:43 (all fragments ACK'd) [components/cla/posix/cla_csp.c:432]
[Sun Aug  2 19:06:44 2026] [INFO] CSP: RX COMPLETE - Got 384 bytes from csp:2:43 (all fragments ACK'd) [components/cla/posix/cla_csp.c:432]
[Sun Aug  2 19:06:45 2026] [INFO] CSP: RX loop iteration 3410, last_err=0 [components/cla/posix/cla_csp.c:405]
[Sun Aug  2 19:06:45 2026] [INFO] CSP: RX COMPLETE - Got 384 bytes from csp:2:43 (all fragments ACK'd) [components/cla/posix/cla_csp.c:432]
[Sun Aug  2 19:06:45 2026] [INFO] CSP: RX COMPLETE - Got 384 bytes from csp:2:43 (all fragments ACK'd) [components/cla/posix/cla_csp.c:432]
[Sun Aug  2 19:06:45 2026] [INFO] CSP: RX COMPLETE - Got 384 bytes from csp:2:43 (all fragments ACK'd) [components/cla/posix/cla_csp.c:432]
[Sun Aug  2 19:06:46 2026] [INFO] CSP: RX COMPLETE - Got 384 bytes from csp:2:43 (all fragments ACK'd) [components/cla/posix/cla_csp.c:432]
[Sun Aug  2 19:06:46 2026] [INFO] CSP: RX COMPLETE - Got 384 bytes from csp:2:43 (all fragments ACK'd) [components/cla/posix/cla_csp.c:432]
[Sun Aug  2 19:06:46 2026] [INFO] CSP: RX COMPLETE - Got 384 bytes from csp:2:43 (all fragments ACK'd) [components/cla/posix/cla_csp.c:432]
[Sun Aug  2 19:06:46 2026] [INFO] CSP: RX COMPLETE - Got 384 bytes from csp:2:43 (all fragments ACK'd) [components/cla/posix/cla_csp.c:432]
[Sun Aug  2 19:06:47 2026] [INFO] CSP: RX COMPLETE - Got 384 bytes from csp:2:43 (all fragments ACK'd) [components/cla/posix/cla_csp.c:432]
[Sun Aug  2 19:06:47 2026] [INFO] CSP: RX COMPLETE - Got 384 bytes from csp:2:43 (all fragments ACK'd) [components/cla/posix/cla_csp.c:432]
[Sun Aug  2 19:06:47 2026] [INFO] CSP: RX COMPLETE - Got 384 bytes from csp:2:43 (all fragments ACK'd) [components/cla/posix/cla_csp.c:432]
[Sun Aug  2 19:06:48 2026] [INFO] CSP: RX loop iteration 3420, last_err=0 [components/cla/posix/cla_csp.c:405]
[Sun Aug  2 19:06:48 2026] [INFO] CSP: RX COMPLETE - Got 384 bytes from csp:2:43 (all fragments ACK'd) [components/cla/posix/cla_csp.c:432]
[Sun Aug  2 19:06:48 2026] [INFO] CSP: RX COMPLETE - Got 384 bytes from csp:2:43 (all fragments ACK'd) [components/cla/posix/cla_csp.c:432]
[Sun Aug  2 19:06:48 2026] [INFO] CSP: RX COMPLETE - Got 384 bytes from csp:2:43 (all fragments ACK'd) [components/cla/posix/cla_csp.c:432]
[Sun Aug  2 19:06:49 2026] [INFO] CSP: RX COMPLETE - Got 384 bytes from csp:2:43 (all fragments ACK'd) [components/cla/posix/cla_csp.c:432]
[Sun Aug  2 19:06:49 2026] [INFO] CSP: RX COMPLETE - Got 384 bytes from csp:2:43 (all fragments ACK'd) [components/cla/posix/cla_csp.c:432]
[Sun Aug  2 19:06:49 2026] [INFO] CSP: RX COMPLETE - Got 384 bytes from csp:2:43 (all fragments ACK'd) [components/cla/posix/cla_csp.c:432]
[Sun Aug  2 19:06:49 2026] [INFO] CSP: RX COMPLETE - Got 384 bytes from csp:2:43 (all fragments ACK'd) [components/cla/posix/cla_csp.c:432]
[Sun Aug  2 19:06:50 2026] [INFO] CSP: RX COMPLETE - Got 384 bytes from csp:2:43 (all fragments ACK'd) [components/cla/posix/cla_csp.c:432]
[Sun Aug  2 19:06:50 2026] [INFO] CSP: RX COMPLETE - Got 384 bytes from csp:2:43 (all fragments ACK'd) [components/cla/posix/cla_csp.c:432]
[Sun Aug  2 19:06:50 2026] [INFO] CSP: RX COMPLETE - Got 384 bytes from csp:2:43 (all fragments ACK'd) [components/cla/posix/cla_csp.c:432]
[Sun Aug  2 19:06:51 2026] [INFO] CSP: RX loop iteration 3430, last_err=0 [components/cla/posix/cla_csp.c:405]
[Sun Aug  2 19:06:51 2026] [INFO] CSP: RX COMPLETE - Got 384 bytes from csp:2:43 (all fragments ACK'd) [components/cla/posix/cla_csp.c:432]
[Sun Aug  2 19:06:51 2026] [INFO] CSP: RX COMPLETE - Got 384 bytes from csp:2:43 (all fragments ACK'd) [components/cla/posix/cla_csp.c:432]
[Sun Aug  2 19:06:51 2026] [INFO] CSP: RX COMPLETE - Got 384 bytes from csp:2:43 (all fragments ACK'd) [components/cla/posix/cla_csp.c:432]
[Sun Aug  2 19:06:52 2026] [INFO] CSP: RX COMPLETE - Got 384 bytes from csp:2:43 (all fragments ACK'd) [components/cla/posix/cla_csp.c:432]
[Sun Aug  2 19:06:52 2026] [INFO] CSP: RX COMPLETE - Got 384 bytes from csp:2:43 (all fragments ACK'd) [components/cla/posix/cla_csp.c:432]
[Sun Aug  2 19:06:52 2026] [INFO] CSP: RX COMPLETE - Got 384 bytes from csp:2:43 (all fragments ACK'd) [components/cla/posix/cla_csp.c:432]
[Sun Aug  2 19:06:53 2026] [INFO] CSP: RX COMPLETE - Got 384 bytes from csp:2:43 (all fragments ACK'd) [components/cla/posix/cla_csp.c:432]
[Sun Aug  2 19:06:53 2026] [INFO] CSP: RX COMPLETE - Got 384 bytes from csp:2:43 (all fragments ACK'd) [components/cla/posix/cla_csp.c:432]
[Sun Aug  2 19:06:53 2026] [INFO] CSP: RX COMPLETE - Got 384 bytes from csp:2:43 (all fragments ACK'd) [components/cla/posix/cla_csp.c:432]
[Sun Aug  2 19:06:53 2026] [INFO] CSP: RX COMPLETE - Got 384 bytes from csp:2:43 (all fragments ACK'd) [components/cla/posix/cla_csp.c:432]
[Sun Aug  2 19:06:54 2026] [INFO] CSP: RX loop iteration 3440, last_err=0 [components/cla/posix/cla_csp.c:405]
[Sun Aug  2 19:06:54 2026] [INFO] CSP: RX COMPLETE - Got 384 bytes from csp:2:43 (all fragments ACK'd) [components/cla/posix/cla_csp.c:432]
[Sun Aug  2 19:06:54 2026] [INFO] CSP: RX COMPLETE - Got 384 bytes from csp:2:43 (all fragments ACK'd) [components/cla/posix/cla_csp.c:432]
[Sun Aug  2 19:06:54 2026] [INFO] CSP: RX COMPLETE - Got 384 bytes from csp:2:43 (all fragments ACK'd) [components/cla/posix/cla_csp.c:432]
[Sun Aug  2 19:06:55 2026] [INFO] CSP: RX COMPLETE - Got 384 bytes from csp:2:43 (all fragments ACK'd) [components/cla/posix/cla_csp.c:432]
[Sun Aug  2 19:06:55 2026] [INFO] CSP: RX COMPLETE - Got 384 bytes from csp:2:43 (all fragments ACK'd) [components/cla/posix/cla_csp.c:432]
[Sun Aug  2 19:06:55 2026] [INFO] CSP: RX COMPLETE - Got 384 bytes from csp:2:43 (all fragments ACK'd) [components/cla/posix/cla_csp.c:432]
[Sun Aug  2 19:06:55 2026] [INFO] CSP: RX COMPLETE - Got 384 bytes from csp:2:43 (all fragments ACK'd) [components/cla/posix/cla_csp.c:432]
[Sun Aug  2 19:06:56 2026] [INFO] CSP: RX COMPLETE - Got 384 bytes from csp:2:43 (all fragments ACK'd) [components/cla/posix/cla_csp.c:432]
[Sun Aug  2 19:06:56 2026] [INFO] CSP: RX COMPLETE - Got 384 bytes from csp:2:43 (all fragments ACK'd) [components/cla/posix/cla_csp.c:432]
[Sun Aug  2 19:06:56 2026] [INFO] CSP: RX COMPLETE - Got 384 bytes from csp:2:43 (all fragments ACK'd) [components/cla/posix/cla_csp.c:432]
[Sun Aug  2 19:06:56 2026] [INFO] CSP: RX loop iteration 3450, last_err=0 [components/cla/posix/cla_csp.c:405]
[Sun Aug  2 19:06:56 2026] [INFO] CSP: RX COMPLETE - Got 384 bytes from csp:2:43 (all fragments ACK'd) [components/cla/posix/cla_csp.c:432]
[Sun Aug  2 19:06:57 2026] [INFO] CSP: RX COMPLETE - Got 384 bytes from csp:2:43 (all fragments ACK'd) [components/cla/posix/cla_csp.c:432]
[Sun Aug  2 19:06:57 2026] [INFO] CSP: RX COMPLETE - Got 384 bytes from csp:2:43 (all fragments ACK'd) [components/cla/posix/cla_csp.c:432]
[Sun Aug  2 19:06:58 2026] [INFO] CSP: RX COMPLETE - Got 384 bytes from csp:2:43 (all fragments ACK'd) [components/cla/posix/cla_csp.c:432]
[Sun Aug  2 19:06:58 2026] [INFO] CSP: RX COMPLETE - Got 384 bytes from csp:2:43 (all fragments ACK'd) [components/cla/posix/cla_csp.c:432]
[Sun Aug  2 19:06:58 2026] [INFO] CSP: RX COMPLETE - Got 384 bytes from csp:2:43 (all fragments ACK'd) [components/cla/posix/cla_csp.c:432]
[Sun Aug  2 19:06:58 2026] [INFO] CSP: RX COMPLETE - Got 384 bytes from csp:2:43 (all fragments ACK'd) [components/cla/posix/cla_csp.c:432]
[Sun Aug  2 19:06:59 2026] [INFO] CSP: RX COMPLETE - Got 384 bytes from csp:2:43 (all fragments ACK'd) [components/cla/posix/cla_csp.c:432]
[Sun Aug  2 19:06:59 2026] [INFO] CSP: RX COMPLETE - Got 384 bytes from csp:2:43 (all fragments ACK'd) [components/cla/posix/cla_csp.c:432]
[Sun Aug  2 19:06:59 2026] [INFO] CSP: RX COMPLETE - Got 384 bytes from csp:2:43 (all fragments ACK'd) [components/cla/posix/cla_csp.c:432]
[Sun Aug  2 19:07:00 2026] [INFO] CSP: RX loop iteration 3460, last_err=0 [components/cla/posix/cla_csp.c:405]
[Sun Aug  2 19:07:00 2026] [INFO] CSP: RX COMPLETE - Got 384 bytes from csp:2:43 (all fragments ACK'd) [components/cla/posix/cla_csp.c:432]
[Sun Aug  2 19:07:00 2026] [INFO] CSP: RX COMPLETE - Got 384 bytes from csp:2:43 (all fragments ACK'd) [components/cla/posix/cla_csp.c:432]
[Sun Aug  2 19:07:00 2026] [INFO] CSP: RX COMPLETE - Got 384 bytes from csp:2:43 (all fragments ACK'd) [components/cla/posix/cla_csp.c:432]
[Sun Aug  2 19:07:01 2026] [INFO] CSP: RX COMPLETE - Got 384 bytes from csp:2:43 (all fragments ACK'd) [components/cla/posix/cla_csp.c:432]
[Sun Aug  2 19:07:01 2026] [INFO] CSP: RX COMPLETE - Got 384 bytes from csp:2:43 (all fragments ACK'd) [components/cla/posix/cla_csp.c:432]
[Sun Aug  2 19:07:01 2026] [INFO] CSP: RX COMPLETE - Got 384 bytes from csp:2:43 (all fragments ACK'd) [components/cla/posix/cla_csp.c:432]
[Sun Aug  2 19:07:01 2026] [INFO] CSP: RX COMPLETE - Got 384 bytes from csp:2:43 (all fragments ACK'd) [components/cla/posix/cla_csp.c:432]
[Sun Aug  2 19:07:01 2026] [INFO] CSP: RX COMPLETE - Got 384 bytes from csp:2:43 (all fragments ACK'd) [components/cla/posix/cla_csp.c:432]
[Sun Aug  2 19:07:02 2026] [INFO] CSP: RX COMPLETE - Got 384 bytes from csp:2:43 (all fragments ACK'd) [components/cla/posix/cla_csp.c:432]
[Sun Aug  2 19:07:02 2026] [INFO] CSP: RX COMPLETE - Got 384 bytes from csp:2:43 (all fragments ACK'd) [components/cla/posix/cla_csp.c:432]
[Sun Aug  2 19:07:03 2026] [INFO] CSP: RX loop iteration 3470, last_err=0 [components/cla/posix/cla_csp.c:405]
[Sun Aug  2 19:07:03 2026] [INFO] CSP: RX COMPLETE - Got 384 bytes from csp:2:43 (all fragments ACK'd) [components/cla/posix/cla_csp.c:432]
[Sun Aug  2 19:07:03 2026] [INFO] CSP: RX COMPLETE - Got 384 bytes from csp:2:43 (all fragments ACK'd) [components/cla/posix/cla_csp.c:432]
[Sun Aug  2 19:07:03 2026] [INFO] CSP: RX COMPLETE - Got 384 bytes from csp:2:43 (all fragments ACK'd) [components/cla/posix/cla_csp.c:432]
[Sun Aug  2 19:07:04 2026] [INFO] CSP: RX COMPLETE - Got 384 bytes from csp:2:43 (all fragments ACK'd) [components/cla/posix/cla_csp.c:432]
[Sun Aug  2 19:07:04 2026] [INFO] CSP: RX COMPLETE - Got 384 bytes from csp:2:43 (all fragments ACK'd) [components/cla/posix/cla_csp.c:432]
[Sun Aug  2 19:07:04 2026] [INFO] CSP: RX COMPLETE - Got 384 bytes from csp:2:43 (all fragments ACK'd) [components/cla/posix/cla_csp.c:432]
[Sun Aug  2 19:07:04 2026] [INFO] CSP: RX COMPLETE - Got 384 bytes from csp:2:43 (all fragments ACK'd) [components/cla/posix/cla_csp.c:432]
[Sun Aug  2 19:07:05 2026] [INFO] CSP: RX COMPLETE - Got 384 bytes from csp:2:43 (all fragments ACK'd) [components/cla/posix/cla_csp.c:432]
[Sun Aug  2 19:07:05 2026] [INFO] CSP: RX COMPLETE - Got 384 bytes from csp:2:43 (all fragments ACK'd) [components/cla/posix/cla_csp.c:432]
[Sun Aug  2 19:07:05 2026] [INFO] CSP: RX COMPLETE - Got 384 bytes from csp:2:43 (all fragments ACK'd) [components/cla/posix/cla_csp.c:432]
[Sun Aug  2 19:07:05 2026] [INFO] CSP: RX loop iteration 3480, last_err=0 [components/cla/posix/cla_csp.c:405]
[Sun Aug  2 19:07:05 2026] [INFO] CSP: RX COMPLETE - Got 384 bytes from csp:2:43 (all fragments ACK'd) [components/cla/posix/cla_csp.c:432]
[Sun Aug  2 19:07:06 2026] [INFO] CSP: RX COMPLETE - Got 384 bytes from csp:2:43 (all fragments ACK'd) [components/cla/posix/cla_csp.c:432]
[Sun Aug  2 19:07:06 2026] [INFO] CSP: RX COMPLETE - Got 384 bytes from csp:2:43 (all fragments ACK'd) [components/cla/posix/cla_csp.c:432]
[Sun Aug  2 19:07:06 2026] [INFO] CSP: RX COMPLETE - Got 384 bytes from csp:2:43 (all fragments ACK'd) [components/cla/posix/cla_csp.c:432]
[Sun Aug  2 19:07:07 2026] [INFO] CSP: RX COMPLETE - Got 384 bytes from csp:2:43 (all fragments ACK'd) [components/cla/posix/cla_csp.c:432]
[Sun Aug  2 19:07:07 2026] [INFO] CSP: RX COMPLETE - Got 384 bytes from csp:2:43 (all fragments ACK'd) [components/cla/posix/cla_csp.c:432]
[Sun Aug  2 19:07:07 2026] [INFO] CSP: RX COMPLETE - Got 384 bytes from csp:2:43 (all fragments ACK'd) [components/cla/posix/cla_csp.c:432]
[Sun Aug  2 19:07:08 2026] [INFO] CSP: RX COMPLETE - Got 384 bytes from csp:2:43 (all fragments ACK'd) [components/cla/posix/cla_csp.c:432]
[Sun Aug  2 19:07:08 2026] [INFO] CSP: RX COMPLETE - Got 384 bytes from csp:2:43 (all fragments ACK'd) [components/cla/posix/cla_csp.c:432]
[Sun Aug  2 19:07:08 2026] [INFO] CSP: RX COMPLETE - Got 384 bytes from csp:2:43 (all fragments ACK'd) [components/cla/posix/cla_csp.c:432]
[Sun Aug  2 19:07:08 2026] [INFO] CSP: RX loop iteration 3490, last_err=0 [components/cla/posix/cla_csp.c:405]
[Sun Aug  2 19:07:08 2026] [INFO] CSP: RX COMPLETE - Got 384 bytes from csp:2:43 (all fragments ACK'd) [components/cla/posix/cla_csp.c:432]
[Sun Aug  2 19:07:09 2026] [INFO] CSP: RX COMPLETE - Got 384 bytes from csp:2:43 (all fragments ACK'd) [components/cla/posix/cla_csp.c:432]
[Sun Aug  2 19:07:09 2026] [INFO] CSP: RX COMPLETE - Got 384 bytes from csp:2:43 (all fragments ACK'd) [components/cla/posix/cla_csp.c:432]
[Sun Aug  2 19:07:09 2026] [INFO] CSP: RX COMPLETE - Got 384 bytes from csp:2:43 (all fragments ACK'd) [components/cla/posix/cla_csp.c:432]
[Sun Aug  2 19:07:10 2026] [INFO] CSP: RX COMPLETE - Got 384 bytes from csp:2:43 (all fragments ACK'd) [components/cla/posix/cla_csp.c:432]
[Sun Aug  2 19:07:10 2026] [INFO] CSP: RX COMPLETE - Got 384 bytes from csp:2:43 (all fragments ACK'd) [components/cla/posix/cla_csp.c:432]
[Sun Aug  2 19:07:10 2026] [INFO] CSP: RX COMPLETE - Got 384 bytes from csp:2:43 (all fragments ACK'd) [components/cla/posix/cla_csp.c:432]
[Sun Aug  2 19:07:11 2026] [INFO] CSP: RX COMPLETE - Got 384 bytes from csp:2:43 (all fragments ACK'd) [components/cla/posix/cla_csp.c:432]
[Sun Aug  2 19:07:11 2026] [INFO] CSP: RX COMPLETE - Got 384 bytes from csp:2:43 (all fragments ACK'd) [components/cla/posix/cla_csp.c:432]
[Sun Aug  2 19:07:11 2026] [INFO] CSP: RX COMPLETE - Got 384 bytes from csp:2:43 (all fragments ACK'd) [components/cla/posix/cla_csp.c:432]
[Sun Aug  2 19:07:11 2026] [INFO] CSP: RX loop iteration 3500, last_err=0 [components/cla/posix/cla_csp.c:405]
[Sun Aug  2 19:07:11 2026] [INFO] CSP: RX COMPLETE - Got 384 bytes from csp:2:43 (all fragments ACK'd) [components/cla/posix/cla_csp.c:432]
[Sun Aug  2 19:07:12 2026] [INFO] CSP: RX COMPLETE - Got 384 bytes from csp:2:43 (all fragments ACK'd) [components/cla/posix/cla_csp.c:432]
[Sun Aug  2 19:07:12 2026] [INFO] CSP: RX COMPLETE - Got 384 bytes from csp:2:43 (all fragments ACK'd) [components/cla/posix/cla_csp.c:432]
[Sun Aug  2 19:07:12 2026] [INFO] CSP: RX COMPLETE - Got 384 bytes from csp:2:43 (all fragments ACK'd) [components/cla/posix/cla_csp.c:432]
[Sun Aug  2 19:07:13 2026] [INFO] CSP: RX COMPLETE - Got 384 bytes from csp:2:43 (all fragments ACK'd) [components/cla/posix/cla_csp.c:432]
[Sun Aug  2 19:07:13 2026] [INFO] CSP: RX COMPLETE - Got 384 bytes from csp:2:43 (all fragments ACK'd) [components/cla/posix/cla_csp.c:432]
[Sun Aug  2 19:07:13 2026] [INFO] CSP: RX COMPLETE - Got 384 bytes from csp:2:43 (all fragments ACK'd) [components/cla/posix/cla_csp.c:432]
[Sun Aug  2 19:07:13 2026] [INFO] CSP: RX COMPLETE - Got 384 bytes from csp:2:43 (all fragments ACK'd) [components/cla/posix/cla_csp.c:432]
[Sun Aug  2 19:07:14 2026] [INFO] CSP: RX COMPLETE - Got 384 bytes from csp:2:43 (all fragments ACK'd) [components/cla/posix/cla_csp.c:432]
[Sun Aug  2 19:07:14 2026] [INFO] CSP: RX COMPLETE - Got 384 bytes from csp:2:43 (all fragments ACK'd) [components/cla/posix/cla_csp.c:432]
[Sun Aug  2 19:07:15 2026] [INFO] CSP: RX loop iteration 3510, last_err=0 [components/cla/posix/cla_csp.c:405]
[Sun Aug  2 19:07:15 2026] [INFO] CSP: RX COMPLETE - Got 384 bytes from csp:2:43 (all fragments ACK'd) [components/cla/posix/cla_csp.c:432]
[Sun Aug  2 19:07:15 2026] [INFO] CSP: RX COMPLETE - Got 384 bytes from csp:2:43 (all fragments ACK'd) [components/cla/posix/cla_csp.c:432]
[Sun Aug  2 19:07:15 2026] [INFO] CSP: RX COMPLETE - Got 384 bytes from csp:2:43 (all fragments ACK'd) [components/cla/posix/cla_csp.c:432]
[Sun Aug  2 19:07:15 2026] [INFO] CSP: RX COMPLETE - Got 384 bytes from csp:2:43 (all fragments ACK'd) [components/cla/posix/cla_csp.c:432]
[Sun Aug  2 19:07:16 2026] [INFO] CSP: RX COMPLETE - Got 384 bytes from csp:2:43 (all fragments ACK'd) [components/cla/posix/cla_csp.c:432]
[Sun Aug  2 19:07:16 2026] [INFO] CSP: RX COMPLETE - Got 384 bytes from csp:2:43 (all fragments ACK'd) [components/cla/posix/cla_csp.c:432]
[Sun Aug  2 19:07:16 2026] [INFO] CSP: RX COMPLETE - Got 384 bytes from csp:2:43 (all fragments ACK'd) [components/cla/posix/cla_csp.c:432]
[Sun Aug  2 19:07:16 2026] [INFO] CSP: RX COMPLETE - Got 384 bytes from csp:2:43 (all fragments ACK'd) [components/cla/posix/cla_csp.c:432]
[Sun Aug  2 19:07:17 2026] [INFO] CSP: RX COMPLETE - Got 384 bytes from csp:2:43 (all fragments ACK'd) [components/cla/posix/cla_csp.c:432]
[Sun Aug  2 19:07:17 2026] [INFO] CSP: RX COMPLETE - Got 384 bytes from csp:2:43 (all fragments ACK'd) [components/cla/posix/cla_csp.c:432]
[Sun Aug  2 19:07:17 2026] [INFO] CSP: RX loop iteration 3520, last_err=0 [components/cla/posix/cla_csp.c:405]
[Sun Aug  2 19:07:17 2026] [INFO] CSP: RX COMPLETE - Got 384 bytes from csp:2:43 (all fragments ACK'd) [components/cla/posix/cla_csp.c:432]
[Sun Aug  2 19:07:18 2026] [INFO] CSP: RX COMPLETE - Got 384 bytes from csp:2:43 (all fragments ACK'd) [components/cla/posix/cla_csp.c:432]
[Sun Aug  2 19:07:18 2026] [INFO] CSP: RX COMPLETE - Got 384 bytes from csp:2:43 (all fragments ACK'd) [components/cla/posix/cla_csp.c:432]
[Sun Aug  2 19:07:18 2026] [INFO] CSP: RX COMPLETE - Got 384 bytes from csp:2:43 (all fragments ACK'd) [components/cla/posix/cla_csp.c:432]
[Sun Aug  2 19:07:19 2026] [INFO] CSP: RX COMPLETE - Got 384 bytes from csp:2:43 (all fragments ACK'd) [components/cla/posix/cla_csp.c:432]
[Sun Aug  2 19:07:19 2026] [INFO] CSP: RX COMPLETE - Got 384 bytes from csp:2:43 (all fragments ACK'd) [components/cla/posix/cla_csp.c:432]
[Sun Aug  2 19:07:19 2026] [INFO] CSP: RX COMPLETE - Got 384 bytes from csp:2:43 (all fragments ACK'd) [components/cla/posix/cla_csp.c:432]
[Sun Aug  2 19:07:20 2026] [INFO] CSP: RX COMPLETE - Got 384 bytes from csp:2:43 (all fragments ACK'd) [components/cla/posix/cla_csp.c:432]
[Sun Aug  2 19:07:20 2026] [INFO] CSP: RX COMPLETE - Got 384 bytes from csp:2:43 (all fragments ACK'd) [components/cla/posix/cla_csp.c:432]
[Sun Aug  2 19:07:20 2026] [INFO] CSP: RX COMPLETE - Got 384 bytes from csp:2:43 (all fragments ACK'd) [components/cla/posix/cla_csp.c:432]
[Sun Aug  2 19:07:21 2026] [INFO] CSP: RX loop iteration 3530, last_err=0 [components/cla/posix/cla_csp.c:405]
[Sun Aug  2 19:07:21 2026] [INFO] CSP: RX COMPLETE - Got 384 bytes from csp:2:43 (all fragments ACK'd) [components/cla/posix/cla_csp.c:432]
[Sun Aug  2 19:07:21 2026] [INFO] CSP: RX COMPLETE - Got 384 bytes from csp:2:43 (all fragments ACK'd) [components/cla/posix/cla_csp.c:432]
[Sun Aug  2 19:07:21 2026] [INFO] CSP: RX COMPLETE - Got 384 bytes from csp:2:43 (all fragments ACK'd) [components/cla/posix/cla_csp.c:432]
[Sun Aug  2 19:07:22 2026] [INFO] CSP: RX COMPLETE - Got 384 bytes from csp:2:43 (all fragments ACK'd) [components/cla/posix/cla_csp.c:432]
[Sun Aug  2 19:07:22 2026] [INFO] CSP: RX COMPLETE - Got 384 bytes from csp:2:43 (all fragments ACK'd) [components/cla/posix/cla_csp.c:432]
[Sun Aug  2 19:07:22 2026] [INFO] CSP: RX COMPLETE - Got 384 bytes from csp:2:43 (all fragments ACK'd) [components/cla/posix/cla_csp.c:432]
[Sun Aug  2 19:07:22 2026] [INFO] CSP: RX COMPLETE - Got 384 bytes from csp:2:43 (all fragments ACK'd) [components/cla/posix/cla_csp.c:432]
[Sun Aug  2 19:07:22 2026] [INFO] CSP: RX COMPLETE - Got 384 bytes from csp:2:43 (all fragments ACK'd) [components/cla/posix/cla_csp.c:432]
[Sun Aug  2 19:07:23 2026] [INFO] CSP: RX COMPLETE - Got 384 bytes from csp:2:43 (all fragments ACK'd) [components/cla/posix/cla_csp.c:432]
[Sun Aug  2 19:07:23 2026] [INFO] CSP: RX COMPLETE - Got 384 bytes from csp:2:43 (all fragments ACK'd) [components/cla/posix/cla_csp.c:432]
[Sun Aug  2 19:07:23 2026] [INFO] CSP: RX loop iteration 3540, last_err=0 [components/cla/posix/cla_csp.c:405]
[Sun Aug  2 19:07:23 2026] [INFO] CSP: RX COMPLETE - Got 384 bytes from csp:2:43 (all fragments ACK'd) [components/cla/posix/cla_csp.c:432]
[Sun Aug  2 19:07:24 2026] [INFO] CSP: RX COMPLETE - Got 384 bytes from csp:2:43 (all fragments ACK'd) [components/cla/posix/cla_csp.c:432]
[Sun Aug  2 19:07:24 2026] [INFO] CSP: RX COMPLETE - Got 384 bytes from csp:2:43 (all fragments ACK'd) [components/cla/posix/cla_csp.c:432]
[Sun Aug  2 19:07:24 2026] [INFO] CSP: RX COMPLETE - Got 384 bytes from csp:2:43 (all fragments ACK'd) [components/cla/posix/cla_csp.c:432]
[Sun Aug  2 19:07:25 2026] [INFO] CSP: RX COMPLETE - Got 384 bytes from csp:2:43 (all fragments ACK'd) [components/cla/posix/cla_csp.c:432]
[Sun Aug  2 19:07:25 2026] [INFO] CSP: RX COMPLETE - Got 384 bytes from csp:2:43 (all fragments ACK'd) [components/cla/posix/cla_csp.c:432]
[Sun Aug  2 19:07:25 2026] [INFO] CSP: RX COMPLETE - Got 384 bytes from csp:2:43 (all fragments ACK'd) [components/cla/posix/cla_csp.c:432]
[Sun Aug  2 19:07:25 2026] [INFO] CSP: RX COMPLETE - Got 384 bytes from csp:2:43 (all fragments ACK'd) [components/cla/posix/cla_csp.c:432]
[Sun Aug  2 19:07:26 2026] [INFO] CSP: RX COMPLETE - Got 384 bytes from csp:2:43 (all fragments ACK'd) [components/cla/posix/cla_csp.c:432]
[Sun Aug  2 19:07:26 2026] [INFO] CSP: RX COMPLETE - Got 384 bytes from csp:2:43 (all fragments ACK'd) [components/cla/posix/cla_csp.c:432]
[Sun Aug  2 19:07:26 2026] [INFO] CSP: RX loop iteration 3550, last_err=0 [components/cla/posix/cla_csp.c:405]
[Sun Aug  2 19:07:26 2026] [INFO] CSP: RX COMPLETE - Got 384 bytes from csp:2:43 (all fragments ACK'd) [components/cla/posix/cla_csp.c:432]
[Sun Aug  2 19:07:27 2026] [INFO] CSP: RX COMPLETE - Got 384 bytes from csp:2:43 (all fragments ACK'd) [components/cla/posix/cla_csp.c:432]
[Sun Aug  2 19:07:27 2026] [INFO] CSP: RX COMPLETE - Got 384 bytes from csp:2:43 (all fragments ACK'd) [components/cla/posix/cla_csp.c:432]
[Sun Aug  2 19:07:27 2026] [INFO] CSP: RX COMPLETE - Got 384 bytes from csp:2:43 (all fragments ACK'd) [components/cla/posix/cla_csp.c:432]
[Sun Aug  2 19:07:28 2026] [INFO] CSP: RX COMPLETE - Got 384 bytes from csp:2:43 (all fragments ACK'd) [components/cla/posix/cla_csp.c:432]
[Sun Aug  2 19:07:28 2026] [INFO] CSP: RX COMPLETE - Got 384 bytes from csp:2:43 (all fragments ACK'd) [components/cla/posix/cla_csp.c:432]
[Sun Aug  2 19:07:28 2026] [INFO] CSP: RX COMPLETE - Got 384 bytes from csp:2:43 (all fragments ACK'd) [components/cla/posix/cla_csp.c:432]
[Sun Aug  2 19:07:28 2026] [INFO] CSP: RX COMPLETE - Got 384 bytes from csp:2:43 (all fragments ACK'd) [components/cla/posix/cla_csp.c:432]
[Sun Aug  2 19:07:29 2026] [INFO] CSP: RX COMPLETE - Got 384 bytes from csp:2:43 (all fragments ACK'd) [components/cla/posix/cla_csp.c:432]
[Sun Aug  2 19:07:29 2026] [INFO] CSP: RX COMPLETE - Got 384 bytes from csp:2:43 (all fragments ACK'd) [components/cla/posix/cla_csp.c:432]
[Sun Aug  2 19:07:29 2026] [INFO] CSP: RX loop iteration 3560, last_err=0 [components/cla/posix/cla_csp.c:405]
[Sun Aug  2 19:07:29 2026] [INFO] CSP: RX COMPLETE - Got 384 bytes from csp:2:43 (all fragments ACK'd) [components/cla/posix/cla_csp.c:432]
[Sun Aug  2 19:07:30 2026] [INFO] CSP: RX COMPLETE - Got 384 bytes from csp:2:43 (all fragments ACK'd) [components/cla/posix/cla_csp.c:432]
[Sun Aug  2 19:07:30 2026] [INFO] CSP: RX COMPLETE - Got 384 bytes from csp:2:43 (all fragments ACK'd) [components/cla/posix/cla_csp.c:432]
[Sun Aug  2 19:07:30 2026] [INFO] CSP: RX COMPLETE - Got 384 bytes from csp:2:43 (all fragments ACK'd) [components/cla/posix/cla_csp.c:432]
[Sun Aug  2 19:07:31 2026] [INFO] CSP: RX COMPLETE - Got 384 bytes from csp:2:43 (all fragments ACK'd) [components/cla/posix/cla_csp.c:432]
[Sun Aug  2 19:07:31 2026] [INFO] CSP: RX COMPLETE - Got 384 bytes from csp:2:43 (all fragments ACK'd) [components/cla/posix/cla_csp.c:432]
[Sun Aug  2 19:07:31 2026] [INFO] CSP: RX COMPLETE - Got 384 bytes from csp:2:43 (all fragments ACK'd) [components/cla/posix/cla_csp.c:432]
[Sun Aug  2 19:07:31 2026] [INFO] CSP: RX COMPLETE - Got 384 bytes from csp:2:43 (all fragments ACK'd) [components/cla/posix/cla_csp.c:432]
[Sun Aug  2 19:07:32 2026] [INFO] CSP: RX COMPLETE - Got 384 bytes from csp:2:43 (all fragments ACK'd) [components/cla/posix/cla_csp.c:432]
[Sun Aug  2 19:07:32 2026] [INFO] CSP: RX COMPLETE - Got 384 bytes from csp:2:43 (all fragments ACK'd) [components/cla/posix/cla_csp.c:432]
[Sun Aug  2 19:07:32 2026] [INFO] CSP: RX loop iteration 3570, last_err=0 [components/cla/posix/cla_csp.c:405]
[Sun Aug  2 19:07:32 2026] [INFO] CSP: RX COMPLETE - Got 384 bytes from csp:2:43 (all fragments ACK'd) [components/cla/posix/cla_csp.c:432]
[Sun Aug  2 19:07:33 2026] [INFO] CSP: RX COMPLETE - Got 384 bytes from csp:2:43 (all fragments ACK'd) [components/cla/posix/cla_csp.c:432]
[Sun Aug  2 19:07:33 2026] [INFO] CSP: RX COMPLETE - Got 384 bytes from csp:2:43 (all fragments ACK'd) [components/cla/posix/cla_csp.c:432]
[Sun Aug  2 19:07:33 2026] [INFO] CSP: RX COMPLETE - Got 384 bytes from csp:2:43 (all fragments ACK'd) [components/cla/posix/cla_csp.c:432]
[Sun Aug  2 19:07:33 2026] [INFO] CSP: RX COMPLETE - Got 384 bytes from csp:2:43 (all fragments ACK'd) [components/cla/posix/cla_csp.c:432]
[Sun Aug  2 19:07:34 2026] [INFO] CSP: RX COMPLETE - Got 384 bytes from csp:2:43 (all fragments ACK'd) [components/cla/posix/cla_csp.c:432]
[Sun Aug  2 19:07:34 2026] [INFO] CSP: RX COMPLETE - Got 384 bytes from csp:2:43 (all fragments ACK'd) [components/cla/posix/cla_csp.c:432]
[Sun Aug  2 19:07:34 2026] [INFO] CSP: RX COMPLETE - Got 384 bytes from csp:2:43 (all fragments ACK'd) [components/cla/posix/cla_csp.c:432]
[Sun Aug  2 19:07:35 2026] [INFO] CSP: RX COMPLETE - Got 384 bytes from csp:2:43 (all fragments ACK'd) [components/cla/posix/cla_csp.c:432]
[Sun Aug  2 19:07:35 2026] [INFO] CSP: RX COMPLETE - Got 384 bytes from csp:2:43 (all fragments ACK'd) [components/cla/posix/cla_csp.c:432]
[Sun Aug  2 19:07:35 2026] [INFO] CSP: RX loop iteration 3580, last_err=0 [components/cla/posix/cla_csp.c:405]
[Sun Aug  2 19:07:35 2026] [INFO] CSP: RX COMPLETE - Got 384 bytes from csp:2:43 (all fragments ACK'd) [components/cla/posix/cla_csp.c:432]
[Sun Aug  2 19:07:36 2026] [INFO] CSP: RX COMPLETE - Got 384 bytes from csp:2:43 (all fragments ACK'd) [components/cla/posix/cla_csp.c:432]
[Sun Aug  2 19:07:36 2026] [INFO] CSP: RX COMPLETE - Got 384 bytes from csp:2:43 (all fragments ACK'd) [components/cla/posix/cla_csp.c:432]
[Sun Aug  2 19:07:36 2026] [INFO] CSP: RX COMPLETE - Got 384 bytes from csp:2:43 (all fragments ACK'd) [components/cla/posix/cla_csp.c:432]
[Sun Aug  2 19:07:36 2026] [INFO] CSP: RX COMPLETE - Got 384 bytes from csp:2:43 (all fragments ACK'd) [components/cla/posix/cla_csp.c:432]
[Sun Aug  2 19:07:37 2026] [INFO] CSP: RX COMPLETE - Got 384 bytes from csp:2:43 (all fragments ACK'd) [components/cla/posix/cla_csp.c:432]
[Sun Aug  2 19:07:37 2026] [INFO] CSP: RX COMPLETE - Got 384 bytes from csp:2:43 (all fragments ACK'd) [components/cla/posix/cla_csp.c:432]
[Sun Aug  2 19:07:37 2026] [INFO] CSP: RX COMPLETE - Got 384 bytes from csp:2:43 (all fragments ACK'd) [components/cla/posix/cla_csp.c:432]
[Sun Aug  2 19:07:38 2026] [INFO] CSP: RX COMPLETE - Got 384 bytes from csp:2:43 (all fragments ACK'd) [components/cla/posix/cla_csp.c:432]
[Sun Aug  2 19:07:38 2026] [INFO] CSP: RX COMPLETE - Got 384 bytes from csp:2:43 (all fragments ACK'd) [components/cla/posix/cla_csp.c:432]
[Sun Aug  2 19:07:38 2026] [INFO] CSP: RX loop iteration 3590, last_err=0 [components/cla/posix/cla_csp.c:405]
[Sun Aug  2 19:07:38 2026] [INFO] CSP: RX COMPLETE - Got 384 bytes from csp:2:43 (all fragments ACK'd) [components/cla/posix/cla_csp.c:432]
[Sun Aug  2 19:07:39 2026] [INFO] CSP: RX COMPLETE - Got 384 bytes from csp:2:43 (all fragments ACK'd) [components/cla/posix/cla_csp.c:432]
[Sun Aug  2 19:07:39 2026] [INFO] CSP: RX COMPLETE - Got 384 bytes from csp:2:43 (all fragments ACK'd) [components/cla/posix/cla_csp.c:432]
[Sun Aug  2 19:07:39 2026] [INFO] CSP: RX COMPLETE - Got 384 bytes from csp:2:43 (all fragments ACK'd) [components/cla/posix/cla_csp.c:432]
[Sun Aug  2 19:07:40 2026] [INFO] CSP: RX COMPLETE - Got 384 bytes from csp:2:43 (all fragments ACK'd) [components/cla/posix/cla_csp.c:432]
[Sun Aug  2 19:07:40 2026] [INFO] CSP: RX COMPLETE - Got 384 bytes from csp:2:43 (all fragments ACK'd) [components/cla/posix/cla_csp.c:432]
[Sun Aug  2 19:07:40 2026] [INFO] CSP: RX COMPLETE - Got 384 bytes from csp:2:43 (all fragments ACK'd) [components/cla/posix/cla_csp.c:432]
[Sun Aug  2 19:07:40 2026] [INFO] CSP: RX COMPLETE - Got 384 bytes from csp:2:43 (all fragments ACK'd) [components/cla/posix/cla_csp.c:432]
[Sun Aug  2 19:07:41 2026] [INFO] CSP: RX COMPLETE - Got 384 bytes from csp:2:43 (all fragments ACK'd) [components/cla/posix/cla_csp.c:432]
[Sun Aug  2 19:07:41 2026] [INFO] CSP: RX COMPLETE - Got 384 bytes from csp:2:43 (all fragments ACK'd) [components/cla/posix/cla_csp.c:432]
[Sun Aug  2 19:07:41 2026] [INFO] CSP: RX loop iteration 3600, last_err=0 [components/cla/posix/cla_csp.c:405]
[Sun Aug  2 19:07:41 2026] [INFO] CSP: RX COMPLETE - Got 384 bytes from csp:2:43 (all fragments ACK'd) [components/cla/posix/cla_csp.c:432]
[Sun Aug  2 19:07:41 2026] [INFO] CSP: RX COMPLETE - Got 384 bytes from csp:2:43 (all fragments ACK'd) [components/cla/posix/cla_csp.c:432]
[Sun Aug  2 19:07:42 2026] [INFO] CSP: RX COMPLETE - Got 384 bytes from csp:2:43 (all fragments ACK'd) [components/cla/posix/cla_csp.c:432]
[Sun Aug  2 19:07:42 2026] [INFO] CSP: RX COMPLETE - Got 384 bytes from csp:2:43 (all fragments ACK'd) [components/cla/posix/cla_csp.c:432]
[Sun Aug  2 19:07:42 2026] [INFO] CSP: RX COMPLETE - Got 384 bytes from csp:2:43 (all fragments ACK'd) [components/cla/posix/cla_csp.c:432]
[Sun Aug  2 19:07:43 2026] [INFO] CSP: RX COMPLETE - Got 384 bytes from csp:2:43 (all fragments ACK'd) [components/cla/posix/cla_csp.c:432]
[Sun Aug  2 19:07:43 2026] [INFO] CSP: RX COMPLETE - Got 384 bytes from csp:2:43 (all fragments ACK'd) [components/cla/posix/cla_csp.c:432]
[Sun Aug  2 19:07:43 2026] [INFO] CSP: RX COMPLETE - Got 384 bytes from csp:2:43 (all fragments ACK'd) [components/cla/posix/cla_csp.c:432]
[Sun Aug  2 19:07:44 2026] [INFO] CSP: RX COMPLETE - Got 384 bytes from csp:2:43 (all fragments ACK'd) [components/cla/posix/cla_csp.c:432]
[Sun Aug  2 19:07:44 2026] [INFO] CSP: RX COMPLETE - Got 384 bytes from csp:2:43 (all fragments ACK'd) [components/cla/posix/cla_csp.c:432]
[Sun Aug  2 19:07:44 2026] [INFO] CSP: RX loop iteration 3610, last_err=0 [components/cla/posix/cla_csp.c:405]
[Sun Aug  2 19:07:44 2026] [INFO] CSP: RX COMPLETE - Got 384 bytes from csp:2:43 (all fragments ACK'd) [components/cla/posix/cla_csp.c:432]
[Sun Aug  2 19:07:45 2026] [INFO] CSP: RX COMPLETE - Got 384 bytes from csp:2:43 (all fragments ACK'd) [components/cla/posix/cla_csp.c:432]
[Sun Aug  2 19:07:45 2026] [INFO] CSP: RX COMPLETE - Got 384 bytes from csp:2:43 (all fragments ACK'd) [components/cla/posix/cla_csp.c:432]
[Sun Aug  2 19:07:45 2026] [INFO] CSP: RX COMPLETE - Got 384 bytes from csp:2:43 (all fragments ACK'd) [components/cla/posix/cla_csp.c:432]
[Sun Aug  2 19:07:45 2026] [INFO] CSP: RX COMPLETE - Got 384 bytes from csp:2:43 (all fragments ACK'd) [components/cla/posix/cla_csp.c:432]
[Sun Aug  2 19:07:46 2026] [INFO] CSP: RX COMPLETE - Got 384 bytes from csp:2:43 (all fragments ACK'd) [components/cla/posix/cla_csp.c:432]
[Sun Aug  2 19:07:46 2026] [INFO] CSP: RX COMPLETE - Got 384 bytes from csp:2:43 (all fragments ACK'd) [components/cla/posix/cla_csp.c:432]
[Sun Aug  2 19:07:46 2026] [INFO] CSP: RX COMPLETE - Got 384 bytes from csp:2:43 (all fragments ACK'd) [components/cla/posix/cla_csp.c:432]
[Sun Aug  2 19:07:47 2026] [INFO] CSP: RX COMPLETE - Got 384 bytes from csp:2:43 (all fragments ACK'd) [components/cla/posix/cla_csp.c:432]
[Sun Aug  2 19:07:47 2026] [INFO] CSP: RX COMPLETE - Got 384 bytes from csp:2:43 (all fragments ACK'd) [components/cla/posix/cla_csp.c:432]
[Sun Aug  2 19:07:47 2026] [INFO] CSP: RX loop iteration 3620, last_err=0 [components/cla/posix/cla_csp.c:405]
[Sun Aug  2 19:07:47 2026] [INFO] CSP: RX COMPLETE - Got 384 bytes from csp:2:43 (all fragments ACK'd) [components/cla/posix/cla_csp.c:432]
[Sun Aug  2 19:07:47 2026] [INFO] CSP: RX COMPLETE - Got 384 bytes from csp:2:43 (all fragments ACK'd) [components/cla/posix/cla_csp.c:432]
[Sun Aug  2 19:07:48 2026] [INFO] CSP: RX COMPLETE - Got 384 bytes from csp:2:43 (all fragments ACK'd) [components/cla/posix/cla_csp.c:432]
[Sun Aug  2 19:07:48 2026] [INFO] CSP: RX COMPLETE - Got 384 bytes from csp:2:43 (all fragments ACK'd) [components/cla/posix/cla_csp.c:432]
[Sun Aug  2 19:07:48 2026] [INFO] CSP: RX COMPLETE - Got 384 bytes from csp:2:43 (all fragments ACK'd) [components/cla/posix/cla_csp.c:432]
[Sun Aug  2 19:07:49 2026] [INFO] CSP: RX COMPLETE - Got 384 bytes from csp:2:43 (all fragments ACK'd) [components/cla/posix/cla_csp.c:432]
[Sun Aug  2 19:07:49 2026] [INFO] CSP: RX COMPLETE - Got 384 bytes from csp:2:43 (all fragments ACK'd) [components/cla/posix/cla_csp.c:432]
[Sun Aug  2 19:07:49 2026] [INFO] CSP: RX COMPLETE - Got 384 bytes from csp:2:43 (all fragments ACK'd) [components/cla/posix/cla_csp.c:432]
[Sun Aug  2 19:07:50 2026] [INFO] CSP: RX COMPLETE - Got 384 bytes from csp:2:43 (all fragments ACK'd) [components/cla/posix/cla_csp.c:432]
[Sun Aug  2 19:07:50 2026] [INFO] CSP: RX COMPLETE - Got 384 bytes from csp:2:43 (all fragments ACK'd) [components/cla/posix/cla_csp.c:432]
[Sun Aug  2 19:07:50 2026] [INFO] CSP: RX loop iteration 3630, last_err=0 [components/cla/posix/cla_csp.c:405]
[Sun Aug  2 19:07:50 2026] [INFO] CSP: RX COMPLETE - Got 384 bytes from csp:2:43 (all fragments ACK'd) [components/cla/posix/cla_csp.c:432]
[Sun Aug  2 19:07:50 2026] [INFO] CSP: RX COMPLETE - Got 384 bytes from csp:2:43 (all fragments ACK'd) [components/cla/posix/cla_csp.c:432]
[Sun Aug  2 19:07:51 2026] [INFO] CSP: RX COMPLETE - Got 384 bytes from csp:2:43 (all fragments ACK'd) [components/cla/posix/cla_csp.c:432]
[Sun Aug  2 19:07:51 2026] [INFO] CSP: RX COMPLETE - Got 384 bytes from csp:2:43 (all fragments ACK'd) [components/cla/posix/cla_csp.c:432]
[Sun Aug  2 19:07:52 2026] [INFO] CSP: RX COMPLETE - Got 384 bytes from csp:2:43 (all fragments ACK'd) [components/cla/posix/cla_csp.c:432]
[Sun Aug  2 19:07:52 2026] [INFO] CSP: RX COMPLETE - Got 384 bytes from csp:2:43 (all fragments ACK'd) [components/cla/posix/cla_csp.c:432]
[Sun Aug  2 19:07:52 2026] [INFO] CSP: RX COMPLETE - Got 384 bytes from csp:2:43 (all fragments ACK'd) [components/cla/posix/cla_csp.c:432]
[Sun Aug  2 19:07:52 2026] [INFO] CSP: RX COMPLETE - Got 384 bytes from csp:2:43 (all fragments ACK'd) [components/cla/posix/cla_csp.c:432]
[Sun Aug  2 19:07:53 2026] [INFO] CSP: RX COMPLETE - Got 384 bytes from csp:2:43 (all fragments ACK'd) [components/cla/posix/cla_csp.c:432]
[Sun Aug  2 19:07:53 2026] [INFO] CSP: RX COMPLETE - Got 384 bytes from csp:2:43 (all fragments ACK'd) [components/cla/posix/cla_csp.c:432]
[Sun Aug  2 19:07:53 2026] [INFO] CSP: RX loop iteration 3640, last_err=0 [components/cla/posix/cla_csp.c:405]
[Sun Aug  2 19:07:53 2026] [INFO] CSP: RX COMPLETE - Got 384 bytes from csp:2:43 (all fragments ACK'd) [components/cla/posix/cla_csp.c:432]
[Sun Aug  2 19:07:53 2026] [INFO] CSP: RX COMPLETE - Got 384 bytes from csp:2:43 (all fragments ACK'd) [components/cla/posix/cla_csp.c:432]
[Sun Aug  2 19:07:54 2026] [INFO] CSP: RX COMPLETE - Got 384 bytes from csp:2:43 (all fragments ACK'd) [components/cla/posix/cla_csp.c:432]
[Sun Aug  2 19:07:54 2026] [INFO] CSP: RX COMPLETE - Got 384 bytes from csp:2:43 (all fragments ACK'd) [components/cla/posix/cla_csp.c:432]
[Sun Aug  2 19:07:54 2026] [INFO] CSP: RX COMPLETE - Got 384 bytes from csp:2:43 (all fragments ACK'd) [components/cla/posix/cla_csp.c:432]
[Sun Aug  2 19:07:55 2026] [INFO] CSP: RX COMPLETE - Got 384 bytes from csp:2:43 (all fragments ACK'd) [components/cla/posix/cla_csp.c:432]
[Sun Aug  2 19:07:55 2026] [INFO] CSP: RX COMPLETE - Got 384 bytes from csp:2:43 (all fragments ACK'd) [components/cla/posix/cla_csp.c:432]
[Sun Aug  2 19:07:55 2026] [INFO] CSP: RX COMPLETE - Got 384 bytes from csp:2:43 (all fragments ACK'd) [components/cla/posix/cla_csp.c:432]
[Sun Aug  2 19:07:56 2026] [INFO] CSP: RX COMPLETE - Got 384 bytes from csp:2:43 (all fragments ACK'd) [components/cla/posix/cla_csp.c:432]
[Sun Aug  2 19:07:56 2026] [INFO] CSP: RX COMPLETE - Got 384 bytes from csp:2:43 (all fragments ACK'd) [components/cla/posix/cla_csp.c:432]
[Sun Aug  2 19:07:56 2026] [INFO] CSP: RX loop iteration 3650, last_err=0 [components/cla/posix/cla_csp.c:405]
[Sun Aug  2 19:07:56 2026] [INFO] CSP: RX COMPLETE - Got 384 bytes from csp:2:43 (all fragments ACK'd) [components/cla/posix/cla_csp.c:432]
[Sun Aug  2 19:07:56 2026] [INFO] CSP: RX COMPLETE - Got 384 bytes from csp:2:43 (all fragments ACK'd) [components/cla/posix/cla_csp.c:432]
[Sun Aug  2 19:07:57 2026] [INFO] CSP: RX COMPLETE - Got 384 bytes from csp:2:43 (all fragments ACK'd) [components/cla/posix/cla_csp.c:432]
[Sun Aug  2 19:07:57 2026] [INFO] CSP: RX COMPLETE - Got 384 bytes from csp:2:43 (all fragments ACK'd) [components/cla/posix/cla_csp.c:432]
[Sun Aug  2 19:07:57 2026] [INFO] CSP: RX COMPLETE - Got 384 bytes from csp:2:43 (all fragments ACK'd) [components/cla/posix/cla_csp.c:432]
[Sun Aug  2 19:07:58 2026] [INFO] CSP: RX COMPLETE - Got 384 bytes from csp:2:43 (all fragments ACK'd) [components/cla/posix/cla_csp.c:432]
[Sun Aug  2 19:07:58 2026] [INFO] CSP: RX COMPLETE - Got 384 bytes from csp:2:43 (all fragments ACK'd) [components/cla/posix/cla_csp.c:432]
[Sun Aug  2 19:07:58 2026] [INFO] CSP: RX COMPLETE - Got 384 bytes from csp:2:43 (all fragments ACK'd) [components/cla/posix/cla_csp.c:432]
[Sun Aug  2 19:07:59 2026] [INFO] CSP: RX COMPLETE - Got 384 bytes from csp:2:43 (all fragments ACK'd) [components/cla/posix/cla_csp.c:432]
[Sun Aug  2 19:07:59 2026] [INFO] CSP: RX COMPLETE - Got 384 bytes from csp:2:43 (all fragments ACK'd) [components/cla/posix/cla_csp.c:432]
[Sun Aug  2 19:07:59 2026] [INFO] CSP: RX loop iteration 3660, last_err=0 [components/cla/posix/cla_csp.c:405]
[Sun Aug  2 19:07:59 2026] [INFO] CSP: RX COMPLETE - Got 384 bytes from csp:2:43 (all fragments ACK'd) [components/cla/posix/cla_csp.c:432]
[Sun Aug  2 19:08:00 2026] [INFO] CSP: RX COMPLETE - Got 384 bytes from csp:2:43 (all fragments ACK'd) [components/cla/posix/cla_csp.c:432]
[Sun Aug  2 19:08:00 2026] [INFO] CSP: RX COMPLETE - Got 384 bytes from csp:2:43 (all fragments ACK'd) [components/cla/posix/cla_csp.c:432]
[Sun Aug  2 19:08:00 2026] [INFO] CSP: RX COMPLETE - Got 384 bytes from csp:2:43 (all fragments ACK'd) [components/cla/posix/cla_csp.c:432]
[Sun Aug  2 19:08:00 2026] [INFO] CSP: RX COMPLETE - Got 384 bytes from csp:2:43 (all fragments ACK'd) [components/cla/posix/cla_csp.c:432]
[Sun Aug  2 19:08:00 2026] [INFO] CSP: RX COMPLETE - Got 384 bytes from csp:2:43 (all fragments ACK'd) [components/cla/posix/cla_csp.c:432]
[Sun Aug  2 19:08:01 2026] [INFO] CSP: RX COMPLETE - Got 384 bytes from csp:2:43 (all fragments ACK'd) [components/cla/posix/cla_csp.c:432]
[Sun Aug  2 19:08:01 2026] [INFO] CSP: RX COMPLETE - Got 384 bytes from csp:2:43 (all fragments ACK'd) [components/cla/posix/cla_csp.c:432]
[Sun Aug  2 19:08:02 2026] [INFO] CSP: RX COMPLETE - Got 384 bytes from csp:2:43 (all fragments ACK'd) [components/cla/posix/cla_csp.c:432]
[Sun Aug  2 19:08:02 2026] [INFO] CSP: RX COMPLETE - Got 384 bytes from csp:2:43 (all fragments ACK'd) [components/cla/posix/cla_csp.c:432]
[Sun Aug  2 19:08:02 2026] [INFO] CSP: RX loop iteration 3670, last_err=0 [components/cla/posix/cla_csp.c:405]
[Sun Aug  2 19:08:02 2026] [INFO] CSP: RX COMPLETE - Got 384 bytes from csp:2:43 (all fragments ACK'd) [components/cla/posix/cla_csp.c:432]
[Sun Aug  2 19:08:03 2026] [INFO] CSP: RX COMPLETE - Got 384 bytes from csp:2:43 (all fragments ACK'd) [components/cla/posix/cla_csp.c:432]
[Sun Aug  2 19:08:03 2026] [INFO] CSP: RX COMPLETE - Got 384 bytes from csp:2:43 (all fragments ACK'd) [components/cla/posix/cla_csp.c:432]
[Sun Aug  2 19:08:03 2026] [INFO] CSP: RX COMPLETE - Got 384 bytes from csp:2:43 (all fragments ACK'd) [components/cla/posix/cla_csp.c:432]
[Sun Aug  2 19:08:03 2026] [INFO] CSP: RX COMPLETE - Got 384 bytes from csp:2:43 (all fragments ACK'd) [components/cla/posix/cla_csp.c:432]
[Sun Aug  2 19:08:04 2026] [INFO] CSP: RX COMPLETE - Got 384 bytes from csp:2:43 (all fragments ACK'd) [components/cla/posix/cla_csp.c:432]
[Sun Aug  2 19:08:04 2026] [INFO] CSP: RX COMPLETE - Got 384 bytes from csp:2:43 (all fragments ACK'd) [components/cla/posix/cla_csp.c:432]
[Sun Aug  2 19:08:04 2026] [INFO] CSP: RX COMPLETE - Got 384 bytes from csp:2:43 (all fragments ACK'd) [components/cla/posix/cla_csp.c:432]
[Sun Aug  2 19:08:05 2026] [INFO] CSP: RX COMPLETE - Got 384 bytes from csp:2:43 (all fragments ACK'd) [components/cla/posix/cla_csp.c:432]
[Sun Aug  2 19:08:05 2026] [INFO] CSP: RX COMPLETE - Got 384 bytes from csp:2:43 (all fragments ACK'd) [components/cla/posix/cla_csp.c:432]
[Sun Aug  2 19:08:05 2026] [INFO] CSP: RX loop iteration 3680, last_err=0 [components/cla/posix/cla_csp.c:405]
[Sun Aug  2 19:08:05 2026] [INFO] CSP: RX COMPLETE - Got 384 bytes from csp:2:43 (all fragments ACK'd) [components/cla/posix/cla_csp.c:432]
[Sun Aug  2 19:08:05 2026] [INFO] CSP: RX COMPLETE - Got 384 bytes from csp:2:43 (all fragments ACK'd) [components/cla/posix/cla_csp.c:432]
[Sun Aug  2 19:08:06 2026] [INFO] CSP: RX COMPLETE - Got 384 bytes from csp:2:43 (all fragments ACK'd) [components/cla/posix/cla_csp.c:432]
[Sun Aug  2 19:08:06 2026] [INFO] CSP: RX COMPLETE - Got 384 bytes from csp:2:43 (all fragments ACK'd) [components/cla/posix/cla_csp.c:432]
[Sun Aug  2 19:08:06 2026] [INFO] CSP: RX COMPLETE - Got 384 bytes from csp:2:43 (all fragments ACK'd) [components/cla/posix/cla_csp.c:432]
[Sun Aug  2 19:08:07 2026] [INFO] CSP: RX COMPLETE - Got 384 bytes from csp:2:43 (all fragments ACK'd) [components/cla/posix/cla_csp.c:432]
[Sun Aug  2 19:08:07 2026] [INFO] CSP: RX COMPLETE - Got 384 bytes from csp:2:43 (all fragments ACK'd) [components/cla/posix/cla_csp.c:432]
[Sun Aug  2 19:08:07 2026] [INFO] CSP: RX COMPLETE - Got 384 bytes from csp:2:43 (all fragments ACK'd) [components/cla/posix/cla_csp.c:432]
[Sun Aug  2 19:08:07 2026] [INFO] CSP: RX COMPLETE - Got 384 bytes from csp:2:43 (all fragments ACK'd) [components/cla/posix/cla_csp.c:432]
[Sun Aug  2 19:08:08 2026] [INFO] CSP: RX COMPLETE - Got 384 bytes from csp:2:43 (all fragments ACK'd) [components/cla/posix/cla_csp.c:432]
[Sun Aug  2 19:08:08 2026] [INFO] CSP: RX loop iteration 3690, last_err=0 [components/cla/posix/cla_csp.c:405]
[Sun Aug  2 19:08:08 2026] [INFO] CSP: RX COMPLETE - Got 384 bytes from csp:2:43 (all fragments ACK'd) [components/cla/posix/cla_csp.c:432]
[Sun Aug  2 19:08:08 2026] [INFO] CSP: RX COMPLETE - Got 384 bytes from csp:2:43 (all fragments ACK'd) [components/cla/posix/cla_csp.c:432]
[Sun Aug  2 19:08:09 2026] [INFO] CSP: RX COMPLETE - Got 384 bytes from csp:2:43 (all fragments ACK'd) [components/cla/posix/cla_csp.c:432]
[Sun Aug  2 19:08:09 2026] [INFO] CSP: RX COMPLETE - Got 384 bytes from csp:2:43 (all fragments ACK'd) [components/cla/posix/cla_csp.c:432]
[Sun Aug  2 19:08:09 2026] [INFO] CSP: RX COMPLETE - Got 384 bytes from csp:2:43 (all fragments ACK'd) [components/cla/posix/cla_csp.c:432]
[Sun Aug  2 19:08:09 2026] [INFO] CSP: RX COMPLETE - Got 384 bytes from csp:2:43 (all fragments ACK'd) [components/cla/posix/cla_csp.c:432]
[Sun Aug  2 19:08:10 2026] [INFO] CSP: RX COMPLETE - Got 384 bytes from csp:2:43 (all fragments ACK'd) [components/cla/posix/cla_csp.c:432]
[Sun Aug  2 19:08:10 2026] [INFO] CSP: RX COMPLETE - Got 384 bytes from csp:2:43 (all fragments ACK'd) [components/cla/posix/cla_csp.c:432]
[Sun Aug  2 19:08:11 2026] [INFO] CSP: RX COMPLETE - Got 384 bytes from csp:2:43 (all fragments ACK'd) [components/cla/posix/cla_csp.c:432]
[Sun Aug  2 19:08:11 2026] [INFO] CSP: RX COMPLETE - Got 384 bytes from csp:2:43 (all fragments ACK'd) [components/cla/posix/cla_csp.c:432]
[Sun Aug  2 19:08:11 2026] [INFO] CSP: RX loop iteration 3700, last_err=0 [components/cla/posix/cla_csp.c:405]
[Sun Aug  2 19:08:11 2026] [INFO] CSP: RX COMPLETE - Got 384 bytes from csp:2:43 (all fragments ACK'd) [components/cla/posix/cla_csp.c:432]
[Sun Aug  2 19:08:11 2026] [INFO] CSP: RX COMPLETE - Got 384 bytes from csp:2:43 (all fragments ACK'd) [components/cla/posix/cla_csp.c:432]
[Sun Aug  2 19:08:12 2026] [INFO] CSP: RX COMPLETE - Got 384 bytes from csp:2:43 (all fragments ACK'd) [components/cla/posix/cla_csp.c:432]
[Sun Aug  2 19:08:12 2026] [INFO] CSP: RX COMPLETE - Got 384 bytes from csp:2:43 (all fragments ACK'd) [components/cla/posix/cla_csp.c:432]
[Sun Aug  2 19:08:12 2026] [INFO] CSP: RX COMPLETE - Got 384 bytes from csp:2:43 (all fragments ACK'd) [components/cla/posix/cla_csp.c:432]
[Sun Aug  2 19:08:12 2026] [INFO] CSP: RX COMPLETE - Got 384 bytes from csp:2:43 (all fragments ACK'd) [components/cla/posix/cla_csp.c:432]
[Sun Aug  2 19:08:13 2026] [INFO] CSP: RX COMPLETE - Got 384 bytes from csp:2:43 (all fragments ACK'd) [components/cla/posix/cla_csp.c:432]
[Sun Aug  2 19:08:13 2026] [INFO] CSP: RX COMPLETE - Got 384 bytes from csp:2:43 (all fragments ACK'd) [components/cla/posix/cla_csp.c:432]
[Sun Aug  2 19:08:13 2026] [INFO] CSP: RX COMPLETE - Got 384 bytes from csp:2:43 (all fragments ACK'd) [components/cla/posix/cla_csp.c:432]
[Sun Aug  2 19:08:14 2026] [INFO] CSP: RX COMPLETE - Got 384 bytes from csp:2:43 (all fragments ACK'd) [components/cla/posix/cla_csp.c:432]
[Sun Aug  2 19:08:14 2026] [INFO] CSP: RX loop iteration 3710, last_err=0 [components/cla/posix/cla_csp.c:405]
[Sun Aug  2 19:08:14 2026] [INFO] CSP: RX COMPLETE - Got 384 bytes from csp:2:43 (all fragments ACK'd) [components/cla/posix/cla_csp.c:432]
[Sun Aug  2 19:08:14 2026] [INFO] CSP: RX COMPLETE - Got 384 bytes from csp:2:43 (all fragments ACK'd) [components/cla/posix/cla_csp.c:432]
[Sun Aug  2 19:08:15 2026] [INFO] CSP: RX COMPLETE - Got 384 bytes from csp:2:43 (all fragments ACK'd) [components/cla/posix/cla_csp.c:432]
[Sun Aug  2 19:08:15 2026] [INFO] CSP: RX COMPLETE - Got 384 bytes from csp:2:43 (all fragments ACK'd) [components/cla/posix/cla_csp.c:432]
[Sun Aug  2 19:08:15 2026] [INFO] CSP: RX COMPLETE - Got 384 bytes from csp:2:43 (all fragments ACK'd) [components/cla/posix/cla_csp.c:432]
[Sun Aug  2 19:08:15 2026] [INFO] CSP: RX COMPLETE - Got 384 bytes from csp:2:43 (all fragments ACK'd) [components/cla/posix/cla_csp.c:432]
[Sun Aug  2 19:08:16 2026] [INFO] CSP: RX COMPLETE - Got 384 bytes from csp:2:43 (all fragments ACK'd) [components/cla/posix/cla_csp.c:432]
[Sun Aug  2 19:08:16 2026] [INFO] CSP: RX COMPLETE - Got 384 bytes from csp:2:43 (all fragments ACK'd) [components/cla/posix/cla_csp.c:432]
[Sun Aug  2 19:08:16 2026] [INFO] CSP: RX COMPLETE - Got 384 bytes from csp:2:43 (all fragments ACK'd) [components/cla/posix/cla_csp.c:432]
[Sun Aug  2 19:08:17 2026] [INFO] CSP: RX COMPLETE - Got 384 bytes from csp:2:43 (all fragments ACK'd) [components/cla/posix/cla_csp.c:432]
[Sun Aug  2 19:08:17 2026] [INFO] CSP: RX loop iteration 3720, last_err=0 [components/cla/posix/cla_csp.c:405]
[Sun Aug  2 19:08:17 2026] [INFO] CSP: RX COMPLETE - Got 384 bytes from csp:2:43 (all fragments ACK'd) [components/cla/posix/cla_csp.c:432]
[Sun Aug  2 19:08:17 2026] [INFO] CSP: RX COMPLETE - Got 384 bytes from csp:2:43 (all fragments ACK'd) [components/cla/posix/cla_csp.c:432]
[Sun Aug  2 19:08:18 2026] [INFO] CSP: RX COMPLETE - Got 384 bytes from csp:2:43 (all fragments ACK'd) [components/cla/posix/cla_csp.c:432]
[Sun Aug  2 19:08:18 2026] [INFO] CSP: RX COMPLETE - Got 384 bytes from csp:2:43 (all fragments ACK'd) [components/cla/posix/cla_csp.c:432]
[Sun Aug  2 19:08:18 2026] [INFO] CSP: RX COMPLETE - Got 384 bytes from csp:2:43 (all fragments ACK'd) [components/cla/posix/cla_csp.c:432]
[Sun Aug  2 19:08:18 2026] [INFO] CSP: RX COMPLETE - Got 384 bytes from csp:2:43 (all fragments ACK'd) [components/cla/posix/cla_csp.c:432]
[Sun Aug  2 19:08:19 2026] [INFO] CSP: RX COMPLETE - Got 384 bytes from csp:2:43 (all fragments ACK'd) [components/cla/posix/cla_csp.c:432]
[Sun Aug  2 19:08:19 2026] [INFO] CSP: RX COMPLETE - Got 384 bytes from csp:2:43 (all fragments ACK'd) [components/cla/posix/cla_csp.c:432]
[Sun Aug  2 19:08:19 2026] [INFO] CSP: RX COMPLETE - Got 384 bytes from csp:2:43 (all fragments ACK'd) [components/cla/posix/cla_csp.c:432]
[Sun Aug  2 19:08:20 2026] [INFO] CSP: RX COMPLETE - Got 384 bytes from csp:2:43 (all fragments ACK'd) [components/cla/posix/cla_csp.c:432]
[Sun Aug  2 19:08:20 2026] [INFO] CSP: RX loop iteration 3730, last_err=0 [components/cla/posix/cla_csp.c:405]
[Sun Aug  2 19:08:20 2026] [INFO] CSP: RX COMPLETE - Got 384 bytes from csp:2:43 (all fragments ACK'd) [components/cla/posix/cla_csp.c:432]
[Sun Aug  2 19:08:20 2026] [INFO] CSP: RX COMPLETE - Got 384 bytes from csp:2:43 (all fragments ACK'd) [components/cla/posix/cla_csp.c:432]
[Sun Aug  2 19:08:21 2026] [INFO] CSP: RX COMPLETE - Got 384 bytes from csp:2:43 (all fragments ACK'd) [components/cla/posix/cla_csp.c:432]
[Sun Aug  2 19:08:21 2026] [INFO] CSP: RX COMPLETE - Got 384 bytes from csp:2:43 (all fragments ACK'd) [components/cla/posix/cla_csp.c:432]
[Sun Aug  2 19:08:21 2026] [INFO] CSP: RX COMPLETE - Got 384 bytes from csp:2:43 (all fragments ACK'd) [components/cla/posix/cla_csp.c:432]
[Sun Aug  2 19:08:21 2026] [INFO] CSP: RX COMPLETE - Got 384 bytes from csp:2:43 (all fragments ACK'd) [components/cla/posix/cla_csp.c:432]
[Sun Aug  2 19:08:22 2026] [INFO] CSP: RX COMPLETE - Got 384 bytes from csp:2:43 (all fragments ACK'd) [components/cla/posix/cla_csp.c:432]
[Sun Aug  2 19:08:22 2026] [INFO] CSP: RX COMPLETE - Got 384 bytes from csp:2:43 (all fragments ACK'd) [components/cla/posix/cla_csp.c:432]
[Sun Aug  2 19:08:22 2026] [INFO] CSP: RX COMPLETE - Got 384 bytes from csp:2:43 (all fragments ACK'd) [components/cla/posix/cla_csp.c:432]
[Sun Aug  2 19:08:23 2026] [INFO] CSP: RX COMPLETE - Got 384 bytes from csp:2:43 (all fragments ACK'd) [components/cla/posix/cla_csp.c:432]
[Sun Aug  2 19:08:23 2026] [INFO] CSP: RX loop iteration 3740, last_err=0 [components/cla/posix/cla_csp.c:405]
[Sun Aug  2 19:08:23 2026] [INFO] CSP: RX COMPLETE - Got 384 bytes from csp:2:43 (all fragments ACK'd) [components/cla/posix/cla_csp.c:432]
[Sun Aug  2 19:08:23 2026] [INFO] CSP: RX COMPLETE - Got 384 bytes from csp:2:43 (all fragments ACK'd) [components/cla/posix/cla_csp.c:432]
[Sun Aug  2 19:08:24 2026] [INFO] CSP: RX COMPLETE - Got 384 bytes from csp:2:43 (all fragments ACK'd) [components/cla/posix/cla_csp.c:432]
[Sun Aug  2 19:08:24 2026] [INFO] CSP: RX COMPLETE - Got 384 bytes from csp:2:43 (all fragments ACK'd) [components/cla/posix/cla_csp.c:432]
[Sun Aug  2 19:08:24 2026] [INFO] CSP: RX COMPLETE - Got 384 bytes from csp:2:43 (all fragments ACK'd) [components/cla/posix/cla_csp.c:432]
[Sun Aug  2 19:08:24 2026] [INFO] CSP: RX COMPLETE - Got 384 bytes from csp:2:43 (all fragments ACK'd) [components/cla/posix/cla_csp.c:432]
[Sun Aug  2 19:08:25 2026] [INFO] CSP: RX COMPLETE - Got 384 bytes from csp:2:43 (all fragments ACK'd) [components/cla/posix/cla_csp.c:432]
[Sun Aug  2 19:08:25 2026] [INFO] CSP: RX COMPLETE - Got 384 bytes from csp:2:43 (all fragments ACK'd) [components/cla/posix/cla_csp.c:432]
[Sun Aug  2 19:08:25 2026] [INFO] CSP: RX COMPLETE - Got 384 bytes from csp:2:43 (all fragments ACK'd) [components/cla/posix/cla_csp.c:432]
[Sun Aug  2 19:08:26 2026] [INFO] CSP: RX COMPLETE - Got 384 bytes from csp:2:43 (all fragments ACK'd) [components/cla/posix/cla_csp.c:432]
[Sun Aug  2 19:08:26 2026] [INFO] CSP: RX loop iteration 3750, last_err=0 [components/cla/posix/cla_csp.c:405]
[Sun Aug  2 19:08:26 2026] [INFO] CSP: RX COMPLETE - Got 384 bytes from csp:2:43 (all fragments ACK'd) [components/cla/posix/cla_csp.c:432]
[Sun Aug  2 19:08:26 2026] [INFO] CSP: RX COMPLETE - Got 384 bytes from csp:2:43 (all fragments ACK'd) [components/cla/posix/cla_csp.c:432]
[Sun Aug  2 19:08:27 2026] [INFO] CSP: RX COMPLETE - Got 384 bytes from csp:2:43 (all fragments ACK'd) [components/cla/posix/cla_csp.c:432]
[Sun Aug  2 19:08:27 2026] [INFO] CSP: RX COMPLETE - Got 384 bytes from csp:2:43 (all fragments ACK'd) [components/cla/posix/cla_csp.c:432]
[Sun Aug  2 19:08:27 2026] [INFO] CSP: RX COMPLETE - Got 384 bytes from csp:2:43 (all fragments ACK'd) [components/cla/posix/cla_csp.c:432]
[Sun Aug  2 19:08:27 2026] [INFO] CSP: RX COMPLETE - Got 384 bytes from csp:2:43 (all fragments ACK'd) [components/cla/posix/cla_csp.c:432]
[Sun Aug  2 19:08:28 2026] [INFO] CSP: RX COMPLETE - Got 384 bytes from csp:2:43 (all fragments ACK'd) [components/cla/posix/cla_csp.c:432]
[Sun Aug  2 19:08:28 2026] [INFO] CSP: RX COMPLETE - Got 384 bytes from csp:2:43 (all fragments ACK'd) [components/cla/posix/cla_csp.c:432]
[Sun Aug  2 19:08:28 2026] [INFO] CSP: RX COMPLETE - Got 384 bytes from csp:2:43 (all fragments ACK'd) [components/cla/posix/cla_csp.c:432]
[Sun Aug  2 19:08:29 2026] [INFO] CSP: RX COMPLETE - Got 384 bytes from csp:2:43 (all fragments ACK'd) [components/cla/posix/cla_csp.c:432]
[Sun Aug  2 19:08:29 2026] [INFO] CSP: RX loop iteration 3760, last_err=0 [components/cla/posix/cla_csp.c:405]
[Sun Aug  2 19:08:29 2026] [INFO] CSP: RX COMPLETE - Got 384 bytes from csp:2:43 (all fragments ACK'd) [components/cla/posix/cla_csp.c:432]
[Sun Aug  2 19:08:29 2026] [INFO] CSP: RX COMPLETE - Got 384 bytes from csp:2:43 (all fragments ACK'd) [components/cla/posix/cla_csp.c:432]
[Sun Aug  2 19:08:30 2026] [INFO] CSP: RX COMPLETE - Got 384 bytes from csp:2:43 (all fragments ACK'd) [components/cla/posix/cla_csp.c:432]
[Sun Aug  2 19:08:30 2026] [INFO] CSP: RX COMPLETE - Got 384 bytes from csp:2:43 (all fragments ACK'd) [components/cla/posix/cla_csp.c:432]
[Sun Aug  2 19:08:30 2026] [INFO] CSP: RX COMPLETE - Got 384 bytes from csp:2:43 (all fragments ACK'd) [components/cla/posix/cla_csp.c:432]
[Sun Aug  2 19:08:30 2026] [INFO] CSP: RX COMPLETE - Got 384 bytes from csp:2:43 (all fragments ACK'd) [components/cla/posix/cla_csp.c:432]
[Sun Aug  2 19:08:31 2026] [INFO] CSP: RX COMPLETE - Got 384 bytes from csp:2:43 (all fragments ACK'd) [components/cla/posix/cla_csp.c:432]
[Sun Aug  2 19:08:31 2026] [INFO] CSP: RX COMPLETE - Got 384 bytes from csp:2:43 (all fragments ACK'd) [components/cla/posix/cla_csp.c:432]
[Sun Aug  2 19:08:31 2026] [INFO] CSP: RX COMPLETE - Got 384 bytes from csp:2:43 (all fragments ACK'd) [components/cla/posix/cla_csp.c:432]
[Sun Aug  2 19:08:32 2026] [INFO] CSP: RX COMPLETE - Got 384 bytes from csp:2:43 (all fragments ACK'd) [components/cla/posix/cla_csp.c:432]
[Sun Aug  2 19:08:32 2026] [INFO] CSP: RX loop iteration 3770, last_err=0 [components/cla/posix/cla_csp.c:405]
[Sun Aug  2 19:08:32 2026] [INFO] CSP: RX COMPLETE - Got 384 bytes from csp:2:43 (all fragments ACK'd) [components/cla/posix/cla_csp.c:432]
[Sun Aug  2 19:08:32 2026] [INFO] CSP: RX COMPLETE - Got 384 bytes from csp:2:43 (all fragments ACK'd) [components/cla/posix/cla_csp.c:432]
[Sun Aug  2 19:08:33 2026] [INFO] CSP: RX COMPLETE - Got 384 bytes from csp:2:43 (all fragments ACK'd) [components/cla/posix/cla_csp.c:432]
[Sun Aug  2 19:08:33 2026] [INFO] CSP: RX COMPLETE - Got 384 bytes from csp:2:43 (all fragments ACK'd) [components/cla/posix/cla_csp.c:432]
[Sun Aug  2 19:08:33 2026] [INFO] CSP: RX COMPLETE - Got 384 bytes from csp:2:43 (all fragments ACK'd) [components/cla/posix/cla_csp.c:432]
[Sun Aug  2 19:08:33 2026] [INFO] CSP: RX COMPLETE - Got 384 bytes from csp:2:43 (all fragments ACK'd) [components/cla/posix/cla_csp.c:432]
[Sun Aug  2 19:08:34 2026] [INFO] CSP: RX COMPLETE - Got 384 bytes from csp:2:43 (all fragments ACK'd) [components/cla/posix/cla_csp.c:432]
[Sun Aug  2 19:08:34 2026] [INFO] CSP: RX COMPLETE - Got 384 bytes from csp:2:43 (all fragments ACK'd) [components/cla/posix/cla_csp.c:432]
[Sun Aug  2 19:08:34 2026] [INFO] CSP: RX COMPLETE - Got 384 bytes from csp:2:43 (all fragments ACK'd) [components/cla/posix/cla_csp.c:432]
[Sun Aug  2 19:08:35 2026] [INFO] CSP: RX COMPLETE - Got 384 bytes from csp:2:43 (all fragments ACK'd) [components/cla/posix/cla_csp.c:432]
[Sun Aug  2 19:08:35 2026] [INFO] CSP: RX loop iteration 3780, last_err=0 [components/cla/posix/cla_csp.c:405]
[Sun Aug  2 19:08:35 2026] [INFO] CSP: RX COMPLETE - Got 384 bytes from csp:2:43 (all fragments ACK'd) [components/cla/posix/cla_csp.c:432]
[Sun Aug  2 19:08:35 2026] [INFO] CSP: RX COMPLETE - Got 384 bytes from csp:2:43 (all fragments ACK'd) [components/cla/posix/cla_csp.c:432]
[Sun Aug  2 19:08:36 2026] [INFO] CSP: RX COMPLETE - Got 384 bytes from csp:2:43 (all fragments ACK'd) [components/cla/posix/cla_csp.c:432]
[Sun Aug  2 19:08:36 2026] [INFO] CSP: RX COMPLETE - Got 384 bytes from csp:2:43 (all fragments ACK'd) [components/cla/posix/cla_csp.c:432]
[Sun Aug  2 19:08:36 2026] [INFO] CSP: RX COMPLETE - Got 384 bytes from csp:2:43 (all fragments ACK'd) [components/cla/posix/cla_csp.c:432]
[Sun Aug  2 19:08:36 2026] [INFO] CSP: RX COMPLETE - Got 384 bytes from csp:2:43 (all fragments ACK'd) [components/cla/posix/cla_csp.c:432]
[Sun Aug  2 19:08:37 2026] [INFO] CSP: RX COMPLETE - Got 384 bytes from csp:2:43 (all fragments ACK'd) [components/cla/posix/cla_csp.c:432]
[Sun Aug  2 19:08:37 2026] [INFO] CSP: RX COMPLETE - Got 384 bytes from csp:2:43 (all fragments ACK'd) [components/cla/posix/cla_csp.c:432]
[Sun Aug  2 19:08:37 2026] [INFO] CSP: RX COMPLETE - Got 384 bytes from csp:2:43 (all fragments ACK'd) [components/cla/posix/cla_csp.c:432]
[Sun Aug  2 19:08:37 2026] [INFO] CSP: RX COMPLETE - Got 384 bytes from csp:2:43 (all fragments ACK'd) [components/cla/posix/cla_csp.c:432]
[Sun Aug  2 19:08:38 2026] [INFO] CSP: RX loop iteration 3790, last_err=0 [components/cla/posix/cla_csp.c:405]
[Sun Aug  2 19:08:38 2026] [INFO] CSP: RX COMPLETE - Got 384 bytes from csp:2:43 (all fragments ACK'd) [components/cla/posix/cla_csp.c:432]
[Sun Aug  2 19:08:38 2026] [INFO] CSP: RX COMPLETE - Got 384 bytes from csp:2:43 (all fragments ACK'd) [components/cla/posix/cla_csp.c:432]
[Sun Aug  2 19:08:38 2026] [INFO] CSP: RX COMPLETE - Got 384 bytes from csp:2:43 (all fragments ACK'd) [components/cla/posix/cla_csp.c:432]
[Sun Aug  2 19:08:39 2026] [INFO] CSP: RX COMPLETE - Got 384 bytes from csp:2:43 (all fragments ACK'd) [components/cla/posix/cla_csp.c:432]
[Sun Aug  2 19:08:39 2026] [INFO] CSP: RX COMPLETE - Got 384 bytes from csp:2:43 (all fragments ACK'd) [components/cla/posix/cla_csp.c:432]
[Sun Aug  2 19:08:39 2026] [INFO] CSP: RX COMPLETE - Got 384 bytes from csp:2:43 (all fragments ACK'd) [components/cla/posix/cla_csp.c:432]
[Sun Aug  2 19:08:40 2026] [INFO] CSP: RX COMPLETE - Got 384 bytes from csp:2:43 (all fragments ACK'd) [components/cla/posix/cla_csp.c:432]
[Sun Aug  2 19:08:40 2026] [INFO] CSP: RX COMPLETE - Got 384 bytes from csp:2:43 (all fragments ACK'd) [components/cla/posix/cla_csp.c:432]
[Sun Aug  2 19:08:40 2026] [INFO] CSP: RX COMPLETE - Got 384 bytes from csp:2:43 (all fragments ACK'd) [components/cla/posix/cla_csp.c:432]
[Sun Aug  2 19:08:41 2026] [INFO] CSP: RX COMPLETE - Got 384 bytes from csp:2:43 (all fragments ACK'd) [components/cla/posix/cla_csp.c:432]
[Sun Aug  2 19:08:41 2026] [INFO] CSP: RX loop iteration 3800, last_err=0 [components/cla/posix/cla_csp.c:405]
[Sun Aug  2 19:08:41 2026] [INFO] CSP: RX COMPLETE - Got 384 bytes from csp:2:43 (all fragments ACK'd) [components/cla/posix/cla_csp.c:432]
[Sun Aug  2 19:08:41 2026] [INFO] CSP: RX COMPLETE - Got 384 bytes from csp:2:43 (all fragments ACK'd) [components/cla/posix/cla_csp.c:432]
[Sun Aug  2 19:08:41 2026] [INFO] CSP: RX COMPLETE - Got 384 bytes from csp:2:43 (all fragments ACK'd) [components/cla/posix/cla_csp.c:432]
[Sun Aug  2 19:08:42 2026] [INFO] CSP: RX COMPLETE - Got 384 bytes from csp:2:43 (all fragments ACK'd) [components/cla/posix/cla_csp.c:432]
[Sun Aug  2 19:08:42 2026] [INFO] CSP: RX COMPLETE - Got 384 bytes from csp:2:43 (all fragments ACK'd) [components/cla/posix/cla_csp.c:432]
[Sun Aug  2 19:08:42 2026] [INFO] CSP: RX COMPLETE - Got 384 bytes from csp:2:43 (all fragments ACK'd) [components/cla/posix/cla_csp.c:432]
[Sun Aug  2 19:08:43 2026] [INFO] CSP: RX COMPLETE - Got 384 bytes from csp:2:43 (all fragments ACK'd) [components/cla/posix/cla_csp.c:432]
[Sun Aug  2 19:08:43 2026] [INFO] CSP: RX COMPLETE - Got 384 bytes from csp:2:43 (all fragments ACK'd) [components/cla/posix/cla_csp.c:432]
[Sun Aug  2 19:08:43 2026] [INFO] CSP: RX COMPLETE - Got 384 bytes from csp:2:43 (all fragments ACK'd) [components/cla/posix/cla_csp.c:432]
[Sun Aug  2 19:08:43 2026] [INFO] CSP: RX COMPLETE - Got 384 bytes from csp:2:43 (all fragments ACK'd) [components/cla/posix/cla_csp.c:432]
[Sun Aug  2 19:08:44 2026] [INFO] CSP: RX loop iteration 3810, last_err=0 [components/cla/posix/cla_csp.c:405]
[Sun Aug  2 19:08:44 2026] [INFO] CSP: RX COMPLETE - Got 384 bytes from csp:2:43 (all fragments ACK'd) [components/cla/posix/cla_csp.c:432]
[Sun Aug  2 19:08:44 2026] [INFO] CSP: RX COMPLETE - Got 384 bytes from csp:2:43 (all fragments ACK'd) [components/cla/posix/cla_csp.c:432]
[Sun Aug  2 19:08:45 2026] [INFO] CSP: RX COMPLETE - Got 384 bytes from csp:2:43 (all fragments ACK'd) [components/cla/posix/cla_csp.c:432]
[Sun Aug  2 19:08:45 2026] [INFO] CSP: RX COMPLETE - Got 384 bytes from csp:2:43 (all fragments ACK'd) [components/cla/posix/cla_csp.c:432]
[Sun Aug  2 19:08:45 2026] [INFO] CSP: RX COMPLETE - Got 384 bytes from csp:2:43 (all fragments ACK'd) [components/cla/posix/cla_csp.c:432]
[Sun Aug  2 19:08:45 2026] [INFO] CSP: RX COMPLETE - Got 384 bytes from csp:2:43 (all fragments ACK'd) [components/cla/posix/cla_csp.c:432]
[Sun Aug  2 19:08:46 2026] [INFO] CSP: RX COMPLETE - Got 384 bytes from csp:2:43 (all fragments ACK'd) [components/cla/posix/cla_csp.c:432]
[Sun Aug  2 19:08:46 2026] [INFO] CSP: RX COMPLETE - Got 384 bytes from csp:2:43 (all fragments ACK'd) [components/cla/posix/cla_csp.c:432]
[Sun Aug  2 19:08:46 2026] [INFO] CSP: RX COMPLETE - Got 384 bytes from csp:2:43 (all fragments ACK'd) [components/cla/posix/cla_csp.c:432]
[Sun Aug  2 19:08:46 2026] [INFO] CSP: RX COMPLETE - Got 384 bytes from csp:2:43 (all fragments ACK'd) [components/cla/posix/cla_csp.c:432]
[Sun Aug  2 19:08:47 2026] [INFO] CSP: RX loop iteration 3820, last_err=0 [components/cla/posix/cla_csp.c:405]
[Sun Aug  2 19:08:47 2026] [INFO] CSP: RX COMPLETE - Got 384 bytes from csp:2:43 (all fragments ACK'd) [components/cla/posix/cla_csp.c:432]
[Sun Aug  2 19:08:47 2026] [INFO] CSP: RX COMPLETE - Got 384 bytes from csp:2:43 (all fragments ACK'd) [components/cla/posix/cla_csp.c:432]
[Sun Aug  2 19:08:47 2026] [INFO] CSP: RX COMPLETE - Got 384 bytes from csp:2:43 (all fragments ACK'd) [components/cla/posix/cla_csp.c:432]
[Sun Aug  2 19:08:48 2026] [INFO] CSP: RX COMPLETE - Got 384 bytes from csp:2:43 (all fragments ACK'd) [components/cla/posix/cla_csp.c:432]
[Sun Aug  2 19:08:48 2026] [INFO] CSP: RX COMPLETE - Got 384 bytes from csp:2:43 (all fragments ACK'd) [components/cla/posix/cla_csp.c:432]
[Sun Aug  2 19:08:48 2026] [INFO] CSP: RX COMPLETE - Got 384 bytes from csp:2:43 (all fragments ACK'd) [components/cla/posix/cla_csp.c:432]
[Sun Aug  2 19:08:49 2026] [INFO] CSP: RX COMPLETE - Got 384 bytes from csp:2:43 (all fragments ACK'd) [components/cla/posix/cla_csp.c:432]
[Sun Aug  2 19:08:49 2026] [INFO] CSP: RX COMPLETE - Got 384 bytes from csp:2:43 (all fragments ACK'd) [components/cla/posix/cla_csp.c:432]
[Sun Aug  2 19:08:49 2026] [INFO] CSP: RX COMPLETE - Got 384 bytes from csp:2:43 (all fragments ACK'd) [components/cla/posix/cla_csp.c:432]
[Sun Aug  2 19:08:49 2026] [INFO] CSP: RX COMPLETE - Got 384 bytes from csp:2:43 (all fragments ACK'd) [components/cla/posix/cla_csp.c:432]
[Sun Aug  2 19:08:50 2026] [INFO] CSP: RX loop iteration 3830, last_err=0 [components/cla/posix/cla_csp.c:405]
[Sun Aug  2 19:08:50 2026] [INFO] CSP: RX COMPLETE - Got 384 bytes from csp:2:43 (all fragments ACK'd) [components/cla/posix/cla_csp.c:432]
[Sun Aug  2 19:08:50 2026] [INFO] CSP: RX COMPLETE - Got 384 bytes from csp:2:43 (all fragments ACK'd) [components/cla/posix/cla_csp.c:432]
[Sun Aug  2 19:08:50 2026] [INFO] CSP: RX COMPLETE - Got 384 bytes from csp:2:43 (all fragments ACK'd) [components/cla/posix/cla_csp.c:432]
[Sun Aug  2 19:08:51 2026] [INFO] CSP: RX COMPLETE - Got 384 bytes from csp:2:43 (all fragments ACK'd) [components/cla/posix/cla_csp.c:432]
[Sun Aug  2 19:08:51 2026] [INFO] CSP: RX COMPLETE - Got 384 bytes from csp:2:43 (all fragments ACK'd) [components/cla/posix/cla_csp.c:432]
[Sun Aug  2 19:08:51 2026] [INFO] CSP: RX COMPLETE - Got 384 bytes from csp:2:43 (all fragments ACK'd) [components/cla/posix/cla_csp.c:432]
[Sun Aug  2 19:08:51 2026] [INFO] CSP: RX COMPLETE - Got 384 bytes from csp:2:43 (all fragments ACK'd) [components/cla/posix/cla_csp.c:432]
[Sun Aug  2 19:08:52 2026] [INFO] CSP: RX COMPLETE - Got 384 bytes from csp:2:43 (all fragments ACK'd) [components/cla/posix/cla_csp.c:432]
[Sun Aug  2 19:08:52 2026] [INFO] CSP: RX COMPLETE - Got 384 bytes from csp:2:43 (all fragments ACK'd) [components/cla/posix/cla_csp.c:432]
[Sun Aug  2 19:08:52 2026] [INFO] CSP: RX COMPLETE - Got 384 bytes from csp:2:43 (all fragments ACK'd) [components/cla/posix/cla_csp.c:432]
[Sun Aug  2 19:08:53 2026] [INFO] CSP: RX loop iteration 3840, last_err=0 [components/cla/posix/cla_csp.c:405]
[Sun Aug  2 19:08:53 2026] [INFO] CSP: RX COMPLETE - Got 384 bytes from csp:2:43 (all fragments ACK'd) [components/cla/posix/cla_csp.c:432]
[Sun Aug  2 19:08:53 2026] [INFO] CSP: RX COMPLETE - Got 384 bytes from csp:2:43 (all fragments ACK'd) [components/cla/posix/cla_csp.c:432]
[Sun Aug  2 19:08:53 2026] [INFO] CSP: RX COMPLETE - Got 384 bytes from csp:2:43 (all fragments ACK'd) [components/cla/posix/cla_csp.c:432]
[Sun Aug  2 19:08:54 2026] [INFO] CSP: RX COMPLETE - Got 384 bytes from csp:2:43 (all fragments ACK'd) [components/cla/posix/cla_csp.c:432]
[Sun Aug  2 19:08:54 2026] [INFO] CSP: RX COMPLETE - Got 384 bytes from csp:2:43 (all fragments ACK'd) [components/cla/posix/cla_csp.c:432]
[Sun Aug  2 19:08:54 2026] [INFO] CSP: RX COMPLETE - Got 384 bytes from csp:2:43 (all fragments ACK'd) [components/cla/posix/cla_csp.c:432]
[Sun Aug  2 19:08:55 2026] [INFO] CSP: RX COMPLETE - Got 384 bytes from csp:2:43 (all fragments ACK'd) [components/cla/posix/cla_csp.c:432]
[Sun Aug  2 19:08:55 2026] [INFO] CSP: RX COMPLETE - Got 384 bytes from csp:2:43 (all fragments ACK'd) [components/cla/posix/cla_csp.c:432]
[Sun Aug  2 19:08:55 2026] [INFO] CSP: RX COMPLETE - Got 384 bytes from csp:2:43 (all fragments ACK'd) [components/cla/posix/cla_csp.c:432]
[Sun Aug  2 19:08:55 2026] [INFO] CSP: RX COMPLETE - Got 384 bytes from csp:2:43 (all fragments ACK'd) [components/cla/posix/cla_csp.c:432]
[Sun Aug  2 19:08:56 2026] [INFO] CSP: RX loop iteration 3850, last_err=0 [components/cla/posix/cla_csp.c:405]
[Sun Aug  2 19:08:56 2026] [INFO] CSP: RX COMPLETE - Got 384 bytes from csp:2:43 (all fragments ACK'd) [components/cla/posix/cla_csp.c:432]
[Sun Aug  2 19:08:56 2026] [INFO] CSP: RX COMPLETE - Got 384 bytes from csp:2:43 (all fragments ACK'd) [components/cla/posix/cla_csp.c:432]
[Sun Aug  2 19:08:56 2026] [INFO] CSP: RX COMPLETE - Got 384 bytes from csp:2:43 (all fragments ACK'd) [components/cla/posix/cla_csp.c:432]
[Sun Aug  2 19:08:57 2026] [INFO] CSP: RX COMPLETE - Got 384 bytes from csp:2:43 (all fragments ACK'd) [components/cla/posix/cla_csp.c:432]
[Sun Aug  2 19:08:57 2026] [INFO] CSP: RX COMPLETE - Got 384 bytes from csp:2:43 (all fragments ACK'd) [components/cla/posix/cla_csp.c:432]
[Sun Aug  2 19:08:57 2026] [INFO] CSP: RX COMPLETE - Got 384 bytes from csp:2:43 (all fragments ACK'd) [components/cla/posix/cla_csp.c:432]
[Sun Aug  2 19:08:58 2026] [INFO] CSP: RX COMPLETE - Got 384 bytes from csp:2:43 (all fragments ACK'd) [components/cla/posix/cla_csp.c:432]
[Sun Aug  2 19:08:58 2026] [INFO] CSP: RX COMPLETE - Got 384 bytes from csp:2:43 (all fragments ACK'd) [components/cla/posix/cla_csp.c:432]
[Sun Aug  2 19:08:58 2026] [INFO] CSP: RX COMPLETE - Got 384 bytes from csp:2:43 (all fragments ACK'd) [components/cla/posix/cla_csp.c:432]
[Sun Aug  2 19:08:58 2026] [INFO] CSP: RX COMPLETE - Got 384 bytes from csp:2:43 (all fragments ACK'd) [components/cla/posix/cla_csp.c:432]
[Sun Aug  2 19:08:59 2026] [INFO] CSP: RX loop iteration 3860, last_err=0 [components/cla/posix/cla_csp.c:405]
[Sun Aug  2 19:08:59 2026] [INFO] CSP: RX COMPLETE - Got 384 bytes from csp:2:43 (all fragments ACK'd) [components/cla/posix/cla_csp.c:432]
[Sun Aug  2 19:08:59 2026] [INFO] CSP: RX COMPLETE - Got 384 bytes from csp:2:43 (all fragments ACK'd) [components/cla/posix/cla_csp.c:432]
[Sun Aug  2 19:08:59 2026] [INFO] CSP: RX COMPLETE - Got 384 bytes from csp:2:43 (all fragments ACK'd) [components/cla/posix/cla_csp.c:432]
[Sun Aug  2 19:09:00 2026] [INFO] CSP: RX COMPLETE - Got 384 bytes from csp:2:43 (all fragments ACK'd) [components/cla/posix/cla_csp.c:432]
[Sun Aug  2 19:09:00 2026] [INFO] CSP: RX COMPLETE - Got 384 bytes from csp:2:43 (all fragments ACK'd) [components/cla/posix/cla_csp.c:432]
[Sun Aug  2 19:09:00 2026] [INFO] CSP: RX COMPLETE - Got 384 bytes from csp:2:43 (all fragments ACK'd) [components/cla/posix/cla_csp.c:432]
[Sun Aug  2 19:09:01 2026] [INFO] CSP: RX COMPLETE - Got 384 bytes from csp:2:43 (all fragments ACK'd) [components/cla/posix/cla_csp.c:432]
[Sun Aug  2 19:09:01 2026] [INFO] CSP: RX COMPLETE - Got 384 bytes from csp:2:43 (all fragments ACK'd) [components/cla/posix/cla_csp.c:432]
[Sun Aug  2 19:09:01 2026] [INFO] CSP: RX COMPLETE - Got 384 bytes from csp:2:43 (all fragments ACK'd) [components/cla/posix/cla_csp.c:432]
[Sun Aug  2 19:09:01 2026] [INFO] CSP: RX COMPLETE - Got 384 bytes from csp:2:43 (all fragments ACK'd) [components/cla/posix/cla_csp.c:432]
[Sun Aug  2 19:09:02 2026] [INFO] CSP: RX loop iteration 3870, last_err=0 [components/cla/posix/cla_csp.c:405]
[Sun Aug  2 19:09:02 2026] [INFO] CSP: RX COMPLETE - Got 384 bytes from csp:2:43 (all fragments ACK'd) [components/cla/posix/cla_csp.c:432]
[Sun Aug  2 19:09:02 2026] [INFO] CSP: RX COMPLETE - Got 384 bytes from csp:2:43 (all fragments ACK'd) [components/cla/posix/cla_csp.c:432]
[Sun Aug  2 19:09:02 2026] [INFO] CSP: RX COMPLETE - Got 384 bytes from csp:2:43 (all fragments ACK'd) [components/cla/posix/cla_csp.c:432]
[Sun Aug  2 19:09:03 2026] [INFO] CSP: RX COMPLETE - Got 384 bytes from csp:2:43 (all fragments ACK'd) [components/cla/posix/cla_csp.c:432]
[Sun Aug  2 19:09:03 2026] [INFO] CSP: RX COMPLETE - Got 384 bytes from csp:2:43 (all fragments ACK'd) [components/cla/posix/cla_csp.c:432]
[Sun Aug  2 19:09:03 2026] [INFO] CSP: RX COMPLETE - Got 384 bytes from csp:2:43 (all fragments ACK'd) [components/cla/posix/cla_csp.c:432]
[Sun Aug  2 19:09:03 2026] [INFO] CSP: RX COMPLETE - Got 384 bytes from csp:2:43 (all fragments ACK'd) [components/cla/posix/cla_csp.c:432]
[Sun Aug  2 19:09:04 2026] [INFO] CSP: RX COMPLETE - Got 384 bytes from csp:2:43 (all fragments ACK'd) [components/cla/posix/cla_csp.c:432]
[Sun Aug  2 19:09:04 2026] [INFO] CSP: RX COMPLETE - Got 384 bytes from csp:2:43 (all fragments ACK'd) [components/cla/posix/cla_csp.c:432]
[Sun Aug  2 19:09:04 2026] [INFO] CSP: RX COMPLETE - Got 384 bytes from csp:2:43 (all fragments ACK'd) [components/cla/posix/cla_csp.c:432]
[Sun Aug  2 19:09:05 2026] [INFO] CSP: RX loop iteration 3880, last_err=0 [components/cla/posix/cla_csp.c:405]
[Sun Aug  2 19:09:05 2026] [INFO] CSP: RX COMPLETE - Got 384 bytes from csp:2:43 (all fragments ACK'd) [components/cla/posix/cla_csp.c:432]
[Sun Aug  2 19:09:05 2026] [INFO] CSP: RX COMPLETE - Got 384 bytes from csp:2:43 (all fragments ACK'd) [components/cla/posix/cla_csp.c:432]
[Sun Aug  2 19:09:05 2026] [INFO] CSP: RX COMPLETE - Got 384 bytes from csp:2:43 (all fragments ACK'd) [components/cla/posix/cla_csp.c:432]
[Sun Aug  2 19:09:06 2026] [INFO] CSP: RX COMPLETE - Got 384 bytes from csp:2:43 (all fragments ACK'd) [components/cla/posix/cla_csp.c:432]
[Sun Aug  2 19:09:06 2026] [INFO] CSP: RX COMPLETE - Got 384 bytes from csp:2:43 (all fragments ACK'd) [components/cla/posix/cla_csp.c:432]
[Sun Aug  2 19:09:06 2026] [INFO] CSP: RX COMPLETE - Got 384 bytes from csp:2:43 (all fragments ACK'd) [components/cla/posix/cla_csp.c:432]
[Sun Aug  2 19:09:06 2026] [INFO] CSP: RX COMPLETE - Got 384 bytes from csp:2:43 (all fragments ACK'd) [components/cla/posix/cla_csp.c:432]
[Sun Aug  2 19:09:07 2026] [INFO] CSP: RX COMPLETE - Got 384 bytes from csp:2:43 (all fragments ACK'd) [components/cla/posix/cla_csp.c:432]
[Sun Aug  2 19:09:07 2026] [INFO] CSP: RX COMPLETE - Got 384 bytes from csp:2:43 (all fragments ACK'd) [components/cla/posix/cla_csp.c:432]
[Sun Aug  2 19:09:07 2026] [INFO] CSP: RX COMPLETE - Got 384 bytes from csp:2:43 (all fragments ACK'd) [components/cla/posix/cla_csp.c:432]
[Sun Aug  2 19:09:08 2026] [INFO] CSP: RX loop iteration 3890, last_err=0 [components/cla/posix/cla_csp.c:405]
[Sun Aug  2 19:09:08 2026] [INFO] CSP: RX COMPLETE - Got 384 bytes from csp:2:43 (all fragments ACK'd) [components/cla/posix/cla_csp.c:432]
[Sun Aug  2 19:09:08 2026] [INFO] CSP: RX COMPLETE - Got 384 bytes from csp:2:43 (all fragments ACK'd) [components/cla/posix/cla_csp.c:432]
[Sun Aug  2 19:09:08 2026] [INFO] CSP: RX COMPLETE - Got 384 bytes from csp:2:43 (all fragments ACK'd) [components/cla/posix/cla_csp.c:432]
[Sun Aug  2 19:09:09 2026] [INFO] CSP: RX COMPLETE - Got 384 bytes from csp:2:43 (all fragments ACK'd) [components/cla/posix/cla_csp.c:432]
[Sun Aug  2 19:09:09 2026] [INFO] CSP: RX COMPLETE - Got 384 bytes from csp:2:43 (all fragments ACK'd) [components/cla/posix/cla_csp.c:432]
[Sun Aug  2 19:09:09 2026] [INFO] CSP: RX COMPLETE - Got 384 bytes from csp:2:43 (all fragments ACK'd) [components/cla/posix/cla_csp.c:432]
[Sun Aug  2 19:09:09 2026] [INFO] CSP: RX COMPLETE - Got 384 bytes from csp:2:43 (all fragments ACK'd) [components/cla/posix/cla_csp.c:432]
[Sun Aug  2 19:09:10 2026] [INFO] CSP: RX COMPLETE - Got 384 bytes from csp:2:43 (all fragments ACK'd) [components/cla/posix/cla_csp.c:432]
[Sun Aug  2 19:09:10 2026] [INFO] CSP: RX COMPLETE - Got 384 bytes from csp:2:43 (all fragments ACK'd) [components/cla/posix/cla_csp.c:432]
[Sun Aug  2 19:09:10 2026] [INFO] CSP: RX COMPLETE - Got 384 bytes from csp:2:43 (all fragments ACK'd) [components/cla/posix/cla_csp.c:432]
[Sun Aug  2 19:09:10 2026] [INFO] CSP: RX loop iteration 3900, last_err=0 [components/cla/posix/cla_csp.c:405]
[Sun Aug  2 19:09:10 2026] [INFO] CSP: RX COMPLETE - Got 384 bytes from csp:2:43 (all fragments ACK'd) [components/cla/posix/cla_csp.c:432]
[Sun Aug  2 19:09:11 2026] [INFO] CSP: RX COMPLETE - Got 384 bytes from csp:2:43 (all fragments ACK'd) [components/cla/posix/cla_csp.c:432]
[Sun Aug  2 19:09:11 2026] [INFO] CSP: RX COMPLETE - Got 384 bytes from csp:2:43 (all fragments ACK'd) [components/cla/posix/cla_csp.c:432]
[Sun Aug  2 19:09:12 2026] [INFO] CSP: RX COMPLETE - Got 384 bytes from csp:2:43 (all fragments ACK'd) [components/cla/posix/cla_csp.c:432]
[Sun Aug  2 19:09:12 2026] [INFO] CSP: RX COMPLETE - Got 384 bytes from csp:2:43 (all fragments ACK'd) [components/cla/posix/cla_csp.c:432]
[Sun Aug  2 19:09:12 2026] [INFO] CSP: RX COMPLETE - Got 384 bytes from csp:2:43 (all fragments ACK'd) [components/cla/posix/cla_csp.c:432]
[Sun Aug  2 19:09:12 2026] [INFO] CSP: RX COMPLETE - Got 384 bytes from csp:2:43 (all fragments ACK'd) [components/cla/posix/cla_csp.c:432]
[Sun Aug  2 19:09:12 2026] [INFO] CSP: RX COMPLETE - Got 384 bytes from csp:2:43 (all fragments ACK'd) [components/cla/posix/cla_csp.c:432]
[Sun Aug  2 19:09:13 2026] [INFO] CSP: RX COMPLETE - Got 384 bytes from csp:2:43 (all fragments ACK'd) [components/cla/posix/cla_csp.c:432]
[Sun Aug  2 19:09:13 2026] [INFO] CSP: RX COMPLETE - Got 384 bytes from csp:2:43 (all fragments ACK'd) [components/cla/posix/cla_csp.c:432]
[Sun Aug  2 19:09:13 2026] [INFO] CSP: RX loop iteration 3910, last_err=0 [components/cla/posix/cla_csp.c:405]
[Sun Aug  2 19:09:13 2026] [INFO] CSP: RX COMPLETE - Got 384 bytes from csp:2:43 (all fragments ACK'd) [components/cla/posix/cla_csp.c:432]
[Sun Aug  2 19:09:14 2026] [INFO] CSP: RX COMPLETE - Got 384 bytes from csp:2:43 (all fragments ACK'd) [components/cla/posix/cla_csp.c:432]
[Sun Aug  2 19:09:14 2026] [INFO] CSP: RX COMPLETE - Got 384 bytes from csp:2:43 (all fragments ACK'd) [components/cla/posix/cla_csp.c:432]
[Sun Aug  2 19:09:14 2026] [INFO] CSP: RX COMPLETE - Got 384 bytes from csp:2:43 (all fragments ACK'd) [components/cla/posix/cla_csp.c:432]
[Sun Aug  2 19:09:15 2026] [INFO] CSP: RX COMPLETE - Got 384 bytes from csp:2:43 (all fragments ACK'd) [components/cla/posix/cla_csp.c:432]
[Sun Aug  2 19:09:15 2026] [INFO] CSP: RX COMPLETE - Got 384 bytes from csp:2:43 (all fragments ACK'd) [components/cla/posix/cla_csp.c:432]
[Sun Aug  2 19:09:15 2026] [INFO] CSP: RX COMPLETE - Got 384 bytes from csp:2:43 (all fragments ACK'd) [components/cla/posix/cla_csp.c:432]
[Sun Aug  2 19:09:16 2026] [INFO] CSP: RX COMPLETE - Got 384 bytes from csp:2:43 (all fragments ACK'd) [components/cla/posix/cla_csp.c:432]
[Sun Aug  2 19:09:16 2026] [INFO] CSP: RX COMPLETE - Got 384 bytes from csp:2:43 (all fragments ACK'd) [components/cla/posix/cla_csp.c:432]
[Sun Aug  2 19:09:16 2026] [INFO] CSP: RX COMPLETE - Got 384 bytes from csp:2:43 (all fragments ACK'd) [components/cla/posix/cla_csp.c:432]
[Sun Aug  2 19:09:17 2026] [INFO] CSP: RX loop iteration 3920, last_err=0 [components/cla/posix/cla_csp.c:405]
[Sun Aug  2 19:09:17 2026] [INFO] CSP: RX COMPLETE - Got 384 bytes from csp:2:43 (all fragments ACK'd) [components/cla/posix/cla_csp.c:432]
[Sun Aug  2 19:09:17 2026] [INFO] CSP: RX COMPLETE - Got 384 bytes from csp:2:43 (all fragments ACK'd) [components/cla/posix/cla_csp.c:432]
[Sun Aug  2 19:09:17 2026] [INFO] CSP: RX COMPLETE - Got 384 bytes from csp:2:43 (all fragments ACK'd) [components/cla/posix/cla_csp.c:432]
[Sun Aug  2 19:09:17 2026] [INFO] CSP: RX COMPLETE - Got 384 bytes from csp:2:43 (all fragments ACK'd) [components/cla/posix/cla_csp.c:432]
[Sun Aug  2 19:09:18 2026] [INFO] CSP: RX COMPLETE - Got 384 bytes from csp:2:43 (all fragments ACK'd) [components/cla/posix/cla_csp.c:432]
[Sun Aug  2 19:09:18 2026] [INFO] CSP: RX COMPLETE - Got 384 bytes from csp:2:43 (all fragments ACK'd) [components/cla/posix/cla_csp.c:432]
[Sun Aug  2 19:09:18 2026] [INFO] CSP: RX COMPLETE - Got 384 bytes from csp:2:43 (all fragments ACK'd) [components/cla/posix/cla_csp.c:432]
[Sun Aug  2 19:09:19 2026] [INFO] CSP: RX COMPLETE - Got 384 bytes from csp:2:43 (all fragments ACK'd) [components/cla/posix/cla_csp.c:432]
[Sun Aug  2 19:09:19 2026] [INFO] CSP: RX COMPLETE - Got 384 bytes from csp:2:43 (all fragments ACK'd) [components/cla/posix/cla_csp.c:432]
[Sun Aug  2 19:09:19 2026] [INFO] CSP: RX COMPLETE - Got 384 bytes from csp:2:43 (all fragments ACK'd) [components/cla/posix/cla_csp.c:432]
[Sun Aug  2 19:09:20 2026] [INFO] CSP: RX loop iteration 3930, last_err=0 [components/cla/posix/cla_csp.c:405]
[Sun Aug  2 19:09:20 2026] [INFO] CSP: RX COMPLETE - Got 384 bytes from csp:2:43 (all fragments ACK'd) [components/cla/posix/cla_csp.c:432]
[Sun Aug  2 19:09:20 2026] [INFO] CSP: RX COMPLETE - Got 384 bytes from csp:2:43 (all fragments ACK'd) [components/cla/posix/cla_csp.c:432]
[Sun Aug  2 19:09:20 2026] [INFO] CSP: RX COMPLETE - Got 384 bytes from csp:2:43 (all fragments ACK'd) [components/cla/posix/cla_csp.c:432]
[Sun Aug  2 19:09:21 2026] [INFO] CSP: RX COMPLETE - Got 384 bytes from csp:2:43 (all fragments ACK'd) [components/cla/posix/cla_csp.c:432]
[Sun Aug  2 19:09:21 2026] [INFO] CSP: RX COMPLETE - Got 384 bytes from csp:2:43 (all fragments ACK'd) [components/cla/posix/cla_csp.c:432]
[Sun Aug  2 19:09:21 2026] [INFO] CSP: RX COMPLETE - Got 384 bytes from csp:2:43 (all fragments ACK'd) [components/cla/posix/cla_csp.c:432]
[Sun Aug  2 19:09:21 2026] [INFO] CSP: RX COMPLETE - Got 384 bytes from csp:2:43 (all fragments ACK'd) [components/cla/posix/cla_csp.c:432]
[Sun Aug  2 19:09:21 2026] [INFO] CSP: RX COMPLETE - Got 384 bytes from csp:2:43 (all fragments ACK'd) [components/cla/posix/cla_csp.c:432]
[Sun Aug  2 19:09:22 2026] [INFO] CSP: RX COMPLETE - Got 384 bytes from csp:2:43 (all fragments ACK'd) [components/cla/posix/cla_csp.c:432]
[Sun Aug  2 19:09:22 2026] [INFO] CSP: RX COMPLETE - Got 384 bytes from csp:2:43 (all fragments ACK'd) [components/cla/posix/cla_csp.c:432]
[Sun Aug  2 19:09:22 2026] [INFO] CSP: RX loop iteration 3940, last_err=0 [components/cla/posix/cla_csp.c:405]
[Sun Aug  2 19:09:22 2026] [INFO] CSP: RX COMPLETE - Got 384 bytes from csp:2:43 (all fragments ACK'd) [components/cla/posix/cla_csp.c:432]
[Sun Aug  2 19:09:23 2026] [INFO] CSP: RX COMPLETE - Got 384 bytes from csp:2:43 (all fragments ACK'd) [components/cla/posix/cla_csp.c:432]
[Sun Aug  2 19:09:23 2026] [INFO] CSP: RX COMPLETE - Got 384 bytes from csp:2:43 (all fragments ACK'd) [components/cla/posix/cla_csp.c:432]
[Sun Aug  2 19:09:23 2026] [INFO] CSP: RX COMPLETE - Got 384 bytes from csp:2:43 (all fragments ACK'd) [components/cla/posix/cla_csp.c:432]
[Sun Aug  2 19:09:24 2026] [INFO] CSP: RX COMPLETE - Got 384 bytes from csp:2:43 (all fragments ACK'd) [components/cla/posix/cla_csp.c:432]
[Sun Aug  2 19:09:24 2026] [INFO] CSP: RX COMPLETE - Got 384 bytes from csp:2:43 (all fragments ACK'd) [components/cla/posix/cla_csp.c:432]
[Sun Aug  2 19:09:24 2026] [INFO] CSP: RX COMPLETE - Got 384 bytes from csp:2:43 (all fragments ACK'd) [components/cla/posix/cla_csp.c:432]
[Sun Aug  2 19:09:25 2026] [INFO] CSP: RX COMPLETE - Got 384 bytes from csp:2:43 (all fragments ACK'd) [components/cla/posix/cla_csp.c:432]
[Sun Aug  2 19:09:25 2026] [INFO] CSP: RX COMPLETE - Got 384 bytes from csp:2:43 (all fragments ACK'd) [components/cla/posix/cla_csp.c:432]
[Sun Aug  2 19:09:25 2026] [INFO] CSP: RX COMPLETE - Got 384 bytes from csp:2:43 (all fragments ACK'd) [components/cla/posix/cla_csp.c:432]
[Sun Aug  2 19:09:25 2026] [INFO] CSP: RX loop iteration 3950, last_err=0 [components/cla/posix/cla_csp.c:405]
[Sun Aug  2 19:09:25 2026] [INFO] CSP: RX COMPLETE - Got 384 bytes from csp:2:43 (all fragments ACK'd) [components/cla/posix/cla_csp.c:432]
[Sun Aug  2 19:09:26 2026] [INFO] CSP: RX COMPLETE - Got 384 bytes from csp:2:43 (all fragments ACK'd) [components/cla/posix/cla_csp.c:432]
[Sun Aug  2 19:09:26 2026] [INFO] CSP: RX COMPLETE - Got 384 bytes from csp:2:43 (all fragments ACK'd) [components/cla/posix/cla_csp.c:432]
[Sun Aug  2 19:09:26 2026] [INFO] CSP: RX COMPLETE - Got 384 bytes from csp:2:43 (all fragments ACK'd) [components/cla/posix/cla_csp.c:432]
[Sun Aug  2 19:09:27 2026] [INFO] CSP: RX COMPLETE - Got 384 bytes from csp:2:43 (all fragments ACK'd) [components/cla/posix/cla_csp.c:432]
[Sun Aug  2 19:09:27 2026] [INFO] CSP: RX COMPLETE - Got 384 bytes from csp:2:43 (all fragments ACK'd) [components/cla/posix/cla_csp.c:432]
[Sun Aug  2 19:09:27 2026] [INFO] CSP: RX COMPLETE - Got 384 bytes from csp:2:43 (all fragments ACK'd) [components/cla/posix/cla_csp.c:432]
[Sun Aug  2 19:09:27 2026] [INFO] CSP: RX COMPLETE - Got 384 bytes from csp:2:43 (all fragments ACK'd) [components/cla/posix/cla_csp.c:432]
[Sun Aug  2 19:09:28 2026] [INFO] CSP: RX COMPLETE - Got 384 bytes from csp:2:43 (all fragments ACK'd) [components/cla/posix/cla_csp.c:432]
[Sun Aug  2 19:09:28 2026] [INFO] CSP: RX COMPLETE - Got 384 bytes from csp:2:43 (all fragments ACK'd) [components/cla/posix/cla_csp.c:432]
[Sun Aug  2 19:09:28 2026] [INFO] CSP: RX loop iteration 3960, last_err=0 [components/cla/posix/cla_csp.c:405]
[Sun Aug  2 19:09:28 2026] [INFO] CSP: RX COMPLETE - Got 384 bytes from csp:2:43 (all fragments ACK'd) [components/cla/posix/cla_csp.c:432]
[Sun Aug  2 19:09:29 2026] [INFO] CSP: RX COMPLETE - Got 384 bytes from csp:2:43 (all fragments ACK'd) [components/cla/posix/cla_csp.c:432]
[Sun Aug  2 19:09:29 2026] [INFO] CSP: RX COMPLETE - Got 384 bytes from csp:2:43 (all fragments ACK'd) [components/cla/posix/cla_csp.c:432]
[Sun Aug  2 19:09:29 2026] [INFO] CSP: RX COMPLETE - Got 384 bytes from csp:2:43 (all fragments ACK'd) [components/cla/posix/cla_csp.c:432]
[Sun Aug  2 19:09:30 2026] [INFO] CSP: RX COMPLETE - Got 384 bytes from csp:2:43 (all fragments ACK'd) [components/cla/posix/cla_csp.c:432]
[Sun Aug  2 19:09:30 2026] [INFO] CSP: RX COMPLETE - Got 384 bytes from csp:2:43 (all fragments ACK'd) [components/cla/posix/cla_csp.c:432]
[Sun Aug  2 19:09:30 2026] [INFO] CSP: RX COMPLETE - Got 384 bytes from csp:2:43 (all fragments ACK'd) [components/cla/posix/cla_csp.c:432]
[Sun Aug  2 19:09:30 2026] [INFO] CSP: RX COMPLETE - Got 384 bytes from csp:2:43 (all fragments ACK'd) [components/cla/posix/cla_csp.c:432]
[Sun Aug  2 19:09:31 2026] [INFO] CSP: RX COMPLETE - Got 384 bytes from csp:2:43 (all fragments ACK'd) [components/cla/posix/cla_csp.c:432]
[Sun Aug  2 19:09:31 2026] [INFO] CSP: RX COMPLETE - Got 384 bytes from csp:2:43 (all fragments ACK'd) [components/cla/posix/cla_csp.c:432]
[Sun Aug  2 19:09:31 2026] [INFO] CSP: RX loop iteration 3970, last_err=0 [components/cla/posix/cla_csp.c:405]
[Sun Aug  2 19:09:31 2026] [INFO] CSP: RX COMPLETE - Got 384 bytes from csp:2:43 (all fragments ACK'd) [components/cla/posix/cla_csp.c:432]
[Sun Aug  2 19:09:32 2026] [INFO] CSP: RX COMPLETE - Got 384 bytes from csp:2:43 (all fragments ACK'd) [components/cla/posix/cla_csp.c:432]
[Sun Aug  2 19:09:32 2026] [INFO] CSP: RX COMPLETE - Got 384 bytes from csp:2:43 (all fragments ACK'd) [components/cla/posix/cla_csp.c:432]
[Sun Aug  2 19:09:32 2026] [INFO] CSP: RX COMPLETE - Got 384 bytes from csp:2:43 (all fragments ACK'd) [components/cla/posix/cla_csp.c:432]
[Sun Aug  2 19:09:33 2026] [INFO] CSP: RX COMPLETE - Got 384 bytes from csp:2:43 (all fragments ACK'd) [components/cla/posix/cla_csp.c:432]
[Sun Aug  2 19:09:33 2026] [INFO] CSP: RX COMPLETE - Got 384 bytes from csp:2:43 (all fragments ACK'd) [components/cla/posix/cla_csp.c:432]
[Sun Aug  2 19:09:33 2026] [INFO] CSP: RX COMPLETE - Got 384 bytes from csp:2:43 (all fragments ACK'd) [components/cla/posix/cla_csp.c:432]
[Sun Aug  2 19:09:33 2026] [INFO] CSP: RX COMPLETE - Got 384 bytes from csp:2:43 (all fragments ACK'd) [components/cla/posix/cla_csp.c:432]
[Sun Aug  2 19:09:34 2026] [INFO] CSP: RX COMPLETE - Got 384 bytes from csp:2:43 (all fragments ACK'd) [components/cla/posix/cla_csp.c:432]
[Sun Aug  2 19:09:34 2026] [INFO] CSP: RX COMPLETE - Got 384 bytes from csp:2:43 (all fragments ACK'd) [components/cla/posix/cla_csp.c:432]
[Sun Aug  2 19:09:34 2026] [INFO] CSP: RX loop iteration 3980, last_err=0 [components/cla/posix/cla_csp.c:405]
[Sun Aug  2 19:09:34 2026] [INFO] CSP: RX COMPLETE - Got 384 bytes from csp:2:43 (all fragments ACK'd) [components/cla/posix/cla_csp.c:432]
[Sun Aug  2 19:09:35 2026] [INFO] CSP: RX COMPLETE - Got 384 bytes from csp:2:43 (all fragments ACK'd) [components/cla/posix/cla_csp.c:432]
[Sun Aug  2 19:09:35 2026] [INFO] CSP: RX COMPLETE - Got 384 bytes from csp:2:43 (all fragments ACK'd) [components/cla/posix/cla_csp.c:432]
[Sun Aug  2 19:09:35 2026] [INFO] CSP: RX COMPLETE - Got 384 bytes from csp:2:43 (all fragments ACK'd) [components/cla/posix/cla_csp.c:432]
[Sun Aug  2 19:09:36 2026] [INFO] CSP: RX COMPLETE - Got 384 bytes from csp:2:43 (all fragments ACK'd) [components/cla/posix/cla_csp.c:432]
[Sun Aug  2 19:09:36 2026] [INFO] CSP: RX COMPLETE - Got 384 bytes from csp:2:43 (all fragments ACK'd) [components/cla/posix/cla_csp.c:432]
[Sun Aug  2 19:09:36 2026] [INFO] CSP: RX COMPLETE - Got 384 bytes from csp:2:43 (all fragments ACK'd) [components/cla/posix/cla_csp.c:432]
[Sun Aug  2 19:09:36 2026] [INFO] CSP: RX COMPLETE - Got 384 bytes from csp:2:43 (all fragments ACK'd) [components/cla/posix/cla_csp.c:432]
[Sun Aug  2 19:09:37 2026] [INFO] CSP: RX COMPLETE - Got 384 bytes from csp:2:43 (all fragments ACK'd) [components/cla/posix/cla_csp.c:432]
[Sun Aug  2 19:09:37 2026] [INFO] CSP: RX COMPLETE - Got 384 bytes from csp:2:43 (all fragments ACK'd) [components/cla/posix/cla_csp.c:432]
[Sun Aug  2 19:09:37 2026] [INFO] CSP: RX loop iteration 3990, last_err=0 [components/cla/posix/cla_csp.c:405]
[Sun Aug  2 19:09:37 2026] [INFO] CSP: RX COMPLETE - Got 384 bytes from csp:2:43 (all fragments ACK'd) [components/cla/posix/cla_csp.c:432]
[Sun Aug  2 19:09:38 2026] [INFO] CSP: RX COMPLETE - Got 384 bytes from csp:2:43 (all fragments ACK'd) [components/cla/posix/cla_csp.c:432]
[Sun Aug  2 19:09:38 2026] [INFO] CSP: RX COMPLETE - Got 384 bytes from csp:2:43 (all fragments ACK'd) [components/cla/posix/cla_csp.c:432]
[Sun Aug  2 19:09:38 2026] [INFO] CSP: RX COMPLETE - Got 384 bytes from csp:2:43 (all fragments ACK'd) [components/cla/posix/cla_csp.c:432]
[Sun Aug  2 19:09:38 2026] [INFO] CSP: RX COMPLETE - Got 384 bytes from csp:2:43 (all fragments ACK'd) [components/cla/posix/cla_csp.c:432]
[Sun Aug  2 19:09:39 2026] [INFO] CSP: RX COMPLETE - Got 384 bytes from csp:2:43 (all fragments ACK'd) [components/cla/posix/cla_csp.c:432]
[Sun Aug  2 19:09:39 2026] [INFO] CSP: RX COMPLETE - Got 384 bytes from csp:2:43 (all fragments ACK'd) [components/cla/posix/cla_csp.c:432]
[Sun Aug  2 19:09:39 2026] [INFO] CSP: RX COMPLETE - Got 384 bytes from csp:2:43 (all fragments ACK'd) [components/cla/posix/cla_csp.c:432]
[Sun Aug  2 19:09:40 2026] [INFO] CSP: RX COMPLETE - Got 384 bytes from csp:2:43 (all fragments ACK'd) [components/cla/posix/cla_csp.c:432]
[Sun Aug  2 19:09:40 2026] [INFO] CSP: RX COMPLETE - Got 384 bytes from csp:2:43 (all fragments ACK'd) [components/cla/posix/cla_csp.c:432]
[Sun Aug  2 19:09:40 2026] [INFO] CSP: RX loop iteration 4000, last_err=0 [components/cla/posix/cla_csp.c:405]
[Sun Aug  2 19:09:40 2026] [INFO] CSP: RX COMPLETE - Got 384 bytes from csp:2:43 (all fragments ACK'd) [components/cla/posix/cla_csp.c:432]
[Sun Aug  2 19:09:41 2026] [INFO] CSP: RX COMPLETE - Got 384 bytes from csp:2:43 (all fragments ACK'd) [components/cla/posix/cla_csp.c:432]
[Sun Aug  2 19:09:41 2026] [INFO] CSP: RX COMPLETE - Got 384 bytes from csp:2:43 (all fragments ACK'd) [components/cla/posix/cla_csp.c:432]
[Sun Aug  2 19:09:41 2026] [INFO] CSP: RX COMPLETE - Got 384 bytes from csp:2:43 (all fragments ACK'd) [components/cla/posix/cla_csp.c:432]
[Sun Aug  2 19:09:42 2026] [INFO] CSP: RX COMPLETE - Got 384 bytes from csp:2:43 (all fragments ACK'd) [components/cla/posix/cla_csp.c:432]
[Sun Aug  2 19:09:42 2026] [INFO] CSP: RX COMPLETE - Got 384 bytes from csp:2:43 (all fragments ACK'd) [components/cla/posix/cla_csp.c:432]
[Sun Aug  2 19:09:42 2026] [INFO] CSP: RX COMPLETE - Got 384 bytes from csp:2:43 (all fragments ACK'd) [components/cla/posix/cla_csp.c:432]
[Sun Aug  2 19:09:42 2026] [INFO] CSP: RX COMPLETE - Got 384 bytes from csp:2:43 (all fragments ACK'd) [components/cla/posix/cla_csp.c:432]
[Sun Aug  2 19:09:43 2026] [INFO] CSP: RX COMPLETE - Got 384 bytes from csp:2:43 (all fragments ACK'd) [components/cla/posix/cla_csp.c:432]
[Sun Aug  2 19:09:43 2026] [INFO] CSP: RX COMPLETE - Got 384 bytes from csp:2:43 (all fragments ACK'd) [components/cla/posix/cla_csp.c:432]
[Sun Aug  2 19:09:43 2026] [INFO] CSP: RX loop iteration 4010, last_err=0 [components/cla/posix/cla_csp.c:405]
[Sun Aug  2 19:09:43 2026] [INFO] CSP: RX COMPLETE - Got 384 bytes from csp:2:43 (all fragments ACK'd) [components/cla/posix/cla_csp.c:432]
[Sun Aug  2 19:09:43 2026] [INFO] CSP: RX COMPLETE - Got 384 bytes from csp:2:43 (all fragments ACK'd) [components/cla/posix/cla_csp.c:432]
[Sun Aug  2 19:09:44 2026] [INFO] CSP: RX COMPLETE - Got 384 bytes from csp:2:43 (all fragments ACK'd) [components/cla/posix/cla_csp.c:432]
[Sun Aug  2 19:09:44 2026] [INFO] CSP: RX COMPLETE - Got 384 bytes from csp:2:43 (all fragments ACK'd) [components/cla/posix/cla_csp.c:432]
[Sun Aug  2 19:09:45 2026] [INFO] CSP: RX COMPLETE - Got 384 bytes from csp:2:43 (all fragments ACK'd) [components/cla/posix/cla_csp.c:432]
[Sun Aug  2 19:09:45 2026] [INFO] CSP: RX COMPLETE - Got 384 bytes from csp:2:43 (all fragments ACK'd) [components/cla/posix/cla_csp.c:432]
[Sun Aug  2 19:09:45 2026] [INFO] CSP: RX COMPLETE - Got 384 bytes from csp:2:43 (all fragments ACK'd) [components/cla/posix/cla_csp.c:432]
[Sun Aug  2 19:09:45 2026] [INFO] CSP: RX COMPLETE - Got 384 bytes from csp:2:43 (all fragments ACK'd) [components/cla/posix/cla_csp.c:432]
[Sun Aug  2 19:09:46 2026] [INFO] CSP: RX COMPLETE - Got 384 bytes from csp:2:43 (all fragments ACK'd) [components/cla/posix/cla_csp.c:432]
[Sun Aug  2 19:09:46 2026] [INFO] CSP: RX COMPLETE - Got 384 bytes from csp:2:43 (all fragments ACK'd) [components/cla/posix/cla_csp.c:432]
[Sun Aug  2 19:09:46 2026] [INFO] CSP: RX loop iteration 4020, last_err=0 [components/cla/posix/cla_csp.c:405]
[Sun Aug  2 19:09:46 2026] [INFO] CSP: RX COMPLETE - Got 384 bytes from csp:2:43 (all fragments ACK'd) [components/cla/posix/cla_csp.c:432]
[Sun Aug  2 19:09:47 2026] [INFO] CSP: RX COMPLETE - Got 384 bytes from csp:2:43 (all fragments ACK'd) [components/cla/posix/cla_csp.c:432]
[Sun Aug  2 19:09:47 2026] [INFO] CSP: RX COMPLETE - Got 384 bytes from csp:2:43 (all fragments ACK'd) [components/cla/posix/cla_csp.c:432]
[Sun Aug  2 19:09:47 2026] [INFO] CSP: RX COMPLETE - Got 384 bytes from csp:2:43 (all fragments ACK'd) [components/cla/posix/cla_csp.c:432]
[Sun Aug  2 19:09:47 2026] [INFO] CSP: RX COMPLETE - Got 384 bytes from csp:2:43 (all fragments ACK'd) [components/cla/posix/cla_csp.c:432]
[Sun Aug  2 19:09:48 2026] [INFO] CSP: RX COMPLETE - Got 384 bytes from csp:2:43 (all fragments ACK'd) [components/cla/posix/cla_csp.c:432]
[Sun Aug  2 19:09:48 2026] [INFO] CSP: RX COMPLETE - Got 384 bytes from csp:2:43 (all fragments ACK'd) [components/cla/posix/cla_csp.c:432]
[Sun Aug  2 19:09:48 2026] [INFO] CSP: RX COMPLETE - Got 384 bytes from csp:2:43 (all fragments ACK'd) [components/cla/posix/cla_csp.c:432]
[Sun Aug  2 19:09:49 2026] [INFO] CSP: RX COMPLETE - Got 384 bytes from csp:2:43 (all fragments ACK'd) [components/cla/posix/cla_csp.c:432]
[Sun Aug  2 19:09:49 2026] [INFO] CSP: RX COMPLETE - Got 384 bytes from csp:2:43 (all fragments ACK'd) [components/cla/posix/cla_csp.c:432]
[Sun Aug  2 19:09:49 2026] [INFO] CSP: RX loop iteration 4030, last_err=0 [components/cla/posix/cla_csp.c:405]
[Sun Aug  2 19:09:49 2026] [INFO] CSP: RX COMPLETE - Got 384 bytes from csp:2:43 (all fragments ACK'd) [components/cla/posix/cla_csp.c:432]
[Sun Aug  2 19:09:50 2026] [INFO] CSP: RX COMPLETE - Got 384 bytes from csp:2:43 (all fragments ACK'd) [components/cla/posix/cla_csp.c:432]
[Sun Aug  2 19:09:50 2026] [INFO] CSP: RX COMPLETE - Got 384 bytes from csp:2:43 (all fragments ACK'd) [components/cla/posix/cla_csp.c:432]
[Sun Aug  2 19:09:50 2026] [INFO] CSP: RX COMPLETE - Got 384 bytes from csp:2:43 (all fragments ACK'd) [components/cla/posix/cla_csp.c:432]
[Sun Aug  2 19:09:50 2026] [INFO] CSP: RX COMPLETE - Got 384 bytes from csp:2:43 (all fragments ACK'd) [components/cla/posix/cla_csp.c:432]
[Sun Aug  2 19:09:51 2026] [INFO] CSP: RX COMPLETE - Got 384 bytes from csp:2:43 (all fragments ACK'd) [components/cla/posix/cla_csp.c:432]
[Sun Aug  2 19:09:51 2026] [INFO] CSP: RX COMPLETE - Got 384 bytes from csp:2:43 (all fragments ACK'd) [components/cla/posix/cla_csp.c:432]
[Sun Aug  2 19:09:51 2026] [INFO] CSP: RX COMPLETE - Got 384 bytes from csp:2:43 (all fragments ACK'd) [components/cla/posix/cla_csp.c:432]
[Sun Aug  2 19:09:52 2026] [INFO] CSP: RX COMPLETE - Got 384 bytes from csp:2:43 (all fragments ACK'd) [components/cla/posix/cla_csp.c:432]
[Sun Aug  2 19:09:52 2026] [INFO] CSP: RX COMPLETE - Got 384 bytes from csp:2:43 (all fragments ACK'd) [components/cla/posix/cla_csp.c:432]
[Sun Aug  2 19:09:52 2026] [INFO] CSP: RX loop iteration 4040, last_err=0 [components/cla/posix/cla_csp.c:405]
[Sun Aug  2 19:09:52 2026] [INFO] CSP: RX COMPLETE - Got 384 bytes from csp:2:43 (all fragments ACK'd) [components/cla/posix/cla_csp.c:432]
[Sun Aug  2 19:09:53 2026] [INFO] CSP: RX COMPLETE - Got 384 bytes from csp:2:43 (all fragments ACK'd) [components/cla/posix/cla_csp.c:432]
[Sun Aug  2 19:09:53 2026] [INFO] CSP: RX COMPLETE - Got 384 bytes from csp:2:43 (all fragments ACK'd) [components/cla/posix/cla_csp.c:432]
[Sun Aug  2 19:09:53 2026] [INFO] CSP: RX COMPLETE - Got 384 bytes from csp:2:43 (all fragments ACK'd) [components/cla/posix/cla_csp.c:432]
[Sun Aug  2 19:09:53 2026] [INFO] CSP: RX COMPLETE - Got 384 bytes from csp:2:43 (all fragments ACK'd) [components/cla/posix/cla_csp.c:432]
[Sun Aug  2 19:09:54 2026] [INFO] CSP: RX COMPLETE - Got 384 bytes from csp:2:43 (all fragments ACK'd) [components/cla/posix/cla_csp.c:432]
[Sun Aug  2 19:09:54 2026] [INFO] CSP: RX COMPLETE - Got 384 bytes from csp:2:43 (all fragments ACK'd) [components/cla/posix/cla_csp.c:432]
[Sun Aug  2 19:09:54 2026] [INFO] CSP: RX COMPLETE - Got 384 bytes from csp:2:43 (all fragments ACK'd) [components/cla/posix/cla_csp.c:432]
[Sun Aug  2 19:09:55 2026] [INFO] CSP: RX COMPLETE - Got 384 bytes from csp:2:43 (all fragments ACK'd) [components/cla/posix/cla_csp.c:432]
[Sun Aug  2 19:09:55 2026] [INFO] CSP: RX COMPLETE - Got 384 bytes from csp:2:43 (all fragments ACK'd) [components/cla/posix/cla_csp.c:432]
[Sun Aug  2 19:09:55 2026] [INFO] CSP: RX loop iteration 4050, last_err=0 [components/cla/posix/cla_csp.c:405]
[Sun Aug  2 19:09:55 2026] [INFO] CSP: RX COMPLETE - Got 384 bytes from csp:2:43 (all fragments ACK'd) [components/cla/posix/cla_csp.c:432]
[Sun Aug  2 19:09:55 2026] [INFO] CSP: RX COMPLETE - Got 384 bytes from csp:2:43 (all fragments ACK'd) [components/cla/posix/cla_csp.c:432]
[Sun Aug  2 19:09:56 2026] [INFO] CSP: RX COMPLETE - Got 384 bytes from csp:2:43 (all fragments ACK'd) [components/cla/posix/cla_csp.c:432]
[Sun Aug  2 19:09:56 2026] [INFO] CSP: RX COMPLETE - Got 384 bytes from csp:2:43 (all fragments ACK'd) [components/cla/posix/cla_csp.c:432]
[Sun Aug  2 19:09:56 2026] [INFO] CSP: RX COMPLETE - Got 384 bytes from csp:2:43 (all fragments ACK'd) [components/cla/posix/cla_csp.c:432]
[Sun Aug  2 19:09:56 2026] [INFO] CSP: RX COMPLETE - Got 384 bytes from csp:2:43 (all fragments ACK'd) [components/cla/posix/cla_csp.c:432]
[Sun Aug  2 19:09:57 2026] [INFO] CSP: RX COMPLETE - Got 384 bytes from csp:2:43 (all fragments ACK'd) [components/cla/posix/cla_csp.c:432]
[Sun Aug  2 19:09:57 2026] [INFO] CSP: RX COMPLETE - Got 384 bytes from csp:2:43 (all fragments ACK'd) [components/cla/posix/cla_csp.c:432]
[Sun Aug  2 19:09:57 2026] [INFO] CSP: RX COMPLETE - Got 384 bytes from csp:2:43 (all fragments ACK'd) [components/cla/posix/cla_csp.c:432]
[Sun Aug  2 19:09:58 2026] [INFO] CSP: RX COMPLETE - Got 384 bytes from csp:2:43 (all fragments ACK'd) [components/cla/posix/cla_csp.c:432]
[Sun Aug  2 19:09:58 2026] [INFO] CSP: RX loop iteration 4060, last_err=0 [components/cla/posix/cla_csp.c:405]
[Sun Aug  2 19:09:58 2026] [INFO] CSP: RX COMPLETE - Got 384 bytes from csp:2:43 (all fragments ACK'd) [components/cla/posix/cla_csp.c:432]
[Sun Aug  2 19:09:58 2026] [INFO] CSP: RX COMPLETE - Got 384 bytes from csp:2:43 (all fragments ACK'd) [components/cla/posix/cla_csp.c:432]
[Sun Aug  2 19:09:59 2026] [INFO] CSP: RX COMPLETE - Got 384 bytes from csp:2:43 (all fragments ACK'd) [components/cla/posix/cla_csp.c:432]
[Sun Aug  2 19:09:59 2026] [INFO] CSP: RX COMPLETE - Got 384 bytes from csp:2:43 (all fragments ACK'd) [components/cla/posix/cla_csp.c:432]
[Sun Aug  2 19:09:59 2026] [INFO] CSP: RX COMPLETE - Got 384 bytes from csp:2:43 (all fragments ACK'd) [components/cla/posix/cla_csp.c:432]
[Sun Aug  2 19:09:59 2026] [INFO] CSP: RX COMPLETE - Got 384 bytes from csp:2:43 (all fragments ACK'd) [components/cla/posix/cla_csp.c:432]
[Sun Aug  2 19:10:00 2026] [INFO] CSP: RX COMPLETE - Got 384 bytes from csp:2:43 (all fragments ACK'd) [components/cla/posix/cla_csp.c:432]
[Sun Aug  2 19:10:00 2026] [INFO] CSP: RX COMPLETE - Got 384 bytes from csp:2:43 (all fragments ACK'd) [components/cla/posix/cla_csp.c:432]
[Sun Aug  2 19:10:01 2026] [INFO] CSP: RX COMPLETE - Got 384 bytes from csp:2:43 (all fragments ACK'd) [components/cla/posix/cla_csp.c:432]
[Sun Aug  2 19:10:01 2026] [INFO] CSP: RX COMPLETE - Got 384 bytes from csp:2:43 (all fragments ACK'd) [components/cla/posix/cla_csp.c:432]
[Sun Aug  2 19:10:01 2026] [INFO] CSP: RX loop iteration 4070, last_err=0 [components/cla/posix/cla_csp.c:405]
[Sun Aug  2 19:10:01 2026] [INFO] CSP: RX COMPLETE - Got 384 bytes from csp:2:43 (all fragments ACK'd) [components/cla/posix/cla_csp.c:432]
[Sun Aug  2 19:10:01 2026] [INFO] CSP: RX COMPLETE - Got 384 bytes from csp:2:43 (all fragments ACK'd) [components/cla/posix/cla_csp.c:432]
[Sun Aug  2 19:10:02 2026] [INFO] CSP: RX COMPLETE - Got 384 bytes from csp:2:43 (all fragments ACK'd) [components/cla/posix/cla_csp.c:432]
[Sun Aug  2 19:10:02 2026] [INFO] CSP: RX COMPLETE - Got 384 bytes from csp:2:43 (all fragments ACK'd) [components/cla/posix/cla_csp.c:432]
[Sun Aug  2 19:10:02 2026] [INFO] CSP: RX COMPLETE - Got 384 bytes from csp:2:43 (all fragments ACK'd) [components/cla/posix/cla_csp.c:432]
[Sun Aug  2 19:10:02 2026] [INFO] CSP: RX COMPLETE - Got 384 bytes from csp:2:43 (all fragments ACK'd) [components/cla/posix/cla_csp.c:432]
[Sun Aug  2 19:10:03 2026] [INFO] CSP: RX COMPLETE - Got 384 bytes from csp:2:43 (all fragments ACK'd) [components/cla/posix/cla_csp.c:432]
[Sun Aug  2 19:10:03 2026] [INFO] CSP: RX COMPLETE - Got 384 bytes from csp:2:43 (all fragments ACK'd) [components/cla/posix/cla_csp.c:432]
[Sun Aug  2 19:10:04 2026] [INFO] CSP: RX COMPLETE - Got 384 bytes from csp:2:43 (all fragments ACK'd) [components/cla/posix/cla_csp.c:432]
[Sun Aug  2 19:10:04 2026] [INFO] CSP: RX COMPLETE - Got 384 bytes from csp:2:43 (all fragments ACK'd) [components/cla/posix/cla_csp.c:432]
[Sun Aug  2 19:10:04 2026] [INFO] CSP: RX loop iteration 4080, last_err=0 [components/cla/posix/cla_csp.c:405]
[Sun Aug  2 19:10:04 2026] [INFO] CSP: RX COMPLETE - Got 384 bytes from csp:2:43 (all fragments ACK'd) [components/cla/posix/cla_csp.c:432]
[Sun Aug  2 19:10:04 2026] [INFO] CSP: RX COMPLETE - Got 384 bytes from csp:2:43 (all fragments ACK'd) [components/cla/posix/cla_csp.c:432]
[Sun Aug  2 19:10:05 2026] [INFO] CSP: RX COMPLETE - Got 384 bytes from csp:2:43 (all fragments ACK'd) [components/cla/posix/cla_csp.c:432]
[Sun Aug  2 19:10:05 2026] [INFO] CSP: RX COMPLETE - Got 384 bytes from csp:2:43 (all fragments ACK'd) [components/cla/posix/cla_csp.c:432]
[Sun Aug  2 19:10:05 2026] [INFO] CSP: RX COMPLETE - Got 384 bytes from csp:2:43 (all fragments ACK'd) [components/cla/posix/cla_csp.c:432]
[Sun Aug  2 19:10:05 2026] [INFO] CSP: RX COMPLETE - Got 384 bytes from csp:2:43 (all fragments ACK'd) [components/cla/posix/cla_csp.c:432]
[Sun Aug  2 19:10:06 2026] [INFO] CSP: RX COMPLETE - Got 384 bytes from csp:2:43 (all fragments ACK'd) [components/cla/posix/cla_csp.c:432]
[Sun Aug  2 19:10:06 2026] [INFO] CSP: RX COMPLETE - Got 384 bytes from csp:2:43 (all fragments ACK'd) [components/cla/posix/cla_csp.c:432]
[Sun Aug  2 19:10:07 2026] [INFO] CSP: RX COMPLETE - Got 384 bytes from csp:2:43 (all fragments ACK'd) [components/cla/posix/cla_csp.c:432]
[Sun Aug  2 19:10:07 2026] [INFO] CSP: RX COMPLETE - Got 384 bytes from csp:2:43 (all fragments ACK'd) [components/cla/posix/cla_csp.c:432]
[Sun Aug  2 19:10:07 2026] [INFO] CSP: RX loop iteration 4090, last_err=0 [components/cla/posix/cla_csp.c:405]
[Sun Aug  2 19:10:07 2026] [INFO] CSP: RX COMPLETE - Got 384 bytes from csp:2:43 (all fragments ACK'd) [components/cla/posix/cla_csp.c:432]
[Sun Aug  2 19:10:07 2026] [INFO] CSP: RX COMPLETE - Got 384 bytes from csp:2:43 (all fragments ACK'd) [components/cla/posix/cla_csp.c:432]
[Sun Aug  2 19:10:08 2026] [INFO] CSP: RX COMPLETE - Got 384 bytes from csp:2:43 (all fragments ACK'd) [components/cla/posix/cla_csp.c:432]
[Sun Aug  2 19:10:08 2026] [INFO] CSP: RX COMPLETE - Got 384 bytes from csp:2:43 (all fragments ACK'd) [components/cla/posix/cla_csp.c:432]
[Sun Aug  2 19:10:08 2026] [INFO] CSP: RX COMPLETE - Got 384 bytes from csp:2:43 (all fragments ACK'd) [components/cla/posix/cla_csp.c:432]
[Sun Aug  2 19:10:08 2026] [INFO] CSP: RX COMPLETE - Got 384 bytes from csp:2:43 (all fragments ACK'd) [components/cla/posix/cla_csp.c:432]
[Sun Aug  2 19:10:09 2026] [INFO] CSP: RX COMPLETE - Got 384 bytes from csp:2:43 (all fragments ACK'd) [components/cla/posix/cla_csp.c:432]
[Sun Aug  2 19:10:09 2026] [INFO] CSP: RX COMPLETE - Got 384 bytes from csp:2:43 (all fragments ACK'd) [components/cla/posix/cla_csp.c:432]
[Sun Aug  2 19:10:10 2026] [INFO] CSP: RX COMPLETE - Got 384 bytes from csp:2:43 (all fragments ACK'd) [components/cla/posix/cla_csp.c:432]
[Sun Aug  2 19:10:10 2026] [INFO] CSP: RX COMPLETE - Got 384 bytes from csp:2:43 (all fragments ACK'd) [components/cla/posix/cla_csp.c:432]
[Sun Aug  2 19:10:10 2026] [INFO] CSP: RX loop iteration 4100, last_err=0 [components/cla/posix/cla_csp.c:405]
[Sun Aug  2 19:10:10 2026] [INFO] CSP: RX COMPLETE - Got 384 bytes from csp:2:43 (all fragments ACK'd) [components/cla/posix/cla_csp.c:432]
[Sun Aug  2 19:10:10 2026] [INFO] CSP: RX COMPLETE - Got 384 bytes from csp:2:43 (all fragments ACK'd) [components/cla/posix/cla_csp.c:432]
[Sun Aug  2 19:10:11 2026] [INFO] CSP: RX COMPLETE - Got 384 bytes from csp:2:43 (all fragments ACK'd) [components/cla/posix/cla_csp.c:432]
[Sun Aug  2 19:10:11 2026] [INFO] CSP: RX COMPLETE - Got 384 bytes from csp:2:43 (all fragments ACK'd) [components/cla/posix/cla_csp.c:432]
[Sun Aug  2 19:10:11 2026] [INFO] CSP: RX COMPLETE - Got 384 bytes from csp:2:43 (all fragments ACK'd) [components/cla/posix/cla_csp.c:432]
[Sun Aug  2 19:10:11 2026] [INFO] CSP: RX COMPLETE - Got 384 bytes from csp:2:43 (all fragments ACK'd) [components/cla/posix/cla_csp.c:432]
[Sun Aug  2 19:10:12 2026] [INFO] CSP: RX COMPLETE - Got 384 bytes from csp:2:43 (all fragments ACK'd) [components/cla/posix/cla_csp.c:432]
[Sun Aug  2 19:10:12 2026] [INFO] CSP: RX COMPLETE - Got 384 bytes from csp:2:43 (all fragments ACK'd) [components/cla/posix/cla_csp.c:432]
[Sun Aug  2 19:10:13 2026] [INFO] CSP: RX COMPLETE - Got 384 bytes from csp:2:43 (all fragments ACK'd) [components/cla/posix/cla_csp.c:432]
[Sun Aug  2 19:10:13 2026] [INFO] CSP: RX COMPLETE - Got 384 bytes from csp:2:43 (all fragments ACK'd) [components/cla/posix/cla_csp.c:432]
[Sun Aug  2 19:10:13 2026] [INFO] CSP: RX loop iteration 4110, last_err=0 [components/cla/posix/cla_csp.c:405]
[Sun Aug  2 19:10:13 2026] [INFO] CSP: RX COMPLETE - Got 384 bytes from csp:2:43 (all fragments ACK'd) [components/cla/posix/cla_csp.c:432]
[Sun Aug  2 19:10:13 2026] [INFO] CSP: RX COMPLETE - Got 384 bytes from csp:2:43 (all fragments ACK'd) [components/cla/posix/cla_csp.c:432]
[Sun Aug  2 19:10:14 2026] [INFO] CSP: RX COMPLETE - Got 384 bytes from csp:2:43 (all fragments ACK'd) [components/cla/posix/cla_csp.c:432]
[Sun Aug  2 19:10:14 2026] [INFO] CSP: RX COMPLETE - Got 384 bytes from csp:2:43 (all fragments ACK'd) [components/cla/posix/cla_csp.c:432]
[Sun Aug  2 19:10:14 2026] [INFO] CSP: RX COMPLETE - Got 384 bytes from csp:2:43 (all fragments ACK'd) [components/cla/posix/cla_csp.c:432]
[Sun Aug  2 19:10:14 2026] [INFO] CSP: RX COMPLETE - Got 384 bytes from csp:2:43 (all fragments ACK'd) [components/cla/posix/cla_csp.c:432]
[Sun Aug  2 19:10:15 2026] [INFO] CSP: RX COMPLETE - Got 384 bytes from csp:2:43 (all fragments ACK'd) [components/cla/posix/cla_csp.c:432]
[Sun Aug  2 19:10:15 2026] [INFO] CSP: RX COMPLETE - Got 384 bytes from csp:2:43 (all fragments ACK'd) [components/cla/posix/cla_csp.c:432]
[Sun Aug  2 19:10:16 2026] [INFO] CSP: RX COMPLETE - Got 384 bytes from csp:2:43 (all fragments ACK'd) [components/cla/posix/cla_csp.c:432]
[Sun Aug  2 19:10:16 2026] [INFO] CSP: RX COMPLETE - Got 384 bytes from csp:2:43 (all fragments ACK'd) [components/cla/posix/cla_csp.c:432]
[Sun Aug  2 19:10:16 2026] [INFO] CSP: RX loop iteration 4120, last_err=0 [components/cla/posix/cla_csp.c:405]
[Sun Aug  2 19:10:16 2026] [INFO] CSP: RX COMPLETE - Got 384 bytes from csp:2:43 (all fragments ACK'd) [components/cla/posix/cla_csp.c:432]
[Sun Aug  2 19:10:16 2026] [INFO] CSP: RX COMPLETE - Got 384 bytes from csp:2:43 (all fragments ACK'd) [components/cla/posix/cla_csp.c:432]
[Sun Aug  2 19:10:17 2026] [INFO] CSP: RX COMPLETE - Got 384 bytes from csp:2:43 (all fragments ACK'd) [components/cla/posix/cla_csp.c:432]
[Sun Aug  2 19:10:17 2026] [INFO] CSP: RX COMPLETE - Got 384 bytes from csp:2:43 (all fragments ACK'd) [components/cla/posix/cla_csp.c:432]
[Sun Aug  2 19:10:17 2026] [INFO] CSP: RX COMPLETE - Got 384 bytes from csp:2:43 (all fragments ACK'd) [components/cla/posix/cla_csp.c:432]
[Sun Aug  2 19:10:17 2026] [INFO] CSP: RX COMPLETE - Got 384 bytes from csp:2:43 (all fragments ACK'd) [components/cla/posix/cla_csp.c:432]
[Sun Aug  2 19:10:18 2026] [INFO] CSP: RX COMPLETE - Got 384 bytes from csp:2:43 (all fragments ACK'd) [components/cla/posix/cla_csp.c:432]
[Sun Aug  2 19:10:18 2026] [INFO] CSP: RX COMPLETE - Got 384 bytes from csp:2:43 (all fragments ACK'd) [components/cla/posix/cla_csp.c:432]
[Sun Aug  2 19:10:19 2026] [INFO] CSP: RX COMPLETE - Got 384 bytes from csp:2:43 (all fragments ACK'd) [components/cla/posix/cla_csp.c:432]
[Sun Aug  2 19:10:19 2026] [INFO] CSP: RX COMPLETE - Got 384 bytes from csp:2:43 (all fragments ACK'd) [components/cla/posix/cla_csp.c:432]
[Sun Aug  2 19:10:19 2026] [INFO] CSP: RX loop iteration 4130, last_err=0 [components/cla/posix/cla_csp.c:405]
[Sun Aug  2 19:10:19 2026] [INFO] CSP: RX COMPLETE - Got 384 bytes from csp:2:43 (all fragments ACK'd) [components/cla/posix/cla_csp.c:432]
[Sun Aug  2 19:10:19 2026] [INFO] CSP: RX COMPLETE - Got 384 bytes from csp:2:43 (all fragments ACK'd) [components/cla/posix/cla_csp.c:432]
[Sun Aug  2 19:10:20 2026] [INFO] CSP: RX COMPLETE - Got 384 bytes from csp:2:43 (all fragments ACK'd) [components/cla/posix/cla_csp.c:432]
[Sun Aug  2 19:10:20 2026] [INFO] CSP: RX COMPLETE - Got 384 bytes from csp:2:43 (all fragments ACK'd) [components/cla/posix/cla_csp.c:432]
[Sun Aug  2 19:10:20 2026] [INFO] CSP: RX COMPLETE - Got 384 bytes from csp:2:43 (all fragments ACK'd) [components/cla/posix/cla_csp.c:432]
[Sun Aug  2 19:10:20 2026] [INFO] CSP: RX COMPLETE - Got 384 bytes from csp:2:43 (all fragments ACK'd) [components/cla/posix/cla_csp.c:432]
[Sun Aug  2 19:10:21 2026] [INFO] CSP: RX COMPLETE - Got 384 bytes from csp:2:43 (all fragments ACK'd) [components/cla/posix/cla_csp.c:432]
[Sun Aug  2 19:10:21 2026] [INFO] CSP: RX COMPLETE - Got 384 bytes from csp:2:43 (all fragments ACK'd) [components/cla/posix/cla_csp.c:432]
[Sun Aug  2 19:10:21 2026] [INFO] CSP: RX COMPLETE - Got 384 bytes from csp:2:43 (all fragments ACK'd) [components/cla/posix/cla_csp.c:432]
[Sun Aug  2 19:10:22 2026] [INFO] CSP: RX COMPLETE - Got 384 bytes from csp:2:43 (all fragments ACK'd) [components/cla/posix/cla_csp.c:432]
[Sun Aug  2 19:10:22 2026] [INFO] CSP: RX loop iteration 4140, last_err=0 [components/cla/posix/cla_csp.c:405]
[Sun Aug  2 19:10:22 2026] [INFO] CSP: RX COMPLETE - Got 384 bytes from csp:2:43 (all fragments ACK'd) [components/cla/posix/cla_csp.c:432]
[Sun Aug  2 19:10:22 2026] [INFO] CSP: RX COMPLETE - Got 384 bytes from csp:2:43 (all fragments ACK'd) [components/cla/posix/cla_csp.c:432]
[Sun Aug  2 19:10:23 2026] [INFO] CSP: RX COMPLETE - Got 384 bytes from csp:2:43 (all fragments ACK'd) [components/cla/posix/cla_csp.c:432]
[Sun Aug  2 19:10:23 2026] [INFO] CSP: RX COMPLETE - Got 384 bytes from csp:2:43 (all fragments ACK'd) [components/cla/posix/cla_csp.c:432]
[Sun Aug  2 19:10:23 2026] [INFO] CSP: RX COMPLETE - Got 384 bytes from csp:2:43 (all fragments ACK'd) [components/cla/posix/cla_csp.c:432]
[Sun Aug  2 19:10:24 2026] [INFO] CSP: RX COMPLETE - Got 384 bytes from csp:2:43 (all fragments ACK'd) [components/cla/posix/cla_csp.c:432]
[Sun Aug  2 19:10:24 2026] [INFO] CSP: RX COMPLETE - Got 384 bytes from csp:2:43 (all fragments ACK'd) [components/cla/posix/cla_csp.c:432]
[Sun Aug  2 19:10:24 2026] [INFO] CSP: RX COMPLETE - Got 384 bytes from csp:2:43 (all fragments ACK'd) [components/cla/posix/cla_csp.c:432]
[Sun Aug  2 19:10:24 2026] [INFO] CSP: RX COMPLETE - Got 384 bytes from csp:2:43 (all fragments ACK'd) [components/cla/posix/cla_csp.c:432]
[Sun Aug  2 19:10:25 2026] [INFO] CSP: RX COMPLETE - Got 384 bytes from csp:2:43 (all fragments ACK'd) [components/cla/posix/cla_csp.c:432]
[Sun Aug  2 19:10:25 2026] [INFO] CSP: RX loop iteration 4150, last_err=0 [components/cla/posix/cla_csp.c:405]
[Sun Aug  2 19:10:25 2026] [INFO] CSP: RX COMPLETE - Got 384 bytes from csp:2:43 (all fragments ACK'd) [components/cla/posix/cla_csp.c:432]
[Sun Aug  2 19:10:25 2026] [INFO] CSP: RX COMPLETE - Got 384 bytes from csp:2:43 (all fragments ACK'd) [components/cla/posix/cla_csp.c:432]
[Sun Aug  2 19:10:26 2026] [INFO] CSP: RX COMPLETE - Got 384 bytes from csp:2:43 (all fragments ACK'd) [components/cla/posix/cla_csp.c:432]
[Sun Aug  2 19:10:26 2026] [INFO] CSP: RX COMPLETE - Got 384 bytes from csp:2:43 (all fragments ACK'd) [components/cla/posix/cla_csp.c:432]
[Sun Aug  2 19:10:26 2026] [INFO] CSP: RX COMPLETE - Got 384 bytes from csp:2:43 (all fragments ACK'd) [components/cla/posix/cla_csp.c:432]
[Sun Aug  2 19:10:26 2026] [INFO] CSP: RX COMPLETE - Got 384 bytes from csp:2:43 (all fragments ACK'd) [components/cla/posix/cla_csp.c:432]
[Sun Aug  2 19:10:27 2026] [INFO] CSP: RX COMPLETE - Got 384 bytes from csp:2:43 (all fragments ACK'd) [components/cla/posix/cla_csp.c:432]
[Sun Aug  2 19:10:27 2026] [INFO] CSP: RX COMPLETE - Got 384 bytes from csp:2:43 (all fragments ACK'd) [components/cla/posix/cla_csp.c:432]
[Sun Aug  2 19:10:27 2026] [INFO] CSP: RX COMPLETE - Got 384 bytes from csp:2:43 (all fragments ACK'd) [components/cla/posix/cla_csp.c:432]
[Sun Aug  2 19:10:28 2026] [INFO] CSP: RX COMPLETE - Got 384 bytes from csp:2:43 (all fragments ACK'd) [components/cla/posix/cla_csp.c:432]
[Sun Aug  2 19:10:28 2026] [INFO] CSP: RX loop iteration 4160, last_err=0 [components/cla/posix/cla_csp.c:405]
[Sun Aug  2 19:10:28 2026] [INFO] CSP: RX COMPLETE - Got 384 bytes from csp:2:43 (all fragments ACK'd) [components/cla/posix/cla_csp.c:432]
[Sun Aug  2 19:10:28 2026] [INFO] CSP: RX COMPLETE - Got 384 bytes from csp:2:43 (all fragments ACK'd) [components/cla/posix/cla_csp.c:432]
[Sun Aug  2 19:10:29 2026] [INFO] CSP: RX COMPLETE - Got 384 bytes from csp:2:43 (all fragments ACK'd) [components/cla/posix/cla_csp.c:432]
[Sun Aug  2 19:10:29 2026] [INFO] CSP: RX COMPLETE - Got 384 bytes from csp:2:43 (all fragments ACK'd) [components/cla/posix/cla_csp.c:432]
[Sun Aug  2 19:10:29 2026] [INFO] CSP: RX COMPLETE - Got 384 bytes from csp:2:43 (all fragments ACK'd) [components/cla/posix/cla_csp.c:432]
[Sun Aug  2 19:10:29 2026] [INFO] CSP: RX COMPLETE - Got 384 bytes from csp:2:43 (all fragments ACK'd) [components/cla/posix/cla_csp.c:432]
[Sun Aug  2 19:10:30 2026] [INFO] CSP: RX COMPLETE - Got 384 bytes from csp:2:43 (all fragments ACK'd) [components/cla/posix/cla_csp.c:432]
[Sun Aug  2 19:10:30 2026] [INFO] CSP: RX COMPLETE - Got 384 bytes from csp:2:43 (all fragments ACK'd) [components/cla/posix/cla_csp.c:432]
[Sun Aug  2 19:10:30 2026] [INFO] CSP: RX COMPLETE - Got 384 bytes from csp:2:43 (all fragments ACK'd) [components/cla/posix/cla_csp.c:432]
[Sun Aug  2 19:10:31 2026] [INFO] CSP: RX COMPLETE - Got 384 bytes from csp:2:43 (all fragments ACK'd) [components/cla/posix/cla_csp.c:432]
[Sun Aug  2 19:10:31 2026] [INFO] CSP: RX loop iteration 4170, last_err=0 [components/cla/posix/cla_csp.c:405]
[Sun Aug  2 19:10:31 2026] [INFO] CSP: RX COMPLETE - Got 384 bytes from csp:2:43 (all fragments ACK'd) [components/cla/posix/cla_csp.c:432]
[Sun Aug  2 19:10:31 2026] [INFO] CSP: RX COMPLETE - Got 384 bytes from csp:2:43 (all fragments ACK'd) [components/cla/posix/cla_csp.c:432]
[Sun Aug  2 19:10:32 2026] [INFO] CSP: RX COMPLETE - Got 384 bytes from csp:2:43 (all fragments ACK'd) [components/cla/posix/cla_csp.c:432]
[Sun Aug  2 19:10:32 2026] [INFO] CSP: RX COMPLETE - Got 384 bytes from csp:2:43 (all fragments ACK'd) [components/cla/posix/cla_csp.c:432]
[Sun Aug  2 19:10:32 2026] [INFO] CSP: RX COMPLETE - Got 384 bytes from csp:2:43 (all fragments ACK'd) [components/cla/posix/cla_csp.c:432]
[Sun Aug  2 19:10:32 2026] [INFO] CSP: RX COMPLETE - Got 384 bytes from csp:2:43 (all fragments ACK'd) [components/cla/posix/cla_csp.c:432]
[Sun Aug  2 19:10:33 2026] [INFO] CSP: RX COMPLETE - Got 384 bytes from csp:2:43 (all fragments ACK'd) [components/cla/posix/cla_csp.c:432]
[Sun Aug  2 19:10:33 2026] [INFO] CSP: RX COMPLETE - Got 384 bytes from csp:2:43 (all fragments ACK'd) [components/cla/posix/cla_csp.c:432]
[Sun Aug  2 19:10:33 2026] [INFO] CSP: RX COMPLETE - Got 384 bytes from csp:2:43 (all fragments ACK'd) [components/cla/posix/cla_csp.c:432]
[Sun Aug  2 19:10:34 2026] [INFO] CSP: RX COMPLETE - Got 384 bytes from csp:2:43 (all fragments ACK'd) [components/cla/posix/cla_csp.c:432]
[Sun Aug  2 19:10:34 2026] [INFO] CSP: RX loop iteration 4180, last_err=0 [components/cla/posix/cla_csp.c:405]
[Sun Aug  2 19:10:34 2026] [INFO] CSP: RX COMPLETE - Got 384 bytes from csp:2:43 (all fragments ACK'd) [components/cla/posix/cla_csp.c:432]
[Sun Aug  2 19:10:34 2026] [INFO] CSP: RX COMPLETE - Got 384 bytes from csp:2:43 (all fragments ACK'd) [components/cla/posix/cla_csp.c:432]
[Sun Aug  2 19:10:35 2026] [INFO] CSP: RX COMPLETE - Got 384 bytes from csp:2:43 (all fragments ACK'd) [components/cla/posix/cla_csp.c:432]
[Sun Aug  2 19:10:35 2026] [INFO] CSP: RX COMPLETE - Got 384 bytes from csp:2:43 (all fragments ACK'd) [components/cla/posix/cla_csp.c:432]
[Sun Aug  2 19:10:35 2026] [INFO] CSP: RX COMPLETE - Got 384 bytes from csp:2:43 (all fragments ACK'd) [components/cla/posix/cla_csp.c:432]
[Sun Aug  2 19:10:35 2026] [INFO] CSP: RX COMPLETE - Got 384 bytes from csp:2:43 (all fragments ACK'd) [components/cla/posix/cla_csp.c:432]
[Sun Aug  2 19:10:36 2026] [INFO] CSP: RX COMPLETE - Got 384 bytes from csp:2:43 (all fragments ACK'd) [components/cla/posix/cla_csp.c:432]
[Sun Aug  2 19:10:36 2026] [INFO] CSP: RX COMPLETE - Got 384 bytes from csp:2:43 (all fragments ACK'd) [components/cla/posix/cla_csp.c:432]
[Sun Aug  2 19:10:36 2026] [INFO] CSP: RX COMPLETE - Got 384 bytes from csp:2:43 (all fragments ACK'd) [components/cla/posix/cla_csp.c:432]
[Sun Aug  2 19:10:36 2026] [INFO] CSP: RX COMPLETE - Got 384 bytes from csp:2:43 (all fragments ACK'd) [components/cla/posix/cla_csp.c:432]
[Sun Aug  2 19:10:37 2026] [INFO] CSP: RX loop iteration 4190, last_err=0 [components/cla/posix/cla_csp.c:405]
[Sun Aug  2 19:10:37 2026] [INFO] CSP: RX COMPLETE - Got 384 bytes from csp:2:43 (all fragments ACK'd) [components/cla/posix/cla_csp.c:432]
[Sun Aug  2 19:10:37 2026] [INFO] CSP: RX COMPLETE - Got 384 bytes from csp:2:43 (all fragments ACK'd) [components/cla/posix/cla_csp.c:432]
[Sun Aug  2 19:10:37 2026] [INFO] CSP: RX COMPLETE - Got 384 bytes from csp:2:43 (all fragments ACK'd) [components/cla/posix/cla_csp.c:432]
[Sun Aug  2 19:10:38 2026] [INFO] CSP: RX COMPLETE - Got 384 bytes from csp:2:43 (all fragments ACK'd) [components/cla/posix/cla_csp.c:432]
[Sun Aug  2 19:10:38 2026] [INFO] CSP: RX COMPLETE - Got 384 bytes from csp:2:43 (all fragments ACK'd) [components/cla/posix/cla_csp.c:432]
[Sun Aug  2 19:10:38 2026] [INFO] CSP: RX COMPLETE - Got 384 bytes from csp:2:43 (all fragments ACK'd) [components/cla/posix/cla_csp.c:432]
[Sun Aug  2 19:10:39 2026] [INFO] CSP: RX COMPLETE - Got 384 bytes from csp:2:43 (all fragments ACK'd) [components/cla/posix/cla_csp.c:432]
[Sun Aug  2 19:10:39 2026] [INFO] CSP: RX COMPLETE - Got 384 bytes from csp:2:43 (all fragments ACK'd) [components/cla/posix/cla_csp.c:432]
[Sun Aug  2 19:10:39 2026] [INFO] CSP: RX COMPLETE - Got 384 bytes from csp:2:43 (all fragments ACK'd) [components/cla/posix/cla_csp.c:432]
[Sun Aug  2 19:10:40 2026] [INFO] CSP: RX COMPLETE - Got 384 bytes from csp:2:43 (all fragments ACK'd) [components/cla/posix/cla_csp.c:432]
[Sun Aug  2 19:10:40 2026] [INFO] CSP: RX loop iteration 4200, last_err=0 [components/cla/posix/cla_csp.c:405]
[Sun Aug  2 19:10:40 2026] [INFO] CSP: RX COMPLETE - Got 384 bytes from csp:2:43 (all fragments ACK'd) [components/cla/posix/cla_csp.c:432]
[Sun Aug  2 19:10:40 2026] [INFO] CSP: RX COMPLETE - Got 384 bytes from csp:2:43 (all fragments ACK'd) [components/cla/posix/cla_csp.c:432]
[Sun Aug  2 19:10:40 2026] [INFO] CSP: RX COMPLETE - Got 384 bytes from csp:2:43 (all fragments ACK'd) [components/cla/posix/cla_csp.c:432]
[Sun Aug  2 19:10:41 2026] [INFO] CSP: RX COMPLETE - Got 384 bytes from csp:2:43 (all fragments ACK'd) [components/cla/posix/cla_csp.c:432]
[Sun Aug  2 19:10:41 2026] [INFO] CSP: RX COMPLETE - Got 384 bytes from csp:2:43 (all fragments ACK'd) [components/cla/posix/cla_csp.c:432]
[Sun Aug  2 19:10:41 2026] [INFO] CSP: RX COMPLETE - Got 384 bytes from csp:2:43 (all fragments ACK'd) [components/cla/posix/cla_csp.c:432]
[Sun Aug  2 19:10:42 2026] [INFO] CSP: RX COMPLETE - Got 384 bytes from csp:2:43 (all fragments ACK'd) [components/cla/posix/cla_csp.c:432]
[Sun Aug  2 19:10:42 2026] [INFO] CSP: RX COMPLETE - Got 384 bytes from csp:2:43 (all fragments ACK'd) [components/cla/posix/cla_csp.c:432]
[Sun Aug  2 19:10:42 2026] [INFO] CSP: RX COMPLETE - Got 384 bytes from csp:2:43 (all fragments ACK'd) [components/cla/posix/cla_csp.c:432]
[Sun Aug  2 19:10:42 2026] [INFO] CSP: RX COMPLETE - Got 384 bytes from csp:2:43 (all fragments ACK'd) [components/cla/posix/cla_csp.c:432]
[Sun Aug  2 19:10:43 2026] [INFO] CSP: RX loop iteration 4210, last_err=0 [components/cla/posix/cla_csp.c:405]
[Sun Aug  2 19:10:43 2026] [INFO] CSP: RX COMPLETE - Got 384 bytes from csp:2:43 (all fragments ACK'd) [components/cla/posix/cla_csp.c:432]
[Sun Aug  2 19:10:43 2026] [INFO] CSP: RX COMPLETE - Got 384 bytes from csp:2:43 (all fragments ACK'd) [components/cla/posix/cla_csp.c:432]
[Sun Aug  2 19:10:43 2026] [INFO] CSP: RX COMPLETE - Got 384 bytes from csp:2:43 (all fragments ACK'd) [components/cla/posix/cla_csp.c:432]
[Sun Aug  2 19:10:44 2026] [INFO] CSP: RX COMPLETE - Got 384 bytes from csp:2:43 (all fragments ACK'd) [components/cla/posix/cla_csp.c:432]
[Sun Aug  2 19:10:44 2026] [INFO] CSP: RX COMPLETE - Got 384 bytes from csp:2:43 (all fragments ACK'd) [components/cla/posix/cla_csp.c:432]
[Sun Aug  2 19:10:44 2026] [INFO] CSP: RX COMPLETE - Got 384 bytes from csp:2:43 (all fragments ACK'd) [components/cla/posix/cla_csp.c:432]
[Sun Aug  2 19:10:45 2026] [INFO] CSP: RX COMPLETE - Got 384 bytes from csp:2:43 (all fragments ACK'd) [components/cla/posix/cla_csp.c:432]
[Sun Aug  2 19:10:45 2026] [INFO] CSP: RX COMPLETE - Got 384 bytes from csp:2:43 (all fragments ACK'd) [components/cla/posix/cla_csp.c:432]
[Sun Aug  2 19:10:45 2026] [INFO] CSP: RX COMPLETE - Got 384 bytes from csp:2:43 (all fragments ACK'd) [components/cla/posix/cla_csp.c:432]
[Sun Aug  2 19:10:46 2026] [INFO] CSP: RX COMPLETE - Got 384 bytes from csp:2:43 (all fragments ACK'd) [components/cla/posix/cla_csp.c:432]
[Sun Aug  2 19:10:46 2026] [INFO] CSP: RX loop iteration 4220, last_err=0 [components/cla/posix/cla_csp.c:405]
[Sun Aug  2 19:10:46 2026] [INFO] CSP: RX COMPLETE - Got 384 bytes from csp:2:43 (all fragments ACK'd) [components/cla/posix/cla_csp.c:432]
[Sun Aug  2 19:10:46 2026] [INFO] CSP: RX COMPLETE - Got 384 bytes from csp:2:43 (all fragments ACK'd) [components/cla/posix/cla_csp.c:432]
[Sun Aug  2 19:10:46 2026] [INFO] CSP: RX COMPLETE - Got 384 bytes from csp:2:43 (all fragments ACK'd) [components/cla/posix/cla_csp.c:432]
[Sun Aug  2 19:10:47 2026] [INFO] CSP: RX COMPLETE - Got 384 bytes from csp:2:43 (all fragments ACK'd) [components/cla/posix/cla_csp.c:432]
[Sun Aug  2 19:10:47 2026] [INFO] CSP: RX COMPLETE - Got 384 bytes from csp:2:43 (all fragments ACK'd) [components/cla/posix/cla_csp.c:432]
[Sun Aug  2 19:10:47 2026] [INFO] CSP: RX COMPLETE - Got 384 bytes from csp:2:43 (all fragments ACK'd) [components/cla/posix/cla_csp.c:432]
[Sun Aug  2 19:10:48 2026] [INFO] CSP: RX COMPLETE - Got 384 bytes from csp:2:43 (all fragments ACK'd) [components/cla/posix/cla_csp.c:432]
[Sun Aug  2 19:10:48 2026] [INFO] CSP: RX COMPLETE - Got 384 bytes from csp:2:43 (all fragments ACK'd) [components/cla/posix/cla_csp.c:432]
[Sun Aug  2 19:10:48 2026] [INFO] CSP: RX COMPLETE - Got 384 bytes from csp:2:43 (all fragments ACK'd) [components/cla/posix/cla_csp.c:432]
[Sun Aug  2 19:10:48 2026] [INFO] CSP: RX COMPLETE - Got 384 bytes from csp:2:43 (all fragments ACK'd) [components/cla/posix/cla_csp.c:432]
[Sun Aug  2 19:10:49 2026] [INFO] CSP: RX loop iteration 4230, last_err=0 [components/cla/posix/cla_csp.c:405]
[Sun Aug  2 19:10:49 2026] [INFO] CSP: RX COMPLETE - Got 384 bytes from csp:2:43 (all fragments ACK'd) [components/cla/posix/cla_csp.c:432]
[Sun Aug  2 19:10:49 2026] [INFO] CSP: RX COMPLETE - Got 384 bytes from csp:2:43 (all fragments ACK'd) [components/cla/posix/cla_csp.c:432]
[Sun Aug  2 19:10:49 2026] [INFO] CSP: RX COMPLETE - Got 384 bytes from csp:2:43 (all fragments ACK'd) [components/cla/posix/cla_csp.c:432]
[Sun Aug  2 19:10:50 2026] [INFO] CSP: RX COMPLETE - Got 191 bytes from csp:2:43 (all fragments ACK'd) [components/cla/posix/cla_csp.c:432]
[Sun Aug  2 19:10:50 2026] [INFO] CSP: RX COMPLETE - Got 191 bytes from csp:2:43 (all fragments ACK'd) [components/cla/posix/cla_csp.c:432]
[Sun Aug  2 19:10:50 2026] [INFO] CSP: RX COMPLETE - Got 191 bytes from csp:2:43 (all fragments ACK'd) [components/cla/posix/cla_csp.c:432]
[Sun Aug  2 19:10:51 2026] [INFO] CSP: RX COMPLETE - Got 191 bytes from csp:2:43 (all fragments ACK'd) [components/cla/posix/cla_csp.c:432]
[Sun Aug  2 19:10:51 2026] [INFO] CSP: RX COMPLETE - Got 191 bytes from csp:2:43 (all fragments ACK'd) [components/cla/posix/cla_csp.c:432]
[Sun Aug  2 19:10:51 2026] [INFO] CSP: RX COMPLETE - Got 191 bytes from csp:2:43 (all fragments ACK'd) [components/cla/posix/cla_csp.c:432]
[Sun Aug  2 19:10:52 2026] [INFO] CSP: RX COMPLETE - Got 191 bytes from csp:2:43 (all fragments ACK'd) [components/cla/posix/cla_csp.c:432]
[Sun Aug  2 19:10:52 2026] [INFO] CSP: RX loop iteration 4240, last_err=0 [components/cla/posix/cla_csp.c:405]
[Sun Aug  2 19:10:52 2026] [INFO] CSP: RX COMPLETE - Got 191 bytes from csp:2:43 (all fragments ACK'd) [components/cla/posix/cla_csp.c:432]
[Sun Aug  2 19:10:52 2026] [INFO] CSP: RX COMPLETE - Got 191 bytes from csp:2:43 (all fragments ACK'd) [components/cla/posix/cla_csp.c:432]
[Sun Aug  2 19:10:53 2026] [INFO] CSP: RX COMPLETE - Got 191 bytes from csp:2:43 (all fragments ACK'd) [components/cla/posix/cla_csp.c:432]
[Sun Aug  2 19:10:53 2026] [INFO] CSP: RX COMPLETE - Got 191 bytes from csp:2:43 (all fragments ACK'd) [components/cla/posix/cla_csp.c:432]
[Sun Aug  2 19:10:53 2026] [INFO] CSP: RX COMPLETE - Got 191 bytes from csp:2:43 (all fragments ACK'd) [components/cla/posix/cla_csp.c:432]
[Sun Aug  2 19:10:54 2026] [INFO] CSP: RX COMPLETE - Got 191 bytes from csp:2:43 (all fragments ACK'd) [components/cla/posix/cla_csp.c:432]
[Sun Aug  2 19:10:54 2026] [INFO] CSP: RX COMPLETE - Got 191 bytes from csp:2:43 (all fragments ACK'd) [components/cla/posix/cla_csp.c:432]
[Sun Aug  2 19:10:54 2026] [INFO] CSP: RX COMPLETE - Got 191 bytes from csp:2:43 (all fragments ACK'd) [components/cla/posix/cla_csp.c:432]
[Sun Aug  2 19:10:55 2026] [INFO] CSP: RX COMPLETE - Got 191 bytes from csp:2:43 (all fragments ACK'd) [components/cla/posix/cla_csp.c:432]
[Sun Aug  2 19:10:55 2026] [INFO] CSP: RX COMPLETE - Got 191 bytes from csp:2:43 (all fragments ACK'd) [components/cla/posix/cla_csp.c:432]
[Sun Aug  2 19:10:55 2026] [INFO] CSP: RX loop iteration 4250, last_err=0 [components/cla/posix/cla_csp.c:405]
[Sun Aug  2 19:10:55 2026] [INFO] CSP: RX COMPLETE - Got 191 bytes from csp:2:43 (all fragments ACK'd) [components/cla/posix/cla_csp.c:432]
[Sun Aug  2 19:10:56 2026] [INFO] CSP: RX COMPLETE - Got 191 bytes from csp:2:43 (all fragments ACK'd) [components/cla/posix/cla_csp.c:432]
[Sun Aug  2 19:10:56 2026] [INFO] CSP: RX COMPLETE - Got 191 bytes from csp:2:43 (all fragments ACK'd) [components/cla/posix/cla_csp.c:432]
[Sun Aug  2 19:10:56 2026] [INFO] CSP: RX COMPLETE - Got 191 bytes from csp:2:43 (all fragments ACK'd) [components/cla/posix/cla_csp.c:432]
[Sun Aug  2 19:10:57 2026] [INFO] CSP: RX COMPLETE - Got 191 bytes from csp:2:43 (all fragments ACK'd) [components/cla/posix/cla_csp.c:432]
[Sun Aug  2 19:10:57 2026] [INFO] CSP: RX COMPLETE - Got 191 bytes from csp:2:43 (all fragments ACK'd) [components/cla/posix/cla_csp.c:432]
[Sun Aug  2 19:10:57 2026] [INFO] CSP: RX COMPLETE - Got 191 bytes from csp:2:43 (all fragments ACK'd) [components/cla/posix/cla_csp.c:432]
[Sun Aug  2 19:10:58 2026] [INFO] CSP: RX COMPLETE - Got 191 bytes from csp:2:43 (all fragments ACK'd) [components/cla/posix/cla_csp.c:432]
[Sun Aug  2 19:10:58 2026] [INFO] CSP: RX COMPLETE - Got 191 bytes from csp:2:43 (all fragments ACK'd) [components/cla/posix/cla_csp.c:432]
[Sun Aug  2 19:10:58 2026] [INFO] CSP: RX COMPLETE - Got 191 bytes from csp:2:43 (all fragments ACK'd) [components/cla/posix/cla_csp.c:432]
[Sun Aug  2 19:10:59 2026] [INFO] CSP: RX loop iteration 4260, last_err=0 [components/cla/posix/cla_csp.c:405]
[Sun Aug  2 19:10:59 2026] [INFO] CSP: RX COMPLETE - Got 191 bytes from csp:2:43 (all fragments ACK'd) [components/cla/posix/cla_csp.c:432]
[Sun Aug  2 19:10:59 2026] [INFO] CSP: RX COMPLETE - Got 191 bytes from csp:2:43 (all fragments ACK'd) [components/cla/posix/cla_csp.c:432]
[Sun Aug  2 19:10:59 2026] [INFO] CSP: RX COMPLETE - Got 191 bytes from csp:2:43 (all fragments ACK'd) [components/cla/posix/cla_csp.c:432]
[Sun Aug  2 19:11:00 2026] [INFO] CSP: RX COMPLETE - Got 191 bytes from csp:2:43 (all fragments ACK'd) [components/cla/posix/cla_csp.c:432]
[Sun Aug  2 19:11:00 2026] [INFO] CSP: RX COMPLETE - Got 191 bytes from csp:2:43 (all fragments ACK'd) [components/cla/posix/cla_csp.c:432]
[Sun Aug  2 19:11:00 2026] [INFO] CSP: RX COMPLETE - Got 191 bytes from csp:2:43 (all fragments ACK'd) [components/cla/posix/cla_csp.c:432]
[Sun Aug  2 19:11:01 2026] [INFO] CSP: RX COMPLETE - Got 191 bytes from csp:2:43 (all fragments ACK'd) [components/cla/posix/cla_csp.c:432]
[Sun Aug  2 19:11:01 2026] [INFO] CSP: RX COMPLETE - Got 191 bytes from csp:2:43 (all fragments ACK'd) [components/cla/posix/cla_csp.c:432]
[Sun Aug  2 19:11:01 2026] [INFO] CSP: RX COMPLETE - Got 191 bytes from csp:2:43 (all fragments ACK'd) [components/cla/posix/cla_csp.c:432]
[Sun Aug  2 19:11:01 2026] [INFO] CSP: RX COMPLETE - Got 191 bytes from csp:2:43 (all fragments ACK'd) [components/cla/posix/cla_csp.c:432]
[Sun Aug  2 19:11:02 2026] [INFO] CSP: RX loop iteration 4270, last_err=0 [components/cla/posix/cla_csp.c:405]
[Sun Aug  2 19:11:02 2026] [INFO] CSP: RX COMPLETE - Got 191 bytes from csp:2:43 (all fragments ACK'd) [components/cla/posix/cla_csp.c:432]
[Sun Aug  2 19:11:02 2026] [INFO] CSP: RX COMPLETE - Got 191 bytes from csp:2:43 (all fragments ACK'd) [components/cla/posix/cla_csp.c:432]
[Sun Aug  2 19:11:02 2026] [INFO] CSP: RX COMPLETE - Got 191 bytes from csp:2:43 (all fragments ACK'd) [components/cla/posix/cla_csp.c:432]
[Sun Aug  2 19:11:03 2026] [INFO] CSP: RX COMPLETE - Got 191 bytes from csp:2:43 (all fragments ACK'd) [components/cla/posix/cla_csp.c:432]
[Sun Aug  2 19:11:03 2026] [INFO] CSP: RX COMPLETE - Got 191 bytes from csp:2:43 (all fragments ACK'd) [components/cla/posix/cla_csp.c:432]
[Sun Aug  2 19:11:03 2026] [INFO] CSP: RX COMPLETE - Got 191 bytes from csp:2:43 (all fragments ACK'd) [components/cla/posix/cla_csp.c:432]
[Sun Aug  2 19:11:04 2026] [INFO] CSP: RX COMPLETE - Got 191 bytes from csp:2:43 (all fragments ACK'd) [components/cla/posix/cla_csp.c:432]
[Sun Aug  2 19:11:04 2026] [INFO] CSP: RX COMPLETE - Got 191 bytes from csp:2:43 (all fragments ACK'd) [components/cla/posix/cla_csp.c:432]
[Sun Aug  2 19:11:04 2026] [INFO] CSP: RX COMPLETE - Got 191 bytes from csp:2:43 (all fragments ACK'd) [components/cla/posix/cla_csp.c:432]
[Sun Aug  2 19:11:05 2026] [INFO] CSP: RX COMPLETE - Got 191 bytes from csp:2:43 (all fragments ACK'd) [components/cla/posix/cla_csp.c:432]
[Sun Aug  2 19:11:05 2026] [INFO] CSP: RX loop iteration 4280, last_err=0 [components/cla/posix/cla_csp.c:405]
[Sun Aug  2 19:11:05 2026] [INFO] CSP: RX COMPLETE - Got 191 bytes from csp:2:43 (all fragments ACK'd) [components/cla/posix/cla_csp.c:432]
[Sun Aug  2 19:11:05 2026] [INFO] CSP: RX COMPLETE - Got 191 bytes from csp:2:43 (all fragments ACK'd) [components/cla/posix/cla_csp.c:432]
[Sun Aug  2 19:11:06 2026] [INFO] CSP: RX COMPLETE - Got 191 bytes from csp:2:43 (all fragments ACK'd) [components/cla/posix/cla_csp.c:432]
[Sun Aug  2 19:11:06 2026] [INFO] CSP: RX COMPLETE - Got 191 bytes from csp:2:43 (all fragments ACK'd) [components/cla/posix/cla_csp.c:432]
[Sun Aug  2 19:11:06 2026] [INFO] CSP: RX COMPLETE - Got 191 bytes from csp:2:43 (all fragments ACK'd) [components/cla/posix/cla_csp.c:432]
[Sun Aug  2 19:11:07 2026] [INFO] CSP: RX COMPLETE - Got 191 bytes from csp:2:43 (all fragments ACK'd) [components/cla/posix/cla_csp.c:432]
[Sun Aug  2 19:11:07 2026] [INFO] CSP: RX COMPLETE - Got 191 bytes from csp:2:43 (all fragments ACK'd) [components/cla/posix/cla_csp.c:432]
[Sun Aug  2 19:11:07 2026] [INFO] CSP: RX COMPLETE - Got 191 bytes from csp:2:43 (all fragments ACK'd) [components/cla/posix/cla_csp.c:432]
[Sun Aug  2 19:11:08 2026] [INFO] CSP: RX COMPLETE - Got 191 bytes from csp:2:43 (all fragments ACK'd) [components/cla/posix/cla_csp.c:432]
[Sun Aug  2 19:11:08 2026] [INFO] CSP: RX COMPLETE - Got 191 bytes from csp:2:43 (all fragments ACK'd) [components/cla/posix/cla_csp.c:432]
[Sun Aug  2 19:11:08 2026] [INFO] CSP: RX loop iteration 4290, last_err=0 [components/cla/posix/cla_csp.c:405]
[Sun Aug  2 19:11:08 2026] [INFO] CSP: RX COMPLETE - Got 191 bytes from csp:2:43 (all fragments ACK'd) [components/cla/posix/cla_csp.c:432]
[Sun Aug  2 19:11:09 2026] [INFO] CSP: RX COMPLETE - Got 191 bytes from csp:2:43 (all fragments ACK'd) [components/cla/posix/cla_csp.c:432]
[Sun Aug  2 19:11:09 2026] [INFO] CSP: RX COMPLETE - Got 191 bytes from csp:2:43 (all fragments ACK'd) [components/cla/posix/cla_csp.c:432]
[Sun Aug  2 19:11:09 2026] [INFO] CSP: RX COMPLETE - Got 191 bytes from csp:2:43 (all fragments ACK'd) [components/cla/posix/cla_csp.c:432]
[Sun Aug  2 19:11:10 2026] [INFO] CSP: RX COMPLETE - Got 191 bytes from csp:2:43 (all fragments ACK'd) [components/cla/posix/cla_csp.c:432]
[Sun Aug  2 19:11:10 2026] [INFO] CSP: RX COMPLETE - Got 191 bytes from csp:2:43 (all fragments ACK'd) [components/cla/posix/cla_csp.c:432]
[Sun Aug  2 19:11:10 2026] [INFO] CSP: RX COMPLETE - Got 191 bytes from csp:2:43 (all fragments ACK'd) [components/cla/posix/cla_csp.c:432]
[Sun Aug  2 19:11:11 2026] [INFO] CSP: RX COMPLETE - Got 191 bytes from csp:2:43 (all fragments ACK'd) [components/cla/posix/cla_csp.c:432]
[Sun Aug  2 19:11:11 2026] [INFO] CSP: RX COMPLETE - Got 191 bytes from csp:2:43 (all fragments ACK'd) [components/cla/posix/cla_csp.c:432]
[Sun Aug  2 19:11:11 2026] [INFO] CSP: RX COMPLETE - Got 191 bytes from csp:2:43 (all fragments ACK'd) [components/cla/posix/cla_csp.c:432]
[Sun Aug  2 19:11:12 2026] [INFO] CSP: RX loop iteration 4300, last_err=0 [components/cla/posix/cla_csp.c:405]
[Sun Aug  2 19:11:12 2026] [INFO] CSP: RX COMPLETE - Got 191 bytes from csp:2:43 (all fragments ACK'd) [components/cla/posix/cla_csp.c:432]
[Sun Aug  2 19:11:12 2026] [INFO] CSP: RX COMPLETE - Got 191 bytes from csp:2:43 (all fragments ACK'd) [components/cla/posix/cla_csp.c:432]
[Sun Aug  2 19:11:12 2026] [INFO] CSP: RX COMPLETE - Got 191 bytes from csp:2:43 (all fragments ACK'd) [components/cla/posix/cla_csp.c:432]
[Sun Aug  2 19:11:13 2026] [INFO] CSP: RX COMPLETE - Got 191 bytes from csp:2:43 (all fragments ACK'd) [components/cla/posix/cla_csp.c:432]
[Sun Aug  2 19:11:13 2026] [INFO] CSP: RX COMPLETE - Got 191 bytes from csp:2:43 (all fragments ACK'd) [components/cla/posix/cla_csp.c:432]
[Sun Aug  2 19:11:13 2026] [INFO] CSP: RX COMPLETE - Got 191 bytes from csp:2:43 (all fragments ACK'd) [components/cla/posix/cla_csp.c:432]
[Sun Aug  2 19:11:14 2026] [INFO] CSP: RX COMPLETE - Got 191 bytes from csp:2:43 (all fragments ACK'd) [components/cla/posix/cla_csp.c:432]
[Sun Aug  2 19:11:14 2026] [INFO] CSP: RX COMPLETE - Got 191 bytes from csp:2:43 (all fragments ACK'd) [components/cla/posix/cla_csp.c:432]
[Sun Aug  2 19:11:14 2026] [INFO] CSP: RX COMPLETE - Got 191 bytes from csp:2:43 (all fragments ACK'd) [components/cla/posix/cla_csp.c:432]
[Sun Aug  2 19:11:15 2026] [INFO] CSP: RX COMPLETE - Got 191 bytes from csp:2:43 (all fragments ACK'd) [components/cla/posix/cla_csp.c:432]
[Sun Aug  2 19:11:15 2026] [INFO] CSP: RX loop iteration 4310, last_err=0 [components/cla/posix/cla_csp.c:405]
[Sun Aug  2 19:11:15 2026] [INFO] CSP: RX COMPLETE - Got 191 bytes from csp:2:43 (all fragments ACK'd) [components/cla/posix/cla_csp.c:432]
[Sun Aug  2 19:11:15 2026] [INFO] CSP: RX COMPLETE - Got 191 bytes from csp:2:43 (all fragments ACK'd) [components/cla/posix/cla_csp.c:432]
[Sun Aug  2 19:11:15 2026] [INFO] CSP: RX COMPLETE - Got 191 bytes from csp:2:43 (all fragments ACK'd) [components/cla/posix/cla_csp.c:432]
[Sun Aug  2 19:11:16 2026] [INFO] CSP: RX COMPLETE - Got 191 bytes from csp:2:43 (all fragments ACK'd) [components/cla/posix/cla_csp.c:432]
[Sun Aug  2 19:11:16 2026] [INFO] CSP: RX COMPLETE - Got 191 bytes from csp:2:43 (all fragments ACK'd) [components/cla/posix/cla_csp.c:432]
[Sun Aug  2 19:11:16 2026] [INFO] CSP: RX COMPLETE - Got 191 bytes from csp:2:43 (all fragments ACK'd) [components/cla/posix/cla_csp.c:432]
[Sun Aug  2 19:11:17 2026] [INFO] CSP: RX COMPLETE - Got 191 bytes from csp:2:43 (all fragments ACK'd) [components/cla/posix/cla_csp.c:432]
[Sun Aug  2 19:11:17 2026] [INFO] CSP: RX COMPLETE - Got 191 bytes from csp:2:43 (all fragments ACK'd) [components/cla/posix/cla_csp.c:432]
[Sun Aug  2 19:11:17 2026] [INFO] CSP: RX COMPLETE - Got 191 bytes from csp:2:43 (all fragments ACK'd) [components/cla/posix/cla_csp.c:432]
[Sun Aug  2 19:11:18 2026] [INFO] CSP: RX COMPLETE - Got 191 bytes from csp:2:43 (all fragments ACK'd) [components/cla/posix/cla_csp.c:432]
[Sun Aug  2 19:11:18 2026] [INFO] CSP: RX loop iteration 4320, last_err=0 [components/cla/posix/cla_csp.c:405]
[Sun Aug  2 19:11:18 2026] [INFO] CSP: RX COMPLETE - Got 191 bytes from csp:2:43 (all fragments ACK'd) [components/cla/posix/cla_csp.c:432]
[Sun Aug  2 19:11:18 2026] [INFO] CSP: RX COMPLETE - Got 191 bytes from csp:2:43 (all fragments ACK'd) [components/cla/posix/cla_csp.c:432]
[Sun Aug  2 19:11:19 2026] [INFO] CSP: RX COMPLETE - Got 191 bytes from csp:2:43 (all fragments ACK'd) [components/cla/posix/cla_csp.c:432]
[Sun Aug  2 19:11:19 2026] [INFO] CSP: RX COMPLETE - Got 191 bytes from csp:2:43 (all fragments ACK'd) [components/cla/posix/cla_csp.c:432]
[Sun Aug  2 19:11:19 2026] [INFO] CSP: RX COMPLETE - Got 191 bytes from csp:2:43 (all fragments ACK'd) [components/cla/posix/cla_csp.c:432]
[Sun Aug  2 19:11:20 2026] [INFO] CSP: RX COMPLETE - Got 191 bytes from csp:2:43 (all fragments ACK'd) [components/cla/posix/cla_csp.c:432]
[Sun Aug  2 19:11:20 2026] [INFO] CSP: RX COMPLETE - Got 191 bytes from csp:2:43 (all fragments ACK'd) [components/cla/posix/cla_csp.c:432]
[Sun Aug  2 19:11:20 2026] [INFO] CSP: RX COMPLETE - Got 191 bytes from csp:2:43 (all fragments ACK'd) [components/cla/posix/cla_csp.c:432]
[Sun Aug  2 19:11:21 2026] [INFO] CSP: RX COMPLETE - Got 191 bytes from csp:2:43 (all fragments ACK'd) [components/cla/posix/cla_csp.c:432]
[Sun Aug  2 19:11:21 2026] [INFO] CSP: RX COMPLETE - Got 191 bytes from csp:2:43 (all fragments ACK'd) [components/cla/posix/cla_csp.c:432]
[Sun Aug  2 19:11:21 2026] [INFO] CSP: RX loop iteration 4330, last_err=0 [components/cla/posix/cla_csp.c:405]
[Sun Aug  2 19:11:21 2026] [INFO] CSP: RX COMPLETE - Got 191 bytes from csp:2:43 (all fragments ACK'd) [components/cla/posix/cla_csp.c:432]
[Sun Aug  2 19:11:22 2026] [INFO] CSP: RX COMPLETE - Got 191 bytes from csp:2:43 (all fragments ACK'd) [components/cla/posix/cla_csp.c:432]
[Sun Aug  2 19:11:22 2026] [INFO] CSP: RX COMPLETE - Got 191 bytes from csp:2:43 (all fragments ACK'd) [components/cla/posix/cla_csp.c:432]
[Sun Aug  2 19:11:22 2026] [INFO] CSP: RX COMPLETE - Got 384 bytes from csp:2:43 (all fragments ACK'd) [components/cla/posix/cla_csp.c:432]
[Sun Aug  2 19:11:23 2026] [INFO] CSP: RX COMPLETE - Got 384 bytes from csp:2:43 (all fragments ACK'd) [components/cla/posix/cla_csp.c:432]
[Sun Aug  2 19:11:23 2026] [INFO] CSP: RX COMPLETE - Got 384 bytes from csp:2:43 (all fragments ACK'd) [components/cla/posix/cla_csp.c:432]
[Sun Aug  2 19:11:23 2026] [INFO] CSP: RX COMPLETE - Got 384 bytes from csp:2:43 (all fragments ACK'd) [components/cla/posix/cla_csp.c:432]
[Sun Aug  2 19:11:24 2026] [INFO] CSP: RX COMPLETE - Got 384 bytes from csp:2:43 (all fragments ACK'd) [components/cla/posix/cla_csp.c:432]
[Sun Aug  2 19:11:24 2026] [INFO] CSP: RX COMPLETE - Got 384 bytes from csp:2:43 (all fragments ACK'd) [components/cla/posix/cla_csp.c:432]
[Sun Aug  2 19:11:24 2026] [INFO] CSP: RX COMPLETE - Got 384 bytes from csp:2:43 (all fragments ACK'd) [components/cla/posix/cla_csp.c:432]
[Sun Aug  2 19:11:25 2026] [INFO] CSP: RX loop iteration 4340, last_err=0 [components/cla/posix/cla_csp.c:405]
[Sun Aug  2 19:11:25 2026] [INFO] CSP: RX COMPLETE - Got 384 bytes from csp:2:43 (all fragments ACK'd) [components/cla/posix/cla_csp.c:432]
[Sun Aug  2 19:11:25 2026] [INFO] CSP: RX COMPLETE - Got 384 bytes from csp:2:43 (all fragments ACK'd) [components/cla/posix/cla_csp.c:432]
[Sun Aug  2 19:11:25 2026] [INFO] CSP: RX COMPLETE - Got 384 bytes from csp:2:43 (all fragments ACK'd) [components/cla/posix/cla_csp.c:432]
[Sun Aug  2 19:11:26 2026] [INFO] CSP: RX COMPLETE - Got 384 bytes from csp:2:43 (all fragments ACK'd) [components/cla/posix/cla_csp.c:432]
[Sun Aug  2 19:11:26 2026] [INFO] CSP: RX COMPLETE - Got 384 bytes from csp:2:43 (all fragments ACK'd) [components/cla/posix/cla_csp.c:432]
[Sun Aug  2 19:11:26 2026] [INFO] CSP: RX COMPLETE - Got 384 bytes from csp:2:43 (all fragments ACK'd) [components/cla/posix/cla_csp.c:432]
[Sun Aug  2 19:11:27 2026] [INFO] CSP: RX COMPLETE - Got 384 bytes from csp:2:43 (all fragments ACK'd) [components/cla/posix/cla_csp.c:432]
[Sun Aug  2 19:11:27 2026] [INFO] CSP: RX COMPLETE - Got 384 bytes from csp:2:43 (all fragments ACK'd) [components/cla/posix/cla_csp.c:432]
[Sun Aug  2 19:11:27 2026] [INFO] CSP: RX COMPLETE - Got 384 bytes from csp:2:43 (all fragments ACK'd) [components/cla/posix/cla_csp.c:432]
[Sun Aug  2 19:11:28 2026] [INFO] CSP: RX COMPLETE - Got 384 bytes from csp:2:43 (all fragments ACK'd) [components/cla/posix/cla_csp.c:432]
[Sun Aug  2 19:11:28 2026] [INFO] CSP: RX loop iteration 4350, last_err=0 [components/cla/posix/cla_csp.c:405]
[Sun Aug  2 19:11:28 2026] [INFO] CSP: RX COMPLETE - Got 384 bytes from csp:2:43 (all fragments ACK'd) [components/cla/posix/cla_csp.c:432]
[Sun Aug  2 19:11:28 2026] [INFO] CSP: RX COMPLETE - Got 384 bytes from csp:2:43 (all fragments ACK'd) [components/cla/posix/cla_csp.c:432]
[Sun Aug  2 19:11:29 2026] [INFO] CSP: RX COMPLETE - Got 384 bytes from csp:2:43 (all fragments ACK'd) [components/cla/posix/cla_csp.c:432]
[Sun Aug  2 19:11:29 2026] [INFO] CSP: RX COMPLETE - Got 384 bytes from csp:2:43 (all fragments ACK'd) [components/cla/posix/cla_csp.c:432]
[Sun Aug  2 19:11:29 2026] [INFO] CSP: RX COMPLETE - Got 384 bytes from csp:2:43 (all fragments ACK'd) [components/cla/posix/cla_csp.c:432]
[Sun Aug  2 19:11:30 2026] [INFO] CSP: RX COMPLETE - Got 384 bytes from csp:2:43 (all fragments ACK'd) [components/cla/posix/cla_csp.c:432]
[Sun Aug  2 19:11:30 2026] [INFO] CSP: RX COMPLETE - Got 384 bytes from csp:2:43 (all fragments ACK'd) [components/cla/posix/cla_csp.c:432]
[Sun Aug  2 19:11:30 2026] [INFO] CSP: RX COMPLETE - Got 384 bytes from csp:2:43 (all fragments ACK'd) [components/cla/posix/cla_csp.c:432]
[Sun Aug  2 19:11:31 2026] [INFO] CSP: RX COMPLETE - Got 384 bytes from csp:2:43 (all fragments ACK'd) [components/cla/posix/cla_csp.c:432]
[Sun Aug  2 19:11:31 2026] [INFO] CSP: RX COMPLETE - Got 384 bytes from csp:2:43 (all fragments ACK'd) [components/cla/posix/cla_csp.c:432]
[Sun Aug  2 19:11:31 2026] [INFO] CSP: RX loop iteration 4360, last_err=0 [components/cla/posix/cla_csp.c:405]
[Sun Aug  2 19:11:31 2026] [INFO] CSP: RX COMPLETE - Got 384 bytes from csp:2:43 (all fragments ACK'd) [components/cla/posix/cla_csp.c:432]
[Sun Aug  2 19:11:32 2026] [INFO] CSP: RX COMPLETE - Got 384 bytes from csp:2:43 (all fragments ACK'd) [components/cla/posix/cla_csp.c:432]
[Sun Aug  2 19:11:32 2026] [INFO] CSP: RX COMPLETE - Got 384 bytes from csp:2:43 (all fragments ACK'd) [components/cla/posix/cla_csp.c:432]
[Sun Aug  2 19:11:32 2026] [INFO] CSP: RX COMPLETE - Got 384 bytes from csp:2:43 (all fragments ACK'd) [components/cla/posix/cla_csp.c:432]
[Sun Aug  2 19:11:32 2026] [INFO] CSP: RX COMPLETE - Got 384 bytes from csp:2:43 (all fragments ACK'd) [components/cla/posix/cla_csp.c:432]
[Sun Aug  2 19:11:33 2026] [INFO] CSP: RX COMPLETE - Got 384 bytes from csp:2:43 (all fragments ACK'd) [components/cla/posix/cla_csp.c:432]
[Sun Aug  2 19:11:33 2026] [INFO] CSP: RX COMPLETE - Got 384 bytes from csp:2:43 (all fragments ACK'd) [components/cla/posix/cla_csp.c:432]
[Sun Aug  2 19:11:33 2026] [INFO] CSP: RX COMPLETE - Got 384 bytes from csp:2:43 (all fragments ACK'd) [components/cla/posix/cla_csp.c:432]
[Sun Aug  2 19:11:34 2026] [INFO] CSP: RX COMPLETE - Got 384 bytes from csp:2:43 (all fragments ACK'd) [components/cla/posix/cla_csp.c:432]
[Sun Aug  2 19:11:34 2026] [INFO] CSP: RX COMPLETE - Got 384 bytes from csp:2:43 (all fragments ACK'd) [components/cla/posix/cla_csp.c:432]
[Sun Aug  2 19:11:34 2026] [INFO] CSP: RX loop iteration 4370, last_err=0 [components/cla/posix/cla_csp.c:405]
[Sun Aug  2 19:11:34 2026] [INFO] CSP: RX COMPLETE - Got 384 bytes from csp:2:43 (all fragments ACK'd) [components/cla/posix/cla_csp.c:432]
[Sun Aug  2 19:11:35 2026] [INFO] CSP: RX COMPLETE - Got 384 bytes from csp:2:43 (all fragments ACK'd) [components/cla/posix/cla_csp.c:432]
[Sun Aug  2 19:11:35 2026] [INFO] CSP: RX COMPLETE - Got 384 bytes from csp:2:43 (all fragments ACK'd) [components/cla/posix/cla_csp.c:432]
[Sun Aug  2 19:11:35 2026] [INFO] CSP: RX COMPLETE - Got 384 bytes from csp:2:43 (all fragments ACK'd) [components/cla/posix/cla_csp.c:432]
[Sun Aug  2 19:11:36 2026] [INFO] CSP: RX COMPLETE - Got 384 bytes from csp:2:43 (all fragments ACK'd) [components/cla/posix/cla_csp.c:432]
[Sun Aug  2 19:11:36 2026] [INFO] CSP: RX COMPLETE - Got 384 bytes from csp:2:43 (all fragments ACK'd) [components/cla/posix/cla_csp.c:432]
[Sun Aug  2 19:11:36 2026] [INFO] CSP: RX COMPLETE - Got 384 bytes from csp:2:43 (all fragments ACK'd) [components/cla/posix/cla_csp.c:432]
[Sun Aug  2 19:11:37 2026] [INFO] CSP: RX COMPLETE - Got 384 bytes from csp:2:43 (all fragments ACK'd) [components/cla/posix/cla_csp.c:432]
[Sun Aug  2 19:11:37 2026] [INFO] CSP: RX COMPLETE - Got 384 bytes from csp:2:43 (all fragments ACK'd) [components/cla/posix/cla_csp.c:432]
[Sun Aug  2 19:11:37 2026] [INFO] CSP: RX COMPLETE - Got 384 bytes from csp:2:43 (all fragments ACK'd) [components/cla/posix/cla_csp.c:432]
[Sun Aug  2 19:11:38 2026] [INFO] CSP: RX loop iteration 4380, last_err=0 [components/cla/posix/cla_csp.c:405]
[Sun Aug  2 19:11:38 2026] [INFO] CSP: RX COMPLETE - Got 384 bytes from csp:2:43 (all fragments ACK'd) [components/cla/posix/cla_csp.c:432]
[Sun Aug  2 19:11:38 2026] [INFO] CSP: RX COMPLETE - Got 384 bytes from csp:2:43 (all fragments ACK'd) [components/cla/posix/cla_csp.c:432]
[Sun Aug  2 19:11:38 2026] [INFO] CSP: RX COMPLETE - Got 384 bytes from csp:2:43 (all fragments ACK'd) [components/cla/posix/cla_csp.c:432]
[Sun Aug  2 19:11:39 2026] [INFO] CSP: RX COMPLETE - Got 384 bytes from csp:2:43 (all fragments ACK'd) [components/cla/posix/cla_csp.c:432]
[Sun Aug  2 19:11:39 2026] [INFO] CSP: RX COMPLETE - Got 384 bytes from csp:2:43 (all fragments ACK'd) [components/cla/posix/cla_csp.c:432]
[Sun Aug  2 19:11:39 2026] [INFO] CSP: RX COMPLETE - Got 384 bytes from csp:2:43 (all fragments ACK'd) [components/cla/posix/cla_csp.c:432]
[Sun Aug  2 19:11:40 2026] [INFO] CSP: RX COMPLETE - Got 384 bytes from csp:2:43 (all fragments ACK'd) [components/cla/posix/cla_csp.c:432]
[Sun Aug  2 19:11:40 2026] [INFO] CSP: RX COMPLETE - Got 384 bytes from csp:2:43 (all fragments ACK'd) [components/cla/posix/cla_csp.c:432]
[Sun Aug  2 19:11:40 2026] [INFO] CSP: RX COMPLETE - Got 384 bytes from csp:2:43 (all fragments ACK'd) [components/cla/posix/cla_csp.c:432]
[Sun Aug  2 19:11:41 2026] [INFO] CSP: RX COMPLETE - Got 384 bytes from csp:2:43 (all fragments ACK'd) [components/cla/posix/cla_csp.c:432]
[Sun Aug  2 19:11:41 2026] [INFO] CSP: RX loop iteration 4390, last_err=0 [components/cla/posix/cla_csp.c:405]
[Sun Aug  2 19:11:41 2026] [INFO] CSP: RX COMPLETE - Got 384 bytes from csp:2:43 (all fragments ACK'd) [components/cla/posix/cla_csp.c:432]
[Sun Aug  2 19:11:41 2026] [INFO] CSP: RX COMPLETE - Got 384 bytes from csp:2:43 (all fragments ACK'd) [components/cla/posix/cla_csp.c:432]
[Sun Aug  2 19:11:42 2026] [INFO] CSP: RX COMPLETE - Got 384 bytes from csp:2:43 (all fragments ACK'd) [components/cla/posix/cla_csp.c:432]
[Sun Aug  2 19:11:42 2026] [INFO] CSP: RX COMPLETE - Got 384 bytes from csp:2:43 (all fragments ACK'd) [components/cla/posix/cla_csp.c:432]
[Sun Aug  2 19:11:42 2026] [INFO] CSP: RX COMPLETE - Got 384 bytes from csp:2:43 (all fragments ACK'd) [components/cla/posix/cla_csp.c:432]
[Sun Aug  2 19:11:43 2026] [INFO] CSP: RX COMPLETE - Got 384 bytes from csp:2:43 (all fragments ACK'd) [components/cla/posix/cla_csp.c:432]
[Sun Aug  2 19:11:43 2026] [INFO] CSP: RX COMPLETE - Got 384 bytes from csp:2:43 (all fragments ACK'd) [components/cla/posix/cla_csp.c:432]
[Sun Aug  2 19:11:43 2026] [INFO] CSP: RX COMPLETE - Got 384 bytes from csp:2:43 (all fragments ACK'd) [components/cla/posix/cla_csp.c:432]
[Sun Aug  2 19:11:44 2026] [INFO] CSP: RX COMPLETE - Got 384 bytes from csp:2:43 (all fragments ACK'd) [components/cla/posix/cla_csp.c:432]
[Sun Aug  2 19:11:44 2026] [INFO] CSP: RX COMPLETE - Got 384 bytes from csp:2:43 (all fragments ACK'd) [components/cla/posix/cla_csp.c:432]
[Sun Aug  2 19:11:44 2026] [INFO] CSP: RX loop iteration 4400, last_err=0 [components/cla/posix/cla_csp.c:405]
[Sun Aug  2 19:11:44 2026] [INFO] CSP: RX COMPLETE - Got 384 bytes from csp:2:43 (all fragments ACK'd) [components/cla/posix/cla_csp.c:432]
[Sun Aug  2 19:11:45 2026] [INFO] CSP: RX COMPLETE - Got 384 bytes from csp:2:43 (all fragments ACK'd) [components/cla/posix/cla_csp.c:432]
[Sun Aug  2 19:11:45 2026] [INFO] CSP: RX COMPLETE - Got 384 bytes from csp:2:43 (all fragments ACK'd) [components/cla/posix/cla_csp.c:432]
[Sun Aug  2 19:11:45 2026] [INFO] CSP: RX COMPLETE - Got 384 bytes from csp:2:43 (all fragments ACK'd) [components/cla/posix/cla_csp.c:432]
[Sun Aug  2 19:11:46 2026] [INFO] CSP: RX COMPLETE - Got 384 bytes from csp:2:43 (all fragments ACK'd) [components/cla/posix/cla_csp.c:432]
[Sun Aug  2 19:11:46 2026] [INFO] CSP: RX COMPLETE - Got 384 bytes from csp:2:43 (all fragments ACK'd) [components/cla/posix/cla_csp.c:432]
[Sun Aug  2 19:11:46 2026] [INFO] CSP: RX COMPLETE - Got 384 bytes from csp:2:43 (all fragments ACK'd) [components/cla/posix/cla_csp.c:432]
[Sun Aug  2 19:11:46 2026] [INFO] CSP: RX COMPLETE - Got 384 bytes from csp:2:43 (all fragments ACK'd) [components/cla/posix/cla_csp.c:432]
[Sun Aug  2 19:11:47 2026] [INFO] CSP: RX COMPLETE - Got 384 bytes from csp:2:43 (all fragments ACK'd) [components/cla/posix/cla_csp.c:432]
[Sun Aug  2 19:11:47 2026] [INFO] CSP: RX COMPLETE - Got 384 bytes from csp:2:43 (all fragments ACK'd) [components/cla/posix/cla_csp.c:432]
[Sun Aug  2 19:11:47 2026] [INFO] CSP: RX loop iteration 4410, last_err=0 [components/cla/posix/cla_csp.c:405]
[Sun Aug  2 19:11:47 2026] [INFO] CSP: RX COMPLETE - Got 384 bytes from csp:2:43 (all fragments ACK'd) [components/cla/posix/cla_csp.c:432]
[Sun Aug  2 19:11:48 2026] [INFO] CSP: RX COMPLETE - Got 384 bytes from csp:2:43 (all fragments ACK'd) [components/cla/posix/cla_csp.c:432]
[Sun Aug  2 19:11:48 2026] [INFO] CSP: RX COMPLETE - Got 384 bytes from csp:2:43 (all fragments ACK'd) [components/cla/posix/cla_csp.c:432]
[Sun Aug  2 19:11:48 2026] [INFO] CSP: RX COMPLETE - Got 384 bytes from csp:2:43 (all fragments ACK'd) [components/cla/posix/cla_csp.c:432]
[Sun Aug  2 19:11:49 2026] [INFO] CSP: RX COMPLETE - Got 384 bytes from csp:2:43 (all fragments ACK'd) [components/cla/posix/cla_csp.c:432]
[Sun Aug  2 19:11:49 2026] [INFO] CSP: RX COMPLETE - Got 384 bytes from csp:2:43 (all fragments ACK'd) [components/cla/posix/cla_csp.c:432]
[Sun Aug  2 19:11:49 2026] [INFO] CSP: RX COMPLETE - Got 384 bytes from csp:2:43 (all fragments ACK'd) [components/cla/posix/cla_csp.c:432]
[Sun Aug  2 19:11:50 2026] [INFO] CSP: RX COMPLETE - Got 384 bytes from csp:2:43 (all fragments ACK'd) [components/cla/posix/cla_csp.c:432]
[Sun Aug  2 19:11:50 2026] [INFO] CSP: RX COMPLETE - Got 384 bytes from csp:2:43 (all fragments ACK'd) [components/cla/posix/cla_csp.c:432]
[Sun Aug  2 19:11:50 2026] [INFO] CSP: RX COMPLETE - Got 384 bytes from csp:2:43 (all fragments ACK'd) [components/cla/posix/cla_csp.c:432]
[Sun Aug  2 19:11:51 2026] [INFO] CSP: RX loop iteration 4420, last_err=0 [components/cla/posix/cla_csp.c:405]
[Sun Aug  2 19:11:51 2026] [INFO] CSP: RX COMPLETE - Got 384 bytes from csp:2:43 (all fragments ACK'd) [components/cla/posix/cla_csp.c:432]
[Sun Aug  2 19:11:51 2026] [INFO] CSP: RX COMPLETE - Got 384 bytes from csp:2:43 (all fragments ACK'd) [components/cla/posix/cla_csp.c:432]
[Sun Aug  2 19:11:51 2026] [INFO] CSP: RX COMPLETE - Got 384 bytes from csp:2:43 (all fragments ACK'd) [components/cla/posix/cla_csp.c:432]
[Sun Aug  2 19:11:52 2026] [INFO] CSP: RX COMPLETE - Got 384 bytes from csp:2:43 (all fragments ACK'd) [components/cla/posix/cla_csp.c:432]
[Sun Aug  2 19:11:52 2026] [INFO] CSP: RX COMPLETE - Got 384 bytes from csp:2:43 (all fragments ACK'd) [components/cla/posix/cla_csp.c:432]
[Sun Aug  2 19:11:52 2026] [INFO] CSP: RX COMPLETE - Got 384 bytes from csp:2:43 (all fragments ACK'd) [components/cla/posix/cla_csp.c:432]
[Sun Aug  2 19:11:53 2026] [INFO] CSP: RX COMPLETE - Got 384 bytes from csp:2:43 (all fragments ACK'd) [components/cla/posix/cla_csp.c:432]
[Sun Aug  2 19:11:53 2026] [INFO] CSP: RX COMPLETE - Got 384 bytes from csp:2:43 (all fragments ACK'd) [components/cla/posix/cla_csp.c:432]
[Sun Aug  2 19:11:53 2026] [INFO] CSP: RX COMPLETE - Got 384 bytes from csp:2:43 (all fragments ACK'd) [components/cla/posix/cla_csp.c:432]
[Sun Aug  2 19:11:54 2026] [INFO] CSP: RX COMPLETE - Got 384 bytes from csp:2:43 (all fragments ACK'd) [components/cla/posix/cla_csp.c:432]
[Sun Aug  2 19:11:54 2026] [INFO] CSP: RX loop iteration 4430, last_err=0 [components/cla/posix/cla_csp.c:405]
[Sun Aug  2 19:11:54 2026] [INFO] CSP: RX COMPLETE - Got 384 bytes from csp:2:43 (all fragments ACK'd) [components/cla/posix/cla_csp.c:432]
[Sun Aug  2 19:11:54 2026] [INFO] CSP: RX COMPLETE - Got 384 bytes from csp:2:43 (all fragments ACK'd) [components/cla/posix/cla_csp.c:432]
[Sun Aug  2 19:11:55 2026] [INFO] CSP: RX COMPLETE - Got 384 bytes from csp:2:43 (all fragments ACK'd) [components/cla/posix/cla_csp.c:432]
[Sun Aug  2 19:13:15 2026] [INFO] CSP: RX loop iteration 4440, last_err=6 [components/cla/posix/cla_csp.c:405]
[Sun Aug  2 19:13:15 2026] [INFO] CSP: RX waiting - socket=0x5628c10779a8, init=1 [components/cla/posix/cla_csp.c:412]
[Sun Aug  2 19:14:56 2026] [INFO] CSP: RX loop iteration 4450, last_err=6 [components/cla/posix/cla_csp.c:405]
[Sun Aug  2 19:14:56 2026] [INFO] CSP: RX waiting - socket=0x5628c10779a8, init=1 [components/cla/posix/cla_csp.c:412]
[Sun Aug  2 19:16:37 2026] [INFO] CSP: RX loop iteration 4460, last_err=6 [components/cla/posix/cla_csp.c:405]
[Sun Aug  2 19:16:37 2026] [INFO] CSP: RX waiting - socket=0x5628c10779a8, init=1 [components/cla/posix/cla_csp.c:412]
[Sun Aug  2 19:18:18 2026] [INFO] CSP: RX loop iteration 4470, last_err=6 [components/cla/posix/cla_csp.c:405]
[Sun Aug  2 19:18:18 2026] [INFO] CSP: RX waiting - socket=0x5628c10779a8, init=1 [components/cla/posix/cla_csp.c:412]
[Sun Aug  2 19:19:59 2026] [INFO] CSP: RX loop iteration 4480, last_err=6 [components/cla/posix/cla_csp.c:405]
[Sun Aug  2 19:19:59 2026] [INFO] CSP: RX waiting - socket=0x5628c10779a8, init=1 [components/cla/posix/cla_csp.c:412]
[Sun Aug  2 19:21:40 2026] [INFO] CSP: RX loop iteration 4490, last_err=6 [components/cla/posix/cla_csp.c:405]
[Sun Aug  2 19:21:40 2026] [INFO] CSP: RX waiting - socket=0x5628c10779a8, init=1 [components/cla/posix/cla_csp.c:412]
[Sun Aug  2 19:23:21 2026] [INFO] CSP: RX loop iteration 4500, last_err=6 [components/cla/posix/cla_csp.c:405]
[Sun Aug  2 19:23:21 2026] [INFO] CSP: RX waiting - socket=0x5628c10779a8, init=1 [components/cla/posix/cla_csp.c:412]
[Sun Aug  2 19:25:02 2026] [INFO] CSP: RX loop iteration 4510, last_err=6 [components/cla/posix/cla_csp.c:405]
[Sun Aug  2 19:25:02 2026] [INFO] CSP: RX waiting - socket=0x5628c10779a8, init=1 [components/cla/posix/cla_csp.c:412]
[Sun Aug  2 19:26:43 2026] [INFO] CSP: RX loop iteration 4520, last_err=6 [components/cla/posix/cla_csp.c:405]
[Sun Aug  2 19:26:43 2026] [INFO] CSP: RX waiting - socket=0x5628c10779a8, init=1 [components/cla/posix/cla_csp.c:412]
[Sun Aug  2 19:28:24 2026] [INFO] CSP: RX loop iteration 4530, last_err=6 [components/cla/posix/cla_csp.c:405]
[Sun Aug  2 19:28:24 2026] [INFO] CSP: RX waiting - socket=0x5628c10779a8, init=1 [components/cla/posix/cla_csp.c:412]
[Sun Aug  2 19:30:05 2026] [INFO] CSP: RX loop iteration 4540, last_err=6 [components/cla/posix/cla_csp.c:405]
[Sun Aug  2 19:30:05 2026] [INFO] CSP: RX waiting - socket=0x5628c10779a8, init=1 [components/cla/posix/cla_csp.c:412]
[Sun Aug  2 19:31:46 2026] [INFO] CSP: RX loop iteration 4550, last_err=6 [components/cla/posix/cla_csp.c:405]
[Sun Aug  2 19:31:46 2026] [INFO] CSP: RX waiting - socket=0x5628c10779a8, init=1 [components/cla/posix/cla_csp.c:412]
[Sun Aug  2 19:33:27 2026] [INFO] CSP: RX loop iteration 4560, last_err=6 [components/cla/posix/cla_csp.c:405]
[Sun Aug  2 19:33:27 2026] [INFO] CSP: RX waiting - socket=0x5628c10779a8, init=1 [components/cla/posix/cla_csp.c:412]
[Sun Aug  2 19:35:08 2026] [INFO] CSP: RX loop iteration 4570, last_err=6 [components/cla/posix/cla_csp.c:405]
[Sun Aug  2 19:35:08 2026] [INFO] CSP: RX waiting - socket=0x5628c10779a8, init=1 [components/cla/posix/cla_csp.c:412]
[Sun Aug  2 19:36:49 2026] [INFO] CSP: RX loop iteration 4580, last_err=6 [components/cla/posix/cla_csp.c:405]
[Sun Aug  2 19:36:49 2026] [INFO] CSP: RX waiting - socket=0x5628c10779a8, init=1 [components/cla/posix/cla_csp.c:412]
