18:50:50 [32mINFO [0m [90msrc/config.c:90:[0m using IP mode with 10.0.0.1 and MTU = 1500
18:50:50 [32mINFO [0m [90msrc/aap2_client.c:136:[0m Connecting to /tmp/alice.aap2.socket
18:50:50 [32mINFO [0m [90msrc/aap2_client.c:136:[0m Connecting to /tmp/alice.aap2.socket
18:50:50 [32mINFO [0m [90msrc/tun.c:17:[0m Setting up route: ip addr add 10.0.0.1/30 dev tun0
18:50:50 [32mINFO [0m [90msrc/tun.c:20:[0m Setting MTU: ip link set tun0 mtu 1500 up
18:50:50 [32mINFO [0m [90msrc/tunnel.c:98:[0m Running tunnel
18:51:00 [32mINFO [0m [90msrc/aap2_client.c:418:[0m Bundle sent !
18:51:00 [36mDEBUG[0m [90msrc/aap2_client.c:334:[0m Success
18:51:00 [32mINFO [0m [90msrc/aap2_client.c:418:[0m Bundle sent !
18:51:00 [36mDEBUG[0m [90msrc/aap2_client.c:334:[0m Success
18:51:00 [32mINFO [0m [90msrc/aap2_client.c:418:[0m Bundle sent !
18:51:00 [36mDEBUG[0m [90msrc/aap2_client.c:334:[0m Success
18:51:00 [32mINFO [0m [90msrc/aap2_client.c:418:[0m Bundle sent !
18:51:00 [36mDEBUG[0m [90msrc/aap2_client.c:334:[0m Success
18:51:00 [32mINFO [0m [90msrc/aap2_client.c:418:[0m Bundle sent !
18:51:00 [36mDEBUG[0m [90msrc/aap2_client.c:334:[0m Success
18:51:00 [32mINFO [0m [90msrc/aap2_client.c:418:[0m Bundle sent !
18:51:00 [36mDEBUG[0m [90msrc/aap2_client.c:334:[0m Success
18:51:00 [32mINFO [0m [90msrc/aap2_client.c:418:[0m Bundle sent !
18:51:00 [36mDEBUG[0m [90msrc/aap2_client.c:334:[0m Success
18:51:00 [32mINFO [0m [90msrc/aap2_client.c:418:[0m Bundle sent !
18:51:00 [36mDEBUG[0m [90msrc/aap2_client.c:334:[0m Success
18:51:00 [32mINFO [0m [90msrc/aap2_client.c:418:[0m Bundle sent !
18:51:00 [36mDEBUG[0m [90msrc/aap2_client.c:334:[0m Success
18:51:00 [32mINFO [0m [90msrc/aap2_client.c:418:[0m Bundle sent !
18:51:00 [36mDEBUG[0m [90msrc/aap2_client.c:334:[0m Success
18:51:02 [32mINFO [0m [90msrc/aap2_client.c:418:[0m Bundle sent !
18:51:02 [36mDEBUG[0m [90msrc/aap2_client.c:334:[0m Success
18:51:02 [32mINFO [0m [90msrc/aap2_client.c:418:[0m Bundle sent !
18:51:02 [36mDEBUG[0m [90msrc/aap2_client.c:334:[0m Success
18:51:02 [32mINFO [0m [90msrc/aap2_client.c:418:[0m Bundle sent !
18:51:02 [36mDEBUG[0m [90msrc/aap2_client.c:334:[0m Success
18:51:02 [32mINFO [0m [90msrc/aap2_client.c:418:[0m Bundle sent !
18:51:02 [36mDEBUG[0m [90msrc/aap2_client.c:334:[0m Success
18:51:02 [32mINFO [0m [90msrc/aap2_client.c:418:[0m Bundle sent !
18:51:02 [36mDEBUG[0m [90msrc/aap2_client.c:334:[0m Success
18:51:02 [32mINFO [0m [90msrc/aap2_client.c:418:[0m Bundle sent !
18:51:02 [36mDEBUG[0m [90msrc/aap2_client.c:334:[0m Success
18:51:02 [32mINFO [0m [90msrc/aap2_client.c:418:[0m Bundle sent !
18:51:02 [36mDEBUG[0m [90msrc/aap2_client.c:334:[0m Success
18:51:02 [32mINFO [0m [90msrc/aap2_client.c:418:[0m Bundle sent !
18:51:02 [36mDEBUG[0m [90msrc/aap2_client.c:334:[0m Success
18:51:02 [32mINFO [0m [90msrc/aap2_client.c:418:[0m Bundle sent !
18:51:02 [36mDEBUG[0m [90msrc/aap2_client.c:334:[0m Success
18:51:02 [32mINFO [0m [90msrc/aap2_client.c:418:[0m Bundle sent !
18:51:02 [36mDEBUG[0m [90msrc/aap2_client.c:334:[0m Success
18:51:03 [32mINFO [0m [90msrc/aap2_client.c:418:[0m Bundle sent !
18:51:03 [36mDEBUG[0m [90msrc/aap2_client.c:334:[0m Success
18:51:03 [32mINFO [0m [90msrc/aap2_client.c:418:[0m Bundle sent !
18:51:03 [36mDEBUG[0m [90msrc/aap2_client.c:334:[0m Success
18:51:03 [32mINFO [0m [90msrc/aap2_client.c:418:[0m Bundle sent !
18:51:03 [36mDEBUG[0m [90msrc/aap2_client.c:334:[0m Success
18:51:03 [32mINFO [0m [90msrc/aap2_client.c:418:[0m Bundle sent !
18:51:03 [36mDEBUG[0m [90msrc/aap2_client.c:334:[0m Success
18:51:03 [32mINFO [0m [90msrc/aap2_client.c:418:[0m Bundle sent !
18:51:03 [36mDEBUG[0m [90msrc/aap2_client.c:334:[0m Success
18:51:03 [32mINFO [0m [90msrc/aap2_client.c:418:[0m Bundle sent !
18:51:03 [36mDEBUG[0m [90msrc/aap2_client.c:334:[0m Success
18:51:03 [32mINFO [0m [90msrc/aap2_client.c:418:[0m Bundle sent !
18:51:03 [36mDEBUG[0m [90msrc/aap2_client.c:334:[0m Success
18:51:03 [32mINFO [0m [90msrc/aap2_client.c:418:[0m Bundle sent !
18:51:03 [36mDEBUG[0m [90msrc/aap2_client.c:334:[0m Success
18:51:03 [32mINFO [0m [90msrc/aap2_client.c:418:[0m Bundle sent !
18:51:03 [36mDEBUG[0m [90msrc/aap2_client.c:334:[0m Success
18:51:03 [32mINFO [0m [90msrc/aap2_client.c:418:[0m Bundle sent !
18:51:03 [36mDEBUG[0m [90msrc/aap2_client.c:334:[0m Success
18:51:04 [32mINFO [0m [90msrc/aap2_client.c:418:[0m Bundle sent !
18:51:04 [36mDEBUG[0m [90msrc/aap2_client.c:334:[0m Success
18:51:04 [32mINFO [0m [90msrc/aap2_client.c:418:[0m Bundle sent !
18:51:04 [36mDEBUG[0m [90msrc/aap2_client.c:334:[0m Success
18:51:04 [32mINFO [0m [90msrc/aap2_client.c:418:[0m Bundle sent !
18:51:04 [36mDEBUG[0m [90msrc/aap2_client.c:334:[0m Success
18:51:04 [32mINFO [0m [90msrc/aap2_client.c:418:[0m Bundle sent !
18:51:04 [36mDEBUG[0m [90msrc/aap2_client.c:334:[0m Success
18:51:04 [32mINFO [0m [90msrc/aap2_client.c:418:[0m Bundle sent !
18:51:04 [36mDEBUG[0m [90msrc/aap2_client.c:334:[0m Success
18:51:04 [32mINFO [0m [90msrc/aap2_client.c:418:[0m Bundle sent !
18:51:04 [36mDEBUG[0m [90msrc/aap2_client.c:334:[0m Success
18:51:04 [32mINFO [0m [90msrc/aap2_client.c:418:[0m Bundle sent !
18:51:04 [36mDEBUG[0m [90msrc/aap2_client.c:334:[0m Success
18:51:04 [32mINFO [0m [90msrc/aap2_client.c:418:[0m Bundle sent !
18:51:04 [36mDEBUG[0m [90msrc/aap2_client.c:334:[0m Success
18:51:04 [32mINFO [0m [90msrc/aap2_client.c:418:[0m Bundle sent !
18:51:04 [36mDEBUG[0m [90msrc/aap2_client.c:334:[0m Success
18:51:04 [32mINFO [0m [90msrc/aap2_client.c:418:[0m Bundle sent !
18:51:04 [36mDEBUG[0m [90msrc/aap2_client.c:334:[0m Success
18:51:06 [32mINFO [0m [90msrc/aap2_client.c:418:[0m Bundle sent !
18:51:06 [36mDEBUG[0m [90msrc/aap2_client.c:334:[0m Success
18:51:06 [32mINFO [0m [90msrc/aap2_client.c:418:[0m Bundle sent !
18:51:06 [36mDEBUG[0m [90msrc/aap2_client.c:334:[0m Success
18:51:06 [32mINFO [0m [90msrc/aap2_client.c:418:[0m Bundle sent !
18:51:06 [36mDEBUG[0m [90msrc/aap2_client.c:334:[0m Success
18:51:06 [32mINFO [0m [90msrc/aap2_client.c:418:[0m Bundle sent !
18:51:06 [36mDEBUG[0m [90msrc/aap2_client.c:334:[0m Success
18:51:06 [32mINFO [0m [90msrc/aap2_client.c:418:[0m Bundle sent !
18:51:06 [36mDEBUG[0m [90msrc/aap2_client.c:334:[0m Success
18:51:06 [32mINFO [0m [90msrc/aap2_client.c:418:[0m Bundle sent !
18:51:06 [36mDEBUG[0m [90msrc/aap2_client.c:334:[0m Success
18:51:06 [32mINFO [0m [90msrc/aap2_client.c:418:[0m Bundle sent !
18:51:06 [36mDEBUG[0m [90msrc/aap2_client.c:334:[0m Success
18:51:06 [32mINFO [0m [90msrc/aap2_client.c:418:[0m Bundle sent !
18:51:06 [36mDEBUG[0m [90msrc/aap2_client.c:334:[0m Success
18:51:06 [32mINFO [0m [90msrc/aap2_client.c:418:[0m Bundle sent !
18:51:06 [36mDEBUG[0m [90msrc/aap2_client.c:334:[0m Success
18:51:06 [32mINFO [0m [90msrc/aap2_client.c:418:[0m Bundle sent !
18:51:06 [36mDEBUG[0m [90msrc/aap2_client.c:334:[0m Success
18:51:08 [32mINFO [0m [90msrc/aap2_client.c:418:[0m Bundle sent !
18:51:08 [36mDEBUG[0m [90msrc/aap2_client.c:334:[0m Success
18:51:08 [32mINFO [0m [90msrc/aap2_client.c:418:[0m Bundle sent !
18:51:08 [36mDEBUG[0m [90msrc/aap2_client.c:334:[0m Success
18:51:08 [32mINFO [0m [90msrc/aap2_client.c:418:[0m Bundle sent !
18:51:08 [36mDEBUG[0m [90msrc/aap2_client.c:334:[0m Success
18:51:08 [32mINFO [0m [90msrc/aap2_client.c:418:[0m Bundle sent !
18:51:08 [36mDEBUG[0m [90msrc/aap2_client.c:334:[0m Success
18:51:08 [32mINFO [0m [90msrc/aap2_client.c:418:[0m Bundle sent !
18:51:08 [36mDEBUG[0m [90msrc/aap2_client.c:334:[0m Success
18:51:08 [32mINFO [0m [90msrc/aap2_client.c:418:[0m Bundle sent !
18:51:08 [36mDEBUG[0m [90msrc/aap2_client.c:334:[0m Success
18:51:08 [32mINFO [0m [90msrc/aap2_client.c:418:[0m Bundle sent !
18:51:08 [36mDEBUG[0m [90msrc/aap2_client.c:334:[0m Success
18:51:08 [32mINFO [0m [90msrc/aap2_client.c:418:[0m Bundle sent !
18:51:08 [36mDEBUG[0m [90msrc/aap2_client.c:334:[0m Success
18:51:08 [32mINFO [0m [90msrc/aap2_client.c:418:[0m Bundle sent !
18:51:08 [36mDEBUG[0m [90msrc/aap2_client.c:334:[0m Success
18:51:08 [32mINFO [0m [90msrc/aap2_client.c:418:[0m Bundle sent !
18:51:08 [36mDEBUG[0m [90msrc/aap2_client.c:334:[0m Success
18:51:09 [32mINFO [0m [90msrc/aap2_client.c:418:[0m Bundle sent !
18:51:09 [36mDEBUG[0m [90msrc/aap2_client.c:334:[0m Success
18:51:09 [32mINFO [0m [90msrc/aap2_client.c:418:[0m Bundle sent !
18:51:09 [36mDEBUG[0m [90msrc/aap2_client.c:334:[0m Success
18:51:09 [32mINFO [0m [90msrc/aap2_client.c:418:[0m Bundle sent !
18:51:09 [36mDEBUG[0m [90msrc/aap2_client.c:334:[0m Success
18:51:09 [32mINFO [0m [90msrc/aap2_client.c:418:[0m Bundle sent !
18:51:09 [36mDEBUG[0m [90msrc/aap2_client.c:334:[0m Success
18:51:09 [32mINFO [0m [90msrc/aap2_client.c:418:[0m Bundle sent !
18:51:09 [36mDEBUG[0m [90msrc/aap2_client.c:334:[0m Success
18:51:09 [32mINFO [0m [90msrc/aap2_client.c:418:[0m Bundle sent !
18:51:09 [36mDEBUG[0m [90msrc/aap2_client.c:334:[0m Success
18:51:09 [32mINFO [0m [90msrc/aap2_client.c:418:[0m Bundle sent !
18:51:09 [36mDEBUG[0m [90msrc/aap2_client.c:334:[0m Success
18:51:09 [32mINFO [0m [90msrc/aap2_client.c:418:[0m Bundle sent !
18:51:09 [36mDEBUG[0m [90msrc/aap2_client.c:334:[0m Success
18:51:09 [32mINFO [0m [90msrc/aap2_client.c:418:[0m Bundle sent !
18:51:09 [36mDEBUG[0m [90msrc/aap2_client.c:334:[0m Success
18:51:09 [32mINFO [0m [90msrc/aap2_client.c:418:[0m Bundle sent !
18:51:09 [36mDEBUG[0m [90msrc/aap2_client.c:334:[0m Success
18:51:11 [32mINFO [0m [90msrc/aap2_client.c:418:[0m Bundle sent !
18:51:11 [36mDEBUG[0m [90msrc/aap2_client.c:334:[0m Success
18:51:11 [32mINFO [0m [90msrc/aap2_client.c:418:[0m Bundle sent !
18:51:11 [36mDEBUG[0m [90msrc/aap2_client.c:334:[0m Success
18:51:11 [32mINFO [0m [90msrc/aap2_client.c:418:[0m Bundle sent !
18:51:11 [36mDEBUG[0m [90msrc/aap2_client.c:334:[0m Success
18:51:11 [32mINFO [0m [90msrc/aap2_client.c:418:[0m Bundle sent !
18:51:11 [36mDEBUG[0m [90msrc/aap2_client.c:334:[0m Success
18:51:11 [32mINFO [0m [90msrc/aap2_client.c:418:[0m Bundle sent !
18:51:11 [36mDEBUG[0m [90msrc/aap2_client.c:334:[0m Success
18:51:11 [32mINFO [0m [90msrc/aap2_client.c:418:[0m Bundle sent !
18:51:11 [36mDEBUG[0m [90msrc/aap2_client.c:334:[0m Success
18:51:11 [32mINFO [0m [90msrc/aap2_client.c:418:[0m Bundle sent !
18:51:11 [36mDEBUG[0m [90msrc/aap2_client.c:334:[0m Success
18:51:11 [32mINFO [0m [90msrc/aap2_client.c:418:[0m Bundle sent !
18:51:11 [36mDEBUG[0m [90msrc/aap2_client.c:334:[0m Success
18:51:11 [32mINFO [0m [90msrc/aap2_client.c:418:[0m Bundle sent !
18:51:11 [36mDEBUG[0m [90msrc/aap2_client.c:334:[0m Success
18:51:11 [32mINFO [0m [90msrc/aap2_client.c:418:[0m Bundle sent !
18:51:11 [36mDEBUG[0m [90msrc/aap2_client.c:334:[0m Success
18:51:12 [32mINFO [0m [90msrc/aap2_client.c:418:[0m Bundle sent !
18:51:12 [36mDEBUG[0m [90msrc/aap2_client.c:334:[0m Success
18:51:12 [32mINFO [0m [90msrc/aap2_client.c:418:[0m Bundle sent !
18:51:12 [36mDEBUG[0m [90msrc/aap2_client.c:334:[0m Success
18:51:12 [32mINFO [0m [90msrc/aap2_client.c:418:[0m Bundle sent !
18:51:12 [36mDEBUG[0m [90msrc/aap2_client.c:334:[0m Success
18:51:12 [32mINFO [0m [90msrc/aap2_client.c:418:[0m Bundle sent !
18:51:12 [36mDEBUG[0m [90msrc/aap2_client.c:334:[0m Success
18:51:12 [32mINFO [0m [90msrc/aap2_client.c:418:[0m Bundle sent !
18:51:12 [36mDEBUG[0m [90msrc/aap2_client.c:334:[0m Success
18:51:12 [32mINFO [0m [90msrc/aap2_client.c:418:[0m Bundle sent !
18:51:12 [36mDEBUG[0m [90msrc/aap2_client.c:334:[0m Success
18:51:12 [32mINFO [0m [90msrc/aap2_client.c:418:[0m Bundle sent !
18:51:12 [36mDEBUG[0m [90msrc/aap2_client.c:334:[0m Success
18:51:12 [32mINFO [0m [90msrc/aap2_client.c:418:[0m Bundle sent !
18:51:12 [36mDEBUG[0m [90msrc/aap2_client.c:334:[0m Success
18:51:12 [32mINFO [0m [90msrc/aap2_client.c:418:[0m Bundle sent !
18:51:12 [36mDEBUG[0m [90msrc/aap2_client.c:334:[0m Success
18:51:12 [32mINFO [0m [90msrc/aap2_client.c:418:[0m Bundle sent !
18:51:12 [36mDEBUG[0m [90msrc/aap2_client.c:334:[0m Success
18:51:14 [32mINFO [0m [90msrc/aap2_client.c:418:[0m Bundle sent !
18:51:14 [36mDEBUG[0m [90msrc/aap2_client.c:334:[0m Success
18:51:14 [32mINFO [0m [90msrc/aap2_client.c:418:[0m Bundle sent !
18:51:14 [36mDEBUG[0m [90msrc/aap2_client.c:334:[0m Success
18:51:14 [32mINFO [0m [90msrc/aap2_client.c:418:[0m Bundle sent !
18:51:14 [36mDEBUG[0m [90msrc/aap2_client.c:334:[0m Success
18:51:14 [32mINFO [0m [90msrc/aap2_client.c:418:[0m Bundle sent !
18:51:14 [36mDEBUG[0m [90msrc/aap2_client.c:334:[0m Success
18:51:14 [32mINFO [0m [90msrc/aap2_client.c:418:[0m Bundle sent !
18:51:14 [36mDEBUG[0m [90msrc/aap2_client.c:334:[0m Success
18:51:14 [32mINFO [0m [90msrc/aap2_client.c:418:[0m Bundle sent !
18:51:14 [36mDEBUG[0m [90msrc/aap2_client.c:334:[0m Success
18:51:14 [32mINFO [0m [90msrc/aap2_client.c:418:[0m Bundle sent !
18:51:14 [36mDEBUG[0m [90msrc/aap2_client.c:334:[0m Success
18:51:14 [32mINFO [0m [90msrc/aap2_client.c:418:[0m Bundle sent !
18:51:14 [36mDEBUG[0m [90msrc/aap2_client.c:334:[0m Success
18:51:14 [32mINFO [0m [90msrc/aap2_client.c:418:[0m Bundle sent !
18:51:14 [36mDEBUG[0m [90msrc/aap2_client.c:334:[0m Success
18:51:14 [32mINFO [0m [90msrc/aap2_client.c:418:[0m Bundle sent !
18:51:14 [36mDEBUG[0m [90msrc/aap2_client.c:334:[0m Success
18:51:15 [32mINFO [0m [90msrc/aap2_client.c:418:[0m Bundle sent !
18:51:15 [36mDEBUG[0m [90msrc/aap2_client.c:334:[0m Success
18:51:15 [32mINFO [0m [90msrc/aap2_client.c:418:[0m Bundle sent !
18:51:15 [36mDEBUG[0m [90msrc/aap2_client.c:334:[0m Success
18:51:15 [32mINFO [0m [90msrc/aap2_client.c:418:[0m Bundle sent !
18:51:15 [36mDEBUG[0m [90msrc/aap2_client.c:334:[0m Success
18:51:15 [32mINFO [0m [90msrc/aap2_client.c:418:[0m Bundle sent !
18:51:15 [36mDEBUG[0m [90msrc/aap2_client.c:334:[0m Success
18:51:15 [32mINFO [0m [90msrc/aap2_client.c:418:[0m Bundle sent !
18:51:15 [36mDEBUG[0m [90msrc/aap2_client.c:334:[0m Success
18:51:15 [32mINFO [0m [90msrc/aap2_client.c:418:[0m Bundle sent !
18:51:15 [36mDEBUG[0m [90msrc/aap2_client.c:334:[0m Success
18:51:15 [32mINFO [0m [90msrc/aap2_client.c:418:[0m Bundle sent !
18:51:15 [36mDEBUG[0m [90msrc/aap2_client.c:334:[0m Success
18:51:15 [32mINFO [0m [90msrc/aap2_client.c:418:[0m Bundle sent !
18:51:15 [36mDEBUG[0m [90msrc/aap2_client.c:334:[0m Success
18:51:15 [32mINFO [0m [90msrc/aap2_client.c:418:[0m Bundle sent !
18:51:15 [36mDEBUG[0m [90msrc/aap2_client.c:334:[0m Success
18:51:15 [32mINFO [0m [90msrc/aap2_client.c:418:[0m Bundle sent !
18:51:15 [36mDEBUG[0m [90msrc/aap2_client.c:334:[0m Success
18:51:17 [32mINFO [0m [90msrc/aap2_client.c:418:[0m Bundle sent !
18:51:17 [36mDEBUG[0m [90msrc/aap2_client.c:334:[0m Success
18:51:17 [32mINFO [0m [90msrc/aap2_client.c:418:[0m Bundle sent !
18:51:17 [36mDEBUG[0m [90msrc/aap2_client.c:334:[0m Success
18:51:17 [32mINFO [0m [90msrc/aap2_client.c:418:[0m Bundle sent !
18:51:17 [36mDEBUG[0m [90msrc/aap2_client.c:334:[0m Success
18:51:17 [32mINFO [0m [90msrc/aap2_client.c:418:[0m Bundle sent !
18:51:17 [36mDEBUG[0m [90msrc/aap2_client.c:334:[0m Success
18:51:17 [32mINFO [0m [90msrc/aap2_client.c:418:[0m Bundle sent !
18:51:17 [36mDEBUG[0m [90msrc/aap2_client.c:334:[0m Success
18:51:17 [32mINFO [0m [90msrc/aap2_client.c:418:[0m Bundle sent !
18:51:17 [36mDEBUG[0m [90msrc/aap2_client.c:334:[0m Success
18:51:17 [32mINFO [0m [90msrc/aap2_client.c:418:[0m Bundle sent !
18:51:17 [36mDEBUG[0m [90msrc/aap2_client.c:334:[0m Success
18:51:17 [32mINFO [0m [90msrc/aap2_client.c:418:[0m Bundle sent !
18:51:17 [36mDEBUG[0m [90msrc/aap2_client.c:334:[0m Success
18:51:17 [32mINFO [0m [90msrc/aap2_client.c:418:[0m Bundle sent !
18:51:17 [36mDEBUG[0m [90msrc/aap2_client.c:334:[0m Success
18:51:17 [32mINFO [0m [90msrc/aap2_client.c:418:[0m Bundle sent !
18:51:17 [36mDEBUG[0m [90msrc/aap2_client.c:334:[0m Success
18:51:18 [32mINFO [0m [90msrc/aap2_client.c:418:[0m Bundle sent !
18:51:18 [36mDEBUG[0m [90msrc/aap2_client.c:334:[0m Success
18:51:18 [32mINFO [0m [90msrc/aap2_client.c:418:[0m Bundle sent !
18:51:18 [36mDEBUG[0m [90msrc/aap2_client.c:334:[0m Success
18:51:18 [32mINFO [0m [90msrc/aap2_client.c:418:[0m Bundle sent !
18:51:18 [36mDEBUG[0m [90msrc/aap2_client.c:334:[0m Success
18:51:18 [32mINFO [0m [90msrc/aap2_client.c:418:[0m Bundle sent !
18:51:18 [36mDEBUG[0m [90msrc/aap2_client.c:334:[0m Success
18:51:18 [32mINFO [0m [90msrc/aap2_client.c:418:[0m Bundle sent !
18:51:18 [36mDEBUG[0m [90msrc/aap2_client.c:334:[0m Success
18:51:18 [32mINFO [0m [90msrc/aap2_client.c:418:[0m Bundle sent !
18:51:18 [36mDEBUG[0m [90msrc/aap2_client.c:334:[0m Success
18:51:18 [32mINFO [0m [90msrc/aap2_client.c:418:[0m Bundle sent !
18:51:18 [36mDEBUG[0m [90msrc/aap2_client.c:334:[0m Success
18:51:18 [32mINFO [0m [90msrc/aap2_client.c:418:[0m Bundle sent !
18:51:18 [36mDEBUG[0m [90msrc/aap2_client.c:334:[0m Success
18:51:18 [32mINFO [0m [90msrc/aap2_client.c:418:[0m Bundle sent !
18:51:18 [36mDEBUG[0m [90msrc/aap2_client.c:334:[0m Success
18:51:18 [32mINFO [0m [90msrc/aap2_client.c:418:[0m Bundle sent !
18:51:18 [36mDEBUG[0m [90msrc/aap2_client.c:334:[0m Success
18:51:20 [32mINFO [0m [90msrc/aap2_client.c:418:[0m Bundle sent !
18:51:20 [36mDEBUG[0m [90msrc/aap2_client.c:334:[0m Success
18:51:20 [32mINFO [0m [90msrc/aap2_client.c:418:[0m Bundle sent !
18:51:20 [36mDEBUG[0m [90msrc/aap2_client.c:334:[0m Success
18:51:20 [32mINFO [0m [90msrc/aap2_client.c:418:[0m Bundle sent !
18:51:20 [36mDEBUG[0m [90msrc/aap2_client.c:334:[0m Success
18:51:20 [32mINFO [0m [90msrc/aap2_client.c:418:[0m Bundle sent !
18:51:20 [36mDEBUG[0m [90msrc/aap2_client.c:334:[0m Success
18:51:20 [32mINFO [0m [90msrc/aap2_client.c:418:[0m Bundle sent !
18:51:20 [36mDEBUG[0m [90msrc/aap2_client.c:334:[0m Success
18:51:20 [32mINFO [0m [90msrc/aap2_client.c:418:[0m Bundle sent !
18:51:20 [36mDEBUG[0m [90msrc/aap2_client.c:334:[0m Success
18:51:20 [32mINFO [0m [90msrc/aap2_client.c:418:[0m Bundle sent !
18:51:20 [36mDEBUG[0m [90msrc/aap2_client.c:334:[0m Success
18:51:20 [32mINFO [0m [90msrc/aap2_client.c:418:[0m Bundle sent !
18:51:20 [36mDEBUG[0m [90msrc/aap2_client.c:334:[0m Success
18:51:20 [32mINFO [0m [90msrc/aap2_client.c:418:[0m Bundle sent !
18:51:20 [36mDEBUG[0m [90msrc/aap2_client.c:334:[0m Success
18:51:20 [32mINFO [0m [90msrc/aap2_client.c:418:[0m Bundle sent !
18:51:20 [36mDEBUG[0m [90msrc/aap2_client.c:334:[0m Success
18:51:21 [32mINFO [0m [90msrc/aap2_client.c:418:[0m Bundle sent !
18:51:21 [36mDEBUG[0m [90msrc/aap2_client.c:334:[0m Success
18:51:21 [32mINFO [0m [90msrc/aap2_client.c:418:[0m Bundle sent !
18:51:21 [36mDEBUG[0m [90msrc/aap2_client.c:334:[0m Success
18:51:21 [32mINFO [0m [90msrc/aap2_client.c:418:[0m Bundle sent !
18:51:21 [36mDEBUG[0m [90msrc/aap2_client.c:334:[0m Success
18:51:21 [32mINFO [0m [90msrc/aap2_client.c:418:[0m Bundle sent !
18:51:21 [36mDEBUG[0m [90msrc/aap2_client.c:334:[0m Success
18:51:21 [32mINFO [0m [90msrc/aap2_client.c:418:[0m Bundle sent !
18:51:21 [36mDEBUG[0m [90msrc/aap2_client.c:334:[0m Success
18:51:21 [32mINFO [0m [90msrc/aap2_client.c:418:[0m Bundle sent !
18:51:21 [36mDEBUG[0m [90msrc/aap2_client.c:334:[0m Success
18:51:21 [32mINFO [0m [90msrc/aap2_client.c:418:[0m Bundle sent !
18:51:21 [36mDEBUG[0m [90msrc/aap2_client.c:334:[0m Success
18:51:21 [32mINFO [0m [90msrc/aap2_client.c:418:[0m Bundle sent !
18:51:21 [36mDEBUG[0m [90msrc/aap2_client.c:334:[0m Success
18:51:21 [32mINFO [0m [90msrc/aap2_client.c:418:[0m Bundle sent !
18:51:21 [36mDEBUG[0m [90msrc/aap2_client.c:334:[0m Success
18:51:21 [32mINFO [0m [90msrc/aap2_client.c:418:[0m Bundle sent !
18:51:21 [36mDEBUG[0m [90msrc/aap2_client.c:334:[0m Success
18:51:23 [32mINFO [0m [90msrc/aap2_client.c:418:[0m Bundle sent !
18:51:23 [36mDEBUG[0m [90msrc/aap2_client.c:334:[0m Success
18:51:23 [32mINFO [0m [90msrc/aap2_client.c:418:[0m Bundle sent !
18:51:23 [36mDEBUG[0m [90msrc/aap2_client.c:334:[0m Success
18:51:23 [32mINFO [0m [90msrc/aap2_client.c:418:[0m Bundle sent !
18:51:23 [36mDEBUG[0m [90msrc/aap2_client.c:334:[0m Success
18:51:23 [32mINFO [0m [90msrc/aap2_client.c:418:[0m Bundle sent !
18:51:23 [36mDEBUG[0m [90msrc/aap2_client.c:334:[0m Success
18:51:23 [32mINFO [0m [90msrc/aap2_client.c:418:[0m Bundle sent !
18:51:23 [36mDEBUG[0m [90msrc/aap2_client.c:334:[0m Success
18:51:23 [32mINFO [0m [90msrc/aap2_client.c:418:[0m Bundle sent !
18:51:23 [36mDEBUG[0m [90msrc/aap2_client.c:334:[0m Success
18:51:23 [32mINFO [0m [90msrc/aap2_client.c:418:[0m Bundle sent !
18:51:23 [36mDEBUG[0m [90msrc/aap2_client.c:334:[0m Success
18:51:23 [32mINFO [0m [90msrc/aap2_client.c:418:[0m Bundle sent !
18:51:23 [36mDEBUG[0m [90msrc/aap2_client.c:334:[0m Success
18:51:23 [32mINFO [0m [90msrc/aap2_client.c:418:[0m Bundle sent !
18:51:23 [36mDEBUG[0m [90msrc/aap2_client.c:334:[0m Success
18:51:23 [32mINFO [0m [90msrc/aap2_client.c:418:[0m Bundle sent !
18:51:23 [36mDEBUG[0m [90msrc/aap2_client.c:334:[0m Success
18:51:25 [32mINFO [0m [90msrc/aap2_client.c:418:[0m Bundle sent !
18:51:25 [36mDEBUG[0m [90msrc/aap2_client.c:334:[0m Success
18:51:25 [32mINFO [0m [90msrc/aap2_client.c:418:[0m Bundle sent !
18:51:25 [36mDEBUG[0m [90msrc/aap2_client.c:334:[0m Success
18:51:25 [32mINFO [0m [90msrc/aap2_client.c:418:[0m Bundle sent !
18:51:25 [36mDEBUG[0m [90msrc/aap2_client.c:334:[0m Success
18:51:25 [32mINFO [0m [90msrc/aap2_client.c:418:[0m Bundle sent !
18:51:25 [36mDEBUG[0m [90msrc/aap2_client.c:334:[0m Success
18:51:25 [32mINFO [0m [90msrc/aap2_client.c:418:[0m Bundle sent !
18:51:25 [36mDEBUG[0m [90msrc/aap2_client.c:334:[0m Success
18:51:25 [32mINFO [0m [90msrc/aap2_client.c:418:[0m Bundle sent !
18:51:25 [36mDEBUG[0m [90msrc/aap2_client.c:334:[0m Success
18:51:25 [32mINFO [0m [90msrc/aap2_client.c:418:[0m Bundle sent !
18:51:25 [36mDEBUG[0m [90msrc/aap2_client.c:334:[0m Success
18:51:25 [32mINFO [0m [90msrc/aap2_client.c:418:[0m Bundle sent !
18:51:25 [36mDEBUG[0m [90msrc/aap2_client.c:334:[0m Success
18:51:25 [32mINFO [0m [90msrc/aap2_client.c:418:[0m Bundle sent !
18:51:25 [36mDEBUG[0m [90msrc/aap2_client.c:334:[0m Success
18:51:25 [32mINFO [0m [90msrc/aap2_client.c:418:[0m Bundle sent !
18:51:25 [36mDEBUG[0m [90msrc/aap2_client.c:334:[0m Success
18:51:26 [32mINFO [0m [90msrc/aap2_client.c:418:[0m Bundle sent !
18:51:26 [36mDEBUG[0m [90msrc/aap2_client.c:334:[0m Success
18:51:26 [32mINFO [0m [90msrc/aap2_client.c:418:[0m Bundle sent !
18:51:26 [36mDEBUG[0m [90msrc/aap2_client.c:334:[0m Success
18:51:26 [32mINFO [0m [90msrc/aap2_client.c:418:[0m Bundle sent !
18:51:26 [36mDEBUG[0m [90msrc/aap2_client.c:334:[0m Success
18:51:26 [32mINFO [0m [90msrc/aap2_client.c:418:[0m Bundle sent !
18:51:26 [36mDEBUG[0m [90msrc/aap2_client.c:334:[0m Success
18:51:26 [32mINFO [0m [90msrc/aap2_client.c:418:[0m Bundle sent !
18:51:26 [36mDEBUG[0m [90msrc/aap2_client.c:334:[0m Success
18:51:26 [32mINFO [0m [90msrc/aap2_client.c:418:[0m Bundle sent !
18:51:26 [36mDEBUG[0m [90msrc/aap2_client.c:334:[0m Success
18:51:26 [32mINFO [0m [90msrc/aap2_client.c:418:[0m Bundle sent !
18:51:26 [36mDEBUG[0m [90msrc/aap2_client.c:334:[0m Success
18:51:26 [32mINFO [0m [90msrc/aap2_client.c:418:[0m Bundle sent !
18:51:26 [36mDEBUG[0m [90msrc/aap2_client.c:334:[0m Success
18:51:26 [32mINFO [0m [90msrc/aap2_client.c:418:[0m Bundle sent !
18:51:26 [36mDEBUG[0m [90msrc/aap2_client.c:334:[0m Success
18:51:26 [32mINFO [0m [90msrc/aap2_client.c:418:[0m Bundle sent !
18:51:26 [36mDEBUG[0m [90msrc/aap2_client.c:334:[0m Success
18:51:28 [32mINFO [0m [90msrc/aap2_client.c:418:[0m Bundle sent !
18:51:28 [36mDEBUG[0m [90msrc/aap2_client.c:334:[0m Success
18:51:28 [32mINFO [0m [90msrc/aap2_client.c:418:[0m Bundle sent !
18:51:28 [36mDEBUG[0m [90msrc/aap2_client.c:334:[0m Success
18:51:28 [32mINFO [0m [90msrc/aap2_client.c:418:[0m Bundle sent !
18:51:28 [36mDEBUG[0m [90msrc/aap2_client.c:334:[0m Success
18:51:28 [32mINFO [0m [90msrc/aap2_client.c:418:[0m Bundle sent !
18:51:28 [36mDEBUG[0m [90msrc/aap2_client.c:334:[0m Success
18:51:28 [32mINFO [0m [90msrc/aap2_client.c:418:[0m Bundle sent !
18:51:28 [36mDEBUG[0m [90msrc/aap2_client.c:334:[0m Success
18:51:28 [32mINFO [0m [90msrc/aap2_client.c:418:[0m Bundle sent !
18:51:28 [36mDEBUG[0m [90msrc/aap2_client.c:334:[0m Success
18:51:28 [32mINFO [0m [90msrc/aap2_client.c:418:[0m Bundle sent !
18:51:28 [36mDEBUG[0m [90msrc/aap2_client.c:334:[0m Success
18:51:28 [32mINFO [0m [90msrc/aap2_client.c:418:[0m Bundle sent !
18:51:28 [36mDEBUG[0m [90msrc/aap2_client.c:334:[0m Success
18:51:28 [32mINFO [0m [90msrc/aap2_client.c:418:[0m Bundle sent !
18:51:28 [36mDEBUG[0m [90msrc/aap2_client.c:334:[0m Success
18:51:28 [32mINFO [0m [90msrc/aap2_client.c:418:[0m Bundle sent !
18:51:28 [36mDEBUG[0m [90msrc/aap2_client.c:334:[0m Success
18:51:29 [32mINFO [0m [90msrc/aap2_client.c:418:[0m Bundle sent !
18:51:29 [36mDEBUG[0m [90msrc/aap2_client.c:334:[0m Success
18:51:29 [32mINFO [0m [90msrc/aap2_client.c:418:[0m Bundle sent !
18:51:29 [36mDEBUG[0m [90msrc/aap2_client.c:334:[0m Success
18:51:29 [32mINFO [0m [90msrc/aap2_client.c:418:[0m Bundle sent !
18:51:29 [36mDEBUG[0m [90msrc/aap2_client.c:334:[0m Success
18:51:29 [32mINFO [0m [90msrc/aap2_client.c:418:[0m Bundle sent !
18:51:29 [36mDEBUG[0m [90msrc/aap2_client.c:334:[0m Success
18:51:29 [32mINFO [0m [90msrc/aap2_client.c:418:[0m Bundle sent !
18:51:29 [36mDEBUG[0m [90msrc/aap2_client.c:334:[0m Success
18:51:29 [32mINFO [0m [90msrc/aap2_client.c:418:[0m Bundle sent !
18:51:29 [36mDEBUG[0m [90msrc/aap2_client.c:334:[0m Success
18:51:29 [32mINFO [0m [90msrc/aap2_client.c:418:[0m Bundle sent !
18:51:29 [36mDEBUG[0m [90msrc/aap2_client.c:334:[0m Success
18:51:29 [32mINFO [0m [90msrc/aap2_client.c:418:[0m Bundle sent !
18:51:29 [36mDEBUG[0m [90msrc/aap2_client.c:334:[0m Success
18:51:29 [32mINFO [0m [90msrc/aap2_client.c:418:[0m Bundle sent !
18:51:29 [36mDEBUG[0m [90msrc/aap2_client.c:334:[0m Success
18:51:29 [32mINFO [0m [90msrc/aap2_client.c:418:[0m Bundle sent !
18:51:29 [36mDEBUG[0m [90msrc/aap2_client.c:334:[0m Success
18:51:31 [32mINFO [0m [90msrc/aap2_client.c:418:[0m Bundle sent !
18:51:31 [36mDEBUG[0m [90msrc/aap2_client.c:334:[0m Success
18:51:31 [32mINFO [0m [90msrc/aap2_client.c:418:[0m Bundle sent !
18:51:31 [36mDEBUG[0m [90msrc/aap2_client.c:334:[0m Success
18:51:31 [32mINFO [0m [90msrc/aap2_client.c:418:[0m Bundle sent !
18:51:31 [36mDEBUG[0m [90msrc/aap2_client.c:334:[0m Success
18:51:31 [32mINFO [0m [90msrc/aap2_client.c:418:[0m Bundle sent !
18:51:31 [36mDEBUG[0m [90msrc/aap2_client.c:334:[0m Success
18:51:31 [32mINFO [0m [90msrc/aap2_client.c:418:[0m Bundle sent !
18:51:31 [36mDEBUG[0m [90msrc/aap2_client.c:334:[0m Success
18:51:31 [32mINFO [0m [90msrc/aap2_client.c:418:[0m Bundle sent !
18:51:31 [36mDEBUG[0m [90msrc/aap2_client.c:334:[0m Success
18:51:31 [32mINFO [0m [90msrc/aap2_client.c:418:[0m Bundle sent !
18:51:31 [36mDEBUG[0m [90msrc/aap2_client.c:334:[0m Success
18:51:31 [32mINFO [0m [90msrc/aap2_client.c:418:[0m Bundle sent !
18:51:31 [36mDEBUG[0m [90msrc/aap2_client.c:334:[0m Success
18:51:31 [32mINFO [0m [90msrc/aap2_client.c:418:[0m Bundle sent !
18:51:31 [36mDEBUG[0m [90msrc/aap2_client.c:334:[0m Success
18:51:31 [32mINFO [0m [90msrc/aap2_client.c:418:[0m Bundle sent !
18:51:31 [36mDEBUG[0m [90msrc/aap2_client.c:334:[0m Success
18:51:32 [32mINFO [0m [90msrc/aap2_client.c:418:[0m Bundle sent !
18:51:32 [36mDEBUG[0m [90msrc/aap2_client.c:334:[0m Success
18:51:32 [32mINFO [0m [90msrc/aap2_client.c:418:[0m Bundle sent !
18:51:32 [36mDEBUG[0m [90msrc/aap2_client.c:334:[0m Success
18:51:32 [32mINFO [0m [90msrc/aap2_client.c:418:[0m Bundle sent !
18:51:32 [36mDEBUG[0m [90msrc/aap2_client.c:334:[0m Success
18:51:32 [32mINFO [0m [90msrc/aap2_client.c:418:[0m Bundle sent !
18:51:32 [36mDEBUG[0m [90msrc/aap2_client.c:334:[0m Success
18:51:32 [32mINFO [0m [90msrc/aap2_client.c:418:[0m Bundle sent !
18:51:32 [36mDEBUG[0m [90msrc/aap2_client.c:334:[0m Success
18:51:32 [32mINFO [0m [90msrc/aap2_client.c:418:[0m Bundle sent !
18:51:32 [36mDEBUG[0m [90msrc/aap2_client.c:334:[0m Success
18:51:32 [32mINFO [0m [90msrc/aap2_client.c:418:[0m Bundle sent !
18:51:32 [36mDEBUG[0m [90msrc/aap2_client.c:334:[0m Success
18:51:32 [32mINFO [0m [90msrc/aap2_client.c:418:[0m Bundle sent !
18:51:32 [36mDEBUG[0m [90msrc/aap2_client.c:334:[0m Success
18:51:32 [32mINFO [0m [90msrc/aap2_client.c:418:[0m Bundle sent !
18:51:32 [36mDEBUG[0m [90msrc/aap2_client.c:334:[0m Success
18:51:32 [32mINFO [0m [90msrc/aap2_client.c:418:[0m Bundle sent !
18:51:32 [36mDEBUG[0m [90msrc/aap2_client.c:334:[0m Success
18:51:34 [32mINFO [0m [90msrc/aap2_client.c:418:[0m Bundle sent !
18:51:34 [36mDEBUG[0m [90msrc/aap2_client.c:334:[0m Success
18:51:34 [32mINFO [0m [90msrc/aap2_client.c:418:[0m Bundle sent !
18:51:34 [36mDEBUG[0m [90msrc/aap2_client.c:334:[0m Success
18:51:34 [32mINFO [0m [90msrc/aap2_client.c:418:[0m Bundle sent !
18:51:34 [36mDEBUG[0m [90msrc/aap2_client.c:334:[0m Success
18:51:34 [32mINFO [0m [90msrc/aap2_client.c:418:[0m Bundle sent !
18:51:34 [36mDEBUG[0m [90msrc/aap2_client.c:334:[0m Success
18:51:34 [32mINFO [0m [90msrc/aap2_client.c:418:[0m Bundle sent !
18:51:34 [36mDEBUG[0m [90msrc/aap2_client.c:334:[0m Success
18:51:34 [32mINFO [0m [90msrc/aap2_client.c:418:[0m Bundle sent !
18:51:34 [36mDEBUG[0m [90msrc/aap2_client.c:334:[0m Success
18:51:34 [32mINFO [0m [90msrc/aap2_client.c:418:[0m Bundle sent !
18:51:34 [36mDEBUG[0m [90msrc/aap2_client.c:334:[0m Success
18:51:34 [32mINFO [0m [90msrc/aap2_client.c:418:[0m Bundle sent !
18:51:34 [36mDEBUG[0m [90msrc/aap2_client.c:334:[0m Success
18:51:34 [32mINFO [0m [90msrc/aap2_client.c:418:[0m Bundle sent !
18:51:34 [36mDEBUG[0m [90msrc/aap2_client.c:334:[0m Success
18:51:34 [32mINFO [0m [90msrc/aap2_client.c:418:[0m Bundle sent !
18:51:34 [36mDEBUG[0m [90msrc/aap2_client.c:334:[0m Success
18:51:35 [32mINFO [0m [90msrc/aap2_client.c:418:[0m Bundle sent !
18:51:35 [36mDEBUG[0m [90msrc/aap2_client.c:334:[0m Success
18:51:35 [32mINFO [0m [90msrc/aap2_client.c:418:[0m Bundle sent !
18:51:35 [36mDEBUG[0m [90msrc/aap2_client.c:334:[0m Success
18:51:35 [32mINFO [0m [90msrc/aap2_client.c:418:[0m Bundle sent !
18:51:35 [36mDEBUG[0m [90msrc/aap2_client.c:334:[0m Success
18:51:35 [32mINFO [0m [90msrc/aap2_client.c:418:[0m Bundle sent !
18:51:35 [36mDEBUG[0m [90msrc/aap2_client.c:334:[0m Success
18:51:35 [32mINFO [0m [90msrc/aap2_client.c:418:[0m Bundle sent !
18:51:35 [36mDEBUG[0m [90msrc/aap2_client.c:334:[0m Success
18:51:35 [32mINFO [0m [90msrc/aap2_client.c:418:[0m Bundle sent !
18:51:35 [36mDEBUG[0m [90msrc/aap2_client.c:334:[0m Success
18:51:35 [32mINFO [0m [90msrc/aap2_client.c:418:[0m Bundle sent !
18:51:35 [36mDEBUG[0m [90msrc/aap2_client.c:334:[0m Success
18:51:35 [32mINFO [0m [90msrc/aap2_client.c:418:[0m Bundle sent !
18:51:35 [36mDEBUG[0m [90msrc/aap2_client.c:334:[0m Success
18:51:35 [32mINFO [0m [90msrc/aap2_client.c:418:[0m Bundle sent !
18:51:35 [36mDEBUG[0m [90msrc/aap2_client.c:334:[0m Success
18:51:35 [32mINFO [0m [90msrc/aap2_client.c:418:[0m Bundle sent !
18:51:35 [36mDEBUG[0m [90msrc/aap2_client.c:334:[0m Success
18:51:37 [32mINFO [0m [90msrc/aap2_client.c:418:[0m Bundle sent !
18:51:37 [36mDEBUG[0m [90msrc/aap2_client.c:334:[0m Success
18:51:37 [32mINFO [0m [90msrc/aap2_client.c:418:[0m Bundle sent !
18:51:37 [36mDEBUG[0m [90msrc/aap2_client.c:334:[0m Success
18:51:37 [32mINFO [0m [90msrc/aap2_client.c:418:[0m Bundle sent !
18:51:37 [36mDEBUG[0m [90msrc/aap2_client.c:334:[0m Success
18:51:37 [32mINFO [0m [90msrc/aap2_client.c:418:[0m Bundle sent !
18:51:37 [36mDEBUG[0m [90msrc/aap2_client.c:334:[0m Success
18:51:37 [32mINFO [0m [90msrc/aap2_client.c:418:[0m Bundle sent !
18:51:37 [36mDEBUG[0m [90msrc/aap2_client.c:334:[0m Success
18:51:37 [32mINFO [0m [90msrc/aap2_client.c:418:[0m Bundle sent !
18:51:37 [36mDEBUG[0m [90msrc/aap2_client.c:334:[0m Success
18:51:37 [32mINFO [0m [90msrc/aap2_client.c:418:[0m Bundle sent !
18:51:37 [36mDEBUG[0m [90msrc/aap2_client.c:334:[0m Success
18:51:37 [32mINFO [0m [90msrc/aap2_client.c:418:[0m Bundle sent !
18:51:37 [36mDEBUG[0m [90msrc/aap2_client.c:334:[0m Success
18:51:37 [32mINFO [0m [90msrc/aap2_client.c:418:[0m Bundle sent !
18:51:37 [36mDEBUG[0m [90msrc/aap2_client.c:334:[0m Success
18:51:37 [32mINFO [0m [90msrc/aap2_client.c:418:[0m Bundle sent !
18:51:37 [36mDEBUG[0m [90msrc/aap2_client.c:334:[0m Success
18:51:38 [32mINFO [0m [90msrc/aap2_client.c:418:[0m Bundle sent !
18:51:38 [36mDEBUG[0m [90msrc/aap2_client.c:334:[0m Success
18:51:38 [32mINFO [0m [90msrc/aap2_client.c:418:[0m Bundle sent !
18:51:38 [36mDEBUG[0m [90msrc/aap2_client.c:334:[0m Success
18:51:38 [32mINFO [0m [90msrc/aap2_client.c:418:[0m Bundle sent !
18:51:38 [36mDEBUG[0m [90msrc/aap2_client.c:334:[0m Success
18:51:38 [32mINFO [0m [90msrc/aap2_client.c:418:[0m Bundle sent !
18:51:38 [36mDEBUG[0m [90msrc/aap2_client.c:334:[0m Success
18:51:38 [32mINFO [0m [90msrc/aap2_client.c:418:[0m Bundle sent !
18:51:38 [36mDEBUG[0m [90msrc/aap2_client.c:334:[0m Success
18:51:38 [32mINFO [0m [90msrc/aap2_client.c:418:[0m Bundle sent !
18:51:38 [36mDEBUG[0m [90msrc/aap2_client.c:334:[0m Success
18:51:38 [32mINFO [0m [90msrc/aap2_client.c:418:[0m Bundle sent !
18:51:38 [36mDEBUG[0m [90msrc/aap2_client.c:334:[0m Success
18:51:38 [32mINFO [0m [90msrc/aap2_client.c:418:[0m Bundle sent !
18:51:38 [36mDEBUG[0m [90msrc/aap2_client.c:334:[0m Success
18:51:38 [32mINFO [0m [90msrc/aap2_client.c:418:[0m Bundle sent !
18:51:38 [36mDEBUG[0m [90msrc/aap2_client.c:334:[0m Success
18:51:38 [32mINFO [0m [90msrc/aap2_client.c:418:[0m Bundle sent !
18:51:38 [36mDEBUG[0m [90msrc/aap2_client.c:334:[0m Success
18:51:40 [32mINFO [0m [90msrc/aap2_client.c:418:[0m Bundle sent !
18:51:40 [36mDEBUG[0m [90msrc/aap2_client.c:334:[0m Success
18:51:40 [32mINFO [0m [90msrc/aap2_client.c:418:[0m Bundle sent !
18:51:40 [36mDEBUG[0m [90msrc/aap2_client.c:334:[0m Success
18:51:40 [32mINFO [0m [90msrc/aap2_client.c:418:[0m Bundle sent !
18:51:40 [36mDEBUG[0m [90msrc/aap2_client.c:334:[0m Success
18:51:40 [32mINFO [0m [90msrc/aap2_client.c:418:[0m Bundle sent !
18:51:40 [36mDEBUG[0m [90msrc/aap2_client.c:334:[0m Success
18:51:40 [32mINFO [0m [90msrc/aap2_client.c:418:[0m Bundle sent !
18:51:40 [36mDEBUG[0m [90msrc/aap2_client.c:334:[0m Success
18:51:40 [32mINFO [0m [90msrc/aap2_client.c:418:[0m Bundle sent !
18:51:40 [36mDEBUG[0m [90msrc/aap2_client.c:334:[0m Success
18:51:40 [32mINFO [0m [90msrc/aap2_client.c:418:[0m Bundle sent !
18:51:40 [36mDEBUG[0m [90msrc/aap2_client.c:334:[0m Success
18:51:40 [32mINFO [0m [90msrc/aap2_client.c:418:[0m Bundle sent !
18:51:40 [36mDEBUG[0m [90msrc/aap2_client.c:334:[0m Success
18:51:40 [32mINFO [0m [90msrc/aap2_client.c:418:[0m Bundle sent !
18:51:40 [36mDEBUG[0m [90msrc/aap2_client.c:334:[0m Success
18:51:40 [32mINFO [0m [90msrc/aap2_client.c:418:[0m Bundle sent !
18:51:40 [36mDEBUG[0m [90msrc/aap2_client.c:334:[0m Success
18:51:41 [32mINFO [0m [90msrc/aap2_client.c:418:[0m Bundle sent !
18:51:41 [36mDEBUG[0m [90msrc/aap2_client.c:334:[0m Success
18:51:41 [32mINFO [0m [90msrc/aap2_client.c:418:[0m Bundle sent !
18:51:41 [36mDEBUG[0m [90msrc/aap2_client.c:334:[0m Success
18:51:41 [32mINFO [0m [90msrc/aap2_client.c:418:[0m Bundle sent !
18:51:41 [36mDEBUG[0m [90msrc/aap2_client.c:334:[0m Success
18:51:41 [32mINFO [0m [90msrc/aap2_client.c:418:[0m Bundle sent !
18:51:41 [36mDEBUG[0m [90msrc/aap2_client.c:334:[0m Success
18:51:41 [32mINFO [0m [90msrc/aap2_client.c:418:[0m Bundle sent !
18:51:41 [36mDEBUG[0m [90msrc/aap2_client.c:334:[0m Success
18:51:41 [32mINFO [0m [90msrc/aap2_client.c:418:[0m Bundle sent !
18:51:41 [36mDEBUG[0m [90msrc/aap2_client.c:334:[0m Success
18:51:41 [32mINFO [0m [90msrc/aap2_client.c:418:[0m Bundle sent !
18:51:41 [36mDEBUG[0m [90msrc/aap2_client.c:334:[0m Success
18:51:41 [32mINFO [0m [90msrc/aap2_client.c:418:[0m Bundle sent !
18:51:41 [36mDEBUG[0m [90msrc/aap2_client.c:334:[0m Success
18:51:41 [32mINFO [0m [90msrc/aap2_client.c:418:[0m Bundle sent !
18:51:41 [36mDEBUG[0m [90msrc/aap2_client.c:334:[0m Success
18:51:41 [32mINFO [0m [90msrc/aap2_client.c:418:[0m Bundle sent !
18:51:41 [36mDEBUG[0m [90msrc/aap2_client.c:334:[0m Success
18:51:43 [32mINFO [0m [90msrc/aap2_client.c:418:[0m Bundle sent !
18:51:43 [36mDEBUG[0m [90msrc/aap2_client.c:334:[0m Success
18:51:43 [32mINFO [0m [90msrc/aap2_client.c:418:[0m Bundle sent !
18:51:43 [36mDEBUG[0m [90msrc/aap2_client.c:334:[0m Success
18:51:43 [32mINFO [0m [90msrc/aap2_client.c:418:[0m Bundle sent !
18:51:43 [36mDEBUG[0m [90msrc/aap2_client.c:334:[0m Success
18:51:43 [32mINFO [0m [90msrc/aap2_client.c:418:[0m Bundle sent !
18:51:43 [36mDEBUG[0m [90msrc/aap2_client.c:334:[0m Success
18:51:43 [32mINFO [0m [90msrc/aap2_client.c:418:[0m Bundle sent !
18:51:43 [36mDEBUG[0m [90msrc/aap2_client.c:334:[0m Success
18:51:43 [32mINFO [0m [90msrc/aap2_client.c:418:[0m Bundle sent !
18:51:43 [36mDEBUG[0m [90msrc/aap2_client.c:334:[0m Success
18:51:43 [32mINFO [0m [90msrc/aap2_client.c:418:[0m Bundle sent !
18:51:43 [36mDEBUG[0m [90msrc/aap2_client.c:334:[0m Success
18:51:43 [32mINFO [0m [90msrc/aap2_client.c:418:[0m Bundle sent !
18:51:43 [36mDEBUG[0m [90msrc/aap2_client.c:334:[0m Success
18:51:43 [32mINFO [0m [90msrc/aap2_client.c:418:[0m Bundle sent !
18:51:43 [36mDEBUG[0m [90msrc/aap2_client.c:334:[0m Success
18:51:43 [32mINFO [0m [90msrc/aap2_client.c:418:[0m Bundle sent !
18:51:43 [36mDEBUG[0m [90msrc/aap2_client.c:334:[0m Success
18:51:45 [32mINFO [0m [90msrc/aap2_client.c:418:[0m Bundle sent !
18:51:45 [36mDEBUG[0m [90msrc/aap2_client.c:334:[0m Success
18:51:45 [32mINFO [0m [90msrc/aap2_client.c:418:[0m Bundle sent !
18:51:45 [36mDEBUG[0m [90msrc/aap2_client.c:334:[0m Success
18:51:45 [32mINFO [0m [90msrc/aap2_client.c:418:[0m Bundle sent !
18:51:45 [36mDEBUG[0m [90msrc/aap2_client.c:334:[0m Success
18:51:45 [32mINFO [0m [90msrc/aap2_client.c:418:[0m Bundle sent !
18:51:45 [36mDEBUG[0m [90msrc/aap2_client.c:334:[0m Success
18:51:45 [32mINFO [0m [90msrc/aap2_client.c:418:[0m Bundle sent !
18:51:45 [36mDEBUG[0m [90msrc/aap2_client.c:334:[0m Success
18:51:45 [32mINFO [0m [90msrc/aap2_client.c:418:[0m Bundle sent !
18:51:45 [36mDEBUG[0m [90msrc/aap2_client.c:334:[0m Success
18:51:45 [32mINFO [0m [90msrc/aap2_client.c:418:[0m Bundle sent !
18:51:45 [36mDEBUG[0m [90msrc/aap2_client.c:334:[0m Success
18:51:45 [32mINFO [0m [90msrc/aap2_client.c:418:[0m Bundle sent !
18:51:45 [36mDEBUG[0m [90msrc/aap2_client.c:334:[0m Success
18:51:45 [32mINFO [0m [90msrc/aap2_client.c:418:[0m Bundle sent !
18:51:45 [36mDEBUG[0m [90msrc/aap2_client.c:334:[0m Success
18:51:45 [32mINFO [0m [90msrc/aap2_client.c:418:[0m Bundle sent !
18:51:45 [36mDEBUG[0m [90msrc/aap2_client.c:334:[0m Success
18:51:46 [32mINFO [0m [90msrc/aap2_client.c:418:[0m Bundle sent !
18:51:46 [36mDEBUG[0m [90msrc/aap2_client.c:334:[0m Success
18:51:46 [32mINFO [0m [90msrc/aap2_client.c:418:[0m Bundle sent !
18:51:46 [36mDEBUG[0m [90msrc/aap2_client.c:334:[0m Success
18:51:46 [32mINFO [0m [90msrc/aap2_client.c:418:[0m Bundle sent !
18:51:46 [36mDEBUG[0m [90msrc/aap2_client.c:334:[0m Success
18:51:46 [32mINFO [0m [90msrc/aap2_client.c:418:[0m Bundle sent !
18:51:46 [36mDEBUG[0m [90msrc/aap2_client.c:334:[0m Success
18:51:46 [32mINFO [0m [90msrc/aap2_client.c:418:[0m Bundle sent !
18:51:46 [36mDEBUG[0m [90msrc/aap2_client.c:334:[0m Success
18:51:46 [32mINFO [0m [90msrc/aap2_client.c:418:[0m Bundle sent !
18:51:46 [36mDEBUG[0m [90msrc/aap2_client.c:334:[0m Success
18:51:46 [32mINFO [0m [90msrc/aap2_client.c:418:[0m Bundle sent !
18:51:46 [36mDEBUG[0m [90msrc/aap2_client.c:334:[0m Success
18:51:46 [32mINFO [0m [90msrc/aap2_client.c:418:[0m Bundle sent !
18:51:46 [36mDEBUG[0m [90msrc/aap2_client.c:334:[0m Success
18:51:46 [32mINFO [0m [90msrc/aap2_client.c:418:[0m Bundle sent !
18:51:46 [36mDEBUG[0m [90msrc/aap2_client.c:334:[0m Success
18:51:46 [32mINFO [0m [90msrc/aap2_client.c:418:[0m Bundle sent !
18:51:46 [36mDEBUG[0m [90msrc/aap2_client.c:334:[0m Success
18:51:48 [32mINFO [0m [90msrc/aap2_client.c:418:[0m Bundle sent !
18:51:48 [36mDEBUG[0m [90msrc/aap2_client.c:334:[0m Success
18:51:48 [32mINFO [0m [90msrc/aap2_client.c:418:[0m Bundle sent !
18:51:48 [36mDEBUG[0m [90msrc/aap2_client.c:334:[0m Success
18:51:48 [32mINFO [0m [90msrc/aap2_client.c:418:[0m Bundle sent !
18:51:48 [36mDEBUG[0m [90msrc/aap2_client.c:334:[0m Success
18:51:48 [32mINFO [0m [90msrc/aap2_client.c:418:[0m Bundle sent !
18:51:48 [36mDEBUG[0m [90msrc/aap2_client.c:334:[0m Success
18:51:48 [32mINFO [0m [90msrc/aap2_client.c:418:[0m Bundle sent !
18:51:48 [36mDEBUG[0m [90msrc/aap2_client.c:334:[0m Success
18:51:48 [32mINFO [0m [90msrc/aap2_client.c:418:[0m Bundle sent !
18:51:48 [36mDEBUG[0m [90msrc/aap2_client.c:334:[0m Success
18:51:48 [32mINFO [0m [90msrc/aap2_client.c:418:[0m Bundle sent !
18:51:48 [36mDEBUG[0m [90msrc/aap2_client.c:334:[0m Success
18:51:48 [32mINFO [0m [90msrc/aap2_client.c:418:[0m Bundle sent !
18:51:48 [36mDEBUG[0m [90msrc/aap2_client.c:334:[0m Success
18:51:48 [32mINFO [0m [90msrc/aap2_client.c:418:[0m Bundle sent !
18:51:48 [36mDEBUG[0m [90msrc/aap2_client.c:334:[0m Success
18:51:48 [32mINFO [0m [90msrc/aap2_client.c:418:[0m Bundle sent !
18:51:48 [36mDEBUG[0m [90msrc/aap2_client.c:334:[0m Success
18:51:49 [32mINFO [0m [90msrc/aap2_client.c:418:[0m Bundle sent !
18:51:49 [36mDEBUG[0m [90msrc/aap2_client.c:334:[0m Success
18:51:49 [32mINFO [0m [90msrc/aap2_client.c:418:[0m Bundle sent !
18:51:49 [36mDEBUG[0m [90msrc/aap2_client.c:334:[0m Success
18:51:49 [32mINFO [0m [90msrc/aap2_client.c:418:[0m Bundle sent !
18:51:49 [36mDEBUG[0m [90msrc/aap2_client.c:334:[0m Success
18:51:49 [32mINFO [0m [90msrc/aap2_client.c:418:[0m Bundle sent !
18:51:49 [36mDEBUG[0m [90msrc/aap2_client.c:334:[0m Success
18:51:49 [32mINFO [0m [90msrc/aap2_client.c:418:[0m Bundle sent !
18:51:49 [36mDEBUG[0m [90msrc/aap2_client.c:334:[0m Success
18:51:49 [32mINFO [0m [90msrc/aap2_client.c:418:[0m Bundle sent !
18:51:49 [36mDEBUG[0m [90msrc/aap2_client.c:334:[0m Success
18:51:49 [32mINFO [0m [90msrc/aap2_client.c:418:[0m Bundle sent !
18:51:49 [36mDEBUG[0m [90msrc/aap2_client.c:334:[0m Success
18:51:49 [32mINFO [0m [90msrc/aap2_client.c:418:[0m Bundle sent !
18:51:49 [36mDEBUG[0m [90msrc/aap2_client.c:334:[0m Success
18:51:49 [32mINFO [0m [90msrc/aap2_client.c:418:[0m Bundle sent !
18:51:49 [36mDEBUG[0m [90msrc/aap2_client.c:334:[0m Success
18:51:49 [32mINFO [0m [90msrc/aap2_client.c:418:[0m Bundle sent !
18:51:49 [36mDEBUG[0m [90msrc/aap2_client.c:334:[0m Success
18:51:51 [32mINFO [0m [90msrc/aap2_client.c:418:[0m Bundle sent !
18:51:51 [36mDEBUG[0m [90msrc/aap2_client.c:334:[0m Success
18:51:51 [32mINFO [0m [90msrc/aap2_client.c:418:[0m Bundle sent !
18:51:51 [36mDEBUG[0m [90msrc/aap2_client.c:334:[0m Success
18:51:51 [32mINFO [0m [90msrc/aap2_client.c:418:[0m Bundle sent !
18:51:51 [36mDEBUG[0m [90msrc/aap2_client.c:334:[0m Success
18:51:51 [32mINFO [0m [90msrc/aap2_client.c:418:[0m Bundle sent !
18:51:51 [36mDEBUG[0m [90msrc/aap2_client.c:334:[0m Success
18:51:51 [32mINFO [0m [90msrc/aap2_client.c:418:[0m Bundle sent !
18:51:51 [36mDEBUG[0m [90msrc/aap2_client.c:334:[0m Success
18:51:51 [32mINFO [0m [90msrc/aap2_client.c:418:[0m Bundle sent !
18:51:51 [36mDEBUG[0m [90msrc/aap2_client.c:334:[0m Success
18:51:51 [32mINFO [0m [90msrc/aap2_client.c:418:[0m Bundle sent !
18:51:51 [36mDEBUG[0m [90msrc/aap2_client.c:334:[0m Success
18:51:51 [32mINFO [0m [90msrc/aap2_client.c:418:[0m Bundle sent !
18:51:51 [36mDEBUG[0m [90msrc/aap2_client.c:334:[0m Success
18:51:51 [32mINFO [0m [90msrc/aap2_client.c:418:[0m Bundle sent !
18:51:51 [36mDEBUG[0m [90msrc/aap2_client.c:334:[0m Success
18:51:51 [32mINFO [0m [90msrc/aap2_client.c:418:[0m Bundle sent !
18:51:51 [36mDEBUG[0m [90msrc/aap2_client.c:334:[0m Success
18:51:52 [32mINFO [0m [90msrc/aap2_client.c:418:[0m Bundle sent !
18:51:52 [36mDEBUG[0m [90msrc/aap2_client.c:334:[0m Success
18:51:52 [32mINFO [0m [90msrc/aap2_client.c:418:[0m Bundle sent !
18:51:52 [36mDEBUG[0m [90msrc/aap2_client.c:334:[0m Success
18:51:52 [32mINFO [0m [90msrc/aap2_client.c:418:[0m Bundle sent !
18:51:52 [36mDEBUG[0m [90msrc/aap2_client.c:334:[0m Success
18:51:52 [32mINFO [0m [90msrc/aap2_client.c:418:[0m Bundle sent !
18:51:52 [36mDEBUG[0m [90msrc/aap2_client.c:334:[0m Success
18:51:52 [32mINFO [0m [90msrc/aap2_client.c:418:[0m Bundle sent !
18:51:52 [36mDEBUG[0m [90msrc/aap2_client.c:334:[0m Success
18:51:52 [32mINFO [0m [90msrc/aap2_client.c:418:[0m Bundle sent !
18:51:52 [36mDEBUG[0m [90msrc/aap2_client.c:334:[0m Success
18:51:52 [32mINFO [0m [90msrc/aap2_client.c:418:[0m Bundle sent !
18:51:52 [36mDEBUG[0m [90msrc/aap2_client.c:334:[0m Success
18:51:52 [32mINFO [0m [90msrc/aap2_client.c:418:[0m Bundle sent !
18:51:52 [36mDEBUG[0m [90msrc/aap2_client.c:334:[0m Success
18:51:52 [32mINFO [0m [90msrc/aap2_client.c:418:[0m Bundle sent !
18:51:52 [36mDEBUG[0m [90msrc/aap2_client.c:334:[0m Success
18:51:52 [32mINFO [0m [90msrc/aap2_client.c:418:[0m Bundle sent !
18:51:52 [36mDEBUG[0m [90msrc/aap2_client.c:334:[0m Success
18:51:54 [32mINFO [0m [90msrc/aap2_client.c:418:[0m Bundle sent !
18:51:54 [36mDEBUG[0m [90msrc/aap2_client.c:334:[0m Success
18:51:54 [32mINFO [0m [90msrc/aap2_client.c:418:[0m Bundle sent !
18:51:54 [36mDEBUG[0m [90msrc/aap2_client.c:334:[0m Success
18:51:54 [32mINFO [0m [90msrc/aap2_client.c:418:[0m Bundle sent !
18:51:54 [36mDEBUG[0m [90msrc/aap2_client.c:334:[0m Success
18:51:54 [32mINFO [0m [90msrc/aap2_client.c:418:[0m Bundle sent !
18:51:54 [36mDEBUG[0m [90msrc/aap2_client.c:334:[0m Success
18:51:54 [32mINFO [0m [90msrc/aap2_client.c:418:[0m Bundle sent !
18:51:54 [36mDEBUG[0m [90msrc/aap2_client.c:334:[0m Success
18:51:54 [32mINFO [0m [90msrc/aap2_client.c:418:[0m Bundle sent !
18:51:54 [36mDEBUG[0m [90msrc/aap2_client.c:334:[0m Success
18:51:54 [32mINFO [0m [90msrc/aap2_client.c:418:[0m Bundle sent !
18:51:54 [36mDEBUG[0m [90msrc/aap2_client.c:334:[0m Success
18:51:54 [32mINFO [0m [90msrc/aap2_client.c:418:[0m Bundle sent !
18:51:54 [36mDEBUG[0m [90msrc/aap2_client.c:334:[0m Success
18:51:54 [32mINFO [0m [90msrc/aap2_client.c:418:[0m Bundle sent !
18:51:54 [36mDEBUG[0m [90msrc/aap2_client.c:334:[0m Success
18:51:54 [32mINFO [0m [90msrc/aap2_client.c:418:[0m Bundle sent !
18:51:54 [36mDEBUG[0m [90msrc/aap2_client.c:334:[0m Success
18:51:55 [32mINFO [0m [90msrc/aap2_client.c:418:[0m Bundle sent !
18:51:55 [36mDEBUG[0m [90msrc/aap2_client.c:334:[0m Success
18:51:55 [32mINFO [0m [90msrc/aap2_client.c:418:[0m Bundle sent !
18:51:55 [36mDEBUG[0m [90msrc/aap2_client.c:334:[0m Success
18:51:55 [32mINFO [0m [90msrc/aap2_client.c:418:[0m Bundle sent !
18:51:55 [36mDEBUG[0m [90msrc/aap2_client.c:334:[0m Success
18:51:55 [32mINFO [0m [90msrc/aap2_client.c:418:[0m Bundle sent !
18:51:55 [36mDEBUG[0m [90msrc/aap2_client.c:334:[0m Success
18:51:55 [32mINFO [0m [90msrc/aap2_client.c:418:[0m Bundle sent !
18:51:55 [36mDEBUG[0m [90msrc/aap2_client.c:334:[0m Success
18:51:55 [32mINFO [0m [90msrc/aap2_client.c:418:[0m Bundle sent !
18:51:55 [36mDEBUG[0m [90msrc/aap2_client.c:334:[0m Success
18:51:55 [32mINFO [0m [90msrc/aap2_client.c:418:[0m Bundle sent !
18:51:55 [36mDEBUG[0m [90msrc/aap2_client.c:334:[0m Success
18:51:55 [32mINFO [0m [90msrc/aap2_client.c:418:[0m Bundle sent !
18:51:55 [36mDEBUG[0m [90msrc/aap2_client.c:334:[0m Success
18:51:55 [32mINFO [0m [90msrc/aap2_client.c:418:[0m Bundle sent !
18:51:55 [36mDEBUG[0m [90msrc/aap2_client.c:334:[0m Success
18:51:55 [32mINFO [0m [90msrc/aap2_client.c:418:[0m Bundle sent !
18:51:55 [36mDEBUG[0m [90msrc/aap2_client.c:334:[0m Success
18:51:57 [32mINFO [0m [90msrc/aap2_client.c:418:[0m Bundle sent !
18:51:57 [36mDEBUG[0m [90msrc/aap2_client.c:334:[0m Success
18:51:57 [32mINFO [0m [90msrc/aap2_client.c:418:[0m Bundle sent !
18:51:57 [36mDEBUG[0m [90msrc/aap2_client.c:334:[0m Success
18:51:57 [32mINFO [0m [90msrc/aap2_client.c:418:[0m Bundle sent !
18:51:57 [36mDEBUG[0m [90msrc/aap2_client.c:334:[0m Success
18:51:57 [32mINFO [0m [90msrc/aap2_client.c:418:[0m Bundle sent !
18:51:57 [36mDEBUG[0m [90msrc/aap2_client.c:334:[0m Success
18:51:57 [32mINFO [0m [90msrc/aap2_client.c:418:[0m Bundle sent !
18:51:57 [36mDEBUG[0m [90msrc/aap2_client.c:334:[0m Success
18:51:57 [32mINFO [0m [90msrc/aap2_client.c:418:[0m Bundle sent !
18:51:57 [36mDEBUG[0m [90msrc/aap2_client.c:334:[0m Success
18:51:57 [32mINFO [0m [90msrc/aap2_client.c:418:[0m Bundle sent !
18:51:57 [36mDEBUG[0m [90msrc/aap2_client.c:334:[0m Success
18:51:57 [32mINFO [0m [90msrc/aap2_client.c:418:[0m Bundle sent !
18:51:57 [36mDEBUG[0m [90msrc/aap2_client.c:334:[0m Success
18:51:57 [32mINFO [0m [90msrc/aap2_client.c:418:[0m Bundle sent !
18:51:57 [36mDEBUG[0m [90msrc/aap2_client.c:334:[0m Success
18:51:57 [32mINFO [0m [90msrc/aap2_client.c:418:[0m Bundle sent !
18:51:57 [36mDEBUG[0m [90msrc/aap2_client.c:334:[0m Success
18:51:59 [32mINFO [0m [90msrc/aap2_client.c:418:[0m Bundle sent !
18:51:59 [36mDEBUG[0m [90msrc/aap2_client.c:334:[0m Success
18:51:59 [32mINFO [0m [90msrc/aap2_client.c:418:[0m Bundle sent !
18:51:59 [36mDEBUG[0m [90msrc/aap2_client.c:334:[0m Success
18:51:59 [32mINFO [0m [90msrc/aap2_client.c:418:[0m Bundle sent !
18:51:59 [36mDEBUG[0m [90msrc/aap2_client.c:334:[0m Success
18:51:59 [32mINFO [0m [90msrc/aap2_client.c:418:[0m Bundle sent !
18:51:59 [36mDEBUG[0m [90msrc/aap2_client.c:334:[0m Success
18:51:59 [32mINFO [0m [90msrc/aap2_client.c:418:[0m Bundle sent !
18:51:59 [36mDEBUG[0m [90msrc/aap2_client.c:334:[0m Success
18:51:59 [32mINFO [0m [90msrc/aap2_client.c:418:[0m Bundle sent !
18:51:59 [36mDEBUG[0m [90msrc/aap2_client.c:334:[0m Success
18:51:59 [32mINFO [0m [90msrc/aap2_client.c:418:[0m Bundle sent !
18:51:59 [36mDEBUG[0m [90msrc/aap2_client.c:334:[0m Success
18:51:59 [32mINFO [0m [90msrc/aap2_client.c:418:[0m Bundle sent !
18:51:59 [36mDEBUG[0m [90msrc/aap2_client.c:334:[0m Success
18:51:59 [32mINFO [0m [90msrc/aap2_client.c:418:[0m Bundle sent !
18:51:59 [36mDEBUG[0m [90msrc/aap2_client.c:334:[0m Success
18:51:59 [32mINFO [0m [90msrc/aap2_client.c:418:[0m Bundle sent !
18:51:59 [36mDEBUG[0m [90msrc/aap2_client.c:334:[0m Success
18:52:00 [32mINFO [0m [90msrc/aap2_client.c:418:[0m Bundle sent !
18:52:00 [36mDEBUG[0m [90msrc/aap2_client.c:334:[0m Success
18:52:00 [32mINFO [0m [90msrc/aap2_client.c:418:[0m Bundle sent !
18:52:00 [36mDEBUG[0m [90msrc/aap2_client.c:334:[0m Success
18:52:00 [32mINFO [0m [90msrc/aap2_client.c:418:[0m Bundle sent !
18:52:00 [36mDEBUG[0m [90msrc/aap2_client.c:334:[0m Success
18:52:00 [32mINFO [0m [90msrc/aap2_client.c:418:[0m Bundle sent !
18:52:00 [36mDEBUG[0m [90msrc/aap2_client.c:334:[0m Success
18:52:00 [32mINFO [0m [90msrc/aap2_client.c:418:[0m Bundle sent !
18:52:00 [36mDEBUG[0m [90msrc/aap2_client.c:334:[0m Success
18:52:00 [32mINFO [0m [90msrc/aap2_client.c:418:[0m Bundle sent !
18:52:00 [36mDEBUG[0m [90msrc/aap2_client.c:334:[0m Success
18:52:00 [32mINFO [0m [90msrc/aap2_client.c:418:[0m Bundle sent !
18:52:00 [36mDEBUG[0m [90msrc/aap2_client.c:334:[0m Success
18:52:00 [32mINFO [0m [90msrc/aap2_client.c:418:[0m Bundle sent !
18:52:00 [36mDEBUG[0m [90msrc/aap2_client.c:334:[0m Success
18:52:00 [32mINFO [0m [90msrc/aap2_client.c:418:[0m Bundle sent !
18:52:00 [36mDEBUG[0m [90msrc/aap2_client.c:334:[0m Success
18:52:00 [32mINFO [0m [90msrc/aap2_client.c:418:[0m Bundle sent !
18:52:00 [36mDEBUG[0m [90msrc/aap2_client.c:334:[0m Success
18:52:01 [32mINFO [0m [90msrc/aap2_client.c:418:[0m Bundle sent !
18:52:01 [36mDEBUG[0m [90msrc/aap2_client.c:334:[0m Success
18:52:01 [32mINFO [0m [90msrc/aap2_client.c:418:[0m Bundle sent !
18:52:01 [36mDEBUG[0m [90msrc/aap2_client.c:334:[0m Success
18:52:01 [32mINFO [0m [90msrc/aap2_client.c:418:[0m Bundle sent !
18:52:01 [36mDEBUG[0m [90msrc/aap2_client.c:334:[0m Success
18:52:01 [32mINFO [0m [90msrc/aap2_client.c:418:[0m Bundle sent !
18:52:01 [36mDEBUG[0m [90msrc/aap2_client.c:334:[0m Success
18:52:01 [32mINFO [0m [90msrc/aap2_client.c:418:[0m Bundle sent !
18:52:01 [36mDEBUG[0m [90msrc/aap2_client.c:334:[0m Success
18:52:01 [32mINFO [0m [90msrc/aap2_client.c:418:[0m Bundle sent !
18:52:01 [36mDEBUG[0m [90msrc/aap2_client.c:334:[0m Success
18:52:01 [32mINFO [0m [90msrc/aap2_client.c:418:[0m Bundle sent !
18:52:01 [36mDEBUG[0m [90msrc/aap2_client.c:334:[0m Success
18:52:01 [32mINFO [0m [90msrc/aap2_client.c:418:[0m Bundle sent !
18:52:01 [36mDEBUG[0m [90msrc/aap2_client.c:334:[0m Success
18:52:01 [32mINFO [0m [90msrc/aap2_client.c:418:[0m Bundle sent !
18:52:01 [36mDEBUG[0m [90msrc/aap2_client.c:334:[0m Success
18:52:01 [32mINFO [0m [90msrc/aap2_client.c:418:[0m Bundle sent !
18:52:01 [36mDEBUG[0m [90msrc/aap2_client.c:334:[0m Success
18:52:03 [32mINFO [0m [90msrc/aap2_client.c:418:[0m Bundle sent !
18:52:03 [36mDEBUG[0m [90msrc/aap2_client.c:334:[0m Success
18:52:03 [32mINFO [0m [90msrc/aap2_client.c:418:[0m Bundle sent !
18:52:03 [36mDEBUG[0m [90msrc/aap2_client.c:334:[0m Success
18:52:03 [32mINFO [0m [90msrc/aap2_client.c:418:[0m Bundle sent !
18:52:03 [36mDEBUG[0m [90msrc/aap2_client.c:334:[0m Success
18:52:03 [32mINFO [0m [90msrc/aap2_client.c:418:[0m Bundle sent !
18:52:03 [36mDEBUG[0m [90msrc/aap2_client.c:334:[0m Success
18:52:03 [32mINFO [0m [90msrc/aap2_client.c:418:[0m Bundle sent !
18:52:03 [36mDEBUG[0m [90msrc/aap2_client.c:334:[0m Success
18:52:03 [32mINFO [0m [90msrc/aap2_client.c:418:[0m Bundle sent !
18:52:03 [36mDEBUG[0m [90msrc/aap2_client.c:334:[0m Success
18:52:03 [32mINFO [0m [90msrc/aap2_client.c:418:[0m Bundle sent !
18:52:03 [36mDEBUG[0m [90msrc/aap2_client.c:334:[0m Success
18:52:03 [32mINFO [0m [90msrc/aap2_client.c:418:[0m Bundle sent !
18:52:03 [36mDEBUG[0m [90msrc/aap2_client.c:334:[0m Success
18:52:03 [32mINFO [0m [90msrc/aap2_client.c:418:[0m Bundle sent !
18:52:03 [36mDEBUG[0m [90msrc/aap2_client.c:334:[0m Success
18:52:03 [32mINFO [0m [90msrc/aap2_client.c:418:[0m Bundle sent !
18:52:03 [36mDEBUG[0m [90msrc/aap2_client.c:334:[0m Success
18:52:05 [32mINFO [0m [90msrc/aap2_client.c:418:[0m Bundle sent !
18:52:05 [36mDEBUG[0m [90msrc/aap2_client.c:334:[0m Success
18:52:05 [32mINFO [0m [90msrc/aap2_client.c:418:[0m Bundle sent !
18:52:05 [36mDEBUG[0m [90msrc/aap2_client.c:334:[0m Success
18:52:05 [32mINFO [0m [90msrc/aap2_client.c:418:[0m Bundle sent !
18:52:05 [36mDEBUG[0m [90msrc/aap2_client.c:334:[0m Success
18:52:05 [32mINFO [0m [90msrc/aap2_client.c:418:[0m Bundle sent !
18:52:05 [36mDEBUG[0m [90msrc/aap2_client.c:334:[0m Success
18:52:05 [32mINFO [0m [90msrc/aap2_client.c:418:[0m Bundle sent !
18:52:05 [36mDEBUG[0m [90msrc/aap2_client.c:334:[0m Success
18:52:05 [32mINFO [0m [90msrc/aap2_client.c:418:[0m Bundle sent !
18:52:05 [36mDEBUG[0m [90msrc/aap2_client.c:334:[0m Success
18:52:05 [32mINFO [0m [90msrc/aap2_client.c:418:[0m Bundle sent !
18:52:05 [36mDEBUG[0m [90msrc/aap2_client.c:334:[0m Success
18:52:05 [32mINFO [0m [90msrc/aap2_client.c:418:[0m Bundle sent !
18:52:05 [36mDEBUG[0m [90msrc/aap2_client.c:334:[0m Success
18:52:05 [32mINFO [0m [90msrc/aap2_client.c:418:[0m Bundle sent !
18:52:05 [36mDEBUG[0m [90msrc/aap2_client.c:334:[0m Success
18:52:05 [32mINFO [0m [90msrc/aap2_client.c:418:[0m Bundle sent !
18:52:05 [36mDEBUG[0m [90msrc/aap2_client.c:334:[0m Success
18:52:06 [32mINFO [0m [90msrc/aap2_client.c:418:[0m Bundle sent !
18:52:06 [36mDEBUG[0m [90msrc/aap2_client.c:334:[0m Success
18:52:06 [32mINFO [0m [90msrc/aap2_client.c:418:[0m Bundle sent !
18:52:06 [36mDEBUG[0m [90msrc/aap2_client.c:334:[0m Success
18:52:06 [32mINFO [0m [90msrc/aap2_client.c:418:[0m Bundle sent !
18:52:06 [36mDEBUG[0m [90msrc/aap2_client.c:334:[0m Success
18:52:06 [32mINFO [0m [90msrc/aap2_client.c:418:[0m Bundle sent !
18:52:06 [36mDEBUG[0m [90msrc/aap2_client.c:334:[0m Success
18:52:06 [32mINFO [0m [90msrc/aap2_client.c:418:[0m Bundle sent !
18:52:06 [36mDEBUG[0m [90msrc/aap2_client.c:334:[0m Success
18:52:06 [32mINFO [0m [90msrc/aap2_client.c:418:[0m Bundle sent !
18:52:06 [36mDEBUG[0m [90msrc/aap2_client.c:334:[0m Success
18:52:06 [32mINFO [0m [90msrc/aap2_client.c:418:[0m Bundle sent !
18:52:06 [36mDEBUG[0m [90msrc/aap2_client.c:334:[0m Success
18:52:06 [32mINFO [0m [90msrc/aap2_client.c:418:[0m Bundle sent !
18:52:06 [36mDEBUG[0m [90msrc/aap2_client.c:334:[0m Success
18:52:06 [32mINFO [0m [90msrc/aap2_client.c:418:[0m Bundle sent !
18:52:06 [36mDEBUG[0m [90msrc/aap2_client.c:334:[0m Success
18:52:06 [32mINFO [0m [90msrc/aap2_client.c:418:[0m Bundle sent !
18:52:06 [36mDEBUG[0m [90msrc/aap2_client.c:334:[0m Success
18:52:08 [32mINFO [0m [90msrc/aap2_client.c:418:[0m Bundle sent !
18:52:08 [36mDEBUG[0m [90msrc/aap2_client.c:334:[0m Success
18:52:08 [32mINFO [0m [90msrc/aap2_client.c:418:[0m Bundle sent !
18:52:08 [36mDEBUG[0m [90msrc/aap2_client.c:334:[0m Success
18:52:08 [32mINFO [0m [90msrc/aap2_client.c:418:[0m Bundle sent !
18:52:08 [36mDEBUG[0m [90msrc/aap2_client.c:334:[0m Success
18:52:08 [32mINFO [0m [90msrc/aap2_client.c:418:[0m Bundle sent !
18:52:08 [36mDEBUG[0m [90msrc/aap2_client.c:334:[0m Success
18:52:08 [32mINFO [0m [90msrc/aap2_client.c:418:[0m Bundle sent !
18:52:08 [36mDEBUG[0m [90msrc/aap2_client.c:334:[0m Success
18:52:08 [32mINFO [0m [90msrc/aap2_client.c:418:[0m Bundle sent !
18:52:08 [36mDEBUG[0m [90msrc/aap2_client.c:334:[0m Success
18:52:08 [32mINFO [0m [90msrc/aap2_client.c:418:[0m Bundle sent !
18:52:08 [36mDEBUG[0m [90msrc/aap2_client.c:334:[0m Success
18:52:08 [32mINFO [0m [90msrc/aap2_client.c:418:[0m Bundle sent !
18:52:08 [36mDEBUG[0m [90msrc/aap2_client.c:334:[0m Success
18:52:08 [32mINFO [0m [90msrc/aap2_client.c:418:[0m Bundle sent !
18:52:08 [36mDEBUG[0m [90msrc/aap2_client.c:334:[0m Success
18:52:08 [32mINFO [0m [90msrc/aap2_client.c:418:[0m Bundle sent !
18:52:08 [36mDEBUG[0m [90msrc/aap2_client.c:334:[0m Success
18:52:10 [32mINFO [0m [90msrc/aap2_client.c:418:[0m Bundle sent !
18:52:10 [36mDEBUG[0m [90msrc/aap2_client.c:334:[0m Success
18:52:10 [32mINFO [0m [90msrc/aap2_client.c:418:[0m Bundle sent !
18:52:10 [36mDEBUG[0m [90msrc/aap2_client.c:334:[0m Success
18:52:10 [32mINFO [0m [90msrc/aap2_client.c:418:[0m Bundle sent !
18:52:10 [36mDEBUG[0m [90msrc/aap2_client.c:334:[0m Success
18:52:10 [32mINFO [0m [90msrc/aap2_client.c:418:[0m Bundle sent !
18:52:10 [36mDEBUG[0m [90msrc/aap2_client.c:334:[0m Success
18:52:10 [32mINFO [0m [90msrc/aap2_client.c:418:[0m Bundle sent !
18:52:10 [36mDEBUG[0m [90msrc/aap2_client.c:334:[0m Success
18:52:10 [32mINFO [0m [90msrc/aap2_client.c:418:[0m Bundle sent !
18:52:10 [36mDEBUG[0m [90msrc/aap2_client.c:334:[0m Success
18:52:10 [32mINFO [0m [90msrc/aap2_client.c:418:[0m Bundle sent !
18:52:10 [36mDEBUG[0m [90msrc/aap2_client.c:334:[0m Success
18:52:10 [32mINFO [0m [90msrc/aap2_client.c:418:[0m Bundle sent !
18:52:10 [36mDEBUG[0m [90msrc/aap2_client.c:334:[0m Success
18:52:10 [32mINFO [0m [90msrc/aap2_client.c:418:[0m Bundle sent !
18:52:10 [36mDEBUG[0m [90msrc/aap2_client.c:334:[0m Success
18:52:10 [32mINFO [0m [90msrc/aap2_client.c:418:[0m Bundle sent !
18:52:10 [36mDEBUG[0m [90msrc/aap2_client.c:334:[0m Success
18:52:11 [32mINFO [0m [90msrc/aap2_client.c:418:[0m Bundle sent !
18:52:11 [36mDEBUG[0m [90msrc/aap2_client.c:334:[0m Success
18:52:11 [32mINFO [0m [90msrc/aap2_client.c:418:[0m Bundle sent !
18:52:11 [36mDEBUG[0m [90msrc/aap2_client.c:334:[0m Success
18:52:11 [32mINFO [0m [90msrc/aap2_client.c:418:[0m Bundle sent !
18:52:11 [36mDEBUG[0m [90msrc/aap2_client.c:334:[0m Success
18:52:11 [32mINFO [0m [90msrc/aap2_client.c:418:[0m Bundle sent !
18:52:11 [36mDEBUG[0m [90msrc/aap2_client.c:334:[0m Success
18:52:11 [32mINFO [0m [90msrc/aap2_client.c:418:[0m Bundle sent !
18:52:11 [36mDEBUG[0m [90msrc/aap2_client.c:334:[0m Success
18:52:11 [32mINFO [0m [90msrc/aap2_client.c:418:[0m Bundle sent !
18:52:11 [36mDEBUG[0m [90msrc/aap2_client.c:334:[0m Success
18:52:11 [32mINFO [0m [90msrc/aap2_client.c:418:[0m Bundle sent !
18:52:11 [36mDEBUG[0m [90msrc/aap2_client.c:334:[0m Success
18:52:11 [32mINFO [0m [90msrc/aap2_client.c:418:[0m Bundle sent !
18:52:11 [36mDEBUG[0m [90msrc/aap2_client.c:334:[0m Success
18:52:11 [32mINFO [0m [90msrc/aap2_client.c:418:[0m Bundle sent !
18:52:11 [36mDEBUG[0m [90msrc/aap2_client.c:334:[0m Success
18:52:11 [32mINFO [0m [90msrc/aap2_client.c:418:[0m Bundle sent !
18:52:11 [36mDEBUG[0m [90msrc/aap2_client.c:334:[0m Success
18:52:13 [32mINFO [0m [90msrc/aap2_client.c:418:[0m Bundle sent !
18:52:13 [36mDEBUG[0m [90msrc/aap2_client.c:334:[0m Success
18:52:13 [32mINFO [0m [90msrc/aap2_client.c:418:[0m Bundle sent !
18:52:13 [36mDEBUG[0m [90msrc/aap2_client.c:334:[0m Success
18:52:13 [32mINFO [0m [90msrc/aap2_client.c:418:[0m Bundle sent !
18:52:13 [36mDEBUG[0m [90msrc/aap2_client.c:334:[0m Success
18:52:13 [32mINFO [0m [90msrc/aap2_client.c:418:[0m Bundle sent !
18:52:13 [36mDEBUG[0m [90msrc/aap2_client.c:334:[0m Success
18:52:13 [32mINFO [0m [90msrc/aap2_client.c:418:[0m Bundle sent !
18:52:13 [36mDEBUG[0m [90msrc/aap2_client.c:334:[0m Success
18:52:13 [32mINFO [0m [90msrc/aap2_client.c:418:[0m Bundle sent !
18:52:13 [36mDEBUG[0m [90msrc/aap2_client.c:334:[0m Success
18:52:13 [32mINFO [0m [90msrc/aap2_client.c:418:[0m Bundle sent !
18:52:13 [36mDEBUG[0m [90msrc/aap2_client.c:334:[0m Success
18:52:13 [32mINFO [0m [90msrc/aap2_client.c:418:[0m Bundle sent !
18:52:13 [36mDEBUG[0m [90msrc/aap2_client.c:334:[0m Success
18:52:13 [32mINFO [0m [90msrc/aap2_client.c:418:[0m Bundle sent !
18:52:13 [36mDEBUG[0m [90msrc/aap2_client.c:334:[0m Success
18:52:13 [32mINFO [0m [90msrc/aap2_client.c:418:[0m Bundle sent !
18:52:13 [36mDEBUG[0m [90msrc/aap2_client.c:334:[0m Success
18:52:14 [32mINFO [0m [90msrc/aap2_client.c:418:[0m Bundle sent !
18:52:14 [36mDEBUG[0m [90msrc/aap2_client.c:334:[0m Success
18:52:14 [32mINFO [0m [90msrc/aap2_client.c:418:[0m Bundle sent !
18:52:14 [36mDEBUG[0m [90msrc/aap2_client.c:334:[0m Success
18:52:14 [32mINFO [0m [90msrc/aap2_client.c:418:[0m Bundle sent !
18:52:14 [36mDEBUG[0m [90msrc/aap2_client.c:334:[0m Success
18:52:14 [32mINFO [0m [90msrc/aap2_client.c:418:[0m Bundle sent !
18:52:14 [36mDEBUG[0m [90msrc/aap2_client.c:334:[0m Success
18:52:14 [32mINFO [0m [90msrc/aap2_client.c:418:[0m Bundle sent !
18:52:14 [36mDEBUG[0m [90msrc/aap2_client.c:334:[0m Success
18:52:14 [32mINFO [0m [90msrc/aap2_client.c:418:[0m Bundle sent !
18:52:14 [36mDEBUG[0m [90msrc/aap2_client.c:334:[0m Success
18:52:14 [32mINFO [0m [90msrc/aap2_client.c:418:[0m Bundle sent !
18:52:14 [36mDEBUG[0m [90msrc/aap2_client.c:334:[0m Success
18:52:14 [32mINFO [0m [90msrc/aap2_client.c:418:[0m Bundle sent !
18:52:14 [36mDEBUG[0m [90msrc/aap2_client.c:334:[0m Success
18:52:14 [32mINFO [0m [90msrc/aap2_client.c:418:[0m Bundle sent !
18:52:14 [36mDEBUG[0m [90msrc/aap2_client.c:334:[0m Success
18:52:14 [32mINFO [0m [90msrc/aap2_client.c:418:[0m Bundle sent !
18:52:14 [36mDEBUG[0m [90msrc/aap2_client.c:334:[0m Success
18:52:16 [32mINFO [0m [90msrc/aap2_client.c:418:[0m Bundle sent !
18:52:16 [36mDEBUG[0m [90msrc/aap2_client.c:334:[0m Success
18:52:16 [32mINFO [0m [90msrc/aap2_client.c:418:[0m Bundle sent !
18:52:16 [36mDEBUG[0m [90msrc/aap2_client.c:334:[0m Success
18:52:16 [32mINFO [0m [90msrc/aap2_client.c:418:[0m Bundle sent !
18:52:16 [36mDEBUG[0m [90msrc/aap2_client.c:334:[0m Success
18:52:16 [32mINFO [0m [90msrc/aap2_client.c:418:[0m Bundle sent !
18:52:16 [36mDEBUG[0m [90msrc/aap2_client.c:334:[0m Success
18:52:16 [32mINFO [0m [90msrc/aap2_client.c:418:[0m Bundle sent !
18:52:16 [36mDEBUG[0m [90msrc/aap2_client.c:334:[0m Success
18:52:16 [32mINFO [0m [90msrc/aap2_client.c:418:[0m Bundle sent !
18:52:16 [36mDEBUG[0m [90msrc/aap2_client.c:334:[0m Success
18:52:16 [32mINFO [0m [90msrc/aap2_client.c:418:[0m Bundle sent !
18:52:16 [36mDEBUG[0m [90msrc/aap2_client.c:334:[0m Success
18:52:16 [32mINFO [0m [90msrc/aap2_client.c:418:[0m Bundle sent !
18:52:16 [36mDEBUG[0m [90msrc/aap2_client.c:334:[0m Success
18:52:16 [32mINFO [0m [90msrc/aap2_client.c:418:[0m Bundle sent !
18:52:16 [36mDEBUG[0m [90msrc/aap2_client.c:334:[0m Success
18:52:16 [32mINFO [0m [90msrc/aap2_client.c:418:[0m Bundle sent !
18:52:16 [36mDEBUG[0m [90msrc/aap2_client.c:334:[0m Success
18:52:17 [32mINFO [0m [90msrc/aap2_client.c:418:[0m Bundle sent !
18:52:17 [36mDEBUG[0m [90msrc/aap2_client.c:334:[0m Success
18:52:17 [32mINFO [0m [90msrc/aap2_client.c:418:[0m Bundle sent !
18:52:17 [36mDEBUG[0m [90msrc/aap2_client.c:334:[0m Success
18:52:17 [32mINFO [0m [90msrc/aap2_client.c:418:[0m Bundle sent !
18:52:17 [36mDEBUG[0m [90msrc/aap2_client.c:334:[0m Success
18:52:17 [32mINFO [0m [90msrc/aap2_client.c:418:[0m Bundle sent !
18:52:17 [36mDEBUG[0m [90msrc/aap2_client.c:334:[0m Success
18:52:17 [32mINFO [0m [90msrc/aap2_client.c:418:[0m Bundle sent !
18:52:17 [36mDEBUG[0m [90msrc/aap2_client.c:334:[0m Success
18:52:17 [32mINFO [0m [90msrc/aap2_client.c:418:[0m Bundle sent !
18:52:17 [36mDEBUG[0m [90msrc/aap2_client.c:334:[0m Success
18:52:17 [32mINFO [0m [90msrc/aap2_client.c:418:[0m Bundle sent !
18:52:17 [36mDEBUG[0m [90msrc/aap2_client.c:334:[0m Success
18:52:17 [32mINFO [0m [90msrc/aap2_client.c:418:[0m Bundle sent !
18:52:17 [36mDEBUG[0m [90msrc/aap2_client.c:334:[0m Success
18:52:17 [32mINFO [0m [90msrc/aap2_client.c:418:[0m Bundle sent !
18:52:17 [36mDEBUG[0m [90msrc/aap2_client.c:334:[0m Success
18:52:17 [32mINFO [0m [90msrc/aap2_client.c:418:[0m Bundle sent !
18:52:17 [36mDEBUG[0m [90msrc/aap2_client.c:334:[0m Success
18:52:19 [32mINFO [0m [90msrc/aap2_client.c:418:[0m Bundle sent !
18:52:19 [36mDEBUG[0m [90msrc/aap2_client.c:334:[0m Success
18:52:19 [32mINFO [0m [90msrc/aap2_client.c:418:[0m Bundle sent !
18:52:19 [36mDEBUG[0m [90msrc/aap2_client.c:334:[0m Success
18:52:19 [32mINFO [0m [90msrc/aap2_client.c:418:[0m Bundle sent !
18:52:19 [36mDEBUG[0m [90msrc/aap2_client.c:334:[0m Success
18:52:19 [32mINFO [0m [90msrc/aap2_client.c:418:[0m Bundle sent !
18:52:19 [36mDEBUG[0m [90msrc/aap2_client.c:334:[0m Success
18:52:19 [32mINFO [0m [90msrc/aap2_client.c:418:[0m Bundle sent !
18:52:19 [36mDEBUG[0m [90msrc/aap2_client.c:334:[0m Success
18:52:19 [32mINFO [0m [90msrc/aap2_client.c:418:[0m Bundle sent !
18:52:19 [36mDEBUG[0m [90msrc/aap2_client.c:334:[0m Success
18:52:19 [32mINFO [0m [90msrc/aap2_client.c:418:[0m Bundle sent !
18:52:19 [36mDEBUG[0m [90msrc/aap2_client.c:334:[0m Success
18:52:19 [32mINFO [0m [90msrc/aap2_client.c:418:[0m Bundle sent !
18:52:19 [36mDEBUG[0m [90msrc/aap2_client.c:334:[0m Success
18:52:19 [32mINFO [0m [90msrc/aap2_client.c:418:[0m Bundle sent !
18:52:19 [36mDEBUG[0m [90msrc/aap2_client.c:334:[0m Success
18:52:19 [32mINFO [0m [90msrc/aap2_client.c:418:[0m Bundle sent !
18:52:19 [36mDEBUG[0m [90msrc/aap2_client.c:334:[0m Success
18:52:20 [32mINFO [0m [90msrc/aap2_client.c:418:[0m Bundle sent !
18:52:20 [36mDEBUG[0m [90msrc/aap2_client.c:334:[0m Success
18:52:20 [32mINFO [0m [90msrc/aap2_client.c:418:[0m Bundle sent !
18:52:20 [36mDEBUG[0m [90msrc/aap2_client.c:334:[0m Success
18:52:20 [32mINFO [0m [90msrc/aap2_client.c:418:[0m Bundle sent !
18:52:20 [36mDEBUG[0m [90msrc/aap2_client.c:334:[0m Success
18:52:20 [32mINFO [0m [90msrc/aap2_client.c:418:[0m Bundle sent !
18:52:20 [36mDEBUG[0m [90msrc/aap2_client.c:334:[0m Success
18:52:20 [32mINFO [0m [90msrc/aap2_client.c:418:[0m Bundle sent !
18:52:20 [36mDEBUG[0m [90msrc/aap2_client.c:334:[0m Success
18:52:20 [32mINFO [0m [90msrc/aap2_client.c:418:[0m Bundle sent !
18:52:20 [36mDEBUG[0m [90msrc/aap2_client.c:334:[0m Success
18:52:20 [32mINFO [0m [90msrc/aap2_client.c:418:[0m Bundle sent !
18:52:20 [36mDEBUG[0m [90msrc/aap2_client.c:334:[0m Success
18:52:20 [32mINFO [0m [90msrc/aap2_client.c:418:[0m Bundle sent !
18:52:20 [36mDEBUG[0m [90msrc/aap2_client.c:334:[0m Success
18:52:20 [32mINFO [0m [90msrc/aap2_client.c:418:[0m Bundle sent !
18:52:20 [36mDEBUG[0m [90msrc/aap2_client.c:334:[0m Success
18:52:20 [32mINFO [0m [90msrc/aap2_client.c:418:[0m Bundle sent !
18:52:20 [36mDEBUG[0m [90msrc/aap2_client.c:334:[0m Success
18:52:22 [32mINFO [0m [90msrc/aap2_client.c:418:[0m Bundle sent !
18:52:22 [36mDEBUG[0m [90msrc/aap2_client.c:334:[0m Success
18:52:22 [32mINFO [0m [90msrc/aap2_client.c:418:[0m Bundle sent !
18:52:22 [36mDEBUG[0m [90msrc/aap2_client.c:334:[0m Success
18:52:22 [32mINFO [0m [90msrc/aap2_client.c:418:[0m Bundle sent !
18:52:22 [36mDEBUG[0m [90msrc/aap2_client.c:334:[0m Success
18:52:22 [32mINFO [0m [90msrc/aap2_client.c:418:[0m Bundle sent !
18:52:22 [36mDEBUG[0m [90msrc/aap2_client.c:334:[0m Success
18:52:22 [32mINFO [0m [90msrc/aap2_client.c:418:[0m Bundle sent !
18:52:22 [36mDEBUG[0m [90msrc/aap2_client.c:334:[0m Success
18:52:22 [32mINFO [0m [90msrc/aap2_client.c:418:[0m Bundle sent !
18:52:22 [36mDEBUG[0m [90msrc/aap2_client.c:334:[0m Success
18:52:22 [32mINFO [0m [90msrc/aap2_client.c:418:[0m Bundle sent !
18:52:22 [36mDEBUG[0m [90msrc/aap2_client.c:334:[0m Success
18:52:22 [32mINFO [0m [90msrc/aap2_client.c:418:[0m Bundle sent !
18:52:22 [36mDEBUG[0m [90msrc/aap2_client.c:334:[0m Success
18:52:22 [32mINFO [0m [90msrc/aap2_client.c:418:[0m Bundle sent !
18:52:22 [36mDEBUG[0m [90msrc/aap2_client.c:334:[0m Success
18:52:22 [32mINFO [0m [90msrc/aap2_client.c:418:[0m Bundle sent !
18:52:22 [36mDEBUG[0m [90msrc/aap2_client.c:334:[0m Success
18:52:23 [32mINFO [0m [90msrc/aap2_client.c:418:[0m Bundle sent !
18:52:23 [36mDEBUG[0m [90msrc/aap2_client.c:334:[0m Success
18:52:23 [32mINFO [0m [90msrc/aap2_client.c:418:[0m Bundle sent !
18:52:23 [36mDEBUG[0m [90msrc/aap2_client.c:334:[0m Success
18:52:23 [32mINFO [0m [90msrc/aap2_client.c:418:[0m Bundle sent !
18:52:23 [36mDEBUG[0m [90msrc/aap2_client.c:334:[0m Success
18:52:23 [32mINFO [0m [90msrc/aap2_client.c:418:[0m Bundle sent !
18:52:23 [36mDEBUG[0m [90msrc/aap2_client.c:334:[0m Success
18:52:23 [32mINFO [0m [90msrc/aap2_client.c:418:[0m Bundle sent !
18:52:23 [36mDEBUG[0m [90msrc/aap2_client.c:334:[0m Success
18:52:23 [32mINFO [0m [90msrc/aap2_client.c:418:[0m Bundle sent !
18:52:23 [36mDEBUG[0m [90msrc/aap2_client.c:334:[0m Success
18:52:23 [32mINFO [0m [90msrc/aap2_client.c:418:[0m Bundle sent !
18:52:23 [36mDEBUG[0m [90msrc/aap2_client.c:334:[0m Success
18:52:23 [32mINFO [0m [90msrc/aap2_client.c:418:[0m Bundle sent !
18:52:23 [36mDEBUG[0m [90msrc/aap2_client.c:334:[0m Success
18:52:23 [32mINFO [0m [90msrc/aap2_client.c:418:[0m Bundle sent !
18:52:23 [36mDEBUG[0m [90msrc/aap2_client.c:334:[0m Success
18:52:23 [32mINFO [0m [90msrc/aap2_client.c:418:[0m Bundle sent !
18:52:23 [36mDEBUG[0m [90msrc/aap2_client.c:334:[0m Success
18:52:25 [32mINFO [0m [90msrc/aap2_client.c:418:[0m Bundle sent !
18:52:25 [36mDEBUG[0m [90msrc/aap2_client.c:334:[0m Success
18:52:25 [32mINFO [0m [90msrc/aap2_client.c:418:[0m Bundle sent !
18:52:25 [36mDEBUG[0m [90msrc/aap2_client.c:334:[0m Success
18:52:25 [32mINFO [0m [90msrc/aap2_client.c:418:[0m Bundle sent !
18:52:25 [36mDEBUG[0m [90msrc/aap2_client.c:334:[0m Success
18:52:25 [32mINFO [0m [90msrc/aap2_client.c:418:[0m Bundle sent !
18:52:25 [36mDEBUG[0m [90msrc/aap2_client.c:334:[0m Success
18:52:25 [32mINFO [0m [90msrc/aap2_client.c:418:[0m Bundle sent !
18:52:25 [36mDEBUG[0m [90msrc/aap2_client.c:334:[0m Success
18:52:25 [32mINFO [0m [90msrc/aap2_client.c:418:[0m Bundle sent !
18:52:25 [36mDEBUG[0m [90msrc/aap2_client.c:334:[0m Success
18:52:25 [32mINFO [0m [90msrc/aap2_client.c:418:[0m Bundle sent !
18:52:25 [36mDEBUG[0m [90msrc/aap2_client.c:334:[0m Success
18:52:25 [32mINFO [0m [90msrc/aap2_client.c:418:[0m Bundle sent !
18:52:25 [36mDEBUG[0m [90msrc/aap2_client.c:334:[0m Success
18:52:25 [32mINFO [0m [90msrc/aap2_client.c:418:[0m Bundle sent !
18:52:25 [36mDEBUG[0m [90msrc/aap2_client.c:334:[0m Success
18:52:25 [32mINFO [0m [90msrc/aap2_client.c:418:[0m Bundle sent !
18:52:25 [36mDEBUG[0m [90msrc/aap2_client.c:334:[0m Success
18:52:26 [32mINFO [0m [90msrc/aap2_client.c:418:[0m Bundle sent !
18:52:26 [36mDEBUG[0m [90msrc/aap2_client.c:334:[0m Success
18:52:26 [32mINFO [0m [90msrc/aap2_client.c:418:[0m Bundle sent !
18:52:26 [36mDEBUG[0m [90msrc/aap2_client.c:334:[0m Success
18:52:26 [32mINFO [0m [90msrc/aap2_client.c:418:[0m Bundle sent !
18:52:26 [36mDEBUG[0m [90msrc/aap2_client.c:334:[0m Success
18:52:26 [32mINFO [0m [90msrc/aap2_client.c:418:[0m Bundle sent !
18:52:26 [36mDEBUG[0m [90msrc/aap2_client.c:334:[0m Success
18:52:26 [32mINFO [0m [90msrc/aap2_client.c:418:[0m Bundle sent !
18:52:26 [36mDEBUG[0m [90msrc/aap2_client.c:334:[0m Success
18:52:26 [32mINFO [0m [90msrc/aap2_client.c:418:[0m Bundle sent !
18:52:26 [36mDEBUG[0m [90msrc/aap2_client.c:334:[0m Success
18:52:26 [32mINFO [0m [90msrc/aap2_client.c:418:[0m Bundle sent !
18:52:26 [36mDEBUG[0m [90msrc/aap2_client.c:334:[0m Success
18:52:26 [32mINFO [0m [90msrc/aap2_client.c:418:[0m Bundle sent !
18:52:26 [36mDEBUG[0m [90msrc/aap2_client.c:334:[0m Success
18:52:26 [32mINFO [0m [90msrc/aap2_client.c:418:[0m Bundle sent !
18:52:26 [36mDEBUG[0m [90msrc/aap2_client.c:334:[0m Success
18:52:26 [32mINFO [0m [90msrc/aap2_client.c:418:[0m Bundle sent !
18:52:26 [36mDEBUG[0m [90msrc/aap2_client.c:334:[0m Success
18:52:28 [32mINFO [0m [90msrc/aap2_client.c:418:[0m Bundle sent !
18:52:28 [36mDEBUG[0m [90msrc/aap2_client.c:334:[0m Success
18:52:28 [32mINFO [0m [90msrc/aap2_client.c:418:[0m Bundle sent !
18:52:28 [36mDEBUG[0m [90msrc/aap2_client.c:334:[0m Success
18:52:28 [32mINFO [0m [90msrc/aap2_client.c:418:[0m Bundle sent !
18:52:28 [36mDEBUG[0m [90msrc/aap2_client.c:334:[0m Success
18:52:28 [32mINFO [0m [90msrc/aap2_client.c:418:[0m Bundle sent !
18:52:28 [36mDEBUG[0m [90msrc/aap2_client.c:334:[0m Success
18:52:28 [32mINFO [0m [90msrc/aap2_client.c:418:[0m Bundle sent !
18:52:28 [36mDEBUG[0m [90msrc/aap2_client.c:334:[0m Success
18:52:28 [32mINFO [0m [90msrc/aap2_client.c:418:[0m Bundle sent !
18:52:28 [36mDEBUG[0m [90msrc/aap2_client.c:334:[0m Success
18:52:28 [32mINFO [0m [90msrc/aap2_client.c:418:[0m Bundle sent !
18:52:28 [36mDEBUG[0m [90msrc/aap2_client.c:334:[0m Success
18:52:28 [32mINFO [0m [90msrc/aap2_client.c:418:[0m Bundle sent !
18:52:28 [36mDEBUG[0m [90msrc/aap2_client.c:334:[0m Success
18:52:28 [32mINFO [0m [90msrc/aap2_client.c:418:[0m Bundle sent !
18:52:28 [36mDEBUG[0m [90msrc/aap2_client.c:334:[0m Success
18:52:28 [32mINFO [0m [90msrc/aap2_client.c:418:[0m Bundle sent !
18:52:28 [36mDEBUG[0m [90msrc/aap2_client.c:334:[0m Success
18:52:29 [32mINFO [0m [90msrc/aap2_client.c:418:[0m Bundle sent !
18:52:29 [36mDEBUG[0m [90msrc/aap2_client.c:334:[0m Success
18:52:29 [32mINFO [0m [90msrc/aap2_client.c:418:[0m Bundle sent !
18:52:29 [36mDEBUG[0m [90msrc/aap2_client.c:334:[0m Success
18:52:29 [32mINFO [0m [90msrc/aap2_client.c:418:[0m Bundle sent !
18:52:29 [36mDEBUG[0m [90msrc/aap2_client.c:334:[0m Success
18:52:29 [32mINFO [0m [90msrc/aap2_client.c:418:[0m Bundle sent !
18:52:29 [36mDEBUG[0m [90msrc/aap2_client.c:334:[0m Success
18:52:29 [32mINFO [0m [90msrc/aap2_client.c:418:[0m Bundle sent !
18:52:29 [36mDEBUG[0m [90msrc/aap2_client.c:334:[0m Success
18:52:29 [32mINFO [0m [90msrc/aap2_client.c:418:[0m Bundle sent !
18:52:29 [36mDEBUG[0m [90msrc/aap2_client.c:334:[0m Success
18:52:29 [32mINFO [0m [90msrc/aap2_client.c:418:[0m Bundle sent !
18:52:29 [36mDEBUG[0m [90msrc/aap2_client.c:334:[0m Success
18:52:29 [32mINFO [0m [90msrc/aap2_client.c:418:[0m Bundle sent !
18:52:29 [36mDEBUG[0m [90msrc/aap2_client.c:334:[0m Success
18:52:29 [32mINFO [0m [90msrc/aap2_client.c:418:[0m Bundle sent !
18:52:29 [36mDEBUG[0m [90msrc/aap2_client.c:334:[0m Success
18:52:29 [32mINFO [0m [90msrc/aap2_client.c:418:[0m Bundle sent !
18:52:29 [36mDEBUG[0m [90msrc/aap2_client.c:334:[0m Success
18:52:31 [32mINFO [0m [90msrc/aap2_client.c:418:[0m Bundle sent !
18:52:31 [36mDEBUG[0m [90msrc/aap2_client.c:334:[0m Success
18:52:31 [32mINFO [0m [90msrc/aap2_client.c:418:[0m Bundle sent !
18:52:31 [36mDEBUG[0m [90msrc/aap2_client.c:334:[0m Success
18:52:31 [32mINFO [0m [90msrc/aap2_client.c:418:[0m Bundle sent !
18:52:31 [36mDEBUG[0m [90msrc/aap2_client.c:334:[0m Success
18:52:31 [32mINFO [0m [90msrc/aap2_client.c:418:[0m Bundle sent !
18:52:31 [36mDEBUG[0m [90msrc/aap2_client.c:334:[0m Success
18:52:31 [32mINFO [0m [90msrc/aap2_client.c:418:[0m Bundle sent !
18:52:31 [36mDEBUG[0m [90msrc/aap2_client.c:334:[0m Success
18:52:31 [32mINFO [0m [90msrc/aap2_client.c:418:[0m Bundle sent !
18:52:31 [36mDEBUG[0m [90msrc/aap2_client.c:334:[0m Success
18:52:31 [32mINFO [0m [90msrc/aap2_client.c:418:[0m Bundle sent !
18:52:31 [36mDEBUG[0m [90msrc/aap2_client.c:334:[0m Success
18:52:31 [32mINFO [0m [90msrc/aap2_client.c:418:[0m Bundle sent !
18:52:31 [36mDEBUG[0m [90msrc/aap2_client.c:334:[0m Success
18:52:31 [32mINFO [0m [90msrc/aap2_client.c:418:[0m Bundle sent !
18:52:31 [36mDEBUG[0m [90msrc/aap2_client.c:334:[0m Success
18:52:31 [32mINFO [0m [90msrc/aap2_client.c:418:[0m Bundle sent !
18:52:31 [36mDEBUG[0m [90msrc/aap2_client.c:334:[0m Success
18:52:33 [32mINFO [0m [90msrc/aap2_client.c:418:[0m Bundle sent !
18:52:33 [36mDEBUG[0m [90msrc/aap2_client.c:334:[0m Success
18:52:33 [32mINFO [0m [90msrc/aap2_client.c:418:[0m Bundle sent !
18:52:33 [36mDEBUG[0m [90msrc/aap2_client.c:334:[0m Success
18:52:33 [32mINFO [0m [90msrc/aap2_client.c:418:[0m Bundle sent !
18:52:33 [36mDEBUG[0m [90msrc/aap2_client.c:334:[0m Success
18:52:33 [32mINFO [0m [90msrc/aap2_client.c:418:[0m Bundle sent !
18:52:33 [36mDEBUG[0m [90msrc/aap2_client.c:334:[0m Success
18:52:33 [32mINFO [0m [90msrc/aap2_client.c:418:[0m Bundle sent !
18:52:33 [36mDEBUG[0m [90msrc/aap2_client.c:334:[0m Success
18:52:33 [32mINFO [0m [90msrc/aap2_client.c:418:[0m Bundle sent !
18:52:33 [36mDEBUG[0m [90msrc/aap2_client.c:334:[0m Success
18:52:33 [32mINFO [0m [90msrc/aap2_client.c:418:[0m Bundle sent !
18:52:33 [36mDEBUG[0m [90msrc/aap2_client.c:334:[0m Success
18:52:33 [32mINFO [0m [90msrc/aap2_client.c:418:[0m Bundle sent !
18:52:33 [36mDEBUG[0m [90msrc/aap2_client.c:334:[0m Success
18:52:33 [32mINFO [0m [90msrc/aap2_client.c:418:[0m Bundle sent !
18:52:33 [36mDEBUG[0m [90msrc/aap2_client.c:334:[0m Success
18:52:33 [32mINFO [0m [90msrc/aap2_client.c:418:[0m Bundle sent !
18:52:33 [36mDEBUG[0m [90msrc/aap2_client.c:334:[0m Success
18:52:34 [32mINFO [0m [90msrc/aap2_client.c:418:[0m Bundle sent !
18:52:34 [36mDEBUG[0m [90msrc/aap2_client.c:334:[0m Success
18:52:34 [32mINFO [0m [90msrc/aap2_client.c:418:[0m Bundle sent !
18:52:34 [36mDEBUG[0m [90msrc/aap2_client.c:334:[0m Success
18:52:34 [32mINFO [0m [90msrc/aap2_client.c:418:[0m Bundle sent !
18:52:34 [36mDEBUG[0m [90msrc/aap2_client.c:334:[0m Success
18:52:34 [32mINFO [0m [90msrc/aap2_client.c:418:[0m Bundle sent !
18:52:34 [36mDEBUG[0m [90msrc/aap2_client.c:334:[0m Success
18:52:34 [32mINFO [0m [90msrc/aap2_client.c:418:[0m Bundle sent !
18:52:34 [36mDEBUG[0m [90msrc/aap2_client.c:334:[0m Success
18:52:34 [32mINFO [0m [90msrc/aap2_client.c:418:[0m Bundle sent !
18:52:34 [36mDEBUG[0m [90msrc/aap2_client.c:334:[0m Success
18:52:34 [32mINFO [0m [90msrc/aap2_client.c:418:[0m Bundle sent !
18:52:34 [36mDEBUG[0m [90msrc/aap2_client.c:334:[0m Success
18:52:34 [32mINFO [0m [90msrc/aap2_client.c:418:[0m Bundle sent !
18:52:34 [36mDEBUG[0m [90msrc/aap2_client.c:334:[0m Success
18:52:34 [32mINFO [0m [90msrc/aap2_client.c:418:[0m Bundle sent !
18:52:34 [36mDEBUG[0m [90msrc/aap2_client.c:334:[0m Success
18:52:34 [32mINFO [0m [90msrc/aap2_client.c:418:[0m Bundle sent !
18:52:34 [36mDEBUG[0m [90msrc/aap2_client.c:334:[0m Success
18:52:36 [32mINFO [0m [90msrc/aap2_client.c:418:[0m Bundle sent !
18:52:36 [36mDEBUG[0m [90msrc/aap2_client.c:334:[0m Success
18:52:36 [32mINFO [0m [90msrc/aap2_client.c:418:[0m Bundle sent !
18:52:36 [36mDEBUG[0m [90msrc/aap2_client.c:334:[0m Success
18:52:36 [32mINFO [0m [90msrc/aap2_client.c:418:[0m Bundle sent !
18:52:36 [36mDEBUG[0m [90msrc/aap2_client.c:334:[0m Success
18:52:36 [32mINFO [0m [90msrc/aap2_client.c:418:[0m Bundle sent !
18:52:36 [36mDEBUG[0m [90msrc/aap2_client.c:334:[0m Success
18:52:36 [32mINFO [0m [90msrc/aap2_client.c:418:[0m Bundle sent !
18:52:36 [36mDEBUG[0m [90msrc/aap2_client.c:334:[0m Success
18:52:36 [32mINFO [0m [90msrc/aap2_client.c:418:[0m Bundle sent !
18:52:36 [36mDEBUG[0m [90msrc/aap2_client.c:334:[0m Success
18:52:36 [32mINFO [0m [90msrc/aap2_client.c:418:[0m Bundle sent !
18:52:36 [36mDEBUG[0m [90msrc/aap2_client.c:334:[0m Success
18:52:36 [32mINFO [0m [90msrc/aap2_client.c:418:[0m Bundle sent !
18:52:36 [36mDEBUG[0m [90msrc/aap2_client.c:334:[0m Success
18:52:36 [32mINFO [0m [90msrc/aap2_client.c:418:[0m Bundle sent !
18:52:36 [36mDEBUG[0m [90msrc/aap2_client.c:334:[0m Success
18:52:36 [32mINFO [0m [90msrc/aap2_client.c:418:[0m Bundle sent !
18:52:36 [36mDEBUG[0m [90msrc/aap2_client.c:334:[0m Success
18:52:37 [32mINFO [0m [90msrc/aap2_client.c:418:[0m Bundle sent !
18:52:37 [36mDEBUG[0m [90msrc/aap2_client.c:334:[0m Success
18:52:37 [32mINFO [0m [90msrc/aap2_client.c:418:[0m Bundle sent !
18:52:37 [36mDEBUG[0m [90msrc/aap2_client.c:334:[0m Success
18:52:37 [32mINFO [0m [90msrc/aap2_client.c:418:[0m Bundle sent !
18:52:37 [36mDEBUG[0m [90msrc/aap2_client.c:334:[0m Success
18:52:37 [32mINFO [0m [90msrc/aap2_client.c:418:[0m Bundle sent !
18:52:37 [36mDEBUG[0m [90msrc/aap2_client.c:334:[0m Success
18:52:37 [32mINFO [0m [90msrc/aap2_client.c:418:[0m Bundle sent !
18:52:37 [36mDEBUG[0m [90msrc/aap2_client.c:334:[0m Success
18:52:37 [32mINFO [0m [90msrc/aap2_client.c:418:[0m Bundle sent !
18:52:37 [36mDEBUG[0m [90msrc/aap2_client.c:334:[0m Success
18:52:37 [32mINFO [0m [90msrc/aap2_client.c:418:[0m Bundle sent !
18:52:37 [36mDEBUG[0m [90msrc/aap2_client.c:334:[0m Success
18:52:37 [32mINFO [0m [90msrc/aap2_client.c:418:[0m Bundle sent !
18:52:37 [36mDEBUG[0m [90msrc/aap2_client.c:334:[0m Success
18:52:37 [32mINFO [0m [90msrc/aap2_client.c:418:[0m Bundle sent !
18:52:37 [36mDEBUG[0m [90msrc/aap2_client.c:334:[0m Success
18:52:37 [32mINFO [0m [90msrc/aap2_client.c:418:[0m Bundle sent !
18:52:37 [36mDEBUG[0m [90msrc/aap2_client.c:334:[0m Success
18:52:39 [32mINFO [0m [90msrc/aap2_client.c:418:[0m Bundle sent !
18:52:39 [36mDEBUG[0m [90msrc/aap2_client.c:334:[0m Success
18:52:39 [32mINFO [0m [90msrc/aap2_client.c:418:[0m Bundle sent !
18:52:39 [36mDEBUG[0m [90msrc/aap2_client.c:334:[0m Success
18:52:39 [32mINFO [0m [90msrc/aap2_client.c:418:[0m Bundle sent !
18:52:39 [36mDEBUG[0m [90msrc/aap2_client.c:334:[0m Success
18:52:39 [32mINFO [0m [90msrc/aap2_client.c:418:[0m Bundle sent !
18:52:39 [36mDEBUG[0m [90msrc/aap2_client.c:334:[0m Success
18:52:39 [32mINFO [0m [90msrc/aap2_client.c:418:[0m Bundle sent !
18:52:39 [36mDEBUG[0m [90msrc/aap2_client.c:334:[0m Success
18:52:39 [32mINFO [0m [90msrc/aap2_client.c:418:[0m Bundle sent !
18:52:39 [36mDEBUG[0m [90msrc/aap2_client.c:334:[0m Success
18:52:39 [32mINFO [0m [90msrc/aap2_client.c:418:[0m Bundle sent !
18:52:39 [36mDEBUG[0m [90msrc/aap2_client.c:334:[0m Success
18:52:39 [32mINFO [0m [90msrc/aap2_client.c:418:[0m Bundle sent !
18:52:39 [36mDEBUG[0m [90msrc/aap2_client.c:334:[0m Success
18:52:39 [32mINFO [0m [90msrc/aap2_client.c:418:[0m Bundle sent !
18:52:39 [36mDEBUG[0m [90msrc/aap2_client.c:334:[0m Success
18:52:39 [32mINFO [0m [90msrc/aap2_client.c:418:[0m Bundle sent !
18:52:39 [36mDEBUG[0m [90msrc/aap2_client.c:334:[0m Success
18:52:40 [32mINFO [0m [90msrc/aap2_client.c:418:[0m Bundle sent !
18:52:40 [36mDEBUG[0m [90msrc/aap2_client.c:334:[0m Success
18:52:40 [32mINFO [0m [90msrc/aap2_client.c:418:[0m Bundle sent !
18:52:40 [36mDEBUG[0m [90msrc/aap2_client.c:334:[0m Success
18:52:40 [32mINFO [0m [90msrc/aap2_client.c:418:[0m Bundle sent !
18:52:40 [36mDEBUG[0m [90msrc/aap2_client.c:334:[0m Success
18:52:40 [32mINFO [0m [90msrc/aap2_client.c:418:[0m Bundle sent !
18:52:40 [36mDEBUG[0m [90msrc/aap2_client.c:334:[0m Success
18:52:40 [32mINFO [0m [90msrc/aap2_client.c:418:[0m Bundle sent !
18:52:40 [36mDEBUG[0m [90msrc/aap2_client.c:334:[0m Success
18:52:40 [32mINFO [0m [90msrc/aap2_client.c:418:[0m Bundle sent !
18:52:40 [36mDEBUG[0m [90msrc/aap2_client.c:334:[0m Success
18:52:40 [32mINFO [0m [90msrc/aap2_client.c:418:[0m Bundle sent !
18:52:40 [36mDEBUG[0m [90msrc/aap2_client.c:334:[0m Success
18:52:40 [32mINFO [0m [90msrc/aap2_client.c:418:[0m Bundle sent !
18:52:40 [36mDEBUG[0m [90msrc/aap2_client.c:334:[0m Success
18:52:40 [32mINFO [0m [90msrc/aap2_client.c:418:[0m Bundle sent !
18:52:40 [36mDEBUG[0m [90msrc/aap2_client.c:334:[0m Success
18:52:40 [32mINFO [0m [90msrc/aap2_client.c:418:[0m Bundle sent !
18:52:40 [36mDEBUG[0m [90msrc/aap2_client.c:334:[0m Success
18:52:42 [32mINFO [0m [90msrc/aap2_client.c:418:[0m Bundle sent !
18:52:42 [36mDEBUG[0m [90msrc/aap2_client.c:334:[0m Success
18:52:42 [32mINFO [0m [90msrc/aap2_client.c:418:[0m Bundle sent !
18:52:42 [36mDEBUG[0m [90msrc/aap2_client.c:334:[0m Success
18:52:42 [32mINFO [0m [90msrc/aap2_client.c:418:[0m Bundle sent !
18:52:42 [36mDEBUG[0m [90msrc/aap2_client.c:334:[0m Success
18:52:42 [32mINFO [0m [90msrc/aap2_client.c:418:[0m Bundle sent !
18:52:42 [36mDEBUG[0m [90msrc/aap2_client.c:334:[0m Success
18:52:42 [32mINFO [0m [90msrc/aap2_client.c:418:[0m Bundle sent !
18:52:42 [36mDEBUG[0m [90msrc/aap2_client.c:334:[0m Success
18:52:42 [32mINFO [0m [90msrc/aap2_client.c:418:[0m Bundle sent !
18:52:42 [36mDEBUG[0m [90msrc/aap2_client.c:334:[0m Success
18:52:42 [32mINFO [0m [90msrc/aap2_client.c:418:[0m Bundle sent !
18:52:42 [36mDEBUG[0m [90msrc/aap2_client.c:334:[0m Success
18:52:42 [32mINFO [0m [90msrc/aap2_client.c:418:[0m Bundle sent !
18:52:42 [36mDEBUG[0m [90msrc/aap2_client.c:334:[0m Success
18:52:42 [32mINFO [0m [90msrc/aap2_client.c:418:[0m Bundle sent !
18:52:42 [36mDEBUG[0m [90msrc/aap2_client.c:334:[0m Success
18:52:42 [32mINFO [0m [90msrc/aap2_client.c:418:[0m Bundle sent !
18:52:42 [36mDEBUG[0m [90msrc/aap2_client.c:334:[0m Success
18:52:43 [32mINFO [0m [90msrc/aap2_client.c:418:[0m Bundle sent !
18:52:43 [36mDEBUG[0m [90msrc/aap2_client.c:334:[0m Success
18:52:43 [32mINFO [0m [90msrc/aap2_client.c:418:[0m Bundle sent !
18:52:43 [36mDEBUG[0m [90msrc/aap2_client.c:334:[0m Success
18:52:43 [32mINFO [0m [90msrc/aap2_client.c:418:[0m Bundle sent !
18:52:43 [36mDEBUG[0m [90msrc/aap2_client.c:334:[0m Success
18:52:43 [32mINFO [0m [90msrc/aap2_client.c:418:[0m Bundle sent !
18:52:43 [36mDEBUG[0m [90msrc/aap2_client.c:334:[0m Success
18:52:43 [32mINFO [0m [90msrc/aap2_client.c:418:[0m Bundle sent !
18:52:43 [36mDEBUG[0m [90msrc/aap2_client.c:334:[0m Success
18:52:43 [32mINFO [0m [90msrc/aap2_client.c:418:[0m Bundle sent !
18:52:43 [36mDEBUG[0m [90msrc/aap2_client.c:334:[0m Success
18:52:43 [32mINFO [0m [90msrc/aap2_client.c:418:[0m Bundle sent !
18:52:43 [36mDEBUG[0m [90msrc/aap2_client.c:334:[0m Success
18:52:43 [32mINFO [0m [90msrc/aap2_client.c:418:[0m Bundle sent !
18:52:43 [36mDEBUG[0m [90msrc/aap2_client.c:334:[0m Success
18:52:43 [32mINFO [0m [90msrc/aap2_client.c:418:[0m Bundle sent !
18:52:43 [36mDEBUG[0m [90msrc/aap2_client.c:334:[0m Success
18:52:43 [32mINFO [0m [90msrc/aap2_client.c:418:[0m Bundle sent !
18:52:43 [36mDEBUG[0m [90msrc/aap2_client.c:334:[0m Success
18:52:45 [32mINFO [0m [90msrc/aap2_client.c:418:[0m Bundle sent !
18:52:45 [36mDEBUG[0m [90msrc/aap2_client.c:334:[0m Success
18:52:45 [32mINFO [0m [90msrc/aap2_client.c:418:[0m Bundle sent !
18:52:45 [36mDEBUG[0m [90msrc/aap2_client.c:334:[0m Success
18:52:45 [32mINFO [0m [90msrc/aap2_client.c:418:[0m Bundle sent !
18:52:45 [36mDEBUG[0m [90msrc/aap2_client.c:334:[0m Success
18:52:45 [32mINFO [0m [90msrc/aap2_client.c:418:[0m Bundle sent !
18:52:45 [36mDEBUG[0m [90msrc/aap2_client.c:334:[0m Success
18:52:45 [32mINFO [0m [90msrc/aap2_client.c:418:[0m Bundle sent !
18:52:45 [36mDEBUG[0m [90msrc/aap2_client.c:334:[0m Success
18:52:45 [32mINFO [0m [90msrc/aap2_client.c:418:[0m Bundle sent !
18:52:45 [36mDEBUG[0m [90msrc/aap2_client.c:334:[0m Success
18:52:45 [32mINFO [0m [90msrc/aap2_client.c:418:[0m Bundle sent !
18:52:45 [36mDEBUG[0m [90msrc/aap2_client.c:334:[0m Success
18:52:45 [32mINFO [0m [90msrc/aap2_client.c:418:[0m Bundle sent !
18:52:45 [36mDEBUG[0m [90msrc/aap2_client.c:334:[0m Success
18:52:45 [32mINFO [0m [90msrc/aap2_client.c:418:[0m Bundle sent !
18:52:45 [36mDEBUG[0m [90msrc/aap2_client.c:334:[0m Success
18:52:45 [32mINFO [0m [90msrc/aap2_client.c:418:[0m Bundle sent !
18:52:45 [36mDEBUG[0m [90msrc/aap2_client.c:334:[0m Success
18:52:46 [32mINFO [0m [90msrc/aap2_client.c:418:[0m Bundle sent !
18:52:46 [36mDEBUG[0m [90msrc/aap2_client.c:334:[0m Success
18:52:46 [32mINFO [0m [90msrc/aap2_client.c:418:[0m Bundle sent !
18:52:46 [36mDEBUG[0m [90msrc/aap2_client.c:334:[0m Success
18:52:46 [32mINFO [0m [90msrc/aap2_client.c:418:[0m Bundle sent !
18:52:46 [36mDEBUG[0m [90msrc/aap2_client.c:334:[0m Success
18:52:46 [32mINFO [0m [90msrc/aap2_client.c:418:[0m Bundle sent !
18:52:46 [36mDEBUG[0m [90msrc/aap2_client.c:334:[0m Success
18:52:46 [32mINFO [0m [90msrc/aap2_client.c:418:[0m Bundle sent !
18:52:46 [36mDEBUG[0m [90msrc/aap2_client.c:334:[0m Success
18:52:46 [32mINFO [0m [90msrc/aap2_client.c:418:[0m Bundle sent !
18:52:46 [36mDEBUG[0m [90msrc/aap2_client.c:334:[0m Success
18:52:46 [32mINFO [0m [90msrc/aap2_client.c:418:[0m Bundle sent !
18:52:46 [36mDEBUG[0m [90msrc/aap2_client.c:334:[0m Success
18:52:46 [32mINFO [0m [90msrc/aap2_client.c:418:[0m Bundle sent !
18:52:46 [36mDEBUG[0m [90msrc/aap2_client.c:334:[0m Success
18:52:46 [32mINFO [0m [90msrc/aap2_client.c:418:[0m Bundle sent !
18:52:46 [36mDEBUG[0m [90msrc/aap2_client.c:334:[0m Success
18:52:46 [32mINFO [0m [90msrc/aap2_client.c:418:[0m Bundle sent !
18:52:46 [36mDEBUG[0m [90msrc/aap2_client.c:334:[0m Success
18:52:48 [32mINFO [0m [90msrc/aap2_client.c:418:[0m Bundle sent !
18:52:48 [36mDEBUG[0m [90msrc/aap2_client.c:334:[0m Success
18:52:48 [32mINFO [0m [90msrc/aap2_client.c:418:[0m Bundle sent !
18:52:48 [36mDEBUG[0m [90msrc/aap2_client.c:334:[0m Success
18:52:48 [32mINFO [0m [90msrc/aap2_client.c:418:[0m Bundle sent !
18:52:48 [36mDEBUG[0m [90msrc/aap2_client.c:334:[0m Success
18:52:48 [32mINFO [0m [90msrc/aap2_client.c:418:[0m Bundle sent !
18:52:48 [36mDEBUG[0m [90msrc/aap2_client.c:334:[0m Success
18:52:48 [32mINFO [0m [90msrc/aap2_client.c:418:[0m Bundle sent !
18:52:48 [36mDEBUG[0m [90msrc/aap2_client.c:334:[0m Success
18:52:48 [32mINFO [0m [90msrc/aap2_client.c:418:[0m Bundle sent !
18:52:48 [36mDEBUG[0m [90msrc/aap2_client.c:334:[0m Success
18:52:48 [32mINFO [0m [90msrc/aap2_client.c:418:[0m Bundle sent !
18:52:48 [36mDEBUG[0m [90msrc/aap2_client.c:334:[0m Success
18:52:48 [32mINFO [0m [90msrc/aap2_client.c:418:[0m Bundle sent !
18:52:48 [36mDEBUG[0m [90msrc/aap2_client.c:334:[0m Success
18:52:48 [32mINFO [0m [90msrc/aap2_client.c:418:[0m Bundle sent !
18:52:48 [36mDEBUG[0m [90msrc/aap2_client.c:334:[0m Success
18:52:48 [32mINFO [0m [90msrc/aap2_client.c:418:[0m Bundle sent !
18:52:48 [36mDEBUG[0m [90msrc/aap2_client.c:334:[0m Success
18:52:50 [32mINFO [0m [90msrc/aap2_client.c:418:[0m Bundle sent !
18:52:50 [36mDEBUG[0m [90msrc/aap2_client.c:334:[0m Success
18:52:50 [32mINFO [0m [90msrc/aap2_client.c:418:[0m Bundle sent !
18:52:50 [36mDEBUG[0m [90msrc/aap2_client.c:334:[0m Success
18:52:50 [32mINFO [0m [90msrc/aap2_client.c:418:[0m Bundle sent !
18:52:50 [36mDEBUG[0m [90msrc/aap2_client.c:334:[0m Success
18:52:50 [32mINFO [0m [90msrc/aap2_client.c:418:[0m Bundle sent !
18:52:50 [36mDEBUG[0m [90msrc/aap2_client.c:334:[0m Success
18:52:50 [32mINFO [0m [90msrc/aap2_client.c:418:[0m Bundle sent !
18:52:50 [36mDEBUG[0m [90msrc/aap2_client.c:334:[0m Success
18:52:50 [32mINFO [0m [90msrc/aap2_client.c:418:[0m Bundle sent !
18:52:50 [36mDEBUG[0m [90msrc/aap2_client.c:334:[0m Success
18:52:50 [32mINFO [0m [90msrc/aap2_client.c:418:[0m Bundle sent !
18:52:50 [36mDEBUG[0m [90msrc/aap2_client.c:334:[0m Success
18:52:50 [32mINFO [0m [90msrc/aap2_client.c:418:[0m Bundle sent !
18:52:50 [36mDEBUG[0m [90msrc/aap2_client.c:334:[0m Success
18:52:50 [32mINFO [0m [90msrc/aap2_client.c:418:[0m Bundle sent !
18:52:50 [36mDEBUG[0m [90msrc/aap2_client.c:334:[0m Success
18:52:50 [32mINFO [0m [90msrc/aap2_client.c:418:[0m Bundle sent !
18:52:50 [36mDEBUG[0m [90msrc/aap2_client.c:334:[0m Success
18:52:51 [32mINFO [0m [90msrc/aap2_client.c:418:[0m Bundle sent !
18:52:51 [36mDEBUG[0m [90msrc/aap2_client.c:334:[0m Success
18:52:51 [32mINFO [0m [90msrc/aap2_client.c:418:[0m Bundle sent !
18:52:51 [36mDEBUG[0m [90msrc/aap2_client.c:334:[0m Success
18:52:51 [32mINFO [0m [90msrc/aap2_client.c:418:[0m Bundle sent !
18:52:51 [36mDEBUG[0m [90msrc/aap2_client.c:334:[0m Success
18:52:51 [32mINFO [0m [90msrc/aap2_client.c:418:[0m Bundle sent !
18:52:51 [36mDEBUG[0m [90msrc/aap2_client.c:334:[0m Success
18:52:51 [32mINFO [0m [90msrc/aap2_client.c:418:[0m Bundle sent !
18:52:51 [36mDEBUG[0m [90msrc/aap2_client.c:334:[0m Success
18:52:51 [32mINFO [0m [90msrc/aap2_client.c:418:[0m Bundle sent !
18:52:51 [36mDEBUG[0m [90msrc/aap2_client.c:334:[0m Success
18:52:51 [32mINFO [0m [90msrc/aap2_client.c:418:[0m Bundle sent !
18:52:51 [36mDEBUG[0m [90msrc/aap2_client.c:334:[0m Success
18:52:51 [32mINFO [0m [90msrc/aap2_client.c:418:[0m Bundle sent !
18:52:51 [36mDEBUG[0m [90msrc/aap2_client.c:334:[0m Success
18:52:51 [32mINFO [0m [90msrc/aap2_client.c:418:[0m Bundle sent !
18:52:51 [36mDEBUG[0m [90msrc/aap2_client.c:334:[0m Success
18:52:51 [32mINFO [0m [90msrc/aap2_client.c:418:[0m Bundle sent !
18:52:51 [36mDEBUG[0m [90msrc/aap2_client.c:334:[0m Success
18:52:53 [32mINFO [0m [90msrc/aap2_client.c:418:[0m Bundle sent !
18:52:53 [36mDEBUG[0m [90msrc/aap2_client.c:334:[0m Success
18:52:53 [32mINFO [0m [90msrc/aap2_client.c:418:[0m Bundle sent !
18:52:53 [36mDEBUG[0m [90msrc/aap2_client.c:334:[0m Success
18:52:53 [32mINFO [0m [90msrc/aap2_client.c:418:[0m Bundle sent !
18:52:53 [36mDEBUG[0m [90msrc/aap2_client.c:334:[0m Success
18:52:53 [32mINFO [0m [90msrc/aap2_client.c:418:[0m Bundle sent !
18:52:53 [36mDEBUG[0m [90msrc/aap2_client.c:334:[0m Success
18:52:53 [32mINFO [0m [90msrc/aap2_client.c:418:[0m Bundle sent !
18:52:53 [36mDEBUG[0m [90msrc/aap2_client.c:334:[0m Success
18:52:53 [32mINFO [0m [90msrc/aap2_client.c:418:[0m Bundle sent !
18:52:53 [36mDEBUG[0m [90msrc/aap2_client.c:334:[0m Success
18:52:53 [32mINFO [0m [90msrc/aap2_client.c:418:[0m Bundle sent !
18:52:53 [36mDEBUG[0m [90msrc/aap2_client.c:334:[0m Success
18:52:53 [32mINFO [0m [90msrc/aap2_client.c:418:[0m Bundle sent !
18:52:53 [36mDEBUG[0m [90msrc/aap2_client.c:334:[0m Success
18:52:53 [32mINFO [0m [90msrc/aap2_client.c:418:[0m Bundle sent !
18:52:53 [36mDEBUG[0m [90msrc/aap2_client.c:334:[0m Success
18:52:53 [32mINFO [0m [90msrc/aap2_client.c:418:[0m Bundle sent !
18:52:53 [36mDEBUG[0m [90msrc/aap2_client.c:334:[0m Success
18:52:54 [32mINFO [0m [90msrc/aap2_client.c:418:[0m Bundle sent !
18:52:54 [36mDEBUG[0m [90msrc/aap2_client.c:334:[0m Success
18:52:54 [32mINFO [0m [90msrc/aap2_client.c:418:[0m Bundle sent !
18:52:54 [36mDEBUG[0m [90msrc/aap2_client.c:334:[0m Success
18:52:54 [32mINFO [0m [90msrc/aap2_client.c:418:[0m Bundle sent !
18:52:54 [36mDEBUG[0m [90msrc/aap2_client.c:334:[0m Success
18:52:54 [32mINFO [0m [90msrc/aap2_client.c:418:[0m Bundle sent !
18:52:54 [36mDEBUG[0m [90msrc/aap2_client.c:334:[0m Success
18:52:54 [32mINFO [0m [90msrc/aap2_client.c:418:[0m Bundle sent !
18:52:54 [36mDEBUG[0m [90msrc/aap2_client.c:334:[0m Success
18:52:54 [32mINFO [0m [90msrc/aap2_client.c:418:[0m Bundle sent !
18:52:54 [36mDEBUG[0m [90msrc/aap2_client.c:334:[0m Success
18:52:54 [32mINFO [0m [90msrc/aap2_client.c:418:[0m Bundle sent !
18:52:54 [36mDEBUG[0m [90msrc/aap2_client.c:334:[0m Success
18:52:54 [32mINFO [0m [90msrc/aap2_client.c:418:[0m Bundle sent !
18:52:54 [36mDEBUG[0m [90msrc/aap2_client.c:334:[0m Success
18:52:54 [32mINFO [0m [90msrc/aap2_client.c:418:[0m Bundle sent !
18:52:54 [36mDEBUG[0m [90msrc/aap2_client.c:334:[0m Success
18:52:54 [32mINFO [0m [90msrc/aap2_client.c:418:[0m Bundle sent !
18:52:54 [36mDEBUG[0m [90msrc/aap2_client.c:334:[0m Success
18:52:56 [32mINFO [0m [90msrc/aap2_client.c:418:[0m Bundle sent !
18:52:56 [36mDEBUG[0m [90msrc/aap2_client.c:334:[0m Success
18:52:56 [32mINFO [0m [90msrc/aap2_client.c:418:[0m Bundle sent !
18:52:56 [36mDEBUG[0m [90msrc/aap2_client.c:334:[0m Success
18:52:56 [32mINFO [0m [90msrc/aap2_client.c:418:[0m Bundle sent !
18:52:56 [36mDEBUG[0m [90msrc/aap2_client.c:334:[0m Success
18:52:56 [32mINFO [0m [90msrc/aap2_client.c:418:[0m Bundle sent !
18:52:56 [36mDEBUG[0m [90msrc/aap2_client.c:334:[0m Success
18:52:56 [32mINFO [0m [90msrc/aap2_client.c:418:[0m Bundle sent !
18:52:56 [36mDEBUG[0m [90msrc/aap2_client.c:334:[0m Success
18:52:56 [32mINFO [0m [90msrc/aap2_client.c:418:[0m Bundle sent !
18:52:56 [36mDEBUG[0m [90msrc/aap2_client.c:334:[0m Success
18:52:56 [32mINFO [0m [90msrc/aap2_client.c:418:[0m Bundle sent !
18:52:56 [36mDEBUG[0m [90msrc/aap2_client.c:334:[0m Success
18:52:56 [32mINFO [0m [90msrc/aap2_client.c:418:[0m Bundle sent !
18:52:56 [36mDEBUG[0m [90msrc/aap2_client.c:334:[0m Success
18:52:56 [32mINFO [0m [90msrc/aap2_client.c:418:[0m Bundle sent !
18:52:56 [36mDEBUG[0m [90msrc/aap2_client.c:334:[0m Success
18:52:56 [32mINFO [0m [90msrc/aap2_client.c:418:[0m Bundle sent !
18:52:56 [36mDEBUG[0m [90msrc/aap2_client.c:334:[0m Success
18:52:57 [32mINFO [0m [90msrc/aap2_client.c:418:[0m Bundle sent !
18:52:57 [36mDEBUG[0m [90msrc/aap2_client.c:334:[0m Success
18:52:57 [32mINFO [0m [90msrc/aap2_client.c:418:[0m Bundle sent !
18:52:57 [36mDEBUG[0m [90msrc/aap2_client.c:334:[0m Success
18:52:57 [32mINFO [0m [90msrc/aap2_client.c:418:[0m Bundle sent !
18:52:57 [36mDEBUG[0m [90msrc/aap2_client.c:334:[0m Success
18:52:57 [32mINFO [0m [90msrc/aap2_client.c:418:[0m Bundle sent !
18:52:57 [36mDEBUG[0m [90msrc/aap2_client.c:334:[0m Success
18:52:57 [32mINFO [0m [90msrc/aap2_client.c:418:[0m Bundle sent !
18:52:57 [36mDEBUG[0m [90msrc/aap2_client.c:334:[0m Success
18:52:57 [32mINFO [0m [90msrc/aap2_client.c:418:[0m Bundle sent !
18:52:57 [36mDEBUG[0m [90msrc/aap2_client.c:334:[0m Success
18:52:57 [32mINFO [0m [90msrc/aap2_client.c:418:[0m Bundle sent !
18:52:57 [36mDEBUG[0m [90msrc/aap2_client.c:334:[0m Success
18:52:57 [32mINFO [0m [90msrc/aap2_client.c:418:[0m Bundle sent !
18:52:57 [36mDEBUG[0m [90msrc/aap2_client.c:334:[0m Success
18:52:57 [32mINFO [0m [90msrc/aap2_client.c:418:[0m Bundle sent !
18:52:57 [36mDEBUG[0m [90msrc/aap2_client.c:334:[0m Success
18:52:57 [32mINFO [0m [90msrc/aap2_client.c:418:[0m Bundle sent !
18:52:57 [36mDEBUG[0m [90msrc/aap2_client.c:334:[0m Success
18:52:59 [32mINFO [0m [90msrc/aap2_client.c:418:[0m Bundle sent !
18:52:59 [36mDEBUG[0m [90msrc/aap2_client.c:334:[0m Success
18:52:59 [32mINFO [0m [90msrc/aap2_client.c:418:[0m Bundle sent !
18:52:59 [36mDEBUG[0m [90msrc/aap2_client.c:334:[0m Success
18:52:59 [32mINFO [0m [90msrc/aap2_client.c:418:[0m Bundle sent !
18:52:59 [36mDEBUG[0m [90msrc/aap2_client.c:334:[0m Success
18:52:59 [32mINFO [0m [90msrc/aap2_client.c:418:[0m Bundle sent !
18:52:59 [36mDEBUG[0m [90msrc/aap2_client.c:334:[0m Success
18:52:59 [32mINFO [0m [90msrc/aap2_client.c:418:[0m Bundle sent !
18:52:59 [36mDEBUG[0m [90msrc/aap2_client.c:334:[0m Success
18:52:59 [32mINFO [0m [90msrc/aap2_client.c:418:[0m Bundle sent !
18:52:59 [36mDEBUG[0m [90msrc/aap2_client.c:334:[0m Success
18:52:59 [32mINFO [0m [90msrc/aap2_client.c:418:[0m Bundle sent !
18:52:59 [36mDEBUG[0m [90msrc/aap2_client.c:334:[0m Success
18:52:59 [32mINFO [0m [90msrc/aap2_client.c:418:[0m Bundle sent !
18:52:59 [36mDEBUG[0m [90msrc/aap2_client.c:334:[0m Success
18:52:59 [32mINFO [0m [90msrc/aap2_client.c:418:[0m Bundle sent !
18:52:59 [36mDEBUG[0m [90msrc/aap2_client.c:334:[0m Success
18:52:59 [32mINFO [0m [90msrc/aap2_client.c:418:[0m Bundle sent !
18:52:59 [36mDEBUG[0m [90msrc/aap2_client.c:334:[0m Success
18:53:00 [32mINFO [0m [90msrc/aap2_client.c:418:[0m Bundle sent !
18:53:00 [36mDEBUG[0m [90msrc/aap2_client.c:334:[0m Success
18:53:00 [32mINFO [0m [90msrc/aap2_client.c:418:[0m Bundle sent !
18:53:00 [36mDEBUG[0m [90msrc/aap2_client.c:334:[0m Success
18:53:00 [32mINFO [0m [90msrc/aap2_client.c:418:[0m Bundle sent !
18:53:00 [36mDEBUG[0m [90msrc/aap2_client.c:334:[0m Success
18:53:00 [32mINFO [0m [90msrc/aap2_client.c:418:[0m Bundle sent !
18:53:00 [36mDEBUG[0m [90msrc/aap2_client.c:334:[0m Success
18:53:00 [32mINFO [0m [90msrc/aap2_client.c:418:[0m Bundle sent !
18:53:00 [36mDEBUG[0m [90msrc/aap2_client.c:334:[0m Success
18:53:00 [32mINFO [0m [90msrc/aap2_client.c:418:[0m Bundle sent !
18:53:00 [36mDEBUG[0m [90msrc/aap2_client.c:334:[0m Success
18:53:00 [32mINFO [0m [90msrc/aap2_client.c:418:[0m Bundle sent !
18:53:00 [36mDEBUG[0m [90msrc/aap2_client.c:334:[0m Success
18:53:00 [32mINFO [0m [90msrc/aap2_client.c:418:[0m Bundle sent !
18:53:00 [36mDEBUG[0m [90msrc/aap2_client.c:334:[0m Success
18:53:00 [32mINFO [0m [90msrc/aap2_client.c:418:[0m Bundle sent !
18:53:00 [36mDEBUG[0m [90msrc/aap2_client.c:334:[0m Success
18:53:00 [32mINFO [0m [90msrc/aap2_client.c:418:[0m Bundle sent !
18:53:00 [36mDEBUG[0m [90msrc/aap2_client.c:334:[0m Success
18:53:02 [32mINFO [0m [90msrc/aap2_client.c:418:[0m Bundle sent !
18:53:02 [36mDEBUG[0m [90msrc/aap2_client.c:334:[0m Success
18:53:02 [32mINFO [0m [90msrc/aap2_client.c:418:[0m Bundle sent !
18:53:02 [36mDEBUG[0m [90msrc/aap2_client.c:334:[0m Success
18:53:02 [32mINFO [0m [90msrc/aap2_client.c:418:[0m Bundle sent !
18:53:02 [36mDEBUG[0m [90msrc/aap2_client.c:334:[0m Success
18:53:02 [32mINFO [0m [90msrc/aap2_client.c:418:[0m Bundle sent !
18:53:02 [36mDEBUG[0m [90msrc/aap2_client.c:334:[0m Success
18:53:02 [32mINFO [0m [90msrc/aap2_client.c:418:[0m Bundle sent !
18:53:02 [36mDEBUG[0m [90msrc/aap2_client.c:334:[0m Success
18:53:02 [32mINFO [0m [90msrc/aap2_client.c:418:[0m Bundle sent !
18:53:02 [36mDEBUG[0m [90msrc/aap2_client.c:334:[0m Success
18:53:02 [32mINFO [0m [90msrc/aap2_client.c:418:[0m Bundle sent !
18:53:02 [36mDEBUG[0m [90msrc/aap2_client.c:334:[0m Success
18:53:02 [32mINFO [0m [90msrc/aap2_client.c:418:[0m Bundle sent !
18:53:02 [36mDEBUG[0m [90msrc/aap2_client.c:334:[0m Success
18:53:02 [32mINFO [0m [90msrc/aap2_client.c:418:[0m Bundle sent !
18:53:02 [36mDEBUG[0m [90msrc/aap2_client.c:334:[0m Success
18:53:02 [32mINFO [0m [90msrc/aap2_client.c:418:[0m Bundle sent !
18:53:02 [36mDEBUG[0m [90msrc/aap2_client.c:334:[0m Success
18:53:03 [32mINFO [0m [90msrc/aap2_client.c:418:[0m Bundle sent !
18:53:03 [36mDEBUG[0m [90msrc/aap2_client.c:334:[0m Success
18:53:03 [32mINFO [0m [90msrc/aap2_client.c:418:[0m Bundle sent !
18:53:03 [36mDEBUG[0m [90msrc/aap2_client.c:334:[0m Success
18:53:03 [32mINFO [0m [90msrc/aap2_client.c:418:[0m Bundle sent !
18:53:03 [36mDEBUG[0m [90msrc/aap2_client.c:334:[0m Success
18:53:03 [32mINFO [0m [90msrc/aap2_client.c:418:[0m Bundle sent !
18:53:03 [36mDEBUG[0m [90msrc/aap2_client.c:334:[0m Success
18:53:03 [32mINFO [0m [90msrc/aap2_client.c:418:[0m Bundle sent !
18:53:03 [36mDEBUG[0m [90msrc/aap2_client.c:334:[0m Success
18:53:03 [32mINFO [0m [90msrc/aap2_client.c:418:[0m Bundle sent !
18:53:03 [36mDEBUG[0m [90msrc/aap2_client.c:334:[0m Success
18:53:03 [32mINFO [0m [90msrc/aap2_client.c:418:[0m Bundle sent !
18:53:03 [36mDEBUG[0m [90msrc/aap2_client.c:334:[0m Success
18:53:03 [32mINFO [0m [90msrc/aap2_client.c:418:[0m Bundle sent !
18:53:03 [36mDEBUG[0m [90msrc/aap2_client.c:334:[0m Success
18:53:03 [32mINFO [0m [90msrc/aap2_client.c:418:[0m Bundle sent !
18:53:03 [36mDEBUG[0m [90msrc/aap2_client.c:334:[0m Success
18:53:03 [32mINFO [0m [90msrc/aap2_client.c:418:[0m Bundle sent !
18:53:03 [36mDEBUG[0m [90msrc/aap2_client.c:334:[0m Success
18:53:05 [32mINFO [0m [90msrc/aap2_client.c:418:[0m Bundle sent !
18:53:05 [36mDEBUG[0m [90msrc/aap2_client.c:334:[0m Success
18:53:05 [32mINFO [0m [90msrc/aap2_client.c:418:[0m Bundle sent !
18:53:05 [36mDEBUG[0m [90msrc/aap2_client.c:334:[0m Success
18:53:05 [32mINFO [0m [90msrc/aap2_client.c:418:[0m Bundle sent !
18:53:05 [36mDEBUG[0m [90msrc/aap2_client.c:334:[0m Success
18:53:05 [32mINFO [0m [90msrc/aap2_client.c:418:[0m Bundle sent !
18:53:05 [36mDEBUG[0m [90msrc/aap2_client.c:334:[0m Success
18:53:05 [32mINFO [0m [90msrc/aap2_client.c:418:[0m Bundle sent !
18:53:05 [36mDEBUG[0m [90msrc/aap2_client.c:334:[0m Success
18:53:05 [32mINFO [0m [90msrc/aap2_client.c:418:[0m Bundle sent !
18:53:05 [36mDEBUG[0m [90msrc/aap2_client.c:334:[0m Success
18:53:05 [32mINFO [0m [90msrc/aap2_client.c:418:[0m Bundle sent !
18:53:05 [36mDEBUG[0m [90msrc/aap2_client.c:334:[0m Success
18:53:05 [32mINFO [0m [90msrc/aap2_client.c:418:[0m Bundle sent !
18:53:05 [36mDEBUG[0m [90msrc/aap2_client.c:334:[0m Success
18:53:05 [32mINFO [0m [90msrc/aap2_client.c:418:[0m Bundle sent !
18:53:05 [36mDEBUG[0m [90msrc/aap2_client.c:334:[0m Success
18:53:05 [32mINFO [0m [90msrc/aap2_client.c:418:[0m Bundle sent !
18:53:05 [36mDEBUG[0m [90msrc/aap2_client.c:334:[0m Success
18:53:07 [32mINFO [0m [90msrc/aap2_client.c:418:[0m Bundle sent !
18:53:07 [36mDEBUG[0m [90msrc/aap2_client.c:334:[0m Success
18:53:07 [32mINFO [0m [90msrc/aap2_client.c:418:[0m Bundle sent !
18:53:07 [36mDEBUG[0m [90msrc/aap2_client.c:334:[0m Success
18:53:07 [32mINFO [0m [90msrc/aap2_client.c:418:[0m Bundle sent !
18:53:07 [36mDEBUG[0m [90msrc/aap2_client.c:334:[0m Success
18:53:07 [32mINFO [0m [90msrc/aap2_client.c:418:[0m Bundle sent !
18:53:07 [36mDEBUG[0m [90msrc/aap2_client.c:334:[0m Success
18:53:07 [32mINFO [0m [90msrc/aap2_client.c:418:[0m Bundle sent !
18:53:07 [36mDEBUG[0m [90msrc/aap2_client.c:334:[0m Success
18:53:07 [32mINFO [0m [90msrc/aap2_client.c:418:[0m Bundle sent !
18:53:07 [36mDEBUG[0m [90msrc/aap2_client.c:334:[0m Success
18:53:07 [32mINFO [0m [90msrc/aap2_client.c:418:[0m Bundle sent !
18:53:07 [36mDEBUG[0m [90msrc/aap2_client.c:334:[0m Success
18:53:07 [32mINFO [0m [90msrc/aap2_client.c:418:[0m Bundle sent !
18:53:07 [36mDEBUG[0m [90msrc/aap2_client.c:334:[0m Success
18:53:07 [32mINFO [0m [90msrc/aap2_client.c:418:[0m Bundle sent !
18:53:07 [36mDEBUG[0m [90msrc/aap2_client.c:334:[0m Success
18:53:07 [32mINFO [0m [90msrc/aap2_client.c:418:[0m Bundle sent !
18:53:07 [36mDEBUG[0m [90msrc/aap2_client.c:334:[0m Success
18:53:08 [32mINFO [0m [90msrc/aap2_client.c:418:[0m Bundle sent !
18:53:08 [36mDEBUG[0m [90msrc/aap2_client.c:334:[0m Success
18:53:08 [32mINFO [0m [90msrc/aap2_client.c:418:[0m Bundle sent !
18:53:08 [36mDEBUG[0m [90msrc/aap2_client.c:334:[0m Success
18:53:08 [32mINFO [0m [90msrc/aap2_client.c:418:[0m Bundle sent !
18:53:08 [36mDEBUG[0m [90msrc/aap2_client.c:334:[0m Success
18:53:08 [32mINFO [0m [90msrc/aap2_client.c:418:[0m Bundle sent !
18:53:08 [36mDEBUG[0m [90msrc/aap2_client.c:334:[0m Success
18:53:08 [32mINFO [0m [90msrc/aap2_client.c:418:[0m Bundle sent !
18:53:08 [36mDEBUG[0m [90msrc/aap2_client.c:334:[0m Success
18:53:08 [32mINFO [0m [90msrc/aap2_client.c:418:[0m Bundle sent !
18:53:08 [36mDEBUG[0m [90msrc/aap2_client.c:334:[0m Success
18:53:08 [32mINFO [0m [90msrc/aap2_client.c:418:[0m Bundle sent !
18:53:08 [36mDEBUG[0m [90msrc/aap2_client.c:334:[0m Success
18:53:08 [32mINFO [0m [90msrc/aap2_client.c:418:[0m Bundle sent !
18:53:08 [36mDEBUG[0m [90msrc/aap2_client.c:334:[0m Success
18:53:08 [32mINFO [0m [90msrc/aap2_client.c:418:[0m Bundle sent !
18:53:08 [36mDEBUG[0m [90msrc/aap2_client.c:334:[0m Success
18:53:08 [32mINFO [0m [90msrc/aap2_client.c:418:[0m Bundle sent !
18:53:08 [36mDEBUG[0m [90msrc/aap2_client.c:334:[0m Success
18:53:10 [32mINFO [0m [90msrc/aap2_client.c:418:[0m Bundle sent !
18:53:10 [36mDEBUG[0m [90msrc/aap2_client.c:334:[0m Success
18:53:10 [32mINFO [0m [90msrc/aap2_client.c:418:[0m Bundle sent !
18:53:10 [36mDEBUG[0m [90msrc/aap2_client.c:334:[0m Success
18:53:10 [32mINFO [0m [90msrc/aap2_client.c:418:[0m Bundle sent !
18:53:10 [36mDEBUG[0m [90msrc/aap2_client.c:334:[0m Success
18:53:10 [32mINFO [0m [90msrc/aap2_client.c:418:[0m Bundle sent !
18:53:10 [36mDEBUG[0m [90msrc/aap2_client.c:334:[0m Success
18:53:10 [32mINFO [0m [90msrc/aap2_client.c:418:[0m Bundle sent !
18:53:10 [36mDEBUG[0m [90msrc/aap2_client.c:334:[0m Success
18:53:10 [32mINFO [0m [90msrc/aap2_client.c:418:[0m Bundle sent !
18:53:10 [36mDEBUG[0m [90msrc/aap2_client.c:334:[0m Success
18:53:10 [32mINFO [0m [90msrc/aap2_client.c:418:[0m Bundle sent !
18:53:10 [36mDEBUG[0m [90msrc/aap2_client.c:334:[0m Success
18:53:10 [32mINFO [0m [90msrc/aap2_client.c:418:[0m Bundle sent !
18:53:10 [36mDEBUG[0m [90msrc/aap2_client.c:334:[0m Success
18:53:10 [32mINFO [0m [90msrc/aap2_client.c:418:[0m Bundle sent !
18:53:10 [36mDEBUG[0m [90msrc/aap2_client.c:334:[0m Success
18:53:10 [32mINFO [0m [90msrc/aap2_client.c:418:[0m Bundle sent !
18:53:10 [36mDEBUG[0m [90msrc/aap2_client.c:334:[0m Success
18:53:11 [32mINFO [0m [90msrc/aap2_client.c:418:[0m Bundle sent !
18:53:11 [36mDEBUG[0m [90msrc/aap2_client.c:334:[0m Success
18:53:11 [32mINFO [0m [90msrc/aap2_client.c:418:[0m Bundle sent !
18:53:11 [36mDEBUG[0m [90msrc/aap2_client.c:334:[0m Success
18:53:11 [32mINFO [0m [90msrc/aap2_client.c:418:[0m Bundle sent !
18:53:11 [36mDEBUG[0m [90msrc/aap2_client.c:334:[0m Success
18:53:11 [32mINFO [0m [90msrc/aap2_client.c:418:[0m Bundle sent !
18:53:11 [36mDEBUG[0m [90msrc/aap2_client.c:334:[0m Success
18:53:11 [32mINFO [0m [90msrc/aap2_client.c:418:[0m Bundle sent !
18:53:11 [36mDEBUG[0m [90msrc/aap2_client.c:334:[0m Success
18:53:11 [32mINFO [0m [90msrc/aap2_client.c:418:[0m Bundle sent !
18:53:11 [36mDEBUG[0m [90msrc/aap2_client.c:334:[0m Success
18:53:11 [32mINFO [0m [90msrc/aap2_client.c:418:[0m Bundle sent !
18:53:11 [36mDEBUG[0m [90msrc/aap2_client.c:334:[0m Success
18:53:11 [32mINFO [0m [90msrc/aap2_client.c:418:[0m Bundle sent !
18:53:11 [36mDEBUG[0m [90msrc/aap2_client.c:334:[0m Success
18:53:11 [32mINFO [0m [90msrc/aap2_client.c:418:[0m Bundle sent !
18:53:11 [36mDEBUG[0m [90msrc/aap2_client.c:334:[0m Success
18:53:11 [32mINFO [0m [90msrc/aap2_client.c:418:[0m Bundle sent !
18:53:11 [36mDEBUG[0m [90msrc/aap2_client.c:334:[0m Success
18:53:13 [32mINFO [0m [90msrc/aap2_client.c:418:[0m Bundle sent !
18:53:13 [36mDEBUG[0m [90msrc/aap2_client.c:334:[0m Success
18:53:13 [32mINFO [0m [90msrc/aap2_client.c:418:[0m Bundle sent !
18:53:13 [36mDEBUG[0m [90msrc/aap2_client.c:334:[0m Success
18:53:13 [32mINFO [0m [90msrc/aap2_client.c:418:[0m Bundle sent !
18:53:13 [36mDEBUG[0m [90msrc/aap2_client.c:334:[0m Success
18:53:13 [32mINFO [0m [90msrc/aap2_client.c:418:[0m Bundle sent !
18:53:13 [36mDEBUG[0m [90msrc/aap2_client.c:334:[0m Success
18:53:13 [32mINFO [0m [90msrc/aap2_client.c:418:[0m Bundle sent !
18:53:13 [36mDEBUG[0m [90msrc/aap2_client.c:334:[0m Success
18:53:13 [32mINFO [0m [90msrc/aap2_client.c:418:[0m Bundle sent !
18:53:13 [36mDEBUG[0m [90msrc/aap2_client.c:334:[0m Success
18:53:13 [32mINFO [0m [90msrc/aap2_client.c:418:[0m Bundle sent !
18:53:13 [36mDEBUG[0m [90msrc/aap2_client.c:334:[0m Success
18:53:13 [32mINFO [0m [90msrc/aap2_client.c:418:[0m Bundle sent !
18:53:13 [36mDEBUG[0m [90msrc/aap2_client.c:334:[0m Success
18:53:13 [32mINFO [0m [90msrc/aap2_client.c:418:[0m Bundle sent !
18:53:13 [36mDEBUG[0m [90msrc/aap2_client.c:334:[0m Success
18:53:13 [32mINFO [0m [90msrc/aap2_client.c:418:[0m Bundle sent !
18:53:13 [36mDEBUG[0m [90msrc/aap2_client.c:334:[0m Success
18:53:14 [32mINFO [0m [90msrc/aap2_client.c:418:[0m Bundle sent !
18:53:14 [36mDEBUG[0m [90msrc/aap2_client.c:334:[0m Success
18:53:14 [32mINFO [0m [90msrc/aap2_client.c:418:[0m Bundle sent !
18:53:14 [36mDEBUG[0m [90msrc/aap2_client.c:334:[0m Success
18:53:14 [32mINFO [0m [90msrc/aap2_client.c:418:[0m Bundle sent !
18:53:14 [36mDEBUG[0m [90msrc/aap2_client.c:334:[0m Success
18:53:14 [32mINFO [0m [90msrc/aap2_client.c:418:[0m Bundle sent !
18:53:14 [36mDEBUG[0m [90msrc/aap2_client.c:334:[0m Success
18:53:14 [32mINFO [0m [90msrc/aap2_client.c:418:[0m Bundle sent !
18:53:14 [36mDEBUG[0m [90msrc/aap2_client.c:334:[0m Success
18:53:14 [32mINFO [0m [90msrc/aap2_client.c:418:[0m Bundle sent !
18:53:14 [36mDEBUG[0m [90msrc/aap2_client.c:334:[0m Success
18:53:14 [32mINFO [0m [90msrc/aap2_client.c:418:[0m Bundle sent !
18:53:14 [36mDEBUG[0m [90msrc/aap2_client.c:334:[0m Success
18:53:14 [32mINFO [0m [90msrc/aap2_client.c:418:[0m Bundle sent !
18:53:14 [36mDEBUG[0m [90msrc/aap2_client.c:334:[0m Success
18:53:14 [32mINFO [0m [90msrc/aap2_client.c:418:[0m Bundle sent !
18:53:14 [36mDEBUG[0m [90msrc/aap2_client.c:334:[0m Success
18:53:14 [32mINFO [0m [90msrc/aap2_client.c:418:[0m Bundle sent !
18:53:14 [36mDEBUG[0m [90msrc/aap2_client.c:334:[0m Success
18:53:16 [32mINFO [0m [90msrc/aap2_client.c:418:[0m Bundle sent !
18:53:16 [36mDEBUG[0m [90msrc/aap2_client.c:334:[0m Success
18:53:16 [32mINFO [0m [90msrc/aap2_client.c:418:[0m Bundle sent !
18:53:16 [36mDEBUG[0m [90msrc/aap2_client.c:334:[0m Success
18:53:16 [32mINFO [0m [90msrc/aap2_client.c:418:[0m Bundle sent !
18:53:16 [36mDEBUG[0m [90msrc/aap2_client.c:334:[0m Success
18:53:16 [32mINFO [0m [90msrc/aap2_client.c:418:[0m Bundle sent !
18:53:16 [36mDEBUG[0m [90msrc/aap2_client.c:334:[0m Success
18:53:16 [32mINFO [0m [90msrc/aap2_client.c:418:[0m Bundle sent !
18:53:16 [36mDEBUG[0m [90msrc/aap2_client.c:334:[0m Success
18:53:16 [32mINFO [0m [90msrc/aap2_client.c:418:[0m Bundle sent !
18:53:16 [36mDEBUG[0m [90msrc/aap2_client.c:334:[0m Success
18:53:16 [32mINFO [0m [90msrc/aap2_client.c:418:[0m Bundle sent !
18:53:16 [36mDEBUG[0m [90msrc/aap2_client.c:334:[0m Success
18:53:16 [32mINFO [0m [90msrc/aap2_client.c:418:[0m Bundle sent !
18:53:16 [36mDEBUG[0m [90msrc/aap2_client.c:334:[0m Success
18:53:16 [32mINFO [0m [90msrc/aap2_client.c:418:[0m Bundle sent !
18:53:16 [36mDEBUG[0m [90msrc/aap2_client.c:334:[0m Success
18:53:16 [32mINFO [0m [90msrc/aap2_client.c:418:[0m Bundle sent !
18:53:16 [36mDEBUG[0m [90msrc/aap2_client.c:334:[0m Success
18:53:17 [32mINFO [0m [90msrc/aap2_client.c:418:[0m Bundle sent !
18:53:17 [36mDEBUG[0m [90msrc/aap2_client.c:334:[0m Success
18:53:17 [32mINFO [0m [90msrc/aap2_client.c:418:[0m Bundle sent !
18:53:17 [36mDEBUG[0m [90msrc/aap2_client.c:334:[0m Success
18:53:17 [32mINFO [0m [90msrc/aap2_client.c:418:[0m Bundle sent !
18:53:17 [36mDEBUG[0m [90msrc/aap2_client.c:334:[0m Success
18:53:17 [32mINFO [0m [90msrc/aap2_client.c:418:[0m Bundle sent !
18:53:17 [36mDEBUG[0m [90msrc/aap2_client.c:334:[0m Success
18:53:17 [32mINFO [0m [90msrc/aap2_client.c:418:[0m Bundle sent !
18:53:17 [36mDEBUG[0m [90msrc/aap2_client.c:334:[0m Success
18:53:17 [32mINFO [0m [90msrc/aap2_client.c:418:[0m Bundle sent !
18:53:17 [36mDEBUG[0m [90msrc/aap2_client.c:334:[0m Success
18:53:17 [32mINFO [0m [90msrc/aap2_client.c:418:[0m Bundle sent !
18:53:17 [36mDEBUG[0m [90msrc/aap2_client.c:334:[0m Success
18:53:17 [32mINFO [0m [90msrc/aap2_client.c:418:[0m Bundle sent !
18:53:17 [36mDEBUG[0m [90msrc/aap2_client.c:334:[0m Success
18:53:17 [32mINFO [0m [90msrc/aap2_client.c:418:[0m Bundle sent !
18:53:17 [36mDEBUG[0m [90msrc/aap2_client.c:334:[0m Success
18:53:17 [32mINFO [0m [90msrc/aap2_client.c:418:[0m Bundle sent !
18:53:17 [36mDEBUG[0m [90msrc/aap2_client.c:334:[0m Success
18:53:19 [32mINFO [0m [90msrc/aap2_client.c:418:[0m Bundle sent !
18:53:19 [36mDEBUG[0m [90msrc/aap2_client.c:334:[0m Success
18:53:19 [32mINFO [0m [90msrc/aap2_client.c:418:[0m Bundle sent !
18:53:19 [36mDEBUG[0m [90msrc/aap2_client.c:334:[0m Success
18:53:19 [32mINFO [0m [90msrc/aap2_client.c:418:[0m Bundle sent !
18:53:19 [36mDEBUG[0m [90msrc/aap2_client.c:334:[0m Success
18:53:19 [32mINFO [0m [90msrc/aap2_client.c:418:[0m Bundle sent !
18:53:19 [36mDEBUG[0m [90msrc/aap2_client.c:334:[0m Success
18:53:19 [32mINFO [0m [90msrc/aap2_client.c:418:[0m Bundle sent !
18:53:19 [36mDEBUG[0m [90msrc/aap2_client.c:334:[0m Success
18:53:19 [32mINFO [0m [90msrc/aap2_client.c:418:[0m Bundle sent !
18:53:19 [36mDEBUG[0m [90msrc/aap2_client.c:334:[0m Success
18:53:19 [32mINFO [0m [90msrc/aap2_client.c:418:[0m Bundle sent !
18:53:19 [36mDEBUG[0m [90msrc/aap2_client.c:334:[0m Success
18:53:19 [32mINFO [0m [90msrc/aap2_client.c:418:[0m Bundle sent !
18:53:19 [36mDEBUG[0m [90msrc/aap2_client.c:334:[0m Success
18:53:19 [32mINFO [0m [90msrc/aap2_client.c:418:[0m Bundle sent !
18:53:19 [36mDEBUG[0m [90msrc/aap2_client.c:334:[0m Success
18:53:19 [32mINFO [0m [90msrc/aap2_client.c:418:[0m Bundle sent !
18:53:19 [36mDEBUG[0m [90msrc/aap2_client.c:334:[0m Success
18:53:20 [32mINFO [0m [90msrc/aap2_client.c:418:[0m Bundle sent !
18:53:20 [36mDEBUG[0m [90msrc/aap2_client.c:334:[0m Success
18:53:20 [32mINFO [0m [90msrc/aap2_client.c:418:[0m Bundle sent !
18:53:20 [36mDEBUG[0m [90msrc/aap2_client.c:334:[0m Success
18:53:20 [32mINFO [0m [90msrc/aap2_client.c:418:[0m Bundle sent !
18:53:20 [36mDEBUG[0m [90msrc/aap2_client.c:334:[0m Success
18:53:20 [32mINFO [0m [90msrc/aap2_client.c:418:[0m Bundle sent !
18:53:20 [36mDEBUG[0m [90msrc/aap2_client.c:334:[0m Success
18:53:20 [32mINFO [0m [90msrc/aap2_client.c:418:[0m Bundle sent !
18:53:20 [36mDEBUG[0m [90msrc/aap2_client.c:334:[0m Success
18:53:20 [32mINFO [0m [90msrc/aap2_client.c:418:[0m Bundle sent !
18:53:20 [36mDEBUG[0m [90msrc/aap2_client.c:334:[0m Success
18:53:20 [32mINFO [0m [90msrc/aap2_client.c:418:[0m Bundle sent !
18:53:20 [36mDEBUG[0m [90msrc/aap2_client.c:334:[0m Success
18:53:20 [32mINFO [0m [90msrc/aap2_client.c:418:[0m Bundle sent !
18:53:20 [36mDEBUG[0m [90msrc/aap2_client.c:334:[0m Success
18:53:20 [32mINFO [0m [90msrc/aap2_client.c:418:[0m Bundle sent !
18:53:20 [36mDEBUG[0m [90msrc/aap2_client.c:334:[0m Success
18:53:20 [32mINFO [0m [90msrc/aap2_client.c:418:[0m Bundle sent !
18:53:20 [36mDEBUG[0m [90msrc/aap2_client.c:334:[0m Success
18:53:22 [32mINFO [0m [90msrc/aap2_client.c:418:[0m Bundle sent !
18:53:22 [36mDEBUG[0m [90msrc/aap2_client.c:334:[0m Success
18:53:22 [32mINFO [0m [90msrc/aap2_client.c:418:[0m Bundle sent !
18:53:22 [36mDEBUG[0m [90msrc/aap2_client.c:334:[0m Success
18:53:22 [32mINFO [0m [90msrc/aap2_client.c:418:[0m Bundle sent !
18:53:22 [36mDEBUG[0m [90msrc/aap2_client.c:334:[0m Success
18:53:22 [32mINFO [0m [90msrc/aap2_client.c:418:[0m Bundle sent !
18:53:22 [36mDEBUG[0m [90msrc/aap2_client.c:334:[0m Success
18:53:22 [32mINFO [0m [90msrc/aap2_client.c:418:[0m Bundle sent !
18:53:22 [36mDEBUG[0m [90msrc/aap2_client.c:334:[0m Success
18:53:22 [32mINFO [0m [90msrc/aap2_client.c:418:[0m Bundle sent !
18:53:22 [36mDEBUG[0m [90msrc/aap2_client.c:334:[0m Success
18:53:22 [32mINFO [0m [90msrc/aap2_client.c:418:[0m Bundle sent !
18:53:22 [36mDEBUG[0m [90msrc/aap2_client.c:334:[0m Success
18:53:22 [32mINFO [0m [90msrc/aap2_client.c:418:[0m Bundle sent !
18:53:22 [36mDEBUG[0m [90msrc/aap2_client.c:334:[0m Success
18:53:22 [32mINFO [0m [90msrc/aap2_client.c:418:[0m Bundle sent !
18:53:22 [36mDEBUG[0m [90msrc/aap2_client.c:334:[0m Success
18:53:22 [32mINFO [0m [90msrc/aap2_client.c:418:[0m Bundle sent !
18:53:22 [36mDEBUG[0m [90msrc/aap2_client.c:334:[0m Success
18:53:23 [32mINFO [0m [90msrc/aap2_client.c:418:[0m Bundle sent !
18:53:23 [36mDEBUG[0m [90msrc/aap2_client.c:334:[0m Success
18:53:23 [32mINFO [0m [90msrc/aap2_client.c:418:[0m Bundle sent !
18:53:23 [36mDEBUG[0m [90msrc/aap2_client.c:334:[0m Success
18:53:23 [32mINFO [0m [90msrc/aap2_client.c:418:[0m Bundle sent !
18:53:23 [36mDEBUG[0m [90msrc/aap2_client.c:334:[0m Success
18:53:23 [32mINFO [0m [90msrc/aap2_client.c:418:[0m Bundle sent !
18:53:23 [36mDEBUG[0m [90msrc/aap2_client.c:334:[0m Success
18:53:23 [32mINFO [0m [90msrc/aap2_client.c:418:[0m Bundle sent !
18:53:23 [36mDEBUG[0m [90msrc/aap2_client.c:334:[0m Success
18:53:23 [32mINFO [0m [90msrc/aap2_client.c:418:[0m Bundle sent !
18:53:23 [36mDEBUG[0m [90msrc/aap2_client.c:334:[0m Success
18:53:23 [32mINFO [0m [90msrc/aap2_client.c:418:[0m Bundle sent !
18:53:23 [36mDEBUG[0m [90msrc/aap2_client.c:334:[0m Success
18:53:23 [32mINFO [0m [90msrc/aap2_client.c:418:[0m Bundle sent !
18:53:23 [36mDEBUG[0m [90msrc/aap2_client.c:334:[0m Success
18:53:23 [32mINFO [0m [90msrc/aap2_client.c:418:[0m Bundle sent !
18:53:23 [36mDEBUG[0m [90msrc/aap2_client.c:334:[0m Success
18:53:23 [32mINFO [0m [90msrc/aap2_client.c:418:[0m Bundle sent !
18:53:23 [36mDEBUG[0m [90msrc/aap2_client.c:334:[0m Success
18:53:25 [32mINFO [0m [90msrc/aap2_client.c:418:[0m Bundle sent !
18:53:25 [36mDEBUG[0m [90msrc/aap2_client.c:334:[0m Success
18:53:25 [32mINFO [0m [90msrc/aap2_client.c:418:[0m Bundle sent !
18:53:25 [36mDEBUG[0m [90msrc/aap2_client.c:334:[0m Success
18:53:25 [32mINFO [0m [90msrc/aap2_client.c:418:[0m Bundle sent !
18:53:25 [36mDEBUG[0m [90msrc/aap2_client.c:334:[0m Success
18:53:25 [32mINFO [0m [90msrc/aap2_client.c:418:[0m Bundle sent !
18:53:25 [36mDEBUG[0m [90msrc/aap2_client.c:334:[0m Success
18:53:25 [32mINFO [0m [90msrc/aap2_client.c:418:[0m Bundle sent !
18:53:25 [36mDEBUG[0m [90msrc/aap2_client.c:334:[0m Success
18:53:25 [32mINFO [0m [90msrc/aap2_client.c:418:[0m Bundle sent !
18:53:25 [36mDEBUG[0m [90msrc/aap2_client.c:334:[0m Success
18:53:25 [32mINFO [0m [90msrc/aap2_client.c:418:[0m Bundle sent !
18:53:25 [36mDEBUG[0m [90msrc/aap2_client.c:334:[0m Success
18:53:25 [32mINFO [0m [90msrc/aap2_client.c:418:[0m Bundle sent !
18:53:25 [36mDEBUG[0m [90msrc/aap2_client.c:334:[0m Success
18:53:25 [32mINFO [0m [90msrc/aap2_client.c:418:[0m Bundle sent !
18:53:25 [36mDEBUG[0m [90msrc/aap2_client.c:334:[0m Success
18:53:25 [32mINFO [0m [90msrc/aap2_client.c:418:[0m Bundle sent !
18:53:25 [36mDEBUG[0m [90msrc/aap2_client.c:334:[0m Success
18:53:27 [32mINFO [0m [90msrc/aap2_client.c:418:[0m Bundle sent !
18:53:27 [36mDEBUG[0m [90msrc/aap2_client.c:334:[0m Success
18:53:27 [32mINFO [0m [90msrc/aap2_client.c:418:[0m Bundle sent !
18:53:27 [36mDEBUG[0m [90msrc/aap2_client.c:334:[0m Success
18:53:27 [32mINFO [0m [90msrc/aap2_client.c:418:[0m Bundle sent !
18:53:27 [36mDEBUG[0m [90msrc/aap2_client.c:334:[0m Success
18:53:27 [32mINFO [0m [90msrc/aap2_client.c:418:[0m Bundle sent !
18:53:27 [36mDEBUG[0m [90msrc/aap2_client.c:334:[0m Success
18:53:27 [32mINFO [0m [90msrc/aap2_client.c:418:[0m Bundle sent !
18:53:27 [36mDEBUG[0m [90msrc/aap2_client.c:334:[0m Success
18:53:27 [32mINFO [0m [90msrc/aap2_client.c:418:[0m Bundle sent !
18:53:27 [36mDEBUG[0m [90msrc/aap2_client.c:334:[0m Success
18:53:27 [32mINFO [0m [90msrc/aap2_client.c:418:[0m Bundle sent !
18:53:27 [36mDEBUG[0m [90msrc/aap2_client.c:334:[0m Success
18:53:27 [32mINFO [0m [90msrc/aap2_client.c:418:[0m Bundle sent !
18:53:27 [36mDEBUG[0m [90msrc/aap2_client.c:334:[0m Success
18:53:27 [32mINFO [0m [90msrc/aap2_client.c:418:[0m Bundle sent !
18:53:27 [36mDEBUG[0m [90msrc/aap2_client.c:334:[0m Success
18:53:27 [32mINFO [0m [90msrc/aap2_client.c:418:[0m Bundle sent !
18:53:27 [36mDEBUG[0m [90msrc/aap2_client.c:334:[0m Success
18:53:28 [32mINFO [0m [90msrc/aap2_client.c:418:[0m Bundle sent !
18:53:28 [36mDEBUG[0m [90msrc/aap2_client.c:334:[0m Success
18:53:28 [32mINFO [0m [90msrc/aap2_client.c:418:[0m Bundle sent !
18:53:28 [36mDEBUG[0m [90msrc/aap2_client.c:334:[0m Success
18:53:28 [32mINFO [0m [90msrc/aap2_client.c:418:[0m Bundle sent !
18:53:28 [36mDEBUG[0m [90msrc/aap2_client.c:334:[0m Success
18:53:28 [32mINFO [0m [90msrc/aap2_client.c:418:[0m Bundle sent !
18:53:28 [36mDEBUG[0m [90msrc/aap2_client.c:334:[0m Success
18:53:28 [32mINFO [0m [90msrc/aap2_client.c:418:[0m Bundle sent !
18:53:28 [36mDEBUG[0m [90msrc/aap2_client.c:334:[0m Success
18:53:28 [32mINFO [0m [90msrc/aap2_client.c:418:[0m Bundle sent !
18:53:28 [36mDEBUG[0m [90msrc/aap2_client.c:334:[0m Success
18:53:28 [32mINFO [0m [90msrc/aap2_client.c:418:[0m Bundle sent !
18:53:28 [36mDEBUG[0m [90msrc/aap2_client.c:334:[0m Success
18:53:28 [32mINFO [0m [90msrc/aap2_client.c:418:[0m Bundle sent !
18:53:28 [36mDEBUG[0m [90msrc/aap2_client.c:334:[0m Success
18:53:28 [32mINFO [0m [90msrc/aap2_client.c:418:[0m Bundle sent !
18:53:28 [36mDEBUG[0m [90msrc/aap2_client.c:334:[0m Success
18:53:28 [32mINFO [0m [90msrc/aap2_client.c:418:[0m Bundle sent !
18:53:28 [36mDEBUG[0m [90msrc/aap2_client.c:334:[0m Success
18:53:30 [32mINFO [0m [90msrc/aap2_client.c:418:[0m Bundle sent !
18:53:30 [36mDEBUG[0m [90msrc/aap2_client.c:334:[0m Success
18:53:30 [32mINFO [0m [90msrc/aap2_client.c:418:[0m Bundle sent !
18:53:30 [36mDEBUG[0m [90msrc/aap2_client.c:334:[0m Success
18:53:30 [32mINFO [0m [90msrc/aap2_client.c:418:[0m Bundle sent !
18:53:30 [36mDEBUG[0m [90msrc/aap2_client.c:334:[0m Success
18:53:30 [32mINFO [0m [90msrc/aap2_client.c:418:[0m Bundle sent !
18:53:30 [36mDEBUG[0m [90msrc/aap2_client.c:334:[0m Success
18:53:30 [32mINFO [0m [90msrc/aap2_client.c:418:[0m Bundle sent !
18:53:30 [36mDEBUG[0m [90msrc/aap2_client.c:334:[0m Success
18:53:30 [32mINFO [0m [90msrc/aap2_client.c:418:[0m Bundle sent !
18:53:30 [36mDEBUG[0m [90msrc/aap2_client.c:334:[0m Success
18:53:30 [32mINFO [0m [90msrc/aap2_client.c:418:[0m Bundle sent !
18:53:30 [36mDEBUG[0m [90msrc/aap2_client.c:334:[0m Success
18:53:30 [32mINFO [0m [90msrc/aap2_client.c:418:[0m Bundle sent !
18:53:30 [36mDEBUG[0m [90msrc/aap2_client.c:334:[0m Success
18:53:30 [32mINFO [0m [90msrc/aap2_client.c:418:[0m Bundle sent !
18:53:30 [36mDEBUG[0m [90msrc/aap2_client.c:334:[0m Success
18:53:30 [32mINFO [0m [90msrc/aap2_client.c:418:[0m Bundle sent !
18:53:30 [36mDEBUG[0m [90msrc/aap2_client.c:334:[0m Success
18:53:31 [32mINFO [0m [90msrc/aap2_client.c:418:[0m Bundle sent !
18:53:31 [36mDEBUG[0m [90msrc/aap2_client.c:334:[0m Success
18:53:31 [32mINFO [0m [90msrc/aap2_client.c:418:[0m Bundle sent !
18:53:31 [36mDEBUG[0m [90msrc/aap2_client.c:334:[0m Success
18:53:31 [32mINFO [0m [90msrc/aap2_client.c:418:[0m Bundle sent !
18:53:31 [36mDEBUG[0m [90msrc/aap2_client.c:334:[0m Success
18:53:31 [32mINFO [0m [90msrc/aap2_client.c:418:[0m Bundle sent !
18:53:31 [36mDEBUG[0m [90msrc/aap2_client.c:334:[0m Success
18:53:31 [32mINFO [0m [90msrc/aap2_client.c:418:[0m Bundle sent !
18:53:31 [36mDEBUG[0m [90msrc/aap2_client.c:334:[0m Success
18:53:31 [32mINFO [0m [90msrc/aap2_client.c:418:[0m Bundle sent !
18:53:31 [36mDEBUG[0m [90msrc/aap2_client.c:334:[0m Success
18:53:31 [32mINFO [0m [90msrc/aap2_client.c:418:[0m Bundle sent !
18:53:31 [36mDEBUG[0m [90msrc/aap2_client.c:334:[0m Success
18:53:31 [32mINFO [0m [90msrc/aap2_client.c:418:[0m Bundle sent !
18:53:31 [36mDEBUG[0m [90msrc/aap2_client.c:334:[0m Success
18:53:31 [32mINFO [0m [90msrc/aap2_client.c:418:[0m Bundle sent !
18:53:31 [36mDEBUG[0m [90msrc/aap2_client.c:334:[0m Success
18:53:31 [32mINFO [0m [90msrc/aap2_client.c:418:[0m Bundle sent !
18:53:31 [36mDEBUG[0m [90msrc/aap2_client.c:334:[0m Success
18:53:33 [32mINFO [0m [90msrc/aap2_client.c:418:[0m Bundle sent !
18:53:33 [36mDEBUG[0m [90msrc/aap2_client.c:334:[0m Success
18:53:33 [32mINFO [0m [90msrc/aap2_client.c:418:[0m Bundle sent !
18:53:33 [36mDEBUG[0m [90msrc/aap2_client.c:334:[0m Success
18:53:33 [32mINFO [0m [90msrc/aap2_client.c:418:[0m Bundle sent !
18:53:33 [36mDEBUG[0m [90msrc/aap2_client.c:334:[0m Success
18:53:33 [32mINFO [0m [90msrc/aap2_client.c:418:[0m Bundle sent !
18:53:33 [36mDEBUG[0m [90msrc/aap2_client.c:334:[0m Success
18:53:33 [32mINFO [0m [90msrc/aap2_client.c:418:[0m Bundle sent !
18:53:33 [36mDEBUG[0m [90msrc/aap2_client.c:334:[0m Success
18:53:33 [32mINFO [0m [90msrc/aap2_client.c:418:[0m Bundle sent !
18:53:33 [36mDEBUG[0m [90msrc/aap2_client.c:334:[0m Success
18:53:33 [32mINFO [0m [90msrc/aap2_client.c:418:[0m Bundle sent !
18:53:33 [36mDEBUG[0m [90msrc/aap2_client.c:334:[0m Success
18:53:33 [32mINFO [0m [90msrc/aap2_client.c:418:[0m Bundle sent !
18:53:33 [36mDEBUG[0m [90msrc/aap2_client.c:334:[0m Success
18:53:33 [32mINFO [0m [90msrc/aap2_client.c:418:[0m Bundle sent !
18:53:33 [36mDEBUG[0m [90msrc/aap2_client.c:334:[0m Success
18:53:33 [32mINFO [0m [90msrc/aap2_client.c:418:[0m Bundle sent !
18:53:33 [36mDEBUG[0m [90msrc/aap2_client.c:334:[0m Success
18:53:34 [32mINFO [0m [90msrc/aap2_client.c:418:[0m Bundle sent !
18:53:34 [36mDEBUG[0m [90msrc/aap2_client.c:334:[0m Success
18:53:34 [32mINFO [0m [90msrc/aap2_client.c:418:[0m Bundle sent !
18:53:34 [36mDEBUG[0m [90msrc/aap2_client.c:334:[0m Success
18:53:34 [32mINFO [0m [90msrc/aap2_client.c:418:[0m Bundle sent !
18:53:34 [36mDEBUG[0m [90msrc/aap2_client.c:334:[0m Success
18:53:34 [32mINFO [0m [90msrc/aap2_client.c:418:[0m Bundle sent !
18:53:34 [36mDEBUG[0m [90msrc/aap2_client.c:334:[0m Success
18:53:34 [32mINFO [0m [90msrc/aap2_client.c:418:[0m Bundle sent !
18:53:34 [36mDEBUG[0m [90msrc/aap2_client.c:334:[0m Success
18:53:34 [32mINFO [0m [90msrc/aap2_client.c:418:[0m Bundle sent !
18:53:34 [36mDEBUG[0m [90msrc/aap2_client.c:334:[0m Success
18:53:34 [32mINFO [0m [90msrc/aap2_client.c:418:[0m Bundle sent !
18:53:34 [36mDEBUG[0m [90msrc/aap2_client.c:334:[0m Success
18:53:34 [32mINFO [0m [90msrc/aap2_client.c:418:[0m Bundle sent !
18:53:34 [36mDEBUG[0m [90msrc/aap2_client.c:334:[0m Success
18:53:34 [32mINFO [0m [90msrc/aap2_client.c:418:[0m Bundle sent !
18:53:34 [36mDEBUG[0m [90msrc/aap2_client.c:334:[0m Success
18:53:34 [32mINFO [0m [90msrc/aap2_client.c:418:[0m Bundle sent !
18:53:34 [36mDEBUG[0m [90msrc/aap2_client.c:334:[0m Success
18:53:38 [32mINFO [0m [90msrc/aap2_client.c:418:[0m Bundle sent !
18:53:38 [36mDEBUG[0m [90msrc/aap2_client.c:334:[0m Success
18:53:38 [32mINFO [0m [90msrc/aap2_client.c:418:[0m Bundle sent !
18:53:38 [36mDEBUG[0m [90msrc/aap2_client.c:334:[0m Success
18:53:38 [32mINFO [0m [90msrc/aap2_client.c:418:[0m Bundle sent !
18:53:38 [36mDEBUG[0m [90msrc/aap2_client.c:334:[0m Success
18:53:38 [32mINFO [0m [90msrc/aap2_client.c:418:[0m Bundle sent !
18:53:38 [36mDEBUG[0m [90msrc/aap2_client.c:334:[0m Success
18:53:38 [32mINFO [0m [90msrc/aap2_client.c:418:[0m Bundle sent !
18:53:38 [36mDEBUG[0m [90msrc/aap2_client.c:334:[0m Success
18:53:38 [32mINFO [0m [90msrc/aap2_client.c:418:[0m Bundle sent !
18:53:38 [36mDEBUG[0m [90msrc/aap2_client.c:334:[0m Success
18:53:38 [32mINFO [0m [90msrc/aap2_client.c:418:[0m Bundle sent !
18:53:38 [36mDEBUG[0m [90msrc/aap2_client.c:334:[0m Success
18:53:38 [32mINFO [0m [90msrc/aap2_client.c:418:[0m Bundle sent !
18:53:38 [36mDEBUG[0m [90msrc/aap2_client.c:334:[0m Success
18:53:38 [32mINFO [0m [90msrc/aap2_client.c:418:[0m Bundle sent !
18:53:38 [36mDEBUG[0m [90msrc/aap2_client.c:334:[0m Success
18:53:38 [32mINFO [0m [90msrc/aap2_client.c:418:[0m Bundle sent !
18:53:38 [36mDEBUG[0m [90msrc/aap2_client.c:334:[0m Success
18:53:40 [32mINFO [0m [90msrc/aap2_client.c:418:[0m Bundle sent !
18:53:40 [36mDEBUG[0m [90msrc/aap2_client.c:334:[0m Success
18:53:40 [32mINFO [0m [90msrc/aap2_client.c:418:[0m Bundle sent !
18:53:40 [36mDEBUG[0m [90msrc/aap2_client.c:334:[0m Success
18:53:40 [32mINFO [0m [90msrc/aap2_client.c:418:[0m Bundle sent !
18:53:40 [36mDEBUG[0m [90msrc/aap2_client.c:334:[0m Success
18:53:40 [32mINFO [0m [90msrc/aap2_client.c:418:[0m Bundle sent !
18:53:40 [36mDEBUG[0m [90msrc/aap2_client.c:334:[0m Success
18:53:40 [32mINFO [0m [90msrc/aap2_client.c:418:[0m Bundle sent !
18:53:40 [36mDEBUG[0m [90msrc/aap2_client.c:334:[0m Success
18:53:40 [32mINFO [0m [90msrc/aap2_client.c:418:[0m Bundle sent !
18:53:40 [36mDEBUG[0m [90msrc/aap2_client.c:334:[0m Success
18:53:40 [32mINFO [0m [90msrc/aap2_client.c:418:[0m Bundle sent !
18:53:40 [36mDEBUG[0m [90msrc/aap2_client.c:334:[0m Success
18:53:40 [32mINFO [0m [90msrc/aap2_client.c:418:[0m Bundle sent !
18:53:40 [36mDEBUG[0m [90msrc/aap2_client.c:334:[0m Success
18:53:40 [32mINFO [0m [90msrc/aap2_client.c:418:[0m Bundle sent !
18:53:40 [36mDEBUG[0m [90msrc/aap2_client.c:334:[0m Success
18:53:40 [32mINFO [0m [90msrc/aap2_client.c:418:[0m Bundle sent !
18:53:40 [36mDEBUG[0m [90msrc/aap2_client.c:334:[0m Success
18:53:44 [32mINFO [0m [90msrc/aap2_client.c:418:[0m Bundle sent !
18:53:44 [36mDEBUG[0m [90msrc/aap2_client.c:334:[0m Success
18:53:44 [32mINFO [0m [90msrc/aap2_client.c:418:[0m Bundle sent !
18:53:44 [36mDEBUG[0m [90msrc/aap2_client.c:334:[0m Success
18:53:44 [32mINFO [0m [90msrc/aap2_client.c:418:[0m Bundle sent !
18:53:44 [36mDEBUG[0m [90msrc/aap2_client.c:334:[0m Success
18:53:44 [32mINFO [0m [90msrc/aap2_client.c:418:[0m Bundle sent !
18:53:44 [36mDEBUG[0m [90msrc/aap2_client.c:334:[0m Success
18:53:44 [32mINFO [0m [90msrc/aap2_client.c:418:[0m Bundle sent !
18:53:44 [36mDEBUG[0m [90msrc/aap2_client.c:334:[0m Success
18:53:44 [32mINFO [0m [90msrc/aap2_client.c:418:[0m Bundle sent !
18:53:44 [36mDEBUG[0m [90msrc/aap2_client.c:334:[0m Success
18:53:44 [32mINFO [0m [90msrc/aap2_client.c:418:[0m Bundle sent !
18:53:44 [36mDEBUG[0m [90msrc/aap2_client.c:334:[0m Success
18:53:44 [32mINFO [0m [90msrc/aap2_client.c:418:[0m Bundle sent !
18:53:44 [36mDEBUG[0m [90msrc/aap2_client.c:334:[0m Success
18:53:44 [32mINFO [0m [90msrc/aap2_client.c:418:[0m Bundle sent !
18:53:44 [36mDEBUG[0m [90msrc/aap2_client.c:334:[0m Success
18:53:44 [32mINFO [0m [90msrc/aap2_client.c:418:[0m Bundle sent !
18:53:44 [36mDEBUG[0m [90msrc/aap2_client.c:334:[0m Success
18:53:46 [32mINFO [0m [90msrc/aap2_client.c:418:[0m Bundle sent !
18:53:46 [36mDEBUG[0m [90msrc/aap2_client.c:334:[0m Success
18:53:46 [32mINFO [0m [90msrc/aap2_client.c:418:[0m Bundle sent !
18:53:46 [36mDEBUG[0m [90msrc/aap2_client.c:334:[0m Success
18:53:46 [32mINFO [0m [90msrc/aap2_client.c:418:[0m Bundle sent !
18:53:46 [36mDEBUG[0m [90msrc/aap2_client.c:334:[0m Success
18:53:46 [32mINFO [0m [90msrc/aap2_client.c:418:[0m Bundle sent !
18:53:46 [36mDEBUG[0m [90msrc/aap2_client.c:334:[0m Success
18:53:46 [32mINFO [0m [90msrc/aap2_client.c:418:[0m Bundle sent !
18:53:46 [36mDEBUG[0m [90msrc/aap2_client.c:334:[0m Success
18:53:46 [32mINFO [0m [90msrc/aap2_client.c:418:[0m Bundle sent !
18:53:46 [36mDEBUG[0m [90msrc/aap2_client.c:334:[0m Success
18:53:46 [32mINFO [0m [90msrc/aap2_client.c:418:[0m Bundle sent !
18:53:46 [36mDEBUG[0m [90msrc/aap2_client.c:334:[0m Success
18:53:46 [32mINFO [0m [90msrc/aap2_client.c:418:[0m Bundle sent !
18:53:46 [36mDEBUG[0m [90msrc/aap2_client.c:334:[0m Success
18:53:46 [32mINFO [0m [90msrc/aap2_client.c:418:[0m Bundle sent !
18:53:46 [36mDEBUG[0m [90msrc/aap2_client.c:334:[0m Success
18:53:46 [32mINFO [0m [90msrc/aap2_client.c:418:[0m Bundle sent !
18:53:46 [36mDEBUG[0m [90msrc/aap2_client.c:334:[0m Success
18:53:49 [32mINFO [0m [90msrc/aap2_client.c:418:[0m Bundle sent !
18:53:49 [36mDEBUG[0m [90msrc/aap2_client.c:334:[0m Success
18:53:49 [32mINFO [0m [90msrc/aap2_client.c:418:[0m Bundle sent !
18:53:49 [36mDEBUG[0m [90msrc/aap2_client.c:334:[0m Success
18:53:49 [32mINFO [0m [90msrc/aap2_client.c:418:[0m Bundle sent !
18:53:49 [36mDEBUG[0m [90msrc/aap2_client.c:334:[0m Success
18:53:49 [32mINFO [0m [90msrc/aap2_client.c:418:[0m Bundle sent !
18:53:49 [36mDEBUG[0m [90msrc/aap2_client.c:334:[0m Success
18:53:49 [32mINFO [0m [90msrc/aap2_client.c:418:[0m Bundle sent !
18:53:49 [36mDEBUG[0m [90msrc/aap2_client.c:334:[0m Success
18:53:49 [32mINFO [0m [90msrc/aap2_client.c:418:[0m Bundle sent !
18:53:49 [36mDEBUG[0m [90msrc/aap2_client.c:334:[0m Success
18:53:49 [32mINFO [0m [90msrc/aap2_client.c:418:[0m Bundle sent !
18:53:49 [36mDEBUG[0m [90msrc/aap2_client.c:334:[0m Success
18:53:49 [32mINFO [0m [90msrc/aap2_client.c:418:[0m Bundle sent !
18:53:49 [36mDEBUG[0m [90msrc/aap2_client.c:334:[0m Success
18:53:49 [32mINFO [0m [90msrc/aap2_client.c:418:[0m Bundle sent !
18:53:49 [36mDEBUG[0m [90msrc/aap2_client.c:334:[0m Success
18:53:49 [32mINFO [0m [90msrc/aap2_client.c:418:[0m Bundle sent !
18:53:49 [36mDEBUG[0m [90msrc/aap2_client.c:334:[0m Success
18:53:52 [32mINFO [0m [90msrc/aap2_client.c:418:[0m Bundle sent !
18:53:52 [36mDEBUG[0m [90msrc/aap2_client.c:334:[0m Success
18:53:52 [32mINFO [0m [90msrc/aap2_client.c:418:[0m Bundle sent !
18:53:52 [36mDEBUG[0m [90msrc/aap2_client.c:334:[0m Success
18:53:52 [32mINFO [0m [90msrc/aap2_client.c:418:[0m Bundle sent !
18:53:52 [36mDEBUG[0m [90msrc/aap2_client.c:334:[0m Success
18:53:52 [32mINFO [0m [90msrc/aap2_client.c:418:[0m Bundle sent !
18:53:52 [36mDEBUG[0m [90msrc/aap2_client.c:334:[0m Success
18:53:52 [32mINFO [0m [90msrc/aap2_client.c:418:[0m Bundle sent !
18:53:52 [36mDEBUG[0m [90msrc/aap2_client.c:334:[0m Success
18:53:52 [32mINFO [0m [90msrc/aap2_client.c:418:[0m Bundle sent !
18:53:52 [36mDEBUG[0m [90msrc/aap2_client.c:334:[0m Success
18:53:52 [32mINFO [0m [90msrc/aap2_client.c:418:[0m Bundle sent !
18:53:52 [36mDEBUG[0m [90msrc/aap2_client.c:334:[0m Success
18:53:52 [32mINFO [0m [90msrc/aap2_client.c:418:[0m Bundle sent !
18:53:52 [36mDEBUG[0m [90msrc/aap2_client.c:334:[0m Success
18:53:52 [32mINFO [0m [90msrc/aap2_client.c:418:[0m Bundle sent !
18:53:52 [36mDEBUG[0m [90msrc/aap2_client.c:334:[0m Success
18:53:52 [32mINFO [0m [90msrc/aap2_client.c:418:[0m Bundle sent !
18:53:52 [36mDEBUG[0m [90msrc/aap2_client.c:334:[0m Success
18:53:55 [32mINFO [0m [90msrc/aap2_client.c:418:[0m Bundle sent !
18:53:55 [36mDEBUG[0m [90msrc/aap2_client.c:334:[0m Success
18:53:55 [32mINFO [0m [90msrc/aap2_client.c:418:[0m Bundle sent !
18:53:55 [36mDEBUG[0m [90msrc/aap2_client.c:334:[0m Success
18:53:55 [32mINFO [0m [90msrc/aap2_client.c:418:[0m Bundle sent !
18:53:55 [36mDEBUG[0m [90msrc/aap2_client.c:334:[0m Success
18:53:55 [32mINFO [0m [90msrc/aap2_client.c:418:[0m Bundle sent !
18:53:55 [36mDEBUG[0m [90msrc/aap2_client.c:334:[0m Success
18:53:55 [32mINFO [0m [90msrc/aap2_client.c:418:[0m Bundle sent !
18:53:55 [36mDEBUG[0m [90msrc/aap2_client.c:334:[0m Success
18:53:55 [32mINFO [0m [90msrc/aap2_client.c:418:[0m Bundle sent !
18:53:55 [36mDEBUG[0m [90msrc/aap2_client.c:334:[0m Success
18:53:55 [32mINFO [0m [90msrc/aap2_client.c:418:[0m Bundle sent !
18:53:55 [36mDEBUG[0m [90msrc/aap2_client.c:334:[0m Success
18:53:55 [32mINFO [0m [90msrc/aap2_client.c:418:[0m Bundle sent !
18:53:55 [36mDEBUG[0m [90msrc/aap2_client.c:334:[0m Success
18:53:55 [32mINFO [0m [90msrc/aap2_client.c:418:[0m Bundle sent !
18:53:55 [36mDEBUG[0m [90msrc/aap2_client.c:334:[0m Success
18:53:55 [32mINFO [0m [90msrc/aap2_client.c:418:[0m Bundle sent !
18:53:55 [36mDEBUG[0m [90msrc/aap2_client.c:334:[0m Success
18:53:58 [32mINFO [0m [90msrc/aap2_client.c:418:[0m Bundle sent !
18:53:58 [36mDEBUG[0m [90msrc/aap2_client.c:334:[0m Success
18:53:58 [32mINFO [0m [90msrc/aap2_client.c:418:[0m Bundle sent !
18:53:58 [36mDEBUG[0m [90msrc/aap2_client.c:334:[0m Success
18:53:58 [32mINFO [0m [90msrc/aap2_client.c:418:[0m Bundle sent !
18:53:58 [36mDEBUG[0m [90msrc/aap2_client.c:334:[0m Success
18:53:58 [32mINFO [0m [90msrc/aap2_client.c:418:[0m Bundle sent !
18:53:58 [36mDEBUG[0m [90msrc/aap2_client.c:334:[0m Success
18:53:58 [32mINFO [0m [90msrc/aap2_client.c:418:[0m Bundle sent !
18:53:58 [36mDEBUG[0m [90msrc/aap2_client.c:334:[0m Success
18:53:58 [32mINFO [0m [90msrc/aap2_client.c:418:[0m Bundle sent !
18:53:58 [36mDEBUG[0m [90msrc/aap2_client.c:334:[0m Success
18:53:58 [32mINFO [0m [90msrc/aap2_client.c:418:[0m Bundle sent !
18:53:58 [36mDEBUG[0m [90msrc/aap2_client.c:334:[0m Success
18:53:58 [32mINFO [0m [90msrc/aap2_client.c:418:[0m Bundle sent !
18:53:58 [36mDEBUG[0m [90msrc/aap2_client.c:334:[0m Success
18:53:58 [32mINFO [0m [90msrc/aap2_client.c:418:[0m Bundle sent !
18:53:58 [36mDEBUG[0m [90msrc/aap2_client.c:334:[0m Success
18:53:58 [32mINFO [0m [90msrc/aap2_client.c:418:[0m Bundle sent !
18:53:58 [36mDEBUG[0m [90msrc/aap2_client.c:334:[0m Success
18:54:01 [32mINFO [0m [90msrc/aap2_client.c:418:[0m Bundle sent !
18:54:01 [36mDEBUG[0m [90msrc/aap2_client.c:334:[0m Success
18:54:01 [32mINFO [0m [90msrc/aap2_client.c:418:[0m Bundle sent !
18:54:01 [36mDEBUG[0m [90msrc/aap2_client.c:334:[0m Success
18:54:01 [32mINFO [0m [90msrc/aap2_client.c:418:[0m Bundle sent !
18:54:01 [36mDEBUG[0m [90msrc/aap2_client.c:334:[0m Success
18:54:01 [32mINFO [0m [90msrc/aap2_client.c:418:[0m Bundle sent !
18:54:01 [36mDEBUG[0m [90msrc/aap2_client.c:334:[0m Success
18:54:01 [32mINFO [0m [90msrc/aap2_client.c:418:[0m Bundle sent !
18:54:01 [36mDEBUG[0m [90msrc/aap2_client.c:334:[0m Success
18:54:01 [32mINFO [0m [90msrc/aap2_client.c:418:[0m Bundle sent !
18:54:01 [36mDEBUG[0m [90msrc/aap2_client.c:334:[0m Success
18:54:01 [32mINFO [0m [90msrc/aap2_client.c:418:[0m Bundle sent !
18:54:01 [36mDEBUG[0m [90msrc/aap2_client.c:334:[0m Success
18:54:01 [32mINFO [0m [90msrc/aap2_client.c:418:[0m Bundle sent !
18:54:01 [36mDEBUG[0m [90msrc/aap2_client.c:334:[0m Success
18:54:01 [32mINFO [0m [90msrc/aap2_client.c:418:[0m Bundle sent !
18:54:01 [36mDEBUG[0m [90msrc/aap2_client.c:334:[0m Success
18:54:01 [32mINFO [0m [90msrc/aap2_client.c:418:[0m Bundle sent !
18:54:01 [36mDEBUG[0m [90msrc/aap2_client.c:334:[0m Success
18:54:04 [32mINFO [0m [90msrc/aap2_client.c:418:[0m Bundle sent !
18:54:04 [36mDEBUG[0m [90msrc/aap2_client.c:334:[0m Success
18:54:04 [32mINFO [0m [90msrc/aap2_client.c:418:[0m Bundle sent !
18:54:04 [36mDEBUG[0m [90msrc/aap2_client.c:334:[0m Success
18:54:04 [32mINFO [0m [90msrc/aap2_client.c:418:[0m Bundle sent !
18:54:04 [36mDEBUG[0m [90msrc/aap2_client.c:334:[0m Success
18:54:04 [32mINFO [0m [90msrc/aap2_client.c:418:[0m Bundle sent !
18:54:04 [36mDEBUG[0m [90msrc/aap2_client.c:334:[0m Success
18:54:04 [32mINFO [0m [90msrc/aap2_client.c:418:[0m Bundle sent !
18:54:04 [36mDEBUG[0m [90msrc/aap2_client.c:334:[0m Success
18:54:04 [32mINFO [0m [90msrc/aap2_client.c:418:[0m Bundle sent !
18:54:04 [36mDEBUG[0m [90msrc/aap2_client.c:334:[0m Success
18:54:04 [32mINFO [0m [90msrc/aap2_client.c:418:[0m Bundle sent !
18:54:04 [36mDEBUG[0m [90msrc/aap2_client.c:334:[0m Success
18:54:04 [32mINFO [0m [90msrc/aap2_client.c:418:[0m Bundle sent !
18:54:04 [36mDEBUG[0m [90msrc/aap2_client.c:334:[0m Success
18:54:04 [32mINFO [0m [90msrc/aap2_client.c:418:[0m Bundle sent !
18:54:04 [36mDEBUG[0m [90msrc/aap2_client.c:334:[0m Success
18:54:04 [32mINFO [0m [90msrc/aap2_client.c:418:[0m Bundle sent !
18:54:04 [36mDEBUG[0m [90msrc/aap2_client.c:334:[0m Success
18:54:07 [32mINFO [0m [90msrc/aap2_client.c:418:[0m Bundle sent !
18:54:07 [36mDEBUG[0m [90msrc/aap2_client.c:334:[0m Success
18:54:07 [32mINFO [0m [90msrc/aap2_client.c:418:[0m Bundle sent !
18:54:07 [36mDEBUG[0m [90msrc/aap2_client.c:334:[0m Success
18:54:07 [32mINFO [0m [90msrc/aap2_client.c:418:[0m Bundle sent !
18:54:07 [36mDEBUG[0m [90msrc/aap2_client.c:334:[0m Success
18:54:07 [32mINFO [0m [90msrc/aap2_client.c:418:[0m Bundle sent !
18:54:07 [36mDEBUG[0m [90msrc/aap2_client.c:334:[0m Success
18:54:07 [32mINFO [0m [90msrc/aap2_client.c:418:[0m Bundle sent !
18:54:07 [36mDEBUG[0m [90msrc/aap2_client.c:334:[0m Success
18:54:07 [32mINFO [0m [90msrc/aap2_client.c:418:[0m Bundle sent !
18:54:07 [36mDEBUG[0m [90msrc/aap2_client.c:334:[0m Success
18:54:07 [32mINFO [0m [90msrc/aap2_client.c:418:[0m Bundle sent !
18:54:07 [36mDEBUG[0m [90msrc/aap2_client.c:334:[0m Success
18:54:07 [32mINFO [0m [90msrc/aap2_client.c:418:[0m Bundle sent !
18:54:07 [36mDEBUG[0m [90msrc/aap2_client.c:334:[0m Success
18:54:07 [32mINFO [0m [90msrc/aap2_client.c:418:[0m Bundle sent !
18:54:07 [36mDEBUG[0m [90msrc/aap2_client.c:334:[0m Success
18:54:07 [32mINFO [0m [90msrc/aap2_client.c:418:[0m Bundle sent !
18:54:07 [36mDEBUG[0m [90msrc/aap2_client.c:334:[0m Success
18:54:10 [32mINFO [0m [90msrc/aap2_client.c:418:[0m Bundle sent !
18:54:10 [36mDEBUG[0m [90msrc/aap2_client.c:334:[0m Success
18:54:10 [32mINFO [0m [90msrc/aap2_client.c:418:[0m Bundle sent !
18:54:10 [36mDEBUG[0m [90msrc/aap2_client.c:334:[0m Success
18:54:10 [32mINFO [0m [90msrc/aap2_client.c:418:[0m Bundle sent !
18:54:10 [36mDEBUG[0m [90msrc/aap2_client.c:334:[0m Success
18:54:10 [32mINFO [0m [90msrc/aap2_client.c:418:[0m Bundle sent !
18:54:10 [36mDEBUG[0m [90msrc/aap2_client.c:334:[0m Success
18:54:10 [32mINFO [0m [90msrc/aap2_client.c:418:[0m Bundle sent !
18:54:10 [36mDEBUG[0m [90msrc/aap2_client.c:334:[0m Success
18:54:10 [32mINFO [0m [90msrc/aap2_client.c:418:[0m Bundle sent !
18:54:10 [36mDEBUG[0m [90msrc/aap2_client.c:334:[0m Success
18:54:10 [32mINFO [0m [90msrc/aap2_client.c:418:[0m Bundle sent !
18:54:10 [36mDEBUG[0m [90msrc/aap2_client.c:334:[0m Success
18:54:10 [32mINFO [0m [90msrc/aap2_client.c:418:[0m Bundle sent !
18:54:10 [36mDEBUG[0m [90msrc/aap2_client.c:334:[0m Success
18:54:10 [32mINFO [0m [90msrc/aap2_client.c:418:[0m Bundle sent !
18:54:10 [36mDEBUG[0m [90msrc/aap2_client.c:334:[0m Success
18:54:10 [32mINFO [0m [90msrc/aap2_client.c:418:[0m Bundle sent !
18:54:10 [36mDEBUG[0m [90msrc/aap2_client.c:334:[0m Success
18:54:13 [32mINFO [0m [90msrc/aap2_client.c:418:[0m Bundle sent !
18:54:13 [36mDEBUG[0m [90msrc/aap2_client.c:334:[0m Success
18:54:13 [32mINFO [0m [90msrc/aap2_client.c:418:[0m Bundle sent !
18:54:13 [36mDEBUG[0m [90msrc/aap2_client.c:334:[0m Success
18:54:13 [32mINFO [0m [90msrc/aap2_client.c:418:[0m Bundle sent !
18:54:13 [36mDEBUG[0m [90msrc/aap2_client.c:334:[0m Success
18:54:13 [32mINFO [0m [90msrc/aap2_client.c:418:[0m Bundle sent !
18:54:13 [36mDEBUG[0m [90msrc/aap2_client.c:334:[0m Success
18:54:13 [32mINFO [0m [90msrc/aap2_client.c:418:[0m Bundle sent !
18:54:13 [36mDEBUG[0m [90msrc/aap2_client.c:334:[0m Success
18:54:13 [32mINFO [0m [90msrc/aap2_client.c:418:[0m Bundle sent !
18:54:13 [36mDEBUG[0m [90msrc/aap2_client.c:334:[0m Success
18:54:13 [32mINFO [0m [90msrc/aap2_client.c:418:[0m Bundle sent !
18:54:13 [36mDEBUG[0m [90msrc/aap2_client.c:334:[0m Success
18:54:13 [32mINFO [0m [90msrc/aap2_client.c:418:[0m Bundle sent !
18:54:13 [36mDEBUG[0m [90msrc/aap2_client.c:334:[0m Success
18:54:13 [32mINFO [0m [90msrc/aap2_client.c:418:[0m Bundle sent !
18:54:13 [36mDEBUG[0m [90msrc/aap2_client.c:334:[0m Success
18:54:13 [32mINFO [0m [90msrc/aap2_client.c:418:[0m Bundle sent !
18:54:13 [36mDEBUG[0m [90msrc/aap2_client.c:334:[0m Success
18:54:16 [32mINFO [0m [90msrc/aap2_client.c:418:[0m Bundle sent !
18:54:16 [36mDEBUG[0m [90msrc/aap2_client.c:334:[0m Success
18:54:16 [32mINFO [0m [90msrc/aap2_client.c:418:[0m Bundle sent !
18:54:16 [36mDEBUG[0m [90msrc/aap2_client.c:334:[0m Success
18:54:16 [32mINFO [0m [90msrc/aap2_client.c:418:[0m Bundle sent !
18:54:16 [36mDEBUG[0m [90msrc/aap2_client.c:334:[0m Success
18:54:16 [32mINFO [0m [90msrc/aap2_client.c:418:[0m Bundle sent !
18:54:16 [36mDEBUG[0m [90msrc/aap2_client.c:334:[0m Success
18:54:16 [32mINFO [0m [90msrc/aap2_client.c:418:[0m Bundle sent !
18:54:16 [36mDEBUG[0m [90msrc/aap2_client.c:334:[0m Success
18:54:16 [32mINFO [0m [90msrc/aap2_client.c:418:[0m Bundle sent !
18:54:16 [36mDEBUG[0m [90msrc/aap2_client.c:334:[0m Success
18:54:16 [32mINFO [0m [90msrc/aap2_client.c:418:[0m Bundle sent !
18:54:16 [36mDEBUG[0m [90msrc/aap2_client.c:334:[0m Success
18:54:16 [32mINFO [0m [90msrc/aap2_client.c:418:[0m Bundle sent !
18:54:16 [36mDEBUG[0m [90msrc/aap2_client.c:334:[0m Success
18:54:16 [32mINFO [0m [90msrc/aap2_client.c:418:[0m Bundle sent !
18:54:16 [36mDEBUG[0m [90msrc/aap2_client.c:334:[0m Success
18:54:16 [32mINFO [0m [90msrc/aap2_client.c:418:[0m Bundle sent !
18:54:16 [36mDEBUG[0m [90msrc/aap2_client.c:334:[0m Success
18:54:19 [32mINFO [0m [90msrc/aap2_client.c:418:[0m Bundle sent !
18:54:19 [36mDEBUG[0m [90msrc/aap2_client.c:334:[0m Success
18:54:19 [32mINFO [0m [90msrc/aap2_client.c:418:[0m Bundle sent !
18:54:19 [36mDEBUG[0m [90msrc/aap2_client.c:334:[0m Success
18:54:19 [32mINFO [0m [90msrc/aap2_client.c:418:[0m Bundle sent !
18:54:19 [36mDEBUG[0m [90msrc/aap2_client.c:334:[0m Success
18:54:19 [32mINFO [0m [90msrc/aap2_client.c:418:[0m Bundle sent !
18:54:19 [36mDEBUG[0m [90msrc/aap2_client.c:334:[0m Success
18:54:19 [32mINFO [0m [90msrc/aap2_client.c:418:[0m Bundle sent !
18:54:19 [36mDEBUG[0m [90msrc/aap2_client.c:334:[0m Success
18:54:19 [32mINFO [0m [90msrc/aap2_client.c:418:[0m Bundle sent !
18:54:19 [36mDEBUG[0m [90msrc/aap2_client.c:334:[0m Success
18:54:19 [32mINFO [0m [90msrc/aap2_client.c:418:[0m Bundle sent !
18:54:19 [36mDEBUG[0m [90msrc/aap2_client.c:334:[0m Success
18:54:19 [32mINFO [0m [90msrc/aap2_client.c:418:[0m Bundle sent !
18:54:19 [36mDEBUG[0m [90msrc/aap2_client.c:334:[0m Success
18:54:19 [32mINFO [0m [90msrc/aap2_client.c:418:[0m Bundle sent !
18:54:19 [36mDEBUG[0m [90msrc/aap2_client.c:334:[0m Success
18:54:19 [32mINFO [0m [90msrc/aap2_client.c:418:[0m Bundle sent !
18:54:19 [36mDEBUG[0m [90msrc/aap2_client.c:334:[0m Success
18:54:22 [32mINFO [0m [90msrc/aap2_client.c:418:[0m Bundle sent !
18:54:22 [36mDEBUG[0m [90msrc/aap2_client.c:334:[0m Success
18:54:22 [32mINFO [0m [90msrc/aap2_client.c:418:[0m Bundle sent !
18:54:22 [36mDEBUG[0m [90msrc/aap2_client.c:334:[0m Success
18:54:22 [32mINFO [0m [90msrc/aap2_client.c:418:[0m Bundle sent !
18:54:22 [36mDEBUG[0m [90msrc/aap2_client.c:334:[0m Success
18:54:22 [32mINFO [0m [90msrc/aap2_client.c:418:[0m Bundle sent !
18:54:22 [36mDEBUG[0m [90msrc/aap2_client.c:334:[0m Success
18:54:22 [32mINFO [0m [90msrc/aap2_client.c:418:[0m Bundle sent !
18:54:22 [36mDEBUG[0m [90msrc/aap2_client.c:334:[0m Success
18:54:22 [32mINFO [0m [90msrc/aap2_client.c:418:[0m Bundle sent !
18:54:22 [36mDEBUG[0m [90msrc/aap2_client.c:334:[0m Success
18:54:22 [32mINFO [0m [90msrc/aap2_client.c:418:[0m Bundle sent !
18:54:22 [36mDEBUG[0m [90msrc/aap2_client.c:334:[0m Success
18:54:22 [32mINFO [0m [90msrc/aap2_client.c:418:[0m Bundle sent !
18:54:22 [36mDEBUG[0m [90msrc/aap2_client.c:334:[0m Success
18:54:22 [32mINFO [0m [90msrc/aap2_client.c:418:[0m Bundle sent !
18:54:22 [36mDEBUG[0m [90msrc/aap2_client.c:334:[0m Success
18:54:22 [32mINFO [0m [90msrc/aap2_client.c:418:[0m Bundle sent !
18:54:22 [36mDEBUG[0m [90msrc/aap2_client.c:334:[0m Success
18:54:25 [32mINFO [0m [90msrc/aap2_client.c:418:[0m Bundle sent !
18:54:25 [36mDEBUG[0m [90msrc/aap2_client.c:334:[0m Success
18:54:25 [32mINFO [0m [90msrc/aap2_client.c:418:[0m Bundle sent !
18:54:25 [36mDEBUG[0m [90msrc/aap2_client.c:334:[0m Success
18:54:25 [32mINFO [0m [90msrc/aap2_client.c:418:[0m Bundle sent !
18:54:25 [36mDEBUG[0m [90msrc/aap2_client.c:334:[0m Success
18:54:25 [32mINFO [0m [90msrc/aap2_client.c:418:[0m Bundle sent !
18:54:25 [36mDEBUG[0m [90msrc/aap2_client.c:334:[0m Success
18:54:25 [32mINFO [0m [90msrc/aap2_client.c:418:[0m Bundle sent !
18:54:25 [36mDEBUG[0m [90msrc/aap2_client.c:334:[0m Success
18:54:25 [32mINFO [0m [90msrc/aap2_client.c:418:[0m Bundle sent !
18:54:25 [36mDEBUG[0m [90msrc/aap2_client.c:334:[0m Success
18:54:25 [32mINFO [0m [90msrc/aap2_client.c:418:[0m Bundle sent !
18:54:25 [36mDEBUG[0m [90msrc/aap2_client.c:334:[0m Success
18:54:25 [32mINFO [0m [90msrc/aap2_client.c:418:[0m Bundle sent !
18:54:25 [36mDEBUG[0m [90msrc/aap2_client.c:334:[0m Success
18:54:25 [32mINFO [0m [90msrc/aap2_client.c:418:[0m Bundle sent !
18:54:25 [36mDEBUG[0m [90msrc/aap2_client.c:334:[0m Success
18:54:25 [32mINFO [0m [90msrc/aap2_client.c:418:[0m Bundle sent !
18:54:25 [36mDEBUG[0m [90msrc/aap2_client.c:334:[0m Success
18:54:28 [32mINFO [0m [90msrc/aap2_client.c:418:[0m Bundle sent !
18:54:28 [36mDEBUG[0m [90msrc/aap2_client.c:334:[0m Success
18:54:28 [32mINFO [0m [90msrc/aap2_client.c:418:[0m Bundle sent !
18:54:28 [36mDEBUG[0m [90msrc/aap2_client.c:334:[0m Success
18:54:28 [32mINFO [0m [90msrc/aap2_client.c:418:[0m Bundle sent !
18:54:28 [36mDEBUG[0m [90msrc/aap2_client.c:334:[0m Success
18:54:28 [32mINFO [0m [90msrc/aap2_client.c:418:[0m Bundle sent !
18:54:28 [36mDEBUG[0m [90msrc/aap2_client.c:334:[0m Success
18:54:28 [32mINFO [0m [90msrc/aap2_client.c:418:[0m Bundle sent !
18:54:28 [36mDEBUG[0m [90msrc/aap2_client.c:334:[0m Success
18:54:28 [32mINFO [0m [90msrc/aap2_client.c:418:[0m Bundle sent !
18:54:28 [36mDEBUG[0m [90msrc/aap2_client.c:334:[0m Success
18:54:28 [32mINFO [0m [90msrc/aap2_client.c:418:[0m Bundle sent !
18:54:28 [36mDEBUG[0m [90msrc/aap2_client.c:334:[0m Success
18:54:28 [32mINFO [0m [90msrc/aap2_client.c:418:[0m Bundle sent !
18:54:28 [36mDEBUG[0m [90msrc/aap2_client.c:334:[0m Success
18:54:28 [32mINFO [0m [90msrc/aap2_client.c:418:[0m Bundle sent !
18:54:28 [36mDEBUG[0m [90msrc/aap2_client.c:334:[0m Success
18:54:28 [32mINFO [0m [90msrc/aap2_client.c:418:[0m Bundle sent !
18:54:28 [36mDEBUG[0m [90msrc/aap2_client.c:334:[0m Success
18:54:31 [32mINFO [0m [90msrc/aap2_client.c:418:[0m Bundle sent !
18:54:31 [36mDEBUG[0m [90msrc/aap2_client.c:334:[0m Success
18:54:31 [32mINFO [0m [90msrc/aap2_client.c:418:[0m Bundle sent !
18:54:31 [36mDEBUG[0m [90msrc/aap2_client.c:334:[0m Success
18:54:31 [32mINFO [0m [90msrc/aap2_client.c:418:[0m Bundle sent !
18:54:31 [36mDEBUG[0m [90msrc/aap2_client.c:334:[0m Success
18:54:31 [32mINFO [0m [90msrc/aap2_client.c:418:[0m Bundle sent !
18:54:31 [36mDEBUG[0m [90msrc/aap2_client.c:334:[0m Success
18:54:31 [32mINFO [0m [90msrc/aap2_client.c:418:[0m Bundle sent !
18:54:31 [36mDEBUG[0m [90msrc/aap2_client.c:334:[0m Success
18:54:31 [32mINFO [0m [90msrc/aap2_client.c:418:[0m Bundle sent !
18:54:31 [36mDEBUG[0m [90msrc/aap2_client.c:334:[0m Success
18:54:31 [32mINFO [0m [90msrc/aap2_client.c:418:[0m Bundle sent !
18:54:31 [36mDEBUG[0m [90msrc/aap2_client.c:334:[0m Success
18:54:31 [32mINFO [0m [90msrc/aap2_client.c:418:[0m Bundle sent !
18:54:31 [36mDEBUG[0m [90msrc/aap2_client.c:334:[0m Success
18:54:31 [32mINFO [0m [90msrc/aap2_client.c:418:[0m Bundle sent !
18:54:31 [36mDEBUG[0m [90msrc/aap2_client.c:334:[0m Success
18:54:31 [32mINFO [0m [90msrc/aap2_client.c:418:[0m Bundle sent !
18:54:31 [36mDEBUG[0m [90msrc/aap2_client.c:334:[0m Success
18:54:34 [32mINFO [0m [90msrc/aap2_client.c:418:[0m Bundle sent !
18:54:34 [36mDEBUG[0m [90msrc/aap2_client.c:334:[0m Success
18:54:34 [32mINFO [0m [90msrc/aap2_client.c:418:[0m Bundle sent !
18:54:34 [36mDEBUG[0m [90msrc/aap2_client.c:334:[0m Success
18:54:34 [32mINFO [0m [90msrc/aap2_client.c:418:[0m Bundle sent !
18:54:34 [36mDEBUG[0m [90msrc/aap2_client.c:334:[0m Success
18:54:34 [32mINFO [0m [90msrc/aap2_client.c:418:[0m Bundle sent !
18:54:34 [36mDEBUG[0m [90msrc/aap2_client.c:334:[0m Success
18:54:34 [32mINFO [0m [90msrc/aap2_client.c:418:[0m Bundle sent !
18:54:34 [36mDEBUG[0m [90msrc/aap2_client.c:334:[0m Success
18:54:34 [32mINFO [0m [90msrc/aap2_client.c:418:[0m Bundle sent !
18:54:34 [36mDEBUG[0m [90msrc/aap2_client.c:334:[0m Success
18:54:34 [32mINFO [0m [90msrc/aap2_client.c:418:[0m Bundle sent !
18:54:34 [36mDEBUG[0m [90msrc/aap2_client.c:334:[0m Success
18:54:34 [32mINFO [0m [90msrc/aap2_client.c:418:[0m Bundle sent !
18:54:34 [36mDEBUG[0m [90msrc/aap2_client.c:334:[0m Success
18:54:34 [32mINFO [0m [90msrc/aap2_client.c:418:[0m Bundle sent !
18:54:34 [36mDEBUG[0m [90msrc/aap2_client.c:334:[0m Success
18:54:34 [32mINFO [0m [90msrc/aap2_client.c:418:[0m Bundle sent !
18:54:34 [36mDEBUG[0m [90msrc/aap2_client.c:334:[0m Success
18:54:37 [32mINFO [0m [90msrc/aap2_client.c:418:[0m Bundle sent !
18:54:37 [36mDEBUG[0m [90msrc/aap2_client.c:334:[0m Success
18:54:37 [32mINFO [0m [90msrc/aap2_client.c:418:[0m Bundle sent !
18:54:37 [36mDEBUG[0m [90msrc/aap2_client.c:334:[0m Success
18:54:37 [32mINFO [0m [90msrc/aap2_client.c:418:[0m Bundle sent !
18:54:37 [36mDEBUG[0m [90msrc/aap2_client.c:334:[0m Success
18:54:37 [32mINFO [0m [90msrc/aap2_client.c:418:[0m Bundle sent !
18:54:37 [36mDEBUG[0m [90msrc/aap2_client.c:334:[0m Success
18:54:37 [32mINFO [0m [90msrc/aap2_client.c:418:[0m Bundle sent !
18:54:37 [36mDEBUG[0m [90msrc/aap2_client.c:334:[0m Success
18:54:37 [32mINFO [0m [90msrc/aap2_client.c:418:[0m Bundle sent !
18:54:37 [36mDEBUG[0m [90msrc/aap2_client.c:334:[0m Success
18:54:37 [32mINFO [0m [90msrc/aap2_client.c:418:[0m Bundle sent !
18:54:37 [36mDEBUG[0m [90msrc/aap2_client.c:334:[0m Success
18:54:37 [32mINFO [0m [90msrc/aap2_client.c:418:[0m Bundle sent !
18:54:37 [36mDEBUG[0m [90msrc/aap2_client.c:334:[0m Success
18:54:37 [32mINFO [0m [90msrc/aap2_client.c:418:[0m Bundle sent !
18:54:37 [36mDEBUG[0m [90msrc/aap2_client.c:334:[0m Success
18:54:37 [32mINFO [0m [90msrc/aap2_client.c:418:[0m Bundle sent !
18:54:37 [36mDEBUG[0m [90msrc/aap2_client.c:334:[0m Success
18:54:40 [32mINFO [0m [90msrc/aap2_client.c:418:[0m Bundle sent !
18:54:40 [36mDEBUG[0m [90msrc/aap2_client.c:334:[0m Success
18:54:40 [32mINFO [0m [90msrc/aap2_client.c:418:[0m Bundle sent !
18:54:40 [36mDEBUG[0m [90msrc/aap2_client.c:334:[0m Success
18:54:40 [32mINFO [0m [90msrc/aap2_client.c:418:[0m Bundle sent !
18:54:40 [36mDEBUG[0m [90msrc/aap2_client.c:334:[0m Success
18:54:40 [32mINFO [0m [90msrc/aap2_client.c:418:[0m Bundle sent !
18:54:40 [36mDEBUG[0m [90msrc/aap2_client.c:334:[0m Success
18:54:40 [32mINFO [0m [90msrc/aap2_client.c:418:[0m Bundle sent !
18:54:40 [36mDEBUG[0m [90msrc/aap2_client.c:334:[0m Success
18:54:40 [32mINFO [0m [90msrc/aap2_client.c:418:[0m Bundle sent !
18:54:40 [36mDEBUG[0m [90msrc/aap2_client.c:334:[0m Success
18:54:40 [32mINFO [0m [90msrc/aap2_client.c:418:[0m Bundle sent !
18:54:40 [36mDEBUG[0m [90msrc/aap2_client.c:334:[0m Success
18:54:40 [32mINFO [0m [90msrc/aap2_client.c:418:[0m Bundle sent !
18:54:40 [36mDEBUG[0m [90msrc/aap2_client.c:334:[0m Success
18:54:40 [32mINFO [0m [90msrc/aap2_client.c:418:[0m Bundle sent !
18:54:40 [36mDEBUG[0m [90msrc/aap2_client.c:334:[0m Success
18:54:40 [32mINFO [0m [90msrc/aap2_client.c:418:[0m Bundle sent !
18:54:40 [36mDEBUG[0m [90msrc/aap2_client.c:334:[0m Success
18:54:43 [32mINFO [0m [90msrc/aap2_client.c:418:[0m Bundle sent !
18:54:43 [36mDEBUG[0m [90msrc/aap2_client.c:334:[0m Success
18:54:43 [32mINFO [0m [90msrc/aap2_client.c:418:[0m Bundle sent !
18:54:43 [36mDEBUG[0m [90msrc/aap2_client.c:334:[0m Success
18:54:43 [32mINFO [0m [90msrc/aap2_client.c:418:[0m Bundle sent !
18:54:43 [36mDEBUG[0m [90msrc/aap2_client.c:334:[0m Success
18:54:43 [32mINFO [0m [90msrc/aap2_client.c:418:[0m Bundle sent !
18:54:43 [36mDEBUG[0m [90msrc/aap2_client.c:334:[0m Success
18:54:43 [32mINFO [0m [90msrc/aap2_client.c:418:[0m Bundle sent !
18:54:43 [36mDEBUG[0m [90msrc/aap2_client.c:334:[0m Success
18:54:43 [32mINFO [0m [90msrc/aap2_client.c:418:[0m Bundle sent !
18:54:43 [36mDEBUG[0m [90msrc/aap2_client.c:334:[0m Success
18:54:43 [32mINFO [0m [90msrc/aap2_client.c:418:[0m Bundle sent !
18:54:43 [36mDEBUG[0m [90msrc/aap2_client.c:334:[0m Success
18:54:43 [32mINFO [0m [90msrc/aap2_client.c:418:[0m Bundle sent !
18:54:43 [36mDEBUG[0m [90msrc/aap2_client.c:334:[0m Success
18:54:43 [32mINFO [0m [90msrc/aap2_client.c:418:[0m Bundle sent !
18:54:43 [36mDEBUG[0m [90msrc/aap2_client.c:334:[0m Success
18:54:43 [32mINFO [0m [90msrc/aap2_client.c:418:[0m Bundle sent !
18:54:43 [36mDEBUG[0m [90msrc/aap2_client.c:334:[0m Success
18:54:46 [32mINFO [0m [90msrc/aap2_client.c:418:[0m Bundle sent !
18:54:46 [36mDEBUG[0m [90msrc/aap2_client.c:334:[0m Success
18:54:46 [32mINFO [0m [90msrc/aap2_client.c:418:[0m Bundle sent !
18:54:46 [36mDEBUG[0m [90msrc/aap2_client.c:334:[0m Success
18:54:46 [32mINFO [0m [90msrc/aap2_client.c:418:[0m Bundle sent !
18:54:46 [36mDEBUG[0m [90msrc/aap2_client.c:334:[0m Success
18:54:46 [32mINFO [0m [90msrc/aap2_client.c:418:[0m Bundle sent !
18:54:46 [36mDEBUG[0m [90msrc/aap2_client.c:334:[0m Success
18:54:46 [32mINFO [0m [90msrc/aap2_client.c:418:[0m Bundle sent !
18:54:46 [36mDEBUG[0m [90msrc/aap2_client.c:334:[0m Success
18:54:46 [32mINFO [0m [90msrc/aap2_client.c:418:[0m Bundle sent !
18:54:46 [36mDEBUG[0m [90msrc/aap2_client.c:334:[0m Success
18:54:46 [32mINFO [0m [90msrc/aap2_client.c:418:[0m Bundle sent !
18:54:46 [36mDEBUG[0m [90msrc/aap2_client.c:334:[0m Success
18:54:46 [32mINFO [0m [90msrc/aap2_client.c:418:[0m Bundle sent !
18:54:46 [36mDEBUG[0m [90msrc/aap2_client.c:334:[0m Success
18:54:46 [32mINFO [0m [90msrc/aap2_client.c:418:[0m Bundle sent !
18:54:46 [36mDEBUG[0m [90msrc/aap2_client.c:334:[0m Success
18:54:46 [32mINFO [0m [90msrc/aap2_client.c:418:[0m Bundle sent !
18:54:46 [36mDEBUG[0m [90msrc/aap2_client.c:334:[0m Success
18:54:49 [32mINFO [0m [90msrc/aap2_client.c:418:[0m Bundle sent !
18:54:49 [36mDEBUG[0m [90msrc/aap2_client.c:334:[0m Success
18:54:49 [32mINFO [0m [90msrc/aap2_client.c:418:[0m Bundle sent !
18:54:49 [36mDEBUG[0m [90msrc/aap2_client.c:334:[0m Success
18:54:49 [32mINFO [0m [90msrc/aap2_client.c:418:[0m Bundle sent !
18:54:49 [36mDEBUG[0m [90msrc/aap2_client.c:334:[0m Success
18:54:49 [32mINFO [0m [90msrc/aap2_client.c:418:[0m Bundle sent !
18:54:49 [36mDEBUG[0m [90msrc/aap2_client.c:334:[0m Success
18:54:49 [32mINFO [0m [90msrc/aap2_client.c:418:[0m Bundle sent !
18:54:49 [36mDEBUG[0m [90msrc/aap2_client.c:334:[0m Success
18:54:49 [32mINFO [0m [90msrc/aap2_client.c:418:[0m Bundle sent !
18:54:49 [36mDEBUG[0m [90msrc/aap2_client.c:334:[0m Success
18:54:49 [32mINFO [0m [90msrc/aap2_client.c:418:[0m Bundle sent !
18:54:49 [36mDEBUG[0m [90msrc/aap2_client.c:334:[0m Success
18:54:49 [32mINFO [0m [90msrc/aap2_client.c:418:[0m Bundle sent !
18:54:49 [36mDEBUG[0m [90msrc/aap2_client.c:334:[0m Success
18:54:49 [32mINFO [0m [90msrc/aap2_client.c:418:[0m Bundle sent !
18:54:49 [36mDEBUG[0m [90msrc/aap2_client.c:334:[0m Success
18:54:49 [32mINFO [0m [90msrc/aap2_client.c:418:[0m Bundle sent !
18:54:49 [36mDEBUG[0m [90msrc/aap2_client.c:334:[0m Success
18:54:52 [32mINFO [0m [90msrc/aap2_client.c:418:[0m Bundle sent !
18:54:52 [36mDEBUG[0m [90msrc/aap2_client.c:334:[0m Success
18:54:52 [32mINFO [0m [90msrc/aap2_client.c:418:[0m Bundle sent !
18:54:52 [36mDEBUG[0m [90msrc/aap2_client.c:334:[0m Success
18:54:52 [32mINFO [0m [90msrc/aap2_client.c:418:[0m Bundle sent !
18:54:52 [36mDEBUG[0m [90msrc/aap2_client.c:334:[0m Success
18:54:52 [32mINFO [0m [90msrc/aap2_client.c:418:[0m Bundle sent !
18:54:52 [36mDEBUG[0m [90msrc/aap2_client.c:334:[0m Success
18:54:52 [32mINFO [0m [90msrc/aap2_client.c:418:[0m Bundle sent !
18:54:52 [36mDEBUG[0m [90msrc/aap2_client.c:334:[0m Success
18:54:52 [32mINFO [0m [90msrc/aap2_client.c:418:[0m Bundle sent !
18:54:52 [36mDEBUG[0m [90msrc/aap2_client.c:334:[0m Success
18:54:52 [32mINFO [0m [90msrc/aap2_client.c:418:[0m Bundle sent !
18:54:52 [36mDEBUG[0m [90msrc/aap2_client.c:334:[0m Success
18:54:52 [32mINFO [0m [90msrc/aap2_client.c:418:[0m Bundle sent !
18:54:52 [36mDEBUG[0m [90msrc/aap2_client.c:334:[0m Success
18:54:52 [32mINFO [0m [90msrc/aap2_client.c:418:[0m Bundle sent !
18:54:52 [36mDEBUG[0m [90msrc/aap2_client.c:334:[0m Success
18:54:52 [32mINFO [0m [90msrc/aap2_client.c:418:[0m Bundle sent !
18:54:52 [36mDEBUG[0m [90msrc/aap2_client.c:334:[0m Success
18:54:55 [32mINFO [0m [90msrc/aap2_client.c:418:[0m Bundle sent !
18:54:55 [36mDEBUG[0m [90msrc/aap2_client.c:334:[0m Success
18:54:55 [32mINFO [0m [90msrc/aap2_client.c:418:[0m Bundle sent !
18:54:55 [36mDEBUG[0m [90msrc/aap2_client.c:334:[0m Success
18:54:55 [32mINFO [0m [90msrc/aap2_client.c:418:[0m Bundle sent !
18:54:55 [36mDEBUG[0m [90msrc/aap2_client.c:334:[0m Success
18:54:55 [32mINFO [0m [90msrc/aap2_client.c:418:[0m Bundle sent !
18:54:55 [36mDEBUG[0m [90msrc/aap2_client.c:334:[0m Success
18:54:55 [32mINFO [0m [90msrc/aap2_client.c:418:[0m Bundle sent !
18:54:55 [36mDEBUG[0m [90msrc/aap2_client.c:334:[0m Success
18:54:55 [32mINFO [0m [90msrc/aap2_client.c:418:[0m Bundle sent !
18:54:55 [36mDEBUG[0m [90msrc/aap2_client.c:334:[0m Success
18:54:55 [32mINFO [0m [90msrc/aap2_client.c:418:[0m Bundle sent !
18:54:55 [36mDEBUG[0m [90msrc/aap2_client.c:334:[0m Success
18:54:55 [32mINFO [0m [90msrc/aap2_client.c:418:[0m Bundle sent !
18:54:55 [36mDEBUG[0m [90msrc/aap2_client.c:334:[0m Success
18:54:55 [32mINFO [0m [90msrc/aap2_client.c:418:[0m Bundle sent !
18:54:55 [36mDEBUG[0m [90msrc/aap2_client.c:334:[0m Success
18:54:55 [32mINFO [0m [90msrc/aap2_client.c:418:[0m Bundle sent !
18:54:55 [36mDEBUG[0m [90msrc/aap2_client.c:334:[0m Success
18:54:58 [32mINFO [0m [90msrc/aap2_client.c:418:[0m Bundle sent !
18:54:58 [36mDEBUG[0m [90msrc/aap2_client.c:334:[0m Success
18:54:58 [32mINFO [0m [90msrc/aap2_client.c:418:[0m Bundle sent !
18:54:58 [36mDEBUG[0m [90msrc/aap2_client.c:334:[0m Success
18:54:58 [32mINFO [0m [90msrc/aap2_client.c:418:[0m Bundle sent !
18:54:58 [36mDEBUG[0m [90msrc/aap2_client.c:334:[0m Success
18:54:58 [32mINFO [0m [90msrc/aap2_client.c:418:[0m Bundle sent !
18:54:58 [36mDEBUG[0m [90msrc/aap2_client.c:334:[0m Success
18:54:58 [32mINFO [0m [90msrc/aap2_client.c:418:[0m Bundle sent !
18:54:58 [36mDEBUG[0m [90msrc/aap2_client.c:334:[0m Success
18:54:58 [32mINFO [0m [90msrc/aap2_client.c:418:[0m Bundle sent !
18:54:58 [36mDEBUG[0m [90msrc/aap2_client.c:334:[0m Success
18:54:58 [32mINFO [0m [90msrc/aap2_client.c:418:[0m Bundle sent !
18:54:58 [36mDEBUG[0m [90msrc/aap2_client.c:334:[0m Success
18:54:58 [32mINFO [0m [90msrc/aap2_client.c:418:[0m Bundle sent !
18:54:58 [36mDEBUG[0m [90msrc/aap2_client.c:334:[0m Success
18:54:58 [32mINFO [0m [90msrc/aap2_client.c:418:[0m Bundle sent !
18:54:58 [36mDEBUG[0m [90msrc/aap2_client.c:334:[0m Success
18:54:58 [32mINFO [0m [90msrc/aap2_client.c:418:[0m Bundle sent !
18:54:58 [36mDEBUG[0m [90msrc/aap2_client.c:334:[0m Success
18:55:01 [32mINFO [0m [90msrc/aap2_client.c:418:[0m Bundle sent !
18:55:01 [36mDEBUG[0m [90msrc/aap2_client.c:334:[0m Success
18:55:01 [32mINFO [0m [90msrc/aap2_client.c:418:[0m Bundle sent !
18:55:01 [36mDEBUG[0m [90msrc/aap2_client.c:334:[0m Success
18:55:01 [32mINFO [0m [90msrc/aap2_client.c:418:[0m Bundle sent !
18:55:01 [36mDEBUG[0m [90msrc/aap2_client.c:334:[0m Success
18:55:01 [32mINFO [0m [90msrc/aap2_client.c:418:[0m Bundle sent !
18:55:01 [36mDEBUG[0m [90msrc/aap2_client.c:334:[0m Success
18:55:01 [32mINFO [0m [90msrc/aap2_client.c:418:[0m Bundle sent !
18:55:01 [36mDEBUG[0m [90msrc/aap2_client.c:334:[0m Success
18:55:01 [32mINFO [0m [90msrc/aap2_client.c:418:[0m Bundle sent !
18:55:01 [36mDEBUG[0m [90msrc/aap2_client.c:334:[0m Success
18:55:01 [32mINFO [0m [90msrc/aap2_client.c:418:[0m Bundle sent !
18:55:01 [36mDEBUG[0m [90msrc/aap2_client.c:334:[0m Success
18:55:01 [32mINFO [0m [90msrc/aap2_client.c:418:[0m Bundle sent !
18:55:01 [36mDEBUG[0m [90msrc/aap2_client.c:334:[0m Success
18:55:01 [32mINFO [0m [90msrc/aap2_client.c:418:[0m Bundle sent !
18:55:01 [36mDEBUG[0m [90msrc/aap2_client.c:334:[0m Success
18:55:01 [32mINFO [0m [90msrc/aap2_client.c:418:[0m Bundle sent !
18:55:01 [36mDEBUG[0m [90msrc/aap2_client.c:334:[0m Success
18:55:04 [32mINFO [0m [90msrc/aap2_client.c:418:[0m Bundle sent !
18:55:04 [36mDEBUG[0m [90msrc/aap2_client.c:334:[0m Success
18:55:04 [32mINFO [0m [90msrc/aap2_client.c:418:[0m Bundle sent !
18:55:04 [36mDEBUG[0m [90msrc/aap2_client.c:334:[0m Success
18:55:04 [32mINFO [0m [90msrc/aap2_client.c:418:[0m Bundle sent !
18:55:04 [36mDEBUG[0m [90msrc/aap2_client.c:334:[0m Success
18:55:04 [32mINFO [0m [90msrc/aap2_client.c:418:[0m Bundle sent !
18:55:04 [36mDEBUG[0m [90msrc/aap2_client.c:334:[0m Success
18:55:04 [32mINFO [0m [90msrc/aap2_client.c:418:[0m Bundle sent !
18:55:04 [36mDEBUG[0m [90msrc/aap2_client.c:334:[0m Success
18:55:04 [32mINFO [0m [90msrc/aap2_client.c:418:[0m Bundle sent !
18:55:04 [36mDEBUG[0m [90msrc/aap2_client.c:334:[0m Success
18:55:04 [32mINFO [0m [90msrc/aap2_client.c:418:[0m Bundle sent !
18:55:04 [36mDEBUG[0m [90msrc/aap2_client.c:334:[0m Success
18:55:04 [32mINFO [0m [90msrc/aap2_client.c:418:[0m Bundle sent !
18:55:04 [36mDEBUG[0m [90msrc/aap2_client.c:334:[0m Success
18:55:04 [32mINFO [0m [90msrc/aap2_client.c:418:[0m Bundle sent !
18:55:04 [36mDEBUG[0m [90msrc/aap2_client.c:334:[0m Success
18:55:04 [32mINFO [0m [90msrc/aap2_client.c:418:[0m Bundle sent !
18:55:04 [36mDEBUG[0m [90msrc/aap2_client.c:334:[0m Success
18:55:07 [32mINFO [0m [90msrc/aap2_client.c:418:[0m Bundle sent !
18:55:07 [36mDEBUG[0m [90msrc/aap2_client.c:334:[0m Success
18:55:07 [32mINFO [0m [90msrc/aap2_client.c:418:[0m Bundle sent !
18:55:07 [36mDEBUG[0m [90msrc/aap2_client.c:334:[0m Success
18:55:07 [32mINFO [0m [90msrc/aap2_client.c:418:[0m Bundle sent !
18:55:07 [36mDEBUG[0m [90msrc/aap2_client.c:334:[0m Success
18:55:07 [32mINFO [0m [90msrc/aap2_client.c:418:[0m Bundle sent !
18:55:07 [36mDEBUG[0m [90msrc/aap2_client.c:334:[0m Success
18:55:07 [32mINFO [0m [90msrc/aap2_client.c:418:[0m Bundle sent !
18:55:07 [36mDEBUG[0m [90msrc/aap2_client.c:334:[0m Success
18:55:07 [32mINFO [0m [90msrc/aap2_client.c:418:[0m Bundle sent !
18:55:07 [36mDEBUG[0m [90msrc/aap2_client.c:334:[0m Success
18:55:07 [32mINFO [0m [90msrc/aap2_client.c:418:[0m Bundle sent !
18:55:07 [36mDEBUG[0m [90msrc/aap2_client.c:334:[0m Success
18:55:07 [32mINFO [0m [90msrc/aap2_client.c:418:[0m Bundle sent !
18:55:07 [36mDEBUG[0m [90msrc/aap2_client.c:334:[0m Success
18:55:07 [32mINFO [0m [90msrc/aap2_client.c:418:[0m Bundle sent !
18:55:07 [36mDEBUG[0m [90msrc/aap2_client.c:334:[0m Success
18:55:07 [32mINFO [0m [90msrc/aap2_client.c:418:[0m Bundle sent !
18:55:07 [36mDEBUG[0m [90msrc/aap2_client.c:334:[0m Success
18:55:10 [32mINFO [0m [90msrc/aap2_client.c:418:[0m Bundle sent !
18:55:10 [36mDEBUG[0m [90msrc/aap2_client.c:334:[0m Success
18:55:10 [32mINFO [0m [90msrc/aap2_client.c:418:[0m Bundle sent !
18:55:10 [36mDEBUG[0m [90msrc/aap2_client.c:334:[0m Success
18:55:10 [32mINFO [0m [90msrc/aap2_client.c:418:[0m Bundle sent !
18:55:10 [36mDEBUG[0m [90msrc/aap2_client.c:334:[0m Success
18:55:10 [32mINFO [0m [90msrc/aap2_client.c:418:[0m Bundle sent !
18:55:10 [36mDEBUG[0m [90msrc/aap2_client.c:334:[0m Success
18:55:10 [32mINFO [0m [90msrc/aap2_client.c:418:[0m Bundle sent !
18:55:10 [36mDEBUG[0m [90msrc/aap2_client.c:334:[0m Success
18:55:10 [32mINFO [0m [90msrc/aap2_client.c:418:[0m Bundle sent !
18:55:10 [36mDEBUG[0m [90msrc/aap2_client.c:334:[0m Success
18:55:10 [32mINFO [0m [90msrc/aap2_client.c:418:[0m Bundle sent !
18:55:10 [36mDEBUG[0m [90msrc/aap2_client.c:334:[0m Success
18:55:10 [32mINFO [0m [90msrc/aap2_client.c:418:[0m Bundle sent !
18:55:10 [36mDEBUG[0m [90msrc/aap2_client.c:334:[0m Success
18:55:10 [32mINFO [0m [90msrc/aap2_client.c:418:[0m Bundle sent !
18:55:10 [36mDEBUG[0m [90msrc/aap2_client.c:334:[0m Success
18:55:10 [32mINFO [0m [90msrc/aap2_client.c:418:[0m Bundle sent !
18:55:10 [36mDEBUG[0m [90msrc/aap2_client.c:334:[0m Success
18:55:13 [32mINFO [0m [90msrc/aap2_client.c:418:[0m Bundle sent !
18:55:13 [36mDEBUG[0m [90msrc/aap2_client.c:334:[0m Success
18:55:13 [32mINFO [0m [90msrc/aap2_client.c:418:[0m Bundle sent !
18:55:13 [36mDEBUG[0m [90msrc/aap2_client.c:334:[0m Success
18:55:13 [32mINFO [0m [90msrc/aap2_client.c:418:[0m Bundle sent !
18:55:13 [36mDEBUG[0m [90msrc/aap2_client.c:334:[0m Success
18:55:13 [32mINFO [0m [90msrc/aap2_client.c:418:[0m Bundle sent !
18:55:13 [36mDEBUG[0m [90msrc/aap2_client.c:334:[0m Success
18:55:13 [32mINFO [0m [90msrc/aap2_client.c:418:[0m Bundle sent !
18:55:13 [36mDEBUG[0m [90msrc/aap2_client.c:334:[0m Success
18:55:13 [32mINFO [0m [90msrc/aap2_client.c:418:[0m Bundle sent !
18:55:13 [36mDEBUG[0m [90msrc/aap2_client.c:334:[0m Success
18:55:13 [32mINFO [0m [90msrc/aap2_client.c:418:[0m Bundle sent !
18:55:13 [36mDEBUG[0m [90msrc/aap2_client.c:334:[0m Success
18:55:13 [32mINFO [0m [90msrc/aap2_client.c:418:[0m Bundle sent !
18:55:13 [36mDEBUG[0m [90msrc/aap2_client.c:334:[0m Success
18:55:13 [32mINFO [0m [90msrc/aap2_client.c:418:[0m Bundle sent !
18:55:13 [36mDEBUG[0m [90msrc/aap2_client.c:334:[0m Success
18:55:13 [32mINFO [0m [90msrc/aap2_client.c:418:[0m Bundle sent !
18:55:13 [36mDEBUG[0m [90msrc/aap2_client.c:334:[0m Success
18:55:16 [32mINFO [0m [90msrc/aap2_client.c:418:[0m Bundle sent !
18:55:16 [36mDEBUG[0m [90msrc/aap2_client.c:334:[0m Success
18:55:16 [32mINFO [0m [90msrc/aap2_client.c:418:[0m Bundle sent !
18:55:16 [36mDEBUG[0m [90msrc/aap2_client.c:334:[0m Success
18:55:16 [32mINFO [0m [90msrc/aap2_client.c:418:[0m Bundle sent !
18:55:16 [36mDEBUG[0m [90msrc/aap2_client.c:334:[0m Success
18:55:16 [32mINFO [0m [90msrc/aap2_client.c:418:[0m Bundle sent !
18:55:16 [36mDEBUG[0m [90msrc/aap2_client.c:334:[0m Success
18:55:16 [32mINFO [0m [90msrc/aap2_client.c:418:[0m Bundle sent !
18:55:16 [36mDEBUG[0m [90msrc/aap2_client.c:334:[0m Success
18:55:16 [32mINFO [0m [90msrc/aap2_client.c:418:[0m Bundle sent !
18:55:16 [36mDEBUG[0m [90msrc/aap2_client.c:334:[0m Success
18:55:16 [32mINFO [0m [90msrc/aap2_client.c:418:[0m Bundle sent !
18:55:16 [36mDEBUG[0m [90msrc/aap2_client.c:334:[0m Success
18:55:16 [32mINFO [0m [90msrc/aap2_client.c:418:[0m Bundle sent !
18:55:16 [36mDEBUG[0m [90msrc/aap2_client.c:334:[0m Success
18:55:16 [32mINFO [0m [90msrc/aap2_client.c:418:[0m Bundle sent !
18:55:16 [36mDEBUG[0m [90msrc/aap2_client.c:334:[0m Success
18:55:16 [32mINFO [0m [90msrc/aap2_client.c:418:[0m Bundle sent !
18:55:16 [36mDEBUG[0m [90msrc/aap2_client.c:334:[0m Success
18:55:19 [32mINFO [0m [90msrc/aap2_client.c:418:[0m Bundle sent !
18:55:19 [36mDEBUG[0m [90msrc/aap2_client.c:334:[0m Success
18:55:19 [32mINFO [0m [90msrc/aap2_client.c:418:[0m Bundle sent !
18:55:19 [36mDEBUG[0m [90msrc/aap2_client.c:334:[0m Success
18:55:19 [32mINFO [0m [90msrc/aap2_client.c:418:[0m Bundle sent !
18:55:19 [36mDEBUG[0m [90msrc/aap2_client.c:334:[0m Success
18:55:19 [32mINFO [0m [90msrc/aap2_client.c:418:[0m Bundle sent !
18:55:19 [36mDEBUG[0m [90msrc/aap2_client.c:334:[0m Success
18:55:19 [32mINFO [0m [90msrc/aap2_client.c:418:[0m Bundle sent !
18:55:19 [36mDEBUG[0m [90msrc/aap2_client.c:334:[0m Success
18:55:19 [32mINFO [0m [90msrc/aap2_client.c:418:[0m Bundle sent !
18:55:19 [36mDEBUG[0m [90msrc/aap2_client.c:334:[0m Success
18:55:19 [32mINFO [0m [90msrc/aap2_client.c:418:[0m Bundle sent !
18:55:19 [36mDEBUG[0m [90msrc/aap2_client.c:334:[0m Success
18:55:19 [32mINFO [0m [90msrc/aap2_client.c:418:[0m Bundle sent !
18:55:19 [36mDEBUG[0m [90msrc/aap2_client.c:334:[0m Success
18:55:19 [32mINFO [0m [90msrc/aap2_client.c:418:[0m Bundle sent !
18:55:19 [36mDEBUG[0m [90msrc/aap2_client.c:334:[0m Success
18:55:19 [32mINFO [0m [90msrc/aap2_client.c:418:[0m Bundle sent !
18:55:19 [36mDEBUG[0m [90msrc/aap2_client.c:334:[0m Success
18:55:22 [32mINFO [0m [90msrc/aap2_client.c:418:[0m Bundle sent !
18:55:22 [36mDEBUG[0m [90msrc/aap2_client.c:334:[0m Success
18:55:22 [32mINFO [0m [90msrc/aap2_client.c:418:[0m Bundle sent !
18:55:22 [36mDEBUG[0m [90msrc/aap2_client.c:334:[0m Success
18:55:22 [32mINFO [0m [90msrc/aap2_client.c:418:[0m Bundle sent !
18:55:22 [36mDEBUG[0m [90msrc/aap2_client.c:334:[0m Success
18:55:22 [32mINFO [0m [90msrc/aap2_client.c:418:[0m Bundle sent !
18:55:22 [36mDEBUG[0m [90msrc/aap2_client.c:334:[0m Success
18:55:22 [32mINFO [0m [90msrc/aap2_client.c:418:[0m Bundle sent !
18:55:22 [36mDEBUG[0m [90msrc/aap2_client.c:334:[0m Success
18:55:22 [32mINFO [0m [90msrc/aap2_client.c:418:[0m Bundle sent !
18:55:22 [36mDEBUG[0m [90msrc/aap2_client.c:334:[0m Success
18:55:22 [32mINFO [0m [90msrc/aap2_client.c:418:[0m Bundle sent !
18:55:22 [36mDEBUG[0m [90msrc/aap2_client.c:334:[0m Success
18:55:22 [32mINFO [0m [90msrc/aap2_client.c:418:[0m Bundle sent !
18:55:22 [36mDEBUG[0m [90msrc/aap2_client.c:334:[0m Success
18:55:22 [32mINFO [0m [90msrc/aap2_client.c:418:[0m Bundle sent !
18:55:22 [36mDEBUG[0m [90msrc/aap2_client.c:334:[0m Success
18:55:22 [32mINFO [0m [90msrc/aap2_client.c:418:[0m Bundle sent !
18:55:22 [36mDEBUG[0m [90msrc/aap2_client.c:334:[0m Success
18:55:25 [32mINFO [0m [90msrc/aap2_client.c:418:[0m Bundle sent !
18:55:25 [36mDEBUG[0m [90msrc/aap2_client.c:334:[0m Success
18:55:25 [32mINFO [0m [90msrc/aap2_client.c:418:[0m Bundle sent !
18:55:25 [36mDEBUG[0m [90msrc/aap2_client.c:334:[0m Success
18:55:25 [32mINFO [0m [90msrc/aap2_client.c:418:[0m Bundle sent !
18:55:25 [36mDEBUG[0m [90msrc/aap2_client.c:334:[0m Success
18:55:25 [32mINFO [0m [90msrc/aap2_client.c:418:[0m Bundle sent !
18:55:25 [36mDEBUG[0m [90msrc/aap2_client.c:334:[0m Success
18:55:25 [32mINFO [0m [90msrc/aap2_client.c:418:[0m Bundle sent !
18:55:25 [36mDEBUG[0m [90msrc/aap2_client.c:334:[0m Success
18:55:25 [32mINFO [0m [90msrc/aap2_client.c:418:[0m Bundle sent !
18:55:25 [36mDEBUG[0m [90msrc/aap2_client.c:334:[0m Success
18:55:25 [32mINFO [0m [90msrc/aap2_client.c:418:[0m Bundle sent !
18:55:25 [36mDEBUG[0m [90msrc/aap2_client.c:334:[0m Success
18:55:25 [32mINFO [0m [90msrc/aap2_client.c:418:[0m Bundle sent !
18:55:25 [36mDEBUG[0m [90msrc/aap2_client.c:334:[0m Success
18:55:25 [32mINFO [0m [90msrc/aap2_client.c:418:[0m Bundle sent !
18:55:25 [36mDEBUG[0m [90msrc/aap2_client.c:334:[0m Success
18:55:25 [32mINFO [0m [90msrc/aap2_client.c:418:[0m Bundle sent !
18:55:25 [36mDEBUG[0m [90msrc/aap2_client.c:334:[0m Success
18:55:28 [32mINFO [0m [90msrc/aap2_client.c:418:[0m Bundle sent !
18:55:28 [36mDEBUG[0m [90msrc/aap2_client.c:334:[0m Success
18:55:28 [32mINFO [0m [90msrc/aap2_client.c:418:[0m Bundle sent !
18:55:28 [36mDEBUG[0m [90msrc/aap2_client.c:334:[0m Success
18:55:28 [32mINFO [0m [90msrc/aap2_client.c:418:[0m Bundle sent !
18:55:28 [36mDEBUG[0m [90msrc/aap2_client.c:334:[0m Success
18:55:28 [32mINFO [0m [90msrc/aap2_client.c:418:[0m Bundle sent !
18:55:28 [36mDEBUG[0m [90msrc/aap2_client.c:334:[0m Success
18:55:28 [32mINFO [0m [90msrc/aap2_client.c:418:[0m Bundle sent !
18:55:28 [36mDEBUG[0m [90msrc/aap2_client.c:334:[0m Success
18:55:28 [32mINFO [0m [90msrc/aap2_client.c:418:[0m Bundle sent !
18:55:28 [36mDEBUG[0m [90msrc/aap2_client.c:334:[0m Success
18:55:28 [32mINFO [0m [90msrc/aap2_client.c:418:[0m Bundle sent !
18:55:28 [36mDEBUG[0m [90msrc/aap2_client.c:334:[0m Success
18:55:28 [32mINFO [0m [90msrc/aap2_client.c:418:[0m Bundle sent !
18:55:28 [36mDEBUG[0m [90msrc/aap2_client.c:334:[0m Success
18:55:28 [32mINFO [0m [90msrc/aap2_client.c:418:[0m Bundle sent !
18:55:28 [36mDEBUG[0m [90msrc/aap2_client.c:334:[0m Success
18:55:28 [32mINFO [0m [90msrc/aap2_client.c:418:[0m Bundle sent !
18:55:28 [36mDEBUG[0m [90msrc/aap2_client.c:334:[0m Success
18:55:31 [32mINFO [0m [90msrc/aap2_client.c:418:[0m Bundle sent !
18:55:31 [36mDEBUG[0m [90msrc/aap2_client.c:334:[0m Success
18:55:31 [32mINFO [0m [90msrc/aap2_client.c:418:[0m Bundle sent !
18:55:31 [36mDEBUG[0m [90msrc/aap2_client.c:334:[0m Success
18:55:31 [32mINFO [0m [90msrc/aap2_client.c:418:[0m Bundle sent !
18:55:31 [36mDEBUG[0m [90msrc/aap2_client.c:334:[0m Success
18:55:31 [32mINFO [0m [90msrc/aap2_client.c:418:[0m Bundle sent !
18:55:31 [36mDEBUG[0m [90msrc/aap2_client.c:334:[0m Success
18:55:31 [32mINFO [0m [90msrc/aap2_client.c:418:[0m Bundle sent !
18:55:31 [36mDEBUG[0m [90msrc/aap2_client.c:334:[0m Success
18:55:31 [32mINFO [0m [90msrc/aap2_client.c:418:[0m Bundle sent !
18:55:31 [36mDEBUG[0m [90msrc/aap2_client.c:334:[0m Success
18:55:31 [32mINFO [0m [90msrc/aap2_client.c:418:[0m Bundle sent !
18:55:31 [36mDEBUG[0m [90msrc/aap2_client.c:334:[0m Success
18:55:31 [32mINFO [0m [90msrc/aap2_client.c:418:[0m Bundle sent !
18:55:31 [36mDEBUG[0m [90msrc/aap2_client.c:334:[0m Success
18:55:31 [32mINFO [0m [90msrc/aap2_client.c:418:[0m Bundle sent !
18:55:31 [36mDEBUG[0m [90msrc/aap2_client.c:334:[0m Success
18:55:31 [32mINFO [0m [90msrc/aap2_client.c:418:[0m Bundle sent !
18:55:31 [36mDEBUG[0m [90msrc/aap2_client.c:334:[0m Success
18:55:33 [32mINFO [0m [90msrc/aap2_client.c:418:[0m Bundle sent !
18:55:33 [36mDEBUG[0m [90msrc/aap2_client.c:334:[0m Success
18:55:33 [32mINFO [0m [90msrc/aap2_client.c:418:[0m Bundle sent !
18:55:33 [36mDEBUG[0m [90msrc/aap2_client.c:334:[0m Success
18:55:33 [32mINFO [0m [90msrc/aap2_client.c:418:[0m Bundle sent !
18:55:33 [36mDEBUG[0m [90msrc/aap2_client.c:334:[0m Success
18:55:33 [32mINFO [0m [90msrc/aap2_client.c:418:[0m Bundle sent !
18:55:33 [36mDEBUG[0m [90msrc/aap2_client.c:334:[0m Success
18:55:33 [32mINFO [0m [90msrc/aap2_client.c:418:[0m Bundle sent !
18:55:33 [36mDEBUG[0m [90msrc/aap2_client.c:334:[0m Success
18:55:33 [32mINFO [0m [90msrc/aap2_client.c:418:[0m Bundle sent !
18:55:33 [36mDEBUG[0m [90msrc/aap2_client.c:334:[0m Success
18:55:33 [32mINFO [0m [90msrc/aap2_client.c:418:[0m Bundle sent !
18:55:33 [36mDEBUG[0m [90msrc/aap2_client.c:334:[0m Success
18:55:33 [32mINFO [0m [90msrc/aap2_client.c:418:[0m Bundle sent !
18:55:33 [36mDEBUG[0m [90msrc/aap2_client.c:334:[0m Success
18:55:33 [32mINFO [0m [90msrc/aap2_client.c:418:[0m Bundle sent !
18:55:33 [36mDEBUG[0m [90msrc/aap2_client.c:334:[0m Success
18:55:33 [32mINFO [0m [90msrc/aap2_client.c:418:[0m Bundle sent !
18:55:33 [36mDEBUG[0m [90msrc/aap2_client.c:334:[0m Success
18:55:36 [32mINFO [0m [90msrc/aap2_client.c:418:[0m Bundle sent !
18:55:36 [36mDEBUG[0m [90msrc/aap2_client.c:334:[0m Success
18:55:36 [32mINFO [0m [90msrc/aap2_client.c:418:[0m Bundle sent !
18:55:36 [36mDEBUG[0m [90msrc/aap2_client.c:334:[0m Success
18:55:36 [32mINFO [0m [90msrc/aap2_client.c:418:[0m Bundle sent !
18:55:36 [36mDEBUG[0m [90msrc/aap2_client.c:334:[0m Success
18:55:36 [32mINFO [0m [90msrc/aap2_client.c:418:[0m Bundle sent !
18:55:36 [36mDEBUG[0m [90msrc/aap2_client.c:334:[0m Success
18:55:36 [32mINFO [0m [90msrc/aap2_client.c:418:[0m Bundle sent !
18:55:36 [36mDEBUG[0m [90msrc/aap2_client.c:334:[0m Success
18:55:36 [32mINFO [0m [90msrc/aap2_client.c:418:[0m Bundle sent !
18:55:36 [36mDEBUG[0m [90msrc/aap2_client.c:334:[0m Success
18:55:36 [32mINFO [0m [90msrc/aap2_client.c:418:[0m Bundle sent !
18:55:36 [36mDEBUG[0m [90msrc/aap2_client.c:334:[0m Success
18:55:36 [32mINFO [0m [90msrc/aap2_client.c:418:[0m Bundle sent !
18:55:36 [36mDEBUG[0m [90msrc/aap2_client.c:334:[0m Success
18:55:36 [32mINFO [0m [90msrc/aap2_client.c:418:[0m Bundle sent !
18:55:36 [36mDEBUG[0m [90msrc/aap2_client.c:334:[0m Success
18:55:36 [32mINFO [0m [90msrc/aap2_client.c:418:[0m Bundle sent !
18:55:36 [36mDEBUG[0m [90msrc/aap2_client.c:334:[0m Success
18:55:40 [32mINFO [0m [90msrc/aap2_client.c:418:[0m Bundle sent !
18:55:40 [36mDEBUG[0m [90msrc/aap2_client.c:334:[0m Success
18:55:40 [32mINFO [0m [90msrc/aap2_client.c:418:[0m Bundle sent !
18:55:40 [36mDEBUG[0m [90msrc/aap2_client.c:334:[0m Success
18:55:40 [32mINFO [0m [90msrc/aap2_client.c:418:[0m Bundle sent !
18:55:40 [36mDEBUG[0m [90msrc/aap2_client.c:334:[0m Success
18:55:40 [32mINFO [0m [90msrc/aap2_client.c:418:[0m Bundle sent !
18:55:40 [36mDEBUG[0m [90msrc/aap2_client.c:334:[0m Success
18:55:40 [32mINFO [0m [90msrc/aap2_client.c:418:[0m Bundle sent !
18:55:40 [36mDEBUG[0m [90msrc/aap2_client.c:334:[0m Success
18:55:40 [32mINFO [0m [90msrc/aap2_client.c:418:[0m Bundle sent !
18:55:40 [36mDEBUG[0m [90msrc/aap2_client.c:334:[0m Success
18:55:40 [32mINFO [0m [90msrc/aap2_client.c:418:[0m Bundle sent !
18:55:40 [36mDEBUG[0m [90msrc/aap2_client.c:334:[0m Success
18:55:40 [32mINFO [0m [90msrc/aap2_client.c:418:[0m Bundle sent !
18:55:40 [36mDEBUG[0m [90msrc/aap2_client.c:334:[0m Success
18:55:40 [32mINFO [0m [90msrc/aap2_client.c:418:[0m Bundle sent !
18:55:40 [36mDEBUG[0m [90msrc/aap2_client.c:334:[0m Success
18:55:40 [32mINFO [0m [90msrc/aap2_client.c:418:[0m Bundle sent !
18:55:40 [36mDEBUG[0m [90msrc/aap2_client.c:334:[0m Success
18:55:42 [32mINFO [0m [90msrc/aap2_client.c:418:[0m Bundle sent !
18:55:42 [36mDEBUG[0m [90msrc/aap2_client.c:334:[0m Success
18:55:42 [32mINFO [0m [90msrc/aap2_client.c:418:[0m Bundle sent !
18:55:42 [36mDEBUG[0m [90msrc/aap2_client.c:334:[0m Success
18:55:42 [32mINFO [0m [90msrc/aap2_client.c:418:[0m Bundle sent !
18:55:42 [36mDEBUG[0m [90msrc/aap2_client.c:334:[0m Success
18:55:42 [32mINFO [0m [90msrc/aap2_client.c:418:[0m Bundle sent !
18:55:42 [36mDEBUG[0m [90msrc/aap2_client.c:334:[0m Success
18:55:42 [32mINFO [0m [90msrc/aap2_client.c:418:[0m Bundle sent !
18:55:42 [36mDEBUG[0m [90msrc/aap2_client.c:334:[0m Success
18:55:42 [32mINFO [0m [90msrc/aap2_client.c:418:[0m Bundle sent !
18:55:42 [36mDEBUG[0m [90msrc/aap2_client.c:334:[0m Success
18:55:42 [32mINFO [0m [90msrc/aap2_client.c:418:[0m Bundle sent !
18:55:42 [36mDEBUG[0m [90msrc/aap2_client.c:334:[0m Success
18:55:42 [32mINFO [0m [90msrc/aap2_client.c:418:[0m Bundle sent !
18:55:42 [36mDEBUG[0m [90msrc/aap2_client.c:334:[0m Success
18:55:42 [32mINFO [0m [90msrc/aap2_client.c:418:[0m Bundle sent !
18:55:42 [36mDEBUG[0m [90msrc/aap2_client.c:334:[0m Success
18:55:42 [32mINFO [0m [90msrc/aap2_client.c:418:[0m Bundle sent !
18:55:42 [36mDEBUG[0m [90msrc/aap2_client.c:334:[0m Success
18:55:45 [32mINFO [0m [90msrc/aap2_client.c:418:[0m Bundle sent !
18:55:45 [36mDEBUG[0m [90msrc/aap2_client.c:334:[0m Success
18:55:45 [32mINFO [0m [90msrc/aap2_client.c:418:[0m Bundle sent !
18:55:45 [36mDEBUG[0m [90msrc/aap2_client.c:334:[0m Success
18:55:45 [32mINFO [0m [90msrc/aap2_client.c:418:[0m Bundle sent !
18:55:45 [36mDEBUG[0m [90msrc/aap2_client.c:334:[0m Success
18:55:45 [32mINFO [0m [90msrc/aap2_client.c:418:[0m Bundle sent !
18:55:45 [36mDEBUG[0m [90msrc/aap2_client.c:334:[0m Success
18:55:45 [32mINFO [0m [90msrc/aap2_client.c:418:[0m Bundle sent !
18:55:45 [36mDEBUG[0m [90msrc/aap2_client.c:334:[0m Success
18:55:45 [32mINFO [0m [90msrc/aap2_client.c:418:[0m Bundle sent !
18:55:45 [36mDEBUG[0m [90msrc/aap2_client.c:334:[0m Success
18:55:45 [32mINFO [0m [90msrc/aap2_client.c:418:[0m Bundle sent !
18:55:45 [36mDEBUG[0m [90msrc/aap2_client.c:334:[0m Success
18:55:45 [32mINFO [0m [90msrc/aap2_client.c:418:[0m Bundle sent !
18:55:45 [36mDEBUG[0m [90msrc/aap2_client.c:334:[0m Success
18:55:45 [32mINFO [0m [90msrc/aap2_client.c:418:[0m Bundle sent !
18:55:45 [36mDEBUG[0m [90msrc/aap2_client.c:334:[0m Success
18:55:45 [32mINFO [0m [90msrc/aap2_client.c:418:[0m Bundle sent !
18:55:45 [36mDEBUG[0m [90msrc/aap2_client.c:334:[0m Success
18:55:48 [32mINFO [0m [90msrc/aap2_client.c:418:[0m Bundle sent !
18:55:48 [36mDEBUG[0m [90msrc/aap2_client.c:334:[0m Success
18:55:48 [32mINFO [0m [90msrc/aap2_client.c:418:[0m Bundle sent !
18:55:48 [36mDEBUG[0m [90msrc/aap2_client.c:334:[0m Success
18:55:48 [32mINFO [0m [90msrc/aap2_client.c:418:[0m Bundle sent !
18:55:48 [36mDEBUG[0m [90msrc/aap2_client.c:334:[0m Success
18:55:48 [32mINFO [0m [90msrc/aap2_client.c:418:[0m Bundle sent !
18:55:48 [36mDEBUG[0m [90msrc/aap2_client.c:334:[0m Success
18:55:48 [32mINFO [0m [90msrc/aap2_client.c:418:[0m Bundle sent !
18:55:48 [36mDEBUG[0m [90msrc/aap2_client.c:334:[0m Success
18:55:48 [32mINFO [0m [90msrc/aap2_client.c:418:[0m Bundle sent !
18:55:48 [36mDEBUG[0m [90msrc/aap2_client.c:334:[0m Success
18:55:48 [32mINFO [0m [90msrc/aap2_client.c:418:[0m Bundle sent !
18:55:48 [36mDEBUG[0m [90msrc/aap2_client.c:334:[0m Success
18:55:48 [32mINFO [0m [90msrc/aap2_client.c:418:[0m Bundle sent !
18:55:48 [36mDEBUG[0m [90msrc/aap2_client.c:334:[0m Success
18:55:48 [32mINFO [0m [90msrc/aap2_client.c:418:[0m Bundle sent !
18:55:48 [36mDEBUG[0m [90msrc/aap2_client.c:334:[0m Success
18:55:48 [32mINFO [0m [90msrc/aap2_client.c:418:[0m Bundle sent !
18:55:48 [36mDEBUG[0m [90msrc/aap2_client.c:334:[0m Success
18:55:51 [32mINFO [0m [90msrc/aap2_client.c:418:[0m Bundle sent !
18:55:51 [36mDEBUG[0m [90msrc/aap2_client.c:334:[0m Success
18:55:51 [32mINFO [0m [90msrc/aap2_client.c:418:[0m Bundle sent !
18:55:51 [36mDEBUG[0m [90msrc/aap2_client.c:334:[0m Success
18:55:51 [32mINFO [0m [90msrc/aap2_client.c:418:[0m Bundle sent !
18:55:51 [36mDEBUG[0m [90msrc/aap2_client.c:334:[0m Success
18:55:51 [32mINFO [0m [90msrc/aap2_client.c:418:[0m Bundle sent !
18:55:51 [36mDEBUG[0m [90msrc/aap2_client.c:334:[0m Success
18:55:51 [32mINFO [0m [90msrc/aap2_client.c:418:[0m Bundle sent !
18:55:51 [36mDEBUG[0m [90msrc/aap2_client.c:334:[0m Success
18:55:51 [32mINFO [0m [90msrc/aap2_client.c:418:[0m Bundle sent !
18:55:51 [36mDEBUG[0m [90msrc/aap2_client.c:334:[0m Success
18:55:51 [32mINFO [0m [90msrc/aap2_client.c:418:[0m Bundle sent !
18:55:51 [36mDEBUG[0m [90msrc/aap2_client.c:334:[0m Success
18:55:51 [32mINFO [0m [90msrc/aap2_client.c:418:[0m Bundle sent !
18:55:51 [36mDEBUG[0m [90msrc/aap2_client.c:334:[0m Success
18:55:51 [32mINFO [0m [90msrc/aap2_client.c:418:[0m Bundle sent !
18:55:51 [36mDEBUG[0m [90msrc/aap2_client.c:334:[0m Success
18:55:51 [32mINFO [0m [90msrc/aap2_client.c:418:[0m Bundle sent !
18:55:51 [36mDEBUG[0m [90msrc/aap2_client.c:334:[0m Success
18:55:54 [32mINFO [0m [90msrc/aap2_client.c:418:[0m Bundle sent !
18:55:54 [36mDEBUG[0m [90msrc/aap2_client.c:334:[0m Success
18:55:54 [32mINFO [0m [90msrc/aap2_client.c:418:[0m Bundle sent !
18:55:54 [36mDEBUG[0m [90msrc/aap2_client.c:334:[0m Success
18:55:54 [32mINFO [0m [90msrc/aap2_client.c:418:[0m Bundle sent !
18:55:54 [36mDEBUG[0m [90msrc/aap2_client.c:334:[0m Success
18:55:54 [32mINFO [0m [90msrc/aap2_client.c:418:[0m Bundle sent !
18:55:54 [36mDEBUG[0m [90msrc/aap2_client.c:334:[0m Success
18:55:54 [32mINFO [0m [90msrc/aap2_client.c:418:[0m Bundle sent !
18:55:54 [36mDEBUG[0m [90msrc/aap2_client.c:334:[0m Success
18:55:54 [32mINFO [0m [90msrc/aap2_client.c:418:[0m Bundle sent !
18:55:54 [36mDEBUG[0m [90msrc/aap2_client.c:334:[0m Success
18:55:54 [32mINFO [0m [90msrc/aap2_client.c:418:[0m Bundle sent !
18:55:54 [36mDEBUG[0m [90msrc/aap2_client.c:334:[0m Success
18:55:54 [32mINFO [0m [90msrc/aap2_client.c:418:[0m Bundle sent !
18:55:54 [36mDEBUG[0m [90msrc/aap2_client.c:334:[0m Success
18:55:54 [32mINFO [0m [90msrc/aap2_client.c:418:[0m Bundle sent !
18:55:54 [36mDEBUG[0m [90msrc/aap2_client.c:334:[0m Success
18:55:54 [32mINFO [0m [90msrc/aap2_client.c:418:[0m Bundle sent !
18:55:54 [36mDEBUG[0m [90msrc/aap2_client.c:334:[0m Success
18:55:57 [32mINFO [0m [90msrc/aap2_client.c:418:[0m Bundle sent !
18:55:57 [36mDEBUG[0m [90msrc/aap2_client.c:334:[0m Success
18:55:57 [32mINFO [0m [90msrc/aap2_client.c:418:[0m Bundle sent !
18:55:57 [36mDEBUG[0m [90msrc/aap2_client.c:334:[0m Success
18:55:57 [32mINFO [0m [90msrc/aap2_client.c:418:[0m Bundle sent !
18:55:57 [36mDEBUG[0m [90msrc/aap2_client.c:334:[0m Success
18:55:57 [32mINFO [0m [90msrc/aap2_client.c:418:[0m Bundle sent !
18:55:57 [36mDEBUG[0m [90msrc/aap2_client.c:334:[0m Success
18:55:57 [32mINFO [0m [90msrc/aap2_client.c:418:[0m Bundle sent !
18:55:57 [36mDEBUG[0m [90msrc/aap2_client.c:334:[0m Success
18:55:57 [32mINFO [0m [90msrc/aap2_client.c:418:[0m Bundle sent !
18:55:57 [36mDEBUG[0m [90msrc/aap2_client.c:334:[0m Success
18:55:57 [32mINFO [0m [90msrc/aap2_client.c:418:[0m Bundle sent !
18:55:57 [36mDEBUG[0m [90msrc/aap2_client.c:334:[0m Success
18:55:57 [32mINFO [0m [90msrc/aap2_client.c:418:[0m Bundle sent !
18:55:57 [36mDEBUG[0m [90msrc/aap2_client.c:334:[0m Success
18:55:57 [32mINFO [0m [90msrc/aap2_client.c:418:[0m Bundle sent !
18:55:57 [36mDEBUG[0m [90msrc/aap2_client.c:334:[0m Success
18:55:57 [32mINFO [0m [90msrc/aap2_client.c:418:[0m Bundle sent !
18:55:57 [36mDEBUG[0m [90msrc/aap2_client.c:334:[0m Success
18:56:00 [32mINFO [0m [90msrc/aap2_client.c:418:[0m Bundle sent !
18:56:00 [36mDEBUG[0m [90msrc/aap2_client.c:334:[0m Success
18:56:00 [32mINFO [0m [90msrc/aap2_client.c:418:[0m Bundle sent !
18:56:00 [36mDEBUG[0m [90msrc/aap2_client.c:334:[0m Success
18:56:00 [32mINFO [0m [90msrc/aap2_client.c:418:[0m Bundle sent !
18:56:00 [36mDEBUG[0m [90msrc/aap2_client.c:334:[0m Success
18:56:00 [32mINFO [0m [90msrc/aap2_client.c:418:[0m Bundle sent !
18:56:00 [36mDEBUG[0m [90msrc/aap2_client.c:334:[0m Success
18:56:00 [32mINFO [0m [90msrc/aap2_client.c:418:[0m Bundle sent !
18:56:00 [36mDEBUG[0m [90msrc/aap2_client.c:334:[0m Success
18:56:00 [32mINFO [0m [90msrc/aap2_client.c:418:[0m Bundle sent !
18:56:00 [36mDEBUG[0m [90msrc/aap2_client.c:334:[0m Success
18:56:00 [32mINFO [0m [90msrc/aap2_client.c:418:[0m Bundle sent !
18:56:00 [36mDEBUG[0m [90msrc/aap2_client.c:334:[0m Success
18:56:00 [32mINFO [0m [90msrc/aap2_client.c:418:[0m Bundle sent !
18:56:00 [36mDEBUG[0m [90msrc/aap2_client.c:334:[0m Success
18:56:00 [32mINFO [0m [90msrc/aap2_client.c:418:[0m Bundle sent !
18:56:00 [36mDEBUG[0m [90msrc/aap2_client.c:334:[0m Success
18:56:00 [32mINFO [0m [90msrc/aap2_client.c:418:[0m Bundle sent !
18:56:00 [36mDEBUG[0m [90msrc/aap2_client.c:334:[0m Success
18:56:03 [32mINFO [0m [90msrc/aap2_client.c:418:[0m Bundle sent !
18:56:03 [36mDEBUG[0m [90msrc/aap2_client.c:334:[0m Success
18:56:03 [32mINFO [0m [90msrc/aap2_client.c:418:[0m Bundle sent !
18:56:03 [36mDEBUG[0m [90msrc/aap2_client.c:334:[0m Success
18:56:03 [32mINFO [0m [90msrc/aap2_client.c:418:[0m Bundle sent !
18:56:03 [36mDEBUG[0m [90msrc/aap2_client.c:334:[0m Success
18:56:03 [32mINFO [0m [90msrc/aap2_client.c:418:[0m Bundle sent !
18:56:03 [36mDEBUG[0m [90msrc/aap2_client.c:334:[0m Success
18:56:03 [32mINFO [0m [90msrc/aap2_client.c:418:[0m Bundle sent !
18:56:03 [36mDEBUG[0m [90msrc/aap2_client.c:334:[0m Success
18:56:03 [32mINFO [0m [90msrc/aap2_client.c:418:[0m Bundle sent !
18:56:03 [36mDEBUG[0m [90msrc/aap2_client.c:334:[0m Success
18:56:03 [32mINFO [0m [90msrc/aap2_client.c:418:[0m Bundle sent !
18:56:03 [36mDEBUG[0m [90msrc/aap2_client.c:334:[0m Success
18:56:03 [32mINFO [0m [90msrc/aap2_client.c:418:[0m Bundle sent !
18:56:03 [36mDEBUG[0m [90msrc/aap2_client.c:334:[0m Success
18:56:03 [32mINFO [0m [90msrc/aap2_client.c:418:[0m Bundle sent !
18:56:03 [36mDEBUG[0m [90msrc/aap2_client.c:334:[0m Success
18:56:03 [32mINFO [0m [90msrc/aap2_client.c:418:[0m Bundle sent !
18:56:03 [36mDEBUG[0m [90msrc/aap2_client.c:334:[0m Success
18:56:06 [32mINFO [0m [90msrc/aap2_client.c:418:[0m Bundle sent !
18:56:06 [36mDEBUG[0m [90msrc/aap2_client.c:334:[0m Success
18:56:06 [32mINFO [0m [90msrc/aap2_client.c:418:[0m Bundle sent !
18:56:06 [36mDEBUG[0m [90msrc/aap2_client.c:334:[0m Success
18:56:06 [32mINFO [0m [90msrc/aap2_client.c:418:[0m Bundle sent !
18:56:06 [36mDEBUG[0m [90msrc/aap2_client.c:334:[0m Success
18:56:06 [32mINFO [0m [90msrc/aap2_client.c:418:[0m Bundle sent !
18:56:06 [36mDEBUG[0m [90msrc/aap2_client.c:334:[0m Success
18:56:06 [32mINFO [0m [90msrc/aap2_client.c:418:[0m Bundle sent !
18:56:06 [36mDEBUG[0m [90msrc/aap2_client.c:334:[0m Success
18:56:06 [32mINFO [0m [90msrc/aap2_client.c:418:[0m Bundle sent !
18:56:06 [36mDEBUG[0m [90msrc/aap2_client.c:334:[0m Success
18:56:06 [32mINFO [0m [90msrc/aap2_client.c:418:[0m Bundle sent !
18:56:06 [36mDEBUG[0m [90msrc/aap2_client.c:334:[0m Success
18:56:06 [32mINFO [0m [90msrc/aap2_client.c:418:[0m Bundle sent !
18:56:06 [36mDEBUG[0m [90msrc/aap2_client.c:334:[0m Success
18:56:06 [32mINFO [0m [90msrc/aap2_client.c:418:[0m Bundle sent !
18:56:06 [36mDEBUG[0m [90msrc/aap2_client.c:334:[0m Success
18:56:06 [32mINFO [0m [90msrc/aap2_client.c:418:[0m Bundle sent !
18:56:06 [36mDEBUG[0m [90msrc/aap2_client.c:334:[0m Success
18:56:09 [32mINFO [0m [90msrc/aap2_client.c:418:[0m Bundle sent !
18:56:09 [36mDEBUG[0m [90msrc/aap2_client.c:334:[0m Success
18:56:09 [32mINFO [0m [90msrc/aap2_client.c:418:[0m Bundle sent !
18:56:09 [36mDEBUG[0m [90msrc/aap2_client.c:334:[0m Success
18:56:09 [32mINFO [0m [90msrc/aap2_client.c:418:[0m Bundle sent !
18:56:09 [36mDEBUG[0m [90msrc/aap2_client.c:334:[0m Success
18:56:09 [32mINFO [0m [90msrc/aap2_client.c:418:[0m Bundle sent !
18:56:09 [36mDEBUG[0m [90msrc/aap2_client.c:334:[0m Success
18:56:09 [32mINFO [0m [90msrc/aap2_client.c:418:[0m Bundle sent !
18:56:09 [36mDEBUG[0m [90msrc/aap2_client.c:334:[0m Success
18:56:09 [32mINFO [0m [90msrc/aap2_client.c:418:[0m Bundle sent !
18:56:09 [36mDEBUG[0m [90msrc/aap2_client.c:334:[0m Success
18:56:09 [32mINFO [0m [90msrc/aap2_client.c:418:[0m Bundle sent !
18:56:09 [36mDEBUG[0m [90msrc/aap2_client.c:334:[0m Success
18:56:09 [32mINFO [0m [90msrc/aap2_client.c:418:[0m Bundle sent !
18:56:09 [36mDEBUG[0m [90msrc/aap2_client.c:334:[0m Success
18:56:09 [32mINFO [0m [90msrc/aap2_client.c:418:[0m Bundle sent !
18:56:09 [36mDEBUG[0m [90msrc/aap2_client.c:334:[0m Success
18:56:09 [32mINFO [0m [90msrc/aap2_client.c:418:[0m Bundle sent !
18:56:09 [36mDEBUG[0m [90msrc/aap2_client.c:334:[0m Success
18:56:12 [32mINFO [0m [90msrc/aap2_client.c:418:[0m Bundle sent !
18:56:12 [36mDEBUG[0m [90msrc/aap2_client.c:334:[0m Success
18:56:12 [32mINFO [0m [90msrc/aap2_client.c:418:[0m Bundle sent !
18:56:12 [36mDEBUG[0m [90msrc/aap2_client.c:334:[0m Success
18:56:12 [32mINFO [0m [90msrc/aap2_client.c:418:[0m Bundle sent !
18:56:12 [36mDEBUG[0m [90msrc/aap2_client.c:334:[0m Success
18:56:12 [32mINFO [0m [90msrc/aap2_client.c:418:[0m Bundle sent !
18:56:12 [36mDEBUG[0m [90msrc/aap2_client.c:334:[0m Success
18:56:12 [32mINFO [0m [90msrc/aap2_client.c:418:[0m Bundle sent !
18:56:12 [36mDEBUG[0m [90msrc/aap2_client.c:334:[0m Success
18:56:12 [32mINFO [0m [90msrc/aap2_client.c:418:[0m Bundle sent !
18:56:12 [36mDEBUG[0m [90msrc/aap2_client.c:334:[0m Success
18:56:12 [32mINFO [0m [90msrc/aap2_client.c:418:[0m Bundle sent !
18:56:12 [36mDEBUG[0m [90msrc/aap2_client.c:334:[0m Success
18:56:12 [32mINFO [0m [90msrc/aap2_client.c:418:[0m Bundle sent !
18:56:12 [36mDEBUG[0m [90msrc/aap2_client.c:334:[0m Success
18:56:12 [32mINFO [0m [90msrc/aap2_client.c:418:[0m Bundle sent !
18:56:12 [36mDEBUG[0m [90msrc/aap2_client.c:334:[0m Success
18:56:12 [32mINFO [0m [90msrc/aap2_client.c:418:[0m Bundle sent !
18:56:12 [36mDEBUG[0m [90msrc/aap2_client.c:334:[0m Success
18:56:15 [32mINFO [0m [90msrc/aap2_client.c:418:[0m Bundle sent !
18:56:15 [36mDEBUG[0m [90msrc/aap2_client.c:334:[0m Success
18:56:15 [32mINFO [0m [90msrc/aap2_client.c:418:[0m Bundle sent !
18:56:15 [36mDEBUG[0m [90msrc/aap2_client.c:334:[0m Success
18:56:15 [32mINFO [0m [90msrc/aap2_client.c:418:[0m Bundle sent !
18:56:15 [36mDEBUG[0m [90msrc/aap2_client.c:334:[0m Success
18:56:15 [32mINFO [0m [90msrc/aap2_client.c:418:[0m Bundle sent !
18:56:15 [36mDEBUG[0m [90msrc/aap2_client.c:334:[0m Success
18:56:15 [32mINFO [0m [90msrc/aap2_client.c:418:[0m Bundle sent !
18:56:15 [36mDEBUG[0m [90msrc/aap2_client.c:334:[0m Success
18:56:15 [32mINFO [0m [90msrc/aap2_client.c:418:[0m Bundle sent !
18:56:15 [36mDEBUG[0m [90msrc/aap2_client.c:334:[0m Success
18:56:15 [32mINFO [0m [90msrc/aap2_client.c:418:[0m Bundle sent !
18:56:15 [36mDEBUG[0m [90msrc/aap2_client.c:334:[0m Success
18:56:15 [32mINFO [0m [90msrc/aap2_client.c:418:[0m Bundle sent !
18:56:15 [36mDEBUG[0m [90msrc/aap2_client.c:334:[0m Success
18:56:15 [32mINFO [0m [90msrc/aap2_client.c:418:[0m Bundle sent !
18:56:15 [36mDEBUG[0m [90msrc/aap2_client.c:334:[0m Success
18:56:15 [32mINFO [0m [90msrc/aap2_client.c:418:[0m Bundle sent !
18:56:15 [36mDEBUG[0m [90msrc/aap2_client.c:334:[0m Success
18:56:18 [32mINFO [0m [90msrc/aap2_client.c:418:[0m Bundle sent !
18:56:18 [36mDEBUG[0m [90msrc/aap2_client.c:334:[0m Success
18:56:18 [32mINFO [0m [90msrc/aap2_client.c:418:[0m Bundle sent !
18:56:18 [36mDEBUG[0m [90msrc/aap2_client.c:334:[0m Success
18:56:18 [32mINFO [0m [90msrc/aap2_client.c:418:[0m Bundle sent !
18:56:18 [36mDEBUG[0m [90msrc/aap2_client.c:334:[0m Success
18:56:18 [32mINFO [0m [90msrc/aap2_client.c:418:[0m Bundle sent !
18:56:18 [36mDEBUG[0m [90msrc/aap2_client.c:334:[0m Success
18:56:18 [32mINFO [0m [90msrc/aap2_client.c:418:[0m Bundle sent !
18:56:18 [36mDEBUG[0m [90msrc/aap2_client.c:334:[0m Success
18:56:18 [32mINFO [0m [90msrc/aap2_client.c:418:[0m Bundle sent !
18:56:18 [36mDEBUG[0m [90msrc/aap2_client.c:334:[0m Success
18:56:18 [32mINFO [0m [90msrc/aap2_client.c:418:[0m Bundle sent !
18:56:18 [36mDEBUG[0m [90msrc/aap2_client.c:334:[0m Success
18:56:18 [32mINFO [0m [90msrc/aap2_client.c:418:[0m Bundle sent !
18:56:18 [36mDEBUG[0m [90msrc/aap2_client.c:334:[0m Success
18:56:18 [32mINFO [0m [90msrc/aap2_client.c:418:[0m Bundle sent !
18:56:18 [36mDEBUG[0m [90msrc/aap2_client.c:334:[0m Success
18:56:18 [32mINFO [0m [90msrc/aap2_client.c:418:[0m Bundle sent !
18:56:18 [36mDEBUG[0m [90msrc/aap2_client.c:334:[0m Success
18:56:21 [32mINFO [0m [90msrc/aap2_client.c:418:[0m Bundle sent !
18:56:21 [36mDEBUG[0m [90msrc/aap2_client.c:334:[0m Success
18:56:21 [32mINFO [0m [90msrc/aap2_client.c:418:[0m Bundle sent !
18:56:21 [36mDEBUG[0m [90msrc/aap2_client.c:334:[0m Success
18:56:21 [32mINFO [0m [90msrc/aap2_client.c:418:[0m Bundle sent !
18:56:21 [36mDEBUG[0m [90msrc/aap2_client.c:334:[0m Success
18:56:21 [32mINFO [0m [90msrc/aap2_client.c:418:[0m Bundle sent !
18:56:21 [36mDEBUG[0m [90msrc/aap2_client.c:334:[0m Success
18:56:21 [32mINFO [0m [90msrc/aap2_client.c:418:[0m Bundle sent !
18:56:21 [36mDEBUG[0m [90msrc/aap2_client.c:334:[0m Success
18:56:21 [32mINFO [0m [90msrc/aap2_client.c:418:[0m Bundle sent !
18:56:21 [36mDEBUG[0m [90msrc/aap2_client.c:334:[0m Success
18:56:21 [32mINFO [0m [90msrc/aap2_client.c:418:[0m Bundle sent !
18:56:21 [36mDEBUG[0m [90msrc/aap2_client.c:334:[0m Success
18:56:21 [32mINFO [0m [90msrc/aap2_client.c:418:[0m Bundle sent !
18:56:21 [36mDEBUG[0m [90msrc/aap2_client.c:334:[0m Success
18:56:21 [32mINFO [0m [90msrc/aap2_client.c:418:[0m Bundle sent !
18:56:21 [36mDEBUG[0m [90msrc/aap2_client.c:334:[0m Success
18:56:21 [32mINFO [0m [90msrc/aap2_client.c:418:[0m Bundle sent !
18:56:21 [36mDEBUG[0m [90msrc/aap2_client.c:334:[0m Success
18:56:24 [32mINFO [0m [90msrc/aap2_client.c:418:[0m Bundle sent !
18:56:24 [36mDEBUG[0m [90msrc/aap2_client.c:334:[0m Success
18:56:24 [32mINFO [0m [90msrc/aap2_client.c:418:[0m Bundle sent !
18:56:24 [36mDEBUG[0m [90msrc/aap2_client.c:334:[0m Success
18:56:24 [32mINFO [0m [90msrc/aap2_client.c:418:[0m Bundle sent !
18:56:24 [36mDEBUG[0m [90msrc/aap2_client.c:334:[0m Success
18:56:24 [32mINFO [0m [90msrc/aap2_client.c:418:[0m Bundle sent !
18:56:24 [36mDEBUG[0m [90msrc/aap2_client.c:334:[0m Success
18:56:24 [32mINFO [0m [90msrc/aap2_client.c:418:[0m Bundle sent !
18:56:24 [36mDEBUG[0m [90msrc/aap2_client.c:334:[0m Success
18:56:24 [32mINFO [0m [90msrc/aap2_client.c:418:[0m Bundle sent !
18:56:24 [36mDEBUG[0m [90msrc/aap2_client.c:334:[0m Success
18:56:24 [32mINFO [0m [90msrc/aap2_client.c:418:[0m Bundle sent !
18:56:24 [36mDEBUG[0m [90msrc/aap2_client.c:334:[0m Success
18:56:24 [32mINFO [0m [90msrc/aap2_client.c:418:[0m Bundle sent !
18:56:24 [36mDEBUG[0m [90msrc/aap2_client.c:334:[0m Success
18:56:24 [32mINFO [0m [90msrc/aap2_client.c:418:[0m Bundle sent !
18:56:24 [36mDEBUG[0m [90msrc/aap2_client.c:334:[0m Success
18:56:24 [32mINFO [0m [90msrc/aap2_client.c:418:[0m Bundle sent !
18:56:24 [36mDEBUG[0m [90msrc/aap2_client.c:334:[0m Success
18:56:27 [32mINFO [0m [90msrc/aap2_client.c:418:[0m Bundle sent !
18:56:27 [36mDEBUG[0m [90msrc/aap2_client.c:334:[0m Success
18:56:27 [32mINFO [0m [90msrc/aap2_client.c:418:[0m Bundle sent !
18:56:27 [36mDEBUG[0m [90msrc/aap2_client.c:334:[0m Success
18:56:27 [32mINFO [0m [90msrc/aap2_client.c:418:[0m Bundle sent !
18:56:27 [36mDEBUG[0m [90msrc/aap2_client.c:334:[0m Success
18:56:27 [32mINFO [0m [90msrc/aap2_client.c:418:[0m Bundle sent !
18:56:27 [36mDEBUG[0m [90msrc/aap2_client.c:334:[0m Success
18:56:27 [32mINFO [0m [90msrc/aap2_client.c:418:[0m Bundle sent !
18:56:27 [36mDEBUG[0m [90msrc/aap2_client.c:334:[0m Success
18:56:27 [32mINFO [0m [90msrc/aap2_client.c:418:[0m Bundle sent !
18:56:27 [36mDEBUG[0m [90msrc/aap2_client.c:334:[0m Success
18:56:27 [32mINFO [0m [90msrc/aap2_client.c:418:[0m Bundle sent !
18:56:27 [36mDEBUG[0m [90msrc/aap2_client.c:334:[0m Success
18:56:27 [32mINFO [0m [90msrc/aap2_client.c:418:[0m Bundle sent !
18:56:27 [36mDEBUG[0m [90msrc/aap2_client.c:334:[0m Success
18:56:27 [32mINFO [0m [90msrc/aap2_client.c:418:[0m Bundle sent !
18:56:27 [36mDEBUG[0m [90msrc/aap2_client.c:334:[0m Success
18:56:27 [32mINFO [0m [90msrc/aap2_client.c:418:[0m Bundle sent !
18:56:27 [36mDEBUG[0m [90msrc/aap2_client.c:334:[0m Success
18:56:30 [32mINFO [0m [90msrc/aap2_client.c:418:[0m Bundle sent !
18:56:30 [36mDEBUG[0m [90msrc/aap2_client.c:334:[0m Success
18:56:30 [32mINFO [0m [90msrc/aap2_client.c:418:[0m Bundle sent !
18:56:30 [36mDEBUG[0m [90msrc/aap2_client.c:334:[0m Success
18:56:30 [32mINFO [0m [90msrc/aap2_client.c:418:[0m Bundle sent !
18:56:30 [36mDEBUG[0m [90msrc/aap2_client.c:334:[0m Success
18:56:30 [32mINFO [0m [90msrc/aap2_client.c:418:[0m Bundle sent !
18:56:30 [36mDEBUG[0m [90msrc/aap2_client.c:334:[0m Success
18:56:30 [32mINFO [0m [90msrc/aap2_client.c:418:[0m Bundle sent !
18:56:30 [36mDEBUG[0m [90msrc/aap2_client.c:334:[0m Success
18:56:30 [32mINFO [0m [90msrc/aap2_client.c:418:[0m Bundle sent !
18:56:30 [36mDEBUG[0m [90msrc/aap2_client.c:334:[0m Success
18:56:30 [32mINFO [0m [90msrc/aap2_client.c:418:[0m Bundle sent !
18:56:30 [36mDEBUG[0m [90msrc/aap2_client.c:334:[0m Success
18:56:30 [32mINFO [0m [90msrc/aap2_client.c:418:[0m Bundle sent !
18:56:30 [36mDEBUG[0m [90msrc/aap2_client.c:334:[0m Success
18:56:30 [32mINFO [0m [90msrc/aap2_client.c:418:[0m Bundle sent !
18:56:30 [36mDEBUG[0m [90msrc/aap2_client.c:334:[0m Success
18:56:30 [32mINFO [0m [90msrc/aap2_client.c:418:[0m Bundle sent !
18:56:30 [36mDEBUG[0m [90msrc/aap2_client.c:334:[0m Success
18:56:33 [32mINFO [0m [90msrc/aap2_client.c:418:[0m Bundle sent !
18:56:33 [36mDEBUG[0m [90msrc/aap2_client.c:334:[0m Success
18:56:33 [32mINFO [0m [90msrc/aap2_client.c:418:[0m Bundle sent !
18:56:33 [36mDEBUG[0m [90msrc/aap2_client.c:334:[0m Success
18:56:33 [32mINFO [0m [90msrc/aap2_client.c:418:[0m Bundle sent !
18:56:33 [36mDEBUG[0m [90msrc/aap2_client.c:334:[0m Success
18:56:33 [32mINFO [0m [90msrc/aap2_client.c:418:[0m Bundle sent !
18:56:33 [36mDEBUG[0m [90msrc/aap2_client.c:334:[0m Success
18:56:33 [32mINFO [0m [90msrc/aap2_client.c:418:[0m Bundle sent !
18:56:33 [36mDEBUG[0m [90msrc/aap2_client.c:334:[0m Success
18:56:33 [32mINFO [0m [90msrc/aap2_client.c:418:[0m Bundle sent !
18:56:33 [36mDEBUG[0m [90msrc/aap2_client.c:334:[0m Success
18:56:33 [32mINFO [0m [90msrc/aap2_client.c:418:[0m Bundle sent !
18:56:33 [36mDEBUG[0m [90msrc/aap2_client.c:334:[0m Success
18:56:33 [32mINFO [0m [90msrc/aap2_client.c:418:[0m Bundle sent !
18:56:33 [36mDEBUG[0m [90msrc/aap2_client.c:334:[0m Success
18:56:33 [32mINFO [0m [90msrc/aap2_client.c:418:[0m Bundle sent !
18:56:33 [36mDEBUG[0m [90msrc/aap2_client.c:334:[0m Success
18:56:33 [32mINFO [0m [90msrc/aap2_client.c:418:[0m Bundle sent !
18:56:33 [36mDEBUG[0m [90msrc/aap2_client.c:334:[0m Success
18:56:36 [32mINFO [0m [90msrc/aap2_client.c:418:[0m Bundle sent !
18:56:36 [36mDEBUG[0m [90msrc/aap2_client.c:334:[0m Success
18:56:36 [32mINFO [0m [90msrc/aap2_client.c:418:[0m Bundle sent !
18:56:36 [36mDEBUG[0m [90msrc/aap2_client.c:334:[0m Success
18:56:36 [32mINFO [0m [90msrc/aap2_client.c:418:[0m Bundle sent !
18:56:36 [36mDEBUG[0m [90msrc/aap2_client.c:334:[0m Success
18:56:36 [32mINFO [0m [90msrc/aap2_client.c:418:[0m Bundle sent !
18:56:36 [36mDEBUG[0m [90msrc/aap2_client.c:334:[0m Success
18:56:36 [32mINFO [0m [90msrc/aap2_client.c:418:[0m Bundle sent !
18:56:36 [36mDEBUG[0m [90msrc/aap2_client.c:334:[0m Success
18:56:36 [32mINFO [0m [90msrc/aap2_client.c:418:[0m Bundle sent !
18:56:36 [36mDEBUG[0m [90msrc/aap2_client.c:334:[0m Success
18:56:36 [32mINFO [0m [90msrc/aap2_client.c:418:[0m Bundle sent !
18:56:36 [36mDEBUG[0m [90msrc/aap2_client.c:334:[0m Success
18:56:36 [32mINFO [0m [90msrc/aap2_client.c:418:[0m Bundle sent !
18:56:36 [36mDEBUG[0m [90msrc/aap2_client.c:334:[0m Success
18:56:36 [32mINFO [0m [90msrc/aap2_client.c:418:[0m Bundle sent !
18:56:36 [36mDEBUG[0m [90msrc/aap2_client.c:334:[0m Success
18:56:36 [32mINFO [0m [90msrc/aap2_client.c:418:[0m Bundle sent !
18:56:36 [36mDEBUG[0m [90msrc/aap2_client.c:334:[0m Success
18:56:39 [32mINFO [0m [90msrc/aap2_client.c:418:[0m Bundle sent !
18:56:39 [36mDEBUG[0m [90msrc/aap2_client.c:334:[0m Success
18:56:39 [32mINFO [0m [90msrc/aap2_client.c:418:[0m Bundle sent !
18:56:39 [36mDEBUG[0m [90msrc/aap2_client.c:334:[0m Success
18:56:39 [32mINFO [0m [90msrc/aap2_client.c:418:[0m Bundle sent !
18:56:39 [36mDEBUG[0m [90msrc/aap2_client.c:334:[0m Success
18:56:39 [32mINFO [0m [90msrc/aap2_client.c:418:[0m Bundle sent !
18:56:39 [36mDEBUG[0m [90msrc/aap2_client.c:334:[0m Success
18:56:39 [32mINFO [0m [90msrc/aap2_client.c:418:[0m Bundle sent !
18:56:39 [36mDEBUG[0m [90msrc/aap2_client.c:334:[0m Success
18:56:39 [32mINFO [0m [90msrc/aap2_client.c:418:[0m Bundle sent !
18:56:39 [36mDEBUG[0m [90msrc/aap2_client.c:334:[0m Success
18:56:39 [32mINFO [0m [90msrc/aap2_client.c:418:[0m Bundle sent !
18:56:39 [36mDEBUG[0m [90msrc/aap2_client.c:334:[0m Success
18:56:39 [32mINFO [0m [90msrc/aap2_client.c:418:[0m Bundle sent !
18:56:39 [36mDEBUG[0m [90msrc/aap2_client.c:334:[0m Success
18:56:39 [32mINFO [0m [90msrc/aap2_client.c:418:[0m Bundle sent !
18:56:39 [36mDEBUG[0m [90msrc/aap2_client.c:334:[0m Success
18:56:39 [32mINFO [0m [90msrc/aap2_client.c:418:[0m Bundle sent !
18:56:39 [36mDEBUG[0m [90msrc/aap2_client.c:334:[0m Success
18:56:42 [32mINFO [0m [90msrc/aap2_client.c:418:[0m Bundle sent !
18:56:42 [36mDEBUG[0m [90msrc/aap2_client.c:334:[0m Success
18:56:42 [32mINFO [0m [90msrc/aap2_client.c:418:[0m Bundle sent !
18:56:42 [36mDEBUG[0m [90msrc/aap2_client.c:334:[0m Success
18:56:42 [32mINFO [0m [90msrc/aap2_client.c:418:[0m Bundle sent !
18:56:42 [36mDEBUG[0m [90msrc/aap2_client.c:334:[0m Success
18:56:42 [32mINFO [0m [90msrc/aap2_client.c:418:[0m Bundle sent !
18:56:42 [36mDEBUG[0m [90msrc/aap2_client.c:334:[0m Success
18:56:42 [32mINFO [0m [90msrc/aap2_client.c:418:[0m Bundle sent !
18:56:42 [36mDEBUG[0m [90msrc/aap2_client.c:334:[0m Success
18:56:42 [32mINFO [0m [90msrc/aap2_client.c:418:[0m Bundle sent !
18:56:42 [36mDEBUG[0m [90msrc/aap2_client.c:334:[0m Success
18:56:42 [32mINFO [0m [90msrc/aap2_client.c:418:[0m Bundle sent !
18:56:42 [36mDEBUG[0m [90msrc/aap2_client.c:334:[0m Success
18:56:42 [32mINFO [0m [90msrc/aap2_client.c:418:[0m Bundle sent !
18:56:42 [36mDEBUG[0m [90msrc/aap2_client.c:334:[0m Success
18:56:42 [32mINFO [0m [90msrc/aap2_client.c:418:[0m Bundle sent !
18:56:42 [36mDEBUG[0m [90msrc/aap2_client.c:334:[0m Success
18:56:42 [32mINFO [0m [90msrc/aap2_client.c:418:[0m Bundle sent !
18:56:42 [36mDEBUG[0m [90msrc/aap2_client.c:334:[0m Success
18:56:45 [32mINFO [0m [90msrc/aap2_client.c:418:[0m Bundle sent !
18:56:45 [36mDEBUG[0m [90msrc/aap2_client.c:334:[0m Success
18:56:45 [32mINFO [0m [90msrc/aap2_client.c:418:[0m Bundle sent !
18:56:45 [36mDEBUG[0m [90msrc/aap2_client.c:334:[0m Success
18:56:45 [32mINFO [0m [90msrc/aap2_client.c:418:[0m Bundle sent !
18:56:45 [36mDEBUG[0m [90msrc/aap2_client.c:334:[0m Success
18:56:45 [32mINFO [0m [90msrc/aap2_client.c:418:[0m Bundle sent !
18:56:45 [36mDEBUG[0m [90msrc/aap2_client.c:334:[0m Success
18:56:45 [32mINFO [0m [90msrc/aap2_client.c:418:[0m Bundle sent !
18:56:45 [36mDEBUG[0m [90msrc/aap2_client.c:334:[0m Success
18:56:45 [32mINFO [0m [90msrc/aap2_client.c:418:[0m Bundle sent !
18:56:45 [36mDEBUG[0m [90msrc/aap2_client.c:334:[0m Success
18:56:45 [32mINFO [0m [90msrc/aap2_client.c:418:[0m Bundle sent !
18:56:45 [36mDEBUG[0m [90msrc/aap2_client.c:334:[0m Success
18:56:45 [32mINFO [0m [90msrc/aap2_client.c:418:[0m Bundle sent !
18:56:45 [36mDEBUG[0m [90msrc/aap2_client.c:334:[0m Success
18:56:45 [32mINFO [0m [90msrc/aap2_client.c:418:[0m Bundle sent !
18:56:45 [36mDEBUG[0m [90msrc/aap2_client.c:334:[0m Success
18:56:45 [32mINFO [0m [90msrc/aap2_client.c:418:[0m Bundle sent !
18:56:45 [36mDEBUG[0m [90msrc/aap2_client.c:334:[0m Success
18:56:48 [32mINFO [0m [90msrc/aap2_client.c:418:[0m Bundle sent !
18:56:48 [36mDEBUG[0m [90msrc/aap2_client.c:334:[0m Success
18:56:48 [32mINFO [0m [90msrc/aap2_client.c:418:[0m Bundle sent !
18:56:48 [36mDEBUG[0m [90msrc/aap2_client.c:334:[0m Success
18:56:48 [32mINFO [0m [90msrc/aap2_client.c:418:[0m Bundle sent !
18:56:48 [36mDEBUG[0m [90msrc/aap2_client.c:334:[0m Success
18:56:48 [32mINFO [0m [90msrc/aap2_client.c:418:[0m Bundle sent !
18:56:48 [36mDEBUG[0m [90msrc/aap2_client.c:334:[0m Success
18:56:48 [32mINFO [0m [90msrc/aap2_client.c:418:[0m Bundle sent !
18:56:48 [36mDEBUG[0m [90msrc/aap2_client.c:334:[0m Success
18:56:48 [32mINFO [0m [90msrc/aap2_client.c:418:[0m Bundle sent !
18:56:48 [36mDEBUG[0m [90msrc/aap2_client.c:334:[0m Success
18:56:48 [32mINFO [0m [90msrc/aap2_client.c:418:[0m Bundle sent !
18:56:48 [36mDEBUG[0m [90msrc/aap2_client.c:334:[0m Success
18:56:48 [32mINFO [0m [90msrc/aap2_client.c:418:[0m Bundle sent !
18:56:48 [36mDEBUG[0m [90msrc/aap2_client.c:334:[0m Success
18:56:48 [32mINFO [0m [90msrc/aap2_client.c:418:[0m Bundle sent !
18:56:48 [36mDEBUG[0m [90msrc/aap2_client.c:334:[0m Success
18:56:48 [32mINFO [0m [90msrc/aap2_client.c:418:[0m Bundle sent !
18:56:48 [36mDEBUG[0m [90msrc/aap2_client.c:334:[0m Success
18:56:51 [32mINFO [0m [90msrc/aap2_client.c:418:[0m Bundle sent !
18:56:51 [36mDEBUG[0m [90msrc/aap2_client.c:334:[0m Success
18:56:51 [32mINFO [0m [90msrc/aap2_client.c:418:[0m Bundle sent !
18:56:51 [36mDEBUG[0m [90msrc/aap2_client.c:334:[0m Success
18:56:51 [32mINFO [0m [90msrc/aap2_client.c:418:[0m Bundle sent !
18:56:51 [36mDEBUG[0m [90msrc/aap2_client.c:334:[0m Success
18:56:51 [32mINFO [0m [90msrc/aap2_client.c:418:[0m Bundle sent !
18:56:51 [36mDEBUG[0m [90msrc/aap2_client.c:334:[0m Success
18:56:51 [32mINFO [0m [90msrc/aap2_client.c:418:[0m Bundle sent !
18:56:51 [36mDEBUG[0m [90msrc/aap2_client.c:334:[0m Success
18:56:51 [32mINFO [0m [90msrc/aap2_client.c:418:[0m Bundle sent !
18:56:51 [36mDEBUG[0m [90msrc/aap2_client.c:334:[0m Success
18:56:51 [32mINFO [0m [90msrc/aap2_client.c:418:[0m Bundle sent !
18:56:51 [36mDEBUG[0m [90msrc/aap2_client.c:334:[0m Success
18:56:51 [32mINFO [0m [90msrc/aap2_client.c:418:[0m Bundle sent !
18:56:51 [36mDEBUG[0m [90msrc/aap2_client.c:334:[0m Success
18:56:51 [32mINFO [0m [90msrc/aap2_client.c:418:[0m Bundle sent !
18:56:51 [36mDEBUG[0m [90msrc/aap2_client.c:334:[0m Success
18:56:51 [32mINFO [0m [90msrc/aap2_client.c:418:[0m Bundle sent !
18:56:51 [36mDEBUG[0m [90msrc/aap2_client.c:334:[0m Success
18:56:54 [32mINFO [0m [90msrc/aap2_client.c:418:[0m Bundle sent !
18:56:54 [36mDEBUG[0m [90msrc/aap2_client.c:334:[0m Success
18:56:54 [32mINFO [0m [90msrc/aap2_client.c:418:[0m Bundle sent !
18:56:54 [36mDEBUG[0m [90msrc/aap2_client.c:334:[0m Success
18:56:54 [32mINFO [0m [90msrc/aap2_client.c:418:[0m Bundle sent !
18:56:54 [36mDEBUG[0m [90msrc/aap2_client.c:334:[0m Success
18:56:54 [32mINFO [0m [90msrc/aap2_client.c:418:[0m Bundle sent !
18:56:54 [36mDEBUG[0m [90msrc/aap2_client.c:334:[0m Success
18:56:54 [32mINFO [0m [90msrc/aap2_client.c:418:[0m Bundle sent !
18:56:54 [36mDEBUG[0m [90msrc/aap2_client.c:334:[0m Success
18:56:54 [32mINFO [0m [90msrc/aap2_client.c:418:[0m Bundle sent !
18:56:54 [36mDEBUG[0m [90msrc/aap2_client.c:334:[0m Success
18:56:54 [32mINFO [0m [90msrc/aap2_client.c:418:[0m Bundle sent !
18:56:54 [36mDEBUG[0m [90msrc/aap2_client.c:334:[0m Success
18:56:54 [32mINFO [0m [90msrc/aap2_client.c:418:[0m Bundle sent !
18:56:54 [36mDEBUG[0m [90msrc/aap2_client.c:334:[0m Success
18:56:54 [32mINFO [0m [90msrc/aap2_client.c:418:[0m Bundle sent !
18:56:54 [36mDEBUG[0m [90msrc/aap2_client.c:334:[0m Success
18:56:54 [32mINFO [0m [90msrc/aap2_client.c:418:[0m Bundle sent !
18:56:54 [36mDEBUG[0m [90msrc/aap2_client.c:334:[0m Success
18:56:57 [32mINFO [0m [90msrc/aap2_client.c:418:[0m Bundle sent !
18:56:57 [36mDEBUG[0m [90msrc/aap2_client.c:334:[0m Success
18:56:57 [32mINFO [0m [90msrc/aap2_client.c:418:[0m Bundle sent !
18:56:57 [36mDEBUG[0m [90msrc/aap2_client.c:334:[0m Success
18:56:57 [32mINFO [0m [90msrc/aap2_client.c:418:[0m Bundle sent !
18:56:57 [36mDEBUG[0m [90msrc/aap2_client.c:334:[0m Success
18:56:57 [32mINFO [0m [90msrc/aap2_client.c:418:[0m Bundle sent !
18:56:57 [36mDEBUG[0m [90msrc/aap2_client.c:334:[0m Success
18:56:57 [32mINFO [0m [90msrc/aap2_client.c:418:[0m Bundle sent !
18:56:57 [36mDEBUG[0m [90msrc/aap2_client.c:334:[0m Success
18:56:57 [32mINFO [0m [90msrc/aap2_client.c:418:[0m Bundle sent !
18:56:57 [36mDEBUG[0m [90msrc/aap2_client.c:334:[0m Success
18:56:57 [32mINFO [0m [90msrc/aap2_client.c:418:[0m Bundle sent !
18:56:57 [36mDEBUG[0m [90msrc/aap2_client.c:334:[0m Success
18:56:57 [32mINFO [0m [90msrc/aap2_client.c:418:[0m Bundle sent !
18:56:57 [36mDEBUG[0m [90msrc/aap2_client.c:334:[0m Success
18:56:57 [32mINFO [0m [90msrc/aap2_client.c:418:[0m Bundle sent !
18:56:57 [36mDEBUG[0m [90msrc/aap2_client.c:334:[0m Success
18:56:57 [32mINFO [0m [90msrc/aap2_client.c:418:[0m Bundle sent !
18:56:57 [36mDEBUG[0m [90msrc/aap2_client.c:334:[0m Success
18:57:00 [32mINFO [0m [90msrc/aap2_client.c:418:[0m Bundle sent !
18:57:00 [36mDEBUG[0m [90msrc/aap2_client.c:334:[0m Success
18:57:00 [32mINFO [0m [90msrc/aap2_client.c:418:[0m Bundle sent !
18:57:00 [36mDEBUG[0m [90msrc/aap2_client.c:334:[0m Success
18:57:00 [32mINFO [0m [90msrc/aap2_client.c:418:[0m Bundle sent !
18:57:00 [36mDEBUG[0m [90msrc/aap2_client.c:334:[0m Success
18:57:00 [32mINFO [0m [90msrc/aap2_client.c:418:[0m Bundle sent !
18:57:00 [36mDEBUG[0m [90msrc/aap2_client.c:334:[0m Success
18:57:00 [32mINFO [0m [90msrc/aap2_client.c:418:[0m Bundle sent !
18:57:00 [36mDEBUG[0m [90msrc/aap2_client.c:334:[0m Success
18:57:00 [32mINFO [0m [90msrc/aap2_client.c:418:[0m Bundle sent !
18:57:00 [36mDEBUG[0m [90msrc/aap2_client.c:334:[0m Success
18:57:00 [32mINFO [0m [90msrc/aap2_client.c:418:[0m Bundle sent !
18:57:00 [36mDEBUG[0m [90msrc/aap2_client.c:334:[0m Success
18:57:00 [32mINFO [0m [90msrc/aap2_client.c:418:[0m Bundle sent !
18:57:00 [36mDEBUG[0m [90msrc/aap2_client.c:334:[0m Success
18:57:00 [32mINFO [0m [90msrc/aap2_client.c:418:[0m Bundle sent !
18:57:00 [36mDEBUG[0m [90msrc/aap2_client.c:334:[0m Success
18:57:00 [32mINFO [0m [90msrc/aap2_client.c:418:[0m Bundle sent !
18:57:00 [36mDEBUG[0m [90msrc/aap2_client.c:334:[0m Success
18:57:03 [32mINFO [0m [90msrc/aap2_client.c:418:[0m Bundle sent !
18:57:03 [36mDEBUG[0m [90msrc/aap2_client.c:334:[0m Success
18:57:03 [32mINFO [0m [90msrc/aap2_client.c:418:[0m Bundle sent !
18:57:03 [36mDEBUG[0m [90msrc/aap2_client.c:334:[0m Success
18:57:03 [32mINFO [0m [90msrc/aap2_client.c:418:[0m Bundle sent !
18:57:03 [36mDEBUG[0m [90msrc/aap2_client.c:334:[0m Success
18:57:03 [32mINFO [0m [90msrc/aap2_client.c:418:[0m Bundle sent !
18:57:03 [36mDEBUG[0m [90msrc/aap2_client.c:334:[0m Success
18:57:03 [32mINFO [0m [90msrc/aap2_client.c:418:[0m Bundle sent !
18:57:03 [36mDEBUG[0m [90msrc/aap2_client.c:334:[0m Success
18:57:03 [32mINFO [0m [90msrc/aap2_client.c:418:[0m Bundle sent !
18:57:03 [36mDEBUG[0m [90msrc/aap2_client.c:334:[0m Success
18:57:03 [32mINFO [0m [90msrc/aap2_client.c:418:[0m Bundle sent !
18:57:03 [36mDEBUG[0m [90msrc/aap2_client.c:334:[0m Success
18:57:03 [32mINFO [0m [90msrc/aap2_client.c:418:[0m Bundle sent !
18:57:03 [36mDEBUG[0m [90msrc/aap2_client.c:334:[0m Success
18:57:03 [32mINFO [0m [90msrc/aap2_client.c:418:[0m Bundle sent !
18:57:03 [36mDEBUG[0m [90msrc/aap2_client.c:334:[0m Success
18:57:03 [32mINFO [0m [90msrc/aap2_client.c:418:[0m Bundle sent !
18:57:03 [36mDEBUG[0m [90msrc/aap2_client.c:334:[0m Success
18:57:06 [32mINFO [0m [90msrc/aap2_client.c:418:[0m Bundle sent !
18:57:06 [36mDEBUG[0m [90msrc/aap2_client.c:334:[0m Success
18:57:06 [32mINFO [0m [90msrc/aap2_client.c:418:[0m Bundle sent !
18:57:06 [36mDEBUG[0m [90msrc/aap2_client.c:334:[0m Success
18:57:06 [32mINFO [0m [90msrc/aap2_client.c:418:[0m Bundle sent !
18:57:06 [36mDEBUG[0m [90msrc/aap2_client.c:334:[0m Success
18:57:06 [32mINFO [0m [90msrc/aap2_client.c:418:[0m Bundle sent !
18:57:06 [36mDEBUG[0m [90msrc/aap2_client.c:334:[0m Success
18:57:06 [32mINFO [0m [90msrc/aap2_client.c:418:[0m Bundle sent !
18:57:06 [36mDEBUG[0m [90msrc/aap2_client.c:334:[0m Success
18:57:06 [32mINFO [0m [90msrc/aap2_client.c:418:[0m Bundle sent !
18:57:06 [36mDEBUG[0m [90msrc/aap2_client.c:334:[0m Success
18:57:06 [32mINFO [0m [90msrc/aap2_client.c:418:[0m Bundle sent !
18:57:06 [36mDEBUG[0m [90msrc/aap2_client.c:334:[0m Success
18:57:06 [32mINFO [0m [90msrc/aap2_client.c:418:[0m Bundle sent !
18:57:06 [36mDEBUG[0m [90msrc/aap2_client.c:334:[0m Success
18:57:06 [32mINFO [0m [90msrc/aap2_client.c:418:[0m Bundle sent !
18:57:06 [36mDEBUG[0m [90msrc/aap2_client.c:334:[0m Success
18:57:06 [32mINFO [0m [90msrc/aap2_client.c:418:[0m Bundle sent !
18:57:06 [36mDEBUG[0m [90msrc/aap2_client.c:334:[0m Success
18:57:09 [32mINFO [0m [90msrc/aap2_client.c:418:[0m Bundle sent !
18:57:09 [36mDEBUG[0m [90msrc/aap2_client.c:334:[0m Success
18:57:09 [32mINFO [0m [90msrc/aap2_client.c:418:[0m Bundle sent !
18:57:09 [36mDEBUG[0m [90msrc/aap2_client.c:334:[0m Success
18:57:09 [32mINFO [0m [90msrc/aap2_client.c:418:[0m Bundle sent !
18:57:09 [36mDEBUG[0m [90msrc/aap2_client.c:334:[0m Success
18:57:09 [32mINFO [0m [90msrc/aap2_client.c:418:[0m Bundle sent !
18:57:09 [36mDEBUG[0m [90msrc/aap2_client.c:334:[0m Success
18:57:09 [32mINFO [0m [90msrc/aap2_client.c:418:[0m Bundle sent !
18:57:09 [36mDEBUG[0m [90msrc/aap2_client.c:334:[0m Success
18:57:09 [32mINFO [0m [90msrc/aap2_client.c:418:[0m Bundle sent !
18:57:09 [36mDEBUG[0m [90msrc/aap2_client.c:334:[0m Success
18:57:09 [32mINFO [0m [90msrc/aap2_client.c:418:[0m Bundle sent !
18:57:09 [36mDEBUG[0m [90msrc/aap2_client.c:334:[0m Success
18:57:09 [32mINFO [0m [90msrc/aap2_client.c:418:[0m Bundle sent !
18:57:09 [36mDEBUG[0m [90msrc/aap2_client.c:334:[0m Success
18:57:09 [32mINFO [0m [90msrc/aap2_client.c:418:[0m Bundle sent !
18:57:09 [36mDEBUG[0m [90msrc/aap2_client.c:334:[0m Success
18:57:09 [32mINFO [0m [90msrc/aap2_client.c:418:[0m Bundle sent !
18:57:09 [36mDEBUG[0m [90msrc/aap2_client.c:334:[0m Success
18:57:12 [32mINFO [0m [90msrc/aap2_client.c:418:[0m Bundle sent !
18:57:12 [36mDEBUG[0m [90msrc/aap2_client.c:334:[0m Success
18:57:12 [32mINFO [0m [90msrc/aap2_client.c:418:[0m Bundle sent !
18:57:12 [36mDEBUG[0m [90msrc/aap2_client.c:334:[0m Success
18:57:12 [32mINFO [0m [90msrc/aap2_client.c:418:[0m Bundle sent !
18:57:12 [36mDEBUG[0m [90msrc/aap2_client.c:334:[0m Success
18:57:12 [32mINFO [0m [90msrc/aap2_client.c:418:[0m Bundle sent !
18:57:12 [36mDEBUG[0m [90msrc/aap2_client.c:334:[0m Success
18:57:12 [32mINFO [0m [90msrc/aap2_client.c:418:[0m Bundle sent !
18:57:12 [36mDEBUG[0m [90msrc/aap2_client.c:334:[0m Success
18:57:12 [32mINFO [0m [90msrc/aap2_client.c:418:[0m Bundle sent !
18:57:12 [36mDEBUG[0m [90msrc/aap2_client.c:334:[0m Success
18:57:12 [32mINFO [0m [90msrc/aap2_client.c:418:[0m Bundle sent !
18:57:12 [36mDEBUG[0m [90msrc/aap2_client.c:334:[0m Success
18:57:12 [32mINFO [0m [90msrc/aap2_client.c:418:[0m Bundle sent !
18:57:12 [36mDEBUG[0m [90msrc/aap2_client.c:334:[0m Success
18:57:12 [32mINFO [0m [90msrc/aap2_client.c:418:[0m Bundle sent !
18:57:12 [36mDEBUG[0m [90msrc/aap2_client.c:334:[0m Success
18:57:12 [32mINFO [0m [90msrc/aap2_client.c:418:[0m Bundle sent !
18:57:12 [36mDEBUG[0m [90msrc/aap2_client.c:334:[0m Success
18:57:15 [32mINFO [0m [90msrc/aap2_client.c:418:[0m Bundle sent !
18:57:15 [36mDEBUG[0m [90msrc/aap2_client.c:334:[0m Success
18:57:15 [32mINFO [0m [90msrc/aap2_client.c:418:[0m Bundle sent !
18:57:15 [36mDEBUG[0m [90msrc/aap2_client.c:334:[0m Success
18:57:15 [32mINFO [0m [90msrc/aap2_client.c:418:[0m Bundle sent !
18:57:15 [36mDEBUG[0m [90msrc/aap2_client.c:334:[0m Success
18:57:15 [32mINFO [0m [90msrc/aap2_client.c:418:[0m Bundle sent !
18:57:15 [36mDEBUG[0m [90msrc/aap2_client.c:334:[0m Success
18:57:15 [32mINFO [0m [90msrc/aap2_client.c:418:[0m Bundle sent !
18:57:15 [36mDEBUG[0m [90msrc/aap2_client.c:334:[0m Success
18:57:15 [32mINFO [0m [90msrc/aap2_client.c:418:[0m Bundle sent !
18:57:15 [36mDEBUG[0m [90msrc/aap2_client.c:334:[0m Success
18:57:15 [32mINFO [0m [90msrc/aap2_client.c:418:[0m Bundle sent !
18:57:15 [36mDEBUG[0m [90msrc/aap2_client.c:334:[0m Success
18:57:15 [32mINFO [0m [90msrc/aap2_client.c:418:[0m Bundle sent !
18:57:15 [36mDEBUG[0m [90msrc/aap2_client.c:334:[0m Success
18:57:15 [32mINFO [0m [90msrc/aap2_client.c:418:[0m Bundle sent !
18:57:15 [36mDEBUG[0m [90msrc/aap2_client.c:334:[0m Success
18:57:15 [32mINFO [0m [90msrc/aap2_client.c:418:[0m Bundle sent !
18:57:15 [36mDEBUG[0m [90msrc/aap2_client.c:334:[0m Success
18:57:18 [32mINFO [0m [90msrc/aap2_client.c:418:[0m Bundle sent !
18:57:18 [36mDEBUG[0m [90msrc/aap2_client.c:334:[0m Success
18:57:18 [32mINFO [0m [90msrc/aap2_client.c:418:[0m Bundle sent !
18:57:18 [36mDEBUG[0m [90msrc/aap2_client.c:334:[0m Success
18:57:18 [32mINFO [0m [90msrc/aap2_client.c:418:[0m Bundle sent !
18:57:18 [36mDEBUG[0m [90msrc/aap2_client.c:334:[0m Success
18:57:18 [32mINFO [0m [90msrc/aap2_client.c:418:[0m Bundle sent !
18:57:18 [36mDEBUG[0m [90msrc/aap2_client.c:334:[0m Success
18:57:18 [32mINFO [0m [90msrc/aap2_client.c:418:[0m Bundle sent !
18:57:18 [36mDEBUG[0m [90msrc/aap2_client.c:334:[0m Success
18:57:18 [32mINFO [0m [90msrc/aap2_client.c:418:[0m Bundle sent !
18:57:18 [36mDEBUG[0m [90msrc/aap2_client.c:334:[0m Success
18:57:18 [32mINFO [0m [90msrc/aap2_client.c:418:[0m Bundle sent !
18:57:18 [36mDEBUG[0m [90msrc/aap2_client.c:334:[0m Success
18:57:18 [32mINFO [0m [90msrc/aap2_client.c:418:[0m Bundle sent !
18:57:18 [36mDEBUG[0m [90msrc/aap2_client.c:334:[0m Success
18:57:18 [32mINFO [0m [90msrc/aap2_client.c:418:[0m Bundle sent !
18:57:18 [36mDEBUG[0m [90msrc/aap2_client.c:334:[0m Success
18:57:18 [32mINFO [0m [90msrc/aap2_client.c:418:[0m Bundle sent !
18:57:18 [36mDEBUG[0m [90msrc/aap2_client.c:334:[0m Success
18:57:20 [32mINFO [0m [90msrc/aap2_client.c:418:[0m Bundle sent !
18:57:20 [36mDEBUG[0m [90msrc/aap2_client.c:334:[0m Success
18:57:20 [32mINFO [0m [90msrc/aap2_client.c:418:[0m Bundle sent !
18:57:20 [36mDEBUG[0m [90msrc/aap2_client.c:334:[0m Success
18:57:20 [32mINFO [0m [90msrc/aap2_client.c:418:[0m Bundle sent !
18:57:20 [36mDEBUG[0m [90msrc/aap2_client.c:334:[0m Success
18:57:20 [32mINFO [0m [90msrc/aap2_client.c:418:[0m Bundle sent !
18:57:20 [36mDEBUG[0m [90msrc/aap2_client.c:334:[0m Success
18:57:20 [32mINFO [0m [90msrc/aap2_client.c:418:[0m Bundle sent !
18:57:20 [36mDEBUG[0m [90msrc/aap2_client.c:334:[0m Success
18:57:20 [32mINFO [0m [90msrc/aap2_client.c:418:[0m Bundle sent !
18:57:20 [36mDEBUG[0m [90msrc/aap2_client.c:334:[0m Success
18:57:20 [32mINFO [0m [90msrc/aap2_client.c:418:[0m Bundle sent !
18:57:20 [36mDEBUG[0m [90msrc/aap2_client.c:334:[0m Success
18:57:20 [32mINFO [0m [90msrc/aap2_client.c:418:[0m Bundle sent !
18:57:20 [36mDEBUG[0m [90msrc/aap2_client.c:334:[0m Success
18:57:20 [32mINFO [0m [90msrc/aap2_client.c:418:[0m Bundle sent !
18:57:20 [36mDEBUG[0m [90msrc/aap2_client.c:334:[0m Success
18:57:20 [32mINFO [0m [90msrc/aap2_client.c:418:[0m Bundle sent !
18:57:20 [36mDEBUG[0m [90msrc/aap2_client.c:334:[0m Success
18:57:24 [32mINFO [0m [90msrc/aap2_client.c:418:[0m Bundle sent !
18:57:24 [36mDEBUG[0m [90msrc/aap2_client.c:334:[0m Success
18:57:24 [32mINFO [0m [90msrc/aap2_client.c:418:[0m Bundle sent !
18:57:24 [36mDEBUG[0m [90msrc/aap2_client.c:334:[0m Success
18:57:24 [32mINFO [0m [90msrc/aap2_client.c:418:[0m Bundle sent !
18:57:24 [36mDEBUG[0m [90msrc/aap2_client.c:334:[0m Success
18:57:24 [32mINFO [0m [90msrc/aap2_client.c:418:[0m Bundle sent !
18:57:24 [36mDEBUG[0m [90msrc/aap2_client.c:334:[0m Success
18:57:24 [32mINFO [0m [90msrc/aap2_client.c:418:[0m Bundle sent !
18:57:24 [36mDEBUG[0m [90msrc/aap2_client.c:334:[0m Success
18:57:24 [32mINFO [0m [90msrc/aap2_client.c:418:[0m Bundle sent !
18:57:24 [36mDEBUG[0m [90msrc/aap2_client.c:334:[0m Success
18:57:24 [32mINFO [0m [90msrc/aap2_client.c:418:[0m Bundle sent !
18:57:24 [36mDEBUG[0m [90msrc/aap2_client.c:334:[0m Success
18:57:24 [32mINFO [0m [90msrc/aap2_client.c:418:[0m Bundle sent !
18:57:24 [36mDEBUG[0m [90msrc/aap2_client.c:334:[0m Success
18:57:24 [32mINFO [0m [90msrc/aap2_client.c:418:[0m Bundle sent !
18:57:24 [36mDEBUG[0m [90msrc/aap2_client.c:334:[0m Success
18:57:24 [32mINFO [0m [90msrc/aap2_client.c:418:[0m Bundle sent !
18:57:24 [36mDEBUG[0m [90msrc/aap2_client.c:334:[0m Success
18:57:26 [32mINFO [0m [90msrc/aap2_client.c:418:[0m Bundle sent !
18:57:26 [36mDEBUG[0m [90msrc/aap2_client.c:334:[0m Success
18:57:26 [32mINFO [0m [90msrc/aap2_client.c:418:[0m Bundle sent !
18:57:26 [36mDEBUG[0m [90msrc/aap2_client.c:334:[0m Success
18:57:26 [32mINFO [0m [90msrc/aap2_client.c:418:[0m Bundle sent !
18:57:26 [36mDEBUG[0m [90msrc/aap2_client.c:334:[0m Success
18:57:26 [32mINFO [0m [90msrc/aap2_client.c:418:[0m Bundle sent !
18:57:26 [36mDEBUG[0m [90msrc/aap2_client.c:334:[0m Success
18:57:26 [32mINFO [0m [90msrc/aap2_client.c:418:[0m Bundle sent !
18:57:26 [36mDEBUG[0m [90msrc/aap2_client.c:334:[0m Success
18:57:26 [32mINFO [0m [90msrc/aap2_client.c:418:[0m Bundle sent !
18:57:26 [36mDEBUG[0m [90msrc/aap2_client.c:334:[0m Success
18:57:26 [32mINFO [0m [90msrc/aap2_client.c:418:[0m Bundle sent !
18:57:26 [36mDEBUG[0m [90msrc/aap2_client.c:334:[0m Success
18:57:26 [32mINFO [0m [90msrc/aap2_client.c:418:[0m Bundle sent !
18:57:26 [36mDEBUG[0m [90msrc/aap2_client.c:334:[0m Success
18:57:26 [32mINFO [0m [90msrc/aap2_client.c:418:[0m Bundle sent !
18:57:26 [36mDEBUG[0m [90msrc/aap2_client.c:334:[0m Success
18:57:26 [32mINFO [0m [90msrc/aap2_client.c:418:[0m Bundle sent !
18:57:26 [36mDEBUG[0m [90msrc/aap2_client.c:334:[0m Success
18:57:30 [32mINFO [0m [90msrc/aap2_client.c:418:[0m Bundle sent !
18:57:30 [36mDEBUG[0m [90msrc/aap2_client.c:334:[0m Success
18:57:30 [32mINFO [0m [90msrc/aap2_client.c:418:[0m Bundle sent !
18:57:30 [36mDEBUG[0m [90msrc/aap2_client.c:334:[0m Success
18:57:30 [32mINFO [0m [90msrc/aap2_client.c:418:[0m Bundle sent !
18:57:30 [36mDEBUG[0m [90msrc/aap2_client.c:334:[0m Success
18:57:30 [32mINFO [0m [90msrc/aap2_client.c:418:[0m Bundle sent !
18:57:30 [36mDEBUG[0m [90msrc/aap2_client.c:334:[0m Success
18:57:30 [32mINFO [0m [90msrc/aap2_client.c:418:[0m Bundle sent !
18:57:30 [36mDEBUG[0m [90msrc/aap2_client.c:334:[0m Success
18:57:30 [32mINFO [0m [90msrc/aap2_client.c:418:[0m Bundle sent !
18:57:30 [36mDEBUG[0m [90msrc/aap2_client.c:334:[0m Success
18:57:30 [32mINFO [0m [90msrc/aap2_client.c:418:[0m Bundle sent !
18:57:30 [36mDEBUG[0m [90msrc/aap2_client.c:334:[0m Success
18:57:30 [32mINFO [0m [90msrc/aap2_client.c:418:[0m Bundle sent !
18:57:30 [36mDEBUG[0m [90msrc/aap2_client.c:334:[0m Success
18:57:30 [32mINFO [0m [90msrc/aap2_client.c:418:[0m Bundle sent !
18:57:30 [36mDEBUG[0m [90msrc/aap2_client.c:334:[0m Success
18:57:30 [32mINFO [0m [90msrc/aap2_client.c:418:[0m Bundle sent !
18:57:30 [36mDEBUG[0m [90msrc/aap2_client.c:334:[0m Success
18:57:32 [32mINFO [0m [90msrc/aap2_client.c:418:[0m Bundle sent !
18:57:32 [36mDEBUG[0m [90msrc/aap2_client.c:334:[0m Success
18:57:32 [32mINFO [0m [90msrc/aap2_client.c:418:[0m Bundle sent !
18:57:32 [36mDEBUG[0m [90msrc/aap2_client.c:334:[0m Success
18:57:32 [32mINFO [0m [90msrc/aap2_client.c:418:[0m Bundle sent !
18:57:32 [36mDEBUG[0m [90msrc/aap2_client.c:334:[0m Success
18:57:32 [32mINFO [0m [90msrc/aap2_client.c:418:[0m Bundle sent !
18:57:32 [36mDEBUG[0m [90msrc/aap2_client.c:334:[0m Success
18:57:32 [32mINFO [0m [90msrc/aap2_client.c:418:[0m Bundle sent !
18:57:32 [36mDEBUG[0m [90msrc/aap2_client.c:334:[0m Success
18:57:32 [32mINFO [0m [90msrc/aap2_client.c:418:[0m Bundle sent !
18:57:32 [36mDEBUG[0m [90msrc/aap2_client.c:334:[0m Success
18:57:32 [32mINFO [0m [90msrc/aap2_client.c:418:[0m Bundle sent !
18:57:32 [36mDEBUG[0m [90msrc/aap2_client.c:334:[0m Success
18:57:32 [32mINFO [0m [90msrc/aap2_client.c:418:[0m Bundle sent !
18:57:32 [36mDEBUG[0m [90msrc/aap2_client.c:334:[0m Success
18:57:32 [32mINFO [0m [90msrc/aap2_client.c:418:[0m Bundle sent !
18:57:32 [36mDEBUG[0m [90msrc/aap2_client.c:334:[0m Success
18:57:32 [32mINFO [0m [90msrc/aap2_client.c:418:[0m Bundle sent !
18:57:32 [36mDEBUG[0m [90msrc/aap2_client.c:334:[0m Success
18:57:36 [32mINFO [0m [90msrc/aap2_client.c:418:[0m Bundle sent !
18:57:36 [36mDEBUG[0m [90msrc/aap2_client.c:334:[0m Success
18:57:36 [32mINFO [0m [90msrc/aap2_client.c:418:[0m Bundle sent !
18:57:36 [36mDEBUG[0m [90msrc/aap2_client.c:334:[0m Success
18:57:36 [32mINFO [0m [90msrc/aap2_client.c:418:[0m Bundle sent !
18:57:36 [36mDEBUG[0m [90msrc/aap2_client.c:334:[0m Success
18:57:36 [32mINFO [0m [90msrc/aap2_client.c:418:[0m Bundle sent !
18:57:36 [36mDEBUG[0m [90msrc/aap2_client.c:334:[0m Success
18:57:36 [32mINFO [0m [90msrc/aap2_client.c:418:[0m Bundle sent !
18:57:36 [36mDEBUG[0m [90msrc/aap2_client.c:334:[0m Success
18:57:36 [32mINFO [0m [90msrc/aap2_client.c:418:[0m Bundle sent !
18:57:36 [36mDEBUG[0m [90msrc/aap2_client.c:334:[0m Success
18:57:36 [32mINFO [0m [90msrc/aap2_client.c:418:[0m Bundle sent !
18:57:36 [36mDEBUG[0m [90msrc/aap2_client.c:334:[0m Success
18:57:36 [32mINFO [0m [90msrc/aap2_client.c:418:[0m Bundle sent !
18:57:36 [36mDEBUG[0m [90msrc/aap2_client.c:334:[0m Success
18:57:36 [32mINFO [0m [90msrc/aap2_client.c:418:[0m Bundle sent !
18:57:36 [36mDEBUG[0m [90msrc/aap2_client.c:334:[0m Success
18:57:36 [32mINFO [0m [90msrc/aap2_client.c:418:[0m Bundle sent !
18:57:36 [36mDEBUG[0m [90msrc/aap2_client.c:334:[0m Success
18:57:38 [32mINFO [0m [90msrc/aap2_client.c:418:[0m Bundle sent !
18:57:38 [36mDEBUG[0m [90msrc/aap2_client.c:334:[0m Success
18:57:38 [32mINFO [0m [90msrc/aap2_client.c:418:[0m Bundle sent !
18:57:38 [36mDEBUG[0m [90msrc/aap2_client.c:334:[0m Success
18:57:38 [32mINFO [0m [90msrc/aap2_client.c:418:[0m Bundle sent !
18:57:38 [36mDEBUG[0m [90msrc/aap2_client.c:334:[0m Success
18:57:38 [32mINFO [0m [90msrc/aap2_client.c:418:[0m Bundle sent !
18:57:38 [36mDEBUG[0m [90msrc/aap2_client.c:334:[0m Success
18:57:38 [32mINFO [0m [90msrc/aap2_client.c:418:[0m Bundle sent !
18:57:38 [36mDEBUG[0m [90msrc/aap2_client.c:334:[0m Success
18:57:38 [32mINFO [0m [90msrc/aap2_client.c:418:[0m Bundle sent !
18:57:38 [36mDEBUG[0m [90msrc/aap2_client.c:334:[0m Success
18:57:38 [32mINFO [0m [90msrc/aap2_client.c:418:[0m Bundle sent !
18:57:38 [36mDEBUG[0m [90msrc/aap2_client.c:334:[0m Success
18:57:38 [32mINFO [0m [90msrc/aap2_client.c:418:[0m Bundle sent !
18:57:38 [36mDEBUG[0m [90msrc/aap2_client.c:334:[0m Success
18:57:38 [32mINFO [0m [90msrc/aap2_client.c:418:[0m Bundle sent !
18:57:38 [36mDEBUG[0m [90msrc/aap2_client.c:334:[0m Success
18:57:38 [32mINFO [0m [90msrc/aap2_client.c:418:[0m Bundle sent !
18:57:38 [36mDEBUG[0m [90msrc/aap2_client.c:334:[0m Success
18:57:41 [32mINFO [0m [90msrc/aap2_client.c:418:[0m Bundle sent !
18:57:41 [36mDEBUG[0m [90msrc/aap2_client.c:334:[0m Success
18:57:41 [32mINFO [0m [90msrc/aap2_client.c:418:[0m Bundle sent !
18:57:41 [36mDEBUG[0m [90msrc/aap2_client.c:334:[0m Success
18:57:41 [32mINFO [0m [90msrc/aap2_client.c:418:[0m Bundle sent !
18:57:41 [36mDEBUG[0m [90msrc/aap2_client.c:334:[0m Success
18:57:41 [32mINFO [0m [90msrc/aap2_client.c:418:[0m Bundle sent !
18:57:41 [36mDEBUG[0m [90msrc/aap2_client.c:334:[0m Success
18:57:41 [32mINFO [0m [90msrc/aap2_client.c:418:[0m Bundle sent !
18:57:41 [36mDEBUG[0m [90msrc/aap2_client.c:334:[0m Success
18:57:41 [32mINFO [0m [90msrc/aap2_client.c:418:[0m Bundle sent !
18:57:41 [36mDEBUG[0m [90msrc/aap2_client.c:334:[0m Success
18:57:41 [32mINFO [0m [90msrc/aap2_client.c:418:[0m Bundle sent !
18:57:41 [36mDEBUG[0m [90msrc/aap2_client.c:334:[0m Success
18:57:41 [32mINFO [0m [90msrc/aap2_client.c:418:[0m Bundle sent !
18:57:41 [36mDEBUG[0m [90msrc/aap2_client.c:334:[0m Success
18:57:41 [32mINFO [0m [90msrc/aap2_client.c:418:[0m Bundle sent !
18:57:41 [36mDEBUG[0m [90msrc/aap2_client.c:334:[0m Success
18:57:41 [32mINFO [0m [90msrc/aap2_client.c:418:[0m Bundle sent !
18:57:41 [36mDEBUG[0m [90msrc/aap2_client.c:334:[0m Success
18:57:44 [32mINFO [0m [90msrc/aap2_client.c:418:[0m Bundle sent !
18:57:44 [36mDEBUG[0m [90msrc/aap2_client.c:334:[0m Success
18:57:44 [32mINFO [0m [90msrc/aap2_client.c:418:[0m Bundle sent !
18:57:44 [36mDEBUG[0m [90msrc/aap2_client.c:334:[0m Success
18:57:44 [32mINFO [0m [90msrc/aap2_client.c:418:[0m Bundle sent !
18:57:44 [36mDEBUG[0m [90msrc/aap2_client.c:334:[0m Success
18:57:44 [32mINFO [0m [90msrc/aap2_client.c:418:[0m Bundle sent !
18:57:44 [36mDEBUG[0m [90msrc/aap2_client.c:334:[0m Success
18:57:44 [32mINFO [0m [90msrc/aap2_client.c:418:[0m Bundle sent !
18:57:44 [36mDEBUG[0m [90msrc/aap2_client.c:334:[0m Success
18:57:44 [32mINFO [0m [90msrc/aap2_client.c:418:[0m Bundle sent !
18:57:44 [36mDEBUG[0m [90msrc/aap2_client.c:334:[0m Success
18:57:44 [32mINFO [0m [90msrc/aap2_client.c:418:[0m Bundle sent !
18:57:44 [36mDEBUG[0m [90msrc/aap2_client.c:334:[0m Success
18:57:44 [32mINFO [0m [90msrc/aap2_client.c:418:[0m Bundle sent !
18:57:44 [36mDEBUG[0m [90msrc/aap2_client.c:334:[0m Success
18:57:44 [32mINFO [0m [90msrc/aap2_client.c:418:[0m Bundle sent !
18:57:44 [36mDEBUG[0m [90msrc/aap2_client.c:334:[0m Success
18:57:44 [32mINFO [0m [90msrc/aap2_client.c:418:[0m Bundle sent !
18:57:44 [36mDEBUG[0m [90msrc/aap2_client.c:334:[0m Success
18:57:47 [32mINFO [0m [90msrc/aap2_client.c:418:[0m Bundle sent !
18:57:47 [36mDEBUG[0m [90msrc/aap2_client.c:334:[0m Success
18:57:47 [32mINFO [0m [90msrc/aap2_client.c:418:[0m Bundle sent !
18:57:47 [36mDEBUG[0m [90msrc/aap2_client.c:334:[0m Success
18:57:47 [32mINFO [0m [90msrc/aap2_client.c:418:[0m Bundle sent !
18:57:47 [36mDEBUG[0m [90msrc/aap2_client.c:334:[0m Success
18:57:47 [32mINFO [0m [90msrc/aap2_client.c:418:[0m Bundle sent !
18:57:47 [36mDEBUG[0m [90msrc/aap2_client.c:334:[0m Success
18:57:47 [32mINFO [0m [90msrc/aap2_client.c:418:[0m Bundle sent !
18:57:47 [36mDEBUG[0m [90msrc/aap2_client.c:334:[0m Success
18:57:47 [32mINFO [0m [90msrc/aap2_client.c:418:[0m Bundle sent !
18:57:47 [36mDEBUG[0m [90msrc/aap2_client.c:334:[0m Success
18:57:47 [32mINFO [0m [90msrc/aap2_client.c:418:[0m Bundle sent !
18:57:47 [36mDEBUG[0m [90msrc/aap2_client.c:334:[0m Success
18:57:47 [32mINFO [0m [90msrc/aap2_client.c:418:[0m Bundle sent !
18:57:47 [36mDEBUG[0m [90msrc/aap2_client.c:334:[0m Success
18:57:47 [32mINFO [0m [90msrc/aap2_client.c:418:[0m Bundle sent !
18:57:47 [36mDEBUG[0m [90msrc/aap2_client.c:334:[0m Success
18:57:47 [32mINFO [0m [90msrc/aap2_client.c:418:[0m Bundle sent !
18:57:47 [36mDEBUG[0m [90msrc/aap2_client.c:334:[0m Success
18:57:50 [32mINFO [0m [90msrc/aap2_client.c:418:[0m Bundle sent !
18:57:50 [36mDEBUG[0m [90msrc/aap2_client.c:334:[0m Success
18:57:50 [32mINFO [0m [90msrc/aap2_client.c:418:[0m Bundle sent !
18:57:50 [36mDEBUG[0m [90msrc/aap2_client.c:334:[0m Success
18:57:50 [32mINFO [0m [90msrc/aap2_client.c:418:[0m Bundle sent !
18:57:50 [36mDEBUG[0m [90msrc/aap2_client.c:334:[0m Success
18:57:50 [32mINFO [0m [90msrc/aap2_client.c:418:[0m Bundle sent !
18:57:50 [36mDEBUG[0m [90msrc/aap2_client.c:334:[0m Success
18:57:50 [32mINFO [0m [90msrc/aap2_client.c:418:[0m Bundle sent !
18:57:50 [36mDEBUG[0m [90msrc/aap2_client.c:334:[0m Success
18:57:50 [32mINFO [0m [90msrc/aap2_client.c:418:[0m Bundle sent !
18:57:50 [36mDEBUG[0m [90msrc/aap2_client.c:334:[0m Success
18:57:50 [32mINFO [0m [90msrc/aap2_client.c:418:[0m Bundle sent !
18:57:50 [36mDEBUG[0m [90msrc/aap2_client.c:334:[0m Success
18:57:50 [32mINFO [0m [90msrc/aap2_client.c:418:[0m Bundle sent !
18:57:50 [36mDEBUG[0m [90msrc/aap2_client.c:334:[0m Success
18:57:50 [32mINFO [0m [90msrc/aap2_client.c:418:[0m Bundle sent !
18:57:50 [36mDEBUG[0m [90msrc/aap2_client.c:334:[0m Success
18:57:50 [32mINFO [0m [90msrc/aap2_client.c:418:[0m Bundle sent !
18:57:50 [36mDEBUG[0m [90msrc/aap2_client.c:334:[0m Success
18:57:53 [32mINFO [0m [90msrc/aap2_client.c:418:[0m Bundle sent !
18:57:53 [36mDEBUG[0m [90msrc/aap2_client.c:334:[0m Success
18:57:53 [32mINFO [0m [90msrc/aap2_client.c:418:[0m Bundle sent !
18:57:53 [36mDEBUG[0m [90msrc/aap2_client.c:334:[0m Success
18:57:53 [32mINFO [0m [90msrc/aap2_client.c:418:[0m Bundle sent !
18:57:53 [36mDEBUG[0m [90msrc/aap2_client.c:334:[0m Success
18:57:53 [32mINFO [0m [90msrc/aap2_client.c:418:[0m Bundle sent !
18:57:53 [36mDEBUG[0m [90msrc/aap2_client.c:334:[0m Success
18:57:53 [32mINFO [0m [90msrc/aap2_client.c:418:[0m Bundle sent !
18:57:53 [36mDEBUG[0m [90msrc/aap2_client.c:334:[0m Success
18:57:53 [32mINFO [0m [90msrc/aap2_client.c:418:[0m Bundle sent !
18:57:53 [36mDEBUG[0m [90msrc/aap2_client.c:334:[0m Success
18:57:53 [32mINFO [0m [90msrc/aap2_client.c:418:[0m Bundle sent !
18:57:53 [36mDEBUG[0m [90msrc/aap2_client.c:334:[0m Success
18:57:53 [32mINFO [0m [90msrc/aap2_client.c:418:[0m Bundle sent !
18:57:53 [36mDEBUG[0m [90msrc/aap2_client.c:334:[0m Success
18:57:53 [32mINFO [0m [90msrc/aap2_client.c:418:[0m Bundle sent !
18:57:53 [36mDEBUG[0m [90msrc/aap2_client.c:334:[0m Success
18:57:53 [32mINFO [0m [90msrc/aap2_client.c:418:[0m Bundle sent !
18:57:53 [36mDEBUG[0m [90msrc/aap2_client.c:334:[0m Success
18:57:56 [32mINFO [0m [90msrc/aap2_client.c:418:[0m Bundle sent !
18:57:56 [36mDEBUG[0m [90msrc/aap2_client.c:334:[0m Success
18:57:56 [32mINFO [0m [90msrc/aap2_client.c:418:[0m Bundle sent !
18:57:56 [36mDEBUG[0m [90msrc/aap2_client.c:334:[0m Success
18:57:56 [32mINFO [0m [90msrc/aap2_client.c:418:[0m Bundle sent !
18:57:56 [36mDEBUG[0m [90msrc/aap2_client.c:334:[0m Success
18:57:56 [32mINFO [0m [90msrc/aap2_client.c:418:[0m Bundle sent !
18:57:56 [36mDEBUG[0m [90msrc/aap2_client.c:334:[0m Success
18:57:56 [32mINFO [0m [90msrc/aap2_client.c:418:[0m Bundle sent !
18:57:56 [36mDEBUG[0m [90msrc/aap2_client.c:334:[0m Success
18:57:56 [32mINFO [0m [90msrc/aap2_client.c:418:[0m Bundle sent !
18:57:56 [36mDEBUG[0m [90msrc/aap2_client.c:334:[0m Success
18:57:56 [32mINFO [0m [90msrc/aap2_client.c:418:[0m Bundle sent !
18:57:56 [36mDEBUG[0m [90msrc/aap2_client.c:334:[0m Success
18:57:56 [32mINFO [0m [90msrc/aap2_client.c:418:[0m Bundle sent !
18:57:56 [36mDEBUG[0m [90msrc/aap2_client.c:334:[0m Success
18:57:56 [32mINFO [0m [90msrc/aap2_client.c:418:[0m Bundle sent !
18:57:56 [36mDEBUG[0m [90msrc/aap2_client.c:334:[0m Success
18:57:56 [32mINFO [0m [90msrc/aap2_client.c:418:[0m Bundle sent !
18:57:56 [36mDEBUG[0m [90msrc/aap2_client.c:334:[0m Success
18:57:59 [32mINFO [0m [90msrc/aap2_client.c:418:[0m Bundle sent !
18:57:59 [36mDEBUG[0m [90msrc/aap2_client.c:334:[0m Success
18:57:59 [32mINFO [0m [90msrc/aap2_client.c:418:[0m Bundle sent !
18:57:59 [36mDEBUG[0m [90msrc/aap2_client.c:334:[0m Success
18:57:59 [32mINFO [0m [90msrc/aap2_client.c:418:[0m Bundle sent !
18:57:59 [36mDEBUG[0m [90msrc/aap2_client.c:334:[0m Success
18:57:59 [32mINFO [0m [90msrc/aap2_client.c:418:[0m Bundle sent !
18:57:59 [36mDEBUG[0m [90msrc/aap2_client.c:334:[0m Success
18:57:59 [32mINFO [0m [90msrc/aap2_client.c:418:[0m Bundle sent !
18:57:59 [36mDEBUG[0m [90msrc/aap2_client.c:334:[0m Success
18:57:59 [32mINFO [0m [90msrc/aap2_client.c:418:[0m Bundle sent !
18:57:59 [36mDEBUG[0m [90msrc/aap2_client.c:334:[0m Success
18:57:59 [32mINFO [0m [90msrc/aap2_client.c:418:[0m Bundle sent !
18:57:59 [36mDEBUG[0m [90msrc/aap2_client.c:334:[0m Success
18:57:59 [32mINFO [0m [90msrc/aap2_client.c:418:[0m Bundle sent !
18:57:59 [36mDEBUG[0m [90msrc/aap2_client.c:334:[0m Success
18:57:59 [32mINFO [0m [90msrc/aap2_client.c:418:[0m Bundle sent !
18:57:59 [36mDEBUG[0m [90msrc/aap2_client.c:334:[0m Success
18:57:59 [32mINFO [0m [90msrc/aap2_client.c:418:[0m Bundle sent !
18:57:59 [36mDEBUG[0m [90msrc/aap2_client.c:334:[0m Success
18:58:02 [32mINFO [0m [90msrc/aap2_client.c:418:[0m Bundle sent !
18:58:02 [36mDEBUG[0m [90msrc/aap2_client.c:334:[0m Success
18:58:02 [32mINFO [0m [90msrc/aap2_client.c:418:[0m Bundle sent !
18:58:02 [36mDEBUG[0m [90msrc/aap2_client.c:334:[0m Success
18:58:02 [32mINFO [0m [90msrc/aap2_client.c:418:[0m Bundle sent !
18:58:02 [36mDEBUG[0m [90msrc/aap2_client.c:334:[0m Success
18:58:02 [32mINFO [0m [90msrc/aap2_client.c:418:[0m Bundle sent !
18:58:02 [36mDEBUG[0m [90msrc/aap2_client.c:334:[0m Success
18:58:02 [32mINFO [0m [90msrc/aap2_client.c:418:[0m Bundle sent !
18:58:02 [36mDEBUG[0m [90msrc/aap2_client.c:334:[0m Success
18:58:02 [32mINFO [0m [90msrc/aap2_client.c:418:[0m Bundle sent !
18:58:02 [36mDEBUG[0m [90msrc/aap2_client.c:334:[0m Success
18:58:02 [32mINFO [0m [90msrc/aap2_client.c:418:[0m Bundle sent !
18:58:02 [36mDEBUG[0m [90msrc/aap2_client.c:334:[0m Success
18:58:02 [32mINFO [0m [90msrc/aap2_client.c:418:[0m Bundle sent !
18:58:02 [36mDEBUG[0m [90msrc/aap2_client.c:334:[0m Success
18:58:02 [32mINFO [0m [90msrc/aap2_client.c:418:[0m Bundle sent !
18:58:02 [36mDEBUG[0m [90msrc/aap2_client.c:334:[0m Success
18:58:02 [32mINFO [0m [90msrc/aap2_client.c:418:[0m Bundle sent !
18:58:02 [36mDEBUG[0m [90msrc/aap2_client.c:334:[0m Success
18:58:05 [32mINFO [0m [90msrc/aap2_client.c:418:[0m Bundle sent !
18:58:05 [36mDEBUG[0m [90msrc/aap2_client.c:334:[0m Success
18:58:05 [32mINFO [0m [90msrc/aap2_client.c:418:[0m Bundle sent !
18:58:05 [36mDEBUG[0m [90msrc/aap2_client.c:334:[0m Success
18:58:05 [32mINFO [0m [90msrc/aap2_client.c:418:[0m Bundle sent !
18:58:05 [36mDEBUG[0m [90msrc/aap2_client.c:334:[0m Success
18:58:05 [32mINFO [0m [90msrc/aap2_client.c:418:[0m Bundle sent !
18:58:05 [36mDEBUG[0m [90msrc/aap2_client.c:334:[0m Success
18:58:05 [32mINFO [0m [90msrc/aap2_client.c:418:[0m Bundle sent !
18:58:05 [36mDEBUG[0m [90msrc/aap2_client.c:334:[0m Success
18:58:05 [32mINFO [0m [90msrc/aap2_client.c:418:[0m Bundle sent !
18:58:05 [36mDEBUG[0m [90msrc/aap2_client.c:334:[0m Success
18:58:05 [32mINFO [0m [90msrc/aap2_client.c:418:[0m Bundle sent !
18:58:05 [36mDEBUG[0m [90msrc/aap2_client.c:334:[0m Success
18:58:05 [32mINFO [0m [90msrc/aap2_client.c:418:[0m Bundle sent !
18:58:05 [36mDEBUG[0m [90msrc/aap2_client.c:334:[0m Success
18:58:05 [32mINFO [0m [90msrc/aap2_client.c:418:[0m Bundle sent !
18:58:05 [36mDEBUG[0m [90msrc/aap2_client.c:334:[0m Success
18:58:05 [32mINFO [0m [90msrc/aap2_client.c:418:[0m Bundle sent !
18:58:05 [36mDEBUG[0m [90msrc/aap2_client.c:334:[0m Success
18:58:08 [32mINFO [0m [90msrc/aap2_client.c:418:[0m Bundle sent !
18:58:08 [36mDEBUG[0m [90msrc/aap2_client.c:334:[0m Success
18:58:08 [32mINFO [0m [90msrc/aap2_client.c:418:[0m Bundle sent !
18:58:08 [36mDEBUG[0m [90msrc/aap2_client.c:334:[0m Success
18:58:08 [32mINFO [0m [90msrc/aap2_client.c:418:[0m Bundle sent !
18:58:08 [36mDEBUG[0m [90msrc/aap2_client.c:334:[0m Success
18:58:08 [32mINFO [0m [90msrc/aap2_client.c:418:[0m Bundle sent !
18:58:08 [36mDEBUG[0m [90msrc/aap2_client.c:334:[0m Success
18:58:08 [32mINFO [0m [90msrc/aap2_client.c:418:[0m Bundle sent !
18:58:08 [36mDEBUG[0m [90msrc/aap2_client.c:334:[0m Success
18:58:08 [32mINFO [0m [90msrc/aap2_client.c:418:[0m Bundle sent !
18:58:08 [36mDEBUG[0m [90msrc/aap2_client.c:334:[0m Success
18:58:08 [32mINFO [0m [90msrc/aap2_client.c:418:[0m Bundle sent !
18:58:08 [36mDEBUG[0m [90msrc/aap2_client.c:334:[0m Success
18:58:08 [32mINFO [0m [90msrc/aap2_client.c:418:[0m Bundle sent !
18:58:08 [36mDEBUG[0m [90msrc/aap2_client.c:334:[0m Success
18:58:08 [32mINFO [0m [90msrc/aap2_client.c:418:[0m Bundle sent !
18:58:08 [36mDEBUG[0m [90msrc/aap2_client.c:334:[0m Success
18:58:08 [32mINFO [0m [90msrc/aap2_client.c:418:[0m Bundle sent !
18:58:08 [36mDEBUG[0m [90msrc/aap2_client.c:334:[0m Success
18:58:11 [32mINFO [0m [90msrc/aap2_client.c:418:[0m Bundle sent !
18:58:11 [36mDEBUG[0m [90msrc/aap2_client.c:334:[0m Success
18:58:11 [32mINFO [0m [90msrc/aap2_client.c:418:[0m Bundle sent !
18:58:11 [36mDEBUG[0m [90msrc/aap2_client.c:334:[0m Success
18:58:11 [32mINFO [0m [90msrc/aap2_client.c:418:[0m Bundle sent !
18:58:11 [36mDEBUG[0m [90msrc/aap2_client.c:334:[0m Success
18:58:11 [32mINFO [0m [90msrc/aap2_client.c:418:[0m Bundle sent !
18:58:11 [36mDEBUG[0m [90msrc/aap2_client.c:334:[0m Success
18:58:11 [32mINFO [0m [90msrc/aap2_client.c:418:[0m Bundle sent !
18:58:11 [36mDEBUG[0m [90msrc/aap2_client.c:334:[0m Success
18:58:11 [32mINFO [0m [90msrc/aap2_client.c:418:[0m Bundle sent !
18:58:11 [36mDEBUG[0m [90msrc/aap2_client.c:334:[0m Success
18:58:11 [32mINFO [0m [90msrc/aap2_client.c:418:[0m Bundle sent !
18:58:11 [36mDEBUG[0m [90msrc/aap2_client.c:334:[0m Success
18:58:11 [32mINFO [0m [90msrc/aap2_client.c:418:[0m Bundle sent !
18:58:11 [36mDEBUG[0m [90msrc/aap2_client.c:334:[0m Success
18:58:11 [32mINFO [0m [90msrc/aap2_client.c:418:[0m Bundle sent !
18:58:11 [36mDEBUG[0m [90msrc/aap2_client.c:334:[0m Success
18:58:11 [32mINFO [0m [90msrc/aap2_client.c:418:[0m Bundle sent !
18:58:11 [36mDEBUG[0m [90msrc/aap2_client.c:334:[0m Success
18:58:14 [32mINFO [0m [90msrc/aap2_client.c:418:[0m Bundle sent !
18:58:14 [36mDEBUG[0m [90msrc/aap2_client.c:334:[0m Success
18:58:14 [32mINFO [0m [90msrc/aap2_client.c:418:[0m Bundle sent !
18:58:14 [36mDEBUG[0m [90msrc/aap2_client.c:334:[0m Success
18:58:14 [32mINFO [0m [90msrc/aap2_client.c:418:[0m Bundle sent !
18:58:14 [36mDEBUG[0m [90msrc/aap2_client.c:334:[0m Success
18:58:14 [32mINFO [0m [90msrc/aap2_client.c:418:[0m Bundle sent !
18:58:14 [36mDEBUG[0m [90msrc/aap2_client.c:334:[0m Success
18:58:14 [32mINFO [0m [90msrc/aap2_client.c:418:[0m Bundle sent !
18:58:14 [36mDEBUG[0m [90msrc/aap2_client.c:334:[0m Success
18:58:14 [32mINFO [0m [90msrc/aap2_client.c:418:[0m Bundle sent !
18:58:14 [36mDEBUG[0m [90msrc/aap2_client.c:334:[0m Success
18:58:14 [32mINFO [0m [90msrc/aap2_client.c:418:[0m Bundle sent !
18:58:14 [36mDEBUG[0m [90msrc/aap2_client.c:334:[0m Success
18:58:14 [32mINFO [0m [90msrc/aap2_client.c:418:[0m Bundle sent !
18:58:14 [36mDEBUG[0m [90msrc/aap2_client.c:334:[0m Success
18:58:14 [32mINFO [0m [90msrc/aap2_client.c:418:[0m Bundle sent !
18:58:14 [36mDEBUG[0m [90msrc/aap2_client.c:334:[0m Success
18:58:14 [32mINFO [0m [90msrc/aap2_client.c:418:[0m Bundle sent !
18:58:14 [36mDEBUG[0m [90msrc/aap2_client.c:334:[0m Success
18:58:17 [32mINFO [0m [90msrc/aap2_client.c:418:[0m Bundle sent !
18:58:17 [36mDEBUG[0m [90msrc/aap2_client.c:334:[0m Success
18:58:17 [32mINFO [0m [90msrc/aap2_client.c:418:[0m Bundle sent !
18:58:17 [36mDEBUG[0m [90msrc/aap2_client.c:334:[0m Success
18:58:17 [32mINFO [0m [90msrc/aap2_client.c:418:[0m Bundle sent !
18:58:17 [36mDEBUG[0m [90msrc/aap2_client.c:334:[0m Success
18:58:17 [32mINFO [0m [90msrc/aap2_client.c:418:[0m Bundle sent !
18:58:17 [36mDEBUG[0m [90msrc/aap2_client.c:334:[0m Success
18:58:17 [32mINFO [0m [90msrc/aap2_client.c:418:[0m Bundle sent !
18:58:17 [36mDEBUG[0m [90msrc/aap2_client.c:334:[0m Success
18:58:17 [32mINFO [0m [90msrc/aap2_client.c:418:[0m Bundle sent !
18:58:17 [36mDEBUG[0m [90msrc/aap2_client.c:334:[0m Success
18:58:17 [32mINFO [0m [90msrc/aap2_client.c:418:[0m Bundle sent !
18:58:17 [36mDEBUG[0m [90msrc/aap2_client.c:334:[0m Success
18:58:17 [32mINFO [0m [90msrc/aap2_client.c:418:[0m Bundle sent !
18:58:17 [36mDEBUG[0m [90msrc/aap2_client.c:334:[0m Success
18:58:17 [32mINFO [0m [90msrc/aap2_client.c:418:[0m Bundle sent !
18:58:17 [36mDEBUG[0m [90msrc/aap2_client.c:334:[0m Success
18:58:17 [32mINFO [0m [90msrc/aap2_client.c:418:[0m Bundle sent !
18:58:17 [36mDEBUG[0m [90msrc/aap2_client.c:334:[0m Success
18:58:20 [32mINFO [0m [90msrc/aap2_client.c:418:[0m Bundle sent !
18:58:20 [36mDEBUG[0m [90msrc/aap2_client.c:334:[0m Success
18:58:20 [32mINFO [0m [90msrc/aap2_client.c:418:[0m Bundle sent !
18:58:20 [36mDEBUG[0m [90msrc/aap2_client.c:334:[0m Success
18:58:20 [32mINFO [0m [90msrc/aap2_client.c:418:[0m Bundle sent !
18:58:20 [36mDEBUG[0m [90msrc/aap2_client.c:334:[0m Success
18:58:20 [32mINFO [0m [90msrc/aap2_client.c:418:[0m Bundle sent !
18:58:20 [36mDEBUG[0m [90msrc/aap2_client.c:334:[0m Success
18:58:20 [32mINFO [0m [90msrc/aap2_client.c:418:[0m Bundle sent !
18:58:20 [36mDEBUG[0m [90msrc/aap2_client.c:334:[0m Success
18:58:20 [32mINFO [0m [90msrc/aap2_client.c:418:[0m Bundle sent !
18:58:20 [36mDEBUG[0m [90msrc/aap2_client.c:334:[0m Success
18:58:20 [32mINFO [0m [90msrc/aap2_client.c:418:[0m Bundle sent !
18:58:20 [36mDEBUG[0m [90msrc/aap2_client.c:334:[0m Success
18:58:20 [32mINFO [0m [90msrc/aap2_client.c:418:[0m Bundle sent !
18:58:20 [36mDEBUG[0m [90msrc/aap2_client.c:334:[0m Success
18:58:20 [32mINFO [0m [90msrc/aap2_client.c:418:[0m Bundle sent !
18:58:20 [36mDEBUG[0m [90msrc/aap2_client.c:334:[0m Success
18:58:20 [32mINFO [0m [90msrc/aap2_client.c:418:[0m Bundle sent !
18:58:20 [36mDEBUG[0m [90msrc/aap2_client.c:334:[0m Success
18:58:23 [32mINFO [0m [90msrc/aap2_client.c:418:[0m Bundle sent !
18:58:23 [36mDEBUG[0m [90msrc/aap2_client.c:334:[0m Success
18:58:23 [32mINFO [0m [90msrc/aap2_client.c:418:[0m Bundle sent !
18:58:23 [36mDEBUG[0m [90msrc/aap2_client.c:334:[0m Success
18:58:23 [32mINFO [0m [90msrc/aap2_client.c:418:[0m Bundle sent !
18:58:23 [36mDEBUG[0m [90msrc/aap2_client.c:334:[0m Success
18:58:23 [32mINFO [0m [90msrc/aap2_client.c:418:[0m Bundle sent !
18:58:23 [36mDEBUG[0m [90msrc/aap2_client.c:334:[0m Success
18:58:23 [32mINFO [0m [90msrc/aap2_client.c:418:[0m Bundle sent !
18:58:23 [36mDEBUG[0m [90msrc/aap2_client.c:334:[0m Success
18:58:23 [32mINFO [0m [90msrc/aap2_client.c:418:[0m Bundle sent !
18:58:23 [36mDEBUG[0m [90msrc/aap2_client.c:334:[0m Success
18:58:23 [32mINFO [0m [90msrc/aap2_client.c:418:[0m Bundle sent !
18:58:23 [36mDEBUG[0m [90msrc/aap2_client.c:334:[0m Success
18:58:23 [32mINFO [0m [90msrc/aap2_client.c:418:[0m Bundle sent !
18:58:23 [36mDEBUG[0m [90msrc/aap2_client.c:334:[0m Success
18:58:23 [32mINFO [0m [90msrc/aap2_client.c:418:[0m Bundle sent !
18:58:23 [36mDEBUG[0m [90msrc/aap2_client.c:334:[0m Success
18:58:23 [32mINFO [0m [90msrc/aap2_client.c:418:[0m Bundle sent !
18:58:23 [36mDEBUG[0m [90msrc/aap2_client.c:334:[0m Success
18:58:26 [32mINFO [0m [90msrc/aap2_client.c:418:[0m Bundle sent !
18:58:26 [36mDEBUG[0m [90msrc/aap2_client.c:334:[0m Success
18:58:26 [32mINFO [0m [90msrc/aap2_client.c:418:[0m Bundle sent !
18:58:26 [36mDEBUG[0m [90msrc/aap2_client.c:334:[0m Success
18:58:26 [32mINFO [0m [90msrc/aap2_client.c:418:[0m Bundle sent !
18:58:26 [36mDEBUG[0m [90msrc/aap2_client.c:334:[0m Success
18:58:26 [32mINFO [0m [90msrc/aap2_client.c:418:[0m Bundle sent !
18:58:26 [36mDEBUG[0m [90msrc/aap2_client.c:334:[0m Success
18:58:26 [32mINFO [0m [90msrc/aap2_client.c:418:[0m Bundle sent !
18:58:26 [36mDEBUG[0m [90msrc/aap2_client.c:334:[0m Success
18:58:26 [32mINFO [0m [90msrc/aap2_client.c:418:[0m Bundle sent !
18:58:26 [36mDEBUG[0m [90msrc/aap2_client.c:334:[0m Success
18:58:26 [32mINFO [0m [90msrc/aap2_client.c:418:[0m Bundle sent !
18:58:26 [36mDEBUG[0m [90msrc/aap2_client.c:334:[0m Success
18:58:26 [32mINFO [0m [90msrc/aap2_client.c:418:[0m Bundle sent !
18:58:26 [36mDEBUG[0m [90msrc/aap2_client.c:334:[0m Success
18:58:26 [32mINFO [0m [90msrc/aap2_client.c:418:[0m Bundle sent !
18:58:26 [36mDEBUG[0m [90msrc/aap2_client.c:334:[0m Success
18:58:26 [32mINFO [0m [90msrc/aap2_client.c:418:[0m Bundle sent !
18:58:26 [36mDEBUG[0m [90msrc/aap2_client.c:334:[0m Success
18:58:29 [32mINFO [0m [90msrc/aap2_client.c:418:[0m Bundle sent !
18:58:29 [36mDEBUG[0m [90msrc/aap2_client.c:334:[0m Success
18:58:29 [32mINFO [0m [90msrc/aap2_client.c:418:[0m Bundle sent !
18:58:29 [36mDEBUG[0m [90msrc/aap2_client.c:334:[0m Success
18:58:29 [32mINFO [0m [90msrc/aap2_client.c:418:[0m Bundle sent !
18:58:29 [36mDEBUG[0m [90msrc/aap2_client.c:334:[0m Success
18:58:29 [32mINFO [0m [90msrc/aap2_client.c:418:[0m Bundle sent !
18:58:29 [36mDEBUG[0m [90msrc/aap2_client.c:334:[0m Success
18:58:29 [32mINFO [0m [90msrc/aap2_client.c:418:[0m Bundle sent !
18:58:29 [36mDEBUG[0m [90msrc/aap2_client.c:334:[0m Success
18:58:29 [32mINFO [0m [90msrc/aap2_client.c:418:[0m Bundle sent !
18:58:29 [36mDEBUG[0m [90msrc/aap2_client.c:334:[0m Success
18:58:29 [32mINFO [0m [90msrc/aap2_client.c:418:[0m Bundle sent !
18:58:29 [36mDEBUG[0m [90msrc/aap2_client.c:334:[0m Success
18:58:29 [32mINFO [0m [90msrc/aap2_client.c:418:[0m Bundle sent !
18:58:29 [36mDEBUG[0m [90msrc/aap2_client.c:334:[0m Success
18:58:29 [32mINFO [0m [90msrc/aap2_client.c:418:[0m Bundle sent !
18:58:29 [36mDEBUG[0m [90msrc/aap2_client.c:334:[0m Success
18:58:29 [32mINFO [0m [90msrc/aap2_client.c:418:[0m Bundle sent !
18:58:29 [36mDEBUG[0m [90msrc/aap2_client.c:334:[0m Success
18:58:32 [32mINFO [0m [90msrc/aap2_client.c:418:[0m Bundle sent !
18:58:32 [36mDEBUG[0m [90msrc/aap2_client.c:334:[0m Success
18:58:32 [32mINFO [0m [90msrc/aap2_client.c:418:[0m Bundle sent !
18:58:32 [36mDEBUG[0m [90msrc/aap2_client.c:334:[0m Success
18:58:32 [32mINFO [0m [90msrc/aap2_client.c:418:[0m Bundle sent !
18:58:32 [36mDEBUG[0m [90msrc/aap2_client.c:334:[0m Success
18:58:33 [32mINFO [0m [90msrc/aap2_client.c:418:[0m Bundle sent !
18:58:33 [36mDEBUG[0m [90msrc/aap2_client.c:334:[0m Success
18:58:33 [32mINFO [0m [90msrc/aap2_client.c:418:[0m Bundle sent !
18:58:33 [36mDEBUG[0m [90msrc/aap2_client.c:334:[0m Success
18:58:33 [32mINFO [0m [90msrc/aap2_client.c:418:[0m Bundle sent !
18:58:33 [36mDEBUG[0m [90msrc/aap2_client.c:334:[0m Success
18:58:34 [32mINFO [0m [90msrc/aap2_client.c:418:[0m Bundle sent !
18:58:34 [36mDEBUG[0m [90msrc/aap2_client.c:334:[0m Success
18:58:34 [32mINFO [0m [90msrc/aap2_client.c:418:[0m Bundle sent !
18:58:34 [36mDEBUG[0m [90msrc/aap2_client.c:334:[0m Success
18:58:34 [32mINFO [0m [90msrc/aap2_client.c:418:[0m Bundle sent !
18:58:34 [36mDEBUG[0m [90msrc/aap2_client.c:334:[0m Success
18:58:35 [32mINFO [0m [90msrc/aap2_client.c:418:[0m Bundle sent !
18:58:35 [36mDEBUG[0m [90msrc/aap2_client.c:334:[0m Success
18:58:35 [32mINFO [0m [90msrc/aap2_client.c:418:[0m Bundle sent !
18:58:35 [36mDEBUG[0m [90msrc/aap2_client.c:334:[0m Success
18:58:35 [32mINFO [0m [90msrc/aap2_client.c:418:[0m Bundle sent !
18:58:35 [36mDEBUG[0m [90msrc/aap2_client.c:334:[0m Success
18:58:36 [32mINFO [0m [90msrc/aap2_client.c:418:[0m Bundle sent !
18:58:36 [36mDEBUG[0m [90msrc/aap2_client.c:334:[0m Success
18:58:36 [32mINFO [0m [90msrc/aap2_client.c:418:[0m Bundle sent !
18:58:36 [36mDEBUG[0m [90msrc/aap2_client.c:334:[0m Success
18:58:36 [32mINFO [0m [90msrc/aap2_client.c:418:[0m Bundle sent !
18:58:36 [36mDEBUG[0m [90msrc/aap2_client.c:334:[0m Success
18:58:37 [32mINFO [0m [90msrc/aap2_client.c:418:[0m Bundle sent !
18:58:37 [36mDEBUG[0m [90msrc/aap2_client.c:334:[0m Success
18:58:37 [32mINFO [0m [90msrc/aap2_client.c:418:[0m Bundle sent !
18:58:37 [36mDEBUG[0m [90msrc/aap2_client.c:334:[0m Success
18:58:37 [32mINFO [0m [90msrc/aap2_client.c:418:[0m Bundle sent !
18:58:37 [36mDEBUG[0m [90msrc/aap2_client.c:334:[0m Success
18:58:38 [32mINFO [0m [90msrc/aap2_client.c:418:[0m Bundle sent !
18:58:38 [36mDEBUG[0m [90msrc/aap2_client.c:334:[0m Success
18:58:38 [32mINFO [0m [90msrc/aap2_client.c:418:[0m Bundle sent !
18:58:38 [36mDEBUG[0m [90msrc/aap2_client.c:334:[0m Success
18:58:38 [32mINFO [0m [90msrc/aap2_client.c:418:[0m Bundle sent !
18:58:38 [36mDEBUG[0m [90msrc/aap2_client.c:334:[0m Success
18:58:39 [32mINFO [0m [90msrc/aap2_client.c:418:[0m Bundle sent !
18:58:39 [36mDEBUG[0m [90msrc/aap2_client.c:334:[0m Success
18:58:39 [32mINFO [0m [90msrc/aap2_client.c:418:[0m Bundle sent !
18:58:39 [36mDEBUG[0m [90msrc/aap2_client.c:334:[0m Success
18:58:39 [32mINFO [0m [90msrc/aap2_client.c:418:[0m Bundle sent !
18:58:39 [36mDEBUG[0m [90msrc/aap2_client.c:334:[0m Success
18:58:40 [32mINFO [0m [90msrc/aap2_client.c:418:[0m Bundle sent !
18:58:40 [36mDEBUG[0m [90msrc/aap2_client.c:334:[0m Success
18:58:40 [32mINFO [0m [90msrc/aap2_client.c:418:[0m Bundle sent !
18:58:40 [36mDEBUG[0m [90msrc/aap2_client.c:334:[0m Success
18:58:40 [32mINFO [0m [90msrc/aap2_client.c:418:[0m Bundle sent !
18:58:40 [36mDEBUG[0m [90msrc/aap2_client.c:334:[0m Success
18:58:41 [32mINFO [0m [90msrc/aap2_client.c:418:[0m Bundle sent !
18:58:41 [36mDEBUG[0m [90msrc/aap2_client.c:334:[0m Success
18:58:41 [32mINFO [0m [90msrc/aap2_client.c:418:[0m Bundle sent !
18:58:41 [36mDEBUG[0m [90msrc/aap2_client.c:334:[0m Success
18:58:41 [32mINFO [0m [90msrc/aap2_client.c:418:[0m Bundle sent !
18:58:41 [36mDEBUG[0m [90msrc/aap2_client.c:334:[0m Success
18:58:42 [32mINFO [0m [90msrc/aap2_client.c:418:[0m Bundle sent !
18:58:42 [36mDEBUG[0m [90msrc/aap2_client.c:334:[0m Success
18:58:42 [32mINFO [0m [90msrc/aap2_client.c:418:[0m Bundle sent !
18:58:42 [36mDEBUG[0m [90msrc/aap2_client.c:334:[0m Success
18:58:42 [32mINFO [0m [90msrc/aap2_client.c:418:[0m Bundle sent !
18:58:42 [36mDEBUG[0m [90msrc/aap2_client.c:334:[0m Success
18:58:42 [32mINFO [0m [90msrc/aap2_client.c:418:[0m Bundle sent !
18:58:42 [36mDEBUG[0m [90msrc/aap2_client.c:334:[0m Success
18:58:43 [32mINFO [0m [90msrc/aap2_client.c:418:[0m Bundle sent !
18:58:43 [36mDEBUG[0m [90msrc/aap2_client.c:334:[0m Success
18:58:43 [32mINFO [0m [90msrc/aap2_client.c:418:[0m Bundle sent !
18:58:43 [36mDEBUG[0m [90msrc/aap2_client.c:334:[0m Success
18:58:43 [32mINFO [0m [90msrc/aap2_client.c:418:[0m Bundle sent !
18:58:43 [36mDEBUG[0m [90msrc/aap2_client.c:334:[0m Success
18:58:44 [32mINFO [0m [90msrc/aap2_client.c:418:[0m Bundle sent !
18:58:44 [36mDEBUG[0m [90msrc/aap2_client.c:334:[0m Success
18:58:44 [32mINFO [0m [90msrc/aap2_client.c:418:[0m Bundle sent !
18:58:44 [36mDEBUG[0m [90msrc/aap2_client.c:334:[0m Success
18:58:44 [32mINFO [0m [90msrc/aap2_client.c:418:[0m Bundle sent !
18:58:44 [36mDEBUG[0m [90msrc/aap2_client.c:334:[0m Success
18:58:45 [32mINFO [0m [90msrc/aap2_client.c:418:[0m Bundle sent !
18:58:45 [36mDEBUG[0m [90msrc/aap2_client.c:334:[0m Success
18:58:45 [32mINFO [0m [90msrc/aap2_client.c:418:[0m Bundle sent !
18:58:45 [36mDEBUG[0m [90msrc/aap2_client.c:334:[0m Success
18:58:45 [32mINFO [0m [90msrc/aap2_client.c:418:[0m Bundle sent !
18:58:45 [36mDEBUG[0m [90msrc/aap2_client.c:334:[0m Success
18:58:46 [32mINFO [0m [90msrc/aap2_client.c:418:[0m Bundle sent !
18:58:46 [36mDEBUG[0m [90msrc/aap2_client.c:334:[0m Success
18:58:46 [32mINFO [0m [90msrc/aap2_client.c:418:[0m Bundle sent !
18:58:46 [36mDEBUG[0m [90msrc/aap2_client.c:334:[0m Success
18:58:46 [32mINFO [0m [90msrc/aap2_client.c:418:[0m Bundle sent !
18:58:46 [36mDEBUG[0m [90msrc/aap2_client.c:334:[0m Success
18:58:47 [32mINFO [0m [90msrc/aap2_client.c:418:[0m Bundle sent !
18:58:47 [36mDEBUG[0m [90msrc/aap2_client.c:334:[0m Success
18:58:47 [32mINFO [0m [90msrc/aap2_client.c:418:[0m Bundle sent !
18:58:47 [36mDEBUG[0m [90msrc/aap2_client.c:334:[0m Success
18:58:47 [32mINFO [0m [90msrc/aap2_client.c:418:[0m Bundle sent !
18:58:47 [36mDEBUG[0m [90msrc/aap2_client.c:334:[0m Success
18:58:48 [32mINFO [0m [90msrc/aap2_client.c:418:[0m Bundle sent !
18:58:48 [36mDEBUG[0m [90msrc/aap2_client.c:334:[0m Success
18:58:48 [32mINFO [0m [90msrc/aap2_client.c:418:[0m Bundle sent !
18:58:48 [36mDEBUG[0m [90msrc/aap2_client.c:334:[0m Success
18:58:48 [32mINFO [0m [90msrc/aap2_client.c:418:[0m Bundle sent !
18:58:48 [36mDEBUG[0m [90msrc/aap2_client.c:334:[0m Success
18:58:49 [32mINFO [0m [90msrc/aap2_client.c:418:[0m Bundle sent !
18:58:49 [36mDEBUG[0m [90msrc/aap2_client.c:334:[0m Success
18:58:49 [32mINFO [0m [90msrc/aap2_client.c:418:[0m Bundle sent !
18:58:49 [36mDEBUG[0m [90msrc/aap2_client.c:334:[0m Success
18:58:49 [32mINFO [0m [90msrc/aap2_client.c:418:[0m Bundle sent !
18:58:49 [36mDEBUG[0m [90msrc/aap2_client.c:334:[0m Success
18:58:50 [32mINFO [0m [90msrc/aap2_client.c:418:[0m Bundle sent !
18:58:50 [36mDEBUG[0m [90msrc/aap2_client.c:334:[0m Success
18:58:50 [32mINFO [0m [90msrc/aap2_client.c:418:[0m Bundle sent !
18:58:50 [36mDEBUG[0m [90msrc/aap2_client.c:334:[0m Success
18:58:50 [32mINFO [0m [90msrc/aap2_client.c:418:[0m Bundle sent !
18:58:50 [36mDEBUG[0m [90msrc/aap2_client.c:334:[0m Success
18:58:51 [32mINFO [0m [90msrc/aap2_client.c:418:[0m Bundle sent !
18:58:51 [36mDEBUG[0m [90msrc/aap2_client.c:334:[0m Success
18:58:51 [32mINFO [0m [90msrc/aap2_client.c:418:[0m Bundle sent !
18:58:51 [36mDEBUG[0m [90msrc/aap2_client.c:334:[0m Success
18:58:51 [32mINFO [0m [90msrc/aap2_client.c:418:[0m Bundle sent !
18:58:51 [36mDEBUG[0m [90msrc/aap2_client.c:334:[0m Success
18:58:52 [32mINFO [0m [90msrc/aap2_client.c:418:[0m Bundle sent !
18:58:52 [36mDEBUG[0m [90msrc/aap2_client.c:334:[0m Success
18:58:52 [32mINFO [0m [90msrc/aap2_client.c:418:[0m Bundle sent !
18:58:52 [36mDEBUG[0m [90msrc/aap2_client.c:334:[0m Success
18:58:52 [32mINFO [0m [90msrc/aap2_client.c:418:[0m Bundle sent !
18:58:52 [36mDEBUG[0m [90msrc/aap2_client.c:334:[0m Success
18:58:53 [32mINFO [0m [90msrc/aap2_client.c:418:[0m Bundle sent !
18:58:53 [36mDEBUG[0m [90msrc/aap2_client.c:334:[0m Success
18:58:53 [32mINFO [0m [90msrc/aap2_client.c:418:[0m Bundle sent !
18:58:53 [36mDEBUG[0m [90msrc/aap2_client.c:334:[0m Success
18:58:53 [32mINFO [0m [90msrc/aap2_client.c:418:[0m Bundle sent !
18:58:53 [36mDEBUG[0m [90msrc/aap2_client.c:334:[0m Success
18:58:54 [32mINFO [0m [90msrc/aap2_client.c:418:[0m Bundle sent !
18:58:54 [36mDEBUG[0m [90msrc/aap2_client.c:334:[0m Success
18:58:54 [32mINFO [0m [90msrc/aap2_client.c:418:[0m Bundle sent !
18:58:54 [36mDEBUG[0m [90msrc/aap2_client.c:334:[0m Success
18:58:54 [32mINFO [0m [90msrc/aap2_client.c:418:[0m Bundle sent !
18:58:54 [36mDEBUG[0m [90msrc/aap2_client.c:334:[0m Success
18:58:55 [32mINFO [0m [90msrc/aap2_client.c:418:[0m Bundle sent !
18:58:55 [36mDEBUG[0m [90msrc/aap2_client.c:334:[0m Success
18:58:55 [32mINFO [0m [90msrc/aap2_client.c:418:[0m Bundle sent !
18:58:55 [36mDEBUG[0m [90msrc/aap2_client.c:334:[0m Success
18:58:55 [32mINFO [0m [90msrc/aap2_client.c:418:[0m Bundle sent !
18:58:55 [36mDEBUG[0m [90msrc/aap2_client.c:334:[0m Success
18:58:56 [32mINFO [0m [90msrc/aap2_client.c:418:[0m Bundle sent !
18:58:56 [36mDEBUG[0m [90msrc/aap2_client.c:334:[0m Success
18:58:56 [32mINFO [0m [90msrc/aap2_client.c:418:[0m Bundle sent !
18:58:56 [36mDEBUG[0m [90msrc/aap2_client.c:334:[0m Success
18:58:56 [32mINFO [0m [90msrc/aap2_client.c:418:[0m Bundle sent !
18:58:56 [36mDEBUG[0m [90msrc/aap2_client.c:334:[0m Success
18:58:57 [32mINFO [0m [90msrc/aap2_client.c:418:[0m Bundle sent !
18:58:57 [36mDEBUG[0m [90msrc/aap2_client.c:334:[0m Success
18:58:57 [32mINFO [0m [90msrc/aap2_client.c:418:[0m Bundle sent !
18:58:57 [36mDEBUG[0m [90msrc/aap2_client.c:334:[0m Success
18:58:57 [32mINFO [0m [90msrc/aap2_client.c:418:[0m Bundle sent !
18:58:57 [36mDEBUG[0m [90msrc/aap2_client.c:334:[0m Success
18:58:58 [32mINFO [0m [90msrc/aap2_client.c:418:[0m Bundle sent !
18:58:58 [36mDEBUG[0m [90msrc/aap2_client.c:334:[0m Success
18:58:58 [32mINFO [0m [90msrc/aap2_client.c:418:[0m Bundle sent !
18:58:58 [36mDEBUG[0m [90msrc/aap2_client.c:334:[0m Success
18:58:58 [32mINFO [0m [90msrc/aap2_client.c:418:[0m Bundle sent !
18:58:58 [36mDEBUG[0m [90msrc/aap2_client.c:334:[0m Success
18:58:58 [32mINFO [0m [90msrc/aap2_client.c:418:[0m Bundle sent !
18:58:58 [36mDEBUG[0m [90msrc/aap2_client.c:334:[0m Success
18:58:59 [32mINFO [0m [90msrc/aap2_client.c:418:[0m Bundle sent !
18:58:59 [36mDEBUG[0m [90msrc/aap2_client.c:334:[0m Success
18:58:59 [32mINFO [0m [90msrc/aap2_client.c:418:[0m Bundle sent !
18:58:59 [36mDEBUG[0m [90msrc/aap2_client.c:334:[0m Success
18:58:59 [32mINFO [0m [90msrc/aap2_client.c:418:[0m Bundle sent !
18:58:59 [36mDEBUG[0m [90msrc/aap2_client.c:334:[0m Success
18:59:00 [32mINFO [0m [90msrc/aap2_client.c:418:[0m Bundle sent !
18:59:00 [36mDEBUG[0m [90msrc/aap2_client.c:334:[0m Success
18:59:00 [32mINFO [0m [90msrc/aap2_client.c:418:[0m Bundle sent !
18:59:00 [36mDEBUG[0m [90msrc/aap2_client.c:334:[0m Success
18:59:00 [32mINFO [0m [90msrc/aap2_client.c:418:[0m Bundle sent !
18:59:00 [36mDEBUG[0m [90msrc/aap2_client.c:334:[0m Success
18:59:01 [32mINFO [0m [90msrc/aap2_client.c:418:[0m Bundle sent !
18:59:01 [36mDEBUG[0m [90msrc/aap2_client.c:334:[0m Success
18:59:01 [32mINFO [0m [90msrc/aap2_client.c:418:[0m Bundle sent !
18:59:01 [36mDEBUG[0m [90msrc/aap2_client.c:334:[0m Success
18:59:01 [32mINFO [0m [90msrc/aap2_client.c:418:[0m Bundle sent !
18:59:01 [36mDEBUG[0m [90msrc/aap2_client.c:334:[0m Success
18:59:02 [32mINFO [0m [90msrc/aap2_client.c:418:[0m Bundle sent !
18:59:02 [36mDEBUG[0m [90msrc/aap2_client.c:334:[0m Success
18:59:02 [32mINFO [0m [90msrc/aap2_client.c:418:[0m Bundle sent !
18:59:02 [36mDEBUG[0m [90msrc/aap2_client.c:334:[0m Success
18:59:02 [32mINFO [0m [90msrc/aap2_client.c:418:[0m Bundle sent !
18:59:02 [36mDEBUG[0m [90msrc/aap2_client.c:334:[0m Success
18:59:03 [32mINFO [0m [90msrc/aap2_client.c:418:[0m Bundle sent !
18:59:03 [36mDEBUG[0m [90msrc/aap2_client.c:334:[0m Success
18:59:03 [32mINFO [0m [90msrc/aap2_client.c:418:[0m Bundle sent !
18:59:03 [36mDEBUG[0m [90msrc/aap2_client.c:334:[0m Success
18:59:03 [32mINFO [0m [90msrc/aap2_client.c:418:[0m Bundle sent !
18:59:03 [36mDEBUG[0m [90msrc/aap2_client.c:334:[0m Success
18:59:04 [32mINFO [0m [90msrc/aap2_client.c:418:[0m Bundle sent !
18:59:04 [36mDEBUG[0m [90msrc/aap2_client.c:334:[0m Success
18:59:04 [32mINFO [0m [90msrc/aap2_client.c:418:[0m Bundle sent !
18:59:04 [36mDEBUG[0m [90msrc/aap2_client.c:334:[0m Success
18:59:04 [32mINFO [0m [90msrc/aap2_client.c:418:[0m Bundle sent !
18:59:04 [36mDEBUG[0m [90msrc/aap2_client.c:334:[0m Success
18:59:05 [32mINFO [0m [90msrc/aap2_client.c:418:[0m Bundle sent !
18:59:05 [36mDEBUG[0m [90msrc/aap2_client.c:334:[0m Success
18:59:05 [32mINFO [0m [90msrc/aap2_client.c:418:[0m Bundle sent !
18:59:05 [36mDEBUG[0m [90msrc/aap2_client.c:334:[0m Success
18:59:05 [32mINFO [0m [90msrc/aap2_client.c:418:[0m Bundle sent !
18:59:05 [36mDEBUG[0m [90msrc/aap2_client.c:334:[0m Success
18:59:06 [32mINFO [0m [90msrc/aap2_client.c:418:[0m Bundle sent !
18:59:06 [36mDEBUG[0m [90msrc/aap2_client.c:334:[0m Success
18:59:06 [32mINFO [0m [90msrc/aap2_client.c:418:[0m Bundle sent !
18:59:06 [36mDEBUG[0m [90msrc/aap2_client.c:334:[0m Success
18:59:06 [32mINFO [0m [90msrc/aap2_client.c:418:[0m Bundle sent !
18:59:06 [36mDEBUG[0m [90msrc/aap2_client.c:334:[0m Success
18:59:07 [32mINFO [0m [90msrc/aap2_client.c:418:[0m Bundle sent !
18:59:07 [36mDEBUG[0m [90msrc/aap2_client.c:334:[0m Success
18:59:07 [32mINFO [0m [90msrc/aap2_client.c:418:[0m Bundle sent !
18:59:07 [36mDEBUG[0m [90msrc/aap2_client.c:334:[0m Success
18:59:07 [32mINFO [0m [90msrc/aap2_client.c:418:[0m Bundle sent !
18:59:07 [36mDEBUG[0m [90msrc/aap2_client.c:334:[0m Success
18:59:08 [32mINFO [0m [90msrc/aap2_client.c:418:[0m Bundle sent !
18:59:08 [36mDEBUG[0m [90msrc/aap2_client.c:334:[0m Success
18:59:08 [32mINFO [0m [90msrc/aap2_client.c:418:[0m Bundle sent !
18:59:08 [36mDEBUG[0m [90msrc/aap2_client.c:334:[0m Success
18:59:08 [32mINFO [0m [90msrc/aap2_client.c:418:[0m Bundle sent !
18:59:08 [36mDEBUG[0m [90msrc/aap2_client.c:334:[0m Success
18:59:09 [32mINFO [0m [90msrc/aap2_client.c:418:[0m Bundle sent !
18:59:09 [36mDEBUG[0m [90msrc/aap2_client.c:334:[0m Success
18:59:09 [32mINFO [0m [90msrc/aap2_client.c:418:[0m Bundle sent !
18:59:09 [36mDEBUG[0m [90msrc/aap2_client.c:334:[0m Success
18:59:09 [32mINFO [0m [90msrc/aap2_client.c:418:[0m Bundle sent !
18:59:09 [36mDEBUG[0m [90msrc/aap2_client.c:334:[0m Success
18:59:10 [32mINFO [0m [90msrc/aap2_client.c:418:[0m Bundle sent !
18:59:10 [36mDEBUG[0m [90msrc/aap2_client.c:334:[0m Success
18:59:10 [32mINFO [0m [90msrc/aap2_client.c:418:[0m Bundle sent !
18:59:10 [36mDEBUG[0m [90msrc/aap2_client.c:334:[0m Success
18:59:10 [32mINFO [0m [90msrc/aap2_client.c:418:[0m Bundle sent !
18:59:10 [36mDEBUG[0m [90msrc/aap2_client.c:334:[0m Success
18:59:11 [32mINFO [0m [90msrc/aap2_client.c:418:[0m Bundle sent !
18:59:11 [36mDEBUG[0m [90msrc/aap2_client.c:334:[0m Success
18:59:11 [32mINFO [0m [90msrc/aap2_client.c:418:[0m Bundle sent !
18:59:11 [36mDEBUG[0m [90msrc/aap2_client.c:334:[0m Success
18:59:11 [32mINFO [0m [90msrc/aap2_client.c:418:[0m Bundle sent !
18:59:11 [36mDEBUG[0m [90msrc/aap2_client.c:334:[0m Success
18:59:12 [32mINFO [0m [90msrc/aap2_client.c:418:[0m Bundle sent !
18:59:12 [36mDEBUG[0m [90msrc/aap2_client.c:334:[0m Success
18:59:12 [32mINFO [0m [90msrc/aap2_client.c:418:[0m Bundle sent !
18:59:12 [36mDEBUG[0m [90msrc/aap2_client.c:334:[0m Success
18:59:12 [32mINFO [0m [90msrc/aap2_client.c:418:[0m Bundle sent !
18:59:12 [36mDEBUG[0m [90msrc/aap2_client.c:334:[0m Success
18:59:13 [32mINFO [0m [90msrc/aap2_client.c:418:[0m Bundle sent !
18:59:13 [36mDEBUG[0m [90msrc/aap2_client.c:334:[0m Success
18:59:13 [32mINFO [0m [90msrc/aap2_client.c:418:[0m Bundle sent !
18:59:13 [36mDEBUG[0m [90msrc/aap2_client.c:334:[0m Success
18:59:13 [32mINFO [0m [90msrc/aap2_client.c:418:[0m Bundle sent !
18:59:13 [36mDEBUG[0m [90msrc/aap2_client.c:334:[0m Success
18:59:14 [32mINFO [0m [90msrc/aap2_client.c:418:[0m Bundle sent !
18:59:14 [36mDEBUG[0m [90msrc/aap2_client.c:334:[0m Success
18:59:14 [32mINFO [0m [90msrc/aap2_client.c:418:[0m Bundle sent !
18:59:14 [36mDEBUG[0m [90msrc/aap2_client.c:334:[0m Success
18:59:14 [32mINFO [0m [90msrc/aap2_client.c:418:[0m Bundle sent !
18:59:14 [36mDEBUG[0m [90msrc/aap2_client.c:334:[0m Success
18:59:15 [32mINFO [0m [90msrc/aap2_client.c:418:[0m Bundle sent !
18:59:15 [36mDEBUG[0m [90msrc/aap2_client.c:334:[0m Success
18:59:15 [32mINFO [0m [90msrc/aap2_client.c:418:[0m Bundle sent !
18:59:15 [36mDEBUG[0m [90msrc/aap2_client.c:334:[0m Success
18:59:15 [32mINFO [0m [90msrc/aap2_client.c:418:[0m Bundle sent !
18:59:15 [36mDEBUG[0m [90msrc/aap2_client.c:334:[0m Success
18:59:15 [32mINFO [0m [90msrc/aap2_client.c:418:[0m Bundle sent !
18:59:15 [36mDEBUG[0m [90msrc/aap2_client.c:334:[0m Success
18:59:16 [32mINFO [0m [90msrc/aap2_client.c:418:[0m Bundle sent !
18:59:16 [36mDEBUG[0m [90msrc/aap2_client.c:334:[0m Success
18:59:16 [32mINFO [0m [90msrc/aap2_client.c:418:[0m Bundle sent !
18:59:16 [36mDEBUG[0m [90msrc/aap2_client.c:334:[0m Success
18:59:16 [32mINFO [0m [90msrc/aap2_client.c:418:[0m Bundle sent !
18:59:16 [36mDEBUG[0m [90msrc/aap2_client.c:334:[0m Success
18:59:17 [32mINFO [0m [90msrc/aap2_client.c:418:[0m Bundle sent !
18:59:17 [36mDEBUG[0m [90msrc/aap2_client.c:334:[0m Success
18:59:17 [32mINFO [0m [90msrc/aap2_client.c:418:[0m Bundle sent !
18:59:17 [36mDEBUG[0m [90msrc/aap2_client.c:334:[0m Success
18:59:17 [32mINFO [0m [90msrc/aap2_client.c:418:[0m Bundle sent !
18:59:17 [36mDEBUG[0m [90msrc/aap2_client.c:334:[0m Success
18:59:18 [32mINFO [0m [90msrc/aap2_client.c:418:[0m Bundle sent !
18:59:18 [36mDEBUG[0m [90msrc/aap2_client.c:334:[0m Success
18:59:18 [32mINFO [0m [90msrc/aap2_client.c:418:[0m Bundle sent !
18:59:18 [36mDEBUG[0m [90msrc/aap2_client.c:334:[0m Success
18:59:18 [32mINFO [0m [90msrc/aap2_client.c:418:[0m Bundle sent !
18:59:18 [36mDEBUG[0m [90msrc/aap2_client.c:334:[0m Success
18:59:19 [32mINFO [0m [90msrc/aap2_client.c:418:[0m Bundle sent !
18:59:19 [36mDEBUG[0m [90msrc/aap2_client.c:334:[0m Success
18:59:19 [32mINFO [0m [90msrc/aap2_client.c:418:[0m Bundle sent !
18:59:19 [36mDEBUG[0m [90msrc/aap2_client.c:334:[0m Success
18:59:19 [32mINFO [0m [90msrc/aap2_client.c:418:[0m Bundle sent !
18:59:19 [36mDEBUG[0m [90msrc/aap2_client.c:334:[0m Success
18:59:20 [32mINFO [0m [90msrc/aap2_client.c:418:[0m Bundle sent !
18:59:20 [36mDEBUG[0m [90msrc/aap2_client.c:334:[0m Success
18:59:20 [32mINFO [0m [90msrc/aap2_client.c:418:[0m Bundle sent !
18:59:20 [36mDEBUG[0m [90msrc/aap2_client.c:334:[0m Success
18:59:20 [32mINFO [0m [90msrc/aap2_client.c:418:[0m Bundle sent !
18:59:20 [36mDEBUG[0m [90msrc/aap2_client.c:334:[0m Success
18:59:21 [32mINFO [0m [90msrc/aap2_client.c:418:[0m Bundle sent !
18:59:21 [36mDEBUG[0m [90msrc/aap2_client.c:334:[0m Success
18:59:21 [32mINFO [0m [90msrc/aap2_client.c:418:[0m Bundle sent !
18:59:21 [36mDEBUG[0m [90msrc/aap2_client.c:334:[0m Success
18:59:21 [32mINFO [0m [90msrc/aap2_client.c:418:[0m Bundle sent !
18:59:21 [36mDEBUG[0m [90msrc/aap2_client.c:334:[0m Success
18:59:22 [32mINFO [0m [90msrc/aap2_client.c:418:[0m Bundle sent !
18:59:22 [36mDEBUG[0m [90msrc/aap2_client.c:334:[0m Success
18:59:22 [32mINFO [0m [90msrc/aap2_client.c:418:[0m Bundle sent !
18:59:22 [36mDEBUG[0m [90msrc/aap2_client.c:334:[0m Success
18:59:22 [32mINFO [0m [90msrc/aap2_client.c:418:[0m Bundle sent !
18:59:22 [36mDEBUG[0m [90msrc/aap2_client.c:334:[0m Success
18:59:23 [32mINFO [0m [90msrc/aap2_client.c:418:[0m Bundle sent !
18:59:23 [36mDEBUG[0m [90msrc/aap2_client.c:334:[0m Success
18:59:23 [32mINFO [0m [90msrc/aap2_client.c:418:[0m Bundle sent !
18:59:23 [36mDEBUG[0m [90msrc/aap2_client.c:334:[0m Success
18:59:23 [32mINFO [0m [90msrc/aap2_client.c:418:[0m Bundle sent !
18:59:23 [36mDEBUG[0m [90msrc/aap2_client.c:334:[0m Success
18:59:24 [32mINFO [0m [90msrc/aap2_client.c:418:[0m Bundle sent !
18:59:24 [36mDEBUG[0m [90msrc/aap2_client.c:334:[0m Success
18:59:24 [32mINFO [0m [90msrc/aap2_client.c:418:[0m Bundle sent !
18:59:24 [36mDEBUG[0m [90msrc/aap2_client.c:334:[0m Success
18:59:24 [32mINFO [0m [90msrc/aap2_client.c:418:[0m Bundle sent !
18:59:24 [36mDEBUG[0m [90msrc/aap2_client.c:334:[0m Success
18:59:25 [32mINFO [0m [90msrc/aap2_client.c:418:[0m Bundle sent !
18:59:25 [36mDEBUG[0m [90msrc/aap2_client.c:334:[0m Success
18:59:25 [32mINFO [0m [90msrc/aap2_client.c:418:[0m Bundle sent !
18:59:25 [36mDEBUG[0m [90msrc/aap2_client.c:334:[0m Success
18:59:25 [32mINFO [0m [90msrc/aap2_client.c:418:[0m Bundle sent !
18:59:25 [36mDEBUG[0m [90msrc/aap2_client.c:334:[0m Success
18:59:26 [32mINFO [0m [90msrc/aap2_client.c:418:[0m Bundle sent !
18:59:26 [36mDEBUG[0m [90msrc/aap2_client.c:334:[0m Success
18:59:26 [32mINFO [0m [90msrc/aap2_client.c:418:[0m Bundle sent !
18:59:26 [36mDEBUG[0m [90msrc/aap2_client.c:334:[0m Success
18:59:26 [32mINFO [0m [90msrc/aap2_client.c:418:[0m Bundle sent !
18:59:26 [36mDEBUG[0m [90msrc/aap2_client.c:334:[0m Success
18:59:27 [32mINFO [0m [90msrc/aap2_client.c:418:[0m Bundle sent !
18:59:27 [36mDEBUG[0m [90msrc/aap2_client.c:334:[0m Success
18:59:27 [32mINFO [0m [90msrc/aap2_client.c:418:[0m Bundle sent !
18:59:27 [36mDEBUG[0m [90msrc/aap2_client.c:334:[0m Success
18:59:27 [32mINFO [0m [90msrc/aap2_client.c:418:[0m Bundle sent !
18:59:27 [36mDEBUG[0m [90msrc/aap2_client.c:334:[0m Success
18:59:28 [32mINFO [0m [90msrc/aap2_client.c:418:[0m Bundle sent !
18:59:28 [36mDEBUG[0m [90msrc/aap2_client.c:334:[0m Success
18:59:28 [32mINFO [0m [90msrc/aap2_client.c:418:[0m Bundle sent !
18:59:28 [36mDEBUG[0m [90msrc/aap2_client.c:334:[0m Success
18:59:28 [32mINFO [0m [90msrc/aap2_client.c:418:[0m Bundle sent !
18:59:28 [36mDEBUG[0m [90msrc/aap2_client.c:334:[0m Success
18:59:29 [32mINFO [0m [90msrc/aap2_client.c:418:[0m Bundle sent !
18:59:29 [36mDEBUG[0m [90msrc/aap2_client.c:334:[0m Success
18:59:29 [32mINFO [0m [90msrc/aap2_client.c:418:[0m Bundle sent !
18:59:29 [36mDEBUG[0m [90msrc/aap2_client.c:334:[0m Success
18:59:29 [32mINFO [0m [90msrc/aap2_client.c:418:[0m Bundle sent !
18:59:29 [36mDEBUG[0m [90msrc/aap2_client.c:334:[0m Success
18:59:30 [32mINFO [0m [90msrc/aap2_client.c:418:[0m Bundle sent !
18:59:30 [36mDEBUG[0m [90msrc/aap2_client.c:334:[0m Success
18:59:30 [32mINFO [0m [90msrc/aap2_client.c:418:[0m Bundle sent !
18:59:30 [36mDEBUG[0m [90msrc/aap2_client.c:334:[0m Success
18:59:30 [32mINFO [0m [90msrc/aap2_client.c:418:[0m Bundle sent !
18:59:30 [36mDEBUG[0m [90msrc/aap2_client.c:334:[0m Success
18:59:30 [32mINFO [0m [90msrc/aap2_client.c:418:[0m Bundle sent !
18:59:30 [36mDEBUG[0m [90msrc/aap2_client.c:334:[0m Success
18:59:31 [32mINFO [0m [90msrc/aap2_client.c:418:[0m Bundle sent !
18:59:31 [36mDEBUG[0m [90msrc/aap2_client.c:334:[0m Success
18:59:31 [32mINFO [0m [90msrc/aap2_client.c:418:[0m Bundle sent !
18:59:31 [36mDEBUG[0m [90msrc/aap2_client.c:334:[0m Success
18:59:31 [32mINFO [0m [90msrc/aap2_client.c:418:[0m Bundle sent !
18:59:31 [36mDEBUG[0m [90msrc/aap2_client.c:334:[0m Success
18:59:32 [32mINFO [0m [90msrc/aap2_client.c:418:[0m Bundle sent !
18:59:32 [36mDEBUG[0m [90msrc/aap2_client.c:334:[0m Success
18:59:32 [32mINFO [0m [90msrc/aap2_client.c:418:[0m Bundle sent !
18:59:32 [36mDEBUG[0m [90msrc/aap2_client.c:334:[0m Success
18:59:32 [32mINFO [0m [90msrc/aap2_client.c:418:[0m Bundle sent !
18:59:32 [36mDEBUG[0m [90msrc/aap2_client.c:334:[0m Success
18:59:33 [32mINFO [0m [90msrc/aap2_client.c:418:[0m Bundle sent !
18:59:33 [36mDEBUG[0m [90msrc/aap2_client.c:334:[0m Success
18:59:33 [32mINFO [0m [90msrc/aap2_client.c:418:[0m Bundle sent !
18:59:33 [36mDEBUG[0m [90msrc/aap2_client.c:334:[0m Success
18:59:33 [32mINFO [0m [90msrc/aap2_client.c:418:[0m Bundle sent !
18:59:33 [36mDEBUG[0m [90msrc/aap2_client.c:334:[0m Success
18:59:34 [32mINFO [0m [90msrc/aap2_client.c:418:[0m Bundle sent !
18:59:34 [36mDEBUG[0m [90msrc/aap2_client.c:334:[0m Success
18:59:34 [32mINFO [0m [90msrc/aap2_client.c:418:[0m Bundle sent !
18:59:34 [36mDEBUG[0m [90msrc/aap2_client.c:334:[0m Success
18:59:34 [32mINFO [0m [90msrc/aap2_client.c:418:[0m Bundle sent !
18:59:34 [36mDEBUG[0m [90msrc/aap2_client.c:334:[0m Success
18:59:35 [32mINFO [0m [90msrc/aap2_client.c:418:[0m Bundle sent !
18:59:35 [36mDEBUG[0m [90msrc/aap2_client.c:334:[0m Success
18:59:35 [32mINFO [0m [90msrc/aap2_client.c:418:[0m Bundle sent !
18:59:35 [36mDEBUG[0m [90msrc/aap2_client.c:334:[0m Success
18:59:35 [32mINFO [0m [90msrc/aap2_client.c:418:[0m Bundle sent !
18:59:35 [36mDEBUG[0m [90msrc/aap2_client.c:334:[0m Success
18:59:36 [32mINFO [0m [90msrc/aap2_client.c:418:[0m Bundle sent !
18:59:36 [36mDEBUG[0m [90msrc/aap2_client.c:334:[0m Success
18:59:36 [32mINFO [0m [90msrc/aap2_client.c:418:[0m Bundle sent !
18:59:36 [36mDEBUG[0m [90msrc/aap2_client.c:334:[0m Success
18:59:36 [32mINFO [0m [90msrc/aap2_client.c:418:[0m Bundle sent !
18:59:36 [36mDEBUG[0m [90msrc/aap2_client.c:334:[0m Success
18:59:37 [32mINFO [0m [90msrc/aap2_client.c:418:[0m Bundle sent !
18:59:37 [36mDEBUG[0m [90msrc/aap2_client.c:334:[0m Success
19:03:18 [32mINFO [0m [90msrc/aap2_client.c:418:[0m Bundle sent !
19:03:18 [36mDEBUG[0m [90msrc/aap2_client.c:334:[0m Success
19:03:18 [32mINFO [0m [90msrc/aap2_client.c:418:[0m Bundle sent !
19:03:18 [36mDEBUG[0m [90msrc/aap2_client.c:334:[0m Success
19:03:18 [32mINFO [0m [90msrc/aap2_client.c:418:[0m Bundle sent !
19:03:18 [36mDEBUG[0m [90msrc/aap2_client.c:334:[0m Success
19:03:18 [32mINFO [0m [90msrc/aap2_client.c:418:[0m Bundle sent !
19:03:18 [36mDEBUG[0m [90msrc/aap2_client.c:334:[0m Success
19:03:18 [32mINFO [0m [90msrc/aap2_client.c:418:[0m Bundle sent !
19:03:18 [36mDEBUG[0m [90msrc/aap2_client.c:334:[0m Success
19:03:18 [32mINFO [0m [90msrc/aap2_client.c:418:[0m Bundle sent !
19:03:18 [36mDEBUG[0m [90msrc/aap2_client.c:334:[0m Success
19:03:18 [32mINFO [0m [90msrc/aap2_client.c:418:[0m Bundle sent !
19:03:18 [36mDEBUG[0m [90msrc/aap2_client.c:334:[0m Success
19:03:18 [32mINFO [0m [90msrc/aap2_client.c:418:[0m Bundle sent !
19:03:18 [36mDEBUG[0m [90msrc/aap2_client.c:334:[0m Success
19:03:18 [32mINFO [0m [90msrc/aap2_client.c:418:[0m Bundle sent !
19:03:18 [36mDEBUG[0m [90msrc/aap2_client.c:334:[0m Success
19:03:18 [32mINFO [0m [90msrc/aap2_client.c:418:[0m Bundle sent !
19:03:18 [36mDEBUG[0m [90msrc/aap2_client.c:334:[0m Success
19:03:19 [32mINFO [0m [90msrc/aap2_client.c:418:[0m Bundle sent !
19:03:19 [36mDEBUG[0m [90msrc/aap2_client.c:334:[0m Success
19:03:19 [32mINFO [0m [90msrc/aap2_client.c:418:[0m Bundle sent !
19:03:19 [36mDEBUG[0m [90msrc/aap2_client.c:334:[0m Success
19:03:19 [32mINFO [0m [90msrc/aap2_client.c:418:[0m Bundle sent !
19:03:19 [36mDEBUG[0m [90msrc/aap2_client.c:334:[0m Success
19:03:19 [32mINFO [0m [90msrc/aap2_client.c:418:[0m Bundle sent !
19:03:19 [36mDEBUG[0m [90msrc/aap2_client.c:334:[0m Success
19:03:19 [32mINFO [0m [90msrc/aap2_client.c:418:[0m Bundle sent !
19:03:19 [36mDEBUG[0m [90msrc/aap2_client.c:334:[0m Success
19:03:19 [32mINFO [0m [90msrc/aap2_client.c:418:[0m Bundle sent !
19:03:19 [36mDEBUG[0m [90msrc/aap2_client.c:334:[0m Success
19:03:19 [32mINFO [0m [90msrc/aap2_client.c:418:[0m Bundle sent !
19:03:19 [36mDEBUG[0m [90msrc/aap2_client.c:334:[0m Success
19:03:19 [32mINFO [0m [90msrc/aap2_client.c:418:[0m Bundle sent !
19:03:19 [36mDEBUG[0m [90msrc/aap2_client.c:334:[0m Success
19:03:19 [32mINFO [0m [90msrc/aap2_client.c:418:[0m Bundle sent !
19:03:19 [36mDEBUG[0m [90msrc/aap2_client.c:334:[0m Success
19:03:19 [32mINFO [0m [90msrc/aap2_client.c:418:[0m Bundle sent !
19:03:19 [36mDEBUG[0m [90msrc/aap2_client.c:334:[0m Success
19:03:20 [32mINFO [0m [90msrc/aap2_client.c:418:[0m Bundle sent !
19:03:20 [36mDEBUG[0m [90msrc/aap2_client.c:334:[0m Success
19:03:20 [32mINFO [0m [90msrc/aap2_client.c:418:[0m Bundle sent !
19:03:20 [36mDEBUG[0m [90msrc/aap2_client.c:334:[0m Success
19:03:20 [32mINFO [0m [90msrc/aap2_client.c:418:[0m Bundle sent !
19:03:20 [36mDEBUG[0m [90msrc/aap2_client.c:334:[0m Success
19:03:20 [32mINFO [0m [90msrc/aap2_client.c:418:[0m Bundle sent !
19:03:20 [36mDEBUG[0m [90msrc/aap2_client.c:334:[0m Success
19:03:20 [32mINFO [0m [90msrc/aap2_client.c:418:[0m Bundle sent !
19:03:20 [36mDEBUG[0m [90msrc/aap2_client.c:334:[0m Success
19:03:20 [32mINFO [0m [90msrc/aap2_client.c:418:[0m Bundle sent !
19:03:20 [36mDEBUG[0m [90msrc/aap2_client.c:334:[0m Success
19:03:20 [32mINFO [0m [90msrc/aap2_client.c:418:[0m Bundle sent !
19:03:20 [36mDEBUG[0m [90msrc/aap2_client.c:334:[0m Success
19:03:20 [32mINFO [0m [90msrc/aap2_client.c:418:[0m Bundle sent !
19:03:20 [36mDEBUG[0m [90msrc/aap2_client.c:334:[0m Success
19:03:20 [32mINFO [0m [90msrc/aap2_client.c:418:[0m Bundle sent !
19:03:20 [36mDEBUG[0m [90msrc/aap2_client.c:334:[0m Success
19:03:20 [32mINFO [0m [90msrc/aap2_client.c:418:[0m Bundle sent !
19:03:20 [36mDEBUG[0m [90msrc/aap2_client.c:334:[0m Success
19:03:22 [32mINFO [0m [90msrc/aap2_client.c:418:[0m Bundle sent !
19:03:22 [36mDEBUG[0m [90msrc/aap2_client.c:334:[0m Success
19:03:22 [32mINFO [0m [90msrc/aap2_client.c:418:[0m Bundle sent !
19:03:22 [36mDEBUG[0m [90msrc/aap2_client.c:334:[0m Success
19:03:22 [32mINFO [0m [90msrc/aap2_client.c:418:[0m Bundle sent !
19:03:22 [36mDEBUG[0m [90msrc/aap2_client.c:334:[0m Success
19:03:22 [32mINFO [0m [90msrc/aap2_client.c:418:[0m Bundle sent !
19:03:22 [36mDEBUG[0m [90msrc/aap2_client.c:334:[0m Success
19:03:22 [32mINFO [0m [90msrc/aap2_client.c:418:[0m Bundle sent !
19:03:22 [36mDEBUG[0m [90msrc/aap2_client.c:334:[0m Success
19:03:22 [32mINFO [0m [90msrc/aap2_client.c:418:[0m Bundle sent !
19:03:22 [36mDEBUG[0m [90msrc/aap2_client.c:334:[0m Success
19:03:22 [32mINFO [0m [90msrc/aap2_client.c:418:[0m Bundle sent !
19:03:22 [36mDEBUG[0m [90msrc/aap2_client.c:334:[0m Success
19:03:22 [32mINFO [0m [90msrc/aap2_client.c:418:[0m Bundle sent !
19:03:22 [36mDEBUG[0m [90msrc/aap2_client.c:334:[0m Success
19:03:22 [32mINFO [0m [90msrc/aap2_client.c:418:[0m Bundle sent !
19:03:22 [36mDEBUG[0m [90msrc/aap2_client.c:334:[0m Success
19:03:22 [32mINFO [0m [90msrc/aap2_client.c:418:[0m Bundle sent !
19:03:22 [36mDEBUG[0m [90msrc/aap2_client.c:334:[0m Success
19:03:23 [32mINFO [0m [90msrc/aap2_client.c:418:[0m Bundle sent !
19:03:23 [36mDEBUG[0m [90msrc/aap2_client.c:334:[0m Success
19:03:23 [32mINFO [0m [90msrc/aap2_client.c:418:[0m Bundle sent !
19:03:23 [36mDEBUG[0m [90msrc/aap2_client.c:334:[0m Success
19:03:23 [32mINFO [0m [90msrc/aap2_client.c:418:[0m Bundle sent !
19:03:23 [36mDEBUG[0m [90msrc/aap2_client.c:334:[0m Success
19:03:23 [32mINFO [0m [90msrc/aap2_client.c:418:[0m Bundle sent !
19:03:23 [36mDEBUG[0m [90msrc/aap2_client.c:334:[0m Success
19:03:23 [32mINFO [0m [90msrc/aap2_client.c:418:[0m Bundle sent !
19:03:23 [36mDEBUG[0m [90msrc/aap2_client.c:334:[0m Success
19:03:23 [32mINFO [0m [90msrc/aap2_client.c:418:[0m Bundle sent !
19:03:23 [36mDEBUG[0m [90msrc/aap2_client.c:334:[0m Success
19:03:23 [32mINFO [0m [90msrc/aap2_client.c:418:[0m Bundle sent !
19:03:23 [36mDEBUG[0m [90msrc/aap2_client.c:334:[0m Success
19:03:23 [32mINFO [0m [90msrc/aap2_client.c:418:[0m Bundle sent !
19:03:23 [36mDEBUG[0m [90msrc/aap2_client.c:334:[0m Success
19:03:23 [32mINFO [0m [90msrc/aap2_client.c:418:[0m Bundle sent !
19:03:23 [36mDEBUG[0m [90msrc/aap2_client.c:334:[0m Success
19:03:23 [32mINFO [0m [90msrc/aap2_client.c:418:[0m Bundle sent !
19:03:23 [36mDEBUG[0m [90msrc/aap2_client.c:334:[0m Success
19:03:25 [32mINFO [0m [90msrc/aap2_client.c:418:[0m Bundle sent !
19:03:25 [36mDEBUG[0m [90msrc/aap2_client.c:334:[0m Success
19:03:25 [32mINFO [0m [90msrc/aap2_client.c:418:[0m Bundle sent !
19:03:25 [36mDEBUG[0m [90msrc/aap2_client.c:334:[0m Success
19:03:25 [32mINFO [0m [90msrc/aap2_client.c:418:[0m Bundle sent !
19:03:25 [36mDEBUG[0m [90msrc/aap2_client.c:334:[0m Success
19:03:25 [32mINFO [0m [90msrc/aap2_client.c:418:[0m Bundle sent !
19:03:25 [36mDEBUG[0m [90msrc/aap2_client.c:334:[0m Success
19:03:25 [32mINFO [0m [90msrc/aap2_client.c:418:[0m Bundle sent !
19:03:25 [36mDEBUG[0m [90msrc/aap2_client.c:334:[0m Success
19:03:25 [32mINFO [0m [90msrc/aap2_client.c:418:[0m Bundle sent !
19:03:25 [36mDEBUG[0m [90msrc/aap2_client.c:334:[0m Success
19:03:25 [32mINFO [0m [90msrc/aap2_client.c:418:[0m Bundle sent !
19:03:25 [36mDEBUG[0m [90msrc/aap2_client.c:334:[0m Success
19:03:25 [32mINFO [0m [90msrc/aap2_client.c:418:[0m Bundle sent !
19:03:25 [36mDEBUG[0m [90msrc/aap2_client.c:334:[0m Success
19:03:25 [32mINFO [0m [90msrc/aap2_client.c:418:[0m Bundle sent !
19:03:25 [36mDEBUG[0m [90msrc/aap2_client.c:334:[0m Success
19:03:25 [32mINFO [0m [90msrc/aap2_client.c:418:[0m Bundle sent !
19:03:25 [36mDEBUG[0m [90msrc/aap2_client.c:334:[0m Success
19:03:27 [32mINFO [0m [90msrc/aap2_client.c:418:[0m Bundle sent !
19:03:27 [36mDEBUG[0m [90msrc/aap2_client.c:334:[0m Success
19:03:27 [32mINFO [0m [90msrc/aap2_client.c:418:[0m Bundle sent !
19:03:27 [36mDEBUG[0m [90msrc/aap2_client.c:334:[0m Success
19:03:27 [32mINFO [0m [90msrc/aap2_client.c:418:[0m Bundle sent !
19:03:27 [36mDEBUG[0m [90msrc/aap2_client.c:334:[0m Success
19:03:27 [32mINFO [0m [90msrc/aap2_client.c:418:[0m Bundle sent !
19:03:27 [36mDEBUG[0m [90msrc/aap2_client.c:334:[0m Success
19:03:27 [32mINFO [0m [90msrc/aap2_client.c:418:[0m Bundle sent !
19:03:27 [36mDEBUG[0m [90msrc/aap2_client.c:334:[0m Success
19:03:27 [32mINFO [0m [90msrc/aap2_client.c:418:[0m Bundle sent !
19:03:27 [36mDEBUG[0m [90msrc/aap2_client.c:334:[0m Success
19:03:27 [32mINFO [0m [90msrc/aap2_client.c:418:[0m Bundle sent !
19:03:27 [36mDEBUG[0m [90msrc/aap2_client.c:334:[0m Success
19:03:27 [32mINFO [0m [90msrc/aap2_client.c:418:[0m Bundle sent !
19:03:27 [36mDEBUG[0m [90msrc/aap2_client.c:334:[0m Success
19:03:27 [32mINFO [0m [90msrc/aap2_client.c:418:[0m Bundle sent !
19:03:27 [36mDEBUG[0m [90msrc/aap2_client.c:334:[0m Success
19:03:27 [32mINFO [0m [90msrc/aap2_client.c:418:[0m Bundle sent !
19:03:27 [36mDEBUG[0m [90msrc/aap2_client.c:334:[0m Success
19:03:28 [32mINFO [0m [90msrc/aap2_client.c:418:[0m Bundle sent !
19:03:28 [36mDEBUG[0m [90msrc/aap2_client.c:334:[0m Success
19:03:28 [32mINFO [0m [90msrc/aap2_client.c:418:[0m Bundle sent !
19:03:28 [36mDEBUG[0m [90msrc/aap2_client.c:334:[0m Success
19:03:28 [32mINFO [0m [90msrc/aap2_client.c:418:[0m Bundle sent !
19:03:28 [36mDEBUG[0m [90msrc/aap2_client.c:334:[0m Success
19:03:28 [32mINFO [0m [90msrc/aap2_client.c:418:[0m Bundle sent !
19:03:28 [36mDEBUG[0m [90msrc/aap2_client.c:334:[0m Success
19:03:28 [32mINFO [0m [90msrc/aap2_client.c:418:[0m Bundle sent !
19:03:28 [36mDEBUG[0m [90msrc/aap2_client.c:334:[0m Success
19:03:28 [32mINFO [0m [90msrc/aap2_client.c:418:[0m Bundle sent !
19:03:28 [36mDEBUG[0m [90msrc/aap2_client.c:334:[0m Success
19:03:28 [32mINFO [0m [90msrc/aap2_client.c:418:[0m Bundle sent !
19:03:28 [36mDEBUG[0m [90msrc/aap2_client.c:334:[0m Success
19:03:28 [32mINFO [0m [90msrc/aap2_client.c:418:[0m Bundle sent !
19:03:28 [36mDEBUG[0m [90msrc/aap2_client.c:334:[0m Success
19:03:28 [32mINFO [0m [90msrc/aap2_client.c:418:[0m Bundle sent !
19:03:28 [36mDEBUG[0m [90msrc/aap2_client.c:334:[0m Success
19:03:28 [32mINFO [0m [90msrc/aap2_client.c:418:[0m Bundle sent !
19:03:28 [36mDEBUG[0m [90msrc/aap2_client.c:334:[0m Success
19:03:30 [32mINFO [0m [90msrc/aap2_client.c:418:[0m Bundle sent !
19:03:30 [36mDEBUG[0m [90msrc/aap2_client.c:334:[0m Success
19:03:30 [32mINFO [0m [90msrc/aap2_client.c:418:[0m Bundle sent !
19:03:30 [36mDEBUG[0m [90msrc/aap2_client.c:334:[0m Success
19:03:30 [32mINFO [0m [90msrc/aap2_client.c:418:[0m Bundle sent !
19:03:30 [36mDEBUG[0m [90msrc/aap2_client.c:334:[0m Success
19:03:30 [32mINFO [0m [90msrc/aap2_client.c:418:[0m Bundle sent !
19:03:30 [36mDEBUG[0m [90msrc/aap2_client.c:334:[0m Success
19:03:30 [32mINFO [0m [90msrc/aap2_client.c:418:[0m Bundle sent !
19:03:30 [36mDEBUG[0m [90msrc/aap2_client.c:334:[0m Success
19:03:30 [32mINFO [0m [90msrc/aap2_client.c:418:[0m Bundle sent !
19:03:30 [36mDEBUG[0m [90msrc/aap2_client.c:334:[0m Success
19:03:30 [32mINFO [0m [90msrc/aap2_client.c:418:[0m Bundle sent !
19:03:30 [36mDEBUG[0m [90msrc/aap2_client.c:334:[0m Success
19:03:30 [32mINFO [0m [90msrc/aap2_client.c:418:[0m Bundle sent !
19:03:30 [36mDEBUG[0m [90msrc/aap2_client.c:334:[0m Success
19:03:30 [32mINFO [0m [90msrc/aap2_client.c:418:[0m Bundle sent !
19:03:30 [36mDEBUG[0m [90msrc/aap2_client.c:334:[0m Success
19:03:30 [32mINFO [0m [90msrc/aap2_client.c:418:[0m Bundle sent !
19:03:30 [36mDEBUG[0m [90msrc/aap2_client.c:334:[0m Success
19:03:31 [32mINFO [0m [90msrc/aap2_client.c:418:[0m Bundle sent !
19:03:31 [36mDEBUG[0m [90msrc/aap2_client.c:334:[0m Success
19:03:31 [32mINFO [0m [90msrc/aap2_client.c:418:[0m Bundle sent !
19:03:31 [36mDEBUG[0m [90msrc/aap2_client.c:334:[0m Success
19:03:31 [32mINFO [0m [90msrc/aap2_client.c:418:[0m Bundle sent !
19:03:31 [36mDEBUG[0m [90msrc/aap2_client.c:334:[0m Success
19:03:31 [32mINFO [0m [90msrc/aap2_client.c:418:[0m Bundle sent !
19:03:31 [36mDEBUG[0m [90msrc/aap2_client.c:334:[0m Success
19:03:31 [32mINFO [0m [90msrc/aap2_client.c:418:[0m Bundle sent !
19:03:31 [36mDEBUG[0m [90msrc/aap2_client.c:334:[0m Success
19:03:31 [32mINFO [0m [90msrc/aap2_client.c:418:[0m Bundle sent !
19:03:31 [36mDEBUG[0m [90msrc/aap2_client.c:334:[0m Success
19:03:31 [32mINFO [0m [90msrc/aap2_client.c:418:[0m Bundle sent !
19:03:31 [36mDEBUG[0m [90msrc/aap2_client.c:334:[0m Success
19:03:31 [32mINFO [0m [90msrc/aap2_client.c:418:[0m Bundle sent !
19:03:31 [36mDEBUG[0m [90msrc/aap2_client.c:334:[0m Success
19:03:31 [32mINFO [0m [90msrc/aap2_client.c:418:[0m Bundle sent !
19:03:31 [36mDEBUG[0m [90msrc/aap2_client.c:334:[0m Success
19:03:31 [32mINFO [0m [90msrc/aap2_client.c:418:[0m Bundle sent !
19:03:31 [36mDEBUG[0m [90msrc/aap2_client.c:334:[0m Success
19:03:33 [32mINFO [0m [90msrc/aap2_client.c:418:[0m Bundle sent !
19:03:33 [36mDEBUG[0m [90msrc/aap2_client.c:334:[0m Success
19:03:33 [32mINFO [0m [90msrc/aap2_client.c:418:[0m Bundle sent !
19:03:33 [36mDEBUG[0m [90msrc/aap2_client.c:334:[0m Success
19:03:33 [32mINFO [0m [90msrc/aap2_client.c:418:[0m Bundle sent !
19:03:33 [36mDEBUG[0m [90msrc/aap2_client.c:334:[0m Success
19:03:33 [32mINFO [0m [90msrc/aap2_client.c:418:[0m Bundle sent !
19:03:33 [36mDEBUG[0m [90msrc/aap2_client.c:334:[0m Success
19:03:33 [32mINFO [0m [90msrc/aap2_client.c:418:[0m Bundle sent !
19:03:33 [36mDEBUG[0m [90msrc/aap2_client.c:334:[0m Success
19:03:33 [32mINFO [0m [90msrc/aap2_client.c:418:[0m Bundle sent !
19:03:33 [36mDEBUG[0m [90msrc/aap2_client.c:334:[0m Success
19:03:33 [32mINFO [0m [90msrc/aap2_client.c:418:[0m Bundle sent !
19:03:33 [36mDEBUG[0m [90msrc/aap2_client.c:334:[0m Success
19:03:33 [32mINFO [0m [90msrc/aap2_client.c:418:[0m Bundle sent !
19:03:33 [36mDEBUG[0m [90msrc/aap2_client.c:334:[0m Success
19:03:33 [32mINFO [0m [90msrc/aap2_client.c:418:[0m Bundle sent !
19:03:33 [36mDEBUG[0m [90msrc/aap2_client.c:334:[0m Success
19:03:33 [32mINFO [0m [90msrc/aap2_client.c:418:[0m Bundle sent !
19:03:33 [36mDEBUG[0m [90msrc/aap2_client.c:334:[0m Success
19:03:34 [32mINFO [0m [90msrc/aap2_client.c:418:[0m Bundle sent !
19:03:34 [36mDEBUG[0m [90msrc/aap2_client.c:334:[0m Success
19:03:34 [32mINFO [0m [90msrc/aap2_client.c:418:[0m Bundle sent !
19:03:34 [36mDEBUG[0m [90msrc/aap2_client.c:334:[0m Success
19:03:34 [32mINFO [0m [90msrc/aap2_client.c:418:[0m Bundle sent !
19:03:34 [36mDEBUG[0m [90msrc/aap2_client.c:334:[0m Success
19:03:34 [32mINFO [0m [90msrc/aap2_client.c:418:[0m Bundle sent !
19:03:34 [36mDEBUG[0m [90msrc/aap2_client.c:334:[0m Success
19:03:34 [32mINFO [0m [90msrc/aap2_client.c:418:[0m Bundle sent !
19:03:34 [36mDEBUG[0m [90msrc/aap2_client.c:334:[0m Success
19:03:34 [32mINFO [0m [90msrc/aap2_client.c:418:[0m Bundle sent !
19:03:34 [36mDEBUG[0m [90msrc/aap2_client.c:334:[0m Success
19:03:34 [32mINFO [0m [90msrc/aap2_client.c:418:[0m Bundle sent !
19:03:34 [36mDEBUG[0m [90msrc/aap2_client.c:334:[0m Success
19:03:34 [32mINFO [0m [90msrc/aap2_client.c:418:[0m Bundle sent !
19:03:34 [36mDEBUG[0m [90msrc/aap2_client.c:334:[0m Success
19:03:34 [32mINFO [0m [90msrc/aap2_client.c:418:[0m Bundle sent !
19:03:34 [36mDEBUG[0m [90msrc/aap2_client.c:334:[0m Success
19:03:34 [32mINFO [0m [90msrc/aap2_client.c:418:[0m Bundle sent !
19:03:34 [36mDEBUG[0m [90msrc/aap2_client.c:334:[0m Success
19:03:36 [32mINFO [0m [90msrc/aap2_client.c:418:[0m Bundle sent !
19:03:36 [36mDEBUG[0m [90msrc/aap2_client.c:334:[0m Success
19:03:36 [32mINFO [0m [90msrc/aap2_client.c:418:[0m Bundle sent !
19:03:36 [36mDEBUG[0m [90msrc/aap2_client.c:334:[0m Success
19:03:36 [32mINFO [0m [90msrc/aap2_client.c:418:[0m Bundle sent !
19:03:36 [36mDEBUG[0m [90msrc/aap2_client.c:334:[0m Success
19:03:36 [32mINFO [0m [90msrc/aap2_client.c:418:[0m Bundle sent !
19:03:36 [36mDEBUG[0m [90msrc/aap2_client.c:334:[0m Success
19:03:36 [32mINFO [0m [90msrc/aap2_client.c:418:[0m Bundle sent !
19:03:36 [36mDEBUG[0m [90msrc/aap2_client.c:334:[0m Success
19:03:36 [32mINFO [0m [90msrc/aap2_client.c:418:[0m Bundle sent !
19:03:36 [36mDEBUG[0m [90msrc/aap2_client.c:334:[0m Success
19:03:36 [32mINFO [0m [90msrc/aap2_client.c:418:[0m Bundle sent !
19:03:36 [36mDEBUG[0m [90msrc/aap2_client.c:334:[0m Success
19:03:36 [32mINFO [0m [90msrc/aap2_client.c:418:[0m Bundle sent !
19:03:36 [36mDEBUG[0m [90msrc/aap2_client.c:334:[0m Success
19:03:36 [32mINFO [0m [90msrc/aap2_client.c:418:[0m Bundle sent !
19:03:36 [36mDEBUG[0m [90msrc/aap2_client.c:334:[0m Success
19:03:36 [32mINFO [0m [90msrc/aap2_client.c:418:[0m Bundle sent !
19:03:36 [36mDEBUG[0m [90msrc/aap2_client.c:334:[0m Success
19:03:37 [32mINFO [0m [90msrc/aap2_client.c:418:[0m Bundle sent !
19:03:37 [36mDEBUG[0m [90msrc/aap2_client.c:334:[0m Success
19:03:37 [32mINFO [0m [90msrc/aap2_client.c:418:[0m Bundle sent !
19:03:37 [36mDEBUG[0m [90msrc/aap2_client.c:334:[0m Success
19:03:37 [32mINFO [0m [90msrc/aap2_client.c:418:[0m Bundle sent !
19:03:37 [36mDEBUG[0m [90msrc/aap2_client.c:334:[0m Success
19:03:37 [32mINFO [0m [90msrc/aap2_client.c:418:[0m Bundle sent !
19:03:37 [36mDEBUG[0m [90msrc/aap2_client.c:334:[0m Success
19:03:37 [32mINFO [0m [90msrc/aap2_client.c:418:[0m Bundle sent !
19:03:37 [36mDEBUG[0m [90msrc/aap2_client.c:334:[0m Success
19:03:37 [32mINFO [0m [90msrc/aap2_client.c:418:[0m Bundle sent !
19:03:37 [36mDEBUG[0m [90msrc/aap2_client.c:334:[0m Success
19:03:37 [32mINFO [0m [90msrc/aap2_client.c:418:[0m Bundle sent !
19:03:37 [36mDEBUG[0m [90msrc/aap2_client.c:334:[0m Success
19:03:37 [32mINFO [0m [90msrc/aap2_client.c:418:[0m Bundle sent !
19:03:37 [36mDEBUG[0m [90msrc/aap2_client.c:334:[0m Success
19:03:37 [32mINFO [0m [90msrc/aap2_client.c:418:[0m Bundle sent !
19:03:37 [36mDEBUG[0m [90msrc/aap2_client.c:334:[0m Success
19:03:37 [32mINFO [0m [90msrc/aap2_client.c:418:[0m Bundle sent !
19:03:37 [36mDEBUG[0m [90msrc/aap2_client.c:334:[0m Success
19:03:39 [32mINFO [0m [90msrc/aap2_client.c:418:[0m Bundle sent !
19:03:39 [36mDEBUG[0m [90msrc/aap2_client.c:334:[0m Success
19:03:39 [32mINFO [0m [90msrc/aap2_client.c:418:[0m Bundle sent !
19:03:39 [36mDEBUG[0m [90msrc/aap2_client.c:334:[0m Success
19:03:39 [32mINFO [0m [90msrc/aap2_client.c:418:[0m Bundle sent !
19:03:39 [36mDEBUG[0m [90msrc/aap2_client.c:334:[0m Success
19:03:39 [32mINFO [0m [90msrc/aap2_client.c:418:[0m Bundle sent !
19:03:39 [36mDEBUG[0m [90msrc/aap2_client.c:334:[0m Success
19:03:39 [32mINFO [0m [90msrc/aap2_client.c:418:[0m Bundle sent !
19:03:39 [36mDEBUG[0m [90msrc/aap2_client.c:334:[0m Success
19:03:39 [32mINFO [0m [90msrc/aap2_client.c:418:[0m Bundle sent !
19:03:39 [36mDEBUG[0m [90msrc/aap2_client.c:334:[0m Success
19:03:39 [32mINFO [0m [90msrc/aap2_client.c:418:[0m Bundle sent !
19:03:39 [36mDEBUG[0m [90msrc/aap2_client.c:334:[0m Success
19:03:39 [32mINFO [0m [90msrc/aap2_client.c:418:[0m Bundle sent !
19:03:39 [36mDEBUG[0m [90msrc/aap2_client.c:334:[0m Success
19:03:39 [32mINFO [0m [90msrc/aap2_client.c:418:[0m Bundle sent !
19:03:39 [36mDEBUG[0m [90msrc/aap2_client.c:334:[0m Success
19:03:39 [32mINFO [0m [90msrc/aap2_client.c:418:[0m Bundle sent !
19:03:39 [36mDEBUG[0m [90msrc/aap2_client.c:334:[0m Success
19:03:41 [32mINFO [0m [90msrc/aap2_client.c:418:[0m Bundle sent !
19:03:41 [36mDEBUG[0m [90msrc/aap2_client.c:334:[0m Success
19:03:41 [32mINFO [0m [90msrc/aap2_client.c:418:[0m Bundle sent !
19:03:41 [36mDEBUG[0m [90msrc/aap2_client.c:334:[0m Success
19:03:41 [32mINFO [0m [90msrc/aap2_client.c:418:[0m Bundle sent !
19:03:41 [36mDEBUG[0m [90msrc/aap2_client.c:334:[0m Success
19:03:41 [32mINFO [0m [90msrc/aap2_client.c:418:[0m Bundle sent !
19:03:41 [36mDEBUG[0m [90msrc/aap2_client.c:334:[0m Success
19:03:41 [32mINFO [0m [90msrc/aap2_client.c:418:[0m Bundle sent !
19:03:41 [36mDEBUG[0m [90msrc/aap2_client.c:334:[0m Success
19:03:41 [32mINFO [0m [90msrc/aap2_client.c:418:[0m Bundle sent !
19:03:41 [36mDEBUG[0m [90msrc/aap2_client.c:334:[0m Success
19:03:41 [32mINFO [0m [90msrc/aap2_client.c:418:[0m Bundle sent !
19:03:41 [36mDEBUG[0m [90msrc/aap2_client.c:334:[0m Success
19:03:41 [32mINFO [0m [90msrc/aap2_client.c:418:[0m Bundle sent !
19:03:41 [36mDEBUG[0m [90msrc/aap2_client.c:334:[0m Success
19:03:41 [32mINFO [0m [90msrc/aap2_client.c:418:[0m Bundle sent !
19:03:41 [36mDEBUG[0m [90msrc/aap2_client.c:334:[0m Success
19:03:41 [32mINFO [0m [90msrc/aap2_client.c:418:[0m Bundle sent !
19:03:41 [36mDEBUG[0m [90msrc/aap2_client.c:334:[0m Success
19:03:42 [32mINFO [0m [90msrc/aap2_client.c:418:[0m Bundle sent !
19:03:42 [36mDEBUG[0m [90msrc/aap2_client.c:334:[0m Success
19:03:42 [32mINFO [0m [90msrc/aap2_client.c:418:[0m Bundle sent !
19:03:42 [36mDEBUG[0m [90msrc/aap2_client.c:334:[0m Success
19:03:42 [32mINFO [0m [90msrc/aap2_client.c:418:[0m Bundle sent !
19:03:42 [36mDEBUG[0m [90msrc/aap2_client.c:334:[0m Success
19:03:42 [32mINFO [0m [90msrc/aap2_client.c:418:[0m Bundle sent !
19:03:42 [36mDEBUG[0m [90msrc/aap2_client.c:334:[0m Success
19:03:42 [32mINFO [0m [90msrc/aap2_client.c:418:[0m Bundle sent !
19:03:42 [36mDEBUG[0m [90msrc/aap2_client.c:334:[0m Success
19:03:42 [32mINFO [0m [90msrc/aap2_client.c:418:[0m Bundle sent !
19:03:42 [36mDEBUG[0m [90msrc/aap2_client.c:334:[0m Success
19:03:42 [32mINFO [0m [90msrc/aap2_client.c:418:[0m Bundle sent !
19:03:42 [36mDEBUG[0m [90msrc/aap2_client.c:334:[0m Success
19:03:42 [32mINFO [0m [90msrc/aap2_client.c:418:[0m Bundle sent !
19:03:42 [36mDEBUG[0m [90msrc/aap2_client.c:334:[0m Success
19:03:42 [32mINFO [0m [90msrc/aap2_client.c:418:[0m Bundle sent !
19:03:42 [36mDEBUG[0m [90msrc/aap2_client.c:334:[0m Success
19:03:42 [32mINFO [0m [90msrc/aap2_client.c:418:[0m Bundle sent !
19:03:42 [36mDEBUG[0m [90msrc/aap2_client.c:334:[0m Success
19:03:44 [32mINFO [0m [90msrc/aap2_client.c:418:[0m Bundle sent !
19:03:44 [36mDEBUG[0m [90msrc/aap2_client.c:334:[0m Success
19:03:44 [32mINFO [0m [90msrc/aap2_client.c:418:[0m Bundle sent !
19:03:44 [36mDEBUG[0m [90msrc/aap2_client.c:334:[0m Success
19:03:44 [32mINFO [0m [90msrc/aap2_client.c:418:[0m Bundle sent !
19:03:44 [36mDEBUG[0m [90msrc/aap2_client.c:334:[0m Success
19:03:44 [32mINFO [0m [90msrc/aap2_client.c:418:[0m Bundle sent !
19:03:44 [36mDEBUG[0m [90msrc/aap2_client.c:334:[0m Success
19:03:44 [32mINFO [0m [90msrc/aap2_client.c:418:[0m Bundle sent !
19:03:44 [36mDEBUG[0m [90msrc/aap2_client.c:334:[0m Success
19:03:44 [32mINFO [0m [90msrc/aap2_client.c:418:[0m Bundle sent !
19:03:44 [36mDEBUG[0m [90msrc/aap2_client.c:334:[0m Success
19:03:44 [32mINFO [0m [90msrc/aap2_client.c:418:[0m Bundle sent !
19:03:44 [36mDEBUG[0m [90msrc/aap2_client.c:334:[0m Success
19:03:44 [32mINFO [0m [90msrc/aap2_client.c:418:[0m Bundle sent !
19:03:44 [36mDEBUG[0m [90msrc/aap2_client.c:334:[0m Success
19:03:44 [32mINFO [0m [90msrc/aap2_client.c:418:[0m Bundle sent !
19:03:44 [36mDEBUG[0m [90msrc/aap2_client.c:334:[0m Success
19:03:44 [32mINFO [0m [90msrc/aap2_client.c:418:[0m Bundle sent !
19:03:44 [36mDEBUG[0m [90msrc/aap2_client.c:334:[0m Success
19:03:45 [32mINFO [0m [90msrc/aap2_client.c:418:[0m Bundle sent !
19:03:45 [36mDEBUG[0m [90msrc/aap2_client.c:334:[0m Success
19:03:45 [32mINFO [0m [90msrc/aap2_client.c:418:[0m Bundle sent !
19:03:45 [36mDEBUG[0m [90msrc/aap2_client.c:334:[0m Success
19:03:45 [32mINFO [0m [90msrc/aap2_client.c:418:[0m Bundle sent !
19:03:45 [36mDEBUG[0m [90msrc/aap2_client.c:334:[0m Success
19:03:45 [32mINFO [0m [90msrc/aap2_client.c:418:[0m Bundle sent !
19:03:45 [36mDEBUG[0m [90msrc/aap2_client.c:334:[0m Success
19:03:45 [32mINFO [0m [90msrc/aap2_client.c:418:[0m Bundle sent !
19:03:45 [36mDEBUG[0m [90msrc/aap2_client.c:334:[0m Success
19:03:45 [32mINFO [0m [90msrc/aap2_client.c:418:[0m Bundle sent !
19:03:45 [36mDEBUG[0m [90msrc/aap2_client.c:334:[0m Success
19:03:45 [32mINFO [0m [90msrc/aap2_client.c:418:[0m Bundle sent !
19:03:45 [36mDEBUG[0m [90msrc/aap2_client.c:334:[0m Success
19:03:45 [32mINFO [0m [90msrc/aap2_client.c:418:[0m Bundle sent !
19:03:45 [36mDEBUG[0m [90msrc/aap2_client.c:334:[0m Success
19:03:45 [32mINFO [0m [90msrc/aap2_client.c:418:[0m Bundle sent !
19:03:45 [36mDEBUG[0m [90msrc/aap2_client.c:334:[0m Success
19:03:45 [32mINFO [0m [90msrc/aap2_client.c:418:[0m Bundle sent !
19:03:45 [36mDEBUG[0m [90msrc/aap2_client.c:334:[0m Success
19:03:47 [32mINFO [0m [90msrc/aap2_client.c:418:[0m Bundle sent !
19:03:47 [36mDEBUG[0m [90msrc/aap2_client.c:334:[0m Success
19:03:47 [32mINFO [0m [90msrc/aap2_client.c:418:[0m Bundle sent !
19:03:47 [36mDEBUG[0m [90msrc/aap2_client.c:334:[0m Success
19:03:47 [32mINFO [0m [90msrc/aap2_client.c:418:[0m Bundle sent !
19:03:47 [36mDEBUG[0m [90msrc/aap2_client.c:334:[0m Success
19:03:47 [32mINFO [0m [90msrc/aap2_client.c:418:[0m Bundle sent !
19:03:47 [36mDEBUG[0m [90msrc/aap2_client.c:334:[0m Success
19:03:47 [32mINFO [0m [90msrc/aap2_client.c:418:[0m Bundle sent !
19:03:47 [36mDEBUG[0m [90msrc/aap2_client.c:334:[0m Success
19:03:47 [32mINFO [0m [90msrc/aap2_client.c:418:[0m Bundle sent !
19:03:47 [36mDEBUG[0m [90msrc/aap2_client.c:334:[0m Success
19:03:47 [32mINFO [0m [90msrc/aap2_client.c:418:[0m Bundle sent !
19:03:47 [36mDEBUG[0m [90msrc/aap2_client.c:334:[0m Success
19:03:47 [32mINFO [0m [90msrc/aap2_client.c:418:[0m Bundle sent !
19:03:47 [36mDEBUG[0m [90msrc/aap2_client.c:334:[0m Success
19:03:47 [32mINFO [0m [90msrc/aap2_client.c:418:[0m Bundle sent !
19:03:47 [36mDEBUG[0m [90msrc/aap2_client.c:334:[0m Success
19:03:47 [32mINFO [0m [90msrc/aap2_client.c:418:[0m Bundle sent !
19:03:47 [36mDEBUG[0m [90msrc/aap2_client.c:334:[0m Success
19:03:48 [32mINFO [0m [90msrc/aap2_client.c:418:[0m Bundle sent !
19:03:48 [36mDEBUG[0m [90msrc/aap2_client.c:334:[0m Success
19:03:48 [32mINFO [0m [90msrc/aap2_client.c:418:[0m Bundle sent !
19:03:48 [36mDEBUG[0m [90msrc/aap2_client.c:334:[0m Success
19:03:48 [32mINFO [0m [90msrc/aap2_client.c:418:[0m Bundle sent !
19:03:48 [36mDEBUG[0m [90msrc/aap2_client.c:334:[0m Success
19:03:48 [32mINFO [0m [90msrc/aap2_client.c:418:[0m Bundle sent !
19:03:48 [36mDEBUG[0m [90msrc/aap2_client.c:334:[0m Success
19:03:48 [32mINFO [0m [90msrc/aap2_client.c:418:[0m Bundle sent !
19:03:48 [36mDEBUG[0m [90msrc/aap2_client.c:334:[0m Success
19:03:48 [32mINFO [0m [90msrc/aap2_client.c:418:[0m Bundle sent !
19:03:48 [36mDEBUG[0m [90msrc/aap2_client.c:334:[0m Success
19:03:48 [32mINFO [0m [90msrc/aap2_client.c:418:[0m Bundle sent !
19:03:48 [36mDEBUG[0m [90msrc/aap2_client.c:334:[0m Success
19:03:48 [32mINFO [0m [90msrc/aap2_client.c:418:[0m Bundle sent !
19:03:48 [36mDEBUG[0m [90msrc/aap2_client.c:334:[0m Success
19:03:48 [32mINFO [0m [90msrc/aap2_client.c:418:[0m Bundle sent !
19:03:48 [36mDEBUG[0m [90msrc/aap2_client.c:334:[0m Success
19:03:48 [32mINFO [0m [90msrc/aap2_client.c:418:[0m Bundle sent !
19:03:48 [36mDEBUG[0m [90msrc/aap2_client.c:334:[0m Success
19:03:50 [32mINFO [0m [90msrc/aap2_client.c:418:[0m Bundle sent !
19:03:50 [36mDEBUG[0m [90msrc/aap2_client.c:334:[0m Success
19:03:50 [32mINFO [0m [90msrc/aap2_client.c:418:[0m Bundle sent !
19:03:50 [36mDEBUG[0m [90msrc/aap2_client.c:334:[0m Success
19:03:50 [32mINFO [0m [90msrc/aap2_client.c:418:[0m Bundle sent !
19:03:50 [36mDEBUG[0m [90msrc/aap2_client.c:334:[0m Success
19:03:50 [32mINFO [0m [90msrc/aap2_client.c:418:[0m Bundle sent !
19:03:50 [36mDEBUG[0m [90msrc/aap2_client.c:334:[0m Success
19:03:50 [32mINFO [0m [90msrc/aap2_client.c:418:[0m Bundle sent !
19:03:50 [36mDEBUG[0m [90msrc/aap2_client.c:334:[0m Success
19:03:50 [32mINFO [0m [90msrc/aap2_client.c:418:[0m Bundle sent !
19:03:50 [36mDEBUG[0m [90msrc/aap2_client.c:334:[0m Success
19:03:50 [32mINFO [0m [90msrc/aap2_client.c:418:[0m Bundle sent !
19:03:50 [36mDEBUG[0m [90msrc/aap2_client.c:334:[0m Success
19:03:50 [32mINFO [0m [90msrc/aap2_client.c:418:[0m Bundle sent !
19:03:50 [36mDEBUG[0m [90msrc/aap2_client.c:334:[0m Success
19:03:50 [32mINFO [0m [90msrc/aap2_client.c:418:[0m Bundle sent !
19:03:50 [36mDEBUG[0m [90msrc/aap2_client.c:334:[0m Success
19:03:50 [32mINFO [0m [90msrc/aap2_client.c:418:[0m Bundle sent !
19:03:50 [36mDEBUG[0m [90msrc/aap2_client.c:334:[0m Success
19:03:51 [32mINFO [0m [90msrc/aap2_client.c:418:[0m Bundle sent !
19:03:51 [36mDEBUG[0m [90msrc/aap2_client.c:334:[0m Success
19:03:51 [32mINFO [0m [90msrc/aap2_client.c:418:[0m Bundle sent !
19:03:51 [36mDEBUG[0m [90msrc/aap2_client.c:334:[0m Success
19:03:51 [32mINFO [0m [90msrc/aap2_client.c:418:[0m Bundle sent !
19:03:51 [36mDEBUG[0m [90msrc/aap2_client.c:334:[0m Success
19:03:51 [32mINFO [0m [90msrc/aap2_client.c:418:[0m Bundle sent !
19:03:51 [36mDEBUG[0m [90msrc/aap2_client.c:334:[0m Success
19:03:51 [32mINFO [0m [90msrc/aap2_client.c:418:[0m Bundle sent !
19:03:51 [36mDEBUG[0m [90msrc/aap2_client.c:334:[0m Success
19:03:51 [32mINFO [0m [90msrc/aap2_client.c:418:[0m Bundle sent !
19:03:51 [36mDEBUG[0m [90msrc/aap2_client.c:334:[0m Success
19:03:51 [32mINFO [0m [90msrc/aap2_client.c:418:[0m Bundle sent !
19:03:51 [36mDEBUG[0m [90msrc/aap2_client.c:334:[0m Success
19:03:51 [32mINFO [0m [90msrc/aap2_client.c:418:[0m Bundle sent !
19:03:51 [36mDEBUG[0m [90msrc/aap2_client.c:334:[0m Success
19:03:51 [32mINFO [0m [90msrc/aap2_client.c:418:[0m Bundle sent !
19:03:51 [36mDEBUG[0m [90msrc/aap2_client.c:334:[0m Success
19:03:51 [32mINFO [0m [90msrc/aap2_client.c:418:[0m Bundle sent !
19:03:51 [36mDEBUG[0m [90msrc/aap2_client.c:334:[0m Success
19:03:53 [32mINFO [0m [90msrc/aap2_client.c:418:[0m Bundle sent !
19:03:53 [36mDEBUG[0m [90msrc/aap2_client.c:334:[0m Success
19:03:53 [32mINFO [0m [90msrc/aap2_client.c:418:[0m Bundle sent !
19:03:53 [36mDEBUG[0m [90msrc/aap2_client.c:334:[0m Success
19:03:53 [32mINFO [0m [90msrc/aap2_client.c:418:[0m Bundle sent !
19:03:53 [36mDEBUG[0m [90msrc/aap2_client.c:334:[0m Success
19:03:53 [32mINFO [0m [90msrc/aap2_client.c:418:[0m Bundle sent !
19:03:53 [36mDEBUG[0m [90msrc/aap2_client.c:334:[0m Success
19:03:53 [32mINFO [0m [90msrc/aap2_client.c:418:[0m Bundle sent !
19:03:53 [36mDEBUG[0m [90msrc/aap2_client.c:334:[0m Success
19:03:53 [32mINFO [0m [90msrc/aap2_client.c:418:[0m Bundle sent !
19:03:53 [36mDEBUG[0m [90msrc/aap2_client.c:334:[0m Success
19:03:53 [32mINFO [0m [90msrc/aap2_client.c:418:[0m Bundle sent !
19:03:53 [36mDEBUG[0m [90msrc/aap2_client.c:334:[0m Success
19:03:53 [32mINFO [0m [90msrc/aap2_client.c:418:[0m Bundle sent !
19:03:53 [36mDEBUG[0m [90msrc/aap2_client.c:334:[0m Success
19:03:53 [32mINFO [0m [90msrc/aap2_client.c:418:[0m Bundle sent !
19:03:53 [36mDEBUG[0m [90msrc/aap2_client.c:334:[0m Success
19:03:53 [32mINFO [0m [90msrc/aap2_client.c:418:[0m Bundle sent !
19:03:53 [36mDEBUG[0m [90msrc/aap2_client.c:334:[0m Success
19:03:54 [32mINFO [0m [90msrc/aap2_client.c:418:[0m Bundle sent !
19:03:54 [36mDEBUG[0m [90msrc/aap2_client.c:334:[0m Success
19:03:54 [32mINFO [0m [90msrc/aap2_client.c:418:[0m Bundle sent !
19:03:54 [36mDEBUG[0m [90msrc/aap2_client.c:334:[0m Success
19:03:54 [32mINFO [0m [90msrc/aap2_client.c:418:[0m Bundle sent !
19:03:54 [36mDEBUG[0m [90msrc/aap2_client.c:334:[0m Success
19:03:54 [32mINFO [0m [90msrc/aap2_client.c:418:[0m Bundle sent !
19:03:54 [36mDEBUG[0m [90msrc/aap2_client.c:334:[0m Success
19:03:54 [32mINFO [0m [90msrc/aap2_client.c:418:[0m Bundle sent !
19:03:54 [36mDEBUG[0m [90msrc/aap2_client.c:334:[0m Success
19:03:54 [32mINFO [0m [90msrc/aap2_client.c:418:[0m Bundle sent !
19:03:54 [36mDEBUG[0m [90msrc/aap2_client.c:334:[0m Success
19:03:54 [32mINFO [0m [90msrc/aap2_client.c:418:[0m Bundle sent !
19:03:54 [36mDEBUG[0m [90msrc/aap2_client.c:334:[0m Success
19:03:54 [32mINFO [0m [90msrc/aap2_client.c:418:[0m Bundle sent !
19:03:54 [36mDEBUG[0m [90msrc/aap2_client.c:334:[0m Success
19:03:54 [32mINFO [0m [90msrc/aap2_client.c:418:[0m Bundle sent !
19:03:54 [36mDEBUG[0m [90msrc/aap2_client.c:334:[0m Success
19:03:54 [32mINFO [0m [90msrc/aap2_client.c:418:[0m Bundle sent !
19:03:54 [36mDEBUG[0m [90msrc/aap2_client.c:334:[0m Success
19:03:56 [32mINFO [0m [90msrc/aap2_client.c:418:[0m Bundle sent !
19:03:56 [36mDEBUG[0m [90msrc/aap2_client.c:334:[0m Success
19:03:56 [32mINFO [0m [90msrc/aap2_client.c:418:[0m Bundle sent !
19:03:56 [36mDEBUG[0m [90msrc/aap2_client.c:334:[0m Success
19:03:56 [32mINFO [0m [90msrc/aap2_client.c:418:[0m Bundle sent !
19:03:56 [36mDEBUG[0m [90msrc/aap2_client.c:334:[0m Success
19:03:56 [32mINFO [0m [90msrc/aap2_client.c:418:[0m Bundle sent !
19:03:56 [36mDEBUG[0m [90msrc/aap2_client.c:334:[0m Success
19:03:56 [32mINFO [0m [90msrc/aap2_client.c:418:[0m Bundle sent !
19:03:56 [36mDEBUG[0m [90msrc/aap2_client.c:334:[0m Success
19:03:56 [32mINFO [0m [90msrc/aap2_client.c:418:[0m Bundle sent !
19:03:56 [36mDEBUG[0m [90msrc/aap2_client.c:334:[0m Success
19:03:56 [32mINFO [0m [90msrc/aap2_client.c:418:[0m Bundle sent !
19:03:56 [36mDEBUG[0m [90msrc/aap2_client.c:334:[0m Success
19:03:56 [32mINFO [0m [90msrc/aap2_client.c:418:[0m Bundle sent !
19:03:56 [36mDEBUG[0m [90msrc/aap2_client.c:334:[0m Success
19:03:56 [32mINFO [0m [90msrc/aap2_client.c:418:[0m Bundle sent !
19:03:56 [36mDEBUG[0m [90msrc/aap2_client.c:334:[0m Success
19:03:56 [32mINFO [0m [90msrc/aap2_client.c:418:[0m Bundle sent !
19:03:56 [36mDEBUG[0m [90msrc/aap2_client.c:334:[0m Success
19:03:57 [32mINFO [0m [90msrc/aap2_client.c:418:[0m Bundle sent !
19:03:57 [36mDEBUG[0m [90msrc/aap2_client.c:334:[0m Success
19:03:57 [32mINFO [0m [90msrc/aap2_client.c:418:[0m Bundle sent !
19:03:57 [36mDEBUG[0m [90msrc/aap2_client.c:334:[0m Success
19:03:57 [32mINFO [0m [90msrc/aap2_client.c:418:[0m Bundle sent !
19:03:57 [36mDEBUG[0m [90msrc/aap2_client.c:334:[0m Success
19:03:57 [32mINFO [0m [90msrc/aap2_client.c:418:[0m Bundle sent !
19:03:57 [36mDEBUG[0m [90msrc/aap2_client.c:334:[0m Success
19:03:57 [32mINFO [0m [90msrc/aap2_client.c:418:[0m Bundle sent !
19:03:57 [36mDEBUG[0m [90msrc/aap2_client.c:334:[0m Success
19:03:57 [32mINFO [0m [90msrc/aap2_client.c:418:[0m Bundle sent !
19:03:57 [36mDEBUG[0m [90msrc/aap2_client.c:334:[0m Success
19:03:57 [32mINFO [0m [90msrc/aap2_client.c:418:[0m Bundle sent !
19:03:57 [36mDEBUG[0m [90msrc/aap2_client.c:334:[0m Success
19:03:57 [32mINFO [0m [90msrc/aap2_client.c:418:[0m Bundle sent !
19:03:57 [36mDEBUG[0m [90msrc/aap2_client.c:334:[0m Success
19:03:57 [32mINFO [0m [90msrc/aap2_client.c:418:[0m Bundle sent !
19:03:57 [36mDEBUG[0m [90msrc/aap2_client.c:334:[0m Success
19:03:57 [32mINFO [0m [90msrc/aap2_client.c:418:[0m Bundle sent !
19:03:57 [36mDEBUG[0m [90msrc/aap2_client.c:334:[0m Success
19:03:59 [32mINFO [0m [90msrc/aap2_client.c:418:[0m Bundle sent !
19:03:59 [36mDEBUG[0m [90msrc/aap2_client.c:334:[0m Success
19:03:59 [32mINFO [0m [90msrc/aap2_client.c:418:[0m Bundle sent !
19:03:59 [36mDEBUG[0m [90msrc/aap2_client.c:334:[0m Success
19:03:59 [32mINFO [0m [90msrc/aap2_client.c:418:[0m Bundle sent !
19:03:59 [36mDEBUG[0m [90msrc/aap2_client.c:334:[0m Success
19:03:59 [32mINFO [0m [90msrc/aap2_client.c:418:[0m Bundle sent !
19:03:59 [36mDEBUG[0m [90msrc/aap2_client.c:334:[0m Success
19:03:59 [32mINFO [0m [90msrc/aap2_client.c:418:[0m Bundle sent !
19:03:59 [36mDEBUG[0m [90msrc/aap2_client.c:334:[0m Success
19:03:59 [32mINFO [0m [90msrc/aap2_client.c:418:[0m Bundle sent !
19:03:59 [36mDEBUG[0m [90msrc/aap2_client.c:334:[0m Success
19:03:59 [32mINFO [0m [90msrc/aap2_client.c:418:[0m Bundle sent !
19:03:59 [36mDEBUG[0m [90msrc/aap2_client.c:334:[0m Success
19:03:59 [32mINFO [0m [90msrc/aap2_client.c:418:[0m Bundle sent !
19:03:59 [36mDEBUG[0m [90msrc/aap2_client.c:334:[0m Success
19:03:59 [32mINFO [0m [90msrc/aap2_client.c:418:[0m Bundle sent !
19:03:59 [36mDEBUG[0m [90msrc/aap2_client.c:334:[0m Success
19:03:59 [32mINFO [0m [90msrc/aap2_client.c:418:[0m Bundle sent !
19:03:59 [36mDEBUG[0m [90msrc/aap2_client.c:334:[0m Success
19:04:01 [32mINFO [0m [90msrc/aap2_client.c:418:[0m Bundle sent !
19:04:01 [36mDEBUG[0m [90msrc/aap2_client.c:334:[0m Success
19:04:01 [32mINFO [0m [90msrc/aap2_client.c:418:[0m Bundle sent !
19:04:01 [36mDEBUG[0m [90msrc/aap2_client.c:334:[0m Success
19:04:01 [32mINFO [0m [90msrc/aap2_client.c:418:[0m Bundle sent !
19:04:01 [36mDEBUG[0m [90msrc/aap2_client.c:334:[0m Success
19:04:01 [32mINFO [0m [90msrc/aap2_client.c:418:[0m Bundle sent !
19:04:01 [36mDEBUG[0m [90msrc/aap2_client.c:334:[0m Success
19:04:01 [32mINFO [0m [90msrc/aap2_client.c:418:[0m Bundle sent !
19:04:01 [36mDEBUG[0m [90msrc/aap2_client.c:334:[0m Success
19:04:01 [32mINFO [0m [90msrc/aap2_client.c:418:[0m Bundle sent !
19:04:01 [36mDEBUG[0m [90msrc/aap2_client.c:334:[0m Success
19:04:01 [32mINFO [0m [90msrc/aap2_client.c:418:[0m Bundle sent !
19:04:01 [36mDEBUG[0m [90msrc/aap2_client.c:334:[0m Success
19:04:01 [32mINFO [0m [90msrc/aap2_client.c:418:[0m Bundle sent !
19:04:01 [36mDEBUG[0m [90msrc/aap2_client.c:334:[0m Success
19:04:01 [32mINFO [0m [90msrc/aap2_client.c:418:[0m Bundle sent !
19:04:01 [36mDEBUG[0m [90msrc/aap2_client.c:334:[0m Success
19:04:01 [32mINFO [0m [90msrc/aap2_client.c:418:[0m Bundle sent !
19:04:01 [36mDEBUG[0m [90msrc/aap2_client.c:334:[0m Success
19:04:02 [32mINFO [0m [90msrc/aap2_client.c:418:[0m Bundle sent !
19:04:02 [36mDEBUG[0m [90msrc/aap2_client.c:334:[0m Success
19:04:02 [32mINFO [0m [90msrc/aap2_client.c:418:[0m Bundle sent !
19:04:02 [36mDEBUG[0m [90msrc/aap2_client.c:334:[0m Success
19:04:02 [32mINFO [0m [90msrc/aap2_client.c:418:[0m Bundle sent !
19:04:02 [36mDEBUG[0m [90msrc/aap2_client.c:334:[0m Success
19:04:02 [32mINFO [0m [90msrc/aap2_client.c:418:[0m Bundle sent !
19:04:02 [36mDEBUG[0m [90msrc/aap2_client.c:334:[0m Success
19:04:02 [32mINFO [0m [90msrc/aap2_client.c:418:[0m Bundle sent !
19:04:02 [36mDEBUG[0m [90msrc/aap2_client.c:334:[0m Success
19:04:02 [32mINFO [0m [90msrc/aap2_client.c:418:[0m Bundle sent !
19:04:02 [36mDEBUG[0m [90msrc/aap2_client.c:334:[0m Success
19:04:02 [32mINFO [0m [90msrc/aap2_client.c:418:[0m Bundle sent !
19:04:02 [36mDEBUG[0m [90msrc/aap2_client.c:334:[0m Success
19:04:02 [32mINFO [0m [90msrc/aap2_client.c:418:[0m Bundle sent !
19:04:02 [36mDEBUG[0m [90msrc/aap2_client.c:334:[0m Success
19:04:02 [32mINFO [0m [90msrc/aap2_client.c:418:[0m Bundle sent !
19:04:02 [36mDEBUG[0m [90msrc/aap2_client.c:334:[0m Success
19:04:02 [32mINFO [0m [90msrc/aap2_client.c:418:[0m Bundle sent !
19:04:02 [36mDEBUG[0m [90msrc/aap2_client.c:334:[0m Success
19:04:04 [32mINFO [0m [90msrc/aap2_client.c:418:[0m Bundle sent !
19:04:04 [36mDEBUG[0m [90msrc/aap2_client.c:334:[0m Success
19:04:04 [32mINFO [0m [90msrc/aap2_client.c:418:[0m Bundle sent !
19:04:04 [36mDEBUG[0m [90msrc/aap2_client.c:334:[0m Success
19:04:04 [32mINFO [0m [90msrc/aap2_client.c:418:[0m Bundle sent !
19:04:04 [36mDEBUG[0m [90msrc/aap2_client.c:334:[0m Success
19:04:04 [32mINFO [0m [90msrc/aap2_client.c:418:[0m Bundle sent !
19:04:04 [36mDEBUG[0m [90msrc/aap2_client.c:334:[0m Success
19:04:04 [32mINFO [0m [90msrc/aap2_client.c:418:[0m Bundle sent !
19:04:04 [36mDEBUG[0m [90msrc/aap2_client.c:334:[0m Success
19:04:04 [32mINFO [0m [90msrc/aap2_client.c:418:[0m Bundle sent !
19:04:04 [36mDEBUG[0m [90msrc/aap2_client.c:334:[0m Success
19:04:04 [32mINFO [0m [90msrc/aap2_client.c:418:[0m Bundle sent !
19:04:04 [36mDEBUG[0m [90msrc/aap2_client.c:334:[0m Success
19:04:04 [32mINFO [0m [90msrc/aap2_client.c:418:[0m Bundle sent !
19:04:04 [36mDEBUG[0m [90msrc/aap2_client.c:334:[0m Success
19:04:04 [32mINFO [0m [90msrc/aap2_client.c:418:[0m Bundle sent !
19:04:04 [36mDEBUG[0m [90msrc/aap2_client.c:334:[0m Success
19:04:04 [32mINFO [0m [90msrc/aap2_client.c:418:[0m Bundle sent !
19:04:04 [36mDEBUG[0m [90msrc/aap2_client.c:334:[0m Success
19:04:05 [32mINFO [0m [90msrc/aap2_client.c:418:[0m Bundle sent !
19:04:05 [36mDEBUG[0m [90msrc/aap2_client.c:334:[0m Success
19:04:05 [32mINFO [0m [90msrc/aap2_client.c:418:[0m Bundle sent !
19:04:05 [36mDEBUG[0m [90msrc/aap2_client.c:334:[0m Success
19:04:05 [32mINFO [0m [90msrc/aap2_client.c:418:[0m Bundle sent !
19:04:05 [36mDEBUG[0m [90msrc/aap2_client.c:334:[0m Success
19:04:05 [32mINFO [0m [90msrc/aap2_client.c:418:[0m Bundle sent !
19:04:05 [36mDEBUG[0m [90msrc/aap2_client.c:334:[0m Success
19:04:05 [32mINFO [0m [90msrc/aap2_client.c:418:[0m Bundle sent !
19:04:05 [36mDEBUG[0m [90msrc/aap2_client.c:334:[0m Success
19:04:05 [32mINFO [0m [90msrc/aap2_client.c:418:[0m Bundle sent !
19:04:05 [36mDEBUG[0m [90msrc/aap2_client.c:334:[0m Success
19:04:05 [32mINFO [0m [90msrc/aap2_client.c:418:[0m Bundle sent !
19:04:05 [36mDEBUG[0m [90msrc/aap2_client.c:334:[0m Success
19:04:05 [32mINFO [0m [90msrc/aap2_client.c:418:[0m Bundle sent !
19:04:05 [36mDEBUG[0m [90msrc/aap2_client.c:334:[0m Success
19:04:05 [32mINFO [0m [90msrc/aap2_client.c:418:[0m Bundle sent !
19:04:05 [36mDEBUG[0m [90msrc/aap2_client.c:334:[0m Success
19:04:05 [32mINFO [0m [90msrc/aap2_client.c:418:[0m Bundle sent !
19:04:05 [36mDEBUG[0m [90msrc/aap2_client.c:334:[0m Success
19:04:07 [32mINFO [0m [90msrc/aap2_client.c:418:[0m Bundle sent !
19:04:07 [36mDEBUG[0m [90msrc/aap2_client.c:334:[0m Success
19:04:07 [32mINFO [0m [90msrc/aap2_client.c:418:[0m Bundle sent !
19:04:07 [36mDEBUG[0m [90msrc/aap2_client.c:334:[0m Success
19:04:07 [32mINFO [0m [90msrc/aap2_client.c:418:[0m Bundle sent !
19:04:07 [36mDEBUG[0m [90msrc/aap2_client.c:334:[0m Success
19:04:07 [32mINFO [0m [90msrc/aap2_client.c:418:[0m Bundle sent !
19:04:07 [36mDEBUG[0m [90msrc/aap2_client.c:334:[0m Success
19:04:07 [32mINFO [0m [90msrc/aap2_client.c:418:[0m Bundle sent !
19:04:07 [36mDEBUG[0m [90msrc/aap2_client.c:334:[0m Success
19:04:07 [32mINFO [0m [90msrc/aap2_client.c:418:[0m Bundle sent !
19:04:07 [36mDEBUG[0m [90msrc/aap2_client.c:334:[0m Success
19:04:07 [32mINFO [0m [90msrc/aap2_client.c:418:[0m Bundle sent !
19:04:07 [36mDEBUG[0m [90msrc/aap2_client.c:334:[0m Success
19:04:07 [32mINFO [0m [90msrc/aap2_client.c:418:[0m Bundle sent !
19:04:07 [36mDEBUG[0m [90msrc/aap2_client.c:334:[0m Success
19:04:07 [32mINFO [0m [90msrc/aap2_client.c:418:[0m Bundle sent !
19:04:07 [36mDEBUG[0m [90msrc/aap2_client.c:334:[0m Success
19:04:07 [32mINFO [0m [90msrc/aap2_client.c:418:[0m Bundle sent !
19:04:07 [36mDEBUG[0m [90msrc/aap2_client.c:334:[0m Success
19:04:09 [32mINFO [0m [90msrc/aap2_client.c:418:[0m Bundle sent !
19:04:09 [36mDEBUG[0m [90msrc/aap2_client.c:334:[0m Success
19:04:09 [32mINFO [0m [90msrc/aap2_client.c:418:[0m Bundle sent !
19:04:09 [36mDEBUG[0m [90msrc/aap2_client.c:334:[0m Success
19:04:09 [32mINFO [0m [90msrc/aap2_client.c:418:[0m Bundle sent !
19:04:09 [36mDEBUG[0m [90msrc/aap2_client.c:334:[0m Success
19:04:09 [32mINFO [0m [90msrc/aap2_client.c:418:[0m Bundle sent !
19:04:09 [36mDEBUG[0m [90msrc/aap2_client.c:334:[0m Success
19:04:09 [32mINFO [0m [90msrc/aap2_client.c:418:[0m Bundle sent !
19:04:09 [36mDEBUG[0m [90msrc/aap2_client.c:334:[0m Success
19:04:09 [32mINFO [0m [90msrc/aap2_client.c:418:[0m Bundle sent !
19:04:09 [36mDEBUG[0m [90msrc/aap2_client.c:334:[0m Success
19:04:09 [32mINFO [0m [90msrc/aap2_client.c:418:[0m Bundle sent !
19:04:09 [36mDEBUG[0m [90msrc/aap2_client.c:334:[0m Success
19:04:09 [32mINFO [0m [90msrc/aap2_client.c:418:[0m Bundle sent !
19:04:09 [36mDEBUG[0m [90msrc/aap2_client.c:334:[0m Success
19:04:09 [32mINFO [0m [90msrc/aap2_client.c:418:[0m Bundle sent !
19:04:09 [36mDEBUG[0m [90msrc/aap2_client.c:334:[0m Success
19:04:09 [32mINFO [0m [90msrc/aap2_client.c:418:[0m Bundle sent !
19:04:09 [36mDEBUG[0m [90msrc/aap2_client.c:334:[0m Success
19:04:10 [32mINFO [0m [90msrc/aap2_client.c:418:[0m Bundle sent !
19:04:10 [36mDEBUG[0m [90msrc/aap2_client.c:334:[0m Success
19:04:10 [32mINFO [0m [90msrc/aap2_client.c:418:[0m Bundle sent !
19:04:10 [36mDEBUG[0m [90msrc/aap2_client.c:334:[0m Success
19:04:10 [32mINFO [0m [90msrc/aap2_client.c:418:[0m Bundle sent !
19:04:10 [36mDEBUG[0m [90msrc/aap2_client.c:334:[0m Success
19:04:10 [32mINFO [0m [90msrc/aap2_client.c:418:[0m Bundle sent !
19:04:10 [36mDEBUG[0m [90msrc/aap2_client.c:334:[0m Success
19:04:10 [32mINFO [0m [90msrc/aap2_client.c:418:[0m Bundle sent !
19:04:10 [36mDEBUG[0m [90msrc/aap2_client.c:334:[0m Success
19:04:10 [32mINFO [0m [90msrc/aap2_client.c:418:[0m Bundle sent !
19:04:10 [36mDEBUG[0m [90msrc/aap2_client.c:334:[0m Success
19:04:10 [32mINFO [0m [90msrc/aap2_client.c:418:[0m Bundle sent !
19:04:10 [36mDEBUG[0m [90msrc/aap2_client.c:334:[0m Success
19:04:10 [32mINFO [0m [90msrc/aap2_client.c:418:[0m Bundle sent !
19:04:10 [36mDEBUG[0m [90msrc/aap2_client.c:334:[0m Success
19:04:10 [32mINFO [0m [90msrc/aap2_client.c:418:[0m Bundle sent !
19:04:10 [36mDEBUG[0m [90msrc/aap2_client.c:334:[0m Success
19:04:10 [32mINFO [0m [90msrc/aap2_client.c:418:[0m Bundle sent !
19:04:10 [36mDEBUG[0m [90msrc/aap2_client.c:334:[0m Success
19:04:12 [32mINFO [0m [90msrc/aap2_client.c:418:[0m Bundle sent !
19:04:12 [36mDEBUG[0m [90msrc/aap2_client.c:334:[0m Success
19:04:12 [32mINFO [0m [90msrc/aap2_client.c:418:[0m Bundle sent !
19:04:12 [36mDEBUG[0m [90msrc/aap2_client.c:334:[0m Success
19:04:12 [32mINFO [0m [90msrc/aap2_client.c:418:[0m Bundle sent !
19:04:12 [36mDEBUG[0m [90msrc/aap2_client.c:334:[0m Success
19:04:12 [32mINFO [0m [90msrc/aap2_client.c:418:[0m Bundle sent !
19:04:12 [36mDEBUG[0m [90msrc/aap2_client.c:334:[0m Success
19:04:12 [32mINFO [0m [90msrc/aap2_client.c:418:[0m Bundle sent !
19:04:12 [36mDEBUG[0m [90msrc/aap2_client.c:334:[0m Success
19:04:12 [32mINFO [0m [90msrc/aap2_client.c:418:[0m Bundle sent !
19:04:12 [36mDEBUG[0m [90msrc/aap2_client.c:334:[0m Success
19:04:12 [32mINFO [0m [90msrc/aap2_client.c:418:[0m Bundle sent !
19:04:12 [36mDEBUG[0m [90msrc/aap2_client.c:334:[0m Success
19:04:12 [32mINFO [0m [90msrc/aap2_client.c:418:[0m Bundle sent !
19:04:12 [36mDEBUG[0m [90msrc/aap2_client.c:334:[0m Success
19:04:12 [32mINFO [0m [90msrc/aap2_client.c:418:[0m Bundle sent !
19:04:12 [36mDEBUG[0m [90msrc/aap2_client.c:334:[0m Success
19:04:12 [32mINFO [0m [90msrc/aap2_client.c:418:[0m Bundle sent !
19:04:12 [36mDEBUG[0m [90msrc/aap2_client.c:334:[0m Success
19:04:13 [32mINFO [0m [90msrc/aap2_client.c:418:[0m Bundle sent !
19:04:13 [36mDEBUG[0m [90msrc/aap2_client.c:334:[0m Success
19:04:13 [32mINFO [0m [90msrc/aap2_client.c:418:[0m Bundle sent !
19:04:13 [36mDEBUG[0m [90msrc/aap2_client.c:334:[0m Success
19:04:13 [32mINFO [0m [90msrc/aap2_client.c:418:[0m Bundle sent !
19:04:13 [36mDEBUG[0m [90msrc/aap2_client.c:334:[0m Success
19:04:13 [32mINFO [0m [90msrc/aap2_client.c:418:[0m Bundle sent !
19:04:13 [36mDEBUG[0m [90msrc/aap2_client.c:334:[0m Success
19:04:13 [32mINFO [0m [90msrc/aap2_client.c:418:[0m Bundle sent !
19:04:13 [36mDEBUG[0m [90msrc/aap2_client.c:334:[0m Success
19:04:13 [32mINFO [0m [90msrc/aap2_client.c:418:[0m Bundle sent !
19:04:13 [36mDEBUG[0m [90msrc/aap2_client.c:334:[0m Success
19:04:13 [32mINFO [0m [90msrc/aap2_client.c:418:[0m Bundle sent !
19:04:13 [36mDEBUG[0m [90msrc/aap2_client.c:334:[0m Success
19:04:13 [32mINFO [0m [90msrc/aap2_client.c:418:[0m Bundle sent !
19:04:13 [36mDEBUG[0m [90msrc/aap2_client.c:334:[0m Success
19:04:13 [32mINFO [0m [90msrc/aap2_client.c:418:[0m Bundle sent !
19:04:13 [36mDEBUG[0m [90msrc/aap2_client.c:334:[0m Success
19:04:13 [32mINFO [0m [90msrc/aap2_client.c:418:[0m Bundle sent !
19:04:13 [36mDEBUG[0m [90msrc/aap2_client.c:334:[0m Success
19:04:15 [32mINFO [0m [90msrc/aap2_client.c:418:[0m Bundle sent !
19:04:15 [36mDEBUG[0m [90msrc/aap2_client.c:334:[0m Success
19:04:15 [32mINFO [0m [90msrc/aap2_client.c:418:[0m Bundle sent !
19:04:15 [36mDEBUG[0m [90msrc/aap2_client.c:334:[0m Success
19:04:15 [32mINFO [0m [90msrc/aap2_client.c:418:[0m Bundle sent !
19:04:15 [36mDEBUG[0m [90msrc/aap2_client.c:334:[0m Success
19:04:15 [32mINFO [0m [90msrc/aap2_client.c:418:[0m Bundle sent !
19:04:15 [36mDEBUG[0m [90msrc/aap2_client.c:334:[0m Success
19:04:15 [32mINFO [0m [90msrc/aap2_client.c:418:[0m Bundle sent !
19:04:15 [36mDEBUG[0m [90msrc/aap2_client.c:334:[0m Success
19:04:15 [32mINFO [0m [90msrc/aap2_client.c:418:[0m Bundle sent !
19:04:15 [36mDEBUG[0m [90msrc/aap2_client.c:334:[0m Success
19:04:15 [32mINFO [0m [90msrc/aap2_client.c:418:[0m Bundle sent !
19:04:15 [36mDEBUG[0m [90msrc/aap2_client.c:334:[0m Success
19:04:15 [32mINFO [0m [90msrc/aap2_client.c:418:[0m Bundle sent !
19:04:15 [36mDEBUG[0m [90msrc/aap2_client.c:334:[0m Success
19:04:15 [32mINFO [0m [90msrc/aap2_client.c:418:[0m Bundle sent !
19:04:15 [36mDEBUG[0m [90msrc/aap2_client.c:334:[0m Success
19:04:15 [32mINFO [0m [90msrc/aap2_client.c:418:[0m Bundle sent !
19:04:15 [36mDEBUG[0m [90msrc/aap2_client.c:334:[0m Success
19:04:16 [32mINFO [0m [90msrc/aap2_client.c:418:[0m Bundle sent !
19:04:16 [36mDEBUG[0m [90msrc/aap2_client.c:334:[0m Success
19:04:16 [32mINFO [0m [90msrc/aap2_client.c:418:[0m Bundle sent !
19:04:16 [36mDEBUG[0m [90msrc/aap2_client.c:334:[0m Success
19:04:16 [32mINFO [0m [90msrc/aap2_client.c:418:[0m Bundle sent !
19:04:16 [36mDEBUG[0m [90msrc/aap2_client.c:334:[0m Success
19:04:16 [32mINFO [0m [90msrc/aap2_client.c:418:[0m Bundle sent !
19:04:16 [36mDEBUG[0m [90msrc/aap2_client.c:334:[0m Success
19:04:16 [32mINFO [0m [90msrc/aap2_client.c:418:[0m Bundle sent !
19:04:16 [36mDEBUG[0m [90msrc/aap2_client.c:334:[0m Success
19:04:16 [32mINFO [0m [90msrc/aap2_client.c:418:[0m Bundle sent !
19:04:16 [36mDEBUG[0m [90msrc/aap2_client.c:334:[0m Success
19:04:16 [32mINFO [0m [90msrc/aap2_client.c:418:[0m Bundle sent !
19:04:16 [36mDEBUG[0m [90msrc/aap2_client.c:334:[0m Success
19:04:16 [32mINFO [0m [90msrc/aap2_client.c:418:[0m Bundle sent !
19:04:16 [36mDEBUG[0m [90msrc/aap2_client.c:334:[0m Success
19:04:16 [32mINFO [0m [90msrc/aap2_client.c:418:[0m Bundle sent !
19:04:16 [36mDEBUG[0m [90msrc/aap2_client.c:334:[0m Success
19:04:16 [32mINFO [0m [90msrc/aap2_client.c:418:[0m Bundle sent !
19:04:16 [36mDEBUG[0m [90msrc/aap2_client.c:334:[0m Success
19:04:18 [32mINFO [0m [90msrc/aap2_client.c:418:[0m Bundle sent !
19:04:18 [36mDEBUG[0m [90msrc/aap2_client.c:334:[0m Success
19:04:18 [32mINFO [0m [90msrc/aap2_client.c:418:[0m Bundle sent !
19:04:18 [36mDEBUG[0m [90msrc/aap2_client.c:334:[0m Success
19:04:18 [32mINFO [0m [90msrc/aap2_client.c:418:[0m Bundle sent !
19:04:18 [36mDEBUG[0m [90msrc/aap2_client.c:334:[0m Success
19:04:18 [32mINFO [0m [90msrc/aap2_client.c:418:[0m Bundle sent !
19:04:18 [36mDEBUG[0m [90msrc/aap2_client.c:334:[0m Success
19:04:18 [32mINFO [0m [90msrc/aap2_client.c:418:[0m Bundle sent !
19:04:18 [36mDEBUG[0m [90msrc/aap2_client.c:334:[0m Success
19:04:18 [32mINFO [0m [90msrc/aap2_client.c:418:[0m Bundle sent !
19:04:18 [36mDEBUG[0m [90msrc/aap2_client.c:334:[0m Success
19:04:18 [32mINFO [0m [90msrc/aap2_client.c:418:[0m Bundle sent !
19:04:18 [36mDEBUG[0m [90msrc/aap2_client.c:334:[0m Success
19:04:18 [32mINFO [0m [90msrc/aap2_client.c:418:[0m Bundle sent !
19:04:18 [36mDEBUG[0m [90msrc/aap2_client.c:334:[0m Success
19:04:18 [32mINFO [0m [90msrc/aap2_client.c:418:[0m Bundle sent !
19:04:18 [36mDEBUG[0m [90msrc/aap2_client.c:334:[0m Success
19:04:18 [32mINFO [0m [90msrc/aap2_client.c:418:[0m Bundle sent !
19:04:18 [36mDEBUG[0m [90msrc/aap2_client.c:334:[0m Success
19:04:19 [32mINFO [0m [90msrc/aap2_client.c:418:[0m Bundle sent !
19:04:19 [36mDEBUG[0m [90msrc/aap2_client.c:334:[0m Success
19:04:19 [32mINFO [0m [90msrc/aap2_client.c:418:[0m Bundle sent !
19:04:19 [36mDEBUG[0m [90msrc/aap2_client.c:334:[0m Success
19:04:19 [32mINFO [0m [90msrc/aap2_client.c:418:[0m Bundle sent !
19:04:19 [36mDEBUG[0m [90msrc/aap2_client.c:334:[0m Success
19:04:19 [32mINFO [0m [90msrc/aap2_client.c:418:[0m Bundle sent !
19:04:19 [36mDEBUG[0m [90msrc/aap2_client.c:334:[0m Success
19:04:19 [32mINFO [0m [90msrc/aap2_client.c:418:[0m Bundle sent !
19:04:19 [36mDEBUG[0m [90msrc/aap2_client.c:334:[0m Success
19:04:19 [32mINFO [0m [90msrc/aap2_client.c:418:[0m Bundle sent !
19:04:19 [36mDEBUG[0m [90msrc/aap2_client.c:334:[0m Success
19:04:19 [32mINFO [0m [90msrc/aap2_client.c:418:[0m Bundle sent !
19:04:19 [36mDEBUG[0m [90msrc/aap2_client.c:334:[0m Success
19:04:19 [32mINFO [0m [90msrc/aap2_client.c:418:[0m Bundle sent !
19:04:19 [36mDEBUG[0m [90msrc/aap2_client.c:334:[0m Success
19:04:19 [32mINFO [0m [90msrc/aap2_client.c:418:[0m Bundle sent !
19:04:19 [36mDEBUG[0m [90msrc/aap2_client.c:334:[0m Success
19:04:19 [32mINFO [0m [90msrc/aap2_client.c:418:[0m Bundle sent !
19:04:19 [36mDEBUG[0m [90msrc/aap2_client.c:334:[0m Success
19:04:21 [32mINFO [0m [90msrc/aap2_client.c:418:[0m Bundle sent !
19:04:21 [36mDEBUG[0m [90msrc/aap2_client.c:334:[0m Success
19:04:21 [32mINFO [0m [90msrc/aap2_client.c:418:[0m Bundle sent !
19:04:21 [36mDEBUG[0m [90msrc/aap2_client.c:334:[0m Success
19:04:21 [32mINFO [0m [90msrc/aap2_client.c:418:[0m Bundle sent !
19:04:21 [36mDEBUG[0m [90msrc/aap2_client.c:334:[0m Success
19:04:21 [32mINFO [0m [90msrc/aap2_client.c:418:[0m Bundle sent !
19:04:21 [36mDEBUG[0m [90msrc/aap2_client.c:334:[0m Success
19:04:21 [32mINFO [0m [90msrc/aap2_client.c:418:[0m Bundle sent !
19:04:21 [36mDEBUG[0m [90msrc/aap2_client.c:334:[0m Success
19:04:21 [32mINFO [0m [90msrc/aap2_client.c:418:[0m Bundle sent !
19:04:21 [36mDEBUG[0m [90msrc/aap2_client.c:334:[0m Success
19:04:21 [32mINFO [0m [90msrc/aap2_client.c:418:[0m Bundle sent !
19:04:21 [36mDEBUG[0m [90msrc/aap2_client.c:334:[0m Success
19:04:21 [32mINFO [0m [90msrc/aap2_client.c:418:[0m Bundle sent !
19:04:21 [36mDEBUG[0m [90msrc/aap2_client.c:334:[0m Success
19:04:21 [32mINFO [0m [90msrc/aap2_client.c:418:[0m Bundle sent !
19:04:21 [36mDEBUG[0m [90msrc/aap2_client.c:334:[0m Success
19:04:21 [32mINFO [0m [90msrc/aap2_client.c:418:[0m Bundle sent !
19:04:21 [36mDEBUG[0m [90msrc/aap2_client.c:334:[0m Success
19:04:22 [32mINFO [0m [90msrc/aap2_client.c:418:[0m Bundle sent !
19:04:22 [36mDEBUG[0m [90msrc/aap2_client.c:334:[0m Success
19:04:22 [32mINFO [0m [90msrc/aap2_client.c:418:[0m Bundle sent !
19:04:22 [36mDEBUG[0m [90msrc/aap2_client.c:334:[0m Success
19:04:22 [32mINFO [0m [90msrc/aap2_client.c:418:[0m Bundle sent !
19:04:22 [36mDEBUG[0m [90msrc/aap2_client.c:334:[0m Success
19:04:22 [32mINFO [0m [90msrc/aap2_client.c:418:[0m Bundle sent !
19:04:22 [36mDEBUG[0m [90msrc/aap2_client.c:334:[0m Success
19:04:22 [32mINFO [0m [90msrc/aap2_client.c:418:[0m Bundle sent !
19:04:22 [36mDEBUG[0m [90msrc/aap2_client.c:334:[0m Success
19:04:22 [32mINFO [0m [90msrc/aap2_client.c:418:[0m Bundle sent !
19:04:22 [36mDEBUG[0m [90msrc/aap2_client.c:334:[0m Success
19:04:22 [32mINFO [0m [90msrc/aap2_client.c:418:[0m Bundle sent !
19:04:22 [36mDEBUG[0m [90msrc/aap2_client.c:334:[0m Success
19:04:22 [32mINFO [0m [90msrc/aap2_client.c:418:[0m Bundle sent !
19:04:22 [36mDEBUG[0m [90msrc/aap2_client.c:334:[0m Success
19:04:22 [32mINFO [0m [90msrc/aap2_client.c:418:[0m Bundle sent !
19:04:22 [36mDEBUG[0m [90msrc/aap2_client.c:334:[0m Success
19:04:22 [32mINFO [0m [90msrc/aap2_client.c:418:[0m Bundle sent !
19:04:22 [36mDEBUG[0m [90msrc/aap2_client.c:334:[0m Success
19:04:24 [32mINFO [0m [90msrc/aap2_client.c:418:[0m Bundle sent !
19:04:24 [36mDEBUG[0m [90msrc/aap2_client.c:334:[0m Success
19:04:24 [32mINFO [0m [90msrc/aap2_client.c:418:[0m Bundle sent !
19:04:24 [36mDEBUG[0m [90msrc/aap2_client.c:334:[0m Success
19:04:24 [32mINFO [0m [90msrc/aap2_client.c:418:[0m Bundle sent !
19:04:24 [36mDEBUG[0m [90msrc/aap2_client.c:334:[0m Success
19:04:24 [32mINFO [0m [90msrc/aap2_client.c:418:[0m Bundle sent !
19:04:24 [36mDEBUG[0m [90msrc/aap2_client.c:334:[0m Success
19:04:24 [32mINFO [0m [90msrc/aap2_client.c:418:[0m Bundle sent !
19:04:24 [36mDEBUG[0m [90msrc/aap2_client.c:334:[0m Success
19:04:24 [32mINFO [0m [90msrc/aap2_client.c:418:[0m Bundle sent !
19:04:24 [36mDEBUG[0m [90msrc/aap2_client.c:334:[0m Success
19:04:24 [32mINFO [0m [90msrc/aap2_client.c:418:[0m Bundle sent !
19:04:24 [36mDEBUG[0m [90msrc/aap2_client.c:334:[0m Success
19:04:24 [32mINFO [0m [90msrc/aap2_client.c:418:[0m Bundle sent !
19:04:24 [36mDEBUG[0m [90msrc/aap2_client.c:334:[0m Success
19:04:24 [32mINFO [0m [90msrc/aap2_client.c:418:[0m Bundle sent !
19:04:24 [36mDEBUG[0m [90msrc/aap2_client.c:334:[0m Success
19:04:24 [32mINFO [0m [90msrc/aap2_client.c:418:[0m Bundle sent !
19:04:24 [36mDEBUG[0m [90msrc/aap2_client.c:334:[0m Success
19:04:25 [32mINFO [0m [90msrc/aap2_client.c:418:[0m Bundle sent !
19:04:25 [36mDEBUG[0m [90msrc/aap2_client.c:334:[0m Success
19:04:25 [32mINFO [0m [90msrc/aap2_client.c:418:[0m Bundle sent !
19:04:25 [36mDEBUG[0m [90msrc/aap2_client.c:334:[0m Success
19:04:25 [32mINFO [0m [90msrc/aap2_client.c:418:[0m Bundle sent !
19:04:25 [36mDEBUG[0m [90msrc/aap2_client.c:334:[0m Success
19:04:25 [32mINFO [0m [90msrc/aap2_client.c:418:[0m Bundle sent !
19:04:25 [36mDEBUG[0m [90msrc/aap2_client.c:334:[0m Success
19:04:25 [32mINFO [0m [90msrc/aap2_client.c:418:[0m Bundle sent !
19:04:25 [36mDEBUG[0m [90msrc/aap2_client.c:334:[0m Success
19:04:25 [32mINFO [0m [90msrc/aap2_client.c:418:[0m Bundle sent !
19:04:25 [36mDEBUG[0m [90msrc/aap2_client.c:334:[0m Success
19:04:25 [32mINFO [0m [90msrc/aap2_client.c:418:[0m Bundle sent !
19:04:25 [36mDEBUG[0m [90msrc/aap2_client.c:334:[0m Success
19:04:25 [32mINFO [0m [90msrc/aap2_client.c:418:[0m Bundle sent !
19:04:25 [36mDEBUG[0m [90msrc/aap2_client.c:334:[0m Success
19:04:25 [32mINFO [0m [90msrc/aap2_client.c:418:[0m Bundle sent !
19:04:25 [36mDEBUG[0m [90msrc/aap2_client.c:334:[0m Success
19:04:25 [32mINFO [0m [90msrc/aap2_client.c:418:[0m Bundle sent !
19:04:25 [36mDEBUG[0m [90msrc/aap2_client.c:334:[0m Success
19:04:27 [32mINFO [0m [90msrc/aap2_client.c:418:[0m Bundle sent !
19:04:27 [36mDEBUG[0m [90msrc/aap2_client.c:334:[0m Success
19:04:27 [32mINFO [0m [90msrc/aap2_client.c:418:[0m Bundle sent !
19:04:27 [36mDEBUG[0m [90msrc/aap2_client.c:334:[0m Success
19:04:27 [32mINFO [0m [90msrc/aap2_client.c:418:[0m Bundle sent !
19:04:27 [36mDEBUG[0m [90msrc/aap2_client.c:334:[0m Success
19:04:27 [32mINFO [0m [90msrc/aap2_client.c:418:[0m Bundle sent !
19:04:27 [36mDEBUG[0m [90msrc/aap2_client.c:334:[0m Success
19:04:27 [32mINFO [0m [90msrc/aap2_client.c:418:[0m Bundle sent !
19:04:27 [36mDEBUG[0m [90msrc/aap2_client.c:334:[0m Success
19:04:27 [32mINFO [0m [90msrc/aap2_client.c:418:[0m Bundle sent !
19:04:27 [36mDEBUG[0m [90msrc/aap2_client.c:334:[0m Success
19:04:27 [32mINFO [0m [90msrc/aap2_client.c:418:[0m Bundle sent !
19:04:27 [36mDEBUG[0m [90msrc/aap2_client.c:334:[0m Success
19:04:27 [32mINFO [0m [90msrc/aap2_client.c:418:[0m Bundle sent !
19:04:27 [36mDEBUG[0m [90msrc/aap2_client.c:334:[0m Success
19:04:27 [32mINFO [0m [90msrc/aap2_client.c:418:[0m Bundle sent !
19:04:27 [36mDEBUG[0m [90msrc/aap2_client.c:334:[0m Success
19:04:27 [32mINFO [0m [90msrc/aap2_client.c:418:[0m Bundle sent !
19:04:27 [36mDEBUG[0m [90msrc/aap2_client.c:334:[0m Success
19:04:28 [32mINFO [0m [90msrc/aap2_client.c:418:[0m Bundle sent !
19:04:28 [36mDEBUG[0m [90msrc/aap2_client.c:334:[0m Success
19:04:28 [32mINFO [0m [90msrc/aap2_client.c:418:[0m Bundle sent !
19:04:28 [36mDEBUG[0m [90msrc/aap2_client.c:334:[0m Success
19:04:28 [32mINFO [0m [90msrc/aap2_client.c:418:[0m Bundle sent !
19:04:28 [36mDEBUG[0m [90msrc/aap2_client.c:334:[0m Success
19:04:28 [32mINFO [0m [90msrc/aap2_client.c:418:[0m Bundle sent !
19:04:28 [36mDEBUG[0m [90msrc/aap2_client.c:334:[0m Success
19:04:28 [32mINFO [0m [90msrc/aap2_client.c:418:[0m Bundle sent !
19:04:28 [36mDEBUG[0m [90msrc/aap2_client.c:334:[0m Success
19:04:28 [32mINFO [0m [90msrc/aap2_client.c:418:[0m Bundle sent !
19:04:28 [36mDEBUG[0m [90msrc/aap2_client.c:334:[0m Success
19:04:28 [32mINFO [0m [90msrc/aap2_client.c:418:[0m Bundle sent !
19:04:28 [36mDEBUG[0m [90msrc/aap2_client.c:334:[0m Success
19:04:28 [32mINFO [0m [90msrc/aap2_client.c:418:[0m Bundle sent !
19:04:28 [36mDEBUG[0m [90msrc/aap2_client.c:334:[0m Success
19:04:28 [32mINFO [0m [90msrc/aap2_client.c:418:[0m Bundle sent !
19:04:28 [36mDEBUG[0m [90msrc/aap2_client.c:334:[0m Success
19:04:28 [32mINFO [0m [90msrc/aap2_client.c:418:[0m Bundle sent !
19:04:28 [36mDEBUG[0m [90msrc/aap2_client.c:334:[0m Success
19:04:30 [32mINFO [0m [90msrc/aap2_client.c:418:[0m Bundle sent !
19:04:30 [36mDEBUG[0m [90msrc/aap2_client.c:334:[0m Success
19:04:30 [32mINFO [0m [90msrc/aap2_client.c:418:[0m Bundle sent !
19:04:30 [36mDEBUG[0m [90msrc/aap2_client.c:334:[0m Success
19:04:30 [32mINFO [0m [90msrc/aap2_client.c:418:[0m Bundle sent !
19:04:30 [36mDEBUG[0m [90msrc/aap2_client.c:334:[0m Success
19:04:30 [32mINFO [0m [90msrc/aap2_client.c:418:[0m Bundle sent !
19:04:30 [36mDEBUG[0m [90msrc/aap2_client.c:334:[0m Success
19:04:30 [32mINFO [0m [90msrc/aap2_client.c:418:[0m Bundle sent !
19:04:30 [36mDEBUG[0m [90msrc/aap2_client.c:334:[0m Success
19:04:30 [32mINFO [0m [90msrc/aap2_client.c:418:[0m Bundle sent !
19:04:30 [36mDEBUG[0m [90msrc/aap2_client.c:334:[0m Success
19:04:30 [32mINFO [0m [90msrc/aap2_client.c:418:[0m Bundle sent !
19:04:30 [36mDEBUG[0m [90msrc/aap2_client.c:334:[0m Success
19:04:30 [32mINFO [0m [90msrc/aap2_client.c:418:[0m Bundle sent !
19:04:30 [36mDEBUG[0m [90msrc/aap2_client.c:334:[0m Success
19:04:30 [32mINFO [0m [90msrc/aap2_client.c:418:[0m Bundle sent !
19:04:30 [36mDEBUG[0m [90msrc/aap2_client.c:334:[0m Success
19:04:30 [32mINFO [0m [90msrc/aap2_client.c:418:[0m Bundle sent !
19:04:30 [36mDEBUG[0m [90msrc/aap2_client.c:334:[0m Success
19:04:31 [32mINFO [0m [90msrc/aap2_client.c:418:[0m Bundle sent !
19:04:31 [36mDEBUG[0m [90msrc/aap2_client.c:334:[0m Success
19:04:31 [32mINFO [0m [90msrc/aap2_client.c:418:[0m Bundle sent !
19:04:31 [36mDEBUG[0m [90msrc/aap2_client.c:334:[0m Success
19:04:31 [32mINFO [0m [90msrc/aap2_client.c:418:[0m Bundle sent !
19:04:31 [36mDEBUG[0m [90msrc/aap2_client.c:334:[0m Success
19:04:31 [32mINFO [0m [90msrc/aap2_client.c:418:[0m Bundle sent !
19:04:31 [36mDEBUG[0m [90msrc/aap2_client.c:334:[0m Success
19:04:31 [32mINFO [0m [90msrc/aap2_client.c:418:[0m Bundle sent !
19:04:31 [36mDEBUG[0m [90msrc/aap2_client.c:334:[0m Success
19:04:31 [32mINFO [0m [90msrc/aap2_client.c:418:[0m Bundle sent !
19:04:31 [36mDEBUG[0m [90msrc/aap2_client.c:334:[0m Success
19:04:31 [32mINFO [0m [90msrc/aap2_client.c:418:[0m Bundle sent !
19:04:31 [36mDEBUG[0m [90msrc/aap2_client.c:334:[0m Success
19:04:31 [32mINFO [0m [90msrc/aap2_client.c:418:[0m Bundle sent !
19:04:31 [36mDEBUG[0m [90msrc/aap2_client.c:334:[0m Success
19:04:31 [32mINFO [0m [90msrc/aap2_client.c:418:[0m Bundle sent !
19:04:31 [36mDEBUG[0m [90msrc/aap2_client.c:334:[0m Success
19:04:31 [32mINFO [0m [90msrc/aap2_client.c:418:[0m Bundle sent !
19:04:31 [36mDEBUG[0m [90msrc/aap2_client.c:334:[0m Success
19:04:33 [32mINFO [0m [90msrc/aap2_client.c:418:[0m Bundle sent !
19:04:33 [36mDEBUG[0m [90msrc/aap2_client.c:334:[0m Success
19:04:33 [32mINFO [0m [90msrc/aap2_client.c:418:[0m Bundle sent !
19:04:33 [36mDEBUG[0m [90msrc/aap2_client.c:334:[0m Success
19:04:33 [32mINFO [0m [90msrc/aap2_client.c:418:[0m Bundle sent !
19:04:33 [36mDEBUG[0m [90msrc/aap2_client.c:334:[0m Success
19:04:33 [32mINFO [0m [90msrc/aap2_client.c:418:[0m Bundle sent !
19:04:33 [36mDEBUG[0m [90msrc/aap2_client.c:334:[0m Success
19:04:33 [32mINFO [0m [90msrc/aap2_client.c:418:[0m Bundle sent !
19:04:33 [36mDEBUG[0m [90msrc/aap2_client.c:334:[0m Success
19:04:33 [32mINFO [0m [90msrc/aap2_client.c:418:[0m Bundle sent !
19:04:33 [36mDEBUG[0m [90msrc/aap2_client.c:334:[0m Success
19:04:33 [32mINFO [0m [90msrc/aap2_client.c:418:[0m Bundle sent !
19:04:33 [36mDEBUG[0m [90msrc/aap2_client.c:334:[0m Success
19:04:33 [32mINFO [0m [90msrc/aap2_client.c:418:[0m Bundle sent !
19:04:33 [36mDEBUG[0m [90msrc/aap2_client.c:334:[0m Success
19:04:33 [32mINFO [0m [90msrc/aap2_client.c:418:[0m Bundle sent !
19:04:33 [36mDEBUG[0m [90msrc/aap2_client.c:334:[0m Success
19:04:33 [32mINFO [0m [90msrc/aap2_client.c:418:[0m Bundle sent !
19:04:33 [36mDEBUG[0m [90msrc/aap2_client.c:334:[0m Success
19:04:35 [32mINFO [0m [90msrc/aap2_client.c:418:[0m Bundle sent !
19:04:35 [36mDEBUG[0m [90msrc/aap2_client.c:334:[0m Success
19:04:35 [32mINFO [0m [90msrc/aap2_client.c:418:[0m Bundle sent !
19:04:35 [36mDEBUG[0m [90msrc/aap2_client.c:334:[0m Success
19:04:35 [32mINFO [0m [90msrc/aap2_client.c:418:[0m Bundle sent !
19:04:35 [36mDEBUG[0m [90msrc/aap2_client.c:334:[0m Success
19:04:35 [32mINFO [0m [90msrc/aap2_client.c:418:[0m Bundle sent !
19:04:35 [36mDEBUG[0m [90msrc/aap2_client.c:334:[0m Success
19:04:35 [32mINFO [0m [90msrc/aap2_client.c:418:[0m Bundle sent !
19:04:35 [36mDEBUG[0m [90msrc/aap2_client.c:334:[0m Success
19:04:35 [32mINFO [0m [90msrc/aap2_client.c:418:[0m Bundle sent !
19:04:35 [36mDEBUG[0m [90msrc/aap2_client.c:334:[0m Success
19:04:35 [32mINFO [0m [90msrc/aap2_client.c:418:[0m Bundle sent !
19:04:35 [36mDEBUG[0m [90msrc/aap2_client.c:334:[0m Success
19:04:35 [32mINFO [0m [90msrc/aap2_client.c:418:[0m Bundle sent !
19:04:35 [36mDEBUG[0m [90msrc/aap2_client.c:334:[0m Success
19:04:35 [32mINFO [0m [90msrc/aap2_client.c:418:[0m Bundle sent !
19:04:35 [36mDEBUG[0m [90msrc/aap2_client.c:334:[0m Success
19:04:35 [32mINFO [0m [90msrc/aap2_client.c:418:[0m Bundle sent !
19:04:35 [36mDEBUG[0m [90msrc/aap2_client.c:334:[0m Success
19:04:36 [32mINFO [0m [90msrc/aap2_client.c:418:[0m Bundle sent !
19:04:36 [36mDEBUG[0m [90msrc/aap2_client.c:334:[0m Success
19:04:36 [32mINFO [0m [90msrc/aap2_client.c:418:[0m Bundle sent !
19:04:36 [36mDEBUG[0m [90msrc/aap2_client.c:334:[0m Success
19:04:36 [32mINFO [0m [90msrc/aap2_client.c:418:[0m Bundle sent !
19:04:36 [36mDEBUG[0m [90msrc/aap2_client.c:334:[0m Success
19:04:36 [32mINFO [0m [90msrc/aap2_client.c:418:[0m Bundle sent !
19:04:36 [36mDEBUG[0m [90msrc/aap2_client.c:334:[0m Success
19:04:36 [32mINFO [0m [90msrc/aap2_client.c:418:[0m Bundle sent !
19:04:36 [36mDEBUG[0m [90msrc/aap2_client.c:334:[0m Success
19:04:36 [32mINFO [0m [90msrc/aap2_client.c:418:[0m Bundle sent !
19:04:36 [36mDEBUG[0m [90msrc/aap2_client.c:334:[0m Success
19:04:36 [32mINFO [0m [90msrc/aap2_client.c:418:[0m Bundle sent !
19:04:36 [36mDEBUG[0m [90msrc/aap2_client.c:334:[0m Success
19:04:36 [32mINFO [0m [90msrc/aap2_client.c:418:[0m Bundle sent !
19:04:36 [36mDEBUG[0m [90msrc/aap2_client.c:334:[0m Success
19:04:36 [32mINFO [0m [90msrc/aap2_client.c:418:[0m Bundle sent !
19:04:36 [36mDEBUG[0m [90msrc/aap2_client.c:334:[0m Success
19:04:36 [32mINFO [0m [90msrc/aap2_client.c:418:[0m Bundle sent !
19:04:36 [36mDEBUG[0m [90msrc/aap2_client.c:334:[0m Success
19:04:38 [32mINFO [0m [90msrc/aap2_client.c:418:[0m Bundle sent !
19:04:38 [36mDEBUG[0m [90msrc/aap2_client.c:334:[0m Success
19:04:38 [32mINFO [0m [90msrc/aap2_client.c:418:[0m Bundle sent !
19:04:38 [36mDEBUG[0m [90msrc/aap2_client.c:334:[0m Success
19:04:38 [32mINFO [0m [90msrc/aap2_client.c:418:[0m Bundle sent !
19:04:38 [36mDEBUG[0m [90msrc/aap2_client.c:334:[0m Success
19:04:38 [32mINFO [0m [90msrc/aap2_client.c:418:[0m Bundle sent !
19:04:38 [36mDEBUG[0m [90msrc/aap2_client.c:334:[0m Success
19:04:38 [32mINFO [0m [90msrc/aap2_client.c:418:[0m Bundle sent !
19:04:38 [36mDEBUG[0m [90msrc/aap2_client.c:334:[0m Success
19:04:38 [32mINFO [0m [90msrc/aap2_client.c:418:[0m Bundle sent !
19:04:38 [36mDEBUG[0m [90msrc/aap2_client.c:334:[0m Success
19:04:38 [32mINFO [0m [90msrc/aap2_client.c:418:[0m Bundle sent !
19:04:38 [36mDEBUG[0m [90msrc/aap2_client.c:334:[0m Success
19:04:38 [32mINFO [0m [90msrc/aap2_client.c:418:[0m Bundle sent !
19:04:38 [36mDEBUG[0m [90msrc/aap2_client.c:334:[0m Success
19:04:38 [32mINFO [0m [90msrc/aap2_client.c:418:[0m Bundle sent !
19:04:38 [36mDEBUG[0m [90msrc/aap2_client.c:334:[0m Success
19:04:38 [32mINFO [0m [90msrc/aap2_client.c:418:[0m Bundle sent !
19:04:38 [36mDEBUG[0m [90msrc/aap2_client.c:334:[0m Success
19:04:39 [32mINFO [0m [90msrc/aap2_client.c:418:[0m Bundle sent !
19:04:39 [36mDEBUG[0m [90msrc/aap2_client.c:334:[0m Success
19:04:39 [32mINFO [0m [90msrc/aap2_client.c:418:[0m Bundle sent !
19:04:39 [36mDEBUG[0m [90msrc/aap2_client.c:334:[0m Success
19:04:39 [32mINFO [0m [90msrc/aap2_client.c:418:[0m Bundle sent !
19:04:39 [36mDEBUG[0m [90msrc/aap2_client.c:334:[0m Success
19:04:39 [32mINFO [0m [90msrc/aap2_client.c:418:[0m Bundle sent !
19:04:39 [36mDEBUG[0m [90msrc/aap2_client.c:334:[0m Success
19:04:39 [32mINFO [0m [90msrc/aap2_client.c:418:[0m Bundle sent !
19:04:39 [36mDEBUG[0m [90msrc/aap2_client.c:334:[0m Success
19:04:39 [32mINFO [0m [90msrc/aap2_client.c:418:[0m Bundle sent !
19:04:39 [36mDEBUG[0m [90msrc/aap2_client.c:334:[0m Success
19:04:39 [32mINFO [0m [90msrc/aap2_client.c:418:[0m Bundle sent !
19:04:39 [36mDEBUG[0m [90msrc/aap2_client.c:334:[0m Success
19:04:39 [32mINFO [0m [90msrc/aap2_client.c:418:[0m Bundle sent !
19:04:39 [36mDEBUG[0m [90msrc/aap2_client.c:334:[0m Success
19:04:39 [32mINFO [0m [90msrc/aap2_client.c:418:[0m Bundle sent !
19:04:39 [36mDEBUG[0m [90msrc/aap2_client.c:334:[0m Success
19:04:39 [32mINFO [0m [90msrc/aap2_client.c:418:[0m Bundle sent !
19:04:39 [36mDEBUG[0m [90msrc/aap2_client.c:334:[0m Success
19:04:41 [32mINFO [0m [90msrc/aap2_client.c:418:[0m Bundle sent !
19:04:41 [36mDEBUG[0m [90msrc/aap2_client.c:334:[0m Success
19:04:41 [32mINFO [0m [90msrc/aap2_client.c:418:[0m Bundle sent !
19:04:41 [36mDEBUG[0m [90msrc/aap2_client.c:334:[0m Success
19:04:41 [32mINFO [0m [90msrc/aap2_client.c:418:[0m Bundle sent !
19:04:41 [36mDEBUG[0m [90msrc/aap2_client.c:334:[0m Success
19:04:41 [32mINFO [0m [90msrc/aap2_client.c:418:[0m Bundle sent !
19:04:41 [36mDEBUG[0m [90msrc/aap2_client.c:334:[0m Success
19:04:41 [32mINFO [0m [90msrc/aap2_client.c:418:[0m Bundle sent !
19:04:41 [36mDEBUG[0m [90msrc/aap2_client.c:334:[0m Success
19:04:41 [32mINFO [0m [90msrc/aap2_client.c:418:[0m Bundle sent !
19:04:41 [36mDEBUG[0m [90msrc/aap2_client.c:334:[0m Success
19:04:41 [32mINFO [0m [90msrc/aap2_client.c:418:[0m Bundle sent !
19:04:41 [36mDEBUG[0m [90msrc/aap2_client.c:334:[0m Success
19:04:41 [32mINFO [0m [90msrc/aap2_client.c:418:[0m Bundle sent !
19:04:41 [36mDEBUG[0m [90msrc/aap2_client.c:334:[0m Success
19:04:41 [32mINFO [0m [90msrc/aap2_client.c:418:[0m Bundle sent !
19:04:41 [36mDEBUG[0m [90msrc/aap2_client.c:334:[0m Success
19:04:41 [32mINFO [0m [90msrc/aap2_client.c:418:[0m Bundle sent !
19:04:41 [36mDEBUG[0m [90msrc/aap2_client.c:334:[0m Success
19:04:42 [32mINFO [0m [90msrc/aap2_client.c:418:[0m Bundle sent !
19:04:42 [36mDEBUG[0m [90msrc/aap2_client.c:334:[0m Success
19:04:42 [32mINFO [0m [90msrc/aap2_client.c:418:[0m Bundle sent !
19:04:42 [36mDEBUG[0m [90msrc/aap2_client.c:334:[0m Success
19:04:42 [32mINFO [0m [90msrc/aap2_client.c:418:[0m Bundle sent !
19:04:42 [36mDEBUG[0m [90msrc/aap2_client.c:334:[0m Success
19:04:42 [32mINFO [0m [90msrc/aap2_client.c:418:[0m Bundle sent !
19:04:42 [36mDEBUG[0m [90msrc/aap2_client.c:334:[0m Success
19:04:42 [32mINFO [0m [90msrc/aap2_client.c:418:[0m Bundle sent !
19:04:42 [36mDEBUG[0m [90msrc/aap2_client.c:334:[0m Success
19:04:42 [32mINFO [0m [90msrc/aap2_client.c:418:[0m Bundle sent !
19:04:42 [36mDEBUG[0m [90msrc/aap2_client.c:334:[0m Success
19:04:42 [32mINFO [0m [90msrc/aap2_client.c:418:[0m Bundle sent !
19:04:42 [36mDEBUG[0m [90msrc/aap2_client.c:334:[0m Success
19:04:42 [32mINFO [0m [90msrc/aap2_client.c:418:[0m Bundle sent !
19:04:42 [36mDEBUG[0m [90msrc/aap2_client.c:334:[0m Success
19:04:42 [32mINFO [0m [90msrc/aap2_client.c:418:[0m Bundle sent !
19:04:42 [36mDEBUG[0m [90msrc/aap2_client.c:334:[0m Success
19:04:42 [32mINFO [0m [90msrc/aap2_client.c:418:[0m Bundle sent !
19:04:42 [36mDEBUG[0m [90msrc/aap2_client.c:334:[0m Success
19:04:44 [32mINFO [0m [90msrc/aap2_client.c:418:[0m Bundle sent !
19:04:44 [36mDEBUG[0m [90msrc/aap2_client.c:334:[0m Success
19:04:44 [32mINFO [0m [90msrc/aap2_client.c:418:[0m Bundle sent !
19:04:44 [36mDEBUG[0m [90msrc/aap2_client.c:334:[0m Success
19:04:44 [32mINFO [0m [90msrc/aap2_client.c:418:[0m Bundle sent !
19:04:44 [36mDEBUG[0m [90msrc/aap2_client.c:334:[0m Success
19:04:44 [32mINFO [0m [90msrc/aap2_client.c:418:[0m Bundle sent !
19:04:44 [36mDEBUG[0m [90msrc/aap2_client.c:334:[0m Success
19:04:44 [32mINFO [0m [90msrc/aap2_client.c:418:[0m Bundle sent !
19:04:44 [36mDEBUG[0m [90msrc/aap2_client.c:334:[0m Success
19:04:44 [32mINFO [0m [90msrc/aap2_client.c:418:[0m Bundle sent !
19:04:44 [36mDEBUG[0m [90msrc/aap2_client.c:334:[0m Success
19:04:44 [32mINFO [0m [90msrc/aap2_client.c:418:[0m Bundle sent !
19:04:44 [36mDEBUG[0m [90msrc/aap2_client.c:334:[0m Success
19:04:44 [32mINFO [0m [90msrc/aap2_client.c:418:[0m Bundle sent !
19:04:44 [36mDEBUG[0m [90msrc/aap2_client.c:334:[0m Success
19:04:44 [32mINFO [0m [90msrc/aap2_client.c:418:[0m Bundle sent !
19:04:44 [36mDEBUG[0m [90msrc/aap2_client.c:334:[0m Success
19:04:44 [32mINFO [0m [90msrc/aap2_client.c:418:[0m Bundle sent !
19:04:44 [36mDEBUG[0m [90msrc/aap2_client.c:334:[0m Success
19:04:45 [32mINFO [0m [90msrc/aap2_client.c:418:[0m Bundle sent !
19:04:45 [36mDEBUG[0m [90msrc/aap2_client.c:334:[0m Success
19:04:45 [32mINFO [0m [90msrc/aap2_client.c:418:[0m Bundle sent !
19:04:45 [36mDEBUG[0m [90msrc/aap2_client.c:334:[0m Success
19:04:45 [32mINFO [0m [90msrc/aap2_client.c:418:[0m Bundle sent !
19:04:45 [36mDEBUG[0m [90msrc/aap2_client.c:334:[0m Success
19:04:45 [32mINFO [0m [90msrc/aap2_client.c:418:[0m Bundle sent !
19:04:45 [36mDEBUG[0m [90msrc/aap2_client.c:334:[0m Success
19:04:45 [32mINFO [0m [90msrc/aap2_client.c:418:[0m Bundle sent !
19:04:45 [36mDEBUG[0m [90msrc/aap2_client.c:334:[0m Success
19:04:45 [32mINFO [0m [90msrc/aap2_client.c:418:[0m Bundle sent !
19:04:45 [36mDEBUG[0m [90msrc/aap2_client.c:334:[0m Success
19:04:45 [32mINFO [0m [90msrc/aap2_client.c:418:[0m Bundle sent !
19:04:45 [36mDEBUG[0m [90msrc/aap2_client.c:334:[0m Success
19:04:45 [32mINFO [0m [90msrc/aap2_client.c:418:[0m Bundle sent !
19:04:45 [36mDEBUG[0m [90msrc/aap2_client.c:334:[0m Success
19:04:45 [32mINFO [0m [90msrc/aap2_client.c:418:[0m Bundle sent !
19:04:45 [36mDEBUG[0m [90msrc/aap2_client.c:334:[0m Success
19:04:45 [32mINFO [0m [90msrc/aap2_client.c:418:[0m Bundle sent !
19:04:45 [36mDEBUG[0m [90msrc/aap2_client.c:334:[0m Success
19:04:47 [32mINFO [0m [90msrc/aap2_client.c:418:[0m Bundle sent !
19:04:47 [36mDEBUG[0m [90msrc/aap2_client.c:334:[0m Success
19:04:47 [32mINFO [0m [90msrc/aap2_client.c:418:[0m Bundle sent !
19:04:47 [36mDEBUG[0m [90msrc/aap2_client.c:334:[0m Success
19:04:47 [32mINFO [0m [90msrc/aap2_client.c:418:[0m Bundle sent !
19:04:47 [36mDEBUG[0m [90msrc/aap2_client.c:334:[0m Success
19:04:47 [32mINFO [0m [90msrc/aap2_client.c:418:[0m Bundle sent !
19:04:47 [36mDEBUG[0m [90msrc/aap2_client.c:334:[0m Success
19:04:47 [32mINFO [0m [90msrc/aap2_client.c:418:[0m Bundle sent !
19:04:47 [36mDEBUG[0m [90msrc/aap2_client.c:334:[0m Success
19:04:47 [32mINFO [0m [90msrc/aap2_client.c:418:[0m Bundle sent !
19:04:47 [36mDEBUG[0m [90msrc/aap2_client.c:334:[0m Success
19:04:47 [32mINFO [0m [90msrc/aap2_client.c:418:[0m Bundle sent !
19:04:47 [36mDEBUG[0m [90msrc/aap2_client.c:334:[0m Success
19:04:47 [32mINFO [0m [90msrc/aap2_client.c:418:[0m Bundle sent !
19:04:47 [36mDEBUG[0m [90msrc/aap2_client.c:334:[0m Success
19:04:47 [32mINFO [0m [90msrc/aap2_client.c:418:[0m Bundle sent !
19:04:47 [36mDEBUG[0m [90msrc/aap2_client.c:334:[0m Success
19:04:47 [32mINFO [0m [90msrc/aap2_client.c:418:[0m Bundle sent !
19:04:47 [36mDEBUG[0m [90msrc/aap2_client.c:334:[0m Success
19:04:48 [32mINFO [0m [90msrc/aap2_client.c:418:[0m Bundle sent !
19:04:48 [36mDEBUG[0m [90msrc/aap2_client.c:334:[0m Success
19:04:48 [32mINFO [0m [90msrc/aap2_client.c:418:[0m Bundle sent !
19:04:48 [36mDEBUG[0m [90msrc/aap2_client.c:334:[0m Success
19:04:48 [32mINFO [0m [90msrc/aap2_client.c:418:[0m Bundle sent !
19:04:48 [36mDEBUG[0m [90msrc/aap2_client.c:334:[0m Success
19:04:48 [32mINFO [0m [90msrc/aap2_client.c:418:[0m Bundle sent !
19:04:48 [36mDEBUG[0m [90msrc/aap2_client.c:334:[0m Success
19:04:48 [32mINFO [0m [90msrc/aap2_client.c:418:[0m Bundle sent !
19:04:48 [36mDEBUG[0m [90msrc/aap2_client.c:334:[0m Success
19:04:48 [32mINFO [0m [90msrc/aap2_client.c:418:[0m Bundle sent !
19:04:48 [36mDEBUG[0m [90msrc/aap2_client.c:334:[0m Success
19:04:48 [32mINFO [0m [90msrc/aap2_client.c:418:[0m Bundle sent !
19:04:48 [36mDEBUG[0m [90msrc/aap2_client.c:334:[0m Success
19:04:48 [32mINFO [0m [90msrc/aap2_client.c:418:[0m Bundle sent !
19:04:48 [36mDEBUG[0m [90msrc/aap2_client.c:334:[0m Success
19:04:48 [32mINFO [0m [90msrc/aap2_client.c:418:[0m Bundle sent !
19:04:48 [36mDEBUG[0m [90msrc/aap2_client.c:334:[0m Success
19:04:48 [32mINFO [0m [90msrc/aap2_client.c:418:[0m Bundle sent !
19:04:48 [36mDEBUG[0m [90msrc/aap2_client.c:334:[0m Success
19:04:50 [32mINFO [0m [90msrc/aap2_client.c:418:[0m Bundle sent !
19:04:50 [36mDEBUG[0m [90msrc/aap2_client.c:334:[0m Success
19:04:50 [32mINFO [0m [90msrc/aap2_client.c:418:[0m Bundle sent !
19:04:50 [36mDEBUG[0m [90msrc/aap2_client.c:334:[0m Success
19:04:50 [32mINFO [0m [90msrc/aap2_client.c:418:[0m Bundle sent !
19:04:50 [36mDEBUG[0m [90msrc/aap2_client.c:334:[0m Success
19:04:50 [32mINFO [0m [90msrc/aap2_client.c:418:[0m Bundle sent !
19:04:50 [36mDEBUG[0m [90msrc/aap2_client.c:334:[0m Success
19:04:50 [32mINFO [0m [90msrc/aap2_client.c:418:[0m Bundle sent !
19:04:50 [36mDEBUG[0m [90msrc/aap2_client.c:334:[0m Success
19:04:50 [32mINFO [0m [90msrc/aap2_client.c:418:[0m Bundle sent !
19:04:50 [36mDEBUG[0m [90msrc/aap2_client.c:334:[0m Success
19:04:50 [32mINFO [0m [90msrc/aap2_client.c:418:[0m Bundle sent !
19:04:50 [36mDEBUG[0m [90msrc/aap2_client.c:334:[0m Success
19:04:50 [32mINFO [0m [90msrc/aap2_client.c:418:[0m Bundle sent !
19:04:50 [36mDEBUG[0m [90msrc/aap2_client.c:334:[0m Success
19:04:50 [32mINFO [0m [90msrc/aap2_client.c:418:[0m Bundle sent !
19:04:50 [36mDEBUG[0m [90msrc/aap2_client.c:334:[0m Success
19:04:50 [32mINFO [0m [90msrc/aap2_client.c:418:[0m Bundle sent !
19:04:50 [36mDEBUG[0m [90msrc/aap2_client.c:334:[0m Success
19:04:52 [32mINFO [0m [90msrc/aap2_client.c:418:[0m Bundle sent !
19:04:52 [36mDEBUG[0m [90msrc/aap2_client.c:334:[0m Success
19:04:52 [32mINFO [0m [90msrc/aap2_client.c:418:[0m Bundle sent !
19:04:52 [36mDEBUG[0m [90msrc/aap2_client.c:334:[0m Success
19:04:52 [32mINFO [0m [90msrc/aap2_client.c:418:[0m Bundle sent !
19:04:52 [36mDEBUG[0m [90msrc/aap2_client.c:334:[0m Success
19:04:52 [32mINFO [0m [90msrc/aap2_client.c:418:[0m Bundle sent !
19:04:52 [36mDEBUG[0m [90msrc/aap2_client.c:334:[0m Success
19:04:52 [32mINFO [0m [90msrc/aap2_client.c:418:[0m Bundle sent !
19:04:52 [36mDEBUG[0m [90msrc/aap2_client.c:334:[0m Success
19:04:52 [32mINFO [0m [90msrc/aap2_client.c:418:[0m Bundle sent !
19:04:52 [36mDEBUG[0m [90msrc/aap2_client.c:334:[0m Success
19:04:52 [32mINFO [0m [90msrc/aap2_client.c:418:[0m Bundle sent !
19:04:52 [36mDEBUG[0m [90msrc/aap2_client.c:334:[0m Success
19:04:52 [32mINFO [0m [90msrc/aap2_client.c:418:[0m Bundle sent !
19:04:52 [36mDEBUG[0m [90msrc/aap2_client.c:334:[0m Success
19:04:52 [32mINFO [0m [90msrc/aap2_client.c:418:[0m Bundle sent !
19:04:52 [36mDEBUG[0m [90msrc/aap2_client.c:334:[0m Success
19:04:52 [32mINFO [0m [90msrc/aap2_client.c:418:[0m Bundle sent !
19:04:52 [36mDEBUG[0m [90msrc/aap2_client.c:334:[0m Success
19:04:53 [32mINFO [0m [90msrc/aap2_client.c:418:[0m Bundle sent !
19:04:53 [36mDEBUG[0m [90msrc/aap2_client.c:334:[0m Success
19:04:53 [32mINFO [0m [90msrc/aap2_client.c:418:[0m Bundle sent !
19:04:53 [36mDEBUG[0m [90msrc/aap2_client.c:334:[0m Success
19:04:53 [32mINFO [0m [90msrc/aap2_client.c:418:[0m Bundle sent !
19:04:53 [36mDEBUG[0m [90msrc/aap2_client.c:334:[0m Success
19:04:53 [32mINFO [0m [90msrc/aap2_client.c:418:[0m Bundle sent !
19:04:53 [36mDEBUG[0m [90msrc/aap2_client.c:334:[0m Success
19:04:53 [32mINFO [0m [90msrc/aap2_client.c:418:[0m Bundle sent !
19:04:53 [36mDEBUG[0m [90msrc/aap2_client.c:334:[0m Success
19:04:53 [32mINFO [0m [90msrc/aap2_client.c:418:[0m Bundle sent !
19:04:53 [36mDEBUG[0m [90msrc/aap2_client.c:334:[0m Success
19:04:53 [32mINFO [0m [90msrc/aap2_client.c:418:[0m Bundle sent !
19:04:53 [36mDEBUG[0m [90msrc/aap2_client.c:334:[0m Success
19:04:53 [32mINFO [0m [90msrc/aap2_client.c:418:[0m Bundle sent !
19:04:53 [36mDEBUG[0m [90msrc/aap2_client.c:334:[0m Success
19:04:53 [32mINFO [0m [90msrc/aap2_client.c:418:[0m Bundle sent !
19:04:53 [36mDEBUG[0m [90msrc/aap2_client.c:334:[0m Success
19:04:53 [32mINFO [0m [90msrc/aap2_client.c:418:[0m Bundle sent !
19:04:53 [36mDEBUG[0m [90msrc/aap2_client.c:334:[0m Success
19:04:55 [32mINFO [0m [90msrc/aap2_client.c:418:[0m Bundle sent !
19:04:55 [36mDEBUG[0m [90msrc/aap2_client.c:334:[0m Success
19:04:55 [32mINFO [0m [90msrc/aap2_client.c:418:[0m Bundle sent !
19:04:55 [36mDEBUG[0m [90msrc/aap2_client.c:334:[0m Success
19:04:55 [32mINFO [0m [90msrc/aap2_client.c:418:[0m Bundle sent !
19:04:55 [36mDEBUG[0m [90msrc/aap2_client.c:334:[0m Success
19:04:55 [32mINFO [0m [90msrc/aap2_client.c:418:[0m Bundle sent !
19:04:55 [36mDEBUG[0m [90msrc/aap2_client.c:334:[0m Success
19:04:55 [32mINFO [0m [90msrc/aap2_client.c:418:[0m Bundle sent !
19:04:55 [36mDEBUG[0m [90msrc/aap2_client.c:334:[0m Success
19:04:55 [32mINFO [0m [90msrc/aap2_client.c:418:[0m Bundle sent !
19:04:55 [36mDEBUG[0m [90msrc/aap2_client.c:334:[0m Success
19:04:55 [32mINFO [0m [90msrc/aap2_client.c:418:[0m Bundle sent !
19:04:55 [36mDEBUG[0m [90msrc/aap2_client.c:334:[0m Success
19:04:55 [32mINFO [0m [90msrc/aap2_client.c:418:[0m Bundle sent !
19:04:55 [36mDEBUG[0m [90msrc/aap2_client.c:334:[0m Success
19:04:55 [32mINFO [0m [90msrc/aap2_client.c:418:[0m Bundle sent !
19:04:55 [36mDEBUG[0m [90msrc/aap2_client.c:334:[0m Success
19:04:55 [32mINFO [0m [90msrc/aap2_client.c:418:[0m Bundle sent !
19:04:55 [36mDEBUG[0m [90msrc/aap2_client.c:334:[0m Success
19:04:57 [32mINFO [0m [90msrc/aap2_client.c:418:[0m Bundle sent !
19:04:57 [36mDEBUG[0m [90msrc/aap2_client.c:334:[0m Success
19:04:57 [32mINFO [0m [90msrc/aap2_client.c:418:[0m Bundle sent !
19:04:57 [36mDEBUG[0m [90msrc/aap2_client.c:334:[0m Success
19:04:57 [32mINFO [0m [90msrc/aap2_client.c:418:[0m Bundle sent !
19:04:57 [36mDEBUG[0m [90msrc/aap2_client.c:334:[0m Success
19:04:57 [32mINFO [0m [90msrc/aap2_client.c:418:[0m Bundle sent !
19:04:57 [36mDEBUG[0m [90msrc/aap2_client.c:334:[0m Success
19:04:57 [32mINFO [0m [90msrc/aap2_client.c:418:[0m Bundle sent !
19:04:57 [36mDEBUG[0m [90msrc/aap2_client.c:334:[0m Success
19:04:57 [32mINFO [0m [90msrc/aap2_client.c:418:[0m Bundle sent !
19:04:57 [36mDEBUG[0m [90msrc/aap2_client.c:334:[0m Success
19:04:57 [32mINFO [0m [90msrc/aap2_client.c:418:[0m Bundle sent !
19:04:57 [36mDEBUG[0m [90msrc/aap2_client.c:334:[0m Success
19:04:57 [32mINFO [0m [90msrc/aap2_client.c:418:[0m Bundle sent !
19:04:57 [36mDEBUG[0m [90msrc/aap2_client.c:334:[0m Success
19:04:57 [32mINFO [0m [90msrc/aap2_client.c:418:[0m Bundle sent !
19:04:57 [36mDEBUG[0m [90msrc/aap2_client.c:334:[0m Success
19:04:57 [32mINFO [0m [90msrc/aap2_client.c:418:[0m Bundle sent !
19:04:57 [36mDEBUG[0m [90msrc/aap2_client.c:334:[0m Success
19:04:58 [32mINFO [0m [90msrc/aap2_client.c:418:[0m Bundle sent !
19:04:58 [36mDEBUG[0m [90msrc/aap2_client.c:334:[0m Success
19:04:58 [32mINFO [0m [90msrc/aap2_client.c:418:[0m Bundle sent !
19:04:58 [36mDEBUG[0m [90msrc/aap2_client.c:334:[0m Success
19:04:58 [32mINFO [0m [90msrc/aap2_client.c:418:[0m Bundle sent !
19:04:58 [36mDEBUG[0m [90msrc/aap2_client.c:334:[0m Success
19:04:58 [32mINFO [0m [90msrc/aap2_client.c:418:[0m Bundle sent !
19:04:58 [36mDEBUG[0m [90msrc/aap2_client.c:334:[0m Success
19:04:58 [32mINFO [0m [90msrc/aap2_client.c:418:[0m Bundle sent !
19:04:58 [36mDEBUG[0m [90msrc/aap2_client.c:334:[0m Success
19:04:58 [32mINFO [0m [90msrc/aap2_client.c:418:[0m Bundle sent !
19:04:58 [36mDEBUG[0m [90msrc/aap2_client.c:334:[0m Success
19:04:58 [32mINFO [0m [90msrc/aap2_client.c:418:[0m Bundle sent !
19:04:58 [36mDEBUG[0m [90msrc/aap2_client.c:334:[0m Success
19:04:58 [32mINFO [0m [90msrc/aap2_client.c:418:[0m Bundle sent !
19:04:58 [36mDEBUG[0m [90msrc/aap2_client.c:334:[0m Success
19:04:58 [32mINFO [0m [90msrc/aap2_client.c:418:[0m Bundle sent !
19:04:58 [36mDEBUG[0m [90msrc/aap2_client.c:334:[0m Success
19:04:58 [32mINFO [0m [90msrc/aap2_client.c:418:[0m Bundle sent !
19:04:58 [36mDEBUG[0m [90msrc/aap2_client.c:334:[0m Success
19:04:59 [32mINFO [0m [90msrc/aap2_client.c:418:[0m Bundle sent !
19:04:59 [36mDEBUG[0m [90msrc/aap2_client.c:334:[0m Success
19:04:59 [32mINFO [0m [90msrc/aap2_client.c:418:[0m Bundle sent !
19:04:59 [36mDEBUG[0m [90msrc/aap2_client.c:334:[0m Success
19:04:59 [32mINFO [0m [90msrc/aap2_client.c:418:[0m Bundle sent !
19:04:59 [36mDEBUG[0m [90msrc/aap2_client.c:334:[0m Success
19:04:59 [32mINFO [0m [90msrc/aap2_client.c:418:[0m Bundle sent !
19:04:59 [36mDEBUG[0m [90msrc/aap2_client.c:334:[0m Success
19:04:59 [32mINFO [0m [90msrc/aap2_client.c:418:[0m Bundle sent !
19:04:59 [36mDEBUG[0m [90msrc/aap2_client.c:334:[0m Success
19:04:59 [32mINFO [0m [90msrc/aap2_client.c:418:[0m Bundle sent !
19:04:59 [36mDEBUG[0m [90msrc/aap2_client.c:334:[0m Success
19:04:59 [32mINFO [0m [90msrc/aap2_client.c:418:[0m Bundle sent !
19:04:59 [36mDEBUG[0m [90msrc/aap2_client.c:334:[0m Success
19:04:59 [32mINFO [0m [90msrc/aap2_client.c:418:[0m Bundle sent !
19:04:59 [36mDEBUG[0m [90msrc/aap2_client.c:334:[0m Success
19:04:59 [32mINFO [0m [90msrc/aap2_client.c:418:[0m Bundle sent !
19:04:59 [36mDEBUG[0m [90msrc/aap2_client.c:334:[0m Success
19:04:59 [32mINFO [0m [90msrc/aap2_client.c:418:[0m Bundle sent !
19:04:59 [36mDEBUG[0m [90msrc/aap2_client.c:334:[0m Success
19:05:01 [32mINFO [0m [90msrc/aap2_client.c:418:[0m Bundle sent !
19:05:01 [36mDEBUG[0m [90msrc/aap2_client.c:334:[0m Success
19:05:01 [32mINFO [0m [90msrc/aap2_client.c:418:[0m Bundle sent !
19:05:01 [36mDEBUG[0m [90msrc/aap2_client.c:334:[0m Success
19:05:01 [32mINFO [0m [90msrc/aap2_client.c:418:[0m Bundle sent !
19:05:01 [36mDEBUG[0m [90msrc/aap2_client.c:334:[0m Success
19:05:01 [32mINFO [0m [90msrc/aap2_client.c:418:[0m Bundle sent !
19:05:01 [36mDEBUG[0m [90msrc/aap2_client.c:334:[0m Success
19:05:01 [32mINFO [0m [90msrc/aap2_client.c:418:[0m Bundle sent !
19:05:01 [36mDEBUG[0m [90msrc/aap2_client.c:334:[0m Success
19:05:01 [32mINFO [0m [90msrc/aap2_client.c:418:[0m Bundle sent !
19:05:01 [36mDEBUG[0m [90msrc/aap2_client.c:334:[0m Success
19:05:01 [32mINFO [0m [90msrc/aap2_client.c:418:[0m Bundle sent !
19:05:01 [36mDEBUG[0m [90msrc/aap2_client.c:334:[0m Success
19:05:01 [32mINFO [0m [90msrc/aap2_client.c:418:[0m Bundle sent !
19:05:01 [36mDEBUG[0m [90msrc/aap2_client.c:334:[0m Success
19:05:01 [32mINFO [0m [90msrc/aap2_client.c:418:[0m Bundle sent !
19:05:01 [36mDEBUG[0m [90msrc/aap2_client.c:334:[0m Success
19:05:01 [32mINFO [0m [90msrc/aap2_client.c:418:[0m Bundle sent !
19:05:01 [36mDEBUG[0m [90msrc/aap2_client.c:334:[0m Success
19:05:02 [32mINFO [0m [90msrc/aap2_client.c:418:[0m Bundle sent !
19:05:02 [36mDEBUG[0m [90msrc/aap2_client.c:334:[0m Success
19:05:02 [32mINFO [0m [90msrc/aap2_client.c:418:[0m Bundle sent !
19:05:02 [36mDEBUG[0m [90msrc/aap2_client.c:334:[0m Success
19:05:02 [32mINFO [0m [90msrc/aap2_client.c:418:[0m Bundle sent !
19:05:02 [36mDEBUG[0m [90msrc/aap2_client.c:334:[0m Success
19:05:02 [32mINFO [0m [90msrc/aap2_client.c:418:[0m Bundle sent !
19:05:02 [36mDEBUG[0m [90msrc/aap2_client.c:334:[0m Success
19:05:02 [32mINFO [0m [90msrc/aap2_client.c:418:[0m Bundle sent !
19:05:02 [36mDEBUG[0m [90msrc/aap2_client.c:334:[0m Success
19:05:02 [32mINFO [0m [90msrc/aap2_client.c:418:[0m Bundle sent !
19:05:02 [36mDEBUG[0m [90msrc/aap2_client.c:334:[0m Success
19:05:02 [32mINFO [0m [90msrc/aap2_client.c:418:[0m Bundle sent !
19:05:02 [36mDEBUG[0m [90msrc/aap2_client.c:334:[0m Success
19:05:02 [32mINFO [0m [90msrc/aap2_client.c:418:[0m Bundle sent !
19:05:02 [36mDEBUG[0m [90msrc/aap2_client.c:334:[0m Success
19:05:02 [32mINFO [0m [90msrc/aap2_client.c:418:[0m Bundle sent !
19:05:02 [36mDEBUG[0m [90msrc/aap2_client.c:334:[0m Success
19:05:02 [32mINFO [0m [90msrc/aap2_client.c:418:[0m Bundle sent !
19:05:02 [36mDEBUG[0m [90msrc/aap2_client.c:334:[0m Success
19:05:04 [32mINFO [0m [90msrc/aap2_client.c:418:[0m Bundle sent !
19:05:04 [36mDEBUG[0m [90msrc/aap2_client.c:334:[0m Success
19:05:04 [32mINFO [0m [90msrc/aap2_client.c:418:[0m Bundle sent !
19:05:04 [36mDEBUG[0m [90msrc/aap2_client.c:334:[0m Success
19:05:04 [32mINFO [0m [90msrc/aap2_client.c:418:[0m Bundle sent !
19:05:04 [36mDEBUG[0m [90msrc/aap2_client.c:334:[0m Success
19:05:04 [32mINFO [0m [90msrc/aap2_client.c:418:[0m Bundle sent !
19:05:04 [36mDEBUG[0m [90msrc/aap2_client.c:334:[0m Success
19:05:04 [32mINFO [0m [90msrc/aap2_client.c:418:[0m Bundle sent !
19:05:04 [36mDEBUG[0m [90msrc/aap2_client.c:334:[0m Success
19:05:04 [32mINFO [0m [90msrc/aap2_client.c:418:[0m Bundle sent !
19:05:04 [36mDEBUG[0m [90msrc/aap2_client.c:334:[0m Success
19:05:04 [32mINFO [0m [90msrc/aap2_client.c:418:[0m Bundle sent !
19:05:04 [36mDEBUG[0m [90msrc/aap2_client.c:334:[0m Success
19:05:04 [32mINFO [0m [90msrc/aap2_client.c:418:[0m Bundle sent !
19:05:04 [36mDEBUG[0m [90msrc/aap2_client.c:334:[0m Success
19:05:04 [32mINFO [0m [90msrc/aap2_client.c:418:[0m Bundle sent !
19:05:04 [36mDEBUG[0m [90msrc/aap2_client.c:334:[0m Success
19:05:04 [32mINFO [0m [90msrc/aap2_client.c:418:[0m Bundle sent !
19:05:04 [36mDEBUG[0m [90msrc/aap2_client.c:334:[0m Success
19:05:06 [32mINFO [0m [90msrc/aap2_client.c:418:[0m Bundle sent !
19:05:06 [36mDEBUG[0m [90msrc/aap2_client.c:334:[0m Success
19:05:06 [32mINFO [0m [90msrc/aap2_client.c:418:[0m Bundle sent !
19:05:06 [36mDEBUG[0m [90msrc/aap2_client.c:334:[0m Success
19:05:06 [32mINFO [0m [90msrc/aap2_client.c:418:[0m Bundle sent !
19:05:06 [36mDEBUG[0m [90msrc/aap2_client.c:334:[0m Success
19:05:06 [32mINFO [0m [90msrc/aap2_client.c:418:[0m Bundle sent !
19:05:06 [36mDEBUG[0m [90msrc/aap2_client.c:334:[0m Success
19:05:06 [32mINFO [0m [90msrc/aap2_client.c:418:[0m Bundle sent !
19:05:06 [36mDEBUG[0m [90msrc/aap2_client.c:334:[0m Success
19:05:06 [32mINFO [0m [90msrc/aap2_client.c:418:[0m Bundle sent !
19:05:06 [36mDEBUG[0m [90msrc/aap2_client.c:334:[0m Success
19:05:06 [32mINFO [0m [90msrc/aap2_client.c:418:[0m Bundle sent !
19:05:06 [36mDEBUG[0m [90msrc/aap2_client.c:334:[0m Success
19:05:06 [32mINFO [0m [90msrc/aap2_client.c:418:[0m Bundle sent !
19:05:06 [36mDEBUG[0m [90msrc/aap2_client.c:334:[0m Success
19:05:06 [32mINFO [0m [90msrc/aap2_client.c:418:[0m Bundle sent !
19:05:06 [36mDEBUG[0m [90msrc/aap2_client.c:334:[0m Success
19:05:06 [32mINFO [0m [90msrc/aap2_client.c:418:[0m Bundle sent !
19:05:06 [36mDEBUG[0m [90msrc/aap2_client.c:334:[0m Success
19:05:07 [32mINFO [0m [90msrc/aap2_client.c:418:[0m Bundle sent !
19:05:07 [36mDEBUG[0m [90msrc/aap2_client.c:334:[0m Success
19:05:07 [32mINFO [0m [90msrc/aap2_client.c:418:[0m Bundle sent !
19:05:07 [36mDEBUG[0m [90msrc/aap2_client.c:334:[0m Success
19:05:07 [32mINFO [0m [90msrc/aap2_client.c:418:[0m Bundle sent !
19:05:07 [36mDEBUG[0m [90msrc/aap2_client.c:334:[0m Success
19:05:07 [32mINFO [0m [90msrc/aap2_client.c:418:[0m Bundle sent !
19:05:07 [36mDEBUG[0m [90msrc/aap2_client.c:334:[0m Success
19:05:07 [32mINFO [0m [90msrc/aap2_client.c:418:[0m Bundle sent !
19:05:07 [36mDEBUG[0m [90msrc/aap2_client.c:334:[0m Success
19:05:07 [32mINFO [0m [90msrc/aap2_client.c:418:[0m Bundle sent !
19:05:07 [36mDEBUG[0m [90msrc/aap2_client.c:334:[0m Success
19:05:07 [32mINFO [0m [90msrc/aap2_client.c:418:[0m Bundle sent !
19:05:07 [36mDEBUG[0m [90msrc/aap2_client.c:334:[0m Success
19:05:07 [32mINFO [0m [90msrc/aap2_client.c:418:[0m Bundle sent !
19:05:07 [36mDEBUG[0m [90msrc/aap2_client.c:334:[0m Success
19:05:07 [32mINFO [0m [90msrc/aap2_client.c:418:[0m Bundle sent !
19:05:07 [36mDEBUG[0m [90msrc/aap2_client.c:334:[0m Success
19:05:07 [32mINFO [0m [90msrc/aap2_client.c:418:[0m Bundle sent !
19:05:07 [36mDEBUG[0m [90msrc/aap2_client.c:334:[0m Success
19:05:09 [32mINFO [0m [90msrc/aap2_client.c:418:[0m Bundle sent !
19:05:09 [36mDEBUG[0m [90msrc/aap2_client.c:334:[0m Success
19:05:09 [32mINFO [0m [90msrc/aap2_client.c:418:[0m Bundle sent !
19:05:09 [36mDEBUG[0m [90msrc/aap2_client.c:334:[0m Success
19:05:09 [32mINFO [0m [90msrc/aap2_client.c:418:[0m Bundle sent !
19:05:09 [36mDEBUG[0m [90msrc/aap2_client.c:334:[0m Success
19:05:09 [32mINFO [0m [90msrc/aap2_client.c:418:[0m Bundle sent !
19:05:09 [36mDEBUG[0m [90msrc/aap2_client.c:334:[0m Success
19:05:09 [32mINFO [0m [90msrc/aap2_client.c:418:[0m Bundle sent !
19:05:09 [36mDEBUG[0m [90msrc/aap2_client.c:334:[0m Success
19:05:09 [32mINFO [0m [90msrc/aap2_client.c:418:[0m Bundle sent !
19:05:09 [36mDEBUG[0m [90msrc/aap2_client.c:334:[0m Success
19:05:09 [32mINFO [0m [90msrc/aap2_client.c:418:[0m Bundle sent !
19:05:09 [36mDEBUG[0m [90msrc/aap2_client.c:334:[0m Success
19:05:09 [32mINFO [0m [90msrc/aap2_client.c:418:[0m Bundle sent !
19:05:09 [36mDEBUG[0m [90msrc/aap2_client.c:334:[0m Success
19:05:09 [32mINFO [0m [90msrc/aap2_client.c:418:[0m Bundle sent !
19:05:09 [36mDEBUG[0m [90msrc/aap2_client.c:334:[0m Success
19:05:09 [32mINFO [0m [90msrc/aap2_client.c:418:[0m Bundle sent !
19:05:09 [36mDEBUG[0m [90msrc/aap2_client.c:334:[0m Success
19:05:10 [32mINFO [0m [90msrc/aap2_client.c:418:[0m Bundle sent !
19:05:10 [36mDEBUG[0m [90msrc/aap2_client.c:334:[0m Success
19:05:10 [32mINFO [0m [90msrc/aap2_client.c:418:[0m Bundle sent !
19:05:10 [36mDEBUG[0m [90msrc/aap2_client.c:334:[0m Success
19:05:10 [32mINFO [0m [90msrc/aap2_client.c:418:[0m Bundle sent !
19:05:10 [36mDEBUG[0m [90msrc/aap2_client.c:334:[0m Success
19:05:10 [32mINFO [0m [90msrc/aap2_client.c:418:[0m Bundle sent !
19:05:10 [36mDEBUG[0m [90msrc/aap2_client.c:334:[0m Success
19:05:10 [32mINFO [0m [90msrc/aap2_client.c:418:[0m Bundle sent !
19:05:10 [36mDEBUG[0m [90msrc/aap2_client.c:334:[0m Success
19:05:10 [32mINFO [0m [90msrc/aap2_client.c:418:[0m Bundle sent !
19:05:10 [36mDEBUG[0m [90msrc/aap2_client.c:334:[0m Success
19:05:10 [32mINFO [0m [90msrc/aap2_client.c:418:[0m Bundle sent !
19:05:10 [36mDEBUG[0m [90msrc/aap2_client.c:334:[0m Success
19:05:10 [32mINFO [0m [90msrc/aap2_client.c:418:[0m Bundle sent !
19:05:10 [36mDEBUG[0m [90msrc/aap2_client.c:334:[0m Success
19:05:10 [32mINFO [0m [90msrc/aap2_client.c:418:[0m Bundle sent !
19:05:10 [36mDEBUG[0m [90msrc/aap2_client.c:334:[0m Success
19:05:10 [32mINFO [0m [90msrc/aap2_client.c:418:[0m Bundle sent !
19:05:10 [36mDEBUG[0m [90msrc/aap2_client.c:334:[0m Success
19:05:12 [32mINFO [0m [90msrc/aap2_client.c:418:[0m Bundle sent !
19:05:12 [36mDEBUG[0m [90msrc/aap2_client.c:334:[0m Success
19:05:12 [32mINFO [0m [90msrc/aap2_client.c:418:[0m Bundle sent !
19:05:12 [36mDEBUG[0m [90msrc/aap2_client.c:334:[0m Success
19:05:12 [32mINFO [0m [90msrc/aap2_client.c:418:[0m Bundle sent !
19:05:12 [36mDEBUG[0m [90msrc/aap2_client.c:334:[0m Success
19:05:12 [32mINFO [0m [90msrc/aap2_client.c:418:[0m Bundle sent !
19:05:12 [36mDEBUG[0m [90msrc/aap2_client.c:334:[0m Success
19:05:12 [32mINFO [0m [90msrc/aap2_client.c:418:[0m Bundle sent !
19:05:12 [36mDEBUG[0m [90msrc/aap2_client.c:334:[0m Success
19:05:12 [32mINFO [0m [90msrc/aap2_client.c:418:[0m Bundle sent !
19:05:12 [36mDEBUG[0m [90msrc/aap2_client.c:334:[0m Success
19:05:12 [32mINFO [0m [90msrc/aap2_client.c:418:[0m Bundle sent !
19:05:12 [36mDEBUG[0m [90msrc/aap2_client.c:334:[0m Success
19:05:12 [32mINFO [0m [90msrc/aap2_client.c:418:[0m Bundle sent !
19:05:12 [36mDEBUG[0m [90msrc/aap2_client.c:334:[0m Success
19:05:12 [32mINFO [0m [90msrc/aap2_client.c:418:[0m Bundle sent !
19:05:12 [36mDEBUG[0m [90msrc/aap2_client.c:334:[0m Success
19:05:12 [32mINFO [0m [90msrc/aap2_client.c:418:[0m Bundle sent !
19:05:12 [36mDEBUG[0m [90msrc/aap2_client.c:334:[0m Success
19:05:13 [32mINFO [0m [90msrc/aap2_client.c:418:[0m Bundle sent !
19:05:13 [36mDEBUG[0m [90msrc/aap2_client.c:334:[0m Success
19:05:13 [32mINFO [0m [90msrc/aap2_client.c:418:[0m Bundle sent !
19:05:13 [36mDEBUG[0m [90msrc/aap2_client.c:334:[0m Success
19:05:13 [32mINFO [0m [90msrc/aap2_client.c:418:[0m Bundle sent !
19:05:13 [36mDEBUG[0m [90msrc/aap2_client.c:334:[0m Success
19:05:13 [32mINFO [0m [90msrc/aap2_client.c:418:[0m Bundle sent !
19:05:13 [36mDEBUG[0m [90msrc/aap2_client.c:334:[0m Success
19:05:13 [32mINFO [0m [90msrc/aap2_client.c:418:[0m Bundle sent !
19:05:13 [36mDEBUG[0m [90msrc/aap2_client.c:334:[0m Success
19:05:13 [32mINFO [0m [90msrc/aap2_client.c:418:[0m Bundle sent !
19:05:13 [36mDEBUG[0m [90msrc/aap2_client.c:334:[0m Success
19:05:13 [32mINFO [0m [90msrc/aap2_client.c:418:[0m Bundle sent !
19:05:13 [36mDEBUG[0m [90msrc/aap2_client.c:334:[0m Success
19:05:13 [32mINFO [0m [90msrc/aap2_client.c:418:[0m Bundle sent !
19:05:13 [36mDEBUG[0m [90msrc/aap2_client.c:334:[0m Success
19:05:13 [32mINFO [0m [90msrc/aap2_client.c:418:[0m Bundle sent !
19:05:13 [36mDEBUG[0m [90msrc/aap2_client.c:334:[0m Success
19:05:13 [32mINFO [0m [90msrc/aap2_client.c:418:[0m Bundle sent !
19:05:13 [36mDEBUG[0m [90msrc/aap2_client.c:334:[0m Success
19:05:15 [32mINFO [0m [90msrc/aap2_client.c:418:[0m Bundle sent !
19:05:15 [36mDEBUG[0m [90msrc/aap2_client.c:334:[0m Success
19:05:15 [32mINFO [0m [90msrc/aap2_client.c:418:[0m Bundle sent !
19:05:15 [36mDEBUG[0m [90msrc/aap2_client.c:334:[0m Success
19:05:15 [32mINFO [0m [90msrc/aap2_client.c:418:[0m Bundle sent !
19:05:15 [36mDEBUG[0m [90msrc/aap2_client.c:334:[0m Success
19:05:15 [32mINFO [0m [90msrc/aap2_client.c:418:[0m Bundle sent !
19:05:15 [36mDEBUG[0m [90msrc/aap2_client.c:334:[0m Success
19:05:15 [32mINFO [0m [90msrc/aap2_client.c:418:[0m Bundle sent !
19:05:15 [36mDEBUG[0m [90msrc/aap2_client.c:334:[0m Success
19:05:15 [32mINFO [0m [90msrc/aap2_client.c:418:[0m Bundle sent !
19:05:15 [36mDEBUG[0m [90msrc/aap2_client.c:334:[0m Success
19:05:15 [32mINFO [0m [90msrc/aap2_client.c:418:[0m Bundle sent !
19:05:15 [36mDEBUG[0m [90msrc/aap2_client.c:334:[0m Success
19:05:15 [32mINFO [0m [90msrc/aap2_client.c:418:[0m Bundle sent !
19:05:15 [36mDEBUG[0m [90msrc/aap2_client.c:334:[0m Success
19:05:15 [32mINFO [0m [90msrc/aap2_client.c:418:[0m Bundle sent !
19:05:15 [36mDEBUG[0m [90msrc/aap2_client.c:334:[0m Success
19:05:15 [32mINFO [0m [90msrc/aap2_client.c:418:[0m Bundle sent !
19:05:15 [36mDEBUG[0m [90msrc/aap2_client.c:334:[0m Success
19:05:16 [32mINFO [0m [90msrc/aap2_client.c:418:[0m Bundle sent !
19:05:16 [36mDEBUG[0m [90msrc/aap2_client.c:334:[0m Success
19:05:16 [32mINFO [0m [90msrc/aap2_client.c:418:[0m Bundle sent !
19:05:16 [36mDEBUG[0m [90msrc/aap2_client.c:334:[0m Success
19:05:16 [32mINFO [0m [90msrc/aap2_client.c:418:[0m Bundle sent !
19:05:16 [36mDEBUG[0m [90msrc/aap2_client.c:334:[0m Success
19:05:16 [32mINFO [0m [90msrc/aap2_client.c:418:[0m Bundle sent !
19:05:16 [36mDEBUG[0m [90msrc/aap2_client.c:334:[0m Success
19:05:16 [32mINFO [0m [90msrc/aap2_client.c:418:[0m Bundle sent !
19:05:16 [36mDEBUG[0m [90msrc/aap2_client.c:334:[0m Success
19:05:16 [32mINFO [0m [90msrc/aap2_client.c:418:[0m Bundle sent !
19:05:16 [36mDEBUG[0m [90msrc/aap2_client.c:334:[0m Success
19:05:16 [32mINFO [0m [90msrc/aap2_client.c:418:[0m Bundle sent !
19:05:16 [36mDEBUG[0m [90msrc/aap2_client.c:334:[0m Success
19:05:16 [32mINFO [0m [90msrc/aap2_client.c:418:[0m Bundle sent !
19:05:16 [36mDEBUG[0m [90msrc/aap2_client.c:334:[0m Success
19:05:16 [32mINFO [0m [90msrc/aap2_client.c:418:[0m Bundle sent !
19:05:16 [36mDEBUG[0m [90msrc/aap2_client.c:334:[0m Success
19:05:16 [32mINFO [0m [90msrc/aap2_client.c:418:[0m Bundle sent !
19:05:16 [36mDEBUG[0m [90msrc/aap2_client.c:334:[0m Success
19:05:18 [32mINFO [0m [90msrc/aap2_client.c:418:[0m Bundle sent !
19:05:18 [36mDEBUG[0m [90msrc/aap2_client.c:334:[0m Success
19:05:18 [32mINFO [0m [90msrc/aap2_client.c:418:[0m Bundle sent !
19:05:18 [36mDEBUG[0m [90msrc/aap2_client.c:334:[0m Success
19:05:18 [32mINFO [0m [90msrc/aap2_client.c:418:[0m Bundle sent !
19:05:18 [36mDEBUG[0m [90msrc/aap2_client.c:334:[0m Success
19:05:18 [32mINFO [0m [90msrc/aap2_client.c:418:[0m Bundle sent !
19:05:18 [36mDEBUG[0m [90msrc/aap2_client.c:334:[0m Success
19:05:18 [32mINFO [0m [90msrc/aap2_client.c:418:[0m Bundle sent !
19:05:18 [36mDEBUG[0m [90msrc/aap2_client.c:334:[0m Success
19:05:18 [32mINFO [0m [90msrc/aap2_client.c:418:[0m Bundle sent !
19:05:18 [36mDEBUG[0m [90msrc/aap2_client.c:334:[0m Success
19:05:18 [32mINFO [0m [90msrc/aap2_client.c:418:[0m Bundle sent !
19:05:18 [36mDEBUG[0m [90msrc/aap2_client.c:334:[0m Success
19:05:18 [32mINFO [0m [90msrc/aap2_client.c:418:[0m Bundle sent !
19:05:18 [36mDEBUG[0m [90msrc/aap2_client.c:334:[0m Success
19:05:18 [32mINFO [0m [90msrc/aap2_client.c:418:[0m Bundle sent !
19:05:18 [36mDEBUG[0m [90msrc/aap2_client.c:334:[0m Success
19:05:18 [32mINFO [0m [90msrc/aap2_client.c:418:[0m Bundle sent !
19:05:18 [36mDEBUG[0m [90msrc/aap2_client.c:334:[0m Success
19:05:19 [32mINFO [0m [90msrc/aap2_client.c:418:[0m Bundle sent !
19:05:19 [36mDEBUG[0m [90msrc/aap2_client.c:334:[0m Success
19:05:19 [32mINFO [0m [90msrc/aap2_client.c:418:[0m Bundle sent !
19:05:19 [36mDEBUG[0m [90msrc/aap2_client.c:334:[0m Success
19:05:19 [32mINFO [0m [90msrc/aap2_client.c:418:[0m Bundle sent !
19:05:19 [36mDEBUG[0m [90msrc/aap2_client.c:334:[0m Success
19:05:19 [32mINFO [0m [90msrc/aap2_client.c:418:[0m Bundle sent !
19:05:19 [36mDEBUG[0m [90msrc/aap2_client.c:334:[0m Success
19:05:19 [32mINFO [0m [90msrc/aap2_client.c:418:[0m Bundle sent !
19:05:19 [36mDEBUG[0m [90msrc/aap2_client.c:334:[0m Success
19:05:19 [32mINFO [0m [90msrc/aap2_client.c:418:[0m Bundle sent !
19:05:19 [36mDEBUG[0m [90msrc/aap2_client.c:334:[0m Success
19:05:19 [32mINFO [0m [90msrc/aap2_client.c:418:[0m Bundle sent !
19:05:19 [36mDEBUG[0m [90msrc/aap2_client.c:334:[0m Success
19:05:19 [32mINFO [0m [90msrc/aap2_client.c:418:[0m Bundle sent !
19:05:19 [36mDEBUG[0m [90msrc/aap2_client.c:334:[0m Success
19:05:19 [32mINFO [0m [90msrc/aap2_client.c:418:[0m Bundle sent !
19:05:19 [36mDEBUG[0m [90msrc/aap2_client.c:334:[0m Success
19:05:19 [32mINFO [0m [90msrc/aap2_client.c:418:[0m Bundle sent !
19:05:19 [36mDEBUG[0m [90msrc/aap2_client.c:334:[0m Success
19:05:21 [32mINFO [0m [90msrc/aap2_client.c:418:[0m Bundle sent !
19:05:21 [36mDEBUG[0m [90msrc/aap2_client.c:334:[0m Success
19:05:21 [32mINFO [0m [90msrc/aap2_client.c:418:[0m Bundle sent !
19:05:21 [36mDEBUG[0m [90msrc/aap2_client.c:334:[0m Success
19:05:21 [32mINFO [0m [90msrc/aap2_client.c:418:[0m Bundle sent !
19:05:21 [36mDEBUG[0m [90msrc/aap2_client.c:334:[0m Success
19:05:21 [32mINFO [0m [90msrc/aap2_client.c:418:[0m Bundle sent !
19:05:21 [36mDEBUG[0m [90msrc/aap2_client.c:334:[0m Success
19:05:21 [32mINFO [0m [90msrc/aap2_client.c:418:[0m Bundle sent !
19:05:21 [36mDEBUG[0m [90msrc/aap2_client.c:334:[0m Success
19:05:21 [32mINFO [0m [90msrc/aap2_client.c:418:[0m Bundle sent !
19:05:21 [36mDEBUG[0m [90msrc/aap2_client.c:334:[0m Success
19:05:21 [32mINFO [0m [90msrc/aap2_client.c:418:[0m Bundle sent !
19:05:21 [36mDEBUG[0m [90msrc/aap2_client.c:334:[0m Success
19:05:21 [32mINFO [0m [90msrc/aap2_client.c:418:[0m Bundle sent !
19:05:21 [36mDEBUG[0m [90msrc/aap2_client.c:334:[0m Success
19:05:21 [32mINFO [0m [90msrc/aap2_client.c:418:[0m Bundle sent !
19:05:21 [36mDEBUG[0m [90msrc/aap2_client.c:334:[0m Success
19:05:21 [32mINFO [0m [90msrc/aap2_client.c:418:[0m Bundle sent !
19:05:21 [36mDEBUG[0m [90msrc/aap2_client.c:334:[0m Success
19:05:22 [32mINFO [0m [90msrc/aap2_client.c:418:[0m Bundle sent !
19:05:22 [36mDEBUG[0m [90msrc/aap2_client.c:334:[0m Success
19:05:22 [32mINFO [0m [90msrc/aap2_client.c:418:[0m Bundle sent !
19:05:22 [36mDEBUG[0m [90msrc/aap2_client.c:334:[0m Success
19:05:22 [32mINFO [0m [90msrc/aap2_client.c:418:[0m Bundle sent !
19:05:22 [36mDEBUG[0m [90msrc/aap2_client.c:334:[0m Success
19:05:22 [32mINFO [0m [90msrc/aap2_client.c:418:[0m Bundle sent !
19:05:22 [36mDEBUG[0m [90msrc/aap2_client.c:334:[0m Success
19:05:22 [32mINFO [0m [90msrc/aap2_client.c:418:[0m Bundle sent !
19:05:22 [36mDEBUG[0m [90msrc/aap2_client.c:334:[0m Success
19:05:22 [32mINFO [0m [90msrc/aap2_client.c:418:[0m Bundle sent !
19:05:22 [36mDEBUG[0m [90msrc/aap2_client.c:334:[0m Success
19:05:22 [32mINFO [0m [90msrc/aap2_client.c:418:[0m Bundle sent !
19:05:22 [36mDEBUG[0m [90msrc/aap2_client.c:334:[0m Success
19:05:22 [32mINFO [0m [90msrc/aap2_client.c:418:[0m Bundle sent !
19:05:22 [36mDEBUG[0m [90msrc/aap2_client.c:334:[0m Success
19:05:22 [32mINFO [0m [90msrc/aap2_client.c:418:[0m Bundle sent !
19:05:22 [36mDEBUG[0m [90msrc/aap2_client.c:334:[0m Success
19:05:22 [32mINFO [0m [90msrc/aap2_client.c:418:[0m Bundle sent !
19:05:22 [36mDEBUG[0m [90msrc/aap2_client.c:334:[0m Success
19:05:24 [32mINFO [0m [90msrc/aap2_client.c:418:[0m Bundle sent !
19:05:24 [36mDEBUG[0m [90msrc/aap2_client.c:334:[0m Success
19:05:24 [32mINFO [0m [90msrc/aap2_client.c:418:[0m Bundle sent !
19:05:24 [36mDEBUG[0m [90msrc/aap2_client.c:334:[0m Success
19:05:24 [32mINFO [0m [90msrc/aap2_client.c:418:[0m Bundle sent !
19:05:24 [36mDEBUG[0m [90msrc/aap2_client.c:334:[0m Success
19:05:24 [32mINFO [0m [90msrc/aap2_client.c:418:[0m Bundle sent !
19:05:24 [36mDEBUG[0m [90msrc/aap2_client.c:334:[0m Success
19:05:24 [32mINFO [0m [90msrc/aap2_client.c:418:[0m Bundle sent !
19:05:24 [36mDEBUG[0m [90msrc/aap2_client.c:334:[0m Success
19:05:24 [32mINFO [0m [90msrc/aap2_client.c:418:[0m Bundle sent !
19:05:24 [36mDEBUG[0m [90msrc/aap2_client.c:334:[0m Success
19:05:24 [32mINFO [0m [90msrc/aap2_client.c:418:[0m Bundle sent !
19:05:24 [36mDEBUG[0m [90msrc/aap2_client.c:334:[0m Success
19:05:24 [32mINFO [0m [90msrc/aap2_client.c:418:[0m Bundle sent !
19:05:24 [36mDEBUG[0m [90msrc/aap2_client.c:334:[0m Success
19:05:24 [32mINFO [0m [90msrc/aap2_client.c:418:[0m Bundle sent !
19:05:24 [36mDEBUG[0m [90msrc/aap2_client.c:334:[0m Success
19:05:24 [32mINFO [0m [90msrc/aap2_client.c:418:[0m Bundle sent !
19:05:24 [36mDEBUG[0m [90msrc/aap2_client.c:334:[0m Success
19:05:26 [32mINFO [0m [90msrc/aap2_client.c:418:[0m Bundle sent !
19:05:26 [36mDEBUG[0m [90msrc/aap2_client.c:334:[0m Success
19:05:26 [32mINFO [0m [90msrc/aap2_client.c:418:[0m Bundle sent !
19:05:26 [36mDEBUG[0m [90msrc/aap2_client.c:334:[0m Success
19:05:26 [32mINFO [0m [90msrc/aap2_client.c:418:[0m Bundle sent !
19:05:26 [36mDEBUG[0m [90msrc/aap2_client.c:334:[0m Success
19:05:26 [32mINFO [0m [90msrc/aap2_client.c:418:[0m Bundle sent !
19:05:26 [36mDEBUG[0m [90msrc/aap2_client.c:334:[0m Success
19:05:26 [32mINFO [0m [90msrc/aap2_client.c:418:[0m Bundle sent !
19:05:26 [36mDEBUG[0m [90msrc/aap2_client.c:334:[0m Success
19:05:26 [32mINFO [0m [90msrc/aap2_client.c:418:[0m Bundle sent !
19:05:26 [36mDEBUG[0m [90msrc/aap2_client.c:334:[0m Success
19:05:26 [32mINFO [0m [90msrc/aap2_client.c:418:[0m Bundle sent !
19:05:26 [36mDEBUG[0m [90msrc/aap2_client.c:334:[0m Success
19:05:26 [32mINFO [0m [90msrc/aap2_client.c:418:[0m Bundle sent !
19:05:26 [36mDEBUG[0m [90msrc/aap2_client.c:334:[0m Success
19:05:26 [32mINFO [0m [90msrc/aap2_client.c:418:[0m Bundle sent !
19:05:26 [36mDEBUG[0m [90msrc/aap2_client.c:334:[0m Success
19:05:26 [32mINFO [0m [90msrc/aap2_client.c:418:[0m Bundle sent !
19:05:26 [36mDEBUG[0m [90msrc/aap2_client.c:334:[0m Success
19:05:27 [32mINFO [0m [90msrc/aap2_client.c:418:[0m Bundle sent !
19:05:27 [36mDEBUG[0m [90msrc/aap2_client.c:334:[0m Success
19:05:27 [32mINFO [0m [90msrc/aap2_client.c:418:[0m Bundle sent !
19:05:27 [36mDEBUG[0m [90msrc/aap2_client.c:334:[0m Success
19:05:27 [32mINFO [0m [90msrc/aap2_client.c:418:[0m Bundle sent !
19:05:27 [36mDEBUG[0m [90msrc/aap2_client.c:334:[0m Success
19:05:27 [32mINFO [0m [90msrc/aap2_client.c:418:[0m Bundle sent !
19:05:27 [36mDEBUG[0m [90msrc/aap2_client.c:334:[0m Success
19:05:27 [32mINFO [0m [90msrc/aap2_client.c:418:[0m Bundle sent !
19:05:27 [36mDEBUG[0m [90msrc/aap2_client.c:334:[0m Success
19:05:27 [32mINFO [0m [90msrc/aap2_client.c:418:[0m Bundle sent !
19:05:27 [36mDEBUG[0m [90msrc/aap2_client.c:334:[0m Success
19:05:27 [32mINFO [0m [90msrc/aap2_client.c:418:[0m Bundle sent !
19:05:27 [36mDEBUG[0m [90msrc/aap2_client.c:334:[0m Success
19:05:27 [32mINFO [0m [90msrc/aap2_client.c:418:[0m Bundle sent !
19:05:27 [36mDEBUG[0m [90msrc/aap2_client.c:334:[0m Success
19:05:27 [32mINFO [0m [90msrc/aap2_client.c:418:[0m Bundle sent !
19:05:27 [36mDEBUG[0m [90msrc/aap2_client.c:334:[0m Success
19:05:27 [32mINFO [0m [90msrc/aap2_client.c:418:[0m Bundle sent !
19:05:27 [36mDEBUG[0m [90msrc/aap2_client.c:334:[0m Success
19:05:29 [32mINFO [0m [90msrc/aap2_client.c:418:[0m Bundle sent !
19:05:29 [36mDEBUG[0m [90msrc/aap2_client.c:334:[0m Success
19:05:29 [32mINFO [0m [90msrc/aap2_client.c:418:[0m Bundle sent !
19:05:29 [36mDEBUG[0m [90msrc/aap2_client.c:334:[0m Success
19:05:29 [32mINFO [0m [90msrc/aap2_client.c:418:[0m Bundle sent !
19:05:29 [36mDEBUG[0m [90msrc/aap2_client.c:334:[0m Success
19:05:29 [32mINFO [0m [90msrc/aap2_client.c:418:[0m Bundle sent !
19:05:29 [36mDEBUG[0m [90msrc/aap2_client.c:334:[0m Success
19:05:29 [32mINFO [0m [90msrc/aap2_client.c:418:[0m Bundle sent !
19:05:29 [36mDEBUG[0m [90msrc/aap2_client.c:334:[0m Success
19:05:29 [32mINFO [0m [90msrc/aap2_client.c:418:[0m Bundle sent !
19:05:29 [36mDEBUG[0m [90msrc/aap2_client.c:334:[0m Success
19:05:29 [32mINFO [0m [90msrc/aap2_client.c:418:[0m Bundle sent !
19:05:29 [36mDEBUG[0m [90msrc/aap2_client.c:334:[0m Success
19:05:29 [32mINFO [0m [90msrc/aap2_client.c:418:[0m Bundle sent !
19:05:29 [36mDEBUG[0m [90msrc/aap2_client.c:334:[0m Success
19:05:29 [32mINFO [0m [90msrc/aap2_client.c:418:[0m Bundle sent !
19:05:29 [36mDEBUG[0m [90msrc/aap2_client.c:334:[0m Success
19:05:29 [32mINFO [0m [90msrc/aap2_client.c:418:[0m Bundle sent !
19:05:29 [36mDEBUG[0m [90msrc/aap2_client.c:334:[0m Success
19:05:30 [32mINFO [0m [90msrc/aap2_client.c:418:[0m Bundle sent !
19:05:30 [36mDEBUG[0m [90msrc/aap2_client.c:334:[0m Success
19:05:30 [32mINFO [0m [90msrc/aap2_client.c:418:[0m Bundle sent !
19:05:30 [36mDEBUG[0m [90msrc/aap2_client.c:334:[0m Success
19:05:30 [32mINFO [0m [90msrc/aap2_client.c:418:[0m Bundle sent !
19:05:30 [36mDEBUG[0m [90msrc/aap2_client.c:334:[0m Success
19:05:30 [32mINFO [0m [90msrc/aap2_client.c:418:[0m Bundle sent !
19:05:30 [36mDEBUG[0m [90msrc/aap2_client.c:334:[0m Success
19:05:30 [32mINFO [0m [90msrc/aap2_client.c:418:[0m Bundle sent !
19:05:30 [36mDEBUG[0m [90msrc/aap2_client.c:334:[0m Success
19:05:30 [32mINFO [0m [90msrc/aap2_client.c:418:[0m Bundle sent !
19:05:30 [36mDEBUG[0m [90msrc/aap2_client.c:334:[0m Success
19:05:30 [32mINFO [0m [90msrc/aap2_client.c:418:[0m Bundle sent !
19:05:30 [36mDEBUG[0m [90msrc/aap2_client.c:334:[0m Success
19:05:30 [32mINFO [0m [90msrc/aap2_client.c:418:[0m Bundle sent !
19:05:30 [36mDEBUG[0m [90msrc/aap2_client.c:334:[0m Success
19:05:30 [32mINFO [0m [90msrc/aap2_client.c:418:[0m Bundle sent !
19:05:30 [36mDEBUG[0m [90msrc/aap2_client.c:334:[0m Success
19:05:30 [32mINFO [0m [90msrc/aap2_client.c:418:[0m Bundle sent !
19:05:30 [36mDEBUG[0m [90msrc/aap2_client.c:334:[0m Success
19:05:32 [32mINFO [0m [90msrc/aap2_client.c:418:[0m Bundle sent !
19:05:32 [36mDEBUG[0m [90msrc/aap2_client.c:334:[0m Success
19:05:32 [32mINFO [0m [90msrc/aap2_client.c:418:[0m Bundle sent !
19:05:32 [36mDEBUG[0m [90msrc/aap2_client.c:334:[0m Success
19:05:32 [32mINFO [0m [90msrc/aap2_client.c:418:[0m Bundle sent !
19:05:32 [36mDEBUG[0m [90msrc/aap2_client.c:334:[0m Success
19:05:32 [32mINFO [0m [90msrc/aap2_client.c:418:[0m Bundle sent !
19:05:32 [36mDEBUG[0m [90msrc/aap2_client.c:334:[0m Success
19:05:32 [32mINFO [0m [90msrc/aap2_client.c:418:[0m Bundle sent !
19:05:32 [36mDEBUG[0m [90msrc/aap2_client.c:334:[0m Success
19:05:32 [32mINFO [0m [90msrc/aap2_client.c:418:[0m Bundle sent !
19:05:32 [36mDEBUG[0m [90msrc/aap2_client.c:334:[0m Success
19:05:32 [32mINFO [0m [90msrc/aap2_client.c:418:[0m Bundle sent !
19:05:32 [36mDEBUG[0m [90msrc/aap2_client.c:334:[0m Success
19:05:32 [32mINFO [0m [90msrc/aap2_client.c:418:[0m Bundle sent !
19:05:32 [36mDEBUG[0m [90msrc/aap2_client.c:334:[0m Success
19:05:32 [32mINFO [0m [90msrc/aap2_client.c:418:[0m Bundle sent !
19:05:32 [36mDEBUG[0m [90msrc/aap2_client.c:334:[0m Success
19:05:32 [32mINFO [0m [90msrc/aap2_client.c:418:[0m Bundle sent !
19:05:32 [36mDEBUG[0m [90msrc/aap2_client.c:334:[0m Success
19:05:33 [32mINFO [0m [90msrc/aap2_client.c:418:[0m Bundle sent !
19:05:33 [36mDEBUG[0m [90msrc/aap2_client.c:334:[0m Success
19:05:33 [32mINFO [0m [90msrc/aap2_client.c:418:[0m Bundle sent !
19:05:33 [36mDEBUG[0m [90msrc/aap2_client.c:334:[0m Success
19:05:33 [32mINFO [0m [90msrc/aap2_client.c:418:[0m Bundle sent !
19:05:33 [36mDEBUG[0m [90msrc/aap2_client.c:334:[0m Success
19:05:33 [32mINFO [0m [90msrc/aap2_client.c:418:[0m Bundle sent !
19:05:33 [36mDEBUG[0m [90msrc/aap2_client.c:334:[0m Success
19:05:33 [32mINFO [0m [90msrc/aap2_client.c:418:[0m Bundle sent !
19:05:33 [36mDEBUG[0m [90msrc/aap2_client.c:334:[0m Success
19:05:33 [32mINFO [0m [90msrc/aap2_client.c:418:[0m Bundle sent !
19:05:33 [36mDEBUG[0m [90msrc/aap2_client.c:334:[0m Success
19:05:33 [32mINFO [0m [90msrc/aap2_client.c:418:[0m Bundle sent !
19:05:33 [36mDEBUG[0m [90msrc/aap2_client.c:334:[0m Success
19:05:33 [32mINFO [0m [90msrc/aap2_client.c:418:[0m Bundle sent !
19:05:33 [36mDEBUG[0m [90msrc/aap2_client.c:334:[0m Success
19:05:33 [32mINFO [0m [90msrc/aap2_client.c:418:[0m Bundle sent !
19:05:33 [36mDEBUG[0m [90msrc/aap2_client.c:334:[0m Success
19:05:33 [32mINFO [0m [90msrc/aap2_client.c:418:[0m Bundle sent !
19:05:33 [36mDEBUG[0m [90msrc/aap2_client.c:334:[0m Success
19:05:35 [32mINFO [0m [90msrc/aap2_client.c:418:[0m Bundle sent !
19:05:35 [36mDEBUG[0m [90msrc/aap2_client.c:334:[0m Success
19:05:35 [32mINFO [0m [90msrc/aap2_client.c:418:[0m Bundle sent !
19:05:35 [36mDEBUG[0m [90msrc/aap2_client.c:334:[0m Success
19:05:35 [32mINFO [0m [90msrc/aap2_client.c:418:[0m Bundle sent !
19:05:35 [36mDEBUG[0m [90msrc/aap2_client.c:334:[0m Success
19:05:35 [32mINFO [0m [90msrc/aap2_client.c:418:[0m Bundle sent !
19:05:35 [36mDEBUG[0m [90msrc/aap2_client.c:334:[0m Success
19:05:35 [32mINFO [0m [90msrc/aap2_client.c:418:[0m Bundle sent !
19:05:35 [36mDEBUG[0m [90msrc/aap2_client.c:334:[0m Success
19:05:35 [32mINFO [0m [90msrc/aap2_client.c:418:[0m Bundle sent !
19:05:35 [36mDEBUG[0m [90msrc/aap2_client.c:334:[0m Success
19:05:35 [32mINFO [0m [90msrc/aap2_client.c:418:[0m Bundle sent !
19:05:35 [36mDEBUG[0m [90msrc/aap2_client.c:334:[0m Success
19:05:35 [32mINFO [0m [90msrc/aap2_client.c:418:[0m Bundle sent !
19:05:35 [36mDEBUG[0m [90msrc/aap2_client.c:334:[0m Success
19:05:35 [32mINFO [0m [90msrc/aap2_client.c:418:[0m Bundle sent !
19:05:35 [36mDEBUG[0m [90msrc/aap2_client.c:334:[0m Success
19:05:35 [32mINFO [0m [90msrc/aap2_client.c:418:[0m Bundle sent !
19:05:35 [36mDEBUG[0m [90msrc/aap2_client.c:334:[0m Success
19:05:37 [32mINFO [0m [90msrc/aap2_client.c:418:[0m Bundle sent !
19:05:37 [36mDEBUG[0m [90msrc/aap2_client.c:334:[0m Success
19:05:37 [32mINFO [0m [90msrc/aap2_client.c:418:[0m Bundle sent !
19:05:37 [36mDEBUG[0m [90msrc/aap2_client.c:334:[0m Success
19:05:37 [32mINFO [0m [90msrc/aap2_client.c:418:[0m Bundle sent !
19:05:37 [36mDEBUG[0m [90msrc/aap2_client.c:334:[0m Success
19:05:37 [32mINFO [0m [90msrc/aap2_client.c:418:[0m Bundle sent !
19:05:37 [36mDEBUG[0m [90msrc/aap2_client.c:334:[0m Success
19:05:37 [32mINFO [0m [90msrc/aap2_client.c:418:[0m Bundle sent !
19:05:37 [36mDEBUG[0m [90msrc/aap2_client.c:334:[0m Success
19:05:37 [32mINFO [0m [90msrc/aap2_client.c:418:[0m Bundle sent !
19:05:37 [36mDEBUG[0m [90msrc/aap2_client.c:334:[0m Success
19:05:37 [32mINFO [0m [90msrc/aap2_client.c:418:[0m Bundle sent !
19:05:37 [36mDEBUG[0m [90msrc/aap2_client.c:334:[0m Success
19:05:37 [32mINFO [0m [90msrc/aap2_client.c:418:[0m Bundle sent !
19:05:37 [36mDEBUG[0m [90msrc/aap2_client.c:334:[0m Success
19:05:37 [32mINFO [0m [90msrc/aap2_client.c:418:[0m Bundle sent !
19:05:37 [36mDEBUG[0m [90msrc/aap2_client.c:334:[0m Success
19:05:37 [32mINFO [0m [90msrc/aap2_client.c:418:[0m Bundle sent !
19:05:37 [36mDEBUG[0m [90msrc/aap2_client.c:334:[0m Success
19:05:38 [32mINFO [0m [90msrc/aap2_client.c:418:[0m Bundle sent !
19:05:38 [36mDEBUG[0m [90msrc/aap2_client.c:334:[0m Success
19:05:38 [32mINFO [0m [90msrc/aap2_client.c:418:[0m Bundle sent !
19:05:38 [36mDEBUG[0m [90msrc/aap2_client.c:334:[0m Success
19:05:38 [32mINFO [0m [90msrc/aap2_client.c:418:[0m Bundle sent !
19:05:38 [36mDEBUG[0m [90msrc/aap2_client.c:334:[0m Success
19:05:38 [32mINFO [0m [90msrc/aap2_client.c:418:[0m Bundle sent !
19:05:38 [36mDEBUG[0m [90msrc/aap2_client.c:334:[0m Success
19:05:38 [32mINFO [0m [90msrc/aap2_client.c:418:[0m Bundle sent !
19:05:38 [36mDEBUG[0m [90msrc/aap2_client.c:334:[0m Success
19:05:38 [32mINFO [0m [90msrc/aap2_client.c:418:[0m Bundle sent !
19:05:38 [36mDEBUG[0m [90msrc/aap2_client.c:334:[0m Success
19:05:38 [32mINFO [0m [90msrc/aap2_client.c:418:[0m Bundle sent !
19:05:38 [36mDEBUG[0m [90msrc/aap2_client.c:334:[0m Success
19:05:38 [32mINFO [0m [90msrc/aap2_client.c:418:[0m Bundle sent !
19:05:38 [36mDEBUG[0m [90msrc/aap2_client.c:334:[0m Success
19:05:38 [32mINFO [0m [90msrc/aap2_client.c:418:[0m Bundle sent !
19:05:38 [36mDEBUG[0m [90msrc/aap2_client.c:334:[0m Success
19:05:38 [32mINFO [0m [90msrc/aap2_client.c:418:[0m Bundle sent !
19:05:38 [36mDEBUG[0m [90msrc/aap2_client.c:334:[0m Success
19:05:40 [32mINFO [0m [90msrc/aap2_client.c:418:[0m Bundle sent !
19:05:40 [36mDEBUG[0m [90msrc/aap2_client.c:334:[0m Success
19:05:40 [32mINFO [0m [90msrc/aap2_client.c:418:[0m Bundle sent !
19:05:40 [36mDEBUG[0m [90msrc/aap2_client.c:334:[0m Success
19:05:40 [32mINFO [0m [90msrc/aap2_client.c:418:[0m Bundle sent !
19:05:40 [36mDEBUG[0m [90msrc/aap2_client.c:334:[0m Success
19:05:40 [32mINFO [0m [90msrc/aap2_client.c:418:[0m Bundle sent !
19:05:40 [36mDEBUG[0m [90msrc/aap2_client.c:334:[0m Success
19:05:40 [32mINFO [0m [90msrc/aap2_client.c:418:[0m Bundle sent !
19:05:40 [36mDEBUG[0m [90msrc/aap2_client.c:334:[0m Success
19:05:40 [32mINFO [0m [90msrc/aap2_client.c:418:[0m Bundle sent !
19:05:40 [36mDEBUG[0m [90msrc/aap2_client.c:334:[0m Success
19:05:40 [32mINFO [0m [90msrc/aap2_client.c:418:[0m Bundle sent !
19:05:40 [36mDEBUG[0m [90msrc/aap2_client.c:334:[0m Success
19:05:40 [32mINFO [0m [90msrc/aap2_client.c:418:[0m Bundle sent !
19:05:40 [36mDEBUG[0m [90msrc/aap2_client.c:334:[0m Success
19:05:40 [32mINFO [0m [90msrc/aap2_client.c:418:[0m Bundle sent !
19:05:40 [36mDEBUG[0m [90msrc/aap2_client.c:334:[0m Success
19:05:40 [32mINFO [0m [90msrc/aap2_client.c:418:[0m Bundle sent !
19:05:40 [36mDEBUG[0m [90msrc/aap2_client.c:334:[0m Success
19:05:41 [32mINFO [0m [90msrc/aap2_client.c:418:[0m Bundle sent !
19:05:41 [36mDEBUG[0m [90msrc/aap2_client.c:334:[0m Success
19:05:41 [32mINFO [0m [90msrc/aap2_client.c:418:[0m Bundle sent !
19:05:41 [36mDEBUG[0m [90msrc/aap2_client.c:334:[0m Success
19:05:41 [32mINFO [0m [90msrc/aap2_client.c:418:[0m Bundle sent !
19:05:41 [36mDEBUG[0m [90msrc/aap2_client.c:334:[0m Success
19:05:41 [32mINFO [0m [90msrc/aap2_client.c:418:[0m Bundle sent !
19:05:41 [36mDEBUG[0m [90msrc/aap2_client.c:334:[0m Success
19:05:41 [32mINFO [0m [90msrc/aap2_client.c:418:[0m Bundle sent !
19:05:41 [36mDEBUG[0m [90msrc/aap2_client.c:334:[0m Success
19:05:41 [32mINFO [0m [90msrc/aap2_client.c:418:[0m Bundle sent !
19:05:41 [36mDEBUG[0m [90msrc/aap2_client.c:334:[0m Success
19:05:41 [32mINFO [0m [90msrc/aap2_client.c:418:[0m Bundle sent !
19:05:41 [36mDEBUG[0m [90msrc/aap2_client.c:334:[0m Success
19:05:41 [32mINFO [0m [90msrc/aap2_client.c:418:[0m Bundle sent !
19:05:41 [36mDEBUG[0m [90msrc/aap2_client.c:334:[0m Success
19:05:41 [32mINFO [0m [90msrc/aap2_client.c:418:[0m Bundle sent !
19:05:41 [36mDEBUG[0m [90msrc/aap2_client.c:334:[0m Success
19:05:41 [32mINFO [0m [90msrc/aap2_client.c:418:[0m Bundle sent !
19:05:41 [36mDEBUG[0m [90msrc/aap2_client.c:334:[0m Success
19:05:43 [32mINFO [0m [90msrc/aap2_client.c:418:[0m Bundle sent !
19:05:43 [36mDEBUG[0m [90msrc/aap2_client.c:334:[0m Success
19:05:43 [32mINFO [0m [90msrc/aap2_client.c:418:[0m Bundle sent !
19:05:43 [36mDEBUG[0m [90msrc/aap2_client.c:334:[0m Success
19:05:43 [32mINFO [0m [90msrc/aap2_client.c:418:[0m Bundle sent !
19:05:43 [36mDEBUG[0m [90msrc/aap2_client.c:334:[0m Success
19:05:43 [32mINFO [0m [90msrc/aap2_client.c:418:[0m Bundle sent !
19:05:43 [36mDEBUG[0m [90msrc/aap2_client.c:334:[0m Success
19:05:43 [32mINFO [0m [90msrc/aap2_client.c:418:[0m Bundle sent !
19:05:43 [36mDEBUG[0m [90msrc/aap2_client.c:334:[0m Success
19:05:43 [32mINFO [0m [90msrc/aap2_client.c:418:[0m Bundle sent !
19:05:43 [36mDEBUG[0m [90msrc/aap2_client.c:334:[0m Success
19:05:43 [32mINFO [0m [90msrc/aap2_client.c:418:[0m Bundle sent !
19:05:43 [36mDEBUG[0m [90msrc/aap2_client.c:334:[0m Success
19:05:43 [32mINFO [0m [90msrc/aap2_client.c:418:[0m Bundle sent !
19:05:43 [36mDEBUG[0m [90msrc/aap2_client.c:334:[0m Success
19:05:43 [32mINFO [0m [90msrc/aap2_client.c:418:[0m Bundle sent !
19:05:43 [36mDEBUG[0m [90msrc/aap2_client.c:334:[0m Success
19:05:43 [32mINFO [0m [90msrc/aap2_client.c:418:[0m Bundle sent !
19:05:43 [36mDEBUG[0m [90msrc/aap2_client.c:334:[0m Success
19:05:44 [32mINFO [0m [90msrc/aap2_client.c:418:[0m Bundle sent !
19:05:44 [36mDEBUG[0m [90msrc/aap2_client.c:334:[0m Success
19:05:44 [32mINFO [0m [90msrc/aap2_client.c:418:[0m Bundle sent !
19:05:44 [36mDEBUG[0m [90msrc/aap2_client.c:334:[0m Success
19:05:44 [32mINFO [0m [90msrc/aap2_client.c:418:[0m Bundle sent !
19:05:44 [36mDEBUG[0m [90msrc/aap2_client.c:334:[0m Success
19:05:44 [32mINFO [0m [90msrc/aap2_client.c:418:[0m Bundle sent !
19:05:44 [36mDEBUG[0m [90msrc/aap2_client.c:334:[0m Success
19:05:44 [32mINFO [0m [90msrc/aap2_client.c:418:[0m Bundle sent !
19:05:44 [36mDEBUG[0m [90msrc/aap2_client.c:334:[0m Success
19:05:44 [32mINFO [0m [90msrc/aap2_client.c:418:[0m Bundle sent !
19:05:44 [36mDEBUG[0m [90msrc/aap2_client.c:334:[0m Success
19:05:44 [32mINFO [0m [90msrc/aap2_client.c:418:[0m Bundle sent !
19:05:44 [36mDEBUG[0m [90msrc/aap2_client.c:334:[0m Success
19:05:44 [32mINFO [0m [90msrc/aap2_client.c:418:[0m Bundle sent !
19:05:44 [36mDEBUG[0m [90msrc/aap2_client.c:334:[0m Success
19:05:44 [32mINFO [0m [90msrc/aap2_client.c:418:[0m Bundle sent !
19:05:44 [36mDEBUG[0m [90msrc/aap2_client.c:334:[0m Success
19:05:44 [32mINFO [0m [90msrc/aap2_client.c:418:[0m Bundle sent !
19:05:44 [36mDEBUG[0m [90msrc/aap2_client.c:334:[0m Success
19:05:46 [32mINFO [0m [90msrc/aap2_client.c:418:[0m Bundle sent !
19:05:46 [36mDEBUG[0m [90msrc/aap2_client.c:334:[0m Success
19:05:46 [32mINFO [0m [90msrc/aap2_client.c:418:[0m Bundle sent !
19:05:46 [36mDEBUG[0m [90msrc/aap2_client.c:334:[0m Success
19:05:46 [32mINFO [0m [90msrc/aap2_client.c:418:[0m Bundle sent !
19:05:46 [36mDEBUG[0m [90msrc/aap2_client.c:334:[0m Success
19:05:46 [32mINFO [0m [90msrc/aap2_client.c:418:[0m Bundle sent !
19:05:46 [36mDEBUG[0m [90msrc/aap2_client.c:334:[0m Success
19:05:46 [32mINFO [0m [90msrc/aap2_client.c:418:[0m Bundle sent !
19:05:46 [36mDEBUG[0m [90msrc/aap2_client.c:334:[0m Success
19:05:46 [32mINFO [0m [90msrc/aap2_client.c:418:[0m Bundle sent !
19:05:46 [36mDEBUG[0m [90msrc/aap2_client.c:334:[0m Success
19:05:46 [32mINFO [0m [90msrc/aap2_client.c:418:[0m Bundle sent !
19:05:46 [36mDEBUG[0m [90msrc/aap2_client.c:334:[0m Success
19:05:46 [32mINFO [0m [90msrc/aap2_client.c:418:[0m Bundle sent !
19:05:46 [36mDEBUG[0m [90msrc/aap2_client.c:334:[0m Success
19:05:46 [32mINFO [0m [90msrc/aap2_client.c:418:[0m Bundle sent !
19:05:46 [36mDEBUG[0m [90msrc/aap2_client.c:334:[0m Success
19:05:46 [32mINFO [0m [90msrc/aap2_client.c:418:[0m Bundle sent !
19:05:46 [36mDEBUG[0m [90msrc/aap2_client.c:334:[0m Success
19:05:47 [32mINFO [0m [90msrc/aap2_client.c:418:[0m Bundle sent !
19:05:47 [36mDEBUG[0m [90msrc/aap2_client.c:334:[0m Success
19:05:47 [32mINFO [0m [90msrc/aap2_client.c:418:[0m Bundle sent !
19:05:47 [36mDEBUG[0m [90msrc/aap2_client.c:334:[0m Success
19:05:47 [32mINFO [0m [90msrc/aap2_client.c:418:[0m Bundle sent !
19:05:47 [36mDEBUG[0m [90msrc/aap2_client.c:334:[0m Success
19:05:47 [32mINFO [0m [90msrc/aap2_client.c:418:[0m Bundle sent !
19:05:47 [36mDEBUG[0m [90msrc/aap2_client.c:334:[0m Success
19:05:47 [32mINFO [0m [90msrc/aap2_client.c:418:[0m Bundle sent !
19:05:47 [36mDEBUG[0m [90msrc/aap2_client.c:334:[0m Success
19:05:47 [32mINFO [0m [90msrc/aap2_client.c:418:[0m Bundle sent !
19:05:47 [36mDEBUG[0m [90msrc/aap2_client.c:334:[0m Success
19:05:47 [32mINFO [0m [90msrc/aap2_client.c:418:[0m Bundle sent !
19:05:47 [36mDEBUG[0m [90msrc/aap2_client.c:334:[0m Success
19:05:47 [32mINFO [0m [90msrc/aap2_client.c:418:[0m Bundle sent !
19:05:47 [36mDEBUG[0m [90msrc/aap2_client.c:334:[0m Success
19:05:47 [32mINFO [0m [90msrc/aap2_client.c:418:[0m Bundle sent !
19:05:47 [36mDEBUG[0m [90msrc/aap2_client.c:334:[0m Success
19:05:47 [32mINFO [0m [90msrc/aap2_client.c:418:[0m Bundle sent !
19:05:47 [36mDEBUG[0m [90msrc/aap2_client.c:334:[0m Success
19:05:49 [32mINFO [0m [90msrc/aap2_client.c:418:[0m Bundle sent !
19:05:49 [36mDEBUG[0m [90msrc/aap2_client.c:334:[0m Success
19:05:49 [32mINFO [0m [90msrc/aap2_client.c:418:[0m Bundle sent !
19:05:49 [36mDEBUG[0m [90msrc/aap2_client.c:334:[0m Success
19:05:49 [32mINFO [0m [90msrc/aap2_client.c:418:[0m Bundle sent !
19:05:49 [36mDEBUG[0m [90msrc/aap2_client.c:334:[0m Success
19:05:49 [32mINFO [0m [90msrc/aap2_client.c:418:[0m Bundle sent !
19:05:49 [36mDEBUG[0m [90msrc/aap2_client.c:334:[0m Success
19:05:49 [32mINFO [0m [90msrc/aap2_client.c:418:[0m Bundle sent !
19:05:49 [36mDEBUG[0m [90msrc/aap2_client.c:334:[0m Success
19:05:49 [32mINFO [0m [90msrc/aap2_client.c:418:[0m Bundle sent !
19:05:49 [36mDEBUG[0m [90msrc/aap2_client.c:334:[0m Success
19:05:49 [32mINFO [0m [90msrc/aap2_client.c:418:[0m Bundle sent !
19:05:49 [36mDEBUG[0m [90msrc/aap2_client.c:334:[0m Success
19:05:49 [32mINFO [0m [90msrc/aap2_client.c:418:[0m Bundle sent !
19:05:49 [36mDEBUG[0m [90msrc/aap2_client.c:334:[0m Success
19:05:49 [32mINFO [0m [90msrc/aap2_client.c:418:[0m Bundle sent !
19:05:49 [36mDEBUG[0m [90msrc/aap2_client.c:334:[0m Success
19:05:49 [32mINFO [0m [90msrc/aap2_client.c:418:[0m Bundle sent !
19:05:49 [36mDEBUG[0m [90msrc/aap2_client.c:334:[0m Success
19:05:50 [32mINFO [0m [90msrc/aap2_client.c:418:[0m Bundle sent !
19:05:50 [36mDEBUG[0m [90msrc/aap2_client.c:334:[0m Success
19:05:50 [32mINFO [0m [90msrc/aap2_client.c:418:[0m Bundle sent !
19:05:50 [36mDEBUG[0m [90msrc/aap2_client.c:334:[0m Success
19:05:50 [32mINFO [0m [90msrc/aap2_client.c:418:[0m Bundle sent !
19:05:50 [36mDEBUG[0m [90msrc/aap2_client.c:334:[0m Success
19:05:50 [32mINFO [0m [90msrc/aap2_client.c:418:[0m Bundle sent !
19:05:50 [36mDEBUG[0m [90msrc/aap2_client.c:334:[0m Success
19:05:50 [32mINFO [0m [90msrc/aap2_client.c:418:[0m Bundle sent !
19:05:50 [36mDEBUG[0m [90msrc/aap2_client.c:334:[0m Success
19:05:50 [32mINFO [0m [90msrc/aap2_client.c:418:[0m Bundle sent !
19:05:50 [36mDEBUG[0m [90msrc/aap2_client.c:334:[0m Success
19:05:50 [32mINFO [0m [90msrc/aap2_client.c:418:[0m Bundle sent !
19:05:50 [36mDEBUG[0m [90msrc/aap2_client.c:334:[0m Success
19:05:50 [32mINFO [0m [90msrc/aap2_client.c:418:[0m Bundle sent !
19:05:50 [36mDEBUG[0m [90msrc/aap2_client.c:334:[0m Success
19:05:50 [32mINFO [0m [90msrc/aap2_client.c:418:[0m Bundle sent !
19:05:50 [36mDEBUG[0m [90msrc/aap2_client.c:334:[0m Success
19:05:50 [32mINFO [0m [90msrc/aap2_client.c:418:[0m Bundle sent !
19:05:50 [36mDEBUG[0m [90msrc/aap2_client.c:334:[0m Success
19:05:52 [32mINFO [0m [90msrc/aap2_client.c:418:[0m Bundle sent !
19:05:52 [36mDEBUG[0m [90msrc/aap2_client.c:334:[0m Success
19:05:52 [32mINFO [0m [90msrc/aap2_client.c:418:[0m Bundle sent !
19:05:52 [36mDEBUG[0m [90msrc/aap2_client.c:334:[0m Success
19:05:52 [32mINFO [0m [90msrc/aap2_client.c:418:[0m Bundle sent !
19:05:52 [36mDEBUG[0m [90msrc/aap2_client.c:334:[0m Success
19:05:52 [32mINFO [0m [90msrc/aap2_client.c:418:[0m Bundle sent !
19:05:52 [36mDEBUG[0m [90msrc/aap2_client.c:334:[0m Success
19:05:52 [32mINFO [0m [90msrc/aap2_client.c:418:[0m Bundle sent !
19:05:52 [36mDEBUG[0m [90msrc/aap2_client.c:334:[0m Success
19:05:52 [32mINFO [0m [90msrc/aap2_client.c:418:[0m Bundle sent !
19:05:52 [36mDEBUG[0m [90msrc/aap2_client.c:334:[0m Success
19:05:52 [32mINFO [0m [90msrc/aap2_client.c:418:[0m Bundle sent !
19:05:52 [36mDEBUG[0m [90msrc/aap2_client.c:334:[0m Success
19:05:52 [32mINFO [0m [90msrc/aap2_client.c:418:[0m Bundle sent !
19:05:52 [36mDEBUG[0m [90msrc/aap2_client.c:334:[0m Success
19:05:52 [32mINFO [0m [90msrc/aap2_client.c:418:[0m Bundle sent !
19:05:52 [36mDEBUG[0m [90msrc/aap2_client.c:334:[0m Success
19:05:52 [32mINFO [0m [90msrc/aap2_client.c:418:[0m Bundle sent !
19:05:52 [36mDEBUG[0m [90msrc/aap2_client.c:334:[0m Success
19:05:55 [32mINFO [0m [90msrc/aap2_client.c:418:[0m Bundle sent !
19:05:55 [36mDEBUG[0m [90msrc/aap2_client.c:334:[0m Success
19:05:55 [32mINFO [0m [90msrc/aap2_client.c:418:[0m Bundle sent !
19:05:55 [36mDEBUG[0m [90msrc/aap2_client.c:334:[0m Success
19:05:55 [32mINFO [0m [90msrc/aap2_client.c:418:[0m Bundle sent !
19:05:55 [36mDEBUG[0m [90msrc/aap2_client.c:334:[0m Success
19:05:55 [32mINFO [0m [90msrc/aap2_client.c:418:[0m Bundle sent !
19:05:55 [36mDEBUG[0m [90msrc/aap2_client.c:334:[0m Success
19:05:55 [32mINFO [0m [90msrc/aap2_client.c:418:[0m Bundle sent !
19:05:55 [36mDEBUG[0m [90msrc/aap2_client.c:334:[0m Success
19:05:55 [32mINFO [0m [90msrc/aap2_client.c:418:[0m Bundle sent !
19:05:55 [36mDEBUG[0m [90msrc/aap2_client.c:334:[0m Success
19:05:55 [32mINFO [0m [90msrc/aap2_client.c:418:[0m Bundle sent !
19:05:55 [36mDEBUG[0m [90msrc/aap2_client.c:334:[0m Success
19:05:55 [32mINFO [0m [90msrc/aap2_client.c:418:[0m Bundle sent !
19:05:55 [36mDEBUG[0m [90msrc/aap2_client.c:334:[0m Success
19:05:55 [32mINFO [0m [90msrc/aap2_client.c:418:[0m Bundle sent !
19:05:55 [36mDEBUG[0m [90msrc/aap2_client.c:334:[0m Success
19:05:55 [32mINFO [0m [90msrc/aap2_client.c:418:[0m Bundle sent !
19:05:55 [36mDEBUG[0m [90msrc/aap2_client.c:334:[0m Success
19:05:58 [32mINFO [0m [90msrc/aap2_client.c:418:[0m Bundle sent !
19:05:58 [36mDEBUG[0m [90msrc/aap2_client.c:334:[0m Success
19:05:58 [32mINFO [0m [90msrc/aap2_client.c:418:[0m Bundle sent !
19:05:58 [36mDEBUG[0m [90msrc/aap2_client.c:334:[0m Success
19:05:58 [32mINFO [0m [90msrc/aap2_client.c:418:[0m Bundle sent !
19:05:58 [36mDEBUG[0m [90msrc/aap2_client.c:334:[0m Success
19:05:58 [32mINFO [0m [90msrc/aap2_client.c:418:[0m Bundle sent !
19:05:58 [36mDEBUG[0m [90msrc/aap2_client.c:334:[0m Success
19:05:58 [32mINFO [0m [90msrc/aap2_client.c:418:[0m Bundle sent !
19:05:58 [36mDEBUG[0m [90msrc/aap2_client.c:334:[0m Success
19:05:58 [32mINFO [0m [90msrc/aap2_client.c:418:[0m Bundle sent !
19:05:58 [36mDEBUG[0m [90msrc/aap2_client.c:334:[0m Success
19:05:58 [32mINFO [0m [90msrc/aap2_client.c:418:[0m Bundle sent !
19:05:58 [36mDEBUG[0m [90msrc/aap2_client.c:334:[0m Success
19:05:58 [32mINFO [0m [90msrc/aap2_client.c:418:[0m Bundle sent !
19:05:58 [36mDEBUG[0m [90msrc/aap2_client.c:334:[0m Success
19:05:58 [32mINFO [0m [90msrc/aap2_client.c:418:[0m Bundle sent !
19:05:58 [36mDEBUG[0m [90msrc/aap2_client.c:334:[0m Success
19:05:58 [32mINFO [0m [90msrc/aap2_client.c:418:[0m Bundle sent !
19:05:58 [36mDEBUG[0m [90msrc/aap2_client.c:334:[0m Success
19:06:01 [32mINFO [0m [90msrc/aap2_client.c:418:[0m Bundle sent !
19:06:01 [36mDEBUG[0m [90msrc/aap2_client.c:334:[0m Success
19:06:01 [32mINFO [0m [90msrc/aap2_client.c:418:[0m Bundle sent !
19:06:01 [36mDEBUG[0m [90msrc/aap2_client.c:334:[0m Success
19:06:01 [32mINFO [0m [90msrc/aap2_client.c:418:[0m Bundle sent !
19:06:01 [36mDEBUG[0m [90msrc/aap2_client.c:334:[0m Success
19:06:01 [32mINFO [0m [90msrc/aap2_client.c:418:[0m Bundle sent !
19:06:01 [36mDEBUG[0m [90msrc/aap2_client.c:334:[0m Success
19:06:01 [32mINFO [0m [90msrc/aap2_client.c:418:[0m Bundle sent !
19:06:01 [36mDEBUG[0m [90msrc/aap2_client.c:334:[0m Success
19:06:01 [32mINFO [0m [90msrc/aap2_client.c:418:[0m Bundle sent !
19:06:01 [36mDEBUG[0m [90msrc/aap2_client.c:334:[0m Success
19:06:01 [32mINFO [0m [90msrc/aap2_client.c:418:[0m Bundle sent !
19:06:01 [36mDEBUG[0m [90msrc/aap2_client.c:334:[0m Success
19:06:01 [32mINFO [0m [90msrc/aap2_client.c:418:[0m Bundle sent !
19:06:01 [36mDEBUG[0m [90msrc/aap2_client.c:334:[0m Success
19:06:01 [32mINFO [0m [90msrc/aap2_client.c:418:[0m Bundle sent !
19:06:01 [36mDEBUG[0m [90msrc/aap2_client.c:334:[0m Success
19:06:01 [32mINFO [0m [90msrc/aap2_client.c:418:[0m Bundle sent !
19:06:01 [36mDEBUG[0m [90msrc/aap2_client.c:334:[0m Success
19:06:04 [32mINFO [0m [90msrc/aap2_client.c:418:[0m Bundle sent !
19:06:04 [36mDEBUG[0m [90msrc/aap2_client.c:334:[0m Success
19:06:04 [32mINFO [0m [90msrc/aap2_client.c:418:[0m Bundle sent !
19:06:04 [36mDEBUG[0m [90msrc/aap2_client.c:334:[0m Success
19:06:04 [32mINFO [0m [90msrc/aap2_client.c:418:[0m Bundle sent !
19:06:04 [36mDEBUG[0m [90msrc/aap2_client.c:334:[0m Success
19:06:04 [32mINFO [0m [90msrc/aap2_client.c:418:[0m Bundle sent !
19:06:04 [36mDEBUG[0m [90msrc/aap2_client.c:334:[0m Success
19:06:04 [32mINFO [0m [90msrc/aap2_client.c:418:[0m Bundle sent !
19:06:04 [36mDEBUG[0m [90msrc/aap2_client.c:334:[0m Success
19:06:04 [32mINFO [0m [90msrc/aap2_client.c:418:[0m Bundle sent !
19:06:04 [36mDEBUG[0m [90msrc/aap2_client.c:334:[0m Success
19:06:04 [32mINFO [0m [90msrc/aap2_client.c:418:[0m Bundle sent !
19:06:04 [36mDEBUG[0m [90msrc/aap2_client.c:334:[0m Success
19:06:04 [32mINFO [0m [90msrc/aap2_client.c:418:[0m Bundle sent !
19:06:04 [36mDEBUG[0m [90msrc/aap2_client.c:334:[0m Success
19:06:04 [32mINFO [0m [90msrc/aap2_client.c:418:[0m Bundle sent !
19:06:04 [36mDEBUG[0m [90msrc/aap2_client.c:334:[0m Success
19:06:04 [32mINFO [0m [90msrc/aap2_client.c:418:[0m Bundle sent !
19:06:04 [36mDEBUG[0m [90msrc/aap2_client.c:334:[0m Success
19:06:07 [32mINFO [0m [90msrc/aap2_client.c:418:[0m Bundle sent !
19:06:07 [36mDEBUG[0m [90msrc/aap2_client.c:334:[0m Success
19:06:07 [32mINFO [0m [90msrc/aap2_client.c:418:[0m Bundle sent !
19:06:07 [36mDEBUG[0m [90msrc/aap2_client.c:334:[0m Success
19:06:07 [32mINFO [0m [90msrc/aap2_client.c:418:[0m Bundle sent !
19:06:07 [36mDEBUG[0m [90msrc/aap2_client.c:334:[0m Success
19:06:07 [32mINFO [0m [90msrc/aap2_client.c:418:[0m Bundle sent !
19:06:07 [36mDEBUG[0m [90msrc/aap2_client.c:334:[0m Success
19:06:07 [32mINFO [0m [90msrc/aap2_client.c:418:[0m Bundle sent !
19:06:07 [36mDEBUG[0m [90msrc/aap2_client.c:334:[0m Success
19:06:07 [32mINFO [0m [90msrc/aap2_client.c:418:[0m Bundle sent !
19:06:07 [36mDEBUG[0m [90msrc/aap2_client.c:334:[0m Success
19:06:07 [32mINFO [0m [90msrc/aap2_client.c:418:[0m Bundle sent !
19:06:07 [36mDEBUG[0m [90msrc/aap2_client.c:334:[0m Success
19:06:07 [32mINFO [0m [90msrc/aap2_client.c:418:[0m Bundle sent !
19:06:07 [36mDEBUG[0m [90msrc/aap2_client.c:334:[0m Success
19:06:07 [32mINFO [0m [90msrc/aap2_client.c:418:[0m Bundle sent !
19:06:07 [36mDEBUG[0m [90msrc/aap2_client.c:334:[0m Success
19:06:07 [32mINFO [0m [90msrc/aap2_client.c:418:[0m Bundle sent !
19:06:07 [36mDEBUG[0m [90msrc/aap2_client.c:334:[0m Success
19:06:10 [32mINFO [0m [90msrc/aap2_client.c:418:[0m Bundle sent !
19:06:10 [36mDEBUG[0m [90msrc/aap2_client.c:334:[0m Success
19:06:10 [32mINFO [0m [90msrc/aap2_client.c:418:[0m Bundle sent !
19:06:10 [36mDEBUG[0m [90msrc/aap2_client.c:334:[0m Success
19:06:10 [32mINFO [0m [90msrc/aap2_client.c:418:[0m Bundle sent !
19:06:10 [36mDEBUG[0m [90msrc/aap2_client.c:334:[0m Success
19:06:10 [32mINFO [0m [90msrc/aap2_client.c:418:[0m Bundle sent !
19:06:10 [36mDEBUG[0m [90msrc/aap2_client.c:334:[0m Success
19:06:10 [32mINFO [0m [90msrc/aap2_client.c:418:[0m Bundle sent !
19:06:10 [36mDEBUG[0m [90msrc/aap2_client.c:334:[0m Success
19:06:10 [32mINFO [0m [90msrc/aap2_client.c:418:[0m Bundle sent !
19:06:10 [36mDEBUG[0m [90msrc/aap2_client.c:334:[0m Success
19:06:10 [32mINFO [0m [90msrc/aap2_client.c:418:[0m Bundle sent !
19:06:10 [36mDEBUG[0m [90msrc/aap2_client.c:334:[0m Success
19:06:10 [32mINFO [0m [90msrc/aap2_client.c:418:[0m Bundle sent !
19:06:10 [36mDEBUG[0m [90msrc/aap2_client.c:334:[0m Success
19:06:10 [32mINFO [0m [90msrc/aap2_client.c:418:[0m Bundle sent !
19:06:10 [36mDEBUG[0m [90msrc/aap2_client.c:334:[0m Success
19:06:10 [32mINFO [0m [90msrc/aap2_client.c:418:[0m Bundle sent !
19:06:10 [36mDEBUG[0m [90msrc/aap2_client.c:334:[0m Success
19:06:13 [32mINFO [0m [90msrc/aap2_client.c:418:[0m Bundle sent !
19:06:13 [36mDEBUG[0m [90msrc/aap2_client.c:334:[0m Success
19:06:13 [32mINFO [0m [90msrc/aap2_client.c:418:[0m Bundle sent !
19:06:13 [36mDEBUG[0m [90msrc/aap2_client.c:334:[0m Success
19:06:13 [32mINFO [0m [90msrc/aap2_client.c:418:[0m Bundle sent !
19:06:13 [36mDEBUG[0m [90msrc/aap2_client.c:334:[0m Success
19:06:13 [32mINFO [0m [90msrc/aap2_client.c:418:[0m Bundle sent !
19:06:13 [36mDEBUG[0m [90msrc/aap2_client.c:334:[0m Success
19:06:13 [32mINFO [0m [90msrc/aap2_client.c:418:[0m Bundle sent !
19:06:13 [36mDEBUG[0m [90msrc/aap2_client.c:334:[0m Success
19:06:13 [32mINFO [0m [90msrc/aap2_client.c:418:[0m Bundle sent !
19:06:13 [36mDEBUG[0m [90msrc/aap2_client.c:334:[0m Success
19:06:13 [32mINFO [0m [90msrc/aap2_client.c:418:[0m Bundle sent !
19:06:13 [36mDEBUG[0m [90msrc/aap2_client.c:334:[0m Success
19:06:13 [32mINFO [0m [90msrc/aap2_client.c:418:[0m Bundle sent !
19:06:13 [36mDEBUG[0m [90msrc/aap2_client.c:334:[0m Success
19:06:13 [32mINFO [0m [90msrc/aap2_client.c:418:[0m Bundle sent !
19:06:13 [36mDEBUG[0m [90msrc/aap2_client.c:334:[0m Success
19:06:13 [32mINFO [0m [90msrc/aap2_client.c:418:[0m Bundle sent !
19:06:13 [36mDEBUG[0m [90msrc/aap2_client.c:334:[0m Success
19:06:16 [32mINFO [0m [90msrc/aap2_client.c:418:[0m Bundle sent !
19:06:16 [36mDEBUG[0m [90msrc/aap2_client.c:334:[0m Success
19:06:16 [32mINFO [0m [90msrc/aap2_client.c:418:[0m Bundle sent !
19:06:16 [36mDEBUG[0m [90msrc/aap2_client.c:334:[0m Success
19:06:16 [32mINFO [0m [90msrc/aap2_client.c:418:[0m Bundle sent !
19:06:16 [36mDEBUG[0m [90msrc/aap2_client.c:334:[0m Success
19:06:16 [32mINFO [0m [90msrc/aap2_client.c:418:[0m Bundle sent !
19:06:16 [36mDEBUG[0m [90msrc/aap2_client.c:334:[0m Success
19:06:16 [32mINFO [0m [90msrc/aap2_client.c:418:[0m Bundle sent !
19:06:16 [36mDEBUG[0m [90msrc/aap2_client.c:334:[0m Success
19:06:16 [32mINFO [0m [90msrc/aap2_client.c:418:[0m Bundle sent !
19:06:16 [36mDEBUG[0m [90msrc/aap2_client.c:334:[0m Success
19:06:16 [32mINFO [0m [90msrc/aap2_client.c:418:[0m Bundle sent !
19:06:16 [36mDEBUG[0m [90msrc/aap2_client.c:334:[0m Success
19:06:16 [32mINFO [0m [90msrc/aap2_client.c:418:[0m Bundle sent !
19:06:16 [36mDEBUG[0m [90msrc/aap2_client.c:334:[0m Success
19:06:16 [32mINFO [0m [90msrc/aap2_client.c:418:[0m Bundle sent !
19:06:16 [36mDEBUG[0m [90msrc/aap2_client.c:334:[0m Success
19:06:16 [32mINFO [0m [90msrc/aap2_client.c:418:[0m Bundle sent !
19:06:16 [36mDEBUG[0m [90msrc/aap2_client.c:334:[0m Success
19:06:19 [32mINFO [0m [90msrc/aap2_client.c:418:[0m Bundle sent !
19:06:19 [36mDEBUG[0m [90msrc/aap2_client.c:334:[0m Success
19:06:19 [32mINFO [0m [90msrc/aap2_client.c:418:[0m Bundle sent !
19:06:19 [36mDEBUG[0m [90msrc/aap2_client.c:334:[0m Success
19:06:19 [32mINFO [0m [90msrc/aap2_client.c:418:[0m Bundle sent !
19:06:19 [36mDEBUG[0m [90msrc/aap2_client.c:334:[0m Success
19:06:19 [32mINFO [0m [90msrc/aap2_client.c:418:[0m Bundle sent !
19:06:19 [36mDEBUG[0m [90msrc/aap2_client.c:334:[0m Success
19:06:19 [32mINFO [0m [90msrc/aap2_client.c:418:[0m Bundle sent !
19:06:19 [36mDEBUG[0m [90msrc/aap2_client.c:334:[0m Success
19:06:19 [32mINFO [0m [90msrc/aap2_client.c:418:[0m Bundle sent !
19:06:19 [36mDEBUG[0m [90msrc/aap2_client.c:334:[0m Success
19:06:19 [32mINFO [0m [90msrc/aap2_client.c:418:[0m Bundle sent !
19:06:19 [36mDEBUG[0m [90msrc/aap2_client.c:334:[0m Success
19:06:19 [32mINFO [0m [90msrc/aap2_client.c:418:[0m Bundle sent !
19:06:19 [36mDEBUG[0m [90msrc/aap2_client.c:334:[0m Success
19:06:19 [32mINFO [0m [90msrc/aap2_client.c:418:[0m Bundle sent !
19:06:19 [36mDEBUG[0m [90msrc/aap2_client.c:334:[0m Success
19:06:19 [32mINFO [0m [90msrc/aap2_client.c:418:[0m Bundle sent !
19:06:19 [36mDEBUG[0m [90msrc/aap2_client.c:334:[0m Success
19:06:22 [32mINFO [0m [90msrc/aap2_client.c:418:[0m Bundle sent !
19:06:22 [36mDEBUG[0m [90msrc/aap2_client.c:334:[0m Success
19:06:22 [32mINFO [0m [90msrc/aap2_client.c:418:[0m Bundle sent !
19:06:22 [36mDEBUG[0m [90msrc/aap2_client.c:334:[0m Success
19:06:22 [32mINFO [0m [90msrc/aap2_client.c:418:[0m Bundle sent !
19:06:22 [36mDEBUG[0m [90msrc/aap2_client.c:334:[0m Success
19:06:22 [32mINFO [0m [90msrc/aap2_client.c:418:[0m Bundle sent !
19:06:22 [36mDEBUG[0m [90msrc/aap2_client.c:334:[0m Success
19:06:22 [32mINFO [0m [90msrc/aap2_client.c:418:[0m Bundle sent !
19:06:22 [36mDEBUG[0m [90msrc/aap2_client.c:334:[0m Success
19:06:22 [32mINFO [0m [90msrc/aap2_client.c:418:[0m Bundle sent !
19:06:22 [36mDEBUG[0m [90msrc/aap2_client.c:334:[0m Success
19:06:22 [32mINFO [0m [90msrc/aap2_client.c:418:[0m Bundle sent !
19:06:22 [36mDEBUG[0m [90msrc/aap2_client.c:334:[0m Success
19:06:22 [32mINFO [0m [90msrc/aap2_client.c:418:[0m Bundle sent !
19:06:22 [36mDEBUG[0m [90msrc/aap2_client.c:334:[0m Success
19:06:22 [32mINFO [0m [90msrc/aap2_client.c:418:[0m Bundle sent !
19:06:22 [36mDEBUG[0m [90msrc/aap2_client.c:334:[0m Success
19:06:22 [32mINFO [0m [90msrc/aap2_client.c:418:[0m Bundle sent !
19:06:22 [36mDEBUG[0m [90msrc/aap2_client.c:334:[0m Success
19:06:25 [32mINFO [0m [90msrc/aap2_client.c:418:[0m Bundle sent !
19:06:25 [36mDEBUG[0m [90msrc/aap2_client.c:334:[0m Success
19:06:25 [32mINFO [0m [90msrc/aap2_client.c:418:[0m Bundle sent !
19:06:25 [36mDEBUG[0m [90msrc/aap2_client.c:334:[0m Success
19:06:25 [32mINFO [0m [90msrc/aap2_client.c:418:[0m Bundle sent !
19:06:25 [36mDEBUG[0m [90msrc/aap2_client.c:334:[0m Success
19:06:25 [32mINFO [0m [90msrc/aap2_client.c:418:[0m Bundle sent !
19:06:25 [36mDEBUG[0m [90msrc/aap2_client.c:334:[0m Success
19:06:25 [32mINFO [0m [90msrc/aap2_client.c:418:[0m Bundle sent !
19:06:25 [36mDEBUG[0m [90msrc/aap2_client.c:334:[0m Success
19:06:25 [32mINFO [0m [90msrc/aap2_client.c:418:[0m Bundle sent !
19:06:25 [36mDEBUG[0m [90msrc/aap2_client.c:334:[0m Success
19:06:25 [32mINFO [0m [90msrc/aap2_client.c:418:[0m Bundle sent !
19:06:25 [36mDEBUG[0m [90msrc/aap2_client.c:334:[0m Success
19:06:25 [32mINFO [0m [90msrc/aap2_client.c:418:[0m Bundle sent !
19:06:25 [36mDEBUG[0m [90msrc/aap2_client.c:334:[0m Success
19:06:25 [32mINFO [0m [90msrc/aap2_client.c:418:[0m Bundle sent !
19:06:25 [36mDEBUG[0m [90msrc/aap2_client.c:334:[0m Success
19:06:25 [32mINFO [0m [90msrc/aap2_client.c:418:[0m Bundle sent !
19:06:25 [36mDEBUG[0m [90msrc/aap2_client.c:334:[0m Success
19:06:28 [32mINFO [0m [90msrc/aap2_client.c:418:[0m Bundle sent !
19:06:28 [36mDEBUG[0m [90msrc/aap2_client.c:334:[0m Success
19:06:28 [32mINFO [0m [90msrc/aap2_client.c:418:[0m Bundle sent !
19:06:28 [36mDEBUG[0m [90msrc/aap2_client.c:334:[0m Success
19:06:28 [32mINFO [0m [90msrc/aap2_client.c:418:[0m Bundle sent !
19:06:28 [36mDEBUG[0m [90msrc/aap2_client.c:334:[0m Success
19:06:28 [32mINFO [0m [90msrc/aap2_client.c:418:[0m Bundle sent !
19:06:28 [36mDEBUG[0m [90msrc/aap2_client.c:334:[0m Success
19:06:28 [32mINFO [0m [90msrc/aap2_client.c:418:[0m Bundle sent !
19:06:28 [36mDEBUG[0m [90msrc/aap2_client.c:334:[0m Success
19:06:28 [32mINFO [0m [90msrc/aap2_client.c:418:[0m Bundle sent !
19:06:28 [36mDEBUG[0m [90msrc/aap2_client.c:334:[0m Success
19:06:28 [32mINFO [0m [90msrc/aap2_client.c:418:[0m Bundle sent !
19:06:28 [36mDEBUG[0m [90msrc/aap2_client.c:334:[0m Success
19:06:28 [32mINFO [0m [90msrc/aap2_client.c:418:[0m Bundle sent !
19:06:28 [36mDEBUG[0m [90msrc/aap2_client.c:334:[0m Success
19:06:28 [32mINFO [0m [90msrc/aap2_client.c:418:[0m Bundle sent !
19:06:28 [36mDEBUG[0m [90msrc/aap2_client.c:334:[0m Success
19:06:28 [32mINFO [0m [90msrc/aap2_client.c:418:[0m Bundle sent !
19:06:28 [36mDEBUG[0m [90msrc/aap2_client.c:334:[0m Success
19:06:31 [32mINFO [0m [90msrc/aap2_client.c:418:[0m Bundle sent !
19:06:31 [36mDEBUG[0m [90msrc/aap2_client.c:334:[0m Success
19:06:31 [32mINFO [0m [90msrc/aap2_client.c:418:[0m Bundle sent !
19:06:31 [36mDEBUG[0m [90msrc/aap2_client.c:334:[0m Success
19:06:31 [32mINFO [0m [90msrc/aap2_client.c:418:[0m Bundle sent !
19:06:31 [36mDEBUG[0m [90msrc/aap2_client.c:334:[0m Success
19:06:31 [32mINFO [0m [90msrc/aap2_client.c:418:[0m Bundle sent !
19:06:31 [36mDEBUG[0m [90msrc/aap2_client.c:334:[0m Success
19:06:31 [32mINFO [0m [90msrc/aap2_client.c:418:[0m Bundle sent !
19:06:31 [36mDEBUG[0m [90msrc/aap2_client.c:334:[0m Success
19:06:31 [32mINFO [0m [90msrc/aap2_client.c:418:[0m Bundle sent !
19:06:31 [36mDEBUG[0m [90msrc/aap2_client.c:334:[0m Success
19:06:31 [32mINFO [0m [90msrc/aap2_client.c:418:[0m Bundle sent !
19:06:31 [36mDEBUG[0m [90msrc/aap2_client.c:334:[0m Success
19:06:31 [32mINFO [0m [90msrc/aap2_client.c:418:[0m Bundle sent !
19:06:31 [36mDEBUG[0m [90msrc/aap2_client.c:334:[0m Success
19:06:31 [32mINFO [0m [90msrc/aap2_client.c:418:[0m Bundle sent !
19:06:31 [36mDEBUG[0m [90msrc/aap2_client.c:334:[0m Success
19:06:31 [32mINFO [0m [90msrc/aap2_client.c:418:[0m Bundle sent !
19:06:31 [36mDEBUG[0m [90msrc/aap2_client.c:334:[0m Success
19:06:34 [32mINFO [0m [90msrc/aap2_client.c:418:[0m Bundle sent !
19:06:34 [36mDEBUG[0m [90msrc/aap2_client.c:334:[0m Success
19:06:34 [32mINFO [0m [90msrc/aap2_client.c:418:[0m Bundle sent !
19:06:34 [36mDEBUG[0m [90msrc/aap2_client.c:334:[0m Success
19:06:34 [32mINFO [0m [90msrc/aap2_client.c:418:[0m Bundle sent !
19:06:34 [36mDEBUG[0m [90msrc/aap2_client.c:334:[0m Success
19:06:34 [32mINFO [0m [90msrc/aap2_client.c:418:[0m Bundle sent !
19:06:34 [36mDEBUG[0m [90msrc/aap2_client.c:334:[0m Success
19:06:34 [32mINFO [0m [90msrc/aap2_client.c:418:[0m Bundle sent !
19:06:34 [36mDEBUG[0m [90msrc/aap2_client.c:334:[0m Success
19:06:34 [32mINFO [0m [90msrc/aap2_client.c:418:[0m Bundle sent !
19:06:34 [36mDEBUG[0m [90msrc/aap2_client.c:334:[0m Success
19:06:34 [32mINFO [0m [90msrc/aap2_client.c:418:[0m Bundle sent !
19:06:34 [36mDEBUG[0m [90msrc/aap2_client.c:334:[0m Success
19:06:34 [32mINFO [0m [90msrc/aap2_client.c:418:[0m Bundle sent !
19:06:34 [36mDEBUG[0m [90msrc/aap2_client.c:334:[0m Success
19:06:34 [32mINFO [0m [90msrc/aap2_client.c:418:[0m Bundle sent !
19:06:34 [36mDEBUG[0m [90msrc/aap2_client.c:334:[0m Success
19:06:34 [32mINFO [0m [90msrc/aap2_client.c:418:[0m Bundle sent !
19:06:34 [36mDEBUG[0m [90msrc/aap2_client.c:334:[0m Success
19:06:37 [32mINFO [0m [90msrc/aap2_client.c:418:[0m Bundle sent !
19:06:37 [36mDEBUG[0m [90msrc/aap2_client.c:334:[0m Success
19:06:37 [32mINFO [0m [90msrc/aap2_client.c:418:[0m Bundle sent !
19:06:37 [36mDEBUG[0m [90msrc/aap2_client.c:334:[0m Success
19:06:37 [32mINFO [0m [90msrc/aap2_client.c:418:[0m Bundle sent !
19:06:37 [36mDEBUG[0m [90msrc/aap2_client.c:334:[0m Success
19:06:37 [32mINFO [0m [90msrc/aap2_client.c:418:[0m Bundle sent !
19:06:37 [36mDEBUG[0m [90msrc/aap2_client.c:334:[0m Success
19:06:37 [32mINFO [0m [90msrc/aap2_client.c:418:[0m Bundle sent !
19:06:37 [36mDEBUG[0m [90msrc/aap2_client.c:334:[0m Success
19:06:37 [32mINFO [0m [90msrc/aap2_client.c:418:[0m Bundle sent !
19:06:37 [36mDEBUG[0m [90msrc/aap2_client.c:334:[0m Success
19:06:37 [32mINFO [0m [90msrc/aap2_client.c:418:[0m Bundle sent !
19:06:37 [36mDEBUG[0m [90msrc/aap2_client.c:334:[0m Success
19:06:37 [32mINFO [0m [90msrc/aap2_client.c:418:[0m Bundle sent !
19:06:37 [36mDEBUG[0m [90msrc/aap2_client.c:334:[0m Success
19:06:37 [32mINFO [0m [90msrc/aap2_client.c:418:[0m Bundle sent !
19:06:37 [36mDEBUG[0m [90msrc/aap2_client.c:334:[0m Success
19:06:37 [32mINFO [0m [90msrc/aap2_client.c:418:[0m Bundle sent !
19:06:37 [36mDEBUG[0m [90msrc/aap2_client.c:334:[0m Success
19:06:40 [32mINFO [0m [90msrc/aap2_client.c:418:[0m Bundle sent !
19:06:40 [36mDEBUG[0m [90msrc/aap2_client.c:334:[0m Success
19:06:40 [32mINFO [0m [90msrc/aap2_client.c:418:[0m Bundle sent !
19:06:40 [36mDEBUG[0m [90msrc/aap2_client.c:334:[0m Success
19:06:40 [32mINFO [0m [90msrc/aap2_client.c:418:[0m Bundle sent !
19:06:40 [36mDEBUG[0m [90msrc/aap2_client.c:334:[0m Success
19:06:40 [32mINFO [0m [90msrc/aap2_client.c:418:[0m Bundle sent !
19:06:40 [36mDEBUG[0m [90msrc/aap2_client.c:334:[0m Success
19:06:40 [32mINFO [0m [90msrc/aap2_client.c:418:[0m Bundle sent !
19:06:40 [36mDEBUG[0m [90msrc/aap2_client.c:334:[0m Success
19:06:40 [32mINFO [0m [90msrc/aap2_client.c:418:[0m Bundle sent !
19:06:40 [36mDEBUG[0m [90msrc/aap2_client.c:334:[0m Success
19:06:40 [32mINFO [0m [90msrc/aap2_client.c:418:[0m Bundle sent !
19:06:40 [36mDEBUG[0m [90msrc/aap2_client.c:334:[0m Success
19:06:40 [32mINFO [0m [90msrc/aap2_client.c:418:[0m Bundle sent !
19:06:40 [36mDEBUG[0m [90msrc/aap2_client.c:334:[0m Success
19:06:40 [32mINFO [0m [90msrc/aap2_client.c:418:[0m Bundle sent !
19:06:40 [36mDEBUG[0m [90msrc/aap2_client.c:334:[0m Success
19:06:40 [32mINFO [0m [90msrc/aap2_client.c:418:[0m Bundle sent !
19:06:40 [36mDEBUG[0m [90msrc/aap2_client.c:334:[0m Success
19:06:43 [32mINFO [0m [90msrc/aap2_client.c:418:[0m Bundle sent !
19:06:43 [36mDEBUG[0m [90msrc/aap2_client.c:334:[0m Success
19:06:43 [32mINFO [0m [90msrc/aap2_client.c:418:[0m Bundle sent !
19:06:43 [36mDEBUG[0m [90msrc/aap2_client.c:334:[0m Success
19:06:43 [32mINFO [0m [90msrc/aap2_client.c:418:[0m Bundle sent !
19:06:43 [36mDEBUG[0m [90msrc/aap2_client.c:334:[0m Success
19:06:43 [32mINFO [0m [90msrc/aap2_client.c:418:[0m Bundle sent !
19:06:43 [36mDEBUG[0m [90msrc/aap2_client.c:334:[0m Success
19:06:43 [32mINFO [0m [90msrc/aap2_client.c:418:[0m Bundle sent !
19:06:43 [36mDEBUG[0m [90msrc/aap2_client.c:334:[0m Success
19:06:43 [32mINFO [0m [90msrc/aap2_client.c:418:[0m Bundle sent !
19:06:43 [36mDEBUG[0m [90msrc/aap2_client.c:334:[0m Success
19:06:43 [32mINFO [0m [90msrc/aap2_client.c:418:[0m Bundle sent !
19:06:43 [36mDEBUG[0m [90msrc/aap2_client.c:334:[0m Success
19:06:43 [32mINFO [0m [90msrc/aap2_client.c:418:[0m Bundle sent !
19:06:43 [36mDEBUG[0m [90msrc/aap2_client.c:334:[0m Success
19:06:43 [32mINFO [0m [90msrc/aap2_client.c:418:[0m Bundle sent !
19:06:43 [36mDEBUG[0m [90msrc/aap2_client.c:334:[0m Success
19:06:43 [32mINFO [0m [90msrc/aap2_client.c:418:[0m Bundle sent !
19:06:43 [36mDEBUG[0m [90msrc/aap2_client.c:334:[0m Success
19:06:46 [32mINFO [0m [90msrc/aap2_client.c:418:[0m Bundle sent !
19:06:46 [36mDEBUG[0m [90msrc/aap2_client.c:334:[0m Success
19:06:46 [32mINFO [0m [90msrc/aap2_client.c:418:[0m Bundle sent !
19:06:46 [36mDEBUG[0m [90msrc/aap2_client.c:334:[0m Success
19:06:46 [32mINFO [0m [90msrc/aap2_client.c:418:[0m Bundle sent !
19:06:46 [36mDEBUG[0m [90msrc/aap2_client.c:334:[0m Success
19:06:46 [32mINFO [0m [90msrc/aap2_client.c:418:[0m Bundle sent !
19:06:46 [36mDEBUG[0m [90msrc/aap2_client.c:334:[0m Success
19:06:46 [32mINFO [0m [90msrc/aap2_client.c:418:[0m Bundle sent !
19:06:46 [36mDEBUG[0m [90msrc/aap2_client.c:334:[0m Success
19:06:46 [32mINFO [0m [90msrc/aap2_client.c:418:[0m Bundle sent !
19:06:46 [36mDEBUG[0m [90msrc/aap2_client.c:334:[0m Success
19:06:46 [32mINFO [0m [90msrc/aap2_client.c:418:[0m Bundle sent !
19:06:46 [36mDEBUG[0m [90msrc/aap2_client.c:334:[0m Success
19:06:46 [32mINFO [0m [90msrc/aap2_client.c:418:[0m Bundle sent !
19:06:46 [36mDEBUG[0m [90msrc/aap2_client.c:334:[0m Success
19:06:46 [32mINFO [0m [90msrc/aap2_client.c:418:[0m Bundle sent !
19:06:46 [36mDEBUG[0m [90msrc/aap2_client.c:334:[0m Success
19:06:46 [32mINFO [0m [90msrc/aap2_client.c:418:[0m Bundle sent !
19:06:46 [36mDEBUG[0m [90msrc/aap2_client.c:334:[0m Success
19:06:49 [32mINFO [0m [90msrc/aap2_client.c:418:[0m Bundle sent !
19:06:49 [36mDEBUG[0m [90msrc/aap2_client.c:334:[0m Success
19:06:49 [32mINFO [0m [90msrc/aap2_client.c:418:[0m Bundle sent !
19:06:49 [36mDEBUG[0m [90msrc/aap2_client.c:334:[0m Success
19:06:49 [32mINFO [0m [90msrc/aap2_client.c:418:[0m Bundle sent !
19:06:49 [36mDEBUG[0m [90msrc/aap2_client.c:334:[0m Success
19:06:49 [32mINFO [0m [90msrc/aap2_client.c:418:[0m Bundle sent !
19:06:49 [36mDEBUG[0m [90msrc/aap2_client.c:334:[0m Success
19:06:49 [32mINFO [0m [90msrc/aap2_client.c:418:[0m Bundle sent !
19:06:49 [36mDEBUG[0m [90msrc/aap2_client.c:334:[0m Success
19:06:49 [32mINFO [0m [90msrc/aap2_client.c:418:[0m Bundle sent !
19:06:49 [36mDEBUG[0m [90msrc/aap2_client.c:334:[0m Success
19:06:49 [32mINFO [0m [90msrc/aap2_client.c:418:[0m Bundle sent !
19:06:49 [36mDEBUG[0m [90msrc/aap2_client.c:334:[0m Success
19:06:49 [32mINFO [0m [90msrc/aap2_client.c:418:[0m Bundle sent !
19:06:49 [36mDEBUG[0m [90msrc/aap2_client.c:334:[0m Success
19:06:49 [32mINFO [0m [90msrc/aap2_client.c:418:[0m Bundle sent !
19:06:49 [36mDEBUG[0m [90msrc/aap2_client.c:334:[0m Success
19:06:49 [32mINFO [0m [90msrc/aap2_client.c:418:[0m Bundle sent !
19:06:49 [36mDEBUG[0m [90msrc/aap2_client.c:334:[0m Success
19:06:52 [32mINFO [0m [90msrc/aap2_client.c:418:[0m Bundle sent !
19:06:52 [36mDEBUG[0m [90msrc/aap2_client.c:334:[0m Success
19:06:52 [32mINFO [0m [90msrc/aap2_client.c:418:[0m Bundle sent !
19:06:52 [36mDEBUG[0m [90msrc/aap2_client.c:334:[0m Success
19:06:52 [32mINFO [0m [90msrc/aap2_client.c:418:[0m Bundle sent !
19:06:52 [36mDEBUG[0m [90msrc/aap2_client.c:334:[0m Success
19:06:52 [32mINFO [0m [90msrc/aap2_client.c:418:[0m Bundle sent !
19:06:52 [36mDEBUG[0m [90msrc/aap2_client.c:334:[0m Success
19:06:52 [32mINFO [0m [90msrc/aap2_client.c:418:[0m Bundle sent !
19:06:52 [36mDEBUG[0m [90msrc/aap2_client.c:334:[0m Success
19:06:52 [32mINFO [0m [90msrc/aap2_client.c:418:[0m Bundle sent !
19:06:52 [36mDEBUG[0m [90msrc/aap2_client.c:334:[0m Success
19:06:52 [32mINFO [0m [90msrc/aap2_client.c:418:[0m Bundle sent !
19:06:52 [36mDEBUG[0m [90msrc/aap2_client.c:334:[0m Success
19:06:52 [32mINFO [0m [90msrc/aap2_client.c:418:[0m Bundle sent !
19:06:52 [36mDEBUG[0m [90msrc/aap2_client.c:334:[0m Success
19:06:52 [32mINFO [0m [90msrc/aap2_client.c:418:[0m Bundle sent !
19:06:52 [36mDEBUG[0m [90msrc/aap2_client.c:334:[0m Success
19:06:52 [32mINFO [0m [90msrc/aap2_client.c:418:[0m Bundle sent !
19:06:52 [36mDEBUG[0m [90msrc/aap2_client.c:334:[0m Success
19:06:55 [32mINFO [0m [90msrc/aap2_client.c:418:[0m Bundle sent !
19:06:55 [36mDEBUG[0m [90msrc/aap2_client.c:334:[0m Success
19:06:55 [32mINFO [0m [90msrc/aap2_client.c:418:[0m Bundle sent !
19:06:55 [36mDEBUG[0m [90msrc/aap2_client.c:334:[0m Success
19:06:55 [32mINFO [0m [90msrc/aap2_client.c:418:[0m Bundle sent !
19:06:55 [36mDEBUG[0m [90msrc/aap2_client.c:334:[0m Success
19:06:55 [32mINFO [0m [90msrc/aap2_client.c:418:[0m Bundle sent !
19:06:55 [36mDEBUG[0m [90msrc/aap2_client.c:334:[0m Success
19:06:55 [32mINFO [0m [90msrc/aap2_client.c:418:[0m Bundle sent !
19:06:55 [36mDEBUG[0m [90msrc/aap2_client.c:334:[0m Success
19:06:55 [32mINFO [0m [90msrc/aap2_client.c:418:[0m Bundle sent !
19:06:55 [36mDEBUG[0m [90msrc/aap2_client.c:334:[0m Success
19:06:55 [32mINFO [0m [90msrc/aap2_client.c:418:[0m Bundle sent !
19:06:55 [36mDEBUG[0m [90msrc/aap2_client.c:334:[0m Success
19:06:55 [32mINFO [0m [90msrc/aap2_client.c:418:[0m Bundle sent !
19:06:55 [36mDEBUG[0m [90msrc/aap2_client.c:334:[0m Success
19:06:55 [32mINFO [0m [90msrc/aap2_client.c:418:[0m Bundle sent !
19:06:55 [36mDEBUG[0m [90msrc/aap2_client.c:334:[0m Success
19:06:55 [32mINFO [0m [90msrc/aap2_client.c:418:[0m Bundle sent !
19:06:55 [36mDEBUG[0m [90msrc/aap2_client.c:334:[0m Success
19:06:57 [32mINFO [0m [90msrc/aap2_client.c:418:[0m Bundle sent !
19:06:57 [36mDEBUG[0m [90msrc/aap2_client.c:334:[0m Success
19:06:57 [32mINFO [0m [90msrc/aap2_client.c:418:[0m Bundle sent !
19:06:57 [36mDEBUG[0m [90msrc/aap2_client.c:334:[0m Success
19:06:57 [32mINFO [0m [90msrc/aap2_client.c:418:[0m Bundle sent !
19:06:57 [36mDEBUG[0m [90msrc/aap2_client.c:334:[0m Success
19:06:57 [32mINFO [0m [90msrc/aap2_client.c:418:[0m Bundle sent !
19:06:57 [36mDEBUG[0m [90msrc/aap2_client.c:334:[0m Success
19:06:57 [32mINFO [0m [90msrc/aap2_client.c:418:[0m Bundle sent !
19:06:57 [36mDEBUG[0m [90msrc/aap2_client.c:334:[0m Success
19:06:57 [32mINFO [0m [90msrc/aap2_client.c:418:[0m Bundle sent !
19:06:57 [36mDEBUG[0m [90msrc/aap2_client.c:334:[0m Success
19:06:57 [32mINFO [0m [90msrc/aap2_client.c:418:[0m Bundle sent !
19:06:57 [36mDEBUG[0m [90msrc/aap2_client.c:334:[0m Success
19:06:57 [32mINFO [0m [90msrc/aap2_client.c:418:[0m Bundle sent !
19:06:57 [36mDEBUG[0m [90msrc/aap2_client.c:334:[0m Success
19:06:57 [32mINFO [0m [90msrc/aap2_client.c:418:[0m Bundle sent !
19:06:57 [36mDEBUG[0m [90msrc/aap2_client.c:334:[0m Success
19:06:57 [32mINFO [0m [90msrc/aap2_client.c:418:[0m Bundle sent !
19:06:57 [36mDEBUG[0m [90msrc/aap2_client.c:334:[0m Success
19:07:01 [32mINFO [0m [90msrc/aap2_client.c:418:[0m Bundle sent !
19:07:01 [36mDEBUG[0m [90msrc/aap2_client.c:334:[0m Success
19:07:01 [32mINFO [0m [90msrc/aap2_client.c:418:[0m Bundle sent !
19:07:01 [36mDEBUG[0m [90msrc/aap2_client.c:334:[0m Success
19:07:01 [32mINFO [0m [90msrc/aap2_client.c:418:[0m Bundle sent !
19:07:01 [36mDEBUG[0m [90msrc/aap2_client.c:334:[0m Success
19:07:01 [32mINFO [0m [90msrc/aap2_client.c:418:[0m Bundle sent !
19:07:01 [36mDEBUG[0m [90msrc/aap2_client.c:334:[0m Success
19:07:01 [32mINFO [0m [90msrc/aap2_client.c:418:[0m Bundle sent !
19:07:01 [36mDEBUG[0m [90msrc/aap2_client.c:334:[0m Success
19:07:01 [32mINFO [0m [90msrc/aap2_client.c:418:[0m Bundle sent !
19:07:01 [36mDEBUG[0m [90msrc/aap2_client.c:334:[0m Success
19:07:01 [32mINFO [0m [90msrc/aap2_client.c:418:[0m Bundle sent !
19:07:01 [36mDEBUG[0m [90msrc/aap2_client.c:334:[0m Success
19:07:01 [32mINFO [0m [90msrc/aap2_client.c:418:[0m Bundle sent !
19:07:01 [36mDEBUG[0m [90msrc/aap2_client.c:334:[0m Success
19:07:01 [32mINFO [0m [90msrc/aap2_client.c:418:[0m Bundle sent !
19:07:01 [36mDEBUG[0m [90msrc/aap2_client.c:334:[0m Success
19:07:01 [32mINFO [0m [90msrc/aap2_client.c:418:[0m Bundle sent !
19:07:01 [36mDEBUG[0m [90msrc/aap2_client.c:334:[0m Success
19:07:04 [32mINFO [0m [90msrc/aap2_client.c:418:[0m Bundle sent !
19:07:04 [36mDEBUG[0m [90msrc/aap2_client.c:334:[0m Success
19:07:04 [32mINFO [0m [90msrc/aap2_client.c:418:[0m Bundle sent !
19:07:04 [36mDEBUG[0m [90msrc/aap2_client.c:334:[0m Success
19:07:04 [32mINFO [0m [90msrc/aap2_client.c:418:[0m Bundle sent !
19:07:04 [36mDEBUG[0m [90msrc/aap2_client.c:334:[0m Success
19:07:04 [32mINFO [0m [90msrc/aap2_client.c:418:[0m Bundle sent !
19:07:04 [36mDEBUG[0m [90msrc/aap2_client.c:334:[0m Success
19:07:04 [32mINFO [0m [90msrc/aap2_client.c:418:[0m Bundle sent !
19:07:04 [36mDEBUG[0m [90msrc/aap2_client.c:334:[0m Success
19:07:04 [32mINFO [0m [90msrc/aap2_client.c:418:[0m Bundle sent !
19:07:04 [36mDEBUG[0m [90msrc/aap2_client.c:334:[0m Success
19:07:04 [32mINFO [0m [90msrc/aap2_client.c:418:[0m Bundle sent !
19:07:04 [36mDEBUG[0m [90msrc/aap2_client.c:334:[0m Success
19:07:04 [32mINFO [0m [90msrc/aap2_client.c:418:[0m Bundle sent !
19:07:04 [36mDEBUG[0m [90msrc/aap2_client.c:334:[0m Success
19:07:04 [32mINFO [0m [90msrc/aap2_client.c:418:[0m Bundle sent !
19:07:04 [36mDEBUG[0m [90msrc/aap2_client.c:334:[0m Success
19:07:04 [32mINFO [0m [90msrc/aap2_client.c:418:[0m Bundle sent !
19:07:04 [36mDEBUG[0m [90msrc/aap2_client.c:334:[0m Success
19:07:06 [32mINFO [0m [90msrc/aap2_client.c:418:[0m Bundle sent !
19:07:06 [36mDEBUG[0m [90msrc/aap2_client.c:334:[0m Success
19:07:06 [32mINFO [0m [90msrc/aap2_client.c:418:[0m Bundle sent !
19:07:06 [36mDEBUG[0m [90msrc/aap2_client.c:334:[0m Success
19:07:06 [32mINFO [0m [90msrc/aap2_client.c:418:[0m Bundle sent !
19:07:06 [36mDEBUG[0m [90msrc/aap2_client.c:334:[0m Success
19:07:06 [32mINFO [0m [90msrc/aap2_client.c:418:[0m Bundle sent !
19:07:06 [36mDEBUG[0m [90msrc/aap2_client.c:334:[0m Success
19:07:06 [32mINFO [0m [90msrc/aap2_client.c:418:[0m Bundle sent !
19:07:06 [36mDEBUG[0m [90msrc/aap2_client.c:334:[0m Success
19:07:06 [32mINFO [0m [90msrc/aap2_client.c:418:[0m Bundle sent !
19:07:06 [36mDEBUG[0m [90msrc/aap2_client.c:334:[0m Success
19:07:06 [32mINFO [0m [90msrc/aap2_client.c:418:[0m Bundle sent !
19:07:06 [36mDEBUG[0m [90msrc/aap2_client.c:334:[0m Success
19:07:06 [32mINFO [0m [90msrc/aap2_client.c:418:[0m Bundle sent !
19:07:06 [36mDEBUG[0m [90msrc/aap2_client.c:334:[0m Success
19:07:06 [32mINFO [0m [90msrc/aap2_client.c:418:[0m Bundle sent !
19:07:06 [36mDEBUG[0m [90msrc/aap2_client.c:334:[0m Success
19:07:06 [32mINFO [0m [90msrc/aap2_client.c:418:[0m Bundle sent !
19:07:06 [36mDEBUG[0m [90msrc/aap2_client.c:334:[0m Success
19:07:09 [32mINFO [0m [90msrc/aap2_client.c:418:[0m Bundle sent !
19:07:09 [36mDEBUG[0m [90msrc/aap2_client.c:334:[0m Success
19:07:09 [32mINFO [0m [90msrc/aap2_client.c:418:[0m Bundle sent !
19:07:09 [36mDEBUG[0m [90msrc/aap2_client.c:334:[0m Success
19:07:09 [32mINFO [0m [90msrc/aap2_client.c:418:[0m Bundle sent !
19:07:09 [36mDEBUG[0m [90msrc/aap2_client.c:334:[0m Success
19:07:09 [32mINFO [0m [90msrc/aap2_client.c:418:[0m Bundle sent !
19:07:09 [36mDEBUG[0m [90msrc/aap2_client.c:334:[0m Success
19:07:09 [32mINFO [0m [90msrc/aap2_client.c:418:[0m Bundle sent !
19:07:09 [36mDEBUG[0m [90msrc/aap2_client.c:334:[0m Success
19:07:09 [32mINFO [0m [90msrc/aap2_client.c:418:[0m Bundle sent !
19:07:09 [36mDEBUG[0m [90msrc/aap2_client.c:334:[0m Success
19:07:09 [32mINFO [0m [90msrc/aap2_client.c:418:[0m Bundle sent !
19:07:09 [36mDEBUG[0m [90msrc/aap2_client.c:334:[0m Success
19:07:09 [32mINFO [0m [90msrc/aap2_client.c:418:[0m Bundle sent !
19:07:09 [36mDEBUG[0m [90msrc/aap2_client.c:334:[0m Success
19:07:09 [32mINFO [0m [90msrc/aap2_client.c:418:[0m Bundle sent !
19:07:09 [36mDEBUG[0m [90msrc/aap2_client.c:334:[0m Success
19:07:09 [32mINFO [0m [90msrc/aap2_client.c:418:[0m Bundle sent !
19:07:09 [36mDEBUG[0m [90msrc/aap2_client.c:334:[0m Success
19:07:12 [32mINFO [0m [90msrc/aap2_client.c:418:[0m Bundle sent !
19:07:12 [36mDEBUG[0m [90msrc/aap2_client.c:334:[0m Success
19:07:12 [32mINFO [0m [90msrc/aap2_client.c:418:[0m Bundle sent !
19:07:12 [36mDEBUG[0m [90msrc/aap2_client.c:334:[0m Success
19:07:12 [32mINFO [0m [90msrc/aap2_client.c:418:[0m Bundle sent !
19:07:12 [36mDEBUG[0m [90msrc/aap2_client.c:334:[0m Success
19:07:12 [32mINFO [0m [90msrc/aap2_client.c:418:[0m Bundle sent !
19:07:12 [36mDEBUG[0m [90msrc/aap2_client.c:334:[0m Success
19:07:12 [32mINFO [0m [90msrc/aap2_client.c:418:[0m Bundle sent !
19:07:12 [36mDEBUG[0m [90msrc/aap2_client.c:334:[0m Success
19:07:12 [32mINFO [0m [90msrc/aap2_client.c:418:[0m Bundle sent !
19:07:12 [36mDEBUG[0m [90msrc/aap2_client.c:334:[0m Success
19:07:12 [32mINFO [0m [90msrc/aap2_client.c:418:[0m Bundle sent !
19:07:12 [36mDEBUG[0m [90msrc/aap2_client.c:334:[0m Success
19:07:12 [32mINFO [0m [90msrc/aap2_client.c:418:[0m Bundle sent !
19:07:12 [36mDEBUG[0m [90msrc/aap2_client.c:334:[0m Success
19:07:12 [32mINFO [0m [90msrc/aap2_client.c:418:[0m Bundle sent !
19:07:12 [36mDEBUG[0m [90msrc/aap2_client.c:334:[0m Success
19:07:12 [32mINFO [0m [90msrc/aap2_client.c:418:[0m Bundle sent !
19:07:12 [36mDEBUG[0m [90msrc/aap2_client.c:334:[0m Success
19:07:15 [32mINFO [0m [90msrc/aap2_client.c:418:[0m Bundle sent !
19:07:15 [36mDEBUG[0m [90msrc/aap2_client.c:334:[0m Success
19:07:15 [32mINFO [0m [90msrc/aap2_client.c:418:[0m Bundle sent !
19:07:15 [36mDEBUG[0m [90msrc/aap2_client.c:334:[0m Success
19:07:15 [32mINFO [0m [90msrc/aap2_client.c:418:[0m Bundle sent !
19:07:15 [36mDEBUG[0m [90msrc/aap2_client.c:334:[0m Success
19:07:15 [32mINFO [0m [90msrc/aap2_client.c:418:[0m Bundle sent !
19:07:15 [36mDEBUG[0m [90msrc/aap2_client.c:334:[0m Success
19:07:15 [32mINFO [0m [90msrc/aap2_client.c:418:[0m Bundle sent !
19:07:15 [36mDEBUG[0m [90msrc/aap2_client.c:334:[0m Success
19:07:15 [32mINFO [0m [90msrc/aap2_client.c:418:[0m Bundle sent !
19:07:15 [36mDEBUG[0m [90msrc/aap2_client.c:334:[0m Success
19:07:15 [32mINFO [0m [90msrc/aap2_client.c:418:[0m Bundle sent !
19:07:15 [36mDEBUG[0m [90msrc/aap2_client.c:334:[0m Success
19:07:15 [32mINFO [0m [90msrc/aap2_client.c:418:[0m Bundle sent !
19:07:15 [36mDEBUG[0m [90msrc/aap2_client.c:334:[0m Success
19:07:15 [32mINFO [0m [90msrc/aap2_client.c:418:[0m Bundle sent !
19:07:15 [36mDEBUG[0m [90msrc/aap2_client.c:334:[0m Success
19:07:15 [32mINFO [0m [90msrc/aap2_client.c:418:[0m Bundle sent !
19:07:15 [36mDEBUG[0m [90msrc/aap2_client.c:334:[0m Success
19:07:18 [32mINFO [0m [90msrc/aap2_client.c:418:[0m Bundle sent !
19:07:18 [36mDEBUG[0m [90msrc/aap2_client.c:334:[0m Success
19:07:18 [32mINFO [0m [90msrc/aap2_client.c:418:[0m Bundle sent !
19:07:18 [36mDEBUG[0m [90msrc/aap2_client.c:334:[0m Success
19:07:18 [32mINFO [0m [90msrc/aap2_client.c:418:[0m Bundle sent !
19:07:18 [36mDEBUG[0m [90msrc/aap2_client.c:334:[0m Success
19:07:18 [32mINFO [0m [90msrc/aap2_client.c:418:[0m Bundle sent !
19:07:18 [36mDEBUG[0m [90msrc/aap2_client.c:334:[0m Success
19:07:18 [32mINFO [0m [90msrc/aap2_client.c:418:[0m Bundle sent !
19:07:18 [36mDEBUG[0m [90msrc/aap2_client.c:334:[0m Success
19:07:18 [32mINFO [0m [90msrc/aap2_client.c:418:[0m Bundle sent !
19:07:18 [36mDEBUG[0m [90msrc/aap2_client.c:334:[0m Success
19:07:18 [32mINFO [0m [90msrc/aap2_client.c:418:[0m Bundle sent !
19:07:18 [36mDEBUG[0m [90msrc/aap2_client.c:334:[0m Success
19:07:18 [32mINFO [0m [90msrc/aap2_client.c:418:[0m Bundle sent !
19:07:18 [36mDEBUG[0m [90msrc/aap2_client.c:334:[0m Success
19:07:18 [32mINFO [0m [90msrc/aap2_client.c:418:[0m Bundle sent !
19:07:18 [36mDEBUG[0m [90msrc/aap2_client.c:334:[0m Success
19:07:18 [32mINFO [0m [90msrc/aap2_client.c:418:[0m Bundle sent !
19:07:18 [36mDEBUG[0m [90msrc/aap2_client.c:334:[0m Success
19:07:22 [32mINFO [0m [90msrc/aap2_client.c:418:[0m Bundle sent !
19:07:22 [36mDEBUG[0m [90msrc/aap2_client.c:334:[0m Success
19:07:22 [32mINFO [0m [90msrc/aap2_client.c:418:[0m Bundle sent !
19:07:22 [36mDEBUG[0m [90msrc/aap2_client.c:334:[0m Success
19:07:22 [32mINFO [0m [90msrc/aap2_client.c:418:[0m Bundle sent !
19:07:22 [36mDEBUG[0m [90msrc/aap2_client.c:334:[0m Success
19:07:22 [32mINFO [0m [90msrc/aap2_client.c:418:[0m Bundle sent !
19:07:22 [36mDEBUG[0m [90msrc/aap2_client.c:334:[0m Success
19:07:22 [32mINFO [0m [90msrc/aap2_client.c:418:[0m Bundle sent !
19:07:22 [36mDEBUG[0m [90msrc/aap2_client.c:334:[0m Success
19:07:22 [32mINFO [0m [90msrc/aap2_client.c:418:[0m Bundle sent !
19:07:22 [36mDEBUG[0m [90msrc/aap2_client.c:334:[0m Success
19:07:22 [32mINFO [0m [90msrc/aap2_client.c:418:[0m Bundle sent !
19:07:22 [36mDEBUG[0m [90msrc/aap2_client.c:334:[0m Success
19:07:22 [32mINFO [0m [90msrc/aap2_client.c:418:[0m Bundle sent !
19:07:22 [36mDEBUG[0m [90msrc/aap2_client.c:334:[0m Success
19:07:22 [32mINFO [0m [90msrc/aap2_client.c:418:[0m Bundle sent !
19:07:22 [36mDEBUG[0m [90msrc/aap2_client.c:334:[0m Success
19:07:22 [32mINFO [0m [90msrc/aap2_client.c:418:[0m Bundle sent !
19:07:22 [36mDEBUG[0m [90msrc/aap2_client.c:334:[0m Success
19:07:24 [32mINFO [0m [90msrc/aap2_client.c:418:[0m Bundle sent !
19:07:24 [36mDEBUG[0m [90msrc/aap2_client.c:334:[0m Success
19:07:24 [32mINFO [0m [90msrc/aap2_client.c:418:[0m Bundle sent !
19:07:24 [36mDEBUG[0m [90msrc/aap2_client.c:334:[0m Success
19:07:24 [32mINFO [0m [90msrc/aap2_client.c:418:[0m Bundle sent !
19:07:24 [36mDEBUG[0m [90msrc/aap2_client.c:334:[0m Success
19:07:24 [32mINFO [0m [90msrc/aap2_client.c:418:[0m Bundle sent !
19:07:24 [36mDEBUG[0m [90msrc/aap2_client.c:334:[0m Success
19:07:24 [32mINFO [0m [90msrc/aap2_client.c:418:[0m Bundle sent !
19:07:24 [36mDEBUG[0m [90msrc/aap2_client.c:334:[0m Success
19:07:24 [32mINFO [0m [90msrc/aap2_client.c:418:[0m Bundle sent !
19:07:24 [36mDEBUG[0m [90msrc/aap2_client.c:334:[0m Success
19:07:24 [32mINFO [0m [90msrc/aap2_client.c:418:[0m Bundle sent !
19:07:24 [36mDEBUG[0m [90msrc/aap2_client.c:334:[0m Success
19:07:24 [32mINFO [0m [90msrc/aap2_client.c:418:[0m Bundle sent !
19:07:24 [36mDEBUG[0m [90msrc/aap2_client.c:334:[0m Success
19:07:24 [32mINFO [0m [90msrc/aap2_client.c:418:[0m Bundle sent !
19:07:24 [36mDEBUG[0m [90msrc/aap2_client.c:334:[0m Success
19:07:24 [32mINFO [0m [90msrc/aap2_client.c:418:[0m Bundle sent !
19:07:24 [36mDEBUG[0m [90msrc/aap2_client.c:334:[0m Success
19:07:27 [32mINFO [0m [90msrc/aap2_client.c:418:[0m Bundle sent !
19:07:27 [36mDEBUG[0m [90msrc/aap2_client.c:334:[0m Success
19:07:27 [32mINFO [0m [90msrc/aap2_client.c:418:[0m Bundle sent !
19:07:27 [36mDEBUG[0m [90msrc/aap2_client.c:334:[0m Success
19:07:27 [32mINFO [0m [90msrc/aap2_client.c:418:[0m Bundle sent !
19:07:27 [36mDEBUG[0m [90msrc/aap2_client.c:334:[0m Success
19:07:27 [32mINFO [0m [90msrc/aap2_client.c:418:[0m Bundle sent !
19:07:27 [36mDEBUG[0m [90msrc/aap2_client.c:334:[0m Success
19:07:27 [32mINFO [0m [90msrc/aap2_client.c:418:[0m Bundle sent !
19:07:27 [36mDEBUG[0m [90msrc/aap2_client.c:334:[0m Success
19:07:27 [32mINFO [0m [90msrc/aap2_client.c:418:[0m Bundle sent !
19:07:27 [36mDEBUG[0m [90msrc/aap2_client.c:334:[0m Success
19:07:27 [32mINFO [0m [90msrc/aap2_client.c:418:[0m Bundle sent !
19:07:27 [36mDEBUG[0m [90msrc/aap2_client.c:334:[0m Success
19:07:27 [32mINFO [0m [90msrc/aap2_client.c:418:[0m Bundle sent !
19:07:27 [36mDEBUG[0m [90msrc/aap2_client.c:334:[0m Success
19:07:27 [32mINFO [0m [90msrc/aap2_client.c:418:[0m Bundle sent !
19:07:27 [36mDEBUG[0m [90msrc/aap2_client.c:334:[0m Success
19:07:27 [32mINFO [0m [90msrc/aap2_client.c:418:[0m Bundle sent !
19:07:27 [36mDEBUG[0m [90msrc/aap2_client.c:334:[0m Success
19:07:30 [32mINFO [0m [90msrc/aap2_client.c:418:[0m Bundle sent !
19:07:30 [36mDEBUG[0m [90msrc/aap2_client.c:334:[0m Success
19:07:30 [32mINFO [0m [90msrc/aap2_client.c:418:[0m Bundle sent !
19:07:30 [36mDEBUG[0m [90msrc/aap2_client.c:334:[0m Success
19:07:30 [32mINFO [0m [90msrc/aap2_client.c:418:[0m Bundle sent !
19:07:30 [36mDEBUG[0m [90msrc/aap2_client.c:334:[0m Success
19:07:30 [32mINFO [0m [90msrc/aap2_client.c:418:[0m Bundle sent !
19:07:30 [36mDEBUG[0m [90msrc/aap2_client.c:334:[0m Success
19:07:30 [32mINFO [0m [90msrc/aap2_client.c:418:[0m Bundle sent !
19:07:30 [36mDEBUG[0m [90msrc/aap2_client.c:334:[0m Success
19:07:30 [32mINFO [0m [90msrc/aap2_client.c:418:[0m Bundle sent !
19:07:30 [36mDEBUG[0m [90msrc/aap2_client.c:334:[0m Success
19:07:30 [32mINFO [0m [90msrc/aap2_client.c:418:[0m Bundle sent !
19:07:30 [36mDEBUG[0m [90msrc/aap2_client.c:334:[0m Success
19:07:30 [32mINFO [0m [90msrc/aap2_client.c:418:[0m Bundle sent !
19:07:30 [36mDEBUG[0m [90msrc/aap2_client.c:334:[0m Success
19:07:30 [32mINFO [0m [90msrc/aap2_client.c:418:[0m Bundle sent !
19:07:30 [36mDEBUG[0m [90msrc/aap2_client.c:334:[0m Success
19:07:30 [32mINFO [0m [90msrc/aap2_client.c:418:[0m Bundle sent !
19:07:30 [36mDEBUG[0m [90msrc/aap2_client.c:334:[0m Success
19:07:33 [32mINFO [0m [90msrc/aap2_client.c:418:[0m Bundle sent !
19:07:33 [36mDEBUG[0m [90msrc/aap2_client.c:334:[0m Success
19:07:33 [32mINFO [0m [90msrc/aap2_client.c:418:[0m Bundle sent !
19:07:33 [36mDEBUG[0m [90msrc/aap2_client.c:334:[0m Success
19:07:33 [32mINFO [0m [90msrc/aap2_client.c:418:[0m Bundle sent !
19:07:33 [36mDEBUG[0m [90msrc/aap2_client.c:334:[0m Success
19:07:33 [32mINFO [0m [90msrc/aap2_client.c:418:[0m Bundle sent !
19:07:33 [36mDEBUG[0m [90msrc/aap2_client.c:334:[0m Success
19:07:33 [32mINFO [0m [90msrc/aap2_client.c:418:[0m Bundle sent !
19:07:33 [36mDEBUG[0m [90msrc/aap2_client.c:334:[0m Success
19:07:33 [32mINFO [0m [90msrc/aap2_client.c:418:[0m Bundle sent !
19:07:33 [36mDEBUG[0m [90msrc/aap2_client.c:334:[0m Success
19:07:33 [32mINFO [0m [90msrc/aap2_client.c:418:[0m Bundle sent !
19:07:33 [36mDEBUG[0m [90msrc/aap2_client.c:334:[0m Success
19:07:33 [32mINFO [0m [90msrc/aap2_client.c:418:[0m Bundle sent !
19:07:33 [36mDEBUG[0m [90msrc/aap2_client.c:334:[0m Success
19:07:33 [32mINFO [0m [90msrc/aap2_client.c:418:[0m Bundle sent !
19:07:33 [36mDEBUG[0m [90msrc/aap2_client.c:334:[0m Success
19:07:33 [32mINFO [0m [90msrc/aap2_client.c:418:[0m Bundle sent !
19:07:33 [36mDEBUG[0m [90msrc/aap2_client.c:334:[0m Success
19:07:36 [32mINFO [0m [90msrc/aap2_client.c:418:[0m Bundle sent !
19:07:36 [36mDEBUG[0m [90msrc/aap2_client.c:334:[0m Success
19:07:36 [32mINFO [0m [90msrc/aap2_client.c:418:[0m Bundle sent !
19:07:36 [36mDEBUG[0m [90msrc/aap2_client.c:334:[0m Success
19:07:36 [32mINFO [0m [90msrc/aap2_client.c:418:[0m Bundle sent !
19:07:36 [36mDEBUG[0m [90msrc/aap2_client.c:334:[0m Success
19:07:36 [32mINFO [0m [90msrc/aap2_client.c:418:[0m Bundle sent !
19:07:36 [36mDEBUG[0m [90msrc/aap2_client.c:334:[0m Success
19:07:36 [32mINFO [0m [90msrc/aap2_client.c:418:[0m Bundle sent !
19:07:36 [36mDEBUG[0m [90msrc/aap2_client.c:334:[0m Success
19:07:36 [32mINFO [0m [90msrc/aap2_client.c:418:[0m Bundle sent !
19:07:36 [36mDEBUG[0m [90msrc/aap2_client.c:334:[0m Success
19:07:36 [32mINFO [0m [90msrc/aap2_client.c:418:[0m Bundle sent !
19:07:36 [36mDEBUG[0m [90msrc/aap2_client.c:334:[0m Success
19:07:36 [32mINFO [0m [90msrc/aap2_client.c:418:[0m Bundle sent !
19:07:36 [36mDEBUG[0m [90msrc/aap2_client.c:334:[0m Success
19:07:36 [32mINFO [0m [90msrc/aap2_client.c:418:[0m Bundle sent !
19:07:36 [36mDEBUG[0m [90msrc/aap2_client.c:334:[0m Success
19:07:36 [32mINFO [0m [90msrc/aap2_client.c:418:[0m Bundle sent !
19:07:36 [36mDEBUG[0m [90msrc/aap2_client.c:334:[0m Success
19:07:39 [32mINFO [0m [90msrc/aap2_client.c:418:[0m Bundle sent !
19:07:39 [36mDEBUG[0m [90msrc/aap2_client.c:334:[0m Success
19:07:39 [32mINFO [0m [90msrc/aap2_client.c:418:[0m Bundle sent !
19:07:39 [36mDEBUG[0m [90msrc/aap2_client.c:334:[0m Success
19:07:39 [32mINFO [0m [90msrc/aap2_client.c:418:[0m Bundle sent !
19:07:39 [36mDEBUG[0m [90msrc/aap2_client.c:334:[0m Success
19:07:39 [32mINFO [0m [90msrc/aap2_client.c:418:[0m Bundle sent !
19:07:39 [36mDEBUG[0m [90msrc/aap2_client.c:334:[0m Success
19:07:39 [32mINFO [0m [90msrc/aap2_client.c:418:[0m Bundle sent !
19:07:39 [36mDEBUG[0m [90msrc/aap2_client.c:334:[0m Success
19:07:39 [32mINFO [0m [90msrc/aap2_client.c:418:[0m Bundle sent !
19:07:39 [36mDEBUG[0m [90msrc/aap2_client.c:334:[0m Success
19:07:39 [32mINFO [0m [90msrc/aap2_client.c:418:[0m Bundle sent !
19:07:39 [36mDEBUG[0m [90msrc/aap2_client.c:334:[0m Success
19:07:39 [32mINFO [0m [90msrc/aap2_client.c:418:[0m Bundle sent !
19:07:39 [36mDEBUG[0m [90msrc/aap2_client.c:334:[0m Success
19:07:39 [32mINFO [0m [90msrc/aap2_client.c:418:[0m Bundle sent !
19:07:39 [36mDEBUG[0m [90msrc/aap2_client.c:334:[0m Success
19:07:39 [32mINFO [0m [90msrc/aap2_client.c:418:[0m Bundle sent !
19:07:39 [36mDEBUG[0m [90msrc/aap2_client.c:334:[0m Success
19:07:42 [32mINFO [0m [90msrc/aap2_client.c:418:[0m Bundle sent !
19:07:42 [36mDEBUG[0m [90msrc/aap2_client.c:334:[0m Success
19:07:42 [32mINFO [0m [90msrc/aap2_client.c:418:[0m Bundle sent !
19:07:42 [36mDEBUG[0m [90msrc/aap2_client.c:334:[0m Success
19:07:42 [32mINFO [0m [90msrc/aap2_client.c:418:[0m Bundle sent !
19:07:42 [36mDEBUG[0m [90msrc/aap2_client.c:334:[0m Success
19:07:42 [32mINFO [0m [90msrc/aap2_client.c:418:[0m Bundle sent !
19:07:42 [36mDEBUG[0m [90msrc/aap2_client.c:334:[0m Success
19:07:42 [32mINFO [0m [90msrc/aap2_client.c:418:[0m Bundle sent !
19:07:42 [36mDEBUG[0m [90msrc/aap2_client.c:334:[0m Success
19:07:42 [32mINFO [0m [90msrc/aap2_client.c:418:[0m Bundle sent !
19:07:42 [36mDEBUG[0m [90msrc/aap2_client.c:334:[0m Success
19:07:42 [32mINFO [0m [90msrc/aap2_client.c:418:[0m Bundle sent !
19:07:42 [36mDEBUG[0m [90msrc/aap2_client.c:334:[0m Success
19:07:42 [32mINFO [0m [90msrc/aap2_client.c:418:[0m Bundle sent !
19:07:42 [36mDEBUG[0m [90msrc/aap2_client.c:334:[0m Success
19:07:42 [32mINFO [0m [90msrc/aap2_client.c:418:[0m Bundle sent !
19:07:42 [36mDEBUG[0m [90msrc/aap2_client.c:334:[0m Success
19:07:42 [32mINFO [0m [90msrc/aap2_client.c:418:[0m Bundle sent !
19:07:42 [36mDEBUG[0m [90msrc/aap2_client.c:334:[0m Success
19:07:45 [32mINFO [0m [90msrc/aap2_client.c:418:[0m Bundle sent !
19:07:45 [36mDEBUG[0m [90msrc/aap2_client.c:334:[0m Success
19:07:45 [32mINFO [0m [90msrc/aap2_client.c:418:[0m Bundle sent !
19:07:45 [36mDEBUG[0m [90msrc/aap2_client.c:334:[0m Success
19:07:45 [32mINFO [0m [90msrc/aap2_client.c:418:[0m Bundle sent !
19:07:45 [36mDEBUG[0m [90msrc/aap2_client.c:334:[0m Success
19:07:45 [32mINFO [0m [90msrc/aap2_client.c:418:[0m Bundle sent !
19:07:45 [36mDEBUG[0m [90msrc/aap2_client.c:334:[0m Success
19:07:45 [32mINFO [0m [90msrc/aap2_client.c:418:[0m Bundle sent !
19:07:45 [36mDEBUG[0m [90msrc/aap2_client.c:334:[0m Success
19:07:45 [32mINFO [0m [90msrc/aap2_client.c:418:[0m Bundle sent !
19:07:45 [36mDEBUG[0m [90msrc/aap2_client.c:334:[0m Success
19:07:45 [32mINFO [0m [90msrc/aap2_client.c:418:[0m Bundle sent !
19:07:45 [36mDEBUG[0m [90msrc/aap2_client.c:334:[0m Success
19:07:45 [32mINFO [0m [90msrc/aap2_client.c:418:[0m Bundle sent !
19:07:45 [36mDEBUG[0m [90msrc/aap2_client.c:334:[0m Success
19:07:45 [32mINFO [0m [90msrc/aap2_client.c:418:[0m Bundle sent !
19:07:45 [36mDEBUG[0m [90msrc/aap2_client.c:334:[0m Success
19:07:45 [32mINFO [0m [90msrc/aap2_client.c:418:[0m Bundle sent !
19:07:45 [36mDEBUG[0m [90msrc/aap2_client.c:334:[0m Success
19:07:48 [32mINFO [0m [90msrc/aap2_client.c:418:[0m Bundle sent !
19:07:48 [36mDEBUG[0m [90msrc/aap2_client.c:334:[0m Success
19:07:48 [32mINFO [0m [90msrc/aap2_client.c:418:[0m Bundle sent !
19:07:48 [36mDEBUG[0m [90msrc/aap2_client.c:334:[0m Success
19:07:48 [32mINFO [0m [90msrc/aap2_client.c:418:[0m Bundle sent !
19:07:48 [36mDEBUG[0m [90msrc/aap2_client.c:334:[0m Success
19:07:48 [32mINFO [0m [90msrc/aap2_client.c:418:[0m Bundle sent !
19:07:48 [36mDEBUG[0m [90msrc/aap2_client.c:334:[0m Success
19:07:48 [32mINFO [0m [90msrc/aap2_client.c:418:[0m Bundle sent !
19:07:48 [36mDEBUG[0m [90msrc/aap2_client.c:334:[0m Success
19:07:48 [32mINFO [0m [90msrc/aap2_client.c:418:[0m Bundle sent !
19:07:48 [36mDEBUG[0m [90msrc/aap2_client.c:334:[0m Success
19:07:48 [32mINFO [0m [90msrc/aap2_client.c:418:[0m Bundle sent !
19:07:48 [36mDEBUG[0m [90msrc/aap2_client.c:334:[0m Success
19:07:48 [32mINFO [0m [90msrc/aap2_client.c:418:[0m Bundle sent !
19:07:48 [36mDEBUG[0m [90msrc/aap2_client.c:334:[0m Success
19:07:48 [32mINFO [0m [90msrc/aap2_client.c:418:[0m Bundle sent !
19:07:48 [36mDEBUG[0m [90msrc/aap2_client.c:334:[0m Success
19:07:48 [32mINFO [0m [90msrc/aap2_client.c:418:[0m Bundle sent !
19:07:48 [36mDEBUG[0m [90msrc/aap2_client.c:334:[0m Success
19:07:51 [32mINFO [0m [90msrc/aap2_client.c:418:[0m Bundle sent !
19:07:51 [36mDEBUG[0m [90msrc/aap2_client.c:334:[0m Success
19:07:51 [32mINFO [0m [90msrc/aap2_client.c:418:[0m Bundle sent !
19:07:51 [36mDEBUG[0m [90msrc/aap2_client.c:334:[0m Success
19:07:51 [32mINFO [0m [90msrc/aap2_client.c:418:[0m Bundle sent !
19:07:51 [36mDEBUG[0m [90msrc/aap2_client.c:334:[0m Success
19:07:51 [32mINFO [0m [90msrc/aap2_client.c:418:[0m Bundle sent !
19:07:51 [36mDEBUG[0m [90msrc/aap2_client.c:334:[0m Success
19:07:51 [32mINFO [0m [90msrc/aap2_client.c:418:[0m Bundle sent !
19:07:51 [36mDEBUG[0m [90msrc/aap2_client.c:334:[0m Success
19:07:51 [32mINFO [0m [90msrc/aap2_client.c:418:[0m Bundle sent !
19:07:51 [36mDEBUG[0m [90msrc/aap2_client.c:334:[0m Success
19:07:51 [32mINFO [0m [90msrc/aap2_client.c:418:[0m Bundle sent !
19:07:51 [36mDEBUG[0m [90msrc/aap2_client.c:334:[0m Success
19:07:51 [32mINFO [0m [90msrc/aap2_client.c:418:[0m Bundle sent !
19:07:51 [36mDEBUG[0m [90msrc/aap2_client.c:334:[0m Success
19:07:51 [32mINFO [0m [90msrc/aap2_client.c:418:[0m Bundle sent !
19:07:51 [36mDEBUG[0m [90msrc/aap2_client.c:334:[0m Success
19:07:51 [32mINFO [0m [90msrc/aap2_client.c:418:[0m Bundle sent !
19:07:51 [36mDEBUG[0m [90msrc/aap2_client.c:334:[0m Success
19:07:54 [32mINFO [0m [90msrc/aap2_client.c:418:[0m Bundle sent !
19:07:54 [36mDEBUG[0m [90msrc/aap2_client.c:334:[0m Success
19:07:54 [32mINFO [0m [90msrc/aap2_client.c:418:[0m Bundle sent !
19:07:54 [36mDEBUG[0m [90msrc/aap2_client.c:334:[0m Success
19:07:54 [32mINFO [0m [90msrc/aap2_client.c:418:[0m Bundle sent !
19:07:54 [36mDEBUG[0m [90msrc/aap2_client.c:334:[0m Success
19:07:54 [32mINFO [0m [90msrc/aap2_client.c:418:[0m Bundle sent !
19:07:54 [36mDEBUG[0m [90msrc/aap2_client.c:334:[0m Success
19:07:54 [32mINFO [0m [90msrc/aap2_client.c:418:[0m Bundle sent !
19:07:54 [36mDEBUG[0m [90msrc/aap2_client.c:334:[0m Success
19:07:54 [32mINFO [0m [90msrc/aap2_client.c:418:[0m Bundle sent !
19:07:54 [36mDEBUG[0m [90msrc/aap2_client.c:334:[0m Success
19:07:54 [32mINFO [0m [90msrc/aap2_client.c:418:[0m Bundle sent !
19:07:54 [36mDEBUG[0m [90msrc/aap2_client.c:334:[0m Success
19:07:54 [32mINFO [0m [90msrc/aap2_client.c:418:[0m Bundle sent !
19:07:54 [36mDEBUG[0m [90msrc/aap2_client.c:334:[0m Success
19:07:54 [32mINFO [0m [90msrc/aap2_client.c:418:[0m Bundle sent !
19:07:54 [36mDEBUG[0m [90msrc/aap2_client.c:334:[0m Success
19:07:54 [32mINFO [0m [90msrc/aap2_client.c:418:[0m Bundle sent !
19:07:54 [36mDEBUG[0m [90msrc/aap2_client.c:334:[0m Success
19:07:57 [32mINFO [0m [90msrc/aap2_client.c:418:[0m Bundle sent !
19:07:57 [36mDEBUG[0m [90msrc/aap2_client.c:334:[0m Success
19:07:57 [32mINFO [0m [90msrc/aap2_client.c:418:[0m Bundle sent !
19:07:57 [36mDEBUG[0m [90msrc/aap2_client.c:334:[0m Success
19:07:57 [32mINFO [0m [90msrc/aap2_client.c:418:[0m Bundle sent !
19:07:57 [36mDEBUG[0m [90msrc/aap2_client.c:334:[0m Success
19:07:57 [32mINFO [0m [90msrc/aap2_client.c:418:[0m Bundle sent !
19:07:57 [36mDEBUG[0m [90msrc/aap2_client.c:334:[0m Success
19:07:57 [32mINFO [0m [90msrc/aap2_client.c:418:[0m Bundle sent !
19:07:57 [36mDEBUG[0m [90msrc/aap2_client.c:334:[0m Success
19:07:57 [32mINFO [0m [90msrc/aap2_client.c:418:[0m Bundle sent !
19:07:57 [36mDEBUG[0m [90msrc/aap2_client.c:334:[0m Success
19:07:57 [32mINFO [0m [90msrc/aap2_client.c:418:[0m Bundle sent !
19:07:57 [36mDEBUG[0m [90msrc/aap2_client.c:334:[0m Success
19:07:57 [32mINFO [0m [90msrc/aap2_client.c:418:[0m Bundle sent !
19:07:57 [36mDEBUG[0m [90msrc/aap2_client.c:334:[0m Success
19:07:57 [32mINFO [0m [90msrc/aap2_client.c:418:[0m Bundle sent !
19:07:57 [36mDEBUG[0m [90msrc/aap2_client.c:334:[0m Success
19:07:57 [32mINFO [0m [90msrc/aap2_client.c:418:[0m Bundle sent !
19:07:57 [36mDEBUG[0m [90msrc/aap2_client.c:334:[0m Success
19:08:00 [32mINFO [0m [90msrc/aap2_client.c:418:[0m Bundle sent !
19:08:00 [36mDEBUG[0m [90msrc/aap2_client.c:334:[0m Success
19:08:00 [32mINFO [0m [90msrc/aap2_client.c:418:[0m Bundle sent !
19:08:00 [36mDEBUG[0m [90msrc/aap2_client.c:334:[0m Success
19:08:00 [32mINFO [0m [90msrc/aap2_client.c:418:[0m Bundle sent !
19:08:00 [36mDEBUG[0m [90msrc/aap2_client.c:334:[0m Success
19:08:00 [32mINFO [0m [90msrc/aap2_client.c:418:[0m Bundle sent !
19:08:00 [36mDEBUG[0m [90msrc/aap2_client.c:334:[0m Success
19:08:00 [32mINFO [0m [90msrc/aap2_client.c:418:[0m Bundle sent !
19:08:00 [36mDEBUG[0m [90msrc/aap2_client.c:334:[0m Success
19:08:00 [32mINFO [0m [90msrc/aap2_client.c:418:[0m Bundle sent !
19:08:00 [36mDEBUG[0m [90msrc/aap2_client.c:334:[0m Success
19:08:00 [32mINFO [0m [90msrc/aap2_client.c:418:[0m Bundle sent !
19:08:00 [36mDEBUG[0m [90msrc/aap2_client.c:334:[0m Success
19:08:00 [32mINFO [0m [90msrc/aap2_client.c:418:[0m Bundle sent !
19:08:00 [36mDEBUG[0m [90msrc/aap2_client.c:334:[0m Success
19:08:00 [32mINFO [0m [90msrc/aap2_client.c:418:[0m Bundle sent !
19:08:00 [36mDEBUG[0m [90msrc/aap2_client.c:334:[0m Success
19:08:00 [32mINFO [0m [90msrc/aap2_client.c:418:[0m Bundle sent !
19:08:00 [36mDEBUG[0m [90msrc/aap2_client.c:334:[0m Success
19:08:03 [32mINFO [0m [90msrc/aap2_client.c:418:[0m Bundle sent !
19:08:03 [36mDEBUG[0m [90msrc/aap2_client.c:334:[0m Success
19:08:03 [32mINFO [0m [90msrc/aap2_client.c:418:[0m Bundle sent !
19:08:03 [36mDEBUG[0m [90msrc/aap2_client.c:334:[0m Success
19:08:03 [32mINFO [0m [90msrc/aap2_client.c:418:[0m Bundle sent !
19:08:03 [36mDEBUG[0m [90msrc/aap2_client.c:334:[0m Success
19:08:03 [32mINFO [0m [90msrc/aap2_client.c:418:[0m Bundle sent !
19:08:03 [36mDEBUG[0m [90msrc/aap2_client.c:334:[0m Success
19:08:03 [32mINFO [0m [90msrc/aap2_client.c:418:[0m Bundle sent !
19:08:03 [36mDEBUG[0m [90msrc/aap2_client.c:334:[0m Success
19:08:03 [32mINFO [0m [90msrc/aap2_client.c:418:[0m Bundle sent !
19:08:03 [36mDEBUG[0m [90msrc/aap2_client.c:334:[0m Success
19:08:03 [32mINFO [0m [90msrc/aap2_client.c:418:[0m Bundle sent !
19:08:03 [36mDEBUG[0m [90msrc/aap2_client.c:334:[0m Success
19:08:03 [32mINFO [0m [90msrc/aap2_client.c:418:[0m Bundle sent !
19:08:03 [36mDEBUG[0m [90msrc/aap2_client.c:334:[0m Success
19:08:03 [32mINFO [0m [90msrc/aap2_client.c:418:[0m Bundle sent !
19:08:03 [36mDEBUG[0m [90msrc/aap2_client.c:334:[0m Success
19:08:03 [32mINFO [0m [90msrc/aap2_client.c:418:[0m Bundle sent !
19:08:03 [36mDEBUG[0m [90msrc/aap2_client.c:334:[0m Success
19:08:06 [32mINFO [0m [90msrc/aap2_client.c:418:[0m Bundle sent !
19:08:06 [36mDEBUG[0m [90msrc/aap2_client.c:334:[0m Success
19:08:06 [32mINFO [0m [90msrc/aap2_client.c:418:[0m Bundle sent !
19:08:06 [36mDEBUG[0m [90msrc/aap2_client.c:334:[0m Success
19:08:06 [32mINFO [0m [90msrc/aap2_client.c:418:[0m Bundle sent !
19:08:06 [36mDEBUG[0m [90msrc/aap2_client.c:334:[0m Success
19:08:06 [32mINFO [0m [90msrc/aap2_client.c:418:[0m Bundle sent !
19:08:06 [36mDEBUG[0m [90msrc/aap2_client.c:334:[0m Success
19:08:06 [32mINFO [0m [90msrc/aap2_client.c:418:[0m Bundle sent !
19:08:06 [36mDEBUG[0m [90msrc/aap2_client.c:334:[0m Success
19:08:06 [32mINFO [0m [90msrc/aap2_client.c:418:[0m Bundle sent !
19:08:06 [36mDEBUG[0m [90msrc/aap2_client.c:334:[0m Success
19:08:06 [32mINFO [0m [90msrc/aap2_client.c:418:[0m Bundle sent !
19:08:06 [36mDEBUG[0m [90msrc/aap2_client.c:334:[0m Success
19:08:06 [32mINFO [0m [90msrc/aap2_client.c:418:[0m Bundle sent !
19:08:06 [36mDEBUG[0m [90msrc/aap2_client.c:334:[0m Success
19:08:06 [32mINFO [0m [90msrc/aap2_client.c:418:[0m Bundle sent !
19:08:06 [36mDEBUG[0m [90msrc/aap2_client.c:334:[0m Success
19:08:06 [32mINFO [0m [90msrc/aap2_client.c:418:[0m Bundle sent !
19:08:06 [36mDEBUG[0m [90msrc/aap2_client.c:334:[0m Success
19:08:09 [32mINFO [0m [90msrc/aap2_client.c:418:[0m Bundle sent !
19:08:09 [36mDEBUG[0m [90msrc/aap2_client.c:334:[0m Success
19:08:09 [32mINFO [0m [90msrc/aap2_client.c:418:[0m Bundle sent !
19:08:09 [36mDEBUG[0m [90msrc/aap2_client.c:334:[0m Success
19:08:09 [32mINFO [0m [90msrc/aap2_client.c:418:[0m Bundle sent !
19:08:09 [36mDEBUG[0m [90msrc/aap2_client.c:334:[0m Success
19:08:09 [32mINFO [0m [90msrc/aap2_client.c:418:[0m Bundle sent !
19:08:09 [36mDEBUG[0m [90msrc/aap2_client.c:334:[0m Success
19:08:09 [32mINFO [0m [90msrc/aap2_client.c:418:[0m Bundle sent !
19:08:09 [36mDEBUG[0m [90msrc/aap2_client.c:334:[0m Success
19:08:09 [32mINFO [0m [90msrc/aap2_client.c:418:[0m Bundle sent !
19:08:09 [36mDEBUG[0m [90msrc/aap2_client.c:334:[0m Success
19:08:09 [32mINFO [0m [90msrc/aap2_client.c:418:[0m Bundle sent !
19:08:09 [36mDEBUG[0m [90msrc/aap2_client.c:334:[0m Success
19:08:09 [32mINFO [0m [90msrc/aap2_client.c:418:[0m Bundle sent !
19:08:09 [36mDEBUG[0m [90msrc/aap2_client.c:334:[0m Success
19:08:09 [32mINFO [0m [90msrc/aap2_client.c:418:[0m Bundle sent !
19:08:09 [36mDEBUG[0m [90msrc/aap2_client.c:334:[0m Success
19:08:09 [32mINFO [0m [90msrc/aap2_client.c:418:[0m Bundle sent !
19:08:09 [36mDEBUG[0m [90msrc/aap2_client.c:334:[0m Success
19:08:12 [32mINFO [0m [90msrc/aap2_client.c:418:[0m Bundle sent !
19:08:12 [36mDEBUG[0m [90msrc/aap2_client.c:334:[0m Success
19:08:12 [32mINFO [0m [90msrc/aap2_client.c:418:[0m Bundle sent !
19:08:12 [36mDEBUG[0m [90msrc/aap2_client.c:334:[0m Success
19:08:12 [32mINFO [0m [90msrc/aap2_client.c:418:[0m Bundle sent !
19:08:12 [36mDEBUG[0m [90msrc/aap2_client.c:334:[0m Success
19:08:12 [32mINFO [0m [90msrc/aap2_client.c:418:[0m Bundle sent !
19:08:12 [36mDEBUG[0m [90msrc/aap2_client.c:334:[0m Success
19:08:12 [32mINFO [0m [90msrc/aap2_client.c:418:[0m Bundle sent !
19:08:12 [36mDEBUG[0m [90msrc/aap2_client.c:334:[0m Success
19:08:12 [32mINFO [0m [90msrc/aap2_client.c:418:[0m Bundle sent !
19:08:12 [36mDEBUG[0m [90msrc/aap2_client.c:334:[0m Success
19:08:12 [32mINFO [0m [90msrc/aap2_client.c:418:[0m Bundle sent !
19:08:12 [36mDEBUG[0m [90msrc/aap2_client.c:334:[0m Success
19:08:12 [32mINFO [0m [90msrc/aap2_client.c:418:[0m Bundle sent !
19:08:12 [36mDEBUG[0m [90msrc/aap2_client.c:334:[0m Success
19:08:12 [32mINFO [0m [90msrc/aap2_client.c:418:[0m Bundle sent !
19:08:12 [36mDEBUG[0m [90msrc/aap2_client.c:334:[0m Success
19:08:12 [32mINFO [0m [90msrc/aap2_client.c:418:[0m Bundle sent !
19:08:12 [36mDEBUG[0m [90msrc/aap2_client.c:334:[0m Success
19:08:15 [32mINFO [0m [90msrc/aap2_client.c:418:[0m Bundle sent !
19:08:15 [36mDEBUG[0m [90msrc/aap2_client.c:334:[0m Success
19:08:15 [32mINFO [0m [90msrc/aap2_client.c:418:[0m Bundle sent !
19:08:15 [36mDEBUG[0m [90msrc/aap2_client.c:334:[0m Success
19:08:15 [32mINFO [0m [90msrc/aap2_client.c:418:[0m Bundle sent !
19:08:15 [36mDEBUG[0m [90msrc/aap2_client.c:334:[0m Success
19:08:15 [32mINFO [0m [90msrc/aap2_client.c:418:[0m Bundle sent !
19:08:15 [36mDEBUG[0m [90msrc/aap2_client.c:334:[0m Success
19:08:15 [32mINFO [0m [90msrc/aap2_client.c:418:[0m Bundle sent !
19:08:15 [36mDEBUG[0m [90msrc/aap2_client.c:334:[0m Success
19:08:15 [32mINFO [0m [90msrc/aap2_client.c:418:[0m Bundle sent !
19:08:15 [36mDEBUG[0m [90msrc/aap2_client.c:334:[0m Success
19:08:15 [32mINFO [0m [90msrc/aap2_client.c:418:[0m Bundle sent !
19:08:15 [36mDEBUG[0m [90msrc/aap2_client.c:334:[0m Success
19:08:15 [32mINFO [0m [90msrc/aap2_client.c:418:[0m Bundle sent !
19:08:15 [36mDEBUG[0m [90msrc/aap2_client.c:334:[0m Success
19:08:15 [32mINFO [0m [90msrc/aap2_client.c:418:[0m Bundle sent !
19:08:15 [36mDEBUG[0m [90msrc/aap2_client.c:334:[0m Success
19:08:15 [32mINFO [0m [90msrc/aap2_client.c:418:[0m Bundle sent !
19:08:15 [36mDEBUG[0m [90msrc/aap2_client.c:334:[0m Success
19:08:18 [32mINFO [0m [90msrc/aap2_client.c:418:[0m Bundle sent !
19:08:18 [36mDEBUG[0m [90msrc/aap2_client.c:334:[0m Success
19:08:18 [32mINFO [0m [90msrc/aap2_client.c:418:[0m Bundle sent !
19:08:18 [36mDEBUG[0m [90msrc/aap2_client.c:334:[0m Success
19:08:18 [32mINFO [0m [90msrc/aap2_client.c:418:[0m Bundle sent !
19:08:18 [36mDEBUG[0m [90msrc/aap2_client.c:334:[0m Success
19:08:18 [32mINFO [0m [90msrc/aap2_client.c:418:[0m Bundle sent !
19:08:18 [36mDEBUG[0m [90msrc/aap2_client.c:334:[0m Success
19:08:18 [32mINFO [0m [90msrc/aap2_client.c:418:[0m Bundle sent !
19:08:18 [36mDEBUG[0m [90msrc/aap2_client.c:334:[0m Success
19:08:18 [32mINFO [0m [90msrc/aap2_client.c:418:[0m Bundle sent !
19:08:18 [36mDEBUG[0m [90msrc/aap2_client.c:334:[0m Success
19:08:18 [32mINFO [0m [90msrc/aap2_client.c:418:[0m Bundle sent !
19:08:18 [36mDEBUG[0m [90msrc/aap2_client.c:334:[0m Success
19:08:18 [32mINFO [0m [90msrc/aap2_client.c:418:[0m Bundle sent !
19:08:18 [36mDEBUG[0m [90msrc/aap2_client.c:334:[0m Success
19:08:18 [32mINFO [0m [90msrc/aap2_client.c:418:[0m Bundle sent !
19:08:18 [36mDEBUG[0m [90msrc/aap2_client.c:334:[0m Success
19:08:18 [32mINFO [0m [90msrc/aap2_client.c:418:[0m Bundle sent !
19:08:18 [36mDEBUG[0m [90msrc/aap2_client.c:334:[0m Success
19:08:21 [32mINFO [0m [90msrc/aap2_client.c:418:[0m Bundle sent !
19:08:21 [36mDEBUG[0m [90msrc/aap2_client.c:334:[0m Success
19:08:21 [32mINFO [0m [90msrc/aap2_client.c:418:[0m Bundle sent !
19:08:21 [36mDEBUG[0m [90msrc/aap2_client.c:334:[0m Success
19:08:21 [32mINFO [0m [90msrc/aap2_client.c:418:[0m Bundle sent !
19:08:21 [36mDEBUG[0m [90msrc/aap2_client.c:334:[0m Success
19:08:21 [32mINFO [0m [90msrc/aap2_client.c:418:[0m Bundle sent !
19:08:21 [36mDEBUG[0m [90msrc/aap2_client.c:334:[0m Success
19:08:21 [32mINFO [0m [90msrc/aap2_client.c:418:[0m Bundle sent !
19:08:21 [36mDEBUG[0m [90msrc/aap2_client.c:334:[0m Success
19:08:21 [32mINFO [0m [90msrc/aap2_client.c:418:[0m Bundle sent !
19:08:21 [36mDEBUG[0m [90msrc/aap2_client.c:334:[0m Success
19:08:21 [32mINFO [0m [90msrc/aap2_client.c:418:[0m Bundle sent !
19:08:21 [36mDEBUG[0m [90msrc/aap2_client.c:334:[0m Success
19:08:21 [32mINFO [0m [90msrc/aap2_client.c:418:[0m Bundle sent !
19:08:21 [36mDEBUG[0m [90msrc/aap2_client.c:334:[0m Success
19:08:21 [32mINFO [0m [90msrc/aap2_client.c:418:[0m Bundle sent !
19:08:21 [36mDEBUG[0m [90msrc/aap2_client.c:334:[0m Success
19:08:21 [32mINFO [0m [90msrc/aap2_client.c:418:[0m Bundle sent !
19:08:21 [36mDEBUG[0m [90msrc/aap2_client.c:334:[0m Success
19:08:24 [32mINFO [0m [90msrc/aap2_client.c:418:[0m Bundle sent !
19:08:24 [36mDEBUG[0m [90msrc/aap2_client.c:334:[0m Success
19:08:24 [32mINFO [0m [90msrc/aap2_client.c:418:[0m Bundle sent !
19:08:24 [36mDEBUG[0m [90msrc/aap2_client.c:334:[0m Success
19:08:24 [32mINFO [0m [90msrc/aap2_client.c:418:[0m Bundle sent !
19:08:24 [36mDEBUG[0m [90msrc/aap2_client.c:334:[0m Success
19:08:24 [32mINFO [0m [90msrc/aap2_client.c:418:[0m Bundle sent !
19:08:24 [36mDEBUG[0m [90msrc/aap2_client.c:334:[0m Success
19:08:24 [32mINFO [0m [90msrc/aap2_client.c:418:[0m Bundle sent !
19:08:24 [36mDEBUG[0m [90msrc/aap2_client.c:334:[0m Success
19:08:24 [32mINFO [0m [90msrc/aap2_client.c:418:[0m Bundle sent !
19:08:24 [36mDEBUG[0m [90msrc/aap2_client.c:334:[0m Success
19:08:24 [32mINFO [0m [90msrc/aap2_client.c:418:[0m Bundle sent !
19:08:24 [36mDEBUG[0m [90msrc/aap2_client.c:334:[0m Success
19:08:24 [32mINFO [0m [90msrc/aap2_client.c:418:[0m Bundle sent !
19:08:24 [36mDEBUG[0m [90msrc/aap2_client.c:334:[0m Success
19:08:24 [32mINFO [0m [90msrc/aap2_client.c:418:[0m Bundle sent !
19:08:24 [36mDEBUG[0m [90msrc/aap2_client.c:334:[0m Success
19:08:24 [32mINFO [0m [90msrc/aap2_client.c:418:[0m Bundle sent !
19:08:24 [36mDEBUG[0m [90msrc/aap2_client.c:334:[0m Success
19:08:27 [32mINFO [0m [90msrc/aap2_client.c:418:[0m Bundle sent !
19:08:27 [36mDEBUG[0m [90msrc/aap2_client.c:334:[0m Success
19:08:27 [32mINFO [0m [90msrc/aap2_client.c:418:[0m Bundle sent !
19:08:27 [36mDEBUG[0m [90msrc/aap2_client.c:334:[0m Success
19:08:27 [32mINFO [0m [90msrc/aap2_client.c:418:[0m Bundle sent !
19:08:27 [36mDEBUG[0m [90msrc/aap2_client.c:334:[0m Success
19:08:27 [32mINFO [0m [90msrc/aap2_client.c:418:[0m Bundle sent !
19:08:27 [36mDEBUG[0m [90msrc/aap2_client.c:334:[0m Success
19:08:27 [32mINFO [0m [90msrc/aap2_client.c:418:[0m Bundle sent !
19:08:27 [36mDEBUG[0m [90msrc/aap2_client.c:334:[0m Success
19:08:27 [32mINFO [0m [90msrc/aap2_client.c:418:[0m Bundle sent !
19:08:27 [36mDEBUG[0m [90msrc/aap2_client.c:334:[0m Success
19:08:27 [32mINFO [0m [90msrc/aap2_client.c:418:[0m Bundle sent !
19:08:27 [36mDEBUG[0m [90msrc/aap2_client.c:334:[0m Success
19:08:27 [32mINFO [0m [90msrc/aap2_client.c:418:[0m Bundle sent !
19:08:27 [36mDEBUG[0m [90msrc/aap2_client.c:334:[0m Success
19:08:27 [32mINFO [0m [90msrc/aap2_client.c:418:[0m Bundle sent !
19:08:27 [36mDEBUG[0m [90msrc/aap2_client.c:334:[0m Success
19:08:27 [32mINFO [0m [90msrc/aap2_client.c:418:[0m Bundle sent !
19:08:27 [36mDEBUG[0m [90msrc/aap2_client.c:334:[0m Success
19:08:30 [32mINFO [0m [90msrc/aap2_client.c:418:[0m Bundle sent !
19:08:30 [36mDEBUG[0m [90msrc/aap2_client.c:334:[0m Success
19:08:30 [32mINFO [0m [90msrc/aap2_client.c:418:[0m Bundle sent !
19:08:30 [36mDEBUG[0m [90msrc/aap2_client.c:334:[0m Success
19:08:30 [32mINFO [0m [90msrc/aap2_client.c:418:[0m Bundle sent !
19:08:30 [36mDEBUG[0m [90msrc/aap2_client.c:334:[0m Success
19:08:30 [32mINFO [0m [90msrc/aap2_client.c:418:[0m Bundle sent !
19:08:30 [36mDEBUG[0m [90msrc/aap2_client.c:334:[0m Success
19:08:30 [32mINFO [0m [90msrc/aap2_client.c:418:[0m Bundle sent !
19:08:30 [36mDEBUG[0m [90msrc/aap2_client.c:334:[0m Success
19:08:30 [32mINFO [0m [90msrc/aap2_client.c:418:[0m Bundle sent !
19:08:30 [36mDEBUG[0m [90msrc/aap2_client.c:334:[0m Success
19:08:30 [32mINFO [0m [90msrc/aap2_client.c:418:[0m Bundle sent !
19:08:30 [36mDEBUG[0m [90msrc/aap2_client.c:334:[0m Success
19:08:30 [32mINFO [0m [90msrc/aap2_client.c:418:[0m Bundle sent !
19:08:30 [36mDEBUG[0m [90msrc/aap2_client.c:334:[0m Success
19:08:30 [32mINFO [0m [90msrc/aap2_client.c:418:[0m Bundle sent !
19:08:30 [36mDEBUG[0m [90msrc/aap2_client.c:334:[0m Success
19:08:30 [32mINFO [0m [90msrc/aap2_client.c:418:[0m Bundle sent !
19:08:30 [36mDEBUG[0m [90msrc/aap2_client.c:334:[0m Success
19:08:33 [32mINFO [0m [90msrc/aap2_client.c:418:[0m Bundle sent !
19:08:33 [36mDEBUG[0m [90msrc/aap2_client.c:334:[0m Success
19:08:33 [32mINFO [0m [90msrc/aap2_client.c:418:[0m Bundle sent !
19:08:33 [36mDEBUG[0m [90msrc/aap2_client.c:334:[0m Success
19:08:33 [32mINFO [0m [90msrc/aap2_client.c:418:[0m Bundle sent !
19:08:33 [36mDEBUG[0m [90msrc/aap2_client.c:334:[0m Success
19:08:33 [32mINFO [0m [90msrc/aap2_client.c:418:[0m Bundle sent !
19:08:33 [36mDEBUG[0m [90msrc/aap2_client.c:334:[0m Success
19:08:33 [32mINFO [0m [90msrc/aap2_client.c:418:[0m Bundle sent !
19:08:33 [36mDEBUG[0m [90msrc/aap2_client.c:334:[0m Success
19:08:33 [32mINFO [0m [90msrc/aap2_client.c:418:[0m Bundle sent !
19:08:33 [36mDEBUG[0m [90msrc/aap2_client.c:334:[0m Success
19:08:33 [32mINFO [0m [90msrc/aap2_client.c:418:[0m Bundle sent !
19:08:33 [36mDEBUG[0m [90msrc/aap2_client.c:334:[0m Success
19:08:33 [32mINFO [0m [90msrc/aap2_client.c:418:[0m Bundle sent !
19:08:33 [36mDEBUG[0m [90msrc/aap2_client.c:334:[0m Success
19:08:33 [32mINFO [0m [90msrc/aap2_client.c:418:[0m Bundle sent !
19:08:33 [36mDEBUG[0m [90msrc/aap2_client.c:334:[0m Success
19:08:33 [32mINFO [0m [90msrc/aap2_client.c:418:[0m Bundle sent !
19:08:33 [36mDEBUG[0m [90msrc/aap2_client.c:334:[0m Success
19:08:36 [32mINFO [0m [90msrc/aap2_client.c:418:[0m Bundle sent !
19:08:36 [36mDEBUG[0m [90msrc/aap2_client.c:334:[0m Success
19:08:36 [32mINFO [0m [90msrc/aap2_client.c:418:[0m Bundle sent !
19:08:36 [36mDEBUG[0m [90msrc/aap2_client.c:334:[0m Success
19:08:36 [32mINFO [0m [90msrc/aap2_client.c:418:[0m Bundle sent !
19:08:36 [36mDEBUG[0m [90msrc/aap2_client.c:334:[0m Success
19:08:36 [32mINFO [0m [90msrc/aap2_client.c:418:[0m Bundle sent !
19:08:36 [36mDEBUG[0m [90msrc/aap2_client.c:334:[0m Success
19:08:36 [32mINFO [0m [90msrc/aap2_client.c:418:[0m Bundle sent !
19:08:36 [36mDEBUG[0m [90msrc/aap2_client.c:334:[0m Success
19:08:36 [32mINFO [0m [90msrc/aap2_client.c:418:[0m Bundle sent !
19:08:36 [36mDEBUG[0m [90msrc/aap2_client.c:334:[0m Success
19:08:36 [32mINFO [0m [90msrc/aap2_client.c:418:[0m Bundle sent !
19:08:36 [36mDEBUG[0m [90msrc/aap2_client.c:334:[0m Success
19:08:36 [32mINFO [0m [90msrc/aap2_client.c:418:[0m Bundle sent !
19:08:36 [36mDEBUG[0m [90msrc/aap2_client.c:334:[0m Success
19:08:36 [32mINFO [0m [90msrc/aap2_client.c:418:[0m Bundle sent !
19:08:36 [36mDEBUG[0m [90msrc/aap2_client.c:334:[0m Success
19:08:36 [32mINFO [0m [90msrc/aap2_client.c:418:[0m Bundle sent !
19:08:36 [36mDEBUG[0m [90msrc/aap2_client.c:334:[0m Success
19:08:39 [32mINFO [0m [90msrc/aap2_client.c:418:[0m Bundle sent !
19:08:39 [36mDEBUG[0m [90msrc/aap2_client.c:334:[0m Success
19:08:39 [32mINFO [0m [90msrc/aap2_client.c:418:[0m Bundle sent !
19:08:39 [36mDEBUG[0m [90msrc/aap2_client.c:334:[0m Success
19:08:39 [32mINFO [0m [90msrc/aap2_client.c:418:[0m Bundle sent !
19:08:39 [36mDEBUG[0m [90msrc/aap2_client.c:334:[0m Success
19:08:39 [32mINFO [0m [90msrc/aap2_client.c:418:[0m Bundle sent !
19:08:39 [36mDEBUG[0m [90msrc/aap2_client.c:334:[0m Success
19:08:39 [32mINFO [0m [90msrc/aap2_client.c:418:[0m Bundle sent !
19:08:39 [36mDEBUG[0m [90msrc/aap2_client.c:334:[0m Success
19:08:39 [32mINFO [0m [90msrc/aap2_client.c:418:[0m Bundle sent !
19:08:39 [36mDEBUG[0m [90msrc/aap2_client.c:334:[0m Success
19:08:39 [32mINFO [0m [90msrc/aap2_client.c:418:[0m Bundle sent !
19:08:39 [36mDEBUG[0m [90msrc/aap2_client.c:334:[0m Success
19:08:39 [32mINFO [0m [90msrc/aap2_client.c:418:[0m Bundle sent !
19:08:39 [36mDEBUG[0m [90msrc/aap2_client.c:334:[0m Success
19:08:39 [32mINFO [0m [90msrc/aap2_client.c:418:[0m Bundle sent !
19:08:39 [36mDEBUG[0m [90msrc/aap2_client.c:334:[0m Success
19:08:39 [32mINFO [0m [90msrc/aap2_client.c:418:[0m Bundle sent !
19:08:39 [36mDEBUG[0m [90msrc/aap2_client.c:334:[0m Success
19:08:42 [32mINFO [0m [90msrc/aap2_client.c:418:[0m Bundle sent !
19:08:42 [36mDEBUG[0m [90msrc/aap2_client.c:334:[0m Success
19:08:42 [32mINFO [0m [90msrc/aap2_client.c:418:[0m Bundle sent !
19:08:42 [36mDEBUG[0m [90msrc/aap2_client.c:334:[0m Success
19:08:42 [32mINFO [0m [90msrc/aap2_client.c:418:[0m Bundle sent !
19:08:42 [36mDEBUG[0m [90msrc/aap2_client.c:334:[0m Success
19:08:42 [32mINFO [0m [90msrc/aap2_client.c:418:[0m Bundle sent !
19:08:42 [36mDEBUG[0m [90msrc/aap2_client.c:334:[0m Success
19:08:42 [32mINFO [0m [90msrc/aap2_client.c:418:[0m Bundle sent !
19:08:42 [36mDEBUG[0m [90msrc/aap2_client.c:334:[0m Success
19:08:42 [32mINFO [0m [90msrc/aap2_client.c:418:[0m Bundle sent !
19:08:42 [36mDEBUG[0m [90msrc/aap2_client.c:334:[0m Success
19:08:42 [32mINFO [0m [90msrc/aap2_client.c:418:[0m Bundle sent !
19:08:42 [36mDEBUG[0m [90msrc/aap2_client.c:334:[0m Success
19:08:42 [32mINFO [0m [90msrc/aap2_client.c:418:[0m Bundle sent !
19:08:42 [36mDEBUG[0m [90msrc/aap2_client.c:334:[0m Success
19:08:42 [32mINFO [0m [90msrc/aap2_client.c:418:[0m Bundle sent !
19:08:42 [36mDEBUG[0m [90msrc/aap2_client.c:334:[0m Success
19:08:42 [32mINFO [0m [90msrc/aap2_client.c:418:[0m Bundle sent !
19:08:42 [36mDEBUG[0m [90msrc/aap2_client.c:334:[0m Success
19:08:45 [32mINFO [0m [90msrc/aap2_client.c:418:[0m Bundle sent !
19:08:45 [36mDEBUG[0m [90msrc/aap2_client.c:334:[0m Success
19:08:45 [32mINFO [0m [90msrc/aap2_client.c:418:[0m Bundle sent !
19:08:45 [36mDEBUG[0m [90msrc/aap2_client.c:334:[0m Success
19:08:45 [32mINFO [0m [90msrc/aap2_client.c:418:[0m Bundle sent !
19:08:45 [36mDEBUG[0m [90msrc/aap2_client.c:334:[0m Success
19:08:45 [32mINFO [0m [90msrc/aap2_client.c:418:[0m Bundle sent !
19:08:45 [36mDEBUG[0m [90msrc/aap2_client.c:334:[0m Success
19:08:45 [32mINFO [0m [90msrc/aap2_client.c:418:[0m Bundle sent !
19:08:45 [36mDEBUG[0m [90msrc/aap2_client.c:334:[0m Success
19:08:45 [32mINFO [0m [90msrc/aap2_client.c:418:[0m Bundle sent !
19:08:45 [36mDEBUG[0m [90msrc/aap2_client.c:334:[0m Success
19:08:45 [32mINFO [0m [90msrc/aap2_client.c:418:[0m Bundle sent !
19:08:45 [36mDEBUG[0m [90msrc/aap2_client.c:334:[0m Success
19:08:45 [32mINFO [0m [90msrc/aap2_client.c:418:[0m Bundle sent !
19:08:45 [36mDEBUG[0m [90msrc/aap2_client.c:334:[0m Success
19:08:45 [32mINFO [0m [90msrc/aap2_client.c:418:[0m Bundle sent !
19:08:45 [36mDEBUG[0m [90msrc/aap2_client.c:334:[0m Success
19:08:45 [32mINFO [0m [90msrc/aap2_client.c:418:[0m Bundle sent !
19:08:45 [36mDEBUG[0m [90msrc/aap2_client.c:334:[0m Success
19:08:48 [32mINFO [0m [90msrc/aap2_client.c:418:[0m Bundle sent !
19:08:48 [36mDEBUG[0m [90msrc/aap2_client.c:334:[0m Success
19:08:48 [32mINFO [0m [90msrc/aap2_client.c:418:[0m Bundle sent !
19:08:48 [36mDEBUG[0m [90msrc/aap2_client.c:334:[0m Success
19:08:48 [32mINFO [0m [90msrc/aap2_client.c:418:[0m Bundle sent !
19:08:48 [36mDEBUG[0m [90msrc/aap2_client.c:334:[0m Success
19:08:48 [32mINFO [0m [90msrc/aap2_client.c:418:[0m Bundle sent !
19:08:48 [36mDEBUG[0m [90msrc/aap2_client.c:334:[0m Success
19:08:48 [32mINFO [0m [90msrc/aap2_client.c:418:[0m Bundle sent !
19:08:48 [36mDEBUG[0m [90msrc/aap2_client.c:334:[0m Success
19:08:48 [32mINFO [0m [90msrc/aap2_client.c:418:[0m Bundle sent !
19:08:48 [36mDEBUG[0m [90msrc/aap2_client.c:334:[0m Success
19:08:48 [32mINFO [0m [90msrc/aap2_client.c:418:[0m Bundle sent !
19:08:48 [36mDEBUG[0m [90msrc/aap2_client.c:334:[0m Success
19:08:48 [32mINFO [0m [90msrc/aap2_client.c:418:[0m Bundle sent !
19:08:48 [36mDEBUG[0m [90msrc/aap2_client.c:334:[0m Success
19:08:48 [32mINFO [0m [90msrc/aap2_client.c:418:[0m Bundle sent !
19:08:48 [36mDEBUG[0m [90msrc/aap2_client.c:334:[0m Success
19:08:48 [32mINFO [0m [90msrc/aap2_client.c:418:[0m Bundle sent !
19:08:48 [36mDEBUG[0m [90msrc/aap2_client.c:334:[0m Success
19:08:51 [32mINFO [0m [90msrc/aap2_client.c:418:[0m Bundle sent !
19:08:51 [36mDEBUG[0m [90msrc/aap2_client.c:334:[0m Success
19:08:51 [32mINFO [0m [90msrc/aap2_client.c:418:[0m Bundle sent !
19:08:51 [36mDEBUG[0m [90msrc/aap2_client.c:334:[0m Success
19:08:51 [32mINFO [0m [90msrc/aap2_client.c:418:[0m Bundle sent !
19:08:51 [36mDEBUG[0m [90msrc/aap2_client.c:334:[0m Success
19:08:51 [32mINFO [0m [90msrc/aap2_client.c:418:[0m Bundle sent !
19:08:51 [36mDEBUG[0m [90msrc/aap2_client.c:334:[0m Success
19:08:51 [32mINFO [0m [90msrc/aap2_client.c:418:[0m Bundle sent !
19:08:51 [36mDEBUG[0m [90msrc/aap2_client.c:334:[0m Success
19:08:51 [32mINFO [0m [90msrc/aap2_client.c:418:[0m Bundle sent !
19:08:51 [36mDEBUG[0m [90msrc/aap2_client.c:334:[0m Success
19:08:51 [32mINFO [0m [90msrc/aap2_client.c:418:[0m Bundle sent !
19:08:51 [36mDEBUG[0m [90msrc/aap2_client.c:334:[0m Success
19:08:51 [32mINFO [0m [90msrc/aap2_client.c:418:[0m Bundle sent !
19:08:51 [36mDEBUG[0m [90msrc/aap2_client.c:334:[0m Success
19:08:51 [32mINFO [0m [90msrc/aap2_client.c:418:[0m Bundle sent !
19:08:51 [36mDEBUG[0m [90msrc/aap2_client.c:334:[0m Success
19:08:51 [32mINFO [0m [90msrc/aap2_client.c:418:[0m Bundle sent !
19:08:51 [36mDEBUG[0m [90msrc/aap2_client.c:334:[0m Success
19:08:54 [32mINFO [0m [90msrc/aap2_client.c:418:[0m Bundle sent !
19:08:54 [36mDEBUG[0m [90msrc/aap2_client.c:334:[0m Success
19:08:54 [32mINFO [0m [90msrc/aap2_client.c:418:[0m Bundle sent !
19:08:54 [36mDEBUG[0m [90msrc/aap2_client.c:334:[0m Success
19:08:54 [32mINFO [0m [90msrc/aap2_client.c:418:[0m Bundle sent !
19:08:54 [36mDEBUG[0m [90msrc/aap2_client.c:334:[0m Success
19:08:54 [32mINFO [0m [90msrc/aap2_client.c:418:[0m Bundle sent !
19:08:54 [36mDEBUG[0m [90msrc/aap2_client.c:334:[0m Success
19:08:54 [32mINFO [0m [90msrc/aap2_client.c:418:[0m Bundle sent !
19:08:54 [36mDEBUG[0m [90msrc/aap2_client.c:334:[0m Success
19:08:54 [32mINFO [0m [90msrc/aap2_client.c:418:[0m Bundle sent !
19:08:54 [36mDEBUG[0m [90msrc/aap2_client.c:334:[0m Success
19:08:54 [32mINFO [0m [90msrc/aap2_client.c:418:[0m Bundle sent !
19:08:54 [36mDEBUG[0m [90msrc/aap2_client.c:334:[0m Success
19:08:54 [32mINFO [0m [90msrc/aap2_client.c:418:[0m Bundle sent !
19:08:54 [36mDEBUG[0m [90msrc/aap2_client.c:334:[0m Success
19:08:54 [32mINFO [0m [90msrc/aap2_client.c:418:[0m Bundle sent !
19:08:54 [36mDEBUG[0m [90msrc/aap2_client.c:334:[0m Success
19:08:54 [32mINFO [0m [90msrc/aap2_client.c:418:[0m Bundle sent !
19:08:54 [36mDEBUG[0m [90msrc/aap2_client.c:334:[0m Success
19:08:57 [32mINFO [0m [90msrc/aap2_client.c:418:[0m Bundle sent !
19:08:57 [36mDEBUG[0m [90msrc/aap2_client.c:334:[0m Success
19:08:57 [32mINFO [0m [90msrc/aap2_client.c:418:[0m Bundle sent !
19:08:57 [36mDEBUG[0m [90msrc/aap2_client.c:334:[0m Success
19:08:57 [32mINFO [0m [90msrc/aap2_client.c:418:[0m Bundle sent !
19:08:57 [36mDEBUG[0m [90msrc/aap2_client.c:334:[0m Success
19:08:57 [32mINFO [0m [90msrc/aap2_client.c:418:[0m Bundle sent !
19:08:57 [36mDEBUG[0m [90msrc/aap2_client.c:334:[0m Success
19:08:57 [32mINFO [0m [90msrc/aap2_client.c:418:[0m Bundle sent !
19:08:57 [36mDEBUG[0m [90msrc/aap2_client.c:334:[0m Success
19:08:57 [32mINFO [0m [90msrc/aap2_client.c:418:[0m Bundle sent !
19:08:57 [36mDEBUG[0m [90msrc/aap2_client.c:334:[0m Success
19:08:57 [32mINFO [0m [90msrc/aap2_client.c:418:[0m Bundle sent !
19:08:57 [36mDEBUG[0m [90msrc/aap2_client.c:334:[0m Success
19:08:57 [32mINFO [0m [90msrc/aap2_client.c:418:[0m Bundle sent !
19:08:57 [36mDEBUG[0m [90msrc/aap2_client.c:334:[0m Success
19:08:57 [32mINFO [0m [90msrc/aap2_client.c:418:[0m Bundle sent !
19:08:57 [36mDEBUG[0m [90msrc/aap2_client.c:334:[0m Success
19:08:57 [32mINFO [0m [90msrc/aap2_client.c:418:[0m Bundle sent !
19:08:57 [36mDEBUG[0m [90msrc/aap2_client.c:334:[0m Success
19:09:00 [32mINFO [0m [90msrc/aap2_client.c:418:[0m Bundle sent !
19:09:00 [36mDEBUG[0m [90msrc/aap2_client.c:334:[0m Success
19:09:00 [32mINFO [0m [90msrc/aap2_client.c:418:[0m Bundle sent !
19:09:00 [36mDEBUG[0m [90msrc/aap2_client.c:334:[0m Success
19:09:00 [32mINFO [0m [90msrc/aap2_client.c:418:[0m Bundle sent !
19:09:00 [36mDEBUG[0m [90msrc/aap2_client.c:334:[0m Success
19:09:00 [32mINFO [0m [90msrc/aap2_client.c:418:[0m Bundle sent !
19:09:00 [36mDEBUG[0m [90msrc/aap2_client.c:334:[0m Success
19:09:00 [32mINFO [0m [90msrc/aap2_client.c:418:[0m Bundle sent !
19:09:00 [36mDEBUG[0m [90msrc/aap2_client.c:334:[0m Success
19:09:00 [32mINFO [0m [90msrc/aap2_client.c:418:[0m Bundle sent !
19:09:00 [36mDEBUG[0m [90msrc/aap2_client.c:334:[0m Success
19:09:00 [32mINFO [0m [90msrc/aap2_client.c:418:[0m Bundle sent !
19:09:00 [36mDEBUG[0m [90msrc/aap2_client.c:334:[0m Success
19:09:00 [32mINFO [0m [90msrc/aap2_client.c:418:[0m Bundle sent !
19:09:00 [36mDEBUG[0m [90msrc/aap2_client.c:334:[0m Success
19:09:00 [32mINFO [0m [90msrc/aap2_client.c:418:[0m Bundle sent !
19:09:00 [36mDEBUG[0m [90msrc/aap2_client.c:334:[0m Success
19:09:00 [32mINFO [0m [90msrc/aap2_client.c:418:[0m Bundle sent !
19:09:00 [36mDEBUG[0m [90msrc/aap2_client.c:334:[0m Success
19:09:03 [32mINFO [0m [90msrc/aap2_client.c:418:[0m Bundle sent !
19:09:03 [36mDEBUG[0m [90msrc/aap2_client.c:334:[0m Success
19:09:03 [32mINFO [0m [90msrc/aap2_client.c:418:[0m Bundle sent !
19:09:03 [36mDEBUG[0m [90msrc/aap2_client.c:334:[0m Success
19:09:03 [32mINFO [0m [90msrc/aap2_client.c:418:[0m Bundle sent !
19:09:03 [36mDEBUG[0m [90msrc/aap2_client.c:334:[0m Success
19:09:03 [32mINFO [0m [90msrc/aap2_client.c:418:[0m Bundle sent !
19:09:03 [36mDEBUG[0m [90msrc/aap2_client.c:334:[0m Success
19:09:03 [32mINFO [0m [90msrc/aap2_client.c:418:[0m Bundle sent !
19:09:03 [36mDEBUG[0m [90msrc/aap2_client.c:334:[0m Success
19:09:03 [32mINFO [0m [90msrc/aap2_client.c:418:[0m Bundle sent !
19:09:03 [36mDEBUG[0m [90msrc/aap2_client.c:334:[0m Success
19:09:03 [32mINFO [0m [90msrc/aap2_client.c:418:[0m Bundle sent !
19:09:03 [36mDEBUG[0m [90msrc/aap2_client.c:334:[0m Success
19:09:03 [32mINFO [0m [90msrc/aap2_client.c:418:[0m Bundle sent !
19:09:03 [36mDEBUG[0m [90msrc/aap2_client.c:334:[0m Success
19:09:03 [32mINFO [0m [90msrc/aap2_client.c:418:[0m Bundle sent !
19:09:03 [36mDEBUG[0m [90msrc/aap2_client.c:334:[0m Success
19:09:03 [32mINFO [0m [90msrc/aap2_client.c:418:[0m Bundle sent !
19:09:03 [36mDEBUG[0m [90msrc/aap2_client.c:334:[0m Success
19:09:06 [32mINFO [0m [90msrc/aap2_client.c:418:[0m Bundle sent !
19:09:06 [36mDEBUG[0m [90msrc/aap2_client.c:334:[0m Success
19:09:06 [32mINFO [0m [90msrc/aap2_client.c:418:[0m Bundle sent !
19:09:06 [36mDEBUG[0m [90msrc/aap2_client.c:334:[0m Success
19:09:06 [32mINFO [0m [90msrc/aap2_client.c:418:[0m Bundle sent !
19:09:06 [36mDEBUG[0m [90msrc/aap2_client.c:334:[0m Success
19:09:06 [32mINFO [0m [90msrc/aap2_client.c:418:[0m Bundle sent !
19:09:06 [36mDEBUG[0m [90msrc/aap2_client.c:334:[0m Success
19:09:06 [32mINFO [0m [90msrc/aap2_client.c:418:[0m Bundle sent !
19:09:06 [36mDEBUG[0m [90msrc/aap2_client.c:334:[0m Success
19:09:06 [32mINFO [0m [90msrc/aap2_client.c:418:[0m Bundle sent !
19:09:06 [36mDEBUG[0m [90msrc/aap2_client.c:334:[0m Success
19:09:06 [32mINFO [0m [90msrc/aap2_client.c:418:[0m Bundle sent !
19:09:06 [36mDEBUG[0m [90msrc/aap2_client.c:334:[0m Success
19:09:06 [32mINFO [0m [90msrc/aap2_client.c:418:[0m Bundle sent !
19:09:06 [36mDEBUG[0m [90msrc/aap2_client.c:334:[0m Success
19:09:06 [32mINFO [0m [90msrc/aap2_client.c:418:[0m Bundle sent !
19:09:06 [36mDEBUG[0m [90msrc/aap2_client.c:334:[0m Success
19:09:06 [32mINFO [0m [90msrc/aap2_client.c:418:[0m Bundle sent !
19:09:06 [36mDEBUG[0m [90msrc/aap2_client.c:334:[0m Success
19:09:09 [32mINFO [0m [90msrc/aap2_client.c:418:[0m Bundle sent !
19:09:09 [36mDEBUG[0m [90msrc/aap2_client.c:334:[0m Success
19:09:09 [32mINFO [0m [90msrc/aap2_client.c:418:[0m Bundle sent !
19:09:09 [36mDEBUG[0m [90msrc/aap2_client.c:334:[0m Success
19:09:09 [32mINFO [0m [90msrc/aap2_client.c:418:[0m Bundle sent !
19:09:09 [36mDEBUG[0m [90msrc/aap2_client.c:334:[0m Success
19:09:09 [32mINFO [0m [90msrc/aap2_client.c:418:[0m Bundle sent !
19:09:09 [36mDEBUG[0m [90msrc/aap2_client.c:334:[0m Success
19:09:09 [32mINFO [0m [90msrc/aap2_client.c:418:[0m Bundle sent !
19:09:09 [36mDEBUG[0m [90msrc/aap2_client.c:334:[0m Success
19:09:09 [32mINFO [0m [90msrc/aap2_client.c:418:[0m Bundle sent !
19:09:09 [36mDEBUG[0m [90msrc/aap2_client.c:334:[0m Success
19:09:09 [32mINFO [0m [90msrc/aap2_client.c:418:[0m Bundle sent !
19:09:09 [36mDEBUG[0m [90msrc/aap2_client.c:334:[0m Success
19:09:09 [32mINFO [0m [90msrc/aap2_client.c:418:[0m Bundle sent !
19:09:09 [36mDEBUG[0m [90msrc/aap2_client.c:334:[0m Success
19:09:09 [32mINFO [0m [90msrc/aap2_client.c:418:[0m Bundle sent !
19:09:09 [36mDEBUG[0m [90msrc/aap2_client.c:334:[0m Success
19:09:09 [32mINFO [0m [90msrc/aap2_client.c:418:[0m Bundle sent !
19:09:09 [36mDEBUG[0m [90msrc/aap2_client.c:334:[0m Success
19:09:12 [32mINFO [0m [90msrc/aap2_client.c:418:[0m Bundle sent !
19:09:12 [36mDEBUG[0m [90msrc/aap2_client.c:334:[0m Success
19:09:12 [32mINFO [0m [90msrc/aap2_client.c:418:[0m Bundle sent !
19:09:12 [36mDEBUG[0m [90msrc/aap2_client.c:334:[0m Success
19:09:12 [32mINFO [0m [90msrc/aap2_client.c:418:[0m Bundle sent !
19:09:12 [36mDEBUG[0m [90msrc/aap2_client.c:334:[0m Success
19:09:12 [32mINFO [0m [90msrc/aap2_client.c:418:[0m Bundle sent !
19:09:12 [36mDEBUG[0m [90msrc/aap2_client.c:334:[0m Success
19:09:12 [32mINFO [0m [90msrc/aap2_client.c:418:[0m Bundle sent !
19:09:12 [36mDEBUG[0m [90msrc/aap2_client.c:334:[0m Success
19:09:12 [32mINFO [0m [90msrc/aap2_client.c:418:[0m Bundle sent !
19:09:12 [36mDEBUG[0m [90msrc/aap2_client.c:334:[0m Success
19:09:12 [32mINFO [0m [90msrc/aap2_client.c:418:[0m Bundle sent !
19:09:12 [36mDEBUG[0m [90msrc/aap2_client.c:334:[0m Success
19:09:12 [32mINFO [0m [90msrc/aap2_client.c:418:[0m Bundle sent !
19:09:12 [36mDEBUG[0m [90msrc/aap2_client.c:334:[0m Success
19:09:12 [32mINFO [0m [90msrc/aap2_client.c:418:[0m Bundle sent !
19:09:12 [36mDEBUG[0m [90msrc/aap2_client.c:334:[0m Success
19:09:12 [32mINFO [0m [90msrc/aap2_client.c:418:[0m Bundle sent !
19:09:12 [36mDEBUG[0m [90msrc/aap2_client.c:334:[0m Success
19:09:14 [32mINFO [0m [90msrc/aap2_client.c:418:[0m Bundle sent !
19:09:14 [36mDEBUG[0m [90msrc/aap2_client.c:334:[0m Success
19:09:14 [32mINFO [0m [90msrc/aap2_client.c:418:[0m Bundle sent !
19:09:14 [36mDEBUG[0m [90msrc/aap2_client.c:334:[0m Success
19:09:14 [32mINFO [0m [90msrc/aap2_client.c:418:[0m Bundle sent !
19:09:14 [36mDEBUG[0m [90msrc/aap2_client.c:334:[0m Success
19:09:14 [32mINFO [0m [90msrc/aap2_client.c:418:[0m Bundle sent !
19:09:14 [36mDEBUG[0m [90msrc/aap2_client.c:334:[0m Success
19:09:14 [32mINFO [0m [90msrc/aap2_client.c:418:[0m Bundle sent !
19:09:14 [36mDEBUG[0m [90msrc/aap2_client.c:334:[0m Success
19:09:14 [32mINFO [0m [90msrc/aap2_client.c:418:[0m Bundle sent !
19:09:14 [36mDEBUG[0m [90msrc/aap2_client.c:334:[0m Success
19:09:14 [32mINFO [0m [90msrc/aap2_client.c:418:[0m Bundle sent !
19:09:14 [36mDEBUG[0m [90msrc/aap2_client.c:334:[0m Success
19:09:14 [32mINFO [0m [90msrc/aap2_client.c:418:[0m Bundle sent !
19:09:14 [36mDEBUG[0m [90msrc/aap2_client.c:334:[0m Success
19:09:14 [32mINFO [0m [90msrc/aap2_client.c:418:[0m Bundle sent !
19:09:14 [36mDEBUG[0m [90msrc/aap2_client.c:334:[0m Success
19:09:14 [32mINFO [0m [90msrc/aap2_client.c:418:[0m Bundle sent !
19:09:14 [36mDEBUG[0m [90msrc/aap2_client.c:334:[0m Success
19:09:17 [32mINFO [0m [90msrc/aap2_client.c:418:[0m Bundle sent !
19:09:17 [36mDEBUG[0m [90msrc/aap2_client.c:334:[0m Success
19:09:17 [32mINFO [0m [90msrc/aap2_client.c:418:[0m Bundle sent !
19:09:17 [36mDEBUG[0m [90msrc/aap2_client.c:334:[0m Success
19:09:17 [32mINFO [0m [90msrc/aap2_client.c:418:[0m Bundle sent !
19:09:17 [36mDEBUG[0m [90msrc/aap2_client.c:334:[0m Success
19:09:17 [32mINFO [0m [90msrc/aap2_client.c:418:[0m Bundle sent !
19:09:17 [36mDEBUG[0m [90msrc/aap2_client.c:334:[0m Success
19:09:17 [32mINFO [0m [90msrc/aap2_client.c:418:[0m Bundle sent !
19:09:17 [36mDEBUG[0m [90msrc/aap2_client.c:334:[0m Success
19:09:17 [32mINFO [0m [90msrc/aap2_client.c:418:[0m Bundle sent !
19:09:17 [36mDEBUG[0m [90msrc/aap2_client.c:334:[0m Success
19:09:17 [32mINFO [0m [90msrc/aap2_client.c:418:[0m Bundle sent !
19:09:17 [36mDEBUG[0m [90msrc/aap2_client.c:334:[0m Success
19:09:17 [32mINFO [0m [90msrc/aap2_client.c:418:[0m Bundle sent !
19:09:17 [36mDEBUG[0m [90msrc/aap2_client.c:334:[0m Success
19:09:17 [32mINFO [0m [90msrc/aap2_client.c:418:[0m Bundle sent !
19:09:17 [36mDEBUG[0m [90msrc/aap2_client.c:334:[0m Success
19:09:17 [32mINFO [0m [90msrc/aap2_client.c:418:[0m Bundle sent !
19:09:17 [36mDEBUG[0m [90msrc/aap2_client.c:334:[0m Success
19:09:21 [32mINFO [0m [90msrc/aap2_client.c:418:[0m Bundle sent !
19:09:21 [36mDEBUG[0m [90msrc/aap2_client.c:334:[0m Success
19:09:21 [32mINFO [0m [90msrc/aap2_client.c:418:[0m Bundle sent !
19:09:21 [36mDEBUG[0m [90msrc/aap2_client.c:334:[0m Success
19:09:21 [32mINFO [0m [90msrc/aap2_client.c:418:[0m Bundle sent !
19:09:21 [36mDEBUG[0m [90msrc/aap2_client.c:334:[0m Success
19:09:21 [32mINFO [0m [90msrc/aap2_client.c:418:[0m Bundle sent !
19:09:21 [36mDEBUG[0m [90msrc/aap2_client.c:334:[0m Success
19:09:21 [32mINFO [0m [90msrc/aap2_client.c:418:[0m Bundle sent !
19:09:21 [36mDEBUG[0m [90msrc/aap2_client.c:334:[0m Success
19:09:21 [32mINFO [0m [90msrc/aap2_client.c:418:[0m Bundle sent !
19:09:21 [36mDEBUG[0m [90msrc/aap2_client.c:334:[0m Success
19:09:21 [32mINFO [0m [90msrc/aap2_client.c:418:[0m Bundle sent !
19:09:21 [36mDEBUG[0m [90msrc/aap2_client.c:334:[0m Success
19:09:21 [32mINFO [0m [90msrc/aap2_client.c:418:[0m Bundle sent !
19:09:21 [36mDEBUG[0m [90msrc/aap2_client.c:334:[0m Success
19:09:21 [32mINFO [0m [90msrc/aap2_client.c:418:[0m Bundle sent !
19:09:21 [36mDEBUG[0m [90msrc/aap2_client.c:334:[0m Success
19:09:21 [32mINFO [0m [90msrc/aap2_client.c:418:[0m Bundle sent !
19:09:21 [36mDEBUG[0m [90msrc/aap2_client.c:334:[0m Success
19:09:23 [32mINFO [0m [90msrc/aap2_client.c:418:[0m Bundle sent !
19:09:23 [36mDEBUG[0m [90msrc/aap2_client.c:334:[0m Success
19:09:23 [32mINFO [0m [90msrc/aap2_client.c:418:[0m Bundle sent !
19:09:23 [36mDEBUG[0m [90msrc/aap2_client.c:334:[0m Success
19:09:23 [32mINFO [0m [90msrc/aap2_client.c:418:[0m Bundle sent !
19:09:23 [36mDEBUG[0m [90msrc/aap2_client.c:334:[0m Success
19:09:23 [32mINFO [0m [90msrc/aap2_client.c:418:[0m Bundle sent !
19:09:23 [36mDEBUG[0m [90msrc/aap2_client.c:334:[0m Success
19:09:23 [32mINFO [0m [90msrc/aap2_client.c:418:[0m Bundle sent !
19:09:23 [36mDEBUG[0m [90msrc/aap2_client.c:334:[0m Success
19:09:23 [32mINFO [0m [90msrc/aap2_client.c:418:[0m Bundle sent !
19:09:23 [36mDEBUG[0m [90msrc/aap2_client.c:334:[0m Success
19:09:23 [32mINFO [0m [90msrc/aap2_client.c:418:[0m Bundle sent !
19:09:23 [36mDEBUG[0m [90msrc/aap2_client.c:334:[0m Success
19:09:23 [32mINFO [0m [90msrc/aap2_client.c:418:[0m Bundle sent !
19:09:23 [36mDEBUG[0m [90msrc/aap2_client.c:334:[0m Success
19:09:23 [32mINFO [0m [90msrc/aap2_client.c:418:[0m Bundle sent !
19:09:23 [36mDEBUG[0m [90msrc/aap2_client.c:334:[0m Success
19:09:23 [32mINFO [0m [90msrc/aap2_client.c:418:[0m Bundle sent !
19:09:23 [36mDEBUG[0m [90msrc/aap2_client.c:334:[0m Success
19:09:26 [32mINFO [0m [90msrc/aap2_client.c:418:[0m Bundle sent !
19:09:26 [36mDEBUG[0m [90msrc/aap2_client.c:334:[0m Success
19:09:26 [32mINFO [0m [90msrc/aap2_client.c:418:[0m Bundle sent !
19:09:26 [36mDEBUG[0m [90msrc/aap2_client.c:334:[0m Success
19:09:26 [32mINFO [0m [90msrc/aap2_client.c:418:[0m Bundle sent !
19:09:26 [36mDEBUG[0m [90msrc/aap2_client.c:334:[0m Success
19:09:26 [32mINFO [0m [90msrc/aap2_client.c:418:[0m Bundle sent !
19:09:26 [36mDEBUG[0m [90msrc/aap2_client.c:334:[0m Success
19:09:26 [32mINFO [0m [90msrc/aap2_client.c:418:[0m Bundle sent !
19:09:26 [36mDEBUG[0m [90msrc/aap2_client.c:334:[0m Success
19:09:26 [32mINFO [0m [90msrc/aap2_client.c:418:[0m Bundle sent !
19:09:26 [36mDEBUG[0m [90msrc/aap2_client.c:334:[0m Success
19:09:26 [32mINFO [0m [90msrc/aap2_client.c:418:[0m Bundle sent !
19:09:26 [36mDEBUG[0m [90msrc/aap2_client.c:334:[0m Success
19:09:26 [32mINFO [0m [90msrc/aap2_client.c:418:[0m Bundle sent !
19:09:26 [36mDEBUG[0m [90msrc/aap2_client.c:334:[0m Success
19:09:26 [32mINFO [0m [90msrc/aap2_client.c:418:[0m Bundle sent !
19:09:26 [36mDEBUG[0m [90msrc/aap2_client.c:334:[0m Success
19:09:26 [32mINFO [0m [90msrc/aap2_client.c:418:[0m Bundle sent !
19:09:26 [36mDEBUG[0m [90msrc/aap2_client.c:334:[0m Success
19:09:29 [32mINFO [0m [90msrc/aap2_client.c:418:[0m Bundle sent !
19:09:29 [36mDEBUG[0m [90msrc/aap2_client.c:334:[0m Success
19:09:29 [32mINFO [0m [90msrc/aap2_client.c:418:[0m Bundle sent !
19:09:29 [36mDEBUG[0m [90msrc/aap2_client.c:334:[0m Success
19:09:29 [32mINFO [0m [90msrc/aap2_client.c:418:[0m Bundle sent !
19:09:29 [36mDEBUG[0m [90msrc/aap2_client.c:334:[0m Success
19:09:29 [32mINFO [0m [90msrc/aap2_client.c:418:[0m Bundle sent !
19:09:29 [36mDEBUG[0m [90msrc/aap2_client.c:334:[0m Success
19:09:29 [32mINFO [0m [90msrc/aap2_client.c:418:[0m Bundle sent !
19:09:29 [36mDEBUG[0m [90msrc/aap2_client.c:334:[0m Success
19:09:29 [32mINFO [0m [90msrc/aap2_client.c:418:[0m Bundle sent !
19:09:29 [36mDEBUG[0m [90msrc/aap2_client.c:334:[0m Success
19:09:29 [32mINFO [0m [90msrc/aap2_client.c:418:[0m Bundle sent !
19:09:29 [36mDEBUG[0m [90msrc/aap2_client.c:334:[0m Success
19:09:29 [32mINFO [0m [90msrc/aap2_client.c:418:[0m Bundle sent !
19:09:29 [36mDEBUG[0m [90msrc/aap2_client.c:334:[0m Success
19:09:29 [32mINFO [0m [90msrc/aap2_client.c:418:[0m Bundle sent !
19:09:29 [36mDEBUG[0m [90msrc/aap2_client.c:334:[0m Success
19:09:29 [32mINFO [0m [90msrc/aap2_client.c:418:[0m Bundle sent !
19:09:29 [36mDEBUG[0m [90msrc/aap2_client.c:334:[0m Success
19:09:32 [32mINFO [0m [90msrc/aap2_client.c:418:[0m Bundle sent !
19:09:32 [36mDEBUG[0m [90msrc/aap2_client.c:334:[0m Success
19:09:32 [32mINFO [0m [90msrc/aap2_client.c:418:[0m Bundle sent !
19:09:32 [36mDEBUG[0m [90msrc/aap2_client.c:334:[0m Success
19:09:32 [32mINFO [0m [90msrc/aap2_client.c:418:[0m Bundle sent !
19:09:32 [36mDEBUG[0m [90msrc/aap2_client.c:334:[0m Success
19:09:32 [32mINFO [0m [90msrc/aap2_client.c:418:[0m Bundle sent !
19:09:32 [36mDEBUG[0m [90msrc/aap2_client.c:334:[0m Success
19:09:32 [32mINFO [0m [90msrc/aap2_client.c:418:[0m Bundle sent !
19:09:32 [36mDEBUG[0m [90msrc/aap2_client.c:334:[0m Success
19:09:32 [32mINFO [0m [90msrc/aap2_client.c:418:[0m Bundle sent !
19:09:32 [36mDEBUG[0m [90msrc/aap2_client.c:334:[0m Success
19:09:32 [32mINFO [0m [90msrc/aap2_client.c:418:[0m Bundle sent !
19:09:32 [36mDEBUG[0m [90msrc/aap2_client.c:334:[0m Success
19:09:32 [32mINFO [0m [90msrc/aap2_client.c:418:[0m Bundle sent !
19:09:32 [36mDEBUG[0m [90msrc/aap2_client.c:334:[0m Success
19:09:32 [32mINFO [0m [90msrc/aap2_client.c:418:[0m Bundle sent !
19:09:32 [36mDEBUG[0m [90msrc/aap2_client.c:334:[0m Success
19:09:32 [32mINFO [0m [90msrc/aap2_client.c:418:[0m Bundle sent !
19:09:32 [36mDEBUG[0m [90msrc/aap2_client.c:334:[0m Success
19:09:35 [32mINFO [0m [90msrc/aap2_client.c:418:[0m Bundle sent !
19:09:35 [36mDEBUG[0m [90msrc/aap2_client.c:334:[0m Success
19:09:35 [32mINFO [0m [90msrc/aap2_client.c:418:[0m Bundle sent !
19:09:35 [36mDEBUG[0m [90msrc/aap2_client.c:334:[0m Success
19:09:35 [32mINFO [0m [90msrc/aap2_client.c:418:[0m Bundle sent !
19:09:35 [36mDEBUG[0m [90msrc/aap2_client.c:334:[0m Success
19:09:35 [32mINFO [0m [90msrc/aap2_client.c:418:[0m Bundle sent !
19:09:35 [36mDEBUG[0m [90msrc/aap2_client.c:334:[0m Success
19:09:35 [32mINFO [0m [90msrc/aap2_client.c:418:[0m Bundle sent !
19:09:35 [36mDEBUG[0m [90msrc/aap2_client.c:334:[0m Success
19:09:35 [32mINFO [0m [90msrc/aap2_client.c:418:[0m Bundle sent !
19:09:35 [36mDEBUG[0m [90msrc/aap2_client.c:334:[0m Success
19:09:35 [32mINFO [0m [90msrc/aap2_client.c:418:[0m Bundle sent !
19:09:35 [36mDEBUG[0m [90msrc/aap2_client.c:334:[0m Success
19:09:35 [32mINFO [0m [90msrc/aap2_client.c:418:[0m Bundle sent !
19:09:35 [36mDEBUG[0m [90msrc/aap2_client.c:334:[0m Success
19:09:35 [32mINFO [0m [90msrc/aap2_client.c:418:[0m Bundle sent !
19:09:35 [36mDEBUG[0m [90msrc/aap2_client.c:334:[0m Success
19:09:35 [32mINFO [0m [90msrc/aap2_client.c:418:[0m Bundle sent !
19:09:35 [36mDEBUG[0m [90msrc/aap2_client.c:334:[0m Success
19:09:38 [32mINFO [0m [90msrc/aap2_client.c:418:[0m Bundle sent !
19:09:38 [36mDEBUG[0m [90msrc/aap2_client.c:334:[0m Success
19:09:38 [32mINFO [0m [90msrc/aap2_client.c:418:[0m Bundle sent !
19:09:38 [36mDEBUG[0m [90msrc/aap2_client.c:334:[0m Success
19:09:38 [32mINFO [0m [90msrc/aap2_client.c:418:[0m Bundle sent !
19:09:38 [36mDEBUG[0m [90msrc/aap2_client.c:334:[0m Success
19:09:38 [32mINFO [0m [90msrc/aap2_client.c:418:[0m Bundle sent !
19:09:38 [36mDEBUG[0m [90msrc/aap2_client.c:334:[0m Success
19:09:38 [32mINFO [0m [90msrc/aap2_client.c:418:[0m Bundle sent !
19:09:38 [36mDEBUG[0m [90msrc/aap2_client.c:334:[0m Success
19:09:38 [32mINFO [0m [90msrc/aap2_client.c:418:[0m Bundle sent !
19:09:38 [36mDEBUG[0m [90msrc/aap2_client.c:334:[0m Success
19:09:38 [32mINFO [0m [90msrc/aap2_client.c:418:[0m Bundle sent !
19:09:38 [36mDEBUG[0m [90msrc/aap2_client.c:334:[0m Success
19:09:38 [32mINFO [0m [90msrc/aap2_client.c:418:[0m Bundle sent !
19:09:38 [36mDEBUG[0m [90msrc/aap2_client.c:334:[0m Success
19:09:38 [32mINFO [0m [90msrc/aap2_client.c:418:[0m Bundle sent !
19:09:38 [36mDEBUG[0m [90msrc/aap2_client.c:334:[0m Success
19:09:38 [32mINFO [0m [90msrc/aap2_client.c:418:[0m Bundle sent !
19:09:38 [36mDEBUG[0m [90msrc/aap2_client.c:334:[0m Success
19:09:41 [32mINFO [0m [90msrc/aap2_client.c:418:[0m Bundle sent !
19:09:41 [36mDEBUG[0m [90msrc/aap2_client.c:334:[0m Success
19:09:41 [32mINFO [0m [90msrc/aap2_client.c:418:[0m Bundle sent !
19:09:41 [36mDEBUG[0m [90msrc/aap2_client.c:334:[0m Success
19:09:41 [32mINFO [0m [90msrc/aap2_client.c:418:[0m Bundle sent !
19:09:41 [36mDEBUG[0m [90msrc/aap2_client.c:334:[0m Success
19:09:41 [32mINFO [0m [90msrc/aap2_client.c:418:[0m Bundle sent !
19:09:41 [36mDEBUG[0m [90msrc/aap2_client.c:334:[0m Success
19:09:41 [32mINFO [0m [90msrc/aap2_client.c:418:[0m Bundle sent !
19:09:41 [36mDEBUG[0m [90msrc/aap2_client.c:334:[0m Success
19:09:41 [32mINFO [0m [90msrc/aap2_client.c:418:[0m Bundle sent !
19:09:41 [36mDEBUG[0m [90msrc/aap2_client.c:334:[0m Success
19:09:41 [32mINFO [0m [90msrc/aap2_client.c:418:[0m Bundle sent !
19:09:41 [36mDEBUG[0m [90msrc/aap2_client.c:334:[0m Success
19:09:41 [32mINFO [0m [90msrc/aap2_client.c:418:[0m Bundle sent !
19:09:41 [36mDEBUG[0m [90msrc/aap2_client.c:334:[0m Success
19:09:41 [32mINFO [0m [90msrc/aap2_client.c:418:[0m Bundle sent !
19:09:41 [36mDEBUG[0m [90msrc/aap2_client.c:334:[0m Success
19:09:41 [32mINFO [0m [90msrc/aap2_client.c:418:[0m Bundle sent !
19:09:41 [36mDEBUG[0m [90msrc/aap2_client.c:334:[0m Success
19:09:44 [32mINFO [0m [90msrc/aap2_client.c:418:[0m Bundle sent !
19:09:44 [36mDEBUG[0m [90msrc/aap2_client.c:334:[0m Success
19:09:44 [32mINFO [0m [90msrc/aap2_client.c:418:[0m Bundle sent !
19:09:44 [36mDEBUG[0m [90msrc/aap2_client.c:334:[0m Success
19:09:44 [32mINFO [0m [90msrc/aap2_client.c:418:[0m Bundle sent !
19:09:44 [36mDEBUG[0m [90msrc/aap2_client.c:334:[0m Success
19:09:44 [32mINFO [0m [90msrc/aap2_client.c:418:[0m Bundle sent !
19:09:44 [36mDEBUG[0m [90msrc/aap2_client.c:334:[0m Success
19:09:44 [32mINFO [0m [90msrc/aap2_client.c:418:[0m Bundle sent !
19:09:44 [36mDEBUG[0m [90msrc/aap2_client.c:334:[0m Success
19:09:44 [32mINFO [0m [90msrc/aap2_client.c:418:[0m Bundle sent !
19:09:44 [36mDEBUG[0m [90msrc/aap2_client.c:334:[0m Success
19:09:44 [32mINFO [0m [90msrc/aap2_client.c:418:[0m Bundle sent !
19:09:44 [36mDEBUG[0m [90msrc/aap2_client.c:334:[0m Success
19:09:44 [32mINFO [0m [90msrc/aap2_client.c:418:[0m Bundle sent !
19:09:44 [36mDEBUG[0m [90msrc/aap2_client.c:334:[0m Success
19:09:44 [32mINFO [0m [90msrc/aap2_client.c:418:[0m Bundle sent !
19:09:44 [36mDEBUG[0m [90msrc/aap2_client.c:334:[0m Success
19:09:44 [32mINFO [0m [90msrc/aap2_client.c:418:[0m Bundle sent !
19:09:44 [36mDEBUG[0m [90msrc/aap2_client.c:334:[0m Success
19:09:47 [32mINFO [0m [90msrc/aap2_client.c:418:[0m Bundle sent !
19:09:47 [36mDEBUG[0m [90msrc/aap2_client.c:334:[0m Success
19:09:47 [32mINFO [0m [90msrc/aap2_client.c:418:[0m Bundle sent !
19:09:47 [36mDEBUG[0m [90msrc/aap2_client.c:334:[0m Success
19:09:47 [32mINFO [0m [90msrc/aap2_client.c:418:[0m Bundle sent !
19:09:47 [36mDEBUG[0m [90msrc/aap2_client.c:334:[0m Success
19:09:47 [32mINFO [0m [90msrc/aap2_client.c:418:[0m Bundle sent !
19:09:47 [36mDEBUG[0m [90msrc/aap2_client.c:334:[0m Success
19:09:47 [32mINFO [0m [90msrc/aap2_client.c:418:[0m Bundle sent !
19:09:47 [36mDEBUG[0m [90msrc/aap2_client.c:334:[0m Success
19:09:47 [32mINFO [0m [90msrc/aap2_client.c:418:[0m Bundle sent !
19:09:47 [36mDEBUG[0m [90msrc/aap2_client.c:334:[0m Success
19:09:47 [32mINFO [0m [90msrc/aap2_client.c:418:[0m Bundle sent !
19:09:47 [36mDEBUG[0m [90msrc/aap2_client.c:334:[0m Success
19:09:47 [32mINFO [0m [90msrc/aap2_client.c:418:[0m Bundle sent !
19:09:47 [36mDEBUG[0m [90msrc/aap2_client.c:334:[0m Success
19:09:47 [32mINFO [0m [90msrc/aap2_client.c:418:[0m Bundle sent !
19:09:47 [36mDEBUG[0m [90msrc/aap2_client.c:334:[0m Success
19:09:47 [32mINFO [0m [90msrc/aap2_client.c:418:[0m Bundle sent !
19:09:47 [36mDEBUG[0m [90msrc/aap2_client.c:334:[0m Success
19:09:50 [32mINFO [0m [90msrc/aap2_client.c:418:[0m Bundle sent !
19:09:50 [36mDEBUG[0m [90msrc/aap2_client.c:334:[0m Success
19:09:50 [32mINFO [0m [90msrc/aap2_client.c:418:[0m Bundle sent !
19:09:50 [36mDEBUG[0m [90msrc/aap2_client.c:334:[0m Success
19:09:50 [32mINFO [0m [90msrc/aap2_client.c:418:[0m Bundle sent !
19:09:50 [36mDEBUG[0m [90msrc/aap2_client.c:334:[0m Success
19:09:50 [32mINFO [0m [90msrc/aap2_client.c:418:[0m Bundle sent !
19:09:50 [36mDEBUG[0m [90msrc/aap2_client.c:334:[0m Success
19:09:50 [32mINFO [0m [90msrc/aap2_client.c:418:[0m Bundle sent !
19:09:50 [36mDEBUG[0m [90msrc/aap2_client.c:334:[0m Success
19:09:50 [32mINFO [0m [90msrc/aap2_client.c:418:[0m Bundle sent !
19:09:50 [36mDEBUG[0m [90msrc/aap2_client.c:334:[0m Success
19:09:50 [32mINFO [0m [90msrc/aap2_client.c:418:[0m Bundle sent !
19:09:50 [36mDEBUG[0m [90msrc/aap2_client.c:334:[0m Success
19:09:50 [32mINFO [0m [90msrc/aap2_client.c:418:[0m Bundle sent !
19:09:50 [36mDEBUG[0m [90msrc/aap2_client.c:334:[0m Success
19:09:50 [32mINFO [0m [90msrc/aap2_client.c:418:[0m Bundle sent !
19:09:50 [36mDEBUG[0m [90msrc/aap2_client.c:334:[0m Success
19:09:50 [32mINFO [0m [90msrc/aap2_client.c:418:[0m Bundle sent !
19:09:50 [36mDEBUG[0m [90msrc/aap2_client.c:334:[0m Success
19:09:53 [32mINFO [0m [90msrc/aap2_client.c:418:[0m Bundle sent !
19:09:53 [36mDEBUG[0m [90msrc/aap2_client.c:334:[0m Success
19:09:53 [32mINFO [0m [90msrc/aap2_client.c:418:[0m Bundle sent !
19:09:53 [36mDEBUG[0m [90msrc/aap2_client.c:334:[0m Success
19:09:53 [32mINFO [0m [90msrc/aap2_client.c:418:[0m Bundle sent !
19:09:53 [36mDEBUG[0m [90msrc/aap2_client.c:334:[0m Success
19:09:53 [32mINFO [0m [90msrc/aap2_client.c:418:[0m Bundle sent !
19:09:53 [36mDEBUG[0m [90msrc/aap2_client.c:334:[0m Success
19:09:53 [32mINFO [0m [90msrc/aap2_client.c:418:[0m Bundle sent !
19:09:53 [36mDEBUG[0m [90msrc/aap2_client.c:334:[0m Success
19:09:53 [32mINFO [0m [90msrc/aap2_client.c:418:[0m Bundle sent !
19:09:53 [36mDEBUG[0m [90msrc/aap2_client.c:334:[0m Success
19:09:53 [32mINFO [0m [90msrc/aap2_client.c:418:[0m Bundle sent !
19:09:53 [36mDEBUG[0m [90msrc/aap2_client.c:334:[0m Success
19:09:53 [32mINFO [0m [90msrc/aap2_client.c:418:[0m Bundle sent !
19:09:53 [36mDEBUG[0m [90msrc/aap2_client.c:334:[0m Success
19:09:53 [32mINFO [0m [90msrc/aap2_client.c:418:[0m Bundle sent !
19:09:53 [36mDEBUG[0m [90msrc/aap2_client.c:334:[0m Success
19:09:53 [32mINFO [0m [90msrc/aap2_client.c:418:[0m Bundle sent !
19:09:53 [36mDEBUG[0m [90msrc/aap2_client.c:334:[0m Success
19:09:56 [32mINFO [0m [90msrc/aap2_client.c:418:[0m Bundle sent !
19:09:56 [36mDEBUG[0m [90msrc/aap2_client.c:334:[0m Success
19:09:56 [32mINFO [0m [90msrc/aap2_client.c:418:[0m Bundle sent !
19:09:56 [36mDEBUG[0m [90msrc/aap2_client.c:334:[0m Success
19:09:56 [32mINFO [0m [90msrc/aap2_client.c:418:[0m Bundle sent !
19:09:56 [36mDEBUG[0m [90msrc/aap2_client.c:334:[0m Success
19:09:56 [32mINFO [0m [90msrc/aap2_client.c:418:[0m Bundle sent !
19:09:56 [36mDEBUG[0m [90msrc/aap2_client.c:334:[0m Success
19:09:56 [32mINFO [0m [90msrc/aap2_client.c:418:[0m Bundle sent !
19:09:56 [36mDEBUG[0m [90msrc/aap2_client.c:334:[0m Success
19:09:56 [32mINFO [0m [90msrc/aap2_client.c:418:[0m Bundle sent !
19:09:56 [36mDEBUG[0m [90msrc/aap2_client.c:334:[0m Success
19:09:56 [32mINFO [0m [90msrc/aap2_client.c:418:[0m Bundle sent !
19:09:56 [36mDEBUG[0m [90msrc/aap2_client.c:334:[0m Success
19:09:56 [32mINFO [0m [90msrc/aap2_client.c:418:[0m Bundle sent !
19:09:56 [36mDEBUG[0m [90msrc/aap2_client.c:334:[0m Success
19:09:56 [32mINFO [0m [90msrc/aap2_client.c:418:[0m Bundle sent !
19:09:56 [36mDEBUG[0m [90msrc/aap2_client.c:334:[0m Success
19:09:56 [32mINFO [0m [90msrc/aap2_client.c:418:[0m Bundle sent !
19:09:56 [36mDEBUG[0m [90msrc/aap2_client.c:334:[0m Success
19:09:59 [32mINFO [0m [90msrc/aap2_client.c:418:[0m Bundle sent !
19:09:59 [36mDEBUG[0m [90msrc/aap2_client.c:334:[0m Success
19:09:59 [32mINFO [0m [90msrc/aap2_client.c:418:[0m Bundle sent !
19:09:59 [36mDEBUG[0m [90msrc/aap2_client.c:334:[0m Success
19:09:59 [32mINFO [0m [90msrc/aap2_client.c:418:[0m Bundle sent !
19:09:59 [36mDEBUG[0m [90msrc/aap2_client.c:334:[0m Success
19:09:59 [32mINFO [0m [90msrc/aap2_client.c:418:[0m Bundle sent !
19:09:59 [36mDEBUG[0m [90msrc/aap2_client.c:334:[0m Success
19:09:59 [32mINFO [0m [90msrc/aap2_client.c:418:[0m Bundle sent !
19:09:59 [36mDEBUG[0m [90msrc/aap2_client.c:334:[0m Success
19:09:59 [32mINFO [0m [90msrc/aap2_client.c:418:[0m Bundle sent !
19:09:59 [36mDEBUG[0m [90msrc/aap2_client.c:334:[0m Success
19:09:59 [32mINFO [0m [90msrc/aap2_client.c:418:[0m Bundle sent !
19:09:59 [36mDEBUG[0m [90msrc/aap2_client.c:334:[0m Success
19:09:59 [32mINFO [0m [90msrc/aap2_client.c:418:[0m Bundle sent !
19:09:59 [36mDEBUG[0m [90msrc/aap2_client.c:334:[0m Success
19:09:59 [32mINFO [0m [90msrc/aap2_client.c:418:[0m Bundle sent !
19:09:59 [36mDEBUG[0m [90msrc/aap2_client.c:334:[0m Success
19:09:59 [32mINFO [0m [90msrc/aap2_client.c:418:[0m Bundle sent !
19:09:59 [36mDEBUG[0m [90msrc/aap2_client.c:334:[0m Success
19:10:02 [32mINFO [0m [90msrc/aap2_client.c:418:[0m Bundle sent !
19:10:02 [36mDEBUG[0m [90msrc/aap2_client.c:334:[0m Success
19:10:02 [32mINFO [0m [90msrc/aap2_client.c:418:[0m Bundle sent !
19:10:02 [36mDEBUG[0m [90msrc/aap2_client.c:334:[0m Success
19:10:02 [32mINFO [0m [90msrc/aap2_client.c:418:[0m Bundle sent !
19:10:02 [36mDEBUG[0m [90msrc/aap2_client.c:334:[0m Success
19:10:02 [32mINFO [0m [90msrc/aap2_client.c:418:[0m Bundle sent !
19:10:02 [36mDEBUG[0m [90msrc/aap2_client.c:334:[0m Success
19:10:02 [32mINFO [0m [90msrc/aap2_client.c:418:[0m Bundle sent !
19:10:02 [36mDEBUG[0m [90msrc/aap2_client.c:334:[0m Success
19:10:02 [32mINFO [0m [90msrc/aap2_client.c:418:[0m Bundle sent !
19:10:02 [36mDEBUG[0m [90msrc/aap2_client.c:334:[0m Success
19:10:02 [32mINFO [0m [90msrc/aap2_client.c:418:[0m Bundle sent !
19:10:02 [36mDEBUG[0m [90msrc/aap2_client.c:334:[0m Success
19:10:02 [32mINFO [0m [90msrc/aap2_client.c:418:[0m Bundle sent !
19:10:02 [36mDEBUG[0m [90msrc/aap2_client.c:334:[0m Success
19:10:02 [32mINFO [0m [90msrc/aap2_client.c:418:[0m Bundle sent !
19:10:02 [36mDEBUG[0m [90msrc/aap2_client.c:334:[0m Success
19:10:02 [32mINFO [0m [90msrc/aap2_client.c:418:[0m Bundle sent !
19:10:02 [36mDEBUG[0m [90msrc/aap2_client.c:334:[0m Success
19:10:05 [32mINFO [0m [90msrc/aap2_client.c:418:[0m Bundle sent !
19:10:05 [36mDEBUG[0m [90msrc/aap2_client.c:334:[0m Success
19:10:05 [32mINFO [0m [90msrc/aap2_client.c:418:[0m Bundle sent !
19:10:05 [36mDEBUG[0m [90msrc/aap2_client.c:334:[0m Success
19:10:05 [32mINFO [0m [90msrc/aap2_client.c:418:[0m Bundle sent !
19:10:05 [36mDEBUG[0m [90msrc/aap2_client.c:334:[0m Success
19:10:05 [32mINFO [0m [90msrc/aap2_client.c:418:[0m Bundle sent !
19:10:05 [36mDEBUG[0m [90msrc/aap2_client.c:334:[0m Success
19:10:05 [32mINFO [0m [90msrc/aap2_client.c:418:[0m Bundle sent !
19:10:05 [36mDEBUG[0m [90msrc/aap2_client.c:334:[0m Success
19:10:05 [32mINFO [0m [90msrc/aap2_client.c:418:[0m Bundle sent !
19:10:05 [36mDEBUG[0m [90msrc/aap2_client.c:334:[0m Success
19:10:05 [32mINFO [0m [90msrc/aap2_client.c:418:[0m Bundle sent !
19:10:05 [36mDEBUG[0m [90msrc/aap2_client.c:334:[0m Success
19:10:05 [32mINFO [0m [90msrc/aap2_client.c:418:[0m Bundle sent !
19:10:05 [36mDEBUG[0m [90msrc/aap2_client.c:334:[0m Success
19:10:05 [32mINFO [0m [90msrc/aap2_client.c:418:[0m Bundle sent !
19:10:05 [36mDEBUG[0m [90msrc/aap2_client.c:334:[0m Success
19:10:05 [32mINFO [0m [90msrc/aap2_client.c:418:[0m Bundle sent !
19:10:05 [36mDEBUG[0m [90msrc/aap2_client.c:334:[0m Success
19:10:08 [32mINFO [0m [90msrc/aap2_client.c:418:[0m Bundle sent !
19:10:08 [36mDEBUG[0m [90msrc/aap2_client.c:334:[0m Success
19:10:08 [32mINFO [0m [90msrc/aap2_client.c:418:[0m Bundle sent !
19:10:08 [36mDEBUG[0m [90msrc/aap2_client.c:334:[0m Success
19:10:08 [32mINFO [0m [90msrc/aap2_client.c:418:[0m Bundle sent !
19:10:08 [36mDEBUG[0m [90msrc/aap2_client.c:334:[0m Success
19:10:08 [32mINFO [0m [90msrc/aap2_client.c:418:[0m Bundle sent !
19:10:08 [36mDEBUG[0m [90msrc/aap2_client.c:334:[0m Success
19:10:08 [32mINFO [0m [90msrc/aap2_client.c:418:[0m Bundle sent !
19:10:08 [36mDEBUG[0m [90msrc/aap2_client.c:334:[0m Success
19:10:08 [32mINFO [0m [90msrc/aap2_client.c:418:[0m Bundle sent !
19:10:08 [36mDEBUG[0m [90msrc/aap2_client.c:334:[0m Success
19:10:08 [32mINFO [0m [90msrc/aap2_client.c:418:[0m Bundle sent !
19:10:08 [36mDEBUG[0m [90msrc/aap2_client.c:334:[0m Success
19:10:08 [32mINFO [0m [90msrc/aap2_client.c:418:[0m Bundle sent !
19:10:08 [36mDEBUG[0m [90msrc/aap2_client.c:334:[0m Success
19:10:08 [32mINFO [0m [90msrc/aap2_client.c:418:[0m Bundle sent !
19:10:08 [36mDEBUG[0m [90msrc/aap2_client.c:334:[0m Success
19:10:08 [32mINFO [0m [90msrc/aap2_client.c:418:[0m Bundle sent !
19:10:08 [36mDEBUG[0m [90msrc/aap2_client.c:334:[0m Success
19:10:11 [32mINFO [0m [90msrc/aap2_client.c:418:[0m Bundle sent !
19:10:11 [36mDEBUG[0m [90msrc/aap2_client.c:334:[0m Success
19:10:11 [32mINFO [0m [90msrc/aap2_client.c:418:[0m Bundle sent !
19:10:11 [36mDEBUG[0m [90msrc/aap2_client.c:334:[0m Success
19:10:11 [32mINFO [0m [90msrc/aap2_client.c:418:[0m Bundle sent !
19:10:11 [36mDEBUG[0m [90msrc/aap2_client.c:334:[0m Success
19:10:11 [32mINFO [0m [90msrc/aap2_client.c:418:[0m Bundle sent !
19:10:11 [36mDEBUG[0m [90msrc/aap2_client.c:334:[0m Success
19:10:11 [32mINFO [0m [90msrc/aap2_client.c:418:[0m Bundle sent !
19:10:11 [36mDEBUG[0m [90msrc/aap2_client.c:334:[0m Success
19:10:11 [32mINFO [0m [90msrc/aap2_client.c:418:[0m Bundle sent !
19:10:11 [36mDEBUG[0m [90msrc/aap2_client.c:334:[0m Success
19:10:11 [32mINFO [0m [90msrc/aap2_client.c:418:[0m Bundle sent !
19:10:11 [36mDEBUG[0m [90msrc/aap2_client.c:334:[0m Success
19:10:11 [32mINFO [0m [90msrc/aap2_client.c:418:[0m Bundle sent !
19:10:11 [36mDEBUG[0m [90msrc/aap2_client.c:334:[0m Success
19:10:11 [32mINFO [0m [90msrc/aap2_client.c:418:[0m Bundle sent !
19:10:11 [36mDEBUG[0m [90msrc/aap2_client.c:334:[0m Success
19:10:11 [32mINFO [0m [90msrc/aap2_client.c:418:[0m Bundle sent !
19:10:11 [36mDEBUG[0m [90msrc/aap2_client.c:334:[0m Success
19:10:14 [32mINFO [0m [90msrc/aap2_client.c:418:[0m Bundle sent !
19:10:14 [36mDEBUG[0m [90msrc/aap2_client.c:334:[0m Success
19:10:14 [32mINFO [0m [90msrc/aap2_client.c:418:[0m Bundle sent !
19:10:14 [36mDEBUG[0m [90msrc/aap2_client.c:334:[0m Success
19:10:14 [32mINFO [0m [90msrc/aap2_client.c:418:[0m Bundle sent !
19:10:14 [36mDEBUG[0m [90msrc/aap2_client.c:334:[0m Success
19:10:14 [32mINFO [0m [90msrc/aap2_client.c:418:[0m Bundle sent !
19:10:14 [36mDEBUG[0m [90msrc/aap2_client.c:334:[0m Success
19:10:14 [32mINFO [0m [90msrc/aap2_client.c:418:[0m Bundle sent !
19:10:14 [36mDEBUG[0m [90msrc/aap2_client.c:334:[0m Success
19:10:14 [32mINFO [0m [90msrc/aap2_client.c:418:[0m Bundle sent !
19:10:14 [36mDEBUG[0m [90msrc/aap2_client.c:334:[0m Success
19:10:14 [32mINFO [0m [90msrc/aap2_client.c:418:[0m Bundle sent !
19:10:14 [36mDEBUG[0m [90msrc/aap2_client.c:334:[0m Success
19:10:14 [32mINFO [0m [90msrc/aap2_client.c:418:[0m Bundle sent !
19:10:14 [36mDEBUG[0m [90msrc/aap2_client.c:334:[0m Success
19:10:14 [32mINFO [0m [90msrc/aap2_client.c:418:[0m Bundle sent !
19:10:14 [36mDEBUG[0m [90msrc/aap2_client.c:334:[0m Success
19:10:14 [32mINFO [0m [90msrc/aap2_client.c:418:[0m Bundle sent !
19:10:14 [36mDEBUG[0m [90msrc/aap2_client.c:334:[0m Success
19:10:17 [32mINFO [0m [90msrc/aap2_client.c:418:[0m Bundle sent !
19:10:17 [36mDEBUG[0m [90msrc/aap2_client.c:334:[0m Success
19:10:17 [32mINFO [0m [90msrc/aap2_client.c:418:[0m Bundle sent !
19:10:17 [36mDEBUG[0m [90msrc/aap2_client.c:334:[0m Success
19:10:17 [32mINFO [0m [90msrc/aap2_client.c:418:[0m Bundle sent !
19:10:17 [36mDEBUG[0m [90msrc/aap2_client.c:334:[0m Success
19:10:17 [32mINFO [0m [90msrc/aap2_client.c:418:[0m Bundle sent !
19:10:17 [36mDEBUG[0m [90msrc/aap2_client.c:334:[0m Success
19:10:17 [32mINFO [0m [90msrc/aap2_client.c:418:[0m Bundle sent !
19:10:17 [36mDEBUG[0m [90msrc/aap2_client.c:334:[0m Success
19:10:17 [32mINFO [0m [90msrc/aap2_client.c:418:[0m Bundle sent !
19:10:17 [36mDEBUG[0m [90msrc/aap2_client.c:334:[0m Success
19:10:17 [32mINFO [0m [90msrc/aap2_client.c:418:[0m Bundle sent !
19:10:17 [36mDEBUG[0m [90msrc/aap2_client.c:334:[0m Success
19:10:17 [32mINFO [0m [90msrc/aap2_client.c:418:[0m Bundle sent !
19:10:17 [36mDEBUG[0m [90msrc/aap2_client.c:334:[0m Success
19:10:17 [32mINFO [0m [90msrc/aap2_client.c:418:[0m Bundle sent !
19:10:17 [36mDEBUG[0m [90msrc/aap2_client.c:334:[0m Success
19:10:17 [32mINFO [0m [90msrc/aap2_client.c:418:[0m Bundle sent !
19:10:17 [36mDEBUG[0m [90msrc/aap2_client.c:334:[0m Success
19:10:20 [32mINFO [0m [90msrc/aap2_client.c:418:[0m Bundle sent !
19:10:20 [36mDEBUG[0m [90msrc/aap2_client.c:334:[0m Success
19:10:20 [32mINFO [0m [90msrc/aap2_client.c:418:[0m Bundle sent !
19:10:20 [36mDEBUG[0m [90msrc/aap2_client.c:334:[0m Success
19:10:20 [32mINFO [0m [90msrc/aap2_client.c:418:[0m Bundle sent !
19:10:20 [36mDEBUG[0m [90msrc/aap2_client.c:334:[0m Success
19:10:20 [32mINFO [0m [90msrc/aap2_client.c:418:[0m Bundle sent !
19:10:20 [36mDEBUG[0m [90msrc/aap2_client.c:334:[0m Success
19:10:20 [32mINFO [0m [90msrc/aap2_client.c:418:[0m Bundle sent !
19:10:20 [36mDEBUG[0m [90msrc/aap2_client.c:334:[0m Success
19:10:20 [32mINFO [0m [90msrc/aap2_client.c:418:[0m Bundle sent !
19:10:20 [36mDEBUG[0m [90msrc/aap2_client.c:334:[0m Success
19:10:20 [32mINFO [0m [90msrc/aap2_client.c:418:[0m Bundle sent !
19:10:20 [36mDEBUG[0m [90msrc/aap2_client.c:334:[0m Success
19:10:20 [32mINFO [0m [90msrc/aap2_client.c:418:[0m Bundle sent !
19:10:20 [36mDEBUG[0m [90msrc/aap2_client.c:334:[0m Success
19:10:20 [32mINFO [0m [90msrc/aap2_client.c:418:[0m Bundle sent !
19:10:20 [36mDEBUG[0m [90msrc/aap2_client.c:334:[0m Success
19:10:20 [32mINFO [0m [90msrc/aap2_client.c:418:[0m Bundle sent !
19:10:20 [36mDEBUG[0m [90msrc/aap2_client.c:334:[0m Success
19:10:23 [32mINFO [0m [90msrc/aap2_client.c:418:[0m Bundle sent !
19:10:23 [36mDEBUG[0m [90msrc/aap2_client.c:334:[0m Success
19:10:23 [32mINFO [0m [90msrc/aap2_client.c:418:[0m Bundle sent !
19:10:23 [36mDEBUG[0m [90msrc/aap2_client.c:334:[0m Success
19:10:23 [32mINFO [0m [90msrc/aap2_client.c:418:[0m Bundle sent !
19:10:23 [36mDEBUG[0m [90msrc/aap2_client.c:334:[0m Success
19:10:23 [32mINFO [0m [90msrc/aap2_client.c:418:[0m Bundle sent !
19:10:23 [36mDEBUG[0m [90msrc/aap2_client.c:334:[0m Success
19:10:23 [32mINFO [0m [90msrc/aap2_client.c:418:[0m Bundle sent !
19:10:23 [36mDEBUG[0m [90msrc/aap2_client.c:334:[0m Success
19:10:23 [32mINFO [0m [90msrc/aap2_client.c:418:[0m Bundle sent !
19:10:23 [36mDEBUG[0m [90msrc/aap2_client.c:334:[0m Success
19:10:23 [32mINFO [0m [90msrc/aap2_client.c:418:[0m Bundle sent !
19:10:23 [36mDEBUG[0m [90msrc/aap2_client.c:334:[0m Success
19:10:23 [32mINFO [0m [90msrc/aap2_client.c:418:[0m Bundle sent !
19:10:23 [36mDEBUG[0m [90msrc/aap2_client.c:334:[0m Success
19:10:23 [32mINFO [0m [90msrc/aap2_client.c:418:[0m Bundle sent !
19:10:23 [36mDEBUG[0m [90msrc/aap2_client.c:334:[0m Success
19:10:23 [32mINFO [0m [90msrc/aap2_client.c:418:[0m Bundle sent !
19:10:23 [36mDEBUG[0m [90msrc/aap2_client.c:334:[0m Success
19:10:26 [32mINFO [0m [90msrc/aap2_client.c:418:[0m Bundle sent !
19:10:26 [36mDEBUG[0m [90msrc/aap2_client.c:334:[0m Success
19:10:26 [32mINFO [0m [90msrc/aap2_client.c:418:[0m Bundle sent !
19:10:26 [36mDEBUG[0m [90msrc/aap2_client.c:334:[0m Success
19:10:26 [32mINFO [0m [90msrc/aap2_client.c:418:[0m Bundle sent !
19:10:26 [36mDEBUG[0m [90msrc/aap2_client.c:334:[0m Success
19:10:26 [32mINFO [0m [90msrc/aap2_client.c:418:[0m Bundle sent !
19:10:26 [36mDEBUG[0m [90msrc/aap2_client.c:334:[0m Success
19:10:26 [32mINFO [0m [90msrc/aap2_client.c:418:[0m Bundle sent !
19:10:26 [36mDEBUG[0m [90msrc/aap2_client.c:334:[0m Success
19:10:26 [32mINFO [0m [90msrc/aap2_client.c:418:[0m Bundle sent !
19:10:26 [36mDEBUG[0m [90msrc/aap2_client.c:334:[0m Success
19:10:26 [32mINFO [0m [90msrc/aap2_client.c:418:[0m Bundle sent !
19:10:26 [36mDEBUG[0m [90msrc/aap2_client.c:334:[0m Success
19:10:26 [32mINFO [0m [90msrc/aap2_client.c:418:[0m Bundle sent !
19:10:26 [36mDEBUG[0m [90msrc/aap2_client.c:334:[0m Success
19:10:26 [32mINFO [0m [90msrc/aap2_client.c:418:[0m Bundle sent !
19:10:26 [36mDEBUG[0m [90msrc/aap2_client.c:334:[0m Success
19:10:26 [32mINFO [0m [90msrc/aap2_client.c:418:[0m Bundle sent !
19:10:26 [36mDEBUG[0m [90msrc/aap2_client.c:334:[0m Success
19:10:29 [32mINFO [0m [90msrc/aap2_client.c:418:[0m Bundle sent !
19:10:29 [36mDEBUG[0m [90msrc/aap2_client.c:334:[0m Success
19:10:29 [32mINFO [0m [90msrc/aap2_client.c:418:[0m Bundle sent !
19:10:29 [36mDEBUG[0m [90msrc/aap2_client.c:334:[0m Success
19:10:29 [32mINFO [0m [90msrc/aap2_client.c:418:[0m Bundle sent !
19:10:29 [36mDEBUG[0m [90msrc/aap2_client.c:334:[0m Success
19:10:29 [32mINFO [0m [90msrc/aap2_client.c:418:[0m Bundle sent !
19:10:29 [36mDEBUG[0m [90msrc/aap2_client.c:334:[0m Success
19:10:29 [32mINFO [0m [90msrc/aap2_client.c:418:[0m Bundle sent !
19:10:29 [36mDEBUG[0m [90msrc/aap2_client.c:334:[0m Success
19:10:29 [32mINFO [0m [90msrc/aap2_client.c:418:[0m Bundle sent !
19:10:29 [36mDEBUG[0m [90msrc/aap2_client.c:334:[0m Success
19:10:29 [32mINFO [0m [90msrc/aap2_client.c:418:[0m Bundle sent !
19:10:29 [36mDEBUG[0m [90msrc/aap2_client.c:334:[0m Success
19:10:29 [32mINFO [0m [90msrc/aap2_client.c:418:[0m Bundle sent !
19:10:29 [36mDEBUG[0m [90msrc/aap2_client.c:334:[0m Success
19:10:29 [32mINFO [0m [90msrc/aap2_client.c:418:[0m Bundle sent !
19:10:29 [36mDEBUG[0m [90msrc/aap2_client.c:334:[0m Success
19:10:29 [32mINFO [0m [90msrc/aap2_client.c:418:[0m Bundle sent !
19:10:29 [36mDEBUG[0m [90msrc/aap2_client.c:334:[0m Success
19:10:32 [32mINFO [0m [90msrc/aap2_client.c:418:[0m Bundle sent !
19:10:32 [36mDEBUG[0m [90msrc/aap2_client.c:334:[0m Success
19:10:32 [32mINFO [0m [90msrc/aap2_client.c:418:[0m Bundle sent !
19:10:32 [36mDEBUG[0m [90msrc/aap2_client.c:334:[0m Success
19:10:32 [32mINFO [0m [90msrc/aap2_client.c:418:[0m Bundle sent !
19:10:32 [36mDEBUG[0m [90msrc/aap2_client.c:334:[0m Success
19:10:32 [32mINFO [0m [90msrc/aap2_client.c:418:[0m Bundle sent !
19:10:32 [36mDEBUG[0m [90msrc/aap2_client.c:334:[0m Success
19:10:32 [32mINFO [0m [90msrc/aap2_client.c:418:[0m Bundle sent !
19:10:32 [36mDEBUG[0m [90msrc/aap2_client.c:334:[0m Success
19:10:32 [32mINFO [0m [90msrc/aap2_client.c:418:[0m Bundle sent !
19:10:32 [36mDEBUG[0m [90msrc/aap2_client.c:334:[0m Success
19:10:32 [32mINFO [0m [90msrc/aap2_client.c:418:[0m Bundle sent !
19:10:32 [36mDEBUG[0m [90msrc/aap2_client.c:334:[0m Success
19:10:32 [32mINFO [0m [90msrc/aap2_client.c:418:[0m Bundle sent !
19:10:32 [36mDEBUG[0m [90msrc/aap2_client.c:334:[0m Success
19:10:32 [32mINFO [0m [90msrc/aap2_client.c:418:[0m Bundle sent !
19:10:32 [36mDEBUG[0m [90msrc/aap2_client.c:334:[0m Success
19:10:32 [32mINFO [0m [90msrc/aap2_client.c:418:[0m Bundle sent !
19:10:32 [36mDEBUG[0m [90msrc/aap2_client.c:334:[0m Success
19:10:35 [32mINFO [0m [90msrc/aap2_client.c:418:[0m Bundle sent !
19:10:35 [36mDEBUG[0m [90msrc/aap2_client.c:334:[0m Success
19:10:35 [32mINFO [0m [90msrc/aap2_client.c:418:[0m Bundle sent !
19:10:35 [36mDEBUG[0m [90msrc/aap2_client.c:334:[0m Success
19:10:35 [32mINFO [0m [90msrc/aap2_client.c:418:[0m Bundle sent !
19:10:35 [36mDEBUG[0m [90msrc/aap2_client.c:334:[0m Success
19:10:35 [32mINFO [0m [90msrc/aap2_client.c:418:[0m Bundle sent !
19:10:35 [36mDEBUG[0m [90msrc/aap2_client.c:334:[0m Success
19:10:35 [32mINFO [0m [90msrc/aap2_client.c:418:[0m Bundle sent !
19:10:35 [36mDEBUG[0m [90msrc/aap2_client.c:334:[0m Success
19:10:35 [32mINFO [0m [90msrc/aap2_client.c:418:[0m Bundle sent !
19:10:35 [36mDEBUG[0m [90msrc/aap2_client.c:334:[0m Success
19:10:35 [32mINFO [0m [90msrc/aap2_client.c:418:[0m Bundle sent !
19:10:35 [36mDEBUG[0m [90msrc/aap2_client.c:334:[0m Success
19:10:35 [32mINFO [0m [90msrc/aap2_client.c:418:[0m Bundle sent !
19:10:35 [36mDEBUG[0m [90msrc/aap2_client.c:334:[0m Success
19:10:35 [32mINFO [0m [90msrc/aap2_client.c:418:[0m Bundle sent !
19:10:35 [36mDEBUG[0m [90msrc/aap2_client.c:334:[0m Success
19:10:35 [32mINFO [0m [90msrc/aap2_client.c:418:[0m Bundle sent !
19:10:35 [36mDEBUG[0m [90msrc/aap2_client.c:334:[0m Success
19:10:38 [32mINFO [0m [90msrc/aap2_client.c:418:[0m Bundle sent !
19:10:38 [36mDEBUG[0m [90msrc/aap2_client.c:334:[0m Success
19:10:38 [32mINFO [0m [90msrc/aap2_client.c:418:[0m Bundle sent !
19:10:38 [36mDEBUG[0m [90msrc/aap2_client.c:334:[0m Success
19:10:38 [32mINFO [0m [90msrc/aap2_client.c:418:[0m Bundle sent !
19:10:38 [36mDEBUG[0m [90msrc/aap2_client.c:334:[0m Success
19:10:38 [32mINFO [0m [90msrc/aap2_client.c:418:[0m Bundle sent !
19:10:38 [36mDEBUG[0m [90msrc/aap2_client.c:334:[0m Success
19:10:38 [32mINFO [0m [90msrc/aap2_client.c:418:[0m Bundle sent !
19:10:38 [36mDEBUG[0m [90msrc/aap2_client.c:334:[0m Success
19:10:38 [32mINFO [0m [90msrc/aap2_client.c:418:[0m Bundle sent !
19:10:38 [36mDEBUG[0m [90msrc/aap2_client.c:334:[0m Success
19:10:38 [32mINFO [0m [90msrc/aap2_client.c:418:[0m Bundle sent !
19:10:38 [36mDEBUG[0m [90msrc/aap2_client.c:334:[0m Success
19:10:38 [32mINFO [0m [90msrc/aap2_client.c:418:[0m Bundle sent !
19:10:38 [36mDEBUG[0m [90msrc/aap2_client.c:334:[0m Success
19:10:38 [32mINFO [0m [90msrc/aap2_client.c:418:[0m Bundle sent !
19:10:38 [36mDEBUG[0m [90msrc/aap2_client.c:334:[0m Success
19:10:38 [32mINFO [0m [90msrc/aap2_client.c:418:[0m Bundle sent !
19:10:38 [36mDEBUG[0m [90msrc/aap2_client.c:334:[0m Success
19:10:41 [32mINFO [0m [90msrc/aap2_client.c:418:[0m Bundle sent !
19:10:41 [36mDEBUG[0m [90msrc/aap2_client.c:334:[0m Success
19:10:41 [32mINFO [0m [90msrc/aap2_client.c:418:[0m Bundle sent !
19:10:41 [36mDEBUG[0m [90msrc/aap2_client.c:334:[0m Success
19:10:41 [32mINFO [0m [90msrc/aap2_client.c:418:[0m Bundle sent !
19:10:41 [36mDEBUG[0m [90msrc/aap2_client.c:334:[0m Success
19:10:41 [32mINFO [0m [90msrc/aap2_client.c:418:[0m Bundle sent !
19:10:41 [36mDEBUG[0m [90msrc/aap2_client.c:334:[0m Success
19:10:41 [32mINFO [0m [90msrc/aap2_client.c:418:[0m Bundle sent !
19:10:41 [36mDEBUG[0m [90msrc/aap2_client.c:334:[0m Success
19:10:41 [32mINFO [0m [90msrc/aap2_client.c:418:[0m Bundle sent !
19:10:41 [36mDEBUG[0m [90msrc/aap2_client.c:334:[0m Success
19:10:41 [32mINFO [0m [90msrc/aap2_client.c:418:[0m Bundle sent !
19:10:41 [36mDEBUG[0m [90msrc/aap2_client.c:334:[0m Success
19:10:41 [32mINFO [0m [90msrc/aap2_client.c:418:[0m Bundle sent !
19:10:41 [36mDEBUG[0m [90msrc/aap2_client.c:334:[0m Success
19:10:41 [32mINFO [0m [90msrc/aap2_client.c:418:[0m Bundle sent !
19:10:41 [36mDEBUG[0m [90msrc/aap2_client.c:334:[0m Success
19:10:41 [32mINFO [0m [90msrc/aap2_client.c:418:[0m Bundle sent !
19:10:41 [36mDEBUG[0m [90msrc/aap2_client.c:334:[0m Success
19:10:44 [32mINFO [0m [90msrc/aap2_client.c:418:[0m Bundle sent !
19:10:44 [36mDEBUG[0m [90msrc/aap2_client.c:334:[0m Success
19:10:44 [32mINFO [0m [90msrc/aap2_client.c:418:[0m Bundle sent !
19:10:44 [36mDEBUG[0m [90msrc/aap2_client.c:334:[0m Success
19:10:44 [32mINFO [0m [90msrc/aap2_client.c:418:[0m Bundle sent !
19:10:44 [36mDEBUG[0m [90msrc/aap2_client.c:334:[0m Success
19:10:44 [32mINFO [0m [90msrc/aap2_client.c:418:[0m Bundle sent !
19:10:44 [36mDEBUG[0m [90msrc/aap2_client.c:334:[0m Success
19:10:44 [32mINFO [0m [90msrc/aap2_client.c:418:[0m Bundle sent !
19:10:44 [36mDEBUG[0m [90msrc/aap2_client.c:334:[0m Success
19:10:44 [32mINFO [0m [90msrc/aap2_client.c:418:[0m Bundle sent !
19:10:44 [36mDEBUG[0m [90msrc/aap2_client.c:334:[0m Success
19:10:44 [32mINFO [0m [90msrc/aap2_client.c:418:[0m Bundle sent !
19:10:44 [36mDEBUG[0m [90msrc/aap2_client.c:334:[0m Success
19:10:44 [32mINFO [0m [90msrc/aap2_client.c:418:[0m Bundle sent !
19:10:44 [36mDEBUG[0m [90msrc/aap2_client.c:334:[0m Success
19:10:44 [32mINFO [0m [90msrc/aap2_client.c:418:[0m Bundle sent !
19:10:44 [36mDEBUG[0m [90msrc/aap2_client.c:334:[0m Success
19:10:44 [32mINFO [0m [90msrc/aap2_client.c:418:[0m Bundle sent !
19:10:44 [36mDEBUG[0m [90msrc/aap2_client.c:334:[0m Success
19:10:47 [32mINFO [0m [90msrc/aap2_client.c:418:[0m Bundle sent !
19:10:47 [36mDEBUG[0m [90msrc/aap2_client.c:334:[0m Success
19:10:47 [32mINFO [0m [90msrc/aap2_client.c:418:[0m Bundle sent !
19:10:47 [36mDEBUG[0m [90msrc/aap2_client.c:334:[0m Success
19:10:47 [32mINFO [0m [90msrc/aap2_client.c:418:[0m Bundle sent !
19:10:47 [36mDEBUG[0m [90msrc/aap2_client.c:334:[0m Success
19:10:47 [32mINFO [0m [90msrc/aap2_client.c:418:[0m Bundle sent !
19:10:47 [36mDEBUG[0m [90msrc/aap2_client.c:334:[0m Success
19:10:47 [32mINFO [0m [90msrc/aap2_client.c:418:[0m Bundle sent !
19:10:47 [36mDEBUG[0m [90msrc/aap2_client.c:334:[0m Success
19:10:47 [32mINFO [0m [90msrc/aap2_client.c:418:[0m Bundle sent !
19:10:47 [36mDEBUG[0m [90msrc/aap2_client.c:334:[0m Success
19:10:47 [32mINFO [0m [90msrc/aap2_client.c:418:[0m Bundle sent !
19:10:47 [36mDEBUG[0m [90msrc/aap2_client.c:334:[0m Success
19:10:47 [32mINFO [0m [90msrc/aap2_client.c:418:[0m Bundle sent !
19:10:47 [36mDEBUG[0m [90msrc/aap2_client.c:334:[0m Success
19:10:47 [32mINFO [0m [90msrc/aap2_client.c:418:[0m Bundle sent !
19:10:47 [36mDEBUG[0m [90msrc/aap2_client.c:334:[0m Success
19:10:47 [32mINFO [0m [90msrc/aap2_client.c:418:[0m Bundle sent !
19:10:47 [36mDEBUG[0m [90msrc/aap2_client.c:334:[0m Success
19:10:50 [32mINFO [0m [90msrc/aap2_client.c:418:[0m Bundle sent !
19:10:50 [36mDEBUG[0m [90msrc/aap2_client.c:334:[0m Success
19:10:50 [32mINFO [0m [90msrc/aap2_client.c:418:[0m Bundle sent !
19:10:50 [36mDEBUG[0m [90msrc/aap2_client.c:334:[0m Success
19:10:50 [32mINFO [0m [90msrc/aap2_client.c:418:[0m Bundle sent !
19:10:50 [36mDEBUG[0m [90msrc/aap2_client.c:334:[0m Success
19:10:51 [32mINFO [0m [90msrc/aap2_client.c:418:[0m Bundle sent !
19:10:51 [36mDEBUG[0m [90msrc/aap2_client.c:334:[0m Success
19:10:51 [32mINFO [0m [90msrc/aap2_client.c:418:[0m Bundle sent !
19:10:51 [36mDEBUG[0m [90msrc/aap2_client.c:334:[0m Success
19:10:51 [32mINFO [0m [90msrc/aap2_client.c:418:[0m Bundle sent !
19:10:51 [36mDEBUG[0m [90msrc/aap2_client.c:334:[0m Success
19:10:52 [32mINFO [0m [90msrc/aap2_client.c:418:[0m Bundle sent !
19:10:52 [36mDEBUG[0m [90msrc/aap2_client.c:334:[0m Success
19:10:52 [32mINFO [0m [90msrc/aap2_client.c:418:[0m Bundle sent !
19:10:52 [36mDEBUG[0m [90msrc/aap2_client.c:334:[0m Success
19:10:52 [32mINFO [0m [90msrc/aap2_client.c:418:[0m Bundle sent !
19:10:52 [36mDEBUG[0m [90msrc/aap2_client.c:334:[0m Success
19:10:53 [32mINFO [0m [90msrc/aap2_client.c:418:[0m Bundle sent !
19:10:53 [36mDEBUG[0m [90msrc/aap2_client.c:334:[0m Success
19:10:53 [32mINFO [0m [90msrc/aap2_client.c:418:[0m Bundle sent !
19:10:53 [36mDEBUG[0m [90msrc/aap2_client.c:334:[0m Success
19:10:53 [32mINFO [0m [90msrc/aap2_client.c:418:[0m Bundle sent !
19:10:53 [36mDEBUG[0m [90msrc/aap2_client.c:334:[0m Success
19:10:54 [32mINFO [0m [90msrc/aap2_client.c:418:[0m Bundle sent !
19:10:54 [36mDEBUG[0m [90msrc/aap2_client.c:334:[0m Success
19:10:54 [32mINFO [0m [90msrc/aap2_client.c:418:[0m Bundle sent !
19:10:54 [36mDEBUG[0m [90msrc/aap2_client.c:334:[0m Success
19:10:54 [32mINFO [0m [90msrc/aap2_client.c:418:[0m Bundle sent !
19:10:54 [36mDEBUG[0m [90msrc/aap2_client.c:334:[0m Success
19:10:55 [32mINFO [0m [90msrc/aap2_client.c:418:[0m Bundle sent !
19:10:55 [36mDEBUG[0m [90msrc/aap2_client.c:334:[0m Success
19:10:55 [32mINFO [0m [90msrc/aap2_client.c:418:[0m Bundle sent !
19:10:55 [36mDEBUG[0m [90msrc/aap2_client.c:334:[0m Success
19:10:55 [32mINFO [0m [90msrc/aap2_client.c:418:[0m Bundle sent !
19:10:55 [36mDEBUG[0m [90msrc/aap2_client.c:334:[0m Success
19:10:56 [32mINFO [0m [90msrc/aap2_client.c:418:[0m Bundle sent !
19:10:56 [36mDEBUG[0m [90msrc/aap2_client.c:334:[0m Success
19:10:56 [32mINFO [0m [90msrc/aap2_client.c:418:[0m Bundle sent !
19:10:56 [36mDEBUG[0m [90msrc/aap2_client.c:334:[0m Success
19:10:56 [32mINFO [0m [90msrc/aap2_client.c:418:[0m Bundle sent !
19:10:56 [36mDEBUG[0m [90msrc/aap2_client.c:334:[0m Success
19:10:57 [32mINFO [0m [90msrc/aap2_client.c:418:[0m Bundle sent !
19:10:57 [36mDEBUG[0m [90msrc/aap2_client.c:334:[0m Success
19:10:57 [32mINFO [0m [90msrc/aap2_client.c:418:[0m Bundle sent !
19:10:57 [36mDEBUG[0m [90msrc/aap2_client.c:334:[0m Success
19:10:57 [32mINFO [0m [90msrc/aap2_client.c:418:[0m Bundle sent !
19:10:57 [36mDEBUG[0m [90msrc/aap2_client.c:334:[0m Success
19:10:58 [32mINFO [0m [90msrc/aap2_client.c:418:[0m Bundle sent !
19:10:58 [36mDEBUG[0m [90msrc/aap2_client.c:334:[0m Success
19:10:58 [32mINFO [0m [90msrc/aap2_client.c:418:[0m Bundle sent !
19:10:58 [36mDEBUG[0m [90msrc/aap2_client.c:334:[0m Success
19:10:58 [32mINFO [0m [90msrc/aap2_client.c:418:[0m Bundle sent !
19:10:58 [36mDEBUG[0m [90msrc/aap2_client.c:334:[0m Success
19:10:59 [32mINFO [0m [90msrc/aap2_client.c:418:[0m Bundle sent !
19:10:59 [36mDEBUG[0m [90msrc/aap2_client.c:334:[0m Success
19:10:59 [32mINFO [0m [90msrc/aap2_client.c:418:[0m Bundle sent !
19:10:59 [36mDEBUG[0m [90msrc/aap2_client.c:334:[0m Success
19:10:59 [32mINFO [0m [90msrc/aap2_client.c:418:[0m Bundle sent !
19:10:59 [36mDEBUG[0m [90msrc/aap2_client.c:334:[0m Success
19:11:00 [32mINFO [0m [90msrc/aap2_client.c:418:[0m Bundle sent !
19:11:00 [36mDEBUG[0m [90msrc/aap2_client.c:334:[0m Success
19:11:00 [32mINFO [0m [90msrc/aap2_client.c:418:[0m Bundle sent !
19:11:00 [36mDEBUG[0m [90msrc/aap2_client.c:334:[0m Success
19:11:00 [32mINFO [0m [90msrc/aap2_client.c:418:[0m Bundle sent !
19:11:00 [36mDEBUG[0m [90msrc/aap2_client.c:334:[0m Success
19:11:01 [32mINFO [0m [90msrc/aap2_client.c:418:[0m Bundle sent !
19:11:01 [36mDEBUG[0m [90msrc/aap2_client.c:334:[0m Success
19:11:01 [32mINFO [0m [90msrc/aap2_client.c:418:[0m Bundle sent !
19:11:01 [36mDEBUG[0m [90msrc/aap2_client.c:334:[0m Success
19:11:01 [32mINFO [0m [90msrc/aap2_client.c:418:[0m Bundle sent !
19:11:01 [36mDEBUG[0m [90msrc/aap2_client.c:334:[0m Success
19:11:01 [32mINFO [0m [90msrc/aap2_client.c:418:[0m Bundle sent !
19:11:01 [36mDEBUG[0m [90msrc/aap2_client.c:334:[0m Success
19:11:02 [32mINFO [0m [90msrc/aap2_client.c:418:[0m Bundle sent !
19:11:02 [36mDEBUG[0m [90msrc/aap2_client.c:334:[0m Success
19:11:02 [32mINFO [0m [90msrc/aap2_client.c:418:[0m Bundle sent !
19:11:02 [36mDEBUG[0m [90msrc/aap2_client.c:334:[0m Success
19:11:02 [32mINFO [0m [90msrc/aap2_client.c:418:[0m Bundle sent !
19:11:02 [36mDEBUG[0m [90msrc/aap2_client.c:334:[0m Success
19:11:03 [32mINFO [0m [90msrc/aap2_client.c:418:[0m Bundle sent !
19:11:03 [36mDEBUG[0m [90msrc/aap2_client.c:334:[0m Success
19:11:03 [32mINFO [0m [90msrc/aap2_client.c:418:[0m Bundle sent !
19:11:03 [36mDEBUG[0m [90msrc/aap2_client.c:334:[0m Success
19:11:03 [32mINFO [0m [90msrc/aap2_client.c:418:[0m Bundle sent !
19:11:03 [36mDEBUG[0m [90msrc/aap2_client.c:334:[0m Success
19:11:04 [32mINFO [0m [90msrc/aap2_client.c:418:[0m Bundle sent !
19:11:04 [36mDEBUG[0m [90msrc/aap2_client.c:334:[0m Success
19:11:04 [32mINFO [0m [90msrc/aap2_client.c:418:[0m Bundle sent !
19:11:04 [36mDEBUG[0m [90msrc/aap2_client.c:334:[0m Success
19:11:04 [32mINFO [0m [90msrc/aap2_client.c:418:[0m Bundle sent !
19:11:04 [36mDEBUG[0m [90msrc/aap2_client.c:334:[0m Success
19:11:05 [32mINFO [0m [90msrc/aap2_client.c:418:[0m Bundle sent !
19:11:05 [36mDEBUG[0m [90msrc/aap2_client.c:334:[0m Success
19:11:05 [32mINFO [0m [90msrc/aap2_client.c:418:[0m Bundle sent !
19:11:05 [36mDEBUG[0m [90msrc/aap2_client.c:334:[0m Success
19:11:05 [32mINFO [0m [90msrc/aap2_client.c:418:[0m Bundle sent !
19:11:05 [36mDEBUG[0m [90msrc/aap2_client.c:334:[0m Success
19:11:06 [32mINFO [0m [90msrc/aap2_client.c:418:[0m Bundle sent !
19:11:06 [36mDEBUG[0m [90msrc/aap2_client.c:334:[0m Success
19:11:06 [32mINFO [0m [90msrc/aap2_client.c:418:[0m Bundle sent !
19:11:06 [36mDEBUG[0m [90msrc/aap2_client.c:334:[0m Success
19:11:06 [32mINFO [0m [90msrc/aap2_client.c:418:[0m Bundle sent !
19:11:06 [36mDEBUG[0m [90msrc/aap2_client.c:334:[0m Success
19:11:07 [32mINFO [0m [90msrc/aap2_client.c:418:[0m Bundle sent !
19:11:07 [36mDEBUG[0m [90msrc/aap2_client.c:334:[0m Success
19:11:07 [32mINFO [0m [90msrc/aap2_client.c:418:[0m Bundle sent !
19:11:07 [36mDEBUG[0m [90msrc/aap2_client.c:334:[0m Success
19:11:07 [32mINFO [0m [90msrc/aap2_client.c:418:[0m Bundle sent !
19:11:07 [36mDEBUG[0m [90msrc/aap2_client.c:334:[0m Success
19:11:08 [32mINFO [0m [90msrc/aap2_client.c:418:[0m Bundle sent !
19:11:08 [36mDEBUG[0m [90msrc/aap2_client.c:334:[0m Success
19:11:08 [32mINFO [0m [90msrc/aap2_client.c:418:[0m Bundle sent !
19:11:08 [36mDEBUG[0m [90msrc/aap2_client.c:334:[0m Success
19:11:08 [32mINFO [0m [90msrc/aap2_client.c:418:[0m Bundle sent !
19:11:08 [36mDEBUG[0m [90msrc/aap2_client.c:334:[0m Success
19:11:09 [32mINFO [0m [90msrc/aap2_client.c:418:[0m Bundle sent !
19:11:09 [36mDEBUG[0m [90msrc/aap2_client.c:334:[0m Success
19:11:09 [32mINFO [0m [90msrc/aap2_client.c:418:[0m Bundle sent !
19:11:09 [36mDEBUG[0m [90msrc/aap2_client.c:334:[0m Success
19:11:09 [32mINFO [0m [90msrc/aap2_client.c:418:[0m Bundle sent !
19:11:09 [36mDEBUG[0m [90msrc/aap2_client.c:334:[0m Success
19:11:10 [32mINFO [0m [90msrc/aap2_client.c:418:[0m Bundle sent !
19:11:10 [36mDEBUG[0m [90msrc/aap2_client.c:334:[0m Success
19:11:10 [32mINFO [0m [90msrc/aap2_client.c:418:[0m Bundle sent !
19:11:10 [36mDEBUG[0m [90msrc/aap2_client.c:334:[0m Success
19:11:10 [32mINFO [0m [90msrc/aap2_client.c:418:[0m Bundle sent !
19:11:10 [36mDEBUG[0m [90msrc/aap2_client.c:334:[0m Success
19:11:11 [32mINFO [0m [90msrc/aap2_client.c:418:[0m Bundle sent !
19:11:11 [36mDEBUG[0m [90msrc/aap2_client.c:334:[0m Success
19:11:11 [32mINFO [0m [90msrc/aap2_client.c:418:[0m Bundle sent !
19:11:11 [36mDEBUG[0m [90msrc/aap2_client.c:334:[0m Success
19:11:11 [32mINFO [0m [90msrc/aap2_client.c:418:[0m Bundle sent !
19:11:11 [36mDEBUG[0m [90msrc/aap2_client.c:334:[0m Success
19:11:12 [32mINFO [0m [90msrc/aap2_client.c:418:[0m Bundle sent !
19:11:12 [36mDEBUG[0m [90msrc/aap2_client.c:334:[0m Success
19:11:12 [32mINFO [0m [90msrc/aap2_client.c:418:[0m Bundle sent !
19:11:12 [36mDEBUG[0m [90msrc/aap2_client.c:334:[0m Success
19:11:12 [32mINFO [0m [90msrc/aap2_client.c:418:[0m Bundle sent !
19:11:12 [36mDEBUG[0m [90msrc/aap2_client.c:334:[0m Success
19:11:13 [32mINFO [0m [90msrc/aap2_client.c:418:[0m Bundle sent !
19:11:13 [36mDEBUG[0m [90msrc/aap2_client.c:334:[0m Success
19:11:13 [32mINFO [0m [90msrc/aap2_client.c:418:[0m Bundle sent !
19:11:13 [36mDEBUG[0m [90msrc/aap2_client.c:334:[0m Success
19:11:13 [32mINFO [0m [90msrc/aap2_client.c:418:[0m Bundle sent !
19:11:13 [36mDEBUG[0m [90msrc/aap2_client.c:334:[0m Success
19:11:14 [32mINFO [0m [90msrc/aap2_client.c:418:[0m Bundle sent !
19:11:14 [36mDEBUG[0m [90msrc/aap2_client.c:334:[0m Success
19:11:14 [32mINFO [0m [90msrc/aap2_client.c:418:[0m Bundle sent !
19:11:14 [36mDEBUG[0m [90msrc/aap2_client.c:334:[0m Success
19:11:14 [32mINFO [0m [90msrc/aap2_client.c:418:[0m Bundle sent !
19:11:14 [36mDEBUG[0m [90msrc/aap2_client.c:334:[0m Success
19:11:15 [32mINFO [0m [90msrc/aap2_client.c:418:[0m Bundle sent !
19:11:15 [36mDEBUG[0m [90msrc/aap2_client.c:334:[0m Success
19:11:15 [32mINFO [0m [90msrc/aap2_client.c:418:[0m Bundle sent !
19:11:15 [36mDEBUG[0m [90msrc/aap2_client.c:334:[0m Success
19:11:15 [32mINFO [0m [90msrc/aap2_client.c:418:[0m Bundle sent !
19:11:15 [36mDEBUG[0m [90msrc/aap2_client.c:334:[0m Success
19:11:15 [32mINFO [0m [90msrc/aap2_client.c:418:[0m Bundle sent !
19:11:15 [36mDEBUG[0m [90msrc/aap2_client.c:334:[0m Success
19:11:16 [32mINFO [0m [90msrc/aap2_client.c:418:[0m Bundle sent !
19:11:16 [36mDEBUG[0m [90msrc/aap2_client.c:334:[0m Success
19:11:16 [32mINFO [0m [90msrc/aap2_client.c:418:[0m Bundle sent !
19:11:16 [36mDEBUG[0m [90msrc/aap2_client.c:334:[0m Success
19:11:16 [32mINFO [0m [90msrc/aap2_client.c:418:[0m Bundle sent !
19:11:16 [36mDEBUG[0m [90msrc/aap2_client.c:334:[0m Success
19:11:17 [32mINFO [0m [90msrc/aap2_client.c:418:[0m Bundle sent !
19:11:17 [36mDEBUG[0m [90msrc/aap2_client.c:334:[0m Success
19:11:17 [32mINFO [0m [90msrc/aap2_client.c:418:[0m Bundle sent !
19:11:17 [36mDEBUG[0m [90msrc/aap2_client.c:334:[0m Success
19:11:17 [32mINFO [0m [90msrc/aap2_client.c:418:[0m Bundle sent !
19:11:17 [36mDEBUG[0m [90msrc/aap2_client.c:334:[0m Success
19:11:18 [32mINFO [0m [90msrc/aap2_client.c:418:[0m Bundle sent !
19:11:18 [36mDEBUG[0m [90msrc/aap2_client.c:334:[0m Success
19:11:18 [32mINFO [0m [90msrc/aap2_client.c:418:[0m Bundle sent !
19:11:18 [36mDEBUG[0m [90msrc/aap2_client.c:334:[0m Success
19:11:18 [32mINFO [0m [90msrc/aap2_client.c:418:[0m Bundle sent !
19:11:18 [36mDEBUG[0m [90msrc/aap2_client.c:334:[0m Success
19:11:19 [32mINFO [0m [90msrc/aap2_client.c:418:[0m Bundle sent !
19:11:19 [36mDEBUG[0m [90msrc/aap2_client.c:334:[0m Success
19:11:19 [32mINFO [0m [90msrc/aap2_client.c:418:[0m Bundle sent !
19:11:19 [36mDEBUG[0m [90msrc/aap2_client.c:334:[0m Success
19:11:19 [32mINFO [0m [90msrc/aap2_client.c:418:[0m Bundle sent !
19:11:19 [36mDEBUG[0m [90msrc/aap2_client.c:334:[0m Success
19:11:20 [32mINFO [0m [90msrc/aap2_client.c:418:[0m Bundle sent !
19:11:20 [36mDEBUG[0m [90msrc/aap2_client.c:334:[0m Success
19:11:20 [32mINFO [0m [90msrc/aap2_client.c:418:[0m Bundle sent !
19:11:20 [36mDEBUG[0m [90msrc/aap2_client.c:334:[0m Success
19:11:20 [32mINFO [0m [90msrc/aap2_client.c:418:[0m Bundle sent !
19:11:20 [36mDEBUG[0m [90msrc/aap2_client.c:334:[0m Success
19:11:21 [32mINFO [0m [90msrc/aap2_client.c:418:[0m Bundle sent !
19:11:21 [36mDEBUG[0m [90msrc/aap2_client.c:334:[0m Success
19:11:21 [32mINFO [0m [90msrc/aap2_client.c:418:[0m Bundle sent !
19:11:21 [36mDEBUG[0m [90msrc/aap2_client.c:334:[0m Success
19:11:21 [32mINFO [0m [90msrc/aap2_client.c:418:[0m Bundle sent !
19:11:21 [36mDEBUG[0m [90msrc/aap2_client.c:334:[0m Success
19:11:22 [32mINFO [0m [90msrc/aap2_client.c:418:[0m Bundle sent !
19:11:22 [36mDEBUG[0m [90msrc/aap2_client.c:334:[0m Success
19:11:22 [32mINFO [0m [90msrc/aap2_client.c:418:[0m Bundle sent !
19:11:22 [36mDEBUG[0m [90msrc/aap2_client.c:334:[0m Success
19:11:22 [32mINFO [0m [90msrc/aap2_client.c:418:[0m Bundle sent !
19:11:22 [36mDEBUG[0m [90msrc/aap2_client.c:334:[0m Success
19:11:23 [32mINFO [0m [90msrc/aap2_client.c:418:[0m Bundle sent !
19:11:23 [36mDEBUG[0m [90msrc/aap2_client.c:334:[0m Success
19:11:23 [32mINFO [0m [90msrc/aap2_client.c:418:[0m Bundle sent !
19:11:23 [36mDEBUG[0m [90msrc/aap2_client.c:334:[0m Success
19:11:23 [32mINFO [0m [90msrc/aap2_client.c:418:[0m Bundle sent !
19:11:23 [36mDEBUG[0m [90msrc/aap2_client.c:334:[0m Success
19:11:24 [32mINFO [0m [90msrc/aap2_client.c:418:[0m Bundle sent !
19:11:24 [36mDEBUG[0m [90msrc/aap2_client.c:334:[0m Success
19:11:24 [32mINFO [0m [90msrc/aap2_client.c:418:[0m Bundle sent !
19:11:24 [36mDEBUG[0m [90msrc/aap2_client.c:334:[0m Success
19:11:24 [32mINFO [0m [90msrc/aap2_client.c:418:[0m Bundle sent !
19:11:24 [36mDEBUG[0m [90msrc/aap2_client.c:334:[0m Success
19:11:25 [32mINFO [0m [90msrc/aap2_client.c:418:[0m Bundle sent !
19:11:25 [36mDEBUG[0m [90msrc/aap2_client.c:334:[0m Success
19:11:25 [32mINFO [0m [90msrc/aap2_client.c:418:[0m Bundle sent !
19:11:25 [36mDEBUG[0m [90msrc/aap2_client.c:334:[0m Success
19:11:25 [32mINFO [0m [90msrc/aap2_client.c:418:[0m Bundle sent !
19:11:25 [36mDEBUG[0m [90msrc/aap2_client.c:334:[0m Success
19:11:26 [32mINFO [0m [90msrc/aap2_client.c:418:[0m Bundle sent !
19:11:26 [36mDEBUG[0m [90msrc/aap2_client.c:334:[0m Success
19:11:26 [32mINFO [0m [90msrc/aap2_client.c:418:[0m Bundle sent !
19:11:26 [36mDEBUG[0m [90msrc/aap2_client.c:334:[0m Success
19:11:26 [32mINFO [0m [90msrc/aap2_client.c:418:[0m Bundle sent !
19:11:26 [36mDEBUG[0m [90msrc/aap2_client.c:334:[0m Success
19:11:27 [32mINFO [0m [90msrc/aap2_client.c:418:[0m Bundle sent !
19:11:27 [36mDEBUG[0m [90msrc/aap2_client.c:334:[0m Success
19:11:27 [32mINFO [0m [90msrc/aap2_client.c:418:[0m Bundle sent !
19:11:27 [36mDEBUG[0m [90msrc/aap2_client.c:334:[0m Success
19:11:27 [32mINFO [0m [90msrc/aap2_client.c:418:[0m Bundle sent !
19:11:27 [36mDEBUG[0m [90msrc/aap2_client.c:334:[0m Success
19:11:28 [32mINFO [0m [90msrc/aap2_client.c:418:[0m Bundle sent !
19:11:28 [36mDEBUG[0m [90msrc/aap2_client.c:334:[0m Success
19:11:28 [32mINFO [0m [90msrc/aap2_client.c:418:[0m Bundle sent !
19:11:28 [36mDEBUG[0m [90msrc/aap2_client.c:334:[0m Success
19:11:28 [32mINFO [0m [90msrc/aap2_client.c:418:[0m Bundle sent !
19:11:28 [36mDEBUG[0m [90msrc/aap2_client.c:334:[0m Success
19:11:29 [32mINFO [0m [90msrc/aap2_client.c:418:[0m Bundle sent !
19:11:29 [36mDEBUG[0m [90msrc/aap2_client.c:334:[0m Success
19:11:29 [32mINFO [0m [90msrc/aap2_client.c:418:[0m Bundle sent !
19:11:29 [36mDEBUG[0m [90msrc/aap2_client.c:334:[0m Success
19:11:29 [32mINFO [0m [90msrc/aap2_client.c:418:[0m Bundle sent !
19:11:29 [36mDEBUG[0m [90msrc/aap2_client.c:334:[0m Success
19:11:30 [32mINFO [0m [90msrc/aap2_client.c:418:[0m Bundle sent !
19:11:30 [36mDEBUG[0m [90msrc/aap2_client.c:334:[0m Success
19:11:30 [32mINFO [0m [90msrc/aap2_client.c:418:[0m Bundle sent !
19:11:30 [36mDEBUG[0m [90msrc/aap2_client.c:334:[0m Success
19:11:30 [32mINFO [0m [90msrc/aap2_client.c:418:[0m Bundle sent !
19:11:30 [36mDEBUG[0m [90msrc/aap2_client.c:334:[0m Success
19:11:31 [32mINFO [0m [90msrc/aap2_client.c:418:[0m Bundle sent !
19:11:31 [36mDEBUG[0m [90msrc/aap2_client.c:334:[0m Success
19:11:31 [32mINFO [0m [90msrc/aap2_client.c:418:[0m Bundle sent !
19:11:31 [36mDEBUG[0m [90msrc/aap2_client.c:334:[0m Success
19:11:31 [32mINFO [0m [90msrc/aap2_client.c:418:[0m Bundle sent !
19:11:31 [36mDEBUG[0m [90msrc/aap2_client.c:334:[0m Success
19:11:31 [32mINFO [0m [90msrc/aap2_client.c:418:[0m Bundle sent !
19:11:32 [36mDEBUG[0m [90msrc/aap2_client.c:334:[0m Success
19:11:32 [32mINFO [0m [90msrc/aap2_client.c:418:[0m Bundle sent !
19:11:32 [36mDEBUG[0m [90msrc/aap2_client.c:334:[0m Success
19:11:32 [32mINFO [0m [90msrc/aap2_client.c:418:[0m Bundle sent !
19:11:32 [36mDEBUG[0m [90msrc/aap2_client.c:334:[0m Success
19:11:32 [32mINFO [0m [90msrc/aap2_client.c:418:[0m Bundle sent !
19:11:32 [36mDEBUG[0m [90msrc/aap2_client.c:334:[0m Success
19:11:33 [32mINFO [0m [90msrc/aap2_client.c:418:[0m Bundle sent !
19:11:33 [36mDEBUG[0m [90msrc/aap2_client.c:334:[0m Success
19:11:33 [32mINFO [0m [90msrc/aap2_client.c:418:[0m Bundle sent !
19:11:33 [36mDEBUG[0m [90msrc/aap2_client.c:334:[0m Success
19:11:33 [32mINFO [0m [90msrc/aap2_client.c:418:[0m Bundle sent !
19:11:33 [36mDEBUG[0m [90msrc/aap2_client.c:334:[0m Success
19:11:34 [32mINFO [0m [90msrc/aap2_client.c:418:[0m Bundle sent !
19:11:34 [36mDEBUG[0m [90msrc/aap2_client.c:334:[0m Success
19:11:34 [32mINFO [0m [90msrc/aap2_client.c:418:[0m Bundle sent !
19:11:34 [36mDEBUG[0m [90msrc/aap2_client.c:334:[0m Success
19:11:34 [32mINFO [0m [90msrc/aap2_client.c:418:[0m Bundle sent !
19:11:34 [36mDEBUG[0m [90msrc/aap2_client.c:334:[0m Success
19:11:35 [32mINFO [0m [90msrc/aap2_client.c:418:[0m Bundle sent !
19:11:35 [36mDEBUG[0m [90msrc/aap2_client.c:334:[0m Success
19:11:35 [32mINFO [0m [90msrc/aap2_client.c:418:[0m Bundle sent !
19:11:35 [36mDEBUG[0m [90msrc/aap2_client.c:334:[0m Success
19:11:35 [32mINFO [0m [90msrc/aap2_client.c:418:[0m Bundle sent !
19:11:35 [36mDEBUG[0m [90msrc/aap2_client.c:334:[0m Success
19:11:36 [32mINFO [0m [90msrc/aap2_client.c:418:[0m Bundle sent !
19:11:36 [36mDEBUG[0m [90msrc/aap2_client.c:334:[0m Success
19:11:36 [32mINFO [0m [90msrc/aap2_client.c:418:[0m Bundle sent !
19:11:36 [36mDEBUG[0m [90msrc/aap2_client.c:334:[0m Success
19:11:36 [32mINFO [0m [90msrc/aap2_client.c:418:[0m Bundle sent !
19:11:36 [36mDEBUG[0m [90msrc/aap2_client.c:334:[0m Success
19:11:37 [32mINFO [0m [90msrc/aap2_client.c:418:[0m Bundle sent !
19:11:37 [36mDEBUG[0m [90msrc/aap2_client.c:334:[0m Success
19:11:37 [32mINFO [0m [90msrc/aap2_client.c:418:[0m Bundle sent !
19:11:37 [36mDEBUG[0m [90msrc/aap2_client.c:334:[0m Success
19:11:37 [32mINFO [0m [90msrc/aap2_client.c:418:[0m Bundle sent !
19:11:37 [36mDEBUG[0m [90msrc/aap2_client.c:334:[0m Success
19:11:38 [32mINFO [0m [90msrc/aap2_client.c:418:[0m Bundle sent !
19:11:38 [36mDEBUG[0m [90msrc/aap2_client.c:334:[0m Success
19:11:38 [32mINFO [0m [90msrc/aap2_client.c:418:[0m Bundle sent !
19:11:38 [36mDEBUG[0m [90msrc/aap2_client.c:334:[0m Success
19:11:38 [32mINFO [0m [90msrc/aap2_client.c:418:[0m Bundle sent !
19:11:38 [36mDEBUG[0m [90msrc/aap2_client.c:334:[0m Success
19:11:39 [32mINFO [0m [90msrc/aap2_client.c:418:[0m Bundle sent !
19:11:39 [36mDEBUG[0m [90msrc/aap2_client.c:334:[0m Success
19:11:39 [32mINFO [0m [90msrc/aap2_client.c:418:[0m Bundle sent !
19:11:39 [36mDEBUG[0m [90msrc/aap2_client.c:334:[0m Success
19:11:39 [32mINFO [0m [90msrc/aap2_client.c:418:[0m Bundle sent !
19:11:39 [36mDEBUG[0m [90msrc/aap2_client.c:334:[0m Success
19:11:40 [32mINFO [0m [90msrc/aap2_client.c:418:[0m Bundle sent !
19:11:40 [36mDEBUG[0m [90msrc/aap2_client.c:334:[0m Success
19:11:40 [32mINFO [0m [90msrc/aap2_client.c:418:[0m Bundle sent !
19:11:40 [36mDEBUG[0m [90msrc/aap2_client.c:334:[0m Success
19:11:40 [32mINFO [0m [90msrc/aap2_client.c:418:[0m Bundle sent !
19:11:40 [36mDEBUG[0m [90msrc/aap2_client.c:334:[0m Success
19:11:41 [32mINFO [0m [90msrc/aap2_client.c:418:[0m Bundle sent !
19:11:41 [36mDEBUG[0m [90msrc/aap2_client.c:334:[0m Success
19:11:41 [32mINFO [0m [90msrc/aap2_client.c:418:[0m Bundle sent !
19:11:41 [36mDEBUG[0m [90msrc/aap2_client.c:334:[0m Success
19:11:41 [32mINFO [0m [90msrc/aap2_client.c:418:[0m Bundle sent !
19:11:41 [36mDEBUG[0m [90msrc/aap2_client.c:334:[0m Success
19:11:42 [32mINFO [0m [90msrc/aap2_client.c:418:[0m Bundle sent !
19:11:42 [36mDEBUG[0m [90msrc/aap2_client.c:334:[0m Success
19:11:42 [32mINFO [0m [90msrc/aap2_client.c:418:[0m Bundle sent !
19:11:42 [36mDEBUG[0m [90msrc/aap2_client.c:334:[0m Success
19:11:42 [32mINFO [0m [90msrc/aap2_client.c:418:[0m Bundle sent !
19:11:42 [36mDEBUG[0m [90msrc/aap2_client.c:334:[0m Success
19:11:43 [32mINFO [0m [90msrc/aap2_client.c:418:[0m Bundle sent !
19:11:43 [36mDEBUG[0m [90msrc/aap2_client.c:334:[0m Success
19:11:43 [32mINFO [0m [90msrc/aap2_client.c:418:[0m Bundle sent !
19:11:43 [36mDEBUG[0m [90msrc/aap2_client.c:334:[0m Success
19:11:43 [32mINFO [0m [90msrc/aap2_client.c:418:[0m Bundle sent !
19:11:43 [36mDEBUG[0m [90msrc/aap2_client.c:334:[0m Success
19:11:44 [32mINFO [0m [90msrc/aap2_client.c:418:[0m Bundle sent !
19:11:44 [36mDEBUG[0m [90msrc/aap2_client.c:334:[0m Success
19:11:44 [32mINFO [0m [90msrc/aap2_client.c:418:[0m Bundle sent !
19:11:44 [36mDEBUG[0m [90msrc/aap2_client.c:334:[0m Success
19:11:44 [32mINFO [0m [90msrc/aap2_client.c:418:[0m Bundle sent !
19:11:44 [36mDEBUG[0m [90msrc/aap2_client.c:334:[0m Success
19:11:45 [32mINFO [0m [90msrc/aap2_client.c:418:[0m Bundle sent !
19:11:45 [36mDEBUG[0m [90msrc/aap2_client.c:334:[0m Success
19:11:45 [32mINFO [0m [90msrc/aap2_client.c:418:[0m Bundle sent !
19:11:45 [36mDEBUG[0m [90msrc/aap2_client.c:334:[0m Success
19:11:45 [32mINFO [0m [90msrc/aap2_client.c:418:[0m Bundle sent !
19:11:45 [36mDEBUG[0m [90msrc/aap2_client.c:334:[0m Success
19:11:45 [32mINFO [0m [90msrc/aap2_client.c:418:[0m Bundle sent !
19:11:45 [36mDEBUG[0m [90msrc/aap2_client.c:334:[0m Success
19:11:46 [32mINFO [0m [90msrc/aap2_client.c:418:[0m Bundle sent !
19:11:46 [36mDEBUG[0m [90msrc/aap2_client.c:334:[0m Success
19:11:46 [32mINFO [0m [90msrc/aap2_client.c:418:[0m Bundle sent !
19:11:46 [36mDEBUG[0m [90msrc/aap2_client.c:334:[0m Success
19:11:46 [32mINFO [0m [90msrc/aap2_client.c:418:[0m Bundle sent !
19:11:46 [36mDEBUG[0m [90msrc/aap2_client.c:334:[0m Success
19:11:47 [32mINFO [0m [90msrc/aap2_client.c:418:[0m Bundle sent !
19:11:47 [36mDEBUG[0m [90msrc/aap2_client.c:334:[0m Success
19:11:47 [32mINFO [0m [90msrc/aap2_client.c:418:[0m Bundle sent !
19:11:47 [36mDEBUG[0m [90msrc/aap2_client.c:334:[0m Success
19:11:47 [32mINFO [0m [90msrc/aap2_client.c:418:[0m Bundle sent !
19:11:47 [36mDEBUG[0m [90msrc/aap2_client.c:334:[0m Success
19:11:48 [32mINFO [0m [90msrc/aap2_client.c:418:[0m Bundle sent !
19:11:48 [36mDEBUG[0m [90msrc/aap2_client.c:334:[0m Success
19:11:48 [32mINFO [0m [90msrc/aap2_client.c:418:[0m Bundle sent !
19:11:48 [36mDEBUG[0m [90msrc/aap2_client.c:334:[0m Success
19:11:48 [32mINFO [0m [90msrc/aap2_client.c:418:[0m Bundle sent !
19:11:48 [36mDEBUG[0m [90msrc/aap2_client.c:334:[0m Success
19:11:49 [32mINFO [0m [90msrc/aap2_client.c:418:[0m Bundle sent !
19:11:49 [36mDEBUG[0m [90msrc/aap2_client.c:334:[0m Success
19:11:49 [32mINFO [0m [90msrc/aap2_client.c:418:[0m Bundle sent !
19:11:49 [36mDEBUG[0m [90msrc/aap2_client.c:334:[0m Success
19:11:49 [32mINFO [0m [90msrc/aap2_client.c:418:[0m Bundle sent !
19:11:49 [36mDEBUG[0m [90msrc/aap2_client.c:334:[0m Success
19:11:50 [32mINFO [0m [90msrc/aap2_client.c:418:[0m Bundle sent !
19:11:50 [36mDEBUG[0m [90msrc/aap2_client.c:334:[0m Success
19:11:50 [32mINFO [0m [90msrc/aap2_client.c:418:[0m Bundle sent !
19:11:50 [36mDEBUG[0m [90msrc/aap2_client.c:334:[0m Success
19:11:50 [32mINFO [0m [90msrc/aap2_client.c:418:[0m Bundle sent !
19:11:50 [36mDEBUG[0m [90msrc/aap2_client.c:334:[0m Success
19:11:51 [32mINFO [0m [90msrc/aap2_client.c:418:[0m Bundle sent !
19:11:51 [36mDEBUG[0m [90msrc/aap2_client.c:334:[0m Success
19:11:51 [32mINFO [0m [90msrc/aap2_client.c:418:[0m Bundle sent !
19:11:51 [36mDEBUG[0m [90msrc/aap2_client.c:334:[0m Success
19:11:51 [32mINFO [0m [90msrc/aap2_client.c:418:[0m Bundle sent !
19:11:51 [36mDEBUG[0m [90msrc/aap2_client.c:334:[0m Success
19:11:52 [32mINFO [0m [90msrc/aap2_client.c:418:[0m Bundle sent !
19:11:52 [36mDEBUG[0m [90msrc/aap2_client.c:334:[0m Success
19:11:52 [32mINFO [0m [90msrc/aap2_client.c:418:[0m Bundle sent !
19:11:52 [36mDEBUG[0m [90msrc/aap2_client.c:334:[0m Success
19:11:52 [32mINFO [0m [90msrc/aap2_client.c:418:[0m Bundle sent !
19:11:52 [36mDEBUG[0m [90msrc/aap2_client.c:334:[0m Success
19:11:53 [32mINFO [0m [90msrc/aap2_client.c:418:[0m Bundle sent !
19:11:53 [36mDEBUG[0m [90msrc/aap2_client.c:334:[0m Success
19:11:53 [32mINFO [0m [90msrc/aap2_client.c:418:[0m Bundle sent !
19:11:53 [36mDEBUG[0m [90msrc/aap2_client.c:334:[0m Success
19:11:53 [32mINFO [0m [90msrc/aap2_client.c:418:[0m Bundle sent !
19:11:53 [36mDEBUG[0m [90msrc/aap2_client.c:334:[0m Success
19:11:54 [32mINFO [0m [90msrc/aap2_client.c:418:[0m Bundle sent !
19:11:54 [36mDEBUG[0m [90msrc/aap2_client.c:334:[0m Success
19:11:54 [32mINFO [0m [90msrc/aap2_client.c:418:[0m Bundle sent !
19:11:54 [36mDEBUG[0m [90msrc/aap2_client.c:334:[0m Success
19:11:54 [32mINFO [0m [90msrc/aap2_client.c:418:[0m Bundle sent !
19:11:54 [36mDEBUG[0m [90msrc/aap2_client.c:334:[0m Success
19:11:55 [32mINFO [0m [90msrc/aap2_client.c:418:[0m Bundle sent !
19:11:55 [36mDEBUG[0m [90msrc/aap2_client.c:334:[0m Success
