Loaded configuration from '/home/light/Documents/DO5/DTN-paper/demo/hardy.yaml'
[2m2026-08-02T16:50:46.752018Z[0m [32m INFO[0m [2mhardy_bpa_server[0m[2m:[0m hardy-bpa-server version 0.1.0 starting...
[2m2026-08-02T16:50:46.752060Z[0m [32m INFO[0m [2mhardy_bpa::storage::metadata_mem[0m[2m:[0m Using in-memory metadata storage (max 1048576 bundles, non-persistent)
[2m2026-08-02T16:50:46.752789Z[0m [32m INFO[0m [2mhardy_bpa::storage::bundle_mem[0m[2m:[0m Using in-memory bundle storage (capacity 268435456 bytes, non-persistent)
[2m2026-08-02T16:50:46.753294Z[0m [32m INFO[0m [2mhardy_bpa_server[0m[2m:[0m A-SABR live routing enabled (router=SpsnHybridParenting, contact-plan=demo/alice.cp)
[2m2026-08-02T16:50:46.753547Z[0m [32m INFO[0m [2mhardy_bpa::cla::registry[0m[2m:[0m Inserted CLA: cspcl-can
[2m2026-08-02T16:50:46.753765Z[0m [32m INFO[0m [2mhardy_cspcl::runtime[0m[2m:[0m Starting polling task of inbound bundle stream
[2m2026-08-02T16:50:46.753805Z[0m [32m INFO[0m [2mhardy_bpa::cla::registry[0m[2m:[0m Registered CLA: cspcl-can
[2m2026-08-02T16:50:46.753941Z[0m [32m INFO[0m [2mhardy_proto::server[0m[2m:[0m gRPC server hosting ["application", "cla", "service"], listening on [::1]:50051
[2m2026-08-02T16:50:46.753972Z[0m [32m INFO[0m [2mhardy_bpa_server[0m[2m:[0m Started successfully
[2m2026-08-02T16:51:01.072036Z[0m [32m INFO[0m [2mhardy_cspcl::runtime[0m[2m:[0m Dispatched inbound CSP bundle from 1:35 to BPA
[2m2026-08-02T16:51:01.072588Z[0m [32m INFO[0m [2mhardy_cspcl::runtime[0m[2m:[0m Dispatched inbound CSP bundle from 1:35 to BPA
[2m2026-08-02T16:51:01.073167Z[0m [32m INFO[0m [2mhardy_cspcl::runtime[0m[2m:[0m Dispatched inbound CSP bundle from 1:35 to BPA
[2m2026-08-02T16:51:01.073656Z[0m [32m INFO[0m [2mhardy_cspcl::runtime[0m[2m:[0m Dispatched inbound CSP bundle from 1:35 to BPA
[2m2026-08-02T16:51:01.073792Z[0m [32m INFO[0m [2mhardy_cspcl::runtime[0m[2m:[0m Dispatched inbound CSP bundle from 1:35 to BPA
[2m2026-08-02T16:51:01.073874Z[0m [32m INFO[0m [2mhardy_cspcl::runtime[0m[2m:[0m Dispatched inbound CSP bundle from 1:35 to BPA
[2m2026-08-02T16:51:01.074551Z[0m [32m INFO[0m [2mhardy_cspcl::runtime[0m[2m:[0m Dispatched inbound CSP bundle from 1:35 to BPA
[2m2026-08-02T16:51:01.074692Z[0m [32m INFO[0m [2mhardy_cspcl::runtime[0m[2m:[0m Dispatched inbound CSP bundle from 1:35 to BPA
[2m2026-08-02T16:51:01.075119Z[0m [32m INFO[0m [2mhardy_cspcl::runtime[0m[2m:[0m Dispatched inbound CSP bundle from 1:35 to BPA
[2m2026-08-02T16:51:01.082326Z[0m [32m INFO[0m [2mhardy_cspcl::runtime[0m[2m:[0m Dispatched inbound CSP bundle from 1:35 to BPA
[2m2026-08-02T16:51:02.411718Z[0m [32m INFO[0m [2mhardy_cspcl::runtime[0m[2m:[0m Dispatched inbound CSP bundle from 1:35 to BPA
[2m2026-08-02T16:51:02.412273Z[0m [32m INFO[0m [2mhardy_cspcl::runtime[0m[2m:[0m Dispatched inbound CSP bundle from 1:35 to BPA
[2m2026-08-02T16:51:02.448537Z[0m [32m INFO[0m [2mhardy_cspcl::runtime[0m[2m:[0m Dispatched inbound CSP bundle from 1:35 to BPA
[2m2026-08-02T16:51:02.536523Z[0m [32m INFO[0m [2mhardy_cspcl::runtime[0m[2m:[0m Dispatched inbound CSP bundle from 1:35 to BPA
[2m2026-08-02T16:51:02.536793Z[0m [32m INFO[0m [2mhardy_cspcl::runtime[0m[2m:[0m Dispatched inbound CSP bundle from 1:35 to BPA
[2m2026-08-02T16:51:02.538119Z[0m [32m INFO[0m [2mhardy_cspcl::runtime[0m[2m:[0m Dispatched inbound CSP bundle from 1:35 to BPA
[2m2026-08-02T16:51:02.538399Z[0m [32m INFO[0m [2mhardy_cspcl::runtime[0m[2m:[0m Dispatched inbound CSP bundle from 1:35 to BPA
[2m2026-08-02T16:51:02.538633Z[0m [32m INFO[0m [2mhardy_cspcl::runtime[0m[2m:[0m Dispatched inbound CSP bundle from 1:35 to BPA
[2m2026-08-02T16:51:02.613008Z[0m [32m INFO[0m [2mhardy_cspcl::runtime[0m[2m:[0m Dispatched inbound CSP bundle from 1:35 to BPA
[2m2026-08-02T16:51:02.713203Z[0m [32m INFO[0m [2mhardy_cspcl::runtime[0m[2m:[0m Dispatched inbound CSP bundle from 1:35 to BPA
[2m2026-08-02T16:51:03.640055Z[0m [32m INFO[0m [2mhardy_cspcl::runtime[0m[2m:[0m Dispatched inbound CSP bundle from 1:35 to BPA
[2m2026-08-02T16:51:03.640403Z[0m [32m INFO[0m [2mhardy_cspcl::runtime[0m[2m:[0m Dispatched inbound CSP bundle from 1:35 to BPA
[2m2026-08-02T16:51:03.758993Z[0m [32m INFO[0m [2mhardy_cspcl::runtime[0m[2m:[0m Dispatched inbound CSP bundle from 1:35 to BPA
[2m2026-08-02T16:51:03.759642Z[0m [32m INFO[0m [2mhardy_cspcl::runtime[0m[2m:[0m Dispatched inbound CSP bundle from 1:35 to BPA
[2m2026-08-02T16:51:03.760714Z[0m [32m INFO[0m [2mhardy_cspcl::runtime[0m[2m:[0m Dispatched inbound CSP bundle from 1:35 to BPA
[2m2026-08-02T16:51:03.761216Z[0m [32m INFO[0m [2mhardy_cspcl::runtime[0m[2m:[0m Dispatched inbound CSP bundle from 1:35 to BPA
[2m2026-08-02T16:51:03.761333Z[0m [32m INFO[0m [2mhardy_cspcl::runtime[0m[2m:[0m Dispatched inbound CSP bundle from 1:35 to BPA
[2m2026-08-02T16:51:03.761686Z[0m [32m INFO[0m [2mhardy_cspcl::runtime[0m[2m:[0m Dispatched inbound CSP bundle from 1:35 to BPA
[2m2026-08-02T16:51:04.143458Z[0m [32m INFO[0m [2mhardy_cspcl::runtime[0m[2m:[0m Dispatched inbound CSP bundle from 1:35 to BPA
[2m2026-08-02T16:51:04.243677Z[0m [32m INFO[0m [2mhardy_cspcl::runtime[0m[2m:[0m Dispatched inbound CSP bundle from 1:35 to BPA
[2m2026-08-02T16:51:04.971230Z[0m [32m INFO[0m [2mhardy_cspcl::runtime[0m[2m:[0m Dispatched inbound CSP bundle from 1:35 to BPA
[2m2026-08-02T16:51:04.971656Z[0m [32m INFO[0m [2mhardy_cspcl::runtime[0m[2m:[0m Dispatched inbound CSP bundle from 1:35 to BPA
[2m2026-08-02T16:51:05.214457Z[0m [32m INFO[0m [2mhardy_cspcl::runtime[0m[2m:[0m Dispatched inbound CSP bundle from 1:35 to BPA
[2m2026-08-02T16:51:05.215530Z[0m [32m INFO[0m [2mhardy_cspcl::runtime[0m[2m:[0m Dispatched inbound CSP bundle from 1:35 to BPA
[2m2026-08-02T16:51:05.216271Z[0m [32m INFO[0m [2mhardy_cspcl::runtime[0m[2m:[0m Dispatched inbound CSP bundle from 1:35 to BPA
[2m2026-08-02T16:51:05.217289Z[0m [32m INFO[0m [2mhardy_cspcl::runtime[0m[2m:[0m Dispatched inbound CSP bundle from 1:35 to BPA
[2m2026-08-02T16:51:05.315621Z[0m [32m INFO[0m [2mhardy_cspcl::runtime[0m[2m:[0m Dispatched inbound CSP bundle from 1:35 to BPA
[2m2026-08-02T16:51:05.516696Z[0m [32m INFO[0m [2mhardy_cspcl::runtime[0m[2m:[0m Dispatched inbound CSP bundle from 1:35 to BPA
[2m2026-08-02T16:51:05.717870Z[0m [32m INFO[0m [2mhardy_cspcl::runtime[0m[2m:[0m Dispatched inbound CSP bundle from 1:35 to BPA
[2m2026-08-02T16:51:05.718606Z[0m [32m INFO[0m [2mhardy_cspcl::runtime[0m[2m:[0m Dispatched inbound CSP bundle from 1:35 to BPA
[2m2026-08-02T16:51:06.546997Z[0m [32m INFO[0m [2mhardy_cspcl::runtime[0m[2m:[0m Dispatched inbound CSP bundle from 1:35 to BPA
[2m2026-08-02T16:51:06.547166Z[0m [32m INFO[0m [2mhardy_cspcl::runtime[0m[2m:[0m Dispatched inbound CSP bundle from 1:35 to BPA
[2m2026-08-02T16:51:06.648517Z[0m [32m INFO[0m [2mhardy_cspcl::runtime[0m[2m:[0m Dispatched inbound CSP bundle from 1:35 to BPA
[2m2026-08-02T16:51:06.775904Z[0m [32m INFO[0m [2mhardy_cspcl::runtime[0m[2m:[0m Dispatched inbound CSP bundle from 1:35 to BPA
[2m2026-08-02T16:51:06.776465Z[0m [32m INFO[0m [2mhardy_cspcl::runtime[0m[2m:[0m Dispatched inbound CSP bundle from 1:35 to BPA
[2m2026-08-02T16:51:06.776768Z[0m [32m INFO[0m [2mhardy_cspcl::runtime[0m[2m:[0m Dispatched inbound CSP bundle from 1:35 to BPA
[2m2026-08-02T16:51:06.777301Z[0m [32m INFO[0m [2mhardy_cspcl::runtime[0m[2m:[0m Dispatched inbound CSP bundle from 1:35 to BPA
[2m2026-08-02T16:51:07.077893Z[0m [32m INFO[0m [2mhardy_cspcl::runtime[0m[2m:[0m Dispatched inbound CSP bundle from 1:35 to BPA
[2m2026-08-02T16:51:07.178583Z[0m [32m INFO[0m [2mhardy_cspcl::runtime[0m[2m:[0m Dispatched inbound CSP bundle from 1:35 to BPA
[2m2026-08-02T16:51:07.278923Z[0m [32m INFO[0m [2mhardy_cspcl::runtime[0m[2m:[0m Dispatched inbound CSP bundle from 1:35 to BPA
[2m2026-08-02T16:51:08.114109Z[0m [32m INFO[0m [2mhardy_cspcl::runtime[0m[2m:[0m Dispatched inbound CSP bundle from 1:35 to BPA
[2m2026-08-02T16:51:08.114252Z[0m [32m INFO[0m [2mhardy_cspcl::runtime[0m[2m:[0m Dispatched inbound CSP bundle from 1:35 to BPA
[2m2026-08-02T16:51:08.150995Z[0m [32m INFO[0m [2mhardy_cspcl::runtime[0m[2m:[0m Dispatched inbound CSP bundle from 1:35 to BPA
[2m2026-08-02T16:51:08.438841Z[0m [32m INFO[0m [2mhardy_cspcl::runtime[0m[2m:[0m Dispatched inbound CSP bundle from 1:35 to BPA
[2m2026-08-02T16:51:08.439796Z[0m [32m INFO[0m [2mhardy_cspcl::runtime[0m[2m:[0m Dispatched inbound CSP bundle from 1:35 to BPA
[2m2026-08-02T16:51:08.440692Z[0m [32m INFO[0m [2mhardy_cspcl::runtime[0m[2m:[0m Dispatched inbound CSP bundle from 1:35 to BPA
[2m2026-08-02T16:51:08.539719Z[0m [32m INFO[0m [2mhardy_cspcl::runtime[0m[2m:[0m Dispatched inbound CSP bundle from 1:35 to BPA
[2m2026-08-02T16:51:08.540445Z[0m [32m INFO[0m [2mhardy_cspcl::runtime[0m[2m:[0m Dispatched inbound CSP bundle from 1:35 to BPA
[2m2026-08-02T16:51:08.740503Z[0m [32m INFO[0m [2mhardy_cspcl::runtime[0m[2m:[0m Dispatched inbound CSP bundle from 1:35 to BPA
[2m2026-08-02T16:51:08.841117Z[0m [32m INFO[0m [2mhardy_cspcl::runtime[0m[2m:[0m Dispatched inbound CSP bundle from 1:35 to BPA
[2m2026-08-02T16:51:09.670810Z[0m [32m INFO[0m [2mhardy_cspcl::runtime[0m[2m:[0m Dispatched inbound CSP bundle from 1:35 to BPA
[2m2026-08-02T16:51:09.671232Z[0m [32m INFO[0m [2mhardy_cspcl::runtime[0m[2m:[0m Dispatched inbound CSP bundle from 1:35 to BPA
[2m2026-08-02T16:51:09.785172Z[0m [32m INFO[0m [2mhardy_cspcl::runtime[0m[2m:[0m Dispatched inbound CSP bundle from 1:35 to BPA
[2m2026-08-02T16:51:09.785831Z[0m [32m INFO[0m [2mhardy_cspcl::runtime[0m[2m:[0m Dispatched inbound CSP bundle from 1:35 to BPA
[2m2026-08-02T16:51:10.086846Z[0m [32m INFO[0m [2mhardy_cspcl::runtime[0m[2m:[0m Dispatched inbound CSP bundle from 1:35 to BPA
[2m2026-08-02T16:51:10.087386Z[0m [32m INFO[0m [2mhardy_cspcl::runtime[0m[2m:[0m Dispatched inbound CSP bundle from 1:35 to BPA
[2m2026-08-02T16:51:10.087832Z[0m [32m INFO[0m [2mhardy_cspcl::runtime[0m[2m:[0m Dispatched inbound CSP bundle from 1:35 to BPA
[2m2026-08-02T16:51:10.088436Z[0m [32m INFO[0m [2mhardy_cspcl::runtime[0m[2m:[0m Dispatched inbound CSP bundle from 1:35 to BPA
[2m2026-08-02T16:51:10.288479Z[0m [32m INFO[0m [2mhardy_cspcl::runtime[0m[2m:[0m Dispatched inbound CSP bundle from 1:35 to BPA
[2m2026-08-02T16:51:10.388508Z[0m [32m INFO[0m [2mhardy_cspcl::runtime[0m[2m:[0m Dispatched inbound CSP bundle from 1:35 to BPA
[2m2026-08-02T16:51:11.214177Z[0m [32m INFO[0m [2mhardy_cspcl::runtime[0m[2m:[0m Dispatched inbound CSP bundle from 1:35 to BPA
[2m2026-08-02T16:51:11.214485Z[0m [32m INFO[0m [2mhardy_cspcl::runtime[0m[2m:[0m Dispatched inbound CSP bundle from 1:35 to BPA
[2m2026-08-02T16:51:11.328162Z[0m [32m INFO[0m [2mhardy_cspcl::runtime[0m[2m:[0m Dispatched inbound CSP bundle from 1:35 to BPA
[2m2026-08-02T16:51:11.529595Z[0m [32m INFO[0m [2mhardy_cspcl::runtime[0m[2m:[0m Dispatched inbound CSP bundle from 1:35 to BPA
[2m2026-08-02T16:51:11.530365Z[0m [32m INFO[0m [2mhardy_cspcl::runtime[0m[2m:[0m Dispatched inbound CSP bundle from 1:35 to BPA
[2m2026-08-02T16:51:11.531430Z[0m [32m INFO[0m [2mhardy_cspcl::runtime[0m[2m:[0m Dispatched inbound CSP bundle from 1:35 to BPA
[2m2026-08-02T16:51:11.531920Z[0m [32m INFO[0m [2mhardy_cspcl::runtime[0m[2m:[0m Dispatched inbound CSP bundle from 1:35 to BPA
[2m2026-08-02T16:51:11.532463Z[0m [32m INFO[0m [2mhardy_cspcl::runtime[0m[2m:[0m Dispatched inbound CSP bundle from 1:35 to BPA
[2m2026-08-02T16:51:11.831261Z[0m [32m INFO[0m [2mhardy_cspcl::runtime[0m[2m:[0m Dispatched inbound CSP bundle from 1:35 to BPA
[2m2026-08-02T16:51:12.131959Z[0m [32m INFO[0m [2mhardy_cspcl::runtime[0m[2m:[0m Dispatched inbound CSP bundle from 1:35 to BPA
[2m2026-08-02T16:51:12.759010Z[0m [32m INFO[0m [2mhardy_cspcl::runtime[0m[2m:[0m Dispatched inbound CSP bundle from 1:35 to BPA
[2m2026-08-02T16:51:12.759317Z[0m [32m INFO[0m [2mhardy_cspcl::runtime[0m[2m:[0m Dispatched inbound CSP bundle from 1:35 to BPA
[2m2026-08-02T16:51:12.795010Z[0m [32m INFO[0m [2mhardy_cspcl::runtime[0m[2m:[0m Dispatched inbound CSP bundle from 1:35 to BPA
[2m2026-08-02T16:51:12.960412Z[0m [32m INFO[0m [2mhardy_cspcl::runtime[0m[2m:[0m Dispatched inbound CSP bundle from 1:35 to BPA
[2m2026-08-02T16:51:12.961063Z[0m [32m INFO[0m [2mhardy_cspcl::runtime[0m[2m:[0m Dispatched inbound CSP bundle from 1:35 to BPA
[2m2026-08-02T16:51:13.061431Z[0m [32m INFO[0m [2mhardy_cspcl::runtime[0m[2m:[0m Dispatched inbound CSP bundle from 1:35 to BPA
[2m2026-08-02T16:51:13.362646Z[0m [32m INFO[0m [2mhardy_cspcl::runtime[0m[2m:[0m Dispatched inbound CSP bundle from 1:35 to BPA
[2m2026-08-02T16:51:13.363077Z[0m [32m INFO[0m [2mhardy_cspcl::runtime[0m[2m:[0m Dispatched inbound CSP bundle from 1:35 to BPA
[2m2026-08-02T16:51:13.363486Z[0m [32m INFO[0m [2mhardy_cspcl::runtime[0m[2m:[0m Dispatched inbound CSP bundle from 1:35 to BPA
[2m2026-08-02T16:51:13.463736Z[0m [32m INFO[0m [2mhardy_cspcl::runtime[0m[2m:[0m Dispatched inbound CSP bundle from 1:35 to BPA
[2m2026-08-02T16:51:14.294045Z[0m [32m INFO[0m [2mhardy_cspcl::runtime[0m[2m:[0m Dispatched inbound CSP bundle from 1:35 to BPA
[2m2026-08-02T16:51:14.294304Z[0m [32m INFO[0m [2mhardy_cspcl::runtime[0m[2m:[0m Dispatched inbound CSP bundle from 1:35 to BPA
[2m2026-08-02T16:51:14.408170Z[0m [32m INFO[0m [2mhardy_cspcl::runtime[0m[2m:[0m Dispatched inbound CSP bundle from 1:35 to BPA
[2m2026-08-02T16:51:14.710074Z[0m [32m INFO[0m [2mhardy_cspcl::runtime[0m[2m:[0m Dispatched inbound CSP bundle from 1:35 to BPA
[2m2026-08-02T16:51:14.711082Z[0m [32m INFO[0m [2mhardy_cspcl::runtime[0m[2m:[0m Dispatched inbound CSP bundle from 1:35 to BPA
[2m2026-08-02T16:51:14.711602Z[0m [32m INFO[0m [2mhardy_cspcl::runtime[0m[2m:[0m Dispatched inbound CSP bundle from 1:35 to BPA
[2m2026-08-02T16:51:14.712248Z[0m [32m INFO[0m [2mhardy_cspcl::runtime[0m[2m:[0m Dispatched inbound CSP bundle from 1:35 to BPA
[2m2026-08-02T16:51:14.712768Z[0m [32m INFO[0m [2mhardy_cspcl::runtime[0m[2m:[0m Dispatched inbound CSP bundle from 1:35 to BPA
[2m2026-08-02T16:51:14.911455Z[0m [32m INFO[0m [2mhardy_cspcl::runtime[0m[2m:[0m Dispatched inbound CSP bundle from 1:35 to BPA
[2m2026-08-02T16:51:15.011274Z[0m [32m INFO[0m [2mhardy_cspcl::runtime[0m[2m:[0m Dispatched inbound CSP bundle from 1:35 to BPA
[2m2026-08-02T16:51:15.733851Z[0m [32m INFO[0m [2mhardy_cspcl::runtime[0m[2m:[0m Dispatched inbound CSP bundle from 1:35 to BPA
[2m2026-08-02T16:51:15.734029Z[0m [32m INFO[0m [2mhardy_cspcl::runtime[0m[2m:[0m Dispatched inbound CSP bundle from 1:35 to BPA
[2m2026-08-02T16:51:16.049320Z[0m [32m INFO[0m [2mhardy_cspcl::runtime[0m[2m:[0m Dispatched inbound CSP bundle from 1:35 to BPA
[2m2026-08-02T16:51:16.050061Z[0m [32m INFO[0m [2mhardy_cspcl::runtime[0m[2m:[0m Dispatched inbound CSP bundle from 1:35 to BPA
[2m2026-08-02T16:51:16.051042Z[0m [32m INFO[0m [2mhardy_cspcl::runtime[0m[2m:[0m Dispatched inbound CSP bundle from 1:35 to BPA
[2m2026-08-02T16:51:16.150021Z[0m [32m INFO[0m [2mhardy_cspcl::runtime[0m[2m:[0m Dispatched inbound CSP bundle from 1:35 to BPA
[2m2026-08-02T16:51:16.150724Z[0m [32m INFO[0m [2mhardy_cspcl::runtime[0m[2m:[0m Dispatched inbound CSP bundle from 1:35 to BPA
[2m2026-08-02T16:51:16.250337Z[0m [32m INFO[0m [2mhardy_cspcl::runtime[0m[2m:[0m Dispatched inbound CSP bundle from 1:35 to BPA
[2m2026-08-02T16:51:16.451096Z[0m [32m INFO[0m [2mhardy_cspcl::runtime[0m[2m:[0m Dispatched inbound CSP bundle from 1:35 to BPA
[2m2026-08-02T16:51:16.551415Z[0m [32m INFO[0m [2mhardy_cspcl::runtime[0m[2m:[0m Dispatched inbound CSP bundle from 1:35 to BPA
[2m2026-08-02T16:51:17.377083Z[0m [32m INFO[0m [2mhardy_cspcl::runtime[0m[2m:[0m Dispatched inbound CSP bundle from 1:35 to BPA
[2m2026-08-02T16:51:17.377533Z[0m [32m INFO[0m [2mhardy_cspcl::runtime[0m[2m:[0m Dispatched inbound CSP bundle from 1:35 to BPA
[2m2026-08-02T16:51:17.418991Z[0m [32m INFO[0m [2mhardy_cspcl::runtime[0m[2m:[0m Dispatched inbound CSP bundle from 1:35 to BPA
[2m2026-08-02T16:51:17.506068Z[0m [32m INFO[0m [2mhardy_cspcl::runtime[0m[2m:[0m Dispatched inbound CSP bundle from 1:35 to BPA
[2m2026-08-02T16:51:17.578323Z[0m [32m INFO[0m [2mhardy_cspcl::runtime[0m[2m:[0m Dispatched inbound CSP bundle from 1:35 to BPA
[2m2026-08-02T16:51:17.578804Z[0m [32m INFO[0m [2mhardy_cspcl::runtime[0m[2m:[0m Dispatched inbound CSP bundle from 1:35 to BPA
[2m2026-08-02T16:51:17.579145Z[0m [32m INFO[0m [2mhardy_cspcl::runtime[0m[2m:[0m Dispatched inbound CSP bundle from 1:35 to BPA
[2m2026-08-02T16:51:17.780141Z[0m [32m INFO[0m [2mhardy_cspcl::runtime[0m[2m:[0m Dispatched inbound CSP bundle from 1:35 to BPA
[2m2026-08-02T16:51:17.981085Z[0m [32m INFO[0m [2mhardy_cspcl::runtime[0m[2m:[0m Dispatched inbound CSP bundle from 1:35 to BPA
[2m2026-08-02T16:51:18.081601Z[0m [32m INFO[0m [2mhardy_cspcl::runtime[0m[2m:[0m Dispatched inbound CSP bundle from 1:35 to BPA
[2m2026-08-02T16:51:18.805851Z[0m [32m INFO[0m [2mhardy_cspcl::runtime[0m[2m:[0m Dispatched inbound CSP bundle from 1:35 to BPA
[2m2026-08-02T16:51:18.806025Z[0m [32m INFO[0m [2mhardy_cspcl::runtime[0m[2m:[0m Dispatched inbound CSP bundle from 1:35 to BPA
[2m2026-08-02T16:51:19.007074Z[0m [32m INFO[0m [2mhardy_cspcl::runtime[0m[2m:[0m Dispatched inbound CSP bundle from 1:35 to BPA
[2m2026-08-02T16:51:19.108257Z[0m [32m INFO[0m [2mhardy_cspcl::runtime[0m[2m:[0m Dispatched inbound CSP bundle from 1:35 to BPA
[2m2026-08-02T16:51:19.309794Z[0m [32m INFO[0m [2mhardy_cspcl::runtime[0m[2m:[0m Dispatched inbound CSP bundle from 1:35 to BPA
[2m2026-08-02T16:51:19.310484Z[0m [32m INFO[0m [2mhardy_cspcl::runtime[0m[2m:[0m Dispatched inbound CSP bundle from 1:35 to BPA
[2m2026-08-02T16:51:19.311235Z[0m [32m INFO[0m [2mhardy_cspcl::runtime[0m[2m:[0m Dispatched inbound CSP bundle from 1:35 to BPA
[2m2026-08-02T16:51:19.311574Z[0m [32m INFO[0m [2mhardy_cspcl::runtime[0m[2m:[0m Dispatched inbound CSP bundle from 1:35 to BPA
[2m2026-08-02T16:51:19.511043Z[0m [32m INFO[0m [2mhardy_cspcl::runtime[0m[2m:[0m Dispatched inbound CSP bundle from 1:35 to BPA
[2m2026-08-02T16:51:19.911772Z[0m [32m INFO[0m [2mhardy_cspcl::runtime[0m[2m:[0m Dispatched inbound CSP bundle from 1:35 to BPA
[2m2026-08-02T16:51:20.544938Z[0m [32m INFO[0m [2mhardy_cspcl::runtime[0m[2m:[0m Dispatched inbound CSP bundle from 1:35 to BPA
[2m2026-08-02T16:51:20.545451Z[0m [32m INFO[0m [2mhardy_cspcl::runtime[0m[2m:[0m Dispatched inbound CSP bundle from 1:35 to BPA
[2m2026-08-02T16:51:20.658433Z[0m [32m INFO[0m [2mhardy_cspcl::runtime[0m[2m:[0m Dispatched inbound CSP bundle from 1:35 to BPA
[2m2026-08-02T16:51:20.659046Z[0m [32m INFO[0m [2mhardy_cspcl::runtime[0m[2m:[0m Dispatched inbound CSP bundle from 1:35 to BPA
[2m2026-08-02T16:51:20.659736Z[0m [32m INFO[0m [2mhardy_cspcl::runtime[0m[2m:[0m Dispatched inbound CSP bundle from 1:35 to BPA
[2m2026-08-02T16:51:20.660183Z[0m [32m INFO[0m [2mhardy_cspcl::runtime[0m[2m:[0m Dispatched inbound CSP bundle from 1:35 to BPA
[2m2026-08-02T16:51:20.660530Z[0m [32m INFO[0m [2mhardy_cspcl::runtime[0m[2m:[0m Dispatched inbound CSP bundle from 1:35 to BPA
[2m2026-08-02T16:51:20.746650Z[0m [32m INFO[0m [2mhardy_cspcl::runtime[0m[2m:[0m Dispatched inbound CSP bundle from 1:35 to BPA
[2m2026-08-02T16:51:21.148167Z[0m [32m INFO[0m [2mhardy_cspcl::runtime[0m[2m:[0m Dispatched inbound CSP bundle from 1:35 to BPA
[2m2026-08-02T16:51:21.149483Z[0m [32m INFO[0m [2mhardy_cspcl::runtime[0m[2m:[0m Dispatched inbound CSP bundle from 1:35 to BPA
[2m2026-08-02T16:51:21.977387Z[0m [32m INFO[0m [2mhardy_cspcl::runtime[0m[2m:[0m Dispatched inbound CSP bundle from 1:35 to BPA
[2m2026-08-02T16:51:21.977752Z[0m [32m INFO[0m [2mhardy_cspcl::runtime[0m[2m:[0m Dispatched inbound CSP bundle from 1:35 to BPA
[2m2026-08-02T16:51:22.091694Z[0m [32m INFO[0m [2mhardy_cspcl::runtime[0m[2m:[0m Dispatched inbound CSP bundle from 1:35 to BPA
[2m2026-08-02T16:51:22.092118Z[0m [32m INFO[0m [2mhardy_cspcl::runtime[0m[2m:[0m Dispatched inbound CSP bundle from 1:35 to BPA
[2m2026-08-02T16:51:22.293492Z[0m [32m INFO[0m [2mhardy_cspcl::runtime[0m[2m:[0m Dispatched inbound CSP bundle from 1:35 to BPA
[2m2026-08-02T16:51:22.393939Z[0m [32m INFO[0m [2mhardy_cspcl::runtime[0m[2m:[0m Dispatched inbound CSP bundle from 1:35 to BPA
[2m2026-08-02T16:51:22.394198Z[0m [32m INFO[0m [2mhardy_cspcl::runtime[0m[2m:[0m Dispatched inbound CSP bundle from 1:35 to BPA
[2m2026-08-02T16:51:22.394573Z[0m [32m INFO[0m [2mhardy_cspcl::runtime[0m[2m:[0m Dispatched inbound CSP bundle from 1:35 to BPA
[2m2026-08-02T16:51:22.594654Z[0m [32m INFO[0m [2mhardy_cspcl::runtime[0m[2m:[0m Dispatched inbound CSP bundle from 1:35 to BPA
[2m2026-08-02T16:51:22.695234Z[0m [32m INFO[0m [2mhardy_cspcl::runtime[0m[2m:[0m Dispatched inbound CSP bundle from 1:35 to BPA
[2m2026-08-02T16:51:23.620115Z[0m [32m INFO[0m [2mhardy_cspcl::runtime[0m[2m:[0m Dispatched inbound CSP bundle from 1:35 to BPA
[2m2026-08-02T16:51:23.620279Z[0m [32m INFO[0m [2mhardy_cspcl::runtime[0m[2m:[0m Dispatched inbound CSP bundle from 1:35 to BPA
[2m2026-08-02T16:51:23.656618Z[0m [32m INFO[0m [2mhardy_cspcl::runtime[0m[2m:[0m Dispatched inbound CSP bundle from 1:35 to BPA
[2m2026-08-02T16:51:23.743394Z[0m [32m INFO[0m [2mhardy_cspcl::runtime[0m[2m:[0m Dispatched inbound CSP bundle from 1:35 to BPA
[2m2026-08-02T16:51:23.743649Z[0m [32m INFO[0m [2mhardy_cspcl::runtime[0m[2m:[0m Dispatched inbound CSP bundle from 1:35 to BPA
[2m2026-08-02T16:51:23.743882Z[0m [32m INFO[0m [2mhardy_cspcl::runtime[0m[2m:[0m Dispatched inbound CSP bundle from 1:35 to BPA
[2m2026-08-02T16:51:23.744074Z[0m [32m INFO[0m [2mhardy_cspcl::runtime[0m[2m:[0m Dispatched inbound CSP bundle from 1:35 to BPA
[2m2026-08-02T16:51:23.821844Z[0m [32m INFO[0m [2mhardy_cspcl::runtime[0m[2m:[0m Dispatched inbound CSP bundle from 1:35 to BPA
[2m2026-08-02T16:51:24.224189Z[0m [32m INFO[0m [2mhardy_cspcl::runtime[0m[2m:[0m Dispatched inbound CSP bundle from 1:35 to BPA
[2m2026-08-02T16:51:24.425604Z[0m [32m INFO[0m [2mhardy_cspcl::runtime[0m[2m:[0m Dispatched inbound CSP bundle from 1:35 to BPA
[2m2026-08-02T16:51:25.060577Z[0m [32m INFO[0m [2mhardy_cspcl::runtime[0m[2m:[0m Dispatched inbound CSP bundle from 1:35 to BPA
[2m2026-08-02T16:51:25.061000Z[0m [32m INFO[0m [2mhardy_cspcl::runtime[0m[2m:[0m Dispatched inbound CSP bundle from 1:35 to BPA
[2m2026-08-02T16:51:25.174482Z[0m [32m INFO[0m [2mhardy_cspcl::runtime[0m[2m:[0m Dispatched inbound CSP bundle from 1:35 to BPA
[2m2026-08-02T16:51:25.174732Z[0m [32m INFO[0m [2mhardy_cspcl::runtime[0m[2m:[0m Dispatched inbound CSP bundle from 1:35 to BPA
[2m2026-08-02T16:51:25.375855Z[0m [32m INFO[0m [2mhardy_cspcl::runtime[0m[2m:[0m Dispatched inbound CSP bundle from 1:35 to BPA
[2m2026-08-02T16:51:25.384307Z[0m [32m INFO[0m [2mhardy_cspcl::runtime[0m[2m:[0m Dispatched inbound CSP bundle from 1:35 to BPA
[2m2026-08-02T16:51:25.385206Z[0m [32m INFO[0m [2mhardy_cspcl::runtime[0m[2m:[0m Dispatched inbound CSP bundle from 1:35 to BPA
[2m2026-08-02T16:51:25.385996Z[0m [32m INFO[0m [2mhardy_cspcl::runtime[0m[2m:[0m Dispatched inbound CSP bundle from 1:35 to BPA
[2m2026-08-02T16:51:25.687068Z[0m [32m INFO[0m [2mhardy_cspcl::runtime[0m[2m:[0m Dispatched inbound CSP bundle from 1:35 to BPA
[2m2026-08-02T16:51:25.787939Z[0m [32m INFO[0m [2mhardy_cspcl::runtime[0m[2m:[0m Dispatched inbound CSP bundle from 1:35 to BPA
[2m2026-08-02T16:51:26.610804Z[0m [32m INFO[0m [2mhardy_cspcl::runtime[0m[2m:[0m Dispatched inbound CSP bundle from 1:35 to BPA
[2m2026-08-02T16:51:26.611147Z[0m [32m INFO[0m [2mhardy_cspcl::runtime[0m[2m:[0m Dispatched inbound CSP bundle from 1:35 to BPA
[2m2026-08-02T16:51:26.725265Z[0m [32m INFO[0m [2mhardy_cspcl::runtime[0m[2m:[0m Dispatched inbound CSP bundle from 1:35 to BPA
[2m2026-08-02T16:51:26.725909Z[0m [32m INFO[0m [2mhardy_cspcl::runtime[0m[2m:[0m Dispatched inbound CSP bundle from 1:35 to BPA
[2m2026-08-02T16:51:27.027395Z[0m [32m INFO[0m [2mhardy_cspcl::runtime[0m[2m:[0m Dispatched inbound CSP bundle from 1:35 to BPA
[2m2026-08-02T16:51:27.027671Z[0m [32m INFO[0m [2mhardy_cspcl::runtime[0m[2m:[0m Dispatched inbound CSP bundle from 1:35 to BPA
[2m2026-08-02T16:51:27.027882Z[0m [32m INFO[0m [2mhardy_cspcl::runtime[0m[2m:[0m Dispatched inbound CSP bundle from 1:35 to BPA
[2m2026-08-02T16:51:27.028168Z[0m [32m INFO[0m [2mhardy_cspcl::runtime[0m[2m:[0m Dispatched inbound CSP bundle from 1:35 to BPA
[2m2026-08-02T16:51:27.228850Z[0m [32m INFO[0m [2mhardy_cspcl::runtime[0m[2m:[0m Dispatched inbound CSP bundle from 1:35 to BPA
[2m2026-08-02T16:51:27.329124Z[0m [32m INFO[0m [2mhardy_cspcl::runtime[0m[2m:[0m Dispatched inbound CSP bundle from 1:35 to BPA
[2m2026-08-02T16:51:28.257090Z[0m [32m INFO[0m [2mhardy_cspcl::runtime[0m[2m:[0m Dispatched inbound CSP bundle from 1:35 to BPA
[2m2026-08-02T16:51:28.257308Z[0m [32m INFO[0m [2mhardy_cspcl::runtime[0m[2m:[0m Dispatched inbound CSP bundle from 1:35 to BPA
[2m2026-08-02T16:51:28.293747Z[0m [32m INFO[0m [2mhardy_cspcl::runtime[0m[2m:[0m Dispatched inbound CSP bundle from 1:35 to BPA
[2m2026-08-02T16:51:28.380333Z[0m [32m INFO[0m [2mhardy_cspcl::runtime[0m[2m:[0m Dispatched inbound CSP bundle from 1:35 to BPA
[2m2026-08-02T16:51:28.380921Z[0m [32m INFO[0m [2mhardy_cspcl::runtime[0m[2m:[0m Dispatched inbound CSP bundle from 1:35 to BPA
[2m2026-08-02T16:51:28.458451Z[0m [32m INFO[0m [2mhardy_cspcl::runtime[0m[2m:[0m Dispatched inbound CSP bundle from 1:35 to BPA
[2m2026-08-02T16:51:28.559216Z[0m [32m INFO[0m [2mhardy_cspcl::runtime[0m[2m:[0m Dispatched inbound CSP bundle from 1:35 to BPA
[2m2026-08-02T16:51:28.759680Z[0m [32m INFO[0m [2mhardy_cspcl::runtime[0m[2m:[0m Dispatched inbound CSP bundle from 1:35 to BPA
[2m2026-08-02T16:51:28.860894Z[0m [32m INFO[0m [2mhardy_cspcl::runtime[0m[2m:[0m Dispatched inbound CSP bundle from 1:35 to BPA
[2m2026-08-02T16:51:28.861590Z[0m [32m INFO[0m [2mhardy_cspcl::runtime[0m[2m:[0m Dispatched inbound CSP bundle from 1:35 to BPA
[2m2026-08-02T16:51:29.682429Z[0m [32m INFO[0m [2mhardy_cspcl::runtime[0m[2m:[0m Dispatched inbound CSP bundle from 1:35 to BPA
[2m2026-08-02T16:51:29.682657Z[0m [32m INFO[0m [2mhardy_cspcl::runtime[0m[2m:[0m Dispatched inbound CSP bundle from 1:35 to BPA
[2m2026-08-02T16:51:29.719746Z[0m [32m INFO[0m [2mhardy_cspcl::runtime[0m[2m:[0m Dispatched inbound CSP bundle from 1:35 to BPA
[2m2026-08-02T16:51:30.006459Z[0m [32m INFO[0m [2mhardy_cspcl::runtime[0m[2m:[0m Dispatched inbound CSP bundle from 1:35 to BPA
[2m2026-08-02T16:51:30.007060Z[0m [32m INFO[0m [2mhardy_cspcl::runtime[0m[2m:[0m Dispatched inbound CSP bundle from 1:35 to BPA
[2m2026-08-02T16:51:30.007294Z[0m [32m INFO[0m [2mhardy_cspcl::runtime[0m[2m:[0m Dispatched inbound CSP bundle from 1:35 to BPA
[2m2026-08-02T16:51:30.007541Z[0m [32m INFO[0m [2mhardy_cspcl::runtime[0m[2m:[0m Dispatched inbound CSP bundle from 1:35 to BPA
[2m2026-08-02T16:51:30.007749Z[0m [32m INFO[0m [2mhardy_cspcl::runtime[0m[2m:[0m Dispatched inbound CSP bundle from 1:35 to BPA
[2m2026-08-02T16:51:30.309778Z[0m [32m INFO[0m [2mhardy_cspcl::runtime[0m[2m:[0m Dispatched inbound CSP bundle from 1:35 to BPA
[2m2026-08-02T16:51:30.510776Z[0m [32m INFO[0m [2mhardy_cspcl::runtime[0m[2m:[0m Dispatched inbound CSP bundle from 1:35 to BPA
[2m2026-08-02T16:51:31.236168Z[0m [32m INFO[0m [2mhardy_cspcl::runtime[0m[2m:[0m Dispatched inbound CSP bundle from 1:35 to BPA
[2m2026-08-02T16:51:31.236371Z[0m [32m INFO[0m [2mhardy_cspcl::runtime[0m[2m:[0m Dispatched inbound CSP bundle from 1:35 to BPA
[2m2026-08-02T16:51:31.574209Z[0m [32m INFO[0m [2mhardy_cspcl::runtime[0m[2m:[0m Dispatched inbound CSP bundle from 1:35 to BPA
[2m2026-08-02T16:51:31.574889Z[0m [32m INFO[0m [2mhardy_cspcl::runtime[0m[2m:[0m Dispatched inbound CSP bundle from 1:35 to BPA
[2m2026-08-02T16:51:31.575377Z[0m [32m INFO[0m [2mhardy_cspcl::runtime[0m[2m:[0m Dispatched inbound CSP bundle from 1:35 to BPA
[2m2026-08-02T16:51:31.575894Z[0m [32m INFO[0m [2mhardy_cspcl::runtime[0m[2m:[0m Dispatched inbound CSP bundle from 1:35 to BPA
[2m2026-08-02T16:51:31.576146Z[0m [32m INFO[0m [2mhardy_cspcl::runtime[0m[2m:[0m Dispatched inbound CSP bundle from 1:35 to BPA
[2m2026-08-02T16:51:31.576411Z[0m [32m INFO[0m [2mhardy_cspcl::runtime[0m[2m:[0m Dispatched inbound CSP bundle from 1:35 to BPA
[2m2026-08-02T16:51:31.875411Z[0m [32m INFO[0m [2mhardy_cspcl::runtime[0m[2m:[0m Dispatched inbound CSP bundle from 1:35 to BPA
[2m2026-08-02T16:51:31.975880Z[0m [32m INFO[0m [2mhardy_cspcl::runtime[0m[2m:[0m Dispatched inbound CSP bundle from 1:35 to BPA
[2m2026-08-02T16:51:32.801351Z[0m [32m INFO[0m [2mhardy_cspcl::runtime[0m[2m:[0m Dispatched inbound CSP bundle from 1:35 to BPA
[2m2026-08-02T16:51:32.801715Z[0m [32m INFO[0m [2mhardy_cspcl::runtime[0m[2m:[0m Dispatched inbound CSP bundle from 1:35 to BPA
[2m2026-08-02T16:51:32.884759Z[0m [32m INFO[0m [2mhardy_cspcl::runtime[0m[2m:[0m Dispatched inbound CSP bundle from 1:35 to BPA
[2m2026-08-02T16:51:32.885527Z[0m [32m INFO[0m [2mhardy_cspcl::runtime[0m[2m:[0m Dispatched inbound CSP bundle from 1:35 to BPA
[2m2026-08-02T16:51:32.886025Z[0m [32m INFO[0m [2mhardy_cspcl::runtime[0m[2m:[0m Dispatched inbound CSP bundle from 1:35 to BPA
[2m2026-08-02T16:51:33.203388Z[0m [32m INFO[0m [2mhardy_cspcl::runtime[0m[2m:[0m Dispatched inbound CSP bundle from 1:35 to BPA
[2m2026-08-02T16:51:33.203870Z[0m [32m INFO[0m [2mhardy_cspcl::runtime[0m[2m:[0m Dispatched inbound CSP bundle from 1:35 to BPA
[2m2026-08-02T16:51:33.204530Z[0m [32m INFO[0m [2mhardy_cspcl::runtime[0m[2m:[0m Dispatched inbound CSP bundle from 1:35 to BPA
[2m2026-08-02T16:51:33.504765Z[0m [32m INFO[0m [2mhardy_cspcl::runtime[0m[2m:[0m Dispatched inbound CSP bundle from 1:35 to BPA
[2m2026-08-02T16:51:33.505579Z[0m [32m INFO[0m [2mhardy_cspcl::runtime[0m[2m:[0m Dispatched inbound CSP bundle from 1:35 to BPA
[2m2026-08-02T16:51:34.426397Z[0m [32m INFO[0m [2mhardy_cspcl::runtime[0m[2m:[0m Dispatched inbound CSP bundle from 1:35 to BPA
[2m2026-08-02T16:51:34.426622Z[0m [32m INFO[0m [2mhardy_cspcl::runtime[0m[2m:[0m Dispatched inbound CSP bundle from 1:35 to BPA
[2m2026-08-02T16:51:34.463648Z[0m [32m INFO[0m [2mhardy_cspcl::runtime[0m[2m:[0m Dispatched inbound CSP bundle from 1:35 to BPA
[2m2026-08-02T16:51:34.550371Z[0m [32m INFO[0m [2mhardy_cspcl::runtime[0m[2m:[0m Dispatched inbound CSP bundle from 1:35 to BPA
[2m2026-08-02T16:51:34.550872Z[0m [32m INFO[0m [2mhardy_cspcl::runtime[0m[2m:[0m Dispatched inbound CSP bundle from 1:35 to BPA
[2m2026-08-02T16:51:34.551597Z[0m [32m INFO[0m [2mhardy_cspcl::runtime[0m[2m:[0m Dispatched inbound CSP bundle from 1:35 to BPA
[2m2026-08-02T16:51:34.552402Z[0m [32m INFO[0m [2mhardy_cspcl::runtime[0m[2m:[0m Dispatched inbound CSP bundle from 1:35 to BPA
[2m2026-08-02T16:51:34.627828Z[0m [32m INFO[0m [2mhardy_cspcl::runtime[0m[2m:[0m Dispatched inbound CSP bundle from 1:35 to BPA
[2m2026-08-02T16:51:35.029570Z[0m [32m INFO[0m [2mhardy_cspcl::runtime[0m[2m:[0m Dispatched inbound CSP bundle from 1:35 to BPA
[2m2026-08-02T16:51:35.130197Z[0m [32m INFO[0m [2mhardy_cspcl::runtime[0m[2m:[0m Dispatched inbound CSP bundle from 1:35 to BPA
[2m2026-08-02T16:51:35.848149Z[0m [32m INFO[0m [2mhardy_cspcl::runtime[0m[2m:[0m Dispatched inbound CSP bundle from 1:35 to BPA
[2m2026-08-02T16:51:35.848325Z[0m [32m INFO[0m [2mhardy_cspcl::runtime[0m[2m:[0m Dispatched inbound CSP bundle from 1:35 to BPA
[2m2026-08-02T16:51:35.984395Z[0m [32m INFO[0m [2mhardy_cspcl::runtime[0m[2m:[0m Dispatched inbound CSP bundle from 1:35 to BPA
[2m2026-08-02T16:51:35.985161Z[0m [32m INFO[0m [2mhardy_cspcl::runtime[0m[2m:[0m Dispatched inbound CSP bundle from 1:35 to BPA
[2m2026-08-02T16:51:35.985652Z[0m [32m INFO[0m [2mhardy_cspcl::runtime[0m[2m:[0m Dispatched inbound CSP bundle from 1:35 to BPA
[2m2026-08-02T16:51:35.986059Z[0m [32m INFO[0m [2mhardy_cspcl::runtime[0m[2m:[0m Dispatched inbound CSP bundle from 1:35 to BPA
[2m2026-08-02T16:51:35.986415Z[0m [32m INFO[0m [2mhardy_cspcl::runtime[0m[2m:[0m Dispatched inbound CSP bundle from 1:35 to BPA
[2m2026-08-02T16:51:36.287666Z[0m [32m INFO[0m [2mhardy_cspcl::runtime[0m[2m:[0m Dispatched inbound CSP bundle from 1:35 to BPA
[2m2026-08-02T16:51:36.588774Z[0m [32m INFO[0m [2mhardy_cspcl::runtime[0m[2m:[0m Dispatched inbound CSP bundle from 1:35 to BPA
[2m2026-08-02T16:51:36.589626Z[0m [32m INFO[0m [2mhardy_cspcl::runtime[0m[2m:[0m Dispatched inbound CSP bundle from 1:35 to BPA
[2m2026-08-02T16:51:37.616866Z[0m [32m INFO[0m [2mhardy_cspcl::runtime[0m[2m:[0m Dispatched inbound CSP bundle from 1:35 to BPA
[2m2026-08-02T16:51:37.617200Z[0m [32m INFO[0m [2mhardy_cspcl::runtime[0m[2m:[0m Dispatched inbound CSP bundle from 1:35 to BPA
[2m2026-08-02T16:51:37.653604Z[0m [32m INFO[0m [2mhardy_cspcl::runtime[0m[2m:[0m Dispatched inbound CSP bundle from 1:35 to BPA
[2m2026-08-02T16:51:37.739563Z[0m [32m INFO[0m [2mhardy_cspcl::runtime[0m[2m:[0m Dispatched inbound CSP bundle from 1:35 to BPA
[2m2026-08-02T16:51:37.739832Z[0m [32m INFO[0m [2mhardy_cspcl::runtime[0m[2m:[0m Dispatched inbound CSP bundle from 1:35 to BPA
[2m2026-08-02T16:51:37.740062Z[0m [32m INFO[0m [2mhardy_cspcl::runtime[0m[2m:[0m Dispatched inbound CSP bundle from 1:35 to BPA
[2m2026-08-02T16:51:37.740318Z[0m [32m INFO[0m [2mhardy_cspcl::runtime[0m[2m:[0m Dispatched inbound CSP bundle from 1:35 to BPA
[2m2026-08-02T16:51:37.740499Z[0m [32m INFO[0m [2mhardy_cspcl::runtime[0m[2m:[0m Dispatched inbound CSP bundle from 1:35 to BPA
[2m2026-08-02T16:51:38.119537Z[0m [32m INFO[0m [2mhardy_cspcl::runtime[0m[2m:[0m Dispatched inbound CSP bundle from 1:35 to BPA
[2m2026-08-02T16:51:38.219752Z[0m [32m INFO[0m [2mhardy_cspcl::runtime[0m[2m:[0m Dispatched inbound CSP bundle from 1:35 to BPA
[2m2026-08-02T16:51:38.972162Z[0m [32m INFO[0m [2mhardy_cspcl::runtime[0m[2m:[0m Dispatched inbound CSP bundle from 1:35 to BPA
[2m2026-08-02T16:51:38.973163Z[0m [32m INFO[0m [2mhardy_cspcl::runtime[0m[2m:[0m Dispatched inbound CSP bundle from 1:35 to BPA
[2m2026-08-02T16:51:39.182964Z[0m [32m INFO[0m [2mhardy_cspcl::runtime[0m[2m:[0m Dispatched inbound CSP bundle from 1:35 to BPA
[2m2026-08-02T16:51:39.183883Z[0m [32m INFO[0m [2mhardy_cspcl::runtime[0m[2m:[0m Dispatched inbound CSP bundle from 1:35 to BPA
[2m2026-08-02T16:51:39.184583Z[0m [32m INFO[0m [2mhardy_cspcl::runtime[0m[2m:[0m Dispatched inbound CSP bundle from 1:35 to BPA
[2m2026-08-02T16:51:39.185439Z[0m [32m INFO[0m [2mhardy_cspcl::runtime[0m[2m:[0m Dispatched inbound CSP bundle from 1:35 to BPA
[2m2026-08-02T16:51:39.186397Z[0m [32m INFO[0m [2mhardy_cspcl::runtime[0m[2m:[0m Dispatched inbound CSP bundle from 1:35 to BPA
[2m2026-08-02T16:51:39.283768Z[0m [32m INFO[0m [2mhardy_cspcl::runtime[0m[2m:[0m Dispatched inbound CSP bundle from 1:35 to BPA
[2m2026-08-02T16:51:39.685745Z[0m [32m INFO[0m [2mhardy_cspcl::runtime[0m[2m:[0m Dispatched inbound CSP bundle from 1:35 to BPA
[2m2026-08-02T16:51:39.785735Z[0m [32m INFO[0m [2mhardy_cspcl::runtime[0m[2m:[0m Dispatched inbound CSP bundle from 1:35 to BPA
[2m2026-08-02T16:51:40.510679Z[0m [32m INFO[0m [2mhardy_cspcl::runtime[0m[2m:[0m Dispatched inbound CSP bundle from 1:35 to BPA
[2m2026-08-02T16:51:40.510940Z[0m [32m INFO[0m [2mhardy_cspcl::runtime[0m[2m:[0m Dispatched inbound CSP bundle from 1:35 to BPA
[2m2026-08-02T16:51:40.611885Z[0m [32m INFO[0m [2mhardy_cspcl::runtime[0m[2m:[0m Dispatched inbound CSP bundle from 1:35 to BPA
[2m2026-08-02T16:51:40.835192Z[0m [32m INFO[0m [2mhardy_cspcl::runtime[0m[2m:[0m Dispatched inbound CSP bundle from 1:35 to BPA
[2m2026-08-02T16:51:40.836165Z[0m [32m INFO[0m [2mhardy_cspcl::runtime[0m[2m:[0m Dispatched inbound CSP bundle from 1:35 to BPA
[2m2026-08-02T16:51:40.837066Z[0m [32m INFO[0m [2mhardy_cspcl::runtime[0m[2m:[0m Dispatched inbound CSP bundle from 1:35 to BPA
[2m2026-08-02T16:51:40.837653Z[0m [32m INFO[0m [2mhardy_cspcl::runtime[0m[2m:[0m Dispatched inbound CSP bundle from 1:35 to BPA
[2m2026-08-02T16:51:40.838280Z[0m [32m INFO[0m [2mhardy_cspcl::runtime[0m[2m:[0m Dispatched inbound CSP bundle from 1:35 to BPA
[2m2026-08-02T16:51:41.140223Z[0m [32m INFO[0m [2mhardy_cspcl::runtime[0m[2m:[0m Dispatched inbound CSP bundle from 1:35 to BPA
[2m2026-08-02T16:51:41.240793Z[0m [32m INFO[0m [2mhardy_cspcl::runtime[0m[2m:[0m Dispatched inbound CSP bundle from 1:35 to BPA
[2m2026-08-02T16:51:41.962284Z[0m [32m INFO[0m [2mhardy_cspcl::runtime[0m[2m:[0m Dispatched inbound CSP bundle from 1:35 to BPA
[2m2026-08-02T16:51:41.962473Z[0m [32m INFO[0m [2mhardy_cspcl::runtime[0m[2m:[0m Dispatched inbound CSP bundle from 1:35 to BPA
[2m2026-08-02T16:51:42.163203Z[0m [32m INFO[0m [2mhardy_cspcl::runtime[0m[2m:[0m Dispatched inbound CSP bundle from 1:35 to BPA
[2m2026-08-02T16:51:42.163699Z[0m [32m INFO[0m [2mhardy_cspcl::runtime[0m[2m:[0m Dispatched inbound CSP bundle from 1:35 to BPA
[2m2026-08-02T16:51:42.164126Z[0m [32m INFO[0m [2mhardy_cspcl::runtime[0m[2m:[0m Dispatched inbound CSP bundle from 1:35 to BPA
[2m2026-08-02T16:51:42.263951Z[0m [32m INFO[0m [2mhardy_cspcl::runtime[0m[2m:[0m Dispatched inbound CSP bundle from 1:35 to BPA
[2m2026-08-02T16:51:42.264680Z[0m [32m INFO[0m [2mhardy_cspcl::runtime[0m[2m:[0m Dispatched inbound CSP bundle from 1:35 to BPA
[2m2026-08-02T16:51:42.364784Z[0m [32m INFO[0m [2mhardy_cspcl::runtime[0m[2m:[0m Dispatched inbound CSP bundle from 1:35 to BPA
[2m2026-08-02T16:51:42.667523Z[0m [32m INFO[0m [2mhardy_cspcl::runtime[0m[2m:[0m Dispatched inbound CSP bundle from 1:35 to BPA
[2m2026-08-02T16:51:42.868707Z[0m [32m INFO[0m [2mhardy_cspcl::runtime[0m[2m:[0m Dispatched inbound CSP bundle from 1:35 to BPA
[2m2026-08-02T16:51:43.703069Z[0m [32m INFO[0m [2mhardy_cspcl::runtime[0m[2m:[0m Dispatched inbound CSP bundle from 1:35 to BPA
[2m2026-08-02T16:51:43.703344Z[0m [32m INFO[0m [2mhardy_cspcl::runtime[0m[2m:[0m Dispatched inbound CSP bundle from 1:35 to BPA
[2m2026-08-02T16:51:43.738947Z[0m [32m INFO[0m [2mhardy_cspcl::runtime[0m[2m:[0m Dispatched inbound CSP bundle from 1:35 to BPA
[2m2026-08-02T16:51:43.826866Z[0m [32m INFO[0m [2mhardy_cspcl::runtime[0m[2m:[0m Dispatched inbound CSP bundle from 1:35 to BPA
[2m2026-08-02T16:51:43.827549Z[0m [32m INFO[0m [2mhardy_cspcl::runtime[0m[2m:[0m Dispatched inbound CSP bundle from 1:35 to BPA
[2m2026-08-02T16:51:43.828266Z[0m [32m INFO[0m [2mhardy_cspcl::runtime[0m[2m:[0m Dispatched inbound CSP bundle from 1:35 to BPA
[2m2026-08-02T16:51:43.829085Z[0m [32m INFO[0m [2mhardy_cspcl::runtime[0m[2m:[0m Dispatched inbound CSP bundle from 1:35 to BPA
[2m2026-08-02T16:51:43.904544Z[0m [32m INFO[0m [2mhardy_cspcl::runtime[0m[2m:[0m Dispatched inbound CSP bundle from 1:35 to BPA
[2m2026-08-02T16:51:44.306349Z[0m [32m INFO[0m [2mhardy_cspcl::runtime[0m[2m:[0m Dispatched inbound CSP bundle from 1:35 to BPA
[2m2026-08-02T16:51:44.307132Z[0m [32m INFO[0m [2mhardy_cspcl::runtime[0m[2m:[0m Dispatched inbound CSP bundle from 1:35 to BPA
[2m2026-08-02T16:51:45.139790Z[0m [32m INFO[0m [2mhardy_cspcl::runtime[0m[2m:[0m Dispatched inbound CSP bundle from 1:35 to BPA
[2m2026-08-02T16:51:45.139965Z[0m [32m INFO[0m [2mhardy_cspcl::runtime[0m[2m:[0m Dispatched inbound CSP bundle from 1:35 to BPA
[2m2026-08-02T16:51:45.240781Z[0m [32m INFO[0m [2mhardy_cspcl::runtime[0m[2m:[0m Dispatched inbound CSP bundle from 1:35 to BPA
[2m2026-08-02T16:51:45.565142Z[0m [32m INFO[0m [2mhardy_cspcl::runtime[0m[2m:[0m Dispatched inbound CSP bundle from 1:35 to BPA
[2m2026-08-02T16:51:45.565727Z[0m [32m INFO[0m [2mhardy_cspcl::runtime[0m[2m:[0m Dispatched inbound CSP bundle from 1:35 to BPA
[2m2026-08-02T16:51:45.566714Z[0m [32m INFO[0m [2mhardy_cspcl::runtime[0m[2m:[0m Dispatched inbound CSP bundle from 1:35 to BPA
[2m2026-08-02T16:51:45.567396Z[0m [32m INFO[0m [2mhardy_cspcl::runtime[0m[2m:[0m Dispatched inbound CSP bundle from 1:35 to BPA
[2m2026-08-02T16:51:45.568263Z[0m [32m INFO[0m [2mhardy_cspcl::runtime[0m[2m:[0m Dispatched inbound CSP bundle from 1:35 to BPA
[2m2026-08-02T16:51:45.766304Z[0m [32m INFO[0m [2mhardy_cspcl::runtime[0m[2m:[0m Dispatched inbound CSP bundle from 1:35 to BPA
[2m2026-08-02T16:51:45.866356Z[0m [32m INFO[0m [2mhardy_cspcl::runtime[0m[2m:[0m Dispatched inbound CSP bundle from 1:35 to BPA
[2m2026-08-02T16:51:46.691504Z[0m [32m INFO[0m [2mhardy_cspcl::runtime[0m[2m:[0m Dispatched inbound CSP bundle from 1:35 to BPA
[2m2026-08-02T16:51:46.691878Z[0m [32m INFO[0m [2mhardy_cspcl::runtime[0m[2m:[0m Dispatched inbound CSP bundle from 1:35 to BPA
[2m2026-08-02T16:51:46.802415Z[0m [32m INFO[0m [2mhardy_cspcl::runtime[0m[2m:[0m Dispatched inbound CSP bundle from 1:35 to BPA
[2m2026-08-02T16:51:46.803242Z[0m [32m INFO[0m [2mhardy_cspcl::runtime[0m[2m:[0m Dispatched inbound CSP bundle from 1:35 to BPA
[2m2026-08-02T16:51:46.803867Z[0m [32m INFO[0m [2mhardy_cspcl::runtime[0m[2m:[0m Dispatched inbound CSP bundle from 1:35 to BPA
[2m2026-08-02T16:51:46.804361Z[0m [32m INFO[0m [2mhardy_cspcl::runtime[0m[2m:[0m Dispatched inbound CSP bundle from 1:35 to BPA
[2m2026-08-02T16:51:46.804906Z[0m [32m INFO[0m [2mhardy_cspcl::runtime[0m[2m:[0m Dispatched inbound CSP bundle from 1:35 to BPA
[2m2026-08-02T16:51:47.105998Z[0m [32m INFO[0m [2mhardy_cspcl::runtime[0m[2m:[0m Dispatched inbound CSP bundle from 1:35 to BPA
[2m2026-08-02T16:51:47.308078Z[0m [32m INFO[0m [2mhardy_cspcl::runtime[0m[2m:[0m Dispatched inbound CSP bundle from 1:35 to BPA
[2m2026-08-02T16:51:47.407936Z[0m [32m INFO[0m [2mhardy_cspcl::runtime[0m[2m:[0m Dispatched inbound CSP bundle from 1:35 to BPA
[2m2026-08-02T16:51:48.642225Z[0m [32m INFO[0m [2mhardy_cspcl::runtime[0m[2m:[0m Dispatched inbound CSP bundle from 1:35 to BPA
[2m2026-08-02T16:51:48.642643Z[0m [32m INFO[0m [2mhardy_cspcl::runtime[0m[2m:[0m Dispatched inbound CSP bundle from 1:35 to BPA
[2m2026-08-02T16:51:48.679739Z[0m [32m INFO[0m [2mhardy_cspcl::runtime[0m[2m:[0m Dispatched inbound CSP bundle from 1:35 to BPA
[2m2026-08-02T16:51:48.766794Z[0m [32m INFO[0m [2mhardy_cspcl::runtime[0m[2m:[0m Dispatched inbound CSP bundle from 1:35 to BPA
[2m2026-08-02T16:51:48.767398Z[0m [32m INFO[0m [2mhardy_cspcl::runtime[0m[2m:[0m Dispatched inbound CSP bundle from 1:35 to BPA
[2m2026-08-02T16:51:48.768201Z[0m [32m INFO[0m [2mhardy_cspcl::runtime[0m[2m:[0m Dispatched inbound CSP bundle from 1:35 to BPA
[2m2026-08-02T16:51:48.768855Z[0m [32m INFO[0m [2mhardy_cspcl::runtime[0m[2m:[0m Dispatched inbound CSP bundle from 1:35 to BPA
[2m2026-08-02T16:51:48.769365Z[0m [32m INFO[0m [2mhardy_cspcl::runtime[0m[2m:[0m Dispatched inbound CSP bundle from 1:35 to BPA
[2m2026-08-02T16:51:48.843828Z[0m [32m INFO[0m [2mhardy_cspcl::runtime[0m[2m:[0m Dispatched inbound CSP bundle from 1:35 to BPA
[2m2026-08-02T16:51:48.945135Z[0m [32m INFO[0m [2mhardy_cspcl::runtime[0m[2m:[0m Dispatched inbound CSP bundle from 1:35 to BPA
[2m2026-08-02T16:51:49.871686Z[0m [32m INFO[0m [2mhardy_cspcl::runtime[0m[2m:[0m Dispatched inbound CSP bundle from 1:35 to BPA
[2m2026-08-02T16:51:49.872012Z[0m [32m INFO[0m [2mhardy_cspcl::runtime[0m[2m:[0m Dispatched inbound CSP bundle from 1:35 to BPA
[2m2026-08-02T16:51:49.972902Z[0m [32m INFO[0m [2mhardy_cspcl::runtime[0m[2m:[0m Dispatched inbound CSP bundle from 1:35 to BPA
[2m2026-08-02T16:51:50.072954Z[0m [32m INFO[0m [2mhardy_cspcl::runtime[0m[2m:[0m Dispatched inbound CSP bundle from 1:35 to BPA
[2m2026-08-02T16:51:50.274482Z[0m [32m INFO[0m [2mhardy_cspcl::runtime[0m[2m:[0m Dispatched inbound CSP bundle from 1:35 to BPA
[2m2026-08-02T16:51:50.283485Z[0m [32m INFO[0m [2mhardy_cspcl::runtime[0m[2m:[0m Dispatched inbound CSP bundle from 1:35 to BPA
[2m2026-08-02T16:51:50.284179Z[0m [32m INFO[0m [2mhardy_cspcl::runtime[0m[2m:[0m Dispatched inbound CSP bundle from 1:35 to BPA
[2m2026-08-02T16:51:50.285146Z[0m [32m INFO[0m [2mhardy_cspcl::runtime[0m[2m:[0m Dispatched inbound CSP bundle from 1:35 to BPA
[2m2026-08-02T16:51:50.476030Z[0m [32m INFO[0m [2mhardy_cspcl::runtime[0m[2m:[0m Dispatched inbound CSP bundle from 1:35 to BPA
[2m2026-08-02T16:51:50.476754Z[0m [32m INFO[0m [2mhardy_cspcl::runtime[0m[2m:[0m Dispatched inbound CSP bundle from 1:35 to BPA
[2m2026-08-02T16:51:51.303941Z[0m [32m INFO[0m [2mhardy_cspcl::runtime[0m[2m:[0m Dispatched inbound CSP bundle from 1:35 to BPA
[2m2026-08-02T16:51:51.304102Z[0m [32m INFO[0m [2mhardy_cspcl::runtime[0m[2m:[0m Dispatched inbound CSP bundle from 1:35 to BPA
[2m2026-08-02T16:51:51.381394Z[0m [32m INFO[0m [2mhardy_cspcl::runtime[0m[2m:[0m Dispatched inbound CSP bundle from 1:35 to BPA
[2m2026-08-02T16:51:51.382047Z[0m [32m INFO[0m [2mhardy_cspcl::runtime[0m[2m:[0m Dispatched inbound CSP bundle from 1:35 to BPA
[2m2026-08-02T16:51:51.382907Z[0m [32m INFO[0m [2mhardy_cspcl::runtime[0m[2m:[0m Dispatched inbound CSP bundle from 1:35 to BPA
[2m2026-08-02T16:51:51.405059Z[0m [32m INFO[0m [2mhardy_cspcl::runtime[0m[2m:[0m Dispatched inbound CSP bundle from 1:35 to BPA
[2m2026-08-02T16:51:51.606197Z[0m [32m INFO[0m [2mhardy_cspcl::runtime[0m[2m:[0m Dispatched inbound CSP bundle from 1:35 to BPA
[2m2026-08-02T16:51:51.606970Z[0m [32m INFO[0m [2mhardy_cspcl::runtime[0m[2m:[0m Dispatched inbound CSP bundle from 1:35 to BPA
[2m2026-08-02T16:51:52.008535Z[0m [32m INFO[0m [2mhardy_cspcl::runtime[0m[2m:[0m Dispatched inbound CSP bundle from 1:35 to BPA
[2m2026-08-02T16:51:52.009072Z[0m [32m INFO[0m [2mhardy_cspcl::runtime[0m[2m:[0m Dispatched inbound CSP bundle from 1:35 to BPA
[2m2026-08-02T16:51:52.938621Z[0m [32m INFO[0m [2mhardy_cspcl::runtime[0m[2m:[0m Dispatched inbound CSP bundle from 1:35 to BPA
[2m2026-08-02T16:51:52.938924Z[0m [32m INFO[0m [2mhardy_cspcl::runtime[0m[2m:[0m Dispatched inbound CSP bundle from 1:35 to BPA
[2m2026-08-02T16:51:52.975708Z[0m [32m INFO[0m [2mhardy_cspcl::runtime[0m[2m:[0m Dispatched inbound CSP bundle from 1:35 to BPA
[2m2026-08-02T16:51:53.062705Z[0m [32m INFO[0m [2mhardy_cspcl::runtime[0m[2m:[0m Dispatched inbound CSP bundle from 1:35 to BPA
[2m2026-08-02T16:51:53.063610Z[0m [32m INFO[0m [2mhardy_cspcl::runtime[0m[2m:[0m Dispatched inbound CSP bundle from 1:35 to BPA
[2m2026-08-02T16:51:53.064590Z[0m [32m INFO[0m [2mhardy_cspcl::runtime[0m[2m:[0m Dispatched inbound CSP bundle from 1:35 to BPA
[2m2026-08-02T16:51:53.065221Z[0m [32m INFO[0m [2mhardy_cspcl::runtime[0m[2m:[0m Dispatched inbound CSP bundle from 1:35 to BPA
[2m2026-08-02T16:51:53.140004Z[0m [32m INFO[0m [2mhardy_cspcl::runtime[0m[2m:[0m Dispatched inbound CSP bundle from 1:35 to BPA
[2m2026-08-02T16:51:53.542395Z[0m [32m INFO[0m [2mhardy_cspcl::runtime[0m[2m:[0m Dispatched inbound CSP bundle from 1:35 to BPA
[2m2026-08-02T16:51:53.543514Z[0m [32m INFO[0m [2mhardy_cspcl::runtime[0m[2m:[0m Dispatched inbound CSP bundle from 1:35 to BPA
[2m2026-08-02T16:51:54.373781Z[0m [32m INFO[0m [2mhardy_cspcl::runtime[0m[2m:[0m Dispatched inbound CSP bundle from 1:35 to BPA
[2m2026-08-02T16:51:54.374265Z[0m [32m INFO[0m [2mhardy_cspcl::runtime[0m[2m:[0m Dispatched inbound CSP bundle from 1:35 to BPA
[2m2026-08-02T16:51:54.475105Z[0m [32m INFO[0m [2mhardy_cspcl::runtime[0m[2m:[0m Dispatched inbound CSP bundle from 1:35 to BPA
[2m2026-08-02T16:51:54.798764Z[0m [32m INFO[0m [2mhardy_cspcl::runtime[0m[2m:[0m Dispatched inbound CSP bundle from 1:35 to BPA
[2m2026-08-02T16:51:54.799689Z[0m [32m INFO[0m [2mhardy_cspcl::runtime[0m[2m:[0m Dispatched inbound CSP bundle from 1:35 to BPA
[2m2026-08-02T16:51:54.800431Z[0m [32m INFO[0m [2mhardy_cspcl::runtime[0m[2m:[0m Dispatched inbound CSP bundle from 1:35 to BPA
[2m2026-08-02T16:51:54.801065Z[0m [32m INFO[0m [2mhardy_cspcl::runtime[0m[2m:[0m Dispatched inbound CSP bundle from 1:35 to BPA
[2m2026-08-02T16:51:54.801477Z[0m [32m INFO[0m [2mhardy_cspcl::runtime[0m[2m:[0m Dispatched inbound CSP bundle from 1:35 to BPA
[2m2026-08-02T16:51:55.010004Z[0m [32m INFO[0m [2mhardy_cspcl::runtime[0m[2m:[0m Dispatched inbound CSP bundle from 1:35 to BPA
[2m2026-08-02T16:51:55.100061Z[0m [32m INFO[0m [2mhardy_cspcl::runtime[0m[2m:[0m Dispatched inbound CSP bundle from 1:35 to BPA
[2m2026-08-02T16:51:55.929716Z[0m [32m INFO[0m [2mhardy_cspcl::runtime[0m[2m:[0m Dispatched inbound CSP bundle from 1:35 to BPA
[2m2026-08-02T16:51:55.929992Z[0m [32m INFO[0m [2mhardy_cspcl::runtime[0m[2m:[0m Dispatched inbound CSP bundle from 1:35 to BPA
[2m2026-08-02T16:51:56.044035Z[0m [32m INFO[0m [2mhardy_cspcl::runtime[0m[2m:[0m Dispatched inbound CSP bundle from 1:35 to BPA
[2m2026-08-02T16:51:56.044788Z[0m [32m INFO[0m [2mhardy_cspcl::runtime[0m[2m:[0m Dispatched inbound CSP bundle from 1:35 to BPA
[2m2026-08-02T16:51:56.146063Z[0m [32m INFO[0m [2mhardy_cspcl::runtime[0m[2m:[0m Dispatched inbound CSP bundle from 1:35 to BPA
[2m2026-08-02T16:51:56.346764Z[0m [32m INFO[0m [2mhardy_cspcl::runtime[0m[2m:[0m Dispatched inbound CSP bundle from 1:35 to BPA
[2m2026-08-02T16:51:56.347540Z[0m [32m INFO[0m [2mhardy_cspcl::runtime[0m[2m:[0m Dispatched inbound CSP bundle from 1:35 to BPA
[2m2026-08-02T16:51:56.348094Z[0m [32m INFO[0m [2mhardy_cspcl::runtime[0m[2m:[0m Dispatched inbound CSP bundle from 1:35 to BPA
[2m2026-08-02T16:51:56.548060Z[0m [32m INFO[0m [2mhardy_cspcl::runtime[0m[2m:[0m Dispatched inbound CSP bundle from 1:35 to BPA
[2m2026-08-02T16:51:56.948738Z[0m [32m INFO[0m [2mhardy_cspcl::runtime[0m[2m:[0m Dispatched inbound CSP bundle from 1:35 to BPA
[2m2026-08-02T16:51:57.574324Z[0m [32m INFO[0m [2mhardy_cspcl::runtime[0m[2m:[0m Dispatched inbound CSP bundle from 1:35 to BPA
[2m2026-08-02T16:51:57.574505Z[0m [32m INFO[0m [2mhardy_cspcl::runtime[0m[2m:[0m Dispatched inbound CSP bundle from 1:35 to BPA
[2m2026-08-02T16:51:57.688760Z[0m [32m INFO[0m [2mhardy_cspcl::runtime[0m[2m:[0m Dispatched inbound CSP bundle from 1:35 to BPA
[2m2026-08-02T16:51:57.689552Z[0m [32m INFO[0m [2mhardy_cspcl::runtime[0m[2m:[0m Dispatched inbound CSP bundle from 1:35 to BPA
[2m2026-08-02T16:51:57.690389Z[0m [32m INFO[0m [2mhardy_cspcl::runtime[0m[2m:[0m Dispatched inbound CSP bundle from 1:35 to BPA
[2m2026-08-02T16:51:57.690726Z[0m [32m INFO[0m [2mhardy_cspcl::runtime[0m[2m:[0m Dispatched inbound CSP bundle from 1:35 to BPA
[2m2026-08-02T16:51:57.691213Z[0m [32m INFO[0m [2mhardy_cspcl::runtime[0m[2m:[0m Dispatched inbound CSP bundle from 1:35 to BPA
[2m2026-08-02T16:51:57.775873Z[0m [32m INFO[0m [2mhardy_cspcl::runtime[0m[2m:[0m Dispatched inbound CSP bundle from 1:35 to BPA
[2m2026-08-02T16:51:58.177921Z[0m [32m INFO[0m [2mhardy_cspcl::runtime[0m[2m:[0m Dispatched inbound CSP bundle from 1:35 to BPA
[2m2026-08-02T16:51:58.278136Z[0m [32m INFO[0m [2mhardy_cspcl::runtime[0m[2m:[0m Dispatched inbound CSP bundle from 1:35 to BPA
[2m2026-08-02T16:51:59.009058Z[0m [32m INFO[0m [2mhardy_cspcl::runtime[0m[2m:[0m Dispatched inbound CSP bundle from 1:35 to BPA
[2m2026-08-02T16:51:59.009375Z[0m [32m INFO[0m [2mhardy_cspcl::runtime[0m[2m:[0m Dispatched inbound CSP bundle from 1:35 to BPA
[2m2026-08-02T16:51:59.123764Z[0m [32m INFO[0m [2mhardy_cspcl::runtime[0m[2m:[0m Dispatched inbound CSP bundle from 1:35 to BPA
[2m2026-08-02T16:51:59.124434Z[0m [32m INFO[0m [2mhardy_cspcl::runtime[0m[2m:[0m Dispatched inbound CSP bundle from 1:35 to BPA
[2m2026-08-02T16:51:59.325987Z[0m [32m INFO[0m [2mhardy_cspcl::runtime[0m[2m:[0m Dispatched inbound CSP bundle from 1:35 to BPA
[2m2026-08-02T16:51:59.326920Z[0m [32m INFO[0m [2mhardy_cspcl::runtime[0m[2m:[0m Dispatched inbound CSP bundle from 1:35 to BPA
[2m2026-08-02T16:51:59.327671Z[0m [32m INFO[0m [2mhardy_cspcl::runtime[0m[2m:[0m Dispatched inbound CSP bundle from 1:35 to BPA
[2m2026-08-02T16:51:59.328456Z[0m [32m INFO[0m [2mhardy_cspcl::runtime[0m[2m:[0m Dispatched inbound CSP bundle from 1:35 to BPA
[2m2026-08-02T16:51:59.629668Z[0m [32m INFO[0m [2mhardy_cspcl::runtime[0m[2m:[0m Dispatched inbound CSP bundle from 1:35 to BPA
[2m2026-08-02T16:51:59.730916Z[0m [32m INFO[0m [2mhardy_cspcl::runtime[0m[2m:[0m Dispatched inbound CSP bundle from 1:35 to BPA
[2m2026-08-02T16:52:00.659160Z[0m [32m INFO[0m [2mhardy_cspcl::runtime[0m[2m:[0m Dispatched inbound CSP bundle from 1:35 to BPA
[2m2026-08-02T16:52:00.659513Z[0m [32m INFO[0m [2mhardy_cspcl::runtime[0m[2m:[0m Dispatched inbound CSP bundle from 1:35 to BPA
[2m2026-08-02T16:52:00.696640Z[0m [32m INFO[0m [2mhardy_cspcl::runtime[0m[2m:[0m Dispatched inbound CSP bundle from 1:35 to BPA
[2m2026-08-02T16:52:00.782655Z[0m [32m INFO[0m [2mhardy_cspcl::runtime[0m[2m:[0m Dispatched inbound CSP bundle from 1:35 to BPA
[2m2026-08-02T16:52:00.783095Z[0m [32m INFO[0m [2mhardy_cspcl::runtime[0m[2m:[0m Dispatched inbound CSP bundle from 1:35 to BPA
[2m2026-08-02T16:52:00.783594Z[0m [32m INFO[0m [2mhardy_cspcl::runtime[0m[2m:[0m Dispatched inbound CSP bundle from 1:35 to BPA
[2m2026-08-02T16:52:00.783949Z[0m [32m INFO[0m [2mhardy_cspcl::runtime[0m[2m:[0m Dispatched inbound CSP bundle from 1:35 to BPA
[2m2026-08-02T16:52:00.784238Z[0m [32m INFO[0m [2mhardy_cspcl::runtime[0m[2m:[0m Dispatched inbound CSP bundle from 1:35 to BPA
[2m2026-08-02T16:52:01.262722Z[0m [32m INFO[0m [2mhardy_cspcl::runtime[0m[2m:[0m Dispatched inbound CSP bundle from 1:35 to BPA
[2m2026-08-02T16:52:01.263694Z[0m [32m INFO[0m [2mhardy_cspcl::runtime[0m[2m:[0m Dispatched inbound CSP bundle from 1:35 to BPA
[2m2026-08-02T16:52:01.983145Z[0m [32m INFO[0m [2mhardy_cspcl::runtime[0m[2m:[0m Dispatched inbound CSP bundle from 1:35 to BPA
[2m2026-08-02T16:52:01.983553Z[0m [32m INFO[0m [2mhardy_cspcl::runtime[0m[2m:[0m Dispatched inbound CSP bundle from 1:35 to BPA
[2m2026-08-02T16:52:02.097464Z[0m [32m INFO[0m [2mhardy_cspcl::runtime[0m[2m:[0m Dispatched inbound CSP bundle from 1:35 to BPA
[2m2026-08-02T16:52:02.298621Z[0m [32m INFO[0m [2mhardy_cspcl::runtime[0m[2m:[0m Dispatched inbound CSP bundle from 1:35 to BPA
[2m2026-08-02T16:52:02.299203Z[0m [32m INFO[0m [2mhardy_cspcl::runtime[0m[2m:[0m Dispatched inbound CSP bundle from 1:35 to BPA
[2m2026-08-02T16:52:02.299766Z[0m [32m INFO[0m [2mhardy_cspcl::runtime[0m[2m:[0m Dispatched inbound CSP bundle from 1:35 to BPA
[2m2026-08-02T16:52:02.300586Z[0m [32m INFO[0m [2mhardy_cspcl::runtime[0m[2m:[0m Dispatched inbound CSP bundle from 1:35 to BPA
[2m2026-08-02T16:52:02.399359Z[0m [32m INFO[0m [2mhardy_cspcl::runtime[0m[2m:[0m Dispatched inbound CSP bundle from 1:35 to BPA
[2m2026-08-02T16:52:02.801161Z[0m [32m INFO[0m [2mhardy_cspcl::runtime[0m[2m:[0m Dispatched inbound CSP bundle from 1:35 to BPA
[2m2026-08-02T16:52:02.801987Z[0m [32m INFO[0m [2mhardy_cspcl::runtime[0m[2m:[0m Dispatched inbound CSP bundle from 1:35 to BPA
[2m2026-08-02T16:52:03.733971Z[0m [32m INFO[0m [2mhardy_cspcl::runtime[0m[2m:[0m Dispatched inbound CSP bundle from 1:35 to BPA
[2m2026-08-02T16:52:03.734208Z[0m [32m INFO[0m [2mhardy_cspcl::runtime[0m[2m:[0m Dispatched inbound CSP bundle from 1:35 to BPA
[2m2026-08-02T16:52:03.848607Z[0m [32m INFO[0m [2mhardy_cspcl::runtime[0m[2m:[0m Dispatched inbound CSP bundle from 1:35 to BPA
[2m2026-08-02T16:52:03.849404Z[0m [32m INFO[0m [2mhardy_cspcl::runtime[0m[2m:[0m Dispatched inbound CSP bundle from 1:35 to BPA
[2m2026-08-02T16:52:03.850163Z[0m [32m INFO[0m [2mhardy_cspcl::runtime[0m[2m:[0m Dispatched inbound CSP bundle from 1:35 to BPA
[2m2026-08-02T16:52:03.850603Z[0m [32m INFO[0m [2mhardy_cspcl::runtime[0m[2m:[0m Dispatched inbound CSP bundle from 1:35 to BPA
[2m2026-08-02T16:52:03.935218Z[0m [32m INFO[0m [2mhardy_cspcl::runtime[0m[2m:[0m Dispatched inbound CSP bundle from 1:35 to BPA
[2m2026-08-02T16:52:04.136069Z[0m [32m INFO[0m [2mhardy_cspcl::runtime[0m[2m:[0m Dispatched inbound CSP bundle from 1:35 to BPA
[2m2026-08-02T16:52:04.337428Z[0m [32m INFO[0m [2mhardy_cspcl::runtime[0m[2m:[0m Dispatched inbound CSP bundle from 1:35 to BPA
[2m2026-08-02T16:52:04.338311Z[0m [32m INFO[0m [2mhardy_cspcl::runtime[0m[2m:[0m Dispatched inbound CSP bundle from 1:35 to BPA
[2m2026-08-02T16:52:05.169023Z[0m [32m INFO[0m [2mhardy_cspcl::runtime[0m[2m:[0m Dispatched inbound CSP bundle from 1:35 to BPA
[2m2026-08-02T16:52:05.169358Z[0m [32m INFO[0m [2mhardy_cspcl::runtime[0m[2m:[0m Dispatched inbound CSP bundle from 1:35 to BPA
[2m2026-08-02T16:52:05.288921Z[0m [32m INFO[0m [2mhardy_cspcl::runtime[0m[2m:[0m Dispatched inbound CSP bundle from 1:35 to BPA
[2m2026-08-02T16:52:05.490908Z[0m [32m INFO[0m [2mhardy_cspcl::runtime[0m[2m:[0m Dispatched inbound CSP bundle from 1:35 to BPA
[2m2026-08-02T16:52:05.500036Z[0m [32m INFO[0m [2mhardy_cspcl::runtime[0m[2m:[0m Dispatched inbound CSP bundle from 1:35 to BPA
[2m2026-08-02T16:52:05.500835Z[0m [32m INFO[0m [2mhardy_cspcl::runtime[0m[2m:[0m Dispatched inbound CSP bundle from 1:35 to BPA
[2m2026-08-02T16:52:05.600136Z[0m [32m INFO[0m [2mhardy_cspcl::runtime[0m[2m:[0m Dispatched inbound CSP bundle from 1:35 to BPA
[2m2026-08-02T16:52:05.601346Z[0m [32m INFO[0m [2mhardy_cspcl::runtime[0m[2m:[0m Dispatched inbound CSP bundle from 1:35 to BPA
[2m2026-08-02T16:52:05.801391Z[0m [32m INFO[0m [2mhardy_cspcl::runtime[0m[2m:[0m Dispatched inbound CSP bundle from 1:35 to BPA
[2m2026-08-02T16:52:05.901168Z[0m [32m INFO[0m [2mhardy_cspcl::runtime[0m[2m:[0m Dispatched inbound CSP bundle from 1:35 to BPA
[2m2026-08-02T16:52:06.732413Z[0m [32m INFO[0m [2mhardy_cspcl::runtime[0m[2m:[0m Dispatched inbound CSP bundle from 1:35 to BPA
[2m2026-08-02T16:52:06.732632Z[0m [32m INFO[0m [2mhardy_cspcl::runtime[0m[2m:[0m Dispatched inbound CSP bundle from 1:35 to BPA
[2m2026-08-02T16:52:06.846106Z[0m [32m INFO[0m [2mhardy_cspcl::runtime[0m[2m:[0m Dispatched inbound CSP bundle from 1:35 to BPA
[2m2026-08-02T16:52:06.846702Z[0m [32m INFO[0m [2mhardy_cspcl::runtime[0m[2m:[0m Dispatched inbound CSP bundle from 1:35 to BPA
[2m2026-08-02T16:52:06.947762Z[0m [32m INFO[0m [2mhardy_cspcl::runtime[0m[2m:[0m Dispatched inbound CSP bundle from 1:35 to BPA
[2m2026-08-02T16:52:07.248379Z[0m [32m INFO[0m [2mhardy_cspcl::runtime[0m[2m:[0m Dispatched inbound CSP bundle from 1:35 to BPA
[2m2026-08-02T16:52:07.249163Z[0m [32m INFO[0m [2mhardy_cspcl::runtime[0m[2m:[0m Dispatched inbound CSP bundle from 1:35 to BPA
[2m2026-08-02T16:52:07.250194Z[0m [32m INFO[0m [2mhardy_cspcl::runtime[0m[2m:[0m Dispatched inbound CSP bundle from 1:35 to BPA
[2m2026-08-02T16:52:07.349213Z[0m [32m INFO[0m [2mhardy_cspcl::runtime[0m[2m:[0m Dispatched inbound CSP bundle from 1:35 to BPA
[2m2026-08-02T16:52:07.449910Z[0m [32m INFO[0m [2mhardy_cspcl::runtime[0m[2m:[0m Dispatched inbound CSP bundle from 1:35 to BPA
[2m2026-08-02T16:52:08.279996Z[0m [32m INFO[0m [2mhardy_cspcl::runtime[0m[2m:[0m Dispatched inbound CSP bundle from 1:35 to BPA
[2m2026-08-02T16:52:08.280423Z[0m [32m INFO[0m [2mhardy_cspcl::runtime[0m[2m:[0m Dispatched inbound CSP bundle from 1:35 to BPA
[2m2026-08-02T16:52:08.396510Z[0m [32m INFO[0m [2mhardy_cspcl::runtime[0m[2m:[0m Dispatched inbound CSP bundle from 1:35 to BPA
[2m2026-08-02T16:52:08.397440Z[0m [32m INFO[0m [2mhardy_cspcl::runtime[0m[2m:[0m Dispatched inbound CSP bundle from 1:35 to BPA
[2m2026-08-02T16:52:08.398189Z[0m [32m INFO[0m [2mhardy_cspcl::runtime[0m[2m:[0m Dispatched inbound CSP bundle from 1:35 to BPA
[2m2026-08-02T16:52:08.399113Z[0m [32m INFO[0m [2mhardy_cspcl::runtime[0m[2m:[0m Dispatched inbound CSP bundle from 1:35 to BPA
[2m2026-08-02T16:52:08.399771Z[0m [32m INFO[0m [2mhardy_cspcl::runtime[0m[2m:[0m Dispatched inbound CSP bundle from 1:35 to BPA
[2m2026-08-02T16:52:08.600719Z[0m [32m INFO[0m [2mhardy_cspcl::runtime[0m[2m:[0m Dispatched inbound CSP bundle from 1:35 to BPA
[2m2026-08-02T16:52:08.901992Z[0m [32m INFO[0m [2mhardy_cspcl::runtime[0m[2m:[0m Dispatched inbound CSP bundle from 1:35 to BPA
[2m2026-08-02T16:52:09.002523Z[0m [32m INFO[0m [2mhardy_cspcl::runtime[0m[2m:[0m Dispatched inbound CSP bundle from 1:35 to BPA
[2m2026-08-02T16:52:10.132840Z[0m [32m INFO[0m [2mhardy_cspcl::runtime[0m[2m:[0m Dispatched inbound CSP bundle from 1:35 to BPA
[2m2026-08-02T16:52:10.133177Z[0m [32m INFO[0m [2mhardy_cspcl::runtime[0m[2m:[0m Dispatched inbound CSP bundle from 1:35 to BPA
[2m2026-08-02T16:52:10.169522Z[0m [32m INFO[0m [2mhardy_cspcl::runtime[0m[2m:[0m Dispatched inbound CSP bundle from 1:35 to BPA
[2m2026-08-02T16:52:10.257029Z[0m [32m INFO[0m [2mhardy_cspcl::runtime[0m[2m:[0m Dispatched inbound CSP bundle from 1:35 to BPA
[2m2026-08-02T16:52:10.257913Z[0m [32m INFO[0m [2mhardy_cspcl::runtime[0m[2m:[0m Dispatched inbound CSP bundle from 1:35 to BPA
[2m2026-08-02T16:52:10.258420Z[0m [32m INFO[0m [2mhardy_cspcl::runtime[0m[2m:[0m Dispatched inbound CSP bundle from 1:35 to BPA
[2m2026-08-02T16:52:10.258869Z[0m [32m INFO[0m [2mhardy_cspcl::runtime[0m[2m:[0m Dispatched inbound CSP bundle from 1:35 to BPA
[2m2026-08-02T16:52:10.259167Z[0m [32m INFO[0m [2mhardy_cspcl::runtime[0m[2m:[0m Dispatched inbound CSP bundle from 1:35 to BPA
[2m2026-08-02T16:52:10.434723Z[0m [32m INFO[0m [2mhardy_cspcl::runtime[0m[2m:[0m Dispatched inbound CSP bundle from 1:35 to BPA
[2m2026-08-02T16:52:10.535616Z[0m [32m INFO[0m [2mhardy_cspcl::runtime[0m[2m:[0m Dispatched inbound CSP bundle from 1:35 to BPA
[2m2026-08-02T16:52:11.363456Z[0m [32m INFO[0m [2mhardy_cspcl::runtime[0m[2m:[0m Dispatched inbound CSP bundle from 1:35 to BPA
[2m2026-08-02T16:52:11.363746Z[0m [32m INFO[0m [2mhardy_cspcl::runtime[0m[2m:[0m Dispatched inbound CSP bundle from 1:35 to BPA
[2m2026-08-02T16:52:11.464697Z[0m [32m INFO[0m [2mhardy_cspcl::runtime[0m[2m:[0m Dispatched inbound CSP bundle from 1:35 to BPA
[2m2026-08-02T16:52:11.587853Z[0m [32m INFO[0m [2mhardy_cspcl::runtime[0m[2m:[0m Dispatched inbound CSP bundle from 1:35 to BPA
[2m2026-08-02T16:52:11.788782Z[0m [32m INFO[0m [2mhardy_cspcl::runtime[0m[2m:[0m Dispatched inbound CSP bundle from 1:35 to BPA
[2m2026-08-02T16:52:11.789585Z[0m [32m INFO[0m [2mhardy_cspcl::runtime[0m[2m:[0m Dispatched inbound CSP bundle from 1:35 to BPA
[2m2026-08-02T16:52:11.790408Z[0m [32m INFO[0m [2mhardy_cspcl::runtime[0m[2m:[0m Dispatched inbound CSP bundle from 1:35 to BPA
[2m2026-08-02T16:52:11.790972Z[0m [32m INFO[0m [2mhardy_cspcl::runtime[0m[2m:[0m Dispatched inbound CSP bundle from 1:35 to BPA
[2m2026-08-02T16:52:11.990451Z[0m [32m INFO[0m [2mhardy_cspcl::runtime[0m[2m:[0m Dispatched inbound CSP bundle from 1:35 to BPA
[2m2026-08-02T16:52:12.391816Z[0m [32m INFO[0m [2mhardy_cspcl::runtime[0m[2m:[0m Dispatched inbound CSP bundle from 1:35 to BPA
[2m2026-08-02T16:52:13.017649Z[0m [32m INFO[0m [2mhardy_cspcl::runtime[0m[2m:[0m Dispatched inbound CSP bundle from 1:35 to BPA
[2m2026-08-02T16:52:13.017970Z[0m [32m INFO[0m [2mhardy_cspcl::runtime[0m[2m:[0m Dispatched inbound CSP bundle from 1:35 to BPA
[2m2026-08-02T16:52:13.132438Z[0m [32m INFO[0m [2mhardy_cspcl::runtime[0m[2m:[0m Dispatched inbound CSP bundle from 1:35 to BPA
[2m2026-08-02T16:52:13.133203Z[0m [32m INFO[0m [2mhardy_cspcl::runtime[0m[2m:[0m Dispatched inbound CSP bundle from 1:35 to BPA
[2m2026-08-02T16:52:13.134015Z[0m [32m INFO[0m [2mhardy_cspcl::runtime[0m[2m:[0m Dispatched inbound CSP bundle from 1:35 to BPA
[2m2026-08-02T16:52:13.134807Z[0m [32m INFO[0m [2mhardy_cspcl::runtime[0m[2m:[0m Dispatched inbound CSP bundle from 1:35 to BPA
[2m2026-08-02T16:52:13.135292Z[0m [32m INFO[0m [2mhardy_cspcl::runtime[0m[2m:[0m Dispatched inbound CSP bundle from 1:35 to BPA
[2m2026-08-02T16:52:13.135852Z[0m [32m INFO[0m [2mhardy_cspcl::runtime[0m[2m:[0m Dispatched inbound CSP bundle from 1:35 to BPA
[2m2026-08-02T16:52:13.520862Z[0m [32m INFO[0m [2mhardy_cspcl::runtime[0m[2m:[0m Dispatched inbound CSP bundle from 1:35 to BPA
[2m2026-08-02T16:52:13.621165Z[0m [32m INFO[0m [2mhardy_cspcl::runtime[0m[2m:[0m Dispatched inbound CSP bundle from 1:35 to BPA
[2m2026-08-02T16:52:14.349628Z[0m [32m INFO[0m [2mhardy_cspcl::runtime[0m[2m:[0m Dispatched inbound CSP bundle from 1:35 to BPA
[2m2026-08-02T16:52:14.349926Z[0m [32m INFO[0m [2mhardy_cspcl::runtime[0m[2m:[0m Dispatched inbound CSP bundle from 1:35 to BPA
[2m2026-08-02T16:52:14.587414Z[0m [32m INFO[0m [2mhardy_cspcl::runtime[0m[2m:[0m Dispatched inbound CSP bundle from 1:35 to BPA
[2m2026-08-02T16:52:14.588287Z[0m [32m INFO[0m [2mhardy_cspcl::runtime[0m[2m:[0m Dispatched inbound CSP bundle from 1:35 to BPA
[2m2026-08-02T16:52:14.588812Z[0m [32m INFO[0m [2mhardy_cspcl::runtime[0m[2m:[0m Dispatched inbound CSP bundle from 1:35 to BPA
[2m2026-08-02T16:52:14.589555Z[0m [32m INFO[0m [2mhardy_cspcl::runtime[0m[2m:[0m Dispatched inbound CSP bundle from 1:35 to BPA
[2m2026-08-02T16:52:14.590214Z[0m [32m INFO[0m [2mhardy_cspcl::runtime[0m[2m:[0m Dispatched inbound CSP bundle from 1:35 to BPA
[2m2026-08-02T16:52:14.688764Z[0m [32m INFO[0m [2mhardy_cspcl::runtime[0m[2m:[0m Dispatched inbound CSP bundle from 1:35 to BPA
[2m2026-08-02T16:52:15.091229Z[0m [32m INFO[0m [2mhardy_cspcl::runtime[0m[2m:[0m Dispatched inbound CSP bundle from 1:35 to BPA
[2m2026-08-02T16:52:15.191796Z[0m [32m INFO[0m [2mhardy_cspcl::runtime[0m[2m:[0m Dispatched inbound CSP bundle from 1:35 to BPA
[2m2026-08-02T16:52:16.324211Z[0m [32m INFO[0m [2mhardy_cspcl::runtime[0m[2m:[0m Dispatched inbound CSP bundle from 1:35 to BPA
[2m2026-08-02T16:52:16.324473Z[0m [32m INFO[0m [2mhardy_cspcl::runtime[0m[2m:[0m Dispatched inbound CSP bundle from 1:35 to BPA
[2m2026-08-02T16:52:16.443545Z[0m [32m INFO[0m [2mhardy_cspcl::runtime[0m[2m:[0m Dispatched inbound CSP bundle from 1:35 to BPA
[2m2026-08-02T16:52:16.443911Z[0m [32m INFO[0m [2mhardy_cspcl::runtime[0m[2m:[0m Dispatched inbound CSP bundle from 1:35 to BPA
[2m2026-08-02T16:52:16.444519Z[0m [32m INFO[0m [2mhardy_cspcl::runtime[0m[2m:[0m Dispatched inbound CSP bundle from 1:35 to BPA
[2m2026-08-02T16:52:16.444997Z[0m [32m INFO[0m [2mhardy_cspcl::runtime[0m[2m:[0m Dispatched inbound CSP bundle from 1:35 to BPA
[2m2026-08-02T16:52:16.445535Z[0m [32m INFO[0m [2mhardy_cspcl::runtime[0m[2m:[0m Dispatched inbound CSP bundle from 1:35 to BPA
[2m2026-08-02T16:52:16.445873Z[0m [32m INFO[0m [2mhardy_cspcl::runtime[0m[2m:[0m Dispatched inbound CSP bundle from 1:35 to BPA
[2m2026-08-02T16:52:16.625696Z[0m [32m INFO[0m [2mhardy_cspcl::runtime[0m[2m:[0m Dispatched inbound CSP bundle from 1:35 to BPA
[2m2026-08-02T16:52:16.726613Z[0m [32m INFO[0m [2mhardy_cspcl::runtime[0m[2m:[0m Dispatched inbound CSP bundle from 1:35 to BPA
[2m2026-08-02T16:52:17.551389Z[0m [32m INFO[0m [2mhardy_cspcl::runtime[0m[2m:[0m Dispatched inbound CSP bundle from 1:35 to BPA
[2m2026-08-02T16:52:17.551762Z[0m [32m INFO[0m [2mhardy_cspcl::runtime[0m[2m:[0m Dispatched inbound CSP bundle from 1:35 to BPA
[2m2026-08-02T16:52:17.665893Z[0m [32m INFO[0m [2mhardy_cspcl::runtime[0m[2m:[0m Dispatched inbound CSP bundle from 1:35 to BPA
[2m2026-08-02T16:52:17.666647Z[0m [32m INFO[0m [2mhardy_cspcl::runtime[0m[2m:[0m Dispatched inbound CSP bundle from 1:35 to BPA
[2m2026-08-02T16:52:17.767595Z[0m [32m INFO[0m [2mhardy_cspcl::runtime[0m[2m:[0m Dispatched inbound CSP bundle from 1:35 to BPA
[2m2026-08-02T16:52:18.068167Z[0m [32m INFO[0m [2mhardy_cspcl::runtime[0m[2m:[0m Dispatched inbound CSP bundle from 1:35 to BPA
[2m2026-08-02T16:52:18.105229Z[0m [32m INFO[0m [2mhardy_cspcl::runtime[0m[2m:[0m Dispatched inbound CSP bundle from 1:35 to BPA
[2m2026-08-02T16:52:18.105992Z[0m [32m INFO[0m [2mhardy_cspcl::runtime[0m[2m:[0m Dispatched inbound CSP bundle from 1:35 to BPA
[2m2026-08-02T16:52:18.269095Z[0m [32m INFO[0m [2mhardy_cspcl::runtime[0m[2m:[0m Dispatched inbound CSP bundle from 1:35 to BPA
[2m2026-08-02T16:52:18.269919Z[0m [32m INFO[0m [2mhardy_cspcl::runtime[0m[2m:[0m Dispatched inbound CSP bundle from 1:35 to BPA
[2m2026-08-02T16:52:19.099028Z[0m [32m INFO[0m [2mhardy_cspcl::runtime[0m[2m:[0m Dispatched inbound CSP bundle from 1:35 to BPA
[2m2026-08-02T16:52:19.099322Z[0m [32m INFO[0m [2mhardy_cspcl::runtime[0m[2m:[0m Dispatched inbound CSP bundle from 1:35 to BPA
[2m2026-08-02T16:52:19.213448Z[0m [32m INFO[0m [2mhardy_cspcl::runtime[0m[2m:[0m Dispatched inbound CSP bundle from 1:35 to BPA
[2m2026-08-02T16:52:19.214289Z[0m [32m INFO[0m [2mhardy_cspcl::runtime[0m[2m:[0m Dispatched inbound CSP bundle from 1:35 to BPA
[2m2026-08-02T16:52:19.415331Z[0m [32m INFO[0m [2mhardy_cspcl::runtime[0m[2m:[0m Dispatched inbound CSP bundle from 1:35 to BPA
[2m2026-08-02T16:52:19.516108Z[0m [32m INFO[0m [2mhardy_cspcl::runtime[0m[2m:[0m Dispatched inbound CSP bundle from 1:35 to BPA
[2m2026-08-02T16:52:19.516700Z[0m [32m INFO[0m [2mhardy_cspcl::runtime[0m[2m:[0m Dispatched inbound CSP bundle from 1:35 to BPA
[2m2026-08-02T16:52:19.616698Z[0m [32m INFO[0m [2mhardy_cspcl::runtime[0m[2m:[0m Dispatched inbound CSP bundle from 1:35 to BPA
[2m2026-08-02T16:52:19.727907Z[0m [32m INFO[0m [2mhardy_cspcl::runtime[0m[2m:[0m Dispatched inbound CSP bundle from 1:35 to BPA
[2m2026-08-02T16:52:19.817514Z[0m [32m INFO[0m [2mhardy_cspcl::runtime[0m[2m:[0m Dispatched inbound CSP bundle from 1:35 to BPA
[2m2026-08-02T16:52:20.746618Z[0m [32m INFO[0m [2mhardy_cspcl::runtime[0m[2m:[0m Dispatched inbound CSP bundle from 1:35 to BPA
[2m2026-08-02T16:52:20.746784Z[0m [32m INFO[0m [2mhardy_cspcl::runtime[0m[2m:[0m Dispatched inbound CSP bundle from 1:35 to BPA
[2m2026-08-02T16:52:20.783517Z[0m [32m INFO[0m [2mhardy_cspcl::runtime[0m[2m:[0m Dispatched inbound CSP bundle from 1:35 to BPA
[2m2026-08-02T16:52:20.869856Z[0m [32m INFO[0m [2mhardy_cspcl::runtime[0m[2m:[0m Dispatched inbound CSP bundle from 1:35 to BPA
[2m2026-08-02T16:52:20.870584Z[0m [32m INFO[0m [2mhardy_cspcl::runtime[0m[2m:[0m Dispatched inbound CSP bundle from 1:35 to BPA
[2m2026-08-02T16:52:20.870888Z[0m [32m INFO[0m [2mhardy_cspcl::runtime[0m[2m:[0m Dispatched inbound CSP bundle from 1:35 to BPA
[2m2026-08-02T16:52:20.871126Z[0m [32m INFO[0m [2mhardy_cspcl::runtime[0m[2m:[0m Dispatched inbound CSP bundle from 1:35 to BPA
[2m2026-08-02T16:52:20.948191Z[0m [32m INFO[0m [2mhardy_cspcl::runtime[0m[2m:[0m Dispatched inbound CSP bundle from 1:35 to BPA
[2m2026-08-02T16:52:21.351069Z[0m [32m INFO[0m [2mhardy_cspcl::runtime[0m[2m:[0m Dispatched inbound CSP bundle from 1:35 to BPA
[2m2026-08-02T16:52:21.552550Z[0m [32m INFO[0m [2mhardy_cspcl::runtime[0m[2m:[0m Dispatched inbound CSP bundle from 1:35 to BPA
[2m2026-08-02T16:52:22.178970Z[0m [32m INFO[0m [2mhardy_cspcl::runtime[0m[2m:[0m Dispatched inbound CSP bundle from 1:35 to BPA
[2m2026-08-02T16:52:22.179406Z[0m [32m INFO[0m [2mhardy_cspcl::runtime[0m[2m:[0m Dispatched inbound CSP bundle from 1:35 to BPA
[2m2026-08-02T16:52:22.280237Z[0m [32m INFO[0m [2mhardy_cspcl::runtime[0m[2m:[0m Dispatched inbound CSP bundle from 1:35 to BPA
[2m2026-08-02T16:52:22.502784Z[0m [32m INFO[0m [2mhardy_cspcl::runtime[0m[2m:[0m Dispatched inbound CSP bundle from 1:35 to BPA
[2m2026-08-02T16:52:22.503343Z[0m [32m INFO[0m [2mhardy_cspcl::runtime[0m[2m:[0m Dispatched inbound CSP bundle from 1:35 to BPA
[2m2026-08-02T16:52:22.504204Z[0m [32m INFO[0m [2mhardy_cspcl::runtime[0m[2m:[0m Dispatched inbound CSP bundle from 1:35 to BPA
[2m2026-08-02T16:52:22.603351Z[0m [32m INFO[0m [2mhardy_cspcl::runtime[0m[2m:[0m Dispatched inbound CSP bundle from 1:35 to BPA
[2m2026-08-02T16:52:22.603898Z[0m [32m INFO[0m [2mhardy_cspcl::runtime[0m[2m:[0m Dispatched inbound CSP bundle from 1:35 to BPA
[2m2026-08-02T16:52:22.904572Z[0m [32m INFO[0m [2mhardy_cspcl::runtime[0m[2m:[0m Dispatched inbound CSP bundle from 1:35 to BPA
[2m2026-08-02T16:52:23.206631Z[0m [32m INFO[0m [2mhardy_cspcl::runtime[0m[2m:[0m Dispatched inbound CSP bundle from 1:35 to BPA
[2m2026-08-02T16:52:23.734432Z[0m [32m INFO[0m [2mhardy_cspcl::runtime[0m[2m:[0m Dispatched inbound CSP bundle from 1:35 to BPA
[2m2026-08-02T16:52:23.734742Z[0m [32m INFO[0m [2mhardy_cspcl::runtime[0m[2m:[0m Dispatched inbound CSP bundle from 1:35 to BPA
[2m2026-08-02T16:52:23.848841Z[0m [32m INFO[0m [2mhardy_cspcl::runtime[0m[2m:[0m Dispatched inbound CSP bundle from 1:35 to BPA
[2m2026-08-02T16:52:23.849483Z[0m [32m INFO[0m [2mhardy_cspcl::runtime[0m[2m:[0m Dispatched inbound CSP bundle from 1:35 to BPA
[2m2026-08-02T16:52:23.950340Z[0m [32m INFO[0m [2mhardy_cspcl::runtime[0m[2m:[0m Dispatched inbound CSP bundle from 1:35 to BPA
[2m2026-08-02T16:52:24.251478Z[0m [32m INFO[0m [2mhardy_cspcl::runtime[0m[2m:[0m Dispatched inbound CSP bundle from 1:35 to BPA
[2m2026-08-02T16:52:24.252260Z[0m [32m INFO[0m [2mhardy_cspcl::runtime[0m[2m:[0m Dispatched inbound CSP bundle from 1:35 to BPA
[2m2026-08-02T16:52:24.252875Z[0m [32m INFO[0m [2mhardy_cspcl::runtime[0m[2m:[0m Dispatched inbound CSP bundle from 1:35 to BPA
[2m2026-08-02T16:52:24.352364Z[0m [32m INFO[0m [2mhardy_cspcl::runtime[0m[2m:[0m Dispatched inbound CSP bundle from 1:35 to BPA
[2m2026-08-02T16:52:24.454475Z[0m [32m INFO[0m [2mhardy_cspcl::runtime[0m[2m:[0m Dispatched inbound CSP bundle from 1:35 to BPA
[2m2026-08-02T16:52:25.281978Z[0m [32m INFO[0m [2mhardy_cspcl::runtime[0m[2m:[0m Dispatched inbound CSP bundle from 1:35 to BPA
[2m2026-08-02T16:52:25.282490Z[0m [32m INFO[0m [2mhardy_cspcl::runtime[0m[2m:[0m Dispatched inbound CSP bundle from 1:35 to BPA
[2m2026-08-02T16:52:25.383006Z[0m [32m INFO[0m [2mhardy_cspcl::runtime[0m[2m:[0m Dispatched inbound CSP bundle from 1:35 to BPA
[2m2026-08-02T16:52:25.606738Z[0m [32m INFO[0m [2mhardy_cspcl::runtime[0m[2m:[0m Dispatched inbound CSP bundle from 1:35 to BPA
[2m2026-08-02T16:52:25.607691Z[0m [32m INFO[0m [2mhardy_cspcl::runtime[0m[2m:[0m Dispatched inbound CSP bundle from 1:35 to BPA
[2m2026-08-02T16:52:25.608355Z[0m [32m INFO[0m [2mhardy_cspcl::runtime[0m[2m:[0m Dispatched inbound CSP bundle from 1:35 to BPA
[2m2026-08-02T16:52:25.609232Z[0m [32m INFO[0m [2mhardy_cspcl::runtime[0m[2m:[0m Dispatched inbound CSP bundle from 1:35 to BPA
[2m2026-08-02T16:52:25.609682Z[0m [32m INFO[0m [2mhardy_cspcl::runtime[0m[2m:[0m Dispatched inbound CSP bundle from 1:35 to BPA
[2m2026-08-02T16:52:25.907934Z[0m [32m INFO[0m [2mhardy_cspcl::runtime[0m[2m:[0m Dispatched inbound CSP bundle from 1:35 to BPA
[2m2026-08-02T16:52:26.008202Z[0m [32m INFO[0m [2mhardy_cspcl::runtime[0m[2m:[0m Dispatched inbound CSP bundle from 1:35 to BPA
[2m2026-08-02T16:52:26.838238Z[0m [32m INFO[0m [2mhardy_cspcl::runtime[0m[2m:[0m Dispatched inbound CSP bundle from 1:35 to BPA
[2m2026-08-02T16:52:26.838746Z[0m [32m INFO[0m [2mhardy_cspcl::runtime[0m[2m:[0m Dispatched inbound CSP bundle from 1:35 to BPA
[2m2026-08-02T16:52:26.875562Z[0m [32m INFO[0m [2mhardy_cspcl::runtime[0m[2m:[0m Dispatched inbound CSP bundle from 1:35 to BPA
[2m2026-08-02T16:52:26.962240Z[0m [32m INFO[0m [2mhardy_cspcl::runtime[0m[2m:[0m Dispatched inbound CSP bundle from 1:35 to BPA
[2m2026-08-02T16:52:27.039762Z[0m [32m INFO[0m [2mhardy_cspcl::runtime[0m[2m:[0m Dispatched inbound CSP bundle from 1:35 to BPA
[2m2026-08-02T16:52:27.140538Z[0m [32m INFO[0m [2mhardy_cspcl::runtime[0m[2m:[0m Dispatched inbound CSP bundle from 1:35 to BPA
[2m2026-08-02T16:52:27.442033Z[0m [32m INFO[0m [2mhardy_cspcl::runtime[0m[2m:[0m Dispatched inbound CSP bundle from 1:35 to BPA
[2m2026-08-02T16:52:27.443165Z[0m [32m INFO[0m [2mhardy_cspcl::runtime[0m[2m:[0m Dispatched inbound CSP bundle from 1:35 to BPA
[2m2026-08-02T16:52:27.443871Z[0m [32m INFO[0m [2mhardy_cspcl::runtime[0m[2m:[0m Dispatched inbound CSP bundle from 1:35 to BPA
[2m2026-08-02T16:52:27.543040Z[0m [32m INFO[0m [2mhardy_cspcl::runtime[0m[2m:[0m Dispatched inbound CSP bundle from 1:35 to BPA
[2m2026-08-02T16:52:28.371519Z[0m [32m INFO[0m [2mhardy_cspcl::runtime[0m[2m:[0m Dispatched inbound CSP bundle from 1:35 to BPA
[2m2026-08-02T16:52:28.371822Z[0m [32m INFO[0m [2mhardy_cspcl::runtime[0m[2m:[0m Dispatched inbound CSP bundle from 1:35 to BPA
[2m2026-08-02T16:52:28.485921Z[0m [32m INFO[0m [2mhardy_cspcl::runtime[0m[2m:[0m Dispatched inbound CSP bundle from 1:35 to BPA
[2m2026-08-02T16:52:28.486497Z[0m [32m INFO[0m [2mhardy_cspcl::runtime[0m[2m:[0m Dispatched inbound CSP bundle from 1:35 to BPA
[2m2026-08-02T16:52:28.787767Z[0m [32m INFO[0m [2mhardy_cspcl::runtime[0m[2m:[0m Dispatched inbound CSP bundle from 1:35 to BPA
[2m2026-08-02T16:52:28.788916Z[0m [32m INFO[0m [2mhardy_cspcl::runtime[0m[2m:[0m Dispatched inbound CSP bundle from 1:35 to BPA
[2m2026-08-02T16:52:28.789970Z[0m [32m INFO[0m [2mhardy_cspcl::runtime[0m[2m:[0m Dispatched inbound CSP bundle from 1:35 to BPA
[2m2026-08-02T16:52:28.790713Z[0m [32m INFO[0m [2mhardy_cspcl::runtime[0m[2m:[0m Dispatched inbound CSP bundle from 1:35 to BPA
[2m2026-08-02T16:52:28.989407Z[0m [32m INFO[0m [2mhardy_cspcl::runtime[0m[2m:[0m Dispatched inbound CSP bundle from 1:35 to BPA
[2m2026-08-02T16:52:29.089789Z[0m [32m INFO[0m [2mhardy_cspcl::runtime[0m[2m:[0m Dispatched inbound CSP bundle from 1:35 to BPA
[2m2026-08-02T16:52:29.913750Z[0m [32m INFO[0m [2mhardy_cspcl::runtime[0m[2m:[0m Dispatched inbound CSP bundle from 1:35 to BPA
[2m2026-08-02T16:52:29.914043Z[0m [32m INFO[0m [2mhardy_cspcl::runtime[0m[2m:[0m Dispatched inbound CSP bundle from 1:35 to BPA
[2m2026-08-02T16:52:30.014911Z[0m [32m INFO[0m [2mhardy_cspcl::runtime[0m[2m:[0m Dispatched inbound CSP bundle from 1:35 to BPA
[2m2026-08-02T16:52:30.237749Z[0m [32m INFO[0m [2mhardy_cspcl::runtime[0m[2m:[0m Dispatched inbound CSP bundle from 1:35 to BPA
[2m2026-08-02T16:52:30.238414Z[0m [32m INFO[0m [2mhardy_cspcl::runtime[0m[2m:[0m Dispatched inbound CSP bundle from 1:35 to BPA
[2m2026-08-02T16:52:30.338447Z[0m [32m INFO[0m [2mhardy_cspcl::runtime[0m[2m:[0m Dispatched inbound CSP bundle from 1:35 to BPA
[2m2026-08-02T16:52:30.339132Z[0m [32m INFO[0m [2mhardy_cspcl::runtime[0m[2m:[0m Dispatched inbound CSP bundle from 1:35 to BPA
[2m2026-08-02T16:52:30.340280Z[0m [32m INFO[0m [2mhardy_cspcl::runtime[0m[2m:[0m Dispatched inbound CSP bundle from 1:35 to BPA
[2m2026-08-02T16:52:30.539253Z[0m [32m INFO[0m [2mhardy_cspcl::runtime[0m[2m:[0m Dispatched inbound CSP bundle from 1:35 to BPA
[2m2026-08-02T16:52:30.940763Z[0m [32m INFO[0m [2mhardy_cspcl::runtime[0m[2m:[0m Dispatched inbound CSP bundle from 1:35 to BPA
[2m2026-08-02T16:52:31.466344Z[0m [32m INFO[0m [2mhardy_cspcl::runtime[0m[2m:[0m Dispatched inbound CSP bundle from 1:35 to BPA
[2m2026-08-02T16:52:31.466706Z[0m [32m INFO[0m [2mhardy_cspcl::runtime[0m[2m:[0m Dispatched inbound CSP bundle from 1:35 to BPA
[2m2026-08-02T16:52:31.503480Z[0m [32m INFO[0m [2mhardy_cspcl::runtime[0m[2m:[0m Dispatched inbound CSP bundle from 1:35 to BPA
[2m2026-08-02T16:52:31.690749Z[0m [32m INFO[0m [2mhardy_cspcl::runtime[0m[2m:[0m Dispatched inbound CSP bundle from 1:35 to BPA
[2m2026-08-02T16:52:31.691598Z[0m [32m INFO[0m [2mhardy_cspcl::runtime[0m[2m:[0m Dispatched inbound CSP bundle from 1:35 to BPA
[2m2026-08-02T16:52:31.992249Z[0m [32m INFO[0m [2mhardy_cspcl::runtime[0m[2m:[0m Dispatched inbound CSP bundle from 1:35 to BPA
[2m2026-08-02T16:52:31.992877Z[0m [32m INFO[0m [2mhardy_cspcl::runtime[0m[2m:[0m Dispatched inbound CSP bundle from 1:35 to BPA
[2m2026-08-02T16:52:31.993345Z[0m [32m INFO[0m [2mhardy_cspcl::runtime[0m[2m:[0m Dispatched inbound CSP bundle from 1:35 to BPA
[2m2026-08-02T16:52:32.092497Z[0m [32m INFO[0m [2mhardy_cspcl::runtime[0m[2m:[0m Dispatched inbound CSP bundle from 1:35 to BPA
[2m2026-08-02T16:52:32.192771Z[0m [32m INFO[0m [2mhardy_cspcl::runtime[0m[2m:[0m Dispatched inbound CSP bundle from 1:35 to BPA
[2m2026-08-02T16:52:33.012537Z[0m [32m INFO[0m [2mhardy_cspcl::runtime[0m[2m:[0m Dispatched inbound CSP bundle from 1:35 to BPA
[2m2026-08-02T16:52:33.012679Z[0m [32m INFO[0m [2mhardy_cspcl::runtime[0m[2m:[0m Dispatched inbound CSP bundle from 1:35 to BPA
[2m2026-08-02T16:52:33.125600Z[0m [32m INFO[0m [2mhardy_cspcl::runtime[0m[2m:[0m Dispatched inbound CSP bundle from 1:35 to BPA
[2m2026-08-02T16:52:33.326202Z[0m [32m INFO[0m [2mhardy_cspcl::runtime[0m[2m:[0m Dispatched inbound CSP bundle from 1:35 to BPA
[2m2026-08-02T16:52:33.326533Z[0m [32m INFO[0m [2mhardy_cspcl::runtime[0m[2m:[0m Dispatched inbound CSP bundle from 1:35 to BPA
[2m2026-08-02T16:52:33.326768Z[0m [32m INFO[0m [2mhardy_cspcl::runtime[0m[2m:[0m Dispatched inbound CSP bundle from 1:35 to BPA
[2m2026-08-02T16:52:33.326914Z[0m [32m INFO[0m [2mhardy_cspcl::runtime[0m[2m:[0m Dispatched inbound CSP bundle from 1:35 to BPA
[2m2026-08-02T16:52:33.327105Z[0m [32m INFO[0m [2mhardy_cspcl::runtime[0m[2m:[0m Dispatched inbound CSP bundle from 1:35 to BPA
[2m2026-08-02T16:52:33.729157Z[0m [32m INFO[0m [2mhardy_cspcl::runtime[0m[2m:[0m Dispatched inbound CSP bundle from 1:35 to BPA
[2m2026-08-02T16:52:33.829409Z[0m [32m INFO[0m [2mhardy_cspcl::runtime[0m[2m:[0m Dispatched inbound CSP bundle from 1:35 to BPA
[2m2026-08-02T16:52:34.554472Z[0m [32m INFO[0m [2mhardy_cspcl::runtime[0m[2m:[0m Dispatched inbound CSP bundle from 1:35 to BPA
[2m2026-08-02T16:52:34.554917Z[0m [32m INFO[0m [2mhardy_cspcl::runtime[0m[2m:[0m Dispatched inbound CSP bundle from 1:35 to BPA
[2m2026-08-02T16:52:34.792428Z[0m [32m INFO[0m [2mhardy_cspcl::runtime[0m[2m:[0m Dispatched inbound CSP bundle from 1:35 to BPA
[2m2026-08-02T16:52:34.793392Z[0m [32m INFO[0m [2mhardy_cspcl::runtime[0m[2m:[0m Dispatched inbound CSP bundle from 1:35 to BPA
[2m2026-08-02T16:52:34.794135Z[0m [32m INFO[0m [2mhardy_cspcl::runtime[0m[2m:[0m Dispatched inbound CSP bundle from 1:35 to BPA
[2m2026-08-02T16:52:34.794802Z[0m [32m INFO[0m [2mhardy_cspcl::runtime[0m[2m:[0m Dispatched inbound CSP bundle from 1:35 to BPA
[2m2026-08-02T16:52:34.795342Z[0m [32m INFO[0m [2mhardy_cspcl::runtime[0m[2m:[0m Dispatched inbound CSP bundle from 1:35 to BPA
[2m2026-08-02T16:52:34.893035Z[0m [32m INFO[0m [2mhardy_cspcl::runtime[0m[2m:[0m Dispatched inbound CSP bundle from 1:35 to BPA
[2m2026-08-02T16:52:35.194875Z[0m [32m INFO[0m [2mhardy_cspcl::runtime[0m[2m:[0m Dispatched inbound CSP bundle from 1:35 to BPA
[2m2026-08-02T16:52:35.295324Z[0m [32m INFO[0m [2mhardy_cspcl::runtime[0m[2m:[0m Dispatched inbound CSP bundle from 1:35 to BPA
[2m2026-08-02T16:52:36.122693Z[0m [32m INFO[0m [2mhardy_cspcl::runtime[0m[2m:[0m Dispatched inbound CSP bundle from 1:35 to BPA
[2m2026-08-02T16:52:36.122971Z[0m [32m INFO[0m [2mhardy_cspcl::runtime[0m[2m:[0m Dispatched inbound CSP bundle from 1:35 to BPA
[2m2026-08-02T16:52:36.236140Z[0m [32m INFO[0m [2mhardy_cspcl::runtime[0m[2m:[0m Dispatched inbound CSP bundle from 1:35 to BPA
[2m2026-08-02T16:52:36.236663Z[0m [32m INFO[0m [2mhardy_cspcl::runtime[0m[2m:[0m Dispatched inbound CSP bundle from 1:35 to BPA
[2m2026-08-02T16:52:36.236950Z[0m [32m INFO[0m [2mhardy_cspcl::runtime[0m[2m:[0m Dispatched inbound CSP bundle from 1:35 to BPA
[2m2026-08-02T16:52:36.237321Z[0m [32m INFO[0m [2mhardy_cspcl::runtime[0m[2m:[0m Dispatched inbound CSP bundle from 1:35 to BPA
[2m2026-08-02T16:52:36.338179Z[0m [32m INFO[0m [2mhardy_cspcl::runtime[0m[2m:[0m Dispatched inbound CSP bundle from 1:35 to BPA
[2m2026-08-02T16:52:36.538815Z[0m [32m INFO[0m [2mhardy_cspcl::runtime[0m[2m:[0m Dispatched inbound CSP bundle from 1:35 to BPA
[2m2026-08-02T16:52:36.739543Z[0m [32m INFO[0m [2mhardy_cspcl::runtime[0m[2m:[0m Dispatched inbound CSP bundle from 1:35 to BPA
[2m2026-08-02T16:52:36.840256Z[0m [32m INFO[0m [2mhardy_cspcl::runtime[0m[2m:[0m Dispatched inbound CSP bundle from 1:35 to BPA
[2m2026-08-02T16:52:37.768748Z[0m [32m INFO[0m [2mhardy_cspcl::runtime[0m[2m:[0m Dispatched inbound CSP bundle from 1:35 to BPA
[2m2026-08-02T16:52:37.769030Z[0m [32m INFO[0m [2mhardy_cspcl::runtime[0m[2m:[0m Dispatched inbound CSP bundle from 1:35 to BPA
[2m2026-08-02T16:52:37.806248Z[0m [32m INFO[0m [2mhardy_cspcl::runtime[0m[2m:[0m Dispatched inbound CSP bundle from 1:35 to BPA
[2m2026-08-02T16:52:37.892516Z[0m [32m INFO[0m [2mhardy_cspcl::runtime[0m[2m:[0m Dispatched inbound CSP bundle from 1:35 to BPA
[2m2026-08-02T16:52:37.893315Z[0m [32m INFO[0m [2mhardy_cspcl::runtime[0m[2m:[0m Dispatched inbound CSP bundle from 1:35 to BPA
[2m2026-08-02T16:52:37.893749Z[0m [32m INFO[0m [2mhardy_cspcl::runtime[0m[2m:[0m Dispatched inbound CSP bundle from 1:35 to BPA
[2m2026-08-02T16:52:37.970165Z[0m [32m INFO[0m [2mhardy_cspcl::runtime[0m[2m:[0m Dispatched inbound CSP bundle from 1:35 to BPA
[2m2026-08-02T16:52:37.970734Z[0m [32m INFO[0m [2mhardy_cspcl::runtime[0m[2m:[0m Dispatched inbound CSP bundle from 1:35 to BPA
[2m2026-08-02T16:52:38.372516Z[0m [32m INFO[0m [2mhardy_cspcl::runtime[0m[2m:[0m Dispatched inbound CSP bundle from 1:35 to BPA
[2m2026-08-02T16:52:38.472836Z[0m [32m INFO[0m [2mhardy_cspcl::runtime[0m[2m:[0m Dispatched inbound CSP bundle from 1:35 to BPA
[2m2026-08-02T16:52:39.206062Z[0m [32m INFO[0m [2mhardy_cspcl::runtime[0m[2m:[0m Dispatched inbound CSP bundle from 1:35 to BPA
[2m2026-08-02T16:52:39.206245Z[0m [32m INFO[0m [2mhardy_cspcl::runtime[0m[2m:[0m Dispatched inbound CSP bundle from 1:35 to BPA
[2m2026-08-02T16:52:39.407050Z[0m [32m INFO[0m [2mhardy_cspcl::runtime[0m[2m:[0m Dispatched inbound CSP bundle from 1:35 to BPA
[2m2026-08-02T16:52:39.407681Z[0m [32m INFO[0m [2mhardy_cspcl::runtime[0m[2m:[0m Dispatched inbound CSP bundle from 1:35 to BPA
[2m2026-08-02T16:52:39.408315Z[0m [32m INFO[0m [2mhardy_cspcl::runtime[0m[2m:[0m Dispatched inbound CSP bundle from 1:35 to BPA
[2m2026-08-02T16:52:39.408862Z[0m [32m INFO[0m [2mhardy_cspcl::runtime[0m[2m:[0m Dispatched inbound CSP bundle from 1:35 to BPA
[2m2026-08-02T16:52:39.409350Z[0m [32m INFO[0m [2mhardy_cspcl::runtime[0m[2m:[0m Dispatched inbound CSP bundle from 1:35 to BPA
[2m2026-08-02T16:52:39.508473Z[0m [32m INFO[0m [2mhardy_cspcl::runtime[0m[2m:[0m Dispatched inbound CSP bundle from 1:35 to BPA
[2m2026-08-02T16:52:39.910395Z[0m [32m INFO[0m [2mhardy_cspcl::runtime[0m[2m:[0m Dispatched inbound CSP bundle from 1:35 to BPA
[2m2026-08-02T16:52:40.112285Z[0m [32m INFO[0m [2mhardy_cspcl::runtime[0m[2m:[0m Dispatched inbound CSP bundle from 1:35 to BPA
[2m2026-08-02T16:52:40.736407Z[0m [32m INFO[0m [2mhardy_cspcl::runtime[0m[2m:[0m Dispatched inbound CSP bundle from 1:35 to BPA
[2m2026-08-02T16:52:40.736597Z[0m [32m INFO[0m [2mhardy_cspcl::runtime[0m[2m:[0m Dispatched inbound CSP bundle from 1:35 to BPA
[2m2026-08-02T16:52:41.073477Z[0m [32m INFO[0m [2mhardy_cspcl::runtime[0m[2m:[0m Dispatched inbound CSP bundle from 1:35 to BPA
[2m2026-08-02T16:52:41.074229Z[0m [32m INFO[0m [2mhardy_cspcl::runtime[0m[2m:[0m Dispatched inbound CSP bundle from 1:35 to BPA
[2m2026-08-02T16:52:41.075106Z[0m [32m INFO[0m [2mhardy_cspcl::runtime[0m[2m:[0m Dispatched inbound CSP bundle from 1:35 to BPA
[2m2026-08-02T16:52:41.076151Z[0m [32m INFO[0m [2mhardy_cspcl::runtime[0m[2m:[0m Dispatched inbound CSP bundle from 1:35 to BPA
[2m2026-08-02T16:52:41.076651Z[0m [32m INFO[0m [2mhardy_cspcl::runtime[0m[2m:[0m Dispatched inbound CSP bundle from 1:35 to BPA
[2m2026-08-02T16:52:41.077252Z[0m [32m INFO[0m [2mhardy_cspcl::runtime[0m[2m:[0m Dispatched inbound CSP bundle from 1:35 to BPA
[2m2026-08-02T16:52:41.476052Z[0m [32m INFO[0m [2mhardy_cspcl::runtime[0m[2m:[0m Dispatched inbound CSP bundle from 1:35 to BPA
[2m2026-08-02T16:52:41.476840Z[0m [32m INFO[0m [2mhardy_cspcl::runtime[0m[2m:[0m Dispatched inbound CSP bundle from 1:35 to BPA
[2m2026-08-02T16:52:42.710481Z[0m [32m INFO[0m [2mhardy_cspcl::runtime[0m[2m:[0m Dispatched inbound CSP bundle from 1:35 to BPA
[2m2026-08-02T16:52:42.710755Z[0m [32m INFO[0m [2mhardy_cspcl::runtime[0m[2m:[0m Dispatched inbound CSP bundle from 1:35 to BPA
[2m2026-08-02T16:52:42.747711Z[0m [32m INFO[0m [2mhardy_cspcl::runtime[0m[2m:[0m Dispatched inbound CSP bundle from 1:35 to BPA
[2m2026-08-02T16:52:42.834619Z[0m [32m INFO[0m [2mhardy_cspcl::runtime[0m[2m:[0m Dispatched inbound CSP bundle from 1:35 to BPA
[2m2026-08-02T16:52:42.835207Z[0m [32m INFO[0m [2mhardy_cspcl::runtime[0m[2m:[0m Dispatched inbound CSP bundle from 1:35 to BPA
[2m2026-08-02T16:52:42.835909Z[0m [32m INFO[0m [2mhardy_cspcl::runtime[0m[2m:[0m Dispatched inbound CSP bundle from 1:35 to BPA
[2m2026-08-02T16:52:42.836432Z[0m [32m INFO[0m [2mhardy_cspcl::runtime[0m[2m:[0m Dispatched inbound CSP bundle from 1:35 to BPA
[2m2026-08-02T16:52:42.836859Z[0m [32m INFO[0m [2mhardy_cspcl::runtime[0m[2m:[0m Dispatched inbound CSP bundle from 1:35 to BPA
[2m2026-08-02T16:52:43.012148Z[0m [32m INFO[0m [2mhardy_cspcl::runtime[0m[2m:[0m Dispatched inbound CSP bundle from 1:35 to BPA
[2m2026-08-02T16:52:43.112688Z[0m [32m INFO[0m [2mhardy_cspcl::runtime[0m[2m:[0m Dispatched inbound CSP bundle from 1:35 to BPA
[2m2026-08-02T16:52:43.937906Z[0m [32m INFO[0m [2mhardy_cspcl::runtime[0m[2m:[0m Dispatched inbound CSP bundle from 1:35 to BPA
[2m2026-08-02T16:52:43.938359Z[0m [32m INFO[0m [2mhardy_cspcl::runtime[0m[2m:[0m Dispatched inbound CSP bundle from 1:35 to BPA
[2m2026-08-02T16:52:44.047796Z[0m [32m INFO[0m [2mhardy_cspcl::runtime[0m[2m:[0m Dispatched inbound CSP bundle from 1:35 to BPA
[2m2026-08-02T16:52:44.048158Z[0m [32m INFO[0m [2mhardy_cspcl::runtime[0m[2m:[0m Dispatched inbound CSP bundle from 1:35 to BPA
[2m2026-08-02T16:52:44.048427Z[0m [32m INFO[0m [2mhardy_cspcl::runtime[0m[2m:[0m Dispatched inbound CSP bundle from 1:35 to BPA
[2m2026-08-02T16:52:44.048845Z[0m [32m INFO[0m [2mhardy_cspcl::runtime[0m[2m:[0m Dispatched inbound CSP bundle from 1:35 to BPA
[2m2026-08-02T16:52:44.250090Z[0m [32m INFO[0m [2mhardy_cspcl::runtime[0m[2m:[0m Dispatched inbound CSP bundle from 1:35 to BPA
[2m2026-08-02T16:52:44.250893Z[0m [32m INFO[0m [2mhardy_cspcl::runtime[0m[2m:[0m Dispatched inbound CSP bundle from 1:35 to BPA
[2m2026-08-02T16:52:44.551892Z[0m [32m INFO[0m [2mhardy_cspcl::runtime[0m[2m:[0m Dispatched inbound CSP bundle from 1:35 to BPA
[2m2026-08-02T16:52:44.562528Z[0m [32m INFO[0m [2mhardy_cspcl::runtime[0m[2m:[0m Dispatched inbound CSP bundle from 1:35 to BPA
[2m2026-08-02T16:52:45.584980Z[0m [32m INFO[0m [2mhardy_cspcl::runtime[0m[2m:[0m Dispatched inbound CSP bundle from 1:35 to BPA
[2m2026-08-02T16:52:45.585202Z[0m [32m INFO[0m [2mhardy_cspcl::runtime[0m[2m:[0m Dispatched inbound CSP bundle from 1:35 to BPA
[2m2026-08-02T16:52:45.699560Z[0m [32m INFO[0m [2mhardy_cspcl::runtime[0m[2m:[0m Dispatched inbound CSP bundle from 1:35 to BPA
[2m2026-08-02T16:52:45.700082Z[0m [32m INFO[0m [2mhardy_cspcl::runtime[0m[2m:[0m Dispatched inbound CSP bundle from 1:35 to BPA
[2m2026-08-02T16:52:45.700781Z[0m [32m INFO[0m [2mhardy_cspcl::runtime[0m[2m:[0m Dispatched inbound CSP bundle from 1:35 to BPA
[2m2026-08-02T16:52:45.701298Z[0m [32m INFO[0m [2mhardy_cspcl::runtime[0m[2m:[0m Dispatched inbound CSP bundle from 1:35 to BPA
[2m2026-08-02T16:52:45.701787Z[0m [32m INFO[0m [2mhardy_cspcl::runtime[0m[2m:[0m Dispatched inbound CSP bundle from 1:35 to BPA
[2m2026-08-02T16:52:45.702202Z[0m [32m INFO[0m [2mhardy_cspcl::runtime[0m[2m:[0m Dispatched inbound CSP bundle from 1:35 to BPA
[2m2026-08-02T16:52:46.087595Z[0m [32m INFO[0m [2mhardy_cspcl::runtime[0m[2m:[0m Dispatched inbound CSP bundle from 1:35 to BPA
[2m2026-08-02T16:52:46.187719Z[0m [32m INFO[0m [2mhardy_cspcl::runtime[0m[2m:[0m Dispatched inbound CSP bundle from 1:35 to BPA
[2m2026-08-02T16:52:46.915979Z[0m [32m INFO[0m [2mhardy_cspcl::runtime[0m[2m:[0m Dispatched inbound CSP bundle from 1:35 to BPA
[2m2026-08-02T16:52:46.916362Z[0m [32m INFO[0m [2mhardy_cspcl::runtime[0m[2m:[0m Dispatched inbound CSP bundle from 1:35 to BPA
[2m2026-08-02T16:52:47.030574Z[0m [32m INFO[0m [2mhardy_cspcl::runtime[0m[2m:[0m Dispatched inbound CSP bundle from 1:35 to BPA
[2m2026-08-02T16:52:47.117456Z[0m [32m INFO[0m [2mhardy_cspcl::runtime[0m[2m:[0m Dispatched inbound CSP bundle from 1:35 to BPA
[2m2026-08-02T16:52:47.118374Z[0m [32m INFO[0m [2mhardy_cspcl::runtime[0m[2m:[0m Dispatched inbound CSP bundle from 1:35 to BPA
[2m2026-08-02T16:52:47.119048Z[0m [32m INFO[0m [2mhardy_cspcl::runtime[0m[2m:[0m Dispatched inbound CSP bundle from 1:35 to BPA
[2m2026-08-02T16:52:47.119569Z[0m [32m INFO[0m [2mhardy_cspcl::runtime[0m[2m:[0m Dispatched inbound CSP bundle from 1:35 to BPA
[2m2026-08-02T16:52:47.220610Z[0m [32m INFO[0m [2mhardy_cspcl::runtime[0m[2m:[0m Dispatched inbound CSP bundle from 1:35 to BPA
[2m2026-08-02T16:52:47.621708Z[0m [32m INFO[0m [2mhardy_cspcl::runtime[0m[2m:[0m Dispatched inbound CSP bundle from 1:35 to BPA
[2m2026-08-02T16:52:47.722381Z[0m [32m INFO[0m [2mhardy_cspcl::runtime[0m[2m:[0m Dispatched inbound CSP bundle from 1:35 to BPA
[2m2026-08-02T16:52:48.847545Z[0m [32m INFO[0m [2mhardy_cspcl::runtime[0m[2m:[0m Dispatched inbound CSP bundle from 1:35 to BPA
[2m2026-08-02T16:52:48.847895Z[0m [32m INFO[0m [2mhardy_cspcl::runtime[0m[2m:[0m Dispatched inbound CSP bundle from 1:35 to BPA
[2m2026-08-02T16:52:48.962090Z[0m [32m INFO[0m [2mhardy_cspcl::runtime[0m[2m:[0m Dispatched inbound CSP bundle from 1:35 to BPA
[2m2026-08-02T16:52:48.963030Z[0m [32m INFO[0m [2mhardy_cspcl::runtime[0m[2m:[0m Dispatched inbound CSP bundle from 1:35 to BPA
[2m2026-08-02T16:52:48.963647Z[0m [32m INFO[0m [2mhardy_cspcl::runtime[0m[2m:[0m Dispatched inbound CSP bundle from 1:35 to BPA
[2m2026-08-02T16:52:48.964058Z[0m [32m INFO[0m [2mhardy_cspcl::runtime[0m[2m:[0m Dispatched inbound CSP bundle from 1:35 to BPA
[2m2026-08-02T16:52:48.964605Z[0m [32m INFO[0m [2mhardy_cspcl::runtime[0m[2m:[0m Dispatched inbound CSP bundle from 1:35 to BPA
[2m2026-08-02T16:52:48.965104Z[0m [32m INFO[0m [2mhardy_cspcl::runtime[0m[2m:[0m Dispatched inbound CSP bundle from 1:35 to BPA
[2m2026-08-02T16:52:49.149296Z[0m [32m INFO[0m [2mhardy_cspcl::runtime[0m[2m:[0m Dispatched inbound CSP bundle from 1:35 to BPA
[2m2026-08-02T16:52:49.250109Z[0m [32m INFO[0m [2mhardy_cspcl::runtime[0m[2m:[0m Dispatched inbound CSP bundle from 1:35 to BPA
[2m2026-08-02T16:52:50.075589Z[0m [32m INFO[0m [2mhardy_cspcl::runtime[0m[2m:[0m Dispatched inbound CSP bundle from 1:35 to BPA
[2m2026-08-02T16:52:50.075829Z[0m [32m INFO[0m [2mhardy_cspcl::runtime[0m[2m:[0m Dispatched inbound CSP bundle from 1:35 to BPA
[2m2026-08-02T16:52:50.189549Z[0m [32m INFO[0m [2mhardy_cspcl::runtime[0m[2m:[0m Dispatched inbound CSP bundle from 1:35 to BPA
[2m2026-08-02T16:52:50.190849Z[0m [32m INFO[0m [2mhardy_cspcl::runtime[0m[2m:[0m Dispatched inbound CSP bundle from 1:35 to BPA
[2m2026-08-02T16:52:50.191235Z[0m [32m INFO[0m [2mhardy_cspcl::runtime[0m[2m:[0m Dispatched inbound CSP bundle from 1:35 to BPA
[2m2026-08-02T16:52:50.392278Z[0m [32m INFO[0m [2mhardy_cspcl::runtime[0m[2m:[0m Dispatched inbound CSP bundle from 1:35 to BPA
[2m2026-08-02T16:52:50.393029Z[0m [32m INFO[0m [2mhardy_cspcl::runtime[0m[2m:[0m Dispatched inbound CSP bundle from 1:35 to BPA
[2m2026-08-02T16:52:50.493294Z[0m [32m INFO[0m [2mhardy_cspcl::runtime[0m[2m:[0m Dispatched inbound CSP bundle from 1:35 to BPA
[2m2026-08-02T16:52:50.693614Z[0m [32m INFO[0m [2mhardy_cspcl::runtime[0m[2m:[0m Dispatched inbound CSP bundle from 1:35 to BPA
[2m2026-08-02T16:52:50.994646Z[0m [32m INFO[0m [2mhardy_cspcl::runtime[0m[2m:[0m Dispatched inbound CSP bundle from 1:35 to BPA
[2m2026-08-02T16:52:51.620028Z[0m [32m INFO[0m [2mhardy_cspcl::runtime[0m[2m:[0m Dispatched inbound CSP bundle from 1:35 to BPA
[2m2026-08-02T16:52:51.620339Z[0m [32m INFO[0m [2mhardy_cspcl::runtime[0m[2m:[0m Dispatched inbound CSP bundle from 1:35 to BPA
[2m2026-08-02T16:52:51.734835Z[0m [32m INFO[0m [2mhardy_cspcl::runtime[0m[2m:[0m Dispatched inbound CSP bundle from 1:35 to BPA
[2m2026-08-02T16:52:51.736021Z[0m [32m INFO[0m [2mhardy_cspcl::runtime[0m[2m:[0m Dispatched inbound CSP bundle from 1:35 to BPA
[2m2026-08-02T16:52:51.821367Z[0m [32m INFO[0m [2mhardy_cspcl::runtime[0m[2m:[0m Dispatched inbound CSP bundle from 1:35 to BPA
[2m2026-08-02T16:52:51.821908Z[0m [32m INFO[0m [2mhardy_cspcl::runtime[0m[2m:[0m Dispatched inbound CSP bundle from 1:35 to BPA
[2m2026-08-02T16:52:51.822515Z[0m [32m INFO[0m [2mhardy_cspcl::runtime[0m[2m:[0m Dispatched inbound CSP bundle from 1:35 to BPA
[2m2026-08-02T16:52:52.023519Z[0m [32m INFO[0m [2mhardy_cspcl::runtime[0m[2m:[0m Dispatched inbound CSP bundle from 1:35 to BPA
[2m2026-08-02T16:52:52.225001Z[0m [32m INFO[0m [2mhardy_cspcl::runtime[0m[2m:[0m Dispatched inbound CSP bundle from 1:35 to BPA
[2m2026-08-02T16:52:52.325118Z[0m [32m INFO[0m [2mhardy_cspcl::runtime[0m[2m:[0m Dispatched inbound CSP bundle from 1:35 to BPA
[2m2026-08-02T16:52:53.051190Z[0m [32m INFO[0m [2mhardy_cspcl::runtime[0m[2m:[0m Dispatched inbound CSP bundle from 1:35 to BPA
[2m2026-08-02T16:52:53.051434Z[0m [32m INFO[0m [2mhardy_cspcl::runtime[0m[2m:[0m Dispatched inbound CSP bundle from 1:35 to BPA
[2m2026-08-02T16:52:53.165890Z[0m [32m INFO[0m [2mhardy_cspcl::runtime[0m[2m:[0m Dispatched inbound CSP bundle from 1:35 to BPA
[2m2026-08-02T16:52:53.166699Z[0m [32m INFO[0m [2mhardy_cspcl::runtime[0m[2m:[0m Dispatched inbound CSP bundle from 1:35 to BPA
[2m2026-08-02T16:52:53.367866Z[0m [32m INFO[0m [2mhardy_cspcl::runtime[0m[2m:[0m Dispatched inbound CSP bundle from 1:35 to BPA
[2m2026-08-02T16:52:53.368819Z[0m [32m INFO[0m [2mhardy_cspcl::runtime[0m[2m:[0m Dispatched inbound CSP bundle from 1:35 to BPA
[2m2026-08-02T16:52:53.469042Z[0m [32m INFO[0m [2mhardy_cspcl::runtime[0m[2m:[0m Dispatched inbound CSP bundle from 1:35 to BPA
[2m2026-08-02T16:52:53.670144Z[0m [32m INFO[0m [2mhardy_cspcl::runtime[0m[2m:[0m Dispatched inbound CSP bundle from 1:35 to BPA
[2m2026-08-02T16:52:53.770869Z[0m [32m INFO[0m [2mhardy_cspcl::runtime[0m[2m:[0m Dispatched inbound CSP bundle from 1:35 to BPA
[2m2026-08-02T16:52:53.871387Z[0m [32m INFO[0m [2mhardy_cspcl::runtime[0m[2m:[0m Dispatched inbound CSP bundle from 1:35 to BPA
[2m2026-08-02T16:52:54.698839Z[0m [32m INFO[0m [2mhardy_cspcl::runtime[0m[2m:[0m Dispatched inbound CSP bundle from 1:35 to BPA
[2m2026-08-02T16:52:54.699194Z[0m [32m INFO[0m [2mhardy_cspcl::runtime[0m[2m:[0m Dispatched inbound CSP bundle from 1:35 to BPA
[2m2026-08-02T16:52:54.735842Z[0m [32m INFO[0m [2mhardy_cspcl::runtime[0m[2m:[0m Dispatched inbound CSP bundle from 1:35 to BPA
[2m2026-08-02T16:52:54.823409Z[0m [32m INFO[0m [2mhardy_cspcl::runtime[0m[2m:[0m Dispatched inbound CSP bundle from 1:35 to BPA
[2m2026-08-02T16:52:54.824415Z[0m [32m INFO[0m [2mhardy_cspcl::runtime[0m[2m:[0m Dispatched inbound CSP bundle from 1:35 to BPA
[2m2026-08-02T16:52:54.900086Z[0m [32m INFO[0m [2mhardy_cspcl::runtime[0m[2m:[0m Dispatched inbound CSP bundle from 1:35 to BPA
[2m2026-08-02T16:52:54.900768Z[0m [32m INFO[0m [2mhardy_cspcl::runtime[0m[2m:[0m Dispatched inbound CSP bundle from 1:35 to BPA
[2m2026-08-02T16:52:55.101559Z[0m [32m INFO[0m [2mhardy_cspcl::runtime[0m[2m:[0m Dispatched inbound CSP bundle from 1:35 to BPA
[2m2026-08-02T16:52:55.302603Z[0m [32m INFO[0m [2mhardy_cspcl::runtime[0m[2m:[0m Dispatched inbound CSP bundle from 1:35 to BPA
[2m2026-08-02T16:52:55.403003Z[0m [32m INFO[0m [2mhardy_cspcl::runtime[0m[2m:[0m Dispatched inbound CSP bundle from 1:35 to BPA
[2m2026-08-02T16:52:56.131082Z[0m [32m INFO[0m [2mhardy_cspcl::runtime[0m[2m:[0m Dispatched inbound CSP bundle from 1:35 to BPA
[2m2026-08-02T16:52:56.131426Z[0m [32m INFO[0m [2mhardy_cspcl::runtime[0m[2m:[0m Dispatched inbound CSP bundle from 1:35 to BPA
[2m2026-08-02T16:52:56.268469Z[0m [32m INFO[0m [2mhardy_cspcl::runtime[0m[2m:[0m Dispatched inbound CSP bundle from 1:35 to BPA
[2m2026-08-02T16:52:56.569370Z[0m [32m INFO[0m [2mhardy_cspcl::runtime[0m[2m:[0m Dispatched inbound CSP bundle from 1:35 to BPA
[2m2026-08-02T16:52:56.569672Z[0m [32m INFO[0m [2mhardy_cspcl::runtime[0m[2m:[0m Dispatched inbound CSP bundle from 1:35 to BPA
[2m2026-08-02T16:52:56.570009Z[0m [32m INFO[0m [2mhardy_cspcl::runtime[0m[2m:[0m Dispatched inbound CSP bundle from 1:35 to BPA
[2m2026-08-02T16:52:56.570238Z[0m [32m INFO[0m [2mhardy_cspcl::runtime[0m[2m:[0m Dispatched inbound CSP bundle from 1:35 to BPA
[2m2026-08-02T16:52:56.570524Z[0m [32m INFO[0m [2mhardy_cspcl::runtime[0m[2m:[0m Dispatched inbound CSP bundle from 1:35 to BPA
[2m2026-08-02T16:52:56.870793Z[0m [32m INFO[0m [2mhardy_cspcl::runtime[0m[2m:[0m Dispatched inbound CSP bundle from 1:35 to BPA
[2m2026-08-02T16:52:56.971611Z[0m [32m INFO[0m [2mhardy_cspcl::runtime[0m[2m:[0m Dispatched inbound CSP bundle from 1:35 to BPA
[2m2026-08-02T16:52:57.796523Z[0m [32m INFO[0m [2mhardy_cspcl::runtime[0m[2m:[0m Dispatched inbound CSP bundle from 1:35 to BPA
[2m2026-08-02T16:52:57.796800Z[0m [32m INFO[0m [2mhardy_cspcl::runtime[0m[2m:[0m Dispatched inbound CSP bundle from 1:35 to BPA
[2m2026-08-02T16:52:57.834037Z[0m [32m INFO[0m [2mhardy_cspcl::runtime[0m[2m:[0m Dispatched inbound CSP bundle from 1:35 to BPA
[2m2026-08-02T16:52:57.920776Z[0m [32m INFO[0m [2mhardy_cspcl::runtime[0m[2m:[0m Dispatched inbound CSP bundle from 1:35 to BPA
[2m2026-08-02T16:52:57.921714Z[0m [32m INFO[0m [2mhardy_cspcl::runtime[0m[2m:[0m Dispatched inbound CSP bundle from 1:35 to BPA
[2m2026-08-02T16:52:57.922627Z[0m [32m INFO[0m [2mhardy_cspcl::runtime[0m[2m:[0m Dispatched inbound CSP bundle from 1:35 to BPA
[2m2026-08-02T16:52:57.998120Z[0m [32m INFO[0m [2mhardy_cspcl::runtime[0m[2m:[0m Dispatched inbound CSP bundle from 1:35 to BPA
[2m2026-08-02T16:52:58.198567Z[0m [32m INFO[0m [2mhardy_cspcl::runtime[0m[2m:[0m Dispatched inbound CSP bundle from 1:35 to BPA
[2m2026-08-02T16:52:58.399611Z[0m [32m INFO[0m [2mhardy_cspcl::runtime[0m[2m:[0m Dispatched inbound CSP bundle from 1:35 to BPA
[2m2026-08-02T16:52:58.499924Z[0m [32m INFO[0m [2mhardy_cspcl::runtime[0m[2m:[0m Dispatched inbound CSP bundle from 1:35 to BPA
[2m2026-08-02T16:52:59.225793Z[0m [32m INFO[0m [2mhardy_cspcl::runtime[0m[2m:[0m Dispatched inbound CSP bundle from 1:35 to BPA
[2m2026-08-02T16:52:59.225937Z[0m [32m INFO[0m [2mhardy_cspcl::runtime[0m[2m:[0m Dispatched inbound CSP bundle from 1:35 to BPA
[2m2026-08-02T16:52:59.426433Z[0m [32m INFO[0m [2mhardy_cspcl::runtime[0m[2m:[0m Dispatched inbound CSP bundle from 1:35 to BPA
[2m2026-08-02T16:52:59.427081Z[0m [32m INFO[0m [2mhardy_cspcl::runtime[0m[2m:[0m Dispatched inbound CSP bundle from 1:35 to BPA
[2m2026-08-02T16:52:59.427382Z[0m [32m INFO[0m [2mhardy_cspcl::runtime[0m[2m:[0m Dispatched inbound CSP bundle from 1:35 to BPA
[2m2026-08-02T16:52:59.427851Z[0m [32m INFO[0m [2mhardy_cspcl::runtime[0m[2m:[0m Dispatched inbound CSP bundle from 1:35 to BPA
[2m2026-08-02T16:52:59.428189Z[0m [32m INFO[0m [2mhardy_cspcl::runtime[0m[2m:[0m Dispatched inbound CSP bundle from 1:35 to BPA
[2m2026-08-02T16:52:59.728982Z[0m [32m INFO[0m [2mhardy_cspcl::runtime[0m[2m:[0m Dispatched inbound CSP bundle from 1:35 to BPA
[2m2026-08-02T16:52:59.929800Z[0m [32m INFO[0m [2mhardy_cspcl::runtime[0m[2m:[0m Dispatched inbound CSP bundle from 1:35 to BPA
[2m2026-08-02T16:53:00.030328Z[0m [32m INFO[0m [2mhardy_cspcl::runtime[0m[2m:[0m Dispatched inbound CSP bundle from 1:35 to BPA
[2m2026-08-02T16:53:00.958384Z[0m [32m INFO[0m [2mhardy_cspcl::runtime[0m[2m:[0m Dispatched inbound CSP bundle from 1:35 to BPA
[2m2026-08-02T16:53:00.958789Z[0m [32m INFO[0m [2mhardy_cspcl::runtime[0m[2m:[0m Dispatched inbound CSP bundle from 1:35 to BPA
[2m2026-08-02T16:53:01.072329Z[0m [32m INFO[0m [2mhardy_cspcl::runtime[0m[2m:[0m Dispatched inbound CSP bundle from 1:35 to BPA
[2m2026-08-02T16:53:01.073156Z[0m [32m INFO[0m [2mhardy_cspcl::runtime[0m[2m:[0m Dispatched inbound CSP bundle from 1:35 to BPA
[2m2026-08-02T16:53:01.073904Z[0m [32m INFO[0m [2mhardy_cspcl::runtime[0m[2m:[0m Dispatched inbound CSP bundle from 1:35 to BPA
[2m2026-08-02T16:53:01.074531Z[0m [32m INFO[0m [2mhardy_cspcl::runtime[0m[2m:[0m Dispatched inbound CSP bundle from 1:35 to BPA
[2m2026-08-02T16:53:01.159619Z[0m [32m INFO[0m [2mhardy_cspcl::runtime[0m[2m:[0m Dispatched inbound CSP bundle from 1:35 to BPA
[2m2026-08-02T16:53:01.160161Z[0m [32m INFO[0m [2mhardy_cspcl::runtime[0m[2m:[0m Dispatched inbound CSP bundle from 1:35 to BPA
[2m2026-08-02T16:53:01.461476Z[0m [32m INFO[0m [2mhardy_cspcl::runtime[0m[2m:[0m Dispatched inbound CSP bundle from 1:35 to BPA
[2m2026-08-02T16:53:01.561709Z[0m [32m INFO[0m [2mhardy_cspcl::runtime[0m[2m:[0m Dispatched inbound CSP bundle from 1:35 to BPA
[2m2026-08-02T16:53:02.390538Z[0m [32m INFO[0m [2mhardy_cspcl::runtime[0m[2m:[0m Dispatched inbound CSP bundle from 1:35 to BPA
[2m2026-08-02T16:53:02.390783Z[0m [32m INFO[0m [2mhardy_cspcl::runtime[0m[2m:[0m Dispatched inbound CSP bundle from 1:35 to BPA
[2m2026-08-02T16:53:02.504919Z[0m [32m INFO[0m [2mhardy_cspcl::runtime[0m[2m:[0m Dispatched inbound CSP bundle from 1:35 to BPA
[2m2026-08-02T16:53:02.505829Z[0m [32m INFO[0m [2mhardy_cspcl::runtime[0m[2m:[0m Dispatched inbound CSP bundle from 1:35 to BPA
[2m2026-08-02T16:53:02.707414Z[0m [32m INFO[0m [2mhardy_cspcl::runtime[0m[2m:[0m Dispatched inbound CSP bundle from 1:35 to BPA
[2m2026-08-02T16:53:02.707575Z[0m [32m INFO[0m [2mhardy_cspcl::runtime[0m[2m:[0m Dispatched inbound CSP bundle from 1:35 to BPA
[2m2026-08-02T16:53:02.708040Z[0m [32m INFO[0m [2mhardy_cspcl::runtime[0m[2m:[0m Dispatched inbound CSP bundle from 1:35 to BPA
[2m2026-08-02T16:53:02.708340Z[0m [32m INFO[0m [2mhardy_cspcl::runtime[0m[2m:[0m Dispatched inbound CSP bundle from 1:35 to BPA
[2m2026-08-02T16:53:03.008518Z[0m [32m INFO[0m [2mhardy_cspcl::runtime[0m[2m:[0m Dispatched inbound CSP bundle from 1:35 to BPA
[2m2026-08-02T16:53:03.309628Z[0m [32m INFO[0m [2mhardy_cspcl::runtime[0m[2m:[0m Dispatched inbound CSP bundle from 1:35 to BPA
[2m2026-08-02T16:53:03.934225Z[0m [32m INFO[0m [2mhardy_cspcl::runtime[0m[2m:[0m Dispatched inbound CSP bundle from 1:35 to BPA
[2m2026-08-02T16:53:03.934424Z[0m [32m INFO[0m [2mhardy_cspcl::runtime[0m[2m:[0m Dispatched inbound CSP bundle from 1:35 to BPA
[2m2026-08-02T16:53:03.971415Z[0m [32m INFO[0m [2mhardy_cspcl::runtime[0m[2m:[0m Dispatched inbound CSP bundle from 1:35 to BPA
[2m2026-08-02T16:53:04.057376Z[0m [32m INFO[0m [2mhardy_cspcl::runtime[0m[2m:[0m Dispatched inbound CSP bundle from 1:35 to BPA
[2m2026-08-02T16:53:04.057778Z[0m [32m INFO[0m [2mhardy_cspcl::runtime[0m[2m:[0m Dispatched inbound CSP bundle from 1:35 to BPA
[2m2026-08-02T16:53:04.135598Z[0m [32m INFO[0m [2mhardy_cspcl::runtime[0m[2m:[0m Dispatched inbound CSP bundle from 1:35 to BPA
[2m2026-08-02T16:53:04.136489Z[0m [32m INFO[0m [2mhardy_cspcl::runtime[0m[2m:[0m Dispatched inbound CSP bundle from 1:35 to BPA
[2m2026-08-02T16:53:04.437742Z[0m [32m INFO[0m [2mhardy_cspcl::runtime[0m[2m:[0m Dispatched inbound CSP bundle from 1:35 to BPA
[2m2026-08-02T16:53:04.538587Z[0m [32m INFO[0m [2mhardy_cspcl::runtime[0m[2m:[0m Dispatched inbound CSP bundle from 1:35 to BPA
[2m2026-08-02T16:53:04.739781Z[0m [32m INFO[0m [2mhardy_cspcl::runtime[0m[2m:[0m Dispatched inbound CSP bundle from 1:35 to BPA
[2m2026-08-02T16:53:05.468497Z[0m [32m INFO[0m [2mhardy_cspcl::runtime[0m[2m:[0m Dispatched inbound CSP bundle from 1:35 to BPA
[2m2026-08-02T16:53:05.468890Z[0m [32m INFO[0m [2mhardy_cspcl::runtime[0m[2m:[0m Dispatched inbound CSP bundle from 1:35 to BPA
[2m2026-08-02T16:53:05.582993Z[0m [32m INFO[0m [2mhardy_cspcl::runtime[0m[2m:[0m Dispatched inbound CSP bundle from 1:35 to BPA
[2m2026-08-02T16:53:05.583852Z[0m [32m INFO[0m [2mhardy_cspcl::runtime[0m[2m:[0m Dispatched inbound CSP bundle from 1:35 to BPA
[2m2026-08-02T16:53:05.684833Z[0m [32m INFO[0m [2mhardy_cspcl::runtime[0m[2m:[0m Dispatched inbound CSP bundle from 1:35 to BPA
[2m2026-08-02T16:53:05.685376Z[0m [32m INFO[0m [2mhardy_cspcl::runtime[0m[2m:[0m Dispatched inbound CSP bundle from 1:35 to BPA
[2m2026-08-02T16:53:05.785593Z[0m [32m INFO[0m [2mhardy_cspcl::runtime[0m[2m:[0m Dispatched inbound CSP bundle from 1:35 to BPA
[2m2026-08-02T16:53:05.986450Z[0m [32m INFO[0m [2mhardy_cspcl::runtime[0m[2m:[0m Dispatched inbound CSP bundle from 1:35 to BPA
[2m2026-08-02T16:53:06.087587Z[0m [32m INFO[0m [2mhardy_cspcl::runtime[0m[2m:[0m Dispatched inbound CSP bundle from 1:35 to BPA
[2m2026-08-02T16:53:06.188056Z[0m [32m INFO[0m [2mhardy_cspcl::runtime[0m[2m:[0m Dispatched inbound CSP bundle from 1:35 to BPA
[2m2026-08-02T16:53:07.014598Z[0m [32m INFO[0m [2mhardy_cspcl::runtime[0m[2m:[0m Dispatched inbound CSP bundle from 1:35 to BPA
[2m2026-08-02T16:53:07.015044Z[0m [32m INFO[0m [2mhardy_cspcl::runtime[0m[2m:[0m Dispatched inbound CSP bundle from 1:35 to BPA
[2m2026-08-02T16:53:07.050642Z[0m [32m INFO[0m [2mhardy_cspcl::runtime[0m[2m:[0m Dispatched inbound CSP bundle from 1:35 to BPA
[2m2026-08-02T16:53:07.138975Z[0m [32m INFO[0m [2mhardy_cspcl::runtime[0m[2m:[0m Dispatched inbound CSP bundle from 1:35 to BPA
[2m2026-08-02T16:53:07.140160Z[0m [32m INFO[0m [2mhardy_cspcl::runtime[0m[2m:[0m Dispatched inbound CSP bundle from 1:35 to BPA
[2m2026-08-02T16:53:07.216101Z[0m [32m INFO[0m [2mhardy_cspcl::runtime[0m[2m:[0m Dispatched inbound CSP bundle from 1:35 to BPA
[2m2026-08-02T16:53:07.216936Z[0m [32m INFO[0m [2mhardy_cspcl::runtime[0m[2m:[0m Dispatched inbound CSP bundle from 1:35 to BPA
[2m2026-08-02T16:53:07.417573Z[0m [32m INFO[0m [2mhardy_cspcl::runtime[0m[2m:[0m Dispatched inbound CSP bundle from 1:35 to BPA
[2m2026-08-02T16:53:07.618410Z[0m [32m INFO[0m [2mhardy_cspcl::runtime[0m[2m:[0m Dispatched inbound CSP bundle from 1:35 to BPA
[2m2026-08-02T16:53:07.718775Z[0m [32m INFO[0m [2mhardy_cspcl::runtime[0m[2m:[0m Dispatched inbound CSP bundle from 1:35 to BPA
[2m2026-08-02T16:53:08.447067Z[0m [32m INFO[0m [2mhardy_cspcl::runtime[0m[2m:[0m Dispatched inbound CSP bundle from 1:35 to BPA
[2m2026-08-02T16:53:08.447337Z[0m [32m INFO[0m [2mhardy_cspcl::runtime[0m[2m:[0m Dispatched inbound CSP bundle from 1:35 to BPA
[2m2026-08-02T16:53:08.648385Z[0m [32m INFO[0m [2mhardy_cspcl::runtime[0m[2m:[0m Dispatched inbound CSP bundle from 1:35 to BPA
[2m2026-08-02T16:53:08.649233Z[0m [32m INFO[0m [2mhardy_cspcl::runtime[0m[2m:[0m Dispatched inbound CSP bundle from 1:35 to BPA
[2m2026-08-02T16:53:08.750173Z[0m [32m INFO[0m [2mhardy_cspcl::runtime[0m[2m:[0m Dispatched inbound CSP bundle from 1:35 to BPA
[2m2026-08-02T16:53:08.750786Z[0m [32m INFO[0m [2mhardy_cspcl::runtime[0m[2m:[0m Dispatched inbound CSP bundle from 1:35 to BPA
[2m2026-08-02T16:53:09.052181Z[0m [32m INFO[0m [2mhardy_cspcl::runtime[0m[2m:[0m Dispatched inbound CSP bundle from 1:35 to BPA
[2m2026-08-02T16:53:09.053163Z[0m [32m INFO[0m [2mhardy_cspcl::runtime[0m[2m:[0m Dispatched inbound CSP bundle from 1:35 to BPA
[2m2026-08-02T16:53:09.153443Z[0m [32m INFO[0m [2mhardy_cspcl::runtime[0m[2m:[0m Dispatched inbound CSP bundle from 1:35 to BPA
[2m2026-08-02T16:53:09.253886Z[0m [32m INFO[0m [2mhardy_cspcl::runtime[0m[2m:[0m Dispatched inbound CSP bundle from 1:35 to BPA
[2m2026-08-02T16:53:10.086167Z[0m [32m INFO[0m [2mhardy_cspcl::runtime[0m[2m:[0m Dispatched inbound CSP bundle from 1:35 to BPA
[2m2026-08-02T16:53:10.086531Z[0m [32m INFO[0m [2mhardy_cspcl::runtime[0m[2m:[0m Dispatched inbound CSP bundle from 1:35 to BPA
[2m2026-08-02T16:53:10.200575Z[0m [32m INFO[0m [2mhardy_cspcl::runtime[0m[2m:[0m Dispatched inbound CSP bundle from 1:35 to BPA
[2m2026-08-02T16:53:10.201324Z[0m [32m INFO[0m [2mhardy_cspcl::runtime[0m[2m:[0m Dispatched inbound CSP bundle from 1:35 to BPA
[2m2026-08-02T16:53:10.502009Z[0m [32m INFO[0m [2mhardy_cspcl::runtime[0m[2m:[0m Dispatched inbound CSP bundle from 1:35 to BPA
[2m2026-08-02T16:53:10.503091Z[0m [32m INFO[0m [2mhardy_cspcl::runtime[0m[2m:[0m Dispatched inbound CSP bundle from 1:35 to BPA
[2m2026-08-02T16:53:10.503986Z[0m [32m INFO[0m [2mhardy_cspcl::runtime[0m[2m:[0m Dispatched inbound CSP bundle from 1:35 to BPA
[2m2026-08-02T16:53:10.504384Z[0m [32m INFO[0m [2mhardy_cspcl::runtime[0m[2m:[0m Dispatched inbound CSP bundle from 1:35 to BPA
[2m2026-08-02T16:53:10.703654Z[0m [32m INFO[0m [2mhardy_cspcl::runtime[0m[2m:[0m Dispatched inbound CSP bundle from 1:35 to BPA
[2m2026-08-02T16:53:10.803769Z[0m [32m INFO[0m [2mhardy_cspcl::runtime[0m[2m:[0m Dispatched inbound CSP bundle from 1:35 to BPA
[2m2026-08-02T16:53:11.735385Z[0m [32m INFO[0m [2mhardy_cspcl::runtime[0m[2m:[0m Dispatched inbound CSP bundle from 1:35 to BPA
[2m2026-08-02T16:53:11.735629Z[0m [32m INFO[0m [2mhardy_cspcl::runtime[0m[2m:[0m Dispatched inbound CSP bundle from 1:35 to BPA
[2m2026-08-02T16:53:11.767208Z[0m [32m INFO[0m [2mhardy_cspcl::runtime[0m[2m:[0m Dispatched inbound CSP bundle from 1:35 to BPA
[2m2026-08-02T16:53:11.859605Z[0m [32m INFO[0m [2mhardy_cspcl::runtime[0m[2m:[0m Dispatched inbound CSP bundle from 1:35 to BPA
[2m2026-08-02T16:53:11.860219Z[0m [32m INFO[0m [2mhardy_cspcl::runtime[0m[2m:[0m Dispatched inbound CSP bundle from 1:35 to BPA
[2m2026-08-02T16:53:11.860910Z[0m [32m INFO[0m [2mhardy_cspcl::runtime[0m[2m:[0m Dispatched inbound CSP bundle from 1:35 to BPA
[2m2026-08-02T16:53:11.861593Z[0m [32m INFO[0m [2mhardy_cspcl::runtime[0m[2m:[0m Dispatched inbound CSP bundle from 1:35 to BPA
[2m2026-08-02T16:53:11.862283Z[0m [32m INFO[0m [2mhardy_cspcl::runtime[0m[2m:[0m Dispatched inbound CSP bundle from 1:35 to BPA
[2m2026-08-02T16:53:12.238558Z[0m [32m INFO[0m [2mhardy_cspcl::runtime[0m[2m:[0m Dispatched inbound CSP bundle from 1:35 to BPA
[2m2026-08-02T16:53:12.338854Z[0m [32m INFO[0m [2mhardy_cspcl::runtime[0m[2m:[0m Dispatched inbound CSP bundle from 1:35 to BPA
[2m2026-08-02T16:53:13.163732Z[0m [32m INFO[0m [2mhardy_cspcl::runtime[0m[2m:[0m Dispatched inbound CSP bundle from 1:35 to BPA
[2m2026-08-02T16:53:13.163895Z[0m [32m INFO[0m [2mhardy_cspcl::runtime[0m[2m:[0m Dispatched inbound CSP bundle from 1:35 to BPA
[2m2026-08-02T16:53:13.264938Z[0m [32m INFO[0m [2mhardy_cspcl::runtime[0m[2m:[0m Dispatched inbound CSP bundle from 1:35 to BPA
[2m2026-08-02T16:53:13.365081Z[0m [32m INFO[0m [2mhardy_cspcl::runtime[0m[2m:[0m Dispatched inbound CSP bundle from 1:35 to BPA
[2m2026-08-02T16:53:13.566423Z[0m [32m INFO[0m [2mhardy_cspcl::runtime[0m[2m:[0m Dispatched inbound CSP bundle from 1:35 to BPA
[2m2026-08-02T16:53:13.567303Z[0m [32m INFO[0m [2mhardy_cspcl::runtime[0m[2m:[0m Dispatched inbound CSP bundle from 1:35 to BPA
[2m2026-08-02T16:53:13.567829Z[0m [32m INFO[0m [2mhardy_cspcl::runtime[0m[2m:[0m Dispatched inbound CSP bundle from 1:35 to BPA
[2m2026-08-02T16:53:13.568378Z[0m [32m INFO[0m [2mhardy_cspcl::runtime[0m[2m:[0m Dispatched inbound CSP bundle from 1:35 to BPA
[2m2026-08-02T16:53:13.767855Z[0m [32m INFO[0m [2mhardy_cspcl::runtime[0m[2m:[0m Dispatched inbound CSP bundle from 1:35 to BPA
[2m2026-08-02T16:53:13.968373Z[0m [32m INFO[0m [2mhardy_cspcl::runtime[0m[2m:[0m Dispatched inbound CSP bundle from 1:35 to BPA
[2m2026-08-02T16:53:14.800569Z[0m [32m INFO[0m [2mhardy_cspcl::runtime[0m[2m:[0m Dispatched inbound CSP bundle from 1:35 to BPA
[2m2026-08-02T16:53:14.800982Z[0m [32m INFO[0m [2mhardy_cspcl::runtime[0m[2m:[0m Dispatched inbound CSP bundle from 1:35 to BPA
[2m2026-08-02T16:53:14.837170Z[0m [32m INFO[0m [2mhardy_cspcl::runtime[0m[2m:[0m Dispatched inbound CSP bundle from 1:35 to BPA
[2m2026-08-02T16:53:14.924426Z[0m [32m INFO[0m [2mhardy_cspcl::runtime[0m[2m:[0m Dispatched inbound CSP bundle from 1:35 to BPA
[2m2026-08-02T16:53:14.925092Z[0m [32m INFO[0m [2mhardy_cspcl::runtime[0m[2m:[0m Dispatched inbound CSP bundle from 1:35 to BPA
[2m2026-08-02T16:53:14.926145Z[0m [32m INFO[0m [2mhardy_cspcl::runtime[0m[2m:[0m Dispatched inbound CSP bundle from 1:35 to BPA
[2m2026-08-02T16:53:14.926589Z[0m [32m INFO[0m [2mhardy_cspcl::runtime[0m[2m:[0m Dispatched inbound CSP bundle from 1:35 to BPA
[2m2026-08-02T16:53:15.002306Z[0m [32m INFO[0m [2mhardy_cspcl::runtime[0m[2m:[0m Dispatched inbound CSP bundle from 1:35 to BPA
[2m2026-08-02T16:53:15.403806Z[0m [32m INFO[0m [2mhardy_cspcl::runtime[0m[2m:[0m Dispatched inbound CSP bundle from 1:35 to BPA
[2m2026-08-02T16:53:15.404484Z[0m [32m INFO[0m [2mhardy_cspcl::runtime[0m[2m:[0m Dispatched inbound CSP bundle from 1:35 to BPA
[2m2026-08-02T16:53:16.230544Z[0m [32m INFO[0m [2mhardy_cspcl::runtime[0m[2m:[0m Dispatched inbound CSP bundle from 1:35 to BPA
[2m2026-08-02T16:53:16.230969Z[0m [32m INFO[0m [2mhardy_cspcl::runtime[0m[2m:[0m Dispatched inbound CSP bundle from 1:35 to BPA
[2m2026-08-02T16:53:16.349952Z[0m [32m INFO[0m [2mhardy_cspcl::runtime[0m[2m:[0m Dispatched inbound CSP bundle from 1:35 to BPA
[2m2026-08-02T16:53:16.551458Z[0m [32m INFO[0m [2mhardy_cspcl::runtime[0m[2m:[0m Dispatched inbound CSP bundle from 1:35 to BPA
[2m2026-08-02T16:53:16.552012Z[0m [32m INFO[0m [2mhardy_cspcl::runtime[0m[2m:[0m Dispatched inbound CSP bundle from 1:35 to BPA
[2m2026-08-02T16:53:16.552929Z[0m [32m INFO[0m [2mhardy_cspcl::runtime[0m[2m:[0m Dispatched inbound CSP bundle from 1:35 to BPA
[2m2026-08-02T16:53:16.553419Z[0m [32m INFO[0m [2mhardy_cspcl::runtime[0m[2m:[0m Dispatched inbound CSP bundle from 1:35 to BPA
[2m2026-08-02T16:53:16.554053Z[0m [32m INFO[0m [2mhardy_cspcl::runtime[0m[2m:[0m Dispatched inbound CSP bundle from 1:35 to BPA
[2m2026-08-02T16:53:16.855482Z[0m [32m INFO[0m [2mhardy_cspcl::runtime[0m[2m:[0m Dispatched inbound CSP bundle from 1:35 to BPA
[2m2026-08-02T16:53:16.956113Z[0m [32m INFO[0m [2mhardy_cspcl::runtime[0m[2m:[0m Dispatched inbound CSP bundle from 1:35 to BPA
[2m2026-08-02T16:53:17.780994Z[0m [32m INFO[0m [2mhardy_cspcl::runtime[0m[2m:[0m Dispatched inbound CSP bundle from 1:35 to BPA
[2m2026-08-02T16:53:17.781258Z[0m [32m INFO[0m [2mhardy_cspcl::runtime[0m[2m:[0m Dispatched inbound CSP bundle from 1:35 to BPA
[2m2026-08-02T16:53:17.895884Z[0m [32m INFO[0m [2mhardy_cspcl::runtime[0m[2m:[0m Dispatched inbound CSP bundle from 1:35 to BPA
[2m2026-08-02T16:53:17.896689Z[0m [32m INFO[0m [2mhardy_cspcl::runtime[0m[2m:[0m Dispatched inbound CSP bundle from 1:35 to BPA
[2m2026-08-02T16:53:18.198115Z[0m [32m INFO[0m [2mhardy_cspcl::runtime[0m[2m:[0m Dispatched inbound CSP bundle from 1:35 to BPA
[2m2026-08-02T16:53:18.198585Z[0m [32m INFO[0m [2mhardy_cspcl::runtime[0m[2m:[0m Dispatched inbound CSP bundle from 1:35 to BPA
[2m2026-08-02T16:53:18.199218Z[0m [32m INFO[0m [2mhardy_cspcl::runtime[0m[2m:[0m Dispatched inbound CSP bundle from 1:35 to BPA
[2m2026-08-02T16:53:18.199806Z[0m [32m INFO[0m [2mhardy_cspcl::runtime[0m[2m:[0m Dispatched inbound CSP bundle from 1:35 to BPA
[2m2026-08-02T16:53:18.399603Z[0m [32m INFO[0m [2mhardy_cspcl::runtime[0m[2m:[0m Dispatched inbound CSP bundle from 1:35 to BPA
[2m2026-08-02T16:53:18.499945Z[0m [32m INFO[0m [2mhardy_cspcl::runtime[0m[2m:[0m Dispatched inbound CSP bundle from 1:35 to BPA
[2m2026-08-02T16:53:19.426139Z[0m [32m INFO[0m [2mhardy_cspcl::runtime[0m[2m:[0m Dispatched inbound CSP bundle from 1:35 to BPA
[2m2026-08-02T16:53:19.426381Z[0m [32m INFO[0m [2mhardy_cspcl::runtime[0m[2m:[0m Dispatched inbound CSP bundle from 1:35 to BPA
[2m2026-08-02T16:53:19.463132Z[0m [32m INFO[0m [2mhardy_cspcl::runtime[0m[2m:[0m Dispatched inbound CSP bundle from 1:35 to BPA
[2m2026-08-02T16:53:19.550155Z[0m [32m INFO[0m [2mhardy_cspcl::runtime[0m[2m:[0m Dispatched inbound CSP bundle from 1:35 to BPA
[2m2026-08-02T16:53:19.551018Z[0m [32m INFO[0m [2mhardy_cspcl::runtime[0m[2m:[0m Dispatched inbound CSP bundle from 1:35 to BPA
[2m2026-08-02T16:53:19.551809Z[0m [32m INFO[0m [2mhardy_cspcl::runtime[0m[2m:[0m Dispatched inbound CSP bundle from 1:35 to BPA
[2m2026-08-02T16:53:19.552349Z[0m [32m INFO[0m [2mhardy_cspcl::runtime[0m[2m:[0m Dispatched inbound CSP bundle from 1:35 to BPA
[2m2026-08-02T16:53:19.627408Z[0m [32m INFO[0m [2mhardy_cspcl::runtime[0m[2m:[0m Dispatched inbound CSP bundle from 1:35 to BPA
[2m2026-08-02T16:53:20.028733Z[0m [32m INFO[0m [2mhardy_cspcl::runtime[0m[2m:[0m Dispatched inbound CSP bundle from 1:35 to BPA
[2m2026-08-02T16:53:20.029477Z[0m [32m INFO[0m [2mhardy_cspcl::runtime[0m[2m:[0m Dispatched inbound CSP bundle from 1:35 to BPA
[2m2026-08-02T16:53:20.758307Z[0m [32m INFO[0m [2mhardy_cspcl::runtime[0m[2m:[0m Dispatched inbound CSP bundle from 1:35 to BPA
[2m2026-08-02T16:53:20.858925Z[0m [32m INFO[0m [2mhardy_cspcl::runtime[0m[2m:[0m Dispatched inbound CSP bundle from 1:35 to BPA
[2m2026-08-02T16:53:20.859435Z[0m [32m INFO[0m [2mhardy_cspcl::runtime[0m[2m:[0m Dispatched inbound CSP bundle from 1:35 to BPA
[2m2026-08-02T16:53:21.181603Z[0m [32m INFO[0m [2mhardy_cspcl::runtime[0m[2m:[0m Dispatched inbound CSP bundle from 1:35 to BPA
[2m2026-08-02T16:53:21.182510Z[0m [32m INFO[0m [2mhardy_cspcl::runtime[0m[2m:[0m Dispatched inbound CSP bundle from 1:35 to BPA
[2m2026-08-02T16:53:21.183180Z[0m [32m INFO[0m [2mhardy_cspcl::runtime[0m[2m:[0m Dispatched inbound CSP bundle from 1:35 to BPA
[2m2026-08-02T16:53:21.184136Z[0m [32m INFO[0m [2mhardy_cspcl::runtime[0m[2m:[0m Dispatched inbound CSP bundle from 1:35 to BPA
[2m2026-08-02T16:53:21.185010Z[0m [32m INFO[0m [2mhardy_cspcl::runtime[0m[2m:[0m Dispatched inbound CSP bundle from 1:35 to BPA
[2m2026-08-02T16:53:21.483308Z[0m [32m INFO[0m [2mhardy_cspcl::runtime[0m[2m:[0m Dispatched inbound CSP bundle from 1:35 to BPA
[2m2026-08-02T16:53:21.583787Z[0m [32m INFO[0m [2mhardy_cspcl::runtime[0m[2m:[0m Dispatched inbound CSP bundle from 1:35 to BPA
[2m2026-08-02T16:53:22.707294Z[0m [32m INFO[0m [2mhardy_cspcl::runtime[0m[2m:[0m Dispatched inbound CSP bundle from 1:35 to BPA
[2m2026-08-02T16:53:22.707870Z[0m [32m INFO[0m [2mhardy_cspcl::runtime[0m[2m:[0m Dispatched inbound CSP bundle from 1:35 to BPA
[2m2026-08-02T16:53:22.744607Z[0m [32m INFO[0m [2mhardy_cspcl::runtime[0m[2m:[0m Dispatched inbound CSP bundle from 1:35 to BPA
[2m2026-08-02T16:53:22.830936Z[0m [32m INFO[0m [2mhardy_cspcl::runtime[0m[2m:[0m Dispatched inbound CSP bundle from 1:35 to BPA
[2m2026-08-02T16:53:22.831205Z[0m [32m INFO[0m [2mhardy_cspcl::runtime[0m[2m:[0m Dispatched inbound CSP bundle from 1:35 to BPA
[2m2026-08-02T16:53:22.831714Z[0m [32m INFO[0m [2mhardy_cspcl::runtime[0m[2m:[0m Dispatched inbound CSP bundle from 1:35 to BPA
[2m2026-08-02T16:53:22.832219Z[0m [32m INFO[0m [2mhardy_cspcl::runtime[0m[2m:[0m Dispatched inbound CSP bundle from 1:35 to BPA
[2m2026-08-02T16:53:22.832445Z[0m [32m INFO[0m [2mhardy_cspcl::runtime[0m[2m:[0m Dispatched inbound CSP bundle from 1:35 to BPA
[2m2026-08-02T16:53:23.008886Z[0m [32m INFO[0m [2mhardy_cspcl::runtime[0m[2m:[0m Dispatched inbound CSP bundle from 1:35 to BPA
[2m2026-08-02T16:53:23.209895Z[0m [32m INFO[0m [2mhardy_cspcl::runtime[0m[2m:[0m Dispatched inbound CSP bundle from 1:35 to BPA
[2m2026-08-02T16:53:23.937844Z[0m [32m INFO[0m [2mhardy_cspcl::runtime[0m[2m:[0m Dispatched inbound CSP bundle from 1:35 to BPA
[2m2026-08-02T16:53:23.938158Z[0m [32m INFO[0m [2mhardy_cspcl::runtime[0m[2m:[0m Dispatched inbound CSP bundle from 1:35 to BPA
[2m2026-08-02T16:53:24.052057Z[0m [32m INFO[0m [2mhardy_cspcl::runtime[0m[2m:[0m Dispatched inbound CSP bundle from 1:35 to BPA
[2m2026-08-02T16:53:24.052652Z[0m [32m INFO[0m [2mhardy_cspcl::runtime[0m[2m:[0m Dispatched inbound CSP bundle from 1:35 to BPA
[2m2026-08-02T16:53:24.153866Z[0m [32m INFO[0m [2mhardy_cspcl::runtime[0m[2m:[0m Dispatched inbound CSP bundle from 1:35 to BPA
[2m2026-08-02T16:53:24.454548Z[0m [32m INFO[0m [2mhardy_cspcl::runtime[0m[2m:[0m Dispatched inbound CSP bundle from 1:35 to BPA
[2m2026-08-02T16:53:24.455243Z[0m [32m INFO[0m [2mhardy_cspcl::runtime[0m[2m:[0m Dispatched inbound CSP bundle from 1:35 to BPA
[2m2026-08-02T16:53:24.456117Z[0m [32m INFO[0m [2mhardy_cspcl::runtime[0m[2m:[0m Dispatched inbound CSP bundle from 1:35 to BPA
[2m2026-08-02T16:53:24.655944Z[0m [32m INFO[0m [2mhardy_cspcl::runtime[0m[2m:[0m Dispatched inbound CSP bundle from 1:35 to BPA
[2m2026-08-02T16:53:24.657152Z[0m [32m INFO[0m [2mhardy_cspcl::runtime[0m[2m:[0m Dispatched inbound CSP bundle from 1:35 to BPA
[2m2026-08-02T16:53:25.486724Z[0m [32m INFO[0m [2mhardy_cspcl::runtime[0m[2m:[0m Dispatched inbound CSP bundle from 1:35 to BPA
[2m2026-08-02T16:53:25.487044Z[0m [32m INFO[0m [2mhardy_cspcl::runtime[0m[2m:[0m Dispatched inbound CSP bundle from 1:35 to BPA
[2m2026-08-02T16:53:25.601185Z[0m [32m INFO[0m [2mhardy_cspcl::runtime[0m[2m:[0m Dispatched inbound CSP bundle from 1:35 to BPA
[2m2026-08-02T16:53:25.601784Z[0m [32m INFO[0m [2mhardy_cspcl::runtime[0m[2m:[0m Dispatched inbound CSP bundle from 1:35 to BPA
[2m2026-08-02T16:53:25.803079Z[0m [32m INFO[0m [2mhardy_cspcl::runtime[0m[2m:[0m Dispatched inbound CSP bundle from 1:35 to BPA
[2m2026-08-02T16:53:26.104382Z[0m [32m INFO[0m [2mhardy_cspcl::runtime[0m[2m:[0m Dispatched inbound CSP bundle from 1:35 to BPA
[2m2026-08-02T16:53:26.105977Z[0m [32m INFO[0m [2mhardy_cspcl::runtime[0m[2m:[0m Dispatched inbound CSP bundle from 1:35 to BPA
[2m2026-08-02T16:53:26.106171Z[0m [32m INFO[0m [2mhardy_cspcl::runtime[0m[2m:[0m Dispatched inbound CSP bundle from 1:35 to BPA
[2m2026-08-02T16:53:26.107101Z[0m [32m INFO[0m [2mhardy_cspcl::runtime[0m[2m:[0m Dispatched inbound CSP bundle from 1:35 to BPA
[2m2026-08-02T16:53:26.205155Z[0m [32m INFO[0m [2mhardy_cspcl::runtime[0m[2m:[0m Dispatched inbound CSP bundle from 1:35 to BPA
[2m2026-08-02T16:53:27.030546Z[0m [32m INFO[0m [2mhardy_cspcl::runtime[0m[2m:[0m Dispatched inbound CSP bundle from 1:35 to BPA
[2m2026-08-02T16:53:27.030702Z[0m [32m INFO[0m [2mhardy_cspcl::runtime[0m[2m:[0m Dispatched inbound CSP bundle from 1:35 to BPA
[2m2026-08-02T16:53:27.144859Z[0m [32m INFO[0m [2mhardy_cspcl::runtime[0m[2m:[0m Dispatched inbound CSP bundle from 1:35 to BPA
[2m2026-08-02T16:53:27.145732Z[0m [32m INFO[0m [2mhardy_cspcl::runtime[0m[2m:[0m Dispatched inbound CSP bundle from 1:35 to BPA
[2m2026-08-02T16:53:27.447005Z[0m [32m INFO[0m [2mhardy_cspcl::runtime[0m[2m:[0m Dispatched inbound CSP bundle from 1:35 to BPA
[2m2026-08-02T16:53:27.447895Z[0m [32m INFO[0m [2mhardy_cspcl::runtime[0m[2m:[0m Dispatched inbound CSP bundle from 1:35 to BPA
[2m2026-08-02T16:53:27.448312Z[0m [32m INFO[0m [2mhardy_cspcl::runtime[0m[2m:[0m Dispatched inbound CSP bundle from 1:35 to BPA
[2m2026-08-02T16:53:27.449091Z[0m [32m INFO[0m [2mhardy_cspcl::runtime[0m[2m:[0m Dispatched inbound CSP bundle from 1:35 to BPA
[2m2026-08-02T16:53:27.648571Z[0m [32m INFO[0m [2mhardy_cspcl::runtime[0m[2m:[0m Dispatched inbound CSP bundle from 1:35 to BPA
[2m2026-08-02T16:53:27.748726Z[0m [32m INFO[0m [2mhardy_cspcl::runtime[0m[2m:[0m Dispatched inbound CSP bundle from 1:35 to BPA
[2m2026-08-02T16:53:28.677320Z[0m [32m INFO[0m [2mhardy_cspcl::runtime[0m[2m:[0m Dispatched inbound CSP bundle from 1:35 to BPA
[2m2026-08-02T16:53:28.677587Z[0m [32m INFO[0m [2mhardy_cspcl::runtime[0m[2m:[0m Dispatched inbound CSP bundle from 1:35 to BPA
[2m2026-08-02T16:53:28.714445Z[0m [32m INFO[0m [2mhardy_cspcl::runtime[0m[2m:[0m Dispatched inbound CSP bundle from 1:35 to BPA
[2m2026-08-02T16:53:28.801272Z[0m [32m INFO[0m [2mhardy_cspcl::runtime[0m[2m:[0m Dispatched inbound CSP bundle from 1:35 to BPA
[2m2026-08-02T16:53:28.802209Z[0m [32m INFO[0m [2mhardy_cspcl::runtime[0m[2m:[0m Dispatched inbound CSP bundle from 1:35 to BPA
[2m2026-08-02T16:53:28.878725Z[0m [32m INFO[0m [2mhardy_cspcl::runtime[0m[2m:[0m Dispatched inbound CSP bundle from 1:35 to BPA
[2m2026-08-02T16:53:28.979942Z[0m [32m INFO[0m [2mhardy_cspcl::runtime[0m[2m:[0m Dispatched inbound CSP bundle from 1:35 to BPA
[2m2026-08-02T16:53:29.181439Z[0m [32m INFO[0m [2mhardy_cspcl::runtime[0m[2m:[0m Dispatched inbound CSP bundle from 1:35 to BPA
[2m2026-08-02T16:53:29.192561Z[0m [32m INFO[0m [2mhardy_cspcl::runtime[0m[2m:[0m Dispatched inbound CSP bundle from 1:35 to BPA
[2m2026-08-02T16:53:29.282298Z[0m [32m INFO[0m [2mhardy_cspcl::runtime[0m[2m:[0m Dispatched inbound CSP bundle from 1:35 to BPA
[2m2026-08-02T16:53:30.105356Z[0m [32m INFO[0m [2mhardy_cspcl::runtime[0m[2m:[0m Dispatched inbound CSP bundle from 1:35 to BPA
[2m2026-08-02T16:53:30.105659Z[0m [32m INFO[0m [2mhardy_cspcl::runtime[0m[2m:[0m Dispatched inbound CSP bundle from 1:35 to BPA
[2m2026-08-02T16:53:30.142377Z[0m [32m INFO[0m [2mhardy_cspcl::runtime[0m[2m:[0m Dispatched inbound CSP bundle from 1:35 to BPA
[2m2026-08-02T16:53:30.429570Z[0m [32m INFO[0m [2mhardy_cspcl::runtime[0m[2m:[0m Dispatched inbound CSP bundle from 1:35 to BPA
[2m2026-08-02T16:53:30.430397Z[0m [32m INFO[0m [2mhardy_cspcl::runtime[0m[2m:[0m Dispatched inbound CSP bundle from 1:35 to BPA
[2m2026-08-02T16:53:30.431051Z[0m [32m INFO[0m [2mhardy_cspcl::runtime[0m[2m:[0m Dispatched inbound CSP bundle from 1:35 to BPA
[2m2026-08-02T16:53:30.431541Z[0m [32m INFO[0m [2mhardy_cspcl::runtime[0m[2m:[0m Dispatched inbound CSP bundle from 1:35 to BPA
[2m2026-08-02T16:53:30.431919Z[0m [32m INFO[0m [2mhardy_cspcl::runtime[0m[2m:[0m Dispatched inbound CSP bundle from 1:35 to BPA
[2m2026-08-02T16:53:30.733922Z[0m [32m INFO[0m [2mhardy_cspcl::runtime[0m[2m:[0m Dispatched inbound CSP bundle from 1:35 to BPA
[2m2026-08-02T16:53:30.934032Z[0m [32m INFO[0m [2mhardy_cspcl::runtime[0m[2m:[0m Dispatched inbound CSP bundle from 1:35 to BPA
[2m2026-08-02T16:53:31.564312Z[0m [32m INFO[0m [2mhardy_cspcl::runtime[0m[2m:[0m Dispatched inbound CSP bundle from 1:35 to BPA
[2m2026-08-02T16:53:31.564611Z[0m [32m INFO[0m [2mhardy_cspcl::runtime[0m[2m:[0m Dispatched inbound CSP bundle from 1:35 to BPA
[2m2026-08-02T16:53:31.678676Z[0m [32m INFO[0m [2mhardy_cspcl::runtime[0m[2m:[0m Dispatched inbound CSP bundle from 1:35 to BPA
[2m2026-08-02T16:53:31.880163Z[0m [32m INFO[0m [2mhardy_cspcl::runtime[0m[2m:[0m Dispatched inbound CSP bundle from 1:35 to BPA
[2m2026-08-02T16:53:31.880714Z[0m [32m INFO[0m [2mhardy_cspcl::runtime[0m[2m:[0m Dispatched inbound CSP bundle from 1:35 to BPA
[2m2026-08-02T16:53:31.880963Z[0m [32m INFO[0m [2mhardy_cspcl::runtime[0m[2m:[0m Dispatched inbound CSP bundle from 1:35 to BPA
[2m2026-08-02T16:53:31.881337Z[0m [32m INFO[0m [2mhardy_cspcl::runtime[0m[2m:[0m Dispatched inbound CSP bundle from 1:35 to BPA
[2m2026-08-02T16:53:31.881667Z[0m [32m INFO[0m [2mhardy_cspcl::runtime[0m[2m:[0m Dispatched inbound CSP bundle from 1:35 to BPA
[2m2026-08-02T16:53:32.282411Z[0m [32m INFO[0m [2mhardy_cspcl::runtime[0m[2m:[0m Dispatched inbound CSP bundle from 1:35 to BPA
[2m2026-08-02T16:53:32.382853Z[0m [32m INFO[0m [2mhardy_cspcl::runtime[0m[2m:[0m Dispatched inbound CSP bundle from 1:35 to BPA
[2m2026-08-02T16:53:33.212278Z[0m [32m INFO[0m [2mhardy_cspcl::runtime[0m[2m:[0m Dispatched inbound CSP bundle from 1:35 to BPA
[2m2026-08-02T16:53:33.212643Z[0m [32m INFO[0m [2mhardy_cspcl::runtime[0m[2m:[0m Dispatched inbound CSP bundle from 1:35 to BPA
[2m2026-08-02T16:53:33.313508Z[0m [32m INFO[0m [2mhardy_cspcl::runtime[0m[2m:[0m Dispatched inbound CSP bundle from 1:35 to BPA
[2m2026-08-02T16:53:33.536819Z[0m [32m INFO[0m [2mhardy_cspcl::runtime[0m[2m:[0m Dispatched inbound CSP bundle from 1:35 to BPA
[2m2026-08-02T16:53:33.537862Z[0m [32m INFO[0m [2mhardy_cspcl::runtime[0m[2m:[0m Dispatched inbound CSP bundle from 1:35 to BPA
[2m2026-08-02T16:53:33.538408Z[0m [32m INFO[0m [2mhardy_cspcl::runtime[0m[2m:[0m Dispatched inbound CSP bundle from 1:35 to BPA
[2m2026-08-02T16:53:33.539086Z[0m [32m INFO[0m [2mhardy_cspcl::runtime[0m[2m:[0m Dispatched inbound CSP bundle from 1:35 to BPA
[2m2026-08-02T16:53:33.539599Z[0m [32m INFO[0m [2mhardy_cspcl::runtime[0m[2m:[0m Dispatched inbound CSP bundle from 1:35 to BPA
[2m2026-08-02T16:53:33.838325Z[0m [32m INFO[0m [2mhardy_cspcl::runtime[0m[2m:[0m Dispatched inbound CSP bundle from 1:35 to BPA
[2m2026-08-02T16:53:33.939041Z[0m [32m INFO[0m [2mhardy_cspcl::runtime[0m[2m:[0m Dispatched inbound CSP bundle from 1:35 to BPA
[2m2026-08-02T16:53:34.838841Z[0m [32m INFO[0m [2mhardy_cspcl::runtime[0m[2m:[0m Dispatched inbound CSP bundle from 1:35 to BPA
[2m2026-08-02T16:53:34.839005Z[0m [32m INFO[0m [2mhardy_cspcl::runtime[0m[2m:[0m Dispatched inbound CSP bundle from 1:35 to BPA
[2m2026-08-02T16:53:35.046376Z[0m [32m INFO[0m [2mhardy_cspcl::runtime[0m[2m:[0m Dispatched inbound CSP bundle from 1:35 to BPA
[2m2026-08-02T16:53:35.047126Z[0m [32m INFO[0m [2mhardy_cspcl::runtime[0m[2m:[0m Dispatched inbound CSP bundle from 1:35 to BPA
[2m2026-08-02T16:53:35.650257Z[0m [32m INFO[0m [2mhardy_cspcl::runtime[0m[2m:[0m Dispatched inbound CSP bundle from 1:35 to BPA
[2m2026-08-02T16:53:35.951401Z[0m [32m INFO[0m [2mhardy_cspcl::runtime[0m[2m:[0m Dispatched inbound CSP bundle from 1:35 to BPA
[2m2026-08-02T16:53:36.253221Z[0m [32m INFO[0m [2mhardy_cspcl::runtime[0m[2m:[0m Dispatched inbound CSP bundle from 1:35 to BPA
[2m2026-08-02T16:53:36.554365Z[0m [32m INFO[0m [2mhardy_cspcl::runtime[0m[2m:[0m Dispatched inbound CSP bundle from 1:35 to BPA
[2m2026-08-02T16:53:36.655364Z[0m [32m INFO[0m [2mhardy_cspcl::runtime[0m[2m:[0m Dispatched inbound CSP bundle from 1:35 to BPA
[2m2026-08-02T16:53:36.855797Z[0m [32m INFO[0m [2mhardy_cspcl::runtime[0m[2m:[0m Dispatched inbound CSP bundle from 1:35 to BPA
[2m2026-08-02T16:53:38.086403Z[0m [32m INFO[0m [2mhardy_cspcl::runtime[0m[2m:[0m Dispatched inbound CSP bundle from 1:35 to BPA
[2m2026-08-02T16:53:38.086690Z[0m [32m INFO[0m [2mhardy_cspcl::runtime[0m[2m:[0m Dispatched inbound CSP bundle from 1:35 to BPA
[2m2026-08-02T16:53:38.193200Z[0m [32m INFO[0m [2mhardy_cspcl::runtime[0m[2m:[0m Dispatched inbound CSP bundle from 1:35 to BPA
[2m2026-08-02T16:53:38.194076Z[0m [32m INFO[0m [2mhardy_cspcl::runtime[0m[2m:[0m Dispatched inbound CSP bundle from 1:35 to BPA
[2m2026-08-02T16:53:38.655377Z[0m [32m INFO[0m [2mhardy_cspcl::runtime[0m[2m:[0m Dispatched inbound CSP bundle from 1:35 to BPA
[2m2026-08-02T16:53:38.757042Z[0m [32m INFO[0m [2mhardy_cspcl::runtime[0m[2m:[0m Dispatched inbound CSP bundle from 1:35 to BPA
[2m2026-08-02T16:53:39.270429Z[0m [32m INFO[0m [2mhardy_cspcl::runtime[0m[2m:[0m Dispatched inbound CSP bundle from 1:35 to BPA
[2m2026-08-02T16:53:39.371273Z[0m [32m INFO[0m [2mhardy_cspcl::runtime[0m[2m:[0m Dispatched inbound CSP bundle from 1:35 to BPA
[2m2026-08-02T16:53:39.873504Z[0m [32m INFO[0m [2mhardy_cspcl::runtime[0m[2m:[0m Dispatched inbound CSP bundle from 1:35 to BPA
[2m2026-08-02T16:53:39.874759Z[0m [32m INFO[0m [2mhardy_cspcl::runtime[0m[2m:[0m Dispatched inbound CSP bundle from 1:35 to BPA
[2m2026-08-02T16:53:40.903236Z[0m [32m INFO[0m [2mhardy_cspcl::runtime[0m[2m:[0m Dispatched inbound CSP bundle from 1:35 to BPA
[2m2026-08-02T16:53:40.903631Z[0m [32m INFO[0m [2mhardy_cspcl::runtime[0m[2m:[0m Dispatched inbound CSP bundle from 1:35 to BPA
[2m2026-08-02T16:53:41.009875Z[0m [32m INFO[0m [2mhardy_cspcl::runtime[0m[2m:[0m Dispatched inbound CSP bundle from 1:35 to BPA
[2m2026-08-02T16:53:41.010375Z[0m [32m INFO[0m [2mhardy_cspcl::runtime[0m[2m:[0m Dispatched inbound CSP bundle from 1:35 to BPA
[2m2026-08-02T16:53:41.762495Z[0m [32m INFO[0m [2mhardy_cspcl::runtime[0m[2m:[0m Dispatched inbound CSP bundle from 1:35 to BPA
[2m2026-08-02T16:53:41.763712Z[0m [32m INFO[0m [2mhardy_cspcl::runtime[0m[2m:[0m Dispatched inbound CSP bundle from 1:35 to BPA
[2m2026-08-02T16:53:42.175370Z[0m [32m INFO[0m [2mhardy_cspcl::runtime[0m[2m:[0m Dispatched inbound CSP bundle from 1:35 to BPA
[2m2026-08-02T16:53:42.377599Z[0m [32m INFO[0m [2mhardy_cspcl::runtime[0m[2m:[0m Dispatched inbound CSP bundle from 1:35 to BPA
[2m2026-08-02T16:53:42.790003Z[0m [32m INFO[0m [2mhardy_cspcl::runtime[0m[2m:[0m Dispatched inbound CSP bundle from 1:35 to BPA
[2m2026-08-02T16:53:43.090841Z[0m [32m INFO[0m [2mhardy_cspcl::runtime[0m[2m:[0m Dispatched inbound CSP bundle from 1:35 to BPA
[2m2026-08-02T16:53:44.020720Z[0m [32m INFO[0m [2mhardy_cspcl::runtime[0m[2m:[0m Dispatched inbound CSP bundle from 1:35 to BPA
[2m2026-08-02T16:53:44.021152Z[0m [32m INFO[0m [2mhardy_cspcl::runtime[0m[2m:[0m Dispatched inbound CSP bundle from 1:35 to BPA
[2m2026-08-02T16:53:44.127161Z[0m [32m INFO[0m [2mhardy_cspcl::runtime[0m[2m:[0m Dispatched inbound CSP bundle from 1:35 to BPA
[2m2026-08-02T16:53:44.127955Z[0m [32m INFO[0m [2mhardy_cspcl::runtime[0m[2m:[0m Dispatched inbound CSP bundle from 1:35 to BPA
[2m2026-08-02T16:53:44.689944Z[0m [32m INFO[0m [2mhardy_cspcl::runtime[0m[2m:[0m Dispatched inbound CSP bundle from 1:35 to BPA
[2m2026-08-02T16:53:44.891546Z[0m [32m INFO[0m [2mhardy_cspcl::runtime[0m[2m:[0m Dispatched inbound CSP bundle from 1:35 to BPA
[2m2026-08-02T16:53:45.204957Z[0m [32m INFO[0m [2mhardy_cspcl::runtime[0m[2m:[0m Dispatched inbound CSP bundle from 1:35 to BPA
[2m2026-08-02T16:53:45.314996Z[0m [32m INFO[0m [2mhardy_cspcl::runtime[0m[2m:[0m Dispatched inbound CSP bundle from 1:35 to BPA
[2m2026-08-02T16:53:45.616666Z[0m [32m INFO[0m [2mhardy_cspcl::runtime[0m[2m:[0m Dispatched inbound CSP bundle from 1:35 to BPA
[2m2026-08-02T16:53:45.818328Z[0m [32m INFO[0m [2mhardy_cspcl::runtime[0m[2m:[0m Dispatched inbound CSP bundle from 1:35 to BPA
[2m2026-08-02T16:53:46.853135Z[0m [32m INFO[0m [2mhardy_cspcl::runtime[0m[2m:[0m Dispatched inbound CSP bundle from 1:35 to BPA
[2m2026-08-02T16:53:46.854408Z[0m [32m INFO[0m [2mhardy_cspcl::runtime[0m[2m:[0m Dispatched inbound CSP bundle from 1:35 to BPA
[2m2026-08-02T16:53:47.159712Z[0m [32m INFO[0m [2mhardy_cspcl::runtime[0m[2m:[0m Dispatched inbound CSP bundle from 1:35 to BPA
[2m2026-08-02T16:53:47.160300Z[0m [32m INFO[0m [2mhardy_cspcl::runtime[0m[2m:[0m Dispatched inbound CSP bundle from 1:35 to BPA
[2m2026-08-02T16:53:47.761793Z[0m [32m INFO[0m [2mhardy_cspcl::runtime[0m[2m:[0m Dispatched inbound CSP bundle from 1:35 to BPA
[2m2026-08-02T16:53:47.763089Z[0m [32m INFO[0m [2mhardy_cspcl::runtime[0m[2m:[0m Dispatched inbound CSP bundle from 1:35 to BPA
[2m2026-08-02T16:53:48.364399Z[0m [32m INFO[0m [2mhardy_cspcl::runtime[0m[2m:[0m Dispatched inbound CSP bundle from 1:35 to BPA
[2m2026-08-02T16:53:48.365724Z[0m [32m INFO[0m [2mhardy_cspcl::runtime[0m[2m:[0m Dispatched inbound CSP bundle from 1:35 to BPA
[2m2026-08-02T16:53:48.967086Z[0m [32m INFO[0m [2mhardy_cspcl::runtime[0m[2m:[0m Dispatched inbound CSP bundle from 1:35 to BPA
[2m2026-08-02T16:53:48.968342Z[0m [32m INFO[0m [2mhardy_cspcl::runtime[0m[2m:[0m Dispatched inbound CSP bundle from 1:35 to BPA
[2m2026-08-02T16:53:49.896615Z[0m [32m INFO[0m [2mhardy_cspcl::runtime[0m[2m:[0m Dispatched inbound CSP bundle from 1:35 to BPA
[2m2026-08-02T16:53:49.897068Z[0m [32m INFO[0m [2mhardy_cspcl::runtime[0m[2m:[0m Dispatched inbound CSP bundle from 1:35 to BPA
[2m2026-08-02T16:53:50.003033Z[0m [32m INFO[0m [2mhardy_cspcl::runtime[0m[2m:[0m Dispatched inbound CSP bundle from 1:35 to BPA
[2m2026-08-02T16:53:50.003935Z[0m [32m INFO[0m [2mhardy_cspcl::runtime[0m[2m:[0m Dispatched inbound CSP bundle from 1:35 to BPA
[2m2026-08-02T16:53:50.556028Z[0m [32m INFO[0m [2mhardy_cspcl::runtime[0m[2m:[0m Dispatched inbound CSP bundle from 1:35 to BPA
[2m2026-08-02T16:53:50.766233Z[0m [32m INFO[0m [2mhardy_cspcl::runtime[0m[2m:[0m Dispatched inbound CSP bundle from 1:35 to BPA
[2m2026-08-02T16:53:51.168247Z[0m [32m INFO[0m [2mhardy_cspcl::runtime[0m[2m:[0m Dispatched inbound CSP bundle from 1:35 to BPA
[2m2026-08-02T16:53:51.168845Z[0m [32m INFO[0m [2mhardy_cspcl::runtime[0m[2m:[0m Dispatched inbound CSP bundle from 1:35 to BPA
[2m2026-08-02T16:53:51.772015Z[0m [32m INFO[0m [2mhardy_cspcl::runtime[0m[2m:[0m Dispatched inbound CSP bundle from 1:35 to BPA
[2m2026-08-02T16:53:51.974216Z[0m [32m INFO[0m [2mhardy_cspcl::runtime[0m[2m:[0m Dispatched inbound CSP bundle from 1:35 to BPA
[2m2026-08-02T16:53:52.896537Z[0m [32m INFO[0m [2mhardy_cspcl::runtime[0m[2m:[0m Dispatched inbound CSP bundle from 1:35 to BPA
[2m2026-08-02T16:53:52.897098Z[0m [32m INFO[0m [2mhardy_cspcl::runtime[0m[2m:[0m Dispatched inbound CSP bundle from 1:35 to BPA
[2m2026-08-02T16:53:53.003554Z[0m [32m INFO[0m [2mhardy_cspcl::runtime[0m[2m:[0m Dispatched inbound CSP bundle from 1:35 to BPA
[2m2026-08-02T16:53:53.205467Z[0m [32m INFO[0m [2mhardy_cspcl::runtime[0m[2m:[0m Dispatched inbound CSP bundle from 1:35 to BPA
[2m2026-08-02T16:53:53.518429Z[0m [32m INFO[0m [2mhardy_cspcl::runtime[0m[2m:[0m Dispatched inbound CSP bundle from 1:35 to BPA
[2m2026-08-02T16:53:53.820229Z[0m [32m INFO[0m [2mhardy_cspcl::runtime[0m[2m:[0m Dispatched inbound CSP bundle from 1:35 to BPA
[2m2026-08-02T16:53:54.132629Z[0m [32m INFO[0m [2mhardy_cspcl::runtime[0m[2m:[0m Dispatched inbound CSP bundle from 1:35 to BPA
[2m2026-08-02T16:53:54.233926Z[0m [32m INFO[0m [2mhardy_cspcl::runtime[0m[2m:[0m Dispatched inbound CSP bundle from 1:35 to BPA
[2m2026-08-02T16:53:54.736861Z[0m [32m INFO[0m [2mhardy_cspcl::runtime[0m[2m:[0m Dispatched inbound CSP bundle from 1:35 to BPA
[2m2026-08-02T16:53:54.837712Z[0m [32m INFO[0m [2mhardy_cspcl::runtime[0m[2m:[0m Dispatched inbound CSP bundle from 1:35 to BPA
[2m2026-08-02T16:53:55.666090Z[0m [32m INFO[0m [2mhardy_cspcl::runtime[0m[2m:[0m Dispatched inbound CSP bundle from 1:35 to BPA
[2m2026-08-02T16:53:55.666559Z[0m [32m INFO[0m [2mhardy_cspcl::runtime[0m[2m:[0m Dispatched inbound CSP bundle from 1:35 to BPA
[2m2026-08-02T16:53:56.068211Z[0m [32m INFO[0m [2mhardy_cspcl::runtime[0m[2m:[0m Dispatched inbound CSP bundle from 1:35 to BPA
[2m2026-08-02T16:53:56.069434Z[0m [32m INFO[0m [2mhardy_cspcl::runtime[0m[2m:[0m Dispatched inbound CSP bundle from 1:35 to BPA
[2m2026-08-02T16:53:56.670813Z[0m [32m INFO[0m [2mhardy_cspcl::runtime[0m[2m:[0m Dispatched inbound CSP bundle from 1:35 to BPA
[2m2026-08-02T16:53:56.671183Z[0m [32m INFO[0m [2mhardy_cspcl::runtime[0m[2m:[0m Dispatched inbound CSP bundle from 1:35 to BPA
[2m2026-08-02T16:53:57.273233Z[0m [32m INFO[0m [2mhardy_cspcl::runtime[0m[2m:[0m Dispatched inbound CSP bundle from 1:35 to BPA
[2m2026-08-02T16:53:57.274493Z[0m [32m INFO[0m [2mhardy_cspcl::runtime[0m[2m:[0m Dispatched inbound CSP bundle from 1:35 to BPA
[2m2026-08-02T16:53:57.875588Z[0m [32m INFO[0m [2mhardy_cspcl::runtime[0m[2m:[0m Dispatched inbound CSP bundle from 1:35 to BPA
[2m2026-08-02T16:53:57.876194Z[0m [32m INFO[0m [2mhardy_cspcl::runtime[0m[2m:[0m Dispatched inbound CSP bundle from 1:35 to BPA
[2m2026-08-02T16:53:58.802796Z[0m [32m INFO[0m [2mhardy_cspcl::runtime[0m[2m:[0m Dispatched inbound CSP bundle from 1:35 to BPA
[2m2026-08-02T16:53:58.803423Z[0m [32m INFO[0m [2mhardy_cspcl::runtime[0m[2m:[0m Dispatched inbound CSP bundle from 1:35 to BPA
[2m2026-08-02T16:53:58.909191Z[0m [32m INFO[0m [2mhardy_cspcl::runtime[0m[2m:[0m Dispatched inbound CSP bundle from 1:35 to BPA
[2m2026-08-02T16:53:58.909748Z[0m [32m INFO[0m [2mhardy_cspcl::runtime[0m[2m:[0m Dispatched inbound CSP bundle from 1:35 to BPA
[2m2026-08-02T16:53:59.361005Z[0m [32m INFO[0m [2mhardy_cspcl::runtime[0m[2m:[0m Dispatched inbound CSP bundle from 1:35 to BPA
[2m2026-08-02T16:53:59.662090Z[0m [32m INFO[0m [2mhardy_cspcl::runtime[0m[2m:[0m Dispatched inbound CSP bundle from 1:35 to BPA
[2m2026-08-02T16:54:00.264456Z[0m [32m INFO[0m [2mhardy_cspcl::runtime[0m[2m:[0m Dispatched inbound CSP bundle from 1:35 to BPA
[2m2026-08-02T16:54:00.265563Z[0m [32m INFO[0m [2mhardy_cspcl::runtime[0m[2m:[0m Dispatched inbound CSP bundle from 1:35 to BPA
[2m2026-08-02T16:54:00.867196Z[0m [32m INFO[0m [2mhardy_cspcl::runtime[0m[2m:[0m Dispatched inbound CSP bundle from 1:35 to BPA
[2m2026-08-02T16:54:00.867981Z[0m [32m INFO[0m [2mhardy_cspcl::runtime[0m[2m:[0m Dispatched inbound CSP bundle from 1:35 to BPA
[2m2026-08-02T16:54:01.793469Z[0m [32m INFO[0m [2mhardy_cspcl::runtime[0m[2m:[0m Dispatched inbound CSP bundle from 1:35 to BPA
[2m2026-08-02T16:54:01.793663Z[0m [32m INFO[0m [2mhardy_cspcl::runtime[0m[2m:[0m Dispatched inbound CSP bundle from 1:35 to BPA
[2m2026-08-02T16:54:01.899561Z[0m [32m INFO[0m [2mhardy_cspcl::runtime[0m[2m:[0m Dispatched inbound CSP bundle from 1:35 to BPA
[2m2026-08-02T16:54:02.100742Z[0m [32m INFO[0m [2mhardy_cspcl::runtime[0m[2m:[0m Dispatched inbound CSP bundle from 1:35 to BPA
[2m2026-08-02T16:54:02.502481Z[0m [32m INFO[0m [2mhardy_cspcl::runtime[0m[2m:[0m Dispatched inbound CSP bundle from 1:35 to BPA
[2m2026-08-02T16:54:02.804704Z[0m [32m INFO[0m [2mhardy_cspcl::runtime[0m[2m:[0m Dispatched inbound CSP bundle from 1:35 to BPA
[2m2026-08-02T16:54:03.116778Z[0m [32m INFO[0m [2mhardy_cspcl::runtime[0m[2m:[0m Dispatched inbound CSP bundle from 1:35 to BPA
[2m2026-08-02T16:54:03.117434Z[0m [32m INFO[0m [2mhardy_cspcl::runtime[0m[2m:[0m Dispatched inbound CSP bundle from 1:35 to BPA
[2m2026-08-02T16:54:03.619753Z[0m [32m INFO[0m [2mhardy_cspcl::runtime[0m[2m:[0m Dispatched inbound CSP bundle from 1:35 to BPA
[2m2026-08-02T16:54:03.720423Z[0m [32m INFO[0m [2mhardy_cspcl::runtime[0m[2m:[0m Dispatched inbound CSP bundle from 1:35 to BPA
[2m2026-08-02T16:54:04.656232Z[0m [32m INFO[0m [2mhardy_cspcl::runtime[0m[2m:[0m Dispatched inbound CSP bundle from 1:35 to BPA
[2m2026-08-02T16:54:04.656658Z[0m [32m INFO[0m [2mhardy_cspcl::runtime[0m[2m:[0m Dispatched inbound CSP bundle from 1:35 to BPA
[2m2026-08-02T16:54:04.958081Z[0m [32m INFO[0m [2mhardy_cspcl::runtime[0m[2m:[0m Dispatched inbound CSP bundle from 1:35 to BPA
[2m2026-08-02T16:54:05.259676Z[0m [32m INFO[0m [2mhardy_cspcl::runtime[0m[2m:[0m Dispatched inbound CSP bundle from 1:35 to BPA
[2m2026-08-02T16:54:05.260381Z[0m [32m INFO[0m [2mhardy_cspcl::runtime[0m[2m:[0m Dispatched inbound CSP bundle from 1:35 to BPA
[2m2026-08-02T16:54:05.561300Z[0m [32m INFO[0m [2mhardy_cspcl::runtime[0m[2m:[0m Dispatched inbound CSP bundle from 1:35 to BPA
[2m2026-08-02T16:54:05.862271Z[0m [32m INFO[0m [2mhardy_cspcl::runtime[0m[2m:[0m Dispatched inbound CSP bundle from 1:35 to BPA
[2m2026-08-02T16:54:06.163894Z[0m [32m INFO[0m [2mhardy_cspcl::runtime[0m[2m:[0m Dispatched inbound CSP bundle from 1:35 to BPA
[2m2026-08-02T16:54:06.464736Z[0m [32m INFO[0m [2mhardy_cspcl::runtime[0m[2m:[0m Dispatched inbound CSP bundle from 1:35 to BPA
[2m2026-08-02T16:54:06.767073Z[0m [32m INFO[0m [2mhardy_cspcl::runtime[0m[2m:[0m Dispatched inbound CSP bundle from 1:35 to BPA
[2m2026-08-02T16:54:07.698730Z[0m [32m INFO[0m [2mhardy_cspcl::runtime[0m[2m:[0m Dispatched inbound CSP bundle from 1:35 to BPA
[2m2026-08-02T16:54:07.699389Z[0m [32m INFO[0m [2mhardy_cspcl::runtime[0m[2m:[0m Dispatched inbound CSP bundle from 1:35 to BPA
[2m2026-08-02T16:54:07.805962Z[0m [32m INFO[0m [2mhardy_cspcl::runtime[0m[2m:[0m Dispatched inbound CSP bundle from 1:35 to BPA
[2m2026-08-02T16:54:08.107798Z[0m [32m INFO[0m [2mhardy_cspcl::runtime[0m[2m:[0m Dispatched inbound CSP bundle from 1:35 to BPA
[2m2026-08-02T16:54:08.419862Z[0m [32m INFO[0m [2mhardy_cspcl::runtime[0m[2m:[0m Dispatched inbound CSP bundle from 1:35 to BPA
[2m2026-08-02T16:54:08.721932Z[0m [32m INFO[0m [2mhardy_cspcl::runtime[0m[2m:[0m Dispatched inbound CSP bundle from 1:35 to BPA
[2m2026-08-02T16:54:08.722592Z[0m [32m INFO[0m [2mhardy_cspcl::runtime[0m[2m:[0m Dispatched inbound CSP bundle from 1:35 to BPA
[2m2026-08-02T16:54:09.024299Z[0m [32m INFO[0m [2mhardy_cspcl::runtime[0m[2m:[0m Dispatched inbound CSP bundle from 1:35 to BPA
[2m2026-08-02T16:54:09.628163Z[0m [32m INFO[0m [2mhardy_cspcl::runtime[0m[2m:[0m Dispatched inbound CSP bundle from 1:35 to BPA
[2m2026-08-02T16:54:09.629106Z[0m [32m INFO[0m [2mhardy_cspcl::runtime[0m[2m:[0m Dispatched inbound CSP bundle from 1:35 to BPA
[2m2026-08-02T16:54:10.560814Z[0m [32m INFO[0m [2mhardy_cspcl::runtime[0m[2m:[0m Dispatched inbound CSP bundle from 1:35 to BPA
[2m2026-08-02T16:54:10.561084Z[0m [32m INFO[0m [2mhardy_cspcl::runtime[0m[2m:[0m Dispatched inbound CSP bundle from 1:35 to BPA
[2m2026-08-02T16:54:10.868310Z[0m [32m INFO[0m [2mhardy_cspcl::runtime[0m[2m:[0m Dispatched inbound CSP bundle from 1:35 to BPA
[2m2026-08-02T16:54:10.869549Z[0m [32m INFO[0m [2mhardy_cspcl::runtime[0m[2m:[0m Dispatched inbound CSP bundle from 1:35 to BPA
[2m2026-08-02T16:54:11.471720Z[0m [32m INFO[0m [2mhardy_cspcl::runtime[0m[2m:[0m Dispatched inbound CSP bundle from 1:35 to BPA
[2m2026-08-02T16:54:11.472894Z[0m [32m INFO[0m [2mhardy_cspcl::runtime[0m[2m:[0m Dispatched inbound CSP bundle from 1:35 to BPA
[2m2026-08-02T16:54:11.774435Z[0m [32m INFO[0m [2mhardy_cspcl::runtime[0m[2m:[0m Dispatched inbound CSP bundle from 1:35 to BPA
[2m2026-08-02T16:54:12.075563Z[0m [32m INFO[0m [2mhardy_cspcl::runtime[0m[2m:[0m Dispatched inbound CSP bundle from 1:35 to BPA
[2m2026-08-02T16:54:12.376902Z[0m [32m INFO[0m [2mhardy_cspcl::runtime[0m[2m:[0m Dispatched inbound CSP bundle from 1:35 to BPA
[2m2026-08-02T16:54:12.678921Z[0m [32m INFO[0m [2mhardy_cspcl::runtime[0m[2m:[0m Dispatched inbound CSP bundle from 1:35 to BPA
[2m2026-08-02T16:54:13.603430Z[0m [32m INFO[0m [2mhardy_cspcl::runtime[0m[2m:[0m Dispatched inbound CSP bundle from 1:35 to BPA
[2m2026-08-02T16:54:13.603967Z[0m [32m INFO[0m [2mhardy_cspcl::runtime[0m[2m:[0m Dispatched inbound CSP bundle from 1:35 to BPA
[2m2026-08-02T16:54:13.910338Z[0m [32m INFO[0m [2mhardy_cspcl::runtime[0m[2m:[0m Dispatched inbound CSP bundle from 1:35 to BPA
[2m2026-08-02T16:54:13.910999Z[0m [32m INFO[0m [2mhardy_cspcl::runtime[0m[2m:[0m Dispatched inbound CSP bundle from 1:35 to BPA
[2m2026-08-02T16:54:14.312854Z[0m [32m INFO[0m [2mhardy_cspcl::runtime[0m[2m:[0m Dispatched inbound CSP bundle from 1:35 to BPA
[2m2026-08-02T16:54:14.814965Z[0m [32m INFO[0m [2mhardy_cspcl::runtime[0m[2m:[0m Dispatched inbound CSP bundle from 1:35 to BPA
[2m2026-08-02T16:54:14.815841Z[0m [32m INFO[0m [2mhardy_cspcl::runtime[0m[2m:[0m Dispatched inbound CSP bundle from 1:35 to BPA
[2m2026-08-02T16:54:15.116836Z[0m [32m INFO[0m [2mhardy_cspcl::runtime[0m[2m:[0m Dispatched inbound CSP bundle from 1:35 to BPA
[2m2026-08-02T16:54:15.418478Z[0m [32m INFO[0m [2mhardy_cspcl::runtime[0m[2m:[0m Dispatched inbound CSP bundle from 1:35 to BPA
[2m2026-08-02T16:54:15.721040Z[0m [32m INFO[0m [2mhardy_cspcl::runtime[0m[2m:[0m Dispatched inbound CSP bundle from 1:35 to BPA
[2m2026-08-02T16:54:16.646634Z[0m [32m INFO[0m [2mhardy_cspcl::runtime[0m[2m:[0m Dispatched inbound CSP bundle from 1:35 to BPA
[2m2026-08-02T16:54:16.646914Z[0m [32m INFO[0m [2mhardy_cspcl::runtime[0m[2m:[0m Dispatched inbound CSP bundle from 1:35 to BPA
[2m2026-08-02T16:54:16.753764Z[0m [32m INFO[0m [2mhardy_cspcl::runtime[0m[2m:[0m Dispatched inbound CSP bundle from 1:35 to BPA
[2m2026-08-02T16:54:17.055467Z[0m [32m INFO[0m [2mhardy_cspcl::runtime[0m[2m:[0m Dispatched inbound CSP bundle from 1:35 to BPA
[2m2026-08-02T16:54:17.368315Z[0m [32m INFO[0m [2mhardy_cspcl::runtime[0m[2m:[0m Dispatched inbound CSP bundle from 1:35 to BPA
[2m2026-08-02T16:54:17.670549Z[0m [32m INFO[0m [2mhardy_cspcl::runtime[0m[2m:[0m Dispatched inbound CSP bundle from 1:35 to BPA
[2m2026-08-02T16:54:17.671860Z[0m [32m INFO[0m [2mhardy_cspcl::runtime[0m[2m:[0m Dispatched inbound CSP bundle from 1:35 to BPA
[2m2026-08-02T16:54:17.973033Z[0m [32m INFO[0m [2mhardy_cspcl::runtime[0m[2m:[0m Dispatched inbound CSP bundle from 1:35 to BPA
[2m2026-08-02T16:54:18.476001Z[0m [32m INFO[0m [2mhardy_cspcl::runtime[0m[2m:[0m Dispatched inbound CSP bundle from 1:35 to BPA
[2m2026-08-02T16:54:18.576395Z[0m [32m INFO[0m [2mhardy_cspcl::runtime[0m[2m:[0m Dispatched inbound CSP bundle from 1:35 to BPA
[2m2026-08-02T16:54:19.502192Z[0m [32m INFO[0m [2mhardy_cspcl::runtime[0m[2m:[0m Dispatched inbound CSP bundle from 1:35 to BPA
[2m2026-08-02T16:54:19.502579Z[0m [32m INFO[0m [2mhardy_cspcl::runtime[0m[2m:[0m Dispatched inbound CSP bundle from 1:35 to BPA
[2m2026-08-02T16:54:19.709546Z[0m [32m INFO[0m [2mhardy_cspcl::runtime[0m[2m:[0m Dispatched inbound CSP bundle from 1:35 to BPA
[2m2026-08-02T16:54:20.010267Z[0m [32m INFO[0m [2mhardy_cspcl::runtime[0m[2m:[0m Dispatched inbound CSP bundle from 1:35 to BPA
[2m2026-08-02T16:54:20.111343Z[0m [32m INFO[0m [2mhardy_cspcl::runtime[0m[2m:[0m Dispatched inbound CSP bundle from 1:35 to BPA
[2m2026-08-02T16:54:20.612666Z[0m [32m INFO[0m [2mhardy_cspcl::runtime[0m[2m:[0m Dispatched inbound CSP bundle from 1:35 to BPA
[2m2026-08-02T16:54:20.613800Z[0m [32m INFO[0m [2mhardy_cspcl::runtime[0m[2m:[0m Dispatched inbound CSP bundle from 1:35 to BPA
[2m2026-08-02T16:54:21.214967Z[0m [32m INFO[0m [2mhardy_cspcl::runtime[0m[2m:[0m Dispatched inbound CSP bundle from 1:35 to BPA
[2m2026-08-02T16:54:21.216595Z[0m [32m INFO[0m [2mhardy_cspcl::runtime[0m[2m:[0m Dispatched inbound CSP bundle from 1:35 to BPA
[2m2026-08-02T16:54:21.817721Z[0m [32m INFO[0m [2mhardy_cspcl::runtime[0m[2m:[0m Dispatched inbound CSP bundle from 1:35 to BPA
[2m2026-08-02T16:54:22.748634Z[0m [32m INFO[0m [2mhardy_cspcl::runtime[0m[2m:[0m Dispatched inbound CSP bundle from 1:35 to BPA
[2m2026-08-02T16:54:22.748979Z[0m [32m INFO[0m [2mhardy_cspcl::runtime[0m[2m:[0m Dispatched inbound CSP bundle from 1:35 to BPA
[2m2026-08-02T16:54:22.855556Z[0m [32m INFO[0m [2mhardy_cspcl::runtime[0m[2m:[0m Dispatched inbound CSP bundle from 1:35 to BPA
[2m2026-08-02T16:54:22.856486Z[0m [32m INFO[0m [2mhardy_cspcl::runtime[0m[2m:[0m Dispatched inbound CSP bundle from 1:35 to BPA
[2m2026-08-02T16:54:23.316707Z[0m [32m INFO[0m [2mhardy_cspcl::runtime[0m[2m:[0m Dispatched inbound CSP bundle from 1:35 to BPA
[2m2026-08-02T16:54:23.418317Z[0m [32m INFO[0m [2mhardy_cspcl::runtime[0m[2m:[0m Dispatched inbound CSP bundle from 1:35 to BPA
[2m2026-08-02T16:54:23.931105Z[0m [32m INFO[0m [2mhardy_cspcl::runtime[0m[2m:[0m Dispatched inbound CSP bundle from 1:35 to BPA
[2m2026-08-02T16:54:24.031885Z[0m [32m INFO[0m [2mhardy_cspcl::runtime[0m[2m:[0m Dispatched inbound CSP bundle from 1:35 to BPA
[2m2026-08-02T16:54:24.534604Z[0m [32m INFO[0m [2mhardy_cspcl::runtime[0m[2m:[0m Dispatched inbound CSP bundle from 1:35 to BPA
[2m2026-08-02T16:54:24.535752Z[0m [32m INFO[0m [2mhardy_cspcl::runtime[0m[2m:[0m Dispatched inbound CSP bundle from 1:35 to BPA
[2m2026-08-02T16:54:25.565307Z[0m [32m INFO[0m [2mhardy_cspcl::runtime[0m[2m:[0m Dispatched inbound CSP bundle from 1:35 to BPA
[2m2026-08-02T16:54:25.565686Z[0m [32m INFO[0m [2mhardy_cspcl::runtime[0m[2m:[0m Dispatched inbound CSP bundle from 1:35 to BPA
[2m2026-08-02T16:54:25.672529Z[0m [32m INFO[0m [2mhardy_cspcl::runtime[0m[2m:[0m Dispatched inbound CSP bundle from 1:35 to BPA
[2m2026-08-02T16:54:25.874378Z[0m [32m INFO[0m [2mhardy_cspcl::runtime[0m[2m:[0m Dispatched inbound CSP bundle from 1:35 to BPA
[2m2026-08-02T16:54:26.276177Z[0m [32m INFO[0m [2mhardy_cspcl::runtime[0m[2m:[0m Dispatched inbound CSP bundle from 1:35 to BPA
[2m2026-08-02T16:54:26.577647Z[0m [32m INFO[0m [2mhardy_cspcl::runtime[0m[2m:[0m Dispatched inbound CSP bundle from 1:35 to BPA
[2m2026-08-02T16:54:26.879598Z[0m [32m INFO[0m [2mhardy_cspcl::runtime[0m[2m:[0m Dispatched inbound CSP bundle from 1:35 to BPA
[2m2026-08-02T16:54:27.180735Z[0m [32m INFO[0m [2mhardy_cspcl::runtime[0m[2m:[0m Dispatched inbound CSP bundle from 1:35 to BPA
[2m2026-08-02T16:54:27.482301Z[0m [32m INFO[0m [2mhardy_cspcl::runtime[0m[2m:[0m Dispatched inbound CSP bundle from 1:35 to BPA
[2m2026-08-02T16:54:27.783364Z[0m [32m INFO[0m [2mhardy_cspcl::runtime[0m[2m:[0m Dispatched inbound CSP bundle from 1:35 to BPA
[2m2026-08-02T16:54:28.404197Z[0m [32m INFO[0m [2mhardy_cspcl::runtime[0m[2m:[0m Dispatched inbound CSP bundle from 1:35 to BPA
[2m2026-08-02T16:54:28.404763Z[0m [32m INFO[0m [2mhardy_cspcl::runtime[0m[2m:[0m Dispatched inbound CSP bundle from 1:35 to BPA
[2m2026-08-02T16:54:28.711481Z[0m [32m INFO[0m [2mhardy_cspcl::runtime[0m[2m:[0m Dispatched inbound CSP bundle from 1:35 to BPA
[2m2026-08-02T16:54:28.712466Z[0m [32m INFO[0m [2mhardy_cspcl::runtime[0m[2m:[0m Dispatched inbound CSP bundle from 1:35 to BPA
[2m2026-08-02T16:54:29.314916Z[0m [32m INFO[0m [2mhardy_cspcl::runtime[0m[2m:[0m Dispatched inbound CSP bundle from 1:35 to BPA
[2m2026-08-02T16:54:29.616151Z[0m [32m INFO[0m [2mhardy_cspcl::runtime[0m[2m:[0m Dispatched inbound CSP bundle from 1:35 to BPA
[2m2026-08-02T16:54:29.617336Z[0m [32m INFO[0m [2mhardy_cspcl::runtime[0m[2m:[0m Dispatched inbound CSP bundle from 1:35 to BPA
[2m2026-08-02T16:54:29.918351Z[0m [32m INFO[0m [2mhardy_cspcl::runtime[0m[2m:[0m Dispatched inbound CSP bundle from 1:35 to BPA
[2m2026-08-02T16:54:30.219547Z[0m [32m INFO[0m [2mhardy_cspcl::runtime[0m[2m:[0m Dispatched inbound CSP bundle from 1:35 to BPA
[2m2026-08-02T16:54:30.521235Z[0m [32m INFO[0m [2mhardy_cspcl::runtime[0m[2m:[0m Dispatched inbound CSP bundle from 1:35 to BPA
[2m2026-08-02T16:54:31.445277Z[0m [32m INFO[0m [2mhardy_cspcl::runtime[0m[2m:[0m Dispatched inbound CSP bundle from 1:35 to BPA
[2m2026-08-02T16:54:31.445600Z[0m [32m INFO[0m [2mhardy_cspcl::runtime[0m[2m:[0m Dispatched inbound CSP bundle from 1:35 to BPA
[2m2026-08-02T16:54:31.752917Z[0m [32m INFO[0m [2mhardy_cspcl::runtime[0m[2m:[0m Dispatched inbound CSP bundle from 1:35 to BPA
[2m2026-08-02T16:54:31.753987Z[0m [32m INFO[0m [2mhardy_cspcl::runtime[0m[2m:[0m Dispatched inbound CSP bundle from 1:35 to BPA
[2m2026-08-02T16:54:32.355935Z[0m [32m INFO[0m [2mhardy_cspcl::runtime[0m[2m:[0m Dispatched inbound CSP bundle from 1:35 to BPA
[2m2026-08-02T16:54:32.356858Z[0m [32m INFO[0m [2mhardy_cspcl::runtime[0m[2m:[0m Dispatched inbound CSP bundle from 1:35 to BPA
[2m2026-08-02T16:54:32.657867Z[0m [32m INFO[0m [2mhardy_cspcl::runtime[0m[2m:[0m Dispatched inbound CSP bundle from 1:35 to BPA
[2m2026-08-02T16:54:32.959074Z[0m [32m INFO[0m [2mhardy_cspcl::runtime[0m[2m:[0m Dispatched inbound CSP bundle from 1:35 to BPA
[2m2026-08-02T16:54:33.361532Z[0m [32m INFO[0m [2mhardy_cspcl::runtime[0m[2m:[0m Dispatched inbound CSP bundle from 1:35 to BPA
[2m2026-08-02T16:54:33.562279Z[0m [32m INFO[0m [2mhardy_cspcl::runtime[0m[2m:[0m Dispatched inbound CSP bundle from 1:35 to BPA
[2m2026-08-02T16:54:34.488145Z[0m [32m INFO[0m [2mhardy_cspcl::runtime[0m[2m:[0m Dispatched inbound CSP bundle from 1:35 to BPA
[2m2026-08-02T16:54:34.488694Z[0m [32m INFO[0m [2mhardy_cspcl::runtime[0m[2m:[0m Dispatched inbound CSP bundle from 1:35 to BPA
[2m2026-08-02T16:54:34.595605Z[0m [32m INFO[0m [2mhardy_cspcl::runtime[0m[2m:[0m Dispatched inbound CSP bundle from 1:35 to BPA
[2m2026-08-02T16:54:34.897588Z[0m [32m INFO[0m [2mhardy_cspcl::runtime[0m[2m:[0m Dispatched inbound CSP bundle from 1:35 to BPA
[2m2026-08-02T16:54:35.209782Z[0m [32m INFO[0m [2mhardy_cspcl::runtime[0m[2m:[0m Dispatched inbound CSP bundle from 1:35 to BPA
[2m2026-08-02T16:54:35.511606Z[0m [32m INFO[0m [2mhardy_cspcl::runtime[0m[2m:[0m Dispatched inbound CSP bundle from 1:35 to BPA
[2m2026-08-02T16:54:35.512397Z[0m [32m INFO[0m [2mhardy_cspcl::runtime[0m[2m:[0m Dispatched inbound CSP bundle from 1:35 to BPA
[2m2026-08-02T16:54:35.813814Z[0m [32m INFO[0m [2mhardy_cspcl::runtime[0m[2m:[0m Dispatched inbound CSP bundle from 1:35 to BPA
[2m2026-08-02T16:54:36.416907Z[0m [32m INFO[0m [2mhardy_cspcl::runtime[0m[2m:[0m Dispatched inbound CSP bundle from 1:35 to BPA
[2m2026-08-02T16:54:36.417425Z[0m [32m INFO[0m [2mhardy_cspcl::runtime[0m[2m:[0m Dispatched inbound CSP bundle from 1:35 to BPA
[2m2026-08-02T16:54:37.342884Z[0m [32m INFO[0m [2mhardy_cspcl::runtime[0m[2m:[0m Dispatched inbound CSP bundle from 1:35 to BPA
[2m2026-08-02T16:54:37.343346Z[0m [32m INFO[0m [2mhardy_cspcl::runtime[0m[2m:[0m Dispatched inbound CSP bundle from 1:35 to BPA
[2m2026-08-02T16:54:37.644791Z[0m [32m INFO[0m [2mhardy_cspcl::runtime[0m[2m:[0m Dispatched inbound CSP bundle from 1:35 to BPA
[2m2026-08-02T16:54:37.645834Z[0m [32m INFO[0m [2mhardy_cspcl::runtime[0m[2m:[0m Dispatched inbound CSP bundle from 1:35 to BPA
[2m2026-08-02T16:54:37.946526Z[0m [32m INFO[0m [2mhardy_cspcl::runtime[0m[2m:[0m Dispatched inbound CSP bundle from 1:35 to BPA
[2m2026-08-02T16:54:38.248508Z[0m [32m INFO[0m [2mhardy_cspcl::runtime[0m[2m:[0m Dispatched inbound CSP bundle from 1:35 to BPA
[2m2026-08-02T16:54:38.549802Z[0m [32m INFO[0m [2mhardy_cspcl::runtime[0m[2m:[0m Dispatched inbound CSP bundle from 1:35 to BPA
[2m2026-08-02T16:54:38.851198Z[0m [32m INFO[0m [2mhardy_cspcl::runtime[0m[2m:[0m Dispatched inbound CSP bundle from 1:35 to BPA
[2m2026-08-02T16:54:39.152206Z[0m [32m INFO[0m [2mhardy_cspcl::runtime[0m[2m:[0m Dispatched inbound CSP bundle from 1:35 to BPA
[2m2026-08-02T16:54:39.453558Z[0m [32m INFO[0m [2mhardy_cspcl::runtime[0m[2m:[0m Dispatched inbound CSP bundle from 1:35 to BPA
[2m2026-08-02T16:54:40.385028Z[0m [32m INFO[0m [2mhardy_cspcl::runtime[0m[2m:[0m Dispatched inbound CSP bundle from 1:35 to BPA
[2m2026-08-02T16:54:40.385386Z[0m [32m INFO[0m [2mhardy_cspcl::runtime[0m[2m:[0m Dispatched inbound CSP bundle from 1:35 to BPA
[2m2026-08-02T16:54:40.692436Z[0m [32m INFO[0m [2mhardy_cspcl::runtime[0m[2m:[0m Dispatched inbound CSP bundle from 1:35 to BPA
[2m2026-08-02T16:54:40.693300Z[0m [32m INFO[0m [2mhardy_cspcl::runtime[0m[2m:[0m Dispatched inbound CSP bundle from 1:35 to BPA
[2m2026-08-02T16:54:41.294892Z[0m [32m INFO[0m [2mhardy_cspcl::runtime[0m[2m:[0m Dispatched inbound CSP bundle from 1:35 to BPA
[2m2026-08-02T16:54:41.295664Z[0m [32m INFO[0m [2mhardy_cspcl::runtime[0m[2m:[0m Dispatched inbound CSP bundle from 1:35 to BPA
[2m2026-08-02T16:54:41.596665Z[0m [32m INFO[0m [2mhardy_cspcl::runtime[0m[2m:[0m Dispatched inbound CSP bundle from 1:35 to BPA
[2m2026-08-02T16:54:41.898717Z[0m [32m INFO[0m [2mhardy_cspcl::runtime[0m[2m:[0m Dispatched inbound CSP bundle from 1:35 to BPA
[2m2026-08-02T16:54:42.501202Z[0m [32m INFO[0m [2mhardy_cspcl::runtime[0m[2m:[0m Dispatched inbound CSP bundle from 1:35 to BPA
[2m2026-08-02T16:54:42.501928Z[0m [32m INFO[0m [2mhardy_cspcl::runtime[0m[2m:[0m Dispatched inbound CSP bundle from 1:35 to BPA
[2m2026-08-02T16:54:43.428812Z[0m [32m INFO[0m [2mhardy_cspcl::runtime[0m[2m:[0m Dispatched inbound CSP bundle from 1:35 to BPA
[2m2026-08-02T16:54:43.429236Z[0m [32m INFO[0m [2mhardy_cspcl::runtime[0m[2m:[0m Dispatched inbound CSP bundle from 1:35 to BPA
[2m2026-08-02T16:54:43.535983Z[0m [32m INFO[0m [2mhardy_cspcl::runtime[0m[2m:[0m Dispatched inbound CSP bundle from 1:35 to BPA
[2m2026-08-02T16:54:43.536809Z[0m [32m INFO[0m [2mhardy_cspcl::runtime[0m[2m:[0m Dispatched inbound CSP bundle from 1:35 to BPA
[2m2026-08-02T16:54:44.288065Z[0m [32m INFO[0m [2mhardy_cspcl::runtime[0m[2m:[0m Dispatched inbound CSP bundle from 1:35 to BPA
[2m2026-08-02T16:54:44.288798Z[0m [32m INFO[0m [2mhardy_cspcl::runtime[0m[2m:[0m Dispatched inbound CSP bundle from 1:35 to BPA
[2m2026-08-02T16:54:44.701085Z[0m [32m INFO[0m [2mhardy_cspcl::runtime[0m[2m:[0m Dispatched inbound CSP bundle from 1:35 to BPA
[2m2026-08-02T16:54:44.902839Z[0m [32m INFO[0m [2mhardy_cspcl::runtime[0m[2m:[0m Dispatched inbound CSP bundle from 1:35 to BPA
[2m2026-08-02T16:54:45.204569Z[0m [32m INFO[0m [2mhardy_cspcl::runtime[0m[2m:[0m Dispatched inbound CSP bundle from 1:35 to BPA
[2m2026-08-02T16:54:45.305151Z[0m [32m INFO[0m [2mhardy_cspcl::runtime[0m[2m:[0m Dispatched inbound CSP bundle from 1:35 to BPA
[2m2026-08-02T16:54:46.233918Z[0m [32m INFO[0m [2mhardy_cspcl::runtime[0m[2m:[0m Dispatched inbound CSP bundle from 1:35 to BPA
[2m2026-08-02T16:54:46.234297Z[0m [32m INFO[0m [2mhardy_cspcl::runtime[0m[2m:[0m Dispatched inbound CSP bundle from 1:35 to BPA
[2m2026-08-02T16:54:46.440121Z[0m [32m INFO[0m [2mhardy_cspcl::runtime[0m[2m:[0m Dispatched inbound CSP bundle from 1:35 to BPA
[2m2026-08-02T16:54:46.740749Z[0m [32m INFO[0m [2mhardy_cspcl::runtime[0m[2m:[0m Dispatched inbound CSP bundle from 1:35 to BPA
[2m2026-08-02T16:54:47.342793Z[0m [32m INFO[0m [2mhardy_cspcl::runtime[0m[2m:[0m Dispatched inbound CSP bundle from 1:35 to BPA
[2m2026-08-02T16:54:47.344021Z[0m [32m INFO[0m [2mhardy_cspcl::runtime[0m[2m:[0m Dispatched inbound CSP bundle from 1:35 to BPA
[2m2026-08-02T16:54:47.443998Z[0m [32m INFO[0m [2mhardy_cspcl::runtime[0m[2m:[0m Dispatched inbound CSP bundle from 1:35 to BPA
[2m2026-08-02T16:54:47.745375Z[0m [32m INFO[0m [2mhardy_cspcl::runtime[0m[2m:[0m Dispatched inbound CSP bundle from 1:35 to BPA
[2m2026-08-02T16:54:47.946152Z[0m [32m INFO[0m [2mhardy_cspcl::runtime[0m[2m:[0m Dispatched inbound CSP bundle from 1:35 to BPA
[2m2026-08-02T16:54:48.548190Z[0m [32m INFO[0m [2mhardy_cspcl::runtime[0m[2m:[0m Dispatched inbound CSP bundle from 1:35 to BPA
[2m2026-08-02T16:54:49.583517Z[0m [32m INFO[0m [2mhardy_cspcl::runtime[0m[2m:[0m Dispatched inbound CSP bundle from 1:35 to BPA
[2m2026-08-02T16:54:49.583785Z[0m [32m INFO[0m [2mhardy_cspcl::runtime[0m[2m:[0m Dispatched inbound CSP bundle from 1:35 to BPA
[2m2026-08-02T16:54:49.690246Z[0m [32m INFO[0m [2mhardy_cspcl::runtime[0m[2m:[0m Dispatched inbound CSP bundle from 1:35 to BPA
[2m2026-08-02T16:54:49.691307Z[0m [32m INFO[0m [2mhardy_cspcl::runtime[0m[2m:[0m Dispatched inbound CSP bundle from 1:35 to BPA
[2m2026-08-02T16:54:50.286299Z[0m [32m INFO[0m [2mhardy_cspcl::runtime[0m[2m:[0m Dispatched inbound CSP bundle from 1:35 to BPA
[2m2026-08-02T16:54:50.295547Z[0m [32m INFO[0m [2mhardy_cspcl::runtime[0m[2m:[0m Dispatched inbound CSP bundle from 1:35 to BPA
[2m2026-08-02T16:54:50.888110Z[0m [32m INFO[0m [2mhardy_cspcl::runtime[0m[2m:[0m Dispatched inbound CSP bundle from 1:35 to BPA
[2m2026-08-02T16:54:50.888560Z[0m [32m INFO[0m [2mhardy_cspcl::runtime[0m[2m:[0m Dispatched inbound CSP bundle from 1:35 to BPA
[2m2026-08-02T16:54:51.491305Z[0m [32m INFO[0m [2mhardy_cspcl::runtime[0m[2m:[0m Dispatched inbound CSP bundle from 1:35 to BPA
[2m2026-08-02T16:54:51.492461Z[0m [32m INFO[0m [2mhardy_cspcl::runtime[0m[2m:[0m Dispatched inbound CSP bundle from 1:35 to BPA
[2m2026-08-02T16:54:52.416801Z[0m [32m INFO[0m [2mhardy_cspcl::runtime[0m[2m:[0m Dispatched inbound CSP bundle from 1:35 to BPA
[2m2026-08-02T16:54:52.417034Z[0m [32m INFO[0m [2mhardy_cspcl::runtime[0m[2m:[0m Dispatched inbound CSP bundle from 1:35 to BPA
[2m2026-08-02T16:54:52.523139Z[0m [32m INFO[0m [2mhardy_cspcl::runtime[0m[2m:[0m Dispatched inbound CSP bundle from 1:35 to BPA
[2m2026-08-02T16:54:52.523784Z[0m [32m INFO[0m [2mhardy_cspcl::runtime[0m[2m:[0m Dispatched inbound CSP bundle from 1:35 to BPA
[2m2026-08-02T16:54:53.075211Z[0m [32m INFO[0m [2mhardy_cspcl::runtime[0m[2m:[0m Dispatched inbound CSP bundle from 1:35 to BPA
[2m2026-08-02T16:54:53.276278Z[0m [32m INFO[0m [2mhardy_cspcl::runtime[0m[2m:[0m Dispatched inbound CSP bundle from 1:35 to BPA
[2m2026-08-02T16:54:53.678421Z[0m [32m INFO[0m [2mhardy_cspcl::runtime[0m[2m:[0m Dispatched inbound CSP bundle from 1:35 to BPA
[2m2026-08-02T16:54:53.980349Z[0m [32m INFO[0m [2mhardy_cspcl::runtime[0m[2m:[0m Dispatched inbound CSP bundle from 1:35 to BPA
[2m2026-08-02T16:54:54.282715Z[0m [32m INFO[0m [2mhardy_cspcl::runtime[0m[2m:[0m Dispatched inbound CSP bundle from 1:35 to BPA
[2m2026-08-02T16:54:54.283628Z[0m [32m INFO[0m [2mhardy_cspcl::runtime[0m[2m:[0m Dispatched inbound CSP bundle from 1:35 to BPA
[2m2026-08-02T16:54:55.117636Z[0m [32m INFO[0m [2mhardy_cspcl::runtime[0m[2m:[0m Dispatched inbound CSP bundle from 1:35 to BPA
[2m2026-08-02T16:54:55.117779Z[0m [32m INFO[0m [2mhardy_cspcl::runtime[0m[2m:[0m Dispatched inbound CSP bundle from 1:35 to BPA
[2m2026-08-02T16:54:55.424265Z[0m [32m INFO[0m [2mhardy_cspcl::runtime[0m[2m:[0m Dispatched inbound CSP bundle from 1:35 to BPA
[2m2026-08-02T16:54:55.524445Z[0m [32m INFO[0m [2mhardy_cspcl::runtime[0m[2m:[0m Dispatched inbound CSP bundle from 1:35 to BPA
[2m2026-08-02T16:54:56.138235Z[0m [32m INFO[0m [2mhardy_cspcl::runtime[0m[2m:[0m Dispatched inbound CSP bundle from 1:35 to BPA
[2m2026-08-02T16:54:56.139135Z[0m [32m INFO[0m [2mhardy_cspcl::runtime[0m[2m:[0m Dispatched inbound CSP bundle from 1:35 to BPA
[2m2026-08-02T16:54:56.340241Z[0m [32m INFO[0m [2mhardy_cspcl::runtime[0m[2m:[0m Dispatched inbound CSP bundle from 1:35 to BPA
[2m2026-08-02T16:54:56.941721Z[0m [32m INFO[0m [2mhardy_cspcl::runtime[0m[2m:[0m Dispatched inbound CSP bundle from 1:35 to BPA
[2m2026-08-02T16:54:57.042847Z[0m [32m INFO[0m [2mhardy_cspcl::runtime[0m[2m:[0m Dispatched inbound CSP bundle from 1:35 to BPA
[2m2026-08-02T16:54:57.544276Z[0m [32m INFO[0m [2mhardy_cspcl::runtime[0m[2m:[0m Dispatched inbound CSP bundle from 1:35 to BPA
[2m2026-08-02T16:54:58.166589Z[0m [32m INFO[0m [2mhardy_cspcl::runtime[0m[2m:[0m Dispatched inbound CSP bundle from 1:35 to BPA
[2m2026-08-02T16:54:58.166927Z[0m [32m INFO[0m [2mhardy_cspcl::runtime[0m[2m:[0m Dispatched inbound CSP bundle from 1:35 to BPA
[2m2026-08-02T16:54:58.473603Z[0m [32m INFO[0m [2mhardy_cspcl::runtime[0m[2m:[0m Dispatched inbound CSP bundle from 1:35 to BPA
[2m2026-08-02T16:54:58.574781Z[0m [32m INFO[0m [2mhardy_cspcl::runtime[0m[2m:[0m Dispatched inbound CSP bundle from 1:35 to BPA
[2m2026-08-02T16:54:59.077270Z[0m [32m INFO[0m [2mhardy_cspcl::runtime[0m[2m:[0m Dispatched inbound CSP bundle from 1:35 to BPA
[2m2026-08-02T16:54:59.078284Z[0m [32m INFO[0m [2mhardy_cspcl::runtime[0m[2m:[0m Dispatched inbound CSP bundle from 1:35 to BPA
[2m2026-08-02T16:54:59.379375Z[0m [32m INFO[0m [2mhardy_cspcl::runtime[0m[2m:[0m Dispatched inbound CSP bundle from 1:35 to BPA
[2m2026-08-02T16:54:59.680843Z[0m [32m INFO[0m [2mhardy_cspcl::runtime[0m[2m:[0m Dispatched inbound CSP bundle from 1:35 to BPA
[2m2026-08-02T16:54:59.992619Z[0m [32m INFO[0m [2mhardy_cspcl::runtime[0m[2m:[0m Dispatched inbound CSP bundle from 1:35 to BPA
[2m2026-08-02T16:55:00.293553Z[0m [32m INFO[0m [2mhardy_cspcl::runtime[0m[2m:[0m Dispatched inbound CSP bundle from 1:35 to BPA
[2m2026-08-02T16:55:01.219053Z[0m [32m INFO[0m [2mhardy_cspcl::runtime[0m[2m:[0m Dispatched inbound CSP bundle from 1:35 to BPA
[2m2026-08-02T16:55:01.219377Z[0m [32m INFO[0m [2mhardy_cspcl::runtime[0m[2m:[0m Dispatched inbound CSP bundle from 1:35 to BPA
[2m2026-08-02T16:55:01.526112Z[0m [32m INFO[0m [2mhardy_cspcl::runtime[0m[2m:[0m Dispatched inbound CSP bundle from 1:35 to BPA
[2m2026-08-02T16:55:01.627111Z[0m [32m INFO[0m [2mhardy_cspcl::runtime[0m[2m:[0m Dispatched inbound CSP bundle from 1:35 to BPA
[2m2026-08-02T16:55:02.129294Z[0m [32m INFO[0m [2mhardy_cspcl::runtime[0m[2m:[0m Dispatched inbound CSP bundle from 1:35 to BPA
[2m2026-08-02T16:55:02.130188Z[0m [32m INFO[0m [2mhardy_cspcl::runtime[0m[2m:[0m Dispatched inbound CSP bundle from 1:35 to BPA
[2m2026-08-02T16:55:02.731744Z[0m [32m INFO[0m [2mhardy_cspcl::runtime[0m[2m:[0m Dispatched inbound CSP bundle from 1:35 to BPA
[2m2026-08-02T16:55:02.732895Z[0m [32m INFO[0m [2mhardy_cspcl::runtime[0m[2m:[0m Dispatched inbound CSP bundle from 1:35 to BPA
[2m2026-08-02T16:55:03.034249Z[0m [32m INFO[0m [2mhardy_cspcl::runtime[0m[2m:[0m Dispatched inbound CSP bundle from 1:35 to BPA
[2m2026-08-02T16:55:03.336672Z[0m [32m INFO[0m [2mhardy_cspcl::runtime[0m[2m:[0m Dispatched inbound CSP bundle from 1:35 to BPA
[2m2026-08-02T16:55:04.262743Z[0m [32m INFO[0m [2mhardy_cspcl::runtime[0m[2m:[0m Dispatched inbound CSP bundle from 1:35 to BPA
[2m2026-08-02T16:55:04.263106Z[0m [32m INFO[0m [2mhardy_cspcl::runtime[0m[2m:[0m Dispatched inbound CSP bundle from 1:35 to BPA
[2m2026-08-02T16:55:04.369785Z[0m [32m INFO[0m [2mhardy_cspcl::runtime[0m[2m:[0m Dispatched inbound CSP bundle from 1:35 to BPA
[2m2026-08-02T16:55:04.671657Z[0m [32m INFO[0m [2mhardy_cspcl::runtime[0m[2m:[0m Dispatched inbound CSP bundle from 1:35 to BPA
[2m2026-08-02T16:55:04.984437Z[0m [32m INFO[0m [2mhardy_cspcl::runtime[0m[2m:[0m Dispatched inbound CSP bundle from 1:35 to BPA
[2m2026-08-02T16:55:05.286086Z[0m [32m INFO[0m [2mhardy_cspcl::runtime[0m[2m:[0m Dispatched inbound CSP bundle from 1:35 to BPA
[2m2026-08-02T16:55:05.287215Z[0m [32m INFO[0m [2mhardy_cspcl::runtime[0m[2m:[0m Dispatched inbound CSP bundle from 1:35 to BPA
[2m2026-08-02T16:55:05.588541Z[0m [32m INFO[0m [2mhardy_cspcl::runtime[0m[2m:[0m Dispatched inbound CSP bundle from 1:35 to BPA
[2m2026-08-02T16:55:06.091210Z[0m [32m INFO[0m [2mhardy_cspcl::runtime[0m[2m:[0m Dispatched inbound CSP bundle from 1:35 to BPA
[2m2026-08-02T16:55:06.191467Z[0m [32m INFO[0m [2mhardy_cspcl::runtime[0m[2m:[0m Dispatched inbound CSP bundle from 1:35 to BPA
[2m2026-08-02T16:55:07.124759Z[0m [32m INFO[0m [2mhardy_cspcl::runtime[0m[2m:[0m Dispatched inbound CSP bundle from 1:35 to BPA
[2m2026-08-02T16:55:07.125057Z[0m [32m INFO[0m [2mhardy_cspcl::runtime[0m[2m:[0m Dispatched inbound CSP bundle from 1:35 to BPA
[2m2026-08-02T16:55:07.426374Z[0m [32m INFO[0m [2mhardy_cspcl::runtime[0m[2m:[0m Dispatched inbound CSP bundle from 1:35 to BPA
[2m2026-08-02T16:55:07.727297Z[0m [32m INFO[0m [2mhardy_cspcl::runtime[0m[2m:[0m Dispatched inbound CSP bundle from 1:35 to BPA
[2m2026-08-02T16:55:07.728221Z[0m [32m INFO[0m [2mhardy_cspcl::runtime[0m[2m:[0m Dispatched inbound CSP bundle from 1:35 to BPA
[2m2026-08-02T16:55:08.039093Z[0m [32m INFO[0m [2mhardy_cspcl::runtime[0m[2m:[0m Dispatched inbound CSP bundle from 1:35 to BPA
[2m2026-08-02T16:55:08.340368Z[0m [32m INFO[0m [2mhardy_cspcl::runtime[0m[2m:[0m Dispatched inbound CSP bundle from 1:35 to BPA
[2m2026-08-02T16:55:08.641931Z[0m [32m INFO[0m [2mhardy_cspcl::runtime[0m[2m:[0m Dispatched inbound CSP bundle from 1:35 to BPA
[2m2026-08-02T16:55:08.943566Z[0m [32m INFO[0m [2mhardy_cspcl::runtime[0m[2m:[0m Dispatched inbound CSP bundle from 1:35 to BPA
[2m2026-08-02T16:55:09.245058Z[0m [32m INFO[0m [2mhardy_cspcl::runtime[0m[2m:[0m Dispatched inbound CSP bundle from 1:35 to BPA
[2m2026-08-02T16:55:10.178649Z[0m [32m INFO[0m [2mhardy_cspcl::runtime[0m[2m:[0m Dispatched inbound CSP bundle from 1:35 to BPA
[2m2026-08-02T16:55:10.179008Z[0m [32m INFO[0m [2mhardy_cspcl::runtime[0m[2m:[0m Dispatched inbound CSP bundle from 1:35 to BPA
[2m2026-08-02T16:55:10.284257Z[0m [32m INFO[0m [2mhardy_cspcl::runtime[0m[2m:[0m Dispatched inbound CSP bundle from 1:35 to BPA
[2m2026-08-02T16:55:10.585922Z[0m [32m INFO[0m [2mhardy_cspcl::runtime[0m[2m:[0m Dispatched inbound CSP bundle from 1:35 to BPA
[2m2026-08-02T16:55:10.887233Z[0m [32m INFO[0m [2mhardy_cspcl::runtime[0m[2m:[0m Dispatched inbound CSP bundle from 1:35 to BPA
[2m2026-08-02T16:55:11.188227Z[0m [32m INFO[0m [2mhardy_cspcl::runtime[0m[2m:[0m Dispatched inbound CSP bundle from 1:35 to BPA
[2m2026-08-02T16:55:11.289321Z[0m [32m INFO[0m [2mhardy_cspcl::runtime[0m[2m:[0m Dispatched inbound CSP bundle from 1:35 to BPA
[2m2026-08-02T16:55:11.790917Z[0m [32m INFO[0m [2mhardy_cspcl::runtime[0m[2m:[0m Dispatched inbound CSP bundle from 1:35 to BPA
[2m2026-08-02T16:55:11.792121Z[0m [32m INFO[0m [2mhardy_cspcl::runtime[0m[2m:[0m Dispatched inbound CSP bundle from 1:35 to BPA
[2m2026-08-02T16:55:12.392948Z[0m [32m INFO[0m [2mhardy_cspcl::runtime[0m[2m:[0m Dispatched inbound CSP bundle from 1:35 to BPA
[2m2026-08-02T16:55:13.313968Z[0m [32m INFO[0m [2mhardy_cspcl::runtime[0m[2m:[0m Dispatched inbound CSP bundle from 1:35 to BPA
[2m2026-08-02T16:55:13.314317Z[0m [32m INFO[0m [2mhardy_cspcl::runtime[0m[2m:[0m Dispatched inbound CSP bundle from 1:35 to BPA
[2m2026-08-02T16:55:13.421281Z[0m [32m INFO[0m [2mhardy_cspcl::runtime[0m[2m:[0m Dispatched inbound CSP bundle from 1:35 to BPA
[2m2026-08-02T16:55:13.422480Z[0m [32m INFO[0m [2mhardy_cspcl::runtime[0m[2m:[0m Dispatched inbound CSP bundle from 1:35 to BPA
[2m2026-08-02T16:55:13.973145Z[0m [32m INFO[0m [2mhardy_cspcl::runtime[0m[2m:[0m Dispatched inbound CSP bundle from 1:35 to BPA
[2m2026-08-02T16:55:13.974242Z[0m [32m INFO[0m [2mhardy_cspcl::runtime[0m[2m:[0m Dispatched inbound CSP bundle from 1:35 to BPA
[2m2026-08-02T16:55:14.476064Z[0m [32m INFO[0m [2mhardy_cspcl::runtime[0m[2m:[0m Dispatched inbound CSP bundle from 1:35 to BPA
[2m2026-08-02T16:55:14.777548Z[0m [32m INFO[0m [2mhardy_cspcl::runtime[0m[2m:[0m Dispatched inbound CSP bundle from 1:35 to BPA
[2m2026-08-02T16:55:15.179172Z[0m [32m INFO[0m [2mhardy_cspcl::runtime[0m[2m:[0m Dispatched inbound CSP bundle from 1:35 to BPA
[2m2026-08-02T16:55:15.480735Z[0m [32m INFO[0m [2mhardy_cspcl::runtime[0m[2m:[0m Dispatched inbound CSP bundle from 1:35 to BPA
[2m2026-08-02T16:55:16.117289Z[0m [32m INFO[0m [2mhardy_cspcl::runtime[0m[2m:[0m Dispatched inbound CSP bundle from 1:35 to BPA
[2m2026-08-02T16:55:16.117626Z[0m [32m INFO[0m [2mhardy_cspcl::runtime[0m[2m:[0m Dispatched inbound CSP bundle from 1:35 to BPA
[2m2026-08-02T16:55:16.224404Z[0m [32m INFO[0m [2mhardy_cspcl::runtime[0m[2m:[0m Dispatched inbound CSP bundle from 1:35 to BPA
[2m2026-08-02T16:55:16.526254Z[0m [32m INFO[0m [2mhardy_cspcl::runtime[0m[2m:[0m Dispatched inbound CSP bundle from 1:35 to BPA
[2m2026-08-02T16:55:17.027959Z[0m [32m INFO[0m [2mhardy_cspcl::runtime[0m[2m:[0m Dispatched inbound CSP bundle from 1:35 to BPA
[2m2026-08-02T16:55:17.028644Z[0m [32m INFO[0m [2mhardy_cspcl::runtime[0m[2m:[0m Dispatched inbound CSP bundle from 1:35 to BPA
[2m2026-08-02T16:55:17.431358Z[0m [32m INFO[0m [2mhardy_cspcl::runtime[0m[2m:[0m Dispatched inbound CSP bundle from 1:35 to BPA
[2m2026-08-02T16:55:17.731919Z[0m [32m INFO[0m [2mhardy_cspcl::runtime[0m[2m:[0m Dispatched inbound CSP bundle from 1:35 to BPA
[2m2026-08-02T16:55:17.832992Z[0m [32m INFO[0m [2mhardy_cspcl::runtime[0m[2m:[0m Dispatched inbound CSP bundle from 1:35 to BPA
[2m2026-08-02T16:55:18.334877Z[0m [32m INFO[0m [2mhardy_cspcl::runtime[0m[2m:[0m Dispatched inbound CSP bundle from 1:35 to BPA
[2m2026-08-02T16:55:19.263382Z[0m [32m INFO[0m [2mhardy_cspcl::runtime[0m[2m:[0m Dispatched inbound CSP bundle from 1:35 to BPA
[2m2026-08-02T16:55:19.263898Z[0m [32m INFO[0m [2mhardy_cspcl::runtime[0m[2m:[0m Dispatched inbound CSP bundle from 1:35 to BPA
[2m2026-08-02T16:55:19.370117Z[0m [32m INFO[0m [2mhardy_cspcl::runtime[0m[2m:[0m Dispatched inbound CSP bundle from 1:35 to BPA
[2m2026-08-02T16:55:19.371073Z[0m [32m INFO[0m [2mhardy_cspcl::runtime[0m[2m:[0m Dispatched inbound CSP bundle from 1:35 to BPA
[2m2026-08-02T16:55:19.922145Z[0m [32m INFO[0m [2mhardy_cspcl::runtime[0m[2m:[0m Dispatched inbound CSP bundle from 1:35 to BPA
[2m2026-08-02T16:55:20.123395Z[0m [32m INFO[0m [2mhardy_cspcl::runtime[0m[2m:[0m Dispatched inbound CSP bundle from 1:35 to BPA
[2m2026-08-02T16:55:20.435518Z[0m [32m INFO[0m [2mhardy_cspcl::runtime[0m[2m:[0m Dispatched inbound CSP bundle from 1:35 to BPA
[2m2026-08-02T16:55:20.536153Z[0m [32m INFO[0m [2mhardy_cspcl::runtime[0m[2m:[0m Dispatched inbound CSP bundle from 1:35 to BPA
[2m2026-08-02T16:55:20.837687Z[0m [32m INFO[0m [2mhardy_cspcl::runtime[0m[2m:[0m Dispatched inbound CSP bundle from 1:35 to BPA
[2m2026-08-02T16:55:21.139153Z[0m [32m INFO[0m [2mhardy_cspcl::runtime[0m[2m:[0m Dispatched inbound CSP bundle from 1:35 to BPA
[2m2026-08-02T16:55:22.065886Z[0m [32m INFO[0m [2mhardy_cspcl::runtime[0m[2m:[0m Dispatched inbound CSP bundle from 1:35 to BPA
[2m2026-08-02T16:55:22.066247Z[0m [32m INFO[0m [2mhardy_cspcl::runtime[0m[2m:[0m Dispatched inbound CSP bundle from 1:35 to BPA
[2m2026-08-02T16:55:22.372057Z[0m [32m INFO[0m [2mhardy_cspcl::runtime[0m[2m:[0m Dispatched inbound CSP bundle from 1:35 to BPA
[2m2026-08-02T16:55:22.372815Z[0m [32m INFO[0m [2mhardy_cspcl::runtime[0m[2m:[0m Dispatched inbound CSP bundle from 1:35 to BPA
[2m2026-08-02T16:55:22.974225Z[0m [32m INFO[0m [2mhardy_cspcl::runtime[0m[2m:[0m Dispatched inbound CSP bundle from 1:35 to BPA
[2m2026-08-02T16:55:22.975217Z[0m [32m INFO[0m [2mhardy_cspcl::runtime[0m[2m:[0m Dispatched inbound CSP bundle from 1:35 to BPA
[2m2026-08-02T16:55:23.576447Z[0m [32m INFO[0m [2mhardy_cspcl::runtime[0m[2m:[0m Dispatched inbound CSP bundle from 1:35 to BPA
[2m2026-08-02T16:55:23.577512Z[0m [32m INFO[0m [2mhardy_cspcl::runtime[0m[2m:[0m Dispatched inbound CSP bundle from 1:35 to BPA
[2m2026-08-02T16:55:23.878730Z[0m [32m INFO[0m [2mhardy_cspcl::runtime[0m[2m:[0m Dispatched inbound CSP bundle from 1:35 to BPA
[2m2026-08-02T16:55:24.179583Z[0m [32m INFO[0m [2mhardy_cspcl::runtime[0m[2m:[0m Dispatched inbound CSP bundle from 1:35 to BPA
[2m2026-08-02T16:55:25.104142Z[0m [32m INFO[0m [2mhardy_cspcl::runtime[0m[2m:[0m Dispatched inbound CSP bundle from 1:35 to BPA
[2m2026-08-02T16:55:25.104454Z[0m [32m INFO[0m [2mhardy_cspcl::runtime[0m[2m:[0m Dispatched inbound CSP bundle from 1:35 to BPA
[2m2026-08-02T16:55:25.211053Z[0m [32m INFO[0m [2mhardy_cspcl::runtime[0m[2m:[0m Dispatched inbound CSP bundle from 1:35 to BPA
[2m2026-08-02T16:55:25.211761Z[0m [32m INFO[0m [2mhardy_cspcl::runtime[0m[2m:[0m Dispatched inbound CSP bundle from 1:35 to BPA
[2m2026-08-02T16:55:25.873133Z[0m [32m INFO[0m [2mhardy_cspcl::runtime[0m[2m:[0m Dispatched inbound CSP bundle from 1:35 to BPA
[2m2026-08-02T16:55:25.974668Z[0m [32m INFO[0m [2mhardy_cspcl::runtime[0m[2m:[0m Dispatched inbound CSP bundle from 1:35 to BPA
[2m2026-08-02T16:55:26.476982Z[0m [32m INFO[0m [2mhardy_cspcl::runtime[0m[2m:[0m Dispatched inbound CSP bundle from 1:35 to BPA
[2m2026-08-02T16:55:26.478473Z[0m [32m INFO[0m [2mhardy_cspcl::runtime[0m[2m:[0m Dispatched inbound CSP bundle from 1:35 to BPA
[2m2026-08-02T16:55:26.779667Z[0m [32m INFO[0m [2mhardy_cspcl::runtime[0m[2m:[0m Dispatched inbound CSP bundle from 1:35 to BPA
[2m2026-08-02T16:55:27.081008Z[0m [32m INFO[0m [2mhardy_cspcl::runtime[0m[2m:[0m Dispatched inbound CSP bundle from 1:35 to BPA
[2m2026-08-02T16:55:28.021546Z[0m [32m INFO[0m [2mhardy_cspcl::runtime[0m[2m:[0m Dispatched inbound CSP bundle from 1:35 to BPA
[2m2026-08-02T16:55:28.022036Z[0m [32m INFO[0m [2mhardy_cspcl::runtime[0m[2m:[0m Dispatched inbound CSP bundle from 1:35 to BPA
[2m2026-08-02T16:55:28.328183Z[0m [32m INFO[0m [2mhardy_cspcl::runtime[0m[2m:[0m Dispatched inbound CSP bundle from 1:35 to BPA
[2m2026-08-02T16:55:28.329105Z[0m [32m INFO[0m [2mhardy_cspcl::runtime[0m[2m:[0m Dispatched inbound CSP bundle from 1:35 to BPA
[2m2026-08-02T16:55:28.730429Z[0m [32m INFO[0m [2mhardy_cspcl::runtime[0m[2m:[0m Dispatched inbound CSP bundle from 1:35 to BPA
[2m2026-08-02T16:55:28.931610Z[0m [32m INFO[0m [2mhardy_cspcl::runtime[0m[2m:[0m Dispatched inbound CSP bundle from 1:35 to BPA
[2m2026-08-02T16:55:29.534176Z[0m [32m INFO[0m [2mhardy_cspcl::runtime[0m[2m:[0m Dispatched inbound CSP bundle from 1:35 to BPA
[2m2026-08-02T16:55:29.534756Z[0m [32m INFO[0m [2mhardy_cspcl::runtime[0m[2m:[0m Dispatched inbound CSP bundle from 1:35 to BPA
[2m2026-08-02T16:55:29.836224Z[0m [32m INFO[0m [2mhardy_cspcl::runtime[0m[2m:[0m Dispatched inbound CSP bundle from 1:35 to BPA
[2m2026-08-02T16:55:30.137948Z[0m [32m INFO[0m [2mhardy_cspcl::runtime[0m[2m:[0m Dispatched inbound CSP bundle from 1:35 to BPA
[2m2026-08-02T16:55:31.072793Z[0m [32m INFO[0m [2mhardy_cspcl::runtime[0m[2m:[0m Dispatched inbound CSP bundle from 1:35 to BPA
[2m2026-08-02T16:55:31.073194Z[0m [32m INFO[0m [2mhardy_cspcl::runtime[0m[2m:[0m Dispatched inbound CSP bundle from 1:35 to BPA
[2m2026-08-02T16:55:31.178368Z[0m [32m INFO[0m [2mhardy_cspcl::runtime[0m[2m:[0m Dispatched inbound CSP bundle from 1:35 to BPA
[2m2026-08-02T16:55:31.480014Z[0m [32m INFO[0m [2mhardy_cspcl::runtime[0m[2m:[0m Dispatched inbound CSP bundle from 1:35 to BPA
[2m2026-08-02T16:55:31.792693Z[0m [32m INFO[0m [2mhardy_cspcl::runtime[0m[2m:[0m Dispatched inbound CSP bundle from 1:35 to BPA
[2m2026-08-02T16:55:32.094210Z[0m [32m INFO[0m [2mhardy_cspcl::runtime[0m[2m:[0m Dispatched inbound CSP bundle from 1:35 to BPA
[2m2026-08-02T16:55:32.406005Z[0m [32m INFO[0m [2mhardy_cspcl::runtime[0m[2m:[0m Dispatched inbound CSP bundle from 1:35 to BPA
[2m2026-08-02T16:55:32.708072Z[0m [32m INFO[0m [2mhardy_cspcl::runtime[0m[2m:[0m Dispatched inbound CSP bundle from 1:35 to BPA
[2m2026-08-02T16:55:32.709540Z[0m [32m INFO[0m [2mhardy_cspcl::runtime[0m[2m:[0m Dispatched inbound CSP bundle from 1:35 to BPA
[2m2026-08-02T16:55:33.020616Z[0m [32m INFO[0m [2mhardy_cspcl::runtime[0m[2m:[0m Dispatched inbound CSP bundle from 1:35 to BPA
[2m2026-08-02T16:55:33.949886Z[0m [32m INFO[0m [2mhardy_cspcl::runtime[0m[2m:[0m Dispatched inbound CSP bundle from 1:35 to BPA
[2m2026-08-02T16:55:33.950311Z[0m [32m INFO[0m [2mhardy_cspcl::runtime[0m[2m:[0m Dispatched inbound CSP bundle from 1:35 to BPA
[2m2026-08-02T16:55:34.256102Z[0m [32m INFO[0m [2mhardy_cspcl::runtime[0m[2m:[0m Dispatched inbound CSP bundle from 1:35 to BPA
[2m2026-08-02T16:55:34.256755Z[0m [32m INFO[0m [2mhardy_cspcl::runtime[0m[2m:[0m Dispatched inbound CSP bundle from 1:35 to BPA
[2m2026-08-02T16:55:34.657506Z[0m [32m INFO[0m [2mhardy_cspcl::runtime[0m[2m:[0m Dispatched inbound CSP bundle from 1:35 to BPA
[2m2026-08-02T16:55:34.858109Z[0m [32m INFO[0m [2mhardy_cspcl::runtime[0m[2m:[0m Dispatched inbound CSP bundle from 1:35 to BPA
[2m2026-08-02T16:55:35.158656Z[0m [32m INFO[0m [2mhardy_cspcl::runtime[0m[2m:[0m Dispatched inbound CSP bundle from 1:35 to BPA
[2m2026-08-02T16:55:35.459783Z[0m [32m INFO[0m [2mhardy_cspcl::runtime[0m[2m:[0m Dispatched inbound CSP bundle from 1:35 to BPA
[2m2026-08-02T16:55:35.862097Z[0m [32m INFO[0m [2mhardy_cspcl::runtime[0m[2m:[0m Dispatched inbound CSP bundle from 1:35 to BPA
[2m2026-08-02T16:55:36.062786Z[0m [32m INFO[0m [2mhardy_cspcl::runtime[0m[2m:[0m Dispatched inbound CSP bundle from 1:35 to BPA
[2m2026-08-02T16:55:36.984671Z[0m [32m INFO[0m [2mhardy_cspcl::runtime[0m[2m:[0m Dispatched inbound CSP bundle from 1:35 to BPA
[2m2026-08-02T16:55:36.985244Z[0m [32m INFO[0m [2mhardy_cspcl::runtime[0m[2m:[0m Dispatched inbound CSP bundle from 1:35 to BPA
[2m2026-08-02T16:55:37.292149Z[0m [32m INFO[0m [2mhardy_cspcl::runtime[0m[2m:[0m Dispatched inbound CSP bundle from 1:35 to BPA
[2m2026-08-02T16:55:37.293405Z[0m [32m INFO[0m [2mhardy_cspcl::runtime[0m[2m:[0m Dispatched inbound CSP bundle from 1:35 to BPA
[2m2026-08-02T16:55:37.595024Z[0m [32m INFO[0m [2mhardy_cspcl::runtime[0m[2m:[0m Dispatched inbound CSP bundle from 1:35 to BPA
[2m2026-08-02T16:55:37.896058Z[0m [32m INFO[0m [2mhardy_cspcl::runtime[0m[2m:[0m Dispatched inbound CSP bundle from 1:35 to BPA
[2m2026-08-02T16:55:38.298527Z[0m [32m INFO[0m [2mhardy_cspcl::runtime[0m[2m:[0m Dispatched inbound CSP bundle from 1:35 to BPA
[2m2026-08-02T16:55:38.499317Z[0m [32m INFO[0m [2mhardy_cspcl::runtime[0m[2m:[0m Dispatched inbound CSP bundle from 1:35 to BPA
[2m2026-08-02T16:55:39.102046Z[0m [32m INFO[0m [2mhardy_cspcl::runtime[0m[2m:[0m Dispatched inbound CSP bundle from 1:35 to BPA
[2m2026-08-02T16:55:39.102790Z[0m [32m INFO[0m [2mhardy_cspcl::runtime[0m[2m:[0m Dispatched inbound CSP bundle from 1:35 to BPA
[2m2026-08-02T16:55:40.032870Z[0m [32m INFO[0m [2mhardy_cspcl::runtime[0m[2m:[0m Dispatched inbound CSP bundle from 1:35 to BPA
[2m2026-08-02T16:55:40.033295Z[0m [32m INFO[0m [2mhardy_cspcl::runtime[0m[2m:[0m Dispatched inbound CSP bundle from 1:35 to BPA
[2m2026-08-02T16:55:40.140164Z[0m [32m INFO[0m [2mhardy_cspcl::runtime[0m[2m:[0m Dispatched inbound CSP bundle from 1:35 to BPA
[2m2026-08-02T16:55:40.141185Z[0m [32m INFO[0m [2mhardy_cspcl::runtime[0m[2m:[0m Dispatched inbound CSP bundle from 1:35 to BPA
[2m2026-08-02T16:55:40.763231Z[0m [32m INFO[0m [2mhardy_cspcl::runtime[0m[2m:[0m Dispatched inbound CSP bundle from 1:35 to BPA
[2m2026-08-02T16:55:40.763994Z[0m [32m INFO[0m [2mhardy_cspcl::runtime[0m[2m:[0m Dispatched inbound CSP bundle from 1:35 to BPA
[2m2026-08-02T16:55:41.366405Z[0m [32m INFO[0m [2mhardy_cspcl::runtime[0m[2m:[0m Dispatched inbound CSP bundle from 1:35 to BPA
[2m2026-08-02T16:55:41.367585Z[0m [32m INFO[0m [2mhardy_cspcl::runtime[0m[2m:[0m Dispatched inbound CSP bundle from 1:35 to BPA
[2m2026-08-02T16:55:41.668964Z[0m [32m INFO[0m [2mhardy_cspcl::runtime[0m[2m:[0m Dispatched inbound CSP bundle from 1:35 to BPA
[2m2026-08-02T16:55:41.981384Z[0m [32m INFO[0m [2mhardy_cspcl::runtime[0m[2m:[0m Dispatched inbound CSP bundle from 1:35 to BPA
[2m2026-08-02T16:55:42.922005Z[0m [32m INFO[0m [2mhardy_cspcl::runtime[0m[2m:[0m Dispatched inbound CSP bundle from 1:35 to BPA
[2m2026-08-02T16:55:42.922501Z[0m [32m INFO[0m [2mhardy_cspcl::runtime[0m[2m:[0m Dispatched inbound CSP bundle from 1:35 to BPA
[2m2026-08-02T16:55:43.224109Z[0m [32m INFO[0m [2mhardy_cspcl::runtime[0m[2m:[0m Dispatched inbound CSP bundle from 1:35 to BPA
[2m2026-08-02T16:55:43.225334Z[0m [32m INFO[0m [2mhardy_cspcl::runtime[0m[2m:[0m Dispatched inbound CSP bundle from 1:35 to BPA
[2m2026-08-02T16:55:43.826069Z[0m [32m INFO[0m [2mhardy_cspcl::runtime[0m[2m:[0m Dispatched inbound CSP bundle from 1:35 to BPA
[2m2026-08-02T16:55:43.827010Z[0m [32m INFO[0m [2mhardy_cspcl::runtime[0m[2m:[0m Dispatched inbound CSP bundle from 1:35 to BPA
[2m2026-08-02T16:55:44.428201Z[0m [32m INFO[0m [2mhardy_cspcl::runtime[0m[2m:[0m Dispatched inbound CSP bundle from 1:35 to BPA
[2m2026-08-02T16:55:44.429487Z[0m [32m INFO[0m [2mhardy_cspcl::runtime[0m[2m:[0m Dispatched inbound CSP bundle from 1:35 to BPA
[2m2026-08-02T16:55:44.730557Z[0m [32m INFO[0m [2mhardy_cspcl::runtime[0m[2m:[0m Dispatched inbound CSP bundle from 1:35 to BPA
[2m2026-08-02T16:55:45.032803Z[0m [32m INFO[0m [2mhardy_cspcl::runtime[0m[2m:[0m Dispatched inbound CSP bundle from 1:35 to BPA
[2m2026-08-02T16:55:45.962901Z[0m [32m INFO[0m [2mhardy_cspcl::runtime[0m[2m:[0m Dispatched inbound CSP bundle from 1:35 to BPA
[2m2026-08-02T16:55:45.963212Z[0m [32m INFO[0m [2mhardy_cspcl::runtime[0m[2m:[0m Dispatched inbound CSP bundle from 1:35 to BPA
[2m2026-08-02T16:55:46.069365Z[0m [32m INFO[0m [2mhardy_cspcl::runtime[0m[2m:[0m Dispatched inbound CSP bundle from 1:35 to BPA
[2m2026-08-02T16:55:46.070057Z[0m [32m INFO[0m [2mhardy_cspcl::runtime[0m[2m:[0m Dispatched inbound CSP bundle from 1:35 to BPA
[2m2026-08-02T16:55:46.703044Z[0m [32m INFO[0m [2mhardy_cspcl::runtime[0m[2m:[0m Dispatched inbound CSP bundle from 1:35 to BPA
[2m2026-08-02T16:55:46.803961Z[0m [32m INFO[0m [2mhardy_cspcl::runtime[0m[2m:[0m Dispatched inbound CSP bundle from 1:35 to BPA
[2m2026-08-02T16:55:47.305988Z[0m [32m INFO[0m [2mhardy_cspcl::runtime[0m[2m:[0m Dispatched inbound CSP bundle from 1:35 to BPA
[2m2026-08-02T16:55:47.307252Z[0m [32m INFO[0m [2mhardy_cspcl::runtime[0m[2m:[0m Dispatched inbound CSP bundle from 1:35 to BPA
[2m2026-08-02T16:55:47.608433Z[0m [32m INFO[0m [2mhardy_cspcl::runtime[0m[2m:[0m Dispatched inbound CSP bundle from 1:35 to BPA
[2m2026-08-02T16:55:47.910020Z[0m [32m INFO[0m [2mhardy_cspcl::runtime[0m[2m:[0m Dispatched inbound CSP bundle from 1:35 to BPA
[2m2026-08-02T16:55:48.834756Z[0m [32m INFO[0m [2mhardy_cspcl::runtime[0m[2m:[0m Dispatched inbound CSP bundle from 1:35 to BPA
[2m2026-08-02T16:55:48.835200Z[0m [32m INFO[0m [2mhardy_cspcl::runtime[0m[2m:[0m Dispatched inbound CSP bundle from 1:35 to BPA
[2m2026-08-02T16:55:49.141868Z[0m [32m INFO[0m [2mhardy_cspcl::runtime[0m[2m:[0m Dispatched inbound CSP bundle from 1:35 to BPA
[2m2026-08-02T16:55:49.142494Z[0m [32m INFO[0m [2mhardy_cspcl::runtime[0m[2m:[0m Dispatched inbound CSP bundle from 1:35 to BPA
[2m2026-08-02T16:55:49.744724Z[0m [32m INFO[0m [2mhardy_cspcl::runtime[0m[2m:[0m Dispatched inbound CSP bundle from 1:35 to BPA
[2m2026-08-02T16:55:49.745881Z[0m [32m INFO[0m [2mhardy_cspcl::runtime[0m[2m:[0m Dispatched inbound CSP bundle from 1:35 to BPA
[2m2026-08-02T16:55:50.346711Z[0m [32m INFO[0m [2mhardy_cspcl::runtime[0m[2m:[0m Dispatched inbound CSP bundle from 1:35 to BPA
[2m2026-08-02T16:55:50.347770Z[0m [32m INFO[0m [2mhardy_cspcl::runtime[0m[2m:[0m Dispatched inbound CSP bundle from 1:35 to BPA
[2m2026-08-02T16:55:50.648866Z[0m [32m INFO[0m [2mhardy_cspcl::runtime[0m[2m:[0m Dispatched inbound CSP bundle from 1:35 to BPA
[2m2026-08-02T16:55:50.950207Z[0m [32m INFO[0m [2mhardy_cspcl::runtime[0m[2m:[0m Dispatched inbound CSP bundle from 1:35 to BPA
[2m2026-08-02T16:55:51.876682Z[0m [32m INFO[0m [2mhardy_cspcl::runtime[0m[2m:[0m Dispatched inbound CSP bundle from 1:35 to BPA
[2m2026-08-02T16:55:51.877039Z[0m [32m INFO[0m [2mhardy_cspcl::runtime[0m[2m:[0m Dispatched inbound CSP bundle from 1:35 to BPA
[2m2026-08-02T16:55:51.983729Z[0m [32m INFO[0m [2mhardy_cspcl::runtime[0m[2m:[0m Dispatched inbound CSP bundle from 1:35 to BPA
[2m2026-08-02T16:55:52.185269Z[0m [32m INFO[0m [2mhardy_cspcl::runtime[0m[2m:[0m Dispatched inbound CSP bundle from 1:35 to BPA
[2m2026-08-02T16:55:52.587448Z[0m [32m INFO[0m [2mhardy_cspcl::runtime[0m[2m:[0m Dispatched inbound CSP bundle from 1:35 to BPA
[2m2026-08-02T16:55:52.588773Z[0m [32m INFO[0m [2mhardy_cspcl::runtime[0m[2m:[0m Dispatched inbound CSP bundle from 1:35 to BPA
[2m2026-08-02T16:55:53.191241Z[0m [32m INFO[0m [2mhardy_cspcl::runtime[0m[2m:[0m Dispatched inbound CSP bundle from 1:35 to BPA
[2m2026-08-02T16:55:53.191827Z[0m [32m INFO[0m [2mhardy_cspcl::runtime[0m[2m:[0m Dispatched inbound CSP bundle from 1:35 to BPA
[2m2026-08-02T16:55:53.795365Z[0m [32m INFO[0m [2mhardy_cspcl::runtime[0m[2m:[0m Dispatched inbound CSP bundle from 1:35 to BPA
[2m2026-08-02T16:55:54.097722Z[0m [32m INFO[0m [2mhardy_cspcl::runtime[0m[2m:[0m Dispatched inbound CSP bundle from 1:35 to BPA
[2m2026-08-02T16:55:54.726789Z[0m [32m INFO[0m [2mhardy_cspcl::runtime[0m[2m:[0m Dispatched inbound CSP bundle from 1:35 to BPA
[2m2026-08-02T16:55:54.727554Z[0m [32m INFO[0m [2mhardy_cspcl::runtime[0m[2m:[0m Dispatched inbound CSP bundle from 1:35 to BPA
[2m2026-08-02T16:55:55.033973Z[0m [32m INFO[0m [2mhardy_cspcl::runtime[0m[2m:[0m Dispatched inbound CSP bundle from 1:35 to BPA
[2m2026-08-02T16:55:55.034963Z[0m [32m INFO[0m [2mhardy_cspcl::runtime[0m[2m:[0m Dispatched inbound CSP bundle from 1:35 to BPA
[2m2026-08-02T16:55:55.637300Z[0m [32m INFO[0m [2mhardy_cspcl::runtime[0m[2m:[0m Dispatched inbound CSP bundle from 1:35 to BPA
[2m2026-08-02T16:55:55.638707Z[0m [32m INFO[0m [2mhardy_cspcl::runtime[0m[2m:[0m Dispatched inbound CSP bundle from 1:35 to BPA
[2m2026-08-02T16:55:55.939817Z[0m [32m INFO[0m [2mhardy_cspcl::runtime[0m[2m:[0m Dispatched inbound CSP bundle from 1:35 to BPA
[2m2026-08-02T16:55:56.241677Z[0m [32m INFO[0m [2mhardy_cspcl::runtime[0m[2m:[0m Dispatched inbound CSP bundle from 1:35 to BPA
[2m2026-08-02T16:55:56.542443Z[0m [32m INFO[0m [2mhardy_cspcl::runtime[0m[2m:[0m Dispatched inbound CSP bundle from 1:35 to BPA
[2m2026-08-02T16:55:56.844556Z[0m [32m INFO[0m [2mhardy_cspcl::runtime[0m[2m:[0m Dispatched inbound CSP bundle from 1:35 to BPA
[2m2026-08-02T16:55:57.769784Z[0m [32m INFO[0m [2mhardy_cspcl::runtime[0m[2m:[0m Dispatched inbound CSP bundle from 1:35 to BPA
[2m2026-08-02T16:55:57.770267Z[0m [32m INFO[0m [2mhardy_cspcl::runtime[0m[2m:[0m Dispatched inbound CSP bundle from 1:35 to BPA
[2m2026-08-02T16:55:58.077009Z[0m [32m INFO[0m [2mhardy_cspcl::runtime[0m[2m:[0m Dispatched inbound CSP bundle from 1:35 to BPA
[2m2026-08-02T16:55:58.077499Z[0m [32m INFO[0m [2mhardy_cspcl::runtime[0m[2m:[0m Dispatched inbound CSP bundle from 1:35 to BPA
[2m2026-08-02T16:55:58.679276Z[0m [32m INFO[0m [2mhardy_cspcl::runtime[0m[2m:[0m Dispatched inbound CSP bundle from 1:35 to BPA
[2m2026-08-02T16:55:58.680693Z[0m [32m INFO[0m [2mhardy_cspcl::runtime[0m[2m:[0m Dispatched inbound CSP bundle from 1:35 to BPA
[2m2026-08-02T16:55:59.281704Z[0m [32m INFO[0m [2mhardy_cspcl::runtime[0m[2m:[0m Dispatched inbound CSP bundle from 1:35 to BPA
[2m2026-08-02T16:55:59.282903Z[0m [32m INFO[0m [2mhardy_cspcl::runtime[0m[2m:[0m Dispatched inbound CSP bundle from 1:35 to BPA
[2m2026-08-02T16:55:59.885693Z[0m [32m INFO[0m [2mhardy_cspcl::runtime[0m[2m:[0m Dispatched inbound CSP bundle from 1:35 to BPA
[2m2026-08-02T16:55:59.887299Z[0m [32m INFO[0m [2mhardy_cspcl::runtime[0m[2m:[0m Dispatched inbound CSP bundle from 1:35 to BPA
[2m2026-08-02T16:56:00.814672Z[0m [32m INFO[0m [2mhardy_cspcl::runtime[0m[2m:[0m Dispatched inbound CSP bundle from 1:35 to BPA
[2m2026-08-02T16:56:00.815164Z[0m [32m INFO[0m [2mhardy_cspcl::runtime[0m[2m:[0m Dispatched inbound CSP bundle from 1:35 to BPA
[2m2026-08-02T16:56:00.920600Z[0m [32m INFO[0m [2mhardy_cspcl::runtime[0m[2m:[0m Dispatched inbound CSP bundle from 1:35 to BPA
[2m2026-08-02T16:56:01.121613Z[0m [32m INFO[0m [2mhardy_cspcl::runtime[0m[2m:[0m Dispatched inbound CSP bundle from 1:35 to BPA
[2m2026-08-02T16:56:01.534754Z[0m [32m INFO[0m [2mhardy_cspcl::runtime[0m[2m:[0m Dispatched inbound CSP bundle from 1:35 to BPA
[2m2026-08-02T16:56:01.535611Z[0m [32m INFO[0m [2mhardy_cspcl::runtime[0m[2m:[0m Dispatched inbound CSP bundle from 1:35 to BPA
[2m2026-08-02T16:56:02.038441Z[0m [32m INFO[0m [2mhardy_cspcl::runtime[0m[2m:[0m Dispatched inbound CSP bundle from 1:35 to BPA
[2m2026-08-02T16:56:02.139137Z[0m [32m INFO[0m [2mhardy_cspcl::runtime[0m[2m:[0m Dispatched inbound CSP bundle from 1:35 to BPA
[2m2026-08-02T16:56:02.741811Z[0m [32m INFO[0m [2mhardy_cspcl::runtime[0m[2m:[0m Dispatched inbound CSP bundle from 1:35 to BPA
[2m2026-08-02T16:56:03.044077Z[0m [32m INFO[0m [2mhardy_cspcl::runtime[0m[2m:[0m Dispatched inbound CSP bundle from 1:35 to BPA
[2m2026-08-02T16:56:03.685572Z[0m [32m INFO[0m [2mhardy_cspcl::runtime[0m[2m:[0m Dispatched inbound CSP bundle from 1:35 to BPA
[2m2026-08-02T16:56:03.686252Z[0m [32m INFO[0m [2mhardy_cspcl::runtime[0m[2m:[0m Dispatched inbound CSP bundle from 1:35 to BPA
[2m2026-08-02T16:56:03.987978Z[0m [32m INFO[0m [2mhardy_cspcl::runtime[0m[2m:[0m Dispatched inbound CSP bundle from 1:35 to BPA
[2m2026-08-02T16:56:03.989094Z[0m [32m INFO[0m [2mhardy_cspcl::runtime[0m[2m:[0m Dispatched inbound CSP bundle from 1:35 to BPA
[2m2026-08-02T16:56:04.290236Z[0m [32m INFO[0m [2mhardy_cspcl::runtime[0m[2m:[0m Dispatched inbound CSP bundle from 1:35 to BPA
[2m2026-08-02T16:56:04.591284Z[0m [32m INFO[0m [2mhardy_cspcl::runtime[0m[2m:[0m Dispatched inbound CSP bundle from 1:35 to BPA
[2m2026-08-02T16:56:04.891982Z[0m [32m INFO[0m [2mhardy_cspcl::runtime[0m[2m:[0m Dispatched inbound CSP bundle from 1:35 to BPA
[2m2026-08-02T16:56:05.193403Z[0m [32m INFO[0m [2mhardy_cspcl::runtime[0m[2m:[0m Dispatched inbound CSP bundle from 1:35 to BPA
[2m2026-08-02T16:56:05.495019Z[0m [32m INFO[0m [2mhardy_cspcl::runtime[0m[2m:[0m Dispatched inbound CSP bundle from 1:35 to BPA
[2m2026-08-02T16:56:05.795893Z[0m [32m INFO[0m [2mhardy_cspcl::runtime[0m[2m:[0m Dispatched inbound CSP bundle from 1:35 to BPA
[2m2026-08-02T16:56:06.734798Z[0m [32m INFO[0m [2mhardy_cspcl::runtime[0m[2m:[0m Dispatched inbound CSP bundle from 1:35 to BPA
[2m2026-08-02T16:56:06.735244Z[0m [32m INFO[0m [2mhardy_cspcl::runtime[0m[2m:[0m Dispatched inbound CSP bundle from 1:35 to BPA
[2m2026-08-02T16:56:06.840376Z[0m [32m INFO[0m [2mhardy_cspcl::runtime[0m[2m:[0m Dispatched inbound CSP bundle from 1:35 to BPA
[2m2026-08-02T16:56:06.840764Z[0m [32m INFO[0m [2mhardy_cspcl::runtime[0m[2m:[0m Dispatched inbound CSP bundle from 1:35 to BPA
[2m2026-08-02T16:56:07.595090Z[0m [32m INFO[0m [2mhardy_cspcl::runtime[0m[2m:[0m Dispatched inbound CSP bundle from 1:35 to BPA
[2m2026-08-02T16:56:07.596154Z[0m [32m INFO[0m [2mhardy_cspcl::runtime[0m[2m:[0m Dispatched inbound CSP bundle from 1:35 to BPA
[2m2026-08-02T16:56:08.198083Z[0m [32m INFO[0m [2mhardy_cspcl::runtime[0m[2m:[0m Dispatched inbound CSP bundle from 1:35 to BPA
[2m2026-08-02T16:56:08.199295Z[0m [32m INFO[0m [2mhardy_cspcl::runtime[0m[2m:[0m Dispatched inbound CSP bundle from 1:35 to BPA
[2m2026-08-02T16:56:08.501302Z[0m [32m INFO[0m [2mhardy_cspcl::runtime[0m[2m:[0m Dispatched inbound CSP bundle from 1:35 to BPA
[2m2026-08-02T16:56:08.803502Z[0m [32m INFO[0m [2mhardy_cspcl::runtime[0m[2m:[0m Dispatched inbound CSP bundle from 1:35 to BPA
[2m2026-08-02T16:56:09.731900Z[0m [32m INFO[0m [2mhardy_cspcl::runtime[0m[2m:[0m Dispatched inbound CSP bundle from 1:35 to BPA
[2m2026-08-02T16:56:09.732419Z[0m [32m INFO[0m [2mhardy_cspcl::runtime[0m[2m:[0m Dispatched inbound CSP bundle from 1:35 to BPA
[2m2026-08-02T16:56:09.839120Z[0m [32m INFO[0m [2mhardy_cspcl::runtime[0m[2m:[0m Dispatched inbound CSP bundle from 1:35 to BPA
[2m2026-08-02T16:56:10.141335Z[0m [32m INFO[0m [2mhardy_cspcl::runtime[0m[2m:[0m Dispatched inbound CSP bundle from 1:35 to BPA
[2m2026-08-02T16:56:10.353350Z[0m [32m INFO[0m [2mhardy_cspcl::runtime[0m[2m:[0m Dispatched inbound CSP bundle from 1:35 to BPA
[2m2026-08-02T16:56:10.754779Z[0m [32m INFO[0m [2mhardy_cspcl::runtime[0m[2m:[0m Dispatched inbound CSP bundle from 1:35 to BPA
[2m2026-08-02T16:56:11.067658Z[0m [32m INFO[0m [2mhardy_cspcl::runtime[0m[2m:[0m Dispatched inbound CSP bundle from 1:35 to BPA
[2m2026-08-02T16:56:11.068829Z[0m [32m INFO[0m [2mhardy_cspcl::runtime[0m[2m:[0m Dispatched inbound CSP bundle from 1:35 to BPA
[2m2026-08-02T16:56:11.571247Z[0m [32m INFO[0m [2mhardy_cspcl::runtime[0m[2m:[0m Dispatched inbound CSP bundle from 1:35 to BPA
[2m2026-08-02T16:56:11.671969Z[0m [32m INFO[0m [2mhardy_cspcl::runtime[0m[2m:[0m Dispatched inbound CSP bundle from 1:35 to BPA
[2m2026-08-02T16:56:12.602309Z[0m [32m INFO[0m [2mhardy_cspcl::runtime[0m[2m:[0m Dispatched inbound CSP bundle from 1:35 to BPA
[2m2026-08-02T16:56:12.602807Z[0m [32m INFO[0m [2mhardy_cspcl::runtime[0m[2m:[0m Dispatched inbound CSP bundle from 1:35 to BPA
[2m2026-08-02T16:56:12.904229Z[0m [32m INFO[0m [2mhardy_cspcl::runtime[0m[2m:[0m Dispatched inbound CSP bundle from 1:35 to BPA
[2m2026-08-02T16:56:12.905230Z[0m [32m INFO[0m [2mhardy_cspcl::runtime[0m[2m:[0m Dispatched inbound CSP bundle from 1:35 to BPA
[2m2026-08-02T16:56:13.206475Z[0m [32m INFO[0m [2mhardy_cspcl::runtime[0m[2m:[0m Dispatched inbound CSP bundle from 1:35 to BPA
[2m2026-08-02T16:56:13.507598Z[0m [32m INFO[0m [2mhardy_cspcl::runtime[0m[2m:[0m Dispatched inbound CSP bundle from 1:35 to BPA
[2m2026-08-02T16:56:13.809209Z[0m [32m INFO[0m [2mhardy_cspcl::runtime[0m[2m:[0m Dispatched inbound CSP bundle from 1:35 to BPA
[2m2026-08-02T16:56:14.110068Z[0m [32m INFO[0m [2mhardy_cspcl::runtime[0m[2m:[0m Dispatched inbound CSP bundle from 1:35 to BPA
[2m2026-08-02T16:56:14.412700Z[0m [32m INFO[0m [2mhardy_cspcl::runtime[0m[2m:[0m Dispatched inbound CSP bundle from 1:35 to BPA
[2m2026-08-02T16:56:14.714514Z[0m [32m INFO[0m [2mhardy_cspcl::runtime[0m[2m:[0m Dispatched inbound CSP bundle from 1:35 to BPA
[2m2026-08-02T16:56:15.645921Z[0m [32m INFO[0m [2mhardy_cspcl::runtime[0m[2m:[0m Dispatched inbound CSP bundle from 1:35 to BPA
[2m2026-08-02T16:56:15.646275Z[0m [32m INFO[0m [2mhardy_cspcl::runtime[0m[2m:[0m Dispatched inbound CSP bundle from 1:35 to BPA
[2m2026-08-02T16:56:15.953225Z[0m [32m INFO[0m [2mhardy_cspcl::runtime[0m[2m:[0m Dispatched inbound CSP bundle from 1:35 to BPA
[2m2026-08-02T16:56:15.962691Z[0m [32m INFO[0m [2mhardy_cspcl::runtime[0m[2m:[0m Dispatched inbound CSP bundle from 1:35 to BPA
[2m2026-08-02T16:56:16.565718Z[0m [32m INFO[0m [2mhardy_cspcl::runtime[0m[2m:[0m Dispatched inbound CSP bundle from 1:35 to BPA
[2m2026-08-02T16:56:16.566794Z[0m [32m INFO[0m [2mhardy_cspcl::runtime[0m[2m:[0m Dispatched inbound CSP bundle from 1:35 to BPA
[2m2026-08-02T16:56:16.666669Z[0m [32m INFO[0m [2mhardy_cspcl::runtime[0m[2m:[0m Dispatched inbound CSP bundle from 1:35 to BPA
[2m2026-08-02T16:56:17.168321Z[0m [32m INFO[0m [2mhardy_cspcl::runtime[0m[2m:[0m Dispatched inbound CSP bundle from 1:35 to BPA
[2m2026-08-02T16:56:17.770482Z[0m [32m INFO[0m [2mhardy_cspcl::runtime[0m[2m:[0m Dispatched inbound CSP bundle from 1:35 to BPA
[2m2026-08-02T16:56:17.771286Z[0m [32m INFO[0m [2mhardy_cspcl::runtime[0m[2m:[0m Dispatched inbound CSP bundle from 1:35 to BPA
[2m2026-08-02T16:56:18.698323Z[0m [32m INFO[0m [2mhardy_cspcl::runtime[0m[2m:[0m Dispatched inbound CSP bundle from 1:35 to BPA
[2m2026-08-02T16:56:18.698554Z[0m [32m INFO[0m [2mhardy_cspcl::runtime[0m[2m:[0m Dispatched inbound CSP bundle from 1:35 to BPA
[2m2026-08-02T16:56:18.805230Z[0m [32m INFO[0m [2mhardy_cspcl::runtime[0m[2m:[0m Dispatched inbound CSP bundle from 1:35 to BPA
[2m2026-08-02T16:56:18.806062Z[0m [32m INFO[0m [2mhardy_cspcl::runtime[0m[2m:[0m Dispatched inbound CSP bundle from 1:35 to BPA
[2m2026-08-02T16:56:19.357226Z[0m [32m INFO[0m [2mhardy_cspcl::runtime[0m[2m:[0m Dispatched inbound CSP bundle from 1:35 to BPA
[2m2026-08-02T16:56:19.558618Z[0m [32m INFO[0m [2mhardy_cspcl::runtime[0m[2m:[0m Dispatched inbound CSP bundle from 1:35 to BPA
[2m2026-08-02T16:56:19.960651Z[0m [32m INFO[0m [2mhardy_cspcl::runtime[0m[2m:[0m Dispatched inbound CSP bundle from 1:35 to BPA
[2m2026-08-02T16:56:20.261691Z[0m [32m INFO[0m [2mhardy_cspcl::runtime[0m[2m:[0m Dispatched inbound CSP bundle from 1:35 to BPA
[2m2026-08-02T16:56:20.563326Z[0m [32m INFO[0m [2mhardy_cspcl::runtime[0m[2m:[0m Dispatched inbound CSP bundle from 1:35 to BPA
[2m2026-08-02T16:56:20.864428Z[0m [32m INFO[0m [2mhardy_cspcl::runtime[0m[2m:[0m Dispatched inbound CSP bundle from 1:35 to BPA
[2m2026-08-02T16:56:21.489302Z[0m [32m INFO[0m [2mhardy_cspcl::runtime[0m[2m:[0m Dispatched inbound CSP bundle from 1:35 to BPA
[2m2026-08-02T16:56:21.489658Z[0m [32m INFO[0m [2mhardy_cspcl::runtime[0m[2m:[0m Dispatched inbound CSP bundle from 1:35 to BPA
[2m2026-08-02T16:56:21.796885Z[0m [32m INFO[0m [2mhardy_cspcl::runtime[0m[2m:[0m Dispatched inbound CSP bundle from 1:35 to BPA
[2m2026-08-02T16:56:21.898770Z[0m [32m INFO[0m [2mhardy_cspcl::runtime[0m[2m:[0m Dispatched inbound CSP bundle from 1:35 to BPA
[2m2026-08-02T16:56:22.401062Z[0m [32m INFO[0m [2mhardy_cspcl::runtime[0m[2m:[0m Dispatched inbound CSP bundle from 1:35 to BPA
[2m2026-08-02T16:56:22.702813Z[0m [32m INFO[0m [2mhardy_cspcl::runtime[0m[2m:[0m Dispatched inbound CSP bundle from 1:35 to BPA
[2m2026-08-02T16:56:22.704302Z[0m [32m INFO[0m [2mhardy_cspcl::runtime[0m[2m:[0m Dispatched inbound CSP bundle from 1:35 to BPA
[2m2026-08-02T16:56:23.015279Z[0m [32m INFO[0m [2mhardy_cspcl::runtime[0m[2m:[0m Dispatched inbound CSP bundle from 1:35 to BPA
[2m2026-08-02T16:56:23.317059Z[0m [32m INFO[0m [2mhardy_cspcl::runtime[0m[2m:[0m Dispatched inbound CSP bundle from 1:35 to BPA
[2m2026-08-02T16:56:23.618311Z[0m [32m INFO[0m [2mhardy_cspcl::runtime[0m[2m:[0m Dispatched inbound CSP bundle from 1:35 to BPA
[2m2026-08-02T16:56:24.543064Z[0m [32m INFO[0m [2mhardy_cspcl::runtime[0m[2m:[0m Dispatched inbound CSP bundle from 1:35 to BPA
[2m2026-08-02T16:56:24.543479Z[0m [32m INFO[0m [2mhardy_cspcl::runtime[0m[2m:[0m Dispatched inbound CSP bundle from 1:35 to BPA
[2m2026-08-02T16:56:24.850465Z[0m [32m INFO[0m [2mhardy_cspcl::runtime[0m[2m:[0m Dispatched inbound CSP bundle from 1:35 to BPA
[2m2026-08-02T16:56:24.851353Z[0m [32m INFO[0m [2mhardy_cspcl::runtime[0m[2m:[0m Dispatched inbound CSP bundle from 1:35 to BPA
[2m2026-08-02T16:56:25.252639Z[0m [32m INFO[0m [2mhardy_cspcl::runtime[0m[2m:[0m Dispatched inbound CSP bundle from 1:35 to BPA
[2m2026-08-02T16:56:25.453243Z[0m [32m INFO[0m [2mhardy_cspcl::runtime[0m[2m:[0m Dispatched inbound CSP bundle from 1:35 to BPA
[2m2026-08-02T16:56:26.056423Z[0m [32m INFO[0m [2mhardy_cspcl::runtime[0m[2m:[0m Dispatched inbound CSP bundle from 1:35 to BPA
[2m2026-08-02T16:56:26.057796Z[0m [32m INFO[0m [2mhardy_cspcl::runtime[0m[2m:[0m Dispatched inbound CSP bundle from 1:35 to BPA
[2m2026-08-02T16:56:26.458330Z[0m [32m INFO[0m [2mhardy_cspcl::runtime[0m[2m:[0m Dispatched inbound CSP bundle from 1:35 to BPA
[2m2026-08-02T16:56:26.659194Z[0m [32m INFO[0m [2mhardy_cspcl::runtime[0m[2m:[0m Dispatched inbound CSP bundle from 1:35 to BPA
[2m2026-08-02T16:56:27.591560Z[0m [32m INFO[0m [2mhardy_cspcl::runtime[0m[2m:[0m Dispatched inbound CSP bundle from 1:35 to BPA
[2m2026-08-02T16:56:27.591807Z[0m [32m INFO[0m [2mhardy_cspcl::runtime[0m[2m:[0m Dispatched inbound CSP bundle from 1:35 to BPA
[2m2026-08-02T16:56:27.698179Z[0m [32m INFO[0m [2mhardy_cspcl::runtime[0m[2m:[0m Dispatched inbound CSP bundle from 1:35 to BPA
[2m2026-08-02T16:56:27.899873Z[0m [32m INFO[0m [2mhardy_cspcl::runtime[0m[2m:[0m Dispatched inbound CSP bundle from 1:35 to BPA
[2m2026-08-02T16:56:28.313052Z[0m [32m INFO[0m [2mhardy_cspcl::runtime[0m[2m:[0m Dispatched inbound CSP bundle from 1:35 to BPA
[2m2026-08-02T16:56:28.514744Z[0m [32m INFO[0m [2mhardy_cspcl::runtime[0m[2m:[0m Dispatched inbound CSP bundle from 1:35 to BPA
[2m2026-08-02T16:56:28.916853Z[0m [32m INFO[0m [2mhardy_cspcl::runtime[0m[2m:[0m Dispatched inbound CSP bundle from 1:35 to BPA
[2m2026-08-02T16:56:29.218622Z[0m [32m INFO[0m [2mhardy_cspcl::runtime[0m[2m:[0m Dispatched inbound CSP bundle from 1:35 to BPA
[2m2026-08-02T16:56:29.219850Z[0m [32m INFO[0m [2mhardy_cspcl::runtime[0m[2m:[0m Dispatched inbound CSP bundle from 1:35 to BPA
[2m2026-08-02T16:56:29.521043Z[0m [32m INFO[0m [2mhardy_cspcl::runtime[0m[2m:[0m Dispatched inbound CSP bundle from 1:35 to BPA
[2m2026-08-02T16:56:30.451770Z[0m [32m INFO[0m [2mhardy_cspcl::runtime[0m[2m:[0m Dispatched inbound CSP bundle from 1:35 to BPA
[2m2026-08-02T16:56:30.452129Z[0m [32m INFO[0m [2mhardy_cspcl::runtime[0m[2m:[0m Dispatched inbound CSP bundle from 1:35 to BPA
[2m2026-08-02T16:56:30.758513Z[0m [32m INFO[0m [2mhardy_cspcl::runtime[0m[2m:[0m Dispatched inbound CSP bundle from 1:35 to BPA
[2m2026-08-02T16:56:30.759555Z[0m [32m INFO[0m [2mhardy_cspcl::runtime[0m[2m:[0m Dispatched inbound CSP bundle from 1:35 to BPA
[2m2026-08-02T16:56:31.161102Z[0m [32m INFO[0m [2mhardy_cspcl::runtime[0m[2m:[0m Dispatched inbound CSP bundle from 1:35 to BPA
[2m2026-08-02T16:56:31.361817Z[0m [32m INFO[0m [2mhardy_cspcl::runtime[0m[2m:[0m Dispatched inbound CSP bundle from 1:35 to BPA
[2m2026-08-02T16:56:31.963773Z[0m [32m INFO[0m [2mhardy_cspcl::runtime[0m[2m:[0m Dispatched inbound CSP bundle from 1:35 to BPA
[2m2026-08-02T16:56:32.064598Z[0m [32m INFO[0m [2mhardy_cspcl::runtime[0m[2m:[0m Dispatched inbound CSP bundle from 1:35 to BPA
[2m2026-08-02T16:56:32.567728Z[0m [32m INFO[0m [2mhardy_cspcl::runtime[0m[2m:[0m Dispatched inbound CSP bundle from 1:35 to BPA
[2m2026-08-02T16:56:32.568383Z[0m [32m INFO[0m [2mhardy_cspcl::runtime[0m[2m:[0m Dispatched inbound CSP bundle from 1:35 to BPA
[2m2026-08-02T16:56:33.496755Z[0m [32m INFO[0m [2mhardy_cspcl::runtime[0m[2m:[0m Dispatched inbound CSP bundle from 1:35 to BPA
[2m2026-08-02T16:56:33.497136Z[0m [32m INFO[0m [2mhardy_cspcl::runtime[0m[2m:[0m Dispatched inbound CSP bundle from 1:35 to BPA
[2m2026-08-02T16:56:33.604000Z[0m [32m INFO[0m [2mhardy_cspcl::runtime[0m[2m:[0m Dispatched inbound CSP bundle from 1:35 to BPA
[2m2026-08-02T16:56:33.805659Z[0m [32m INFO[0m [2mhardy_cspcl::runtime[0m[2m:[0m Dispatched inbound CSP bundle from 1:35 to BPA
[2m2026-08-02T16:56:34.208201Z[0m [32m INFO[0m [2mhardy_cspcl::runtime[0m[2m:[0m Dispatched inbound CSP bundle from 1:35 to BPA
[2m2026-08-02T16:56:34.209144Z[0m [32m INFO[0m [2mhardy_cspcl::runtime[0m[2m:[0m Dispatched inbound CSP bundle from 1:35 to BPA
[2m2026-08-02T16:56:34.813098Z[0m [32m INFO[0m [2mhardy_cspcl::runtime[0m[2m:[0m Dispatched inbound CSP bundle from 1:35 to BPA
[2m2026-08-02T16:56:34.813962Z[0m [32m INFO[0m [2mhardy_cspcl::runtime[0m[2m:[0m Dispatched inbound CSP bundle from 1:35 to BPA
[2m2026-08-02T16:56:35.417298Z[0m [32m INFO[0m [2mhardy_cspcl::runtime[0m[2m:[0m Dispatched inbound CSP bundle from 1:35 to BPA
[2m2026-08-02T16:56:35.618595Z[0m [32m INFO[0m [2mhardy_cspcl::runtime[0m[2m:[0m Dispatched inbound CSP bundle from 1:35 to BPA
[2m2026-08-02T16:56:36.341444Z[0m [32m INFO[0m [2mhardy_cspcl::runtime[0m[2m:[0m Dispatched inbound CSP bundle from 1:35 to BPA
[2m2026-08-02T16:56:36.341728Z[0m [32m INFO[0m [2mhardy_cspcl::runtime[0m[2m:[0m Dispatched inbound CSP bundle from 1:35 to BPA
[2m2026-08-02T16:56:36.649302Z[0m [32m INFO[0m [2mhardy_cspcl::runtime[0m[2m:[0m Dispatched inbound CSP bundle from 1:35 to BPA
[2m2026-08-02T16:56:36.750535Z[0m [32m INFO[0m [2mhardy_cspcl::runtime[0m[2m:[0m Dispatched inbound CSP bundle from 1:35 to BPA
[2m2026-08-02T16:56:37.251809Z[0m [32m INFO[0m [2mhardy_cspcl::runtime[0m[2m:[0m Dispatched inbound CSP bundle from 1:35 to BPA
[2m2026-08-02T16:56:37.252153Z[0m [32m INFO[0m [2mhardy_cspcl::runtime[0m[2m:[0m Dispatched inbound CSP bundle from 1:35 to BPA
[2m2026-08-02T16:56:37.553825Z[0m [32m INFO[0m [2mhardy_cspcl::runtime[0m[2m:[0m Dispatched inbound CSP bundle from 1:35 to BPA
[2m2026-08-02T16:56:37.855336Z[0m [32m INFO[0m [2mhardy_cspcl::runtime[0m[2m:[0m Dispatched inbound CSP bundle from 1:35 to BPA
[2m2026-08-02T16:56:38.156103Z[0m [32m INFO[0m [2mhardy_cspcl::runtime[0m[2m:[0m Dispatched inbound CSP bundle from 1:35 to BPA
[2m2026-08-02T16:56:38.456839Z[0m [32m INFO[0m [2mhardy_cspcl::runtime[0m[2m:[0m Dispatched inbound CSP bundle from 1:35 to BPA
[2m2026-08-02T16:56:39.379334Z[0m [32m INFO[0m [2mhardy_cspcl::runtime[0m[2m:[0m Dispatched inbound CSP bundle from 1:35 to BPA
[2m2026-08-02T16:56:39.379904Z[0m [32m INFO[0m [2mhardy_cspcl::runtime[0m[2m:[0m Dispatched inbound CSP bundle from 1:35 to BPA
[2m2026-08-02T16:56:39.687113Z[0m [32m INFO[0m [2mhardy_cspcl::runtime[0m[2m:[0m Dispatched inbound CSP bundle from 1:35 to BPA
[2m2026-08-02T16:56:39.688391Z[0m [32m INFO[0m [2mhardy_cspcl::runtime[0m[2m:[0m Dispatched inbound CSP bundle from 1:35 to BPA
[2m2026-08-02T16:56:40.089815Z[0m [32m INFO[0m [2mhardy_cspcl::runtime[0m[2m:[0m Dispatched inbound CSP bundle from 1:35 to BPA
[2m2026-08-02T16:56:40.290630Z[0m [32m INFO[0m [2mhardy_cspcl::runtime[0m[2m:[0m Dispatched inbound CSP bundle from 1:35 to BPA
[2m2026-08-02T16:56:40.693016Z[0m [32m INFO[0m [2mhardy_cspcl::runtime[0m[2m:[0m Dispatched inbound CSP bundle from 1:35 to BPA
[2m2026-08-02T16:56:40.893370Z[0m [32m INFO[0m [2mhardy_cspcl::runtime[0m[2m:[0m Dispatched inbound CSP bundle from 1:35 to BPA
[2m2026-08-02T16:56:41.194965Z[0m [32m INFO[0m [2mhardy_cspcl::runtime[0m[2m:[0m Dispatched inbound CSP bundle from 1:35 to BPA
[2m2026-08-02T16:56:41.497169Z[0m [32m INFO[0m [2mhardy_cspcl::runtime[0m[2m:[0m Dispatched inbound CSP bundle from 1:35 to BPA
[2m2026-08-02T16:56:42.416303Z[0m [32m INFO[0m [2mhardy_cspcl::runtime[0m[2m:[0m Dispatched inbound CSP bundle from 1:35 to BPA
[2m2026-08-02T16:56:42.416793Z[0m [32m INFO[0m [2mhardy_cspcl::runtime[0m[2m:[0m Dispatched inbound CSP bundle from 1:35 to BPA
[2m2026-08-02T16:56:42.523101Z[0m [32m INFO[0m [2mhardy_cspcl::runtime[0m[2m:[0m Dispatched inbound CSP bundle from 1:35 to BPA
[2m2026-08-02T16:56:42.824943Z[0m [32m INFO[0m [2mhardy_cspcl::runtime[0m[2m:[0m Dispatched inbound CSP bundle from 1:35 to BPA
[2m2026-08-02T16:56:43.137382Z[0m [32m INFO[0m [2mhardy_cspcl::runtime[0m[2m:[0m Dispatched inbound CSP bundle from 1:35 to BPA
[2m2026-08-02T16:56:43.439142Z[0m [32m INFO[0m [2mhardy_cspcl::runtime[0m[2m:[0m Dispatched inbound CSP bundle from 1:35 to BPA
[2m2026-08-02T16:56:43.741378Z[0m [32m INFO[0m [2mhardy_cspcl::runtime[0m[2m:[0m Dispatched inbound CSP bundle from 1:35 to BPA
[2m2026-08-02T16:56:43.943338Z[0m [32m INFO[0m [2mhardy_cspcl::runtime[0m[2m:[0m Dispatched inbound CSP bundle from 1:35 to BPA
[2m2026-08-02T16:56:44.245034Z[0m [32m INFO[0m [2mhardy_cspcl::runtime[0m[2m:[0m Dispatched inbound CSP bundle from 1:35 to BPA
[2m2026-08-02T16:56:44.345258Z[0m [32m INFO[0m [2mhardy_cspcl::runtime[0m[2m:[0m Dispatched inbound CSP bundle from 1:35 to BPA
[2m2026-08-02T16:56:45.271004Z[0m [32m INFO[0m [2mhardy_cspcl::runtime[0m[2m:[0m Dispatched inbound CSP bundle from 1:35 to BPA
[2m2026-08-02T16:56:45.271576Z[0m [32m INFO[0m [2mhardy_cspcl::runtime[0m[2m:[0m Dispatched inbound CSP bundle from 1:35 to BPA
[2m2026-08-02T16:56:45.477305Z[0m [32m INFO[0m [2mhardy_cspcl::runtime[0m[2m:[0m Dispatched inbound CSP bundle from 1:35 to BPA
[2m2026-08-02T16:56:45.778481Z[0m [32m INFO[0m [2mhardy_cspcl::runtime[0m[2m:[0m Dispatched inbound CSP bundle from 1:35 to BPA
[2m2026-08-02T16:56:46.380688Z[0m [32m INFO[0m [2mhardy_cspcl::runtime[0m[2m:[0m Dispatched inbound CSP bundle from 1:35 to BPA
[2m2026-08-02T16:56:46.381088Z[0m [32m INFO[0m [2mhardy_cspcl::runtime[0m[2m:[0m Dispatched inbound CSP bundle from 1:35 to BPA
[2m2026-08-02T16:56:46.381510Z[0m [32m INFO[0m [2mhardy_cspcl::runtime[0m[2m:[0m Dispatched inbound CSP bundle from 1:35 to BPA
[2m2026-08-02T16:56:46.982209Z[0m [32m INFO[0m [2mhardy_cspcl::runtime[0m[2m:[0m Dispatched inbound CSP bundle from 1:35 to BPA
[2m2026-08-02T16:56:46.982780Z[0m [32m INFO[0m [2mhardy_cspcl::runtime[0m[2m:[0m Dispatched inbound CSP bundle from 1:35 to BPA
[2m2026-08-02T16:56:47.583784Z[0m [32m INFO[0m [2mhardy_cspcl::runtime[0m[2m:[0m Dispatched inbound CSP bundle from 1:35 to BPA
[2m2026-08-02T16:56:48.511448Z[0m [32m INFO[0m [2mhardy_cspcl::runtime[0m[2m:[0m Dispatched inbound CSP bundle from 1:35 to BPA
[2m2026-08-02T16:56:48.511845Z[0m [32m INFO[0m [2mhardy_cspcl::runtime[0m[2m:[0m Dispatched inbound CSP bundle from 1:35 to BPA
[2m2026-08-02T16:56:48.617975Z[0m [32m INFO[0m [2mhardy_cspcl::runtime[0m[2m:[0m Dispatched inbound CSP bundle from 1:35 to BPA
[2m2026-08-02T16:56:48.618654Z[0m [32m INFO[0m [2mhardy_cspcl::runtime[0m[2m:[0m Dispatched inbound CSP bundle from 1:35 to BPA
[2m2026-08-02T16:56:49.370890Z[0m [32m INFO[0m [2mhardy_cspcl::runtime[0m[2m:[0m Dispatched inbound CSP bundle from 1:35 to BPA
[2m2026-08-02T16:56:49.371273Z[0m [32m INFO[0m [2mhardy_cspcl::runtime[0m[2m:[0m Dispatched inbound CSP bundle from 1:35 to BPA
[2m2026-08-02T16:56:49.974047Z[0m [32m INFO[0m [2mhardy_cspcl::runtime[0m[2m:[0m Dispatched inbound CSP bundle from 1:35 to BPA
[2m2026-08-02T16:56:49.975545Z[0m [32m INFO[0m [2mhardy_cspcl::runtime[0m[2m:[0m Dispatched inbound CSP bundle from 1:35 to BPA
[2m2026-08-02T16:56:50.075106Z[0m [32m INFO[0m [2mhardy_cspcl::runtime[0m[2m:[0m Dispatched inbound CSP bundle from 1:35 to BPA
[2m2026-08-02T16:56:50.376148Z[0m [32m INFO[0m [2mhardy_cspcl::runtime[0m[2m:[0m Dispatched inbound CSP bundle from 1:35 to BPA
[2m2026-08-02T16:56:51.312530Z[0m [32m INFO[0m [2mhardy_cspcl::runtime[0m[2m:[0m Dispatched inbound CSP bundle from 1:35 to BPA
[2m2026-08-02T16:56:51.312835Z[0m [32m INFO[0m [2mhardy_cspcl::runtime[0m[2m:[0m Dispatched inbound CSP bundle from 1:35 to BPA
[2m2026-08-02T16:56:51.619896Z[0m [32m INFO[0m [2mhardy_cspcl::runtime[0m[2m:[0m Dispatched inbound CSP bundle from 1:35 to BPA
[2m2026-08-02T16:56:51.620326Z[0m [32m INFO[0m [2mhardy_cspcl::runtime[0m[2m:[0m Dispatched inbound CSP bundle from 1:35 to BPA
[2m2026-08-02T16:56:52.222387Z[0m [32m INFO[0m [2mhardy_cspcl::runtime[0m[2m:[0m Dispatched inbound CSP bundle from 1:35 to BPA
[2m2026-08-02T16:56:52.223312Z[0m [32m INFO[0m [2mhardy_cspcl::runtime[0m[2m:[0m Dispatched inbound CSP bundle from 1:35 to BPA
[2m2026-08-02T16:56:52.825008Z[0m [32m INFO[0m [2mhardy_cspcl::runtime[0m[2m:[0m Dispatched inbound CSP bundle from 1:35 to BPA
[2m2026-08-02T16:56:52.825859Z[0m [32m INFO[0m [2mhardy_cspcl::runtime[0m[2m:[0m Dispatched inbound CSP bundle from 1:35 to BPA
[2m2026-08-02T16:56:53.127075Z[0m [32m INFO[0m [2mhardy_cspcl::runtime[0m[2m:[0m Dispatched inbound CSP bundle from 1:35 to BPA
[2m2026-08-02T16:56:53.428376Z[0m [32m INFO[0m [2mhardy_cspcl::runtime[0m[2m:[0m Dispatched inbound CSP bundle from 1:35 to BPA
[2m2026-08-02T16:56:54.356267Z[0m [32m INFO[0m [2mhardy_cspcl::runtime[0m[2m:[0m Dispatched inbound CSP bundle from 1:35 to BPA
[2m2026-08-02T16:56:54.356681Z[0m [32m INFO[0m [2mhardy_cspcl::runtime[0m[2m:[0m Dispatched inbound CSP bundle from 1:35 to BPA
[2m2026-08-02T16:56:54.463478Z[0m [32m INFO[0m [2mhardy_cspcl::runtime[0m[2m:[0m Dispatched inbound CSP bundle from 1:35 to BPA
[2m2026-08-02T16:56:54.765335Z[0m [32m INFO[0m [2mhardy_cspcl::runtime[0m[2m:[0m Dispatched inbound CSP bundle from 1:35 to BPA
[2m2026-08-02T16:56:55.077946Z[0m [32m INFO[0m [2mhardy_cspcl::runtime[0m[2m:[0m Dispatched inbound CSP bundle from 1:35 to BPA
[2m2026-08-02T16:56:55.078963Z[0m [32m INFO[0m [2mhardy_cspcl::runtime[0m[2m:[0m Dispatched inbound CSP bundle from 1:35 to BPA
[2m2026-08-02T16:56:55.693177Z[0m [32m INFO[0m [2mhardy_cspcl::runtime[0m[2m:[0m Dispatched inbound CSP bundle from 1:35 to BPA
[2m2026-08-02T16:56:55.994432Z[0m [32m INFO[0m [2mhardy_cspcl::runtime[0m[2m:[0m Dispatched inbound CSP bundle from 1:35 to BPA
[2m2026-08-02T16:56:55.995245Z[0m [32m INFO[0m [2mhardy_cspcl::runtime[0m[2m:[0m Dispatched inbound CSP bundle from 1:35 to BPA
[2m2026-08-02T16:56:56.497920Z[0m [32m INFO[0m [2mhardy_cspcl::runtime[0m[2m:[0m Dispatched inbound CSP bundle from 1:35 to BPA
[2m2026-08-02T16:56:57.224508Z[0m [32m INFO[0m [2mhardy_cspcl::runtime[0m[2m:[0m Dispatched inbound CSP bundle from 1:35 to BPA
[2m2026-08-02T16:56:57.224908Z[0m [32m INFO[0m [2mhardy_cspcl::runtime[0m[2m:[0m Dispatched inbound CSP bundle from 1:35 to BPA
[2m2026-08-02T16:56:57.431954Z[0m [32m INFO[0m [2mhardy_cspcl::runtime[0m[2m:[0m Dispatched inbound CSP bundle from 1:35 to BPA
[2m2026-08-02T16:56:57.432638Z[0m [32m INFO[0m [2mhardy_cspcl::runtime[0m[2m:[0m Dispatched inbound CSP bundle from 1:35 to BPA
[2m2026-08-02T16:56:58.035998Z[0m [32m INFO[0m [2mhardy_cspcl::runtime[0m[2m:[0m Dispatched inbound CSP bundle from 1:35 to BPA
[2m2026-08-02T16:56:58.037211Z[0m [32m INFO[0m [2mhardy_cspcl::runtime[0m[2m:[0m Dispatched inbound CSP bundle from 1:35 to BPA
[2m2026-08-02T16:56:58.338676Z[0m [32m INFO[0m [2mhardy_cspcl::runtime[0m[2m:[0m Dispatched inbound CSP bundle from 1:35 to BPA
[2m2026-08-02T16:56:58.941095Z[0m [32m INFO[0m [2mhardy_cspcl::runtime[0m[2m:[0m Dispatched inbound CSP bundle from 1:35 to BPA
[2m2026-08-02T16:56:59.544327Z[0m [32m INFO[0m [2mhardy_cspcl::runtime[0m[2m:[0m Dispatched inbound CSP bundle from 1:35 to BPA
[2m2026-08-02T16:56:59.554244Z[0m [32m INFO[0m [2mhardy_cspcl::runtime[0m[2m:[0m Dispatched inbound CSP bundle from 1:35 to BPA
[2m2026-08-02T16:57:00.175956Z[0m [32m INFO[0m [2mhardy_cspcl::runtime[0m[2m:[0m Dispatched inbound CSP bundle from 1:35 to BPA
[2m2026-08-02T16:57:00.176532Z[0m [32m INFO[0m [2mhardy_cspcl::runtime[0m[2m:[0m Dispatched inbound CSP bundle from 1:35 to BPA
[2m2026-08-02T16:57:00.483264Z[0m [32m INFO[0m [2mhardy_cspcl::runtime[0m[2m:[0m Dispatched inbound CSP bundle from 1:35 to BPA
[2m2026-08-02T16:57:00.484424Z[0m [32m INFO[0m [2mhardy_cspcl::runtime[0m[2m:[0m Dispatched inbound CSP bundle from 1:35 to BPA
[2m2026-08-02T16:57:00.885516Z[0m [32m INFO[0m [2mhardy_cspcl::runtime[0m[2m:[0m Dispatched inbound CSP bundle from 1:35 to BPA
[2m2026-08-02T16:57:01.186850Z[0m [32m INFO[0m [2mhardy_cspcl::runtime[0m[2m:[0m Dispatched inbound CSP bundle from 1:35 to BPA
[2m2026-08-02T16:57:01.488524Z[0m [32m INFO[0m [2mhardy_cspcl::runtime[0m[2m:[0m Dispatched inbound CSP bundle from 1:35 to BPA
[2m2026-08-02T16:57:01.689567Z[0m [32m INFO[0m [2mhardy_cspcl::runtime[0m[2m:[0m Dispatched inbound CSP bundle from 1:35 to BPA
[2m2026-08-02T16:57:01.991298Z[0m [32m INFO[0m [2mhardy_cspcl::runtime[0m[2m:[0m Dispatched inbound CSP bundle from 1:35 to BPA
[2m2026-08-02T16:57:02.303625Z[0m [32m INFO[0m [2mhardy_cspcl::runtime[0m[2m:[0m Dispatched inbound CSP bundle from 1:35 to BPA
[2m2026-08-02T16:57:03.231394Z[0m [32m INFO[0m [2mhardy_cspcl::runtime[0m[2m:[0m Dispatched inbound CSP bundle from 1:35 to BPA
[2m2026-08-02T16:57:03.231850Z[0m [32m INFO[0m [2mhardy_cspcl::runtime[0m[2m:[0m Dispatched inbound CSP bundle from 1:35 to BPA
[2m2026-08-02T16:57:03.539254Z[0m [32m INFO[0m [2mhardy_cspcl::runtime[0m[2m:[0m Dispatched inbound CSP bundle from 1:35 to BPA
[2m2026-08-02T16:57:03.540275Z[0m [32m INFO[0m [2mhardy_cspcl::runtime[0m[2m:[0m Dispatched inbound CSP bundle from 1:35 to BPA
[2m2026-08-02T16:57:04.141460Z[0m [32m INFO[0m [2mhardy_cspcl::runtime[0m[2m:[0m Dispatched inbound CSP bundle from 1:35 to BPA
[2m2026-08-02T16:57:04.142409Z[0m [32m INFO[0m [2mhardy_cspcl::runtime[0m[2m:[0m Dispatched inbound CSP bundle from 1:35 to BPA
[2m2026-08-02T16:57:04.744818Z[0m [32m INFO[0m [2mhardy_cspcl::runtime[0m[2m:[0m Dispatched inbound CSP bundle from 1:35 to BPA
[2m2026-08-02T16:57:04.745797Z[0m [32m INFO[0m [2mhardy_cspcl::runtime[0m[2m:[0m Dispatched inbound CSP bundle from 1:35 to BPA
[2m2026-08-02T16:57:05.348332Z[0m [32m INFO[0m [2mhardy_cspcl::runtime[0m[2m:[0m Dispatched inbound CSP bundle from 1:35 to BPA
[2m2026-08-02T16:57:05.349585Z[0m [32m INFO[0m [2mhardy_cspcl::runtime[0m[2m:[0m Dispatched inbound CSP bundle from 1:35 to BPA
[2m2026-08-02T16:57:06.277769Z[0m [32m INFO[0m [2mhardy_cspcl::runtime[0m[2m:[0m Dispatched inbound CSP bundle from 1:35 to BPA
[2m2026-08-02T16:57:06.278267Z[0m [32m INFO[0m [2mhardy_cspcl::runtime[0m[2m:[0m Dispatched inbound CSP bundle from 1:35 to BPA
[2m2026-08-02T16:57:06.379912Z[0m [32m INFO[0m [2mhardy_cspcl::runtime[0m[2m:[0m Dispatched inbound CSP bundle from 1:35 to BPA
[2m2026-08-02T16:57:06.581443Z[0m [32m INFO[0m [2mhardy_cspcl::runtime[0m[2m:[0m Dispatched inbound CSP bundle from 1:35 to BPA
[2m2026-08-02T16:57:06.983642Z[0m [32m INFO[0m [2mhardy_cspcl::runtime[0m[2m:[0m Dispatched inbound CSP bundle from 1:35 to BPA
[2m2026-08-02T16:57:06.984618Z[0m [32m INFO[0m [2mhardy_cspcl::runtime[0m[2m:[0m Dispatched inbound CSP bundle from 1:35 to BPA
[2m2026-08-02T16:57:07.587691Z[0m [32m INFO[0m [2mhardy_cspcl::runtime[0m[2m:[0m Dispatched inbound CSP bundle from 1:35 to BPA
[2m2026-08-02T16:57:07.588922Z[0m [32m INFO[0m [2mhardy_cspcl::runtime[0m[2m:[0m Dispatched inbound CSP bundle from 1:35 to BPA
[2m2026-08-02T16:57:08.091360Z[0m [32m INFO[0m [2mhardy_cspcl::runtime[0m[2m:[0m Dispatched inbound CSP bundle from 1:35 to BPA
[2m2026-08-02T16:57:08.191677Z[0m [32m INFO[0m [2mhardy_cspcl::runtime[0m[2m:[0m Dispatched inbound CSP bundle from 1:35 to BPA
[2m2026-08-02T16:57:09.121278Z[0m [32m INFO[0m [2mhardy_cspcl::runtime[0m[2m:[0m Dispatched inbound CSP bundle from 1:35 to BPA
[2m2026-08-02T16:57:09.121704Z[0m [32m INFO[0m [2mhardy_cspcl::runtime[0m[2m:[0m Dispatched inbound CSP bundle from 1:35 to BPA
[2m2026-08-02T16:57:09.327916Z[0m [32m INFO[0m [2mhardy_cspcl::runtime[0m[2m:[0m Dispatched inbound CSP bundle from 1:35 to BPA
[2m2026-08-02T16:57:09.629264Z[0m [32m INFO[0m [2mhardy_cspcl::runtime[0m[2m:[0m Dispatched inbound CSP bundle from 1:35 to BPA
[2m2026-08-02T16:57:09.941757Z[0m [32m INFO[0m [2mhardy_cspcl::runtime[0m[2m:[0m Dispatched inbound CSP bundle from 1:35 to BPA
[2m2026-08-02T16:57:10.243231Z[0m [32m INFO[0m [2mhardy_cspcl::runtime[0m[2m:[0m Dispatched inbound CSP bundle from 1:35 to BPA
[2m2026-08-02T16:57:10.244251Z[0m [32m INFO[0m [2mhardy_cspcl::runtime[0m[2m:[0m Dispatched inbound CSP bundle from 1:35 to BPA
[2m2026-08-02T16:57:10.545692Z[0m [32m INFO[0m [2mhardy_cspcl::runtime[0m[2m:[0m Dispatched inbound CSP bundle from 1:35 to BPA
[2m2026-08-02T16:57:11.159279Z[0m [32m INFO[0m [2mhardy_cspcl::runtime[0m[2m:[0m Dispatched inbound CSP bundle from 1:35 to BPA
[2m2026-08-02T16:57:11.460495Z[0m [32m INFO[0m [2mhardy_cspcl::runtime[0m[2m:[0m Dispatched inbound CSP bundle from 1:35 to BPA
[2m2026-08-02T16:57:12.084587Z[0m [32m INFO[0m [2mhardy_cspcl::runtime[0m[2m:[0m Dispatched inbound CSP bundle from 1:35 to BPA
[2m2026-08-02T16:57:12.085099Z[0m [32m INFO[0m [2mhardy_cspcl::runtime[0m[2m:[0m Dispatched inbound CSP bundle from 1:35 to BPA
[2m2026-08-02T16:57:12.391086Z[0m [32m INFO[0m [2mhardy_cspcl::runtime[0m[2m:[0m Dispatched inbound CSP bundle from 1:35 to BPA
[2m2026-08-02T16:57:12.391703Z[0m [32m INFO[0m [2mhardy_cspcl::runtime[0m[2m:[0m Dispatched inbound CSP bundle from 1:35 to BPA
[2m2026-08-02T16:57:12.994799Z[0m [32m INFO[0m [2mhardy_cspcl::runtime[0m[2m:[0m Dispatched inbound CSP bundle from 1:35 to BPA
[2m2026-08-02T16:57:13.296490Z[0m [32m INFO[0m [2mhardy_cspcl::runtime[0m[2m:[0m Dispatched inbound CSP bundle from 1:35 to BPA
[2m2026-08-02T16:57:13.297142Z[0m [32m INFO[0m [2mhardy_cspcl::runtime[0m[2m:[0m Dispatched inbound CSP bundle from 1:35 to BPA
[2m2026-08-02T16:57:13.609030Z[0m [32m INFO[0m [2mhardy_cspcl::runtime[0m[2m:[0m Dispatched inbound CSP bundle from 1:35 to BPA
[2m2026-08-02T16:57:13.910117Z[0m [32m INFO[0m [2mhardy_cspcl::runtime[0m[2m:[0m Dispatched inbound CSP bundle from 1:35 to BPA
[2m2026-08-02T16:57:14.222323Z[0m [32m INFO[0m [2mhardy_cspcl::runtime[0m[2m:[0m Dispatched inbound CSP bundle from 1:35 to BPA
[2m2026-08-02T16:57:15.145620Z[0m [32m INFO[0m [2mhardy_cspcl::runtime[0m[2m:[0m Dispatched inbound CSP bundle from 1:35 to BPA
[2m2026-08-02T16:57:15.145979Z[0m [32m INFO[0m [2mhardy_cspcl::runtime[0m[2m:[0m Dispatched inbound CSP bundle from 1:35 to BPA
[2m2026-08-02T16:57:15.452833Z[0m [32m INFO[0m [2mhardy_cspcl::runtime[0m[2m:[0m Dispatched inbound CSP bundle from 1:35 to BPA
[2m2026-08-02T16:57:15.453434Z[0m [32m INFO[0m [2mhardy_cspcl::runtime[0m[2m:[0m Dispatched inbound CSP bundle from 1:35 to BPA
[2m2026-08-02T16:57:16.054937Z[0m [32m INFO[0m [2mhardy_cspcl::runtime[0m[2m:[0m Dispatched inbound CSP bundle from 1:35 to BPA
[2m2026-08-02T16:57:16.055897Z[0m [32m INFO[0m [2mhardy_cspcl::runtime[0m[2m:[0m Dispatched inbound CSP bundle from 1:35 to BPA
[2m2026-08-02T16:57:16.657800Z[0m [32m INFO[0m [2mhardy_cspcl::runtime[0m[2m:[0m Dispatched inbound CSP bundle from 1:35 to BPA
[2m2026-08-02T16:57:16.658698Z[0m [32m INFO[0m [2mhardy_cspcl::runtime[0m[2m:[0m Dispatched inbound CSP bundle from 1:35 to BPA
[2m2026-08-02T16:57:17.261051Z[0m [32m INFO[0m [2mhardy_cspcl::runtime[0m[2m:[0m Dispatched inbound CSP bundle from 1:35 to BPA
[2m2026-08-02T16:57:17.262321Z[0m [32m INFO[0m [2mhardy_cspcl::runtime[0m[2m:[0m Dispatched inbound CSP bundle from 1:35 to BPA
[2m2026-08-02T16:57:18.189697Z[0m [32m INFO[0m [2mhardy_cspcl::runtime[0m[2m:[0m Dispatched inbound CSP bundle from 1:35 to BPA
[2m2026-08-02T16:57:18.190003Z[0m [32m INFO[0m [2mhardy_cspcl::runtime[0m[2m:[0m Dispatched inbound CSP bundle from 1:35 to BPA
[2m2026-08-02T16:57:18.295621Z[0m [32m INFO[0m [2mhardy_cspcl::runtime[0m[2m:[0m Dispatched inbound CSP bundle from 1:35 to BPA
[2m2026-08-02T16:57:18.295985Z[0m [32m INFO[0m [2mhardy_cspcl::runtime[0m[2m:[0m Dispatched inbound CSP bundle from 1:35 to BPA
[2m2026-08-02T16:57:18.849160Z[0m [32m INFO[0m [2mhardy_cspcl::runtime[0m[2m:[0m Dispatched inbound CSP bundle from 1:35 to BPA
[2m2026-08-02T16:57:19.050923Z[0m [32m INFO[0m [2mhardy_cspcl::runtime[0m[2m:[0m Dispatched inbound CSP bundle from 1:35 to BPA
[2m2026-08-02T16:57:19.352767Z[0m [32m INFO[0m [2mhardy_cspcl::runtime[0m[2m:[0m Dispatched inbound CSP bundle from 1:35 to BPA
[2m2026-08-02T16:57:19.654405Z[0m [32m INFO[0m [2mhardy_cspcl::runtime[0m[2m:[0m Dispatched inbound CSP bundle from 1:35 to BPA
[2m2026-08-02T16:57:20.056488Z[0m [32m INFO[0m [2mhardy_cspcl::runtime[0m[2m:[0m Dispatched inbound CSP bundle from 1:35 to BPA
[2m2026-08-02T16:57:20.257752Z[0m [32m INFO[0m [2mhardy_cspcl::runtime[0m[2m:[0m Dispatched inbound CSP bundle from 1:35 to BPA
[2m2026-08-02T16:57:20.984298Z[0m [32m INFO[0m [2mhardy_cspcl::runtime[0m[2m:[0m Dispatched inbound CSP bundle from 1:35 to BPA
[2m2026-08-02T16:57:20.984602Z[0m [32m INFO[0m [2mhardy_cspcl::runtime[0m[2m:[0m Dispatched inbound CSP bundle from 1:35 to BPA
[2m2026-08-02T16:57:21.291604Z[0m [32m INFO[0m [2mhardy_cspcl::runtime[0m[2m:[0m Dispatched inbound CSP bundle from 1:35 to BPA
[2m2026-08-02T16:57:21.292142Z[0m [32m INFO[0m [2mhardy_cspcl::runtime[0m[2m:[0m Dispatched inbound CSP bundle from 1:35 to BPA
[2m2026-08-02T16:57:21.895204Z[0m [32m INFO[0m [2mhardy_cspcl::runtime[0m[2m:[0m Dispatched inbound CSP bundle from 1:35 to BPA
[2m2026-08-02T16:57:22.196034Z[0m [32m INFO[0m [2mhardy_cspcl::runtime[0m[2m:[0m Dispatched inbound CSP bundle from 1:35 to BPA
[2m2026-08-02T16:57:22.196661Z[0m [32m INFO[0m [2mhardy_cspcl::runtime[0m[2m:[0m Dispatched inbound CSP bundle from 1:35 to BPA
[2m2026-08-02T16:57:22.497965Z[0m [32m INFO[0m [2mhardy_cspcl::runtime[0m[2m:[0m Dispatched inbound CSP bundle from 1:35 to BPA
[2m2026-08-02T16:57:22.798822Z[0m [32m INFO[0m [2mhardy_cspcl::runtime[0m[2m:[0m Dispatched inbound CSP bundle from 1:35 to BPA
[2m2026-08-02T16:57:23.111777Z[0m [32m INFO[0m [2mhardy_cspcl::runtime[0m[2m:[0m Dispatched inbound CSP bundle from 1:35 to BPA
[2m2026-08-02T16:57:24.039271Z[0m [32m INFO[0m [2mhardy_cspcl::runtime[0m[2m:[0m Dispatched inbound CSP bundle from 1:35 to BPA
[2m2026-08-02T16:57:24.039839Z[0m [32m INFO[0m [2mhardy_cspcl::runtime[0m[2m:[0m Dispatched inbound CSP bundle from 1:35 to BPA
[2m2026-08-02T16:57:24.346792Z[0m [32m INFO[0m [2mhardy_cspcl::runtime[0m[2m:[0m Dispatched inbound CSP bundle from 1:35 to BPA
[2m2026-08-02T16:57:24.348345Z[0m [32m INFO[0m [2mhardy_cspcl::runtime[0m[2m:[0m Dispatched inbound CSP bundle from 1:35 to BPA
[2m2026-08-02T16:57:24.748945Z[0m [32m INFO[0m [2mhardy_cspcl::runtime[0m[2m:[0m Dispatched inbound CSP bundle from 1:35 to BPA
[2m2026-08-02T16:57:24.950500Z[0m [32m INFO[0m [2mhardy_cspcl::runtime[0m[2m:[0m Dispatched inbound CSP bundle from 1:35 to BPA
[2m2026-08-02T16:57:25.553649Z[0m [32m INFO[0m [2mhardy_cspcl::runtime[0m[2m:[0m Dispatched inbound CSP bundle from 1:35 to BPA
[2m2026-08-02T16:57:25.654629Z[0m [32m INFO[0m [2mhardy_cspcl::runtime[0m[2m:[0m Dispatched inbound CSP bundle from 1:35 to BPA
[2m2026-08-02T16:57:26.157652Z[0m [32m INFO[0m [2mhardy_cspcl::runtime[0m[2m:[0m Dispatched inbound CSP bundle from 1:35 to BPA
[2m2026-08-02T16:57:26.158814Z[0m [32m INFO[0m [2mhardy_cspcl::runtime[0m[2m:[0m Dispatched inbound CSP bundle from 1:35 to BPA
[2m2026-08-02T16:57:26.784775Z[0m [32m INFO[0m [2mhardy_cspcl::runtime[0m[2m:[0m Dispatched inbound CSP bundle from 1:35 to BPA
[2m2026-08-02T16:57:27.086272Z[0m [32m INFO[0m [2mhardy_cspcl::runtime[0m[2m:[0m Dispatched inbound CSP bundle from 1:35 to BPA
[2m2026-08-02T16:57:27.087250Z[0m [32m INFO[0m [2mhardy_cspcl::runtime[0m[2m:[0m Dispatched inbound CSP bundle from 1:35 to BPA
[2m2026-08-02T16:57:27.388130Z[0m [32m INFO[0m [2mhardy_cspcl::runtime[0m[2m:[0m Dispatched inbound CSP bundle from 1:35 to BPA
[2m2026-08-02T16:57:27.990440Z[0m [32m INFO[0m [2mhardy_cspcl::runtime[0m[2m:[0m Dispatched inbound CSP bundle from 1:35 to BPA
[2m2026-08-02T16:57:27.991735Z[0m [32m INFO[0m [2mhardy_cspcl::runtime[0m[2m:[0m Dispatched inbound CSP bundle from 1:35 to BPA
[2m2026-08-02T16:57:28.292598Z[0m [32m INFO[0m [2mhardy_cspcl::runtime[0m[2m:[0m Dispatched inbound CSP bundle from 1:35 to BPA
[2m2026-08-02T16:57:28.593877Z[0m [32m INFO[0m [2mhardy_cspcl::runtime[0m[2m:[0m Dispatched inbound CSP bundle from 1:35 to BPA
[2m2026-08-02T16:57:28.694882Z[0m [32m INFO[0m [2mhardy_cspcl::runtime[0m[2m:[0m Dispatched inbound CSP bundle from 1:35 to BPA
[2m2026-08-02T16:57:29.196093Z[0m [32m INFO[0m [2mhardy_cspcl::runtime[0m[2m:[0m Dispatched inbound CSP bundle from 1:35 to BPA
[2m2026-08-02T16:57:30.122918Z[0m [32m INFO[0m [2mhardy_cspcl::runtime[0m[2m:[0m Dispatched inbound CSP bundle from 1:35 to BPA
[2m2026-08-02T16:57:30.123169Z[0m [32m INFO[0m [2mhardy_cspcl::runtime[0m[2m:[0m Dispatched inbound CSP bundle from 1:35 to BPA
[2m2026-08-02T16:57:30.229721Z[0m [32m INFO[0m [2mhardy_cspcl::runtime[0m[2m:[0m Dispatched inbound CSP bundle from 1:35 to BPA
[2m2026-08-02T16:57:30.431616Z[0m [32m INFO[0m [2mhardy_cspcl::runtime[0m[2m:[0m Dispatched inbound CSP bundle from 1:35 to BPA
[2m2026-08-02T16:57:30.744386Z[0m [32m INFO[0m [2mhardy_cspcl::runtime[0m[2m:[0m Dispatched inbound CSP bundle from 1:35 to BPA
[2m2026-08-02T16:57:30.844835Z[0m [32m INFO[0m [2mhardy_cspcl::runtime[0m[2m:[0m Dispatched inbound CSP bundle from 1:35 to BPA
[2m2026-08-02T16:57:31.358688Z[0m [32m INFO[0m [2mhardy_cspcl::runtime[0m[2m:[0m Dispatched inbound CSP bundle from 1:35 to BPA
[2m2026-08-02T16:57:31.459820Z[0m [32m INFO[0m [2mhardy_cspcl::runtime[0m[2m:[0m Dispatched inbound CSP bundle from 1:35 to BPA
[2m2026-08-02T16:57:31.761297Z[0m [32m INFO[0m [2mhardy_cspcl::runtime[0m[2m:[0m Dispatched inbound CSP bundle from 1:35 to BPA
[2m2026-08-02T16:57:32.062249Z[0m [32m INFO[0m [2mhardy_cspcl::runtime[0m[2m:[0m Dispatched inbound CSP bundle from 1:35 to BPA
[2m2026-08-02T16:57:32.993815Z[0m [32m INFO[0m [2mhardy_cspcl::runtime[0m[2m:[0m Dispatched inbound CSP bundle from 1:35 to BPA
[2m2026-08-02T16:57:32.994308Z[0m [32m INFO[0m [2mhardy_cspcl::runtime[0m[2m:[0m Dispatched inbound CSP bundle from 1:35 to BPA
[2m2026-08-02T16:57:33.300735Z[0m [32m INFO[0m [2mhardy_cspcl::runtime[0m[2m:[0m Dispatched inbound CSP bundle from 1:35 to BPA
[2m2026-08-02T16:57:33.301300Z[0m [32m INFO[0m [2mhardy_cspcl::runtime[0m[2m:[0m Dispatched inbound CSP bundle from 1:35 to BPA
[2m2026-08-02T16:57:33.902627Z[0m [32m INFO[0m [2mhardy_cspcl::runtime[0m[2m:[0m Dispatched inbound CSP bundle from 1:35 to BPA
[2m2026-08-02T16:57:33.903349Z[0m [32m INFO[0m [2mhardy_cspcl::runtime[0m[2m:[0m Dispatched inbound CSP bundle from 1:35 to BPA
[2m2026-08-02T16:57:34.504983Z[0m [32m INFO[0m [2mhardy_cspcl::runtime[0m[2m:[0m Dispatched inbound CSP bundle from 1:35 to BPA
[2m2026-08-02T16:57:34.506348Z[0m [32m INFO[0m [2mhardy_cspcl::runtime[0m[2m:[0m Dispatched inbound CSP bundle from 1:35 to BPA
[2m2026-08-02T16:57:35.107936Z[0m [32m INFO[0m [2mhardy_cspcl::runtime[0m[2m:[0m Dispatched inbound CSP bundle from 1:35 to BPA
[2m2026-08-02T16:57:35.109257Z[0m [32m INFO[0m [2mhardy_cspcl::runtime[0m[2m:[0m Dispatched inbound CSP bundle from 1:35 to BPA
[2m2026-08-02T16:57:36.036369Z[0m [32m INFO[0m [2mhardy_cspcl::runtime[0m[2m:[0m Dispatched inbound CSP bundle from 1:35 to BPA
[2m2026-08-02T16:57:36.036727Z[0m [32m INFO[0m [2mhardy_cspcl::runtime[0m[2m:[0m Dispatched inbound CSP bundle from 1:35 to BPA
[2m2026-08-02T16:57:36.141973Z[0m [32m INFO[0m [2mhardy_cspcl::runtime[0m[2m:[0m Dispatched inbound CSP bundle from 1:35 to BPA
[2m2026-08-02T16:57:36.342887Z[0m [32m INFO[0m [2mhardy_cspcl::runtime[0m[2m:[0m Dispatched inbound CSP bundle from 1:35 to BPA
[2m2026-08-02T16:57:36.756106Z[0m [32m INFO[0m [2mhardy_cspcl::runtime[0m[2m:[0m Dispatched inbound CSP bundle from 1:35 to BPA
[2m2026-08-02T16:57:36.957370Z[0m [32m INFO[0m [2mhardy_cspcl::runtime[0m[2m:[0m Dispatched inbound CSP bundle from 1:35 to BPA
[2m2026-08-02T16:57:37.358978Z[0m [32m INFO[0m [2mhardy_cspcl::runtime[0m[2m:[0m Dispatched inbound CSP bundle from 1:35 to BPA
[2m2026-08-02T16:57:37.360143Z[0m [32m INFO[0m [2mhardy_cspcl::runtime[0m[2m:[0m Dispatched inbound CSP bundle from 1:35 to BPA
[2m2026-08-02T16:57:37.661407Z[0m [32m INFO[0m [2mhardy_cspcl::runtime[0m[2m:[0m Dispatched inbound CSP bundle from 1:35 to BPA
[2m2026-08-02T16:57:37.962497Z[0m [32m INFO[0m [2mhardy_cspcl::runtime[0m[2m:[0m Dispatched inbound CSP bundle from 1:35 to BPA
[2m2026-08-02T16:57:38.889651Z[0m [32m INFO[0m [2mhardy_cspcl::runtime[0m[2m:[0m Dispatched inbound CSP bundle from 1:35 to BPA
[2m2026-08-02T16:57:38.890180Z[0m [32m INFO[0m [2mhardy_cspcl::runtime[0m[2m:[0m Dispatched inbound CSP bundle from 1:35 to BPA
[2m2026-08-02T16:57:39.197125Z[0m [32m INFO[0m [2mhardy_cspcl::runtime[0m[2m:[0m Dispatched inbound CSP bundle from 1:35 to BPA
[2m2026-08-02T16:57:39.297768Z[0m [32m INFO[0m [2mhardy_cspcl::runtime[0m[2m:[0m Dispatched inbound CSP bundle from 1:35 to BPA
[2m2026-08-02T16:57:39.799967Z[0m [32m INFO[0m [2mhardy_cspcl::runtime[0m[2m:[0m Dispatched inbound CSP bundle from 1:35 to BPA
[2m2026-08-02T16:57:39.801156Z[0m [32m INFO[0m [2mhardy_cspcl::runtime[0m[2m:[0m Dispatched inbound CSP bundle from 1:35 to BPA
[2m2026-08-02T16:57:40.102217Z[0m [32m INFO[0m [2mhardy_cspcl::runtime[0m[2m:[0m Dispatched inbound CSP bundle from 1:35 to BPA
[2m2026-08-02T16:57:40.504102Z[0m [32m INFO[0m [2mhardy_cspcl::runtime[0m[2m:[0m Dispatched inbound CSP bundle from 1:35 to BPA
[2m2026-08-02T16:57:41.006089Z[0m [32m INFO[0m [2mhardy_cspcl::runtime[0m[2m:[0m Dispatched inbound CSP bundle from 1:35 to BPA
[2m2026-08-02T16:57:41.006894Z[0m [32m INFO[0m [2mhardy_cspcl::runtime[0m[2m:[0m Dispatched inbound CSP bundle from 1:35 to BPA
[2m2026-08-02T16:57:41.730491Z[0m [32m INFO[0m [2mhardy_cspcl::runtime[0m[2m:[0m Dispatched inbound CSP bundle from 1:35 to BPA
[2m2026-08-02T16:57:41.730796Z[0m [32m INFO[0m [2mhardy_cspcl::runtime[0m[2m:[0m Dispatched inbound CSP bundle from 1:35 to BPA
[2m2026-08-02T16:57:42.137642Z[0m [32m INFO[0m [2mhardy_cspcl::runtime[0m[2m:[0m Dispatched inbound CSP bundle from 1:35 to BPA
[2m2026-08-02T16:57:42.138307Z[0m [32m INFO[0m [2mhardy_cspcl::runtime[0m[2m:[0m Dispatched inbound CSP bundle from 1:35 to BPA
[2m2026-08-02T16:57:42.439715Z[0m [32m INFO[0m [2mhardy_cspcl::runtime[0m[2m:[0m Dispatched inbound CSP bundle from 1:35 to BPA
[2m2026-08-02T16:57:42.741098Z[0m [32m INFO[0m [2mhardy_cspcl::runtime[0m[2m:[0m Dispatched inbound CSP bundle from 1:35 to BPA
[2m2026-08-02T16:57:43.043342Z[0m [32m INFO[0m [2mhardy_cspcl::runtime[0m[2m:[0m Dispatched inbound CSP bundle from 1:35 to BPA
[2m2026-08-02T16:57:43.344879Z[0m [32m INFO[0m [2mhardy_cspcl::runtime[0m[2m:[0m Dispatched inbound CSP bundle from 1:35 to BPA
[2m2026-08-02T16:57:43.647370Z[0m [32m INFO[0m [2mhardy_cspcl::runtime[0m[2m:[0m Dispatched inbound CSP bundle from 1:35 to BPA
[2m2026-08-02T16:57:43.949712Z[0m [32m INFO[0m [2mhardy_cspcl::runtime[0m[2m:[0m Dispatched inbound CSP bundle from 1:35 to BPA
[2m2026-08-02T16:57:44.889338Z[0m [32m INFO[0m [2mhardy_cspcl::runtime[0m[2m:[0m Dispatched inbound CSP bundle from 1:35 to BPA
[2m2026-08-02T16:57:44.889811Z[0m [32m INFO[0m [2mhardy_cspcl::runtime[0m[2m:[0m Dispatched inbound CSP bundle from 1:35 to BPA
[2m2026-08-02T16:57:44.996422Z[0m [32m INFO[0m [2mhardy_cspcl::runtime[0m[2m:[0m Dispatched inbound CSP bundle from 1:35 to BPA
[2m2026-08-02T16:57:45.298194Z[0m [32m INFO[0m [2mhardy_cspcl::runtime[0m[2m:[0m Dispatched inbound CSP bundle from 1:35 to BPA
[2m2026-08-02T16:57:45.610110Z[0m [32m INFO[0m [2mhardy_cspcl::runtime[0m[2m:[0m Dispatched inbound CSP bundle from 1:35 to BPA
[2m2026-08-02T16:57:45.911575Z[0m [32m INFO[0m [2mhardy_cspcl::runtime[0m[2m:[0m Dispatched inbound CSP bundle from 1:35 to BPA
[2m2026-08-02T16:57:46.223006Z[0m [32m INFO[0m [2mhardy_cspcl::runtime[0m[2m:[0m Dispatched inbound CSP bundle from 1:35 to BPA
[2m2026-08-02T16:57:46.524732Z[0m [32m INFO[0m [2mhardy_cspcl::runtime[0m[2m:[0m Dispatched inbound CSP bundle from 1:35 to BPA
[2m2026-08-02T16:57:46.526159Z[0m [32m INFO[0m [2mhardy_cspcl::runtime[0m[2m:[0m Dispatched inbound CSP bundle from 1:35 to BPA
[2m2026-08-02T16:57:46.837311Z[0m [32m INFO[0m [2mhardy_cspcl::runtime[0m[2m:[0m Dispatched inbound CSP bundle from 1:35 to BPA
[2m2026-08-02T16:57:47.765783Z[0m [32m INFO[0m [2mhardy_cspcl::runtime[0m[2m:[0m Dispatched inbound CSP bundle from 1:35 to BPA
[2m2026-08-02T16:57:47.766139Z[0m [32m INFO[0m [2mhardy_cspcl::runtime[0m[2m:[0m Dispatched inbound CSP bundle from 1:35 to BPA
[2m2026-08-02T16:57:48.073122Z[0m [32m INFO[0m [2mhardy_cspcl::runtime[0m[2m:[0m Dispatched inbound CSP bundle from 1:35 to BPA
[2m2026-08-02T16:57:48.173941Z[0m [32m INFO[0m [2mhardy_cspcl::runtime[0m[2m:[0m Dispatched inbound CSP bundle from 1:35 to BPA
[2m2026-08-02T16:57:48.675791Z[0m [32m INFO[0m [2mhardy_cspcl::runtime[0m[2m:[0m Dispatched inbound CSP bundle from 1:35 to BPA
[2m2026-08-02T16:57:48.676571Z[0m [32m INFO[0m [2mhardy_cspcl::runtime[0m[2m:[0m Dispatched inbound CSP bundle from 1:35 to BPA
[2m2026-08-02T16:57:48.977911Z[0m [32m INFO[0m [2mhardy_cspcl::runtime[0m[2m:[0m Dispatched inbound CSP bundle from 1:35 to BPA
[2m2026-08-02T16:57:49.279418Z[0m [32m INFO[0m [2mhardy_cspcl::runtime[0m[2m:[0m Dispatched inbound CSP bundle from 1:35 to BPA
[2m2026-08-02T16:57:49.882177Z[0m [32m INFO[0m [2mhardy_cspcl::runtime[0m[2m:[0m Dispatched inbound CSP bundle from 1:35 to BPA
[2m2026-08-02T16:57:49.984006Z[0m [32m INFO[0m [2mhardy_cspcl::runtime[0m[2m:[0m Dispatched inbound CSP bundle from 1:35 to BPA
[2m2026-08-02T16:57:50.816082Z[0m [32m INFO[0m [2mhardy_cspcl::runtime[0m[2m:[0m Dispatched inbound CSP bundle from 1:35 to BPA
[2m2026-08-02T16:57:50.816440Z[0m [32m INFO[0m [2mhardy_cspcl::runtime[0m[2m:[0m Dispatched inbound CSP bundle from 1:35 to BPA
[2m2026-08-02T16:57:50.921477Z[0m [32m INFO[0m [2mhardy_cspcl::runtime[0m[2m:[0m Dispatched inbound CSP bundle from 1:35 to BPA
[2m2026-08-02T16:57:51.122780Z[0m [32m INFO[0m [2mhardy_cspcl::runtime[0m[2m:[0m Dispatched inbound CSP bundle from 1:35 to BPA
[2m2026-08-02T16:57:51.525260Z[0m [32m INFO[0m [2mhardy_cspcl::runtime[0m[2m:[0m Dispatched inbound CSP bundle from 1:35 to BPA
[2m2026-08-02T16:57:51.827273Z[0m [32m INFO[0m [2mhardy_cspcl::runtime[0m[2m:[0m Dispatched inbound CSP bundle from 1:35 to BPA
[2m2026-08-02T16:57:52.140116Z[0m [32m INFO[0m [2mhardy_cspcl::runtime[0m[2m:[0m Dispatched inbound CSP bundle from 1:35 to BPA
[2m2026-08-02T16:57:52.140936Z[0m [32m INFO[0m [2mhardy_cspcl::runtime[0m[2m:[0m Dispatched inbound CSP bundle from 1:35 to BPA
[2m2026-08-02T16:57:52.743251Z[0m [32m INFO[0m [2mhardy_cspcl::runtime[0m[2m:[0m Dispatched inbound CSP bundle from 1:35 to BPA
[2m2026-08-02T16:57:52.744338Z[0m [32m INFO[0m [2mhardy_cspcl::runtime[0m[2m:[0m Dispatched inbound CSP bundle from 1:35 to BPA
[2m2026-08-02T16:57:53.679036Z[0m [32m INFO[0m [2mhardy_cspcl::runtime[0m[2m:[0m Dispatched inbound CSP bundle from 1:35 to BPA
[2m2026-08-02T16:57:53.679556Z[0m [32m INFO[0m [2mhardy_cspcl::runtime[0m[2m:[0m Dispatched inbound CSP bundle from 1:35 to BPA
[2m2026-08-02T16:57:53.986439Z[0m [32m INFO[0m [2mhardy_cspcl::runtime[0m[2m:[0m Dispatched inbound CSP bundle from 1:35 to BPA
[2m2026-08-02T16:57:53.987212Z[0m [32m INFO[0m [2mhardy_cspcl::runtime[0m[2m:[0m Dispatched inbound CSP bundle from 1:35 to BPA
[2m2026-08-02T16:57:54.589356Z[0m [32m INFO[0m [2mhardy_cspcl::runtime[0m[2m:[0m Dispatched inbound CSP bundle from 1:35 to BPA
[2m2026-08-02T16:57:54.590099Z[0m [32m INFO[0m [2mhardy_cspcl::runtime[0m[2m:[0m Dispatched inbound CSP bundle from 1:35 to BPA
[2m2026-08-02T16:57:54.891408Z[0m [32m INFO[0m [2mhardy_cspcl::runtime[0m[2m:[0m Dispatched inbound CSP bundle from 1:35 to BPA
[2m2026-08-02T16:57:55.192542Z[0m [32m INFO[0m [2mhardy_cspcl::runtime[0m[2m:[0m Dispatched inbound CSP bundle from 1:35 to BPA
[2m2026-08-02T16:57:55.493368Z[0m [32m INFO[0m [2mhardy_cspcl::runtime[0m[2m:[0m Dispatched inbound CSP bundle from 1:35 to BPA
[2m2026-08-02T16:57:55.795701Z[0m [32m INFO[0m [2mhardy_cspcl::runtime[0m[2m:[0m Dispatched inbound CSP bundle from 1:35 to BPA
[2m2026-08-02T16:57:56.727196Z[0m [32m INFO[0m [2mhardy_cspcl::runtime[0m[2m:[0m Dispatched inbound CSP bundle from 1:35 to BPA
[2m2026-08-02T16:57:56.727571Z[0m [32m INFO[0m [2mhardy_cspcl::runtime[0m[2m:[0m Dispatched inbound CSP bundle from 1:35 to BPA
[2m2026-08-02T16:57:57.034460Z[0m [32m INFO[0m [2mhardy_cspcl::runtime[0m[2m:[0m Dispatched inbound CSP bundle from 1:35 to BPA
[2m2026-08-02T16:57:57.035810Z[0m [32m INFO[0m [2mhardy_cspcl::runtime[0m[2m:[0m Dispatched inbound CSP bundle from 1:35 to BPA
[2m2026-08-02T16:57:57.636639Z[0m [32m INFO[0m [2mhardy_cspcl::runtime[0m[2m:[0m Dispatched inbound CSP bundle from 1:35 to BPA
[2m2026-08-02T16:57:57.637390Z[0m [32m INFO[0m [2mhardy_cspcl::runtime[0m[2m:[0m Dispatched inbound CSP bundle from 1:35 to BPA
[2m2026-08-02T16:57:58.238902Z[0m [32m INFO[0m [2mhardy_cspcl::runtime[0m[2m:[0m Dispatched inbound CSP bundle from 1:35 to BPA
[2m2026-08-02T16:57:58.540939Z[0m [32m INFO[0m [2mhardy_cspcl::runtime[0m[2m:[0m Dispatched inbound CSP bundle from 1:35 to BPA
[2m2026-08-02T16:57:58.542133Z[0m [32m INFO[0m [2mhardy_cspcl::runtime[0m[2m:[0m Dispatched inbound CSP bundle from 1:35 to BPA
[2m2026-08-02T16:57:58.844259Z[0m [32m INFO[0m [2mhardy_cspcl::runtime[0m[2m:[0m Dispatched inbound CSP bundle from 1:35 to BPA
[2m2026-08-02T16:57:59.574314Z[0m [32m INFO[0m [2mhardy_cspcl::runtime[0m[2m:[0m Dispatched inbound CSP bundle from 1:35 to BPA
[2m2026-08-02T16:57:59.574753Z[0m [32m INFO[0m [2mhardy_cspcl::runtime[0m[2m:[0m Dispatched inbound CSP bundle from 1:35 to BPA
[2m2026-08-02T16:57:59.680689Z[0m [32m INFO[0m [2mhardy_cspcl::runtime[0m[2m:[0m Dispatched inbound CSP bundle from 1:35 to BPA
[2m2026-08-02T16:57:59.681847Z[0m [32m INFO[0m [2mhardy_cspcl::runtime[0m[2m:[0m Dispatched inbound CSP bundle from 1:35 to BPA
[2m2026-08-02T16:58:00.285680Z[0m [32m INFO[0m [2mhardy_cspcl::runtime[0m[2m:[0m Dispatched inbound CSP bundle from 1:35 to BPA
[2m2026-08-02T16:58:00.597775Z[0m [32m INFO[0m [2mhardy_cspcl::runtime[0m[2m:[0m Dispatched inbound CSP bundle from 1:35 to BPA
[2m2026-08-02T16:58:00.898408Z[0m [32m INFO[0m [2mhardy_cspcl::runtime[0m[2m:[0m Dispatched inbound CSP bundle from 1:35 to BPA
[2m2026-08-02T16:58:01.200258Z[0m [32m INFO[0m [2mhardy_cspcl::runtime[0m[2m:[0m Dispatched inbound CSP bundle from 1:35 to BPA
[2m2026-08-02T16:58:01.501450Z[0m [32m INFO[0m [2mhardy_cspcl::runtime[0m[2m:[0m Dispatched inbound CSP bundle from 1:35 to BPA
[2m2026-08-02T16:58:01.802851Z[0m [32m INFO[0m [2mhardy_cspcl::runtime[0m[2m:[0m Dispatched inbound CSP bundle from 1:35 to BPA
[2m2026-08-02T16:58:02.735987Z[0m [32m INFO[0m [2mhardy_cspcl::runtime[0m[2m:[0m Dispatched inbound CSP bundle from 1:35 to BPA
[2m2026-08-02T16:58:02.736320Z[0m [32m INFO[0m [2mhardy_cspcl::runtime[0m[2m:[0m Dispatched inbound CSP bundle from 1:35 to BPA
[2m2026-08-02T16:58:02.842928Z[0m [32m INFO[0m [2mhardy_cspcl::runtime[0m[2m:[0m Dispatched inbound CSP bundle from 1:35 to BPA
[2m2026-08-02T16:58:03.144766Z[0m [32m INFO[0m [2mhardy_cspcl::runtime[0m[2m:[0m Dispatched inbound CSP bundle from 1:35 to BPA
[2m2026-08-02T16:58:03.457578Z[0m [32m INFO[0m [2mhardy_cspcl::runtime[0m[2m:[0m Dispatched inbound CSP bundle from 1:35 to BPA
[2m2026-08-02T16:58:03.458188Z[0m [32m INFO[0m [2mhardy_cspcl::runtime[0m[2m:[0m Dispatched inbound CSP bundle from 1:35 to BPA
[2m2026-08-02T16:58:03.960501Z[0m [32m INFO[0m [2mhardy_cspcl::runtime[0m[2m:[0m Dispatched inbound CSP bundle from 1:35 to BPA
[2m2026-08-02T16:58:04.061563Z[0m [32m INFO[0m [2mhardy_cspcl::runtime[0m[2m:[0m Dispatched inbound CSP bundle from 1:35 to BPA
[2m2026-08-02T16:58:04.563493Z[0m [32m INFO[0m [2mhardy_cspcl::runtime[0m[2m:[0m Dispatched inbound CSP bundle from 1:35 to BPA
[2m2026-08-02T16:58:04.663551Z[0m [32m INFO[0m [2mhardy_cspcl::runtime[0m[2m:[0m Dispatched inbound CSP bundle from 1:35 to BPA
[2m2026-08-02T16:58:05.593002Z[0m [32m INFO[0m [2mhardy_cspcl::runtime[0m[2m:[0m Dispatched inbound CSP bundle from 1:35 to BPA
[2m2026-08-02T16:58:05.593422Z[0m [32m INFO[0m [2mhardy_cspcl::runtime[0m[2m:[0m Dispatched inbound CSP bundle from 1:35 to BPA
[2m2026-08-02T16:58:05.894186Z[0m [32m INFO[0m [2mhardy_cspcl::runtime[0m[2m:[0m Dispatched inbound CSP bundle from 1:35 to BPA
[2m2026-08-02T16:58:05.894892Z[0m [32m INFO[0m [2mhardy_cspcl::runtime[0m[2m:[0m Dispatched inbound CSP bundle from 1:35 to BPA
[2m2026-08-02T16:58:06.497262Z[0m [32m INFO[0m [2mhardy_cspcl::runtime[0m[2m:[0m Dispatched inbound CSP bundle from 1:35 to BPA
[2m2026-08-02T16:58:06.498213Z[0m [32m INFO[0m [2mhardy_cspcl::runtime[0m[2m:[0m Dispatched inbound CSP bundle from 1:35 to BPA
[2m2026-08-02T16:58:06.799657Z[0m [32m INFO[0m [2mhardy_cspcl::runtime[0m[2m:[0m Dispatched inbound CSP bundle from 1:35 to BPA
[2m2026-08-02T16:58:07.101317Z[0m [32m INFO[0m [2mhardy_cspcl::runtime[0m[2m:[0m Dispatched inbound CSP bundle from 1:35 to BPA
[2m2026-08-02T16:58:07.402164Z[0m [32m INFO[0m [2mhardy_cspcl::runtime[0m[2m:[0m Dispatched inbound CSP bundle from 1:35 to BPA
[2m2026-08-02T16:58:07.703559Z[0m [32m INFO[0m [2mhardy_cspcl::runtime[0m[2m:[0m Dispatched inbound CSP bundle from 1:35 to BPA
[2m2026-08-02T16:58:08.626567Z[0m [32m INFO[0m [2mhardy_cspcl::runtime[0m[2m:[0m Dispatched inbound CSP bundle from 1:35 to BPA
[2m2026-08-02T16:58:08.627019Z[0m [32m INFO[0m [2mhardy_cspcl::runtime[0m[2m:[0m Dispatched inbound CSP bundle from 1:35 to BPA
[2m2026-08-02T16:58:08.933908Z[0m [32m INFO[0m [2mhardy_cspcl::runtime[0m[2m:[0m Dispatched inbound CSP bundle from 1:35 to BPA
[2m2026-08-02T16:58:08.934390Z[0m [32m INFO[0m [2mhardy_cspcl::runtime[0m[2m:[0m Dispatched inbound CSP bundle from 1:35 to BPA
[2m2026-08-02T16:58:09.536319Z[0m [32m INFO[0m [2mhardy_cspcl::runtime[0m[2m:[0m Dispatched inbound CSP bundle from 1:35 to BPA
[2m2026-08-02T16:58:09.537314Z[0m [32m INFO[0m [2mhardy_cspcl::runtime[0m[2m:[0m Dispatched inbound CSP bundle from 1:35 to BPA
[2m2026-08-02T16:58:10.138844Z[0m [32m INFO[0m [2mhardy_cspcl::runtime[0m[2m:[0m Dispatched inbound CSP bundle from 1:35 to BPA
[2m2026-08-02T16:58:10.139988Z[0m [32m INFO[0m [2mhardy_cspcl::runtime[0m[2m:[0m Dispatched inbound CSP bundle from 1:35 to BPA
[2m2026-08-02T16:58:10.741659Z[0m [32m INFO[0m [2mhardy_cspcl::runtime[0m[2m:[0m Dispatched inbound CSP bundle from 1:35 to BPA
[2m2026-08-02T16:58:10.742765Z[0m [32m INFO[0m [2mhardy_cspcl::runtime[0m[2m:[0m Dispatched inbound CSP bundle from 1:35 to BPA
[2m2026-08-02T16:58:11.669849Z[0m [32m INFO[0m [2mhardy_cspcl::runtime[0m[2m:[0m Dispatched inbound CSP bundle from 1:35 to BPA
[2m2026-08-02T16:58:11.670158Z[0m [32m INFO[0m [2mhardy_cspcl::runtime[0m[2m:[0m Dispatched inbound CSP bundle from 1:35 to BPA
[2m2026-08-02T16:58:11.776622Z[0m [32m INFO[0m [2mhardy_cspcl::runtime[0m[2m:[0m Dispatched inbound CSP bundle from 1:35 to BPA
[2m2026-08-02T16:58:11.978209Z[0m [32m INFO[0m [2mhardy_cspcl::runtime[0m[2m:[0m Dispatched inbound CSP bundle from 1:35 to BPA
[2m2026-08-02T16:58:12.380474Z[0m [32m INFO[0m [2mhardy_cspcl::runtime[0m[2m:[0m Dispatched inbound CSP bundle from 1:35 to BPA
[2m2026-08-02T16:58:12.381186Z[0m [32m INFO[0m [2mhardy_cspcl::runtime[0m[2m:[0m Dispatched inbound CSP bundle from 1:35 to BPA
[2m2026-08-02T16:58:12.994009Z[0m [32m INFO[0m [2mhardy_cspcl::runtime[0m[2m:[0m Dispatched inbound CSP bundle from 1:35 to BPA
[2m2026-08-02T16:58:12.994561Z[0m [32m INFO[0m [2mhardy_cspcl::runtime[0m[2m:[0m Dispatched inbound CSP bundle from 1:35 to BPA
[2m2026-08-02T16:58:13.496808Z[0m [32m INFO[0m [2mhardy_cspcl::runtime[0m[2m:[0m Dispatched inbound CSP bundle from 1:35 to BPA
[2m2026-08-02T16:58:13.597345Z[0m [32m INFO[0m [2mhardy_cspcl::runtime[0m[2m:[0m Dispatched inbound CSP bundle from 1:35 to BPA
[2m2026-08-02T16:58:14.524738Z[0m [32m INFO[0m [2mhardy_cspcl::runtime[0m[2m:[0m Dispatched inbound CSP bundle from 1:35 to BPA
[2m2026-08-02T16:58:14.525029Z[0m [32m INFO[0m [2mhardy_cspcl::runtime[0m[2m:[0m Dispatched inbound CSP bundle from 1:35 to BPA
[2m2026-08-02T16:58:14.732431Z[0m [32m INFO[0m [2mhardy_cspcl::runtime[0m[2m:[0m Dispatched inbound CSP bundle from 1:35 to BPA
[2m2026-08-02T16:58:15.034296Z[0m [32m INFO[0m [2mhardy_cspcl::runtime[0m[2m:[0m Dispatched inbound CSP bundle from 1:35 to BPA
[2m2026-08-02T16:58:15.336292Z[0m [32m INFO[0m [2mhardy_cspcl::runtime[0m[2m:[0m Dispatched inbound CSP bundle from 1:35 to BPA
[2m2026-08-02T16:58:15.636703Z[0m [32m INFO[0m [2mhardy_cspcl::runtime[0m[2m:[0m Dispatched inbound CSP bundle from 1:35 to BPA
[2m2026-08-02T16:58:15.937354Z[0m [32m INFO[0m [2mhardy_cspcl::runtime[0m[2m:[0m Dispatched inbound CSP bundle from 1:35 to BPA
[2m2026-08-02T16:58:15.937888Z[0m [32m INFO[0m [2mhardy_cspcl::runtime[0m[2m:[0m Dispatched inbound CSP bundle from 1:35 to BPA
[2m2026-08-02T16:58:16.541018Z[0m [32m INFO[0m [2mhardy_cspcl::runtime[0m[2m:[0m Dispatched inbound CSP bundle from 1:35 to BPA
[2m2026-08-02T16:58:16.542097Z[0m [32m INFO[0m [2mhardy_cspcl::runtime[0m[2m:[0m Dispatched inbound CSP bundle from 1:35 to BPA
[2m2026-08-02T16:58:17.775716Z[0m [32m INFO[0m [2mhardy_cspcl::runtime[0m[2m:[0m Dispatched inbound CSP bundle from 1:35 to BPA
[2m2026-08-02T16:58:17.776094Z[0m [32m INFO[0m [2mhardy_cspcl::runtime[0m[2m:[0m Dispatched inbound CSP bundle from 1:35 to BPA
[2m2026-08-02T16:58:17.882502Z[0m [32m INFO[0m [2mhardy_cspcl::runtime[0m[2m:[0m Dispatched inbound CSP bundle from 1:35 to BPA
[2m2026-08-02T16:58:17.883394Z[0m [32m INFO[0m [2mhardy_cspcl::runtime[0m[2m:[0m Dispatched inbound CSP bundle from 1:35 to BPA
[2m2026-08-02T16:58:18.344438Z[0m [32m INFO[0m [2mhardy_cspcl::runtime[0m[2m:[0m Dispatched inbound CSP bundle from 1:35 to BPA
[2m2026-08-02T16:58:18.445325Z[0m [32m INFO[0m [2mhardy_cspcl::runtime[0m[2m:[0m Dispatched inbound CSP bundle from 1:35 to BPA
[2m2026-08-02T16:58:18.958266Z[0m [32m INFO[0m [2mhardy_cspcl::runtime[0m[2m:[0m Dispatched inbound CSP bundle from 1:35 to BPA
[2m2026-08-02T16:58:19.059203Z[0m [32m INFO[0m [2mhardy_cspcl::runtime[0m[2m:[0m Dispatched inbound CSP bundle from 1:35 to BPA
[2m2026-08-02T16:58:19.259992Z[0m [32m INFO[0m [2mhardy_cspcl::runtime[0m[2m:[0m Dispatched inbound CSP bundle from 1:35 to BPA
[2m2026-08-02T16:58:19.561672Z[0m [32m INFO[0m [2mhardy_cspcl::runtime[0m[2m:[0m Dispatched inbound CSP bundle from 1:35 to BPA
[2m2026-08-02T16:58:20.492020Z[0m [32m INFO[0m [2mhardy_cspcl::runtime[0m[2m:[0m Dispatched inbound CSP bundle from 1:35 to BPA
[2m2026-08-02T16:58:20.492508Z[0m [32m INFO[0m [2mhardy_cspcl::runtime[0m[2m:[0m Dispatched inbound CSP bundle from 1:35 to BPA
[2m2026-08-02T16:58:20.798889Z[0m [32m INFO[0m [2mhardy_cspcl::runtime[0m[2m:[0m Dispatched inbound CSP bundle from 1:35 to BPA
[2m2026-08-02T16:58:20.800111Z[0m [32m INFO[0m [2mhardy_cspcl::runtime[0m[2m:[0m Dispatched inbound CSP bundle from 1:35 to BPA
[2m2026-08-02T16:58:21.401410Z[0m [32m INFO[0m [2mhardy_cspcl::runtime[0m[2m:[0m Dispatched inbound CSP bundle from 1:35 to BPA
[2m2026-08-02T16:58:21.402302Z[0m [32m INFO[0m [2mhardy_cspcl::runtime[0m[2m:[0m Dispatched inbound CSP bundle from 1:35 to BPA
[2m2026-08-02T16:58:21.703740Z[0m [32m INFO[0m [2mhardy_cspcl::runtime[0m[2m:[0m Dispatched inbound CSP bundle from 1:35 to BPA
[2m2026-08-02T16:58:22.004743Z[0m [32m INFO[0m [2mhardy_cspcl::runtime[0m[2m:[0m Dispatched inbound CSP bundle from 1:35 to BPA
[2m2026-08-02T16:58:22.606752Z[0m [32m INFO[0m [2mhardy_cspcl::runtime[0m[2m:[0m Dispatched inbound CSP bundle from 1:35 to BPA
[2m2026-08-02T16:58:22.607901Z[0m [32m INFO[0m [2mhardy_cspcl::runtime[0m[2m:[0m Dispatched inbound CSP bundle from 1:35 to BPA
[2m2026-08-02T16:58:23.543110Z[0m [32m INFO[0m [2mhardy_cspcl::runtime[0m[2m:[0m Dispatched inbound CSP bundle from 1:35 to BPA
[2m2026-08-02T16:58:23.543728Z[0m [32m INFO[0m [2mhardy_cspcl::runtime[0m[2m:[0m Dispatched inbound CSP bundle from 1:35 to BPA
[2m2026-08-02T16:58:23.849276Z[0m [32m INFO[0m [2mhardy_cspcl::runtime[0m[2m:[0m Dispatched inbound CSP bundle from 1:35 to BPA
[2m2026-08-02T16:58:23.850390Z[0m [32m INFO[0m [2mhardy_cspcl::runtime[0m[2m:[0m Dispatched inbound CSP bundle from 1:35 to BPA
[2m2026-08-02T16:58:24.461895Z[0m [32m INFO[0m [2mhardy_cspcl::runtime[0m[2m:[0m Dispatched inbound CSP bundle from 1:35 to BPA
[2m2026-08-02T16:58:24.462997Z[0m [32m INFO[0m [2mhardy_cspcl::runtime[0m[2m:[0m Dispatched inbound CSP bundle from 1:35 to BPA
[2m2026-08-02T16:58:25.064396Z[0m [32m INFO[0m [2mhardy_cspcl::runtime[0m[2m:[0m Dispatched inbound CSP bundle from 1:35 to BPA
[2m2026-08-02T16:58:25.064857Z[0m [32m INFO[0m [2mhardy_cspcl::runtime[0m[2m:[0m Dispatched inbound CSP bundle from 1:35 to BPA
[2m2026-08-02T16:58:25.366538Z[0m [32m INFO[0m [2mhardy_cspcl::runtime[0m[2m:[0m Dispatched inbound CSP bundle from 1:35 to BPA
[2m2026-08-02T16:58:25.667999Z[0m [32m INFO[0m [2mhardy_cspcl::runtime[0m[2m:[0m Dispatched inbound CSP bundle from 1:35 to BPA
[2m2026-08-02T16:58:26.602520Z[0m [32m INFO[0m [2mhardy_cspcl::runtime[0m[2m:[0m Dispatched inbound CSP bundle from 1:35 to BPA
[2m2026-08-02T16:58:26.603372Z[0m [32m INFO[0m [2mhardy_cspcl::runtime[0m[2m:[0m Dispatched inbound CSP bundle from 1:35 to BPA
[2m2026-08-02T16:58:26.708265Z[0m [32m INFO[0m [2mhardy_cspcl::runtime[0m[2m:[0m Dispatched inbound CSP bundle from 1:35 to BPA
[2m2026-08-02T16:58:26.708486Z[0m [32m INFO[0m [2mhardy_cspcl::runtime[0m[2m:[0m Dispatched inbound CSP bundle from 1:35 to BPA
[2m2026-08-02T16:58:27.110487Z[0m [32m INFO[0m [2mhardy_cspcl::runtime[0m[2m:[0m Dispatched inbound CSP bundle from 1:35 to BPA
[2m2026-08-02T16:58:27.411776Z[0m [32m INFO[0m [2mhardy_cspcl::runtime[0m[2m:[0m Dispatched inbound CSP bundle from 1:35 to BPA
[2m2026-08-02T16:58:27.713592Z[0m [32m INFO[0m [2mhardy_cspcl::runtime[0m[2m:[0m Dispatched inbound CSP bundle from 1:35 to BPA
[2m2026-08-02T16:58:27.914872Z[0m [32m INFO[0m [2mhardy_cspcl::runtime[0m[2m:[0m Dispatched inbound CSP bundle from 1:35 to BPA
[2m2026-08-02T16:58:28.216649Z[0m [32m INFO[0m [2mhardy_cspcl::runtime[0m[2m:[0m Dispatched inbound CSP bundle from 1:35 to BPA
[2m2026-08-02T16:58:28.528966Z[0m [32m INFO[0m [2mhardy_cspcl::runtime[0m[2m:[0m Dispatched inbound CSP bundle from 1:35 to BPA
[2m2026-08-02T16:58:29.464162Z[0m [32m INFO[0m [2mhardy_cspcl::runtime[0m[2m:[0m Dispatched inbound CSP bundle from 1:35 to BPA
[2m2026-08-02T16:58:29.464522Z[0m [32m INFO[0m [2mhardy_cspcl::runtime[0m[2m:[0m Dispatched inbound CSP bundle from 1:35 to BPA
[2m2026-08-02T16:58:29.771301Z[0m [32m INFO[0m [2mhardy_cspcl::runtime[0m[2m:[0m Dispatched inbound CSP bundle from 1:35 to BPA
[2m2026-08-02T16:58:29.772449Z[0m [32m INFO[0m [2mhardy_cspcl::runtime[0m[2m:[0m Dispatched inbound CSP bundle from 1:35 to BPA
[2m2026-08-02T16:58:30.373990Z[0m [32m INFO[0m [2mhardy_cspcl::runtime[0m[2m:[0m Dispatched inbound CSP bundle from 1:35 to BPA
[2m2026-08-02T16:58:30.375398Z[0m [32m INFO[0m [2mhardy_cspcl::runtime[0m[2m:[0m Dispatched inbound CSP bundle from 1:35 to BPA
[2m2026-08-02T16:58:30.976797Z[0m [32m INFO[0m [2mhardy_cspcl::runtime[0m[2m:[0m Dispatched inbound CSP bundle from 1:35 to BPA
[2m2026-08-02T16:58:30.977390Z[0m [32m INFO[0m [2mhardy_cspcl::runtime[0m[2m:[0m Dispatched inbound CSP bundle from 1:35 to BPA
[2m2026-08-02T16:58:31.380064Z[0m [32m INFO[0m [2mhardy_cspcl::runtime[0m[2m:[0m Dispatched inbound CSP bundle from 1:35 to BPA
[2m2026-08-02T16:58:31.580421Z[0m [32m INFO[0m [2mhardy_cspcl::runtime[0m[2m:[0m Dispatched inbound CSP bundle from 1:35 to BPA
[2m2026-08-02T16:58:32.268648Z[0m [32m INFO[0m [2mhardy_cspcl::runtime[0m[2m:[0m Dispatched inbound CSP bundle from 1:35 to BPA
[2m2026-08-02T16:58:32.597424Z[0m [32m INFO[0m [2mhardy_cspcl::runtime[0m[2m:[0m Dispatched inbound CSP bundle from 1:35 to BPA
[2m2026-08-02T16:58:32.920771Z[0m [32m INFO[0m [2mhardy_cspcl::runtime[0m[2m:[0m Dispatched inbound CSP bundle from 1:35 to BPA
[2m2026-08-02T16:58:33.243744Z[0m [32m INFO[0m [2mhardy_cspcl::runtime[0m[2m:[0m Dispatched inbound CSP bundle from 1:35 to BPA
[2m2026-08-02T16:58:33.569653Z[0m [32m INFO[0m [2mhardy_cspcl::runtime[0m[2m:[0m Dispatched inbound CSP bundle from 1:35 to BPA
[2m2026-08-02T16:58:33.896140Z[0m [32m INFO[0m [2mhardy_cspcl::runtime[0m[2m:[0m Dispatched inbound CSP bundle from 1:35 to BPA
[2m2026-08-02T16:58:34.221511Z[0m [32m INFO[0m [2mhardy_cspcl::runtime[0m[2m:[0m Dispatched inbound CSP bundle from 1:35 to BPA
[2m2026-08-02T16:58:34.541243Z[0m [32m INFO[0m [2mhardy_cspcl::runtime[0m[2m:[0m Dispatched inbound CSP bundle from 1:35 to BPA
[2m2026-08-02T16:58:34.869950Z[0m [32m INFO[0m [2mhardy_cspcl::runtime[0m[2m:[0m Dispatched inbound CSP bundle from 1:35 to BPA
[2m2026-08-02T16:58:35.192540Z[0m [32m INFO[0m [2mhardy_cspcl::runtime[0m[2m:[0m Dispatched inbound CSP bundle from 1:35 to BPA
[2m2026-08-02T16:58:35.518464Z[0m [32m INFO[0m [2mhardy_cspcl::runtime[0m[2m:[0m Dispatched inbound CSP bundle from 1:35 to BPA
[2m2026-08-02T16:58:35.841360Z[0m [32m INFO[0m [2mhardy_cspcl::runtime[0m[2m:[0m Dispatched inbound CSP bundle from 1:35 to BPA
[2m2026-08-02T16:58:36.163429Z[0m [32m INFO[0m [2mhardy_cspcl::runtime[0m[2m:[0m Dispatched inbound CSP bundle from 1:35 to BPA
[2m2026-08-02T16:58:36.481639Z[0m [32m INFO[0m [2mhardy_cspcl::runtime[0m[2m:[0m Dispatched inbound CSP bundle from 1:35 to BPA
[2m2026-08-02T16:58:36.800061Z[0m [32m INFO[0m [2mhardy_cspcl::runtime[0m[2m:[0m Dispatched inbound CSP bundle from 1:35 to BPA
[2m2026-08-02T16:58:37.125754Z[0m [32m INFO[0m [2mhardy_cspcl::runtime[0m[2m:[0m Dispatched inbound CSP bundle from 1:35 to BPA
[2m2026-08-02T16:58:37.446286Z[0m [32m INFO[0m [2mhardy_cspcl::runtime[0m[2m:[0m Dispatched inbound CSP bundle from 1:35 to BPA
[2m2026-08-02T16:58:37.772702Z[0m [32m INFO[0m [2mhardy_cspcl::runtime[0m[2m:[0m Dispatched inbound CSP bundle from 1:35 to BPA
[2m2026-08-02T16:58:38.096842Z[0m [32m INFO[0m [2mhardy_cspcl::runtime[0m[2m:[0m Dispatched inbound CSP bundle from 1:35 to BPA
[2m2026-08-02T16:58:38.422977Z[0m [32m INFO[0m [2mhardy_cspcl::runtime[0m[2m:[0m Dispatched inbound CSP bundle from 1:35 to BPA
[2m2026-08-02T16:58:38.747575Z[0m [32m INFO[0m [2mhardy_cspcl::runtime[0m[2m:[0m Dispatched inbound CSP bundle from 1:35 to BPA
[2m2026-08-02T16:58:39.073941Z[0m [32m INFO[0m [2mhardy_cspcl::runtime[0m[2m:[0m Dispatched inbound CSP bundle from 1:35 to BPA
[2m2026-08-02T16:58:39.400203Z[0m [32m INFO[0m [2mhardy_cspcl::runtime[0m[2m:[0m Dispatched inbound CSP bundle from 1:35 to BPA
[2m2026-08-02T16:58:39.726458Z[0m [32m INFO[0m [2mhardy_cspcl::runtime[0m[2m:[0m Dispatched inbound CSP bundle from 1:35 to BPA
[2m2026-08-02T16:58:40.051608Z[0m [32m INFO[0m [2mhardy_cspcl::runtime[0m[2m:[0m Dispatched inbound CSP bundle from 1:35 to BPA
[2m2026-08-02T16:58:40.374272Z[0m [32m INFO[0m [2mhardy_cspcl::runtime[0m[2m:[0m Dispatched inbound CSP bundle from 1:35 to BPA
[2m2026-08-02T16:58:40.716589Z[0m [32m INFO[0m [2mhardy_cspcl::runtime[0m[2m:[0m Dispatched inbound CSP bundle from 1:35 to BPA
[2m2026-08-02T16:58:41.037605Z[0m [32m INFO[0m [2mhardy_cspcl::runtime[0m[2m:[0m Dispatched inbound CSP bundle from 1:35 to BPA
[2m2026-08-02T16:58:41.362768Z[0m [32m INFO[0m [2mhardy_cspcl::runtime[0m[2m:[0m Dispatched inbound CSP bundle from 1:35 to BPA
[2m2026-08-02T16:58:41.690667Z[0m [32m INFO[0m [2mhardy_cspcl::runtime[0m[2m:[0m Dispatched inbound CSP bundle from 1:35 to BPA
[2m2026-08-02T16:58:42.013898Z[0m [32m INFO[0m [2mhardy_cspcl::runtime[0m[2m:[0m Dispatched inbound CSP bundle from 1:35 to BPA
[2m2026-08-02T16:58:42.342009Z[0m [32m INFO[0m [2mhardy_cspcl::runtime[0m[2m:[0m Dispatched inbound CSP bundle from 1:35 to BPA
[2m2026-08-02T16:58:42.664830Z[0m [32m INFO[0m [2mhardy_cspcl::runtime[0m[2m:[0m Dispatched inbound CSP bundle from 1:35 to BPA
[2m2026-08-02T16:58:42.993625Z[0m [32m INFO[0m [2mhardy_cspcl::runtime[0m[2m:[0m Dispatched inbound CSP bundle from 1:35 to BPA
[2m2026-08-02T16:58:43.313864Z[0m [32m INFO[0m [2mhardy_cspcl::runtime[0m[2m:[0m Dispatched inbound CSP bundle from 1:35 to BPA
[2m2026-08-02T16:58:43.652281Z[0m [32m INFO[0m [2mhardy_cspcl::runtime[0m[2m:[0m Dispatched inbound CSP bundle from 1:35 to BPA
[2m2026-08-02T16:58:43.983558Z[0m [32m INFO[0m [2mhardy_cspcl::runtime[0m[2m:[0m Dispatched inbound CSP bundle from 1:35 to BPA
[2m2026-08-02T16:58:44.302915Z[0m [32m INFO[0m [2mhardy_cspcl::runtime[0m[2m:[0m Dispatched inbound CSP bundle from 1:35 to BPA
[2m2026-08-02T16:58:44.630614Z[0m [32m INFO[0m [2mhardy_cspcl::runtime[0m[2m:[0m Dispatched inbound CSP bundle from 1:35 to BPA
[2m2026-08-02T16:58:44.956418Z[0m [32m INFO[0m [2mhardy_cspcl::runtime[0m[2m:[0m Dispatched inbound CSP bundle from 1:35 to BPA
[2m2026-08-02T16:58:45.283555Z[0m [32m INFO[0m [2mhardy_cspcl::runtime[0m[2m:[0m Dispatched inbound CSP bundle from 1:35 to BPA
[2m2026-08-02T16:58:45.611036Z[0m [32m INFO[0m [2mhardy_cspcl::runtime[0m[2m:[0m Dispatched inbound CSP bundle from 1:35 to BPA
[2m2026-08-02T16:58:45.962299Z[0m [32m INFO[0m [2mhardy_cspcl::runtime[0m[2m:[0m Dispatched inbound CSP bundle from 1:35 to BPA
[2m2026-08-02T16:58:46.293510Z[0m [32m INFO[0m [2mhardy_cspcl::runtime[0m[2m:[0m Dispatched inbound CSP bundle from 1:35 to BPA
[2m2026-08-02T16:58:46.617554Z[0m [32m INFO[0m [2mhardy_cspcl::runtime[0m[2m:[0m Dispatched inbound CSP bundle from 1:35 to BPA
[2m2026-08-02T16:58:46.944538Z[0m [32m INFO[0m [2mhardy_cspcl::runtime[0m[2m:[0m Dispatched inbound CSP bundle from 1:35 to BPA
[2m2026-08-02T16:58:47.268341Z[0m [32m INFO[0m [2mhardy_cspcl::runtime[0m[2m:[0m Dispatched inbound CSP bundle from 1:35 to BPA
[2m2026-08-02T16:58:47.596390Z[0m [32m INFO[0m [2mhardy_cspcl::runtime[0m[2m:[0m Dispatched inbound CSP bundle from 1:35 to BPA
[2m2026-08-02T16:58:47.920825Z[0m [32m INFO[0m [2mhardy_cspcl::runtime[0m[2m:[0m Dispatched inbound CSP bundle from 1:35 to BPA
[2m2026-08-02T16:58:48.241970Z[0m [32m INFO[0m [2mhardy_cspcl::runtime[0m[2m:[0m Dispatched inbound CSP bundle from 1:35 to BPA
[2m2026-08-02T16:58:48.569916Z[0m [32m INFO[0m [2mhardy_cspcl::runtime[0m[2m:[0m Dispatched inbound CSP bundle from 1:35 to BPA
[2m2026-08-02T16:58:48.897859Z[0m [32m INFO[0m [2mhardy_cspcl::runtime[0m[2m:[0m Dispatched inbound CSP bundle from 1:35 to BPA
[2m2026-08-02T16:58:49.222183Z[0m [32m INFO[0m [2mhardy_cspcl::runtime[0m[2m:[0m Dispatched inbound CSP bundle from 1:35 to BPA
[2m2026-08-02T16:58:49.558260Z[0m [32m INFO[0m [2mhardy_cspcl::runtime[0m[2m:[0m Dispatched inbound CSP bundle from 1:35 to BPA
[2m2026-08-02T16:58:49.886796Z[0m [32m INFO[0m [2mhardy_cspcl::runtime[0m[2m:[0m Dispatched inbound CSP bundle from 1:35 to BPA
[2m2026-08-02T16:58:50.211880Z[0m [32m INFO[0m [2mhardy_cspcl::runtime[0m[2m:[0m Dispatched inbound CSP bundle from 1:35 to BPA
[2m2026-08-02T16:58:50.539768Z[0m [32m INFO[0m [2mhardy_cspcl::runtime[0m[2m:[0m Dispatched inbound CSP bundle from 1:35 to BPA
[2m2026-08-02T16:58:50.861120Z[0m [32m INFO[0m [2mhardy_cspcl::runtime[0m[2m:[0m Dispatched inbound CSP bundle from 1:35 to BPA
[2m2026-08-02T16:58:51.190658Z[0m [32m INFO[0m [2mhardy_cspcl::runtime[0m[2m:[0m Dispatched inbound CSP bundle from 1:35 to BPA
[2m2026-08-02T16:58:51.512050Z[0m [32m INFO[0m [2mhardy_cspcl::runtime[0m[2m:[0m Dispatched inbound CSP bundle from 1:35 to BPA
[2m2026-08-02T16:58:51.842641Z[0m [32m INFO[0m [2mhardy_cspcl::runtime[0m[2m:[0m Dispatched inbound CSP bundle from 1:35 to BPA
[2m2026-08-02T16:58:52.167661Z[0m [32m INFO[0m [2mhardy_cspcl::runtime[0m[2m:[0m Dispatched inbound CSP bundle from 1:35 to BPA
[2m2026-08-02T16:58:52.492226Z[0m [32m INFO[0m [2mhardy_cspcl::runtime[0m[2m:[0m Dispatched inbound CSP bundle from 1:35 to BPA
[2m2026-08-02T16:58:52.818562Z[0m [32m INFO[0m [2mhardy_cspcl::runtime[0m[2m:[0m Dispatched inbound CSP bundle from 1:35 to BPA
[2m2026-08-02T16:58:53.145894Z[0m [32m INFO[0m [2mhardy_cspcl::runtime[0m[2m:[0m Dispatched inbound CSP bundle from 1:35 to BPA
[2m2026-08-02T16:58:53.464936Z[0m [32m INFO[0m [2mhardy_cspcl::runtime[0m[2m:[0m Dispatched inbound CSP bundle from 1:35 to BPA
[2m2026-08-02T16:58:53.780720Z[0m [32m INFO[0m [2mhardy_cspcl::runtime[0m[2m:[0m Dispatched inbound CSP bundle from 1:35 to BPA
[2m2026-08-02T16:58:54.101849Z[0m [32m INFO[0m [2mhardy_cspcl::runtime[0m[2m:[0m Dispatched inbound CSP bundle from 1:35 to BPA
[2m2026-08-02T16:58:54.428578Z[0m [32m INFO[0m [2mhardy_cspcl::runtime[0m[2m:[0m Dispatched inbound CSP bundle from 1:35 to BPA
[2m2026-08-02T16:58:54.758994Z[0m [32m INFO[0m [2mhardy_cspcl::runtime[0m[2m:[0m Dispatched inbound CSP bundle from 1:35 to BPA
[2m2026-08-02T16:58:55.090375Z[0m [32m INFO[0m [2mhardy_cspcl::runtime[0m[2m:[0m Dispatched inbound CSP bundle from 1:35 to BPA
[2m2026-08-02T16:58:55.413301Z[0m [32m INFO[0m [2mhardy_cspcl::runtime[0m[2m:[0m Dispatched inbound CSP bundle from 1:35 to BPA
[2m2026-08-02T16:58:55.741691Z[0m [32m INFO[0m [2mhardy_cspcl::runtime[0m[2m:[0m Dispatched inbound CSP bundle from 1:35 to BPA
[2m2026-08-02T16:58:56.066844Z[0m [32m INFO[0m [2mhardy_cspcl::runtime[0m[2m:[0m Dispatched inbound CSP bundle from 1:35 to BPA
[2m2026-08-02T16:58:56.387014Z[0m [32m INFO[0m [2mhardy_cspcl::runtime[0m[2m:[0m Dispatched inbound CSP bundle from 1:35 to BPA
[2m2026-08-02T16:58:56.718268Z[0m [32m INFO[0m [2mhardy_cspcl::runtime[0m[2m:[0m Dispatched inbound CSP bundle from 1:35 to BPA
[2m2026-08-02T16:58:57.041295Z[0m [32m INFO[0m [2mhardy_cspcl::runtime[0m[2m:[0m Dispatched inbound CSP bundle from 1:35 to BPA
[2m2026-08-02T16:58:57.369196Z[0m [32m INFO[0m [2mhardy_cspcl::runtime[0m[2m:[0m Dispatched inbound CSP bundle from 1:35 to BPA
[2m2026-08-02T16:58:57.692203Z[0m [32m INFO[0m [2mhardy_cspcl::runtime[0m[2m:[0m Dispatched inbound CSP bundle from 1:35 to BPA
[2m2026-08-02T16:58:58.017105Z[0m [32m INFO[0m [2mhardy_cspcl::runtime[0m[2m:[0m Dispatched inbound CSP bundle from 1:35 to BPA
[2m2026-08-02T16:58:58.340201Z[0m [32m INFO[0m [2mhardy_cspcl::runtime[0m[2m:[0m Dispatched inbound CSP bundle from 1:35 to BPA
[2m2026-08-02T16:58:58.661274Z[0m [32m INFO[0m [2mhardy_cspcl::runtime[0m[2m:[0m Dispatched inbound CSP bundle from 1:35 to BPA
[2m2026-08-02T16:58:58.991065Z[0m [32m INFO[0m [2mhardy_cspcl::runtime[0m[2m:[0m Dispatched inbound CSP bundle from 1:35 to BPA
[2m2026-08-02T16:58:59.313117Z[0m [32m INFO[0m [2mhardy_cspcl::runtime[0m[2m:[0m Dispatched inbound CSP bundle from 1:35 to BPA
[2m2026-08-02T16:58:59.641790Z[0m [32m INFO[0m [2mhardy_cspcl::runtime[0m[2m:[0m Dispatched inbound CSP bundle from 1:35 to BPA
[2m2026-08-02T16:58:59.975690Z[0m [32m INFO[0m [2mhardy_cspcl::runtime[0m[2m:[0m Dispatched inbound CSP bundle from 1:35 to BPA
[2m2026-08-02T16:59:00.305076Z[0m [32m INFO[0m [2mhardy_cspcl::runtime[0m[2m:[0m Dispatched inbound CSP bundle from 1:35 to BPA
[2m2026-08-02T16:59:00.627806Z[0m [32m INFO[0m [2mhardy_cspcl::runtime[0m[2m:[0m Dispatched inbound CSP bundle from 1:35 to BPA
[2m2026-08-02T16:59:00.951615Z[0m [32m INFO[0m [2mhardy_cspcl::runtime[0m[2m:[0m Dispatched inbound CSP bundle from 1:35 to BPA
[2m2026-08-02T16:59:01.283255Z[0m [32m INFO[0m [2mhardy_cspcl::runtime[0m[2m:[0m Dispatched inbound CSP bundle from 1:35 to BPA
[2m2026-08-02T16:59:01.606083Z[0m [32m INFO[0m [2mhardy_cspcl::runtime[0m[2m:[0m Dispatched inbound CSP bundle from 1:35 to BPA
[2m2026-08-02T16:59:01.930824Z[0m [32m INFO[0m [2mhardy_cspcl::runtime[0m[2m:[0m Dispatched inbound CSP bundle from 1:35 to BPA
[2m2026-08-02T16:59:02.257851Z[0m [32m INFO[0m [2mhardy_cspcl::runtime[0m[2m:[0m Dispatched inbound CSP bundle from 1:35 to BPA
[2m2026-08-02T16:59:02.584543Z[0m [32m INFO[0m [2mhardy_cspcl::runtime[0m[2m:[0m Dispatched inbound CSP bundle from 1:35 to BPA
[2m2026-08-02T16:59:02.909580Z[0m [32m INFO[0m [2mhardy_cspcl::runtime[0m[2m:[0m Dispatched inbound CSP bundle from 1:35 to BPA
[2m2026-08-02T16:59:03.236663Z[0m [32m INFO[0m [2mhardy_cspcl::runtime[0m[2m:[0m Dispatched inbound CSP bundle from 1:35 to BPA
[2m2026-08-02T16:59:03.557019Z[0m [32m INFO[0m [2mhardy_cspcl::runtime[0m[2m:[0m Dispatched inbound CSP bundle from 1:35 to BPA
[2m2026-08-02T16:59:03.888488Z[0m [32m INFO[0m [2mhardy_cspcl::runtime[0m[2m:[0m Dispatched inbound CSP bundle from 1:35 to BPA
[2m2026-08-02T16:59:04.213260Z[0m [32m INFO[0m [2mhardy_cspcl::runtime[0m[2m:[0m Dispatched inbound CSP bundle from 1:35 to BPA
[2m2026-08-02T16:59:04.537150Z[0m [32m INFO[0m [2mhardy_cspcl::runtime[0m[2m:[0m Dispatched inbound CSP bundle from 1:35 to BPA
[2m2026-08-02T16:59:04.937405Z[0m [32m INFO[0m [2mhardy_cspcl::runtime[0m[2m:[0m Dispatched inbound CSP bundle from 1:35 to BPA
[2m2026-08-02T16:59:05.259482Z[0m [32m INFO[0m [2mhardy_cspcl::runtime[0m[2m:[0m Dispatched inbound CSP bundle from 1:35 to BPA
[2m2026-08-02T16:59:05.580277Z[0m [32m INFO[0m [2mhardy_cspcl::runtime[0m[2m:[0m Dispatched inbound CSP bundle from 1:35 to BPA
[2m2026-08-02T16:59:05.909962Z[0m [32m INFO[0m [2mhardy_cspcl::runtime[0m[2m:[0m Dispatched inbound CSP bundle from 1:35 to BPA
[2m2026-08-02T16:59:06.231709Z[0m [32m INFO[0m [2mhardy_cspcl::runtime[0m[2m:[0m Dispatched inbound CSP bundle from 1:35 to BPA
[2m2026-08-02T16:59:06.562452Z[0m [32m INFO[0m [2mhardy_cspcl::runtime[0m[2m:[0m Dispatched inbound CSP bundle from 1:35 to BPA
[2m2026-08-02T16:59:06.887367Z[0m [32m INFO[0m [2mhardy_cspcl::runtime[0m[2m:[0m Dispatched inbound CSP bundle from 1:35 to BPA
[2m2026-08-02T16:59:07.212335Z[0m [32m INFO[0m [2mhardy_cspcl::runtime[0m[2m:[0m Dispatched inbound CSP bundle from 1:35 to BPA
[2m2026-08-02T16:59:07.534608Z[0m [32m INFO[0m [2mhardy_cspcl::runtime[0m[2m:[0m Dispatched inbound CSP bundle from 1:35 to BPA
[2m2026-08-02T16:59:07.863978Z[0m [32m INFO[0m [2mhardy_cspcl::runtime[0m[2m:[0m Dispatched inbound CSP bundle from 1:35 to BPA
[2m2026-08-02T16:59:08.187678Z[0m [32m INFO[0m [2mhardy_cspcl::runtime[0m[2m:[0m Dispatched inbound CSP bundle from 1:35 to BPA
[2m2026-08-02T16:59:08.512750Z[0m [32m INFO[0m [2mhardy_cspcl::runtime[0m[2m:[0m Dispatched inbound CSP bundle from 1:35 to BPA
[2m2026-08-02T16:59:08.839409Z[0m [32m INFO[0m [2mhardy_cspcl::runtime[0m[2m:[0m Dispatched inbound CSP bundle from 1:35 to BPA
[2m2026-08-02T16:59:09.165537Z[0m [32m INFO[0m [2mhardy_cspcl::runtime[0m[2m:[0m Dispatched inbound CSP bundle from 1:35 to BPA
[2m2026-08-02T16:59:09.489274Z[0m [32m INFO[0m [2mhardy_cspcl::runtime[0m[2m:[0m Dispatched inbound CSP bundle from 1:35 to BPA
[2m2026-08-02T16:59:09.815395Z[0m [32m INFO[0m [2mhardy_cspcl::runtime[0m[2m:[0m Dispatched inbound CSP bundle from 1:35 to BPA
[2m2026-08-02T16:59:10.140876Z[0m [32m INFO[0m [2mhardy_cspcl::runtime[0m[2m:[0m Dispatched inbound CSP bundle from 1:35 to BPA
[2m2026-08-02T16:59:10.466809Z[0m [32m INFO[0m [2mhardy_cspcl::runtime[0m[2m:[0m Dispatched inbound CSP bundle from 1:35 to BPA
[2m2026-08-02T16:59:10.792688Z[0m [32m INFO[0m [2mhardy_cspcl::runtime[0m[2m:[0m Dispatched inbound CSP bundle from 1:35 to BPA
[2m2026-08-02T16:59:11.119280Z[0m [32m INFO[0m [2mhardy_cspcl::runtime[0m[2m:[0m Dispatched inbound CSP bundle from 1:35 to BPA
[2m2026-08-02T16:59:11.443905Z[0m [32m INFO[0m [2mhardy_cspcl::runtime[0m[2m:[0m Dispatched inbound CSP bundle from 1:35 to BPA
[2m2026-08-02T16:59:11.769886Z[0m [32m INFO[0m [2mhardy_cspcl::runtime[0m[2m:[0m Dispatched inbound CSP bundle from 1:35 to BPA
[2m2026-08-02T16:59:12.096039Z[0m [32m INFO[0m [2mhardy_cspcl::runtime[0m[2m:[0m Dispatched inbound CSP bundle from 1:35 to BPA
[2m2026-08-02T16:59:12.421820Z[0m [32m INFO[0m [2mhardy_cspcl::runtime[0m[2m:[0m Dispatched inbound CSP bundle from 1:35 to BPA
[2m2026-08-02T16:59:12.745414Z[0m [32m INFO[0m [2mhardy_cspcl::runtime[0m[2m:[0m Dispatched inbound CSP bundle from 1:35 to BPA
[2m2026-08-02T16:59:13.073756Z[0m [32m INFO[0m [2mhardy_cspcl::runtime[0m[2m:[0m Dispatched inbound CSP bundle from 1:35 to BPA
[2m2026-08-02T16:59:13.393847Z[0m [32m INFO[0m [2mhardy_cspcl::runtime[0m[2m:[0m Dispatched inbound CSP bundle from 1:35 to BPA
[2m2026-08-02T16:59:13.726311Z[0m [32m INFO[0m [2mhardy_cspcl::runtime[0m[2m:[0m Dispatched inbound CSP bundle from 1:35 to BPA
[2m2026-08-02T16:59:14.051007Z[0m [32m INFO[0m [2mhardy_cspcl::runtime[0m[2m:[0m Dispatched inbound CSP bundle from 1:35 to BPA
[2m2026-08-02T16:59:14.374276Z[0m [32m INFO[0m [2mhardy_cspcl::runtime[0m[2m:[0m Dispatched inbound CSP bundle from 1:35 to BPA
[2m2026-08-02T16:59:14.700354Z[0m [32m INFO[0m [2mhardy_cspcl::runtime[0m[2m:[0m Dispatched inbound CSP bundle from 1:35 to BPA
[2m2026-08-02T16:59:15.030265Z[0m [32m INFO[0m [2mhardy_cspcl::runtime[0m[2m:[0m Dispatched inbound CSP bundle from 1:35 to BPA
[2m2026-08-02T16:59:15.352812Z[0m [32m INFO[0m [2mhardy_cspcl::runtime[0m[2m:[0m Dispatched inbound CSP bundle from 1:35 to BPA
[2m2026-08-02T16:59:15.678325Z[0m [32m INFO[0m [2mhardy_cspcl::runtime[0m[2m:[0m Dispatched inbound CSP bundle from 1:35 to BPA
[2m2026-08-02T16:59:15.999088Z[0m [32m INFO[0m [2mhardy_cspcl::runtime[0m[2m:[0m Dispatched inbound CSP bundle from 1:35 to BPA
[2m2026-08-02T16:59:16.317675Z[0m [32m INFO[0m [2mhardy_cspcl::runtime[0m[2m:[0m Dispatched inbound CSP bundle from 1:35 to BPA
[2m2026-08-02T16:59:16.647054Z[0m [32m INFO[0m [2mhardy_cspcl::runtime[0m[2m:[0m Dispatched inbound CSP bundle from 1:35 to BPA
[2m2026-08-02T16:59:16.969878Z[0m [32m INFO[0m [2mhardy_cspcl::runtime[0m[2m:[0m Dispatched inbound CSP bundle from 1:35 to BPA
[2m2026-08-02T16:59:17.300351Z[0m [32m INFO[0m [2mhardy_cspcl::runtime[0m[2m:[0m Dispatched inbound CSP bundle from 1:35 to BPA
[2m2026-08-02T16:59:17.625350Z[0m [32m INFO[0m [2mhardy_cspcl::runtime[0m[2m:[0m Dispatched inbound CSP bundle from 1:35 to BPA
[2m2026-08-02T16:59:17.949724Z[0m [32m INFO[0m [2mhardy_cspcl::runtime[0m[2m:[0m Dispatched inbound CSP bundle from 1:35 to BPA
[2m2026-08-02T16:59:18.276210Z[0m [32m INFO[0m [2mhardy_cspcl::runtime[0m[2m:[0m Dispatched inbound CSP bundle from 1:35 to BPA
[2m2026-08-02T16:59:18.601353Z[0m [32m INFO[0m [2mhardy_cspcl::runtime[0m[2m:[0m Dispatched inbound CSP bundle from 1:35 to BPA
[2m2026-08-02T16:59:18.926518Z[0m [32m INFO[0m [2mhardy_cspcl::runtime[0m[2m:[0m Dispatched inbound CSP bundle from 1:35 to BPA
[2m2026-08-02T16:59:19.254480Z[0m [32m INFO[0m [2mhardy_cspcl::runtime[0m[2m:[0m Dispatched inbound CSP bundle from 1:35 to BPA
[2m2026-08-02T16:59:19.579513Z[0m [32m INFO[0m [2mhardy_cspcl::runtime[0m[2m:[0m Dispatched inbound CSP bundle from 1:35 to BPA
[2m2026-08-02T16:59:19.903728Z[0m [32m INFO[0m [2mhardy_cspcl::runtime[0m[2m:[0m Dispatched inbound CSP bundle from 1:35 to BPA
[2m2026-08-02T16:59:20.231268Z[0m [32m INFO[0m [2mhardy_cspcl::runtime[0m[2m:[0m Dispatched inbound CSP bundle from 1:35 to BPA
[2m2026-08-02T16:59:20.554928Z[0m [32m INFO[0m [2mhardy_cspcl::runtime[0m[2m:[0m Dispatched inbound CSP bundle from 1:35 to BPA
[2m2026-08-02T16:59:20.881168Z[0m [32m INFO[0m [2mhardy_cspcl::runtime[0m[2m:[0m Dispatched inbound CSP bundle from 1:35 to BPA
[2m2026-08-02T16:59:21.206850Z[0m [32m INFO[0m [2mhardy_cspcl::runtime[0m[2m:[0m Dispatched inbound CSP bundle from 1:35 to BPA
[2m2026-08-02T16:59:21.540939Z[0m [32m INFO[0m [2mhardy_cspcl::runtime[0m[2m:[0m Dispatched inbound CSP bundle from 1:35 to BPA
[2m2026-08-02T16:59:21.869932Z[0m [32m INFO[0m [2mhardy_cspcl::runtime[0m[2m:[0m Dispatched inbound CSP bundle from 1:35 to BPA
[2m2026-08-02T16:59:22.194533Z[0m [32m INFO[0m [2mhardy_cspcl::runtime[0m[2m:[0m Dispatched inbound CSP bundle from 1:35 to BPA
[2m2026-08-02T16:59:22.522728Z[0m [32m INFO[0m [2mhardy_cspcl::runtime[0m[2m:[0m Dispatched inbound CSP bundle from 1:35 to BPA
[2m2026-08-02T16:59:22.844488Z[0m [32m INFO[0m [2mhardy_cspcl::runtime[0m[2m:[0m Dispatched inbound CSP bundle from 1:35 to BPA
[2m2026-08-02T16:59:23.172701Z[0m [32m INFO[0m [2mhardy_cspcl::runtime[0m[2m:[0m Dispatched inbound CSP bundle from 1:35 to BPA
[2m2026-08-02T16:59:23.497269Z[0m [32m INFO[0m [2mhardy_cspcl::runtime[0m[2m:[0m Dispatched inbound CSP bundle from 1:35 to BPA
[2m2026-08-02T16:59:23.820592Z[0m [32m INFO[0m [2mhardy_cspcl::runtime[0m[2m:[0m Dispatched inbound CSP bundle from 1:35 to BPA
[2m2026-08-02T16:59:24.146994Z[0m [32m INFO[0m [2mhardy_cspcl::runtime[0m[2m:[0m Dispatched inbound CSP bundle from 1:35 to BPA
[2m2026-08-02T16:59:24.476688Z[0m [32m INFO[0m [2mhardy_cspcl::runtime[0m[2m:[0m Dispatched inbound CSP bundle from 1:35 to BPA
[2m2026-08-02T16:59:24.800885Z[0m [32m INFO[0m [2mhardy_cspcl::runtime[0m[2m:[0m Dispatched inbound CSP bundle from 1:35 to BPA
[2m2026-08-02T16:59:25.127018Z[0m [32m INFO[0m [2mhardy_cspcl::runtime[0m[2m:[0m Dispatched inbound CSP bundle from 1:35 to BPA
[2m2026-08-02T16:59:25.453844Z[0m [32m INFO[0m [2mhardy_cspcl::runtime[0m[2m:[0m Dispatched inbound CSP bundle from 1:35 to BPA
[2m2026-08-02T16:59:25.778432Z[0m [32m INFO[0m [2mhardy_cspcl::runtime[0m[2m:[0m Dispatched inbound CSP bundle from 1:35 to BPA
[2m2026-08-02T16:59:26.104027Z[0m [32m INFO[0m [2mhardy_cspcl::runtime[0m[2m:[0m Dispatched inbound CSP bundle from 1:35 to BPA
[2m2026-08-02T16:59:26.427968Z[0m [32m INFO[0m [2mhardy_cspcl::runtime[0m[2m:[0m Dispatched inbound CSP bundle from 1:35 to BPA
[2m2026-08-02T16:59:26.763872Z[0m [32m INFO[0m [2mhardy_cspcl::runtime[0m[2m:[0m Dispatched inbound CSP bundle from 1:35 to BPA
[2m2026-08-02T16:59:27.093490Z[0m [32m INFO[0m [2mhardy_cspcl::runtime[0m[2m:[0m Dispatched inbound CSP bundle from 1:35 to BPA
[2m2026-08-02T16:59:27.411671Z[0m [32m INFO[0m [2mhardy_cspcl::runtime[0m[2m:[0m Dispatched inbound CSP bundle from 1:35 to BPA
[2m2026-08-02T16:59:27.730473Z[0m [32m INFO[0m [2mhardy_cspcl::runtime[0m[2m:[0m Dispatched inbound CSP bundle from 1:35 to BPA
[2m2026-08-02T16:59:28.057625Z[0m [32m INFO[0m [2mhardy_cspcl::runtime[0m[2m:[0m Dispatched inbound CSP bundle from 1:35 to BPA
[2m2026-08-02T16:59:28.379103Z[0m [32m INFO[0m [2mhardy_cspcl::runtime[0m[2m:[0m Dispatched inbound CSP bundle from 1:35 to BPA
[2m2026-08-02T16:59:28.710743Z[0m [32m INFO[0m [2mhardy_cspcl::runtime[0m[2m:[0m Dispatched inbound CSP bundle from 1:35 to BPA
[2m2026-08-02T16:59:29.034453Z[0m [32m INFO[0m [2mhardy_cspcl::runtime[0m[2m:[0m Dispatched inbound CSP bundle from 1:35 to BPA
[2m2026-08-02T16:59:29.360616Z[0m [32m INFO[0m [2mhardy_cspcl::runtime[0m[2m:[0m Dispatched inbound CSP bundle from 1:35 to BPA
[2m2026-08-02T16:59:29.686861Z[0m [32m INFO[0m [2mhardy_cspcl::runtime[0m[2m:[0m Dispatched inbound CSP bundle from 1:35 to BPA
[2m2026-08-02T16:59:30.015153Z[0m [32m INFO[0m [2mhardy_cspcl::runtime[0m[2m:[0m Dispatched inbound CSP bundle from 1:35 to BPA
[2m2026-08-02T16:59:30.341828Z[0m [32m INFO[0m [2mhardy_cspcl::runtime[0m[2m:[0m Dispatched inbound CSP bundle from 1:35 to BPA
[2m2026-08-02T16:59:30.664972Z[0m [32m INFO[0m [2mhardy_cspcl::runtime[0m[2m:[0m Dispatched inbound CSP bundle from 1:35 to BPA
[2m2026-08-02T16:59:30.991441Z[0m [32m INFO[0m [2mhardy_cspcl::runtime[0m[2m:[0m Dispatched inbound CSP bundle from 1:35 to BPA
[2m2026-08-02T16:59:31.316440Z[0m [32m INFO[0m [2mhardy_cspcl::runtime[0m[2m:[0m Dispatched inbound CSP bundle from 1:35 to BPA
[2m2026-08-02T16:59:31.643364Z[0m [32m INFO[0m [2mhardy_cspcl::runtime[0m[2m:[0m Dispatched inbound CSP bundle from 1:35 to BPA
[2m2026-08-02T16:59:31.962944Z[0m [32m INFO[0m [2mhardy_cspcl::runtime[0m[2m:[0m Dispatched inbound CSP bundle from 1:35 to BPA
[2m2026-08-02T16:59:32.293971Z[0m [32m INFO[0m [2mhardy_cspcl::runtime[0m[2m:[0m Dispatched inbound CSP bundle from 1:35 to BPA
[2m2026-08-02T16:59:32.618329Z[0m [32m INFO[0m [2mhardy_cspcl::runtime[0m[2m:[0m Dispatched inbound CSP bundle from 1:35 to BPA
[2m2026-08-02T16:59:32.945554Z[0m [32m INFO[0m [2mhardy_cspcl::runtime[0m[2m:[0m Dispatched inbound CSP bundle from 1:35 to BPA
[2m2026-08-02T16:59:33.271071Z[0m [32m INFO[0m [2mhardy_cspcl::runtime[0m[2m:[0m Dispatched inbound CSP bundle from 1:35 to BPA
[2m2026-08-02T16:59:33.595603Z[0m [32m INFO[0m [2mhardy_cspcl::runtime[0m[2m:[0m Dispatched inbound CSP bundle from 1:35 to BPA
[2m2026-08-02T16:59:33.916872Z[0m [32m INFO[0m [2mhardy_cspcl::runtime[0m[2m:[0m Dispatched inbound CSP bundle from 1:35 to BPA
[2m2026-08-02T16:59:34.247123Z[0m [32m INFO[0m [2mhardy_cspcl::runtime[0m[2m:[0m Dispatched inbound CSP bundle from 1:35 to BPA
[2m2026-08-02T16:59:34.573910Z[0m [32m INFO[0m [2mhardy_cspcl::runtime[0m[2m:[0m Dispatched inbound CSP bundle from 1:35 to BPA
[2m2026-08-02T16:59:34.898614Z[0m [32m INFO[0m [2mhardy_cspcl::runtime[0m[2m:[0m Dispatched inbound CSP bundle from 1:35 to BPA
[2m2026-08-02T16:59:35.225195Z[0m [32m INFO[0m [2mhardy_cspcl::runtime[0m[2m:[0m Dispatched inbound CSP bundle from 1:35 to BPA
[2m2026-08-02T16:59:35.549062Z[0m [32m INFO[0m [2mhardy_cspcl::runtime[0m[2m:[0m Dispatched inbound CSP bundle from 1:35 to BPA
[2m2026-08-02T16:59:35.879133Z[0m [32m INFO[0m [2mhardy_cspcl::runtime[0m[2m:[0m Dispatched inbound CSP bundle from 1:35 to BPA
[2m2026-08-02T16:59:36.200309Z[0m [32m INFO[0m [2mhardy_cspcl::runtime[0m[2m:[0m Dispatched inbound CSP bundle from 1:35 to BPA
[2m2026-08-02T16:59:36.532614Z[0m [32m INFO[0m [2mhardy_cspcl::runtime[0m[2m:[0m Dispatched inbound CSP bundle from 1:35 to BPA
[2m2026-08-02T16:59:36.854027Z[0m [32m INFO[0m [2mhardy_cspcl::runtime[0m[2m:[0m Dispatched inbound CSP bundle from 1:35 to BPA
[2m2026-08-02T16:59:37.184380Z[0m [32m INFO[0m [2mhardy_cspcl::runtime[0m[2m:[0m Dispatched inbound CSP bundle from 1:35 to BPA
[2m2026-08-02T17:03:18.384384Z[0m [32m INFO[0m [2mhardy_cspcl::runtime[0m[2m:[0m Dispatched inbound CSP bundle from 1:35 to BPA
[2m2026-08-02T17:03:18.384624Z[0m [32m INFO[0m [2mhardy_cspcl::runtime[0m[2m:[0m Dispatched inbound CSP bundle from 1:35 to BPA
[2m2026-08-02T17:03:18.407582Z[0m [32m INFO[0m [2mhardy_cspcl::runtime[0m[2m:[0m Dispatched inbound CSP bundle from 1:35 to BPA
[2m2026-08-02T17:03:18.513713Z[0m [32m INFO[0m [2mhardy_cspcl::runtime[0m[2m:[0m Dispatched inbound CSP bundle from 1:35 to BPA
[2m2026-08-02T17:03:18.514453Z[0m [32m INFO[0m [2mhardy_cspcl::runtime[0m[2m:[0m Dispatched inbound CSP bundle from 1:35 to BPA
[2m2026-08-02T17:03:18.514972Z[0m [32m INFO[0m [2mhardy_cspcl::runtime[0m[2m:[0m Dispatched inbound CSP bundle from 1:35 to BPA
[2m2026-08-02T17:03:18.515536Z[0m [32m INFO[0m [2mhardy_cspcl::runtime[0m[2m:[0m Dispatched inbound CSP bundle from 1:35 to BPA
[2m2026-08-02T17:03:18.516009Z[0m [32m INFO[0m [2mhardy_cspcl::runtime[0m[2m:[0m Dispatched inbound CSP bundle from 1:35 to BPA
[2m2026-08-02T17:03:18.516382Z[0m [32m INFO[0m [2mhardy_cspcl::runtime[0m[2m:[0m Dispatched inbound CSP bundle from 1:35 to BPA
[2m2026-08-02T17:03:18.516907Z[0m [32m INFO[0m [2mhardy_cspcl::runtime[0m[2m:[0m Dispatched inbound CSP bundle from 1:35 to BPA
[2m2026-08-02T17:03:19.608683Z[0m [32m INFO[0m [2mhardy_cspcl::runtime[0m[2m:[0m Dispatched inbound CSP bundle from 1:35 to BPA
[2m2026-08-02T17:03:19.608913Z[0m [32m INFO[0m [2mhardy_cspcl::runtime[0m[2m:[0m Dispatched inbound CSP bundle from 1:35 to BPA
[2m2026-08-02T17:03:19.722600Z[0m [32m INFO[0m [2mhardy_cspcl::runtime[0m[2m:[0m Dispatched inbound CSP bundle from 1:35 to BPA
[2m2026-08-02T17:03:19.723423Z[0m [32m INFO[0m [2mhardy_cspcl::runtime[0m[2m:[0m Dispatched inbound CSP bundle from 1:35 to BPA
[2m2026-08-02T17:03:19.724319Z[0m [32m INFO[0m [2mhardy_cspcl::runtime[0m[2m:[0m Dispatched inbound CSP bundle from 1:35 to BPA
[2m2026-08-02T17:03:19.725044Z[0m [32m INFO[0m [2mhardy_cspcl::runtime[0m[2m:[0m Dispatched inbound CSP bundle from 1:35 to BPA
[2m2026-08-02T17:03:19.725608Z[0m [32m INFO[0m [2mhardy_cspcl::runtime[0m[2m:[0m Dispatched inbound CSP bundle from 1:35 to BPA
[2m2026-08-02T17:03:19.726115Z[0m [32m INFO[0m [2mhardy_cspcl::runtime[0m[2m:[0m Dispatched inbound CSP bundle from 1:35 to BPA
[2m2026-08-02T17:03:20.010645Z[0m [32m INFO[0m [2mhardy_cspcl::runtime[0m[2m:[0m Dispatched inbound CSP bundle from 1:35 to BPA
[2m2026-08-02T17:03:20.011169Z[0m [32m INFO[0m [2mhardy_cspcl::runtime[0m[2m:[0m Dispatched inbound CSP bundle from 1:35 to BPA
[2m2026-08-02T17:03:20.834614Z[0m [32m INFO[0m [2mhardy_cspcl::runtime[0m[2m:[0m Dispatched inbound CSP bundle from 1:35 to BPA
[2m2026-08-02T17:03:20.834940Z[0m [32m INFO[0m [2mhardy_cspcl::runtime[0m[2m:[0m Dispatched inbound CSP bundle from 1:35 to BPA
[2m2026-08-02T17:03:20.935541Z[0m [32m INFO[0m [2mhardy_cspcl::runtime[0m[2m:[0m Dispatched inbound CSP bundle from 1:35 to BPA
[2m2026-08-02T17:03:21.159539Z[0m [32m INFO[0m [2mhardy_cspcl::runtime[0m[2m:[0m Dispatched inbound CSP bundle from 1:35 to BPA
[2m2026-08-02T17:03:21.260376Z[0m [32m INFO[0m [2mhardy_cspcl::runtime[0m[2m:[0m Dispatched inbound CSP bundle from 1:35 to BPA
[2m2026-08-02T17:03:21.261124Z[0m [32m INFO[0m [2mhardy_cspcl::runtime[0m[2m:[0m Dispatched inbound CSP bundle from 1:35 to BPA
[2m2026-08-02T17:03:21.261824Z[0m [32m INFO[0m [2mhardy_cspcl::runtime[0m[2m:[0m Dispatched inbound CSP bundle from 1:35 to BPA
[2m2026-08-02T17:03:21.361133Z[0m [32m INFO[0m [2mhardy_cspcl::runtime[0m[2m:[0m Dispatched inbound CSP bundle from 1:35 to BPA
[2m2026-08-02T17:03:21.561771Z[0m [32m INFO[0m [2mhardy_cspcl::runtime[0m[2m:[0m Dispatched inbound CSP bundle from 1:35 to BPA
[2m2026-08-02T17:03:21.562616Z[0m [32m INFO[0m [2mhardy_cspcl::runtime[0m[2m:[0m Dispatched inbound CSP bundle from 1:35 to BPA
[2m2026-08-02T17:03:22.495580Z[0m [32m INFO[0m [2mhardy_cspcl::runtime[0m[2m:[0m Dispatched inbound CSP bundle from 1:35 to BPA
[2m2026-08-02T17:03:22.495905Z[0m [32m INFO[0m [2mhardy_cspcl::runtime[0m[2m:[0m Dispatched inbound CSP bundle from 1:35 to BPA
[2m2026-08-02T17:03:22.531838Z[0m [32m INFO[0m [2mhardy_cspcl::runtime[0m[2m:[0m Dispatched inbound CSP bundle from 1:35 to BPA
[2m2026-08-02T17:03:22.618825Z[0m [32m INFO[0m [2mhardy_cspcl::runtime[0m[2m:[0m Dispatched inbound CSP bundle from 1:35 to BPA
[2m2026-08-02T17:03:22.619372Z[0m [32m INFO[0m [2mhardy_cspcl::runtime[0m[2m:[0m Dispatched inbound CSP bundle from 1:35 to BPA
[2m2026-08-02T17:03:22.697257Z[0m [32m INFO[0m [2mhardy_cspcl::runtime[0m[2m:[0m Dispatched inbound CSP bundle from 1:35 to BPA
[2m2026-08-02T17:03:22.698576Z[0m [32m INFO[0m [2mhardy_cspcl::runtime[0m[2m:[0m Dispatched inbound CSP bundle from 1:35 to BPA
[2m2026-08-02T17:03:22.699665Z[0m [32m INFO[0m [2mhardy_cspcl::runtime[0m[2m:[0m Dispatched inbound CSP bundle from 1:35 to BPA
[2m2026-08-02T17:03:23.001363Z[0m [32m INFO[0m [2mhardy_cspcl::runtime[0m[2m:[0m Dispatched inbound CSP bundle from 1:35 to BPA
[2m2026-08-02T17:03:23.102219Z[0m [32m INFO[0m [2mhardy_cspcl::runtime[0m[2m:[0m Dispatched inbound CSP bundle from 1:35 to BPA
[2m2026-08-02T17:03:23.928676Z[0m [32m INFO[0m [2mhardy_cspcl::runtime[0m[2m:[0m Dispatched inbound CSP bundle from 1:35 to BPA
[2m2026-08-02T17:03:23.928911Z[0m [32m INFO[0m [2mhardy_cspcl::runtime[0m[2m:[0m Dispatched inbound CSP bundle from 1:35 to BPA
[2m2026-08-02T17:03:24.029822Z[0m [32m INFO[0m [2mhardy_cspcl::runtime[0m[2m:[0m Dispatched inbound CSP bundle from 1:35 to BPA
[2m2026-08-02T17:03:24.252479Z[0m [32m INFO[0m [2mhardy_cspcl::runtime[0m[2m:[0m Dispatched inbound CSP bundle from 1:35 to BPA
[2m2026-08-02T17:03:24.253415Z[0m [32m INFO[0m [2mhardy_cspcl::runtime[0m[2m:[0m Dispatched inbound CSP bundle from 1:35 to BPA
[2m2026-08-02T17:03:24.254265Z[0m [32m INFO[0m [2mhardy_cspcl::runtime[0m[2m:[0m Dispatched inbound CSP bundle from 1:35 to BPA
[2m2026-08-02T17:03:24.353268Z[0m [32m INFO[0m [2mhardy_cspcl::runtime[0m[2m:[0m Dispatched inbound CSP bundle from 1:35 to BPA
[2m2026-08-02T17:03:24.354049Z[0m [32m INFO[0m [2mhardy_cspcl::runtime[0m[2m:[0m Dispatched inbound CSP bundle from 1:35 to BPA
[2m2026-08-02T17:03:24.553907Z[0m [32m INFO[0m [2mhardy_cspcl::runtime[0m[2m:[0m Dispatched inbound CSP bundle from 1:35 to BPA
[2m2026-08-02T17:03:24.955855Z[0m [32m INFO[0m [2mhardy_cspcl::runtime[0m[2m:[0m Dispatched inbound CSP bundle from 1:35 to BPA
[2m2026-08-02T17:03:25.480946Z[0m [32m INFO[0m [2mhardy_cspcl::runtime[0m[2m:[0m Dispatched inbound CSP bundle from 1:35 to BPA
[2m2026-08-02T17:03:25.481319Z[0m [32m INFO[0m [2mhardy_cspcl::runtime[0m[2m:[0m Dispatched inbound CSP bundle from 1:35 to BPA
[2m2026-08-02T17:03:25.582309Z[0m [32m INFO[0m [2mhardy_cspcl::runtime[0m[2m:[0m Dispatched inbound CSP bundle from 1:35 to BPA
[2m2026-08-02T17:03:25.910939Z[0m [32m INFO[0m [2mhardy_cspcl::runtime[0m[2m:[0m Dispatched inbound CSP bundle from 1:35 to BPA
[2m2026-08-02T17:03:25.911764Z[0m [32m INFO[0m [2mhardy_cspcl::runtime[0m[2m:[0m Dispatched inbound CSP bundle from 1:35 to BPA
[2m2026-08-02T17:03:25.912944Z[0m [32m INFO[0m [2mhardy_cspcl::runtime[0m[2m:[0m Dispatched inbound CSP bundle from 1:35 to BPA
[2m2026-08-02T17:03:25.913552Z[0m [32m INFO[0m [2mhardy_cspcl::runtime[0m[2m:[0m Dispatched inbound CSP bundle from 1:35 to BPA
[2m2026-08-02T17:03:25.914168Z[0m [32m INFO[0m [2mhardy_cspcl::runtime[0m[2m:[0m Dispatched inbound CSP bundle from 1:35 to BPA
[2m2026-08-02T17:03:26.111369Z[0m [32m INFO[0m [2mhardy_cspcl::runtime[0m[2m:[0m Dispatched inbound CSP bundle from 1:35 to BPA
[2m2026-08-02T17:03:26.211571Z[0m [32m INFO[0m [2mhardy_cspcl::runtime[0m[2m:[0m Dispatched inbound CSP bundle from 1:35 to BPA
[2m2026-08-02T17:03:27.041563Z[0m [32m INFO[0m [2mhardy_cspcl::runtime[0m[2m:[0m Dispatched inbound CSP bundle from 1:35 to BPA
[2m2026-08-02T17:03:27.041834Z[0m [32m INFO[0m [2mhardy_cspcl::runtime[0m[2m:[0m Dispatched inbound CSP bundle from 1:35 to BPA
[2m2026-08-02T17:03:27.178146Z[0m [32m INFO[0m [2mhardy_cspcl::runtime[0m[2m:[0m Dispatched inbound CSP bundle from 1:35 to BPA
[2m2026-08-02T17:03:27.179129Z[0m [32m INFO[0m [2mhardy_cspcl::runtime[0m[2m:[0m Dispatched inbound CSP bundle from 1:35 to BPA
[2m2026-08-02T17:03:27.480121Z[0m [32m INFO[0m [2mhardy_cspcl::runtime[0m[2m:[0m Dispatched inbound CSP bundle from 1:35 to BPA
[2m2026-08-02T17:03:27.481255Z[0m [32m INFO[0m [2mhardy_cspcl::runtime[0m[2m:[0m Dispatched inbound CSP bundle from 1:35 to BPA
[2m2026-08-02T17:03:27.481962Z[0m [32m INFO[0m [2mhardy_cspcl::runtime[0m[2m:[0m Dispatched inbound CSP bundle from 1:35 to BPA
[2m2026-08-02T17:03:27.483114Z[0m [32m INFO[0m [2mhardy_cspcl::runtime[0m[2m:[0m Dispatched inbound CSP bundle from 1:35 to BPA
[2m2026-08-02T17:03:27.681448Z[0m [32m INFO[0m [2mhardy_cspcl::runtime[0m[2m:[0m Dispatched inbound CSP bundle from 1:35 to BPA
[2m2026-08-02T17:03:27.781263Z[0m [32m INFO[0m [2mhardy_cspcl::runtime[0m[2m:[0m Dispatched inbound CSP bundle from 1:35 to BPA
[2m2026-08-02T17:03:28.712567Z[0m [32m INFO[0m [2mhardy_cspcl::runtime[0m[2m:[0m Dispatched inbound CSP bundle from 1:35 to BPA
[2m2026-08-02T17:03:28.712942Z[0m [32m INFO[0m [2mhardy_cspcl::runtime[0m[2m:[0m Dispatched inbound CSP bundle from 1:35 to BPA
[2m2026-08-02T17:03:28.826046Z[0m [32m INFO[0m [2mhardy_cspcl::runtime[0m[2m:[0m Dispatched inbound CSP bundle from 1:35 to BPA
[2m2026-08-02T17:03:28.826676Z[0m [32m INFO[0m [2mhardy_cspcl::runtime[0m[2m:[0m Dispatched inbound CSP bundle from 1:35 to BPA
[2m2026-08-02T17:03:28.827073Z[0m [32m INFO[0m [2mhardy_cspcl::runtime[0m[2m:[0m Dispatched inbound CSP bundle from 1:35 to BPA
[2m2026-08-02T17:03:28.827525Z[0m [32m INFO[0m [2mhardy_cspcl::runtime[0m[2m:[0m Dispatched inbound CSP bundle from 1:35 to BPA
[2m2026-08-02T17:03:28.914395Z[0m [32m INFO[0m [2mhardy_cspcl::runtime[0m[2m:[0m Dispatched inbound CSP bundle from 1:35 to BPA
[2m2026-08-02T17:03:29.114615Z[0m [32m INFO[0m [2mhardy_cspcl::runtime[0m[2m:[0m Dispatched inbound CSP bundle from 1:35 to BPA
[2m2026-08-02T17:03:29.215614Z[0m [32m INFO[0m [2mhardy_cspcl::runtime[0m[2m:[0m Dispatched inbound CSP bundle from 1:35 to BPA
[2m2026-08-02T17:03:29.316335Z[0m [32m INFO[0m [2mhardy_cspcl::runtime[0m[2m:[0m Dispatched inbound CSP bundle from 1:35 to BPA
[2m2026-08-02T17:03:30.142801Z[0m [32m INFO[0m [2mhardy_cspcl::runtime[0m[2m:[0m Dispatched inbound CSP bundle from 1:35 to BPA
[2m2026-08-02T17:03:30.143059Z[0m [32m INFO[0m [2mhardy_cspcl::runtime[0m[2m:[0m Dispatched inbound CSP bundle from 1:35 to BPA
[2m2026-08-02T17:03:30.256534Z[0m [32m INFO[0m [2mhardy_cspcl::runtime[0m[2m:[0m Dispatched inbound CSP bundle from 1:35 to BPA
[2m2026-08-02T17:03:30.257005Z[0m [32m INFO[0m [2mhardy_cspcl::runtime[0m[2m:[0m Dispatched inbound CSP bundle from 1:35 to BPA
[2m2026-08-02T17:03:30.458588Z[0m [32m INFO[0m [2mhardy_cspcl::runtime[0m[2m:[0m Dispatched inbound CSP bundle from 1:35 to BPA
[2m2026-08-02T17:03:30.459755Z[0m [32m INFO[0m [2mhardy_cspcl::runtime[0m[2m:[0m Dispatched inbound CSP bundle from 1:35 to BPA
[2m2026-08-02T17:03:30.460529Z[0m [32m INFO[0m [2mhardy_cspcl::runtime[0m[2m:[0m Dispatched inbound CSP bundle from 1:35 to BPA
[2m2026-08-02T17:03:30.461415Z[0m [32m INFO[0m [2mhardy_cspcl::runtime[0m[2m:[0m Dispatched inbound CSP bundle from 1:35 to BPA
[2m2026-08-02T17:03:30.760022Z[0m [32m INFO[0m [2mhardy_cspcl::runtime[0m[2m:[0m Dispatched inbound CSP bundle from 1:35 to BPA
[2m2026-08-02T17:03:30.860277Z[0m [32m INFO[0m [2mhardy_cspcl::runtime[0m[2m:[0m Dispatched inbound CSP bundle from 1:35 to BPA
[2m2026-08-02T17:03:31.689174Z[0m [32m INFO[0m [2mhardy_cspcl::runtime[0m[2m:[0m Dispatched inbound CSP bundle from 1:35 to BPA
[2m2026-08-02T17:03:31.689517Z[0m [32m INFO[0m [2mhardy_cspcl::runtime[0m[2m:[0m Dispatched inbound CSP bundle from 1:35 to BPA
[2m2026-08-02T17:03:31.726272Z[0m [32m INFO[0m [2mhardy_cspcl::runtime[0m[2m:[0m Dispatched inbound CSP bundle from 1:35 to BPA
[2m2026-08-02T17:03:31.813525Z[0m [32m INFO[0m [2mhardy_cspcl::runtime[0m[2m:[0m Dispatched inbound CSP bundle from 1:35 to BPA
[2m2026-08-02T17:03:31.814313Z[0m [32m INFO[0m [2mhardy_cspcl::runtime[0m[2m:[0m Dispatched inbound CSP bundle from 1:35 to BPA
[2m2026-08-02T17:03:31.991148Z[0m [32m INFO[0m [2mhardy_cspcl::runtime[0m[2m:[0m Dispatched inbound CSP bundle from 1:35 to BPA
[2m2026-08-02T17:03:32.292344Z[0m [32m INFO[0m [2mhardy_cspcl::runtime[0m[2m:[0m Dispatched inbound CSP bundle from 1:35 to BPA
[2m2026-08-02T17:03:32.292923Z[0m [32m INFO[0m [2mhardy_cspcl::runtime[0m[2m:[0m Dispatched inbound CSP bundle from 1:35 to BPA
[2m2026-08-02T17:03:32.293310Z[0m [32m INFO[0m [2mhardy_cspcl::runtime[0m[2m:[0m Dispatched inbound CSP bundle from 1:35 to BPA
[2m2026-08-02T17:03:32.393220Z[0m [32m INFO[0m [2mhardy_cspcl::runtime[0m[2m:[0m Dispatched inbound CSP bundle from 1:35 to BPA
[2m2026-08-02T17:03:33.221896Z[0m [32m INFO[0m [2mhardy_cspcl::runtime[0m[2m:[0m Dispatched inbound CSP bundle from 1:35 to BPA
[2m2026-08-02T17:03:33.222109Z[0m [32m INFO[0m [2mhardy_cspcl::runtime[0m[2m:[0m Dispatched inbound CSP bundle from 1:35 to BPA
[2m2026-08-02T17:03:33.258354Z[0m [32m INFO[0m [2mhardy_cspcl::runtime[0m[2m:[0m Dispatched inbound CSP bundle from 1:35 to BPA
[2m2026-08-02T17:03:33.523907Z[0m [32m INFO[0m [2mhardy_cspcl::runtime[0m[2m:[0m Dispatched inbound CSP bundle from 1:35 to BPA
[2m2026-08-02T17:03:33.524705Z[0m [32m INFO[0m [2mhardy_cspcl::runtime[0m[2m:[0m Dispatched inbound CSP bundle from 1:35 to BPA
[2m2026-08-02T17:03:33.525542Z[0m [32m INFO[0m [2mhardy_cspcl::runtime[0m[2m:[0m Dispatched inbound CSP bundle from 1:35 to BPA
[2m2026-08-02T17:03:33.526236Z[0m [32m INFO[0m [2mhardy_cspcl::runtime[0m[2m:[0m Dispatched inbound CSP bundle from 1:35 to BPA
[2m2026-08-02T17:03:33.526859Z[0m [32m INFO[0m [2mhardy_cspcl::runtime[0m[2m:[0m Dispatched inbound CSP bundle from 1:35 to BPA
[2m2026-08-02T17:03:33.927979Z[0m [32m INFO[0m [2mhardy_cspcl::runtime[0m[2m:[0m Dispatched inbound CSP bundle from 1:35 to BPA
[2m2026-08-02T17:03:33.928373Z[0m [32m INFO[0m [2mhardy_cspcl::runtime[0m[2m:[0m Dispatched inbound CSP bundle from 1:35 to BPA
[2m2026-08-02T17:03:34.754539Z[0m [32m INFO[0m [2mhardy_cspcl::runtime[0m[2m:[0m Dispatched inbound CSP bundle from 1:35 to BPA
[2m2026-08-02T17:03:34.754657Z[0m [32m INFO[0m [2mhardy_cspcl::runtime[0m[2m:[0m Dispatched inbound CSP bundle from 1:35 to BPA
[2m2026-08-02T17:03:34.992664Z[0m [32m INFO[0m [2mhardy_cspcl::runtime[0m[2m:[0m Dispatched inbound CSP bundle from 1:35 to BPA
[2m2026-08-02T17:03:34.993799Z[0m [32m INFO[0m [2mhardy_cspcl::runtime[0m[2m:[0m Dispatched inbound CSP bundle from 1:35 to BPA
[2m2026-08-02T17:03:34.994564Z[0m [32m INFO[0m [2mhardy_cspcl::runtime[0m[2m:[0m Dispatched inbound CSP bundle from 1:35 to BPA
[2m2026-08-02T17:03:34.995285Z[0m [32m INFO[0m [2mhardy_cspcl::runtime[0m[2m:[0m Dispatched inbound CSP bundle from 1:35 to BPA
[2m2026-08-02T17:03:34.996049Z[0m [32m INFO[0m [2mhardy_cspcl::runtime[0m[2m:[0m Dispatched inbound CSP bundle from 1:35 to BPA
[2m2026-08-02T17:03:34.996624Z[0m [32m INFO[0m [2mhardy_cspcl::runtime[0m[2m:[0m Dispatched inbound CSP bundle from 1:35 to BPA
[2m2026-08-02T17:03:35.398416Z[0m [32m INFO[0m [2mhardy_cspcl::runtime[0m[2m:[0m Dispatched inbound CSP bundle from 1:35 to BPA
[2m2026-08-02T17:03:35.499156Z[0m [32m INFO[0m [2mhardy_cspcl::runtime[0m[2m:[0m Dispatched inbound CSP bundle from 1:35 to BPA
[2m2026-08-02T17:03:36.523532Z[0m [32m INFO[0m [2mhardy_cspcl::runtime[0m[2m:[0m Dispatched inbound CSP bundle from 1:35 to BPA
[2m2026-08-02T17:03:36.523746Z[0m [32m INFO[0m [2mhardy_cspcl::runtime[0m[2m:[0m Dispatched inbound CSP bundle from 1:35 to BPA
[2m2026-08-02T17:03:36.637157Z[0m [32m INFO[0m [2mhardy_cspcl::runtime[0m[2m:[0m Dispatched inbound CSP bundle from 1:35 to BPA
[2m2026-08-02T17:03:36.637381Z[0m [32m INFO[0m [2mhardy_cspcl::runtime[0m[2m:[0m Dispatched inbound CSP bundle from 1:35 to BPA
[2m2026-08-02T17:03:36.637533Z[0m [32m INFO[0m [2mhardy_cspcl::runtime[0m[2m:[0m Dispatched inbound CSP bundle from 1:35 to BPA
[2m2026-08-02T17:03:36.637870Z[0m [32m INFO[0m [2mhardy_cspcl::runtime[0m[2m:[0m Dispatched inbound CSP bundle from 1:35 to BPA
[2m2026-08-02T17:03:36.638235Z[0m [32m INFO[0m [2mhardy_cspcl::runtime[0m[2m:[0m Dispatched inbound CSP bundle from 1:35 to BPA
[2m2026-08-02T17:03:36.638436Z[0m [32m INFO[0m [2mhardy_cspcl::runtime[0m[2m:[0m Dispatched inbound CSP bundle from 1:35 to BPA
[2m2026-08-02T17:03:37.025985Z[0m [32m INFO[0m [2mhardy_cspcl::runtime[0m[2m:[0m Dispatched inbound CSP bundle from 1:35 to BPA
[2m2026-08-02T17:03:37.126022Z[0m [32m INFO[0m [2mhardy_cspcl::runtime[0m[2m:[0m Dispatched inbound CSP bundle from 1:35 to BPA
[2m2026-08-02T17:03:37.956008Z[0m [32m INFO[0m [2mhardy_cspcl::runtime[0m[2m:[0m Dispatched inbound CSP bundle from 1:35 to BPA
[2m2026-08-02T17:03:37.956439Z[0m [32m INFO[0m [2mhardy_cspcl::runtime[0m[2m:[0m Dispatched inbound CSP bundle from 1:35 to BPA
[2m2026-08-02T17:03:37.992735Z[0m [32m INFO[0m [2mhardy_cspcl::runtime[0m[2m:[0m Dispatched inbound CSP bundle from 1:35 to BPA
[2m2026-08-02T17:03:38.079698Z[0m [32m INFO[0m [2mhardy_cspcl::runtime[0m[2m:[0m Dispatched inbound CSP bundle from 1:35 to BPA
[2m2026-08-02T17:03:38.080324Z[0m [32m INFO[0m [2mhardy_cspcl::runtime[0m[2m:[0m Dispatched inbound CSP bundle from 1:35 to BPA
[2m2026-08-02T17:03:38.080868Z[0m [32m INFO[0m [2mhardy_cspcl::runtime[0m[2m:[0m Dispatched inbound CSP bundle from 1:35 to BPA
[2m2026-08-02T17:03:38.081209Z[0m [32m INFO[0m [2mhardy_cspcl::runtime[0m[2m:[0m Dispatched inbound CSP bundle from 1:35 to BPA
[2m2026-08-02T17:03:38.157879Z[0m [32m INFO[0m [2mhardy_cspcl::runtime[0m[2m:[0m Dispatched inbound CSP bundle from 1:35 to BPA
[2m2026-08-02T17:03:38.559126Z[0m [32m INFO[0m [2mhardy_cspcl::runtime[0m[2m:[0m Dispatched inbound CSP bundle from 1:35 to BPA
[2m2026-08-02T17:03:38.559696Z[0m [32m INFO[0m [2mhardy_cspcl::runtime[0m[2m:[0m Dispatched inbound CSP bundle from 1:35 to BPA
[2m2026-08-02T17:03:39.289171Z[0m [32m INFO[0m [2mhardy_cspcl::runtime[0m[2m:[0m Dispatched inbound CSP bundle from 1:35 to BPA
[2m2026-08-02T17:03:39.289414Z[0m [32m INFO[0m [2mhardy_cspcl::runtime[0m[2m:[0m Dispatched inbound CSP bundle from 1:35 to BPA
[2m2026-08-02T17:03:39.531119Z[0m [32m INFO[0m [2mhardy_cspcl::runtime[0m[2m:[0m Dispatched inbound CSP bundle from 1:35 to BPA
[2m2026-08-02T17:03:39.531890Z[0m [32m INFO[0m [2mhardy_cspcl::runtime[0m[2m:[0m Dispatched inbound CSP bundle from 1:35 to BPA
[2m2026-08-02T17:03:39.532833Z[0m [32m INFO[0m [2mhardy_cspcl::runtime[0m[2m:[0m Dispatched inbound CSP bundle from 1:35 to BPA
[2m2026-08-02T17:03:39.533210Z[0m [32m INFO[0m [2mhardy_cspcl::runtime[0m[2m:[0m Dispatched inbound CSP bundle from 1:35 to BPA
[2m2026-08-02T17:03:39.533782Z[0m [32m INFO[0m [2mhardy_cspcl::runtime[0m[2m:[0m Dispatched inbound CSP bundle from 1:35 to BPA
[2m2026-08-02T17:03:39.842192Z[0m [32m INFO[0m [2mhardy_cspcl::runtime[0m[2m:[0m Dispatched inbound CSP bundle from 1:35 to BPA
[2m2026-08-02T17:03:40.043181Z[0m [32m INFO[0m [2mhardy_cspcl::runtime[0m[2m:[0m Dispatched inbound CSP bundle from 1:35 to BPA
[2m2026-08-02T17:03:40.143866Z[0m [32m INFO[0m [2mhardy_cspcl::runtime[0m[2m:[0m Dispatched inbound CSP bundle from 1:35 to BPA
[2m2026-08-02T17:03:41.173887Z[0m [32m INFO[0m [2mhardy_cspcl::runtime[0m[2m:[0m Dispatched inbound CSP bundle from 1:35 to BPA
[2m2026-08-02T17:03:41.173993Z[0m [32m INFO[0m [2mhardy_cspcl::runtime[0m[2m:[0m Dispatched inbound CSP bundle from 1:35 to BPA
[2m2026-08-02T17:03:41.210190Z[0m [32m INFO[0m [2mhardy_cspcl::runtime[0m[2m:[0m Dispatched inbound CSP bundle from 1:35 to BPA
[2m2026-08-02T17:03:41.298065Z[0m [32m INFO[0m [2mhardy_cspcl::runtime[0m[2m:[0m Dispatched inbound CSP bundle from 1:35 to BPA
[2m2026-08-02T17:03:41.298774Z[0m [32m INFO[0m [2mhardy_cspcl::runtime[0m[2m:[0m Dispatched inbound CSP bundle from 1:35 to BPA
[2m2026-08-02T17:03:41.299524Z[0m [32m INFO[0m [2mhardy_cspcl::runtime[0m[2m:[0m Dispatched inbound CSP bundle from 1:35 to BPA
[2m2026-08-02T17:03:41.300443Z[0m [32m INFO[0m [2mhardy_cspcl::runtime[0m[2m:[0m Dispatched inbound CSP bundle from 1:35 to BPA
[2m2026-08-02T17:03:41.300827Z[0m [32m INFO[0m [2mhardy_cspcl::runtime[0m[2m:[0m Dispatched inbound CSP bundle from 1:35 to BPA
[2m2026-08-02T17:03:41.675934Z[0m [32m INFO[0m [2mhardy_cspcl::runtime[0m[2m:[0m Dispatched inbound CSP bundle from 1:35 to BPA
[2m2026-08-02T17:03:41.776330Z[0m [32m INFO[0m [2mhardy_cspcl::runtime[0m[2m:[0m Dispatched inbound CSP bundle from 1:35 to BPA
[2m2026-08-02T17:03:42.497365Z[0m [32m INFO[0m [2mhardy_cspcl::runtime[0m[2m:[0m Dispatched inbound CSP bundle from 1:35 to BPA
[2m2026-08-02T17:03:42.497764Z[0m [32m INFO[0m [2mhardy_cspcl::runtime[0m[2m:[0m Dispatched inbound CSP bundle from 1:35 to BPA
[2m2026-08-02T17:03:42.616325Z[0m [32m INFO[0m [2mhardy_cspcl::runtime[0m[2m:[0m Dispatched inbound CSP bundle from 1:35 to BPA
[2m2026-08-02T17:03:42.817928Z[0m [32m INFO[0m [2mhardy_cspcl::runtime[0m[2m:[0m Dispatched inbound CSP bundle from 1:35 to BPA
[2m2026-08-02T17:03:42.819404Z[0m [32m INFO[0m [2mhardy_cspcl::runtime[0m[2m:[0m Dispatched inbound CSP bundle from 1:35 to BPA
[2m2026-08-02T17:03:42.820365Z[0m [32m INFO[0m [2mhardy_cspcl::runtime[0m[2m:[0m Dispatched inbound CSP bundle from 1:35 to BPA
[2m2026-08-02T17:03:42.918815Z[0m [32m INFO[0m [2mhardy_cspcl::runtime[0m[2m:[0m Dispatched inbound CSP bundle from 1:35 to BPA
[2m2026-08-02T17:03:42.919626Z[0m [32m INFO[0m [2mhardy_cspcl::runtime[0m[2m:[0m Dispatched inbound CSP bundle from 1:35 to BPA
[2m2026-08-02T17:03:43.119835Z[0m [32m INFO[0m [2mhardy_cspcl::runtime[0m[2m:[0m Dispatched inbound CSP bundle from 1:35 to BPA
[2m2026-08-02T17:03:43.520675Z[0m [32m INFO[0m [2mhardy_cspcl::runtime[0m[2m:[0m Dispatched inbound CSP bundle from 1:35 to BPA
[2m2026-08-02T17:03:44.042941Z[0m [32m INFO[0m [2mhardy_cspcl::runtime[0m[2m:[0m Dispatched inbound CSP bundle from 1:35 to BPA
[2m2026-08-02T17:03:44.043355Z[0m [32m INFO[0m [2mhardy_cspcl::runtime[0m[2m:[0m Dispatched inbound CSP bundle from 1:35 to BPA
[2m2026-08-02T17:03:44.162652Z[0m [32m INFO[0m [2mhardy_cspcl::runtime[0m[2m:[0m Dispatched inbound CSP bundle from 1:35 to BPA
[2m2026-08-02T17:03:44.263773Z[0m [32m INFO[0m [2mhardy_cspcl::runtime[0m[2m:[0m Dispatched inbound CSP bundle from 1:35 to BPA
[2m2026-08-02T17:03:44.264401Z[0m [32m INFO[0m [2mhardy_cspcl::runtime[0m[2m:[0m Dispatched inbound CSP bundle from 1:35 to BPA
[2m2026-08-02T17:03:44.565217Z[0m [32m INFO[0m [2mhardy_cspcl::runtime[0m[2m:[0m Dispatched inbound CSP bundle from 1:35 to BPA
[2m2026-08-02T17:03:44.565685Z[0m [32m INFO[0m [2mhardy_cspcl::runtime[0m[2m:[0m Dispatched inbound CSP bundle from 1:35 to BPA
[2m2026-08-02T17:03:44.566218Z[0m [32m INFO[0m [2mhardy_cspcl::runtime[0m[2m:[0m Dispatched inbound CSP bundle from 1:35 to BPA
[2m2026-08-02T17:03:44.665884Z[0m [32m INFO[0m [2mhardy_cspcl::runtime[0m[2m:[0m Dispatched inbound CSP bundle from 1:35 to BPA
[2m2026-08-02T17:03:44.766156Z[0m [32m INFO[0m [2mhardy_cspcl::runtime[0m[2m:[0m Dispatched inbound CSP bundle from 1:35 to BPA
[2m2026-08-02T17:03:45.594424Z[0m [32m INFO[0m [2mhardy_cspcl::runtime[0m[2m:[0m Dispatched inbound CSP bundle from 1:35 to BPA
[2m2026-08-02T17:03:45.594713Z[0m [32m INFO[0m [2mhardy_cspcl::runtime[0m[2m:[0m Dispatched inbound CSP bundle from 1:35 to BPA
[2m2026-08-02T17:03:45.625015Z[0m [32m INFO[0m [2mhardy_cspcl::runtime[0m[2m:[0m Dispatched inbound CSP bundle from 1:35 to BPA
[2m2026-08-02T17:03:45.813040Z[0m [32m INFO[0m [2mhardy_cspcl::runtime[0m[2m:[0m Dispatched inbound CSP bundle from 1:35 to BPA
[2m2026-08-02T17:03:45.813479Z[0m [32m INFO[0m [2mhardy_cspcl::runtime[0m[2m:[0m Dispatched inbound CSP bundle from 1:35 to BPA
[2m2026-08-02T17:03:45.913975Z[0m [32m INFO[0m [2mhardy_cspcl::runtime[0m[2m:[0m Dispatched inbound CSP bundle from 1:35 to BPA
[2m2026-08-02T17:03:46.115865Z[0m [32m INFO[0m [2mhardy_cspcl::runtime[0m[2m:[0m Dispatched inbound CSP bundle from 1:35 to BPA
[2m2026-08-02T17:03:46.116736Z[0m [32m INFO[0m [2mhardy_cspcl::runtime[0m[2m:[0m Dispatched inbound CSP bundle from 1:35 to BPA
[2m2026-08-02T17:03:46.316899Z[0m [32m INFO[0m [2mhardy_cspcl::runtime[0m[2m:[0m Dispatched inbound CSP bundle from 1:35 to BPA
[2m2026-08-02T17:03:46.317854Z[0m [32m INFO[0m [2mhardy_cspcl::runtime[0m[2m:[0m Dispatched inbound CSP bundle from 1:35 to BPA
[2m2026-08-02T17:03:47.138026Z[0m [32m INFO[0m [2mhardy_cspcl::runtime[0m[2m:[0m Dispatched inbound CSP bundle from 1:35 to BPA
[2m2026-08-02T17:03:47.138266Z[0m [32m INFO[0m [2mhardy_cspcl::runtime[0m[2m:[0m Dispatched inbound CSP bundle from 1:35 to BPA
[2m2026-08-02T17:03:47.175185Z[0m [32m INFO[0m [2mhardy_cspcl::runtime[0m[2m:[0m Dispatched inbound CSP bundle from 1:35 to BPA
[2m2026-08-02T17:03:47.439555Z[0m [32m INFO[0m [2mhardy_cspcl::runtime[0m[2m:[0m Dispatched inbound CSP bundle from 1:35 to BPA
[2m2026-08-02T17:03:47.440223Z[0m [32m INFO[0m [2mhardy_cspcl::runtime[0m[2m:[0m Dispatched inbound CSP bundle from 1:35 to BPA
[2m2026-08-02T17:03:47.441029Z[0m [32m INFO[0m [2mhardy_cspcl::runtime[0m[2m:[0m Dispatched inbound CSP bundle from 1:35 to BPA
[2m2026-08-02T17:03:47.441428Z[0m [32m INFO[0m [2mhardy_cspcl::runtime[0m[2m:[0m Dispatched inbound CSP bundle from 1:35 to BPA
[2m2026-08-02T17:03:47.442040Z[0m [32m INFO[0m [2mhardy_cspcl::runtime[0m[2m:[0m Dispatched inbound CSP bundle from 1:35 to BPA
[2m2026-08-02T17:03:47.843920Z[0m [32m INFO[0m [2mhardy_cspcl::runtime[0m[2m:[0m Dispatched inbound CSP bundle from 1:35 to BPA
[2m2026-08-02T17:03:47.844824Z[0m [32m INFO[0m [2mhardy_cspcl::runtime[0m[2m:[0m Dispatched inbound CSP bundle from 1:35 to BPA
[2m2026-08-02T17:03:48.670663Z[0m [32m INFO[0m [2mhardy_cspcl::runtime[0m[2m:[0m Dispatched inbound CSP bundle from 1:35 to BPA
[2m2026-08-02T17:03:48.670996Z[0m [32m INFO[0m [2mhardy_cspcl::runtime[0m[2m:[0m Dispatched inbound CSP bundle from 1:35 to BPA
[2m2026-08-02T17:03:48.907886Z[0m [32m INFO[0m [2mhardy_cspcl::runtime[0m[2m:[0m Dispatched inbound CSP bundle from 1:35 to BPA
[2m2026-08-02T17:03:48.908918Z[0m [32m INFO[0m [2mhardy_cspcl::runtime[0m[2m:[0m Dispatched inbound CSP bundle from 1:35 to BPA
[2m2026-08-02T17:03:48.909808Z[0m [32m INFO[0m [2mhardy_cspcl::runtime[0m[2m:[0m Dispatched inbound CSP bundle from 1:35 to BPA
[2m2026-08-02T17:03:49.008456Z[0m [32m INFO[0m [2mhardy_cspcl::runtime[0m[2m:[0m Dispatched inbound CSP bundle from 1:35 to BPA
[2m2026-08-02T17:03:49.209201Z[0m [32m INFO[0m [2mhardy_cspcl::runtime[0m[2m:[0m Dispatched inbound CSP bundle from 1:35 to BPA
[2m2026-08-02T17:03:49.209980Z[0m [32m INFO[0m [2mhardy_cspcl::runtime[0m[2m:[0m Dispatched inbound CSP bundle from 1:35 to BPA
[2m2026-08-02T17:03:49.309796Z[0m [32m INFO[0m [2mhardy_cspcl::runtime[0m[2m:[0m Dispatched inbound CSP bundle from 1:35 to BPA
[2m2026-08-02T17:03:49.410460Z[0m [32m INFO[0m [2mhardy_cspcl::runtime[0m[2m:[0m Dispatched inbound CSP bundle from 1:35 to BPA
[2m2026-08-02T17:03:50.240863Z[0m [32m INFO[0m [2mhardy_cspcl::runtime[0m[2m:[0m Dispatched inbound CSP bundle from 1:35 to BPA
[2m2026-08-02T17:03:50.241153Z[0m [32m INFO[0m [2mhardy_cspcl::runtime[0m[2m:[0m Dispatched inbound CSP bundle from 1:35 to BPA
[2m2026-08-02T17:03:50.354557Z[0m [32m INFO[0m [2mhardy_cspcl::runtime[0m[2m:[0m Dispatched inbound CSP bundle from 1:35 to BPA
[2m2026-08-02T17:03:50.354842Z[0m [32m INFO[0m [2mhardy_cspcl::runtime[0m[2m:[0m Dispatched inbound CSP bundle from 1:35 to BPA
[2m2026-08-02T17:03:50.656767Z[0m [32m INFO[0m [2mhardy_cspcl::runtime[0m[2m:[0m Dispatched inbound CSP bundle from 1:35 to BPA
[2m2026-08-02T17:03:50.657475Z[0m [32m INFO[0m [2mhardy_cspcl::runtime[0m[2m:[0m Dispatched inbound CSP bundle from 1:35 to BPA
[2m2026-08-02T17:03:50.658335Z[0m [32m INFO[0m [2mhardy_cspcl::runtime[0m[2m:[0m Dispatched inbound CSP bundle from 1:35 to BPA
[2m2026-08-02T17:03:50.659283Z[0m [32m INFO[0m [2mhardy_cspcl::runtime[0m[2m:[0m Dispatched inbound CSP bundle from 1:35 to BPA
[2m2026-08-02T17:03:50.857762Z[0m [32m INFO[0m [2mhardy_cspcl::runtime[0m[2m:[0m Dispatched inbound CSP bundle from 1:35 to BPA
[2m2026-08-02T17:03:50.958610Z[0m [32m INFO[0m [2mhardy_cspcl::runtime[0m[2m:[0m Dispatched inbound CSP bundle from 1:35 to BPA
[2m2026-08-02T17:03:51.886265Z[0m [32m INFO[0m [2mhardy_cspcl::runtime[0m[2m:[0m Dispatched inbound CSP bundle from 1:35 to BPA
[2m2026-08-02T17:03:51.886458Z[0m [32m INFO[0m [2mhardy_cspcl::runtime[0m[2m:[0m Dispatched inbound CSP bundle from 1:35 to BPA
[2m2026-08-02T17:03:51.923664Z[0m [32m INFO[0m [2mhardy_cspcl::runtime[0m[2m:[0m Dispatched inbound CSP bundle from 1:35 to BPA
[2m2026-08-02T17:03:52.009462Z[0m [32m INFO[0m [2mhardy_cspcl::runtime[0m[2m:[0m Dispatched inbound CSP bundle from 1:35 to BPA
[2m2026-08-02T17:03:52.010030Z[0m [32m INFO[0m [2mhardy_cspcl::runtime[0m[2m:[0m Dispatched inbound CSP bundle from 1:35 to BPA
[2m2026-08-02T17:03:52.010436Z[0m [32m INFO[0m [2mhardy_cspcl::runtime[0m[2m:[0m Dispatched inbound CSP bundle from 1:35 to BPA
[2m2026-08-02T17:03:52.088145Z[0m [32m INFO[0m [2mhardy_cspcl::runtime[0m[2m:[0m Dispatched inbound CSP bundle from 1:35 to BPA
[2m2026-08-02T17:03:52.089089Z[0m [32m INFO[0m [2mhardy_cspcl::runtime[0m[2m:[0m Dispatched inbound CSP bundle from 1:35 to BPA
[2m2026-08-02T17:03:52.491477Z[0m [32m INFO[0m [2mhardy_cspcl::runtime[0m[2m:[0m Dispatched inbound CSP bundle from 1:35 to BPA
[2m2026-08-02T17:03:52.593201Z[0m [32m INFO[0m [2mhardy_cspcl::runtime[0m[2m:[0m Dispatched inbound CSP bundle from 1:35 to BPA
[2m2026-08-02T17:03:53.323110Z[0m [32m INFO[0m [2mhardy_cspcl::runtime[0m[2m:[0m Dispatched inbound CSP bundle from 1:35 to BPA
[2m2026-08-02T17:03:53.323442Z[0m [32m INFO[0m [2mhardy_cspcl::runtime[0m[2m:[0m Dispatched inbound CSP bundle from 1:35 to BPA
[2m2026-08-02T17:03:53.459449Z[0m [32m INFO[0m [2mhardy_cspcl::runtime[0m[2m:[0m Dispatched inbound CSP bundle from 1:35 to BPA
[2m2026-08-02T17:03:53.760716Z[0m [32m INFO[0m [2mhardy_cspcl::runtime[0m[2m:[0m Dispatched inbound CSP bundle from 1:35 to BPA
[2m2026-08-02T17:03:53.761141Z[0m [32m INFO[0m [2mhardy_cspcl::runtime[0m[2m:[0m Dispatched inbound CSP bundle from 1:35 to BPA
[2m2026-08-02T17:03:53.761485Z[0m [32m INFO[0m [2mhardy_cspcl::runtime[0m[2m:[0m Dispatched inbound CSP bundle from 1:35 to BPA
[2m2026-08-02T17:03:53.761889Z[0m [32m INFO[0m [2mhardy_cspcl::runtime[0m[2m:[0m Dispatched inbound CSP bundle from 1:35 to BPA
[2m2026-08-02T17:03:53.762188Z[0m [32m INFO[0m [2mhardy_cspcl::runtime[0m[2m:[0m Dispatched inbound CSP bundle from 1:35 to BPA
[2m2026-08-02T17:03:53.961836Z[0m [32m INFO[0m [2mhardy_cspcl::runtime[0m[2m:[0m Dispatched inbound CSP bundle from 1:35 to BPA
[2m2026-08-02T17:03:54.061994Z[0m [32m INFO[0m [2mhardy_cspcl::runtime[0m[2m:[0m Dispatched inbound CSP bundle from 1:35 to BPA
[2m2026-08-02T17:03:54.883755Z[0m [32m INFO[0m [2mhardy_cspcl::runtime[0m[2m:[0m Dispatched inbound CSP bundle from 1:35 to BPA
[2m2026-08-02T17:03:54.884045Z[0m [32m INFO[0m [2mhardy_cspcl::runtime[0m[2m:[0m Dispatched inbound CSP bundle from 1:35 to BPA
[2m2026-08-02T17:03:54.998691Z[0m [32m INFO[0m [2mhardy_cspcl::runtime[0m[2m:[0m Dispatched inbound CSP bundle from 1:35 to BPA
[2m2026-08-02T17:03:54.999511Z[0m [32m INFO[0m [2mhardy_cspcl::runtime[0m[2m:[0m Dispatched inbound CSP bundle from 1:35 to BPA
[2m2026-08-02T17:03:55.000138Z[0m [32m INFO[0m [2mhardy_cspcl::runtime[0m[2m:[0m Dispatched inbound CSP bundle from 1:35 to BPA
[2m2026-08-02T17:03:55.000725Z[0m [32m INFO[0m [2mhardy_cspcl::runtime[0m[2m:[0m Dispatched inbound CSP bundle from 1:35 to BPA
[2m2026-08-02T17:03:55.001251Z[0m [32m INFO[0m [2mhardy_cspcl::runtime[0m[2m:[0m Dispatched inbound CSP bundle from 1:35 to BPA
[2m2026-08-02T17:03:55.302478Z[0m [32m INFO[0m [2mhardy_cspcl::runtime[0m[2m:[0m Dispatched inbound CSP bundle from 1:35 to BPA
[2m2026-08-02T17:03:55.503886Z[0m [32m INFO[0m [2mhardy_cspcl::runtime[0m[2m:[0m Dispatched inbound CSP bundle from 1:35 to BPA
[2m2026-08-02T17:03:55.604200Z[0m [32m INFO[0m [2mhardy_cspcl::runtime[0m[2m:[0m Dispatched inbound CSP bundle from 1:35 to BPA
[2m2026-08-02T17:03:56.632814Z[0m [32m INFO[0m [2mhardy_cspcl::runtime[0m[2m:[0m Dispatched inbound CSP bundle from 1:35 to BPA
[2m2026-08-02T17:03:56.632998Z[0m [32m INFO[0m [2mhardy_cspcl::runtime[0m[2m:[0m Dispatched inbound CSP bundle from 1:35 to BPA
[2m2026-08-02T17:03:56.746328Z[0m [32m INFO[0m [2mhardy_cspcl::runtime[0m[2m:[0m Dispatched inbound CSP bundle from 1:35 to BPA
[2m2026-08-02T17:03:56.746946Z[0m [32m INFO[0m [2mhardy_cspcl::runtime[0m[2m:[0m Dispatched inbound CSP bundle from 1:35 to BPA
[2m2026-08-02T17:03:56.747699Z[0m [32m INFO[0m [2mhardy_cspcl::runtime[0m[2m:[0m Dispatched inbound CSP bundle from 1:35 to BPA
[2m2026-08-02T17:03:56.748029Z[0m [32m INFO[0m [2mhardy_cspcl::runtime[0m[2m:[0m Dispatched inbound CSP bundle from 1:35 to BPA
[2m2026-08-02T17:03:56.748394Z[0m [32m INFO[0m [2mhardy_cspcl::runtime[0m[2m:[0m Dispatched inbound CSP bundle from 1:35 to BPA
[2m2026-08-02T17:03:56.748584Z[0m [32m INFO[0m [2mhardy_cspcl::runtime[0m[2m:[0m Dispatched inbound CSP bundle from 1:35 to BPA
[2m2026-08-02T17:03:57.035139Z[0m [32m INFO[0m [2mhardy_cspcl::runtime[0m[2m:[0m Dispatched inbound CSP bundle from 1:35 to BPA
[2m2026-08-02T17:03:57.136406Z[0m [32m INFO[0m [2mhardy_cspcl::runtime[0m[2m:[0m Dispatched inbound CSP bundle from 1:35 to BPA
[2m2026-08-02T17:03:57.967620Z[0m [32m INFO[0m [2mhardy_cspcl::runtime[0m[2m:[0m Dispatched inbound CSP bundle from 1:35 to BPA
[2m2026-08-02T17:03:57.967801Z[0m [32m INFO[0m [2mhardy_cspcl::runtime[0m[2m:[0m Dispatched inbound CSP bundle from 1:35 to BPA
[2m2026-08-02T17:03:58.080503Z[0m [32m INFO[0m [2mhardy_cspcl::runtime[0m[2m:[0m Dispatched inbound CSP bundle from 1:35 to BPA
[2m2026-08-02T17:03:58.080645Z[0m [32m INFO[0m [2mhardy_cspcl::runtime[0m[2m:[0m Dispatched inbound CSP bundle from 1:35 to BPA
[2m2026-08-02T17:03:58.281266Z[0m [32m INFO[0m [2mhardy_cspcl::runtime[0m[2m:[0m Dispatched inbound CSP bundle from 1:35 to BPA
[2m2026-08-02T17:03:58.281762Z[0m [32m INFO[0m [2mhardy_cspcl::runtime[0m[2m:[0m Dispatched inbound CSP bundle from 1:35 to BPA
[2m2026-08-02T17:03:58.583238Z[0m [32m INFO[0m [2mhardy_cspcl::runtime[0m[2m:[0m Dispatched inbound CSP bundle from 1:35 to BPA
[2m2026-08-02T17:03:58.584314Z[0m [32m INFO[0m [2mhardy_cspcl::runtime[0m[2m:[0m Dispatched inbound CSP bundle from 1:35 to BPA
[2m2026-08-02T17:03:58.585038Z[0m [32m INFO[0m [2mhardy_cspcl::runtime[0m[2m:[0m Dispatched inbound CSP bundle from 1:35 to BPA
[2m2026-08-02T17:03:58.684006Z[0m [32m INFO[0m [2mhardy_cspcl::runtime[0m[2m:[0m Dispatched inbound CSP bundle from 1:35 to BPA
[2m2026-08-02T17:03:59.510899Z[0m [32m INFO[0m [2mhardy_cspcl::runtime[0m[2m:[0m Dispatched inbound CSP bundle from 1:35 to BPA
[2m2026-08-02T17:03:59.511288Z[0m [32m INFO[0m [2mhardy_cspcl::runtime[0m[2m:[0m Dispatched inbound CSP bundle from 1:35 to BPA
[2m2026-08-02T17:03:59.624566Z[0m [32m INFO[0m [2mhardy_cspcl::runtime[0m[2m:[0m Dispatched inbound CSP bundle from 1:35 to BPA
[2m2026-08-02T17:03:59.624960Z[0m [32m INFO[0m [2mhardy_cspcl::runtime[0m[2m:[0m Dispatched inbound CSP bundle from 1:35 to BPA
[2m2026-08-02T17:03:59.925828Z[0m [32m INFO[0m [2mhardy_cspcl::runtime[0m[2m:[0m Dispatched inbound CSP bundle from 1:35 to BPA
[2m2026-08-02T17:03:59.926516Z[0m [32m INFO[0m [2mhardy_cspcl::runtime[0m[2m:[0m Dispatched inbound CSP bundle from 1:35 to BPA
[2m2026-08-02T17:03:59.927372Z[0m [32m INFO[0m [2mhardy_cspcl::runtime[0m[2m:[0m Dispatched inbound CSP bundle from 1:35 to BPA
[2m2026-08-02T17:03:59.927782Z[0m [32m INFO[0m [2mhardy_cspcl::runtime[0m[2m:[0m Dispatched inbound CSP bundle from 1:35 to BPA
[2m2026-08-02T17:04:00.227593Z[0m [32m INFO[0m [2mhardy_cspcl::runtime[0m[2m:[0m Dispatched inbound CSP bundle from 1:35 to BPA
[2m2026-08-02T17:04:00.327895Z[0m [32m INFO[0m [2mhardy_cspcl::runtime[0m[2m:[0m Dispatched inbound CSP bundle from 1:35 to BPA
[2m2026-08-02T17:04:01.150976Z[0m [32m INFO[0m [2mhardy_cspcl::runtime[0m[2m:[0m Dispatched inbound CSP bundle from 1:35 to BPA
[2m2026-08-02T17:04:01.151294Z[0m [32m INFO[0m [2mhardy_cspcl::runtime[0m[2m:[0m Dispatched inbound CSP bundle from 1:35 to BPA
[2m2026-08-02T17:04:01.193374Z[0m [32m INFO[0m [2mhardy_cspcl::runtime[0m[2m:[0m Dispatched inbound CSP bundle from 1:35 to BPA
[2m2026-08-02T17:04:01.279509Z[0m [32m INFO[0m [2mhardy_cspcl::runtime[0m[2m:[0m Dispatched inbound CSP bundle from 1:35 to BPA
[2m2026-08-02T17:04:01.279973Z[0m [32m INFO[0m [2mhardy_cspcl::runtime[0m[2m:[0m Dispatched inbound CSP bundle from 1:35 to BPA
[2m2026-08-02T17:04:01.280378Z[0m [32m INFO[0m [2mhardy_cspcl::runtime[0m[2m:[0m Dispatched inbound CSP bundle from 1:35 to BPA
[2m2026-08-02T17:04:01.280611Z[0m [32m INFO[0m [2mhardy_cspcl::runtime[0m[2m:[0m Dispatched inbound CSP bundle from 1:35 to BPA
[2m2026-08-02T17:04:01.353077Z[0m [32m INFO[0m [2mhardy_cspcl::runtime[0m[2m:[0m Dispatched inbound CSP bundle from 1:35 to BPA
[2m2026-08-02T17:04:01.755460Z[0m [32m INFO[0m [2mhardy_cspcl::runtime[0m[2m:[0m Dispatched inbound CSP bundle from 1:35 to BPA
[2m2026-08-02T17:04:01.756320Z[0m [32m INFO[0m [2mhardy_cspcl::runtime[0m[2m:[0m Dispatched inbound CSP bundle from 1:35 to BPA
[2m2026-08-02T17:04:02.581496Z[0m [32m INFO[0m [2mhardy_cspcl::runtime[0m[2m:[0m Dispatched inbound CSP bundle from 1:35 to BPA
[2m2026-08-02T17:04:02.581666Z[0m [32m INFO[0m [2mhardy_cspcl::runtime[0m[2m:[0m Dispatched inbound CSP bundle from 1:35 to BPA
[2m2026-08-02T17:04:02.695566Z[0m [32m INFO[0m [2mhardy_cspcl::runtime[0m[2m:[0m Dispatched inbound CSP bundle from 1:35 to BPA
[2m2026-08-02T17:04:02.696127Z[0m [32m INFO[0m [2mhardy_cspcl::runtime[0m[2m:[0m Dispatched inbound CSP bundle from 1:35 to BPA
[2m2026-08-02T17:04:02.797215Z[0m [32m INFO[0m [2mhardy_cspcl::runtime[0m[2m:[0m Dispatched inbound CSP bundle from 1:35 to BPA
[2m2026-08-02T17:04:03.098310Z[0m [32m INFO[0m [2mhardy_cspcl::runtime[0m[2m:[0m Dispatched inbound CSP bundle from 1:35 to BPA
[2m2026-08-02T17:04:03.099276Z[0m [32m INFO[0m [2mhardy_cspcl::runtime[0m[2m:[0m Dispatched inbound CSP bundle from 1:35 to BPA
[2m2026-08-02T17:04:03.100207Z[0m [32m INFO[0m [2mhardy_cspcl::runtime[0m[2m:[0m Dispatched inbound CSP bundle from 1:35 to BPA
[2m2026-08-02T17:04:03.299514Z[0m [32m INFO[0m [2mhardy_cspcl::runtime[0m[2m:[0m Dispatched inbound CSP bundle from 1:35 to BPA
[2m2026-08-02T17:04:03.299970Z[0m [32m INFO[0m [2mhardy_cspcl::runtime[0m[2m:[0m Dispatched inbound CSP bundle from 1:35 to BPA
[2m2026-08-02T17:04:04.330164Z[0m [32m INFO[0m [2mhardy_cspcl::runtime[0m[2m:[0m Dispatched inbound CSP bundle from 1:35 to BPA
[2m2026-08-02T17:04:04.330412Z[0m [32m INFO[0m [2mhardy_cspcl::runtime[0m[2m:[0m Dispatched inbound CSP bundle from 1:35 to BPA
[2m2026-08-02T17:04:04.444883Z[0m [32m INFO[0m [2mhardy_cspcl::runtime[0m[2m:[0m Dispatched inbound CSP bundle from 1:35 to BPA
[2m2026-08-02T17:04:04.445740Z[0m [32m INFO[0m [2mhardy_cspcl::runtime[0m[2m:[0m Dispatched inbound CSP bundle from 1:35 to BPA
[2m2026-08-02T17:04:04.446378Z[0m [32m INFO[0m [2mhardy_cspcl::runtime[0m[2m:[0m Dispatched inbound CSP bundle from 1:35 to BPA
[2m2026-08-02T17:04:04.447035Z[0m [32m INFO[0m [2mhardy_cspcl::runtime[0m[2m:[0m Dispatched inbound CSP bundle from 1:35 to BPA
[2m2026-08-02T17:04:04.447614Z[0m [32m INFO[0m [2mhardy_cspcl::runtime[0m[2m:[0m Dispatched inbound CSP bundle from 1:35 to BPA
[2m2026-08-02T17:04:04.447989Z[0m [32m INFO[0m [2mhardy_cspcl::runtime[0m[2m:[0m Dispatched inbound CSP bundle from 1:35 to BPA
[2m2026-08-02T17:04:04.732755Z[0m [32m INFO[0m [2mhardy_cspcl::runtime[0m[2m:[0m Dispatched inbound CSP bundle from 1:35 to BPA
[2m2026-08-02T17:04:04.832774Z[0m [32m INFO[0m [2mhardy_cspcl::runtime[0m[2m:[0m Dispatched inbound CSP bundle from 1:35 to BPA
[2m2026-08-02T17:04:05.766946Z[0m [32m INFO[0m [2mhardy_cspcl::runtime[0m[2m:[0m Dispatched inbound CSP bundle from 1:35 to BPA
[2m2026-08-02T17:04:05.767160Z[0m [32m INFO[0m [2mhardy_cspcl::runtime[0m[2m:[0m Dispatched inbound CSP bundle from 1:35 to BPA
[2m2026-08-02T17:04:05.804171Z[0m [32m INFO[0m [2mhardy_cspcl::runtime[0m[2m:[0m Dispatched inbound CSP bundle from 1:35 to BPA
[2m2026-08-02T17:04:05.891009Z[0m [32m INFO[0m [2mhardy_cspcl::runtime[0m[2m:[0m Dispatched inbound CSP bundle from 1:35 to BPA
[2m2026-08-02T17:04:05.891780Z[0m [32m INFO[0m [2mhardy_cspcl::runtime[0m[2m:[0m Dispatched inbound CSP bundle from 1:35 to BPA
[2m2026-08-02T17:04:05.892652Z[0m [32m INFO[0m [2mhardy_cspcl::runtime[0m[2m:[0m Dispatched inbound CSP bundle from 1:35 to BPA
[2m2026-08-02T17:04:05.893296Z[0m [32m INFO[0m [2mhardy_cspcl::runtime[0m[2m:[0m Dispatched inbound CSP bundle from 1:35 to BPA
[2m2026-08-02T17:04:05.968842Z[0m [32m INFO[0m [2mhardy_cspcl::runtime[0m[2m:[0m Dispatched inbound CSP bundle from 1:35 to BPA
[2m2026-08-02T17:04:06.471786Z[0m [32m INFO[0m [2mhardy_cspcl::runtime[0m[2m:[0m Dispatched inbound CSP bundle from 1:35 to BPA
[2m2026-08-02T17:04:06.573366Z[0m [32m INFO[0m [2mhardy_cspcl::runtime[0m[2m:[0m Dispatched inbound CSP bundle from 1:35 to BPA
[2m2026-08-02T17:04:07.095035Z[0m [32m INFO[0m [2mhardy_cspcl::runtime[0m[2m:[0m Dispatched inbound CSP bundle from 1:35 to BPA
[2m2026-08-02T17:04:07.396513Z[0m [32m INFO[0m [2mhardy_cspcl::runtime[0m[2m:[0m Dispatched inbound CSP bundle from 1:35 to BPA
[2m2026-08-02T17:04:07.397731Z[0m [32m INFO[0m [2mhardy_cspcl::runtime[0m[2m:[0m Dispatched inbound CSP bundle from 1:35 to BPA
[2m2026-08-02T17:04:07.398834Z[0m [32m INFO[0m [2mhardy_cspcl::runtime[0m[2m:[0m Dispatched inbound CSP bundle from 1:35 to BPA
[2m2026-08-02T17:04:07.399773Z[0m [32m INFO[0m [2mhardy_cspcl::runtime[0m[2m:[0m Dispatched inbound CSP bundle from 1:35 to BPA
[2m2026-08-02T17:04:07.400464Z[0m [32m INFO[0m [2mhardy_cspcl::runtime[0m[2m:[0m Dispatched inbound CSP bundle from 1:35 to BPA
[2m2026-08-02T17:04:07.400907Z[0m [32m INFO[0m [2mhardy_cspcl::runtime[0m[2m:[0m Dispatched inbound CSP bundle from 1:35 to BPA
[2m2026-08-02T17:04:07.598069Z[0m [32m INFO[0m [2mhardy_cspcl::runtime[0m[2m:[0m Dispatched inbound CSP bundle from 1:35 to BPA
[2m2026-08-02T17:04:07.899028Z[0m [32m INFO[0m [2mhardy_cspcl::runtime[0m[2m:[0m Dispatched inbound CSP bundle from 1:35 to BPA
[2m2026-08-02T17:04:08.100104Z[0m [32m INFO[0m [2mhardy_cspcl::runtime[0m[2m:[0m Dispatched inbound CSP bundle from 1:35 to BPA
[2m2026-08-02T17:04:09.029622Z[0m [32m INFO[0m [2mhardy_cspcl::runtime[0m[2m:[0m Dispatched inbound CSP bundle from 1:35 to BPA
[2m2026-08-02T17:04:09.029801Z[0m [32m INFO[0m [2mhardy_cspcl::runtime[0m[2m:[0m Dispatched inbound CSP bundle from 1:35 to BPA
[2m2026-08-02T17:04:09.143082Z[0m [32m INFO[0m [2mhardy_cspcl::runtime[0m[2m:[0m Dispatched inbound CSP bundle from 1:35 to BPA
[2m2026-08-02T17:04:09.143645Z[0m [32m INFO[0m [2mhardy_cspcl::runtime[0m[2m:[0m Dispatched inbound CSP bundle from 1:35 to BPA
[2m2026-08-02T17:04:09.144428Z[0m [32m INFO[0m [2mhardy_cspcl::runtime[0m[2m:[0m Dispatched inbound CSP bundle from 1:35 to BPA
[2m2026-08-02T17:04:09.144927Z[0m [32m INFO[0m [2mhardy_cspcl::runtime[0m[2m:[0m Dispatched inbound CSP bundle from 1:35 to BPA
[2m2026-08-02T17:04:09.145193Z[0m [32m INFO[0m [2mhardy_cspcl::runtime[0m[2m:[0m Dispatched inbound CSP bundle from 1:35 to BPA
[2m2026-08-02T17:04:09.145504Z[0m [32m INFO[0m [2mhardy_cspcl::runtime[0m[2m:[0m Dispatched inbound CSP bundle from 1:35 to BPA
[2m2026-08-02T17:04:09.432268Z[0m [32m INFO[0m [2mhardy_cspcl::runtime[0m[2m:[0m Dispatched inbound CSP bundle from 1:35 to BPA
[2m2026-08-02T17:04:09.532144Z[0m [32m INFO[0m [2mhardy_cspcl::runtime[0m[2m:[0m Dispatched inbound CSP bundle from 1:35 to BPA
[2m2026-08-02T17:04:10.363823Z[0m [32m INFO[0m [2mhardy_cspcl::runtime[0m[2m:[0m Dispatched inbound CSP bundle from 1:35 to BPA
[2m2026-08-02T17:04:10.364109Z[0m [32m INFO[0m [2mhardy_cspcl::runtime[0m[2m:[0m Dispatched inbound CSP bundle from 1:35 to BPA
[2m2026-08-02T17:04:10.478203Z[0m [32m INFO[0m [2mhardy_cspcl::runtime[0m[2m:[0m Dispatched inbound CSP bundle from 1:35 to BPA
[2m2026-08-02T17:04:10.478897Z[0m [32m INFO[0m [2mhardy_cspcl::runtime[0m[2m:[0m Dispatched inbound CSP bundle from 1:35 to BPA
[2m2026-08-02T17:04:10.780551Z[0m [32m INFO[0m [2mhardy_cspcl::runtime[0m[2m:[0m Dispatched inbound CSP bundle from 1:35 to BPA
[2m2026-08-02T17:04:10.781066Z[0m [32m INFO[0m [2mhardy_cspcl::runtime[0m[2m:[0m Dispatched inbound CSP bundle from 1:35 to BPA
[2m2026-08-02T17:04:10.781462Z[0m [32m INFO[0m [2mhardy_cspcl::runtime[0m[2m:[0m Dispatched inbound CSP bundle from 1:35 to BPA
[2m2026-08-02T17:04:10.781939Z[0m [32m INFO[0m [2mhardy_cspcl::runtime[0m[2m:[0m Dispatched inbound CSP bundle from 1:35 to BPA
[2m2026-08-02T17:04:10.982091Z[0m [32m INFO[0m [2mhardy_cspcl::runtime[0m[2m:[0m Dispatched inbound CSP bundle from 1:35 to BPA
[2m2026-08-02T17:04:11.082702Z[0m [32m INFO[0m [2mhardy_cspcl::runtime[0m[2m:[0m Dispatched inbound CSP bundle from 1:35 to BPA
[2m2026-08-02T17:04:12.014676Z[0m [32m INFO[0m [2mhardy_cspcl::runtime[0m[2m:[0m Dispatched inbound CSP bundle from 1:35 to BPA
[2m2026-08-02T17:04:12.015140Z[0m [32m INFO[0m [2mhardy_cspcl::runtime[0m[2m:[0m Dispatched inbound CSP bundle from 1:35 to BPA
[2m2026-08-02T17:04:12.051067Z[0m [32m INFO[0m [2mhardy_cspcl::runtime[0m[2m:[0m Dispatched inbound CSP bundle from 1:35 to BPA
[2m2026-08-02T17:04:12.138458Z[0m [32m INFO[0m [2mhardy_cspcl::runtime[0m[2m:[0m Dispatched inbound CSP bundle from 1:35 to BPA
[2m2026-08-02T17:04:12.139489Z[0m [32m INFO[0m [2mhardy_cspcl::runtime[0m[2m:[0m Dispatched inbound CSP bundle from 1:35 to BPA
[2m2026-08-02T17:04:12.216342Z[0m [32m INFO[0m [2mhardy_cspcl::runtime[0m[2m:[0m Dispatched inbound CSP bundle from 1:35 to BPA
[2m2026-08-02T17:04:12.216852Z[0m [32m INFO[0m [2mhardy_cspcl::runtime[0m[2m:[0m Dispatched inbound CSP bundle from 1:35 to BPA
[2m2026-08-02T17:04:12.217299Z[0m [32m INFO[0m [2mhardy_cspcl::runtime[0m[2m:[0m Dispatched inbound CSP bundle from 1:35 to BPA
[2m2026-08-02T17:04:12.619458Z[0m [32m INFO[0m [2mhardy_cspcl::runtime[0m[2m:[0m Dispatched inbound CSP bundle from 1:35 to BPA
[2m2026-08-02T17:04:12.619837Z[0m [32m INFO[0m [2mhardy_cspcl::runtime[0m[2m:[0m Dispatched inbound CSP bundle from 1:35 to BPA
[2m2026-08-02T17:04:13.447095Z[0m [32m INFO[0m [2mhardy_cspcl::runtime[0m[2m:[0m Dispatched inbound CSP bundle from 1:35 to BPA
[2m2026-08-02T17:04:13.447262Z[0m [32m INFO[0m [2mhardy_cspcl::runtime[0m[2m:[0m Dispatched inbound CSP bundle from 1:35 to BPA
[2m2026-08-02T17:04:13.561093Z[0m [32m INFO[0m [2mhardy_cspcl::runtime[0m[2m:[0m Dispatched inbound CSP bundle from 1:35 to BPA
[2m2026-08-02T17:04:13.561784Z[0m [32m INFO[0m [2mhardy_cspcl::runtime[0m[2m:[0m Dispatched inbound CSP bundle from 1:35 to BPA
[2m2026-08-02T17:04:13.763506Z[0m [32m INFO[0m [2mhardy_cspcl::runtime[0m[2m:[0m Dispatched inbound CSP bundle from 1:35 to BPA
[2m2026-08-02T17:04:13.863905Z[0m [32m INFO[0m [2mhardy_cspcl::runtime[0m[2m:[0m Dispatched inbound CSP bundle from 1:35 to BPA
[2m2026-08-02T17:04:14.064980Z[0m [32m INFO[0m [2mhardy_cspcl::runtime[0m[2m:[0m Dispatched inbound CSP bundle from 1:35 to BPA
[2m2026-08-02T17:04:14.065305Z[0m [32m INFO[0m [2mhardy_cspcl::runtime[0m[2m:[0m Dispatched inbound CSP bundle from 1:35 to BPA
[2m2026-08-02T17:04:14.065888Z[0m [32m INFO[0m [2mhardy_cspcl::runtime[0m[2m:[0m Dispatched inbound CSP bundle from 1:35 to BPA
[2m2026-08-02T17:04:14.166436Z[0m [32m INFO[0m [2mhardy_cspcl::runtime[0m[2m:[0m Dispatched inbound CSP bundle from 1:35 to BPA
[2m2026-08-02T17:04:15.093501Z[0m [32m INFO[0m [2mhardy_cspcl::runtime[0m[2m:[0m Dispatched inbound CSP bundle from 1:35 to BPA
[2m2026-08-02T17:04:15.093809Z[0m [32m INFO[0m [2mhardy_cspcl::runtime[0m[2m:[0m Dispatched inbound CSP bundle from 1:35 to BPA
[2m2026-08-02T17:04:15.213020Z[0m [32m INFO[0m [2mhardy_cspcl::runtime[0m[2m:[0m Dispatched inbound CSP bundle from 1:35 to BPA
[2m2026-08-02T17:04:15.213697Z[0m [32m INFO[0m [2mhardy_cspcl::runtime[0m[2m:[0m Dispatched inbound CSP bundle from 1:35 to BPA
[2m2026-08-02T17:04:15.214554Z[0m [32m INFO[0m [2mhardy_cspcl::runtime[0m[2m:[0m Dispatched inbound CSP bundle from 1:35 to BPA
[2m2026-08-02T17:04:15.294884Z[0m [32m INFO[0m [2mhardy_cspcl::runtime[0m[2m:[0m Dispatched inbound CSP bundle from 1:35 to BPA
[2m2026-08-02T17:04:15.295812Z[0m [32m INFO[0m [2mhardy_cspcl::runtime[0m[2m:[0m Dispatched inbound CSP bundle from 1:35 to BPA
[2m2026-08-02T17:04:15.296492Z[0m [32m INFO[0m [2mhardy_cspcl::runtime[0m[2m:[0m Dispatched inbound CSP bundle from 1:35 to BPA
[2m2026-08-02T17:04:15.598097Z[0m [32m INFO[0m [2mhardy_cspcl::runtime[0m[2m:[0m Dispatched inbound CSP bundle from 1:35 to BPA
[2m2026-08-02T17:04:15.699700Z[0m [32m INFO[0m [2mhardy_cspcl::runtime[0m[2m:[0m Dispatched inbound CSP bundle from 1:35 to BPA
[2m2026-08-02T17:04:16.523606Z[0m [32m INFO[0m [2mhardy_cspcl::runtime[0m[2m:[0m Dispatched inbound CSP bundle from 1:35 to BPA
[2m2026-08-02T17:04:16.523973Z[0m [32m INFO[0m [2mhardy_cspcl::runtime[0m[2m:[0m Dispatched inbound CSP bundle from 1:35 to BPA
[2m2026-08-02T17:04:16.624478Z[0m [32m INFO[0m [2mhardy_cspcl::runtime[0m[2m:[0m Dispatched inbound CSP bundle from 1:35 to BPA
[2m2026-08-02T17:04:16.852295Z[0m [32m INFO[0m [2mhardy_cspcl::runtime[0m[2m:[0m Dispatched inbound CSP bundle from 1:35 to BPA
[2m2026-08-02T17:04:16.852856Z[0m [32m INFO[0m [2mhardy_cspcl::runtime[0m[2m:[0m Dispatched inbound CSP bundle from 1:35 to BPA
[2m2026-08-02T17:04:16.853327Z[0m [32m INFO[0m [2mhardy_cspcl::runtime[0m[2m:[0m Dispatched inbound CSP bundle from 1:35 to BPA
[2m2026-08-02T17:04:16.953059Z[0m [32m INFO[0m [2mhardy_cspcl::runtime[0m[2m:[0m Dispatched inbound CSP bundle from 1:35 to BPA
[2m2026-08-02T17:04:17.153797Z[0m [32m INFO[0m [2mhardy_cspcl::runtime[0m[2m:[0m Dispatched inbound CSP bundle from 1:35 to BPA
[2m2026-08-02T17:04:17.154553Z[0m [32m INFO[0m [2mhardy_cspcl::runtime[0m[2m:[0m Dispatched inbound CSP bundle from 1:35 to BPA
[2m2026-08-02T17:04:17.254742Z[0m [32m INFO[0m [2mhardy_cspcl::runtime[0m[2m:[0m Dispatched inbound CSP bundle from 1:35 to BPA
[2m2026-08-02T17:04:18.082628Z[0m [32m INFO[0m [2mhardy_cspcl::runtime[0m[2m:[0m Dispatched inbound CSP bundle from 1:35 to BPA
[2m2026-08-02T17:04:18.082802Z[0m [32m INFO[0m [2mhardy_cspcl::runtime[0m[2m:[0m Dispatched inbound CSP bundle from 1:35 to BPA
[2m2026-08-02T17:04:18.114624Z[0m [32m INFO[0m [2mhardy_cspcl::runtime[0m[2m:[0m Dispatched inbound CSP bundle from 1:35 to BPA
[2m2026-08-02T17:04:18.384342Z[0m [32m INFO[0m [2mhardy_cspcl::runtime[0m[2m:[0m Dispatched inbound CSP bundle from 1:35 to BPA
[2m2026-08-02T17:04:18.385252Z[0m [32m INFO[0m [2mhardy_cspcl::runtime[0m[2m:[0m Dispatched inbound CSP bundle from 1:35 to BPA
[2m2026-08-02T17:04:18.385987Z[0m [32m INFO[0m [2mhardy_cspcl::runtime[0m[2m:[0m Dispatched inbound CSP bundle from 1:35 to BPA
[2m2026-08-02T17:04:18.386791Z[0m [32m INFO[0m [2mhardy_cspcl::runtime[0m[2m:[0m Dispatched inbound CSP bundle from 1:35 to BPA
[2m2026-08-02T17:04:18.387509Z[0m [32m INFO[0m [2mhardy_cspcl::runtime[0m[2m:[0m Dispatched inbound CSP bundle from 1:35 to BPA
[2m2026-08-02T17:04:18.789147Z[0m [32m INFO[0m [2mhardy_cspcl::runtime[0m[2m:[0m Dispatched inbound CSP bundle from 1:35 to BPA
[2m2026-08-02T17:04:18.789765Z[0m [32m INFO[0m [2mhardy_cspcl::runtime[0m[2m:[0m Dispatched inbound CSP bundle from 1:35 to BPA
[2m2026-08-02T17:04:19.615171Z[0m [32m INFO[0m [2mhardy_cspcl::runtime[0m[2m:[0m Dispatched inbound CSP bundle from 1:35 to BPA
[2m2026-08-02T17:04:19.615813Z[0m [32m INFO[0m [2mhardy_cspcl::runtime[0m[2m:[0m Dispatched inbound CSP bundle from 1:35 to BPA
[2m2026-08-02T17:04:19.850894Z[0m [32m INFO[0m [2mhardy_cspcl::runtime[0m[2m:[0m Dispatched inbound CSP bundle from 1:35 to BPA
[2m2026-08-02T17:04:19.851489Z[0m [32m INFO[0m [2mhardy_cspcl::runtime[0m[2m:[0m Dispatched inbound CSP bundle from 1:35 to BPA
[2m2026-08-02T17:04:19.852218Z[0m [32m INFO[0m [2mhardy_cspcl::runtime[0m[2m:[0m Dispatched inbound CSP bundle from 1:35 to BPA
[2m2026-08-02T17:04:19.951219Z[0m [32m INFO[0m [2mhardy_cspcl::runtime[0m[2m:[0m Dispatched inbound CSP bundle from 1:35 to BPA
[2m2026-08-02T17:04:20.253131Z[0m [32m INFO[0m [2mhardy_cspcl::runtime[0m[2m:[0m Dispatched inbound CSP bundle from 1:35 to BPA
[2m2026-08-02T17:04:20.254015Z[0m [32m INFO[0m [2mhardy_cspcl::runtime[0m[2m:[0m Dispatched inbound CSP bundle from 1:35 to BPA
[2m2026-08-02T17:04:20.255328Z[0m [32m INFO[0m [2mhardy_cspcl::runtime[0m[2m:[0m Dispatched inbound CSP bundle from 1:35 to BPA
[2m2026-08-02T17:04:20.453974Z[0m [32m INFO[0m [2mhardy_cspcl::runtime[0m[2m:[0m Dispatched inbound CSP bundle from 1:35 to BPA
[2m2026-08-02T17:04:21.180473Z[0m [32m INFO[0m [2mhardy_cspcl::runtime[0m[2m:[0m Dispatched inbound CSP bundle from 1:35 to BPA
[2m2026-08-02T17:04:21.180888Z[0m [32m INFO[0m [2mhardy_cspcl::runtime[0m[2m:[0m Dispatched inbound CSP bundle from 1:35 to BPA
[2m2026-08-02T17:04:21.289681Z[0m [32m INFO[0m [2mhardy_cspcl::runtime[0m[2m:[0m Dispatched inbound CSP bundle from 1:35 to BPA
[2m2026-08-02T17:04:21.591087Z[0m [32m INFO[0m [2mhardy_cspcl::runtime[0m[2m:[0m Dispatched inbound CSP bundle from 1:35 to BPA
[2m2026-08-02T17:04:21.591842Z[0m [32m INFO[0m [2mhardy_cspcl::runtime[0m[2m:[0m Dispatched inbound CSP bundle from 1:35 to BPA
[2m2026-08-02T17:04:21.592211Z[0m [32m INFO[0m [2mhardy_cspcl::runtime[0m[2m:[0m Dispatched inbound CSP bundle from 1:35 to BPA
[2m2026-08-02T17:04:21.592764Z[0m [32m INFO[0m [2mhardy_cspcl::runtime[0m[2m:[0m Dispatched inbound CSP bundle from 1:35 to BPA
[2m2026-08-02T17:04:21.593118Z[0m [32m INFO[0m [2mhardy_cspcl::runtime[0m[2m:[0m Dispatched inbound CSP bundle from 1:35 to BPA
[2m2026-08-02T17:04:21.792260Z[0m [32m INFO[0m [2mhardy_cspcl::runtime[0m[2m:[0m Dispatched inbound CSP bundle from 1:35 to BPA
[2m2026-08-02T17:04:21.892896Z[0m [32m INFO[0m [2mhardy_cspcl::runtime[0m[2m:[0m Dispatched inbound CSP bundle from 1:35 to BPA
[2m2026-08-02T17:04:22.614495Z[0m [32m INFO[0m [2mhardy_cspcl::runtime[0m[2m:[0m Dispatched inbound CSP bundle from 1:35 to BPA
[2m2026-08-02T17:04:22.614845Z[0m [32m INFO[0m [2mhardy_cspcl::runtime[0m[2m:[0m Dispatched inbound CSP bundle from 1:35 to BPA
[2m2026-08-02T17:04:22.934763Z[0m [32m INFO[0m [2mhardy_cspcl::runtime[0m[2m:[0m Dispatched inbound CSP bundle from 1:35 to BPA
[2m2026-08-02T17:04:22.935409Z[0m [32m INFO[0m [2mhardy_cspcl::runtime[0m[2m:[0m Dispatched inbound CSP bundle from 1:35 to BPA
[2m2026-08-02T17:04:22.935907Z[0m [32m INFO[0m [2mhardy_cspcl::runtime[0m[2m:[0m Dispatched inbound CSP bundle from 1:35 to BPA
[2m2026-08-02T17:04:23.035661Z[0m [32m INFO[0m [2mhardy_cspcl::runtime[0m[2m:[0m Dispatched inbound CSP bundle from 1:35 to BPA
[2m2026-08-02T17:04:23.036799Z[0m [32m INFO[0m [2mhardy_cspcl::runtime[0m[2m:[0m Dispatched inbound CSP bundle from 1:35 to BPA
[2m2026-08-02T17:04:23.136148Z[0m [32m INFO[0m [2mhardy_cspcl::runtime[0m[2m:[0m Dispatched inbound CSP bundle from 1:35 to BPA
[2m2026-08-02T17:04:23.337249Z[0m [32m INFO[0m [2mhardy_cspcl::runtime[0m[2m:[0m Dispatched inbound CSP bundle from 1:35 to BPA
[2m2026-08-02T17:04:23.438428Z[0m [32m INFO[0m [2mhardy_cspcl::runtime[0m[2m:[0m Dispatched inbound CSP bundle from 1:35 to BPA
[2m2026-08-02T17:04:24.264425Z[0m [32m INFO[0m [2mhardy_cspcl::runtime[0m[2m:[0m Dispatched inbound CSP bundle from 1:35 to BPA
[2m2026-08-02T17:04:24.264646Z[0m [32m INFO[0m [2mhardy_cspcl::runtime[0m[2m:[0m Dispatched inbound CSP bundle from 1:35 to BPA
[2m2026-08-02T17:04:24.365525Z[0m [32m INFO[0m [2mhardy_cspcl::runtime[0m[2m:[0m Dispatched inbound CSP bundle from 1:35 to BPA
[2m2026-08-02T17:04:24.566386Z[0m [32m INFO[0m [2mhardy_cspcl::runtime[0m[2m:[0m Dispatched inbound CSP bundle from 1:35 to BPA
[2m2026-08-02T17:04:24.567622Z[0m [32m INFO[0m [2mhardy_cspcl::runtime[0m[2m:[0m Dispatched inbound CSP bundle from 1:35 to BPA
[2m2026-08-02T17:04:24.568313Z[0m [32m INFO[0m [2mhardy_cspcl::runtime[0m[2m:[0m Dispatched inbound CSP bundle from 1:35 to BPA
[2m2026-08-02T17:04:24.569085Z[0m [32m INFO[0m [2mhardy_cspcl::runtime[0m[2m:[0m Dispatched inbound CSP bundle from 1:35 to BPA
[2m2026-08-02T17:04:24.569625Z[0m [32m INFO[0m [2mhardy_cspcl::runtime[0m[2m:[0m Dispatched inbound CSP bundle from 1:35 to BPA
[2m2026-08-02T17:04:24.971150Z[0m [32m INFO[0m [2mhardy_cspcl::runtime[0m[2m:[0m Dispatched inbound CSP bundle from 1:35 to BPA
[2m2026-08-02T17:04:24.971994Z[0m [32m INFO[0m [2mhardy_cspcl::runtime[0m[2m:[0m Dispatched inbound CSP bundle from 1:35 to BPA
[2m2026-08-02T17:04:25.794294Z[0m [32m INFO[0m [2mhardy_cspcl::runtime[0m[2m:[0m Dispatched inbound CSP bundle from 1:35 to BPA
[2m2026-08-02T17:04:25.794772Z[0m [32m INFO[0m [2mhardy_cspcl::runtime[0m[2m:[0m Dispatched inbound CSP bundle from 1:35 to BPA
[2m2026-08-02T17:04:26.037650Z[0m [32m INFO[0m [2mhardy_cspcl::runtime[0m[2m:[0m Dispatched inbound CSP bundle from 1:35 to BPA
[2m2026-08-02T17:04:26.038382Z[0m [32m INFO[0m [2mhardy_cspcl::runtime[0m[2m:[0m Dispatched inbound CSP bundle from 1:35 to BPA
[2m2026-08-02T17:04:26.039447Z[0m [32m INFO[0m [2mhardy_cspcl::runtime[0m[2m:[0m Dispatched inbound CSP bundle from 1:35 to BPA
[2m2026-08-02T17:04:26.138250Z[0m [32m INFO[0m [2mhardy_cspcl::runtime[0m[2m:[0m Dispatched inbound CSP bundle from 1:35 to BPA
[2m2026-08-02T17:04:26.139316Z[0m [32m INFO[0m [2mhardy_cspcl::runtime[0m[2m:[0m Dispatched inbound CSP bundle from 1:35 to BPA
[2m2026-08-02T17:04:26.140192Z[0m [32m INFO[0m [2mhardy_cspcl::runtime[0m[2m:[0m Dispatched inbound CSP bundle from 1:35 to BPA
[2m2026-08-02T17:04:26.439563Z[0m [32m INFO[0m [2mhardy_cspcl::runtime[0m[2m:[0m Dispatched inbound CSP bundle from 1:35 to BPA
[2m2026-08-02T17:04:26.539759Z[0m [32m INFO[0m [2mhardy_cspcl::runtime[0m[2m:[0m Dispatched inbound CSP bundle from 1:35 to BPA
[2m2026-08-02T17:04:27.365035Z[0m [32m INFO[0m [2mhardy_cspcl::runtime[0m[2m:[0m Dispatched inbound CSP bundle from 1:35 to BPA
[2m2026-08-02T17:04:27.365280Z[0m [32m INFO[0m [2mhardy_cspcl::runtime[0m[2m:[0m Dispatched inbound CSP bundle from 1:35 to BPA
[2m2026-08-02T17:04:27.402393Z[0m [32m INFO[0m [2mhardy_cspcl::runtime[0m[2m:[0m Dispatched inbound CSP bundle from 1:35 to BPA
[2m2026-08-02T17:04:27.489307Z[0m [32m INFO[0m [2mhardy_cspcl::runtime[0m[2m:[0m Dispatched inbound CSP bundle from 1:35 to BPA
[2m2026-08-02T17:04:27.490196Z[0m [32m INFO[0m [2mhardy_cspcl::runtime[0m[2m:[0m Dispatched inbound CSP bundle from 1:35 to BPA
[2m2026-08-02T17:04:27.566326Z[0m [32m INFO[0m [2mhardy_cspcl::runtime[0m[2m:[0m Dispatched inbound CSP bundle from 1:35 to BPA
[2m2026-08-02T17:04:27.567144Z[0m [32m INFO[0m [2mhardy_cspcl::runtime[0m[2m:[0m Dispatched inbound CSP bundle from 1:35 to BPA
[2m2026-08-02T17:04:27.767901Z[0m [32m INFO[0m [2mhardy_cspcl::runtime[0m[2m:[0m Dispatched inbound CSP bundle from 1:35 to BPA
[2m2026-08-02T17:04:27.969043Z[0m [32m INFO[0m [2mhardy_cspcl::runtime[0m[2m:[0m Dispatched inbound CSP bundle from 1:35 to BPA
[2m2026-08-02T17:04:28.169714Z[0m [32m INFO[0m [2mhardy_cspcl::runtime[0m[2m:[0m Dispatched inbound CSP bundle from 1:35 to BPA
[2m2026-08-02T17:04:28.898599Z[0m [32m INFO[0m [2mhardy_cspcl::runtime[0m[2m:[0m Dispatched inbound CSP bundle from 1:35 to BPA
[2m2026-08-02T17:04:28.898881Z[0m [32m INFO[0m [2mhardy_cspcl::runtime[0m[2m:[0m Dispatched inbound CSP bundle from 1:35 to BPA
[2m2026-08-02T17:04:29.012802Z[0m [32m INFO[0m [2mhardy_cspcl::runtime[0m[2m:[0m Dispatched inbound CSP bundle from 1:35 to BPA
[2m2026-08-02T17:04:29.013390Z[0m [32m INFO[0m [2mhardy_cspcl::runtime[0m[2m:[0m Dispatched inbound CSP bundle from 1:35 to BPA
[2m2026-08-02T17:04:29.114704Z[0m [32m INFO[0m [2mhardy_cspcl::runtime[0m[2m:[0m Dispatched inbound CSP bundle from 1:35 to BPA
[2m2026-08-02T17:04:29.316365Z[0m [32m INFO[0m [2mhardy_cspcl::runtime[0m[2m:[0m Dispatched inbound CSP bundle from 1:35 to BPA
[2m2026-08-02T17:04:29.317572Z[0m [32m INFO[0m [2mhardy_cspcl::runtime[0m[2m:[0m Dispatched inbound CSP bundle from 1:35 to BPA
[2m2026-08-02T17:04:29.318286Z[0m [32m INFO[0m [2mhardy_cspcl::runtime[0m[2m:[0m Dispatched inbound CSP bundle from 1:35 to BPA
[2m2026-08-02T17:04:29.517487Z[0m [32m INFO[0m [2mhardy_cspcl::runtime[0m[2m:[0m Dispatched inbound CSP bundle from 1:35 to BPA
[2m2026-08-02T17:04:29.618067Z[0m [32m INFO[0m [2mhardy_cspcl::runtime[0m[2m:[0m Dispatched inbound CSP bundle from 1:35 to BPA
[2m2026-08-02T17:04:30.448429Z[0m [32m INFO[0m [2mhardy_cspcl::runtime[0m[2m:[0m Dispatched inbound CSP bundle from 1:35 to BPA
[2m2026-08-02T17:04:30.448953Z[0m [32m INFO[0m [2mhardy_cspcl::runtime[0m[2m:[0m Dispatched inbound CSP bundle from 1:35 to BPA
[2m2026-08-02T17:04:30.484643Z[0m [32m INFO[0m [2mhardy_cspcl::runtime[0m[2m:[0m Dispatched inbound CSP bundle from 1:35 to BPA
[2m2026-08-02T17:04:30.649668Z[0m [32m INFO[0m [2mhardy_cspcl::runtime[0m[2m:[0m Dispatched inbound CSP bundle from 1:35 to BPA
[2m2026-08-02T17:04:30.650238Z[0m [32m INFO[0m [2mhardy_cspcl::runtime[0m[2m:[0m Dispatched inbound CSP bundle from 1:35 to BPA
[2m2026-08-02T17:04:30.851597Z[0m [32m INFO[0m [2mhardy_cspcl::runtime[0m[2m:[0m Dispatched inbound CSP bundle from 1:35 to BPA
[2m2026-08-02T17:04:30.852630Z[0m [32m INFO[0m [2mhardy_cspcl::runtime[0m[2m:[0m Dispatched inbound CSP bundle from 1:35 to BPA
[2m2026-08-02T17:04:30.952042Z[0m [32m INFO[0m [2mhardy_cspcl::runtime[0m[2m:[0m Dispatched inbound CSP bundle from 1:35 to BPA
[2m2026-08-02T17:04:31.052709Z[0m [32m INFO[0m [2mhardy_cspcl::runtime[0m[2m:[0m Dispatched inbound CSP bundle from 1:35 to BPA
[2m2026-08-02T17:04:31.253832Z[0m [32m INFO[0m [2mhardy_cspcl::runtime[0m[2m:[0m Dispatched inbound CSP bundle from 1:35 to BPA
[2m2026-08-02T17:04:31.981431Z[0m [32m INFO[0m [2mhardy_cspcl::runtime[0m[2m:[0m Dispatched inbound CSP bundle from 1:35 to BPA
[2m2026-08-02T17:04:31.981809Z[0m [32m INFO[0m [2mhardy_cspcl::runtime[0m[2m:[0m Dispatched inbound CSP bundle from 1:35 to BPA
[2m2026-08-02T17:04:32.018822Z[0m [32m INFO[0m [2mhardy_cspcl::runtime[0m[2m:[0m Dispatched inbound CSP bundle from 1:35 to BPA
[2m2026-08-02T17:04:32.206112Z[0m [32m INFO[0m [2mhardy_cspcl::runtime[0m[2m:[0m Dispatched inbound CSP bundle from 1:35 to BPA
[2m2026-08-02T17:04:32.307213Z[0m [32m INFO[0m [2mhardy_cspcl::runtime[0m[2m:[0m Dispatched inbound CSP bundle from 1:35 to BPA
[2m2026-08-02T17:04:32.508159Z[0m [32m INFO[0m [2mhardy_cspcl::runtime[0m[2m:[0m Dispatched inbound CSP bundle from 1:35 to BPA
[2m2026-08-02T17:04:32.508855Z[0m [32m INFO[0m [2mhardy_cspcl::runtime[0m[2m:[0m Dispatched inbound CSP bundle from 1:35 to BPA
[2m2026-08-02T17:04:32.509501Z[0m [32m INFO[0m [2mhardy_cspcl::runtime[0m[2m:[0m Dispatched inbound CSP bundle from 1:35 to BPA
[2m2026-08-02T17:04:32.608889Z[0m [32m INFO[0m [2mhardy_cspcl::runtime[0m[2m:[0m Dispatched inbound CSP bundle from 1:35 to BPA
[2m2026-08-02T17:04:32.810071Z[0m [32m INFO[0m [2mhardy_cspcl::runtime[0m[2m:[0m Dispatched inbound CSP bundle from 1:35 to BPA
[2m2026-08-02T17:04:33.540846Z[0m [32m INFO[0m [2mhardy_cspcl::runtime[0m[2m:[0m Dispatched inbound CSP bundle from 1:35 to BPA
[2m2026-08-02T17:04:33.541081Z[0m [32m INFO[0m [2mhardy_cspcl::runtime[0m[2m:[0m Dispatched inbound CSP bundle from 1:35 to BPA
[2m2026-08-02T17:04:33.654920Z[0m [32m INFO[0m [2mhardy_cspcl::runtime[0m[2m:[0m Dispatched inbound CSP bundle from 1:35 to BPA
[2m2026-08-02T17:04:33.655155Z[0m [32m INFO[0m [2mhardy_cspcl::runtime[0m[2m:[0m Dispatched inbound CSP bundle from 1:35 to BPA
[2m2026-08-02T17:04:33.655893Z[0m [32m INFO[0m [2mhardy_cspcl::runtime[0m[2m:[0m Dispatched inbound CSP bundle from 1:35 to BPA
[2m2026-08-02T17:04:33.742554Z[0m [32m INFO[0m [2mhardy_cspcl::runtime[0m[2m:[0m Dispatched inbound CSP bundle from 1:35 to BPA
[2m2026-08-02T17:04:33.743484Z[0m [32m INFO[0m [2mhardy_cspcl::runtime[0m[2m:[0m Dispatched inbound CSP bundle from 1:35 to BPA
[2m2026-08-02T17:04:33.744368Z[0m [32m INFO[0m [2mhardy_cspcl::runtime[0m[2m:[0m Dispatched inbound CSP bundle from 1:35 to BPA
[2m2026-08-02T17:04:34.147246Z[0m [32m INFO[0m [2mhardy_cspcl::runtime[0m[2m:[0m Dispatched inbound CSP bundle from 1:35 to BPA
[2m2026-08-02T17:04:34.348380Z[0m [32m INFO[0m [2mhardy_cspcl::runtime[0m[2m:[0m Dispatched inbound CSP bundle from 1:35 to BPA
[2m2026-08-02T17:04:35.080448Z[0m [32m INFO[0m [2mhardy_cspcl::runtime[0m[2m:[0m Dispatched inbound CSP bundle from 1:35 to BPA
[2m2026-08-02T17:04:35.080622Z[0m [32m INFO[0m [2mhardy_cspcl::runtime[0m[2m:[0m Dispatched inbound CSP bundle from 1:35 to BPA
[2m2026-08-02T17:04:35.181782Z[0m [32m INFO[0m [2mhardy_cspcl::runtime[0m[2m:[0m Dispatched inbound CSP bundle from 1:35 to BPA
[2m2026-08-02T17:04:35.204458Z[0m [32m INFO[0m [2mhardy_cspcl::runtime[0m[2m:[0m Dispatched inbound CSP bundle from 1:35 to BPA
[2m2026-08-02T17:04:35.282172Z[0m [32m INFO[0m [2mhardy_cspcl::runtime[0m[2m:[0m Dispatched inbound CSP bundle from 1:35 to BPA
[2m2026-08-02T17:04:35.483183Z[0m [32m INFO[0m [2mhardy_cspcl::runtime[0m[2m:[0m Dispatched inbound CSP bundle from 1:35 to BPA
[2m2026-08-02T17:04:35.484013Z[0m [32m INFO[0m [2mhardy_cspcl::runtime[0m[2m:[0m Dispatched inbound CSP bundle from 1:35 to BPA
[2m2026-08-02T17:04:35.485250Z[0m [32m INFO[0m [2mhardy_cspcl::runtime[0m[2m:[0m Dispatched inbound CSP bundle from 1:35 to BPA
[2m2026-08-02T17:04:35.684275Z[0m [32m INFO[0m [2mhardy_cspcl::runtime[0m[2m:[0m Dispatched inbound CSP bundle from 1:35 to BPA
[2m2026-08-02T17:04:35.885047Z[0m [32m INFO[0m [2mhardy_cspcl::runtime[0m[2m:[0m Dispatched inbound CSP bundle from 1:35 to BPA
[2m2026-08-02T17:04:36.515199Z[0m [32m INFO[0m [2mhardy_cspcl::runtime[0m[2m:[0m Dispatched inbound CSP bundle from 1:35 to BPA
[2m2026-08-02T17:04:36.515552Z[0m [32m INFO[0m [2mhardy_cspcl::runtime[0m[2m:[0m Dispatched inbound CSP bundle from 1:35 to BPA
[2m2026-08-02T17:04:36.716557Z[0m [32m INFO[0m [2mhardy_cspcl::runtime[0m[2m:[0m Dispatched inbound CSP bundle from 1:35 to BPA
[2m2026-08-02T17:04:36.717139Z[0m [32m INFO[0m [2mhardy_cspcl::runtime[0m[2m:[0m Dispatched inbound CSP bundle from 1:35 to BPA
[2m2026-08-02T17:04:36.717867Z[0m [32m INFO[0m [2mhardy_cspcl::runtime[0m[2m:[0m Dispatched inbound CSP bundle from 1:35 to BPA
[2m2026-08-02T17:04:36.718566Z[0m [32m INFO[0m [2mhardy_cspcl::runtime[0m[2m:[0m Dispatched inbound CSP bundle from 1:35 to BPA
[2m2026-08-02T17:04:36.718872Z[0m [32m INFO[0m [2mhardy_cspcl::runtime[0m[2m:[0m Dispatched inbound CSP bundle from 1:35 to BPA
[2m2026-08-02T17:04:37.020804Z[0m [32m INFO[0m [2mhardy_cspcl::runtime[0m[2m:[0m Dispatched inbound CSP bundle from 1:35 to BPA
[2m2026-08-02T17:04:37.221827Z[0m [32m INFO[0m [2mhardy_cspcl::runtime[0m[2m:[0m Dispatched inbound CSP bundle from 1:35 to BPA
[2m2026-08-02T17:04:37.622643Z[0m [32m INFO[0m [2mhardy_cspcl::runtime[0m[2m:[0m Dispatched inbound CSP bundle from 1:35 to BPA
[2m2026-08-02T17:04:38.555887Z[0m [32m INFO[0m [2mhardy_cspcl::runtime[0m[2m:[0m Dispatched inbound CSP bundle from 1:35 to BPA
[2m2026-08-02T17:04:38.556296Z[0m [32m INFO[0m [2mhardy_cspcl::runtime[0m[2m:[0m Dispatched inbound CSP bundle from 1:35 to BPA
[2m2026-08-02T17:04:38.669061Z[0m [32m INFO[0m [2mhardy_cspcl::runtime[0m[2m:[0m Dispatched inbound CSP bundle from 1:35 to BPA
[2m2026-08-02T17:04:38.669475Z[0m [32m INFO[0m [2mhardy_cspcl::runtime[0m[2m:[0m Dispatched inbound CSP bundle from 1:35 to BPA
[2m2026-08-02T17:04:38.670001Z[0m [32m INFO[0m [2mhardy_cspcl::runtime[0m[2m:[0m Dispatched inbound CSP bundle from 1:35 to BPA
[2m2026-08-02T17:04:38.670401Z[0m [32m INFO[0m [2mhardy_cspcl::runtime[0m[2m:[0m Dispatched inbound CSP bundle from 1:35 to BPA
[2m2026-08-02T17:04:38.670903Z[0m [32m INFO[0m [2mhardy_cspcl::runtime[0m[2m:[0m Dispatched inbound CSP bundle from 1:35 to BPA
[2m2026-08-02T17:04:38.671110Z[0m [32m INFO[0m [2mhardy_cspcl::runtime[0m[2m:[0m Dispatched inbound CSP bundle from 1:35 to BPA
[2m2026-08-02T17:04:38.858137Z[0m [32m INFO[0m [2mhardy_cspcl::runtime[0m[2m:[0m Dispatched inbound CSP bundle from 1:35 to BPA
[2m2026-08-02T17:04:38.858878Z[0m [32m INFO[0m [2mhardy_cspcl::runtime[0m[2m:[0m Dispatched inbound CSP bundle from 1:35 to BPA
[2m2026-08-02T17:04:39.783068Z[0m [32m INFO[0m [2mhardy_cspcl::runtime[0m[2m:[0m Dispatched inbound CSP bundle from 1:35 to BPA
[2m2026-08-02T17:04:39.783529Z[0m [32m INFO[0m [2mhardy_cspcl::runtime[0m[2m:[0m Dispatched inbound CSP bundle from 1:35 to BPA
[2m2026-08-02T17:04:39.896530Z[0m [32m INFO[0m [2mhardy_cspcl::runtime[0m[2m:[0m Dispatched inbound CSP bundle from 1:35 to BPA
[2m2026-08-02T17:04:39.896887Z[0m [32m INFO[0m [2mhardy_cspcl::runtime[0m[2m:[0m Dispatched inbound CSP bundle from 1:35 to BPA
[2m2026-08-02T17:04:40.097642Z[0m [32m INFO[0m [2mhardy_cspcl::runtime[0m[2m:[0m Dispatched inbound CSP bundle from 1:35 to BPA
[2m2026-08-02T17:04:40.098195Z[0m [32m INFO[0m [2mhardy_cspcl::runtime[0m[2m:[0m Dispatched inbound CSP bundle from 1:35 to BPA
[2m2026-08-02T17:04:40.098504Z[0m [32m INFO[0m [2mhardy_cspcl::runtime[0m[2m:[0m Dispatched inbound CSP bundle from 1:35 to BPA
[2m2026-08-02T17:04:40.099178Z[0m [32m INFO[0m [2mhardy_cspcl::runtime[0m[2m:[0m Dispatched inbound CSP bundle from 1:35 to BPA
[2m2026-08-02T17:04:40.399535Z[0m [32m INFO[0m [2mhardy_cspcl::runtime[0m[2m:[0m Dispatched inbound CSP bundle from 1:35 to BPA
[2m2026-08-02T17:04:40.400852Z[0m [32m INFO[0m [2mhardy_cspcl::runtime[0m[2m:[0m Dispatched inbound CSP bundle from 1:35 to BPA
[2m2026-08-02T17:04:41.325428Z[0m [32m INFO[0m [2mhardy_cspcl::runtime[0m[2m:[0m Dispatched inbound CSP bundle from 1:35 to BPA
[2m2026-08-02T17:04:41.325782Z[0m [32m INFO[0m [2mhardy_cspcl::runtime[0m[2m:[0m Dispatched inbound CSP bundle from 1:35 to BPA
[2m2026-08-02T17:04:41.362333Z[0m [32m INFO[0m [2mhardy_cspcl::runtime[0m[2m:[0m Dispatched inbound CSP bundle from 1:35 to BPA
[2m2026-08-02T17:04:41.449796Z[0m [32m INFO[0m [2mhardy_cspcl::runtime[0m[2m:[0m Dispatched inbound CSP bundle from 1:35 to BPA
[2m2026-08-02T17:04:41.450587Z[0m [32m INFO[0m [2mhardy_cspcl::runtime[0m[2m:[0m Dispatched inbound CSP bundle from 1:35 to BPA
[2m2026-08-02T17:04:41.451464Z[0m [32m INFO[0m [2mhardy_cspcl::runtime[0m[2m:[0m Dispatched inbound CSP bundle from 1:35 to BPA
[2m2026-08-02T17:04:41.452257Z[0m [32m INFO[0m [2mhardy_cspcl::runtime[0m[2m:[0m Dispatched inbound CSP bundle from 1:35 to BPA
[2m2026-08-02T17:04:41.527513Z[0m [32m INFO[0m [2mhardy_cspcl::runtime[0m[2m:[0m Dispatched inbound CSP bundle from 1:35 to BPA
[2m2026-08-02T17:04:41.930307Z[0m [32m INFO[0m [2mhardy_cspcl::runtime[0m[2m:[0m Dispatched inbound CSP bundle from 1:35 to BPA
[2m2026-08-02T17:04:42.030537Z[0m [32m INFO[0m [2mhardy_cspcl::runtime[0m[2m:[0m Dispatched inbound CSP bundle from 1:35 to BPA
[2m2026-08-02T17:04:42.656449Z[0m [32m INFO[0m [2mhardy_cspcl::runtime[0m[2m:[0m Dispatched inbound CSP bundle from 1:35 to BPA
[2m2026-08-02T17:04:42.656714Z[0m [32m INFO[0m [2mhardy_cspcl::runtime[0m[2m:[0m Dispatched inbound CSP bundle from 1:35 to BPA
[2m2026-08-02T17:04:42.893359Z[0m [32m INFO[0m [2mhardy_cspcl::runtime[0m[2m:[0m Dispatched inbound CSP bundle from 1:35 to BPA
[2m2026-08-02T17:04:42.893975Z[0m [32m INFO[0m [2mhardy_cspcl::runtime[0m[2m:[0m Dispatched inbound CSP bundle from 1:35 to BPA
[2m2026-08-02T17:04:42.894411Z[0m [32m INFO[0m [2mhardy_cspcl::runtime[0m[2m:[0m Dispatched inbound CSP bundle from 1:35 to BPA
[2m2026-08-02T17:04:42.894934Z[0m [32m INFO[0m [2mhardy_cspcl::runtime[0m[2m:[0m Dispatched inbound CSP bundle from 1:35 to BPA
[2m2026-08-02T17:04:42.895333Z[0m [32m INFO[0m [2mhardy_cspcl::runtime[0m[2m:[0m Dispatched inbound CSP bundle from 1:35 to BPA
[2m2026-08-02T17:04:43.094777Z[0m [32m INFO[0m [2mhardy_cspcl::runtime[0m[2m:[0m Dispatched inbound CSP bundle from 1:35 to BPA
[2m2026-08-02T17:04:43.697485Z[0m [32m INFO[0m [2mhardy_cspcl::runtime[0m[2m:[0m Dispatched inbound CSP bundle from 1:35 to BPA
[2m2026-08-02T17:04:43.697931Z[0m [32m INFO[0m [2mhardy_cspcl::runtime[0m[2m:[0m Dispatched inbound CSP bundle from 1:35 to BPA
[2m2026-08-02T17:04:44.618430Z[0m [32m INFO[0m [2mhardy_cspcl::runtime[0m[2m:[0m Dispatched inbound CSP bundle from 1:35 to BPA
[2m2026-08-02T17:04:44.618696Z[0m [32m INFO[0m [2mhardy_cspcl::runtime[0m[2m:[0m Dispatched inbound CSP bundle from 1:35 to BPA
[2m2026-08-02T17:04:44.655072Z[0m [32m INFO[0m [2mhardy_cspcl::runtime[0m[2m:[0m Dispatched inbound CSP bundle from 1:35 to BPA
[2m2026-08-02T17:04:44.742804Z[0m [32m INFO[0m [2mhardy_cspcl::runtime[0m[2m:[0m Dispatched inbound CSP bundle from 1:35 to BPA
[2m2026-08-02T17:04:44.743390Z[0m [32m INFO[0m [2mhardy_cspcl::runtime[0m[2m:[0m Dispatched inbound CSP bundle from 1:35 to BPA
[2m2026-08-02T17:04:44.744225Z[0m [32m INFO[0m [2mhardy_cspcl::runtime[0m[2m:[0m Dispatched inbound CSP bundle from 1:35 to BPA
[2m2026-08-02T17:04:44.744571Z[0m [32m INFO[0m [2mhardy_cspcl::runtime[0m[2m:[0m Dispatched inbound CSP bundle from 1:35 to BPA
[2m2026-08-02T17:04:44.745172Z[0m [32m INFO[0m [2mhardy_cspcl::runtime[0m[2m:[0m Dispatched inbound CSP bundle from 1:35 to BPA
[2m2026-08-02T17:04:45.022732Z[0m [32m INFO[0m [2mhardy_cspcl::runtime[0m[2m:[0m Dispatched inbound CSP bundle from 1:35 to BPA
[2m2026-08-02T17:04:45.122883Z[0m [32m INFO[0m [2mhardy_cspcl::runtime[0m[2m:[0m Dispatched inbound CSP bundle from 1:35 to BPA
[2m2026-08-02T17:04:45.846545Z[0m [32m INFO[0m [2mhardy_cspcl::runtime[0m[2m:[0m Dispatched inbound CSP bundle from 1:35 to BPA
[2m2026-08-02T17:04:45.847014Z[0m [32m INFO[0m [2mhardy_cspcl::runtime[0m[2m:[0m Dispatched inbound CSP bundle from 1:35 to BPA
[2m2026-08-02T17:04:45.883779Z[0m [32m INFO[0m [2mhardy_cspcl::runtime[0m[2m:[0m Dispatched inbound CSP bundle from 1:35 to BPA
[2m2026-08-02T17:04:45.970094Z[0m [32m INFO[0m [2mhardy_cspcl::runtime[0m[2m:[0m Dispatched inbound CSP bundle from 1:35 to BPA
[2m2026-08-02T17:04:45.970464Z[0m [32m INFO[0m [2mhardy_cspcl::runtime[0m[2m:[0m Dispatched inbound CSP bundle from 1:35 to BPA
[2m2026-08-02T17:04:45.983726Z[0m [32m INFO[0m [2mhardy_cspcl::runtime[0m[2m:[0m Dispatched inbound CSP bundle from 1:35 to BPA
[2m2026-08-02T17:04:46.084667Z[0m [32m INFO[0m [2mhardy_cspcl::runtime[0m[2m:[0m Dispatched inbound CSP bundle from 1:35 to BPA
[2m2026-08-02T17:04:46.285475Z[0m [32m INFO[0m [2mhardy_cspcl::runtime[0m[2m:[0m Dispatched inbound CSP bundle from 1:35 to BPA
[2m2026-08-02T17:04:46.486673Z[0m [32m INFO[0m [2mhardy_cspcl::runtime[0m[2m:[0m Dispatched inbound CSP bundle from 1:35 to BPA
[2m2026-08-02T17:04:46.586687Z[0m [32m INFO[0m [2mhardy_cspcl::runtime[0m[2m:[0m Dispatched inbound CSP bundle from 1:35 to BPA
[2m2026-08-02T17:04:47.617353Z[0m [32m INFO[0m [2mhardy_cspcl::runtime[0m[2m:[0m Dispatched inbound CSP bundle from 1:35 to BPA
[2m2026-08-02T17:04:47.617557Z[0m [32m INFO[0m [2mhardy_cspcl::runtime[0m[2m:[0m Dispatched inbound CSP bundle from 1:35 to BPA
[2m2026-08-02T17:04:47.731181Z[0m [32m INFO[0m [2mhardy_cspcl::runtime[0m[2m:[0m Dispatched inbound CSP bundle from 1:35 to BPA
[2m2026-08-02T17:04:47.731880Z[0m [32m INFO[0m [2mhardy_cspcl::runtime[0m[2m:[0m Dispatched inbound CSP bundle from 1:35 to BPA
[2m2026-08-02T17:04:47.732221Z[0m [32m INFO[0m [2mhardy_cspcl::runtime[0m[2m:[0m Dispatched inbound CSP bundle from 1:35 to BPA
[2m2026-08-02T17:04:47.732657Z[0m [32m INFO[0m [2mhardy_cspcl::runtime[0m[2m:[0m Dispatched inbound CSP bundle from 1:35 to BPA
[2m2026-08-02T17:04:47.732951Z[0m [32m INFO[0m [2mhardy_cspcl::runtime[0m[2m:[0m Dispatched inbound CSP bundle from 1:35 to BPA
[2m2026-08-02T17:04:47.733253Z[0m [32m INFO[0m [2mhardy_cspcl::runtime[0m[2m:[0m Dispatched inbound CSP bundle from 1:35 to BPA
[2m2026-08-02T17:04:48.119732Z[0m [32m INFO[0m [2mhardy_cspcl::runtime[0m[2m:[0m Dispatched inbound CSP bundle from 1:35 to BPA
[2m2026-08-02T17:04:48.120400Z[0m [32m INFO[0m [2mhardy_cspcl::runtime[0m[2m:[0m Dispatched inbound CSP bundle from 1:35 to BPA
[2m2026-08-02T17:04:48.944256Z[0m [32m INFO[0m [2mhardy_cspcl::runtime[0m[2m:[0m Dispatched inbound CSP bundle from 1:35 to BPA
[2m2026-08-02T17:04:48.944850Z[0m [32m INFO[0m [2mhardy_cspcl::runtime[0m[2m:[0m Dispatched inbound CSP bundle from 1:35 to BPA
[2m2026-08-02T17:04:49.045386Z[0m [32m INFO[0m [2mhardy_cspcl::runtime[0m[2m:[0m Dispatched inbound CSP bundle from 1:35 to BPA
[2m2026-08-02T17:04:49.268288Z[0m [32m INFO[0m [2mhardy_cspcl::runtime[0m[2m:[0m Dispatched inbound CSP bundle from 1:35 to BPA
[2m2026-08-02T17:04:49.269307Z[0m [32m INFO[0m [2mhardy_cspcl::runtime[0m[2m:[0m Dispatched inbound CSP bundle from 1:35 to BPA
[2m2026-08-02T17:04:49.270237Z[0m [32m INFO[0m [2mhardy_cspcl::runtime[0m[2m:[0m Dispatched inbound CSP bundle from 1:35 to BPA
[2m2026-08-02T17:04:49.271341Z[0m [32m INFO[0m [2mhardy_cspcl::runtime[0m[2m:[0m Dispatched inbound CSP bundle from 1:35 to BPA
[2m2026-08-02T17:04:49.271788Z[0m [32m INFO[0m [2mhardy_cspcl::runtime[0m[2m:[0m Dispatched inbound CSP bundle from 1:35 to BPA
[2m2026-08-02T17:04:49.673365Z[0m [32m INFO[0m [2mhardy_cspcl::runtime[0m[2m:[0m Dispatched inbound CSP bundle from 1:35 to BPA
[2m2026-08-02T17:04:49.774197Z[0m [32m INFO[0m [2mhardy_cspcl::runtime[0m[2m:[0m Dispatched inbound CSP bundle from 1:35 to BPA
[2m2026-08-02T17:04:50.502761Z[0m [32m INFO[0m [2mhardy_cspcl::runtime[0m[2m:[0m Dispatched inbound CSP bundle from 1:35 to BPA
[2m2026-08-02T17:04:50.503057Z[0m [32m INFO[0m [2mhardy_cspcl::runtime[0m[2m:[0m Dispatched inbound CSP bundle from 1:35 to BPA
[2m2026-08-02T17:04:50.739818Z[0m [32m INFO[0m [2mhardy_cspcl::runtime[0m[2m:[0m Dispatched inbound CSP bundle from 1:35 to BPA
[2m2026-08-02T17:04:50.740890Z[0m [32m INFO[0m [2mhardy_cspcl::runtime[0m[2m:[0m Dispatched inbound CSP bundle from 1:35 to BPA
[2m2026-08-02T17:04:50.742075Z[0m [32m INFO[0m [2mhardy_cspcl::runtime[0m[2m:[0m Dispatched inbound CSP bundle from 1:35 to BPA
[2m2026-08-02T17:04:50.840488Z[0m [32m INFO[0m [2mhardy_cspcl::runtime[0m[2m:[0m Dispatched inbound CSP bundle from 1:35 to BPA
[2m2026-08-02T17:04:50.941004Z[0m [32m INFO[0m [2mhardy_cspcl::runtime[0m[2m:[0m Dispatched inbound CSP bundle from 1:35 to BPA
[2m2026-08-02T17:04:51.041428Z[0m [32m INFO[0m [2mhardy_cspcl::runtime[0m[2m:[0m Dispatched inbound CSP bundle from 1:35 to BPA
[2m2026-08-02T17:04:51.142166Z[0m [32m INFO[0m [2mhardy_cspcl::runtime[0m[2m:[0m Dispatched inbound CSP bundle from 1:35 to BPA
[2m2026-08-02T17:04:51.342975Z[0m [32m INFO[0m [2mhardy_cspcl::runtime[0m[2m:[0m Dispatched inbound CSP bundle from 1:35 to BPA
[2m2026-08-02T17:04:52.071537Z[0m [32m INFO[0m [2mhardy_cspcl::runtime[0m[2m:[0m Dispatched inbound CSP bundle from 1:35 to BPA
[2m2026-08-02T17:04:52.071892Z[0m [32m INFO[0m [2mhardy_cspcl::runtime[0m[2m:[0m Dispatched inbound CSP bundle from 1:35 to BPA
[2m2026-08-02T17:04:52.108497Z[0m [32m INFO[0m [2mhardy_cspcl::runtime[0m[2m:[0m Dispatched inbound CSP bundle from 1:35 to BPA
[2m2026-08-02T17:04:52.195813Z[0m [32m INFO[0m [2mhardy_cspcl::runtime[0m[2m:[0m Dispatched inbound CSP bundle from 1:35 to BPA
[2m2026-08-02T17:04:52.273071Z[0m [32m INFO[0m [2mhardy_cspcl::runtime[0m[2m:[0m Dispatched inbound CSP bundle from 1:35 to BPA
[2m2026-08-02T17:04:52.373501Z[0m [32m INFO[0m [2mhardy_cspcl::runtime[0m[2m:[0m Dispatched inbound CSP bundle from 1:35 to BPA
[2m2026-08-02T17:04:52.474881Z[0m [32m INFO[0m [2mhardy_cspcl::runtime[0m[2m:[0m Dispatched inbound CSP bundle from 1:35 to BPA
[2m2026-08-02T17:04:52.475826Z[0m [32m INFO[0m [2mhardy_cspcl::runtime[0m[2m:[0m Dispatched inbound CSP bundle from 1:35 to BPA
[2m2026-08-02T17:04:52.675836Z[0m [32m INFO[0m [2mhardy_cspcl::runtime[0m[2m:[0m Dispatched inbound CSP bundle from 1:35 to BPA
[2m2026-08-02T17:04:52.876677Z[0m [32m INFO[0m [2mhardy_cspcl::runtime[0m[2m:[0m Dispatched inbound CSP bundle from 1:35 to BPA
[2m2026-08-02T17:04:53.603602Z[0m [32m INFO[0m [2mhardy_cspcl::runtime[0m[2m:[0m Dispatched inbound CSP bundle from 1:35 to BPA
[2m2026-08-02T17:04:53.603885Z[0m [32m INFO[0m [2mhardy_cspcl::runtime[0m[2m:[0m Dispatched inbound CSP bundle from 1:35 to BPA
[2m2026-08-02T17:04:53.640467Z[0m [32m INFO[0m [2mhardy_cspcl::runtime[0m[2m:[0m Dispatched inbound CSP bundle from 1:35 to BPA
[2m2026-08-02T17:04:53.827542Z[0m [32m INFO[0m [2mhardy_cspcl::runtime[0m[2m:[0m Dispatched inbound CSP bundle from 1:35 to BPA
[2m2026-08-02T17:04:53.927799Z[0m [32m INFO[0m [2mhardy_cspcl::runtime[0m[2m:[0m Dispatched inbound CSP bundle from 1:35 to BPA
[2m2026-08-02T17:04:53.928318Z[0m [32m INFO[0m [2mhardy_cspcl::runtime[0m[2m:[0m Dispatched inbound CSP bundle from 1:35 to BPA
[2m2026-08-02T17:04:53.928962Z[0m [32m INFO[0m [2mhardy_cspcl::runtime[0m[2m:[0m Dispatched inbound CSP bundle from 1:35 to BPA
[2m2026-08-02T17:04:54.130268Z[0m [32m INFO[0m [2mhardy_cspcl::runtime[0m[2m:[0m Dispatched inbound CSP bundle from 1:35 to BPA
[2m2026-08-02T17:04:54.231478Z[0m [32m INFO[0m [2mhardy_cspcl::runtime[0m[2m:[0m Dispatched inbound CSP bundle from 1:35 to BPA
[2m2026-08-02T17:04:54.532521Z[0m [32m INFO[0m [2mhardy_cspcl::runtime[0m[2m:[0m Dispatched inbound CSP bundle from 1:35 to BPA
[2m2026-08-02T17:04:55.160118Z[0m [32m INFO[0m [2mhardy_cspcl::runtime[0m[2m:[0m Dispatched inbound CSP bundle from 1:35 to BPA
[2m2026-08-02T17:04:55.160493Z[0m [32m INFO[0m [2mhardy_cspcl::runtime[0m[2m:[0m Dispatched inbound CSP bundle from 1:35 to BPA
[2m2026-08-02T17:04:55.243474Z[0m [32m INFO[0m [2mhardy_cspcl::runtime[0m[2m:[0m Dispatched inbound CSP bundle from 1:35 to BPA
[2m2026-08-02T17:04:55.244483Z[0m [32m INFO[0m [2mhardy_cspcl::runtime[0m[2m:[0m Dispatched inbound CSP bundle from 1:35 to BPA
[2m2026-08-02T17:04:55.245005Z[0m [32m INFO[0m [2mhardy_cspcl::runtime[0m[2m:[0m Dispatched inbound CSP bundle from 1:35 to BPA
[2m2026-08-02T17:04:55.245559Z[0m [32m INFO[0m [2mhardy_cspcl::runtime[0m[2m:[0m Dispatched inbound CSP bundle from 1:35 to BPA
[2m2026-08-02T17:04:55.246035Z[0m [32m INFO[0m [2mhardy_cspcl::runtime[0m[2m:[0m Dispatched inbound CSP bundle from 1:35 to BPA
[2m2026-08-02T17:04:55.447224Z[0m [32m INFO[0m [2mhardy_cspcl::runtime[0m[2m:[0m Dispatched inbound CSP bundle from 1:35 to BPA
[2m2026-08-02T17:04:55.760136Z[0m [32m INFO[0m [2mhardy_cspcl::runtime[0m[2m:[0m Dispatched inbound CSP bundle from 1:35 to BPA
[2m2026-08-02T17:04:55.849290Z[0m [32m INFO[0m [2mhardy_cspcl::runtime[0m[2m:[0m Dispatched inbound CSP bundle from 1:35 to BPA
[2m2026-08-02T17:04:57.074297Z[0m [32m INFO[0m [2mhardy_cspcl::runtime[0m[2m:[0m Dispatched inbound CSP bundle from 1:35 to BPA
[2m2026-08-02T17:04:57.074738Z[0m [32m INFO[0m [2mhardy_cspcl::runtime[0m[2m:[0m Dispatched inbound CSP bundle from 1:35 to BPA
[2m2026-08-02T17:04:57.111579Z[0m [32m INFO[0m [2mhardy_cspcl::runtime[0m[2m:[0m Dispatched inbound CSP bundle from 1:35 to BPA
[2m2026-08-02T17:04:57.198355Z[0m [32m INFO[0m [2mhardy_cspcl::runtime[0m[2m:[0m Dispatched inbound CSP bundle from 1:35 to BPA
[2m2026-08-02T17:04:57.198908Z[0m [32m INFO[0m [2mhardy_cspcl::runtime[0m[2m:[0m Dispatched inbound CSP bundle from 1:35 to BPA
[2m2026-08-02T17:04:57.199378Z[0m [32m INFO[0m [2mhardy_cspcl::runtime[0m[2m:[0m Dispatched inbound CSP bundle from 1:35 to BPA
[2m2026-08-02T17:04:57.199921Z[0m [32m INFO[0m [2mhardy_cspcl::runtime[0m[2m:[0m Dispatched inbound CSP bundle from 1:35 to BPA
[2m2026-08-02T17:04:57.200485Z[0m [32m INFO[0m [2mhardy_cspcl::runtime[0m[2m:[0m Dispatched inbound CSP bundle from 1:35 to BPA
[2m2026-08-02T17:04:57.376389Z[0m [32m INFO[0m [2mhardy_cspcl::runtime[0m[2m:[0m Dispatched inbound CSP bundle from 1:35 to BPA
[2m2026-08-02T17:04:57.477131Z[0m [32m INFO[0m [2mhardy_cspcl::runtime[0m[2m:[0m Dispatched inbound CSP bundle from 1:35 to BPA
[2m2026-08-02T17:04:58.303745Z[0m [32m INFO[0m [2mhardy_cspcl::runtime[0m[2m:[0m Dispatched inbound CSP bundle from 1:35 to BPA
[2m2026-08-02T17:04:58.303994Z[0m [32m INFO[0m [2mhardy_cspcl::runtime[0m[2m:[0m Dispatched inbound CSP bundle from 1:35 to BPA
[2m2026-08-02T17:04:58.340096Z[0m [32m INFO[0m [2mhardy_cspcl::runtime[0m[2m:[0m Dispatched inbound CSP bundle from 1:35 to BPA
[2m2026-08-02T17:04:58.605499Z[0m [32m INFO[0m [2mhardy_cspcl::runtime[0m[2m:[0m Dispatched inbound CSP bundle from 1:35 to BPA
[2m2026-08-02T17:04:58.606420Z[0m [32m INFO[0m [2mhardy_cspcl::runtime[0m[2m:[0m Dispatched inbound CSP bundle from 1:35 to BPA
[2m2026-08-02T17:04:58.607173Z[0m [32m INFO[0m [2mhardy_cspcl::runtime[0m[2m:[0m Dispatched inbound CSP bundle from 1:35 to BPA
[2m2026-08-02T17:04:58.607946Z[0m [32m INFO[0m [2mhardy_cspcl::runtime[0m[2m:[0m Dispatched inbound CSP bundle from 1:35 to BPA
[2m2026-08-02T17:04:58.608492Z[0m [32m INFO[0m [2mhardy_cspcl::runtime[0m[2m:[0m Dispatched inbound CSP bundle from 1:35 to BPA
[2m2026-08-02T17:04:58.907671Z[0m [32m INFO[0m [2mhardy_cspcl::runtime[0m[2m:[0m Dispatched inbound CSP bundle from 1:35 to BPA
[2m2026-08-02T17:04:59.008054Z[0m [32m INFO[0m [2mhardy_cspcl::runtime[0m[2m:[0m Dispatched inbound CSP bundle from 1:35 to BPA
[2m2026-08-02T17:04:59.845292Z[0m [32m INFO[0m [2mhardy_cspcl::runtime[0m[2m:[0m Dispatched inbound CSP bundle from 1:35 to BPA
[2m2026-08-02T17:04:59.845546Z[0m [32m INFO[0m [2mhardy_cspcl::runtime[0m[2m:[0m Dispatched inbound CSP bundle from 1:35 to BPA
[2m2026-08-02T17:04:59.882024Z[0m [32m INFO[0m [2mhardy_cspcl::runtime[0m[2m:[0m Dispatched inbound CSP bundle from 1:35 to BPA
[2m2026-08-02T17:04:59.969095Z[0m [32m INFO[0m [2mhardy_cspcl::runtime[0m[2m:[0m Dispatched inbound CSP bundle from 1:35 to BPA
[2m2026-08-02T17:04:59.970093Z[0m [32m INFO[0m [2mhardy_cspcl::runtime[0m[2m:[0m Dispatched inbound CSP bundle from 1:35 to BPA
[2m2026-08-02T17:04:59.970658Z[0m [32m INFO[0m [2mhardy_cspcl::runtime[0m[2m:[0m Dispatched inbound CSP bundle from 1:35 to BPA
[2m2026-08-02T17:04:59.971074Z[0m [32m INFO[0m [2mhardy_cspcl::runtime[0m[2m:[0m Dispatched inbound CSP bundle from 1:35 to BPA
[2m2026-08-02T17:05:00.247469Z[0m [32m INFO[0m [2mhardy_cspcl::runtime[0m[2m:[0m Dispatched inbound CSP bundle from 1:35 to BPA
[2m2026-08-02T17:05:00.448874Z[0m [32m INFO[0m [2mhardy_cspcl::runtime[0m[2m:[0m Dispatched inbound CSP bundle from 1:35 to BPA
[2m2026-08-02T17:05:00.549142Z[0m [32m INFO[0m [2mhardy_cspcl::runtime[0m[2m:[0m Dispatched inbound CSP bundle from 1:35 to BPA
[2m2026-08-02T17:05:01.277313Z[0m [32m INFO[0m [2mhardy_cspcl::runtime[0m[2m:[0m Dispatched inbound CSP bundle from 1:35 to BPA
[2m2026-08-02T17:05:01.277624Z[0m [32m INFO[0m [2mhardy_cspcl::runtime[0m[2m:[0m Dispatched inbound CSP bundle from 1:35 to BPA
[2m2026-08-02T17:05:01.413776Z[0m [32m INFO[0m [2mhardy_cspcl::runtime[0m[2m:[0m Dispatched inbound CSP bundle from 1:35 to BPA
[2m2026-08-02T17:05:01.414056Z[0m [32m INFO[0m [2mhardy_cspcl::runtime[0m[2m:[0m Dispatched inbound CSP bundle from 1:35 to BPA
[2m2026-08-02T17:05:01.414336Z[0m [32m INFO[0m [2mhardy_cspcl::runtime[0m[2m:[0m Dispatched inbound CSP bundle from 1:35 to BPA
[2m2026-08-02T17:05:01.715295Z[0m [32m INFO[0m [2mhardy_cspcl::runtime[0m[2m:[0m Dispatched inbound CSP bundle from 1:35 to BPA
[2m2026-08-02T17:05:01.716504Z[0m [32m INFO[0m [2mhardy_cspcl::runtime[0m[2m:[0m Dispatched inbound CSP bundle from 1:35 to BPA
[2m2026-08-02T17:05:01.717347Z[0m [32m INFO[0m [2mhardy_cspcl::runtime[0m[2m:[0m Dispatched inbound CSP bundle from 1:35 to BPA
[2m2026-08-02T17:05:02.016907Z[0m [32m INFO[0m [2mhardy_cspcl::runtime[0m[2m:[0m Dispatched inbound CSP bundle from 1:35 to BPA
[2m2026-08-02T17:05:02.127941Z[0m [32m INFO[0m [2mhardy_cspcl::runtime[0m[2m:[0m Dispatched inbound CSP bundle from 1:35 to BPA
[2m2026-08-02T17:05:02.953077Z[0m [32m INFO[0m [2mhardy_cspcl::runtime[0m[2m:[0m Dispatched inbound CSP bundle from 1:35 to BPA
[2m2026-08-02T17:05:02.953506Z[0m [32m INFO[0m [2mhardy_cspcl::runtime[0m[2m:[0m Dispatched inbound CSP bundle from 1:35 to BPA
[2m2026-08-02T17:05:02.990291Z[0m [32m INFO[0m [2mhardy_cspcl::runtime[0m[2m:[0m Dispatched inbound CSP bundle from 1:35 to BPA
[2m2026-08-02T17:05:03.077633Z[0m [32m INFO[0m [2mhardy_cspcl::runtime[0m[2m:[0m Dispatched inbound CSP bundle from 1:35 to BPA
[2m2026-08-02T17:05:03.078364Z[0m [32m INFO[0m [2mhardy_cspcl::runtime[0m[2m:[0m Dispatched inbound CSP bundle from 1:35 to BPA
[2m2026-08-02T17:05:03.079202Z[0m [32m INFO[0m [2mhardy_cspcl::runtime[0m[2m:[0m Dispatched inbound CSP bundle from 1:35 to BPA
[2m2026-08-02T17:05:03.154608Z[0m [32m INFO[0m [2mhardy_cspcl::runtime[0m[2m:[0m Dispatched inbound CSP bundle from 1:35 to BPA
[2m2026-08-02T17:05:03.155733Z[0m [32m INFO[0m [2mhardy_cspcl::runtime[0m[2m:[0m Dispatched inbound CSP bundle from 1:35 to BPA
[2m2026-08-02T17:05:03.557838Z[0m [32m INFO[0m [2mhardy_cspcl::runtime[0m[2m:[0m Dispatched inbound CSP bundle from 1:35 to BPA
[2m2026-08-02T17:05:03.658212Z[0m [32m INFO[0m [2mhardy_cspcl::runtime[0m[2m:[0m Dispatched inbound CSP bundle from 1:35 to BPA
[2m2026-08-02T17:05:04.389056Z[0m [32m INFO[0m [2mhardy_cspcl::runtime[0m[2m:[0m Dispatched inbound CSP bundle from 1:35 to BPA
[2m2026-08-02T17:05:04.389406Z[0m [32m INFO[0m [2mhardy_cspcl::runtime[0m[2m:[0m Dispatched inbound CSP bundle from 1:35 to BPA
[2m2026-08-02T17:05:04.431700Z[0m [32m INFO[0m [2mhardy_cspcl::runtime[0m[2m:[0m Dispatched inbound CSP bundle from 1:35 to BPA
[2m2026-08-02T17:05:04.519006Z[0m [32m INFO[0m [2mhardy_cspcl::runtime[0m[2m:[0m Dispatched inbound CSP bundle from 1:35 to BPA
[2m2026-08-02T17:05:04.519961Z[0m [32m INFO[0m [2mhardy_cspcl::runtime[0m[2m:[0m Dispatched inbound CSP bundle from 1:35 to BPA
[2m2026-08-02T17:05:04.632434Z[0m [32m INFO[0m [2mhardy_cspcl::runtime[0m[2m:[0m Dispatched inbound CSP bundle from 1:35 to BPA
[2m2026-08-02T17:05:04.833742Z[0m [32m INFO[0m [2mhardy_cspcl::runtime[0m[2m:[0m Dispatched inbound CSP bundle from 1:35 to BPA
[2m2026-08-02T17:05:04.834982Z[0m [32m INFO[0m [2mhardy_cspcl::runtime[0m[2m:[0m Dispatched inbound CSP bundle from 1:35 to BPA
[2m2026-08-02T17:05:05.136211Z[0m [32m INFO[0m [2mhardy_cspcl::runtime[0m[2m:[0m Dispatched inbound CSP bundle from 1:35 to BPA
[2m2026-08-02T17:05:05.237625Z[0m [32m INFO[0m [2mhardy_cspcl::runtime[0m[2m:[0m Dispatched inbound CSP bundle from 1:35 to BPA
[2m2026-08-02T17:05:06.069635Z[0m [32m INFO[0m [2mhardy_cspcl::runtime[0m[2m:[0m Dispatched inbound CSP bundle from 1:35 to BPA
[2m2026-08-02T17:05:06.069902Z[0m [32m INFO[0m [2mhardy_cspcl::runtime[0m[2m:[0m Dispatched inbound CSP bundle from 1:35 to BPA
[2m2026-08-02T17:05:06.106516Z[0m [32m INFO[0m [2mhardy_cspcl::runtime[0m[2m:[0m Dispatched inbound CSP bundle from 1:35 to BPA
[2m2026-08-02T17:05:06.193557Z[0m [32m INFO[0m [2mhardy_cspcl::runtime[0m[2m:[0m Dispatched inbound CSP bundle from 1:35 to BPA
[2m2026-08-02T17:05:06.194771Z[0m [32m INFO[0m [2mhardy_cspcl::runtime[0m[2m:[0m Dispatched inbound CSP bundle from 1:35 to BPA
[2m2026-08-02T17:05:06.195518Z[0m [32m INFO[0m [2mhardy_cspcl::runtime[0m[2m:[0m Dispatched inbound CSP bundle from 1:35 to BPA
[2m2026-08-02T17:05:06.195987Z[0m [32m INFO[0m [2mhardy_cspcl::runtime[0m[2m:[0m Dispatched inbound CSP bundle from 1:35 to BPA
[2m2026-08-02T17:05:06.271673Z[0m [32m INFO[0m [2mhardy_cspcl::runtime[0m[2m:[0m Dispatched inbound CSP bundle from 1:35 to BPA
[2m2026-08-02T17:05:06.673923Z[0m [32m INFO[0m [2mhardy_cspcl::runtime[0m[2m:[0m Dispatched inbound CSP bundle from 1:35 to BPA
[2m2026-08-02T17:05:06.674446Z[0m [32m INFO[0m [2mhardy_cspcl::runtime[0m[2m:[0m Dispatched inbound CSP bundle from 1:35 to BPA
[2m2026-08-02T17:05:07.609732Z[0m [32m INFO[0m [2mhardy_cspcl::runtime[0m[2m:[0m Dispatched inbound CSP bundle from 1:35 to BPA
[2m2026-08-02T17:05:07.610003Z[0m [32m INFO[0m [2mhardy_cspcl::runtime[0m[2m:[0m Dispatched inbound CSP bundle from 1:35 to BPA
[2m2026-08-02T17:05:07.647021Z[0m [32m INFO[0m [2mhardy_cspcl::runtime[0m[2m:[0m Dispatched inbound CSP bundle from 1:35 to BPA
[2m2026-08-02T17:05:07.733697Z[0m [32m INFO[0m [2mhardy_cspcl::runtime[0m[2m:[0m Dispatched inbound CSP bundle from 1:35 to BPA
[2m2026-08-02T17:05:07.734286Z[0m [32m INFO[0m [2mhardy_cspcl::runtime[0m[2m:[0m Dispatched inbound CSP bundle from 1:35 to BPA
[2m2026-08-02T17:05:07.734862Z[0m [32m INFO[0m [2mhardy_cspcl::runtime[0m[2m:[0m Dispatched inbound CSP bundle from 1:35 to BPA
[2m2026-08-02T17:05:07.735562Z[0m [32m INFO[0m [2mhardy_cspcl::runtime[0m[2m:[0m Dispatched inbound CSP bundle from 1:35 to BPA
[2m2026-08-02T17:05:07.811406Z[0m [32m INFO[0m [2mhardy_cspcl::runtime[0m[2m:[0m Dispatched inbound CSP bundle from 1:35 to BPA
[2m2026-08-02T17:05:08.213922Z[0m [32m INFO[0m [2mhardy_cspcl::runtime[0m[2m:[0m Dispatched inbound CSP bundle from 1:35 to BPA
[2m2026-08-02T17:05:08.215059Z[0m [32m INFO[0m [2mhardy_cspcl::runtime[0m[2m:[0m Dispatched inbound CSP bundle from 1:35 to BPA
[2m2026-08-02T17:05:09.041910Z[0m [32m INFO[0m [2mhardy_cspcl::runtime[0m[2m:[0m Dispatched inbound CSP bundle from 1:35 to BPA
[2m2026-08-02T17:05:09.042163Z[0m [32m INFO[0m [2mhardy_cspcl::runtime[0m[2m:[0m Dispatched inbound CSP bundle from 1:35 to BPA
[2m2026-08-02T17:05:09.143106Z[0m [32m INFO[0m [2mhardy_cspcl::runtime[0m[2m:[0m Dispatched inbound CSP bundle from 1:35 to BPA
[2m2026-08-02T17:05:09.266843Z[0m [32m INFO[0m [2mhardy_cspcl::runtime[0m[2m:[0m Dispatched inbound CSP bundle from 1:35 to BPA
[2m2026-08-02T17:05:09.267675Z[0m [32m INFO[0m [2mhardy_cspcl::runtime[0m[2m:[0m Dispatched inbound CSP bundle from 1:35 to BPA
[2m2026-08-02T17:05:09.568792Z[0m [32m INFO[0m [2mhardy_cspcl::runtime[0m[2m:[0m Dispatched inbound CSP bundle from 1:35 to BPA
[2m2026-08-02T17:05:09.569862Z[0m [32m INFO[0m [2mhardy_cspcl::runtime[0m[2m:[0m Dispatched inbound CSP bundle from 1:35 to BPA
[2m2026-08-02T17:05:09.570506Z[0m [32m INFO[0m [2mhardy_cspcl::runtime[0m[2m:[0m Dispatched inbound CSP bundle from 1:35 to BPA
[2m2026-08-02T17:05:09.770332Z[0m [32m INFO[0m [2mhardy_cspcl::runtime[0m[2m:[0m Dispatched inbound CSP bundle from 1:35 to BPA
[2m2026-08-02T17:05:09.971642Z[0m [32m INFO[0m [2mhardy_cspcl::runtime[0m[2m:[0m Dispatched inbound CSP bundle from 1:35 to BPA
[2m2026-08-02T17:05:10.592969Z[0m [32m INFO[0m [2mhardy_cspcl::runtime[0m[2m:[0m Dispatched inbound CSP bundle from 1:35 to BPA
[2m2026-08-02T17:05:10.593175Z[0m [32m INFO[0m [2mhardy_cspcl::runtime[0m[2m:[0m Dispatched inbound CSP bundle from 1:35 to BPA
[2m2026-08-02T17:05:10.707830Z[0m [32m INFO[0m [2mhardy_cspcl::runtime[0m[2m:[0m Dispatched inbound CSP bundle from 1:35 to BPA
[2m2026-08-02T17:05:10.708575Z[0m [32m INFO[0m [2mhardy_cspcl::runtime[0m[2m:[0m Dispatched inbound CSP bundle from 1:35 to BPA
[2m2026-08-02T17:05:11.009710Z[0m [32m INFO[0m [2mhardy_cspcl::runtime[0m[2m:[0m Dispatched inbound CSP bundle from 1:35 to BPA
[2m2026-08-02T17:05:11.010001Z[0m [32m INFO[0m [2mhardy_cspcl::runtime[0m[2m:[0m Dispatched inbound CSP bundle from 1:35 to BPA
[2m2026-08-02T17:05:11.010657Z[0m [32m INFO[0m [2mhardy_cspcl::runtime[0m[2m:[0m Dispatched inbound CSP bundle from 1:35 to BPA
[2m2026-08-02T17:05:11.011246Z[0m [32m INFO[0m [2mhardy_cspcl::runtime[0m[2m:[0m Dispatched inbound CSP bundle from 1:35 to BPA
[2m2026-08-02T17:05:11.211432Z[0m [32m INFO[0m [2mhardy_cspcl::runtime[0m[2m:[0m Dispatched inbound CSP bundle from 1:35 to BPA
[2m2026-08-02T17:05:11.311858Z[0m [32m INFO[0m [2mhardy_cspcl::runtime[0m[2m:[0m Dispatched inbound CSP bundle from 1:35 to BPA
[2m2026-08-02T17:05:12.231563Z[0m [32m INFO[0m [2mhardy_cspcl::runtime[0m[2m:[0m Dispatched inbound CSP bundle from 1:35 to BPA
[2m2026-08-02T17:05:12.231841Z[0m [32m INFO[0m [2mhardy_cspcl::runtime[0m[2m:[0m Dispatched inbound CSP bundle from 1:35 to BPA
[2m2026-08-02T17:05:12.342407Z[0m [32m INFO[0m [2mhardy_cspcl::runtime[0m[2m:[0m Dispatched inbound CSP bundle from 1:35 to BPA
[2m2026-08-02T17:05:12.342839Z[0m [32m INFO[0m [2mhardy_cspcl::runtime[0m[2m:[0m Dispatched inbound CSP bundle from 1:35 to BPA
[2m2026-08-02T17:05:12.343261Z[0m [32m INFO[0m [2mhardy_cspcl::runtime[0m[2m:[0m Dispatched inbound CSP bundle from 1:35 to BPA
[2m2026-08-02T17:05:12.433123Z[0m [32m INFO[0m [2mhardy_cspcl::runtime[0m[2m:[0m Dispatched inbound CSP bundle from 1:35 to BPA
[2m2026-08-02T17:05:12.433859Z[0m [32m INFO[0m [2mhardy_cspcl::runtime[0m[2m:[0m Dispatched inbound CSP bundle from 1:35 to BPA
[2m2026-08-02T17:05:12.434794Z[0m [32m INFO[0m [2mhardy_cspcl::runtime[0m[2m:[0m Dispatched inbound CSP bundle from 1:35 to BPA
[2m2026-08-02T17:05:12.735259Z[0m [32m INFO[0m [2mhardy_cspcl::runtime[0m[2m:[0m Dispatched inbound CSP bundle from 1:35 to BPA
[2m2026-08-02T17:05:12.935927Z[0m [32m INFO[0m [2mhardy_cspcl::runtime[0m[2m:[0m Dispatched inbound CSP bundle from 1:35 to BPA
[2m2026-08-02T17:05:13.657177Z[0m [32m INFO[0m [2mhardy_cspcl::runtime[0m[2m:[0m Dispatched inbound CSP bundle from 1:35 to BPA
[2m2026-08-02T17:05:13.657473Z[0m [32m INFO[0m [2mhardy_cspcl::runtime[0m[2m:[0m Dispatched inbound CSP bundle from 1:35 to BPA
[2m2026-08-02T17:05:13.693459Z[0m [32m INFO[0m [2mhardy_cspcl::runtime[0m[2m:[0m Dispatched inbound CSP bundle from 1:35 to BPA
[2m2026-08-02T17:05:13.780876Z[0m [32m INFO[0m [2mhardy_cspcl::runtime[0m[2m:[0m Dispatched inbound CSP bundle from 1:35 to BPA
[2m2026-08-02T17:05:13.794361Z[0m [32m INFO[0m [2mhardy_cspcl::runtime[0m[2m:[0m Dispatched inbound CSP bundle from 1:35 to BPA
[2m2026-08-02T17:05:13.895618Z[0m [32m INFO[0m [2mhardy_cspcl::runtime[0m[2m:[0m Dispatched inbound CSP bundle from 1:35 to BPA
[2m2026-08-02T17:05:14.097607Z[0m [32m INFO[0m [2mhardy_cspcl::runtime[0m[2m:[0m Dispatched inbound CSP bundle from 1:35 to BPA
[2m2026-08-02T17:05:14.098375Z[0m [32m INFO[0m [2mhardy_cspcl::runtime[0m[2m:[0m Dispatched inbound CSP bundle from 1:35 to BPA
[2m2026-08-02T17:05:14.399714Z[0m [32m INFO[0m [2mhardy_cspcl::runtime[0m[2m:[0m Dispatched inbound CSP bundle from 1:35 to BPA
[2m2026-08-02T17:05:14.400277Z[0m [32m INFO[0m [2mhardy_cspcl::runtime[0m[2m:[0m Dispatched inbound CSP bundle from 1:35 to BPA
[2m2026-08-02T17:05:15.423696Z[0m [32m INFO[0m [2mhardy_cspcl::runtime[0m[2m:[0m Dispatched inbound CSP bundle from 1:35 to BPA
[2m2026-08-02T17:05:15.424003Z[0m [32m INFO[0m [2mhardy_cspcl::runtime[0m[2m:[0m Dispatched inbound CSP bundle from 1:35 to BPA
[2m2026-08-02T17:05:15.461041Z[0m [32m INFO[0m [2mhardy_cspcl::runtime[0m[2m:[0m Dispatched inbound CSP bundle from 1:35 to BPA
[2m2026-08-02T17:05:15.547033Z[0m [32m INFO[0m [2mhardy_cspcl::runtime[0m[2m:[0m Dispatched inbound CSP bundle from 1:35 to BPA
[2m2026-08-02T17:05:15.547357Z[0m [32m INFO[0m [2mhardy_cspcl::runtime[0m[2m:[0m Dispatched inbound CSP bundle from 1:35 to BPA
[2m2026-08-02T17:05:15.547781Z[0m [32m INFO[0m [2mhardy_cspcl::runtime[0m[2m:[0m Dispatched inbound CSP bundle from 1:35 to BPA
[2m2026-08-02T17:05:15.548054Z[0m [32m INFO[0m [2mhardy_cspcl::runtime[0m[2m:[0m Dispatched inbound CSP bundle from 1:35 to BPA
[2m2026-08-02T17:05:15.548428Z[0m [32m INFO[0m [2mhardy_cspcl::runtime[0m[2m:[0m Dispatched inbound CSP bundle from 1:35 to BPA
[2m2026-08-02T17:05:15.926581Z[0m [32m INFO[0m [2mhardy_cspcl::runtime[0m[2m:[0m Dispatched inbound CSP bundle from 1:35 to BPA
[2m2026-08-02T17:05:16.127178Z[0m [32m INFO[0m [2mhardy_cspcl::runtime[0m[2m:[0m Dispatched inbound CSP bundle from 1:35 to BPA
[2m2026-08-02T17:05:16.752264Z[0m [32m INFO[0m [2mhardy_cspcl::runtime[0m[2m:[0m Dispatched inbound CSP bundle from 1:35 to BPA
[2m2026-08-02T17:05:16.752620Z[0m [32m INFO[0m [2mhardy_cspcl::runtime[0m[2m:[0m Dispatched inbound CSP bundle from 1:35 to BPA
[2m2026-08-02T17:05:16.789597Z[0m [32m INFO[0m [2mhardy_cspcl::runtime[0m[2m:[0m Dispatched inbound CSP bundle from 1:35 to BPA
[2m2026-08-02T17:05:16.875732Z[0m [32m INFO[0m [2mhardy_cspcl::runtime[0m[2m:[0m Dispatched inbound CSP bundle from 1:35 to BPA
[2m2026-08-02T17:05:16.889900Z[0m [32m INFO[0m [2mhardy_cspcl::runtime[0m[2m:[0m Dispatched inbound CSP bundle from 1:35 to BPA
[2m2026-08-02T17:05:17.091260Z[0m [32m INFO[0m [2mhardy_cspcl::runtime[0m[2m:[0m Dispatched inbound CSP bundle from 1:35 to BPA
[2m2026-08-02T17:05:17.192036Z[0m [32m INFO[0m [2mhardy_cspcl::runtime[0m[2m:[0m Dispatched inbound CSP bundle from 1:35 to BPA
[2m2026-08-02T17:05:17.394133Z[0m [32m INFO[0m [2mhardy_cspcl::runtime[0m[2m:[0m Dispatched inbound CSP bundle from 1:35 to BPA
[2m2026-08-02T17:05:17.495149Z[0m [32m INFO[0m [2mhardy_cspcl::runtime[0m[2m:[0m Dispatched inbound CSP bundle from 1:35 to BPA
[2m2026-08-02T17:05:17.496055Z[0m [32m INFO[0m [2mhardy_cspcl::runtime[0m[2m:[0m Dispatched inbound CSP bundle from 1:35 to BPA
[2m2026-08-02T17:05:18.523761Z[0m [32m INFO[0m [2mhardy_cspcl::runtime[0m[2m:[0m Dispatched inbound CSP bundle from 1:35 to BPA
[2m2026-08-02T17:05:18.524002Z[0m [32m INFO[0m [2mhardy_cspcl::runtime[0m[2m:[0m Dispatched inbound CSP bundle from 1:35 to BPA
[2m2026-08-02T17:05:18.566259Z[0m [32m INFO[0m [2mhardy_cspcl::runtime[0m[2m:[0m Dispatched inbound CSP bundle from 1:35 to BPA
[2m2026-08-02T17:05:18.652837Z[0m [32m INFO[0m [2mhardy_cspcl::runtime[0m[2m:[0m Dispatched inbound CSP bundle from 1:35 to BPA
[2m2026-08-02T17:05:18.653549Z[0m [32m INFO[0m [2mhardy_cspcl::runtime[0m[2m:[0m Dispatched inbound CSP bundle from 1:35 to BPA
[2m2026-08-02T17:05:18.654025Z[0m [32m INFO[0m [2mhardy_cspcl::runtime[0m[2m:[0m Dispatched inbound CSP bundle from 1:35 to BPA
[2m2026-08-02T17:05:18.654662Z[0m [32m INFO[0m [2mhardy_cspcl::runtime[0m[2m:[0m Dispatched inbound CSP bundle from 1:35 to BPA
[2m2026-08-02T17:05:18.655047Z[0m [32m INFO[0m [2mhardy_cspcl::runtime[0m[2m:[0m Dispatched inbound CSP bundle from 1:35 to BPA
[2m2026-08-02T17:05:19.026986Z[0m [32m INFO[0m [2mhardy_cspcl::runtime[0m[2m:[0m Dispatched inbound CSP bundle from 1:35 to BPA
[2m2026-08-02T17:05:19.127375Z[0m [32m INFO[0m [2mhardy_cspcl::runtime[0m[2m:[0m Dispatched inbound CSP bundle from 1:35 to BPA
[2m2026-08-02T17:05:19.853189Z[0m [32m INFO[0m [2mhardy_cspcl::runtime[0m[2m:[0m Dispatched inbound CSP bundle from 1:35 to BPA
[2m2026-08-02T17:05:19.853459Z[0m [32m INFO[0m [2mhardy_cspcl::runtime[0m[2m:[0m Dispatched inbound CSP bundle from 1:35 to BPA
[2m2026-08-02T17:05:19.954315Z[0m [32m INFO[0m [2mhardy_cspcl::runtime[0m[2m:[0m Dispatched inbound CSP bundle from 1:35 to BPA
[2m2026-08-02T17:05:20.082032Z[0m [32m INFO[0m [2mhardy_cspcl::runtime[0m[2m:[0m Dispatched inbound CSP bundle from 1:35 to BPA
[2m2026-08-02T17:05:20.082657Z[0m [32m INFO[0m [2mhardy_cspcl::runtime[0m[2m:[0m Dispatched inbound CSP bundle from 1:35 to BPA
[2m2026-08-02T17:05:20.383761Z[0m [32m INFO[0m [2mhardy_cspcl::runtime[0m[2m:[0m Dispatched inbound CSP bundle from 1:35 to BPA
[2m2026-08-02T17:05:20.384768Z[0m [32m INFO[0m [2mhardy_cspcl::runtime[0m[2m:[0m Dispatched inbound CSP bundle from 1:35 to BPA
[2m2026-08-02T17:05:20.385599Z[0m [32m INFO[0m [2mhardy_cspcl::runtime[0m[2m:[0m Dispatched inbound CSP bundle from 1:35 to BPA
[2m2026-08-02T17:05:20.585371Z[0m [32m INFO[0m [2mhardy_cspcl::runtime[0m[2m:[0m Dispatched inbound CSP bundle from 1:35 to BPA
[2m2026-08-02T17:05:20.685467Z[0m [32m INFO[0m [2mhardy_cspcl::runtime[0m[2m:[0m Dispatched inbound CSP bundle from 1:35 to BPA
[2m2026-08-02T17:05:21.410040Z[0m [32m INFO[0m [2mhardy_cspcl::runtime[0m[2m:[0m Dispatched inbound CSP bundle from 1:35 to BPA
[2m2026-08-02T17:05:21.410385Z[0m [32m INFO[0m [2mhardy_cspcl::runtime[0m[2m:[0m Dispatched inbound CSP bundle from 1:35 to BPA
[2m2026-08-02T17:05:21.511495Z[0m [32m INFO[0m [2mhardy_cspcl::runtime[0m[2m:[0m Dispatched inbound CSP bundle from 1:35 to BPA
[2m2026-08-02T17:05:21.734033Z[0m [32m INFO[0m [2mhardy_cspcl::runtime[0m[2m:[0m Dispatched inbound CSP bundle from 1:35 to BPA
[2m2026-08-02T17:05:21.734672Z[0m [32m INFO[0m [2mhardy_cspcl::runtime[0m[2m:[0m Dispatched inbound CSP bundle from 1:35 to BPA
[2m2026-08-02T17:05:21.735045Z[0m [32m INFO[0m [2mhardy_cspcl::runtime[0m[2m:[0m Dispatched inbound CSP bundle from 1:35 to BPA
[2m2026-08-02T17:05:21.735430Z[0m [32m INFO[0m [2mhardy_cspcl::runtime[0m[2m:[0m Dispatched inbound CSP bundle from 1:35 to BPA
[2m2026-08-02T17:05:21.735988Z[0m [32m INFO[0m [2mhardy_cspcl::runtime[0m[2m:[0m Dispatched inbound CSP bundle from 1:35 to BPA
[2m2026-08-02T17:05:22.037568Z[0m [32m INFO[0m [2mhardy_cspcl::runtime[0m[2m:[0m Dispatched inbound CSP bundle from 1:35 to BPA
[2m2026-08-02T17:05:22.138166Z[0m [32m INFO[0m [2mhardy_cspcl::runtime[0m[2m:[0m Dispatched inbound CSP bundle from 1:35 to BPA
[2m2026-08-02T17:05:22.963270Z[0m [32m INFO[0m [2mhardy_cspcl::runtime[0m[2m:[0m Dispatched inbound CSP bundle from 1:35 to BPA
[2m2026-08-02T17:05:22.963934Z[0m [32m INFO[0m [2mhardy_cspcl::runtime[0m[2m:[0m Dispatched inbound CSP bundle from 1:35 to BPA
[2m2026-08-02T17:05:23.071943Z[0m [32m INFO[0m [2mhardy_cspcl::runtime[0m[2m:[0m Dispatched inbound CSP bundle from 1:35 to BPA
[2m2026-08-02T17:05:23.373283Z[0m [32m INFO[0m [2mhardy_cspcl::runtime[0m[2m:[0m Dispatched inbound CSP bundle from 1:35 to BPA
[2m2026-08-02T17:05:23.374049Z[0m [32m INFO[0m [2mhardy_cspcl::runtime[0m[2m:[0m Dispatched inbound CSP bundle from 1:35 to BPA
[2m2026-08-02T17:05:23.374830Z[0m [32m INFO[0m [2mhardy_cspcl::runtime[0m[2m:[0m Dispatched inbound CSP bundle from 1:35 to BPA
[2m2026-08-02T17:05:23.375739Z[0m [32m INFO[0m [2mhardy_cspcl::runtime[0m[2m:[0m Dispatched inbound CSP bundle from 1:35 to BPA
[2m2026-08-02T17:05:23.376240Z[0m [32m INFO[0m [2mhardy_cspcl::runtime[0m[2m:[0m Dispatched inbound CSP bundle from 1:35 to BPA
[2m2026-08-02T17:05:23.674643Z[0m [32m INFO[0m [2mhardy_cspcl::runtime[0m[2m:[0m Dispatched inbound CSP bundle from 1:35 to BPA
[2m2026-08-02T17:05:23.675427Z[0m [32m INFO[0m [2mhardy_cspcl::runtime[0m[2m:[0m Dispatched inbound CSP bundle from 1:35 to BPA
[2m2026-08-02T17:05:24.400378Z[0m [32m INFO[0m [2mhardy_cspcl::runtime[0m[2m:[0m Dispatched inbound CSP bundle from 1:35 to BPA
[2m2026-08-02T17:05:24.400700Z[0m [32m INFO[0m [2mhardy_cspcl::runtime[0m[2m:[0m Dispatched inbound CSP bundle from 1:35 to BPA
[2m2026-08-02T17:05:24.601748Z[0m [32m INFO[0m [2mhardy_cspcl::runtime[0m[2m:[0m Dispatched inbound CSP bundle from 1:35 to BPA
[2m2026-08-02T17:05:24.602820Z[0m [32m INFO[0m [2mhardy_cspcl::runtime[0m[2m:[0m Dispatched inbound CSP bundle from 1:35 to BPA
[2m2026-08-02T17:05:24.603845Z[0m [32m INFO[0m [2mhardy_cspcl::runtime[0m[2m:[0m Dispatched inbound CSP bundle from 1:35 to BPA
[2m2026-08-02T17:05:24.604842Z[0m [32m INFO[0m [2mhardy_cspcl::runtime[0m[2m:[0m Dispatched inbound CSP bundle from 1:35 to BPA
[2m2026-08-02T17:05:24.605651Z[0m [32m INFO[0m [2mhardy_cspcl::runtime[0m[2m:[0m Dispatched inbound CSP bundle from 1:35 to BPA
[2m2026-08-02T17:05:24.802900Z[0m [32m INFO[0m [2mhardy_cspcl::runtime[0m[2m:[0m Dispatched inbound CSP bundle from 1:35 to BPA
[2m2026-08-02T17:05:25.205391Z[0m [32m INFO[0m [2mhardy_cspcl::runtime[0m[2m:[0m Dispatched inbound CSP bundle from 1:35 to BPA
[2m2026-08-02T17:05:25.407038Z[0m [32m INFO[0m [2mhardy_cspcl::runtime[0m[2m:[0m Dispatched inbound CSP bundle from 1:35 to BPA
[2m2026-08-02T17:05:26.331632Z[0m [32m INFO[0m [2mhardy_cspcl::runtime[0m[2m:[0m Dispatched inbound CSP bundle from 1:35 to BPA
[2m2026-08-02T17:05:26.331903Z[0m [32m INFO[0m [2mhardy_cspcl::runtime[0m[2m:[0m Dispatched inbound CSP bundle from 1:35 to BPA
[2m2026-08-02T17:05:26.450781Z[0m [32m INFO[0m [2mhardy_cspcl::runtime[0m[2m:[0m Dispatched inbound CSP bundle from 1:35 to BPA
[2m2026-08-02T17:05:26.451054Z[0m [32m INFO[0m [2mhardy_cspcl::runtime[0m[2m:[0m Dispatched inbound CSP bundle from 1:35 to BPA
[2m2026-08-02T17:05:26.451654Z[0m [32m INFO[0m [2mhardy_cspcl::runtime[0m[2m:[0m Dispatched inbound CSP bundle from 1:35 to BPA
[2m2026-08-02T17:05:26.451992Z[0m [32m INFO[0m [2mhardy_cspcl::runtime[0m[2m:[0m Dispatched inbound CSP bundle from 1:35 to BPA
[2m2026-08-02T17:05:26.452291Z[0m [32m INFO[0m [2mhardy_cspcl::runtime[0m[2m:[0m Dispatched inbound CSP bundle from 1:35 to BPA
[2m2026-08-02T17:05:26.452524Z[0m [32m INFO[0m [2mhardy_cspcl::runtime[0m[2m:[0m Dispatched inbound CSP bundle from 1:35 to BPA
[2m2026-08-02T17:05:26.733879Z[0m [32m INFO[0m [2mhardy_cspcl::runtime[0m[2m:[0m Dispatched inbound CSP bundle from 1:35 to BPA
[2m2026-08-02T17:05:26.834183Z[0m [32m INFO[0m [2mhardy_cspcl::runtime[0m[2m:[0m Dispatched inbound CSP bundle from 1:35 to BPA
[2m2026-08-02T17:05:27.561512Z[0m [32m INFO[0m [2mhardy_cspcl::runtime[0m[2m:[0m Dispatched inbound CSP bundle from 1:35 to BPA
[2m2026-08-02T17:05:27.561808Z[0m [32m INFO[0m [2mhardy_cspcl::runtime[0m[2m:[0m Dispatched inbound CSP bundle from 1:35 to BPA
[2m2026-08-02T17:05:27.598049Z[0m [32m INFO[0m [2mhardy_cspcl::runtime[0m[2m:[0m Dispatched inbound CSP bundle from 1:35 to BPA
[2m2026-08-02T17:05:27.684866Z[0m [32m INFO[0m [2mhardy_cspcl::runtime[0m[2m:[0m Dispatched inbound CSP bundle from 1:35 to BPA
[2m2026-08-02T17:05:27.885771Z[0m [32m INFO[0m [2mhardy_cspcl::runtime[0m[2m:[0m Dispatched inbound CSP bundle from 1:35 to BPA
[2m2026-08-02T17:05:27.886344Z[0m [32m INFO[0m [2mhardy_cspcl::runtime[0m[2m:[0m Dispatched inbound CSP bundle from 1:35 to BPA
[2m2026-08-02T17:05:27.886740Z[0m [32m INFO[0m [2mhardy_cspcl::runtime[0m[2m:[0m Dispatched inbound CSP bundle from 1:35 to BPA
[2m2026-08-02T17:05:27.887183Z[0m [32m INFO[0m [2mhardy_cspcl::runtime[0m[2m:[0m Dispatched inbound CSP bundle from 1:35 to BPA
[2m2026-08-02T17:05:28.298230Z[0m [32m INFO[0m [2mhardy_cspcl::runtime[0m[2m:[0m Dispatched inbound CSP bundle from 1:35 to BPA
[2m2026-08-02T17:05:28.298845Z[0m [32m INFO[0m [2mhardy_cspcl::runtime[0m[2m:[0m Dispatched inbound CSP bundle from 1:35 to BPA
[2m2026-08-02T17:05:29.423431Z[0m [32m INFO[0m [2mhardy_cspcl::runtime[0m[2m:[0m Dispatched inbound CSP bundle from 1:35 to BPA
[2m2026-08-02T17:05:29.423712Z[0m [32m INFO[0m [2mhardy_cspcl::runtime[0m[2m:[0m Dispatched inbound CSP bundle from 1:35 to BPA
[2m2026-08-02T17:05:29.537787Z[0m [32m INFO[0m [2mhardy_cspcl::runtime[0m[2m:[0m Dispatched inbound CSP bundle from 1:35 to BPA
[2m2026-08-02T17:05:29.538279Z[0m [32m INFO[0m [2mhardy_cspcl::runtime[0m[2m:[0m Dispatched inbound CSP bundle from 1:35 to BPA
[2m2026-08-02T17:05:29.538763Z[0m [32m INFO[0m [2mhardy_cspcl::runtime[0m[2m:[0m Dispatched inbound CSP bundle from 1:35 to BPA
[2m2026-08-02T17:05:29.539239Z[0m [32m INFO[0m [2mhardy_cspcl::runtime[0m[2m:[0m Dispatched inbound CSP bundle from 1:35 to BPA
[2m2026-08-02T17:05:29.539582Z[0m [32m INFO[0m [2mhardy_cspcl::runtime[0m[2m:[0m Dispatched inbound CSP bundle from 1:35 to BPA
[2m2026-08-02T17:05:29.539927Z[0m [32m INFO[0m [2mhardy_cspcl::runtime[0m[2m:[0m Dispatched inbound CSP bundle from 1:35 to BPA
[2m2026-08-02T17:05:29.726239Z[0m [32m INFO[0m [2mhardy_cspcl::runtime[0m[2m:[0m Dispatched inbound CSP bundle from 1:35 to BPA
[2m2026-08-02T17:05:29.926806Z[0m [32m INFO[0m [2mhardy_cspcl::runtime[0m[2m:[0m Dispatched inbound CSP bundle from 1:35 to BPA
[2m2026-08-02T17:05:30.651296Z[0m [32m INFO[0m [2mhardy_cspcl::runtime[0m[2m:[0m Dispatched inbound CSP bundle from 1:35 to BPA
[2m2026-08-02T17:05:30.651571Z[0m [32m INFO[0m [2mhardy_cspcl::runtime[0m[2m:[0m Dispatched inbound CSP bundle from 1:35 to BPA
[2m2026-08-02T17:05:30.888696Z[0m [32m INFO[0m [2mhardy_cspcl::runtime[0m[2m:[0m Dispatched inbound CSP bundle from 1:35 to BPA
[2m2026-08-02T17:05:30.889650Z[0m [32m INFO[0m [2mhardy_cspcl::runtime[0m[2m:[0m Dispatched inbound CSP bundle from 1:35 to BPA
[2m2026-08-02T17:05:30.890332Z[0m [32m INFO[0m [2mhardy_cspcl::runtime[0m[2m:[0m Dispatched inbound CSP bundle from 1:35 to BPA
[2m2026-08-02T17:05:30.890956Z[0m [32m INFO[0m [2mhardy_cspcl::runtime[0m[2m:[0m Dispatched inbound CSP bundle from 1:35 to BPA
[2m2026-08-02T17:05:30.891195Z[0m [32m INFO[0m [2mhardy_cspcl::runtime[0m[2m:[0m Dispatched inbound CSP bundle from 1:35 to BPA
[2m2026-08-02T17:05:30.891851Z[0m [32m INFO[0m [2mhardy_cspcl::runtime[0m[2m:[0m Dispatched inbound CSP bundle from 1:35 to BPA
[2m2026-08-02T17:05:31.401534Z[0m [32m INFO[0m [2mhardy_cspcl::runtime[0m[2m:[0m Dispatched inbound CSP bundle from 1:35 to BPA
[2m2026-08-02T17:05:31.402135Z[0m [32m INFO[0m [2mhardy_cspcl::runtime[0m[2m:[0m Dispatched inbound CSP bundle from 1:35 to BPA
[2m2026-08-02T17:05:32.622590Z[0m [32m INFO[0m [2mhardy_cspcl::runtime[0m[2m:[0m Dispatched inbound CSP bundle from 1:35 to BPA
[2m2026-08-02T17:05:32.622835Z[0m [32m INFO[0m [2mhardy_cspcl::runtime[0m[2m:[0m Dispatched inbound CSP bundle from 1:35 to BPA
[2m2026-08-02T17:05:32.659125Z[0m [32m INFO[0m [2mhardy_cspcl::runtime[0m[2m:[0m Dispatched inbound CSP bundle from 1:35 to BPA
[2m2026-08-02T17:05:32.745848Z[0m [32m INFO[0m [2mhardy_cspcl::runtime[0m[2m:[0m Dispatched inbound CSP bundle from 1:35 to BPA
[2m2026-08-02T17:05:32.746070Z[0m [32m INFO[0m [2mhardy_cspcl::runtime[0m[2m:[0m Dispatched inbound CSP bundle from 1:35 to BPA
[2m2026-08-02T17:05:32.746441Z[0m [32m INFO[0m [2mhardy_cspcl::runtime[0m[2m:[0m Dispatched inbound CSP bundle from 1:35 to BPA
[2m2026-08-02T17:05:32.746722Z[0m [32m INFO[0m [2mhardy_cspcl::runtime[0m[2m:[0m Dispatched inbound CSP bundle from 1:35 to BPA
[2m2026-08-02T17:05:32.746944Z[0m [32m INFO[0m [2mhardy_cspcl::runtime[0m[2m:[0m Dispatched inbound CSP bundle from 1:35 to BPA
[2m2026-08-02T17:05:32.924320Z[0m [32m INFO[0m [2mhardy_cspcl::runtime[0m[2m:[0m Dispatched inbound CSP bundle from 1:35 to BPA
[2m2026-08-02T17:05:33.024603Z[0m [32m INFO[0m [2mhardy_cspcl::runtime[0m[2m:[0m Dispatched inbound CSP bundle from 1:35 to BPA
[2m2026-08-02T17:05:33.842531Z[0m [32m INFO[0m [2mhardy_cspcl::runtime[0m[2m:[0m Dispatched inbound CSP bundle from 1:35 to BPA
[2m2026-08-02T17:05:33.842765Z[0m [32m INFO[0m [2mhardy_cspcl::runtime[0m[2m:[0m Dispatched inbound CSP bundle from 1:35 to BPA
[2m2026-08-02T17:05:33.957540Z[0m [32m INFO[0m [2mhardy_cspcl::runtime[0m[2m:[0m Dispatched inbound CSP bundle from 1:35 to BPA
[2m2026-08-02T17:05:33.957869Z[0m [32m INFO[0m [2mhardy_cspcl::runtime[0m[2m:[0m Dispatched inbound CSP bundle from 1:35 to BPA
[2m2026-08-02T17:05:33.958264Z[0m [32m INFO[0m [2mhardy_cspcl::runtime[0m[2m:[0m Dispatched inbound CSP bundle from 1:35 to BPA
[2m2026-08-02T17:05:34.159378Z[0m [32m INFO[0m [2mhardy_cspcl::runtime[0m[2m:[0m Dispatched inbound CSP bundle from 1:35 to BPA
[2m2026-08-02T17:05:34.160055Z[0m [32m INFO[0m [2mhardy_cspcl::runtime[0m[2m:[0m Dispatched inbound CSP bundle from 1:35 to BPA
[2m2026-08-02T17:05:34.260325Z[0m [32m INFO[0m [2mhardy_cspcl::runtime[0m[2m:[0m Dispatched inbound CSP bundle from 1:35 to BPA
[2m2026-08-02T17:05:34.461068Z[0m [32m INFO[0m [2mhardy_cspcl::runtime[0m[2m:[0m Dispatched inbound CSP bundle from 1:35 to BPA
[2m2026-08-02T17:05:34.761933Z[0m [32m INFO[0m [2mhardy_cspcl::runtime[0m[2m:[0m Dispatched inbound CSP bundle from 1:35 to BPA
[2m2026-08-02T17:05:35.486196Z[0m [32m INFO[0m [2mhardy_cspcl::runtime[0m[2m:[0m Dispatched inbound CSP bundle from 1:35 to BPA
[2m2026-08-02T17:05:35.486430Z[0m [32m INFO[0m [2mhardy_cspcl::runtime[0m[2m:[0m Dispatched inbound CSP bundle from 1:35 to BPA
[2m2026-08-02T17:05:35.523405Z[0m [32m INFO[0m [2mhardy_cspcl::runtime[0m[2m:[0m Dispatched inbound CSP bundle from 1:35 to BPA
[2m2026-08-02T17:05:35.610569Z[0m [32m INFO[0m [2mhardy_cspcl::runtime[0m[2m:[0m Dispatched inbound CSP bundle from 1:35 to BPA
[2m2026-08-02T17:05:35.611579Z[0m [32m INFO[0m [2mhardy_cspcl::runtime[0m[2m:[0m Dispatched inbound CSP bundle from 1:35 to BPA
[2m2026-08-02T17:05:35.612251Z[0m [32m INFO[0m [2mhardy_cspcl::runtime[0m[2m:[0m Dispatched inbound CSP bundle from 1:35 to BPA
[2m2026-08-02T17:05:35.612722Z[0m [32m INFO[0m [2mhardy_cspcl::runtime[0m[2m:[0m Dispatched inbound CSP bundle from 1:35 to BPA
[2m2026-08-02T17:05:35.688187Z[0m [32m INFO[0m [2mhardy_cspcl::runtime[0m[2m:[0m Dispatched inbound CSP bundle from 1:35 to BPA
[2m2026-08-02T17:05:35.989734Z[0m [32m INFO[0m [2mhardy_cspcl::runtime[0m[2m:[0m Dispatched inbound CSP bundle from 1:35 to BPA
[2m2026-08-02T17:05:36.090493Z[0m [32m INFO[0m [2mhardy_cspcl::runtime[0m[2m:[0m Dispatched inbound CSP bundle from 1:35 to BPA
[2m2026-08-02T17:05:37.017325Z[0m [32m INFO[0m [2mhardy_cspcl::runtime[0m[2m:[0m Dispatched inbound CSP bundle from 1:35 to BPA
[2m2026-08-02T17:05:37.017540Z[0m [32m INFO[0m [2mhardy_cspcl::runtime[0m[2m:[0m Dispatched inbound CSP bundle from 1:35 to BPA
[2m2026-08-02T17:05:37.058710Z[0m [32m INFO[0m [2mhardy_cspcl::runtime[0m[2m:[0m Dispatched inbound CSP bundle from 1:35 to BPA
[2m2026-08-02T17:05:37.145553Z[0m [32m INFO[0m [2mhardy_cspcl::runtime[0m[2m:[0m Dispatched inbound CSP bundle from 1:35 to BPA
[2m2026-08-02T17:05:37.145904Z[0m [32m INFO[0m [2mhardy_cspcl::runtime[0m[2m:[0m Dispatched inbound CSP bundle from 1:35 to BPA
[2m2026-08-02T17:05:37.146229Z[0m [32m INFO[0m [2mhardy_cspcl::runtime[0m[2m:[0m Dispatched inbound CSP bundle from 1:35 to BPA
[2m2026-08-02T17:05:37.146642Z[0m [32m INFO[0m [2mhardy_cspcl::runtime[0m[2m:[0m Dispatched inbound CSP bundle from 1:35 to BPA
[2m2026-08-02T17:05:37.218503Z[0m [32m INFO[0m [2mhardy_cspcl::runtime[0m[2m:[0m Dispatched inbound CSP bundle from 1:35 to BPA
[2m2026-08-02T17:05:37.620274Z[0m [32m INFO[0m [2mhardy_cspcl::runtime[0m[2m:[0m Dispatched inbound CSP bundle from 1:35 to BPA
[2m2026-08-02T17:05:37.620856Z[0m [32m INFO[0m [2mhardy_cspcl::runtime[0m[2m:[0m Dispatched inbound CSP bundle from 1:35 to BPA
[2m2026-08-02T17:05:38.450321Z[0m [32m INFO[0m [2mhardy_cspcl::runtime[0m[2m:[0m Dispatched inbound CSP bundle from 1:35 to BPA
[2m2026-08-02T17:05:38.450570Z[0m [32m INFO[0m [2mhardy_cspcl::runtime[0m[2m:[0m Dispatched inbound CSP bundle from 1:35 to BPA
[2m2026-08-02T17:05:38.551475Z[0m [32m INFO[0m [2mhardy_cspcl::runtime[0m[2m:[0m Dispatched inbound CSP bundle from 1:35 to BPA
[2m2026-08-02T17:05:38.679745Z[0m [32m INFO[0m [2mhardy_cspcl::runtime[0m[2m:[0m Dispatched inbound CSP bundle from 1:35 to BPA
[2m2026-08-02T17:05:38.680524Z[0m [32m INFO[0m [2mhardy_cspcl::runtime[0m[2m:[0m Dispatched inbound CSP bundle from 1:35 to BPA
[2m2026-08-02T17:05:38.981301Z[0m [32m INFO[0m [2mhardy_cspcl::runtime[0m[2m:[0m Dispatched inbound CSP bundle from 1:35 to BPA
[2m2026-08-02T17:05:38.982031Z[0m [32m INFO[0m [2mhardy_cspcl::runtime[0m[2m:[0m Dispatched inbound CSP bundle from 1:35 to BPA
[2m2026-08-02T17:05:38.982726Z[0m [32m INFO[0m [2mhardy_cspcl::runtime[0m[2m:[0m Dispatched inbound CSP bundle from 1:35 to BPA
[2m2026-08-02T17:05:39.081844Z[0m [32m INFO[0m [2mhardy_cspcl::runtime[0m[2m:[0m Dispatched inbound CSP bundle from 1:35 to BPA
[2m2026-08-02T17:05:39.182778Z[0m [32m INFO[0m [2mhardy_cspcl::runtime[0m[2m:[0m Dispatched inbound CSP bundle from 1:35 to BPA
[2m2026-08-02T17:05:40.009669Z[0m [32m INFO[0m [2mhardy_cspcl::runtime[0m[2m:[0m Dispatched inbound CSP bundle from 1:35 to BPA
[2m2026-08-02T17:05:40.009800Z[0m [32m INFO[0m [2mhardy_cspcl::runtime[0m[2m:[0m Dispatched inbound CSP bundle from 1:35 to BPA
[2m2026-08-02T17:05:40.120611Z[0m [32m INFO[0m [2mhardy_cspcl::runtime[0m[2m:[0m Dispatched inbound CSP bundle from 1:35 to BPA
[2m2026-08-02T17:05:40.121429Z[0m [32m INFO[0m [2mhardy_cspcl::runtime[0m[2m:[0m Dispatched inbound CSP bundle from 1:35 to BPA
[2m2026-08-02T17:05:40.122108Z[0m [32m INFO[0m [2mhardy_cspcl::runtime[0m[2m:[0m Dispatched inbound CSP bundle from 1:35 to BPA
[2m2026-08-02T17:05:40.122621Z[0m [32m INFO[0m [2mhardy_cspcl::runtime[0m[2m:[0m Dispatched inbound CSP bundle from 1:35 to BPA
[2m2026-08-02T17:05:40.123041Z[0m [32m INFO[0m [2mhardy_cspcl::runtime[0m[2m:[0m Dispatched inbound CSP bundle from 1:35 to BPA
[2m2026-08-02T17:05:40.324311Z[0m [32m INFO[0m [2mhardy_cspcl::runtime[0m[2m:[0m Dispatched inbound CSP bundle from 1:35 to BPA
[2m2026-08-02T17:05:40.625907Z[0m [32m INFO[0m [2mhardy_cspcl::runtime[0m[2m:[0m Dispatched inbound CSP bundle from 1:35 to BPA
[2m2026-08-02T17:05:40.726748Z[0m [32m INFO[0m [2mhardy_cspcl::runtime[0m[2m:[0m Dispatched inbound CSP bundle from 1:35 to BPA
[2m2026-08-02T17:05:41.955179Z[0m [32m INFO[0m [2mhardy_cspcl::runtime[0m[2m:[0m Dispatched inbound CSP bundle from 1:35 to BPA
[2m2026-08-02T17:05:41.955457Z[0m [32m INFO[0m [2mhardy_cspcl::runtime[0m[2m:[0m Dispatched inbound CSP bundle from 1:35 to BPA
[2m2026-08-02T17:05:41.991232Z[0m [32m INFO[0m [2mhardy_cspcl::runtime[0m[2m:[0m Dispatched inbound CSP bundle from 1:35 to BPA
[2m2026-08-02T17:05:42.079475Z[0m [32m INFO[0m [2mhardy_cspcl::runtime[0m[2m:[0m Dispatched inbound CSP bundle from 1:35 to BPA
[2m2026-08-02T17:05:42.080477Z[0m [32m INFO[0m [2mhardy_cspcl::runtime[0m[2m:[0m Dispatched inbound CSP bundle from 1:35 to BPA
[2m2026-08-02T17:05:42.081170Z[0m [32m INFO[0m [2mhardy_cspcl::runtime[0m[2m:[0m Dispatched inbound CSP bundle from 1:35 to BPA
[2m2026-08-02T17:05:42.082054Z[0m [32m INFO[0m [2mhardy_cspcl::runtime[0m[2m:[0m Dispatched inbound CSP bundle from 1:35 to BPA
[2m2026-08-02T17:05:42.082467Z[0m [32m INFO[0m [2mhardy_cspcl::runtime[0m[2m:[0m Dispatched inbound CSP bundle from 1:35 to BPA
[2m2026-08-02T17:05:42.257658Z[0m [32m INFO[0m [2mhardy_cspcl::runtime[0m[2m:[0m Dispatched inbound CSP bundle from 1:35 to BPA
[2m2026-08-02T17:05:42.357630Z[0m [32m INFO[0m [2mhardy_cspcl::runtime[0m[2m:[0m Dispatched inbound CSP bundle from 1:35 to BPA
[2m2026-08-02T17:05:43.184961Z[0m [32m INFO[0m [2mhardy_cspcl::runtime[0m[2m:[0m Dispatched inbound CSP bundle from 1:35 to BPA
[2m2026-08-02T17:05:43.185283Z[0m [32m INFO[0m [2mhardy_cspcl::runtime[0m[2m:[0m Dispatched inbound CSP bundle from 1:35 to BPA
[2m2026-08-02T17:05:43.299122Z[0m [32m INFO[0m [2mhardy_cspcl::runtime[0m[2m:[0m Dispatched inbound CSP bundle from 1:35 to BPA
[2m2026-08-02T17:05:43.299650Z[0m [32m INFO[0m [2mhardy_cspcl::runtime[0m[2m:[0m Dispatched inbound CSP bundle from 1:35 to BPA
[2m2026-08-02T17:05:43.501142Z[0m [32m INFO[0m [2mhardy_cspcl::runtime[0m[2m:[0m Dispatched inbound CSP bundle from 1:35 to BPA
[2m2026-08-02T17:05:43.501942Z[0m [32m INFO[0m [2mhardy_cspcl::runtime[0m[2m:[0m Dispatched inbound CSP bundle from 1:35 to BPA
[2m2026-08-02T17:05:43.502644Z[0m [32m INFO[0m [2mhardy_cspcl::runtime[0m[2m:[0m Dispatched inbound CSP bundle from 1:35 to BPA
[2m2026-08-02T17:05:43.503251Z[0m [32m INFO[0m [2mhardy_cspcl::runtime[0m[2m:[0m Dispatched inbound CSP bundle from 1:35 to BPA
[2m2026-08-02T17:05:43.803133Z[0m [32m INFO[0m [2mhardy_cspcl::runtime[0m[2m:[0m Dispatched inbound CSP bundle from 1:35 to BPA
[2m2026-08-02T17:05:43.804513Z[0m [32m INFO[0m [2mhardy_cspcl::runtime[0m[2m:[0m Dispatched inbound CSP bundle from 1:35 to BPA
[2m2026-08-02T17:05:44.734619Z[0m [32m INFO[0m [2mhardy_cspcl::runtime[0m[2m:[0m Dispatched inbound CSP bundle from 1:35 to BPA
[2m2026-08-02T17:05:44.735013Z[0m [32m INFO[0m [2mhardy_cspcl::runtime[0m[2m:[0m Dispatched inbound CSP bundle from 1:35 to BPA
[2m2026-08-02T17:05:44.772093Z[0m [32m INFO[0m [2mhardy_cspcl::runtime[0m[2m:[0m Dispatched inbound CSP bundle from 1:35 to BPA
[2m2026-08-02T17:05:44.859211Z[0m [32m INFO[0m [2mhardy_cspcl::runtime[0m[2m:[0m Dispatched inbound CSP bundle from 1:35 to BPA
[2m2026-08-02T17:05:44.859886Z[0m [32m INFO[0m [2mhardy_cspcl::runtime[0m[2m:[0m Dispatched inbound CSP bundle from 1:35 to BPA
[2m2026-08-02T17:05:44.936237Z[0m [32m INFO[0m [2mhardy_cspcl::runtime[0m[2m:[0m Dispatched inbound CSP bundle from 1:35 to BPA
[2m2026-08-02T17:05:44.937238Z[0m [32m INFO[0m [2mhardy_cspcl::runtime[0m[2m:[0m Dispatched inbound CSP bundle from 1:35 to BPA
[2m2026-08-02T17:05:44.938149Z[0m [32m INFO[0m [2mhardy_cspcl::runtime[0m[2m:[0m Dispatched inbound CSP bundle from 1:35 to BPA
[2m2026-08-02T17:05:45.340624Z[0m [32m INFO[0m [2mhardy_cspcl::runtime[0m[2m:[0m Dispatched inbound CSP bundle from 1:35 to BPA
[2m2026-08-02T17:05:45.542246Z[0m [32m INFO[0m [2mhardy_cspcl::runtime[0m[2m:[0m Dispatched inbound CSP bundle from 1:35 to BPA
[2m2026-08-02T17:05:46.168751Z[0m [32m INFO[0m [2mhardy_cspcl::runtime[0m[2m:[0m Dispatched inbound CSP bundle from 1:35 to BPA
[2m2026-08-02T17:05:46.168986Z[0m [32m INFO[0m [2mhardy_cspcl::runtime[0m[2m:[0m Dispatched inbound CSP bundle from 1:35 to BPA
[2m2026-08-02T17:05:46.406327Z[0m [32m INFO[0m [2mhardy_cspcl::runtime[0m[2m:[0m Dispatched inbound CSP bundle from 1:35 to BPA
[2m2026-08-02T17:05:46.407361Z[0m [32m INFO[0m [2mhardy_cspcl::runtime[0m[2m:[0m Dispatched inbound CSP bundle from 1:35 to BPA
[2m2026-08-02T17:05:46.408378Z[0m [32m INFO[0m [2mhardy_cspcl::runtime[0m[2m:[0m Dispatched inbound CSP bundle from 1:35 to BPA
[2m2026-08-02T17:05:46.409290Z[0m [32m INFO[0m [2mhardy_cspcl::runtime[0m[2m:[0m Dispatched inbound CSP bundle from 1:35 to BPA
[2m2026-08-02T17:05:46.409821Z[0m [32m INFO[0m [2mhardy_cspcl::runtime[0m[2m:[0m Dispatched inbound CSP bundle from 1:35 to BPA
[2m2026-08-02T17:05:46.507344Z[0m [32m INFO[0m [2mhardy_cspcl::runtime[0m[2m:[0m Dispatched inbound CSP bundle from 1:35 to BPA
[2m2026-08-02T17:05:46.909470Z[0m [32m INFO[0m [2mhardy_cspcl::runtime[0m[2m:[0m Dispatched inbound CSP bundle from 1:35 to BPA
[2m2026-08-02T17:05:47.111214Z[0m [32m INFO[0m [2mhardy_cspcl::runtime[0m[2m:[0m Dispatched inbound CSP bundle from 1:35 to BPA
[2m2026-08-02T17:05:47.731918Z[0m [32m INFO[0m [2mhardy_cspcl::runtime[0m[2m:[0m Dispatched inbound CSP bundle from 1:35 to BPA
[2m2026-08-02T17:05:47.732231Z[0m [32m INFO[0m [2mhardy_cspcl::runtime[0m[2m:[0m Dispatched inbound CSP bundle from 1:35 to BPA
[2m2026-08-02T17:05:47.833534Z[0m [32m INFO[0m [2mhardy_cspcl::runtime[0m[2m:[0m Dispatched inbound CSP bundle from 1:35 to BPA
[2m2026-08-02T17:05:47.834325Z[0m [32m INFO[0m [2mhardy_cspcl::runtime[0m[2m:[0m Dispatched inbound CSP bundle from 1:35 to BPA
[2m2026-08-02T17:05:48.135491Z[0m [32m INFO[0m [2mhardy_cspcl::runtime[0m[2m:[0m Dispatched inbound CSP bundle from 1:35 to BPA
[2m2026-08-02T17:05:48.136081Z[0m [32m INFO[0m [2mhardy_cspcl::runtime[0m[2m:[0m Dispatched inbound CSP bundle from 1:35 to BPA
[2m2026-08-02T17:05:48.136474Z[0m [32m INFO[0m [2mhardy_cspcl::runtime[0m[2m:[0m Dispatched inbound CSP bundle from 1:35 to BPA
[2m2026-08-02T17:05:48.136941Z[0m [32m INFO[0m [2mhardy_cspcl::runtime[0m[2m:[0m Dispatched inbound CSP bundle from 1:35 to BPA
[2m2026-08-02T17:05:48.437574Z[0m [32m INFO[0m [2mhardy_cspcl::runtime[0m[2m:[0m Dispatched inbound CSP bundle from 1:35 to BPA
[2m2026-08-02T17:05:48.539186Z[0m [32m INFO[0m [2mhardy_cspcl::runtime[0m[2m:[0m Dispatched inbound CSP bundle from 1:35 to BPA
[2m2026-08-02T17:05:49.361184Z[0m [32m INFO[0m [2mhardy_cspcl::runtime[0m[2m:[0m Dispatched inbound CSP bundle from 1:35 to BPA
[2m2026-08-02T17:05:49.361519Z[0m [32m INFO[0m [2mhardy_cspcl::runtime[0m[2m:[0m Dispatched inbound CSP bundle from 1:35 to BPA
[2m2026-08-02T17:05:49.475779Z[0m [32m INFO[0m [2mhardy_cspcl::runtime[0m[2m:[0m Dispatched inbound CSP bundle from 1:35 to BPA
[2m2026-08-02T17:05:49.476600Z[0m [32m INFO[0m [2mhardy_cspcl::runtime[0m[2m:[0m Dispatched inbound CSP bundle from 1:35 to BPA
[2m2026-08-02T17:05:49.477199Z[0m [32m INFO[0m [2mhardy_cspcl::runtime[0m[2m:[0m Dispatched inbound CSP bundle from 1:35 to BPA
[2m2026-08-02T17:05:49.563677Z[0m [32m INFO[0m [2mhardy_cspcl::runtime[0m[2m:[0m Dispatched inbound CSP bundle from 1:35 to BPA
[2m2026-08-02T17:05:49.764728Z[0m [32m INFO[0m [2mhardy_cspcl::runtime[0m[2m:[0m Dispatched inbound CSP bundle from 1:35 to BPA
[2m2026-08-02T17:05:49.765321Z[0m [32m INFO[0m [2mhardy_cspcl::runtime[0m[2m:[0m Dispatched inbound CSP bundle from 1:35 to BPA
[2m2026-08-02T17:05:49.966245Z[0m [32m INFO[0m [2mhardy_cspcl::runtime[0m[2m:[0m Dispatched inbound CSP bundle from 1:35 to BPA
[2m2026-08-02T17:05:50.166965Z[0m [32m INFO[0m [2mhardy_cspcl::runtime[0m[2m:[0m Dispatched inbound CSP bundle from 1:35 to BPA
[2m2026-08-02T17:05:50.890029Z[0m [32m INFO[0m [2mhardy_cspcl::runtime[0m[2m:[0m Dispatched inbound CSP bundle from 1:35 to BPA
[2m2026-08-02T17:05:50.890244Z[0m [32m INFO[0m [2mhardy_cspcl::runtime[0m[2m:[0m Dispatched inbound CSP bundle from 1:35 to BPA
[2m2026-08-02T17:05:51.008108Z[0m [32m INFO[0m [2mhardy_cspcl::runtime[0m[2m:[0m Dispatched inbound CSP bundle from 1:35 to BPA
[2m2026-08-02T17:05:51.008446Z[0m [32m INFO[0m [2mhardy_cspcl::runtime[0m[2m:[0m Dispatched inbound CSP bundle from 1:35 to BPA
[2m2026-08-02T17:05:51.008657Z[0m [32m INFO[0m [2mhardy_cspcl::runtime[0m[2m:[0m Dispatched inbound CSP bundle from 1:35 to BPA
[2m2026-08-02T17:05:51.091405Z[0m [32m INFO[0m [2mhardy_cspcl::runtime[0m[2m:[0m Dispatched inbound CSP bundle from 1:35 to BPA
[2m2026-08-02T17:05:51.292622Z[0m [32m INFO[0m [2mhardy_cspcl::runtime[0m[2m:[0m Dispatched inbound CSP bundle from 1:35 to BPA
[2m2026-08-02T17:05:51.293296Z[0m [32m INFO[0m [2mhardy_cspcl::runtime[0m[2m:[0m Dispatched inbound CSP bundle from 1:35 to BPA
[2m2026-08-02T17:05:51.494254Z[0m [32m INFO[0m [2mhardy_cspcl::runtime[0m[2m:[0m Dispatched inbound CSP bundle from 1:35 to BPA
[2m2026-08-02T17:05:51.594897Z[0m [32m INFO[0m [2mhardy_cspcl::runtime[0m[2m:[0m Dispatched inbound CSP bundle from 1:35 to BPA
[2m2026-08-02T17:05:52.381897Z[0m [32m INFO[0m [2mhardy_cspcl::runtime[0m[2m:[0m Dispatched inbound CSP bundle from 1:35 to BPA
[2m2026-08-02T17:05:52.583401Z[0m [32m INFO[0m [2mhardy_cspcl::runtime[0m[2m:[0m Dispatched inbound CSP bundle from 1:35 to BPA
[2m2026-08-02T17:05:52.684969Z[0m [32m INFO[0m [2mhardy_cspcl::runtime[0m[2m:[0m Dispatched inbound CSP bundle from 1:35 to BPA
[2m2026-08-02T17:05:52.685682Z[0m [32m INFO[0m [2mhardy_cspcl::runtime[0m[2m:[0m Dispatched inbound CSP bundle from 1:35 to BPA
[2m2026-08-02T17:05:53.288961Z[0m [32m INFO[0m [2mhardy_cspcl::runtime[0m[2m:[0m Dispatched inbound CSP bundle from 1:35 to BPA
[2m2026-08-02T17:05:53.590247Z[0m [32m INFO[0m [2mhardy_cspcl::runtime[0m[2m:[0m Dispatched inbound CSP bundle from 1:35 to BPA
[2m2026-08-02T17:05:53.891370Z[0m [32m INFO[0m [2mhardy_cspcl::runtime[0m[2m:[0m Dispatched inbound CSP bundle from 1:35 to BPA
[2m2026-08-02T17:05:54.192623Z[0m [32m INFO[0m [2mhardy_cspcl::runtime[0m[2m:[0m Dispatched inbound CSP bundle from 1:35 to BPA
[2m2026-08-02T17:05:54.293749Z[0m [32m INFO[0m [2mhardy_cspcl::runtime[0m[2m:[0m Dispatched inbound CSP bundle from 1:35 to BPA
[2m2026-08-02T17:05:54.794893Z[0m [32m INFO[0m [2mhardy_cspcl::runtime[0m[2m:[0m Dispatched inbound CSP bundle from 1:35 to BPA
[2m2026-08-02T17:05:55.718086Z[0m [32m INFO[0m [2mhardy_cspcl::runtime[0m[2m:[0m Dispatched inbound CSP bundle from 1:35 to BPA
[2m2026-08-02T17:05:55.718394Z[0m [32m INFO[0m [2mhardy_cspcl::runtime[0m[2m:[0m Dispatched inbound CSP bundle from 1:35 to BPA
[2m2026-08-02T17:05:55.824688Z[0m [32m INFO[0m [2mhardy_cspcl::runtime[0m[2m:[0m Dispatched inbound CSP bundle from 1:35 to BPA
[2m2026-08-02T17:05:56.025843Z[0m [32m INFO[0m [2mhardy_cspcl::runtime[0m[2m:[0m Dispatched inbound CSP bundle from 1:35 to BPA
[2m2026-08-02T17:05:56.338624Z[0m [32m INFO[0m [2mhardy_cspcl::runtime[0m[2m:[0m Dispatched inbound CSP bundle from 1:35 to BPA
[2m2026-08-02T17:05:56.439352Z[0m [32m INFO[0m [2mhardy_cspcl::runtime[0m[2m:[0m Dispatched inbound CSP bundle from 1:35 to BPA
[2m2026-08-02T17:05:56.941452Z[0m [32m INFO[0m [2mhardy_cspcl::runtime[0m[2m:[0m Dispatched inbound CSP bundle from 1:35 to BPA
[2m2026-08-02T17:05:57.042089Z[0m [32m INFO[0m [2mhardy_cspcl::runtime[0m[2m:[0m Dispatched inbound CSP bundle from 1:35 to BPA
[2m2026-08-02T17:05:57.554841Z[0m [32m INFO[0m [2mhardy_cspcl::runtime[0m[2m:[0m Dispatched inbound CSP bundle from 1:35 to BPA
[2m2026-08-02T17:05:57.655506Z[0m [32m INFO[0m [2mhardy_cspcl::runtime[0m[2m:[0m Dispatched inbound CSP bundle from 1:35 to BPA
[2m2026-08-02T17:05:58.500031Z[0m [32m INFO[0m [2mhardy_cspcl::runtime[0m[2m:[0m Dispatched inbound CSP bundle from 1:35 to BPA
[2m2026-08-02T17:05:58.500316Z[0m [32m INFO[0m [2mhardy_cspcl::runtime[0m[2m:[0m Dispatched inbound CSP bundle from 1:35 to BPA
[2m2026-08-02T17:05:58.807100Z[0m [32m INFO[0m [2mhardy_cspcl::runtime[0m[2m:[0m Dispatched inbound CSP bundle from 1:35 to BPA
[2m2026-08-02T17:05:58.908078Z[0m [32m INFO[0m [2mhardy_cspcl::runtime[0m[2m:[0m Dispatched inbound CSP bundle from 1:35 to BPA
[2m2026-08-02T17:05:59.510961Z[0m [32m INFO[0m [2mhardy_cspcl::runtime[0m[2m:[0m Dispatched inbound CSP bundle from 1:35 to BPA
[2m2026-08-02T17:05:59.512291Z[0m [32m INFO[0m [2mhardy_cspcl::runtime[0m[2m:[0m Dispatched inbound CSP bundle from 1:35 to BPA
[2m2026-08-02T17:05:59.612202Z[0m [32m INFO[0m [2mhardy_cspcl::runtime[0m[2m:[0m Dispatched inbound CSP bundle from 1:35 to BPA
[2m2026-08-02T17:06:00.114774Z[0m [32m INFO[0m [2mhardy_cspcl::runtime[0m[2m:[0m Dispatched inbound CSP bundle from 1:35 to BPA
[2m2026-08-02T17:06:00.516906Z[0m [32m INFO[0m [2mhardy_cspcl::runtime[0m[2m:[0m Dispatched inbound CSP bundle from 1:35 to BPA
[2m2026-08-02T17:06:00.718850Z[0m [32m INFO[0m [2mhardy_cspcl::runtime[0m[2m:[0m Dispatched inbound CSP bundle from 1:35 to BPA
[2m2026-08-02T17:06:01.341629Z[0m [32m INFO[0m [2mhardy_cspcl::runtime[0m[2m:[0m Dispatched inbound CSP bundle from 1:35 to BPA
[2m2026-08-02T17:06:01.341993Z[0m [32m INFO[0m [2mhardy_cspcl::runtime[0m[2m:[0m Dispatched inbound CSP bundle from 1:35 to BPA
[2m2026-08-02T17:06:01.744134Z[0m [32m INFO[0m [2mhardy_cspcl::runtime[0m[2m:[0m Dispatched inbound CSP bundle from 1:35 to BPA
[2m2026-08-02T17:06:01.745177Z[0m [32m INFO[0m [2mhardy_cspcl::runtime[0m[2m:[0m Dispatched inbound CSP bundle from 1:35 to BPA
[2m2026-08-02T17:06:02.046184Z[0m [32m INFO[0m [2mhardy_cspcl::runtime[0m[2m:[0m Dispatched inbound CSP bundle from 1:35 to BPA
[2m2026-08-02T17:06:02.347340Z[0m [32m INFO[0m [2mhardy_cspcl::runtime[0m[2m:[0m Dispatched inbound CSP bundle from 1:35 to BPA
[2m2026-08-02T17:06:02.648878Z[0m [32m INFO[0m [2mhardy_cspcl::runtime[0m[2m:[0m Dispatched inbound CSP bundle from 1:35 to BPA
[2m2026-08-02T17:06:02.950301Z[0m [32m INFO[0m [2mhardy_cspcl::runtime[0m[2m:[0m Dispatched inbound CSP bundle from 1:35 to BPA
[2m2026-08-02T17:06:03.251349Z[0m [32m INFO[0m [2mhardy_cspcl::runtime[0m[2m:[0m Dispatched inbound CSP bundle from 1:35 to BPA
[2m2026-08-02T17:06:03.552573Z[0m [32m INFO[0m [2mhardy_cspcl::runtime[0m[2m:[0m Dispatched inbound CSP bundle from 1:35 to BPA
[2m2026-08-02T17:06:04.490762Z[0m [32m INFO[0m [2mhardy_cspcl::runtime[0m[2m:[0m Dispatched inbound CSP bundle from 1:35 to BPA
[2m2026-08-02T17:06:04.491177Z[0m [32m INFO[0m [2mhardy_cspcl::runtime[0m[2m:[0m Dispatched inbound CSP bundle from 1:35 to BPA
[2m2026-08-02T17:06:04.797996Z[0m [32m INFO[0m [2mhardy_cspcl::runtime[0m[2m:[0m Dispatched inbound CSP bundle from 1:35 to BPA
[2m2026-08-02T17:06:04.799137Z[0m [32m INFO[0m [2mhardy_cspcl::runtime[0m[2m:[0m Dispatched inbound CSP bundle from 1:35 to BPA
[2m2026-08-02T17:06:05.400849Z[0m [32m INFO[0m [2mhardy_cspcl::runtime[0m[2m:[0m Dispatched inbound CSP bundle from 1:35 to BPA
[2m2026-08-02T17:06:05.401472Z[0m [32m INFO[0m [2mhardy_cspcl::runtime[0m[2m:[0m Dispatched inbound CSP bundle from 1:35 to BPA
[2m2026-08-02T17:06:05.702514Z[0m [32m INFO[0m [2mhardy_cspcl::runtime[0m[2m:[0m Dispatched inbound CSP bundle from 1:35 to BPA
[2m2026-08-02T17:06:05.804373Z[0m [32m INFO[0m [2mhardy_cspcl::runtime[0m[2m:[0m Dispatched inbound CSP bundle from 1:35 to BPA
[2m2026-08-02T17:06:06.307449Z[0m [32m INFO[0m [2mhardy_cspcl::runtime[0m[2m:[0m Dispatched inbound CSP bundle from 1:35 to BPA
[2m2026-08-02T17:06:06.609662Z[0m [32m INFO[0m [2mhardy_cspcl::runtime[0m[2m:[0m Dispatched inbound CSP bundle from 1:35 to BPA
[2m2026-08-02T17:06:07.528853Z[0m [32m INFO[0m [2mhardy_cspcl::runtime[0m[2m:[0m Dispatched inbound CSP bundle from 1:35 to BPA
[2m2026-08-02T17:06:07.529226Z[0m [32m INFO[0m [2mhardy_cspcl::runtime[0m[2m:[0m Dispatched inbound CSP bundle from 1:35 to BPA
[2m2026-08-02T17:06:07.635492Z[0m [32m INFO[0m [2mhardy_cspcl::runtime[0m[2m:[0m Dispatched inbound CSP bundle from 1:35 to BPA
[2m2026-08-02T17:06:07.837105Z[0m [32m INFO[0m [2mhardy_cspcl::runtime[0m[2m:[0m Dispatched inbound CSP bundle from 1:35 to BPA
[2m2026-08-02T17:06:08.250199Z[0m [32m INFO[0m [2mhardy_cspcl::runtime[0m[2m:[0m Dispatched inbound CSP bundle from 1:35 to BPA
[2m2026-08-02T17:06:08.250925Z[0m [32m INFO[0m [2mhardy_cspcl::runtime[0m[2m:[0m Dispatched inbound CSP bundle from 1:35 to BPA
[2m2026-08-02T17:06:08.864770Z[0m [32m INFO[0m [2mhardy_cspcl::runtime[0m[2m:[0m Dispatched inbound CSP bundle from 1:35 to BPA
[2m2026-08-02T17:06:08.865756Z[0m [32m INFO[0m [2mhardy_cspcl::runtime[0m[2m:[0m Dispatched inbound CSP bundle from 1:35 to BPA
[2m2026-08-02T17:06:09.367693Z[0m [32m INFO[0m [2mhardy_cspcl::runtime[0m[2m:[0m Dispatched inbound CSP bundle from 1:35 to BPA
[2m2026-08-02T17:06:09.468301Z[0m [32m INFO[0m [2mhardy_cspcl::runtime[0m[2m:[0m Dispatched inbound CSP bundle from 1:35 to BPA
[2m2026-08-02T17:06:10.398283Z[0m [32m INFO[0m [2mhardy_cspcl::runtime[0m[2m:[0m Dispatched inbound CSP bundle from 1:35 to BPA
[2m2026-08-02T17:06:10.398703Z[0m [32m INFO[0m [2mhardy_cspcl::runtime[0m[2m:[0m Dispatched inbound CSP bundle from 1:35 to BPA
[2m2026-08-02T17:06:10.700237Z[0m [32m INFO[0m [2mhardy_cspcl::runtime[0m[2m:[0m Dispatched inbound CSP bundle from 1:35 to BPA
[2m2026-08-02T17:06:10.700896Z[0m [32m INFO[0m [2mhardy_cspcl::runtime[0m[2m:[0m Dispatched inbound CSP bundle from 1:35 to BPA
[2m2026-08-02T17:06:11.302602Z[0m [32m INFO[0m [2mhardy_cspcl::runtime[0m[2m:[0m Dispatched inbound CSP bundle from 1:35 to BPA
[2m2026-08-02T17:06:11.304252Z[0m [32m INFO[0m [2mhardy_cspcl::runtime[0m[2m:[0m Dispatched inbound CSP bundle from 1:35 to BPA
[2m2026-08-02T17:06:11.904940Z[0m [32m INFO[0m [2mhardy_cspcl::runtime[0m[2m:[0m Dispatched inbound CSP bundle from 1:35 to BPA
[2m2026-08-02T17:06:11.906043Z[0m [32m INFO[0m [2mhardy_cspcl::runtime[0m[2m:[0m Dispatched inbound CSP bundle from 1:35 to BPA
[2m2026-08-02T17:06:12.207057Z[0m [32m INFO[0m [2mhardy_cspcl::runtime[0m[2m:[0m Dispatched inbound CSP bundle from 1:35 to BPA
[2m2026-08-02T17:06:12.508072Z[0m [32m INFO[0m [2mhardy_cspcl::runtime[0m[2m:[0m Dispatched inbound CSP bundle from 1:35 to BPA
[2m2026-08-02T17:06:13.441583Z[0m [32m INFO[0m [2mhardy_cspcl::runtime[0m[2m:[0m Dispatched inbound CSP bundle from 1:35 to BPA
[2m2026-08-02T17:06:13.442099Z[0m [32m INFO[0m [2mhardy_cspcl::runtime[0m[2m:[0m Dispatched inbound CSP bundle from 1:35 to BPA
[2m2026-08-02T17:06:13.548311Z[0m [32m INFO[0m [2mhardy_cspcl::runtime[0m[2m:[0m Dispatched inbound CSP bundle from 1:35 to BPA
[2m2026-08-02T17:06:13.549089Z[0m [32m INFO[0m [2mhardy_cspcl::runtime[0m[2m:[0m Dispatched inbound CSP bundle from 1:35 to BPA
[2m2026-08-02T17:06:14.101508Z[0m [32m INFO[0m [2mhardy_cspcl::runtime[0m[2m:[0m Dispatched inbound CSP bundle from 1:35 to BPA
[2m2026-08-02T17:06:14.302946Z[0m [32m INFO[0m [2mhardy_cspcl::runtime[0m[2m:[0m Dispatched inbound CSP bundle from 1:35 to BPA
[2m2026-08-02T17:06:14.705166Z[0m [32m INFO[0m [2mhardy_cspcl::runtime[0m[2m:[0m Dispatched inbound CSP bundle from 1:35 to BPA
[2m2026-08-02T17:06:14.907045Z[0m [32m INFO[0m [2mhardy_cspcl::runtime[0m[2m:[0m Dispatched inbound CSP bundle from 1:35 to BPA
[2m2026-08-02T17:06:15.509477Z[0m [32m INFO[0m [2mhardy_cspcl::runtime[0m[2m:[0m Dispatched inbound CSP bundle from 1:35 to BPA
[2m2026-08-02T17:06:15.510702Z[0m [32m INFO[0m [2mhardy_cspcl::runtime[0m[2m:[0m Dispatched inbound CSP bundle from 1:35 to BPA
[2m2026-08-02T17:06:16.438040Z[0m [32m INFO[0m [2mhardy_cspcl::runtime[0m[2m:[0m Dispatched inbound CSP bundle from 1:35 to BPA
[2m2026-08-02T17:06:16.438474Z[0m [32m INFO[0m [2mhardy_cspcl::runtime[0m[2m:[0m Dispatched inbound CSP bundle from 1:35 to BPA
[2m2026-08-02T17:06:16.545000Z[0m [32m INFO[0m [2mhardy_cspcl::runtime[0m[2m:[0m Dispatched inbound CSP bundle from 1:35 to BPA
[2m2026-08-02T17:06:16.545728Z[0m [32m INFO[0m [2mhardy_cspcl::runtime[0m[2m:[0m Dispatched inbound CSP bundle from 1:35 to BPA
[2m2026-08-02T17:06:17.101649Z[0m [32m INFO[0m [2mhardy_cspcl::runtime[0m[2m:[0m Dispatched inbound CSP bundle from 1:35 to BPA
[2m2026-08-02T17:06:17.102529Z[0m [32m INFO[0m [2mhardy_cspcl::runtime[0m[2m:[0m Dispatched inbound CSP bundle from 1:35 to BPA
[2m2026-08-02T17:06:17.705774Z[0m [32m INFO[0m [2mhardy_cspcl::runtime[0m[2m:[0m Dispatched inbound CSP bundle from 1:35 to BPA
[2m2026-08-02T17:06:18.007781Z[0m [32m INFO[0m [2mhardy_cspcl::runtime[0m[2m:[0m Dispatched inbound CSP bundle from 1:35 to BPA
[2m2026-08-02T17:06:18.320503Z[0m [32m INFO[0m [2mhardy_cspcl::runtime[0m[2m:[0m Dispatched inbound CSP bundle from 1:35 to BPA
[2m2026-08-02T17:06:18.622524Z[0m [32m INFO[0m [2mhardy_cspcl::runtime[0m[2m:[0m Dispatched inbound CSP bundle from 1:35 to BPA
[2m2026-08-02T17:06:19.251270Z[0m [32m INFO[0m [2mhardy_cspcl::runtime[0m[2m:[0m Dispatched inbound CSP bundle from 1:35 to BPA
[2m2026-08-02T17:06:19.251655Z[0m [32m INFO[0m [2mhardy_cspcl::runtime[0m[2m:[0m Dispatched inbound CSP bundle from 1:35 to BPA
[2m2026-08-02T17:06:19.559631Z[0m [32m INFO[0m [2mhardy_cspcl::runtime[0m[2m:[0m Dispatched inbound CSP bundle from 1:35 to BPA
[2m2026-08-02T17:06:19.660024Z[0m [32m INFO[0m [2mhardy_cspcl::runtime[0m[2m:[0m Dispatched inbound CSP bundle from 1:35 to BPA
[2m2026-08-02T17:06:20.161672Z[0m [32m INFO[0m [2mhardy_cspcl::runtime[0m[2m:[0m Dispatched inbound CSP bundle from 1:35 to BPA
[2m2026-08-02T17:06:20.262876Z[0m [32m INFO[0m [2mhardy_cspcl::runtime[0m[2m:[0m Dispatched inbound CSP bundle from 1:35 to BPA
[2m2026-08-02T17:06:20.564488Z[0m [32m INFO[0m [2mhardy_cspcl::runtime[0m[2m:[0m Dispatched inbound CSP bundle from 1:35 to BPA
[2m2026-08-02T17:06:20.765149Z[0m [32m INFO[0m [2mhardy_cspcl::runtime[0m[2m:[0m Dispatched inbound CSP bundle from 1:35 to BPA
[2m2026-08-02T17:06:21.066579Z[0m [32m INFO[0m [2mhardy_cspcl::runtime[0m[2m:[0m Dispatched inbound CSP bundle from 1:35 to BPA
[2m2026-08-02T17:06:21.367599Z[0m [32m INFO[0m [2mhardy_cspcl::runtime[0m[2m:[0m Dispatched inbound CSP bundle from 1:35 to BPA
[2m2026-08-02T17:06:22.295770Z[0m [32m INFO[0m [2mhardy_cspcl::runtime[0m[2m:[0m Dispatched inbound CSP bundle from 1:35 to BPA
[2m2026-08-02T17:06:22.296317Z[0m [32m INFO[0m [2mhardy_cspcl::runtime[0m[2m:[0m Dispatched inbound CSP bundle from 1:35 to BPA
[2m2026-08-02T17:06:22.597809Z[0m [32m INFO[0m [2mhardy_cspcl::runtime[0m[2m:[0m Dispatched inbound CSP bundle from 1:35 to BPA
[2m2026-08-02T17:06:22.599120Z[0m [32m INFO[0m [2mhardy_cspcl::runtime[0m[2m:[0m Dispatched inbound CSP bundle from 1:35 to BPA
[2m2026-08-02T17:06:23.200627Z[0m [32m INFO[0m [2mhardy_cspcl::runtime[0m[2m:[0m Dispatched inbound CSP bundle from 1:35 to BPA
[2m2026-08-02T17:06:23.201602Z[0m [32m INFO[0m [2mhardy_cspcl::runtime[0m[2m:[0m Dispatched inbound CSP bundle from 1:35 to BPA
[2m2026-08-02T17:06:23.802307Z[0m [32m INFO[0m [2mhardy_cspcl::runtime[0m[2m:[0m Dispatched inbound CSP bundle from 1:35 to BPA
[2m2026-08-02T17:06:23.802873Z[0m [32m INFO[0m [2mhardy_cspcl::runtime[0m[2m:[0m Dispatched inbound CSP bundle from 1:35 to BPA
[2m2026-08-02T17:06:24.103718Z[0m [32m INFO[0m [2mhardy_cspcl::runtime[0m[2m:[0m Dispatched inbound CSP bundle from 1:35 to BPA
[2m2026-08-02T17:06:24.405704Z[0m [32m INFO[0m [2mhardy_cspcl::runtime[0m[2m:[0m Dispatched inbound CSP bundle from 1:35 to BPA
[2m2026-08-02T17:06:25.331579Z[0m [32m INFO[0m [2mhardy_cspcl::runtime[0m[2m:[0m Dispatched inbound CSP bundle from 1:35 to BPA
[2m2026-08-02T17:06:25.331918Z[0m [32m INFO[0m [2mhardy_cspcl::runtime[0m[2m:[0m Dispatched inbound CSP bundle from 1:35 to BPA
[2m2026-08-02T17:06:25.439006Z[0m [32m INFO[0m [2mhardy_cspcl::runtime[0m[2m:[0m Dispatched inbound CSP bundle from 1:35 to BPA
[2m2026-08-02T17:06:25.439950Z[0m [32m INFO[0m [2mhardy_cspcl::runtime[0m[2m:[0m Dispatched inbound CSP bundle from 1:35 to BPA
[2m2026-08-02T17:06:25.991407Z[0m [32m INFO[0m [2mhardy_cspcl::runtime[0m[2m:[0m Dispatched inbound CSP bundle from 1:35 to BPA
[2m2026-08-02T17:06:26.193105Z[0m [32m INFO[0m [2mhardy_cspcl::runtime[0m[2m:[0m Dispatched inbound CSP bundle from 1:35 to BPA
[2m2026-08-02T17:06:26.796316Z[0m [32m INFO[0m [2mhardy_cspcl::runtime[0m[2m:[0m Dispatched inbound CSP bundle from 1:35 to BPA
[2m2026-08-02T17:06:26.797914Z[0m [32m INFO[0m [2mhardy_cspcl::runtime[0m[2m:[0m Dispatched inbound CSP bundle from 1:35 to BPA
[2m2026-08-02T17:06:27.399098Z[0m [32m INFO[0m [2mhardy_cspcl::runtime[0m[2m:[0m Dispatched inbound CSP bundle from 1:35 to BPA
[2m2026-08-02T17:06:27.400320Z[0m [32m INFO[0m [2mhardy_cspcl::runtime[0m[2m:[0m Dispatched inbound CSP bundle from 1:35 to BPA
[2m2026-08-02T17:06:28.338131Z[0m [32m INFO[0m [2mhardy_cspcl::runtime[0m[2m:[0m Dispatched inbound CSP bundle from 1:35 to BPA
[2m2026-08-02T17:06:28.338377Z[0m [32m INFO[0m [2mhardy_cspcl::runtime[0m[2m:[0m Dispatched inbound CSP bundle from 1:35 to BPA
[2m2026-08-02T17:06:28.444783Z[0m [32m INFO[0m [2mhardy_cspcl::runtime[0m[2m:[0m Dispatched inbound CSP bundle from 1:35 to BPA
[2m2026-08-02T17:06:28.646788Z[0m [32m INFO[0m [2mhardy_cspcl::runtime[0m[2m:[0m Dispatched inbound CSP bundle from 1:35 to BPA
[2m2026-08-02T17:06:29.059529Z[0m [32m INFO[0m [2mhardy_cspcl::runtime[0m[2m:[0m Dispatched inbound CSP bundle from 1:35 to BPA
[2m2026-08-02T17:06:29.060201Z[0m [32m INFO[0m [2mhardy_cspcl::runtime[0m[2m:[0m Dispatched inbound CSP bundle from 1:35 to BPA
[2m2026-08-02T17:06:29.662650Z[0m [32m INFO[0m [2mhardy_cspcl::runtime[0m[2m:[0m Dispatched inbound CSP bundle from 1:35 to BPA
[2m2026-08-02T17:06:29.964535Z[0m [32m INFO[0m [2mhardy_cspcl::runtime[0m[2m:[0m Dispatched inbound CSP bundle from 1:35 to BPA
[2m2026-08-02T17:06:29.965555Z[0m [32m INFO[0m [2mhardy_cspcl::runtime[0m[2m:[0m Dispatched inbound CSP bundle from 1:35 to BPA
[2m2026-08-02T17:06:30.266946Z[0m [32m INFO[0m [2mhardy_cspcl::runtime[0m[2m:[0m Dispatched inbound CSP bundle from 1:35 to BPA
[2m2026-08-02T17:06:31.207834Z[0m [32m INFO[0m [2mhardy_cspcl::runtime[0m[2m:[0m Dispatched inbound CSP bundle from 1:35 to BPA
[2m2026-08-02T17:06:31.208187Z[0m [32m INFO[0m [2mhardy_cspcl::runtime[0m[2m:[0m Dispatched inbound CSP bundle from 1:35 to BPA
[2m2026-08-02T17:06:31.515660Z[0m [32m INFO[0m [2mhardy_cspcl::runtime[0m[2m:[0m Dispatched inbound CSP bundle from 1:35 to BPA
[2m2026-08-02T17:06:31.517219Z[0m [32m INFO[0m [2mhardy_cspcl::runtime[0m[2m:[0m Dispatched inbound CSP bundle from 1:35 to BPA
[2m2026-08-02T17:06:32.118709Z[0m [32m INFO[0m [2mhardy_cspcl::runtime[0m[2m:[0m Dispatched inbound CSP bundle from 1:35 to BPA
[2m2026-08-02T17:06:32.119897Z[0m [32m INFO[0m [2mhardy_cspcl::runtime[0m[2m:[0m Dispatched inbound CSP bundle from 1:35 to BPA
[2m2026-08-02T17:06:32.721522Z[0m [32m INFO[0m [2mhardy_cspcl::runtime[0m[2m:[0m Dispatched inbound CSP bundle from 1:35 to BPA
[2m2026-08-02T17:06:32.722372Z[0m [32m INFO[0m [2mhardy_cspcl::runtime[0m[2m:[0m Dispatched inbound CSP bundle from 1:35 to BPA
[2m2026-08-02T17:06:33.124267Z[0m [32m INFO[0m [2mhardy_cspcl::runtime[0m[2m:[0m Dispatched inbound CSP bundle from 1:35 to BPA
[2m2026-08-02T17:06:33.324632Z[0m [32m INFO[0m [2mhardy_cspcl::runtime[0m[2m:[0m Dispatched inbound CSP bundle from 1:35 to BPA
[2m2026-08-02T17:06:34.246928Z[0m [32m INFO[0m [2mhardy_cspcl::runtime[0m[2m:[0m Dispatched inbound CSP bundle from 1:35 to BPA
[2m2026-08-02T17:06:34.247328Z[0m [32m INFO[0m [2mhardy_cspcl::runtime[0m[2m:[0m Dispatched inbound CSP bundle from 1:35 to BPA
[2m2026-08-02T17:06:34.353883Z[0m [32m INFO[0m [2mhardy_cspcl::runtime[0m[2m:[0m Dispatched inbound CSP bundle from 1:35 to BPA
[2m2026-08-02T17:06:34.555191Z[0m [32m INFO[0m [2mhardy_cspcl::runtime[0m[2m:[0m Dispatched inbound CSP bundle from 1:35 to BPA
[2m2026-08-02T17:06:34.957801Z[0m [32m INFO[0m [2mhardy_cspcl::runtime[0m[2m:[0m Dispatched inbound CSP bundle from 1:35 to BPA
[2m2026-08-02T17:06:35.259675Z[0m [32m INFO[0m [2mhardy_cspcl::runtime[0m[2m:[0m Dispatched inbound CSP bundle from 1:35 to BPA
[2m2026-08-02T17:06:35.572822Z[0m [32m INFO[0m [2mhardy_cspcl::runtime[0m[2m:[0m Dispatched inbound CSP bundle from 1:35 to BPA
[2m2026-08-02T17:06:35.874835Z[0m [32m INFO[0m [2mhardy_cspcl::runtime[0m[2m:[0m Dispatched inbound CSP bundle from 1:35 to BPA
[2m2026-08-02T17:06:35.875346Z[0m [32m INFO[0m [2mhardy_cspcl::runtime[0m[2m:[0m Dispatched inbound CSP bundle from 1:35 to BPA
[2m2026-08-02T17:06:36.176645Z[0m [32m INFO[0m [2mhardy_cspcl::runtime[0m[2m:[0m Dispatched inbound CSP bundle from 1:35 to BPA
[2m2026-08-02T17:06:37.108072Z[0m [32m INFO[0m [2mhardy_cspcl::runtime[0m[2m:[0m Dispatched inbound CSP bundle from 1:35 to BPA
[2m2026-08-02T17:06:37.108456Z[0m [32m INFO[0m [2mhardy_cspcl::runtime[0m[2m:[0m Dispatched inbound CSP bundle from 1:35 to BPA
[2m2026-08-02T17:06:37.314839Z[0m [32m INFO[0m [2mhardy_cspcl::runtime[0m[2m:[0m Dispatched inbound CSP bundle from 1:35 to BPA
[2m2026-08-02T17:06:37.615503Z[0m [32m INFO[0m [2mhardy_cspcl::runtime[0m[2m:[0m Dispatched inbound CSP bundle from 1:35 to BPA
[2m2026-08-02T17:06:37.716405Z[0m [32m INFO[0m [2mhardy_cspcl::runtime[0m[2m:[0m Dispatched inbound CSP bundle from 1:35 to BPA
[2m2026-08-02T17:06:38.218029Z[0m [32m INFO[0m [2mhardy_cspcl::runtime[0m[2m:[0m Dispatched inbound CSP bundle from 1:35 to BPA
[2m2026-08-02T17:06:38.219286Z[0m [32m INFO[0m [2mhardy_cspcl::runtime[0m[2m:[0m Dispatched inbound CSP bundle from 1:35 to BPA
[2m2026-08-02T17:06:38.820591Z[0m [32m INFO[0m [2mhardy_cspcl::runtime[0m[2m:[0m Dispatched inbound CSP bundle from 1:35 to BPA
[2m2026-08-02T17:06:38.821772Z[0m [32m INFO[0m [2mhardy_cspcl::runtime[0m[2m:[0m Dispatched inbound CSP bundle from 1:35 to BPA
[2m2026-08-02T17:06:39.422033Z[0m [32m INFO[0m [2mhardy_cspcl::runtime[0m[2m:[0m Dispatched inbound CSP bundle from 1:35 to BPA
[2m2026-08-02T17:06:40.150271Z[0m [32m INFO[0m [2mhardy_cspcl::runtime[0m[2m:[0m Dispatched inbound CSP bundle from 1:35 to BPA
[2m2026-08-02T17:06:40.150654Z[0m [32m INFO[0m [2mhardy_cspcl::runtime[0m[2m:[0m Dispatched inbound CSP bundle from 1:35 to BPA
[2m2026-08-02T17:06:40.357270Z[0m [32m INFO[0m [2mhardy_cspcl::runtime[0m[2m:[0m Dispatched inbound CSP bundle from 1:35 to BPA
[2m2026-08-02T17:06:40.358598Z[0m [32m INFO[0m [2mhardy_cspcl::runtime[0m[2m:[0m Dispatched inbound CSP bundle from 1:35 to BPA
[2m2026-08-02T17:06:40.909519Z[0m [32m INFO[0m [2mhardy_cspcl::runtime[0m[2m:[0m Dispatched inbound CSP bundle from 1:35 to BPA
[2m2026-08-02T17:06:41.211430Z[0m [32m INFO[0m [2mhardy_cspcl::runtime[0m[2m:[0m Dispatched inbound CSP bundle from 1:35 to BPA
[2m2026-08-02T17:06:41.512395Z[0m [32m INFO[0m [2mhardy_cspcl::runtime[0m[2m:[0m Dispatched inbound CSP bundle from 1:35 to BPA
[2m2026-08-02T17:06:41.513021Z[0m [32m INFO[0m [2mhardy_cspcl::runtime[0m[2m:[0m Dispatched inbound CSP bundle from 1:35 to BPA
[2m2026-08-02T17:06:42.115606Z[0m [32m INFO[0m [2mhardy_cspcl::runtime[0m[2m:[0m Dispatched inbound CSP bundle from 1:35 to BPA
[2m2026-08-02T17:06:42.116505Z[0m [32m INFO[0m [2mhardy_cspcl::runtime[0m[2m:[0m Dispatched inbound CSP bundle from 1:35 to BPA
[2m2026-08-02T17:06:43.345918Z[0m [32m INFO[0m [2mhardy_cspcl::runtime[0m[2m:[0m Dispatched inbound CSP bundle from 1:35 to BPA
[2m2026-08-02T17:06:43.346411Z[0m [32m INFO[0m [2mhardy_cspcl::runtime[0m[2m:[0m Dispatched inbound CSP bundle from 1:35 to BPA
[2m2026-08-02T17:06:43.452723Z[0m [32m INFO[0m [2mhardy_cspcl::runtime[0m[2m:[0m Dispatched inbound CSP bundle from 1:35 to BPA
[2m2026-08-02T17:06:43.453732Z[0m [32m INFO[0m [2mhardy_cspcl::runtime[0m[2m:[0m Dispatched inbound CSP bundle from 1:35 to BPA
[2m2026-08-02T17:06:44.049563Z[0m [32m INFO[0m [2mhardy_cspcl::runtime[0m[2m:[0m Dispatched inbound CSP bundle from 1:35 to BPA
[2m2026-08-02T17:06:44.050651Z[0m [32m INFO[0m [2mhardy_cspcl::runtime[0m[2m:[0m Dispatched inbound CSP bundle from 1:35 to BPA
[2m2026-08-02T17:06:44.652791Z[0m [32m INFO[0m [2mhardy_cspcl::runtime[0m[2m:[0m Dispatched inbound CSP bundle from 1:35 to BPA
[2m2026-08-02T17:06:44.653734Z[0m [32m INFO[0m [2mhardy_cspcl::runtime[0m[2m:[0m Dispatched inbound CSP bundle from 1:35 to BPA
[2m2026-08-02T17:06:45.255421Z[0m [32m INFO[0m [2mhardy_cspcl::runtime[0m[2m:[0m Dispatched inbound CSP bundle from 1:35 to BPA
[2m2026-08-02T17:06:45.256517Z[0m [32m INFO[0m [2mhardy_cspcl::runtime[0m[2m:[0m Dispatched inbound CSP bundle from 1:35 to BPA
[2m2026-08-02T17:06:46.187111Z[0m [32m INFO[0m [2mhardy_cspcl::runtime[0m[2m:[0m Dispatched inbound CSP bundle from 1:35 to BPA
[2m2026-08-02T17:06:46.187460Z[0m [32m INFO[0m [2mhardy_cspcl::runtime[0m[2m:[0m Dispatched inbound CSP bundle from 1:35 to BPA
[2m2026-08-02T17:06:46.293967Z[0m [32m INFO[0m [2mhardy_cspcl::runtime[0m[2m:[0m Dispatched inbound CSP bundle from 1:35 to BPA
[2m2026-08-02T17:06:46.495850Z[0m [32m INFO[0m [2mhardy_cspcl::runtime[0m[2m:[0m Dispatched inbound CSP bundle from 1:35 to BPA
[2m2026-08-02T17:06:46.898152Z[0m [32m INFO[0m [2mhardy_cspcl::runtime[0m[2m:[0m Dispatched inbound CSP bundle from 1:35 to BPA
[2m2026-08-02T17:06:47.199446Z[0m [32m INFO[0m [2mhardy_cspcl::runtime[0m[2m:[0m Dispatched inbound CSP bundle from 1:35 to BPA
[2m2026-08-02T17:06:47.511722Z[0m [32m INFO[0m [2mhardy_cspcl::runtime[0m[2m:[0m Dispatched inbound CSP bundle from 1:35 to BPA
[2m2026-08-02T17:06:47.512741Z[0m [32m INFO[0m [2mhardy_cspcl::runtime[0m[2m:[0m Dispatched inbound CSP bundle from 1:35 to BPA
[2m2026-08-02T17:06:47.814512Z[0m [32m INFO[0m [2mhardy_cspcl::runtime[0m[2m:[0m Dispatched inbound CSP bundle from 1:35 to BPA
[2m2026-08-02T17:06:48.115051Z[0m [32m INFO[0m [2mhardy_cspcl::runtime[0m[2m:[0m Dispatched inbound CSP bundle from 1:35 to BPA
[2m2026-08-02T17:06:49.042539Z[0m [32m INFO[0m [2mhardy_cspcl::runtime[0m[2m:[0m Dispatched inbound CSP bundle from 1:35 to BPA
[2m2026-08-02T17:06:49.042891Z[0m [32m INFO[0m [2mhardy_cspcl::runtime[0m[2m:[0m Dispatched inbound CSP bundle from 1:35 to BPA
[2m2026-08-02T17:06:49.350155Z[0m [32m INFO[0m [2mhardy_cspcl::runtime[0m[2m:[0m Dispatched inbound CSP bundle from 1:35 to BPA
[2m2026-08-02T17:06:49.451844Z[0m [32m INFO[0m [2mhardy_cspcl::runtime[0m[2m:[0m Dispatched inbound CSP bundle from 1:35 to BPA
[2m2026-08-02T17:06:49.954020Z[0m [32m INFO[0m [2mhardy_cspcl::runtime[0m[2m:[0m Dispatched inbound CSP bundle from 1:35 to BPA
[2m2026-08-02T17:06:49.954572Z[0m [32m INFO[0m [2mhardy_cspcl::runtime[0m[2m:[0m Dispatched inbound CSP bundle from 1:35 to BPA
[2m2026-08-02T17:06:50.256253Z[0m [32m INFO[0m [2mhardy_cspcl::runtime[0m[2m:[0m Dispatched inbound CSP bundle from 1:35 to BPA
[2m2026-08-02T17:06:50.557594Z[0m [32m INFO[0m [2mhardy_cspcl::runtime[0m[2m:[0m Dispatched inbound CSP bundle from 1:35 to BPA
[2m2026-08-02T17:06:50.858749Z[0m [32m INFO[0m [2mhardy_cspcl::runtime[0m[2m:[0m Dispatched inbound CSP bundle from 1:35 to BPA
[2m2026-08-02T17:06:51.159725Z[0m [32m INFO[0m [2mhardy_cspcl::runtime[0m[2m:[0m Dispatched inbound CSP bundle from 1:35 to BPA
[2m2026-08-02T17:06:52.097045Z[0m [32m INFO[0m [2mhardy_cspcl::runtime[0m[2m:[0m Dispatched inbound CSP bundle from 1:35 to BPA
[2m2026-08-02T17:06:52.097660Z[0m [32m INFO[0m [2mhardy_cspcl::runtime[0m[2m:[0m Dispatched inbound CSP bundle from 1:35 to BPA
[2m2026-08-02T17:06:52.404412Z[0m [32m INFO[0m [2mhardy_cspcl::runtime[0m[2m:[0m Dispatched inbound CSP bundle from 1:35 to BPA
[2m2026-08-02T17:06:52.404781Z[0m [32m INFO[0m [2mhardy_cspcl::runtime[0m[2m:[0m Dispatched inbound CSP bundle from 1:35 to BPA
[2m2026-08-02T17:06:52.807305Z[0m [32m INFO[0m [2mhardy_cspcl::runtime[0m[2m:[0m Dispatched inbound CSP bundle from 1:35 to BPA
[2m2026-08-02T17:06:53.007897Z[0m [32m INFO[0m [2mhardy_cspcl::runtime[0m[2m:[0m Dispatched inbound CSP bundle from 1:35 to BPA
[2m2026-08-02T17:06:53.610885Z[0m [32m INFO[0m [2mhardy_cspcl::runtime[0m[2m:[0m Dispatched inbound CSP bundle from 1:35 to BPA
[2m2026-08-02T17:06:53.612208Z[0m [32m INFO[0m [2mhardy_cspcl::runtime[0m[2m:[0m Dispatched inbound CSP bundle from 1:35 to BPA
[2m2026-08-02T17:06:54.213498Z[0m [32m INFO[0m [2mhardy_cspcl::runtime[0m[2m:[0m Dispatched inbound CSP bundle from 1:35 to BPA
[2m2026-08-02T17:06:54.214789Z[0m [32m INFO[0m [2mhardy_cspcl::runtime[0m[2m:[0m Dispatched inbound CSP bundle from 1:35 to BPA
[2m2026-08-02T17:06:55.140371Z[0m [32m INFO[0m [2mhardy_cspcl::runtime[0m[2m:[0m Dispatched inbound CSP bundle from 1:35 to BPA
[2m2026-08-02T17:06:55.140661Z[0m [32m INFO[0m [2mhardy_cspcl::runtime[0m[2m:[0m Dispatched inbound CSP bundle from 1:35 to BPA
[2m2026-08-02T17:06:55.246608Z[0m [32m INFO[0m [2mhardy_cspcl::runtime[0m[2m:[0m Dispatched inbound CSP bundle from 1:35 to BPA
[2m2026-08-02T17:06:55.448500Z[0m [32m INFO[0m [2mhardy_cspcl::runtime[0m[2m:[0m Dispatched inbound CSP bundle from 1:35 to BPA
[2m2026-08-02T17:06:55.861883Z[0m [32m INFO[0m [2mhardy_cspcl::runtime[0m[2m:[0m Dispatched inbound CSP bundle from 1:35 to BPA
[2m2026-08-02T17:06:56.063986Z[0m [32m INFO[0m [2mhardy_cspcl::runtime[0m[2m:[0m Dispatched inbound CSP bundle from 1:35 to BPA
[2m2026-08-02T17:06:56.466100Z[0m [32m INFO[0m [2mhardy_cspcl::runtime[0m[2m:[0m Dispatched inbound CSP bundle from 1:35 to BPA
[2m2026-08-02T17:06:56.768019Z[0m [32m INFO[0m [2mhardy_cspcl::runtime[0m[2m:[0m Dispatched inbound CSP bundle from 1:35 to BPA
[2m2026-08-02T17:06:56.769011Z[0m [32m INFO[0m [2mhardy_cspcl::runtime[0m[2m:[0m Dispatched inbound CSP bundle from 1:35 to BPA
[2m2026-08-02T17:06:56.969977Z[0m [32m INFO[0m [2mhardy_cspcl::runtime[0m[2m:[0m Dispatched inbound CSP bundle from 1:35 to BPA
[2m2026-08-02T17:06:57.897331Z[0m [32m INFO[0m [2mhardy_cspcl::runtime[0m[2m:[0m Dispatched inbound CSP bundle from 1:35 to BPA
[2m2026-08-02T17:06:57.897806Z[0m [32m INFO[0m [2mhardy_cspcl::runtime[0m[2m:[0m Dispatched inbound CSP bundle from 1:35 to BPA
[2m2026-08-02T17:06:58.004291Z[0m [32m INFO[0m [2mhardy_cspcl::runtime[0m[2m:[0m Dispatched inbound CSP bundle from 1:35 to BPA
[2m2026-08-02T17:06:58.205132Z[0m [32m INFO[0m [2mhardy_cspcl::runtime[0m[2m:[0m Dispatched inbound CSP bundle from 1:35 to BPA
[2m2026-08-02T17:06:58.808715Z[0m [32m INFO[0m [2mhardy_cspcl::runtime[0m[2m:[0m Dispatched inbound CSP bundle from 1:35 to BPA
[2m2026-08-02T17:06:58.809179Z[0m [32m INFO[0m [2mhardy_cspcl::runtime[0m[2m:[0m Dispatched inbound CSP bundle from 1:35 to BPA
[2m2026-08-02T17:06:59.110032Z[0m [32m INFO[0m [2mhardy_cspcl::runtime[0m[2m:[0m Dispatched inbound CSP bundle from 1:35 to BPA
[2m2026-08-02T17:06:59.411362Z[0m [32m INFO[0m [2mhardy_cspcl::runtime[0m[2m:[0m Dispatched inbound CSP bundle from 1:35 to BPA
[2m2026-08-02T17:06:59.712653Z[0m [32m INFO[0m [2mhardy_cspcl::runtime[0m[2m:[0m Dispatched inbound CSP bundle from 1:35 to BPA
[2m2026-08-02T17:07:00.014208Z[0m [32m INFO[0m [2mhardy_cspcl::runtime[0m[2m:[0m Dispatched inbound CSP bundle from 1:35 to BPA
[2m2026-08-02T17:07:01.041603Z[0m [32m INFO[0m [2mhardy_cspcl::runtime[0m[2m:[0m Dispatched inbound CSP bundle from 1:35 to BPA
[2m2026-08-02T17:07:01.042010Z[0m [32m INFO[0m [2mhardy_cspcl::runtime[0m[2m:[0m Dispatched inbound CSP bundle from 1:35 to BPA
[2m2026-08-02T17:07:01.148622Z[0m [32m INFO[0m [2mhardy_cspcl::runtime[0m[2m:[0m Dispatched inbound CSP bundle from 1:35 to BPA
[2m2026-08-02T17:07:01.149685Z[0m [32m INFO[0m [2mhardy_cspcl::runtime[0m[2m:[0m Dispatched inbound CSP bundle from 1:35 to BPA
[2m2026-08-02T17:07:01.801476Z[0m [32m INFO[0m [2mhardy_cspcl::runtime[0m[2m:[0m Dispatched inbound CSP bundle from 1:35 to BPA
[2m2026-08-02T17:07:01.802355Z[0m [32m INFO[0m [2mhardy_cspcl::runtime[0m[2m:[0m Dispatched inbound CSP bundle from 1:35 to BPA
[2m2026-08-02T17:07:02.405851Z[0m [32m INFO[0m [2mhardy_cspcl::runtime[0m[2m:[0m Dispatched inbound CSP bundle from 1:35 to BPA
[2m2026-08-02T17:07:02.406953Z[0m [32m INFO[0m [2mhardy_cspcl::runtime[0m[2m:[0m Dispatched inbound CSP bundle from 1:35 to BPA
[2m2026-08-02T17:07:02.607930Z[0m [32m INFO[0m [2mhardy_cspcl::runtime[0m[2m:[0m Dispatched inbound CSP bundle from 1:35 to BPA
[2m2026-08-02T17:07:03.109582Z[0m [32m INFO[0m [2mhardy_cspcl::runtime[0m[2m:[0m Dispatched inbound CSP bundle from 1:35 to BPA
[2m2026-08-02T17:07:04.037845Z[0m [32m INFO[0m [2mhardy_cspcl::runtime[0m[2m:[0m Dispatched inbound CSP bundle from 1:35 to BPA
[2m2026-08-02T17:07:04.038221Z[0m [32m INFO[0m [2mhardy_cspcl::runtime[0m[2m:[0m Dispatched inbound CSP bundle from 1:35 to BPA
[2m2026-08-02T17:07:04.138815Z[0m [32m INFO[0m [2mhardy_cspcl::runtime[0m[2m:[0m Dispatched inbound CSP bundle from 1:35 to BPA
[2m2026-08-02T17:07:04.440286Z[0m [32m INFO[0m [2mhardy_cspcl::runtime[0m[2m:[0m Dispatched inbound CSP bundle from 1:35 to BPA
[2m2026-08-02T17:07:04.753233Z[0m [32m INFO[0m [2mhardy_cspcl::runtime[0m[2m:[0m Dispatched inbound CSP bundle from 1:35 to BPA
[2m2026-08-02T17:07:05.055078Z[0m [32m INFO[0m [2mhardy_cspcl::runtime[0m[2m:[0m Dispatched inbound CSP bundle from 1:35 to BPA
[2m2026-08-02T17:07:05.056121Z[0m [32m INFO[0m [2mhardy_cspcl::runtime[0m[2m:[0m Dispatched inbound CSP bundle from 1:35 to BPA
[2m2026-08-02T17:07:05.368225Z[0m [32m INFO[0m [2mhardy_cspcl::runtime[0m[2m:[0m Dispatched inbound CSP bundle from 1:35 to BPA
[2m2026-08-02T17:07:05.870480Z[0m [32m INFO[0m [2mhardy_cspcl::runtime[0m[2m:[0m Dispatched inbound CSP bundle from 1:35 to BPA
[2m2026-08-02T17:07:05.971434Z[0m [32m INFO[0m [2mhardy_cspcl::runtime[0m[2m:[0m Dispatched inbound CSP bundle from 1:35 to BPA
[2m2026-08-02T17:07:06.902089Z[0m [32m INFO[0m [2mhardy_cspcl::runtime[0m[2m:[0m Dispatched inbound CSP bundle from 1:35 to BPA
[2m2026-08-02T17:07:06.902616Z[0m [32m INFO[0m [2mhardy_cspcl::runtime[0m[2m:[0m Dispatched inbound CSP bundle from 1:35 to BPA
[2m2026-08-02T17:07:07.108526Z[0m [32m INFO[0m [2mhardy_cspcl::runtime[0m[2m:[0m Dispatched inbound CSP bundle from 1:35 to BPA
[2m2026-08-02T17:07:07.409750Z[0m [32m INFO[0m [2mhardy_cspcl::runtime[0m[2m:[0m Dispatched inbound CSP bundle from 1:35 to BPA
[2m2026-08-02T17:07:07.721793Z[0m [32m INFO[0m [2mhardy_cspcl::runtime[0m[2m:[0m Dispatched inbound CSP bundle from 1:35 to BPA
[2m2026-08-02T17:07:08.022936Z[0m [32m INFO[0m [2mhardy_cspcl::runtime[0m[2m:[0m Dispatched inbound CSP bundle from 1:35 to BPA
[2m2026-08-02T17:07:08.024272Z[0m [32m INFO[0m [2mhardy_cspcl::runtime[0m[2m:[0m Dispatched inbound CSP bundle from 1:35 to BPA
[2m2026-08-02T17:07:08.325311Z[0m [32m INFO[0m [2mhardy_cspcl::runtime[0m[2m:[0m Dispatched inbound CSP bundle from 1:35 to BPA
[2m2026-08-02T17:07:08.937912Z[0m [32m INFO[0m [2mhardy_cspcl::runtime[0m[2m:[0m Dispatched inbound CSP bundle from 1:35 to BPA
[2m2026-08-02T17:07:09.238616Z[0m [32m INFO[0m [2mhardy_cspcl::runtime[0m[2m:[0m Dispatched inbound CSP bundle from 1:35 to BPA
[2m2026-08-02T17:07:09.865947Z[0m [32m INFO[0m [2mhardy_cspcl::runtime[0m[2m:[0m Dispatched inbound CSP bundle from 1:35 to BPA
[2m2026-08-02T17:07:09.866329Z[0m [32m INFO[0m [2mhardy_cspcl::runtime[0m[2m:[0m Dispatched inbound CSP bundle from 1:35 to BPA
[2m2026-08-02T17:07:10.173424Z[0m [32m INFO[0m [2mhardy_cspcl::runtime[0m[2m:[0m Dispatched inbound CSP bundle from 1:35 to BPA
[2m2026-08-02T17:07:10.174431Z[0m [32m INFO[0m [2mhardy_cspcl::runtime[0m[2m:[0m Dispatched inbound CSP bundle from 1:35 to BPA
[2m2026-08-02T17:07:10.777375Z[0m [32m INFO[0m [2mhardy_cspcl::runtime[0m[2m:[0m Dispatched inbound CSP bundle from 1:35 to BPA
[2m2026-08-02T17:07:10.778552Z[0m [32m INFO[0m [2mhardy_cspcl::runtime[0m[2m:[0m Dispatched inbound CSP bundle from 1:35 to BPA
[2m2026-08-02T17:07:11.079644Z[0m [32m INFO[0m [2mhardy_cspcl::runtime[0m[2m:[0m Dispatched inbound CSP bundle from 1:35 to BPA
[2m2026-08-02T17:07:11.381077Z[0m [32m INFO[0m [2mhardy_cspcl::runtime[0m[2m:[0m Dispatched inbound CSP bundle from 1:35 to BPA
[2m2026-08-02T17:07:11.682031Z[0m [32m INFO[0m [2mhardy_cspcl::runtime[0m[2m:[0m Dispatched inbound CSP bundle from 1:35 to BPA
[2m2026-08-02T17:07:11.993680Z[0m [32m INFO[0m [2mhardy_cspcl::runtime[0m[2m:[0m Dispatched inbound CSP bundle from 1:35 to BPA
[2m2026-08-02T17:07:12.925168Z[0m [32m INFO[0m [2mhardy_cspcl::runtime[0m[2m:[0m Dispatched inbound CSP bundle from 1:35 to BPA
[2m2026-08-02T17:07:12.925538Z[0m [32m INFO[0m [2mhardy_cspcl::runtime[0m[2m:[0m Dispatched inbound CSP bundle from 1:35 to BPA
[2m2026-08-02T17:07:13.226752Z[0m [32m INFO[0m [2mhardy_cspcl::runtime[0m[2m:[0m Dispatched inbound CSP bundle from 1:35 to BPA
[2m2026-08-02T17:07:13.227191Z[0m [32m INFO[0m [2mhardy_cspcl::runtime[0m[2m:[0m Dispatched inbound CSP bundle from 1:35 to BPA
[2m2026-08-02T17:07:13.829338Z[0m [32m INFO[0m [2mhardy_cspcl::runtime[0m[2m:[0m Dispatched inbound CSP bundle from 1:35 to BPA
[2m2026-08-02T17:07:13.830383Z[0m [32m INFO[0m [2mhardy_cspcl::runtime[0m[2m:[0m Dispatched inbound CSP bundle from 1:35 to BPA
[2m2026-08-02T17:07:14.431160Z[0m [32m INFO[0m [2mhardy_cspcl::runtime[0m[2m:[0m Dispatched inbound CSP bundle from 1:35 to BPA
[2m2026-08-02T17:07:14.431707Z[0m [32m INFO[0m [2mhardy_cspcl::runtime[0m[2m:[0m Dispatched inbound CSP bundle from 1:35 to BPA
[2m2026-08-02T17:07:15.033880Z[0m [32m INFO[0m [2mhardy_cspcl::runtime[0m[2m:[0m Dispatched inbound CSP bundle from 1:35 to BPA
[2m2026-08-02T17:07:15.034963Z[0m [32m INFO[0m [2mhardy_cspcl::runtime[0m[2m:[0m Dispatched inbound CSP bundle from 1:35 to BPA
[2m2026-08-02T17:07:15.955341Z[0m [32m INFO[0m [2mhardy_cspcl::runtime[0m[2m:[0m Dispatched inbound CSP bundle from 1:35 to BPA
[2m2026-08-02T17:07:15.955765Z[0m [32m INFO[0m [2mhardy_cspcl::runtime[0m[2m:[0m Dispatched inbound CSP bundle from 1:35 to BPA
[2m2026-08-02T17:07:16.068337Z[0m [32m INFO[0m [2mhardy_cspcl::runtime[0m[2m:[0m Dispatched inbound CSP bundle from 1:35 to BPA
[2m2026-08-02T17:07:16.270031Z[0m [32m INFO[0m [2mhardy_cspcl::runtime[0m[2m:[0m Dispatched inbound CSP bundle from 1:35 to BPA
[2m2026-08-02T17:07:16.683950Z[0m [32m INFO[0m [2mhardy_cspcl::runtime[0m[2m:[0m Dispatched inbound CSP bundle from 1:35 to BPA
[2m2026-08-02T17:07:16.886034Z[0m [32m INFO[0m [2mhardy_cspcl::runtime[0m[2m:[0m Dispatched inbound CSP bundle from 1:35 to BPA
[2m2026-08-02T17:07:17.288009Z[0m [32m INFO[0m [2mhardy_cspcl::runtime[0m[2m:[0m Dispatched inbound CSP bundle from 1:35 to BPA
[2m2026-08-02T17:07:17.589714Z[0m [32m INFO[0m [2mhardy_cspcl::runtime[0m[2m:[0m Dispatched inbound CSP bundle from 1:35 to BPA
[2m2026-08-02T17:07:17.590843Z[0m [32m INFO[0m [2mhardy_cspcl::runtime[0m[2m:[0m Dispatched inbound CSP bundle from 1:35 to BPA
[2m2026-08-02T17:07:17.791942Z[0m [32m INFO[0m [2mhardy_cspcl::runtime[0m[2m:[0m Dispatched inbound CSP bundle from 1:35 to BPA
[2m2026-08-02T17:07:18.719263Z[0m [32m INFO[0m [2mhardy_cspcl::runtime[0m[2m:[0m Dispatched inbound CSP bundle from 1:35 to BPA
[2m2026-08-02T17:07:18.719700Z[0m [32m INFO[0m [2mhardy_cspcl::runtime[0m[2m:[0m Dispatched inbound CSP bundle from 1:35 to BPA
[2m2026-08-02T17:07:18.826466Z[0m [32m INFO[0m [2mhardy_cspcl::runtime[0m[2m:[0m Dispatched inbound CSP bundle from 1:35 to BPA
[2m2026-08-02T17:07:19.028103Z[0m [32m INFO[0m [2mhardy_cspcl::runtime[0m[2m:[0m Dispatched inbound CSP bundle from 1:35 to BPA
[2m2026-08-02T17:07:19.430063Z[0m [32m INFO[0m [2mhardy_cspcl::runtime[0m[2m:[0m Dispatched inbound CSP bundle from 1:35 to BPA
[2m2026-08-02T17:07:19.631012Z[0m [32m INFO[0m [2mhardy_cspcl::runtime[0m[2m:[0m Dispatched inbound CSP bundle from 1:35 to BPA
[2m2026-08-02T17:07:20.232355Z[0m [32m INFO[0m [2mhardy_cspcl::runtime[0m[2m:[0m Dispatched inbound CSP bundle from 1:35 to BPA
[2m2026-08-02T17:07:20.233569Z[0m [32m INFO[0m [2mhardy_cspcl::runtime[0m[2m:[0m Dispatched inbound CSP bundle from 1:35 to BPA
[2m2026-08-02T17:07:20.535416Z[0m [32m INFO[0m [2mhardy_cspcl::runtime[0m[2m:[0m Dispatched inbound CSP bundle from 1:35 to BPA
[2m2026-08-02T17:07:21.137497Z[0m [32m INFO[0m [2mhardy_cspcl::runtime[0m[2m:[0m Dispatched inbound CSP bundle from 1:35 to BPA
[2m2026-08-02T17:07:22.064902Z[0m [32m INFO[0m [2mhardy_cspcl::runtime[0m[2m:[0m Dispatched inbound CSP bundle from 1:35 to BPA
[2m2026-08-02T17:07:22.065303Z[0m [32m INFO[0m [2mhardy_cspcl::runtime[0m[2m:[0m Dispatched inbound CSP bundle from 1:35 to BPA
[2m2026-08-02T17:07:22.171980Z[0m [32m INFO[0m [2mhardy_cspcl::runtime[0m[2m:[0m Dispatched inbound CSP bundle from 1:35 to BPA
[2m2026-08-02T17:07:22.172799Z[0m [32m INFO[0m [2mhardy_cspcl::runtime[0m[2m:[0m Dispatched inbound CSP bundle from 1:35 to BPA
[2m2026-08-02T17:07:22.634716Z[0m [32m INFO[0m [2mhardy_cspcl::runtime[0m[2m:[0m Dispatched inbound CSP bundle from 1:35 to BPA
[2m2026-08-02T17:07:22.735577Z[0m [32m INFO[0m [2mhardy_cspcl::runtime[0m[2m:[0m Dispatched inbound CSP bundle from 1:35 to BPA
[2m2026-08-02T17:07:23.247806Z[0m [32m INFO[0m [2mhardy_cspcl::runtime[0m[2m:[0m Dispatched inbound CSP bundle from 1:35 to BPA
[2m2026-08-02T17:07:23.348754Z[0m [32m INFO[0m [2mhardy_cspcl::runtime[0m[2m:[0m Dispatched inbound CSP bundle from 1:35 to BPA
[2m2026-08-02T17:07:23.660924Z[0m [32m INFO[0m [2mhardy_cspcl::runtime[0m[2m:[0m Dispatched inbound CSP bundle from 1:35 to BPA
[2m2026-08-02T17:07:23.861869Z[0m [32m INFO[0m [2mhardy_cspcl::runtime[0m[2m:[0m Dispatched inbound CSP bundle from 1:35 to BPA
[2m2026-08-02T17:07:24.897139Z[0m [32m INFO[0m [2mhardy_cspcl::runtime[0m[2m:[0m Dispatched inbound CSP bundle from 1:35 to BPA
[2m2026-08-02T17:07:24.897539Z[0m [32m INFO[0m [2mhardy_cspcl::runtime[0m[2m:[0m Dispatched inbound CSP bundle from 1:35 to BPA
[2m2026-08-02T17:07:25.004006Z[0m [32m INFO[0m [2mhardy_cspcl::runtime[0m[2m:[0m Dispatched inbound CSP bundle from 1:35 to BPA
[2m2026-08-02T17:07:25.205689Z[0m [32m INFO[0m [2mhardy_cspcl::runtime[0m[2m:[0m Dispatched inbound CSP bundle from 1:35 to BPA
[2m2026-08-02T17:07:25.608030Z[0m [32m INFO[0m [2mhardy_cspcl::runtime[0m[2m:[0m Dispatched inbound CSP bundle from 1:35 to BPA
[2m2026-08-02T17:07:25.909359Z[0m [32m INFO[0m [2mhardy_cspcl::runtime[0m[2m:[0m Dispatched inbound CSP bundle from 1:35 to BPA
[2m2026-08-02T17:07:26.221025Z[0m [32m INFO[0m [2mhardy_cspcl::runtime[0m[2m:[0m Dispatched inbound CSP bundle from 1:35 to BPA
[2m2026-08-02T17:07:26.522518Z[0m [32m INFO[0m [2mhardy_cspcl::runtime[0m[2m:[0m Dispatched inbound CSP bundle from 1:35 to BPA
[2m2026-08-02T17:07:26.824390Z[0m [32m INFO[0m [2mhardy_cspcl::runtime[0m[2m:[0m Dispatched inbound CSP bundle from 1:35 to BPA
[2m2026-08-02T17:07:27.125205Z[0m [32m INFO[0m [2mhardy_cspcl::runtime[0m[2m:[0m Dispatched inbound CSP bundle from 1:35 to BPA
[2m2026-08-02T17:07:27.753609Z[0m [32m INFO[0m [2mhardy_cspcl::runtime[0m[2m:[0m Dispatched inbound CSP bundle from 1:35 to BPA
[2m2026-08-02T17:07:27.754009Z[0m [32m INFO[0m [2mhardy_cspcl::runtime[0m[2m:[0m Dispatched inbound CSP bundle from 1:35 to BPA
[2m2026-08-02T17:07:28.061525Z[0m [32m INFO[0m [2mhardy_cspcl::runtime[0m[2m:[0m Dispatched inbound CSP bundle from 1:35 to BPA
[2m2026-08-02T17:07:28.062787Z[0m [32m INFO[0m [2mhardy_cspcl::runtime[0m[2m:[0m Dispatched inbound CSP bundle from 1:35 to BPA
[2m2026-08-02T17:07:28.665052Z[0m [32m INFO[0m [2mhardy_cspcl::runtime[0m[2m:[0m Dispatched inbound CSP bundle from 1:35 to BPA
[2m2026-08-02T17:07:28.665791Z[0m [32m INFO[0m [2mhardy_cspcl::runtime[0m[2m:[0m Dispatched inbound CSP bundle from 1:35 to BPA
[2m2026-08-02T17:07:28.966727Z[0m [32m INFO[0m [2mhardy_cspcl::runtime[0m[2m:[0m Dispatched inbound CSP bundle from 1:35 to BPA
[2m2026-08-02T17:07:29.268295Z[0m [32m INFO[0m [2mhardy_cspcl::runtime[0m[2m:[0m Dispatched inbound CSP bundle from 1:35 to BPA
[2m2026-08-02T17:07:29.569046Z[0m [32m INFO[0m [2mhardy_cspcl::runtime[0m[2m:[0m Dispatched inbound CSP bundle from 1:35 to BPA
[2m2026-08-02T17:07:29.870855Z[0m [32m INFO[0m [2mhardy_cspcl::runtime[0m[2m:[0m Dispatched inbound CSP bundle from 1:35 to BPA
[2m2026-08-02T17:07:30.797114Z[0m [32m INFO[0m [2mhardy_cspcl::runtime[0m[2m:[0m Dispatched inbound CSP bundle from 1:35 to BPA
[2m2026-08-02T17:07:30.797530Z[0m [32m INFO[0m [2mhardy_cspcl::runtime[0m[2m:[0m Dispatched inbound CSP bundle from 1:35 to BPA
[2m2026-08-02T17:07:31.105076Z[0m [32m INFO[0m [2mhardy_cspcl::runtime[0m[2m:[0m Dispatched inbound CSP bundle from 1:35 to BPA
[2m2026-08-02T17:07:31.106035Z[0m [32m INFO[0m [2mhardy_cspcl::runtime[0m[2m:[0m Dispatched inbound CSP bundle from 1:35 to BPA
[2m2026-08-02T17:07:31.507200Z[0m [32m INFO[0m [2mhardy_cspcl::runtime[0m[2m:[0m Dispatched inbound CSP bundle from 1:35 to BPA
[2m2026-08-02T17:07:31.708090Z[0m [32m INFO[0m [2mhardy_cspcl::runtime[0m[2m:[0m Dispatched inbound CSP bundle from 1:35 to BPA
[2m2026-08-02T17:07:32.310059Z[0m [32m INFO[0m [2mhardy_cspcl::runtime[0m[2m:[0m Dispatched inbound CSP bundle from 1:35 to BPA
[2m2026-08-02T17:07:32.311327Z[0m [32m INFO[0m [2mhardy_cspcl::runtime[0m[2m:[0m Dispatched inbound CSP bundle from 1:35 to BPA
[2m2026-08-02T17:07:32.612399Z[0m [32m INFO[0m [2mhardy_cspcl::runtime[0m[2m:[0m Dispatched inbound CSP bundle from 1:35 to BPA
[2m2026-08-02T17:07:32.913510Z[0m [32m INFO[0m [2mhardy_cspcl::runtime[0m[2m:[0m Dispatched inbound CSP bundle from 1:35 to BPA
[2m2026-08-02T17:07:33.852257Z[0m [32m INFO[0m [2mhardy_cspcl::runtime[0m[2m:[0m Dispatched inbound CSP bundle from 1:35 to BPA
[2m2026-08-02T17:07:33.852833Z[0m [32m INFO[0m [2mhardy_cspcl::runtime[0m[2m:[0m Dispatched inbound CSP bundle from 1:35 to BPA
[2m2026-08-02T17:07:33.959044Z[0m [32m INFO[0m [2mhardy_cspcl::runtime[0m[2m:[0m Dispatched inbound CSP bundle from 1:35 to BPA
[2m2026-08-02T17:07:33.959907Z[0m [32m INFO[0m [2mhardy_cspcl::runtime[0m[2m:[0m Dispatched inbound CSP bundle from 1:35 to BPA
[2m2026-08-02T17:07:34.572293Z[0m [32m INFO[0m [2mhardy_cspcl::runtime[0m[2m:[0m Dispatched inbound CSP bundle from 1:35 to BPA
[2m2026-08-02T17:07:34.874706Z[0m [32m INFO[0m [2mhardy_cspcl::runtime[0m[2m:[0m Dispatched inbound CSP bundle from 1:35 to BPA
[2m2026-08-02T17:07:35.187418Z[0m [32m INFO[0m [2mhardy_cspcl::runtime[0m[2m:[0m Dispatched inbound CSP bundle from 1:35 to BPA
[2m2026-08-02T17:07:35.489355Z[0m [32m INFO[0m [2mhardy_cspcl::runtime[0m[2m:[0m Dispatched inbound CSP bundle from 1:35 to BPA
[2m2026-08-02T17:07:35.490837Z[0m [32m INFO[0m [2mhardy_cspcl::runtime[0m[2m:[0m Dispatched inbound CSP bundle from 1:35 to BPA
[2m2026-08-02T17:07:35.702231Z[0m [32m INFO[0m [2mhardy_cspcl::runtime[0m[2m:[0m Dispatched inbound CSP bundle from 1:35 to BPA
[2m2026-08-02T17:07:36.622290Z[0m [32m INFO[0m [2mhardy_cspcl::runtime[0m[2m:[0m Dispatched inbound CSP bundle from 1:35 to BPA
[2m2026-08-02T17:07:36.622473Z[0m [32m INFO[0m [2mhardy_cspcl::runtime[0m[2m:[0m Dispatched inbound CSP bundle from 1:35 to BPA
[2m2026-08-02T17:07:36.923479Z[0m [32m INFO[0m [2mhardy_cspcl::runtime[0m[2m:[0m Dispatched inbound CSP bundle from 1:35 to BPA
[2m2026-08-02T17:07:36.923799Z[0m [32m INFO[0m [2mhardy_cspcl::runtime[0m[2m:[0m Dispatched inbound CSP bundle from 1:35 to BPA
[2m2026-08-02T17:07:37.536491Z[0m [32m INFO[0m [2mhardy_cspcl::runtime[0m[2m:[0m Dispatched inbound CSP bundle from 1:35 to BPA
[2m2026-08-02T17:07:37.537212Z[0m [32m INFO[0m [2mhardy_cspcl::runtime[0m[2m:[0m Dispatched inbound CSP bundle from 1:35 to BPA
[2m2026-08-02T17:07:37.838335Z[0m [32m INFO[0m [2mhardy_cspcl::runtime[0m[2m:[0m Dispatched inbound CSP bundle from 1:35 to BPA
[2m2026-08-02T17:07:38.439743Z[0m [32m INFO[0m [2mhardy_cspcl::runtime[0m[2m:[0m Dispatched inbound CSP bundle from 1:35 to BPA
[2m2026-08-02T17:07:38.440285Z[0m [32m INFO[0m [2mhardy_cspcl::runtime[0m[2m:[0m Dispatched inbound CSP bundle from 1:35 to BPA
[2m2026-08-02T17:07:38.741377Z[0m [32m INFO[0m [2mhardy_cspcl::runtime[0m[2m:[0m Dispatched inbound CSP bundle from 1:35 to BPA
[2m2026-08-02T17:07:39.969185Z[0m [32m INFO[0m [2mhardy_cspcl::runtime[0m[2m:[0m Dispatched inbound CSP bundle from 1:35 to BPA
[2m2026-08-02T17:07:39.969554Z[0m [32m INFO[0m [2mhardy_cspcl::runtime[0m[2m:[0m Dispatched inbound CSP bundle from 1:35 to BPA
[2m2026-08-02T17:07:40.075155Z[0m [32m INFO[0m [2mhardy_cspcl::runtime[0m[2m:[0m Dispatched inbound CSP bundle from 1:35 to BPA
[2m2026-08-02T17:07:40.075787Z[0m [32m INFO[0m [2mhardy_cspcl::runtime[0m[2m:[0m Dispatched inbound CSP bundle from 1:35 to BPA
[2m2026-08-02T17:07:40.672047Z[0m [32m INFO[0m [2mhardy_cspcl::runtime[0m[2m:[0m Dispatched inbound CSP bundle from 1:35 to BPA
[2m2026-08-02T17:07:40.672999Z[0m [32m INFO[0m [2mhardy_cspcl::runtime[0m[2m:[0m Dispatched inbound CSP bundle from 1:35 to BPA
[2m2026-08-02T17:07:41.274630Z[0m [32m INFO[0m [2mhardy_cspcl::runtime[0m[2m:[0m Dispatched inbound CSP bundle from 1:35 to BPA
[2m2026-08-02T17:07:41.275641Z[0m [32m INFO[0m [2mhardy_cspcl::runtime[0m[2m:[0m Dispatched inbound CSP bundle from 1:35 to BPA
[2m2026-08-02T17:07:41.876996Z[0m [32m INFO[0m [2mhardy_cspcl::runtime[0m[2m:[0m Dispatched inbound CSP bundle from 1:35 to BPA
[2m2026-08-02T17:07:41.877779Z[0m [32m INFO[0m [2mhardy_cspcl::runtime[0m[2m:[0m Dispatched inbound CSP bundle from 1:35 to BPA
[2m2026-08-02T17:07:42.803166Z[0m [32m INFO[0m [2mhardy_cspcl::runtime[0m[2m:[0m Dispatched inbound CSP bundle from 1:35 to BPA
[2m2026-08-02T17:07:42.803511Z[0m [32m INFO[0m [2mhardy_cspcl::runtime[0m[2m:[0m Dispatched inbound CSP bundle from 1:35 to BPA
[2m2026-08-02T17:07:42.909286Z[0m [32m INFO[0m [2mhardy_cspcl::runtime[0m[2m:[0m Dispatched inbound CSP bundle from 1:35 to BPA
[2m2026-08-02T17:07:43.110199Z[0m [32m INFO[0m [2mhardy_cspcl::runtime[0m[2m:[0m Dispatched inbound CSP bundle from 1:35 to BPA
[2m2026-08-02T17:07:43.522479Z[0m [32m INFO[0m [2mhardy_cspcl::runtime[0m[2m:[0m Dispatched inbound CSP bundle from 1:35 to BPA
[2m2026-08-02T17:07:43.723826Z[0m [32m INFO[0m [2mhardy_cspcl::runtime[0m[2m:[0m Dispatched inbound CSP bundle from 1:35 to BPA
[2m2026-08-02T17:07:44.036018Z[0m [32m INFO[0m [2mhardy_cspcl::runtime[0m[2m:[0m Dispatched inbound CSP bundle from 1:35 to BPA
[2m2026-08-02T17:07:44.136629Z[0m [32m INFO[0m [2mhardy_cspcl::runtime[0m[2m:[0m Dispatched inbound CSP bundle from 1:35 to BPA
[2m2026-08-02T17:07:44.739410Z[0m [32m INFO[0m [2mhardy_cspcl::runtime[0m[2m:[0m Dispatched inbound CSP bundle from 1:35 to BPA
[2m2026-08-02T17:07:45.041393Z[0m [32m INFO[0m [2mhardy_cspcl::runtime[0m[2m:[0m Dispatched inbound CSP bundle from 1:35 to BPA
[2m2026-08-02T17:07:45.682619Z[0m [32m INFO[0m [2mhardy_cspcl::runtime[0m[2m:[0m Dispatched inbound CSP bundle from 1:35 to BPA
[2m2026-08-02T17:07:45.682961Z[0m [32m INFO[0m [2mhardy_cspcl::runtime[0m[2m:[0m Dispatched inbound CSP bundle from 1:35 to BPA
[2m2026-08-02T17:07:45.788171Z[0m [32m INFO[0m [2mhardy_cspcl::runtime[0m[2m:[0m Dispatched inbound CSP bundle from 1:35 to BPA
[2m2026-08-02T17:07:45.989916Z[0m [32m INFO[0m [2mhardy_cspcl::runtime[0m[2m:[0m Dispatched inbound CSP bundle from 1:35 to BPA
[2m2026-08-02T17:07:46.502306Z[0m [32m INFO[0m [2mhardy_cspcl::runtime[0m[2m:[0m Dispatched inbound CSP bundle from 1:35 to BPA
[2m2026-08-02T17:07:46.703213Z[0m [32m INFO[0m [2mhardy_cspcl::runtime[0m[2m:[0m Dispatched inbound CSP bundle from 1:35 to BPA
[2m2026-08-02T17:07:47.305775Z[0m [32m INFO[0m [2mhardy_cspcl::runtime[0m[2m:[0m Dispatched inbound CSP bundle from 1:35 to BPA
[2m2026-08-02T17:07:47.307189Z[0m [32m INFO[0m [2mhardy_cspcl::runtime[0m[2m:[0m Dispatched inbound CSP bundle from 1:35 to BPA
[2m2026-08-02T17:07:47.406899Z[0m [32m INFO[0m [2mhardy_cspcl::runtime[0m[2m:[0m Dispatched inbound CSP bundle from 1:35 to BPA
[2m2026-08-02T17:07:47.708291Z[0m [32m INFO[0m [2mhardy_cspcl::runtime[0m[2m:[0m Dispatched inbound CSP bundle from 1:35 to BPA
[2m2026-08-02T17:07:48.828353Z[0m [32m INFO[0m [2mhardy_cspcl::runtime[0m[2m:[0m Dispatched inbound CSP bundle from 1:35 to BPA
[2m2026-08-02T17:07:48.828854Z[0m [32m INFO[0m [2mhardy_cspcl::runtime[0m[2m:[0m Dispatched inbound CSP bundle from 1:35 to BPA
[2m2026-08-02T17:07:48.934570Z[0m [32m INFO[0m [2mhardy_cspcl::runtime[0m[2m:[0m Dispatched inbound CSP bundle from 1:35 to BPA
[2m2026-08-02T17:07:49.136226Z[0m [32m INFO[0m [2mhardy_cspcl::runtime[0m[2m:[0m Dispatched inbound CSP bundle from 1:35 to BPA
[2m2026-08-02T17:07:49.448897Z[0m [32m INFO[0m [2mhardy_cspcl::runtime[0m[2m:[0m Dispatched inbound CSP bundle from 1:35 to BPA
[2m2026-08-02T17:07:49.550015Z[0m [32m INFO[0m [2mhardy_cspcl::runtime[0m[2m:[0m Dispatched inbound CSP bundle from 1:35 to BPA
[2m2026-08-02T17:07:50.063244Z[0m [32m INFO[0m [2mhardy_cspcl::runtime[0m[2m:[0m Dispatched inbound CSP bundle from 1:35 to BPA
[2m2026-08-02T17:07:50.164858Z[0m [32m INFO[0m [2mhardy_cspcl::runtime[0m[2m:[0m Dispatched inbound CSP bundle from 1:35 to BPA
[2m2026-08-02T17:07:50.365595Z[0m [32m INFO[0m [2mhardy_cspcl::runtime[0m[2m:[0m Dispatched inbound CSP bundle from 1:35 to BPA
[2m2026-08-02T17:07:50.667309Z[0m [32m INFO[0m [2mhardy_cspcl::runtime[0m[2m:[0m Dispatched inbound CSP bundle from 1:35 to BPA
[2m2026-08-02T17:07:51.701405Z[0m [32m INFO[0m [2mhardy_cspcl::runtime[0m[2m:[0m Dispatched inbound CSP bundle from 1:35 to BPA
[2m2026-08-02T17:07:51.701652Z[0m [32m INFO[0m [2mhardy_cspcl::runtime[0m[2m:[0m Dispatched inbound CSP bundle from 1:35 to BPA
[2m2026-08-02T17:07:52.008699Z[0m [32m INFO[0m [2mhardy_cspcl::runtime[0m[2m:[0m Dispatched inbound CSP bundle from 1:35 to BPA
[2m2026-08-02T17:07:52.009361Z[0m [32m INFO[0m [2mhardy_cspcl::runtime[0m[2m:[0m Dispatched inbound CSP bundle from 1:35 to BPA
[2m2026-08-02T17:07:52.610933Z[0m [32m INFO[0m [2mhardy_cspcl::runtime[0m[2m:[0m Dispatched inbound CSP bundle from 1:35 to BPA
[2m2026-08-02T17:07:52.611614Z[0m [32m INFO[0m [2mhardy_cspcl::runtime[0m[2m:[0m Dispatched inbound CSP bundle from 1:35 to BPA
[2m2026-08-02T17:07:52.912560Z[0m [32m INFO[0m [2mhardy_cspcl::runtime[0m[2m:[0m Dispatched inbound CSP bundle from 1:35 to BPA
[2m2026-08-02T17:07:53.214497Z[0m [32m INFO[0m [2mhardy_cspcl::runtime[0m[2m:[0m Dispatched inbound CSP bundle from 1:35 to BPA
[2m2026-08-02T17:07:53.816277Z[0m [32m INFO[0m [2mhardy_cspcl::runtime[0m[2m:[0m Dispatched inbound CSP bundle from 1:35 to BPA
[2m2026-08-02T17:07:53.816538Z[0m [32m INFO[0m [2mhardy_cspcl::runtime[0m[2m:[0m Dispatched inbound CSP bundle from 1:35 to BPA
[2m2026-08-02T17:07:54.746290Z[0m [32m INFO[0m [2mhardy_cspcl::runtime[0m[2m:[0m Dispatched inbound CSP bundle from 1:35 to BPA
[2m2026-08-02T17:07:54.746837Z[0m [32m INFO[0m [2mhardy_cspcl::runtime[0m[2m:[0m Dispatched inbound CSP bundle from 1:35 to BPA
[2m2026-08-02T17:07:54.852377Z[0m [32m INFO[0m [2mhardy_cspcl::runtime[0m[2m:[0m Dispatched inbound CSP bundle from 1:35 to BPA
[2m2026-08-02T17:07:55.053955Z[0m [32m INFO[0m [2mhardy_cspcl::runtime[0m[2m:[0m Dispatched inbound CSP bundle from 1:35 to BPA
[2m2026-08-02T17:07:55.455929Z[0m [32m INFO[0m [2mhardy_cspcl::runtime[0m[2m:[0m Dispatched inbound CSP bundle from 1:35 to BPA
[2m2026-08-02T17:07:55.757678Z[0m [32m INFO[0m [2mhardy_cspcl::runtime[0m[2m:[0m Dispatched inbound CSP bundle from 1:35 to BPA
[2m2026-08-02T17:07:56.070103Z[0m [32m INFO[0m [2mhardy_cspcl::runtime[0m[2m:[0m Dispatched inbound CSP bundle from 1:35 to BPA
[2m2026-08-02T17:07:56.371142Z[0m [32m INFO[0m [2mhardy_cspcl::runtime[0m[2m:[0m Dispatched inbound CSP bundle from 1:35 to BPA
[2m2026-08-02T17:07:56.682923Z[0m [32m INFO[0m [2mhardy_cspcl::runtime[0m[2m:[0m Dispatched inbound CSP bundle from 1:35 to BPA
[2m2026-08-02T17:07:56.683351Z[0m [32m INFO[0m [2mhardy_cspcl::runtime[0m[2m:[0m Dispatched inbound CSP bundle from 1:35 to BPA
[2m2026-08-02T17:07:57.611551Z[0m [32m INFO[0m [2mhardy_cspcl::runtime[0m[2m:[0m Dispatched inbound CSP bundle from 1:35 to BPA
[2m2026-08-02T17:07:57.611975Z[0m [32m INFO[0m [2mhardy_cspcl::runtime[0m[2m:[0m Dispatched inbound CSP bundle from 1:35 to BPA
[2m2026-08-02T17:07:57.913744Z[0m [32m INFO[0m [2mhardy_cspcl::runtime[0m[2m:[0m Dispatched inbound CSP bundle from 1:35 to BPA
[2m2026-08-02T17:07:58.216074Z[0m [32m INFO[0m [2mhardy_cspcl::runtime[0m[2m:[0m Dispatched inbound CSP bundle from 1:35 to BPA
[2m2026-08-02T17:07:58.216733Z[0m [32m INFO[0m [2mhardy_cspcl::runtime[0m[2m:[0m Dispatched inbound CSP bundle from 1:35 to BPA
[2m2026-08-02T17:07:58.518047Z[0m [32m INFO[0m [2mhardy_cspcl::runtime[0m[2m:[0m Dispatched inbound CSP bundle from 1:35 to BPA
[2m2026-08-02T17:07:58.818453Z[0m [32m INFO[0m [2mhardy_cspcl::runtime[0m[2m:[0m Dispatched inbound CSP bundle from 1:35 to BPA
[2m2026-08-02T17:07:59.119605Z[0m [32m INFO[0m [2mhardy_cspcl::runtime[0m[2m:[0m Dispatched inbound CSP bundle from 1:35 to BPA
[2m2026-08-02T17:07:59.421038Z[0m [32m INFO[0m [2mhardy_cspcl::runtime[0m[2m:[0m Dispatched inbound CSP bundle from 1:35 to BPA
[2m2026-08-02T17:07:59.723004Z[0m [32m INFO[0m [2mhardy_cspcl::runtime[0m[2m:[0m Dispatched inbound CSP bundle from 1:35 to BPA
[2m2026-08-02T17:08:00.658602Z[0m [32m INFO[0m [2mhardy_cspcl::runtime[0m[2m:[0m Dispatched inbound CSP bundle from 1:35 to BPA
[2m2026-08-02T17:08:00.659019Z[0m [32m INFO[0m [2mhardy_cspcl::runtime[0m[2m:[0m Dispatched inbound CSP bundle from 1:35 to BPA
[2m2026-08-02T17:08:00.966642Z[0m [32m INFO[0m [2mhardy_cspcl::runtime[0m[2m:[0m Dispatched inbound CSP bundle from 1:35 to BPA
[2m2026-08-02T17:08:00.967870Z[0m [32m INFO[0m [2mhardy_cspcl::runtime[0m[2m:[0m Dispatched inbound CSP bundle from 1:35 to BPA
[2m2026-08-02T17:08:01.569753Z[0m [32m INFO[0m [2mhardy_cspcl::runtime[0m[2m:[0m Dispatched inbound CSP bundle from 1:35 to BPA
[2m2026-08-02T17:08:01.571015Z[0m [32m INFO[0m [2mhardy_cspcl::runtime[0m[2m:[0m Dispatched inbound CSP bundle from 1:35 to BPA
[2m2026-08-02T17:08:02.172652Z[0m [32m INFO[0m [2mhardy_cspcl::runtime[0m[2m:[0m Dispatched inbound CSP bundle from 1:35 to BPA
[2m2026-08-02T17:08:02.173330Z[0m [32m INFO[0m [2mhardy_cspcl::runtime[0m[2m:[0m Dispatched inbound CSP bundle from 1:35 to BPA
[2m2026-08-02T17:08:02.475562Z[0m [32m INFO[0m [2mhardy_cspcl::runtime[0m[2m:[0m Dispatched inbound CSP bundle from 1:35 to BPA
[2m2026-08-02T17:08:02.777585Z[0m [32m INFO[0m [2mhardy_cspcl::runtime[0m[2m:[0m Dispatched inbound CSP bundle from 1:35 to BPA
[2m2026-08-02T17:08:03.709929Z[0m [32m INFO[0m [2mhardy_cspcl::runtime[0m[2m:[0m Dispatched inbound CSP bundle from 1:35 to BPA
[2m2026-08-02T17:08:03.710439Z[0m [32m INFO[0m [2mhardy_cspcl::runtime[0m[2m:[0m Dispatched inbound CSP bundle from 1:35 to BPA
[2m2026-08-02T17:08:03.816107Z[0m [32m INFO[0m [2mhardy_cspcl::runtime[0m[2m:[0m Dispatched inbound CSP bundle from 1:35 to BPA
[2m2026-08-02T17:08:04.017706Z[0m [32m INFO[0m [2mhardy_cspcl::runtime[0m[2m:[0m Dispatched inbound CSP bundle from 1:35 to BPA
[2m2026-08-02T17:08:04.419680Z[0m [32m INFO[0m [2mhardy_cspcl::runtime[0m[2m:[0m Dispatched inbound CSP bundle from 1:35 to BPA
[2m2026-08-02T17:08:04.721497Z[0m [32m INFO[0m [2mhardy_cspcl::runtime[0m[2m:[0m Dispatched inbound CSP bundle from 1:35 to BPA
[2m2026-08-02T17:08:05.033760Z[0m [32m INFO[0m [2mhardy_cspcl::runtime[0m[2m:[0m Dispatched inbound CSP bundle from 1:35 to BPA
[2m2026-08-02T17:08:05.335442Z[0m [32m INFO[0m [2mhardy_cspcl::runtime[0m[2m:[0m Dispatched inbound CSP bundle from 1:35 to BPA
[2m2026-08-02T17:08:05.336831Z[0m [32m INFO[0m [2mhardy_cspcl::runtime[0m[2m:[0m Dispatched inbound CSP bundle from 1:35 to BPA
[2m2026-08-02T17:08:05.548285Z[0m [32m INFO[0m [2mhardy_cspcl::runtime[0m[2m:[0m Dispatched inbound CSP bundle from 1:35 to BPA
[2m2026-08-02T17:08:06.472336Z[0m [32m INFO[0m [2mhardy_cspcl::runtime[0m[2m:[0m Dispatched inbound CSP bundle from 1:35 to BPA
[2m2026-08-02T17:08:06.472711Z[0m [32m INFO[0m [2mhardy_cspcl::runtime[0m[2m:[0m Dispatched inbound CSP bundle from 1:35 to BPA
[2m2026-08-02T17:08:06.773883Z[0m [32m INFO[0m [2mhardy_cspcl::runtime[0m[2m:[0m Dispatched inbound CSP bundle from 1:35 to BPA
[2m2026-08-02T17:08:07.075068Z[0m [32m INFO[0m [2mhardy_cspcl::runtime[0m[2m:[0m Dispatched inbound CSP bundle from 1:35 to BPA
[2m2026-08-02T17:08:07.387714Z[0m [32m INFO[0m [2mhardy_cspcl::runtime[0m[2m:[0m Dispatched inbound CSP bundle from 1:35 to BPA
[2m2026-08-02T17:08:07.689718Z[0m [32m INFO[0m [2mhardy_cspcl::runtime[0m[2m:[0m Dispatched inbound CSP bundle from 1:35 to BPA
[2m2026-08-02T17:08:07.690826Z[0m [32m INFO[0m [2mhardy_cspcl::runtime[0m[2m:[0m Dispatched inbound CSP bundle from 1:35 to BPA
[2m2026-08-02T17:08:07.993194Z[0m [32m INFO[0m [2mhardy_cspcl::runtime[0m[2m:[0m Dispatched inbound CSP bundle from 1:35 to BPA
[2m2026-08-02T17:08:08.606327Z[0m [32m INFO[0m [2mhardy_cspcl::runtime[0m[2m:[0m Dispatched inbound CSP bundle from 1:35 to BPA
[2m2026-08-02T17:08:08.907464Z[0m [32m INFO[0m [2mhardy_cspcl::runtime[0m[2m:[0m Dispatched inbound CSP bundle from 1:35 to BPA
[2m2026-08-02T17:08:09.527830Z[0m [32m INFO[0m [2mhardy_cspcl::runtime[0m[2m:[0m Dispatched inbound CSP bundle from 1:35 to BPA
[2m2026-08-02T17:08:09.528208Z[0m [32m INFO[0m [2mhardy_cspcl::runtime[0m[2m:[0m Dispatched inbound CSP bundle from 1:35 to BPA
[2m2026-08-02T17:08:09.833972Z[0m [32m INFO[0m [2mhardy_cspcl::runtime[0m[2m:[0m Dispatched inbound CSP bundle from 1:35 to BPA
[2m2026-08-02T17:08:09.834518Z[0m [32m INFO[0m [2mhardy_cspcl::runtime[0m[2m:[0m Dispatched inbound CSP bundle from 1:35 to BPA
[2m2026-08-02T17:08:10.436622Z[0m [32m INFO[0m [2mhardy_cspcl::runtime[0m[2m:[0m Dispatched inbound CSP bundle from 1:35 to BPA
[2m2026-08-02T17:08:10.437492Z[0m [32m INFO[0m [2mhardy_cspcl::runtime[0m[2m:[0m Dispatched inbound CSP bundle from 1:35 to BPA
[2m2026-08-02T17:08:10.738424Z[0m [32m INFO[0m [2mhardy_cspcl::runtime[0m[2m:[0m Dispatched inbound CSP bundle from 1:35 to BPA
[2m2026-08-02T17:08:11.039692Z[0m [32m INFO[0m [2mhardy_cspcl::runtime[0m[2m:[0m Dispatched inbound CSP bundle from 1:35 to BPA
[2m2026-08-02T17:08:11.340759Z[0m [32m INFO[0m [2mhardy_cspcl::runtime[0m[2m:[0m Dispatched inbound CSP bundle from 1:35 to BPA
[2m2026-08-02T17:08:11.652777Z[0m [32m INFO[0m [2mhardy_cspcl::runtime[0m[2m:[0m Dispatched inbound CSP bundle from 1:35 to BPA
[2m2026-08-02T17:08:12.594204Z[0m [32m INFO[0m [2mhardy_cspcl::runtime[0m[2m:[0m Dispatched inbound CSP bundle from 1:35 to BPA
[2m2026-08-02T17:08:12.594816Z[0m [32m INFO[0m [2mhardy_cspcl::runtime[0m[2m:[0m Dispatched inbound CSP bundle from 1:35 to BPA
[2m2026-08-02T17:08:12.700279Z[0m [32m INFO[0m [2mhardy_cspcl::runtime[0m[2m:[0m Dispatched inbound CSP bundle from 1:35 to BPA
[2m2026-08-02T17:08:12.901532Z[0m [32m INFO[0m [2mhardy_cspcl::runtime[0m[2m:[0m Dispatched inbound CSP bundle from 1:35 to BPA
[2m2026-08-02T17:08:13.304016Z[0m [32m INFO[0m [2mhardy_cspcl::runtime[0m[2m:[0m Dispatched inbound CSP bundle from 1:35 to BPA
[2m2026-08-02T17:08:13.605499Z[0m [32m INFO[0m [2mhardy_cspcl::runtime[0m[2m:[0m Dispatched inbound CSP bundle from 1:35 to BPA
[2m2026-08-02T17:08:13.907751Z[0m [32m INFO[0m [2mhardy_cspcl::runtime[0m[2m:[0m Dispatched inbound CSP bundle from 1:35 to BPA
[2m2026-08-02T17:08:13.909333Z[0m [32m INFO[0m [2mhardy_cspcl::runtime[0m[2m:[0m Dispatched inbound CSP bundle from 1:35 to BPA
[2m2026-08-02T17:08:14.511779Z[0m [32m INFO[0m [2mhardy_cspcl::runtime[0m[2m:[0m Dispatched inbound CSP bundle from 1:35 to BPA
[2m2026-08-02T17:08:14.513089Z[0m [32m INFO[0m [2mhardy_cspcl::runtime[0m[2m:[0m Dispatched inbound CSP bundle from 1:35 to BPA
[2m2026-08-02T17:08:15.438002Z[0m [32m INFO[0m [2mhardy_cspcl::runtime[0m[2m:[0m Dispatched inbound CSP bundle from 1:35 to BPA
[2m2026-08-02T17:08:15.438661Z[0m [32m INFO[0m [2mhardy_cspcl::runtime[0m[2m:[0m Dispatched inbound CSP bundle from 1:35 to BPA
[2m2026-08-02T17:08:15.745262Z[0m [32m INFO[0m [2mhardy_cspcl::runtime[0m[2m:[0m Dispatched inbound CSP bundle from 1:35 to BPA
[2m2026-08-02T17:08:15.746341Z[0m [32m INFO[0m [2mhardy_cspcl::runtime[0m[2m:[0m Dispatched inbound CSP bundle from 1:35 to BPA
[2m2026-08-02T17:08:16.348608Z[0m [32m INFO[0m [2mhardy_cspcl::runtime[0m[2m:[0m Dispatched inbound CSP bundle from 1:35 to BPA
[2m2026-08-02T17:08:16.357645Z[0m [32m INFO[0m [2mhardy_cspcl::runtime[0m[2m:[0m Dispatched inbound CSP bundle from 1:35 to BPA
[2m2026-08-02T17:08:16.658774Z[0m [32m INFO[0m [2mhardy_cspcl::runtime[0m[2m:[0m Dispatched inbound CSP bundle from 1:35 to BPA
[2m2026-08-02T17:08:16.960208Z[0m [32m INFO[0m [2mhardy_cspcl::runtime[0m[2m:[0m Dispatched inbound CSP bundle from 1:35 to BPA
[2m2026-08-02T17:08:17.260510Z[0m [32m INFO[0m [2mhardy_cspcl::runtime[0m[2m:[0m Dispatched inbound CSP bundle from 1:35 to BPA
[2m2026-08-02T17:08:17.561408Z[0m [32m INFO[0m [2mhardy_cspcl::runtime[0m[2m:[0m Dispatched inbound CSP bundle from 1:35 to BPA
[2m2026-08-02T17:08:18.488070Z[0m [32m INFO[0m [2mhardy_cspcl::runtime[0m[2m:[0m Dispatched inbound CSP bundle from 1:35 to BPA
[2m2026-08-02T17:08:18.488674Z[0m [32m INFO[0m [2mhardy_cspcl::runtime[0m[2m:[0m Dispatched inbound CSP bundle from 1:35 to BPA
[2m2026-08-02T17:08:18.794111Z[0m [32m INFO[0m [2mhardy_cspcl::runtime[0m[2m:[0m Dispatched inbound CSP bundle from 1:35 to BPA
[2m2026-08-02T17:08:18.794802Z[0m [32m INFO[0m [2mhardy_cspcl::runtime[0m[2m:[0m Dispatched inbound CSP bundle from 1:35 to BPA
[2m2026-08-02T17:08:19.196219Z[0m [32m INFO[0m [2mhardy_cspcl::runtime[0m[2m:[0m Dispatched inbound CSP bundle from 1:35 to BPA
[2m2026-08-02T17:08:19.497530Z[0m [32m INFO[0m [2mhardy_cspcl::runtime[0m[2m:[0m Dispatched inbound CSP bundle from 1:35 to BPA
[2m2026-08-02T17:08:19.999334Z[0m [32m INFO[0m [2mhardy_cspcl::runtime[0m[2m:[0m Dispatched inbound CSP bundle from 1:35 to BPA
[2m2026-08-02T17:08:20.000094Z[0m [32m INFO[0m [2mhardy_cspcl::runtime[0m[2m:[0m Dispatched inbound CSP bundle from 1:35 to BPA
[2m2026-08-02T17:08:20.401612Z[0m [32m INFO[0m [2mhardy_cspcl::runtime[0m[2m:[0m Dispatched inbound CSP bundle from 1:35 to BPA
[2m2026-08-02T17:08:20.602378Z[0m [32m INFO[0m [2mhardy_cspcl::runtime[0m[2m:[0m Dispatched inbound CSP bundle from 1:35 to BPA
[2m2026-08-02T17:08:21.536128Z[0m [32m INFO[0m [2mhardy_cspcl::runtime[0m[2m:[0m Dispatched inbound CSP bundle from 1:35 to BPA
[2m2026-08-02T17:08:21.536443Z[0m [32m INFO[0m [2mhardy_cspcl::runtime[0m[2m:[0m Dispatched inbound CSP bundle from 1:35 to BPA
[2m2026-08-02T17:08:21.642287Z[0m [32m INFO[0m [2mhardy_cspcl::runtime[0m[2m:[0m Dispatched inbound CSP bundle from 1:35 to BPA
[2m2026-08-02T17:08:21.843469Z[0m [32m INFO[0m [2mhardy_cspcl::runtime[0m[2m:[0m Dispatched inbound CSP bundle from 1:35 to BPA
[2m2026-08-02T17:08:22.245138Z[0m [32m INFO[0m [2mhardy_cspcl::runtime[0m[2m:[0m Dispatched inbound CSP bundle from 1:35 to BPA
[2m2026-08-02T17:08:22.546797Z[0m [32m INFO[0m [2mhardy_cspcl::runtime[0m[2m:[0m Dispatched inbound CSP bundle from 1:35 to BPA
[2m2026-08-02T17:08:22.858983Z[0m [32m INFO[0m [2mhardy_cspcl::runtime[0m[2m:[0m Dispatched inbound CSP bundle from 1:35 to BPA
[2m2026-08-02T17:08:23.160545Z[0m [32m INFO[0m [2mhardy_cspcl::runtime[0m[2m:[0m Dispatched inbound CSP bundle from 1:35 to BPA
[2m2026-08-02T17:08:23.160969Z[0m [32m INFO[0m [2mhardy_cspcl::runtime[0m[2m:[0m Dispatched inbound CSP bundle from 1:35 to BPA
[2m2026-08-02T17:08:23.461797Z[0m [32m INFO[0m [2mhardy_cspcl::runtime[0m[2m:[0m Dispatched inbound CSP bundle from 1:35 to BPA
[2m2026-08-02T17:08:24.382449Z[0m [32m INFO[0m [2mhardy_cspcl::runtime[0m[2m:[0m Dispatched inbound CSP bundle from 1:35 to BPA
[2m2026-08-02T17:08:24.383016Z[0m [32m INFO[0m [2mhardy_cspcl::runtime[0m[2m:[0m Dispatched inbound CSP bundle from 1:35 to BPA
[2m2026-08-02T17:08:24.689736Z[0m [32m INFO[0m [2mhardy_cspcl::runtime[0m[2m:[0m Dispatched inbound CSP bundle from 1:35 to BPA
[2m2026-08-02T17:08:24.690542Z[0m [32m INFO[0m [2mhardy_cspcl::runtime[0m[2m:[0m Dispatched inbound CSP bundle from 1:35 to BPA
[2m2026-08-02T17:08:25.292977Z[0m [32m INFO[0m [2mhardy_cspcl::runtime[0m[2m:[0m Dispatched inbound CSP bundle from 1:35 to BPA
[2m2026-08-02T17:08:25.594169Z[0m [32m INFO[0m [2mhardy_cspcl::runtime[0m[2m:[0m Dispatched inbound CSP bundle from 1:35 to BPA
[2m2026-08-02T17:08:25.594552Z[0m [32m INFO[0m [2mhardy_cspcl::runtime[0m[2m:[0m Dispatched inbound CSP bundle from 1:35 to BPA
[2m2026-08-02T17:08:25.895852Z[0m [32m INFO[0m [2mhardy_cspcl::runtime[0m[2m:[0m Dispatched inbound CSP bundle from 1:35 to BPA
[2m2026-08-02T17:08:26.196972Z[0m [32m INFO[0m [2mhardy_cspcl::runtime[0m[2m:[0m Dispatched inbound CSP bundle from 1:35 to BPA
[2m2026-08-02T17:08:26.508674Z[0m [32m INFO[0m [2mhardy_cspcl::runtime[0m[2m:[0m Dispatched inbound CSP bundle from 1:35 to BPA
[2m2026-08-02T17:08:27.440098Z[0m [32m INFO[0m [2mhardy_cspcl::runtime[0m[2m:[0m Dispatched inbound CSP bundle from 1:35 to BPA
[2m2026-08-02T17:08:27.440522Z[0m [32m INFO[0m [2mhardy_cspcl::runtime[0m[2m:[0m Dispatched inbound CSP bundle from 1:35 to BPA
[2m2026-08-02T17:08:27.747067Z[0m [32m INFO[0m [2mhardy_cspcl::runtime[0m[2m:[0m Dispatched inbound CSP bundle from 1:35 to BPA
[2m2026-08-02T17:08:27.748228Z[0m [32m INFO[0m [2mhardy_cspcl::runtime[0m[2m:[0m Dispatched inbound CSP bundle from 1:35 to BPA
[2m2026-08-02T17:08:28.349369Z[0m [32m INFO[0m [2mhardy_cspcl::runtime[0m[2m:[0m Dispatched inbound CSP bundle from 1:35 to BPA
[2m2026-08-02T17:08:28.350516Z[0m [32m INFO[0m [2mhardy_cspcl::runtime[0m[2m:[0m Dispatched inbound CSP bundle from 1:35 to BPA
[2m2026-08-02T17:08:28.651107Z[0m [32m INFO[0m [2mhardy_cspcl::runtime[0m[2m:[0m Dispatched inbound CSP bundle from 1:35 to BPA
[2m2026-08-02T17:08:28.952773Z[0m [32m INFO[0m [2mhardy_cspcl::runtime[0m[2m:[0m Dispatched inbound CSP bundle from 1:35 to BPA
[2m2026-08-02T17:08:29.354740Z[0m [32m INFO[0m [2mhardy_cspcl::runtime[0m[2m:[0m Dispatched inbound CSP bundle from 1:35 to BPA
[2m2026-08-02T17:08:29.555667Z[0m [32m INFO[0m [2mhardy_cspcl::runtime[0m[2m:[0m Dispatched inbound CSP bundle from 1:35 to BPA
[2m2026-08-02T17:08:30.483739Z[0m [32m INFO[0m [2mhardy_cspcl::runtime[0m[2m:[0m Dispatched inbound CSP bundle from 1:35 to BPA
[2m2026-08-02T17:08:30.484091Z[0m [32m INFO[0m [2mhardy_cspcl::runtime[0m[2m:[0m Dispatched inbound CSP bundle from 1:35 to BPA
[2m2026-08-02T17:08:30.589944Z[0m [32m INFO[0m [2mhardy_cspcl::runtime[0m[2m:[0m Dispatched inbound CSP bundle from 1:35 to BPA
[2m2026-08-02T17:08:30.590528Z[0m [32m INFO[0m [2mhardy_cspcl::runtime[0m[2m:[0m Dispatched inbound CSP bundle from 1:35 to BPA
[2m2026-08-02T17:08:31.342787Z[0m [32m INFO[0m [2mhardy_cspcl::runtime[0m[2m:[0m Dispatched inbound CSP bundle from 1:35 to BPA
[2m2026-08-02T17:08:31.343682Z[0m [32m INFO[0m [2mhardy_cspcl::runtime[0m[2m:[0m Dispatched inbound CSP bundle from 1:35 to BPA
[2m2026-08-02T17:08:31.945188Z[0m [32m INFO[0m [2mhardy_cspcl::runtime[0m[2m:[0m Dispatched inbound CSP bundle from 1:35 to BPA
[2m2026-08-02T17:08:31.946106Z[0m [32m INFO[0m [2mhardy_cspcl::runtime[0m[2m:[0m Dispatched inbound CSP bundle from 1:35 to BPA
[2m2026-08-02T17:08:32.548144Z[0m [32m INFO[0m [2mhardy_cspcl::runtime[0m[2m:[0m Dispatched inbound CSP bundle from 1:35 to BPA
[2m2026-08-02T17:08:32.549110Z[0m [32m INFO[0m [2mhardy_cspcl::runtime[0m[2m:[0m Dispatched inbound CSP bundle from 1:35 to BPA
[2m2026-08-02T17:08:33.470181Z[0m [32m INFO[0m [2mhardy_cspcl::runtime[0m[2m:[0m Dispatched inbound CSP bundle from 1:35 to BPA
[2m2026-08-02T17:08:33.470510Z[0m [32m INFO[0m [2mhardy_cspcl::runtime[0m[2m:[0m Dispatched inbound CSP bundle from 1:35 to BPA
[2m2026-08-02T17:08:33.576202Z[0m [32m INFO[0m [2mhardy_cspcl::runtime[0m[2m:[0m Dispatched inbound CSP bundle from 1:35 to BPA
[2m2026-08-02T17:08:33.777446Z[0m [32m INFO[0m [2mhardy_cspcl::runtime[0m[2m:[0m Dispatched inbound CSP bundle from 1:35 to BPA
[2m2026-08-02T17:08:34.190409Z[0m [32m INFO[0m [2mhardy_cspcl::runtime[0m[2m:[0m Dispatched inbound CSP bundle from 1:35 to BPA
[2m2026-08-02T17:08:34.391950Z[0m [32m INFO[0m [2mhardy_cspcl::runtime[0m[2m:[0m Dispatched inbound CSP bundle from 1:35 to BPA
[2m2026-08-02T17:08:34.793916Z[0m [32m INFO[0m [2mhardy_cspcl::runtime[0m[2m:[0m Dispatched inbound CSP bundle from 1:35 to BPA
[2m2026-08-02T17:08:35.094623Z[0m [32m INFO[0m [2mhardy_cspcl::runtime[0m[2m:[0m Dispatched inbound CSP bundle from 1:35 to BPA
[2m2026-08-02T17:08:35.095451Z[0m [32m INFO[0m [2mhardy_cspcl::runtime[0m[2m:[0m Dispatched inbound CSP bundle from 1:35 to BPA
[2m2026-08-02T17:08:35.396812Z[0m [32m INFO[0m [2mhardy_cspcl::runtime[0m[2m:[0m Dispatched inbound CSP bundle from 1:35 to BPA
[2m2026-08-02T17:08:36.332847Z[0m [32m INFO[0m [2mhardy_cspcl::runtime[0m[2m:[0m Dispatched inbound CSP bundle from 1:35 to BPA
[2m2026-08-02T17:08:36.333438Z[0m [32m INFO[0m [2mhardy_cspcl::runtime[0m[2m:[0m Dispatched inbound CSP bundle from 1:35 to BPA
[2m2026-08-02T17:08:36.638803Z[0m [32m INFO[0m [2mhardy_cspcl::runtime[0m[2m:[0m Dispatched inbound CSP bundle from 1:35 to BPA
[2m2026-08-02T17:08:36.739577Z[0m [32m INFO[0m [2mhardy_cspcl::runtime[0m[2m:[0m Dispatched inbound CSP bundle from 1:35 to BPA
[2m2026-08-02T17:08:37.241282Z[0m [32m INFO[0m [2mhardy_cspcl::runtime[0m[2m:[0m Dispatched inbound CSP bundle from 1:35 to BPA
[2m2026-08-02T17:08:37.241794Z[0m [32m INFO[0m [2mhardy_cspcl::runtime[0m[2m:[0m Dispatched inbound CSP bundle from 1:35 to BPA
[2m2026-08-02T17:08:37.643445Z[0m [32m INFO[0m [2mhardy_cspcl::runtime[0m[2m:[0m Dispatched inbound CSP bundle from 1:35 to BPA
[2m2026-08-02T17:08:37.944671Z[0m [32m INFO[0m [2mhardy_cspcl::runtime[0m[2m:[0m Dispatched inbound CSP bundle from 1:35 to BPA
[2m2026-08-02T17:08:38.446149Z[0m [32m INFO[0m [2mhardy_cspcl::runtime[0m[2m:[0m Dispatched inbound CSP bundle from 1:35 to BPA
[2m2026-08-02T17:08:38.446935Z[0m [32m INFO[0m [2mhardy_cspcl::runtime[0m[2m:[0m Dispatched inbound CSP bundle from 1:35 to BPA
[2m2026-08-02T17:08:39.173615Z[0m [32m INFO[0m [2mhardy_cspcl::runtime[0m[2m:[0m Dispatched inbound CSP bundle from 1:35 to BPA
[2m2026-08-02T17:08:39.174826Z[0m [32m INFO[0m [2mhardy_cspcl::runtime[0m[2m:[0m Dispatched inbound CSP bundle from 1:35 to BPA
[2m2026-08-02T17:08:39.380106Z[0m [32m INFO[0m [2mhardy_cspcl::runtime[0m[2m:[0m Dispatched inbound CSP bundle from 1:35 to BPA
[2m2026-08-02T17:08:39.581971Z[0m [32m INFO[0m [2mhardy_cspcl::runtime[0m[2m:[0m Dispatched inbound CSP bundle from 1:35 to BPA
[2m2026-08-02T17:08:39.883412Z[0m [32m INFO[0m [2mhardy_cspcl::runtime[0m[2m:[0m Dispatched inbound CSP bundle from 1:35 to BPA
[2m2026-08-02T17:08:40.184727Z[0m [32m INFO[0m [2mhardy_cspcl::runtime[0m[2m:[0m Dispatched inbound CSP bundle from 1:35 to BPA
[2m2026-08-02T17:08:40.486245Z[0m [32m INFO[0m [2mhardy_cspcl::runtime[0m[2m:[0m Dispatched inbound CSP bundle from 1:35 to BPA
[2m2026-08-02T17:08:40.787682Z[0m [32m INFO[0m [2mhardy_cspcl::runtime[0m[2m:[0m Dispatched inbound CSP bundle from 1:35 to BPA
[2m2026-08-02T17:08:41.088525Z[0m [32m INFO[0m [2mhardy_cspcl::runtime[0m[2m:[0m Dispatched inbound CSP bundle from 1:35 to BPA
[2m2026-08-02T17:08:41.389404Z[0m [32m INFO[0m [2mhardy_cspcl::runtime[0m[2m:[0m Dispatched inbound CSP bundle from 1:35 to BPA
[2m2026-08-02T17:08:42.326149Z[0m [32m INFO[0m [2mhardy_cspcl::runtime[0m[2m:[0m Dispatched inbound CSP bundle from 1:35 to BPA
[2m2026-08-02T17:08:42.326702Z[0m [32m INFO[0m [2mhardy_cspcl::runtime[0m[2m:[0m Dispatched inbound CSP bundle from 1:35 to BPA
[2m2026-08-02T17:08:42.432342Z[0m [32m INFO[0m [2mhardy_cspcl::runtime[0m[2m:[0m Dispatched inbound CSP bundle from 1:35 to BPA
[2m2026-08-02T17:08:42.733826Z[0m [32m INFO[0m [2mhardy_cspcl::runtime[0m[2m:[0m Dispatched inbound CSP bundle from 1:35 to BPA
[2m2026-08-02T17:08:43.045622Z[0m [32m INFO[0m [2mhardy_cspcl::runtime[0m[2m:[0m Dispatched inbound CSP bundle from 1:35 to BPA
[2m2026-08-02T17:08:43.347476Z[0m [32m INFO[0m [2mhardy_cspcl::runtime[0m[2m:[0m Dispatched inbound CSP bundle from 1:35 to BPA
[2m2026-08-02T17:08:43.348878Z[0m [32m INFO[0m [2mhardy_cspcl::runtime[0m[2m:[0m Dispatched inbound CSP bundle from 1:35 to BPA
[2m2026-08-02T17:08:43.650422Z[0m [32m INFO[0m [2mhardy_cspcl::runtime[0m[2m:[0m Dispatched inbound CSP bundle from 1:35 to BPA
[2m2026-08-02T17:08:44.253239Z[0m [32m INFO[0m [2mhardy_cspcl::runtime[0m[2m:[0m Dispatched inbound CSP bundle from 1:35 to BPA
[2m2026-08-02T17:08:44.253923Z[0m [32m INFO[0m [2mhardy_cspcl::runtime[0m[2m:[0m Dispatched inbound CSP bundle from 1:35 to BPA
[2m2026-08-02T17:08:45.382708Z[0m [32m INFO[0m [2mhardy_cspcl::runtime[0m[2m:[0m Dispatched inbound CSP bundle from 1:35 to BPA
[2m2026-08-02T17:08:45.383082Z[0m [32m INFO[0m [2mhardy_cspcl::runtime[0m[2m:[0m Dispatched inbound CSP bundle from 1:35 to BPA
[2m2026-08-02T17:08:45.489828Z[0m [32m INFO[0m [2mhardy_cspcl::runtime[0m[2m:[0m Dispatched inbound CSP bundle from 1:35 to BPA
[2m2026-08-02T17:08:45.490686Z[0m [32m INFO[0m [2mhardy_cspcl::runtime[0m[2m:[0m Dispatched inbound CSP bundle from 1:35 to BPA
[2m2026-08-02T17:08:46.041477Z[0m [32m INFO[0m [2mhardy_cspcl::runtime[0m[2m:[0m Dispatched inbound CSP bundle from 1:35 to BPA
[2m2026-08-02T17:08:46.042441Z[0m [32m INFO[0m [2mhardy_cspcl::runtime[0m[2m:[0m Dispatched inbound CSP bundle from 1:35 to BPA
[2m2026-08-02T17:08:46.656401Z[0m [32m INFO[0m [2mhardy_cspcl::runtime[0m[2m:[0m Dispatched inbound CSP bundle from 1:35 to BPA
[2m2026-08-02T17:08:46.857737Z[0m [32m INFO[0m [2mhardy_cspcl::runtime[0m[2m:[0m Dispatched inbound CSP bundle from 1:35 to BPA
[2m2026-08-02T17:08:47.259999Z[0m [32m INFO[0m [2mhardy_cspcl::runtime[0m[2m:[0m Dispatched inbound CSP bundle from 1:35 to BPA
[2m2026-08-02T17:08:47.561291Z[0m [32m INFO[0m [2mhardy_cspcl::runtime[0m[2m:[0m Dispatched inbound CSP bundle from 1:35 to BPA
[2m2026-08-02T17:08:48.194593Z[0m [32m INFO[0m [2mhardy_cspcl::runtime[0m[2m:[0m Dispatched inbound CSP bundle from 1:35 to BPA
[2m2026-08-02T17:08:48.194850Z[0m [32m INFO[0m [2mhardy_cspcl::runtime[0m[2m:[0m Dispatched inbound CSP bundle from 1:35 to BPA
[2m2026-08-02T17:08:48.496468Z[0m [32m INFO[0m [2mhardy_cspcl::runtime[0m[2m:[0m Dispatched inbound CSP bundle from 1:35 to BPA
[2m2026-08-02T17:08:48.497359Z[0m [32m INFO[0m [2mhardy_cspcl::runtime[0m[2m:[0m Dispatched inbound CSP bundle from 1:35 to BPA
[2m2026-08-02T17:08:48.798279Z[0m [32m INFO[0m [2mhardy_cspcl::runtime[0m[2m:[0m Dispatched inbound CSP bundle from 1:35 to BPA
[2m2026-08-02T17:08:49.099118Z[0m [32m INFO[0m [2mhardy_cspcl::runtime[0m[2m:[0m Dispatched inbound CSP bundle from 1:35 to BPA
[2m2026-08-02T17:08:49.399871Z[0m [32m INFO[0m [2mhardy_cspcl::runtime[0m[2m:[0m Dispatched inbound CSP bundle from 1:35 to BPA
[2m2026-08-02T17:08:49.700676Z[0m [32m INFO[0m [2mhardy_cspcl::runtime[0m[2m:[0m Dispatched inbound CSP bundle from 1:35 to BPA
[2m2026-08-02T17:08:50.001617Z[0m [32m INFO[0m [2mhardy_cspcl::runtime[0m[2m:[0m Dispatched inbound CSP bundle from 1:35 to BPA
[2m2026-08-02T17:08:50.303108Z[0m [32m INFO[0m [2mhardy_cspcl::runtime[0m[2m:[0m Dispatched inbound CSP bundle from 1:35 to BPA
[2m2026-08-02T17:08:51.245879Z[0m [32m INFO[0m [2mhardy_cspcl::runtime[0m[2m:[0m Dispatched inbound CSP bundle from 1:35 to BPA
[2m2026-08-02T17:08:51.246371Z[0m [32m INFO[0m [2mhardy_cspcl::runtime[0m[2m:[0m Dispatched inbound CSP bundle from 1:35 to BPA
[2m2026-08-02T17:08:51.352834Z[0m [32m INFO[0m [2mhardy_cspcl::runtime[0m[2m:[0m Dispatched inbound CSP bundle from 1:35 to BPA
[2m2026-08-02T17:08:51.654556Z[0m [32m INFO[0m [2mhardy_cspcl::runtime[0m[2m:[0m Dispatched inbound CSP bundle from 1:35 to BPA
[2m2026-08-02T17:08:51.966778Z[0m [32m INFO[0m [2mhardy_cspcl::runtime[0m[2m:[0m Dispatched inbound CSP bundle from 1:35 to BPA
[2m2026-08-02T17:08:52.268297Z[0m [32m INFO[0m [2mhardy_cspcl::runtime[0m[2m:[0m Dispatched inbound CSP bundle from 1:35 to BPA
[2m2026-08-02T17:08:52.268774Z[0m [32m INFO[0m [2mhardy_cspcl::runtime[0m[2m:[0m Dispatched inbound CSP bundle from 1:35 to BPA
[2m2026-08-02T17:08:52.570386Z[0m [32m INFO[0m [2mhardy_cspcl::runtime[0m[2m:[0m Dispatched inbound CSP bundle from 1:35 to BPA
[2m2026-08-02T17:08:53.173022Z[0m [32m INFO[0m [2mhardy_cspcl::runtime[0m[2m:[0m Dispatched inbound CSP bundle from 1:35 to BPA
[2m2026-08-02T17:08:53.173760Z[0m [32m INFO[0m [2mhardy_cspcl::runtime[0m[2m:[0m Dispatched inbound CSP bundle from 1:35 to BPA
[2m2026-08-02T17:08:54.098644Z[0m [32m INFO[0m [2mhardy_cspcl::runtime[0m[2m:[0m Dispatched inbound CSP bundle from 1:35 to BPA
[2m2026-08-02T17:08:54.099135Z[0m [32m INFO[0m [2mhardy_cspcl::runtime[0m[2m:[0m Dispatched inbound CSP bundle from 1:35 to BPA
[2m2026-08-02T17:08:54.404553Z[0m [32m INFO[0m [2mhardy_cspcl::runtime[0m[2m:[0m Dispatched inbound CSP bundle from 1:35 to BPA
[2m2026-08-02T17:08:54.405334Z[0m [32m INFO[0m [2mhardy_cspcl::runtime[0m[2m:[0m Dispatched inbound CSP bundle from 1:35 to BPA
[2m2026-08-02T17:08:55.007954Z[0m [32m INFO[0m [2mhardy_cspcl::runtime[0m[2m:[0m Dispatched inbound CSP bundle from 1:35 to BPA
[2m2026-08-02T17:08:55.008597Z[0m [32m INFO[0m [2mhardy_cspcl::runtime[0m[2m:[0m Dispatched inbound CSP bundle from 1:35 to BPA
[2m2026-08-02T17:08:55.314176Z[0m [32m INFO[0m [2mhardy_cspcl::runtime[0m[2m:[0m Dispatched inbound CSP bundle from 1:35 to BPA
[2m2026-08-02T17:08:55.615716Z[0m [32m INFO[0m [2mhardy_cspcl::runtime[0m[2m:[0m Dispatched inbound CSP bundle from 1:35 to BPA
[2m2026-08-02T17:08:55.916772Z[0m [32m INFO[0m [2mhardy_cspcl::runtime[0m[2m:[0m Dispatched inbound CSP bundle from 1:35 to BPA
[2m2026-08-02T17:08:56.218860Z[0m [32m INFO[0m [2mhardy_cspcl::runtime[0m[2m:[0m Dispatched inbound CSP bundle from 1:35 to BPA
[2m2026-08-02T17:08:57.154817Z[0m [32m INFO[0m [2mhardy_cspcl::runtime[0m[2m:[0m Dispatched inbound CSP bundle from 1:35 to BPA
[2m2026-08-02T17:08:57.155232Z[0m [32m INFO[0m [2mhardy_cspcl::runtime[0m[2m:[0m Dispatched inbound CSP bundle from 1:35 to BPA
[2m2026-08-02T17:08:57.456392Z[0m [32m INFO[0m [2mhardy_cspcl::runtime[0m[2m:[0m Dispatched inbound CSP bundle from 1:35 to BPA
[2m2026-08-02T17:08:57.456785Z[0m [32m INFO[0m [2mhardy_cspcl::runtime[0m[2m:[0m Dispatched inbound CSP bundle from 1:35 to BPA
[2m2026-08-02T17:08:58.058731Z[0m [32m INFO[0m [2mhardy_cspcl::runtime[0m[2m:[0m Dispatched inbound CSP bundle from 1:35 to BPA
[2m2026-08-02T17:08:58.060025Z[0m [32m INFO[0m [2mhardy_cspcl::runtime[0m[2m:[0m Dispatched inbound CSP bundle from 1:35 to BPA
[2m2026-08-02T17:08:58.661589Z[0m [32m INFO[0m [2mhardy_cspcl::runtime[0m[2m:[0m Dispatched inbound CSP bundle from 1:35 to BPA
[2m2026-08-02T17:08:58.663091Z[0m [32m INFO[0m [2mhardy_cspcl::runtime[0m[2m:[0m Dispatched inbound CSP bundle from 1:35 to BPA
[2m2026-08-02T17:08:59.265460Z[0m [32m INFO[0m [2mhardy_cspcl::runtime[0m[2m:[0m Dispatched inbound CSP bundle from 1:35 to BPA
[2m2026-08-02T17:08:59.265973Z[0m [32m INFO[0m [2mhardy_cspcl::runtime[0m[2m:[0m Dispatched inbound CSP bundle from 1:35 to BPA
[2m2026-08-02T17:09:00.188083Z[0m [32m INFO[0m [2mhardy_cspcl::runtime[0m[2m:[0m Dispatched inbound CSP bundle from 1:35 to BPA
[2m2026-08-02T17:09:00.188458Z[0m [32m INFO[0m [2mhardy_cspcl::runtime[0m[2m:[0m Dispatched inbound CSP bundle from 1:35 to BPA
[2m2026-08-02T17:09:00.294035Z[0m [32m INFO[0m [2mhardy_cspcl::runtime[0m[2m:[0m Dispatched inbound CSP bundle from 1:35 to BPA
[2m2026-08-02T17:09:00.294553Z[0m [32m INFO[0m [2mhardy_cspcl::runtime[0m[2m:[0m Dispatched inbound CSP bundle from 1:35 to BPA
[2m2026-08-02T17:09:00.846992Z[0m [32m INFO[0m [2mhardy_cspcl::runtime[0m[2m:[0m Dispatched inbound CSP bundle from 1:35 to BPA
[2m2026-08-02T17:09:01.048446Z[0m [32m INFO[0m [2mhardy_cspcl::runtime[0m[2m:[0m Dispatched inbound CSP bundle from 1:35 to BPA
[2m2026-08-02T17:09:01.650166Z[0m [32m INFO[0m [2mhardy_cspcl::runtime[0m[2m:[0m Dispatched inbound CSP bundle from 1:35 to BPA
[2m2026-08-02T17:09:01.650562Z[0m [32m INFO[0m [2mhardy_cspcl::runtime[0m[2m:[0m Dispatched inbound CSP bundle from 1:35 to BPA
[2m2026-08-02T17:09:02.251977Z[0m [32m INFO[0m [2mhardy_cspcl::runtime[0m[2m:[0m Dispatched inbound CSP bundle from 1:35 to BPA
[2m2026-08-02T17:09:02.252579Z[0m [32m INFO[0m [2mhardy_cspcl::runtime[0m[2m:[0m Dispatched inbound CSP bundle from 1:35 to BPA
[2m2026-08-02T17:09:03.180043Z[0m [32m INFO[0m [2mhardy_cspcl::runtime[0m[2m:[0m Dispatched inbound CSP bundle from 1:35 to BPA
[2m2026-08-02T17:09:03.180518Z[0m [32m INFO[0m [2mhardy_cspcl::runtime[0m[2m:[0m Dispatched inbound CSP bundle from 1:35 to BPA
[2m2026-08-02T17:09:03.287590Z[0m [32m INFO[0m [2mhardy_cspcl::runtime[0m[2m:[0m Dispatched inbound CSP bundle from 1:35 to BPA
[2m2026-08-02T17:09:03.488745Z[0m [32m INFO[0m [2mhardy_cspcl::runtime[0m[2m:[0m Dispatched inbound CSP bundle from 1:35 to BPA
[2m2026-08-02T17:09:03.890889Z[0m [32m INFO[0m [2mhardy_cspcl::runtime[0m[2m:[0m Dispatched inbound CSP bundle from 1:35 to BPA
[2m2026-08-02T17:09:04.192480Z[0m [32m INFO[0m [2mhardy_cspcl::runtime[0m[2m:[0m Dispatched inbound CSP bundle from 1:35 to BPA
[2m2026-08-02T17:09:04.504577Z[0m [32m INFO[0m [2mhardy_cspcl::runtime[0m[2m:[0m Dispatched inbound CSP bundle from 1:35 to BPA
[2m2026-08-02T17:09:04.505657Z[0m [32m INFO[0m [2mhardy_cspcl::runtime[0m[2m:[0m Dispatched inbound CSP bundle from 1:35 to BPA
[2m2026-08-02T17:09:05.107761Z[0m [32m INFO[0m [2mhardy_cspcl::runtime[0m[2m:[0m Dispatched inbound CSP bundle from 1:35 to BPA
[2m2026-08-02T17:09:05.409132Z[0m [32m INFO[0m [2mhardy_cspcl::runtime[0m[2m:[0m Dispatched inbound CSP bundle from 1:35 to BPA
[2m2026-08-02T17:09:06.038178Z[0m [32m INFO[0m [2mhardy_cspcl::runtime[0m[2m:[0m Dispatched inbound CSP bundle from 1:35 to BPA
[2m2026-08-02T17:09:06.038554Z[0m [32m INFO[0m [2mhardy_cspcl::runtime[0m[2m:[0m Dispatched inbound CSP bundle from 1:35 to BPA
[2m2026-08-02T17:09:06.340338Z[0m [32m INFO[0m [2mhardy_cspcl::runtime[0m[2m:[0m Dispatched inbound CSP bundle from 1:35 to BPA
[2m2026-08-02T17:09:06.642562Z[0m [32m INFO[0m [2mhardy_cspcl::runtime[0m[2m:[0m Dispatched inbound CSP bundle from 1:35 to BPA
[2m2026-08-02T17:09:06.643958Z[0m [32m INFO[0m [2mhardy_cspcl::runtime[0m[2m:[0m Dispatched inbound CSP bundle from 1:35 to BPA
[2m2026-08-02T17:09:06.945048Z[0m [32m INFO[0m [2mhardy_cspcl::runtime[0m[2m:[0m Dispatched inbound CSP bundle from 1:35 to BPA
[2m2026-08-02T17:09:07.245681Z[0m [32m INFO[0m [2mhardy_cspcl::runtime[0m[2m:[0m Dispatched inbound CSP bundle from 1:35 to BPA
[2m2026-08-02T17:09:07.547073Z[0m [32m INFO[0m [2mhardy_cspcl::runtime[0m[2m:[0m Dispatched inbound CSP bundle from 1:35 to BPA
[2m2026-08-02T17:09:07.848550Z[0m [32m INFO[0m [2mhardy_cspcl::runtime[0m[2m:[0m Dispatched inbound CSP bundle from 1:35 to BPA
[2m2026-08-02T17:09:08.150978Z[0m [32m INFO[0m [2mhardy_cspcl::runtime[0m[2m:[0m Dispatched inbound CSP bundle from 1:35 to BPA
[2m2026-08-02T17:09:09.081327Z[0m [32m INFO[0m [2mhardy_cspcl::runtime[0m[2m:[0m Dispatched inbound CSP bundle from 1:35 to BPA
[2m2026-08-02T17:09:09.081758Z[0m [32m INFO[0m [2mhardy_cspcl::runtime[0m[2m:[0m Dispatched inbound CSP bundle from 1:35 to BPA
[2m2026-08-02T17:09:09.387542Z[0m [32m INFO[0m [2mhardy_cspcl::runtime[0m[2m:[0m Dispatched inbound CSP bundle from 1:35 to BPA
[2m2026-08-02T17:09:09.388052Z[0m [32m INFO[0m [2mhardy_cspcl::runtime[0m[2m:[0m Dispatched inbound CSP bundle from 1:35 to BPA
[2m2026-08-02T17:09:09.989474Z[0m [32m INFO[0m [2mhardy_cspcl::runtime[0m[2m:[0m Dispatched inbound CSP bundle from 1:35 to BPA
[2m2026-08-02T17:09:09.990383Z[0m [32m INFO[0m [2mhardy_cspcl::runtime[0m[2m:[0m Dispatched inbound CSP bundle from 1:35 to BPA
[2m2026-08-02T17:09:10.090220Z[0m [32m INFO[0m [2mhardy_cspcl::runtime[0m[2m:[0m Dispatched inbound CSP bundle from 1:35 to BPA
[2m2026-08-02T17:09:10.391567Z[0m [32m INFO[0m [2mhardy_cspcl::runtime[0m[2m:[0m Dispatched inbound CSP bundle from 1:35 to BPA
[2m2026-08-02T17:09:10.893928Z[0m [32m INFO[0m [2mhardy_cspcl::runtime[0m[2m:[0m Dispatched inbound CSP bundle from 1:35 to BPA
[2m2026-08-02T17:09:10.994945Z[0m [32m INFO[0m [2mhardy_cspcl::runtime[0m[2m:[0m Dispatched inbound CSP bundle from 1:35 to BPA
[2m2026-08-02T17:09:12.127543Z[0m [32m INFO[0m [2mhardy_cspcl::runtime[0m[2m:[0m Dispatched inbound CSP bundle from 1:35 to BPA
[2m2026-08-02T17:09:12.127881Z[0m [32m INFO[0m [2mhardy_cspcl::runtime[0m[2m:[0m Dispatched inbound CSP bundle from 1:35 to BPA
[2m2026-08-02T17:09:12.232678Z[0m [32m INFO[0m [2mhardy_cspcl::runtime[0m[2m:[0m Dispatched inbound CSP bundle from 1:35 to BPA
[2m2026-08-02T17:09:12.232869Z[0m [32m INFO[0m [2mhardy_cspcl::runtime[0m[2m:[0m Dispatched inbound CSP bundle from 1:35 to BPA
[2m2026-08-02T17:09:12.785954Z[0m [32m INFO[0m [2mhardy_cspcl::runtime[0m[2m:[0m Dispatched inbound CSP bundle from 1:35 to BPA
[2m2026-08-02T17:09:12.987692Z[0m [32m INFO[0m [2mhardy_cspcl::runtime[0m[2m:[0m Dispatched inbound CSP bundle from 1:35 to BPA
[2m2026-08-02T17:09:13.390232Z[0m [32m INFO[0m [2mhardy_cspcl::runtime[0m[2m:[0m Dispatched inbound CSP bundle from 1:35 to BPA
[2m2026-08-02T17:09:13.691635Z[0m [32m INFO[0m [2mhardy_cspcl::runtime[0m[2m:[0m Dispatched inbound CSP bundle from 1:35 to BPA
[2m2026-08-02T17:09:14.003912Z[0m [32m INFO[0m [2mhardy_cspcl::runtime[0m[2m:[0m Dispatched inbound CSP bundle from 1:35 to BPA
[2m2026-08-02T17:09:14.004604Z[0m [32m INFO[0m [2mhardy_cspcl::runtime[0m[2m:[0m Dispatched inbound CSP bundle from 1:35 to BPA
[2m2026-08-02T17:09:14.933885Z[0m [32m INFO[0m [2mhardy_cspcl::runtime[0m[2m:[0m Dispatched inbound CSP bundle from 1:35 to BPA
[2m2026-08-02T17:09:14.934300Z[0m [32m INFO[0m [2mhardy_cspcl::runtime[0m[2m:[0m Dispatched inbound CSP bundle from 1:35 to BPA
[2m2026-08-02T17:09:15.240148Z[0m [32m INFO[0m [2mhardy_cspcl::runtime[0m[2m:[0m Dispatched inbound CSP bundle from 1:35 to BPA
[2m2026-08-02T17:09:15.240811Z[0m [32m INFO[0m [2mhardy_cspcl::runtime[0m[2m:[0m Dispatched inbound CSP bundle from 1:35 to BPA
[2m2026-08-02T17:09:15.843965Z[0m [32m INFO[0m [2mhardy_cspcl::runtime[0m[2m:[0m Dispatched inbound CSP bundle from 1:35 to BPA
[2m2026-08-02T17:09:15.845231Z[0m [32m INFO[0m [2mhardy_cspcl::runtime[0m[2m:[0m Dispatched inbound CSP bundle from 1:35 to BPA
[2m2026-08-02T17:09:16.145675Z[0m [32m INFO[0m [2mhardy_cspcl::runtime[0m[2m:[0m Dispatched inbound CSP bundle from 1:35 to BPA
[2m2026-08-02T17:09:16.446645Z[0m [32m INFO[0m [2mhardy_cspcl::runtime[0m[2m:[0m Dispatched inbound CSP bundle from 1:35 to BPA
[2m2026-08-02T17:09:16.747552Z[0m [32m INFO[0m [2mhardy_cspcl::runtime[0m[2m:[0m Dispatched inbound CSP bundle from 1:35 to BPA
[2m2026-08-02T17:09:17.059227Z[0m [32m INFO[0m [2mhardy_cspcl::runtime[0m[2m:[0m Dispatched inbound CSP bundle from 1:35 to BPA
[2m2026-08-02T17:09:18.000235Z[0m [32m INFO[0m [2mhardy_cspcl::runtime[0m[2m:[0m Dispatched inbound CSP bundle from 1:35 to BPA
[2m2026-08-02T17:09:18.000632Z[0m [32m INFO[0m [2mhardy_cspcl::runtime[0m[2m:[0m Dispatched inbound CSP bundle from 1:35 to BPA
[2m2026-08-02T17:09:18.306301Z[0m [32m INFO[0m [2mhardy_cspcl::runtime[0m[2m:[0m Dispatched inbound CSP bundle from 1:35 to BPA
[2m2026-08-02T17:09:18.307708Z[0m [32m INFO[0m [2mhardy_cspcl::runtime[0m[2m:[0m Dispatched inbound CSP bundle from 1:35 to BPA
[2m2026-08-02T17:09:18.909442Z[0m [32m INFO[0m [2mhardy_cspcl::runtime[0m[2m:[0m Dispatched inbound CSP bundle from 1:35 to BPA
[2m2026-08-02T17:09:18.910039Z[0m [32m INFO[0m [2mhardy_cspcl::runtime[0m[2m:[0m Dispatched inbound CSP bundle from 1:35 to BPA
[2m2026-08-02T17:09:19.511858Z[0m [32m INFO[0m [2mhardy_cspcl::runtime[0m[2m:[0m Dispatched inbound CSP bundle from 1:35 to BPA
[2m2026-08-02T17:09:19.512415Z[0m [32m INFO[0m [2mhardy_cspcl::runtime[0m[2m:[0m Dispatched inbound CSP bundle from 1:35 to BPA
[2m2026-08-02T17:09:19.813770Z[0m [32m INFO[0m [2mhardy_cspcl::runtime[0m[2m:[0m Dispatched inbound CSP bundle from 1:35 to BPA
[2m2026-08-02T17:09:20.114643Z[0m [32m INFO[0m [2mhardy_cspcl::runtime[0m[2m:[0m Dispatched inbound CSP bundle from 1:35 to BPA
[2m2026-08-02T17:09:21.035804Z[0m [32m INFO[0m [2mhardy_cspcl::runtime[0m[2m:[0m Dispatched inbound CSP bundle from 1:35 to BPA
[2m2026-08-02T17:09:21.036253Z[0m [32m INFO[0m [2mhardy_cspcl::runtime[0m[2m:[0m Dispatched inbound CSP bundle from 1:35 to BPA
[2m2026-08-02T17:09:21.143310Z[0m [32m INFO[0m [2mhardy_cspcl::runtime[0m[2m:[0m Dispatched inbound CSP bundle from 1:35 to BPA
[2m2026-08-02T17:09:21.144086Z[0m [32m INFO[0m [2mhardy_cspcl::runtime[0m[2m:[0m Dispatched inbound CSP bundle from 1:35 to BPA
[2m2026-08-02T17:09:21.694538Z[0m [32m INFO[0m [2mhardy_cspcl::runtime[0m[2m:[0m Dispatched inbound CSP bundle from 1:35 to BPA
[2m2026-08-02T17:09:21.895701Z[0m [32m INFO[0m [2mhardy_cspcl::runtime[0m[2m:[0m Dispatched inbound CSP bundle from 1:35 to BPA
[2m2026-08-02T17:09:22.297867Z[0m [32m INFO[0m [2mhardy_cspcl::runtime[0m[2m:[0m Dispatched inbound CSP bundle from 1:35 to BPA
[2m2026-08-02T17:09:22.599707Z[0m [32m INFO[0m [2mhardy_cspcl::runtime[0m[2m:[0m Dispatched inbound CSP bundle from 1:35 to BPA
[2m2026-08-02T17:09:22.901400Z[0m [32m INFO[0m [2mhardy_cspcl::runtime[0m[2m:[0m Dispatched inbound CSP bundle from 1:35 to BPA
[2m2026-08-02T17:09:22.901938Z[0m [32m INFO[0m [2mhardy_cspcl::runtime[0m[2m:[0m Dispatched inbound CSP bundle from 1:35 to BPA
[2m2026-08-02T17:09:23.828866Z[0m [32m INFO[0m [2mhardy_cspcl::runtime[0m[2m:[0m Dispatched inbound CSP bundle from 1:35 to BPA
[2m2026-08-02T17:09:23.829741Z[0m [32m INFO[0m [2mhardy_cspcl::runtime[0m[2m:[0m Dispatched inbound CSP bundle from 1:35 to BPA
[2m2026-08-02T17:09:24.135359Z[0m [32m INFO[0m [2mhardy_cspcl::runtime[0m[2m:[0m Dispatched inbound CSP bundle from 1:35 to BPA
[2m2026-08-02T17:09:24.136347Z[0m [32m INFO[0m [2mhardy_cspcl::runtime[0m[2m:[0m Dispatched inbound CSP bundle from 1:35 to BPA
[2m2026-08-02T17:09:24.738396Z[0m [32m INFO[0m [2mhardy_cspcl::runtime[0m[2m:[0m Dispatched inbound CSP bundle from 1:35 to BPA
[2m2026-08-02T17:09:25.039379Z[0m [32m INFO[0m [2mhardy_cspcl::runtime[0m[2m:[0m Dispatched inbound CSP bundle from 1:35 to BPA
[2m2026-08-02T17:09:25.040535Z[0m [32m INFO[0m [2mhardy_cspcl::runtime[0m[2m:[0m Dispatched inbound CSP bundle from 1:35 to BPA
[2m2026-08-02T17:09:25.641502Z[0m [32m INFO[0m [2mhardy_cspcl::runtime[0m[2m:[0m Dispatched inbound CSP bundle from 1:35 to BPA
[2m2026-08-02T17:09:25.641813Z[0m [32m INFO[0m [2mhardy_cspcl::runtime[0m[2m:[0m Dispatched inbound CSP bundle from 1:35 to BPA
[2m2026-08-02T17:09:25.942428Z[0m [32m INFO[0m [2mhardy_cspcl::runtime[0m[2m:[0m Dispatched inbound CSP bundle from 1:35 to BPA
[2m2026-08-02T17:09:26.859011Z[0m [32m INFO[0m [2mhardy_cspcl::runtime[0m[2m:[0m Dispatched inbound CSP bundle from 1:35 to BPA
[2m2026-08-02T17:09:26.859392Z[0m [32m INFO[0m [2mhardy_cspcl::runtime[0m[2m:[0m Dispatched inbound CSP bundle from 1:35 to BPA
[2m2026-08-02T17:09:27.164463Z[0m [32m INFO[0m [2mhardy_cspcl::runtime[0m[2m:[0m Dispatched inbound CSP bundle from 1:35 to BPA
[2m2026-08-02T17:09:27.164850Z[0m [32m INFO[0m [2mhardy_cspcl::runtime[0m[2m:[0m Dispatched inbound CSP bundle from 1:35 to BPA
[2m2026-08-02T17:09:27.768299Z[0m [32m INFO[0m [2mhardy_cspcl::runtime[0m[2m:[0m Dispatched inbound CSP bundle from 1:35 to BPA
[2m2026-08-02T17:09:27.768931Z[0m [32m INFO[0m [2mhardy_cspcl::runtime[0m[2m:[0m Dispatched inbound CSP bundle from 1:35 to BPA
[2m2026-08-02T17:09:28.371304Z[0m [32m INFO[0m [2mhardy_cspcl::runtime[0m[2m:[0m Dispatched inbound CSP bundle from 1:35 to BPA
[2m2026-08-02T17:09:28.372368Z[0m [32m INFO[0m [2mhardy_cspcl::runtime[0m[2m:[0m Dispatched inbound CSP bundle from 1:35 to BPA
[2m2026-08-02T17:09:28.772975Z[0m [32m INFO[0m [2mhardy_cspcl::runtime[0m[2m:[0m Dispatched inbound CSP bundle from 1:35 to BPA
[2m2026-08-02T17:09:28.973679Z[0m [32m INFO[0m [2mhardy_cspcl::runtime[0m[2m:[0m Dispatched inbound CSP bundle from 1:35 to BPA
[2m2026-08-02T17:09:29.906085Z[0m [32m INFO[0m [2mhardy_cspcl::runtime[0m[2m:[0m Dispatched inbound CSP bundle from 1:35 to BPA
[2m2026-08-02T17:09:29.906366Z[0m [32m INFO[0m [2mhardy_cspcl::runtime[0m[2m:[0m Dispatched inbound CSP bundle from 1:35 to BPA
[2m2026-08-02T17:09:30.012678Z[0m [32m INFO[0m [2mhardy_cspcl::runtime[0m[2m:[0m Dispatched inbound CSP bundle from 1:35 to BPA
[2m2026-08-02T17:09:30.314525Z[0m [32m INFO[0m [2mhardy_cspcl::runtime[0m[2m:[0m Dispatched inbound CSP bundle from 1:35 to BPA
[2m2026-08-02T17:09:30.627295Z[0m [32m INFO[0m [2mhardy_cspcl::runtime[0m[2m:[0m Dispatched inbound CSP bundle from 1:35 to BPA
[2m2026-08-02T17:09:30.929189Z[0m [32m INFO[0m [2mhardy_cspcl::runtime[0m[2m:[0m Dispatched inbound CSP bundle from 1:35 to BPA
[2m2026-08-02T17:09:31.241597Z[0m [32m INFO[0m [2mhardy_cspcl::runtime[0m[2m:[0m Dispatched inbound CSP bundle from 1:35 to BPA
[2m2026-08-02T17:09:31.543726Z[0m [32m INFO[0m [2mhardy_cspcl::runtime[0m[2m:[0m Dispatched inbound CSP bundle from 1:35 to BPA
[2m2026-08-02T17:09:31.544946Z[0m [32m INFO[0m [2mhardy_cspcl::runtime[0m[2m:[0m Dispatched inbound CSP bundle from 1:35 to BPA
[2m2026-08-02T17:09:31.846318Z[0m [32m INFO[0m [2mhardy_cspcl::runtime[0m[2m:[0m Dispatched inbound CSP bundle from 1:35 to BPA
[2m2026-08-02T17:09:32.673369Z[0m [32m INFO[0m [2mhardy_cspcl::runtime[0m[2m:[0m Dispatched inbound CSP bundle from 1:35 to BPA
[2m2026-08-02T17:09:32.673627Z[0m [32m INFO[0m [2mhardy_cspcl::runtime[0m[2m:[0m Dispatched inbound CSP bundle from 1:35 to BPA
[2m2026-08-02T17:09:32.980839Z[0m [32m INFO[0m [2mhardy_cspcl::runtime[0m[2m:[0m Dispatched inbound CSP bundle from 1:35 to BPA
[2m2026-08-02T17:09:33.081543Z[0m [32m INFO[0m [2mhardy_cspcl::runtime[0m[2m:[0m Dispatched inbound CSP bundle from 1:35 to BPA
[2m2026-08-02T17:09:33.594874Z[0m [32m INFO[0m [2mhardy_cspcl::runtime[0m[2m:[0m Dispatched inbound CSP bundle from 1:35 to BPA
[2m2026-08-02T17:09:33.695526Z[0m [32m INFO[0m [2mhardy_cspcl::runtime[0m[2m:[0m Dispatched inbound CSP bundle from 1:35 to BPA
[2m2026-08-02T17:09:33.896759Z[0m [32m INFO[0m [2mhardy_cspcl::runtime[0m[2m:[0m Dispatched inbound CSP bundle from 1:35 to BPA
[2m2026-08-02T17:09:34.298023Z[0m [32m INFO[0m [2mhardy_cspcl::runtime[0m[2m:[0m Dispatched inbound CSP bundle from 1:35 to BPA
[2m2026-08-02T17:09:34.901695Z[0m [32m INFO[0m [2mhardy_cspcl::runtime[0m[2m:[0m Dispatched inbound CSP bundle from 1:35 to BPA
[2m2026-08-02T17:09:34.902336Z[0m [32m INFO[0m [2mhardy_cspcl::runtime[0m[2m:[0m Dispatched inbound CSP bundle from 1:35 to BPA
[2m2026-08-02T17:09:35.834642Z[0m [32m INFO[0m [2mhardy_cspcl::runtime[0m[2m:[0m Dispatched inbound CSP bundle from 1:35 to BPA
[2m2026-08-02T17:09:35.835017Z[0m [32m INFO[0m [2mhardy_cspcl::runtime[0m[2m:[0m Dispatched inbound CSP bundle from 1:35 to BPA
[2m2026-08-02T17:09:36.136497Z[0m [32m INFO[0m [2mhardy_cspcl::runtime[0m[2m:[0m Dispatched inbound CSP bundle from 1:35 to BPA
[2m2026-08-02T17:09:36.137133Z[0m [32m INFO[0m [2mhardy_cspcl::runtime[0m[2m:[0m Dispatched inbound CSP bundle from 1:35 to BPA
[2m2026-08-02T17:09:36.738704Z[0m [32m INFO[0m [2mhardy_cspcl::runtime[0m[2m:[0m Dispatched inbound CSP bundle from 1:35 to BPA
[2m2026-08-02T17:09:36.739472Z[0m [32m INFO[0m [2mhardy_cspcl::runtime[0m[2m:[0m Dispatched inbound CSP bundle from 1:35 to BPA
[2m2026-08-02T17:09:37.340936Z[0m [32m INFO[0m [2mhardy_cspcl::runtime[0m[2m:[0m Dispatched inbound CSP bundle from 1:35 to BPA
[2m2026-08-02T17:09:37.341683Z[0m [32m INFO[0m [2mhardy_cspcl::runtime[0m[2m:[0m Dispatched inbound CSP bundle from 1:35 to BPA
[2m2026-08-02T17:09:37.642575Z[0m [32m INFO[0m [2mhardy_cspcl::runtime[0m[2m:[0m Dispatched inbound CSP bundle from 1:35 to BPA
[2m2026-08-02T17:09:37.944800Z[0m [32m INFO[0m [2mhardy_cspcl::runtime[0m[2m:[0m Dispatched inbound CSP bundle from 1:35 to BPA
[2m2026-08-02T17:09:38.873707Z[0m [32m INFO[0m [2mhardy_cspcl::runtime[0m[2m:[0m Dispatched inbound CSP bundle from 1:35 to BPA
[2m2026-08-02T17:09:38.874169Z[0m [32m INFO[0m [2mhardy_cspcl::runtime[0m[2m:[0m Dispatched inbound CSP bundle from 1:35 to BPA
[2m2026-08-02T17:09:38.979396Z[0m [32m INFO[0m [2mhardy_cspcl::runtime[0m[2m:[0m Dispatched inbound CSP bundle from 1:35 to BPA
[2m2026-08-02T17:09:38.979982Z[0m [32m INFO[0m [2mhardy_cspcl::runtime[0m[2m:[0m Dispatched inbound CSP bundle from 1:35 to BPA
[2m2026-08-02T17:09:39.583208Z[0m [32m INFO[0m [2mhardy_cspcl::runtime[0m[2m:[0m Dispatched inbound CSP bundle from 1:35 to BPA
[2m2026-08-02T17:09:39.584268Z[0m [32m INFO[0m [2mhardy_cspcl::runtime[0m[2m:[0m Dispatched inbound CSP bundle from 1:35 to BPA
[2m2026-08-02T17:09:40.086919Z[0m [32m INFO[0m [2mhardy_cspcl::runtime[0m[2m:[0m Dispatched inbound CSP bundle from 1:35 to BPA
[2m2026-08-02T17:09:40.187687Z[0m [32m INFO[0m [2mhardy_cspcl::runtime[0m[2m:[0m Dispatched inbound CSP bundle from 1:35 to BPA
[2m2026-08-02T17:09:40.690459Z[0m [32m INFO[0m [2mhardy_cspcl::runtime[0m[2m:[0m Dispatched inbound CSP bundle from 1:35 to BPA
[2m2026-08-02T17:09:40.790790Z[0m [32m INFO[0m [2mhardy_cspcl::runtime[0m[2m:[0m Dispatched inbound CSP bundle from 1:35 to BPA
[2m2026-08-02T17:09:41.916012Z[0m [32m INFO[0m [2mhardy_cspcl::runtime[0m[2m:[0m Dispatched inbound CSP bundle from 1:35 to BPA
[2m2026-08-02T17:09:41.916341Z[0m [32m INFO[0m [2mhardy_cspcl::runtime[0m[2m:[0m Dispatched inbound CSP bundle from 1:35 to BPA
[2m2026-08-02T17:09:42.022845Z[0m [32m INFO[0m [2mhardy_cspcl::runtime[0m[2m:[0m Dispatched inbound CSP bundle from 1:35 to BPA
[2m2026-08-02T17:09:42.023712Z[0m [32m INFO[0m [2mhardy_cspcl::runtime[0m[2m:[0m Dispatched inbound CSP bundle from 1:35 to BPA
[2m2026-08-02T17:09:42.574346Z[0m [32m INFO[0m [2mhardy_cspcl::runtime[0m[2m:[0m Dispatched inbound CSP bundle from 1:35 to BPA
[2m2026-08-02T17:09:42.575106Z[0m [32m INFO[0m [2mhardy_cspcl::runtime[0m[2m:[0m Dispatched inbound CSP bundle from 1:35 to BPA
[2m2026-08-02T17:09:43.189172Z[0m [32m INFO[0m [2mhardy_cspcl::runtime[0m[2m:[0m Dispatched inbound CSP bundle from 1:35 to BPA
[2m2026-08-02T17:09:43.390398Z[0m [32m INFO[0m [2mhardy_cspcl::runtime[0m[2m:[0m Dispatched inbound CSP bundle from 1:35 to BPA
[2m2026-08-02T17:09:43.692624Z[0m [32m INFO[0m [2mhardy_cspcl::runtime[0m[2m:[0m Dispatched inbound CSP bundle from 1:35 to BPA
[2m2026-08-02T17:09:43.793144Z[0m [32m INFO[0m [2mhardy_cspcl::runtime[0m[2m:[0m Dispatched inbound CSP bundle from 1:35 to BPA
[2m2026-08-02T17:09:44.715568Z[0m [32m INFO[0m [2mhardy_cspcl::runtime[0m[2m:[0m Dispatched inbound CSP bundle from 1:35 to BPA
[2m2026-08-02T17:09:44.716093Z[0m [32m INFO[0m [2mhardy_cspcl::runtime[0m[2m:[0m Dispatched inbound CSP bundle from 1:35 to BPA
[2m2026-08-02T17:09:45.017362Z[0m [32m INFO[0m [2mhardy_cspcl::runtime[0m[2m:[0m Dispatched inbound CSP bundle from 1:35 to BPA
[2m2026-08-02T17:09:45.017893Z[0m [32m INFO[0m [2mhardy_cspcl::runtime[0m[2m:[0m Dispatched inbound CSP bundle from 1:35 to BPA
[2m2026-08-02T17:09:45.318850Z[0m [32m INFO[0m [2mhardy_cspcl::runtime[0m[2m:[0m Dispatched inbound CSP bundle from 1:35 to BPA
[2m2026-08-02T17:09:45.620041Z[0m [32m INFO[0m [2mhardy_cspcl::runtime[0m[2m:[0m Dispatched inbound CSP bundle from 1:35 to BPA
[2m2026-08-02T17:09:45.920974Z[0m [32m INFO[0m [2mhardy_cspcl::runtime[0m[2m:[0m Dispatched inbound CSP bundle from 1:35 to BPA
[2m2026-08-02T17:09:46.221412Z[0m [32m INFO[0m [2mhardy_cspcl::runtime[0m[2m:[0m Dispatched inbound CSP bundle from 1:35 to BPA
[2m2026-08-02T17:09:46.533273Z[0m [32m INFO[0m [2mhardy_cspcl::runtime[0m[2m:[0m Dispatched inbound CSP bundle from 1:35 to BPA
[2m2026-08-02T17:09:46.834741Z[0m [32m INFO[0m [2mhardy_cspcl::runtime[0m[2m:[0m Dispatched inbound CSP bundle from 1:35 to BPA
[2m2026-08-02T17:09:47.775922Z[0m [32m INFO[0m [2mhardy_cspcl::runtime[0m[2m:[0m Dispatched inbound CSP bundle from 1:35 to BPA
[2m2026-08-02T17:09:47.776426Z[0m [32m INFO[0m [2mhardy_cspcl::runtime[0m[2m:[0m Dispatched inbound CSP bundle from 1:35 to BPA
[2m2026-08-02T17:09:47.883226Z[0m [32m INFO[0m [2mhardy_cspcl::runtime[0m[2m:[0m Dispatched inbound CSP bundle from 1:35 to BPA
[2m2026-08-02T17:09:48.084939Z[0m [32m INFO[0m [2mhardy_cspcl::runtime[0m[2m:[0m Dispatched inbound CSP bundle from 1:35 to BPA
[2m2026-08-02T17:09:48.487301Z[0m [32m INFO[0m [2mhardy_cspcl::runtime[0m[2m:[0m Dispatched inbound CSP bundle from 1:35 to BPA
[2m2026-08-02T17:09:48.789265Z[0m [32m INFO[0m [2mhardy_cspcl::runtime[0m[2m:[0m Dispatched inbound CSP bundle from 1:35 to BPA
[2m2026-08-02T17:09:49.101450Z[0m [32m INFO[0m [2mhardy_cspcl::runtime[0m[2m:[0m Dispatched inbound CSP bundle from 1:35 to BPA
[2m2026-08-02T17:09:49.402818Z[0m [32m INFO[0m [2mhardy_cspcl::runtime[0m[2m:[0m Dispatched inbound CSP bundle from 1:35 to BPA
[2m2026-08-02T17:09:49.704624Z[0m [32m INFO[0m [2mhardy_cspcl::runtime[0m[2m:[0m Dispatched inbound CSP bundle from 1:35 to BPA
[2m2026-08-02T17:09:49.705971Z[0m [32m INFO[0m [2mhardy_cspcl::runtime[0m[2m:[0m Dispatched inbound CSP bundle from 1:35 to BPA
[2m2026-08-02T17:09:50.636671Z[0m [32m INFO[0m [2mhardy_cspcl::runtime[0m[2m:[0m Dispatched inbound CSP bundle from 1:35 to BPA
[2m2026-08-02T17:09:50.636886Z[0m [32m INFO[0m [2mhardy_cspcl::runtime[0m[2m:[0m Dispatched inbound CSP bundle from 1:35 to BPA
[2m2026-08-02T17:09:50.944247Z[0m [32m INFO[0m [2mhardy_cspcl::runtime[0m[2m:[0m Dispatched inbound CSP bundle from 1:35 to BPA
[2m2026-08-02T17:09:50.945270Z[0m [32m INFO[0m [2mhardy_cspcl::runtime[0m[2m:[0m Dispatched inbound CSP bundle from 1:35 to BPA
[2m2026-08-02T17:09:51.546921Z[0m [32m INFO[0m [2mhardy_cspcl::runtime[0m[2m:[0m Dispatched inbound CSP bundle from 1:35 to BPA
[2m2026-08-02T17:09:51.548045Z[0m [32m INFO[0m [2mhardy_cspcl::runtime[0m[2m:[0m Dispatched inbound CSP bundle from 1:35 to BPA
[2m2026-08-02T17:09:52.149919Z[0m [32m INFO[0m [2mhardy_cspcl::runtime[0m[2m:[0m Dispatched inbound CSP bundle from 1:35 to BPA
[2m2026-08-02T17:09:52.151103Z[0m [32m INFO[0m [2mhardy_cspcl::runtime[0m[2m:[0m Dispatched inbound CSP bundle from 1:35 to BPA
[2m2026-08-02T17:09:52.452295Z[0m [32m INFO[0m [2mhardy_cspcl::runtime[0m[2m:[0m Dispatched inbound CSP bundle from 1:35 to BPA
[2m2026-08-02T17:09:52.754126Z[0m [32m INFO[0m [2mhardy_cspcl::runtime[0m[2m:[0m Dispatched inbound CSP bundle from 1:35 to BPA
[2m2026-08-02T17:09:53.681544Z[0m [32m INFO[0m [2mhardy_cspcl::runtime[0m[2m:[0m Dispatched inbound CSP bundle from 1:35 to BPA
[2m2026-08-02T17:09:53.682164Z[0m [32m INFO[0m [2mhardy_cspcl::runtime[0m[2m:[0m Dispatched inbound CSP bundle from 1:35 to BPA
[2m2026-08-02T17:09:53.983939Z[0m [32m INFO[0m [2mhardy_cspcl::runtime[0m[2m:[0m Dispatched inbound CSP bundle from 1:35 to BPA
[2m2026-08-02T17:09:53.985154Z[0m [32m INFO[0m [2mhardy_cspcl::runtime[0m[2m:[0m Dispatched inbound CSP bundle from 1:35 to BPA
[2m2026-08-02T17:09:54.285198Z[0m [32m INFO[0m [2mhardy_cspcl::runtime[0m[2m:[0m Dispatched inbound CSP bundle from 1:35 to BPA
[2m2026-08-02T17:09:54.586691Z[0m [32m INFO[0m [2mhardy_cspcl::runtime[0m[2m:[0m Dispatched inbound CSP bundle from 1:35 to BPA
[2m2026-08-02T17:09:55.188785Z[0m [32m INFO[0m [2mhardy_cspcl::runtime[0m[2m:[0m Dispatched inbound CSP bundle from 1:35 to BPA
[2m2026-08-02T17:09:55.189959Z[0m [32m INFO[0m [2mhardy_cspcl::runtime[0m[2m:[0m Dispatched inbound CSP bundle from 1:35 to BPA
[2m2026-08-02T17:09:55.490617Z[0m [32m INFO[0m [2mhardy_cspcl::runtime[0m[2m:[0m Dispatched inbound CSP bundle from 1:35 to BPA
[2m2026-08-02T17:09:55.592044Z[0m [32m INFO[0m [2mhardy_cspcl::runtime[0m[2m:[0m Dispatched inbound CSP bundle from 1:35 to BPA
[2m2026-08-02T17:09:56.721492Z[0m [32m INFO[0m [2mhardy_cspcl::runtime[0m[2m:[0m Dispatched inbound CSP bundle from 1:35 to BPA
[2m2026-08-02T17:09:56.721981Z[0m [32m INFO[0m [2mhardy_cspcl::runtime[0m[2m:[0m Dispatched inbound CSP bundle from 1:35 to BPA
[2m2026-08-02T17:09:56.829116Z[0m [32m INFO[0m [2mhardy_cspcl::runtime[0m[2m:[0m Dispatched inbound CSP bundle from 1:35 to BPA
[2m2026-08-02T17:09:56.829891Z[0m [32m INFO[0m [2mhardy_cspcl::runtime[0m[2m:[0m Dispatched inbound CSP bundle from 1:35 to BPA
[2m2026-08-02T17:09:57.380759Z[0m [32m INFO[0m [2mhardy_cspcl::runtime[0m[2m:[0m Dispatched inbound CSP bundle from 1:35 to BPA
[2m2026-08-02T17:09:57.582025Z[0m [32m INFO[0m [2mhardy_cspcl::runtime[0m[2m:[0m Dispatched inbound CSP bundle from 1:35 to BPA
[2m2026-08-02T17:09:57.984280Z[0m [32m INFO[0m [2mhardy_cspcl::runtime[0m[2m:[0m Dispatched inbound CSP bundle from 1:35 to BPA
[2m2026-08-02T17:09:58.286383Z[0m [32m INFO[0m [2mhardy_cspcl::runtime[0m[2m:[0m Dispatched inbound CSP bundle from 1:35 to BPA
[2m2026-08-02T17:09:58.598282Z[0m [32m INFO[0m [2mhardy_cspcl::runtime[0m[2m:[0m Dispatched inbound CSP bundle from 1:35 to BPA
[2m2026-08-02T17:09:58.900800Z[0m [32m INFO[0m [2mhardy_cspcl::runtime[0m[2m:[0m Dispatched inbound CSP bundle from 1:35 to BPA
[2m2026-08-02T17:09:59.534297Z[0m [32m INFO[0m [2mhardy_cspcl::runtime[0m[2m:[0m Dispatched inbound CSP bundle from 1:35 to BPA
[2m2026-08-02T17:09:59.534586Z[0m [32m INFO[0m [2mhardy_cspcl::runtime[0m[2m:[0m Dispatched inbound CSP bundle from 1:35 to BPA
[2m2026-08-02T17:09:59.841969Z[0m [32m INFO[0m [2mhardy_cspcl::runtime[0m[2m:[0m Dispatched inbound CSP bundle from 1:35 to BPA
[2m2026-08-02T17:09:59.943534Z[0m [32m INFO[0m [2mhardy_cspcl::runtime[0m[2m:[0m Dispatched inbound CSP bundle from 1:35 to BPA
[2m2026-08-02T17:10:00.446012Z[0m [32m INFO[0m [2mhardy_cspcl::runtime[0m[2m:[0m Dispatched inbound CSP bundle from 1:35 to BPA
[2m2026-08-02T17:10:00.748231Z[0m [32m INFO[0m [2mhardy_cspcl::runtime[0m[2m:[0m Dispatched inbound CSP bundle from 1:35 to BPA
[2m2026-08-02T17:10:00.749647Z[0m [32m INFO[0m [2mhardy_cspcl::runtime[0m[2m:[0m Dispatched inbound CSP bundle from 1:35 to BPA
[2m2026-08-02T17:10:01.050567Z[0m [32m INFO[0m [2mhardy_cspcl::runtime[0m[2m:[0m Dispatched inbound CSP bundle from 1:35 to BPA
[2m2026-08-02T17:10:01.351613Z[0m [32m INFO[0m [2mhardy_cspcl::runtime[0m[2m:[0m Dispatched inbound CSP bundle from 1:35 to BPA
[2m2026-08-02T17:10:01.652821Z[0m [32m INFO[0m [2mhardy_cspcl::runtime[0m[2m:[0m Dispatched inbound CSP bundle from 1:35 to BPA
[2m2026-08-02T17:10:02.574732Z[0m [32m INFO[0m [2mhardy_cspcl::runtime[0m[2m:[0m Dispatched inbound CSP bundle from 1:35 to BPA
[2m2026-08-02T17:10:02.575279Z[0m [32m INFO[0m [2mhardy_cspcl::runtime[0m[2m:[0m Dispatched inbound CSP bundle from 1:35 to BPA
[2m2026-08-02T17:10:02.877038Z[0m [32m INFO[0m [2mhardy_cspcl::runtime[0m[2m:[0m Dispatched inbound CSP bundle from 1:35 to BPA
[2m2026-08-02T17:10:02.878546Z[0m [32m INFO[0m [2mhardy_cspcl::runtime[0m[2m:[0m Dispatched inbound CSP bundle from 1:35 to BPA
[2m2026-08-02T17:10:03.479464Z[0m [32m INFO[0m [2mhardy_cspcl::runtime[0m[2m:[0m Dispatched inbound CSP bundle from 1:35 to BPA
[2m2026-08-02T17:10:03.480348Z[0m [32m INFO[0m [2mhardy_cspcl::runtime[0m[2m:[0m Dispatched inbound CSP bundle from 1:35 to BPA
[2m2026-08-02T17:10:04.081950Z[0m [32m INFO[0m [2mhardy_cspcl::runtime[0m[2m:[0m Dispatched inbound CSP bundle from 1:35 to BPA
[2m2026-08-02T17:10:04.383572Z[0m [32m INFO[0m [2mhardy_cspcl::runtime[0m[2m:[0m Dispatched inbound CSP bundle from 1:35 to BPA
[2m2026-08-02T17:10:04.384094Z[0m [32m INFO[0m [2mhardy_cspcl::runtime[0m[2m:[0m Dispatched inbound CSP bundle from 1:35 to BPA
[2m2026-08-02T17:10:04.685378Z[0m [32m INFO[0m [2mhardy_cspcl::runtime[0m[2m:[0m Dispatched inbound CSP bundle from 1:35 to BPA
[2m2026-08-02T17:10:05.609650Z[0m [32m INFO[0m [2mhardy_cspcl::runtime[0m[2m:[0m Dispatched inbound CSP bundle from 1:35 to BPA
[2m2026-08-02T17:10:05.610025Z[0m [32m INFO[0m [2mhardy_cspcl::runtime[0m[2m:[0m Dispatched inbound CSP bundle from 1:35 to BPA
[2m2026-08-02T17:10:05.716289Z[0m [32m INFO[0m [2mhardy_cspcl::runtime[0m[2m:[0m Dispatched inbound CSP bundle from 1:35 to BPA
[2m2026-08-02T17:10:05.716978Z[0m [32m INFO[0m [2mhardy_cspcl::runtime[0m[2m:[0m Dispatched inbound CSP bundle from 1:35 to BPA
[2m2026-08-02T17:10:06.473956Z[0m [32m INFO[0m [2mhardy_cspcl::runtime[0m[2m:[0m Dispatched inbound CSP bundle from 1:35 to BPA
[2m2026-08-02T17:10:06.475551Z[0m [32m INFO[0m [2mhardy_cspcl::runtime[0m[2m:[0m Dispatched inbound CSP bundle from 1:35 to BPA
[2m2026-08-02T17:10:07.076487Z[0m [32m INFO[0m [2mhardy_cspcl::runtime[0m[2m:[0m Dispatched inbound CSP bundle from 1:35 to BPA
[2m2026-08-02T17:10:07.077789Z[0m [32m INFO[0m [2mhardy_cspcl::runtime[0m[2m:[0m Dispatched inbound CSP bundle from 1:35 to BPA
[2m2026-08-02T17:10:07.679140Z[0m [32m INFO[0m [2mhardy_cspcl::runtime[0m[2m:[0m Dispatched inbound CSP bundle from 1:35 to BPA
[2m2026-08-02T17:10:07.680297Z[0m [32m INFO[0m [2mhardy_cspcl::runtime[0m[2m:[0m Dispatched inbound CSP bundle from 1:35 to BPA
[2m2026-08-02T17:10:08.605696Z[0m [32m INFO[0m [2mhardy_cspcl::runtime[0m[2m:[0m Dispatched inbound CSP bundle from 1:35 to BPA
[2m2026-08-02T17:10:08.606378Z[0m [32m INFO[0m [2mhardy_cspcl::runtime[0m[2m:[0m Dispatched inbound CSP bundle from 1:35 to BPA
[2m2026-08-02T17:10:08.712144Z[0m [32m INFO[0m [2mhardy_cspcl::runtime[0m[2m:[0m Dispatched inbound CSP bundle from 1:35 to BPA
[2m2026-08-02T17:10:08.712703Z[0m [32m INFO[0m [2mhardy_cspcl::runtime[0m[2m:[0m Dispatched inbound CSP bundle from 1:35 to BPA
[2m2026-08-02T17:10:09.164650Z[0m [32m INFO[0m [2mhardy_cspcl::runtime[0m[2m:[0m Dispatched inbound CSP bundle from 1:35 to BPA
[2m2026-08-02T17:10:09.466230Z[0m [32m INFO[0m [2mhardy_cspcl::runtime[0m[2m:[0m Dispatched inbound CSP bundle from 1:35 to BPA
[2m2026-08-02T17:10:09.867608Z[0m [32m INFO[0m [2mhardy_cspcl::runtime[0m[2m:[0m Dispatched inbound CSP bundle from 1:35 to BPA
[2m2026-08-02T17:10:10.069022Z[0m [32m INFO[0m [2mhardy_cspcl::runtime[0m[2m:[0m Dispatched inbound CSP bundle from 1:35 to BPA
[2m2026-08-02T17:10:10.671134Z[0m [32m INFO[0m [2mhardy_cspcl::runtime[0m[2m:[0m Dispatched inbound CSP bundle from 1:35 to BPA
[2m2026-08-02T17:10:10.671719Z[0m [32m INFO[0m [2mhardy_cspcl::runtime[0m[2m:[0m Dispatched inbound CSP bundle from 1:35 to BPA
[2m2026-08-02T17:10:11.595836Z[0m [32m INFO[0m [2mhardy_cspcl::runtime[0m[2m:[0m Dispatched inbound CSP bundle from 1:35 to BPA
[2m2026-08-02T17:10:11.596240Z[0m [32m INFO[0m [2mhardy_cspcl::runtime[0m[2m:[0m Dispatched inbound CSP bundle from 1:35 to BPA
[2m2026-08-02T17:10:11.702770Z[0m [32m INFO[0m [2mhardy_cspcl::runtime[0m[2m:[0m Dispatched inbound CSP bundle from 1:35 to BPA
[2m2026-08-02T17:10:11.703506Z[0m [32m INFO[0m [2mhardy_cspcl::runtime[0m[2m:[0m Dispatched inbound CSP bundle from 1:35 to BPA
[2m2026-08-02T17:10:12.455624Z[0m [32m INFO[0m [2mhardy_cspcl::runtime[0m[2m:[0m Dispatched inbound CSP bundle from 1:35 to BPA
[2m2026-08-02T17:10:12.456857Z[0m [32m INFO[0m [2mhardy_cspcl::runtime[0m[2m:[0m Dispatched inbound CSP bundle from 1:35 to BPA
[2m2026-08-02T17:10:13.058084Z[0m [32m INFO[0m [2mhardy_cspcl::runtime[0m[2m:[0m Dispatched inbound CSP bundle from 1:35 to BPA
[2m2026-08-02T17:10:13.058694Z[0m [32m INFO[0m [2mhardy_cspcl::runtime[0m[2m:[0m Dispatched inbound CSP bundle from 1:35 to BPA
[2m2026-08-02T17:10:13.661045Z[0m [32m INFO[0m [2mhardy_cspcl::runtime[0m[2m:[0m Dispatched inbound CSP bundle from 1:35 to BPA
[2m2026-08-02T17:10:13.662144Z[0m [32m INFO[0m [2mhardy_cspcl::runtime[0m[2m:[0m Dispatched inbound CSP bundle from 1:35 to BPA
[2m2026-08-02T17:10:14.588599Z[0m [32m INFO[0m [2mhardy_cspcl::runtime[0m[2m:[0m Dispatched inbound CSP bundle from 1:35 to BPA
[2m2026-08-02T17:10:14.589090Z[0m [32m INFO[0m [2mhardy_cspcl::runtime[0m[2m:[0m Dispatched inbound CSP bundle from 1:35 to BPA
[2m2026-08-02T17:10:14.695685Z[0m [32m INFO[0m [2mhardy_cspcl::runtime[0m[2m:[0m Dispatched inbound CSP bundle from 1:35 to BPA
[2m2026-08-02T17:10:14.696468Z[0m [32m INFO[0m [2mhardy_cspcl::runtime[0m[2m:[0m Dispatched inbound CSP bundle from 1:35 to BPA
[2m2026-08-02T17:10:15.448183Z[0m [32m INFO[0m [2mhardy_cspcl::runtime[0m[2m:[0m Dispatched inbound CSP bundle from 1:35 to BPA
[2m2026-08-02T17:10:15.449073Z[0m [32m INFO[0m [2mhardy_cspcl::runtime[0m[2m:[0m Dispatched inbound CSP bundle from 1:35 to BPA
[2m2026-08-02T17:10:16.050944Z[0m [32m INFO[0m [2mhardy_cspcl::runtime[0m[2m:[0m Dispatched inbound CSP bundle from 1:35 to BPA
[2m2026-08-02T17:10:16.052255Z[0m [32m INFO[0m [2mhardy_cspcl::runtime[0m[2m:[0m Dispatched inbound CSP bundle from 1:35 to BPA
[2m2026-08-02T17:10:16.653456Z[0m [32m INFO[0m [2mhardy_cspcl::runtime[0m[2m:[0m Dispatched inbound CSP bundle from 1:35 to BPA
[2m2026-08-02T17:10:16.654295Z[0m [32m INFO[0m [2mhardy_cspcl::runtime[0m[2m:[0m Dispatched inbound CSP bundle from 1:35 to BPA
[2m2026-08-02T17:10:17.602420Z[0m [32m INFO[0m [2mhardy_cspcl::runtime[0m[2m:[0m Dispatched inbound CSP bundle from 1:35 to BPA
[2m2026-08-02T17:10:17.603388Z[0m [32m INFO[0m [2mhardy_cspcl::runtime[0m[2m:[0m Dispatched inbound CSP bundle from 1:35 to BPA
[2m2026-08-02T17:10:17.682233Z[0m [32m INFO[0m [2mhardy_cspcl::runtime[0m[2m:[0m Dispatched inbound CSP bundle from 1:35 to BPA
[2m2026-08-02T17:10:17.682680Z[0m [32m INFO[0m [2mhardy_cspcl::runtime[0m[2m:[0m Dispatched inbound CSP bundle from 1:35 to BPA
[2m2026-08-02T17:10:18.436454Z[0m [32m INFO[0m [2mhardy_cspcl::runtime[0m[2m:[0m Dispatched inbound CSP bundle from 1:35 to BPA
[2m2026-08-02T17:10:18.437605Z[0m [32m INFO[0m [2mhardy_cspcl::runtime[0m[2m:[0m Dispatched inbound CSP bundle from 1:35 to BPA
[2m2026-08-02T17:10:19.039242Z[0m [32m INFO[0m [2mhardy_cspcl::runtime[0m[2m:[0m Dispatched inbound CSP bundle from 1:35 to BPA
[2m2026-08-02T17:10:19.040577Z[0m [32m INFO[0m [2mhardy_cspcl::runtime[0m[2m:[0m Dispatched inbound CSP bundle from 1:35 to BPA
[2m2026-08-02T17:10:19.641895Z[0m [32m INFO[0m [2mhardy_cspcl::runtime[0m[2m:[0m Dispatched inbound CSP bundle from 1:35 to BPA
[2m2026-08-02T17:10:19.643216Z[0m [32m INFO[0m [2mhardy_cspcl::runtime[0m[2m:[0m Dispatched inbound CSP bundle from 1:35 to BPA
[2m2026-08-02T17:10:20.573035Z[0m [32m INFO[0m [2mhardy_cspcl::runtime[0m[2m:[0m Dispatched inbound CSP bundle from 1:35 to BPA
[2m2026-08-02T17:10:20.573287Z[0m [32m INFO[0m [2mhardy_cspcl::runtime[0m[2m:[0m Dispatched inbound CSP bundle from 1:35 to BPA
[2m2026-08-02T17:10:20.679477Z[0m [32m INFO[0m [2mhardy_cspcl::runtime[0m[2m:[0m Dispatched inbound CSP bundle from 1:35 to BPA
[2m2026-08-02T17:10:20.881061Z[0m [32m INFO[0m [2mhardy_cspcl::runtime[0m[2m:[0m Dispatched inbound CSP bundle from 1:35 to BPA
[2m2026-08-02T17:10:21.294012Z[0m [32m INFO[0m [2mhardy_cspcl::runtime[0m[2m:[0m Dispatched inbound CSP bundle from 1:35 to BPA
[2m2026-08-02T17:10:21.294707Z[0m [32m INFO[0m [2mhardy_cspcl::runtime[0m[2m:[0m Dispatched inbound CSP bundle from 1:35 to BPA
[2m2026-08-02T17:10:21.807193Z[0m [32m INFO[0m [2mhardy_cspcl::runtime[0m[2m:[0m Dispatched inbound CSP bundle from 1:35 to BPA
[2m2026-08-02T17:10:21.907648Z[0m [32m INFO[0m [2mhardy_cspcl::runtime[0m[2m:[0m Dispatched inbound CSP bundle from 1:35 to BPA
[2m2026-08-02T17:10:22.410086Z[0m [32m INFO[0m [2mhardy_cspcl::runtime[0m[2m:[0m Dispatched inbound CSP bundle from 1:35 to BPA
[2m2026-08-02T17:10:22.510995Z[0m [32m INFO[0m [2mhardy_cspcl::runtime[0m[2m:[0m Dispatched inbound CSP bundle from 1:35 to BPA
[2m2026-08-02T17:10:23.446376Z[0m [32m INFO[0m [2mhardy_cspcl::runtime[0m[2m:[0m Dispatched inbound CSP bundle from 1:35 to BPA
[2m2026-08-02T17:10:23.446704Z[0m [32m INFO[0m [2mhardy_cspcl::runtime[0m[2m:[0m Dispatched inbound CSP bundle from 1:35 to BPA
[2m2026-08-02T17:10:23.748346Z[0m [32m INFO[0m [2mhardy_cspcl::runtime[0m[2m:[0m Dispatched inbound CSP bundle from 1:35 to BPA
[2m2026-08-02T17:10:23.749207Z[0m [32m INFO[0m [2mhardy_cspcl::runtime[0m[2m:[0m Dispatched inbound CSP bundle from 1:35 to BPA
[2m2026-08-02T17:10:24.050848Z[0m [32m INFO[0m [2mhardy_cspcl::runtime[0m[2m:[0m Dispatched inbound CSP bundle from 1:35 to BPA
[2m2026-08-02T17:10:24.352027Z[0m [32m INFO[0m [2mhardy_cspcl::runtime[0m[2m:[0m Dispatched inbound CSP bundle from 1:35 to BPA
[2m2026-08-02T17:10:24.954146Z[0m [32m INFO[0m [2mhardy_cspcl::runtime[0m[2m:[0m Dispatched inbound CSP bundle from 1:35 to BPA
[2m2026-08-02T17:10:24.954721Z[0m [32m INFO[0m [2mhardy_cspcl::runtime[0m[2m:[0m Dispatched inbound CSP bundle from 1:35 to BPA
[2m2026-08-02T17:10:25.265930Z[0m [32m INFO[0m [2mhardy_cspcl::runtime[0m[2m:[0m Dispatched inbound CSP bundle from 1:35 to BPA
[2m2026-08-02T17:10:25.567848Z[0m [32m INFO[0m [2mhardy_cspcl::runtime[0m[2m:[0m Dispatched inbound CSP bundle from 1:35 to BPA
[2m2026-08-02T17:10:26.515208Z[0m [32m INFO[0m [2mhardy_cspcl::runtime[0m[2m:[0m Dispatched inbound CSP bundle from 1:35 to BPA
[2m2026-08-02T17:10:26.515913Z[0m [32m INFO[0m [2mhardy_cspcl::runtime[0m[2m:[0m Dispatched inbound CSP bundle from 1:35 to BPA
[2m2026-08-02T17:10:26.621640Z[0m [32m INFO[0m [2mhardy_cspcl::runtime[0m[2m:[0m Dispatched inbound CSP bundle from 1:35 to BPA
[2m2026-08-02T17:10:26.622467Z[0m [32m INFO[0m [2mhardy_cspcl::runtime[0m[2m:[0m Dispatched inbound CSP bundle from 1:35 to BPA
[2m2026-08-02T17:10:27.374913Z[0m [32m INFO[0m [2mhardy_cspcl::runtime[0m[2m:[0m Dispatched inbound CSP bundle from 1:35 to BPA
[2m2026-08-02T17:10:27.376222Z[0m [32m INFO[0m [2mhardy_cspcl::runtime[0m[2m:[0m Dispatched inbound CSP bundle from 1:35 to BPA
[2m2026-08-02T17:10:27.977819Z[0m [32m INFO[0m [2mhardy_cspcl::runtime[0m[2m:[0m Dispatched inbound CSP bundle from 1:35 to BPA
[2m2026-08-02T17:10:27.979000Z[0m [32m INFO[0m [2mhardy_cspcl::runtime[0m[2m:[0m Dispatched inbound CSP bundle from 1:35 to BPA
[2m2026-08-02T17:10:28.580636Z[0m [32m INFO[0m [2mhardy_cspcl::runtime[0m[2m:[0m Dispatched inbound CSP bundle from 1:35 to BPA
[2m2026-08-02T17:10:28.581639Z[0m [32m INFO[0m [2mhardy_cspcl::runtime[0m[2m:[0m Dispatched inbound CSP bundle from 1:35 to BPA
[2m2026-08-02T17:10:29.517265Z[0m [32m INFO[0m [2mhardy_cspcl::runtime[0m[2m:[0m Dispatched inbound CSP bundle from 1:35 to BPA
[2m2026-08-02T17:10:29.517723Z[0m [32m INFO[0m [2mhardy_cspcl::runtime[0m[2m:[0m Dispatched inbound CSP bundle from 1:35 to BPA
[2m2026-08-02T17:10:29.623712Z[0m [32m INFO[0m [2mhardy_cspcl::runtime[0m[2m:[0m Dispatched inbound CSP bundle from 1:35 to BPA
[2m2026-08-02T17:10:29.824968Z[0m [32m INFO[0m [2mhardy_cspcl::runtime[0m[2m:[0m Dispatched inbound CSP bundle from 1:35 to BPA
[2m2026-08-02T17:10:30.137570Z[0m [32m INFO[0m [2mhardy_cspcl::runtime[0m[2m:[0m Dispatched inbound CSP bundle from 1:35 to BPA
[2m2026-08-02T17:10:30.238336Z[0m [32m INFO[0m [2mhardy_cspcl::runtime[0m[2m:[0m Dispatched inbound CSP bundle from 1:35 to BPA
[2m2026-08-02T17:10:30.840253Z[0m [32m INFO[0m [2mhardy_cspcl::runtime[0m[2m:[0m Dispatched inbound CSP bundle from 1:35 to BPA
[2m2026-08-02T17:10:30.841497Z[0m [32m INFO[0m [2mhardy_cspcl::runtime[0m[2m:[0m Dispatched inbound CSP bundle from 1:35 to BPA
[2m2026-08-02T17:10:31.343862Z[0m [32m INFO[0m [2mhardy_cspcl::runtime[0m[2m:[0m Dispatched inbound CSP bundle from 1:35 to BPA
[2m2026-08-02T17:10:31.444318Z[0m [32m INFO[0m [2mhardy_cspcl::runtime[0m[2m:[0m Dispatched inbound CSP bundle from 1:35 to BPA
[2m2026-08-02T17:10:32.373759Z[0m [32m INFO[0m [2mhardy_cspcl::runtime[0m[2m:[0m Dispatched inbound CSP bundle from 1:35 to BPA
[2m2026-08-02T17:10:32.374074Z[0m [32m INFO[0m [2mhardy_cspcl::runtime[0m[2m:[0m Dispatched inbound CSP bundle from 1:35 to BPA
[2m2026-08-02T17:10:32.675900Z[0m [32m INFO[0m [2mhardy_cspcl::runtime[0m[2m:[0m Dispatched inbound CSP bundle from 1:35 to BPA
[2m2026-08-02T17:10:32.677820Z[0m [32m INFO[0m [2mhardy_cspcl::runtime[0m[2m:[0m Dispatched inbound CSP bundle from 1:35 to BPA
[2m2026-08-02T17:10:32.978722Z[0m [32m INFO[0m [2mhardy_cspcl::runtime[0m[2m:[0m Dispatched inbound CSP bundle from 1:35 to BPA
[2m2026-08-02T17:10:33.279594Z[0m [32m INFO[0m [2mhardy_cspcl::runtime[0m[2m:[0m Dispatched inbound CSP bundle from 1:35 to BPA
[2m2026-08-02T17:10:33.581418Z[0m [32m INFO[0m [2mhardy_cspcl::runtime[0m[2m:[0m Dispatched inbound CSP bundle from 1:35 to BPA
[2m2026-08-02T17:10:33.882439Z[0m [32m INFO[0m [2mhardy_cspcl::runtime[0m[2m:[0m Dispatched inbound CSP bundle from 1:35 to BPA
[2m2026-08-02T17:10:34.194843Z[0m [32m INFO[0m [2mhardy_cspcl::runtime[0m[2m:[0m Dispatched inbound CSP bundle from 1:35 to BPA
[2m2026-08-02T17:10:34.496102Z[0m [32m INFO[0m [2mhardy_cspcl::runtime[0m[2m:[0m Dispatched inbound CSP bundle from 1:35 to BPA
[2m2026-08-02T17:10:35.435353Z[0m [32m INFO[0m [2mhardy_cspcl::runtime[0m[2m:[0m Dispatched inbound CSP bundle from 1:35 to BPA
[2m2026-08-02T17:10:35.435728Z[0m [32m INFO[0m [2mhardy_cspcl::runtime[0m[2m:[0m Dispatched inbound CSP bundle from 1:35 to BPA
[2m2026-08-02T17:10:35.542436Z[0m [32m INFO[0m [2mhardy_cspcl::runtime[0m[2m:[0m Dispatched inbound CSP bundle from 1:35 to BPA
[2m2026-08-02T17:10:35.744287Z[0m [32m INFO[0m [2mhardy_cspcl::runtime[0m[2m:[0m Dispatched inbound CSP bundle from 1:35 to BPA
[2m2026-08-02T17:10:36.146631Z[0m [32m INFO[0m [2mhardy_cspcl::runtime[0m[2m:[0m Dispatched inbound CSP bundle from 1:35 to BPA
[2m2026-08-02T17:10:36.147037Z[0m [32m INFO[0m [2mhardy_cspcl::runtime[0m[2m:[0m Dispatched inbound CSP bundle from 1:35 to BPA
[2m2026-08-02T17:10:36.750259Z[0m [32m INFO[0m [2mhardy_cspcl::runtime[0m[2m:[0m Dispatched inbound CSP bundle from 1:35 to BPA
[2m2026-08-02T17:10:36.951933Z[0m [32m INFO[0m [2mhardy_cspcl::runtime[0m[2m:[0m Dispatched inbound CSP bundle from 1:35 to BPA
[2m2026-08-02T17:10:37.354050Z[0m [32m INFO[0m [2mhardy_cspcl::runtime[0m[2m:[0m Dispatched inbound CSP bundle from 1:35 to BPA
[2m2026-08-02T17:10:37.655268Z[0m [32m INFO[0m [2mhardy_cspcl::runtime[0m[2m:[0m Dispatched inbound CSP bundle from 1:35 to BPA
[2m2026-08-02T17:10:38.277783Z[0m [32m INFO[0m [2mhardy_cspcl::runtime[0m[2m:[0m Dispatched inbound CSP bundle from 1:35 to BPA
[2m2026-08-02T17:10:38.278160Z[0m [32m INFO[0m [2mhardy_cspcl::runtime[0m[2m:[0m Dispatched inbound CSP bundle from 1:35 to BPA
[2m2026-08-02T17:10:38.585455Z[0m [32m INFO[0m [2mhardy_cspcl::runtime[0m[2m:[0m Dispatched inbound CSP bundle from 1:35 to BPA
[2m2026-08-02T17:10:38.687530Z[0m [32m INFO[0m [2mhardy_cspcl::runtime[0m[2m:[0m Dispatched inbound CSP bundle from 1:35 to BPA
[2m2026-08-02T17:10:39.189976Z[0m [32m INFO[0m [2mhardy_cspcl::runtime[0m[2m:[0m Dispatched inbound CSP bundle from 1:35 to BPA
[2m2026-08-02T17:10:39.491131Z[0m [32m INFO[0m [2mhardy_cspcl::runtime[0m[2m:[0m Dispatched inbound CSP bundle from 1:35 to BPA
[2m2026-08-02T17:10:39.492418Z[0m [32m INFO[0m [2mhardy_cspcl::runtime[0m[2m:[0m Dispatched inbound CSP bundle from 1:35 to BPA
[2m2026-08-02T17:10:39.793699Z[0m [32m INFO[0m [2mhardy_cspcl::runtime[0m[2m:[0m Dispatched inbound CSP bundle from 1:35 to BPA
[2m2026-08-02T17:10:40.095272Z[0m [32m INFO[0m [2mhardy_cspcl::runtime[0m[2m:[0m Dispatched inbound CSP bundle from 1:35 to BPA
[2m2026-08-02T17:10:40.397239Z[0m [32m INFO[0m [2mhardy_cspcl::runtime[0m[2m:[0m Dispatched inbound CSP bundle from 1:35 to BPA
[2m2026-08-02T17:10:41.327357Z[0m [32m INFO[0m [2mhardy_cspcl::runtime[0m[2m:[0m Dispatched inbound CSP bundle from 1:35 to BPA
[2m2026-08-02T17:10:41.327816Z[0m [32m INFO[0m [2mhardy_cspcl::runtime[0m[2m:[0m Dispatched inbound CSP bundle from 1:35 to BPA
[2m2026-08-02T17:10:41.634308Z[0m [32m INFO[0m [2mhardy_cspcl::runtime[0m[2m:[0m Dispatched inbound CSP bundle from 1:35 to BPA
[2m2026-08-02T17:10:41.635103Z[0m [32m INFO[0m [2mhardy_cspcl::runtime[0m[2m:[0m Dispatched inbound CSP bundle from 1:35 to BPA
[2m2026-08-02T17:10:42.237063Z[0m [32m INFO[0m [2mhardy_cspcl::runtime[0m[2m:[0m Dispatched inbound CSP bundle from 1:35 to BPA
[2m2026-08-02T17:10:42.237622Z[0m [32m INFO[0m [2mhardy_cspcl::runtime[0m[2m:[0m Dispatched inbound CSP bundle from 1:35 to BPA
[2m2026-08-02T17:10:42.839530Z[0m [32m INFO[0m [2mhardy_cspcl::runtime[0m[2m:[0m Dispatched inbound CSP bundle from 1:35 to BPA
[2m2026-08-02T17:10:42.840372Z[0m [32m INFO[0m [2mhardy_cspcl::runtime[0m[2m:[0m Dispatched inbound CSP bundle from 1:35 to BPA
[2m2026-08-02T17:10:43.241666Z[0m [32m INFO[0m [2mhardy_cspcl::runtime[0m[2m:[0m Dispatched inbound CSP bundle from 1:35 to BPA
[2m2026-08-02T17:10:43.442225Z[0m [32m INFO[0m [2mhardy_cspcl::runtime[0m[2m:[0m Dispatched inbound CSP bundle from 1:35 to BPA
[2m2026-08-02T17:10:44.166298Z[0m [32m INFO[0m [2mhardy_cspcl::runtime[0m[2m:[0m Dispatched inbound CSP bundle from 1:35 to BPA
[2m2026-08-02T17:10:44.166961Z[0m [32m INFO[0m [2mhardy_cspcl::runtime[0m[2m:[0m Dispatched inbound CSP bundle from 1:35 to BPA
[2m2026-08-02T17:10:44.573762Z[0m [32m INFO[0m [2mhardy_cspcl::runtime[0m[2m:[0m Dispatched inbound CSP bundle from 1:35 to BPA
[2m2026-08-02T17:10:44.574136Z[0m [32m INFO[0m [2mhardy_cspcl::runtime[0m[2m:[0m Dispatched inbound CSP bundle from 1:35 to BPA
[2m2026-08-02T17:10:44.875503Z[0m [32m INFO[0m [2mhardy_cspcl::runtime[0m[2m:[0m Dispatched inbound CSP bundle from 1:35 to BPA
[2m2026-08-02T17:10:45.177159Z[0m [32m INFO[0m [2mhardy_cspcl::runtime[0m[2m:[0m Dispatched inbound CSP bundle from 1:35 to BPA
[2m2026-08-02T17:10:45.478459Z[0m [32m INFO[0m [2mhardy_cspcl::runtime[0m[2m:[0m Dispatched inbound CSP bundle from 1:35 to BPA
[2m2026-08-02T17:10:45.779958Z[0m [32m INFO[0m [2mhardy_cspcl::runtime[0m[2m:[0m Dispatched inbound CSP bundle from 1:35 to BPA
[2m2026-08-02T17:10:46.081544Z[0m [32m INFO[0m [2mhardy_cspcl::runtime[0m[2m:[0m Dispatched inbound CSP bundle from 1:35 to BPA
[2m2026-08-02T17:10:46.383070Z[0m [32m INFO[0m [2mhardy_cspcl::runtime[0m[2m:[0m Dispatched inbound CSP bundle from 1:35 to BPA
[2m2026-08-02T17:10:47.324534Z[0m [32m INFO[0m [2mhardy_cspcl::runtime[0m[2m:[0m Dispatched inbound CSP bundle from 1:35 to BPA
[2m2026-08-02T17:10:47.324856Z[0m [32m INFO[0m [2mhardy_cspcl::runtime[0m[2m:[0m Dispatched inbound CSP bundle from 1:35 to BPA
[2m2026-08-02T17:10:47.432016Z[0m [32m INFO[0m [2mhardy_cspcl::runtime[0m[2m:[0m Dispatched inbound CSP bundle from 1:35 to BPA
[2m2026-08-02T17:10:47.734213Z[0m [32m INFO[0m [2mhardy_cspcl::runtime[0m[2m:[0m Dispatched inbound CSP bundle from 1:35 to BPA
[2m2026-08-02T17:10:48.046982Z[0m [32m INFO[0m [2mhardy_cspcl::runtime[0m[2m:[0m Dispatched inbound CSP bundle from 1:35 to BPA
[2m2026-08-02T17:10:48.348902Z[0m [32m INFO[0m [2mhardy_cspcl::runtime[0m[2m:[0m Dispatched inbound CSP bundle from 1:35 to BPA
[2m2026-08-02T17:10:48.661576Z[0m [32m INFO[0m [2mhardy_cspcl::runtime[0m[2m:[0m Dispatched inbound CSP bundle from 1:35 to BPA
[2m2026-08-02T17:10:48.963455Z[0m [32m INFO[0m [2mhardy_cspcl::runtime[0m[2m:[0m Dispatched inbound CSP bundle from 1:35 to BPA
[2m2026-08-02T17:10:48.964139Z[0m [32m INFO[0m [2mhardy_cspcl::runtime[0m[2m:[0m Dispatched inbound CSP bundle from 1:35 to BPA
[2m2026-08-02T17:10:49.265135Z[0m [32m INFO[0m [2mhardy_cspcl::runtime[0m[2m:[0m Dispatched inbound CSP bundle from 1:35 to BPA
[2m2026-08-02T17:10:50.255299Z[0m [32m INFO[0m [2mhardy_cspcl::runtime[0m[2m:[0m Dispatched inbound CSP bundle from 1:35 to BPA
[2m2026-08-02T17:10:50.577190Z[0m [32m INFO[0m [2mhardy_cspcl::runtime[0m[2m:[0m Dispatched inbound CSP bundle from 1:35 to BPA
[2m2026-08-02T17:10:50.901442Z[0m [32m INFO[0m [2mhardy_cspcl::runtime[0m[2m:[0m Dispatched inbound CSP bundle from 1:35 to BPA
[2m2026-08-02T17:10:51.230186Z[0m [32m INFO[0m [2mhardy_cspcl::runtime[0m[2m:[0m Dispatched inbound CSP bundle from 1:35 to BPA
[2m2026-08-02T17:10:51.554751Z[0m [32m INFO[0m [2mhardy_cspcl::runtime[0m[2m:[0m Dispatched inbound CSP bundle from 1:35 to BPA
[2m2026-08-02T17:10:51.883825Z[0m [32m INFO[0m [2mhardy_cspcl::runtime[0m[2m:[0m Dispatched inbound CSP bundle from 1:35 to BPA
[2m2026-08-02T17:10:52.204493Z[0m [32m INFO[0m [2mhardy_cspcl::runtime[0m[2m:[0m Dispatched inbound CSP bundle from 1:35 to BPA
[2m2026-08-02T17:10:52.539189Z[0m [32m INFO[0m [2mhardy_cspcl::runtime[0m[2m:[0m Dispatched inbound CSP bundle from 1:35 to BPA
[2m2026-08-02T17:10:52.871095Z[0m [32m INFO[0m [2mhardy_cspcl::runtime[0m[2m:[0m Dispatched inbound CSP bundle from 1:35 to BPA
[2m2026-08-02T17:10:53.197280Z[0m [32m INFO[0m [2mhardy_cspcl::runtime[0m[2m:[0m Dispatched inbound CSP bundle from 1:35 to BPA
[2m2026-08-02T17:10:53.522720Z[0m [32m INFO[0m [2mhardy_cspcl::runtime[0m[2m:[0m Dispatched inbound CSP bundle from 1:35 to BPA
[2m2026-08-02T17:10:53.848908Z[0m [32m INFO[0m [2mhardy_cspcl::runtime[0m[2m:[0m Dispatched inbound CSP bundle from 1:35 to BPA
[2m2026-08-02T17:10:54.174572Z[0m [32m INFO[0m [2mhardy_cspcl::runtime[0m[2m:[0m Dispatched inbound CSP bundle from 1:35 to BPA
[2m2026-08-02T17:10:54.500320Z[0m [32m INFO[0m [2mhardy_cspcl::runtime[0m[2m:[0m Dispatched inbound CSP bundle from 1:35 to BPA
[2m2026-08-02T17:10:54.825990Z[0m [32m INFO[0m [2mhardy_cspcl::runtime[0m[2m:[0m Dispatched inbound CSP bundle from 1:35 to BPA
[2m2026-08-02T17:10:55.147067Z[0m [32m INFO[0m [2mhardy_cspcl::runtime[0m[2m:[0m Dispatched inbound CSP bundle from 1:35 to BPA
[2m2026-08-02T17:10:55.475542Z[0m [32m INFO[0m [2mhardy_cspcl::runtime[0m[2m:[0m Dispatched inbound CSP bundle from 1:35 to BPA
[2m2026-08-02T17:10:55.801957Z[0m [32m INFO[0m [2mhardy_cspcl::runtime[0m[2m:[0m Dispatched inbound CSP bundle from 1:35 to BPA
[2m2026-08-02T17:10:56.123515Z[0m [32m INFO[0m [2mhardy_cspcl::runtime[0m[2m:[0m Dispatched inbound CSP bundle from 1:35 to BPA
[2m2026-08-02T17:10:56.452419Z[0m [32m INFO[0m [2mhardy_cspcl::runtime[0m[2m:[0m Dispatched inbound CSP bundle from 1:35 to BPA
[2m2026-08-02T17:10:56.772359Z[0m [32m INFO[0m [2mhardy_cspcl::runtime[0m[2m:[0m Dispatched inbound CSP bundle from 1:35 to BPA
[2m2026-08-02T17:10:57.100808Z[0m [32m INFO[0m [2mhardy_cspcl::runtime[0m[2m:[0m Dispatched inbound CSP bundle from 1:35 to BPA
[2m2026-08-02T17:10:57.421337Z[0m [32m INFO[0m [2mhardy_cspcl::runtime[0m[2m:[0m Dispatched inbound CSP bundle from 1:35 to BPA
[2m2026-08-02T17:10:57.753921Z[0m [32m INFO[0m [2mhardy_cspcl::runtime[0m[2m:[0m Dispatched inbound CSP bundle from 1:35 to BPA
[2m2026-08-02T17:10:58.077046Z[0m [32m INFO[0m [2mhardy_cspcl::runtime[0m[2m:[0m Dispatched inbound CSP bundle from 1:35 to BPA
[2m2026-08-02T17:10:58.400295Z[0m [32m INFO[0m [2mhardy_cspcl::runtime[0m[2m:[0m Dispatched inbound CSP bundle from 1:35 to BPA
[2m2026-08-02T17:10:58.728750Z[0m [32m INFO[0m [2mhardy_cspcl::runtime[0m[2m:[0m Dispatched inbound CSP bundle from 1:35 to BPA
[2m2026-08-02T17:10:59.055747Z[0m [32m INFO[0m [2mhardy_cspcl::runtime[0m[2m:[0m Dispatched inbound CSP bundle from 1:35 to BPA
[2m2026-08-02T17:10:59.380522Z[0m [32m INFO[0m [2mhardy_cspcl::runtime[0m[2m:[0m Dispatched inbound CSP bundle from 1:35 to BPA
[2m2026-08-02T17:10:59.700256Z[0m [32m INFO[0m [2mhardy_cspcl::runtime[0m[2m:[0m Dispatched inbound CSP bundle from 1:35 to BPA
[2m2026-08-02T17:11:00.029538Z[0m [32m INFO[0m [2mhardy_cspcl::runtime[0m[2m:[0m Dispatched inbound CSP bundle from 1:35 to BPA
[2m2026-08-02T17:11:00.356056Z[0m [32m INFO[0m [2mhardy_cspcl::runtime[0m[2m:[0m Dispatched inbound CSP bundle from 1:35 to BPA
[2m2026-08-02T17:11:00.679114Z[0m [32m INFO[0m [2mhardy_cspcl::runtime[0m[2m:[0m Dispatched inbound CSP bundle from 1:35 to BPA
[2m2026-08-02T17:11:01.017240Z[0m [32m INFO[0m [2mhardy_cspcl::runtime[0m[2m:[0m Dispatched inbound CSP bundle from 1:35 to BPA
[2m2026-08-02T17:11:01.340262Z[0m [32m INFO[0m [2mhardy_cspcl::runtime[0m[2m:[0m Dispatched inbound CSP bundle from 1:35 to BPA
[2m2026-08-02T17:11:01.665067Z[0m [32m INFO[0m [2mhardy_cspcl::runtime[0m[2m:[0m Dispatched inbound CSP bundle from 1:35 to BPA
[2m2026-08-02T17:11:01.990650Z[0m [32m INFO[0m [2mhardy_cspcl::runtime[0m[2m:[0m Dispatched inbound CSP bundle from 1:35 to BPA
[2m2026-08-02T17:11:02.318875Z[0m [32m INFO[0m [2mhardy_cspcl::runtime[0m[2m:[0m Dispatched inbound CSP bundle from 1:35 to BPA
[2m2026-08-02T17:11:02.642869Z[0m [32m INFO[0m [2mhardy_cspcl::runtime[0m[2m:[0m Dispatched inbound CSP bundle from 1:35 to BPA
[2m2026-08-02T17:11:02.970956Z[0m [32m INFO[0m [2mhardy_cspcl::runtime[0m[2m:[0m Dispatched inbound CSP bundle from 1:35 to BPA
[2m2026-08-02T17:11:03.289629Z[0m [32m INFO[0m [2mhardy_cspcl::runtime[0m[2m:[0m Dispatched inbound CSP bundle from 1:35 to BPA
[2m2026-08-02T17:11:03.608302Z[0m [32m INFO[0m [2mhardy_cspcl::runtime[0m[2m:[0m Dispatched inbound CSP bundle from 1:35 to BPA
[2m2026-08-02T17:11:03.936693Z[0m [32m INFO[0m [2mhardy_cspcl::runtime[0m[2m:[0m Dispatched inbound CSP bundle from 1:35 to BPA
[2m2026-08-02T17:11:04.262858Z[0m [32m INFO[0m [2mhardy_cspcl::runtime[0m[2m:[0m Dispatched inbound CSP bundle from 1:35 to BPA
[2m2026-08-02T17:11:04.588172Z[0m [32m INFO[0m [2mhardy_cspcl::runtime[0m[2m:[0m Dispatched inbound CSP bundle from 1:35 to BPA
[2m2026-08-02T17:11:04.913742Z[0m [32m INFO[0m [2mhardy_cspcl::runtime[0m[2m:[0m Dispatched inbound CSP bundle from 1:35 to BPA
[2m2026-08-02T17:11:05.240768Z[0m [32m INFO[0m [2mhardy_cspcl::runtime[0m[2m:[0m Dispatched inbound CSP bundle from 1:35 to BPA
[2m2026-08-02T17:11:05.563164Z[0m [32m INFO[0m [2mhardy_cspcl::runtime[0m[2m:[0m Dispatched inbound CSP bundle from 1:35 to BPA
[2m2026-08-02T17:11:05.887843Z[0m [32m INFO[0m [2mhardy_cspcl::runtime[0m[2m:[0m Dispatched inbound CSP bundle from 1:35 to BPA
[2m2026-08-02T17:11:06.217111Z[0m [32m INFO[0m [2mhardy_cspcl::runtime[0m[2m:[0m Dispatched inbound CSP bundle from 1:35 to BPA
[2m2026-08-02T17:11:06.540736Z[0m [32m INFO[0m [2mhardy_cspcl::runtime[0m[2m:[0m Dispatched inbound CSP bundle from 1:35 to BPA
[2m2026-08-02T17:11:06.868206Z[0m [32m INFO[0m [2mhardy_cspcl::runtime[0m[2m:[0m Dispatched inbound CSP bundle from 1:35 to BPA
[2m2026-08-02T17:11:07.193566Z[0m [32m INFO[0m [2mhardy_cspcl::runtime[0m[2m:[0m Dispatched inbound CSP bundle from 1:35 to BPA
[2m2026-08-02T17:11:07.519634Z[0m [32m INFO[0m [2mhardy_cspcl::runtime[0m[2m:[0m Dispatched inbound CSP bundle from 1:35 to BPA
[2m2026-08-02T17:11:07.845464Z[0m [32m INFO[0m [2mhardy_cspcl::runtime[0m[2m:[0m Dispatched inbound CSP bundle from 1:35 to BPA
[2m2026-08-02T17:11:08.171365Z[0m [32m INFO[0m [2mhardy_cspcl::runtime[0m[2m:[0m Dispatched inbound CSP bundle from 1:35 to BPA
[2m2026-08-02T17:11:08.493337Z[0m [32m INFO[0m [2mhardy_cspcl::runtime[0m[2m:[0m Dispatched inbound CSP bundle from 1:35 to BPA
[2m2026-08-02T17:11:08.826397Z[0m [32m INFO[0m [2mhardy_cspcl::runtime[0m[2m:[0m Dispatched inbound CSP bundle from 1:35 to BPA
[2m2026-08-02T17:11:09.148398Z[0m [32m INFO[0m [2mhardy_cspcl::runtime[0m[2m:[0m Dispatched inbound CSP bundle from 1:35 to BPA
[2m2026-08-02T17:11:09.470558Z[0m [32m INFO[0m [2mhardy_cspcl::runtime[0m[2m:[0m Dispatched inbound CSP bundle from 1:35 to BPA
[2m2026-08-02T17:11:09.787612Z[0m [32m INFO[0m [2mhardy_cspcl::runtime[0m[2m:[0m Dispatched inbound CSP bundle from 1:35 to BPA
[2m2026-08-02T17:11:10.118308Z[0m [32m INFO[0m [2mhardy_cspcl::runtime[0m[2m:[0m Dispatched inbound CSP bundle from 1:35 to BPA
[2m2026-08-02T17:11:10.441845Z[0m [32m INFO[0m [2mhardy_cspcl::runtime[0m[2m:[0m Dispatched inbound CSP bundle from 1:35 to BPA
[2m2026-08-02T17:11:10.768227Z[0m [32m INFO[0m [2mhardy_cspcl::runtime[0m[2m:[0m Dispatched inbound CSP bundle from 1:35 to BPA
[2m2026-08-02T17:11:11.095529Z[0m [32m INFO[0m [2mhardy_cspcl::runtime[0m[2m:[0m Dispatched inbound CSP bundle from 1:35 to BPA
[2m2026-08-02T17:11:11.421007Z[0m [32m INFO[0m [2mhardy_cspcl::runtime[0m[2m:[0m Dispatched inbound CSP bundle from 1:35 to BPA
[2m2026-08-02T17:11:11.745865Z[0m [32m INFO[0m [2mhardy_cspcl::runtime[0m[2m:[0m Dispatched inbound CSP bundle from 1:35 to BPA
[2m2026-08-02T17:11:12.071489Z[0m [32m INFO[0m [2mhardy_cspcl::runtime[0m[2m:[0m Dispatched inbound CSP bundle from 1:35 to BPA
[2m2026-08-02T17:11:12.410584Z[0m [32m INFO[0m [2mhardy_cspcl::runtime[0m[2m:[0m Dispatched inbound CSP bundle from 1:35 to BPA
[2m2026-08-02T17:11:12.734542Z[0m [32m INFO[0m [2mhardy_cspcl::runtime[0m[2m:[0m Dispatched inbound CSP bundle from 1:35 to BPA
[2m2026-08-02T17:11:13.059755Z[0m [32m INFO[0m [2mhardy_cspcl::runtime[0m[2m:[0m Dispatched inbound CSP bundle from 1:35 to BPA
[2m2026-08-02T17:11:13.385540Z[0m [32m INFO[0m [2mhardy_cspcl::runtime[0m[2m:[0m Dispatched inbound CSP bundle from 1:35 to BPA
[2m2026-08-02T17:11:13.711102Z[0m [32m INFO[0m [2mhardy_cspcl::runtime[0m[2m:[0m Dispatched inbound CSP bundle from 1:35 to BPA
[2m2026-08-02T17:11:14.036298Z[0m [32m INFO[0m [2mhardy_cspcl::runtime[0m[2m:[0m Dispatched inbound CSP bundle from 1:35 to BPA
[2m2026-08-02T17:11:14.364173Z[0m [32m INFO[0m [2mhardy_cspcl::runtime[0m[2m:[0m Dispatched inbound CSP bundle from 1:35 to BPA
[2m2026-08-02T17:11:14.687060Z[0m [32m INFO[0m [2mhardy_cspcl::runtime[0m[2m:[0m Dispatched inbound CSP bundle from 1:35 to BPA
[2m2026-08-02T17:11:15.010488Z[0m [32m INFO[0m [2mhardy_cspcl::runtime[0m[2m:[0m Dispatched inbound CSP bundle from 1:35 to BPA
[2m2026-08-02T17:11:15.340663Z[0m [32m INFO[0m [2mhardy_cspcl::runtime[0m[2m:[0m Dispatched inbound CSP bundle from 1:35 to BPA
[2m2026-08-02T17:11:15.667145Z[0m [32m INFO[0m [2mhardy_cspcl::runtime[0m[2m:[0m Dispatched inbound CSP bundle from 1:35 to BPA
[2m2026-08-02T17:11:15.985771Z[0m [32m INFO[0m [2mhardy_cspcl::runtime[0m[2m:[0m Dispatched inbound CSP bundle from 1:35 to BPA
[2m2026-08-02T17:11:16.305347Z[0m [32m INFO[0m [2mhardy_cspcl::runtime[0m[2m:[0m Dispatched inbound CSP bundle from 1:35 to BPA
[2m2026-08-02T17:11:16.632913Z[0m [32m INFO[0m [2mhardy_cspcl::runtime[0m[2m:[0m Dispatched inbound CSP bundle from 1:35 to BPA
[2m2026-08-02T17:11:16.967975Z[0m [32m INFO[0m [2mhardy_cspcl::runtime[0m[2m:[0m Dispatched inbound CSP bundle from 1:35 to BPA
[2m2026-08-02T17:11:17.295440Z[0m [32m INFO[0m [2mhardy_cspcl::runtime[0m[2m:[0m Dispatched inbound CSP bundle from 1:35 to BPA
[2m2026-08-02T17:11:17.620645Z[0m [32m INFO[0m [2mhardy_cspcl::runtime[0m[2m:[0m Dispatched inbound CSP bundle from 1:35 to BPA
[2m2026-08-02T17:11:17.947526Z[0m [32m INFO[0m [2mhardy_cspcl::runtime[0m[2m:[0m Dispatched inbound CSP bundle from 1:35 to BPA
[2m2026-08-02T17:11:18.272074Z[0m [32m INFO[0m [2mhardy_cspcl::runtime[0m[2m:[0m Dispatched inbound CSP bundle from 1:35 to BPA
[2m2026-08-02T17:11:18.595139Z[0m [32m INFO[0m [2mhardy_cspcl::runtime[0m[2m:[0m Dispatched inbound CSP bundle from 1:35 to BPA
[2m2026-08-02T17:11:18.924902Z[0m [32m INFO[0m [2mhardy_cspcl::runtime[0m[2m:[0m Dispatched inbound CSP bundle from 1:35 to BPA
[2m2026-08-02T17:11:19.249468Z[0m [32m INFO[0m [2mhardy_cspcl::runtime[0m[2m:[0m Dispatched inbound CSP bundle from 1:35 to BPA
[2m2026-08-02T17:11:19.575383Z[0m [32m INFO[0m [2mhardy_cspcl::runtime[0m[2m:[0m Dispatched inbound CSP bundle from 1:35 to BPA
[2m2026-08-02T17:11:19.899698Z[0m [32m INFO[0m [2mhardy_cspcl::runtime[0m[2m:[0m Dispatched inbound CSP bundle from 1:35 to BPA
[2m2026-08-02T17:11:20.230380Z[0m [32m INFO[0m [2mhardy_cspcl::runtime[0m[2m:[0m Dispatched inbound CSP bundle from 1:35 to BPA
[2m2026-08-02T17:11:20.550770Z[0m [32m INFO[0m [2mhardy_cspcl::runtime[0m[2m:[0m Dispatched inbound CSP bundle from 1:35 to BPA
[2m2026-08-02T17:11:20.877586Z[0m [32m INFO[0m [2mhardy_cspcl::runtime[0m[2m:[0m Dispatched inbound CSP bundle from 1:35 to BPA
[2m2026-08-02T17:11:21.205592Z[0m [32m INFO[0m [2mhardy_cspcl::runtime[0m[2m:[0m Dispatched inbound CSP bundle from 1:35 to BPA
[2m2026-08-02T17:11:21.529955Z[0m [32m INFO[0m [2mhardy_cspcl::runtime[0m[2m:[0m Dispatched inbound CSP bundle from 1:35 to BPA
[2m2026-08-02T17:11:21.854156Z[0m [32m INFO[0m [2mhardy_cspcl::runtime[0m[2m:[0m Dispatched inbound CSP bundle from 1:35 to BPA
[2m2026-08-02T17:11:22.183422Z[0m [32m INFO[0m [2mhardy_cspcl::runtime[0m[2m:[0m Dispatched inbound CSP bundle from 1:35 to BPA
[2m2026-08-02T17:11:22.506911Z[0m [32m INFO[0m [2mhardy_cspcl::runtime[0m[2m:[0m Dispatched inbound CSP bundle from 1:35 to BPA
[2m2026-08-02T17:11:22.894526Z[0m [32m INFO[0m [2mhardy_cspcl::runtime[0m[2m:[0m Dispatched inbound CSP bundle from 1:35 to BPA
[2m2026-08-02T17:11:23.219734Z[0m [32m INFO[0m [2mhardy_cspcl::runtime[0m[2m:[0m Dispatched inbound CSP bundle from 1:35 to BPA
[2m2026-08-02T17:11:23.546002Z[0m [32m INFO[0m [2mhardy_cspcl::runtime[0m[2m:[0m Dispatched inbound CSP bundle from 1:35 to BPA
[2m2026-08-02T17:11:23.871137Z[0m [32m INFO[0m [2mhardy_cspcl::runtime[0m[2m:[0m Dispatched inbound CSP bundle from 1:35 to BPA
[2m2026-08-02T17:11:24.195443Z[0m [32m INFO[0m [2mhardy_cspcl::runtime[0m[2m:[0m Dispatched inbound CSP bundle from 1:35 to BPA
[2m2026-08-02T17:11:24.519253Z[0m [32m INFO[0m [2mhardy_cspcl::runtime[0m[2m:[0m Dispatched inbound CSP bundle from 1:35 to BPA
[2m2026-08-02T17:11:24.850501Z[0m [32m INFO[0m [2mhardy_cspcl::runtime[0m[2m:[0m Dispatched inbound CSP bundle from 1:35 to BPA
[2m2026-08-02T17:11:25.171017Z[0m [32m INFO[0m [2mhardy_cspcl::runtime[0m[2m:[0m Dispatched inbound CSP bundle from 1:35 to BPA
[2m2026-08-02T17:11:25.499238Z[0m [32m INFO[0m [2mhardy_cspcl::runtime[0m[2m:[0m Dispatched inbound CSP bundle from 1:35 to BPA
[2m2026-08-02T17:11:25.821774Z[0m [32m INFO[0m [2mhardy_cspcl::runtime[0m[2m:[0m Dispatched inbound CSP bundle from 1:35 to BPA
[2m2026-08-02T17:11:26.150899Z[0m [32m INFO[0m [2mhardy_cspcl::runtime[0m[2m:[0m Dispatched inbound CSP bundle from 1:35 to BPA
[2m2026-08-02T17:11:26.475896Z[0m [32m INFO[0m [2mhardy_cspcl::runtime[0m[2m:[0m Dispatched inbound CSP bundle from 1:35 to BPA
[2m2026-08-02T17:11:26.804012Z[0m [32m INFO[0m [2mhardy_cspcl::runtime[0m[2m:[0m Dispatched inbound CSP bundle from 1:35 to BPA
[2m2026-08-02T17:11:27.128442Z[0m [32m INFO[0m [2mhardy_cspcl::runtime[0m[2m:[0m Dispatched inbound CSP bundle from 1:35 to BPA
[2m2026-08-02T17:11:27.455063Z[0m [32m INFO[0m [2mhardy_cspcl::runtime[0m[2m:[0m Dispatched inbound CSP bundle from 1:35 to BPA
[2m2026-08-02T17:11:27.779437Z[0m [32m INFO[0m [2mhardy_cspcl::runtime[0m[2m:[0m Dispatched inbound CSP bundle from 1:35 to BPA
[2m2026-08-02T17:11:28.104011Z[0m [32m INFO[0m [2mhardy_cspcl::runtime[0m[2m:[0m Dispatched inbound CSP bundle from 1:35 to BPA
[2m2026-08-02T17:11:28.432236Z[0m [32m INFO[0m [2mhardy_cspcl::runtime[0m[2m:[0m Dispatched inbound CSP bundle from 1:35 to BPA
[2m2026-08-02T17:11:28.754510Z[0m [32m INFO[0m [2mhardy_cspcl::runtime[0m[2m:[0m Dispatched inbound CSP bundle from 1:35 to BPA
[2m2026-08-02T17:11:29.083532Z[0m [32m INFO[0m [2mhardy_cspcl::runtime[0m[2m:[0m Dispatched inbound CSP bundle from 1:35 to BPA
[2m2026-08-02T17:11:29.404348Z[0m [32m INFO[0m [2mhardy_cspcl::runtime[0m[2m:[0m Dispatched inbound CSP bundle from 1:35 to BPA
[2m2026-08-02T17:11:29.731759Z[0m [32m INFO[0m [2mhardy_cspcl::runtime[0m[2m:[0m Dispatched inbound CSP bundle from 1:35 to BPA
[2m2026-08-02T17:11:30.055634Z[0m [32m INFO[0m [2mhardy_cspcl::runtime[0m[2m:[0m Dispatched inbound CSP bundle from 1:35 to BPA
[2m2026-08-02T17:11:30.381207Z[0m [32m INFO[0m [2mhardy_cspcl::runtime[0m[2m:[0m Dispatched inbound CSP bundle from 1:35 to BPA
[2m2026-08-02T17:11:30.708149Z[0m [32m INFO[0m [2mhardy_cspcl::runtime[0m[2m:[0m Dispatched inbound CSP bundle from 1:35 to BPA
[2m2026-08-02T17:11:31.032930Z[0m [32m INFO[0m [2mhardy_cspcl::runtime[0m[2m:[0m Dispatched inbound CSP bundle from 1:35 to BPA
[2m2026-08-02T17:11:31.358703Z[0m [32m INFO[0m [2mhardy_cspcl::runtime[0m[2m:[0m Dispatched inbound CSP bundle from 1:35 to BPA
[2m2026-08-02T17:11:31.681420Z[0m [32m INFO[0m [2mhardy_cspcl::runtime[0m[2m:[0m Dispatched inbound CSP bundle from 1:35 to BPA
[2m2026-08-02T17:11:32.006005Z[0m [32m INFO[0m [2mhardy_cspcl::runtime[0m[2m:[0m Dispatched inbound CSP bundle from 1:35 to BPA
[2m2026-08-02T17:11:32.321097Z[0m [32m INFO[0m [2mhardy_cspcl::runtime[0m[2m:[0m Dispatched inbound CSP bundle from 1:35 to BPA
[2m2026-08-02T17:11:32.654482Z[0m [32m INFO[0m [2mhardy_cspcl::runtime[0m[2m:[0m Dispatched inbound CSP bundle from 1:35 to BPA
[2m2026-08-02T17:11:32.977455Z[0m [32m INFO[0m [2mhardy_cspcl::runtime[0m[2m:[0m Dispatched inbound CSP bundle from 1:35 to BPA
[2m2026-08-02T17:11:33.302074Z[0m [32m INFO[0m [2mhardy_cspcl::runtime[0m[2m:[0m Dispatched inbound CSP bundle from 1:35 to BPA
[2m2026-08-02T17:11:33.627882Z[0m [32m INFO[0m [2mhardy_cspcl::runtime[0m[2m:[0m Dispatched inbound CSP bundle from 1:35 to BPA
[2m2026-08-02T17:11:33.957289Z[0m [32m INFO[0m [2mhardy_cspcl::runtime[0m[2m:[0m Dispatched inbound CSP bundle from 1:35 to BPA
[2m2026-08-02T17:11:34.282853Z[0m [32m INFO[0m [2mhardy_cspcl::runtime[0m[2m:[0m Dispatched inbound CSP bundle from 1:35 to BPA
[2m2026-08-02T17:11:34.606137Z[0m [32m INFO[0m [2mhardy_cspcl::runtime[0m[2m:[0m Dispatched inbound CSP bundle from 1:35 to BPA
[2m2026-08-02T17:11:34.933806Z[0m [32m INFO[0m [2mhardy_cspcl::runtime[0m[2m:[0m Dispatched inbound CSP bundle from 1:35 to BPA
[2m2026-08-02T17:11:35.257199Z[0m [32m INFO[0m [2mhardy_cspcl::runtime[0m[2m:[0m Dispatched inbound CSP bundle from 1:35 to BPA
[2m2026-08-02T17:11:35.580048Z[0m [32m INFO[0m [2mhardy_cspcl::runtime[0m[2m:[0m Dispatched inbound CSP bundle from 1:35 to BPA
[2m2026-08-02T17:11:35.910884Z[0m [32m INFO[0m [2mhardy_cspcl::runtime[0m[2m:[0m Dispatched inbound CSP bundle from 1:35 to BPA
[2m2026-08-02T17:11:36.237880Z[0m [32m INFO[0m [2mhardy_cspcl::runtime[0m[2m:[0m Dispatched inbound CSP bundle from 1:35 to BPA
[2m2026-08-02T17:11:36.561565Z[0m [32m INFO[0m [2mhardy_cspcl::runtime[0m[2m:[0m Dispatched inbound CSP bundle from 1:35 to BPA
[2m2026-08-02T17:11:36.887434Z[0m [32m INFO[0m [2mhardy_cspcl::runtime[0m[2m:[0m Dispatched inbound CSP bundle from 1:35 to BPA
[2m2026-08-02T17:11:37.213204Z[0m [32m INFO[0m [2mhardy_cspcl::runtime[0m[2m:[0m Dispatched inbound CSP bundle from 1:35 to BPA
[2m2026-08-02T17:11:37.533871Z[0m [32m INFO[0m [2mhardy_cspcl::runtime[0m[2m:[0m Dispatched inbound CSP bundle from 1:35 to BPA
[2m2026-08-02T17:11:37.866863Z[0m [32m INFO[0m [2mhardy_cspcl::runtime[0m[2m:[0m Dispatched inbound CSP bundle from 1:35 to BPA
[2m2026-08-02T17:11:38.186250Z[0m [32m INFO[0m [2mhardy_cspcl::runtime[0m[2m:[0m Dispatched inbound CSP bundle from 1:35 to BPA
[2m2026-08-02T17:11:38.516618Z[0m [32m INFO[0m [2mhardy_cspcl::runtime[0m[2m:[0m Dispatched inbound CSP bundle from 1:35 to BPA
[2m2026-08-02T17:11:38.840906Z[0m [32m INFO[0m [2mhardy_cspcl::runtime[0m[2m:[0m Dispatched inbound CSP bundle from 1:35 to BPA
[2m2026-08-02T17:11:39.163724Z[0m [32m INFO[0m [2mhardy_cspcl::runtime[0m[2m:[0m Dispatched inbound CSP bundle from 1:35 to BPA
[2m2026-08-02T17:11:39.489778Z[0m [32m INFO[0m [2mhardy_cspcl::runtime[0m[2m:[0m Dispatched inbound CSP bundle from 1:35 to BPA
[2m2026-08-02T17:11:39.810819Z[0m [32m INFO[0m [2mhardy_cspcl::runtime[0m[2m:[0m Dispatched inbound CSP bundle from 1:35 to BPA
[2m2026-08-02T17:11:40.135338Z[0m [32m INFO[0m [2mhardy_cspcl::runtime[0m[2m:[0m Dispatched inbound CSP bundle from 1:35 to BPA
[2m2026-08-02T17:11:40.463679Z[0m [32m INFO[0m [2mhardy_cspcl::runtime[0m[2m:[0m Dispatched inbound CSP bundle from 1:35 to BPA
[2m2026-08-02T17:11:40.794121Z[0m [32m INFO[0m [2mhardy_cspcl::runtime[0m[2m:[0m Dispatched inbound CSP bundle from 1:35 to BPA
[2m2026-08-02T17:11:41.115555Z[0m [32m INFO[0m [2mhardy_cspcl::runtime[0m[2m:[0m Dispatched inbound CSP bundle from 1:35 to BPA
[2m2026-08-02T17:11:41.443896Z[0m [32m INFO[0m [2mhardy_cspcl::runtime[0m[2m:[0m Dispatched inbound CSP bundle from 1:35 to BPA
[2m2026-08-02T17:11:41.770552Z[0m [32m INFO[0m [2mhardy_cspcl::runtime[0m[2m:[0m Dispatched inbound CSP bundle from 1:35 to BPA
[2m2026-08-02T17:11:42.094159Z[0m [32m INFO[0m [2mhardy_cspcl::runtime[0m[2m:[0m Dispatched inbound CSP bundle from 1:35 to BPA
[2m2026-08-02T17:11:42.420962Z[0m [32m INFO[0m [2mhardy_cspcl::runtime[0m[2m:[0m Dispatched inbound CSP bundle from 1:35 to BPA
[2m2026-08-02T17:11:42.749860Z[0m [32m INFO[0m [2mhardy_cspcl::runtime[0m[2m:[0m Dispatched inbound CSP bundle from 1:35 to BPA
[2m2026-08-02T17:11:43.075217Z[0m [32m INFO[0m [2mhardy_cspcl::runtime[0m[2m:[0m Dispatched inbound CSP bundle from 1:35 to BPA
[2m2026-08-02T17:11:43.402569Z[0m [32m INFO[0m [2mhardy_cspcl::runtime[0m[2m:[0m Dispatched inbound CSP bundle from 1:35 to BPA
[2m2026-08-02T17:11:43.725614Z[0m [32m INFO[0m [2mhardy_cspcl::runtime[0m[2m:[0m Dispatched inbound CSP bundle from 1:35 to BPA
[2m2026-08-02T17:11:44.049396Z[0m [32m INFO[0m [2mhardy_cspcl::runtime[0m[2m:[0m Dispatched inbound CSP bundle from 1:35 to BPA
[2m2026-08-02T17:11:44.380321Z[0m [32m INFO[0m [2mhardy_cspcl::runtime[0m[2m:[0m Dispatched inbound CSP bundle from 1:35 to BPA
[2m2026-08-02T17:11:44.702992Z[0m [32m INFO[0m [2mhardy_cspcl::runtime[0m[2m:[0m Dispatched inbound CSP bundle from 1:35 to BPA
[2m2026-08-02T17:11:45.024067Z[0m [32m INFO[0m [2mhardy_cspcl::runtime[0m[2m:[0m Dispatched inbound CSP bundle from 1:35 to BPA
[2m2026-08-02T17:11:45.355051Z[0m [32m INFO[0m [2mhardy_cspcl::runtime[0m[2m:[0m Dispatched inbound CSP bundle from 1:35 to BPA
[2m2026-08-02T17:11:45.679835Z[0m [32m INFO[0m [2mhardy_cspcl::runtime[0m[2m:[0m Dispatched inbound CSP bundle from 1:35 to BPA
[2m2026-08-02T17:11:46.003774Z[0m [32m INFO[0m [2mhardy_cspcl::runtime[0m[2m:[0m Dispatched inbound CSP bundle from 1:35 to BPA
[2m2026-08-02T17:11:46.330974Z[0m [32m INFO[0m [2mhardy_cspcl::runtime[0m[2m:[0m Dispatched inbound CSP bundle from 1:35 to BPA
[2m2026-08-02T17:11:46.658962Z[0m [32m INFO[0m [2mhardy_cspcl::runtime[0m[2m:[0m Dispatched inbound CSP bundle from 1:35 to BPA
[2m2026-08-02T17:11:46.983838Z[0m [32m INFO[0m [2mhardy_cspcl::runtime[0m[2m:[0m Dispatched inbound CSP bundle from 1:35 to BPA
[2m2026-08-02T17:11:47.308818Z[0m [32m INFO[0m [2mhardy_cspcl::runtime[0m[2m:[0m Dispatched inbound CSP bundle from 1:35 to BPA
[2m2026-08-02T17:11:47.633410Z[0m [32m INFO[0m [2mhardy_cspcl::runtime[0m[2m:[0m Dispatched inbound CSP bundle from 1:35 to BPA
[2m2026-08-02T17:11:47.960862Z[0m [32m INFO[0m [2mhardy_cspcl::runtime[0m[2m:[0m Dispatched inbound CSP bundle from 1:35 to BPA
[2m2026-08-02T17:11:48.283494Z[0m [32m INFO[0m [2mhardy_cspcl::runtime[0m[2m:[0m Dispatched inbound CSP bundle from 1:35 to BPA
[2m2026-08-02T17:11:48.610632Z[0m [32m INFO[0m [2mhardy_cspcl::runtime[0m[2m:[0m Dispatched inbound CSP bundle from 1:35 to BPA
[2m2026-08-02T17:11:48.935634Z[0m [32m INFO[0m [2mhardy_cspcl::runtime[0m[2m:[0m Dispatched inbound CSP bundle from 1:35 to BPA
[2m2026-08-02T17:11:49.259749Z[0m [32m INFO[0m [2mhardy_cspcl::runtime[0m[2m:[0m Dispatched inbound CSP bundle from 1:35 to BPA
[2m2026-08-02T17:11:49.583094Z[0m [32m INFO[0m [2mhardy_cspcl::runtime[0m[2m:[0m Dispatched inbound CSP bundle from 1:35 to BPA
[2m2026-08-02T17:11:49.905807Z[0m [32m INFO[0m [2mhardy_cspcl::runtime[0m[2m:[0m Dispatched inbound CSP bundle from 1:35 to BPA
[2m2026-08-02T17:11:50.225019Z[0m [32m INFO[0m [2mhardy_cspcl::runtime[0m[2m:[0m Dispatched inbound CSP bundle from 1:35 to BPA
[2m2026-08-02T17:11:50.551323Z[0m [32m INFO[0m [2mhardy_cspcl::runtime[0m[2m:[0m Dispatched inbound CSP bundle from 1:35 to BPA
[2m2026-08-02T17:11:50.875354Z[0m [32m INFO[0m [2mhardy_cspcl::runtime[0m[2m:[0m Dispatched inbound CSP bundle from 1:35 to BPA
[2m2026-08-02T17:11:51.204421Z[0m [32m INFO[0m [2mhardy_cspcl::runtime[0m[2m:[0m Dispatched inbound CSP bundle from 1:35 to BPA
[2m2026-08-02T17:11:51.529122Z[0m [32m INFO[0m [2mhardy_cspcl::runtime[0m[2m:[0m Dispatched inbound CSP bundle from 1:35 to BPA
[2m2026-08-02T17:11:51.853659Z[0m [32m INFO[0m [2mhardy_cspcl::runtime[0m[2m:[0m Dispatched inbound CSP bundle from 1:35 to BPA
[2m2026-08-02T17:11:52.181720Z[0m [32m INFO[0m [2mhardy_cspcl::runtime[0m[2m:[0m Dispatched inbound CSP bundle from 1:35 to BPA
[2m2026-08-02T17:11:52.504968Z[0m [32m INFO[0m [2mhardy_cspcl::runtime[0m[2m:[0m Dispatched inbound CSP bundle from 1:35 to BPA
[2m2026-08-02T17:11:52.833300Z[0m [32m INFO[0m [2mhardy_cspcl::runtime[0m[2m:[0m Dispatched inbound CSP bundle from 1:35 to BPA
[2m2026-08-02T17:11:53.156361Z[0m [32m INFO[0m [2mhardy_cspcl::runtime[0m[2m:[0m Dispatched inbound CSP bundle from 1:35 to BPA
[2m2026-08-02T17:11:53.477060Z[0m [32m INFO[0m [2mhardy_cspcl::runtime[0m[2m:[0m Dispatched inbound CSP bundle from 1:35 to BPA
[2m2026-08-02T17:11:53.801940Z[0m [32m INFO[0m [2mhardy_cspcl::runtime[0m[2m:[0m Dispatched inbound CSP bundle from 1:35 to BPA
[2m2026-08-02T17:11:54.133528Z[0m [32m INFO[0m [2mhardy_cspcl::runtime[0m[2m:[0m Dispatched inbound CSP bundle from 1:35 to BPA
[2m2026-08-02T17:11:54.457763Z[0m [32m INFO[0m [2mhardy_cspcl::runtime[0m[2m:[0m Dispatched inbound CSP bundle from 1:35 to BPA
[2m2026-08-02T17:11:54.784702Z[0m [32m INFO[0m [2mhardy_cspcl::runtime[0m[2m:[0m Dispatched inbound CSP bundle from 1:35 to BPA
[2m2026-08-02T17:11:55.107811Z[0m [32m INFO[0m [2mhardy_cspcl::runtime[0m[2m:[0m Dispatched inbound CSP bundle from 1:35 to BPA
