[cspcla 18:50:48 pid=341729 tid=140650079932992] signal handlers installed
[cspcla 18:50:48 pid=341729 tid=140650079932992] csp_cla_init begin local_addr=1 csp_port=10 cla_id=2001 bp_dir=/tmp/unibo-node1
[cspcla 18:50:48 pid=341729 tid=140650079932992] connected to unibo-bp cla api
[cspcla 18:50:48 pid=341729 tid=140650079932992] started planned-neighbor observation for 31 peers
[cspcla 18:50:48 pid=341729 tid=140650079932992] trace settings: CSPCL_TRACE=(unset) CSPCLA_TRACE_PAYLOAD=(unset) CSPCLA_TRACE_BYTES=(unset)
[cspcla 18:50:48 pid=341729 tid=140650079932992] csp_cla_init completed
[cspcla 18:50:48 pid=341729 tid=140650048079552] rx thread started
[cspcla 18:50:48 pid=341729 tid=140650056472256] add_contact callback: uplink=1 csp_addr=2
[cspcla 18:50:48 pid=341729 tid=140650056472256] creating new link for csp_addr=2
[cspcla 18:50:48 pid=341729 tid=140650056472256] link ready csp_addr=2 link_id=2 slot=0
[cspcla 18:50:48 pid=341729 tid=140650056472256] add_contact callback: opened link_id=2 for csp_addr=2
[cspcla 18:50:48 pid=341729 tid=140650056472256] add_range callback: uplink=1 csp_addr=2 owlt=0
[cspcla 18:50:48 pid=341729 tid=140650056472256] add_range callback: uplink=0 csp_addr=2 owlt=0
[cspcla 18:51:00 pid=341729 tid=140650056472256] outbound_pdu callback link_id=2 tx_id=1 len=167
[cspcla 18:51:01 pid=341729 tid=140650056472256] ✓ TX SUCCESS tx_id=1 dst_csp=2:10 bytes=167 (all ACKs received)
[cspcla 18:51:01 pid=341729 tid=140650056472256] outbound_pdu callback link_id=2 tx_id=2 len=167
[cspcla 18:51:01 pid=341729 tid=140650056472256] ✓ TX SUCCESS tx_id=2 dst_csp=2:10 bytes=167 (all ACKs received)
[cspcla 18:51:01 pid=341729 tid=140650056472256] outbound_pdu callback link_id=2 tx_id=3 len=167
[cspcla 18:51:01 pid=341729 tid=140650056472256] ✓ TX SUCCESS tx_id=3 dst_csp=2:10 bytes=167 (all ACKs received)
[cspcla 18:51:01 pid=341729 tid=140650056472256] outbound_pdu callback link_id=2 tx_id=4 len=167
[cspcla 18:51:01 pid=341729 tid=140650056472256] ✓ TX SUCCESS tx_id=4 dst_csp=2:10 bytes=167 (all ACKs received)
[cspcla 18:51:01 pid=341729 tid=140650056472256] outbound_pdu callback link_id=2 tx_id=5 len=167
[cspcla 18:51:01 pid=341729 tid=140650056472256] ✓ TX SUCCESS tx_id=5 dst_csp=2:10 bytes=167 (all ACKs received)
[cspcla 18:51:01 pid=341729 tid=140650056472256] outbound_pdu callback link_id=2 tx_id=6 len=167
[cspcla 18:51:01 pid=341729 tid=140650056472256] ✓ TX SUCCESS tx_id=6 dst_csp=2:10 bytes=167 (all ACKs received)
[cspcla 18:51:01 pid=341729 tid=140650056472256] outbound_pdu callback link_id=2 tx_id=7 len=167
[cspcla 18:51:01 pid=341729 tid=140650056472256] ✓ TX SUCCESS tx_id=7 dst_csp=2:10 bytes=167 (all ACKs received)
[cspcla 18:51:01 pid=341729 tid=140650056472256] outbound_pdu callback link_id=2 tx_id=8 len=167
[cspcla 18:51:01 pid=341729 tid=140650056472256] ✓ TX SUCCESS tx_id=8 dst_csp=2:10 bytes=167 (all ACKs received)
[cspcla 18:51:01 pid=341729 tid=140650056472256] outbound_pdu callback link_id=2 tx_id=9 len=167
[cspcla 18:51:01 pid=341729 tid=140650056472256] ✓ TX SUCCESS tx_id=9 dst_csp=2:10 bytes=167 (all ACKs received)
[cspcla 18:51:01 pid=341729 tid=140650056472256] outbound_pdu callback link_id=2 tx_id=10 len=167
[cspcla 18:51:01 pid=341729 tid=140650056472256] ✓ TX SUCCESS tx_id=10 dst_csp=2:10 bytes=167 (all ACKs received)
[cspcla 18:51:02 pid=341729 tid=140650056472256] outbound_pdu callback link_id=2 tx_id=11 len=167
[cspcla 18:51:02 pid=341729 tid=140650056472256] ✓ TX SUCCESS tx_id=11 dst_csp=2:10 bytes=167 (all ACKs received)
[cspcla 18:51:02 pid=341729 tid=140650056472256] outbound_pdu callback link_id=2 tx_id=12 len=167
[cspcla 18:51:02 pid=341729 tid=140650056472256] ✓ TX SUCCESS tx_id=12 dst_csp=2:10 bytes=167 (all ACKs received)
[cspcla 18:51:02 pid=341729 tid=140650056472256] outbound_pdu callback link_id=2 tx_id=13 len=167
[cspcla 18:51:02 pid=341729 tid=140650056472256] ✓ TX SUCCESS tx_id=13 dst_csp=2:10 bytes=167 (all ACKs received)
[cspcla 18:51:02 pid=341729 tid=140650056472256] outbound_pdu callback link_id=2 tx_id=14 len=167
[cspcla 18:51:02 pid=341729 tid=140650056472256] ✓ TX SUCCESS tx_id=14 dst_csp=2:10 bytes=167 (all ACKs received)
[cspcla 18:51:02 pid=341729 tid=140650056472256] outbound_pdu callback link_id=2 tx_id=15 len=167
[cspcla 18:51:02 pid=341729 tid=140650056472256] ✓ TX SUCCESS tx_id=15 dst_csp=2:10 bytes=167 (all ACKs received)
[cspcla 18:51:02 pid=341729 tid=140650056472256] outbound_pdu callback link_id=2 tx_id=16 len=167
[cspcla 18:51:02 pid=341729 tid=140650056472256] ✓ TX SUCCESS tx_id=16 dst_csp=2:10 bytes=167 (all ACKs received)
[cspcla 18:51:02 pid=341729 tid=140650056472256] outbound_pdu callback link_id=2 tx_id=17 len=167
[cspcla 18:51:02 pid=341729 tid=140650056472256] ✓ TX SUCCESS tx_id=17 dst_csp=2:10 bytes=167 (all ACKs received)
[cspcla 18:51:02 pid=341729 tid=140650056472256] outbound_pdu callback link_id=2 tx_id=18 len=167
[cspcla 18:51:02 pid=341729 tid=140650056472256] ✓ TX SUCCESS tx_id=18 dst_csp=2:10 bytes=167 (all ACKs received)
[cspcla 18:51:02 pid=341729 tid=140650056472256] outbound_pdu callback link_id=2 tx_id=19 len=167
[cspcla 18:51:02 pid=341729 tid=140650056472256] ✓ TX SUCCESS tx_id=19 dst_csp=2:10 bytes=167 (all ACKs received)
[cspcla 18:51:02 pid=341729 tid=140650056472256] outbound_pdu callback link_id=2 tx_id=20 len=167
[cspcla 18:51:02 pid=341729 tid=140650056472256] ✓ TX SUCCESS tx_id=20 dst_csp=2:10 bytes=167 (all ACKs received)
[cspcla 18:51:03 pid=341729 tid=140650056472256] outbound_pdu callback link_id=2 tx_id=21 len=167
[cspcla 18:51:03 pid=341729 tid=140650056472256] ✓ TX SUCCESS tx_id=21 dst_csp=2:10 bytes=167 (all ACKs received)
[cspcla 18:51:03 pid=341729 tid=140650056472256] outbound_pdu callback link_id=2 tx_id=22 len=167
[cspcla 18:51:03 pid=341729 tid=140650056472256] ✓ TX SUCCESS tx_id=22 dst_csp=2:10 bytes=167 (all ACKs received)
[cspcla 18:51:03 pid=341729 tid=140650056472256] outbound_pdu callback link_id=2 tx_id=23 len=167
[cspcla 18:51:03 pid=341729 tid=140650056472256] ✓ TX SUCCESS tx_id=23 dst_csp=2:10 bytes=167 (all ACKs received)
[cspcla 18:51:03 pid=341729 tid=140650056472256] outbound_pdu callback link_id=2 tx_id=24 len=167
[cspcla 18:51:03 pid=341729 tid=140650056472256] ✓ TX SUCCESS tx_id=24 dst_csp=2:10 bytes=167 (all ACKs received)
[cspcla 18:51:03 pid=341729 tid=140650056472256] outbound_pdu callback link_id=2 tx_id=25 len=167
[cspcla 18:51:03 pid=341729 tid=140650056472256] ✓ TX SUCCESS tx_id=25 dst_csp=2:10 bytes=167 (all ACKs received)
[cspcla 18:51:03 pid=341729 tid=140650056472256] outbound_pdu callback link_id=2 tx_id=26 len=167
[cspcla 18:51:03 pid=341729 tid=140650056472256] ✓ TX SUCCESS tx_id=26 dst_csp=2:10 bytes=167 (all ACKs received)
[cspcla 18:51:03 pid=341729 tid=140650056472256] outbound_pdu callback link_id=2 tx_id=27 len=167
[cspcla 18:51:03 pid=341729 tid=140650056472256] ✓ TX SUCCESS tx_id=27 dst_csp=2:10 bytes=167 (all ACKs received)
[cspcla 18:51:03 pid=341729 tid=140650056472256] outbound_pdu callback link_id=2 tx_id=28 len=167
[cspcla 18:51:03 pid=341729 tid=140650056472256] ✓ TX SUCCESS tx_id=28 dst_csp=2:10 bytes=167 (all ACKs received)
[cspcla 18:51:03 pid=341729 tid=140650056472256] outbound_pdu callback link_id=2 tx_id=29 len=167
[cspcla 18:51:04 pid=341729 tid=140650056472256] ✓ TX SUCCESS tx_id=29 dst_csp=2:10 bytes=167 (all ACKs received)
[cspcla 18:51:04 pid=341729 tid=140650056472256] outbound_pdu callback link_id=2 tx_id=30 len=167
[cspcla 18:51:04 pid=341729 tid=140650056472256] ✓ TX SUCCESS tx_id=30 dst_csp=2:10 bytes=167 (all ACKs received)
[cspcla 18:51:04 pid=341729 tid=140650056472256] outbound_pdu callback link_id=2 tx_id=31 len=167
[cspcla 18:51:04 pid=341729 tid=140650056472256] ✓ TX SUCCESS tx_id=31 dst_csp=2:10 bytes=167 (all ACKs received)
[cspcla 18:51:04 pid=341729 tid=140650056472256] outbound_pdu callback link_id=2 tx_id=32 len=167
[cspcla 18:51:04 pid=341729 tid=140650056472256] ✓ TX SUCCESS tx_id=32 dst_csp=2:10 bytes=167 (all ACKs received)
[cspcla 18:51:05 pid=341729 tid=140650056472256] outbound_pdu callback link_id=2 tx_id=33 len=167
[cspcla 18:51:05 pid=341729 tid=140650056472256] ✓ TX SUCCESS tx_id=33 dst_csp=2:10 bytes=167 (all ACKs received)
[cspcla 18:51:05 pid=341729 tid=140650056472256] outbound_pdu callback link_id=2 tx_id=34 len=167
[cspcla 18:51:05 pid=341729 tid=140650056472256] ✓ TX SUCCESS tx_id=34 dst_csp=2:10 bytes=167 (all ACKs received)
[cspcla 18:51:05 pid=341729 tid=140650056472256] outbound_pdu callback link_id=2 tx_id=35 len=167
[cspcla 18:51:05 pid=341729 tid=140650056472256] ✓ TX SUCCESS tx_id=35 dst_csp=2:10 bytes=167 (all ACKs received)
[cspcla 18:51:05 pid=341729 tid=140650056472256] outbound_pdu callback link_id=2 tx_id=36 len=167
[cspcla 18:51:05 pid=341729 tid=140650056472256] ✓ TX SUCCESS tx_id=36 dst_csp=2:10 bytes=167 (all ACKs received)
[cspcla 18:51:05 pid=341729 tid=140650056472256] outbound_pdu callback link_id=2 tx_id=37 len=167
[cspcla 18:51:05 pid=341729 tid=140650056472256] ✓ TX SUCCESS tx_id=37 dst_csp=2:10 bytes=167 (all ACKs received)
[cspcla 18:51:05 pid=341729 tid=140650056472256] outbound_pdu callback link_id=2 tx_id=38 len=167
[cspcla 18:51:05 pid=341729 tid=140650056472256] ✓ TX SUCCESS tx_id=38 dst_csp=2:10 bytes=167 (all ACKs received)
[cspcla 18:51:05 pid=341729 tid=140650056472256] outbound_pdu callback link_id=2 tx_id=39 len=167
[cspcla 18:51:05 pid=341729 tid=140650056472256] ✓ TX SUCCESS tx_id=39 dst_csp=2:10 bytes=167 (all ACKs received)
[cspcla 18:51:05 pid=341729 tid=140650056472256] outbound_pdu callback link_id=2 tx_id=40 len=167
[cspcla 18:51:05 pid=341729 tid=140650056472256] ✓ TX SUCCESS tx_id=40 dst_csp=2:10 bytes=167 (all ACKs received)
[cspcla 18:51:06 pid=341729 tid=140650056472256] outbound_pdu callback link_id=2 tx_id=41 len=167
[cspcla 18:51:06 pid=341729 tid=140650056472256] ✓ TX SUCCESS tx_id=41 dst_csp=2:10 bytes=167 (all ACKs received)
[cspcla 18:51:06 pid=341729 tid=140650056472256] outbound_pdu callback link_id=2 tx_id=42 len=167
[cspcla 18:51:06 pid=341729 tid=140650056472256] ✓ TX SUCCESS tx_id=42 dst_csp=2:10 bytes=167 (all ACKs received)
[cspcla 18:51:06 pid=341729 tid=140650056472256] outbound_pdu callback link_id=2 tx_id=43 len=167
[cspcla 18:51:06 pid=341729 tid=140650056472256] ✓ TX SUCCESS tx_id=43 dst_csp=2:10 bytes=167 (all ACKs received)
[cspcla 18:51:06 pid=341729 tid=140650056472256] outbound_pdu callback link_id=2 tx_id=44 len=167
[cspcla 18:51:06 pid=341729 tid=140650056472256] ✓ TX SUCCESS tx_id=44 dst_csp=2:10 bytes=167 (all ACKs received)
[cspcla 18:51:06 pid=341729 tid=140650056472256] outbound_pdu callback link_id=2 tx_id=45 len=167
[cspcla 18:51:06 pid=341729 tid=140650056472256] ✓ TX SUCCESS tx_id=45 dst_csp=2:10 bytes=167 (all ACKs received)
[cspcla 18:51:06 pid=341729 tid=140650056472256] outbound_pdu callback link_id=2 tx_id=46 len=167
[cspcla 18:51:06 pid=341729 tid=140650056472256] ✓ TX SUCCESS tx_id=46 dst_csp=2:10 bytes=167 (all ACKs received)
[cspcla 18:51:06 pid=341729 tid=140650056472256] outbound_pdu callback link_id=2 tx_id=47 len=167
[cspcla 18:51:06 pid=341729 tid=140650056472256] ✓ TX SUCCESS tx_id=47 dst_csp=2:10 bytes=167 (all ACKs received)
[cspcla 18:51:06 pid=341729 tid=140650056472256] outbound_pdu callback link_id=2 tx_id=48 len=167
[cspcla 18:51:07 pid=341729 tid=140650056472256] ✓ TX SUCCESS tx_id=48 dst_csp=2:10 bytes=167 (all ACKs received)
[cspcla 18:51:07 pid=341729 tid=140650056472256] outbound_pdu callback link_id=2 tx_id=49 len=167
[cspcla 18:51:07 pid=341729 tid=140650056472256] ✓ TX SUCCESS tx_id=49 dst_csp=2:10 bytes=167 (all ACKs received)
[cspcla 18:51:07 pid=341729 tid=140650056472256] outbound_pdu callback link_id=2 tx_id=50 len=167
[cspcla 18:51:07 pid=341729 tid=140650056472256] ✓ TX SUCCESS tx_id=50 dst_csp=2:10 bytes=167 (all ACKs received)
[cspcla 18:51:08 pid=341729 tid=140650056472256] outbound_pdu callback link_id=2 tx_id=51 len=167
[cspcla 18:51:08 pid=341729 tid=140650056472256] ✓ TX SUCCESS tx_id=51 dst_csp=2:10 bytes=167 (all ACKs received)
[cspcla 18:51:08 pid=341729 tid=140650056472256] outbound_pdu callback link_id=2 tx_id=52 len=167
[cspcla 18:51:08 pid=341729 tid=140650056472256] ✓ TX SUCCESS tx_id=52 dst_csp=2:10 bytes=167 (all ACKs received)
[cspcla 18:51:08 pid=341729 tid=140650056472256] outbound_pdu callback link_id=2 tx_id=53 len=167
[cspcla 18:51:08 pid=341729 tid=140650056472256] ✓ TX SUCCESS tx_id=53 dst_csp=2:10 bytes=167 (all ACKs received)
[cspcla 18:51:08 pid=341729 tid=140650056472256] outbound_pdu callback link_id=2 tx_id=54 len=167
[cspcla 18:51:08 pid=341729 tid=140650056472256] ✓ TX SUCCESS tx_id=54 dst_csp=2:10 bytes=167 (all ACKs received)
[cspcla 18:51:08 pid=341729 tid=140650056472256] outbound_pdu callback link_id=2 tx_id=55 len=167
[cspcla 18:51:08 pid=341729 tid=140650056472256] ✓ TX SUCCESS tx_id=55 dst_csp=2:10 bytes=167 (all ACKs received)
[cspcla 18:51:08 pid=341729 tid=140650056472256] outbound_pdu callback link_id=2 tx_id=56 len=167
[cspcla 18:51:08 pid=341729 tid=140650056472256] ✓ TX SUCCESS tx_id=56 dst_csp=2:10 bytes=167 (all ACKs received)
[cspcla 18:51:08 pid=341729 tid=140650056472256] outbound_pdu callback link_id=2 tx_id=57 len=167
[cspcla 18:51:08 pid=341729 tid=140650056472256] ✓ TX SUCCESS tx_id=57 dst_csp=2:10 bytes=167 (all ACKs received)
[cspcla 18:51:08 pid=341729 tid=140650056472256] outbound_pdu callback link_id=2 tx_id=58 len=167
[cspcla 18:51:08 pid=341729 tid=140650056472256] ✓ TX SUCCESS tx_id=58 dst_csp=2:10 bytes=167 (all ACKs received)
[cspcla 18:51:08 pid=341729 tid=140650056472256] outbound_pdu callback link_id=2 tx_id=59 len=167
[cspcla 18:51:08 pid=341729 tid=140650056472256] ✓ TX SUCCESS tx_id=59 dst_csp=2:10 bytes=167 (all ACKs received)
[cspcla 18:51:08 pid=341729 tid=140650056472256] outbound_pdu callback link_id=2 tx_id=60 len=167
[cspcla 18:51:08 pid=341729 tid=140650056472256] ✓ TX SUCCESS tx_id=60 dst_csp=2:10 bytes=167 (all ACKs received)
[cspcla 18:51:09 pid=341729 tid=140650056472256] outbound_pdu callback link_id=2 tx_id=61 len=167
[cspcla 18:51:09 pid=341729 tid=140650056472256] ✓ TX SUCCESS tx_id=61 dst_csp=2:10 bytes=167 (all ACKs received)
[cspcla 18:51:09 pid=341729 tid=140650056472256] outbound_pdu callback link_id=2 tx_id=62 len=167
[cspcla 18:51:09 pid=341729 tid=140650056472256] ✓ TX SUCCESS tx_id=62 dst_csp=2:10 bytes=167 (all ACKs received)
[cspcla 18:51:09 pid=341729 tid=140650056472256] outbound_pdu callback link_id=2 tx_id=63 len=167
[cspcla 18:51:09 pid=341729 tid=140650056472256] ✓ TX SUCCESS tx_id=63 dst_csp=2:10 bytes=167 (all ACKs received)
[cspcla 18:51:09 pid=341729 tid=140650056472256] outbound_pdu callback link_id=2 tx_id=64 len=167
[cspcla 18:51:09 pid=341729 tid=140650056472256] ✓ TX SUCCESS tx_id=64 dst_csp=2:10 bytes=167 (all ACKs received)
[cspcla 18:51:09 pid=341729 tid=140650056472256] outbound_pdu callback link_id=2 tx_id=65 len=167
[cspcla 18:51:10 pid=341729 tid=140650056472256] ✓ TX SUCCESS tx_id=65 dst_csp=2:10 bytes=167 (all ACKs received)
[cspcla 18:51:10 pid=341729 tid=140650056472256] outbound_pdu callback link_id=2 tx_id=66 len=167
[cspcla 18:51:10 pid=341729 tid=140650056472256] ✓ TX SUCCESS tx_id=66 dst_csp=2:10 bytes=167 (all ACKs received)
[cspcla 18:51:10 pid=341729 tid=140650056472256] outbound_pdu callback link_id=2 tx_id=67 len=167
[cspcla 18:51:10 pid=341729 tid=140650056472256] ✓ TX SUCCESS tx_id=67 dst_csp=2:10 bytes=167 (all ACKs received)
[cspcla 18:51:10 pid=341729 tid=140650056472256] outbound_pdu callback link_id=2 tx_id=68 len=167
[cspcla 18:51:10 pid=341729 tid=140650056472256] ✓ TX SUCCESS tx_id=68 dst_csp=2:10 bytes=167 (all ACKs received)
[cspcla 18:51:10 pid=341729 tid=140650056472256] outbound_pdu callback link_id=2 tx_id=69 len=167
[cspcla 18:51:10 pid=341729 tid=140650056472256] ✓ TX SUCCESS tx_id=69 dst_csp=2:10 bytes=167 (all ACKs received)
[cspcla 18:51:10 pid=341729 tid=140650056472256] outbound_pdu callback link_id=2 tx_id=70 len=167
[cspcla 18:51:10 pid=341729 tid=140650056472256] ✓ TX SUCCESS tx_id=70 dst_csp=2:10 bytes=167 (all ACKs received)
[cspcla 18:51:11 pid=341729 tid=140650056472256] outbound_pdu callback link_id=2 tx_id=71 len=167
[cspcla 18:51:11 pid=341729 tid=140650056472256] ✓ TX SUCCESS tx_id=71 dst_csp=2:10 bytes=167 (all ACKs received)
[cspcla 18:51:11 pid=341729 tid=140650056472256] outbound_pdu callback link_id=2 tx_id=72 len=167
[cspcla 18:51:11 pid=341729 tid=140650056472256] ✓ TX SUCCESS tx_id=72 dst_csp=2:10 bytes=167 (all ACKs received)
[cspcla 18:51:11 pid=341729 tid=140650056472256] outbound_pdu callback link_id=2 tx_id=73 len=167
[cspcla 18:51:11 pid=341729 tid=140650056472256] ✓ TX SUCCESS tx_id=73 dst_csp=2:10 bytes=167 (all ACKs received)
[cspcla 18:51:11 pid=341729 tid=140650056472256] outbound_pdu callback link_id=2 tx_id=74 len=167
[cspcla 18:51:11 pid=341729 tid=140650056472256] ✓ TX SUCCESS tx_id=74 dst_csp=2:10 bytes=167 (all ACKs received)
[cspcla 18:51:11 pid=341729 tid=140650056472256] outbound_pdu callback link_id=2 tx_id=75 len=167
[cspcla 18:51:11 pid=341729 tid=140650056472256] ✓ TX SUCCESS tx_id=75 dst_csp=2:10 bytes=167 (all ACKs received)
[cspcla 18:51:11 pid=341729 tid=140650056472256] outbound_pdu callback link_id=2 tx_id=76 len=167
[cspcla 18:51:11 pid=341729 tid=140650056472256] ✓ TX SUCCESS tx_id=76 dst_csp=2:10 bytes=167 (all ACKs received)
[cspcla 18:51:11 pid=341729 tid=140650056472256] outbound_pdu callback link_id=2 tx_id=77 len=167
[cspcla 18:51:11 pid=341729 tid=140650056472256] ✓ TX SUCCESS tx_id=77 dst_csp=2:10 bytes=167 (all ACKs received)
[cspcla 18:51:11 pid=341729 tid=140650056472256] outbound_pdu callback link_id=2 tx_id=78 len=167
[cspcla 18:51:11 pid=341729 tid=140650056472256] ✓ TX SUCCESS tx_id=78 dst_csp=2:10 bytes=167 (all ACKs received)
[cspcla 18:51:11 pid=341729 tid=140650056472256] outbound_pdu callback link_id=2 tx_id=79 len=167
[cspcla 18:51:11 pid=341729 tid=140650056472256] ✓ TX SUCCESS tx_id=79 dst_csp=2:10 bytes=167 (all ACKs received)
[cspcla 18:51:11 pid=341729 tid=140650056472256] outbound_pdu callback link_id=2 tx_id=80 len=167
[cspcla 18:51:12 pid=341729 tid=140650056472256] ✓ TX SUCCESS tx_id=80 dst_csp=2:10 bytes=167 (all ACKs received)
[cspcla 18:51:12 pid=341729 tid=140650056472256] outbound_pdu callback link_id=2 tx_id=81 len=167
[cspcla 18:51:12 pid=341729 tid=140650056472256] ✓ TX SUCCESS tx_id=81 dst_csp=2:10 bytes=167 (all ACKs received)
[cspcla 18:51:12 pid=341729 tid=140650056472256] outbound_pdu callback link_id=2 tx_id=82 len=167
[cspcla 18:51:12 pid=341729 tid=140650056472256] ✓ TX SUCCESS tx_id=82 dst_csp=2:10 bytes=167 (all ACKs received)
[cspcla 18:51:12 pid=341729 tid=140650056472256] outbound_pdu callback link_id=2 tx_id=83 len=167
[cspcla 18:51:12 pid=341729 tid=140650056472256] ✓ TX SUCCESS tx_id=83 dst_csp=2:10 bytes=167 (all ACKs received)
[cspcla 18:51:12 pid=341729 tid=140650056472256] outbound_pdu callback link_id=2 tx_id=84 len=167
[cspcla 18:51:12 pid=341729 tid=140650056472256] ✓ TX SUCCESS tx_id=84 dst_csp=2:10 bytes=167 (all ACKs received)
[cspcla 18:51:12 pid=341729 tid=140650056472256] outbound_pdu callback link_id=2 tx_id=85 len=167
[cspcla 18:51:12 pid=341729 tid=140650056472256] ✓ TX SUCCESS tx_id=85 dst_csp=2:10 bytes=167 (all ACKs received)
[cspcla 18:51:12 pid=341729 tid=140650056472256] outbound_pdu callback link_id=2 tx_id=86 len=167
[cspcla 18:51:13 pid=341729 tid=140650056472256] ✓ TX SUCCESS tx_id=86 dst_csp=2:10 bytes=167 (all ACKs received)
[cspcla 18:51:13 pid=341729 tid=140650056472256] outbound_pdu callback link_id=2 tx_id=87 len=167
[cspcla 18:51:13 pid=341729 tid=140650056472256] ✓ TX SUCCESS tx_id=87 dst_csp=2:10 bytes=167 (all ACKs received)
[cspcla 18:51:13 pid=341729 tid=140650056472256] outbound_pdu callback link_id=2 tx_id=88 len=167
[cspcla 18:51:13 pid=341729 tid=140650056472256] ✓ TX SUCCESS tx_id=88 dst_csp=2:10 bytes=167 (all ACKs received)
[cspcla 18:51:13 pid=341729 tid=140650056472256] outbound_pdu callback link_id=2 tx_id=89 len=167
[cspcla 18:51:13 pid=341729 tid=140650056472256] ✓ TX SUCCESS tx_id=89 dst_csp=2:10 bytes=167 (all ACKs received)
[cspcla 18:51:13 pid=341729 tid=140650056472256] outbound_pdu callback link_id=2 tx_id=90 len=167
[cspcla 18:51:13 pid=341729 tid=140650056472256] ✓ TX SUCCESS tx_id=90 dst_csp=2:10 bytes=167 (all ACKs received)
[cspcla 18:51:14 pid=341729 tid=140650056472256] outbound_pdu callback link_id=2 tx_id=91 len=167
[cspcla 18:51:14 pid=341729 tid=140650056472256] ✓ TX SUCCESS tx_id=91 dst_csp=2:10 bytes=167 (all ACKs received)
[cspcla 18:51:14 pid=341729 tid=140650056472256] outbound_pdu callback link_id=2 tx_id=92 len=167
[cspcla 18:51:14 pid=341729 tid=140650056472256] ✓ TX SUCCESS tx_id=92 dst_csp=2:10 bytes=167 (all ACKs received)
[cspcla 18:51:14 pid=341729 tid=140650056472256] outbound_pdu callback link_id=2 tx_id=93 len=167
[cspcla 18:51:14 pid=341729 tid=140650056472256] ✓ TX SUCCESS tx_id=93 dst_csp=2:10 bytes=167 (all ACKs received)
[cspcla 18:51:14 pid=341729 tid=140650056472256] outbound_pdu callback link_id=2 tx_id=94 len=167
[cspcla 18:51:14 pid=341729 tid=140650056472256] ✓ TX SUCCESS tx_id=94 dst_csp=2:10 bytes=167 (all ACKs received)
[cspcla 18:51:14 pid=341729 tid=140650056472256] outbound_pdu callback link_id=2 tx_id=95 len=167
[cspcla 18:51:14 pid=341729 tid=140650056472256] ✓ TX SUCCESS tx_id=95 dst_csp=2:10 bytes=167 (all ACKs received)
[cspcla 18:51:14 pid=341729 tid=140650056472256] outbound_pdu callback link_id=2 tx_id=96 len=167
[cspcla 18:51:14 pid=341729 tid=140650056472256] ✓ TX SUCCESS tx_id=96 dst_csp=2:10 bytes=167 (all ACKs received)
[cspcla 18:51:14 pid=341729 tid=140650056472256] outbound_pdu callback link_id=2 tx_id=97 len=167
[cspcla 18:51:14 pid=341729 tid=140650056472256] ✓ TX SUCCESS tx_id=97 dst_csp=2:10 bytes=167 (all ACKs received)
[cspcla 18:51:14 pid=341729 tid=140650056472256] outbound_pdu callback link_id=2 tx_id=98 len=167
[cspcla 18:51:14 pid=341729 tid=140650056472256] ✓ TX SUCCESS tx_id=98 dst_csp=2:10 bytes=167 (all ACKs received)
[cspcla 18:51:14 pid=341729 tid=140650056472256] outbound_pdu callback link_id=2 tx_id=99 len=167
[cspcla 18:51:14 pid=341729 tid=140650056472256] ✓ TX SUCCESS tx_id=99 dst_csp=2:10 bytes=167 (all ACKs received)
[cspcla 18:51:14 pid=341729 tid=140650056472256] outbound_pdu callback link_id=2 tx_id=100 len=167
[cspcla 18:51:15 pid=341729 tid=140650056472256] ✓ TX SUCCESS tx_id=100 dst_csp=2:10 bytes=167 (all ACKs received)
[cspcla 18:51:15 pid=341729 tid=140650056472256] outbound_pdu callback link_id=2 tx_id=101 len=167
[cspcla 18:51:15 pid=341729 tid=140650056472256] ✓ TX SUCCESS tx_id=101 dst_csp=2:10 bytes=167 (all ACKs received)
[cspcla 18:51:15 pid=341729 tid=140650056472256] outbound_pdu callback link_id=2 tx_id=102 len=167
[cspcla 18:51:15 pid=341729 tid=140650056472256] ✓ TX SUCCESS tx_id=102 dst_csp=2:10 bytes=167 (all ACKs received)
[cspcla 18:51:15 pid=341729 tid=140650056472256] outbound_pdu callback link_id=2 tx_id=103 len=167
[cspcla 18:51:16 pid=341729 tid=140650056472256] ✓ TX SUCCESS tx_id=103 dst_csp=2:10 bytes=167 (all ACKs received)
[cspcla 18:51:16 pid=341729 tid=140650056472256] outbound_pdu callback link_id=2 tx_id=104 len=167
[cspcla 18:51:16 pid=341729 tid=140650056472256] ✓ TX SUCCESS tx_id=104 dst_csp=2:10 bytes=167 (all ACKs received)
[cspcla 18:51:16 pid=341729 tid=140650056472256] outbound_pdu callback link_id=2 tx_id=105 len=167
[cspcla 18:51:16 pid=341729 tid=140650056472256] ✓ TX SUCCESS tx_id=105 dst_csp=2:10 bytes=167 (all ACKs received)
[cspcla 18:51:16 pid=341729 tid=140650056472256] outbound_pdu callback link_id=2 tx_id=106 len=167
[cspcla 18:51:16 pid=341729 tid=140650056472256] ✓ TX SUCCESS tx_id=106 dst_csp=2:10 bytes=167 (all ACKs received)
[cspcla 18:51:16 pid=341729 tid=140650056472256] outbound_pdu callback link_id=2 tx_id=107 len=167
[cspcla 18:51:16 pid=341729 tid=140650056472256] ✓ TX SUCCESS tx_id=107 dst_csp=2:10 bytes=167 (all ACKs received)
[cspcla 18:51:16 pid=341729 tid=140650056472256] outbound_pdu callback link_id=2 tx_id=108 len=167
[cspcla 18:51:16 pid=341729 tid=140650056472256] ✓ TX SUCCESS tx_id=108 dst_csp=2:10 bytes=167 (all ACKs received)
[cspcla 18:51:16 pid=341729 tid=140650056472256] outbound_pdu callback link_id=2 tx_id=109 len=167
[cspcla 18:51:16 pid=341729 tid=140650056472256] ✓ TX SUCCESS tx_id=109 dst_csp=2:10 bytes=167 (all ACKs received)
[cspcla 18:51:16 pid=341729 tid=140650056472256] outbound_pdu callback link_id=2 tx_id=110 len=167
[cspcla 18:51:16 pid=341729 tid=140650056472256] ✓ TX SUCCESS tx_id=110 dst_csp=2:10 bytes=167 (all ACKs received)
[cspcla 18:51:17 pid=341729 tid=140650056472256] outbound_pdu callback link_id=2 tx_id=111 len=167
[cspcla 18:51:17 pid=341729 tid=140650056472256] ✓ TX SUCCESS tx_id=111 dst_csp=2:10 bytes=167 (all ACKs received)
[cspcla 18:51:17 pid=341729 tid=140650056472256] outbound_pdu callback link_id=2 tx_id=112 len=167
[cspcla 18:51:17 pid=341729 tid=140650056472256] ✓ TX SUCCESS tx_id=112 dst_csp=2:10 bytes=167 (all ACKs received)
[cspcla 18:51:17 pid=341729 tid=140650056472256] outbound_pdu callback link_id=2 tx_id=113 len=167
[cspcla 18:51:17 pid=341729 tid=140650056472256] ✓ TX SUCCESS tx_id=113 dst_csp=2:10 bytes=167 (all ACKs received)
[cspcla 18:51:17 pid=341729 tid=140650056472256] outbound_pdu callback link_id=2 tx_id=114 len=167
[cspcla 18:51:17 pid=341729 tid=140650056472256] ✓ TX SUCCESS tx_id=114 dst_csp=2:10 bytes=167 (all ACKs received)
[cspcla 18:51:17 pid=341729 tid=140650056472256] outbound_pdu callback link_id=2 tx_id=115 len=167
[cspcla 18:51:17 pid=341729 tid=140650056472256] ✓ TX SUCCESS tx_id=115 dst_csp=2:10 bytes=167 (all ACKs received)
[cspcla 18:51:17 pid=341729 tid=140650056472256] outbound_pdu callback link_id=2 tx_id=116 len=167
[cspcla 18:51:17 pid=341729 tid=140650056472256] ✓ TX SUCCESS tx_id=116 dst_csp=2:10 bytes=167 (all ACKs received)
[cspcla 18:51:17 pid=341729 tid=140650056472256] outbound_pdu callback link_id=2 tx_id=117 len=167
[cspcla 18:51:17 pid=341729 tid=140650056472256] ✓ TX SUCCESS tx_id=117 dst_csp=2:10 bytes=167 (all ACKs received)
[cspcla 18:51:17 pid=341729 tid=140650056472256] outbound_pdu callback link_id=2 tx_id=118 len=167
[cspcla 18:51:17 pid=341729 tid=140650056472256] ✓ TX SUCCESS tx_id=118 dst_csp=2:10 bytes=167 (all ACKs received)
[cspcla 18:51:17 pid=341729 tid=140650056472256] outbound_pdu callback link_id=2 tx_id=119 len=167
[cspcla 18:51:17 pid=341729 tid=140650056472256] ✓ TX SUCCESS tx_id=119 dst_csp=2:10 bytes=167 (all ACKs received)
[cspcla 18:51:17 pid=341729 tid=140650056472256] outbound_pdu callback link_id=2 tx_id=120 len=167
[cspcla 18:51:18 pid=341729 tid=140650056472256] ✓ TX SUCCESS tx_id=120 dst_csp=2:10 bytes=167 (all ACKs received)
[cspcla 18:51:18 pid=341729 tid=140650056472256] outbound_pdu callback link_id=2 tx_id=121 len=167
[cspcla 18:51:18 pid=341729 tid=140650056472256] ✓ TX SUCCESS tx_id=121 dst_csp=2:10 bytes=167 (all ACKs received)
[cspcla 18:51:18 pid=341729 tid=140650056472256] outbound_pdu callback link_id=2 tx_id=122 len=167
[cspcla 18:51:18 pid=341729 tid=140650056472256] ✓ TX SUCCESS tx_id=122 dst_csp=2:10 bytes=167 (all ACKs received)
[cspcla 18:51:18 pid=341729 tid=140650056472256] outbound_pdu callback link_id=2 tx_id=123 len=167
[cspcla 18:51:19 pid=341729 tid=140650056472256] ✓ TX SUCCESS tx_id=123 dst_csp=2:10 bytes=167 (all ACKs received)
[cspcla 18:51:19 pid=341729 tid=140650056472256] outbound_pdu callback link_id=2 tx_id=124 len=167
[cspcla 18:51:19 pid=341729 tid=140650056472256] ✓ TX SUCCESS tx_id=124 dst_csp=2:10 bytes=167 (all ACKs received)
[cspcla 18:51:19 pid=341729 tid=140650056472256] outbound_pdu callback link_id=2 tx_id=125 len=167
[cspcla 18:51:19 pid=341729 tid=140650056472256] ✓ TX SUCCESS tx_id=125 dst_csp=2:10 bytes=167 (all ACKs received)
[cspcla 18:51:19 pid=341729 tid=140650056472256] outbound_pdu callback link_id=2 tx_id=126 len=167
[cspcla 18:51:19 pid=341729 tid=140650056472256] ✓ TX SUCCESS tx_id=126 dst_csp=2:10 bytes=167 (all ACKs received)
[cspcla 18:51:19 pid=341729 tid=140650056472256] outbound_pdu callback link_id=2 tx_id=127 len=167
[cspcla 18:51:19 pid=341729 tid=140650056472256] ✓ TX SUCCESS tx_id=127 dst_csp=2:10 bytes=167 (all ACKs received)
[cspcla 18:51:19 pid=341729 tid=140650056472256] outbound_pdu callback link_id=2 tx_id=128 len=167
[cspcla 18:51:19 pid=341729 tid=140650056472256] ✓ TX SUCCESS tx_id=128 dst_csp=2:10 bytes=167 (all ACKs received)
[cspcla 18:51:19 pid=341729 tid=140650056472256] outbound_pdu callback link_id=2 tx_id=129 len=167
[cspcla 18:51:19 pid=341729 tid=140650056472256] ✓ TX SUCCESS tx_id=129 dst_csp=2:10 bytes=167 (all ACKs received)
[cspcla 18:51:19 pid=341729 tid=140650056472256] outbound_pdu callback link_id=2 tx_id=130 len=167
[cspcla 18:51:19 pid=341729 tid=140650056472256] ✓ TX SUCCESS tx_id=130 dst_csp=2:10 bytes=167 (all ACKs received)
[cspcla 18:51:20 pid=341729 tid=140650056472256] outbound_pdu callback link_id=2 tx_id=131 len=167
[cspcla 18:51:20 pid=341729 tid=140650056472256] ✓ TX SUCCESS tx_id=131 dst_csp=2:10 bytes=167 (all ACKs received)
[cspcla 18:51:20 pid=341729 tid=140650056472256] outbound_pdu callback link_id=2 tx_id=132 len=167
[cspcla 18:51:20 pid=341729 tid=140650056472256] ✓ TX SUCCESS tx_id=132 dst_csp=2:10 bytes=167 (all ACKs received)
[cspcla 18:51:20 pid=341729 tid=140650056472256] outbound_pdu callback link_id=2 tx_id=133 len=167
[cspcla 18:51:20 pid=341729 tid=140650056472256] ✓ TX SUCCESS tx_id=133 dst_csp=2:10 bytes=167 (all ACKs received)
[cspcla 18:51:20 pid=341729 tid=140650056472256] outbound_pdu callback link_id=2 tx_id=134 len=167
[cspcla 18:51:20 pid=341729 tid=140650056472256] ✓ TX SUCCESS tx_id=134 dst_csp=2:10 bytes=167 (all ACKs received)
[cspcla 18:51:20 pid=341729 tid=140650056472256] outbound_pdu callback link_id=2 tx_id=135 len=167
[cspcla 18:51:20 pid=341729 tid=140650056472256] ✓ TX SUCCESS tx_id=135 dst_csp=2:10 bytes=167 (all ACKs received)
[cspcla 18:51:20 pid=341729 tid=140650056472256] outbound_pdu callback link_id=2 tx_id=136 len=167
[cspcla 18:51:20 pid=341729 tid=140650056472256] ✓ TX SUCCESS tx_id=136 dst_csp=2:10 bytes=167 (all ACKs received)
[cspcla 18:51:20 pid=341729 tid=140650056472256] outbound_pdu callback link_id=2 tx_id=137 len=167
[cspcla 18:51:20 pid=341729 tid=140650056472256] ✓ TX SUCCESS tx_id=137 dst_csp=2:10 bytes=167 (all ACKs received)
[cspcla 18:51:20 pid=341729 tid=140650056472256] outbound_pdu callback link_id=2 tx_id=138 len=167
[cspcla 18:51:20 pid=341729 tid=140650056472256] ✓ TX SUCCESS tx_id=138 dst_csp=2:10 bytes=167 (all ACKs received)
[cspcla 18:51:20 pid=341729 tid=140650056472256] outbound_pdu callback link_id=2 tx_id=139 len=167
[cspcla 18:51:21 pid=341729 tid=140650056472256] ✓ TX SUCCESS tx_id=139 dst_csp=2:10 bytes=167 (all ACKs received)
[cspcla 18:51:21 pid=341729 tid=140650056472256] outbound_pdu callback link_id=2 tx_id=140 len=167
[cspcla 18:51:21 pid=341729 tid=140650056472256] ✓ TX SUCCESS tx_id=140 dst_csp=2:10 bytes=167 (all ACKs received)
[cspcla 18:51:21 pid=341729 tid=140650056472256] outbound_pdu callback link_id=2 tx_id=141 len=167
[cspcla 18:51:21 pid=341729 tid=140650056472256] ✓ TX SUCCESS tx_id=141 dst_csp=2:10 bytes=167 (all ACKs received)
[cspcla 18:51:21 pid=341729 tid=140650056472256] outbound_pdu callback link_id=2 tx_id=142 len=167
[cspcla 18:51:21 pid=341729 tid=140650056472256] ✓ TX SUCCESS tx_id=142 dst_csp=2:10 bytes=167 (all ACKs received)
[cspcla 18:51:22 pid=341729 tid=140650056472256] outbound_pdu callback link_id=2 tx_id=143 len=167
[cspcla 18:51:22 pid=341729 tid=140650056472256] ✓ TX SUCCESS tx_id=143 dst_csp=2:10 bytes=167 (all ACKs received)
[cspcla 18:51:22 pid=341729 tid=140650056472256] outbound_pdu callback link_id=2 tx_id=144 len=167
[cspcla 18:51:22 pid=341729 tid=140650056472256] ✓ TX SUCCESS tx_id=144 dst_csp=2:10 bytes=167 (all ACKs received)
[cspcla 18:51:22 pid=341729 tid=140650056472256] outbound_pdu callback link_id=2 tx_id=145 len=167
[cspcla 18:51:22 pid=341729 tid=140650056472256] ✓ TX SUCCESS tx_id=145 dst_csp=2:10 bytes=167 (all ACKs received)
[cspcla 18:51:22 pid=341729 tid=140650056472256] outbound_pdu callback link_id=2 tx_id=146 len=167
[cspcla 18:51:22 pid=341729 tid=140650056472256] ✓ TX SUCCESS tx_id=146 dst_csp=2:10 bytes=167 (all ACKs received)
[cspcla 18:51:22 pid=341729 tid=140650056472256] outbound_pdu callback link_id=2 tx_id=147 len=167
[cspcla 18:51:22 pid=341729 tid=140650056472256] ✓ TX SUCCESS tx_id=147 dst_csp=2:10 bytes=167 (all ACKs received)
[cspcla 18:51:22 pid=341729 tid=140650056472256] outbound_pdu callback link_id=2 tx_id=148 len=167
[cspcla 18:51:22 pid=341729 tid=140650056472256] ✓ TX SUCCESS tx_id=148 dst_csp=2:10 bytes=167 (all ACKs received)
[cspcla 18:51:22 pid=341729 tid=140650056472256] outbound_pdu callback link_id=2 tx_id=149 len=167
[cspcla 18:51:22 pid=341729 tid=140650056472256] ✓ TX SUCCESS tx_id=149 dst_csp=2:10 bytes=167 (all ACKs received)
[cspcla 18:51:22 pid=341729 tid=140650056472256] outbound_pdu callback link_id=2 tx_id=150 len=167
[cspcla 18:51:22 pid=341729 tid=140650056472256] ✓ TX SUCCESS tx_id=150 dst_csp=2:10 bytes=167 (all ACKs received)
[cspcla 18:51:23 pid=341729 tid=140650056472256] outbound_pdu callback link_id=2 tx_id=151 len=167
[cspcla 18:51:23 pid=341729 tid=140650056472256] ✓ TX SUCCESS tx_id=151 dst_csp=2:10 bytes=167 (all ACKs received)
[cspcla 18:51:23 pid=341729 tid=140650056472256] outbound_pdu callback link_id=2 tx_id=152 len=167
[cspcla 18:51:23 pid=341729 tid=140650056472256] ✓ TX SUCCESS tx_id=152 dst_csp=2:10 bytes=167 (all ACKs received)
[cspcla 18:51:23 pid=341729 tid=140650056472256] outbound_pdu callback link_id=2 tx_id=153 len=167
[cspcla 18:51:23 pid=341729 tid=140650056472256] ✓ TX SUCCESS tx_id=153 dst_csp=2:10 bytes=167 (all ACKs received)
[cspcla 18:51:23 pid=341729 tid=140650056472256] outbound_pdu callback link_id=2 tx_id=154 len=167
[cspcla 18:51:23 pid=341729 tid=140650056472256] ✓ TX SUCCESS tx_id=154 dst_csp=2:10 bytes=167 (all ACKs received)
[cspcla 18:51:23 pid=341729 tid=140650056472256] outbound_pdu callback link_id=2 tx_id=155 len=167
[cspcla 18:51:23 pid=341729 tid=140650056472256] ✓ TX SUCCESS tx_id=155 dst_csp=2:10 bytes=167 (all ACKs received)
[cspcla 18:51:23 pid=341729 tid=140650056472256] outbound_pdu callback link_id=2 tx_id=156 len=167
[cspcla 18:51:23 pid=341729 tid=140650056472256] ✓ TX SUCCESS tx_id=156 dst_csp=2:10 bytes=167 (all ACKs received)
[cspcla 18:51:23 pid=341729 tid=140650056472256] outbound_pdu callback link_id=2 tx_id=157 len=167
[cspcla 18:51:23 pid=341729 tid=140650056472256] ✓ TX SUCCESS tx_id=157 dst_csp=2:10 bytes=167 (all ACKs received)
[cspcla 18:51:23 pid=341729 tid=140650056472256] outbound_pdu callback link_id=2 tx_id=158 len=167
[cspcla 18:51:23 pid=341729 tid=140650056472256] ✓ TX SUCCESS tx_id=158 dst_csp=2:10 bytes=167 (all ACKs received)
[cspcla 18:51:23 pid=341729 tid=140650056472256] outbound_pdu callback link_id=2 tx_id=159 len=167
[cspcla 18:51:24 pid=341729 tid=140650056472256] ✓ TX SUCCESS tx_id=159 dst_csp=2:10 bytes=167 (all ACKs received)
[cspcla 18:51:24 pid=341729 tid=140650056472256] outbound_pdu callback link_id=2 tx_id=160 len=167
[cspcla 18:51:24 pid=341729 tid=140650056472256] ✓ TX SUCCESS tx_id=160 dst_csp=2:10 bytes=167 (all ACKs received)
[cspcla 18:51:25 pid=341729 tid=140650056472256] outbound_pdu callback link_id=2 tx_id=161 len=167
[cspcla 18:51:25 pid=341729 tid=140650056472256] ✓ TX SUCCESS tx_id=161 dst_csp=2:10 bytes=167 (all ACKs received)
[cspcla 18:51:25 pid=341729 tid=140650056472256] outbound_pdu callback link_id=2 tx_id=162 len=167
[cspcla 18:51:25 pid=341729 tid=140650056472256] ✓ TX SUCCESS tx_id=162 dst_csp=2:10 bytes=167 (all ACKs received)
[cspcla 18:51:25 pid=341729 tid=140650056472256] outbound_pdu callback link_id=2 tx_id=163 len=167
[cspcla 18:51:25 pid=341729 tid=140650056472256] ✓ TX SUCCESS tx_id=163 dst_csp=2:10 bytes=167 (all ACKs received)
[cspcla 18:51:25 pid=341729 tid=140650056472256] outbound_pdu callback link_id=2 tx_id=164 len=167
[cspcla 18:51:25 pid=341729 tid=140650056472256] ✓ TX SUCCESS tx_id=164 dst_csp=2:10 bytes=167 (all ACKs received)
[cspcla 18:51:25 pid=341729 tid=140650056472256] outbound_pdu callback link_id=2 tx_id=165 len=167
[cspcla 18:51:25 pid=341729 tid=140650056472256] ✓ TX SUCCESS tx_id=165 dst_csp=2:10 bytes=167 (all ACKs received)
[cspcla 18:51:25 pid=341729 tid=140650056472256] outbound_pdu callback link_id=2 tx_id=166 len=167
[cspcla 18:51:25 pid=341729 tid=140650056472256] ✓ TX SUCCESS tx_id=166 dst_csp=2:10 bytes=167 (all ACKs received)
[cspcla 18:51:25 pid=341729 tid=140650056472256] outbound_pdu callback link_id=2 tx_id=167 len=167
[cspcla 18:51:25 pid=341729 tid=140650056472256] ✓ TX SUCCESS tx_id=167 dst_csp=2:10 bytes=167 (all ACKs received)
[cspcla 18:51:25 pid=341729 tid=140650056472256] outbound_pdu callback link_id=2 tx_id=168 len=167
[cspcla 18:51:25 pid=341729 tid=140650056472256] ✓ TX SUCCESS tx_id=168 dst_csp=2:10 bytes=167 (all ACKs received)
[cspcla 18:51:25 pid=341729 tid=140650056472256] outbound_pdu callback link_id=2 tx_id=169 len=167
[cspcla 18:51:25 pid=341729 tid=140650056472256] ✓ TX SUCCESS tx_id=169 dst_csp=2:10 bytes=167 (all ACKs received)
[cspcla 18:51:25 pid=341729 tid=140650056472256] outbound_pdu callback link_id=2 tx_id=170 len=167
[cspcla 18:51:25 pid=341729 tid=140650056472256] ✓ TX SUCCESS tx_id=170 dst_csp=2:10 bytes=167 (all ACKs received)
[cspcla 18:51:26 pid=341729 tid=140650056472256] outbound_pdu callback link_id=2 tx_id=171 len=167
[cspcla 18:51:26 pid=341729 tid=140650056472256] ✓ TX SUCCESS tx_id=171 dst_csp=2:10 bytes=167 (all ACKs received)
[cspcla 18:51:26 pid=341729 tid=140650056472256] outbound_pdu callback link_id=2 tx_id=172 len=167
[cspcla 18:51:26 pid=341729 tid=140650056472256] ✓ TX SUCCESS tx_id=172 dst_csp=2:10 bytes=167 (all ACKs received)
[cspcla 18:51:26 pid=341729 tid=140650056472256] outbound_pdu callback link_id=2 tx_id=173 len=167
[cspcla 18:51:26 pid=341729 tid=140650056472256] ✓ TX SUCCESS tx_id=173 dst_csp=2:10 bytes=167 (all ACKs received)
[cspcla 18:51:26 pid=341729 tid=140650056472256] outbound_pdu callback link_id=2 tx_id=174 len=167
[cspcla 18:51:26 pid=341729 tid=140650056472256] ✓ TX SUCCESS tx_id=174 dst_csp=2:10 bytes=167 (all ACKs received)
[cspcla 18:51:26 pid=341729 tid=140650056472256] outbound_pdu callback link_id=2 tx_id=175 len=167
[cspcla 18:51:27 pid=341729 tid=140650056472256] ✓ TX SUCCESS tx_id=175 dst_csp=2:10 bytes=167 (all ACKs received)
[cspcla 18:51:27 pid=341729 tid=140650056472256] outbound_pdu callback link_id=2 tx_id=176 len=167
[cspcla 18:51:27 pid=341729 tid=140650056472256] ✓ TX SUCCESS tx_id=176 dst_csp=2:10 bytes=167 (all ACKs received)
[cspcla 18:51:27 pid=341729 tid=140650056472256] outbound_pdu callback link_id=2 tx_id=177 len=167
[cspcla 18:51:27 pid=341729 tid=140650056472256] ✓ TX SUCCESS tx_id=177 dst_csp=2:10 bytes=167 (all ACKs received)
[cspcla 18:51:27 pid=341729 tid=140650056472256] outbound_pdu callback link_id=2 tx_id=178 len=167
[cspcla 18:51:27 pid=341729 tid=140650056472256] ✓ TX SUCCESS tx_id=178 dst_csp=2:10 bytes=167 (all ACKs received)
[cspcla 18:51:27 pid=341729 tid=140650056472256] outbound_pdu callback link_id=2 tx_id=179 len=167
[cspcla 18:51:27 pid=341729 tid=140650056472256] ✓ TX SUCCESS tx_id=179 dst_csp=2:10 bytes=167 (all ACKs received)
[cspcla 18:51:27 pid=341729 tid=140650056472256] outbound_pdu callback link_id=2 tx_id=180 len=167
[cspcla 18:51:27 pid=341729 tid=140650056472256] ✓ TX SUCCESS tx_id=180 dst_csp=2:10 bytes=167 (all ACKs received)
[cspcla 18:51:28 pid=341729 tid=140650056472256] outbound_pdu callback link_id=2 tx_id=181 len=167
[cspcla 18:51:28 pid=341729 tid=140650056472256] ✓ TX SUCCESS tx_id=181 dst_csp=2:10 bytes=167 (all ACKs received)
[cspcla 18:51:28 pid=341729 tid=140650056472256] outbound_pdu callback link_id=2 tx_id=182 len=167
[cspcla 18:51:28 pid=341729 tid=140650056472256] ✓ TX SUCCESS tx_id=182 dst_csp=2:10 bytes=167 (all ACKs received)
[cspcla 18:51:28 pid=341729 tid=140650056472256] outbound_pdu callback link_id=2 tx_id=183 len=167
[cspcla 18:51:28 pid=341729 tid=140650056472256] ✓ TX SUCCESS tx_id=183 dst_csp=2:10 bytes=167 (all ACKs received)
[cspcla 18:51:28 pid=341729 tid=140650056472256] outbound_pdu callback link_id=2 tx_id=184 len=167
[cspcla 18:51:28 pid=341729 tid=140650056472256] ✓ TX SUCCESS tx_id=184 dst_csp=2:10 bytes=167 (all ACKs received)
[cspcla 18:51:28 pid=341729 tid=140650056472256] outbound_pdu callback link_id=2 tx_id=185 len=167
[cspcla 18:51:28 pid=341729 tid=140650056472256] ✓ TX SUCCESS tx_id=185 dst_csp=2:10 bytes=167 (all ACKs received)
[cspcla 18:51:28 pid=341729 tid=140650056472256] outbound_pdu callback link_id=2 tx_id=186 len=167
[cspcla 18:51:28 pid=341729 tid=140650056472256] ✓ TX SUCCESS tx_id=186 dst_csp=2:10 bytes=167 (all ACKs received)
[cspcla 18:51:28 pid=341729 tid=140650056472256] outbound_pdu callback link_id=2 tx_id=187 len=167
[cspcla 18:51:28 pid=341729 tid=140650056472256] ✓ TX SUCCESS tx_id=187 dst_csp=2:10 bytes=167 (all ACKs received)
[cspcla 18:51:28 pid=341729 tid=140650056472256] outbound_pdu callback link_id=2 tx_id=188 len=167
[cspcla 18:51:28 pid=341729 tid=140650056472256] ✓ TX SUCCESS tx_id=188 dst_csp=2:10 bytes=167 (all ACKs received)
[cspcla 18:51:28 pid=341729 tid=140650056472256] outbound_pdu callback link_id=2 tx_id=189 len=167
[cspcla 18:51:28 pid=341729 tid=140650056472256] ✓ TX SUCCESS tx_id=189 dst_csp=2:10 bytes=167 (all ACKs received)
[cspcla 18:51:28 pid=341729 tid=140650056472256] outbound_pdu callback link_id=2 tx_id=190 len=167
[cspcla 18:51:28 pid=341729 tid=140650056472256] ✓ TX SUCCESS tx_id=190 dst_csp=2:10 bytes=167 (all ACKs received)
[cspcla 18:51:29 pid=341729 tid=140650056472256] outbound_pdu callback link_id=2 tx_id=191 len=167
[cspcla 18:51:29 pid=341729 tid=140650056472256] ✓ TX SUCCESS tx_id=191 dst_csp=2:10 bytes=167 (all ACKs received)
[cspcla 18:51:29 pid=341729 tid=140650056472256] outbound_pdu callback link_id=2 tx_id=192 len=167
[cspcla 18:51:29 pid=341729 tid=140650056472256] ✓ TX SUCCESS tx_id=192 dst_csp=2:10 bytes=167 (all ACKs received)
[cspcla 18:51:29 pid=341729 tid=140650056472256] outbound_pdu callback link_id=2 tx_id=193 len=167
[cspcla 18:51:29 pid=341729 tid=140650056472256] ✓ TX SUCCESS tx_id=193 dst_csp=2:10 bytes=167 (all ACKs received)
[cspcla 18:51:29 pid=341729 tid=140650056472256] outbound_pdu callback link_id=2 tx_id=194 len=167
[cspcla 18:51:30 pid=341729 tid=140650056472256] ✓ TX SUCCESS tx_id=194 dst_csp=2:10 bytes=167 (all ACKs received)
[cspcla 18:51:30 pid=341729 tid=140650056472256] outbound_pdu callback link_id=2 tx_id=195 len=167
[cspcla 18:51:30 pid=341729 tid=140650056472256] ✓ TX SUCCESS tx_id=195 dst_csp=2:10 bytes=167 (all ACKs received)
[cspcla 18:51:30 pid=341729 tid=140650056472256] outbound_pdu callback link_id=2 tx_id=196 len=167
[cspcla 18:51:30 pid=341729 tid=140650056472256] ✓ TX SUCCESS tx_id=196 dst_csp=2:10 bytes=167 (all ACKs received)
[cspcla 18:51:30 pid=341729 tid=140650056472256] outbound_pdu callback link_id=2 tx_id=197 len=167
[cspcla 18:51:30 pid=341729 tid=140650056472256] ✓ TX SUCCESS tx_id=197 dst_csp=2:10 bytes=167 (all ACKs received)
[cspcla 18:51:30 pid=341729 tid=140650056472256] outbound_pdu callback link_id=2 tx_id=198 len=167
[cspcla 18:51:30 pid=341729 tid=140650056472256] ✓ TX SUCCESS tx_id=198 dst_csp=2:10 bytes=167 (all ACKs received)
[cspcla 18:51:30 pid=341729 tid=140650056472256] outbound_pdu callback link_id=2 tx_id=199 len=167
[cspcla 18:51:30 pid=341729 tid=140650056472256] ✓ TX SUCCESS tx_id=199 dst_csp=2:10 bytes=167 (all ACKs received)
[cspcla 18:51:30 pid=341729 tid=140650056472256] outbound_pdu callback link_id=2 tx_id=200 len=167
[cspcla 18:51:30 pid=341729 tid=140650056472256] ✓ TX SUCCESS tx_id=200 dst_csp=2:10 bytes=167 (all ACKs received)
[cspcla 18:51:31 pid=341729 tid=140650056472256] outbound_pdu callback link_id=2 tx_id=201 len=167
[cspcla 18:51:31 pid=341729 tid=140650056472256] ✓ TX SUCCESS tx_id=201 dst_csp=2:10 bytes=167 (all ACKs received)
[cspcla 18:51:31 pid=341729 tid=140650056472256] outbound_pdu callback link_id=2 tx_id=202 len=167
[cspcla 18:51:31 pid=341729 tid=140650056472256] ✓ TX SUCCESS tx_id=202 dst_csp=2:10 bytes=167 (all ACKs received)
[cspcla 18:51:31 pid=341729 tid=140650056472256] outbound_pdu callback link_id=2 tx_id=203 len=167
[cspcla 18:51:31 pid=341729 tid=140650056472256] ✓ TX SUCCESS tx_id=203 dst_csp=2:10 bytes=167 (all ACKs received)
[cspcla 18:51:31 pid=341729 tid=140650056472256] outbound_pdu callback link_id=2 tx_id=204 len=167
[cspcla 18:51:31 pid=341729 tid=140650056472256] ✓ TX SUCCESS tx_id=204 dst_csp=2:10 bytes=167 (all ACKs received)
[cspcla 18:51:31 pid=341729 tid=140650056472256] outbound_pdu callback link_id=2 tx_id=205 len=167
[cspcla 18:51:31 pid=341729 tid=140650056472256] ✓ TX SUCCESS tx_id=205 dst_csp=2:10 bytes=167 (all ACKs received)
[cspcla 18:51:31 pid=341729 tid=140650056472256] outbound_pdu callback link_id=2 tx_id=206 len=167
[cspcla 18:51:31 pid=341729 tid=140650056472256] ✓ TX SUCCESS tx_id=206 dst_csp=2:10 bytes=167 (all ACKs received)
[cspcla 18:51:31 pid=341729 tid=140650056472256] outbound_pdu callback link_id=2 tx_id=207 len=167
[cspcla 18:51:31 pid=341729 tid=140650056472256] ✓ TX SUCCESS tx_id=207 dst_csp=2:10 bytes=167 (all ACKs received)
[cspcla 18:51:31 pid=341729 tid=140650056472256] outbound_pdu callback link_id=2 tx_id=208 len=167
[cspcla 18:51:31 pid=341729 tid=140650056472256] ✓ TX SUCCESS tx_id=208 dst_csp=2:10 bytes=167 (all ACKs received)
[cspcla 18:51:31 pid=341729 tid=140650056472256] outbound_pdu callback link_id=2 tx_id=209 len=167
[cspcla 18:51:31 pid=341729 tid=140650056472256] ✓ TX SUCCESS tx_id=209 dst_csp=2:10 bytes=167 (all ACKs received)
[cspcla 18:51:31 pid=341729 tid=140650056472256] outbound_pdu callback link_id=2 tx_id=210 len=167
[cspcla 18:51:31 pid=341729 tid=140650056472256] ✓ TX SUCCESS tx_id=210 dst_csp=2:10 bytes=167 (all ACKs received)
[cspcla 18:51:32 pid=341729 tid=140650056472256] outbound_pdu callback link_id=2 tx_id=211 len=167
[cspcla 18:51:32 pid=341729 tid=140650056472256] ✓ TX SUCCESS tx_id=211 dst_csp=2:10 bytes=167 (all ACKs received)
[cspcla 18:51:32 pid=341729 tid=140650056472256] outbound_pdu callback link_id=2 tx_id=212 len=167
[cspcla 18:51:32 pid=341729 tid=140650056472256] ✓ TX SUCCESS tx_id=212 dst_csp=2:10 bytes=167 (all ACKs received)
[cspcla 18:51:32 pid=341729 tid=140650056472256] outbound_pdu callback link_id=2 tx_id=213 len=167
[cspcla 18:51:32 pid=341729 tid=140650056472256] ✓ TX SUCCESS tx_id=213 dst_csp=2:10 bytes=167 (all ACKs received)
[cspcla 18:51:32 pid=341729 tid=140650056472256] outbound_pdu callback link_id=2 tx_id=214 len=167
[cspcla 18:51:32 pid=341729 tid=140650056472256] ✓ TX SUCCESS tx_id=214 dst_csp=2:10 bytes=167 (all ACKs received)
[cspcla 18:51:32 pid=341729 tid=140650056472256] outbound_pdu callback link_id=2 tx_id=215 len=167
[cspcla 18:51:32 pid=341729 tid=140650056472256] ✓ TX SUCCESS tx_id=215 dst_csp=2:10 bytes=167 (all ACKs received)
[cspcla 18:51:32 pid=341729 tid=140650056472256] outbound_pdu callback link_id=2 tx_id=216 len=167
[cspcla 18:51:33 pid=341729 tid=140650056472256] ✓ TX SUCCESS tx_id=216 dst_csp=2:10 bytes=167 (all ACKs received)
[cspcla 18:51:33 pid=341729 tid=140650056472256] outbound_pdu callback link_id=2 tx_id=217 len=167
[cspcla 18:51:33 pid=341729 tid=140650056472256] ✓ TX SUCCESS tx_id=217 dst_csp=2:10 bytes=167 (all ACKs received)
[cspcla 18:51:33 pid=341729 tid=140650056472256] outbound_pdu callback link_id=2 tx_id=218 len=167
[cspcla 18:51:33 pid=341729 tid=140650056472256] ✓ TX SUCCESS tx_id=218 dst_csp=2:10 bytes=167 (all ACKs received)
[cspcla 18:51:33 pid=341729 tid=140650056472256] outbound_pdu callback link_id=2 tx_id=219 len=167
[cspcla 18:51:33 pid=341729 tid=140650056472256] ✓ TX SUCCESS tx_id=219 dst_csp=2:10 bytes=167 (all ACKs received)
[cspcla 18:51:33 pid=341729 tid=140650056472256] outbound_pdu callback link_id=2 tx_id=220 len=167
[cspcla 18:51:33 pid=341729 tid=140650056472256] ✓ TX SUCCESS tx_id=220 dst_csp=2:10 bytes=167 (all ACKs received)
[cspcla 18:51:34 pid=341729 tid=140650056472256] outbound_pdu callback link_id=2 tx_id=221 len=167
[cspcla 18:51:34 pid=341729 tid=140650056472256] ✓ TX SUCCESS tx_id=221 dst_csp=2:10 bytes=167 (all ACKs received)
[cspcla 18:51:34 pid=341729 tid=140650056472256] outbound_pdu callback link_id=2 tx_id=222 len=167
[cspcla 18:51:34 pid=341729 tid=140650056472256] ✓ TX SUCCESS tx_id=222 dst_csp=2:10 bytes=167 (all ACKs received)
[cspcla 18:51:34 pid=341729 tid=140650056472256] outbound_pdu callback link_id=2 tx_id=223 len=167
[cspcla 18:51:34 pid=341729 tid=140650056472256] ✓ TX SUCCESS tx_id=223 dst_csp=2:10 bytes=167 (all ACKs received)
[cspcla 18:51:34 pid=341729 tid=140650056472256] outbound_pdu callback link_id=2 tx_id=224 len=167
[cspcla 18:51:34 pid=341729 tid=140650056472256] ✓ TX SUCCESS tx_id=224 dst_csp=2:10 bytes=167 (all ACKs received)
[cspcla 18:51:34 pid=341729 tid=140650056472256] outbound_pdu callback link_id=2 tx_id=225 len=167
[cspcla 18:51:34 pid=341729 tid=140650056472256] ✓ TX SUCCESS tx_id=225 dst_csp=2:10 bytes=167 (all ACKs received)
[cspcla 18:51:34 pid=341729 tid=140650056472256] outbound_pdu callback link_id=2 tx_id=226 len=167
[cspcla 18:51:34 pid=341729 tid=140650056472256] ✓ TX SUCCESS tx_id=226 dst_csp=2:10 bytes=167 (all ACKs received)
[cspcla 18:51:34 pid=341729 tid=140650056472256] outbound_pdu callback link_id=2 tx_id=227 len=167
[cspcla 18:51:34 pid=341729 tid=140650056472256] ✓ TX SUCCESS tx_id=227 dst_csp=2:10 bytes=167 (all ACKs received)
[cspcla 18:51:34 pid=341729 tid=140650056472256] outbound_pdu callback link_id=2 tx_id=228 len=167
[cspcla 18:51:34 pid=341729 tid=140650056472256] ✓ TX SUCCESS tx_id=228 dst_csp=2:10 bytes=167 (all ACKs received)
[cspcla 18:51:34 pid=341729 tid=140650056472256] outbound_pdu callback link_id=2 tx_id=229 len=167
[cspcla 18:51:35 pid=341729 tid=140650056472256] ✓ TX SUCCESS tx_id=229 dst_csp=2:10 bytes=167 (all ACKs received)
[cspcla 18:51:35 pid=341729 tid=140650056472256] outbound_pdu callback link_id=2 tx_id=230 len=167
[cspcla 18:51:35 pid=341729 tid=140650056472256] ✓ TX SUCCESS tx_id=230 dst_csp=2:10 bytes=167 (all ACKs received)
[cspcla 18:51:35 pid=341729 tid=140650056472256] outbound_pdu callback link_id=2 tx_id=231 len=167
[cspcla 18:51:35 pid=341729 tid=140650056472256] ✓ TX SUCCESS tx_id=231 dst_csp=2:10 bytes=167 (all ACKs received)
[cspcla 18:51:35 pid=341729 tid=140650056472256] outbound_pdu callback link_id=2 tx_id=232 len=167
[cspcla 18:51:35 pid=341729 tid=140650056472256] ✓ TX SUCCESS tx_id=232 dst_csp=2:10 bytes=167 (all ACKs received)
[cspcla 18:51:35 pid=341729 tid=140650056472256] outbound_pdu callback link_id=2 tx_id=233 len=167
[cspcla 18:51:35 pid=341729 tid=140650056472256] ✓ TX SUCCESS tx_id=233 dst_csp=2:10 bytes=167 (all ACKs received)
[cspcla 18:51:35 pid=341729 tid=140650056472256] outbound_pdu callback link_id=2 tx_id=234 len=167
[cspcla 18:51:35 pid=341729 tid=140650056472256] ✓ TX SUCCESS tx_id=234 dst_csp=2:10 bytes=167 (all ACKs received)
[cspcla 18:51:35 pid=341729 tid=140650056472256] outbound_pdu callback link_id=2 tx_id=235 len=167
[cspcla 18:51:35 pid=341729 tid=140650056472256] ✓ TX SUCCESS tx_id=235 dst_csp=2:10 bytes=167 (all ACKs received)
[cspcla 18:51:35 pid=341729 tid=140650056472256] outbound_pdu callback link_id=2 tx_id=236 len=167
[cspcla 18:51:35 pid=341729 tid=140650056472256] ✓ TX SUCCESS tx_id=236 dst_csp=2:10 bytes=167 (all ACKs received)
[cspcla 18:51:35 pid=341729 tid=140650056472256] outbound_pdu callback link_id=2 tx_id=237 len=167
[cspcla 18:51:35 pid=341729 tid=140650056472256] ✓ TX SUCCESS tx_id=237 dst_csp=2:10 bytes=167 (all ACKs received)
[cspcla 18:51:35 pid=341729 tid=140650056472256] outbound_pdu callback link_id=2 tx_id=238 len=167
[cspcla 18:51:36 pid=341729 tid=140650056472256] ✓ TX SUCCESS tx_id=238 dst_csp=2:10 bytes=167 (all ACKs received)
[cspcla 18:51:36 pid=341729 tid=140650056472256] outbound_pdu callback link_id=2 tx_id=239 len=167
[cspcla 18:51:36 pid=341729 tid=140650056472256] ✓ TX SUCCESS tx_id=239 dst_csp=2:10 bytes=167 (all ACKs received)
[cspcla 18:51:36 pid=341729 tid=140650056472256] outbound_pdu callback link_id=2 tx_id=240 len=167
[cspcla 18:51:36 pid=341729 tid=140650056472256] ✓ TX SUCCESS tx_id=240 dst_csp=2:10 bytes=167 (all ACKs received)
[cspcla 18:51:37 pid=341729 tid=140650056472256] outbound_pdu callback link_id=2 tx_id=241 len=167
[cspcla 18:51:37 pid=341729 tid=140650056472256] ✓ TX SUCCESS tx_id=241 dst_csp=2:10 bytes=167 (all ACKs received)
[cspcla 18:51:37 pid=341729 tid=140650056472256] outbound_pdu callback link_id=2 tx_id=242 len=167
[cspcla 18:51:37 pid=341729 tid=140650056472256] ✓ TX SUCCESS tx_id=242 dst_csp=2:10 bytes=167 (all ACKs received)
[cspcla 18:51:37 pid=341729 tid=140650056472256] outbound_pdu callback link_id=2 tx_id=243 len=167
[cspcla 18:51:37 pid=341729 tid=140650056472256] ✓ TX SUCCESS tx_id=243 dst_csp=2:10 bytes=167 (all ACKs received)
[cspcla 18:51:37 pid=341729 tid=140650056472256] outbound_pdu callback link_id=2 tx_id=244 len=167
[cspcla 18:51:37 pid=341729 tid=140650056472256] ✓ TX SUCCESS tx_id=244 dst_csp=2:10 bytes=167 (all ACKs received)
[cspcla 18:51:37 pid=341729 tid=140650056472256] outbound_pdu callback link_id=2 tx_id=245 len=167
[cspcla 18:51:37 pid=341729 tid=140650056472256] ✓ TX SUCCESS tx_id=245 dst_csp=2:10 bytes=167 (all ACKs received)
[cspcla 18:51:37 pid=341729 tid=140650056472256] outbound_pdu callback link_id=2 tx_id=246 len=167
[cspcla 18:51:37 pid=341729 tid=140650056472256] ✓ TX SUCCESS tx_id=246 dst_csp=2:10 bytes=167 (all ACKs received)
[cspcla 18:51:37 pid=341729 tid=140650056472256] outbound_pdu callback link_id=2 tx_id=247 len=167
[cspcla 18:51:37 pid=341729 tid=140650056472256] ✓ TX SUCCESS tx_id=247 dst_csp=2:10 bytes=167 (all ACKs received)
[cspcla 18:51:37 pid=341729 tid=140650056472256] outbound_pdu callback link_id=2 tx_id=248 len=167
[cspcla 18:51:37 pid=341729 tid=140650056472256] ✓ TX SUCCESS tx_id=248 dst_csp=2:10 bytes=167 (all ACKs received)
[cspcla 18:51:37 pid=341729 tid=140650056472256] outbound_pdu callback link_id=2 tx_id=249 len=167
[cspcla 18:51:38 pid=341729 tid=140650056472256] ✓ TX SUCCESS tx_id=249 dst_csp=2:10 bytes=167 (all ACKs received)
[cspcla 18:51:38 pid=341729 tid=140650056472256] outbound_pdu callback link_id=2 tx_id=250 len=167
[cspcla 18:51:38 pid=341729 tid=140650056472256] ✓ TX SUCCESS tx_id=250 dst_csp=2:10 bytes=167 (all ACKs received)
[cspcla 18:51:38 pid=341729 tid=140650056472256] outbound_pdu callback link_id=2 tx_id=251 len=167
[cspcla 18:51:38 pid=341729 tid=140650056472256] ✓ TX SUCCESS tx_id=251 dst_csp=2:10 bytes=167 (all ACKs received)
[cspcla 18:51:38 pid=341729 tid=140650056472256] outbound_pdu callback link_id=2 tx_id=252 len=167
[cspcla 18:51:38 pid=341729 tid=140650056472256] ✓ TX SUCCESS tx_id=252 dst_csp=2:10 bytes=167 (all ACKs received)
[cspcla 18:51:38 pid=341729 tid=140650056472256] outbound_pdu callback link_id=2 tx_id=253 len=167
[cspcla 18:51:39 pid=341729 tid=140650056472256] ✓ TX SUCCESS tx_id=253 dst_csp=2:10 bytes=167 (all ACKs received)
[cspcla 18:51:39 pid=341729 tid=140650056472256] outbound_pdu callback link_id=2 tx_id=254 len=167
[cspcla 18:51:39 pid=341729 tid=140650056472256] ✓ TX SUCCESS tx_id=254 dst_csp=2:10 bytes=167 (all ACKs received)
[cspcla 18:51:39 pid=341729 tid=140650056472256] outbound_pdu callback link_id=2 tx_id=255 len=167
[cspcla 18:51:39 pid=341729 tid=140650056472256] ✓ TX SUCCESS tx_id=255 dst_csp=2:10 bytes=167 (all ACKs received)
[cspcla 18:51:39 pid=341729 tid=140650056472256] outbound_pdu callback link_id=2 tx_id=256 len=167
[cspcla 18:51:39 pid=341729 tid=140650056472256] ✓ TX SUCCESS tx_id=256 dst_csp=2:10 bytes=167 (all ACKs received)
[cspcla 18:51:39 pid=341729 tid=140650056472256] outbound_pdu callback link_id=2 tx_id=257 len=167
[cspcla 18:51:39 pid=341729 tid=140650056472256] ✓ TX SUCCESS tx_id=257 dst_csp=2:10 bytes=167 (all ACKs received)
[cspcla 18:51:39 pid=341729 tid=140650056472256] outbound_pdu callback link_id=2 tx_id=258 len=167
[cspcla 18:51:39 pid=341729 tid=140650056472256] ✓ TX SUCCESS tx_id=258 dst_csp=2:10 bytes=167 (all ACKs received)
[cspcla 18:51:39 pid=341729 tid=140650056472256] outbound_pdu callback link_id=2 tx_id=259 len=167
[cspcla 18:51:39 pid=341729 tid=140650056472256] ✓ TX SUCCESS tx_id=259 dst_csp=2:10 bytes=167 (all ACKs received)
[cspcla 18:51:39 pid=341729 tid=140650056472256] outbound_pdu callback link_id=2 tx_id=260 len=167
[cspcla 18:51:39 pid=341729 tid=140650056472256] ✓ TX SUCCESS tx_id=260 dst_csp=2:10 bytes=167 (all ACKs received)
[cspcla 18:51:40 pid=341729 tid=140650056472256] outbound_pdu callback link_id=2 tx_id=261 len=167
[cspcla 18:51:40 pid=341729 tid=140650056472256] ✓ TX SUCCESS tx_id=261 dst_csp=2:10 bytes=167 (all ACKs received)
[cspcla 18:51:40 pid=341729 tid=140650056472256] outbound_pdu callback link_id=2 tx_id=262 len=167
[cspcla 18:51:40 pid=341729 tid=140650056472256] ✓ TX SUCCESS tx_id=262 dst_csp=2:10 bytes=167 (all ACKs received)
[cspcla 18:51:40 pid=341729 tid=140650056472256] outbound_pdu callback link_id=2 tx_id=263 len=167
[cspcla 18:51:40 pid=341729 tid=140650056472256] ✓ TX SUCCESS tx_id=263 dst_csp=2:10 bytes=167 (all ACKs received)
[cspcla 18:51:40 pid=341729 tid=140650056472256] outbound_pdu callback link_id=2 tx_id=264 len=167
[cspcla 18:51:40 pid=341729 tid=140650056472256] ✓ TX SUCCESS tx_id=264 dst_csp=2:10 bytes=167 (all ACKs received)
[cspcla 18:51:40 pid=341729 tid=140650056472256] outbound_pdu callback link_id=2 tx_id=265 len=167
[cspcla 18:51:40 pid=341729 tid=140650056472256] ✓ TX SUCCESS tx_id=265 dst_csp=2:10 bytes=167 (all ACKs received)
[cspcla 18:51:40 pid=341729 tid=140650056472256] outbound_pdu callback link_id=2 tx_id=266 len=167
[cspcla 18:51:40 pid=341729 tid=140650056472256] ✓ TX SUCCESS tx_id=266 dst_csp=2:10 bytes=167 (all ACKs received)
[cspcla 18:51:40 pid=341729 tid=140650056472256] outbound_pdu callback link_id=2 tx_id=267 len=167
[cspcla 18:51:40 pid=341729 tid=140650056472256] ✓ TX SUCCESS tx_id=267 dst_csp=2:10 bytes=167 (all ACKs received)
[cspcla 18:51:40 pid=341729 tid=140650056472256] outbound_pdu callback link_id=2 tx_id=268 len=167
[cspcla 18:51:40 pid=341729 tid=140650056472256] ✓ TX SUCCESS tx_id=268 dst_csp=2:10 bytes=167 (all ACKs received)
[cspcla 18:51:40 pid=341729 tid=140650056472256] outbound_pdu callback link_id=2 tx_id=269 len=167
[cspcla 18:51:41 pid=341729 tid=140650056472256] ✓ TX SUCCESS tx_id=269 dst_csp=2:10 bytes=167 (all ACKs received)
[cspcla 18:51:41 pid=341729 tid=140650056472256] outbound_pdu callback link_id=2 tx_id=270 len=167
[cspcla 18:51:41 pid=341729 tid=140650056472256] ✓ TX SUCCESS tx_id=270 dst_csp=2:10 bytes=167 (all ACKs received)
[cspcla 18:51:41 pid=341729 tid=140650056472256] outbound_pdu callback link_id=2 tx_id=271 len=167
[cspcla 18:51:41 pid=341729 tid=140650056472256] ✓ TX SUCCESS tx_id=271 dst_csp=2:10 bytes=167 (all ACKs received)
[cspcla 18:51:41 pid=341729 tid=140650056472256] outbound_pdu callback link_id=2 tx_id=272 len=167
[cspcla 18:51:41 pid=341729 tid=140650056472256] ✓ TX SUCCESS tx_id=272 dst_csp=2:10 bytes=167 (all ACKs received)
[cspcla 18:51:41 pid=341729 tid=140650056472256] outbound_pdu callback link_id=2 tx_id=273 len=167
[cspcla 18:51:42 pid=341729 tid=140650056472256] ✓ TX SUCCESS tx_id=273 dst_csp=2:10 bytes=167 (all ACKs received)
[cspcla 18:51:42 pid=341729 tid=140650056472256] outbound_pdu callback link_id=2 tx_id=274 len=167
[cspcla 18:51:42 pid=341729 tid=140650056472256] ✓ TX SUCCESS tx_id=274 dst_csp=2:10 bytes=167 (all ACKs received)
[cspcla 18:51:42 pid=341729 tid=140650056472256] outbound_pdu callback link_id=2 tx_id=275 len=167
[cspcla 18:51:42 pid=341729 tid=140650056472256] ✓ TX SUCCESS tx_id=275 dst_csp=2:10 bytes=167 (all ACKs received)
[cspcla 18:51:42 pid=341729 tid=140650056472256] outbound_pdu callback link_id=2 tx_id=276 len=167
[cspcla 18:51:42 pid=341729 tid=140650056472256] ✓ TX SUCCESS tx_id=276 dst_csp=2:10 bytes=167 (all ACKs received)
[cspcla 18:51:42 pid=341729 tid=140650056472256] outbound_pdu callback link_id=2 tx_id=277 len=167
[cspcla 18:51:42 pid=341729 tid=140650056472256] ✓ TX SUCCESS tx_id=277 dst_csp=2:10 bytes=167 (all ACKs received)
[cspcla 18:51:42 pid=341729 tid=140650056472256] outbound_pdu callback link_id=2 tx_id=278 len=167
[cspcla 18:51:42 pid=341729 tid=140650056472256] ✓ TX SUCCESS tx_id=278 dst_csp=2:10 bytes=167 (all ACKs received)
[cspcla 18:51:42 pid=341729 tid=140650056472256] outbound_pdu callback link_id=2 tx_id=279 len=167
[cspcla 18:51:42 pid=341729 tid=140650056472256] ✓ TX SUCCESS tx_id=279 dst_csp=2:10 bytes=167 (all ACKs received)
[cspcla 18:51:42 pid=341729 tid=140650056472256] outbound_pdu callback link_id=2 tx_id=280 len=167
[cspcla 18:51:42 pid=341729 tid=140650056472256] ✓ TX SUCCESS tx_id=280 dst_csp=2:10 bytes=167 (all ACKs received)
[cspcla 18:51:43 pid=341729 tid=140650056472256] outbound_pdu callback link_id=2 tx_id=281 len=167
[cspcla 18:51:43 pid=341729 tid=140650056472256] ✓ TX SUCCESS tx_id=281 dst_csp=2:10 bytes=167 (all ACKs received)
[cspcla 18:51:43 pid=341729 tid=140650056472256] outbound_pdu callback link_id=2 tx_id=282 len=167
[cspcla 18:51:43 pid=341729 tid=140650056472256] ✓ TX SUCCESS tx_id=282 dst_csp=2:10 bytes=167 (all ACKs received)
[cspcla 18:51:43 pid=341729 tid=140650056472256] outbound_pdu callback link_id=2 tx_id=283 len=167
[cspcla 18:51:43 pid=341729 tid=140650056472256] ✓ TX SUCCESS tx_id=283 dst_csp=2:10 bytes=167 (all ACKs received)
[cspcla 18:51:43 pid=341729 tid=140650056472256] outbound_pdu callback link_id=2 tx_id=284 len=167
[cspcla 18:51:43 pid=341729 tid=140650056472256] ✓ TX SUCCESS tx_id=284 dst_csp=2:10 bytes=167 (all ACKs received)
[cspcla 18:51:43 pid=341729 tid=140650056472256] outbound_pdu callback link_id=2 tx_id=285 len=167
[cspcla 18:51:43 pid=341729 tid=140650056472256] ✓ TX SUCCESS tx_id=285 dst_csp=2:10 bytes=167 (all ACKs received)
[cspcla 18:51:43 pid=341729 tid=140650056472256] outbound_pdu callback link_id=2 tx_id=286 len=167
[cspcla 18:51:43 pid=341729 tid=140650056472256] ✓ TX SUCCESS tx_id=286 dst_csp=2:10 bytes=167 (all ACKs received)
[cspcla 18:51:43 pid=341729 tid=140650056472256] outbound_pdu callback link_id=2 tx_id=287 len=167
[cspcla 18:51:43 pid=341729 tid=140650056472256] ✓ TX SUCCESS tx_id=287 dst_csp=2:10 bytes=167 (all ACKs received)
[cspcla 18:51:43 pid=341729 tid=140650056472256] outbound_pdu callback link_id=2 tx_id=288 len=167
[cspcla 18:51:43 pid=341729 tid=140650056472256] ✓ TX SUCCESS tx_id=288 dst_csp=2:10 bytes=167 (all ACKs received)
[cspcla 18:51:43 pid=341729 tid=140650056472256] outbound_pdu callback link_id=2 tx_id=289 len=167
[cspcla 18:51:44 pid=341729 tid=140650056472256] ✓ TX SUCCESS tx_id=289 dst_csp=2:10 bytes=167 (all ACKs received)
[cspcla 18:51:44 pid=341729 tid=140650056472256] outbound_pdu callback link_id=2 tx_id=290 len=167
[cspcla 18:51:44 pid=341729 tid=140650056472256] ✓ TX SUCCESS tx_id=290 dst_csp=2:10 bytes=167 (all ACKs received)
[cspcla 18:51:45 pid=341729 tid=140650056472256] outbound_pdu callback link_id=2 tx_id=291 len=167
[cspcla 18:51:45 pid=341729 tid=140650056472256] ✓ TX SUCCESS tx_id=291 dst_csp=2:10 bytes=167 (all ACKs received)
[cspcla 18:51:45 pid=341729 tid=140650056472256] outbound_pdu callback link_id=2 tx_id=292 len=167
[cspcla 18:51:45 pid=341729 tid=140650056472256] ✓ TX SUCCESS tx_id=292 dst_csp=2:10 bytes=167 (all ACKs received)
[cspcla 18:51:45 pid=341729 tid=140650056472256] outbound_pdu callback link_id=2 tx_id=293 len=167
[cspcla 18:51:45 pid=341729 tid=140650056472256] ✓ TX SUCCESS tx_id=293 dst_csp=2:10 bytes=167 (all ACKs received)
[cspcla 18:51:45 pid=341729 tid=140650056472256] outbound_pdu callback link_id=2 tx_id=294 len=167
[cspcla 18:51:45 pid=341729 tid=140650056472256] ✓ TX SUCCESS tx_id=294 dst_csp=2:10 bytes=167 (all ACKs received)
[cspcla 18:51:45 pid=341729 tid=140650056472256] outbound_pdu callback link_id=2 tx_id=295 len=167
[cspcla 18:51:45 pid=341729 tid=140650056472256] ✓ TX SUCCESS tx_id=295 dst_csp=2:10 bytes=167 (all ACKs received)
[cspcla 18:51:45 pid=341729 tid=140650056472256] outbound_pdu callback link_id=2 tx_id=296 len=167
[cspcla 18:51:45 pid=341729 tid=140650056472256] ✓ TX SUCCESS tx_id=296 dst_csp=2:10 bytes=167 (all ACKs received)
[cspcla 18:51:45 pid=341729 tid=140650056472256] outbound_pdu callback link_id=2 tx_id=297 len=167
[cspcla 18:51:45 pid=341729 tid=140650056472256] ✓ TX SUCCESS tx_id=297 dst_csp=2:10 bytes=167 (all ACKs received)
[cspcla 18:51:45 pid=341729 tid=140650056472256] outbound_pdu callback link_id=2 tx_id=298 len=167
[cspcla 18:51:45 pid=341729 tid=140650056472256] ✓ TX SUCCESS tx_id=298 dst_csp=2:10 bytes=167 (all ACKs received)
[cspcla 18:51:45 pid=341729 tid=140650056472256] outbound_pdu callback link_id=2 tx_id=299 len=167
[cspcla 18:51:45 pid=341729 tid=140650056472256] ✓ TX SUCCESS tx_id=299 dst_csp=2:10 bytes=167 (all ACKs received)
[cspcla 18:51:45 pid=341729 tid=140650056472256] outbound_pdu callback link_id=2 tx_id=300 len=167
[cspcla 18:51:45 pid=341729 tid=140650056472256] ✓ TX SUCCESS tx_id=300 dst_csp=2:10 bytes=167 (all ACKs received)
[cspcla 18:51:46 pid=341729 tid=140650056472256] outbound_pdu callback link_id=2 tx_id=301 len=167
[cspcla 18:51:46 pid=341729 tid=140650056472256] ✓ TX SUCCESS tx_id=301 dst_csp=2:10 bytes=167 (all ACKs received)
[cspcla 18:51:46 pid=341729 tid=140650056472256] outbound_pdu callback link_id=2 tx_id=302 len=167
[cspcla 18:51:46 pid=341729 tid=140650056472256] ✓ TX SUCCESS tx_id=302 dst_csp=2:10 bytes=167 (all ACKs received)
[cspcla 18:51:46 pid=341729 tid=140650056472256] outbound_pdu callback link_id=2 tx_id=303 len=167
[cspcla 18:51:46 pid=341729 tid=140650056472256] ✓ TX SUCCESS tx_id=303 dst_csp=2:10 bytes=167 (all ACKs received)
[cspcla 18:51:46 pid=341729 tid=140650056472256] outbound_pdu callback link_id=2 tx_id=304 len=167
[cspcla 18:51:46 pid=341729 tid=140650056472256] ✓ TX SUCCESS tx_id=304 dst_csp=2:10 bytes=167 (all ACKs received)
[cspcla 18:51:46 pid=341729 tid=140650056472256] outbound_pdu callback link_id=2 tx_id=305 len=167
[cspcla 18:51:46 pid=341729 tid=140650056472256] ✓ TX SUCCESS tx_id=305 dst_csp=2:10 bytes=167 (all ACKs received)
[cspcla 18:51:46 pid=341729 tid=140650056472256] outbound_pdu callback link_id=2 tx_id=306 len=167
[cspcla 18:51:46 pid=341729 tid=140650056472256] ✓ TX SUCCESS tx_id=306 dst_csp=2:10 bytes=167 (all ACKs received)
[cspcla 18:51:46 pid=341729 tid=140650056472256] outbound_pdu callback link_id=2 tx_id=307 len=167
[cspcla 18:51:46 pid=341729 tid=140650056472256] ✓ TX SUCCESS tx_id=307 dst_csp=2:10 bytes=167 (all ACKs received)
[cspcla 18:51:46 pid=341729 tid=140650056472256] outbound_pdu callback link_id=2 tx_id=308 len=167
[cspcla 18:51:47 pid=341729 tid=140650056472256] ✓ TX SUCCESS tx_id=308 dst_csp=2:10 bytes=167 (all ACKs received)
[cspcla 18:51:47 pid=341729 tid=140650056472256] outbound_pdu callback link_id=2 tx_id=309 len=167
[cspcla 18:51:47 pid=341729 tid=140650056472256] ✓ TX SUCCESS tx_id=309 dst_csp=2:10 bytes=167 (all ACKs received)
[cspcla 18:51:47 pid=341729 tid=140650056472256] outbound_pdu callback link_id=2 tx_id=310 len=167
[cspcla 18:51:47 pid=341729 tid=140650056472256] ✓ TX SUCCESS tx_id=310 dst_csp=2:10 bytes=167 (all ACKs received)
[cspcla 18:51:48 pid=341729 tid=140650056472256] outbound_pdu callback link_id=2 tx_id=311 len=167
[cspcla 18:51:48 pid=341729 tid=140650056472256] ✓ TX SUCCESS tx_id=311 dst_csp=2:10 bytes=167 (all ACKs received)
[cspcla 18:51:48 pid=341729 tid=140650056472256] outbound_pdu callback link_id=2 tx_id=312 len=167
[cspcla 18:51:48 pid=341729 tid=140650056472256] ✓ TX SUCCESS tx_id=312 dst_csp=2:10 bytes=167 (all ACKs received)
[cspcla 18:51:48 pid=341729 tid=140650056472256] outbound_pdu callback link_id=2 tx_id=313 len=167
[cspcla 18:51:48 pid=341729 tid=140650056472256] ✓ TX SUCCESS tx_id=313 dst_csp=2:10 bytes=167 (all ACKs received)
[cspcla 18:51:48 pid=341729 tid=140650056472256] outbound_pdu callback link_id=2 tx_id=314 len=167
[cspcla 18:51:48 pid=341729 tid=140650056472256] ✓ TX SUCCESS tx_id=314 dst_csp=2:10 bytes=167 (all ACKs received)
[cspcla 18:51:48 pid=341729 tid=140650056472256] outbound_pdu callback link_id=2 tx_id=315 len=167
[cspcla 18:51:48 pid=341729 tid=140650056472256] ✓ TX SUCCESS tx_id=315 dst_csp=2:10 bytes=167 (all ACKs received)
[cspcla 18:51:48 pid=341729 tid=140650056472256] outbound_pdu callback link_id=2 tx_id=316 len=167
[cspcla 18:51:48 pid=341729 tid=140650056472256] ✓ TX SUCCESS tx_id=316 dst_csp=2:10 bytes=167 (all ACKs received)
[cspcla 18:51:48 pid=341729 tid=140650056472256] outbound_pdu callback link_id=2 tx_id=317 len=167
[cspcla 18:51:48 pid=341729 tid=140650056472256] ✓ TX SUCCESS tx_id=317 dst_csp=2:10 bytes=167 (all ACKs received)
[cspcla 18:51:48 pid=341729 tid=140650056472256] outbound_pdu callback link_id=2 tx_id=318 len=167
[cspcla 18:51:48 pid=341729 tid=140650056472256] ✓ TX SUCCESS tx_id=318 dst_csp=2:10 bytes=167 (all ACKs received)
[cspcla 18:51:48 pid=341729 tid=140650056472256] outbound_pdu callback link_id=2 tx_id=319 len=167
[cspcla 18:51:48 pid=341729 tid=140650056472256] ✓ TX SUCCESS tx_id=319 dst_csp=2:10 bytes=167 (all ACKs received)
[cspcla 18:51:48 pid=341729 tid=140650056472256] outbound_pdu callback link_id=2 tx_id=320 len=167
[cspcla 18:51:48 pid=341729 tid=140650056472256] ✓ TX SUCCESS tx_id=320 dst_csp=2:10 bytes=167 (all ACKs received)
[cspcla 18:51:49 pid=341729 tid=140650056472256] outbound_pdu callback link_id=2 tx_id=321 len=167
[cspcla 18:51:49 pid=341729 tid=140650056472256] ✓ TX SUCCESS tx_id=321 dst_csp=2:10 bytes=167 (all ACKs received)
[cspcla 18:51:49 pid=341729 tid=140650056472256] outbound_pdu callback link_id=2 tx_id=322 len=167
[cspcla 18:51:49 pid=341729 tid=140650056472256] ✓ TX SUCCESS tx_id=322 dst_csp=2:10 bytes=167 (all ACKs received)
[cspcla 18:51:49 pid=341729 tid=140650056472256] outbound_pdu callback link_id=2 tx_id=323 len=167
[cspcla 18:51:49 pid=341729 tid=140650056472256] ✓ TX SUCCESS tx_id=323 dst_csp=2:10 bytes=167 (all ACKs received)
[cspcla 18:51:49 pid=341729 tid=140650056472256] outbound_pdu callback link_id=2 tx_id=324 len=167
[cspcla 18:51:50 pid=341729 tid=140650056472256] ✓ TX SUCCESS tx_id=324 dst_csp=2:10 bytes=167 (all ACKs received)
[cspcla 18:51:50 pid=341729 tid=140650056472256] outbound_pdu callback link_id=2 tx_id=325 len=167
[cspcla 18:51:50 pid=341729 tid=140650056472256] ✓ TX SUCCESS tx_id=325 dst_csp=2:10 bytes=167 (all ACKs received)
[cspcla 18:51:50 pid=341729 tid=140650056472256] outbound_pdu callback link_id=2 tx_id=326 len=167
[cspcla 18:51:50 pid=341729 tid=140650056472256] ✓ TX SUCCESS tx_id=326 dst_csp=2:10 bytes=167 (all ACKs received)
[cspcla 18:51:50 pid=341729 tid=140650056472256] outbound_pdu callback link_id=2 tx_id=327 len=167
[cspcla 18:51:50 pid=341729 tid=140650056472256] ✓ TX SUCCESS tx_id=327 dst_csp=2:10 bytes=167 (all ACKs received)
[cspcla 18:51:50 pid=341729 tid=140650056472256] outbound_pdu callback link_id=2 tx_id=328 len=167
[cspcla 18:51:50 pid=341729 tid=140650056472256] ✓ TX SUCCESS tx_id=328 dst_csp=2:10 bytes=167 (all ACKs received)
[cspcla 18:51:50 pid=341729 tid=140650056472256] outbound_pdu callback link_id=2 tx_id=329 len=167
[cspcla 18:51:50 pid=341729 tid=140650056472256] ✓ TX SUCCESS tx_id=329 dst_csp=2:10 bytes=167 (all ACKs received)
[cspcla 18:51:50 pid=341729 tid=140650056472256] outbound_pdu callback link_id=2 tx_id=330 len=167
[cspcla 18:51:50 pid=341729 tid=140650056472256] ✓ TX SUCCESS tx_id=330 dst_csp=2:10 bytes=167 (all ACKs received)
[cspcla 18:51:51 pid=341729 tid=140650056472256] outbound_pdu callback link_id=2 tx_id=331 len=167
[cspcla 18:51:51 pid=341729 tid=140650056472256] ✓ TX SUCCESS tx_id=331 dst_csp=2:10 bytes=167 (all ACKs received)
[cspcla 18:51:51 pid=341729 tid=140650056472256] outbound_pdu callback link_id=2 tx_id=332 len=167
[cspcla 18:51:51 pid=341729 tid=140650056472256] ✓ TX SUCCESS tx_id=332 dst_csp=2:10 bytes=167 (all ACKs received)
[cspcla 18:51:51 pid=341729 tid=140650056472256] outbound_pdu callback link_id=2 tx_id=333 len=167
[cspcla 18:51:51 pid=341729 tid=140650056472256] ✓ TX SUCCESS tx_id=333 dst_csp=2:10 bytes=167 (all ACKs received)
[cspcla 18:51:51 pid=341729 tid=140650056472256] outbound_pdu callback link_id=2 tx_id=334 len=167
[cspcla 18:51:51 pid=341729 tid=140650056472256] ✓ TX SUCCESS tx_id=334 dst_csp=2:10 bytes=167 (all ACKs received)
[cspcla 18:51:51 pid=341729 tid=140650056472256] outbound_pdu callback link_id=2 tx_id=335 len=167
[cspcla 18:51:51 pid=341729 tid=140650056472256] ✓ TX SUCCESS tx_id=335 dst_csp=2:10 bytes=167 (all ACKs received)
[cspcla 18:51:51 pid=341729 tid=140650056472256] outbound_pdu callback link_id=2 tx_id=336 len=167
[cspcla 18:51:51 pid=341729 tid=140650056472256] ✓ TX SUCCESS tx_id=336 dst_csp=2:10 bytes=167 (all ACKs received)
[cspcla 18:51:51 pid=341729 tid=140650056472256] outbound_pdu callback link_id=2 tx_id=337 len=167
[cspcla 18:51:51 pid=341729 tid=140650056472256] ✓ TX SUCCESS tx_id=337 dst_csp=2:10 bytes=167 (all ACKs received)
[cspcla 18:51:51 pid=341729 tid=140650056472256] outbound_pdu callback link_id=2 tx_id=338 len=167
[cspcla 18:51:51 pid=341729 tid=140650056472256] ✓ TX SUCCESS tx_id=338 dst_csp=2:10 bytes=167 (all ACKs received)
[cspcla 18:51:51 pid=341729 tid=140650056472256] outbound_pdu callback link_id=2 tx_id=339 len=167
[cspcla 18:51:52 pid=341729 tid=140650056472256] ✓ TX SUCCESS tx_id=339 dst_csp=2:10 bytes=167 (all ACKs received)
[cspcla 18:51:52 pid=341729 tid=140650056472256] outbound_pdu callback link_id=2 tx_id=340 len=167
[cspcla 18:51:52 pid=341729 tid=140650056472256] ✓ TX SUCCESS tx_id=340 dst_csp=2:10 bytes=167 (all ACKs received)
[cspcla 18:51:52 pid=341729 tid=140650056472256] outbound_pdu callback link_id=2 tx_id=341 len=167
[cspcla 18:51:52 pid=341729 tid=140650056472256] ✓ TX SUCCESS tx_id=341 dst_csp=2:10 bytes=167 (all ACKs received)
[cspcla 18:51:52 pid=341729 tid=140650056472256] outbound_pdu callback link_id=2 tx_id=342 len=167
[cspcla 18:51:52 pid=341729 tid=140650056472256] ✓ TX SUCCESS tx_id=342 dst_csp=2:10 bytes=167 (all ACKs received)
[cspcla 18:51:52 pid=341729 tid=140650056472256] outbound_pdu callback link_id=2 tx_id=343 len=167
[cspcla 18:51:52 pid=341729 tid=140650056472256] ✓ TX SUCCESS tx_id=343 dst_csp=2:10 bytes=167 (all ACKs received)
[cspcla 18:51:53 pid=341729 tid=140650056472256] outbound_pdu callback link_id=2 tx_id=344 len=167
[cspcla 18:51:53 pid=341729 tid=140650056472256] ✓ TX SUCCESS tx_id=344 dst_csp=2:10 bytes=167 (all ACKs received)
[cspcla 18:51:53 pid=341729 tid=140650056472256] outbound_pdu callback link_id=2 tx_id=345 len=167
[cspcla 18:51:53 pid=341729 tid=140650056472256] ✓ TX SUCCESS tx_id=345 dst_csp=2:10 bytes=167 (all ACKs received)
[cspcla 18:51:53 pid=341729 tid=140650056472256] outbound_pdu callback link_id=2 tx_id=346 len=167
[cspcla 18:51:53 pid=341729 tid=140650056472256] ✓ TX SUCCESS tx_id=346 dst_csp=2:10 bytes=167 (all ACKs received)
[cspcla 18:51:53 pid=341729 tid=140650056472256] outbound_pdu callback link_id=2 tx_id=347 len=167
[cspcla 18:51:53 pid=341729 tid=140650056472256] ✓ TX SUCCESS tx_id=347 dst_csp=2:10 bytes=167 (all ACKs received)
[cspcla 18:51:53 pid=341729 tid=140650056472256] outbound_pdu callback link_id=2 tx_id=348 len=167
[cspcla 18:51:53 pid=341729 tid=140650056472256] ✓ TX SUCCESS tx_id=348 dst_csp=2:10 bytes=167 (all ACKs received)
[cspcla 18:51:53 pid=341729 tid=140650056472256] outbound_pdu callback link_id=2 tx_id=349 len=167
[cspcla 18:51:53 pid=341729 tid=140650056472256] ✓ TX SUCCESS tx_id=349 dst_csp=2:10 bytes=167 (all ACKs received)
[cspcla 18:51:53 pid=341729 tid=140650056472256] outbound_pdu callback link_id=2 tx_id=350 len=167
[cspcla 18:51:53 pid=341729 tid=140650056472256] ✓ TX SUCCESS tx_id=350 dst_csp=2:10 bytes=167 (all ACKs received)
[cspcla 18:51:54 pid=341729 tid=140650056472256] outbound_pdu callback link_id=2 tx_id=351 len=167
[cspcla 18:51:54 pid=341729 tid=140650056472256] ✓ TX SUCCESS tx_id=351 dst_csp=2:10 bytes=167 (all ACKs received)
[cspcla 18:51:54 pid=341729 tid=140650056472256] outbound_pdu callback link_id=2 tx_id=352 len=167
[cspcla 18:51:54 pid=341729 tid=140650056472256] ✓ TX SUCCESS tx_id=352 dst_csp=2:10 bytes=167 (all ACKs received)
[cspcla 18:51:54 pid=341729 tid=140650056472256] outbound_pdu callback link_id=2 tx_id=353 len=167
[cspcla 18:51:54 pid=341729 tid=140650056472256] ✓ TX SUCCESS tx_id=353 dst_csp=2:10 bytes=167 (all ACKs received)
[cspcla 18:51:54 pid=341729 tid=140650056472256] outbound_pdu callback link_id=2 tx_id=354 len=167
[cspcla 18:51:54 pid=341729 tid=140650056472256] ✓ TX SUCCESS tx_id=354 dst_csp=2:10 bytes=167 (all ACKs received)
[cspcla 18:51:54 pid=341729 tid=140650056472256] outbound_pdu callback link_id=2 tx_id=355 len=167
[cspcla 18:51:54 pid=341729 tid=140650056472256] ✓ TX SUCCESS tx_id=355 dst_csp=2:10 bytes=167 (all ACKs received)
[cspcla 18:51:54 pid=341729 tid=140650056472256] outbound_pdu callback link_id=2 tx_id=356 len=167
[cspcla 18:51:54 pid=341729 tid=140650056472256] ✓ TX SUCCESS tx_id=356 dst_csp=2:10 bytes=167 (all ACKs received)
[cspcla 18:51:54 pid=341729 tid=140650056472256] outbound_pdu callback link_id=2 tx_id=357 len=167
[cspcla 18:51:54 pid=341729 tid=140650056472256] ✓ TX SUCCESS tx_id=357 dst_csp=2:10 bytes=167 (all ACKs received)
[cspcla 18:51:54 pid=341729 tid=140650056472256] outbound_pdu callback link_id=2 tx_id=358 len=167
[cspcla 18:51:54 pid=341729 tid=140650056472256] ✓ TX SUCCESS tx_id=358 dst_csp=2:10 bytes=167 (all ACKs received)
[cspcla 18:51:54 pid=341729 tid=140650056472256] outbound_pdu callback link_id=2 tx_id=359 len=167
[cspcla 18:51:55 pid=341729 tid=140650056472256] ✓ TX SUCCESS tx_id=359 dst_csp=2:10 bytes=167 (all ACKs received)
[cspcla 18:51:55 pid=341729 tid=140650056472256] outbound_pdu callback link_id=2 tx_id=360 len=167
[cspcla 18:51:55 pid=341729 tid=140650056472256] ✓ TX SUCCESS tx_id=360 dst_csp=2:10 bytes=167 (all ACKs received)
[cspcla 18:51:55 pid=341729 tid=140650056472256] outbound_pdu callback link_id=2 tx_id=361 len=167
[cspcla 18:51:55 pid=341729 tid=140650056472256] ✓ TX SUCCESS tx_id=361 dst_csp=2:10 bytes=167 (all ACKs received)
[cspcla 18:51:55 pid=341729 tid=140650056472256] outbound_pdu callback link_id=2 tx_id=362 len=167
[cspcla 18:51:55 pid=341729 tid=140650056472256] ✓ TX SUCCESS tx_id=362 dst_csp=2:10 bytes=167 (all ACKs received)
[cspcla 18:51:56 pid=341729 tid=140650056472256] outbound_pdu callback link_id=2 tx_id=363 len=167
[cspcla 18:51:56 pid=341729 tid=140650056472256] ✓ TX SUCCESS tx_id=363 dst_csp=2:10 bytes=167 (all ACKs received)
[cspcla 18:51:56 pid=341729 tid=140650056472256] outbound_pdu callback link_id=2 tx_id=364 len=167
[cspcla 18:51:56 pid=341729 tid=140650056472256] ✓ TX SUCCESS tx_id=364 dst_csp=2:10 bytes=167 (all ACKs received)
[cspcla 18:51:56 pid=341729 tid=140650056472256] outbound_pdu callback link_id=2 tx_id=365 len=167
[cspcla 18:51:56 pid=341729 tid=140650056472256] ✓ TX SUCCESS tx_id=365 dst_csp=2:10 bytes=167 (all ACKs received)
[cspcla 18:51:56 pid=341729 tid=140650056472256] outbound_pdu callback link_id=2 tx_id=366 len=167
[cspcla 18:51:56 pid=341729 tid=140650056472256] ✓ TX SUCCESS tx_id=366 dst_csp=2:10 bytes=167 (all ACKs received)
[cspcla 18:51:56 pid=341729 tid=140650056472256] outbound_pdu callback link_id=2 tx_id=367 len=167
[cspcla 18:51:56 pid=341729 tid=140650056472256] ✓ TX SUCCESS tx_id=367 dst_csp=2:10 bytes=167 (all ACKs received)
[cspcla 18:51:56 pid=341729 tid=140650056472256] outbound_pdu callback link_id=2 tx_id=368 len=167
[cspcla 18:51:56 pid=341729 tid=140650056472256] ✓ TX SUCCESS tx_id=368 dst_csp=2:10 bytes=167 (all ACKs received)
[cspcla 18:51:56 pid=341729 tid=140650056472256] outbound_pdu callback link_id=2 tx_id=369 len=167
[cspcla 18:51:56 pid=341729 tid=140650056472256] ✓ TX SUCCESS tx_id=369 dst_csp=2:10 bytes=167 (all ACKs received)
[cspcla 18:51:56 pid=341729 tid=140650056472256] outbound_pdu callback link_id=2 tx_id=370 len=167
[cspcla 18:51:56 pid=341729 tid=140650056472256] ✓ TX SUCCESS tx_id=370 dst_csp=2:10 bytes=167 (all ACKs received)
[cspcla 18:51:57 pid=341729 tid=140650056472256] outbound_pdu callback link_id=2 tx_id=371 len=167
[cspcla 18:51:57 pid=341729 tid=140650056472256] ✓ TX SUCCESS tx_id=371 dst_csp=2:10 bytes=167 (all ACKs received)
[cspcla 18:51:57 pid=341729 tid=140650056472256] outbound_pdu callback link_id=2 tx_id=372 len=167
[cspcla 18:51:57 pid=341729 tid=140650056472256] ✓ TX SUCCESS tx_id=372 dst_csp=2:10 bytes=167 (all ACKs received)
[cspcla 18:51:57 pid=341729 tid=140650056472256] outbound_pdu callback link_id=2 tx_id=373 len=167
[cspcla 18:51:57 pid=341729 tid=140650056472256] ✓ TX SUCCESS tx_id=373 dst_csp=2:10 bytes=167 (all ACKs received)
[cspcla 18:51:57 pid=341729 tid=140650056472256] outbound_pdu callback link_id=2 tx_id=374 len=167
[cspcla 18:51:57 pid=341729 tid=140650056472256] ✓ TX SUCCESS tx_id=374 dst_csp=2:10 bytes=167 (all ACKs received)
[cspcla 18:51:57 pid=341729 tid=140650056472256] outbound_pdu callback link_id=2 tx_id=375 len=167
[cspcla 18:51:57 pid=341729 tid=140650056472256] ✓ TX SUCCESS tx_id=375 dst_csp=2:10 bytes=167 (all ACKs received)
[cspcla 18:51:57 pid=341729 tid=140650056472256] outbound_pdu callback link_id=2 tx_id=376 len=167
[cspcla 18:51:57 pid=341729 tid=140650056472256] ✓ TX SUCCESS tx_id=376 dst_csp=2:10 bytes=167 (all ACKs received)
[cspcla 18:51:57 pid=341729 tid=140650056472256] outbound_pdu callback link_id=2 tx_id=377 len=167
[cspcla 18:51:57 pid=341729 tid=140650056472256] ✓ TX SUCCESS tx_id=377 dst_csp=2:10 bytes=167 (all ACKs received)
[cspcla 18:51:57 pid=341729 tid=140650056472256] outbound_pdu callback link_id=2 tx_id=378 len=167
[cspcla 18:51:57 pid=341729 tid=140650056472256] ✓ TX SUCCESS tx_id=378 dst_csp=2:10 bytes=167 (all ACKs received)
[cspcla 18:51:57 pid=341729 tid=140650056472256] outbound_pdu callback link_id=2 tx_id=379 len=167
[cspcla 18:51:58 pid=341729 tid=140650056472256] ✓ TX SUCCESS tx_id=379 dst_csp=2:10 bytes=167 (all ACKs received)
[cspcla 18:51:58 pid=341729 tid=140650056472256] outbound_pdu callback link_id=2 tx_id=380 len=167
[cspcla 18:51:58 pid=341729 tid=140650056472256] ✓ TX SUCCESS tx_id=380 dst_csp=2:10 bytes=167 (all ACKs received)
[cspcla 18:51:59 pid=341729 tid=140650056472256] outbound_pdu callback link_id=2 tx_id=381 len=167
[cspcla 18:51:59 pid=341729 tid=140650056472256] ✓ TX SUCCESS tx_id=381 dst_csp=2:10 bytes=167 (all ACKs received)
[cspcla 18:51:59 pid=341729 tid=140650056472256] outbound_pdu callback link_id=2 tx_id=382 len=167
[cspcla 18:51:59 pid=341729 tid=140650056472256] ✓ TX SUCCESS tx_id=382 dst_csp=2:10 bytes=167 (all ACKs received)
[cspcla 18:51:59 pid=341729 tid=140650056472256] outbound_pdu callback link_id=2 tx_id=383 len=167
[cspcla 18:51:59 pid=341729 tid=140650056472256] ✓ TX SUCCESS tx_id=383 dst_csp=2:10 bytes=167 (all ACKs received)
[cspcla 18:51:59 pid=341729 tid=140650056472256] outbound_pdu callback link_id=2 tx_id=384 len=167
[cspcla 18:51:59 pid=341729 tid=140650056472256] ✓ TX SUCCESS tx_id=384 dst_csp=2:10 bytes=167 (all ACKs received)
[cspcla 18:51:59 pid=341729 tid=140650056472256] outbound_pdu callback link_id=2 tx_id=385 len=167
[cspcla 18:51:59 pid=341729 tid=140650056472256] ✓ TX SUCCESS tx_id=385 dst_csp=2:10 bytes=167 (all ACKs received)
[cspcla 18:51:59 pid=341729 tid=140650056472256] outbound_pdu callback link_id=2 tx_id=386 len=167
[cspcla 18:51:59 pid=341729 tid=140650056472256] ✓ TX SUCCESS tx_id=386 dst_csp=2:10 bytes=167 (all ACKs received)
[cspcla 18:51:59 pid=341729 tid=140650056472256] outbound_pdu callback link_id=2 tx_id=387 len=167
[cspcla 18:51:59 pid=341729 tid=140650056472256] ✓ TX SUCCESS tx_id=387 dst_csp=2:10 bytes=167 (all ACKs received)
[cspcla 18:51:59 pid=341729 tid=140650056472256] outbound_pdu callback link_id=2 tx_id=388 len=167
[cspcla 18:51:59 pid=341729 tid=140650056472256] ✓ TX SUCCESS tx_id=388 dst_csp=2:10 bytes=167 (all ACKs received)
[cspcla 18:51:59 pid=341729 tid=140650056472256] outbound_pdu callback link_id=2 tx_id=389 len=167
[cspcla 18:51:59 pid=341729 tid=140650056472256] ✓ TX SUCCESS tx_id=389 dst_csp=2:10 bytes=167 (all ACKs received)
[cspcla 18:51:59 pid=341729 tid=140650056472256] outbound_pdu callback link_id=2 tx_id=390 len=167
[cspcla 18:51:59 pid=341729 tid=140650056472256] ✓ TX SUCCESS tx_id=390 dst_csp=2:10 bytes=167 (all ACKs received)
[cspcla 18:52:00 pid=341729 tid=140650056472256] outbound_pdu callback link_id=2 tx_id=391 len=167
[cspcla 18:52:00 pid=341729 tid=140650056472256] ✓ TX SUCCESS tx_id=391 dst_csp=2:10 bytes=167 (all ACKs received)
[cspcla 18:52:00 pid=341729 tid=140650056472256] outbound_pdu callback link_id=2 tx_id=392 len=167
[cspcla 18:52:00 pid=341729 tid=140650056472256] ✓ TX SUCCESS tx_id=392 dst_csp=2:10 bytes=167 (all ACKs received)
[cspcla 18:52:00 pid=341729 tid=140650056472256] outbound_pdu callback link_id=2 tx_id=393 len=167
[cspcla 18:52:00 pid=341729 tid=140650056472256] ✓ TX SUCCESS tx_id=393 dst_csp=2:10 bytes=167 (all ACKs received)
[cspcla 18:52:00 pid=341729 tid=140650056472256] outbound_pdu callback link_id=2 tx_id=394 len=167
[cspcla 18:52:00 pid=341729 tid=140650056472256] ✓ TX SUCCESS tx_id=394 dst_csp=2:10 bytes=167 (all ACKs received)
[cspcla 18:52:00 pid=341729 tid=140650056472256] outbound_pdu callback link_id=2 tx_id=395 len=167
[cspcla 18:52:00 pid=341729 tid=140650056472256] ✓ TX SUCCESS tx_id=395 dst_csp=2:10 bytes=167 (all ACKs received)
[cspcla 18:52:00 pid=341729 tid=140650056472256] outbound_pdu callback link_id=2 tx_id=396 len=167
[cspcla 18:52:00 pid=341729 tid=140650056472256] ✓ TX SUCCESS tx_id=396 dst_csp=2:10 bytes=167 (all ACKs received)
[cspcla 18:52:00 pid=341729 tid=140650056472256] outbound_pdu callback link_id=2 tx_id=397 len=167
[cspcla 18:52:00 pid=341729 tid=140650056472256] ✓ TX SUCCESS tx_id=397 dst_csp=2:10 bytes=167 (all ACKs received)
[cspcla 18:52:00 pid=341729 tid=140650056472256] outbound_pdu callback link_id=2 tx_id=398 len=167
[cspcla 18:52:00 pid=341729 tid=140650056472256] ✓ TX SUCCESS tx_id=398 dst_csp=2:10 bytes=167 (all ACKs received)
[cspcla 18:52:00 pid=341729 tid=140650056472256] outbound_pdu callback link_id=2 tx_id=399 len=167
[cspcla 18:52:01 pid=341729 tid=140650056472256] ✓ TX SUCCESS tx_id=399 dst_csp=2:10 bytes=167 (all ACKs received)
[cspcla 18:52:01 pid=341729 tid=140650056472256] outbound_pdu callback link_id=2 tx_id=400 len=167
[cspcla 18:52:01 pid=341729 tid=140650056472256] ✓ TX SUCCESS tx_id=400 dst_csp=2:10 bytes=167 (all ACKs received)
[cspcla 18:52:01 pid=341729 tid=140650056472256] outbound_pdu callback link_id=2 tx_id=401 len=167
[cspcla 18:52:01 pid=341729 tid=140650056472256] ✓ TX SUCCESS tx_id=401 dst_csp=2:10 bytes=167 (all ACKs received)
[cspcla 18:52:01 pid=341729 tid=140650056472256] outbound_pdu callback link_id=2 tx_id=402 len=167
[cspcla 18:52:01 pid=341729 tid=140650056472256] ✓ TX SUCCESS tx_id=402 dst_csp=2:10 bytes=167 (all ACKs received)
[cspcla 18:52:02 pid=341729 tid=140650056472256] outbound_pdu callback link_id=2 tx_id=403 len=167
[cspcla 18:52:02 pid=341729 tid=140650056472256] ✓ TX SUCCESS tx_id=403 dst_csp=2:10 bytes=167 (all ACKs received)
[cspcla 18:52:02 pid=341729 tid=140650056472256] outbound_pdu callback link_id=2 tx_id=404 len=167
[cspcla 18:52:02 pid=341729 tid=140650056472256] ✓ TX SUCCESS tx_id=404 dst_csp=2:10 bytes=167 (all ACKs received)
[cspcla 18:52:02 pid=341729 tid=140650056472256] outbound_pdu callback link_id=2 tx_id=405 len=167
[cspcla 18:52:02 pid=341729 tid=140650056472256] ✓ TX SUCCESS tx_id=405 dst_csp=2:10 bytes=167 (all ACKs received)
[cspcla 18:52:02 pid=341729 tid=140650056472256] outbound_pdu callback link_id=2 tx_id=406 len=167
[cspcla 18:52:02 pid=341729 tid=140650056472256] ✓ TX SUCCESS tx_id=406 dst_csp=2:10 bytes=167 (all ACKs received)
[cspcla 18:52:02 pid=341729 tid=140650056472256] outbound_pdu callback link_id=2 tx_id=407 len=167
[cspcla 18:52:02 pid=341729 tid=140650056472256] ✓ TX SUCCESS tx_id=407 dst_csp=2:10 bytes=167 (all ACKs received)
[cspcla 18:52:02 pid=341729 tid=140650056472256] outbound_pdu callback link_id=2 tx_id=408 len=167
[cspcla 18:52:02 pid=341729 tid=140650056472256] ✓ TX SUCCESS tx_id=408 dst_csp=2:10 bytes=167 (all ACKs received)
[cspcla 18:52:02 pid=341729 tid=140650056472256] outbound_pdu callback link_id=2 tx_id=409 len=167
[cspcla 18:52:02 pid=341729 tid=140650056472256] ✓ TX SUCCESS tx_id=409 dst_csp=2:10 bytes=167 (all ACKs received)
[cspcla 18:52:02 pid=341729 tid=140650056472256] outbound_pdu callback link_id=2 tx_id=410 len=167
[cspcla 18:52:02 pid=341729 tid=140650056472256] ✓ TX SUCCESS tx_id=410 dst_csp=2:10 bytes=167 (all ACKs received)
[cspcla 18:52:03 pid=341729 tid=140650056472256] outbound_pdu callback link_id=2 tx_id=411 len=167
[cspcla 18:52:03 pid=341729 tid=140650056472256] ✓ TX SUCCESS tx_id=411 dst_csp=2:10 bytes=167 (all ACKs received)
[cspcla 18:52:03 pid=341729 tid=140650056472256] outbound_pdu callback link_id=2 tx_id=412 len=167
[cspcla 18:52:03 pid=341729 tid=140650056472256] ✓ TX SUCCESS tx_id=412 dst_csp=2:10 bytes=167 (all ACKs received)
[cspcla 18:52:03 pid=341729 tid=140650056472256] outbound_pdu callback link_id=2 tx_id=413 len=167
[cspcla 18:52:03 pid=341729 tid=140650056472256] ✓ TX SUCCESS tx_id=413 dst_csp=2:10 bytes=167 (all ACKs received)
[cspcla 18:52:03 pid=341729 tid=140650056472256] outbound_pdu callback link_id=2 tx_id=414 len=167
[cspcla 18:52:03 pid=341729 tid=140650056472256] ✓ TX SUCCESS tx_id=414 dst_csp=2:10 bytes=167 (all ACKs received)
[cspcla 18:52:03 pid=341729 tid=140650056472256] outbound_pdu callback link_id=2 tx_id=415 len=167
[cspcla 18:52:03 pid=341729 tid=140650056472256] ✓ TX SUCCESS tx_id=415 dst_csp=2:10 bytes=167 (all ACKs received)
[cspcla 18:52:03 pid=341729 tid=140650056472256] outbound_pdu callback link_id=2 tx_id=416 len=167
[cspcla 18:52:03 pid=341729 tid=140650056472256] ✓ TX SUCCESS tx_id=416 dst_csp=2:10 bytes=167 (all ACKs received)
[cspcla 18:52:03 pid=341729 tid=140650056472256] outbound_pdu callback link_id=2 tx_id=417 len=167
[cspcla 18:52:03 pid=341729 tid=140650056472256] ✓ TX SUCCESS tx_id=417 dst_csp=2:10 bytes=167 (all ACKs received)
[cspcla 18:52:03 pid=341729 tid=140650056472256] outbound_pdu callback link_id=2 tx_id=418 len=167
[cspcla 18:52:04 pid=341729 tid=140650056472256] ✓ TX SUCCESS tx_id=418 dst_csp=2:10 bytes=167 (all ACKs received)
[cspcla 18:52:04 pid=341729 tid=140650056472256] outbound_pdu callback link_id=2 tx_id=419 len=167
[cspcla 18:52:04 pid=341729 tid=140650056472256] ✓ TX SUCCESS tx_id=419 dst_csp=2:10 bytes=167 (all ACKs received)
[cspcla 18:52:04 pid=341729 tid=140650056472256] outbound_pdu callback link_id=2 tx_id=420 len=167
[cspcla 18:52:04 pid=341729 tid=140650056472256] ✓ TX SUCCESS tx_id=420 dst_csp=2:10 bytes=167 (all ACKs received)
[cspcla 18:52:05 pid=341729 tid=140650056472256] outbound_pdu callback link_id=2 tx_id=421 len=167
[cspcla 18:52:05 pid=341729 tid=140650056472256] ✓ TX SUCCESS tx_id=421 dst_csp=2:10 bytes=167 (all ACKs received)
[cspcla 18:52:05 pid=341729 tid=140650056472256] outbound_pdu callback link_id=2 tx_id=422 len=167
[cspcla 18:52:05 pid=341729 tid=140650056472256] ✓ TX SUCCESS tx_id=422 dst_csp=2:10 bytes=167 (all ACKs received)
[cspcla 18:52:05 pid=341729 tid=140650056472256] outbound_pdu callback link_id=2 tx_id=423 len=167
[cspcla 18:52:05 pid=341729 tid=140650056472256] ✓ TX SUCCESS tx_id=423 dst_csp=2:10 bytes=167 (all ACKs received)
[cspcla 18:52:05 pid=341729 tid=140650056472256] outbound_pdu callback link_id=2 tx_id=424 len=167
[cspcla 18:52:05 pid=341729 tid=140650056472256] ✓ TX SUCCESS tx_id=424 dst_csp=2:10 bytes=167 (all ACKs received)
[cspcla 18:52:05 pid=341729 tid=140650056472256] outbound_pdu callback link_id=2 tx_id=425 len=167
[cspcla 18:52:05 pid=341729 tid=140650056472256] ✓ TX SUCCESS tx_id=425 dst_csp=2:10 bytes=167 (all ACKs received)
[cspcla 18:52:05 pid=341729 tid=140650056472256] outbound_pdu callback link_id=2 tx_id=426 len=167
[cspcla 18:52:05 pid=341729 tid=140650056472256] ✓ TX SUCCESS tx_id=426 dst_csp=2:10 bytes=167 (all ACKs received)
[cspcla 18:52:05 pid=341729 tid=140650056472256] outbound_pdu callback link_id=2 tx_id=427 len=167
[cspcla 18:52:05 pid=341729 tid=140650056472256] ✓ TX SUCCESS tx_id=427 dst_csp=2:10 bytes=167 (all ACKs received)
[cspcla 18:52:05 pid=341729 tid=140650056472256] outbound_pdu callback link_id=2 tx_id=428 len=167
[cspcla 18:52:05 pid=341729 tid=140650056472256] ✓ TX SUCCESS tx_id=428 dst_csp=2:10 bytes=167 (all ACKs received)
[cspcla 18:52:05 pid=341729 tid=140650056472256] outbound_pdu callback link_id=2 tx_id=429 len=167
[cspcla 18:52:05 pid=341729 tid=140650056472256] ✓ TX SUCCESS tx_id=429 dst_csp=2:10 bytes=167 (all ACKs received)
[cspcla 18:52:05 pid=341729 tid=140650056472256] outbound_pdu callback link_id=2 tx_id=430 len=167
[cspcla 18:52:05 pid=341729 tid=140650056472256] ✓ TX SUCCESS tx_id=430 dst_csp=2:10 bytes=167 (all ACKs received)
[cspcla 18:52:06 pid=341729 tid=140650056472256] outbound_pdu callback link_id=2 tx_id=431 len=167
[cspcla 18:52:06 pid=341729 tid=140650056472256] ✓ TX SUCCESS tx_id=431 dst_csp=2:10 bytes=167 (all ACKs received)
[cspcla 18:52:06 pid=341729 tid=140650056472256] outbound_pdu callback link_id=2 tx_id=432 len=167
[cspcla 18:52:06 pid=341729 tid=140650056472256] ✓ TX SUCCESS tx_id=432 dst_csp=2:10 bytes=167 (all ACKs received)
[cspcla 18:52:06 pid=341729 tid=140650056472256] outbound_pdu callback link_id=2 tx_id=433 len=167
[cspcla 18:52:06 pid=341729 tid=140650056472256] ✓ TX SUCCESS tx_id=433 dst_csp=2:10 bytes=167 (all ACKs received)
[cspcla 18:52:06 pid=341729 tid=140650056472256] outbound_pdu callback link_id=2 tx_id=434 len=167
[cspcla 18:52:06 pid=341729 tid=140650056472256] ✓ TX SUCCESS tx_id=434 dst_csp=2:10 bytes=167 (all ACKs received)
[cspcla 18:52:06 pid=341729 tid=140650056472256] outbound_pdu callback link_id=2 tx_id=435 len=167
[cspcla 18:52:06 pid=341729 tid=140650056472256] ✓ TX SUCCESS tx_id=435 dst_csp=2:10 bytes=167 (all ACKs received)
[cspcla 18:52:06 pid=341729 tid=140650056472256] outbound_pdu callback link_id=2 tx_id=436 len=167
[cspcla 18:52:07 pid=341729 tid=140650056472256] ✓ TX SUCCESS tx_id=436 dst_csp=2:10 bytes=167 (all ACKs received)
[cspcla 18:52:07 pid=341729 tid=140650056472256] outbound_pdu callback link_id=2 tx_id=437 len=167
[cspcla 18:52:07 pid=341729 tid=140650056472256] ✓ TX SUCCESS tx_id=437 dst_csp=2:10 bytes=167 (all ACKs received)
[cspcla 18:52:07 pid=341729 tid=140650056472256] outbound_pdu callback link_id=2 tx_id=438 len=167
[cspcla 18:52:07 pid=341729 tid=140650056472256] ✓ TX SUCCESS tx_id=438 dst_csp=2:10 bytes=167 (all ACKs received)
[cspcla 18:52:07 pid=341729 tid=140650056472256] outbound_pdu callback link_id=2 tx_id=439 len=167
[cspcla 18:52:07 pid=341729 tid=140650056472256] ✓ TX SUCCESS tx_id=439 dst_csp=2:10 bytes=167 (all ACKs received)
[cspcla 18:52:07 pid=341729 tid=140650056472256] outbound_pdu callback link_id=2 tx_id=440 len=167
[cspcla 18:52:07 pid=341729 tid=140650056472256] ✓ TX SUCCESS tx_id=440 dst_csp=2:10 bytes=167 (all ACKs received)
[cspcla 18:52:08 pid=341729 tid=140650056472256] outbound_pdu callback link_id=2 tx_id=441 len=167
[cspcla 18:52:08 pid=341729 tid=140650056472256] ✓ TX SUCCESS tx_id=441 dst_csp=2:10 bytes=167 (all ACKs received)
[cspcla 18:52:08 pid=341729 tid=140650056472256] outbound_pdu callback link_id=2 tx_id=442 len=167
[cspcla 18:52:08 pid=341729 tid=140650056472256] ✓ TX SUCCESS tx_id=442 dst_csp=2:10 bytes=167 (all ACKs received)
[cspcla 18:52:08 pid=341729 tid=140650056472256] outbound_pdu callback link_id=2 tx_id=443 len=167
[cspcla 18:52:08 pid=341729 tid=140650056472256] ✓ TX SUCCESS tx_id=443 dst_csp=2:10 bytes=167 (all ACKs received)
[cspcla 18:52:08 pid=341729 tid=140650056472256] outbound_pdu callback link_id=2 tx_id=444 len=167
[cspcla 18:52:08 pid=341729 tid=140650056472256] ✓ TX SUCCESS tx_id=444 dst_csp=2:10 bytes=167 (all ACKs received)
[cspcla 18:52:08 pid=341729 tid=140650056472256] outbound_pdu callback link_id=2 tx_id=445 len=167
[cspcla 18:52:08 pid=341729 tid=140650056472256] ✓ TX SUCCESS tx_id=445 dst_csp=2:10 bytes=167 (all ACKs received)
[cspcla 18:52:08 pid=341729 tid=140650056472256] outbound_pdu callback link_id=2 tx_id=446 len=167
[cspcla 18:52:08 pid=341729 tid=140650056472256] ✓ TX SUCCESS tx_id=446 dst_csp=2:10 bytes=167 (all ACKs received)
[cspcla 18:52:08 pid=341729 tid=140650056472256] outbound_pdu callback link_id=2 tx_id=447 len=167
[cspcla 18:52:08 pid=341729 tid=140650056472256] ✓ TX SUCCESS tx_id=447 dst_csp=2:10 bytes=167 (all ACKs received)
[cspcla 18:52:08 pid=341729 tid=140650056472256] outbound_pdu callback link_id=2 tx_id=448 len=167
[cspcla 18:52:08 pid=341729 tid=140650056472256] ✓ TX SUCCESS tx_id=448 dst_csp=2:10 bytes=167 (all ACKs received)
[cspcla 18:52:08 pid=341729 tid=140650056472256] outbound_pdu callback link_id=2 tx_id=449 len=167
[cspcla 18:52:08 pid=341729 tid=140650056472256] ✓ TX SUCCESS tx_id=449 dst_csp=2:10 bytes=167 (all ACKs received)
[cspcla 18:52:08 pid=341729 tid=140650056472256] outbound_pdu callback link_id=2 tx_id=450 len=167
[cspcla 18:52:08 pid=341729 tid=140650056472256] ✓ TX SUCCESS tx_id=450 dst_csp=2:10 bytes=167 (all ACKs received)
[cspcla 18:52:10 pid=341729 tid=140650056472256] outbound_pdu callback link_id=2 tx_id=451 len=167
[cspcla 18:52:10 pid=341729 tid=140650056472256] ✓ TX SUCCESS tx_id=451 dst_csp=2:10 bytes=167 (all ACKs received)
[cspcla 18:52:10 pid=341729 tid=140650056472256] outbound_pdu callback link_id=2 tx_id=452 len=167
[cspcla 18:52:10 pid=341729 tid=140650056472256] ✓ TX SUCCESS tx_id=452 dst_csp=2:10 bytes=167 (all ACKs received)
[cspcla 18:52:10 pid=341729 tid=140650056472256] outbound_pdu callback link_id=2 tx_id=453 len=167
[cspcla 18:52:10 pid=341729 tid=140650056472256] ✓ TX SUCCESS tx_id=453 dst_csp=2:10 bytes=167 (all ACKs received)
[cspcla 18:52:10 pid=341729 tid=140650056472256] outbound_pdu callback link_id=2 tx_id=454 len=167
[cspcla 18:52:10 pid=341729 tid=140650056472256] ✓ TX SUCCESS tx_id=454 dst_csp=2:10 bytes=167 (all ACKs received)
[cspcla 18:52:10 pid=341729 tid=140650056472256] outbound_pdu callback link_id=2 tx_id=455 len=167
[cspcla 18:52:10 pid=341729 tid=140650056472256] ✓ TX SUCCESS tx_id=455 dst_csp=2:10 bytes=167 (all ACKs received)
[cspcla 18:52:10 pid=341729 tid=140650056472256] outbound_pdu callback link_id=2 tx_id=456 len=167
[cspcla 18:52:10 pid=341729 tid=140650056472256] ✓ TX SUCCESS tx_id=456 dst_csp=2:10 bytes=167 (all ACKs received)
[cspcla 18:52:10 pid=341729 tid=140650056472256] outbound_pdu callback link_id=2 tx_id=457 len=167
[cspcla 18:52:10 pid=341729 tid=140650056472256] ✓ TX SUCCESS tx_id=457 dst_csp=2:10 bytes=167 (all ACKs received)
[cspcla 18:52:10 pid=341729 tid=140650056472256] outbound_pdu callback link_id=2 tx_id=458 len=167
[cspcla 18:52:10 pid=341729 tid=140650056472256] ✓ TX SUCCESS tx_id=458 dst_csp=2:10 bytes=167 (all ACKs received)
[cspcla 18:52:10 pid=341729 tid=140650056472256] outbound_pdu callback link_id=2 tx_id=459 len=167
[cspcla 18:52:10 pid=341729 tid=140650056472256] ✓ TX SUCCESS tx_id=459 dst_csp=2:10 bytes=167 (all ACKs received)
[cspcla 18:52:10 pid=341729 tid=140650056472256] outbound_pdu callback link_id=2 tx_id=460 len=167
[cspcla 18:52:10 pid=341729 tid=140650056472256] ✓ TX SUCCESS tx_id=460 dst_csp=2:10 bytes=167 (all ACKs received)
[cspcla 18:52:11 pid=341729 tid=140650056472256] outbound_pdu callback link_id=2 tx_id=461 len=167
[cspcla 18:52:11 pid=341729 tid=140650056472256] ✓ TX SUCCESS tx_id=461 dst_csp=2:10 bytes=167 (all ACKs received)
[cspcla 18:52:11 pid=341729 tid=140650056472256] outbound_pdu callback link_id=2 tx_id=462 len=167
[cspcla 18:52:11 pid=341729 tid=140650056472256] ✓ TX SUCCESS tx_id=462 dst_csp=2:10 bytes=167 (all ACKs received)
[cspcla 18:52:11 pid=341729 tid=140650056472256] outbound_pdu callback link_id=2 tx_id=463 len=167
[cspcla 18:52:11 pid=341729 tid=140650056472256] ✓ TX SUCCESS tx_id=463 dst_csp=2:10 bytes=167 (all ACKs received)
[cspcla 18:52:11 pid=341729 tid=140650056472256] outbound_pdu callback link_id=2 tx_id=464 len=167
[cspcla 18:52:11 pid=341729 tid=140650056472256] ✓ TX SUCCESS tx_id=464 dst_csp=2:10 bytes=167 (all ACKs received)
[cspcla 18:52:11 pid=341729 tid=140650056472256] outbound_pdu callback link_id=2 tx_id=465 len=167
[cspcla 18:52:11 pid=341729 tid=140650056472256] ✓ TX SUCCESS tx_id=465 dst_csp=2:10 bytes=167 (all ACKs received)
[cspcla 18:52:11 pid=341729 tid=140650056472256] outbound_pdu callback link_id=2 tx_id=466 len=167
[cspcla 18:52:11 pid=341729 tid=140650056472256] ✓ TX SUCCESS tx_id=466 dst_csp=2:10 bytes=167 (all ACKs received)
[cspcla 18:52:11 pid=341729 tid=140650056472256] outbound_pdu callback link_id=2 tx_id=467 len=167
[cspcla 18:52:11 pid=341729 tid=140650056472256] ✓ TX SUCCESS tx_id=467 dst_csp=2:10 bytes=167 (all ACKs received)
[cspcla 18:52:11 pid=341729 tid=140650056472256] outbound_pdu callback link_id=2 tx_id=468 len=167
[cspcla 18:52:11 pid=341729 tid=140650056472256] ✓ TX SUCCESS tx_id=468 dst_csp=2:10 bytes=167 (all ACKs received)
[cspcla 18:52:11 pid=341729 tid=140650056472256] outbound_pdu callback link_id=2 tx_id=469 len=167
[cspcla 18:52:11 pid=341729 tid=140650056472256] ✓ TX SUCCESS tx_id=469 dst_csp=2:10 bytes=167 (all ACKs received)
[cspcla 18:52:11 pid=341729 tid=140650056472256] outbound_pdu callback link_id=2 tx_id=470 len=167
[cspcla 18:52:12 pid=341729 tid=140650056472256] ✓ TX SUCCESS tx_id=470 dst_csp=2:10 bytes=167 (all ACKs received)
[cspcla 18:52:13 pid=341729 tid=140650056472256] outbound_pdu callback link_id=2 tx_id=471 len=167
[cspcla 18:52:13 pid=341729 tid=140650056472256] ✓ TX SUCCESS tx_id=471 dst_csp=2:10 bytes=167 (all ACKs received)
[cspcla 18:52:13 pid=341729 tid=140650056472256] outbound_pdu callback link_id=2 tx_id=472 len=167
[cspcla 18:52:13 pid=341729 tid=140650056472256] ✓ TX SUCCESS tx_id=472 dst_csp=2:10 bytes=167 (all ACKs received)
[cspcla 18:52:13 pid=341729 tid=140650056472256] outbound_pdu callback link_id=2 tx_id=473 len=167
[cspcla 18:52:13 pid=341729 tid=140650056472256] ✓ TX SUCCESS tx_id=473 dst_csp=2:10 bytes=167 (all ACKs received)
[cspcla 18:52:13 pid=341729 tid=140650056472256] outbound_pdu callback link_id=2 tx_id=474 len=167
[cspcla 18:52:13 pid=341729 tid=140650056472256] ✓ TX SUCCESS tx_id=474 dst_csp=2:10 bytes=167 (all ACKs received)
[cspcla 18:52:13 pid=341729 tid=140650056472256] outbound_pdu callback link_id=2 tx_id=475 len=167
[cspcla 18:52:13 pid=341729 tid=140650056472256] ✓ TX SUCCESS tx_id=475 dst_csp=2:10 bytes=167 (all ACKs received)
[cspcla 18:52:13 pid=341729 tid=140650056472256] outbound_pdu callback link_id=2 tx_id=476 len=167
[cspcla 18:52:13 pid=341729 tid=140650056472256] ✓ TX SUCCESS tx_id=476 dst_csp=2:10 bytes=167 (all ACKs received)
[cspcla 18:52:13 pid=341729 tid=140650056472256] outbound_pdu callback link_id=2 tx_id=477 len=167
[cspcla 18:52:13 pid=341729 tid=140650056472256] ✓ TX SUCCESS tx_id=477 dst_csp=2:10 bytes=167 (all ACKs received)
[cspcla 18:52:13 pid=341729 tid=140650056472256] outbound_pdu callback link_id=2 tx_id=478 len=167
[cspcla 18:52:13 pid=341729 tid=140650056472256] ✓ TX SUCCESS tx_id=478 dst_csp=2:10 bytes=167 (all ACKs received)
[cspcla 18:52:13 pid=341729 tid=140650056472256] outbound_pdu callback link_id=2 tx_id=479 len=167
[cspcla 18:52:13 pid=341729 tid=140650056472256] ✓ TX SUCCESS tx_id=479 dst_csp=2:10 bytes=167 (all ACKs received)
[cspcla 18:52:13 pid=341729 tid=140650056472256] outbound_pdu callback link_id=2 tx_id=480 len=167
[cspcla 18:52:13 pid=341729 tid=140650056472256] ✓ TX SUCCESS tx_id=480 dst_csp=2:10 bytes=167 (all ACKs received)
[cspcla 18:52:14 pid=341729 tid=140650056472256] outbound_pdu callback link_id=2 tx_id=481 len=167
[cspcla 18:52:14 pid=341729 tid=140650056472256] ✓ TX SUCCESS tx_id=481 dst_csp=2:10 bytes=167 (all ACKs received)
[cspcla 18:52:14 pid=341729 tid=140650056472256] outbound_pdu callback link_id=2 tx_id=482 len=167
[cspcla 18:52:14 pid=341729 tid=140650056472256] ✓ TX SUCCESS tx_id=482 dst_csp=2:10 bytes=167 (all ACKs received)
[cspcla 18:52:14 pid=341729 tid=140650056472256] outbound_pdu callback link_id=2 tx_id=483 len=167
[cspcla 18:52:14 pid=341729 tid=140650056472256] ✓ TX SUCCESS tx_id=483 dst_csp=2:10 bytes=167 (all ACKs received)
[cspcla 18:52:14 pid=341729 tid=140650056472256] outbound_pdu callback link_id=2 tx_id=484 len=167
[cspcla 18:52:14 pid=341729 tid=140650056472256] ✓ TX SUCCESS tx_id=484 dst_csp=2:10 bytes=167 (all ACKs received)
[cspcla 18:52:14 pid=341729 tid=140650056472256] outbound_pdu callback link_id=2 tx_id=485 len=167
[cspcla 18:52:14 pid=341729 tid=140650056472256] ✓ TX SUCCESS tx_id=485 dst_csp=2:10 bytes=167 (all ACKs received)
[cspcla 18:52:14 pid=341729 tid=140650056472256] outbound_pdu callback link_id=2 tx_id=486 len=167
[cspcla 18:52:14 pid=341729 tid=140650056472256] ✓ TX SUCCESS tx_id=486 dst_csp=2:10 bytes=167 (all ACKs received)
[cspcla 18:52:14 pid=341729 tid=140650056472256] outbound_pdu callback link_id=2 tx_id=487 len=167
[cspcla 18:52:14 pid=341729 tid=140650056472256] ✓ TX SUCCESS tx_id=487 dst_csp=2:10 bytes=167 (all ACKs received)
[cspcla 18:52:14 pid=341729 tid=140650056472256] outbound_pdu callback link_id=2 tx_id=488 len=167
[cspcla 18:52:14 pid=341729 tid=140650056472256] ✓ TX SUCCESS tx_id=488 dst_csp=2:10 bytes=167 (all ACKs received)
[cspcla 18:52:14 pid=341729 tid=140650056472256] outbound_pdu callback link_id=2 tx_id=489 len=167
[cspcla 18:52:15 pid=341729 tid=140650056472256] ✓ TX SUCCESS tx_id=489 dst_csp=2:10 bytes=167 (all ACKs received)
[cspcla 18:52:15 pid=341729 tid=140650056472256] outbound_pdu callback link_id=2 tx_id=490 len=167
[cspcla 18:52:15 pid=341729 tid=140650056472256] ✓ TX SUCCESS tx_id=490 dst_csp=2:10 bytes=167 (all ACKs received)
[cspcla 18:52:16 pid=341729 tid=140650056472256] outbound_pdu callback link_id=2 tx_id=491 len=167
[cspcla 18:52:16 pid=341729 tid=140650056472256] ✓ TX SUCCESS tx_id=491 dst_csp=2:10 bytes=167 (all ACKs received)
[cspcla 18:52:16 pid=341729 tid=140650056472256] outbound_pdu callback link_id=2 tx_id=492 len=167
[cspcla 18:52:16 pid=341729 tid=140650056472256] ✓ TX SUCCESS tx_id=492 dst_csp=2:10 bytes=167 (all ACKs received)
[cspcla 18:52:16 pid=341729 tid=140650056472256] outbound_pdu callback link_id=2 tx_id=493 len=167
[cspcla 18:52:16 pid=341729 tid=140650056472256] ✓ TX SUCCESS tx_id=493 dst_csp=2:10 bytes=167 (all ACKs received)
[cspcla 18:52:16 pid=341729 tid=140650056472256] outbound_pdu callback link_id=2 tx_id=494 len=167
[cspcla 18:52:16 pid=341729 tid=140650056472256] ✓ TX SUCCESS tx_id=494 dst_csp=2:10 bytes=167 (all ACKs received)
[cspcla 18:52:16 pid=341729 tid=140650056472256] outbound_pdu callback link_id=2 tx_id=495 len=167
[cspcla 18:52:16 pid=341729 tid=140650056472256] ✓ TX SUCCESS tx_id=495 dst_csp=2:10 bytes=167 (all ACKs received)
[cspcla 18:52:16 pid=341729 tid=140650056472256] outbound_pdu callback link_id=2 tx_id=496 len=167
[cspcla 18:52:16 pid=341729 tid=140650056472256] ✓ TX SUCCESS tx_id=496 dst_csp=2:10 bytes=167 (all ACKs received)
[cspcla 18:52:16 pid=341729 tid=140650056472256] outbound_pdu callback link_id=2 tx_id=497 len=167
[cspcla 18:52:16 pid=341729 tid=140650056472256] ✓ TX SUCCESS tx_id=497 dst_csp=2:10 bytes=167 (all ACKs received)
[cspcla 18:52:16 pid=341729 tid=140650056472256] outbound_pdu callback link_id=2 tx_id=498 len=167
[cspcla 18:52:16 pid=341729 tid=140650056472256] ✓ TX SUCCESS tx_id=498 dst_csp=2:10 bytes=167 (all ACKs received)
[cspcla 18:52:16 pid=341729 tid=140650056472256] outbound_pdu callback link_id=2 tx_id=499 len=167
[cspcla 18:52:16 pid=341729 tid=140650056472256] ✓ TX SUCCESS tx_id=499 dst_csp=2:10 bytes=167 (all ACKs received)
[cspcla 18:52:16 pid=341729 tid=140650056472256] outbound_pdu callback link_id=2 tx_id=500 len=167
[cspcla 18:52:16 pid=341729 tid=140650056472256] ✓ TX SUCCESS tx_id=500 dst_csp=2:10 bytes=167 (all ACKs received)
[cspcla 18:52:17 pid=341729 tid=140650056472256] outbound_pdu callback link_id=2 tx_id=501 len=167
[cspcla 18:52:17 pid=341729 tid=140650056472256] ✓ TX SUCCESS tx_id=501 dst_csp=2:10 bytes=167 (all ACKs received)
[cspcla 18:52:17 pid=341729 tid=140650056472256] outbound_pdu callback link_id=2 tx_id=502 len=167
[cspcla 18:52:17 pid=341729 tid=140650056472256] ✓ TX SUCCESS tx_id=502 dst_csp=2:10 bytes=167 (all ACKs received)
[cspcla 18:52:17 pid=341729 tid=140650056472256] outbound_pdu callback link_id=2 tx_id=503 len=167
[cspcla 18:52:17 pid=341729 tid=140650056472256] ✓ TX SUCCESS tx_id=503 dst_csp=2:10 bytes=167 (all ACKs received)
[cspcla 18:52:17 pid=341729 tid=140650056472256] outbound_pdu callback link_id=2 tx_id=504 len=167
[cspcla 18:52:17 pid=341729 tid=140650056472256] ✓ TX SUCCESS tx_id=504 dst_csp=2:10 bytes=167 (all ACKs received)
[cspcla 18:52:17 pid=341729 tid=140650056472256] outbound_pdu callback link_id=2 tx_id=505 len=167
[cspcla 18:52:17 pid=341729 tid=140650056472256] ✓ TX SUCCESS tx_id=505 dst_csp=2:10 bytes=167 (all ACKs received)
[cspcla 18:52:17 pid=341729 tid=140650056472256] outbound_pdu callback link_id=2 tx_id=506 len=167
[cspcla 18:52:18 pid=341729 tid=140650056472256] ✓ TX SUCCESS tx_id=506 dst_csp=2:10 bytes=167 (all ACKs received)
[cspcla 18:52:18 pid=341729 tid=140650056472256] outbound_pdu callback link_id=2 tx_id=507 len=167
[cspcla 18:52:18 pid=341729 tid=140650056472256] ✓ TX SUCCESS tx_id=507 dst_csp=2:10 bytes=167 (all ACKs received)
[cspcla 18:52:18 pid=341729 tid=140650056472256] outbound_pdu callback link_id=2 tx_id=508 len=167
[cspcla 18:52:18 pid=341729 tid=140650056472256] ✓ TX SUCCESS tx_id=508 dst_csp=2:10 bytes=167 (all ACKs received)
[cspcla 18:52:18 pid=341729 tid=140650056472256] outbound_pdu callback link_id=2 tx_id=509 len=167
[cspcla 18:52:18 pid=341729 tid=140650056472256] ✓ TX SUCCESS tx_id=509 dst_csp=2:10 bytes=167 (all ACKs received)
[cspcla 18:52:18 pid=341729 tid=140650056472256] outbound_pdu callback link_id=2 tx_id=510 len=167
[cspcla 18:52:18 pid=341729 tid=140650056472256] ✓ TX SUCCESS tx_id=510 dst_csp=2:10 bytes=167 (all ACKs received)
[cspcla 18:52:19 pid=341729 tid=140650056472256] outbound_pdu callback link_id=2 tx_id=511 len=167
[cspcla 18:52:19 pid=341729 tid=140650056472256] ✓ TX SUCCESS tx_id=511 dst_csp=2:10 bytes=167 (all ACKs received)
[cspcla 18:52:19 pid=341729 tid=140650056472256] outbound_pdu callback link_id=2 tx_id=512 len=167
[cspcla 18:52:19 pid=341729 tid=140650056472256] ✓ TX SUCCESS tx_id=512 dst_csp=2:10 bytes=167 (all ACKs received)
[cspcla 18:52:19 pid=341729 tid=140650056472256] outbound_pdu callback link_id=2 tx_id=513 len=167
[cspcla 18:52:19 pid=341729 tid=140650056472256] ✓ TX SUCCESS tx_id=513 dst_csp=2:10 bytes=167 (all ACKs received)
[cspcla 18:52:19 pid=341729 tid=140650056472256] outbound_pdu callback link_id=2 tx_id=514 len=167
[cspcla 18:52:19 pid=341729 tid=140650056472256] ✓ TX SUCCESS tx_id=514 dst_csp=2:10 bytes=167 (all ACKs received)
[cspcla 18:52:19 pid=341729 tid=140650056472256] outbound_pdu callback link_id=2 tx_id=515 len=167
[cspcla 18:52:19 pid=341729 tid=140650056472256] ✓ TX SUCCESS tx_id=515 dst_csp=2:10 bytes=167 (all ACKs received)
[cspcla 18:52:19 pid=341729 tid=140650056472256] outbound_pdu callback link_id=2 tx_id=516 len=167
[cspcla 18:52:19 pid=341729 tid=140650056472256] ✓ TX SUCCESS tx_id=516 dst_csp=2:10 bytes=167 (all ACKs received)
[cspcla 18:52:19 pid=341729 tid=140650056472256] outbound_pdu callback link_id=2 tx_id=517 len=167
[cspcla 18:52:19 pid=341729 tid=140650056472256] ✓ TX SUCCESS tx_id=517 dst_csp=2:10 bytes=167 (all ACKs received)
[cspcla 18:52:19 pid=341729 tid=140650056472256] outbound_pdu callback link_id=2 tx_id=518 len=167
[cspcla 18:52:19 pid=341729 tid=140650056472256] ✓ TX SUCCESS tx_id=518 dst_csp=2:10 bytes=167 (all ACKs received)
[cspcla 18:52:19 pid=341729 tid=140650056472256] outbound_pdu callback link_id=2 tx_id=519 len=167
[cspcla 18:52:19 pid=341729 tid=140650056472256] ✓ TX SUCCESS tx_id=519 dst_csp=2:10 bytes=167 (all ACKs received)
[cspcla 18:52:19 pid=341729 tid=140650056472256] outbound_pdu callback link_id=2 tx_id=520 len=167
[cspcla 18:52:19 pid=341729 tid=140650056472256] ✓ TX SUCCESS tx_id=520 dst_csp=2:10 bytes=167 (all ACKs received)
[cspcla 18:52:20 pid=341729 tid=140650056472256] outbound_pdu callback link_id=2 tx_id=521 len=167
[cspcla 18:52:20 pid=341729 tid=140650056472256] ✓ TX SUCCESS tx_id=521 dst_csp=2:10 bytes=167 (all ACKs received)
[cspcla 18:52:20 pid=341729 tid=140650056472256] outbound_pdu callback link_id=2 tx_id=522 len=167
[cspcla 18:52:20 pid=341729 tid=140650056472256] ✓ TX SUCCESS tx_id=522 dst_csp=2:10 bytes=167 (all ACKs received)
[cspcla 18:52:20 pid=341729 tid=140650056472256] outbound_pdu callback link_id=2 tx_id=523 len=167
[cspcla 18:52:20 pid=341729 tid=140650056472256] ✓ TX SUCCESS tx_id=523 dst_csp=2:10 bytes=167 (all ACKs received)
[cspcla 18:52:20 pid=341729 tid=140650056472256] outbound_pdu callback link_id=2 tx_id=524 len=167
[cspcla 18:52:20 pid=341729 tid=140650056472256] ✓ TX SUCCESS tx_id=524 dst_csp=2:10 bytes=167 (all ACKs received)
[cspcla 18:52:20 pid=341729 tid=140650056472256] outbound_pdu callback link_id=2 tx_id=525 len=167
[cspcla 18:52:20 pid=341729 tid=140650056472256] ✓ TX SUCCESS tx_id=525 dst_csp=2:10 bytes=167 (all ACKs received)
[cspcla 18:52:20 pid=341729 tid=140650056472256] outbound_pdu callback link_id=2 tx_id=526 len=167
[cspcla 18:52:20 pid=341729 tid=140650056472256] ✓ TX SUCCESS tx_id=526 dst_csp=2:10 bytes=167 (all ACKs received)
[cspcla 18:52:20 pid=341729 tid=140650056472256] outbound_pdu callback link_id=2 tx_id=527 len=167
[cspcla 18:52:20 pid=341729 tid=140650056472256] ✓ TX SUCCESS tx_id=527 dst_csp=2:10 bytes=167 (all ACKs received)
[cspcla 18:52:20 pid=341729 tid=140650056472256] outbound_pdu callback link_id=2 tx_id=528 len=167
[cspcla 18:52:20 pid=341729 tid=140650056472256] ✓ TX SUCCESS tx_id=528 dst_csp=2:10 bytes=167 (all ACKs received)
[cspcla 18:52:20 pid=341729 tid=140650056472256] outbound_pdu callback link_id=2 tx_id=529 len=167
[cspcla 18:52:21 pid=341729 tid=140650056472256] ✓ TX SUCCESS tx_id=529 dst_csp=2:10 bytes=167 (all ACKs received)
[cspcla 18:52:21 pid=341729 tid=140650056472256] outbound_pdu callback link_id=2 tx_id=530 len=167
[cspcla 18:52:21 pid=341729 tid=140650056472256] ✓ TX SUCCESS tx_id=530 dst_csp=2:10 bytes=167 (all ACKs received)
[cspcla 18:52:22 pid=341729 tid=140650056472256] outbound_pdu callback link_id=2 tx_id=531 len=167
[cspcla 18:52:22 pid=341729 tid=140650056472256] ✓ TX SUCCESS tx_id=531 dst_csp=2:10 bytes=167 (all ACKs received)
[cspcla 18:52:22 pid=341729 tid=140650056472256] outbound_pdu callback link_id=2 tx_id=532 len=167
[cspcla 18:52:22 pid=341729 tid=140650056472256] ✓ TX SUCCESS tx_id=532 dst_csp=2:10 bytes=167 (all ACKs received)
[cspcla 18:52:22 pid=341729 tid=140650056472256] outbound_pdu callback link_id=2 tx_id=533 len=167
[cspcla 18:52:22 pid=341729 tid=140650056472256] ✓ TX SUCCESS tx_id=533 dst_csp=2:10 bytes=167 (all ACKs received)
[cspcla 18:52:22 pid=341729 tid=140650056472256] outbound_pdu callback link_id=2 tx_id=534 len=167
[cspcla 18:52:22 pid=341729 tid=140650056472256] ✓ TX SUCCESS tx_id=534 dst_csp=2:10 bytes=167 (all ACKs received)
[cspcla 18:52:22 pid=341729 tid=140650056472256] outbound_pdu callback link_id=2 tx_id=535 len=167
[cspcla 18:52:22 pid=341729 tid=140650056472256] ✓ TX SUCCESS tx_id=535 dst_csp=2:10 bytes=167 (all ACKs received)
[cspcla 18:52:22 pid=341729 tid=140650056472256] outbound_pdu callback link_id=2 tx_id=536 len=167
[cspcla 18:52:22 pid=341729 tid=140650056472256] ✓ TX SUCCESS tx_id=536 dst_csp=2:10 bytes=167 (all ACKs received)
[cspcla 18:52:22 pid=341729 tid=140650056472256] outbound_pdu callback link_id=2 tx_id=537 len=167
[cspcla 18:52:22 pid=341729 tid=140650056472256] ✓ TX SUCCESS tx_id=537 dst_csp=2:10 bytes=167 (all ACKs received)
[cspcla 18:52:22 pid=341729 tid=140650056472256] outbound_pdu callback link_id=2 tx_id=538 len=167
[cspcla 18:52:22 pid=341729 tid=140650056472256] ✓ TX SUCCESS tx_id=538 dst_csp=2:10 bytes=167 (all ACKs received)
[cspcla 18:52:22 pid=341729 tid=140650056472256] outbound_pdu callback link_id=2 tx_id=539 len=167
[cspcla 18:52:22 pid=341729 tid=140650056472256] ✓ TX SUCCESS tx_id=539 dst_csp=2:10 bytes=167 (all ACKs received)
[cspcla 18:52:22 pid=341729 tid=140650056472256] outbound_pdu callback link_id=2 tx_id=540 len=167
[cspcla 18:52:23 pid=341729 tid=140650056472256] ✓ TX SUCCESS tx_id=540 dst_csp=2:10 bytes=167 (all ACKs received)
[cspcla 18:52:23 pid=341729 tid=140650056472256] outbound_pdu callback link_id=2 tx_id=541 len=167
[cspcla 18:52:23 pid=341729 tid=140650056472256] ✓ TX SUCCESS tx_id=541 dst_csp=2:10 bytes=167 (all ACKs received)
[cspcla 18:52:23 pid=341729 tid=140650056472256] outbound_pdu callback link_id=2 tx_id=542 len=167
[cspcla 18:52:23 pid=341729 tid=140650056472256] ✓ TX SUCCESS tx_id=542 dst_csp=2:10 bytes=167 (all ACKs received)
[cspcla 18:52:23 pid=341729 tid=140650056472256] outbound_pdu callback link_id=2 tx_id=543 len=167
[cspcla 18:52:23 pid=341729 tid=140650056472256] ✓ TX SUCCESS tx_id=543 dst_csp=2:10 bytes=167 (all ACKs received)
[cspcla 18:52:23 pid=341729 tid=140650056472256] outbound_pdu callback link_id=2 tx_id=544 len=167
[cspcla 18:52:23 pid=341729 tid=140650056472256] ✓ TX SUCCESS tx_id=544 dst_csp=2:10 bytes=167 (all ACKs received)
[cspcla 18:52:23 pid=341729 tid=140650056472256] outbound_pdu callback link_id=2 tx_id=545 len=167
[cspcla 18:52:23 pid=341729 tid=140650056472256] ✓ TX SUCCESS tx_id=545 dst_csp=2:10 bytes=167 (all ACKs received)
[cspcla 18:52:23 pid=341729 tid=140650056472256] outbound_pdu callback link_id=2 tx_id=546 len=167
[cspcla 18:52:24 pid=341729 tid=140650056472256] ✓ TX SUCCESS tx_id=546 dst_csp=2:10 bytes=167 (all ACKs received)
[cspcla 18:52:24 pid=341729 tid=140650056472256] outbound_pdu callback link_id=2 tx_id=547 len=167
[cspcla 18:52:24 pid=341729 tid=140650056472256] ✓ TX SUCCESS tx_id=547 dst_csp=2:10 bytes=167 (all ACKs received)
[cspcla 18:52:24 pid=341729 tid=140650056472256] outbound_pdu callback link_id=2 tx_id=548 len=167
[cspcla 18:52:24 pid=341729 tid=140650056472256] ✓ TX SUCCESS tx_id=548 dst_csp=2:10 bytes=167 (all ACKs received)
[cspcla 18:52:24 pid=341729 tid=140650056472256] outbound_pdu callback link_id=2 tx_id=549 len=167
[cspcla 18:52:24 pid=341729 tid=140650056472256] ✓ TX SUCCESS tx_id=549 dst_csp=2:10 bytes=167 (all ACKs received)
[cspcla 18:52:24 pid=341729 tid=140650056472256] outbound_pdu callback link_id=2 tx_id=550 len=167
[cspcla 18:52:24 pid=341729 tid=140650056472256] ✓ TX SUCCESS tx_id=550 dst_csp=2:10 bytes=167 (all ACKs received)
[cspcla 18:52:25 pid=341729 tid=140650056472256] outbound_pdu callback link_id=2 tx_id=551 len=167
[cspcla 18:52:25 pid=341729 tid=140650056472256] ✓ TX SUCCESS tx_id=551 dst_csp=2:10 bytes=167 (all ACKs received)
[cspcla 18:52:25 pid=341729 tid=140650056472256] outbound_pdu callback link_id=2 tx_id=552 len=167
[cspcla 18:52:25 pid=341729 tid=140650056472256] ✓ TX SUCCESS tx_id=552 dst_csp=2:10 bytes=167 (all ACKs received)
[cspcla 18:52:25 pid=341729 tid=140650056472256] outbound_pdu callback link_id=2 tx_id=553 len=167
[cspcla 18:52:25 pid=341729 tid=140650056472256] ✓ TX SUCCESS tx_id=553 dst_csp=2:10 bytes=167 (all ACKs received)
[cspcla 18:52:25 pid=341729 tid=140650056472256] outbound_pdu callback link_id=2 tx_id=554 len=167
[cspcla 18:52:25 pid=341729 tid=140650056472256] ✓ TX SUCCESS tx_id=554 dst_csp=2:10 bytes=167 (all ACKs received)
[cspcla 18:52:25 pid=341729 tid=140650056472256] outbound_pdu callback link_id=2 tx_id=555 len=167
[cspcla 18:52:25 pid=341729 tid=140650056472256] ✓ TX SUCCESS tx_id=555 dst_csp=2:10 bytes=167 (all ACKs received)
[cspcla 18:52:25 pid=341729 tid=140650056472256] outbound_pdu callback link_id=2 tx_id=556 len=167
[cspcla 18:52:25 pid=341729 tid=140650056472256] ✓ TX SUCCESS tx_id=556 dst_csp=2:10 bytes=167 (all ACKs received)
[cspcla 18:52:25 pid=341729 tid=140650056472256] outbound_pdu callback link_id=2 tx_id=557 len=167
[cspcla 18:52:25 pid=341729 tid=140650056472256] ✓ TX SUCCESS tx_id=557 dst_csp=2:10 bytes=167 (all ACKs received)
[cspcla 18:52:25 pid=341729 tid=140650056472256] outbound_pdu callback link_id=2 tx_id=558 len=167
[cspcla 18:52:25 pid=341729 tid=140650056472256] ✓ TX SUCCESS tx_id=558 dst_csp=2:10 bytes=167 (all ACKs received)
[cspcla 18:52:25 pid=341729 tid=140650056472256] outbound_pdu callback link_id=2 tx_id=559 len=167
[cspcla 18:52:25 pid=341729 tid=140650056472256] ✓ TX SUCCESS tx_id=559 dst_csp=2:10 bytes=167 (all ACKs received)
[cspcla 18:52:25 pid=341729 tid=140650056472256] outbound_pdu callback link_id=2 tx_id=560 len=167
[cspcla 18:52:26 pid=341729 tid=140650056472256] ✓ TX SUCCESS tx_id=560 dst_csp=2:10 bytes=167 (all ACKs received)
[cspcla 18:52:26 pid=341729 tid=140650056472256] outbound_pdu callback link_id=2 tx_id=561 len=167
[cspcla 18:52:26 pid=341729 tid=140650056472256] ✓ TX SUCCESS tx_id=561 dst_csp=2:10 bytes=167 (all ACKs received)
[cspcla 18:52:26 pid=341729 tid=140650056472256] outbound_pdu callback link_id=2 tx_id=562 len=167
[cspcla 18:52:26 pid=341729 tid=140650056472256] ✓ TX SUCCESS tx_id=562 dst_csp=2:10 bytes=167 (all ACKs received)
[cspcla 18:52:26 pid=341729 tid=140650056472256] outbound_pdu callback link_id=2 tx_id=563 len=167
[cspcla 18:52:26 pid=341729 tid=140650056472256] ✓ TX SUCCESS tx_id=563 dst_csp=2:10 bytes=167 (all ACKs received)
[cspcla 18:52:26 pid=341729 tid=140650056472256] outbound_pdu callback link_id=2 tx_id=564 len=167
[cspcla 18:52:26 pid=341729 tid=140650056472256] ✓ TX SUCCESS tx_id=564 dst_csp=2:10 bytes=167 (all ACKs received)
[cspcla 18:52:26 pid=341729 tid=140650056472256] outbound_pdu callback link_id=2 tx_id=565 len=167
[cspcla 18:52:27 pid=341729 tid=140650056472256] ✓ TX SUCCESS tx_id=565 dst_csp=2:10 bytes=167 (all ACKs received)
[cspcla 18:52:27 pid=341729 tid=140650056472256] outbound_pdu callback link_id=2 tx_id=566 len=167
[cspcla 18:52:27 pid=341729 tid=140650056472256] ✓ TX SUCCESS tx_id=566 dst_csp=2:10 bytes=167 (all ACKs received)
[cspcla 18:52:27 pid=341729 tid=140650056472256] outbound_pdu callback link_id=2 tx_id=567 len=167
[cspcla 18:52:27 pid=341729 tid=140650056472256] ✓ TX SUCCESS tx_id=567 dst_csp=2:10 bytes=167 (all ACKs received)
[cspcla 18:52:27 pid=341729 tid=140650056472256] outbound_pdu callback link_id=2 tx_id=568 len=167
[cspcla 18:52:27 pid=341729 tid=140650056472256] ✓ TX SUCCESS tx_id=568 dst_csp=2:10 bytes=167 (all ACKs received)
[cspcla 18:52:27 pid=341729 tid=140650056472256] outbound_pdu callback link_id=2 tx_id=569 len=167
[cspcla 18:52:27 pid=341729 tid=140650056472256] ✓ TX SUCCESS tx_id=569 dst_csp=2:10 bytes=167 (all ACKs received)
[cspcla 18:52:27 pid=341729 tid=140650056472256] outbound_pdu callback link_id=2 tx_id=570 len=167
[cspcla 18:52:27 pid=341729 tid=140650056472256] ✓ TX SUCCESS tx_id=570 dst_csp=2:10 bytes=167 (all ACKs received)
[cspcla 18:52:28 pid=341729 tid=140650056472256] outbound_pdu callback link_id=2 tx_id=571 len=167
[cspcla 18:52:28 pid=341729 tid=140650056472256] ✓ TX SUCCESS tx_id=571 dst_csp=2:10 bytes=167 (all ACKs received)
[cspcla 18:52:28 pid=341729 tid=140650056472256] outbound_pdu callback link_id=2 tx_id=572 len=167
[cspcla 18:52:28 pid=341729 tid=140650056472256] ✓ TX SUCCESS tx_id=572 dst_csp=2:10 bytes=167 (all ACKs received)
[cspcla 18:52:28 pid=341729 tid=140650056472256] outbound_pdu callback link_id=2 tx_id=573 len=167
[cspcla 18:52:28 pid=341729 tid=140650056472256] ✓ TX SUCCESS tx_id=573 dst_csp=2:10 bytes=167 (all ACKs received)
[cspcla 18:52:28 pid=341729 tid=140650056472256] outbound_pdu callback link_id=2 tx_id=574 len=167
[cspcla 18:52:28 pid=341729 tid=140650056472256] ✓ TX SUCCESS tx_id=574 dst_csp=2:10 bytes=167 (all ACKs received)
[cspcla 18:52:28 pid=341729 tid=140650056472256] outbound_pdu callback link_id=2 tx_id=575 len=167
[cspcla 18:52:28 pid=341729 tid=140650056472256] ✓ TX SUCCESS tx_id=575 dst_csp=2:10 bytes=167 (all ACKs received)
[cspcla 18:52:28 pid=341729 tid=140650056472256] outbound_pdu callback link_id=2 tx_id=576 len=167
[cspcla 18:52:28 pid=341729 tid=140650056472256] ✓ TX SUCCESS tx_id=576 dst_csp=2:10 bytes=167 (all ACKs received)
[cspcla 18:52:28 pid=341729 tid=140650056472256] outbound_pdu callback link_id=2 tx_id=577 len=167
[cspcla 18:52:28 pid=341729 tid=140650056472256] ✓ TX SUCCESS tx_id=577 dst_csp=2:10 bytes=167 (all ACKs received)
[cspcla 18:52:28 pid=341729 tid=140650056472256] outbound_pdu callback link_id=2 tx_id=578 len=167
[cspcla 18:52:28 pid=341729 tid=140650056472256] ✓ TX SUCCESS tx_id=578 dst_csp=2:10 bytes=167 (all ACKs received)
[cspcla 18:52:28 pid=341729 tid=140650056472256] outbound_pdu callback link_id=2 tx_id=579 len=167
[cspcla 18:52:28 pid=341729 tid=140650056472256] ✓ TX SUCCESS tx_id=579 dst_csp=2:10 bytes=167 (all ACKs received)
[cspcla 18:52:28 pid=341729 tid=140650056472256] outbound_pdu callback link_id=2 tx_id=580 len=167
[cspcla 18:52:29 pid=341729 tid=140650056472256] ✓ TX SUCCESS tx_id=580 dst_csp=2:10 bytes=167 (all ACKs received)
[cspcla 18:52:29 pid=341729 tid=140650056472256] outbound_pdu callback link_id=2 tx_id=581 len=167
[cspcla 18:52:29 pid=341729 tid=140650056472256] ✓ TX SUCCESS tx_id=581 dst_csp=2:10 bytes=167 (all ACKs received)
[cspcla 18:52:29 pid=341729 tid=140650056472256] outbound_pdu callback link_id=2 tx_id=582 len=167
[cspcla 18:52:29 pid=341729 tid=140650056472256] ✓ TX SUCCESS tx_id=582 dst_csp=2:10 bytes=167 (all ACKs received)
[cspcla 18:52:29 pid=341729 tid=140650056472256] outbound_pdu callback link_id=2 tx_id=583 len=167
[cspcla 18:52:30 pid=341729 tid=140650056472256] ✓ TX SUCCESS tx_id=583 dst_csp=2:10 bytes=167 (all ACKs received)
[cspcla 18:52:30 pid=341729 tid=140650056472256] outbound_pdu callback link_id=2 tx_id=584 len=167
[cspcla 18:52:30 pid=341729 tid=140650056472256] ✓ TX SUCCESS tx_id=584 dst_csp=2:10 bytes=167 (all ACKs received)
[cspcla 18:52:30 pid=341729 tid=140650056472256] outbound_pdu callback link_id=2 tx_id=585 len=167
[cspcla 18:52:30 pid=341729 tid=140650056472256] ✓ TX SUCCESS tx_id=585 dst_csp=2:10 bytes=167 (all ACKs received)
[cspcla 18:52:30 pid=341729 tid=140650056472256] outbound_pdu callback link_id=2 tx_id=586 len=167
[cspcla 18:52:30 pid=341729 tid=140650056472256] ✓ TX SUCCESS tx_id=586 dst_csp=2:10 bytes=167 (all ACKs received)
[cspcla 18:52:30 pid=341729 tid=140650056472256] outbound_pdu callback link_id=2 tx_id=587 len=167
[cspcla 18:52:30 pid=341729 tid=140650056472256] ✓ TX SUCCESS tx_id=587 dst_csp=2:10 bytes=167 (all ACKs received)
[cspcla 18:52:30 pid=341729 tid=140650056472256] outbound_pdu callback link_id=2 tx_id=588 len=167
[cspcla 18:52:30 pid=341729 tid=140650056472256] ✓ TX SUCCESS tx_id=588 dst_csp=2:10 bytes=167 (all ACKs received)
[cspcla 18:52:30 pid=341729 tid=140650056472256] outbound_pdu callback link_id=2 tx_id=589 len=167
[cspcla 18:52:30 pid=341729 tid=140650056472256] ✓ TX SUCCESS tx_id=589 dst_csp=2:10 bytes=167 (all ACKs received)
[cspcla 18:52:30 pid=341729 tid=140650056472256] outbound_pdu callback link_id=2 tx_id=590 len=167
[cspcla 18:52:30 pid=341729 tid=140650056472256] ✓ TX SUCCESS tx_id=590 dst_csp=2:10 bytes=167 (all ACKs received)
[cspcla 18:52:31 pid=341729 tid=140650056472256] outbound_pdu callback link_id=2 tx_id=591 len=167
[cspcla 18:52:31 pid=341729 tid=140650056472256] ✓ TX SUCCESS tx_id=591 dst_csp=2:10 bytes=167 (all ACKs received)
[cspcla 18:52:31 pid=341729 tid=140650056472256] outbound_pdu callback link_id=2 tx_id=592 len=167
[cspcla 18:52:31 pid=341729 tid=140650056472256] ✓ TX SUCCESS tx_id=592 dst_csp=2:10 bytes=167 (all ACKs received)
[cspcla 18:52:31 pid=341729 tid=140650056472256] outbound_pdu callback link_id=2 tx_id=593 len=167
[cspcla 18:52:31 pid=341729 tid=140650056472256] ✓ TX SUCCESS tx_id=593 dst_csp=2:10 bytes=167 (all ACKs received)
[cspcla 18:52:31 pid=341729 tid=140650056472256] outbound_pdu callback link_id=2 tx_id=594 len=167
[cspcla 18:52:31 pid=341729 tid=140650056472256] ✓ TX SUCCESS tx_id=594 dst_csp=2:10 bytes=167 (all ACKs received)
[cspcla 18:52:31 pid=341729 tid=140650056472256] outbound_pdu callback link_id=2 tx_id=595 len=167
[cspcla 18:52:31 pid=341729 tid=140650056472256] ✓ TX SUCCESS tx_id=595 dst_csp=2:10 bytes=167 (all ACKs received)
[cspcla 18:52:31 pid=341729 tid=140650056472256] outbound_pdu callback link_id=2 tx_id=596 len=167
[cspcla 18:52:31 pid=341729 tid=140650056472256] ✓ TX SUCCESS tx_id=596 dst_csp=2:10 bytes=167 (all ACKs received)
[cspcla 18:52:31 pid=341729 tid=140650056472256] outbound_pdu callback link_id=2 tx_id=597 len=167
[cspcla 18:52:31 pid=341729 tid=140650056472256] ✓ TX SUCCESS tx_id=597 dst_csp=2:10 bytes=167 (all ACKs received)
[cspcla 18:52:31 pid=341729 tid=140650056472256] outbound_pdu callback link_id=2 tx_id=598 len=167
[cspcla 18:52:31 pid=341729 tid=140650056472256] ✓ TX SUCCESS tx_id=598 dst_csp=2:10 bytes=167 (all ACKs received)
[cspcla 18:52:31 pid=341729 tid=140650056472256] outbound_pdu callback link_id=2 tx_id=599 len=167
[cspcla 18:52:32 pid=341729 tid=140650056472256] ✓ TX SUCCESS tx_id=599 dst_csp=2:10 bytes=167 (all ACKs received)
[cspcla 18:52:32 pid=341729 tid=140650056472256] outbound_pdu callback link_id=2 tx_id=600 len=167
[cspcla 18:52:32 pid=341729 tid=140650056472256] ✓ TX SUCCESS tx_id=600 dst_csp=2:10 bytes=167 (all ACKs received)
[cspcla 18:52:33 pid=341729 tid=140650056472256] outbound_pdu callback link_id=2 tx_id=601 len=167
[cspcla 18:52:33 pid=341729 tid=140650056472256] ✓ TX SUCCESS tx_id=601 dst_csp=2:10 bytes=167 (all ACKs received)
[cspcla 18:52:33 pid=341729 tid=140650056472256] outbound_pdu callback link_id=2 tx_id=602 len=167
[cspcla 18:52:33 pid=341729 tid=140650056472256] ✓ TX SUCCESS tx_id=602 dst_csp=2:10 bytes=167 (all ACKs received)
[cspcla 18:52:33 pid=341729 tid=140650056472256] outbound_pdu callback link_id=2 tx_id=603 len=167
[cspcla 18:52:33 pid=341729 tid=140650056472256] ✓ TX SUCCESS tx_id=603 dst_csp=2:10 bytes=167 (all ACKs received)
[cspcla 18:52:33 pid=341729 tid=140650056472256] outbound_pdu callback link_id=2 tx_id=604 len=167
[cspcla 18:52:33 pid=341729 tid=140650056472256] ✓ TX SUCCESS tx_id=604 dst_csp=2:10 bytes=167 (all ACKs received)
[cspcla 18:52:33 pid=341729 tid=140650056472256] outbound_pdu callback link_id=2 tx_id=605 len=167
[cspcla 18:52:33 pid=341729 tid=140650056472256] ✓ TX SUCCESS tx_id=605 dst_csp=2:10 bytes=167 (all ACKs received)
[cspcla 18:52:33 pid=341729 tid=140650056472256] outbound_pdu callback link_id=2 tx_id=606 len=167
[cspcla 18:52:33 pid=341729 tid=140650056472256] ✓ TX SUCCESS tx_id=606 dst_csp=2:10 bytes=167 (all ACKs received)
[cspcla 18:52:33 pid=341729 tid=140650056472256] outbound_pdu callback link_id=2 tx_id=607 len=167
[cspcla 18:52:33 pid=341729 tid=140650056472256] ✓ TX SUCCESS tx_id=607 dst_csp=2:10 bytes=167 (all ACKs received)
[cspcla 18:52:33 pid=341729 tid=140650056472256] outbound_pdu callback link_id=2 tx_id=608 len=167
[cspcla 18:52:33 pid=341729 tid=140650056472256] ✓ TX SUCCESS tx_id=608 dst_csp=2:10 bytes=167 (all ACKs received)
[cspcla 18:52:33 pid=341729 tid=140650056472256] outbound_pdu callback link_id=2 tx_id=609 len=167
[cspcla 18:52:33 pid=341729 tid=140650056472256] ✓ TX SUCCESS tx_id=609 dst_csp=2:10 bytes=167 (all ACKs received)
[cspcla 18:52:33 pid=341729 tid=140650056472256] outbound_pdu callback link_id=2 tx_id=610 len=167
[cspcla 18:52:33 pid=341729 tid=140650056472256] ✓ TX SUCCESS tx_id=610 dst_csp=2:10 bytes=167 (all ACKs received)
[cspcla 18:52:34 pid=341729 tid=140650056472256] outbound_pdu callback link_id=2 tx_id=611 len=167
[cspcla 18:52:34 pid=341729 tid=140650056472256] ✓ TX SUCCESS tx_id=611 dst_csp=2:10 bytes=167 (all ACKs received)
[cspcla 18:52:34 pid=341729 tid=140650056472256] outbound_pdu callback link_id=2 tx_id=612 len=167
[cspcla 18:52:34 pid=341729 tid=140650056472256] ✓ TX SUCCESS tx_id=612 dst_csp=2:10 bytes=167 (all ACKs received)
[cspcla 18:52:34 pid=341729 tid=140650056472256] outbound_pdu callback link_id=2 tx_id=613 len=167
[cspcla 18:52:34 pid=341729 tid=140650056472256] ✓ TX SUCCESS tx_id=613 dst_csp=2:10 bytes=167 (all ACKs received)
[cspcla 18:52:34 pid=341729 tid=140650056472256] outbound_pdu callback link_id=2 tx_id=614 len=167
[cspcla 18:52:34 pid=341729 tid=140650056472256] ✓ TX SUCCESS tx_id=614 dst_csp=2:10 bytes=167 (all ACKs received)
[cspcla 18:52:34 pid=341729 tid=140650056472256] outbound_pdu callback link_id=2 tx_id=615 len=167
[cspcla 18:52:34 pid=341729 tid=140650056472256] ✓ TX SUCCESS tx_id=615 dst_csp=2:10 bytes=167 (all ACKs received)
[cspcla 18:52:34 pid=341729 tid=140650056472256] outbound_pdu callback link_id=2 tx_id=616 len=167
[cspcla 18:52:34 pid=341729 tid=140650056472256] ✓ TX SUCCESS tx_id=616 dst_csp=2:10 bytes=167 (all ACKs received)
[cspcla 18:52:34 pid=341729 tid=140650056472256] outbound_pdu callback link_id=2 tx_id=617 len=167
[cspcla 18:52:34 pid=341729 tid=140650056472256] ✓ TX SUCCESS tx_id=617 dst_csp=2:10 bytes=167 (all ACKs received)
[cspcla 18:52:34 pid=341729 tid=140650056472256] outbound_pdu callback link_id=2 tx_id=618 len=167
[cspcla 18:52:34 pid=341729 tid=140650056472256] ✓ TX SUCCESS tx_id=618 dst_csp=2:10 bytes=167 (all ACKs received)
[cspcla 18:52:34 pid=341729 tid=140650056472256] outbound_pdu callback link_id=2 tx_id=619 len=167
[cspcla 18:52:35 pid=341729 tid=140650056472256] ✓ TX SUCCESS tx_id=619 dst_csp=2:10 bytes=167 (all ACKs received)
[cspcla 18:52:35 pid=341729 tid=140650056472256] outbound_pdu callback link_id=2 tx_id=620 len=167
[cspcla 18:52:35 pid=341729 tid=140650056472256] ✓ TX SUCCESS tx_id=620 dst_csp=2:10 bytes=167 (all ACKs received)
[cspcla 18:52:36 pid=341729 tid=140650056472256] outbound_pdu callback link_id=2 tx_id=621 len=167
[cspcla 18:52:36 pid=341729 tid=140650056472256] ✓ TX SUCCESS tx_id=621 dst_csp=2:10 bytes=167 (all ACKs received)
[cspcla 18:52:36 pid=341729 tid=140650056472256] outbound_pdu callback link_id=2 tx_id=622 len=167
[cspcla 18:52:36 pid=341729 tid=140650056472256] ✓ TX SUCCESS tx_id=622 dst_csp=2:10 bytes=167 (all ACKs received)
[cspcla 18:52:36 pid=341729 tid=140650056472256] outbound_pdu callback link_id=2 tx_id=623 len=167
[cspcla 18:52:36 pid=341729 tid=140650056472256] ✓ TX SUCCESS tx_id=623 dst_csp=2:10 bytes=167 (all ACKs received)
[cspcla 18:52:36 pid=341729 tid=140650056472256] outbound_pdu callback link_id=2 tx_id=624 len=167
[cspcla 18:52:36 pid=341729 tid=140650056472256] ✓ TX SUCCESS tx_id=624 dst_csp=2:10 bytes=167 (all ACKs received)
[cspcla 18:52:36 pid=341729 tid=140650056472256] outbound_pdu callback link_id=2 tx_id=625 len=167
[cspcla 18:52:36 pid=341729 tid=140650056472256] ✓ TX SUCCESS tx_id=625 dst_csp=2:10 bytes=167 (all ACKs received)
[cspcla 18:52:36 pid=341729 tid=140650056472256] outbound_pdu callback link_id=2 tx_id=626 len=167
[cspcla 18:52:36 pid=341729 tid=140650056472256] ✓ TX SUCCESS tx_id=626 dst_csp=2:10 bytes=167 (all ACKs received)
[cspcla 18:52:36 pid=341729 tid=140650056472256] outbound_pdu callback link_id=2 tx_id=627 len=167
[cspcla 18:52:36 pid=341729 tid=140650056472256] ✓ TX SUCCESS tx_id=627 dst_csp=2:10 bytes=167 (all ACKs received)
[cspcla 18:52:36 pid=341729 tid=140650056472256] outbound_pdu callback link_id=2 tx_id=628 len=167
[cspcla 18:52:36 pid=341729 tid=140650056472256] ✓ TX SUCCESS tx_id=628 dst_csp=2:10 bytes=167 (all ACKs received)
[cspcla 18:52:36 pid=341729 tid=140650056472256] outbound_pdu callback link_id=2 tx_id=629 len=167
[cspcla 18:52:36 pid=341729 tid=140650056472256] ✓ TX SUCCESS tx_id=629 dst_csp=2:10 bytes=167 (all ACKs received)
[cspcla 18:52:36 pid=341729 tid=140650056472256] outbound_pdu callback link_id=2 tx_id=630 len=167
[cspcla 18:52:36 pid=341729 tid=140650056472256] ✓ TX SUCCESS tx_id=630 dst_csp=2:10 bytes=167 (all ACKs received)
[cspcla 18:52:37 pid=341729 tid=140650056472256] outbound_pdu callback link_id=2 tx_id=631 len=167
[cspcla 18:52:37 pid=341729 tid=140650056472256] ✓ TX SUCCESS tx_id=631 dst_csp=2:10 bytes=167 (all ACKs received)
[cspcla 18:52:37 pid=341729 tid=140650056472256] outbound_pdu callback link_id=2 tx_id=632 len=167
[cspcla 18:52:37 pid=341729 tid=140650056472256] ✓ TX SUCCESS tx_id=632 dst_csp=2:10 bytes=167 (all ACKs received)
[cspcla 18:52:37 pid=341729 tid=140650056472256] outbound_pdu callback link_id=2 tx_id=633 len=167
[cspcla 18:52:37 pid=341729 tid=140650056472256] ✓ TX SUCCESS tx_id=633 dst_csp=2:10 bytes=167 (all ACKs received)
[cspcla 18:52:37 pid=341729 tid=140650056472256] outbound_pdu callback link_id=2 tx_id=634 len=167
[cspcla 18:52:37 pid=341729 tid=140650056472256] ✓ TX SUCCESS tx_id=634 dst_csp=2:10 bytes=167 (all ACKs received)
[cspcla 18:52:37 pid=341729 tid=140650056472256] outbound_pdu callback link_id=2 tx_id=635 len=167
[cspcla 18:52:37 pid=341729 tid=140650056472256] ✓ TX SUCCESS tx_id=635 dst_csp=2:10 bytes=167 (all ACKs received)
[cspcla 18:52:37 pid=341729 tid=140650056472256] outbound_pdu callback link_id=2 tx_id=636 len=167
[cspcla 18:52:37 pid=341729 tid=140650056472256] ✓ TX SUCCESS tx_id=636 dst_csp=2:10 bytes=167 (all ACKs received)
[cspcla 18:52:37 pid=341729 tid=140650056472256] outbound_pdu callback link_id=2 tx_id=637 len=167
[cspcla 18:52:37 pid=341729 tid=140650056472256] ✓ TX SUCCESS tx_id=637 dst_csp=2:10 bytes=167 (all ACKs received)
[cspcla 18:52:37 pid=341729 tid=140650056472256] outbound_pdu callback link_id=2 tx_id=638 len=167
[cspcla 18:52:37 pid=341729 tid=140650056472256] ✓ TX SUCCESS tx_id=638 dst_csp=2:10 bytes=167 (all ACKs received)
[cspcla 18:52:37 pid=341729 tid=140650056472256] outbound_pdu callback link_id=2 tx_id=639 len=167
[cspcla 18:52:38 pid=341729 tid=140650056472256] ✓ TX SUCCESS tx_id=639 dst_csp=2:10 bytes=167 (all ACKs received)
[cspcla 18:52:38 pid=341729 tid=140650056472256] outbound_pdu callback link_id=2 tx_id=640 len=167
[cspcla 18:52:38 pid=341729 tid=140650056472256] ✓ TX SUCCESS tx_id=640 dst_csp=2:10 bytes=167 (all ACKs received)
[cspcla 18:52:39 pid=341729 tid=140650056472256] outbound_pdu callback link_id=2 tx_id=641 len=167
[cspcla 18:52:39 pid=341729 tid=140650056472256] ✓ TX SUCCESS tx_id=641 dst_csp=2:10 bytes=167 (all ACKs received)
[cspcla 18:52:39 pid=341729 tid=140650056472256] outbound_pdu callback link_id=2 tx_id=642 len=167
[cspcla 18:52:39 pid=341729 tid=140650056472256] ✓ TX SUCCESS tx_id=642 dst_csp=2:10 bytes=167 (all ACKs received)
[cspcla 18:52:39 pid=341729 tid=140650056472256] outbound_pdu callback link_id=2 tx_id=643 len=167
[cspcla 18:52:39 pid=341729 tid=140650056472256] ✓ TX SUCCESS tx_id=643 dst_csp=2:10 bytes=167 (all ACKs received)
[cspcla 18:52:39 pid=341729 tid=140650056472256] outbound_pdu callback link_id=2 tx_id=644 len=167
[cspcla 18:52:39 pid=341729 tid=140650056472256] ✓ TX SUCCESS tx_id=644 dst_csp=2:10 bytes=167 (all ACKs received)
[cspcla 18:52:39 pid=341729 tid=140650056472256] outbound_pdu callback link_id=2 tx_id=645 len=167
[cspcla 18:52:39 pid=341729 tid=140650056472256] ✓ TX SUCCESS tx_id=645 dst_csp=2:10 bytes=167 (all ACKs received)
[cspcla 18:52:39 pid=341729 tid=140650056472256] outbound_pdu callback link_id=2 tx_id=646 len=167
[cspcla 18:52:39 pid=341729 tid=140650056472256] ✓ TX SUCCESS tx_id=646 dst_csp=2:10 bytes=167 (all ACKs received)
[cspcla 18:52:39 pid=341729 tid=140650056472256] outbound_pdu callback link_id=2 tx_id=647 len=167
[cspcla 18:52:39 pid=341729 tid=140650056472256] ✓ TX SUCCESS tx_id=647 dst_csp=2:10 bytes=167 (all ACKs received)
[cspcla 18:52:39 pid=341729 tid=140650056472256] outbound_pdu callback link_id=2 tx_id=648 len=167
[cspcla 18:52:39 pid=341729 tid=140650056472256] ✓ TX SUCCESS tx_id=648 dst_csp=2:10 bytes=167 (all ACKs received)
[cspcla 18:52:39 pid=341729 tid=140650056472256] outbound_pdu callback link_id=2 tx_id=649 len=167
[cspcla 18:52:39 pid=341729 tid=140650056472256] ✓ TX SUCCESS tx_id=649 dst_csp=2:10 bytes=167 (all ACKs received)
[cspcla 18:52:39 pid=341729 tid=140650056472256] outbound_pdu callback link_id=2 tx_id=650 len=167
[cspcla 18:52:40 pid=341729 tid=140650056472256] ✓ TX SUCCESS tx_id=650 dst_csp=2:10 bytes=167 (all ACKs received)
[cspcla 18:52:40 pid=341729 tid=140650056472256] outbound_pdu callback link_id=2 tx_id=651 len=167
[cspcla 18:52:40 pid=341729 tid=140650056472256] ✓ TX SUCCESS tx_id=651 dst_csp=2:10 bytes=167 (all ACKs received)
[cspcla 18:52:40 pid=341729 tid=140650056472256] outbound_pdu callback link_id=2 tx_id=652 len=167
[cspcla 18:52:40 pid=341729 tid=140650056472256] ✓ TX SUCCESS tx_id=652 dst_csp=2:10 bytes=167 (all ACKs received)
[cspcla 18:52:40 pid=341729 tid=140650056472256] outbound_pdu callback link_id=2 tx_id=653 len=167
[cspcla 18:52:41 pid=341729 tid=140650056472256] ✓ TX SUCCESS tx_id=653 dst_csp=2:10 bytes=167 (all ACKs received)
[cspcla 18:52:41 pid=341729 tid=140650056472256] outbound_pdu callback link_id=2 tx_id=654 len=167
[cspcla 18:52:41 pid=341729 tid=140650056472256] ✓ TX SUCCESS tx_id=654 dst_csp=2:10 bytes=167 (all ACKs received)
[cspcla 18:52:41 pid=341729 tid=140650056472256] outbound_pdu callback link_id=2 tx_id=655 len=167
[cspcla 18:52:41 pid=341729 tid=140650056472256] ✓ TX SUCCESS tx_id=655 dst_csp=2:10 bytes=167 (all ACKs received)
[cspcla 18:52:41 pid=341729 tid=140650056472256] outbound_pdu callback link_id=2 tx_id=656 len=167
[cspcla 18:52:41 pid=341729 tid=140650056472256] ✓ TX SUCCESS tx_id=656 dst_csp=2:10 bytes=167 (all ACKs received)
[cspcla 18:52:41 pid=341729 tid=140650056472256] outbound_pdu callback link_id=2 tx_id=657 len=167
[cspcla 18:52:41 pid=341729 tid=140650056472256] ✓ TX SUCCESS tx_id=657 dst_csp=2:10 bytes=167 (all ACKs received)
[cspcla 18:52:41 pid=341729 tid=140650056472256] outbound_pdu callback link_id=2 tx_id=658 len=167
[cspcla 18:52:41 pid=341729 tid=140650056472256] ✓ TX SUCCESS tx_id=658 dst_csp=2:10 bytes=167 (all ACKs received)
[cspcla 18:52:41 pid=341729 tid=140650056472256] outbound_pdu callback link_id=2 tx_id=659 len=167
[cspcla 18:52:41 pid=341729 tid=140650056472256] ✓ TX SUCCESS tx_id=659 dst_csp=2:10 bytes=167 (all ACKs received)
[cspcla 18:52:41 pid=341729 tid=140650056472256] outbound_pdu callback link_id=2 tx_id=660 len=167
[cspcla 18:52:41 pid=341729 tid=140650056472256] ✓ TX SUCCESS tx_id=660 dst_csp=2:10 bytes=167 (all ACKs received)
[cspcla 18:52:42 pid=341729 tid=140650056472256] outbound_pdu callback link_id=2 tx_id=661 len=167
[cspcla 18:52:42 pid=341729 tid=140650056472256] ✓ TX SUCCESS tx_id=661 dst_csp=2:10 bytes=167 (all ACKs received)
[cspcla 18:52:42 pid=341729 tid=140650056472256] outbound_pdu callback link_id=2 tx_id=662 len=167
[cspcla 18:52:42 pid=341729 tid=140650056472256] ✓ TX SUCCESS tx_id=662 dst_csp=2:10 bytes=167 (all ACKs received)
[cspcla 18:52:42 pid=341729 tid=140650056472256] outbound_pdu callback link_id=2 tx_id=663 len=167
[cspcla 18:52:42 pid=341729 tid=140650056472256] ✓ TX SUCCESS tx_id=663 dst_csp=2:10 bytes=167 (all ACKs received)
[cspcla 18:52:42 pid=341729 tid=140650056472256] outbound_pdu callback link_id=2 tx_id=664 len=167
[cspcla 18:52:42 pid=341729 tid=140650056472256] ✓ TX SUCCESS tx_id=664 dst_csp=2:10 bytes=167 (all ACKs received)
[cspcla 18:52:42 pid=341729 tid=140650056472256] outbound_pdu callback link_id=2 tx_id=665 len=167
[cspcla 18:52:42 pid=341729 tid=140650056472256] ✓ TX SUCCESS tx_id=665 dst_csp=2:10 bytes=167 (all ACKs received)
[cspcla 18:52:42 pid=341729 tid=140650056472256] outbound_pdu callback link_id=2 tx_id=666 len=167
[cspcla 18:52:42 pid=341729 tid=140650056472256] ✓ TX SUCCESS tx_id=666 dst_csp=2:10 bytes=167 (all ACKs received)
[cspcla 18:52:42 pid=341729 tid=140650056472256] outbound_pdu callback link_id=2 tx_id=667 len=167
[cspcla 18:52:42 pid=341729 tid=140650056472256] ✓ TX SUCCESS tx_id=667 dst_csp=2:10 bytes=167 (all ACKs received)
[cspcla 18:52:42 pid=341729 tid=140650056472256] outbound_pdu callback link_id=2 tx_id=668 len=167
[cspcla 18:52:42 pid=341729 tid=140650056472256] ✓ TX SUCCESS tx_id=668 dst_csp=2:10 bytes=167 (all ACKs received)
[cspcla 18:52:42 pid=341729 tid=140650056472256] outbound_pdu callback link_id=2 tx_id=669 len=167
[cspcla 18:52:43 pid=341729 tid=140650056472256] ✓ TX SUCCESS tx_id=669 dst_csp=2:10 bytes=167 (all ACKs received)
[cspcla 18:52:43 pid=341729 tid=140650056472256] outbound_pdu callback link_id=2 tx_id=670 len=167
[cspcla 18:52:43 pid=341729 tid=140650056472256] ✓ TX SUCCESS tx_id=670 dst_csp=2:10 bytes=167 (all ACKs received)
[cspcla 18:52:43 pid=341729 tid=140650056472256] outbound_pdu callback link_id=2 tx_id=671 len=167
[cspcla 18:52:43 pid=341729 tid=140650056472256] ✓ TX SUCCESS tx_id=671 dst_csp=2:10 bytes=167 (all ACKs received)
[cspcla 18:52:43 pid=341729 tid=140650056472256] outbound_pdu callback link_id=2 tx_id=672 len=167
[cspcla 18:52:43 pid=341729 tid=140650056472256] ✓ TX SUCCESS tx_id=672 dst_csp=2:10 bytes=167 (all ACKs received)
[cspcla 18:52:44 pid=341729 tid=140650056472256] outbound_pdu callback link_id=2 tx_id=673 len=167
[cspcla 18:52:44 pid=341729 tid=140650056472256] ✓ TX SUCCESS tx_id=673 dst_csp=2:10 bytes=167 (all ACKs received)
[cspcla 18:52:44 pid=341729 tid=140650056472256] outbound_pdu callback link_id=2 tx_id=674 len=167
[cspcla 18:52:44 pid=341729 tid=140650056472256] ✓ TX SUCCESS tx_id=674 dst_csp=2:10 bytes=167 (all ACKs received)
[cspcla 18:52:44 pid=341729 tid=140650056472256] outbound_pdu callback link_id=2 tx_id=675 len=167
[cspcla 18:52:44 pid=341729 tid=140650056472256] ✓ TX SUCCESS tx_id=675 dst_csp=2:10 bytes=167 (all ACKs received)
[cspcla 18:52:44 pid=341729 tid=140650056472256] outbound_pdu callback link_id=2 tx_id=676 len=167
[cspcla 18:52:44 pid=341729 tid=140650056472256] ✓ TX SUCCESS tx_id=676 dst_csp=2:10 bytes=167 (all ACKs received)
[cspcla 18:52:44 pid=341729 tid=140650056472256] outbound_pdu callback link_id=2 tx_id=677 len=167
[cspcla 18:52:44 pid=341729 tid=140650056472256] ✓ TX SUCCESS tx_id=677 dst_csp=2:10 bytes=167 (all ACKs received)
[cspcla 18:52:44 pid=341729 tid=140650056472256] outbound_pdu callback link_id=2 tx_id=678 len=167
[cspcla 18:52:44 pid=341729 tid=140650056472256] ✓ TX SUCCESS tx_id=678 dst_csp=2:10 bytes=167 (all ACKs received)
[cspcla 18:52:44 pid=341729 tid=140650056472256] outbound_pdu callback link_id=2 tx_id=679 len=167
[cspcla 18:52:44 pid=341729 tid=140650056472256] ✓ TX SUCCESS tx_id=679 dst_csp=2:10 bytes=167 (all ACKs received)
[cspcla 18:52:44 pid=341729 tid=140650056472256] outbound_pdu callback link_id=2 tx_id=680 len=167
[cspcla 18:52:44 pid=341729 tid=140650056472256] ✓ TX SUCCESS tx_id=680 dst_csp=2:10 bytes=167 (all ACKs received)
[cspcla 18:52:45 pid=341729 tid=140650056472256] outbound_pdu callback link_id=2 tx_id=681 len=167
[cspcla 18:52:45 pid=341729 tid=140650056472256] ✓ TX SUCCESS tx_id=681 dst_csp=2:10 bytes=167 (all ACKs received)
[cspcla 18:52:45 pid=341729 tid=140650056472256] outbound_pdu callback link_id=2 tx_id=682 len=167
[cspcla 18:52:45 pid=341729 tid=140650056472256] ✓ TX SUCCESS tx_id=682 dst_csp=2:10 bytes=167 (all ACKs received)
[cspcla 18:52:45 pid=341729 tid=140650056472256] outbound_pdu callback link_id=2 tx_id=683 len=167
[cspcla 18:52:45 pid=341729 tid=140650056472256] ✓ TX SUCCESS tx_id=683 dst_csp=2:10 bytes=167 (all ACKs received)
[cspcla 18:52:45 pid=341729 tid=140650056472256] outbound_pdu callback link_id=2 tx_id=684 len=167
[cspcla 18:52:45 pid=341729 tid=140650056472256] ✓ TX SUCCESS tx_id=684 dst_csp=2:10 bytes=167 (all ACKs received)
[cspcla 18:52:45 pid=341729 tid=140650056472256] outbound_pdu callback link_id=2 tx_id=685 len=167
[cspcla 18:52:45 pid=341729 tid=140650056472256] ✓ TX SUCCESS tx_id=685 dst_csp=2:10 bytes=167 (all ACKs received)
[cspcla 18:52:45 pid=341729 tid=140650056472256] outbound_pdu callback link_id=2 tx_id=686 len=167
[cspcla 18:52:45 pid=341729 tid=140650056472256] ✓ TX SUCCESS tx_id=686 dst_csp=2:10 bytes=167 (all ACKs received)
[cspcla 18:52:45 pid=341729 tid=140650056472256] outbound_pdu callback link_id=2 tx_id=687 len=167
[cspcla 18:52:45 pid=341729 tid=140650056472256] ✓ TX SUCCESS tx_id=687 dst_csp=2:10 bytes=167 (all ACKs received)
[cspcla 18:52:45 pid=341729 tid=140650056472256] outbound_pdu callback link_id=2 tx_id=688 len=167
[cspcla 18:52:45 pid=341729 tid=140650056472256] ✓ TX SUCCESS tx_id=688 dst_csp=2:10 bytes=167 (all ACKs received)
[cspcla 18:52:45 pid=341729 tid=140650056472256] outbound_pdu callback link_id=2 tx_id=689 len=167
[cspcla 18:52:46 pid=341729 tid=140650056472256] ✓ TX SUCCESS tx_id=689 dst_csp=2:10 bytes=167 (all ACKs received)
[cspcla 18:52:46 pid=341729 tid=140650056472256] outbound_pdu callback link_id=2 tx_id=690 len=167
[cspcla 18:52:46 pid=341729 tid=140650056472256] ✓ TX SUCCESS tx_id=690 dst_csp=2:10 bytes=167 (all ACKs received)
[cspcla 18:52:46 pid=341729 tid=140650056472256] outbound_pdu callback link_id=2 tx_id=691 len=167
[cspcla 18:52:46 pid=341729 tid=140650056472256] ✓ TX SUCCESS tx_id=691 dst_csp=2:10 bytes=167 (all ACKs received)
[cspcla 18:52:46 pid=341729 tid=140650056472256] outbound_pdu callback link_id=2 tx_id=692 len=167
[cspcla 18:52:46 pid=341729 tid=140650056472256] ✓ TX SUCCESS tx_id=692 dst_csp=2:10 bytes=167 (all ACKs received)
[cspcla 18:52:47 pid=341729 tid=140650056472256] outbound_pdu callback link_id=2 tx_id=693 len=167
[cspcla 18:52:47 pid=341729 tid=140650056472256] ✓ TX SUCCESS tx_id=693 dst_csp=2:10 bytes=167 (all ACKs received)
[cspcla 18:52:47 pid=341729 tid=140650056472256] outbound_pdu callback link_id=2 tx_id=694 len=167
[cspcla 18:52:47 pid=341729 tid=140650056472256] ✓ TX SUCCESS tx_id=694 dst_csp=2:10 bytes=167 (all ACKs received)
[cspcla 18:52:47 pid=341729 tid=140650056472256] outbound_pdu callback link_id=2 tx_id=695 len=167
[cspcla 18:52:47 pid=341729 tid=140650056472256] ✓ TX SUCCESS tx_id=695 dst_csp=2:10 bytes=167 (all ACKs received)
[cspcla 18:52:47 pid=341729 tid=140650056472256] outbound_pdu callback link_id=2 tx_id=696 len=167
[cspcla 18:52:47 pid=341729 tid=140650056472256] ✓ TX SUCCESS tx_id=696 dst_csp=2:10 bytes=167 (all ACKs received)
[cspcla 18:52:47 pid=341729 tid=140650056472256] outbound_pdu callback link_id=2 tx_id=697 len=167
[cspcla 18:52:47 pid=341729 tid=140650056472256] ✓ TX SUCCESS tx_id=697 dst_csp=2:10 bytes=167 (all ACKs received)
[cspcla 18:52:47 pid=341729 tid=140650056472256] outbound_pdu callback link_id=2 tx_id=698 len=167
[cspcla 18:52:47 pid=341729 tid=140650056472256] ✓ TX SUCCESS tx_id=698 dst_csp=2:10 bytes=167 (all ACKs received)
[cspcla 18:52:47 pid=341729 tid=140650056472256] outbound_pdu callback link_id=2 tx_id=699 len=167
[cspcla 18:52:47 pid=341729 tid=140650056472256] ✓ TX SUCCESS tx_id=699 dst_csp=2:10 bytes=167 (all ACKs received)
[cspcla 18:52:47 pid=341729 tid=140650056472256] outbound_pdu callback link_id=2 tx_id=700 len=167
[cspcla 18:52:47 pid=341729 tid=140650056472256] ✓ TX SUCCESS tx_id=700 dst_csp=2:10 bytes=167 (all ACKs received)
[cspcla 18:52:48 pid=341729 tid=140650056472256] outbound_pdu callback link_id=2 tx_id=701 len=167
[cspcla 18:52:48 pid=341729 tid=140650056472256] ✓ TX SUCCESS tx_id=701 dst_csp=2:10 bytes=167 (all ACKs received)
[cspcla 18:52:48 pid=341729 tid=140650056472256] outbound_pdu callback link_id=2 tx_id=702 len=167
[cspcla 18:52:48 pid=341729 tid=140650056472256] ✓ TX SUCCESS tx_id=702 dst_csp=2:10 bytes=167 (all ACKs received)
[cspcla 18:52:48 pid=341729 tid=140650056472256] outbound_pdu callback link_id=2 tx_id=703 len=167
[cspcla 18:52:48 pid=341729 tid=140650056472256] ✓ TX SUCCESS tx_id=703 dst_csp=2:10 bytes=167 (all ACKs received)
[cspcla 18:52:48 pid=341729 tid=140650056472256] outbound_pdu callback link_id=2 tx_id=704 len=167
[cspcla 18:52:48 pid=341729 tid=140650056472256] ✓ TX SUCCESS tx_id=704 dst_csp=2:10 bytes=167 (all ACKs received)
[cspcla 18:52:48 pid=341729 tid=140650056472256] outbound_pdu callback link_id=2 tx_id=705 len=167
[cspcla 18:52:48 pid=341729 tid=140650056472256] ✓ TX SUCCESS tx_id=705 dst_csp=2:10 bytes=167 (all ACKs received)
[cspcla 18:52:48 pid=341729 tid=140650056472256] outbound_pdu callback link_id=2 tx_id=706 len=167
[cspcla 18:52:48 pid=341729 tid=140650056472256] ✓ TX SUCCESS tx_id=706 dst_csp=2:10 bytes=167 (all ACKs received)
[cspcla 18:52:48 pid=341729 tid=140650056472256] outbound_pdu callback link_id=2 tx_id=707 len=167
[cspcla 18:52:48 pid=341729 tid=140650056472256] ✓ TX SUCCESS tx_id=707 dst_csp=2:10 bytes=167 (all ACKs received)
[cspcla 18:52:48 pid=341729 tid=140650056472256] outbound_pdu callback link_id=2 tx_id=708 len=167
[cspcla 18:52:48 pid=341729 tid=140650056472256] ✓ TX SUCCESS tx_id=708 dst_csp=2:10 bytes=167 (all ACKs received)
[cspcla 18:52:48 pid=341729 tid=140650056472256] outbound_pdu callback link_id=2 tx_id=709 len=167
[cspcla 18:52:49 pid=341729 tid=140650056472256] ✓ TX SUCCESS tx_id=709 dst_csp=2:10 bytes=167 (all ACKs received)
[cspcla 18:52:49 pid=341729 tid=140650056472256] outbound_pdu callback link_id=2 tx_id=710 len=167
[cspcla 18:52:49 pid=341729 tid=140650056472256] ✓ TX SUCCESS tx_id=710 dst_csp=2:10 bytes=167 (all ACKs received)
[cspcla 18:52:50 pid=341729 tid=140650056472256] outbound_pdu callback link_id=2 tx_id=711 len=167
[cspcla 18:52:50 pid=341729 tid=140650056472256] ✓ TX SUCCESS tx_id=711 dst_csp=2:10 bytes=167 (all ACKs received)
[cspcla 18:52:50 pid=341729 tid=140650056472256] outbound_pdu callback link_id=2 tx_id=712 len=167
[cspcla 18:52:50 pid=341729 tid=140650056472256] ✓ TX SUCCESS tx_id=712 dst_csp=2:10 bytes=167 (all ACKs received)
[cspcla 18:52:50 pid=341729 tid=140650056472256] outbound_pdu callback link_id=2 tx_id=713 len=167
[cspcla 18:52:50 pid=341729 tid=140650056472256] ✓ TX SUCCESS tx_id=713 dst_csp=2:10 bytes=167 (all ACKs received)
[cspcla 18:52:50 pid=341729 tid=140650056472256] outbound_pdu callback link_id=2 tx_id=714 len=167
[cspcla 18:52:50 pid=341729 tid=140650056472256] ✓ TX SUCCESS tx_id=714 dst_csp=2:10 bytes=167 (all ACKs received)
[cspcla 18:52:50 pid=341729 tid=140650056472256] outbound_pdu callback link_id=2 tx_id=715 len=167
[cspcla 18:52:50 pid=341729 tid=140650056472256] ✓ TX SUCCESS tx_id=715 dst_csp=2:10 bytes=167 (all ACKs received)
[cspcla 18:52:50 pid=341729 tid=140650056472256] outbound_pdu callback link_id=2 tx_id=716 len=167
[cspcla 18:52:50 pid=341729 tid=140650056472256] ✓ TX SUCCESS tx_id=716 dst_csp=2:10 bytes=167 (all ACKs received)
[cspcla 18:52:50 pid=341729 tid=140650056472256] outbound_pdu callback link_id=2 tx_id=717 len=167
[cspcla 18:52:50 pid=341729 tid=140650056472256] ✓ TX SUCCESS tx_id=717 dst_csp=2:10 bytes=167 (all ACKs received)
[cspcla 18:52:50 pid=341729 tid=140650056472256] outbound_pdu callback link_id=2 tx_id=718 len=167
[cspcla 18:52:50 pid=341729 tid=140650056472256] ✓ TX SUCCESS tx_id=718 dst_csp=2:10 bytes=167 (all ACKs received)
[cspcla 18:52:50 pid=341729 tid=140650056472256] outbound_pdu callback link_id=2 tx_id=719 len=167
[cspcla 18:52:50 pid=341729 tid=140650056472256] ✓ TX SUCCESS tx_id=719 dst_csp=2:10 bytes=167 (all ACKs received)
[cspcla 18:52:50 pid=341729 tid=140650056472256] outbound_pdu callback link_id=2 tx_id=720 len=167
[cspcla 18:52:50 pid=341729 tid=140650056472256] ✓ TX SUCCESS tx_id=720 dst_csp=2:10 bytes=167 (all ACKs received)
[cspcla 18:52:51 pid=341729 tid=140650056472256] outbound_pdu callback link_id=2 tx_id=721 len=167
[cspcla 18:52:51 pid=341729 tid=140650056472256] ✓ TX SUCCESS tx_id=721 dst_csp=2:10 bytes=167 (all ACKs received)
[cspcla 18:52:51 pid=341729 tid=140650056472256] outbound_pdu callback link_id=2 tx_id=722 len=167
[cspcla 18:52:51 pid=341729 tid=140650056472256] ✓ TX SUCCESS tx_id=722 dst_csp=2:10 bytes=167 (all ACKs received)
[cspcla 18:52:51 pid=341729 tid=140650056472256] outbound_pdu callback link_id=2 tx_id=723 len=167
[cspcla 18:52:51 pid=341729 tid=140650056472256] ✓ TX SUCCESS tx_id=723 dst_csp=2:10 bytes=167 (all ACKs received)
[cspcla 18:52:51 pid=341729 tid=140650056472256] outbound_pdu callback link_id=2 tx_id=724 len=167
[cspcla 18:52:51 pid=341729 tid=140650056472256] ✓ TX SUCCESS tx_id=724 dst_csp=2:10 bytes=167 (all ACKs received)
[cspcla 18:52:51 pid=341729 tid=140650056472256] outbound_pdu callback link_id=2 tx_id=725 len=167
[cspcla 18:52:51 pid=341729 tid=140650056472256] ✓ TX SUCCESS tx_id=725 dst_csp=2:10 bytes=167 (all ACKs received)
[cspcla 18:52:51 pid=341729 tid=140650056472256] outbound_pdu callback link_id=2 tx_id=726 len=167
[cspcla 18:52:51 pid=341729 tid=140650056472256] ✓ TX SUCCESS tx_id=726 dst_csp=2:10 bytes=167 (all ACKs received)
[cspcla 18:52:51 pid=341729 tid=140650056472256] outbound_pdu callback link_id=2 tx_id=727 len=167
[cspcla 18:52:51 pid=341729 tid=140650056472256] ✓ TX SUCCESS tx_id=727 dst_csp=2:10 bytes=167 (all ACKs received)
[cspcla 18:52:51 pid=341729 tid=140650056472256] outbound_pdu callback link_id=2 tx_id=728 len=167
[cspcla 18:52:52 pid=341729 tid=140650056472256] ✓ TX SUCCESS tx_id=728 dst_csp=2:10 bytes=167 (all ACKs received)
[cspcla 18:52:52 pid=341729 tid=140650056472256] outbound_pdu callback link_id=2 tx_id=729 len=167
[cspcla 18:52:52 pid=341729 tid=140650056472256] ✓ TX SUCCESS tx_id=729 dst_csp=2:10 bytes=167 (all ACKs received)
[cspcla 18:52:52 pid=341729 tid=140650056472256] outbound_pdu callback link_id=2 tx_id=730 len=167
[cspcla 18:52:52 pid=341729 tid=140650056472256] ✓ TX SUCCESS tx_id=730 dst_csp=2:10 bytes=167 (all ACKs received)
[cspcla 18:52:53 pid=341729 tid=140650056472256] outbound_pdu callback link_id=2 tx_id=731 len=167
[cspcla 18:52:53 pid=341729 tid=140650056472256] ✓ TX SUCCESS tx_id=731 dst_csp=2:10 bytes=167 (all ACKs received)
[cspcla 18:52:53 pid=341729 tid=140650056472256] outbound_pdu callback link_id=2 tx_id=732 len=167
[cspcla 18:52:53 pid=341729 tid=140650056472256] ✓ TX SUCCESS tx_id=732 dst_csp=2:10 bytes=167 (all ACKs received)
[cspcla 18:52:53 pid=341729 tid=140650056472256] outbound_pdu callback link_id=2 tx_id=733 len=167
[cspcla 18:52:53 pid=341729 tid=140650056472256] ✓ TX SUCCESS tx_id=733 dst_csp=2:10 bytes=167 (all ACKs received)
[cspcla 18:52:53 pid=341729 tid=140650056472256] outbound_pdu callback link_id=2 tx_id=734 len=167
[cspcla 18:52:53 pid=341729 tid=140650056472256] ✓ TX SUCCESS tx_id=734 dst_csp=2:10 bytes=167 (all ACKs received)
[cspcla 18:52:53 pid=341729 tid=140650056472256] outbound_pdu callback link_id=2 tx_id=735 len=167
[cspcla 18:52:53 pid=341729 tid=140650056472256] ✓ TX SUCCESS tx_id=735 dst_csp=2:10 bytes=167 (all ACKs received)
[cspcla 18:52:53 pid=341729 tid=140650056472256] outbound_pdu callback link_id=2 tx_id=736 len=167
[cspcla 18:52:53 pid=341729 tid=140650056472256] ✓ TX SUCCESS tx_id=736 dst_csp=2:10 bytes=167 (all ACKs received)
[cspcla 18:52:53 pid=341729 tid=140650056472256] outbound_pdu callback link_id=2 tx_id=737 len=167
[cspcla 18:52:53 pid=341729 tid=140650056472256] ✓ TX SUCCESS tx_id=737 dst_csp=2:10 bytes=167 (all ACKs received)
[cspcla 18:52:53 pid=341729 tid=140650056472256] outbound_pdu callback link_id=2 tx_id=738 len=167
[cspcla 18:52:53 pid=341729 tid=140650056472256] ✓ TX SUCCESS tx_id=738 dst_csp=2:10 bytes=167 (all ACKs received)
[cspcla 18:52:53 pid=341729 tid=140650056472256] outbound_pdu callback link_id=2 tx_id=739 len=167
[cspcla 18:52:53 pid=341729 tid=140650056472256] ✓ TX SUCCESS tx_id=739 dst_csp=2:10 bytes=167 (all ACKs received)
[cspcla 18:52:53 pid=341729 tid=140650056472256] outbound_pdu callback link_id=2 tx_id=740 len=167
[cspcla 18:52:53 pid=341729 tid=140650056472256] ✓ TX SUCCESS tx_id=740 dst_csp=2:10 bytes=167 (all ACKs received)
[cspcla 18:52:54 pid=341729 tid=140650056472256] outbound_pdu callback link_id=2 tx_id=741 len=167
[cspcla 18:52:54 pid=341729 tid=140650056472256] ✓ TX SUCCESS tx_id=741 dst_csp=2:10 bytes=167 (all ACKs received)
[cspcla 18:52:54 pid=341729 tid=140650056472256] outbound_pdu callback link_id=2 tx_id=742 len=167
[cspcla 18:52:54 pid=341729 tid=140650056472256] ✓ TX SUCCESS tx_id=742 dst_csp=2:10 bytes=167 (all ACKs received)
[cspcla 18:52:54 pid=341729 tid=140650056472256] outbound_pdu callback link_id=2 tx_id=743 len=167
[cspcla 18:52:54 pid=341729 tid=140650056472256] ✓ TX SUCCESS tx_id=743 dst_csp=2:10 bytes=167 (all ACKs received)
[cspcla 18:52:54 pid=341729 tid=140650056472256] outbound_pdu callback link_id=2 tx_id=744 len=167
[cspcla 18:52:54 pid=341729 tid=140650056472256] ✓ TX SUCCESS tx_id=744 dst_csp=2:10 bytes=167 (all ACKs received)
[cspcla 18:52:54 pid=341729 tid=140650056472256] outbound_pdu callback link_id=2 tx_id=745 len=167
[cspcla 18:52:54 pid=341729 tid=140650056472256] ✓ TX SUCCESS tx_id=745 dst_csp=2:10 bytes=167 (all ACKs received)
[cspcla 18:52:54 pid=341729 tid=140650056472256] outbound_pdu callback link_id=2 tx_id=746 len=167
[cspcla 18:52:54 pid=341729 tid=140650056472256] ✓ TX SUCCESS tx_id=746 dst_csp=2:10 bytes=167 (all ACKs received)
[cspcla 18:52:54 pid=341729 tid=140650056472256] outbound_pdu callback link_id=2 tx_id=747 len=167
[cspcla 18:52:54 pid=341729 tid=140650056472256] ✓ TX SUCCESS tx_id=747 dst_csp=2:10 bytes=167 (all ACKs received)
[cspcla 18:52:54 pid=341729 tid=140650056472256] outbound_pdu callback link_id=2 tx_id=748 len=167
[cspcla 18:52:55 pid=341729 tid=140650056472256] ✓ TX SUCCESS tx_id=748 dst_csp=2:10 bytes=167 (all ACKs received)
[cspcla 18:52:55 pid=341729 tid=140650056472256] outbound_pdu callback link_id=2 tx_id=749 len=167
[cspcla 18:52:55 pid=341729 tid=140650056472256] ✓ TX SUCCESS tx_id=749 dst_csp=2:10 bytes=167 (all ACKs received)
[cspcla 18:52:55 pid=341729 tid=140650056472256] outbound_pdu callback link_id=2 tx_id=750 len=167
[cspcla 18:52:55 pid=341729 tid=140650056472256] ✓ TX SUCCESS tx_id=750 dst_csp=2:10 bytes=167 (all ACKs received)
[cspcla 18:52:56 pid=341729 tid=140650056472256] outbound_pdu callback link_id=2 tx_id=751 len=167
[cspcla 18:52:56 pid=341729 tid=140650056472256] ✓ TX SUCCESS tx_id=751 dst_csp=2:10 bytes=167 (all ACKs received)
[cspcla 18:52:56 pid=341729 tid=140650056472256] outbound_pdu callback link_id=2 tx_id=752 len=167
[cspcla 18:52:56 pid=341729 tid=140650056472256] ✓ TX SUCCESS tx_id=752 dst_csp=2:10 bytes=167 (all ACKs received)
[cspcla 18:52:56 pid=341729 tid=140650056472256] outbound_pdu callback link_id=2 tx_id=753 len=167
[cspcla 18:52:56 pid=341729 tid=140650056472256] ✓ TX SUCCESS tx_id=753 dst_csp=2:10 bytes=167 (all ACKs received)
[cspcla 18:52:56 pid=341729 tid=140650056472256] outbound_pdu callback link_id=2 tx_id=754 len=167
[cspcla 18:52:56 pid=341729 tid=140650056472256] ✓ TX SUCCESS tx_id=754 dst_csp=2:10 bytes=167 (all ACKs received)
[cspcla 18:52:56 pid=341729 tid=140650056472256] outbound_pdu callback link_id=2 tx_id=755 len=167
[cspcla 18:52:56 pid=341729 tid=140650056472256] ✓ TX SUCCESS tx_id=755 dst_csp=2:10 bytes=167 (all ACKs received)
[cspcla 18:52:56 pid=341729 tid=140650056472256] outbound_pdu callback link_id=2 tx_id=756 len=167
[cspcla 18:52:56 pid=341729 tid=140650056472256] ✓ TX SUCCESS tx_id=756 dst_csp=2:10 bytes=167 (all ACKs received)
[cspcla 18:52:56 pid=341729 tid=140650056472256] outbound_pdu callback link_id=2 tx_id=757 len=167
[cspcla 18:52:56 pid=341729 tid=140650056472256] ✓ TX SUCCESS tx_id=757 dst_csp=2:10 bytes=167 (all ACKs received)
[cspcla 18:52:56 pid=341729 tid=140650056472256] outbound_pdu callback link_id=2 tx_id=758 len=167
[cspcla 18:52:56 pid=341729 tid=140650056472256] ✓ TX SUCCESS tx_id=758 dst_csp=2:10 bytes=167 (all ACKs received)
[cspcla 18:52:56 pid=341729 tid=140650056472256] outbound_pdu callback link_id=2 tx_id=759 len=167
[cspcla 18:52:56 pid=341729 tid=140650056472256] ✓ TX SUCCESS tx_id=759 dst_csp=2:10 bytes=167 (all ACKs received)
[cspcla 18:52:56 pid=341729 tid=140650056472256] outbound_pdu callback link_id=2 tx_id=760 len=167
[cspcla 18:52:56 pid=341729 tid=140650056472256] ✓ TX SUCCESS tx_id=760 dst_csp=2:10 bytes=167 (all ACKs received)
[cspcla 18:52:57 pid=341729 tid=140650056472256] outbound_pdu callback link_id=2 tx_id=761 len=167
[cspcla 18:52:57 pid=341729 tid=140650056472256] ✓ TX SUCCESS tx_id=761 dst_csp=2:10 bytes=167 (all ACKs received)
[cspcla 18:52:57 pid=341729 tid=140650056472256] outbound_pdu callback link_id=2 tx_id=762 len=167
[cspcla 18:52:57 pid=341729 tid=140650056472256] ✓ TX SUCCESS tx_id=762 dst_csp=2:10 bytes=167 (all ACKs received)
[cspcla 18:52:57 pid=341729 tid=140650056472256] outbound_pdu callback link_id=2 tx_id=763 len=167
[cspcla 18:52:57 pid=341729 tid=140650056472256] ✓ TX SUCCESS tx_id=763 dst_csp=2:10 bytes=167 (all ACKs received)
[cspcla 18:52:57 pid=341729 tid=140650056472256] outbound_pdu callback link_id=2 tx_id=764 len=167
[cspcla 18:52:57 pid=341729 tid=140650056472256] ✓ TX SUCCESS tx_id=764 dst_csp=2:10 bytes=167 (all ACKs received)
[cspcla 18:52:57 pid=341729 tid=140650056472256] outbound_pdu callback link_id=2 tx_id=765 len=167
[cspcla 18:52:57 pid=341729 tid=140650056472256] ✓ TX SUCCESS tx_id=765 dst_csp=2:10 bytes=167 (all ACKs received)
[cspcla 18:52:57 pid=341729 tid=140650056472256] outbound_pdu callback link_id=2 tx_id=766 len=167
[cspcla 18:52:57 pid=341729 tid=140650056472256] ✓ TX SUCCESS tx_id=766 dst_csp=2:10 bytes=167 (all ACKs received)
[cspcla 18:52:57 pid=341729 tid=140650056472256] outbound_pdu callback link_id=2 tx_id=767 len=167
[cspcla 18:52:57 pid=341729 tid=140650056472256] ✓ TX SUCCESS tx_id=767 dst_csp=2:10 bytes=167 (all ACKs received)
[cspcla 18:52:57 pid=341729 tid=140650056472256] outbound_pdu callback link_id=2 tx_id=768 len=167
[cspcla 18:52:58 pid=341729 tid=140650056472256] ✓ TX SUCCESS tx_id=768 dst_csp=2:10 bytes=167 (all ACKs received)
[cspcla 18:52:58 pid=341729 tid=140650056472256] outbound_pdu callback link_id=2 tx_id=769 len=167
[cspcla 18:52:58 pid=341729 tid=140650056472256] ✓ TX SUCCESS tx_id=769 dst_csp=2:10 bytes=167 (all ACKs received)
[cspcla 18:52:58 pid=341729 tid=140650056472256] outbound_pdu callback link_id=2 tx_id=770 len=167
[cspcla 18:52:58 pid=341729 tid=140650056472256] ✓ TX SUCCESS tx_id=770 dst_csp=2:10 bytes=167 (all ACKs received)
[cspcla 18:52:59 pid=341729 tid=140650056472256] outbound_pdu callback link_id=2 tx_id=771 len=167
[cspcla 18:52:59 pid=341729 tid=140650056472256] ✓ TX SUCCESS tx_id=771 dst_csp=2:10 bytes=167 (all ACKs received)
[cspcla 18:52:59 pid=341729 tid=140650056472256] outbound_pdu callback link_id=2 tx_id=772 len=167
[cspcla 18:52:59 pid=341729 tid=140650056472256] ✓ TX SUCCESS tx_id=772 dst_csp=2:10 bytes=167 (all ACKs received)
[cspcla 18:52:59 pid=341729 tid=140650056472256] outbound_pdu callback link_id=2 tx_id=773 len=167
[cspcla 18:52:59 pid=341729 tid=140650056472256] ✓ TX SUCCESS tx_id=773 dst_csp=2:10 bytes=167 (all ACKs received)
[cspcla 18:52:59 pid=341729 tid=140650056472256] outbound_pdu callback link_id=2 tx_id=774 len=167
[cspcla 18:52:59 pid=341729 tid=140650056472256] ✓ TX SUCCESS tx_id=774 dst_csp=2:10 bytes=167 (all ACKs received)
[cspcla 18:52:59 pid=341729 tid=140650056472256] outbound_pdu callback link_id=2 tx_id=775 len=167
[cspcla 18:52:59 pid=341729 tid=140650056472256] ✓ TX SUCCESS tx_id=775 dst_csp=2:10 bytes=167 (all ACKs received)
[cspcla 18:52:59 pid=341729 tid=140650056472256] outbound_pdu callback link_id=2 tx_id=776 len=167
[cspcla 18:52:59 pid=341729 tid=140650056472256] ✓ TX SUCCESS tx_id=776 dst_csp=2:10 bytes=167 (all ACKs received)
[cspcla 18:52:59 pid=341729 tid=140650056472256] outbound_pdu callback link_id=2 tx_id=777 len=167
[cspcla 18:52:59 pid=341729 tid=140650056472256] ✓ TX SUCCESS tx_id=777 dst_csp=2:10 bytes=167 (all ACKs received)
[cspcla 18:52:59 pid=341729 tid=140650056472256] outbound_pdu callback link_id=2 tx_id=778 len=167
[cspcla 18:52:59 pid=341729 tid=140650056472256] ✓ TX SUCCESS tx_id=778 dst_csp=2:10 bytes=167 (all ACKs received)
[cspcla 18:52:59 pid=341729 tid=140650056472256] outbound_pdu callback link_id=2 tx_id=779 len=167
[cspcla 18:52:59 pid=341729 tid=140650056472256] ✓ TX SUCCESS tx_id=779 dst_csp=2:10 bytes=167 (all ACKs received)
[cspcla 18:52:59 pid=341729 tid=140650056472256] outbound_pdu callback link_id=2 tx_id=780 len=167
[cspcla 18:53:00 pid=341729 tid=140650056472256] ✓ TX SUCCESS tx_id=780 dst_csp=2:10 bytes=167 (all ACKs received)
[cspcla 18:53:00 pid=341729 tid=140650056472256] outbound_pdu callback link_id=2 tx_id=781 len=167
[cspcla 18:53:00 pid=341729 tid=140650056472256] ✓ TX SUCCESS tx_id=781 dst_csp=2:10 bytes=167 (all ACKs received)
[cspcla 18:53:00 pid=341729 tid=140650056472256] outbound_pdu callback link_id=2 tx_id=782 len=167
[cspcla 18:53:00 pid=341729 tid=140650056472256] ✓ TX SUCCESS tx_id=782 dst_csp=2:10 bytes=167 (all ACKs received)
[cspcla 18:53:01 pid=341729 tid=140650056472256] outbound_pdu callback link_id=2 tx_id=783 len=167
[cspcla 18:53:01 pid=341729 tid=140650056472256] ✓ TX SUCCESS tx_id=783 dst_csp=2:10 bytes=167 (all ACKs received)
[cspcla 18:53:01 pid=341729 tid=140650056472256] outbound_pdu callback link_id=2 tx_id=784 len=167
[cspcla 18:53:01 pid=341729 tid=140650056472256] ✓ TX SUCCESS tx_id=784 dst_csp=2:10 bytes=167 (all ACKs received)
[cspcla 18:53:01 pid=341729 tid=140650056472256] outbound_pdu callback link_id=2 tx_id=785 len=167
[cspcla 18:53:01 pid=341729 tid=140650056472256] ✓ TX SUCCESS tx_id=785 dst_csp=2:10 bytes=167 (all ACKs received)
[cspcla 18:53:01 pid=341729 tid=140650056472256] outbound_pdu callback link_id=2 tx_id=786 len=167
[cspcla 18:53:01 pid=341729 tid=140650056472256] ✓ TX SUCCESS tx_id=786 dst_csp=2:10 bytes=167 (all ACKs received)
[cspcla 18:53:01 pid=341729 tid=140650056472256] outbound_pdu callback link_id=2 tx_id=787 len=167
[cspcla 18:53:01 pid=341729 tid=140650056472256] ✓ TX SUCCESS tx_id=787 dst_csp=2:10 bytes=167 (all ACKs received)
[cspcla 18:53:01 pid=341729 tid=140650056472256] outbound_pdu callback link_id=2 tx_id=788 len=167
[cspcla 18:53:01 pid=341729 tid=140650056472256] ✓ TX SUCCESS tx_id=788 dst_csp=2:10 bytes=167 (all ACKs received)
[cspcla 18:53:01 pid=341729 tid=140650056472256] outbound_pdu callback link_id=2 tx_id=789 len=167
[cspcla 18:53:01 pid=341729 tid=140650056472256] ✓ TX SUCCESS tx_id=789 dst_csp=2:10 bytes=167 (all ACKs received)
[cspcla 18:53:01 pid=341729 tid=140650056472256] outbound_pdu callback link_id=2 tx_id=790 len=167
[cspcla 18:53:01 pid=341729 tid=140650056472256] ✓ TX SUCCESS tx_id=790 dst_csp=2:10 bytes=167 (all ACKs received)
[cspcla 18:53:02 pid=341729 tid=140650056472256] outbound_pdu callback link_id=2 tx_id=791 len=167
[cspcla 18:53:02 pid=341729 tid=140650056472256] ✓ TX SUCCESS tx_id=791 dst_csp=2:10 bytes=167 (all ACKs received)
[cspcla 18:53:02 pid=341729 tid=140650056472256] outbound_pdu callback link_id=2 tx_id=792 len=167
[cspcla 18:53:02 pid=341729 tid=140650056472256] ✓ TX SUCCESS tx_id=792 dst_csp=2:10 bytes=167 (all ACKs received)
[cspcla 18:53:02 pid=341729 tid=140650056472256] outbound_pdu callback link_id=2 tx_id=793 len=167
[cspcla 18:53:02 pid=341729 tid=140650056472256] ✓ TX SUCCESS tx_id=793 dst_csp=2:10 bytes=167 (all ACKs received)
[cspcla 18:53:02 pid=341729 tid=140650056472256] outbound_pdu callback link_id=2 tx_id=794 len=167
[cspcla 18:53:02 pid=341729 tid=140650056472256] ✓ TX SUCCESS tx_id=794 dst_csp=2:10 bytes=167 (all ACKs received)
[cspcla 18:53:02 pid=341729 tid=140650056472256] outbound_pdu callback link_id=2 tx_id=795 len=167
[cspcla 18:53:02 pid=341729 tid=140650056472256] ✓ TX SUCCESS tx_id=795 dst_csp=2:10 bytes=167 (all ACKs received)
[cspcla 18:53:02 pid=341729 tid=140650056472256] outbound_pdu callback link_id=2 tx_id=796 len=167
[cspcla 18:53:02 pid=341729 tid=140650056472256] ✓ TX SUCCESS tx_id=796 dst_csp=2:10 bytes=167 (all ACKs received)
[cspcla 18:53:02 pid=341729 tid=140650056472256] outbound_pdu callback link_id=2 tx_id=797 len=167
[cspcla 18:53:02 pid=341729 tid=140650056472256] ✓ TX SUCCESS tx_id=797 dst_csp=2:10 bytes=167 (all ACKs received)
[cspcla 18:53:02 pid=341729 tid=140650056472256] outbound_pdu callback link_id=2 tx_id=798 len=167
[cspcla 18:53:02 pid=341729 tid=140650056472256] ✓ TX SUCCESS tx_id=798 dst_csp=2:10 bytes=167 (all ACKs received)
[cspcla 18:53:02 pid=341729 tid=140650056472256] outbound_pdu callback link_id=2 tx_id=799 len=167
[cspcla 18:53:03 pid=341729 tid=140650056472256] ✓ TX SUCCESS tx_id=799 dst_csp=2:10 bytes=167 (all ACKs received)
[cspcla 18:53:03 pid=341729 tid=140650056472256] outbound_pdu callback link_id=2 tx_id=800 len=167
[cspcla 18:53:03 pid=341729 tid=140650056472256] ✓ TX SUCCESS tx_id=800 dst_csp=2:10 bytes=167 (all ACKs received)
[cspcla 18:53:03 pid=341729 tid=140650056472256] outbound_pdu callback link_id=2 tx_id=801 len=167
[cspcla 18:53:03 pid=341729 tid=140650056472256] ✓ TX SUCCESS tx_id=801 dst_csp=2:10 bytes=167 (all ACKs received)
[cspcla 18:53:03 pid=341729 tid=140650056472256] outbound_pdu callback link_id=2 tx_id=802 len=167
[cspcla 18:53:03 pid=341729 tid=140650056472256] ✓ TX SUCCESS tx_id=802 dst_csp=2:10 bytes=167 (all ACKs received)
[cspcla 18:53:03 pid=341729 tid=140650056472256] outbound_pdu callback link_id=2 tx_id=803 len=167
[cspcla 18:53:03 pid=341729 tid=140650056472256] ✓ TX SUCCESS tx_id=803 dst_csp=2:10 bytes=167 (all ACKs received)
[cspcla 18:53:04 pid=341729 tid=140650056472256] outbound_pdu callback link_id=2 tx_id=804 len=167
[cspcla 18:53:04 pid=341729 tid=140650056472256] ✓ TX SUCCESS tx_id=804 dst_csp=2:10 bytes=167 (all ACKs received)
[cspcla 18:53:04 pid=341729 tid=140650056472256] outbound_pdu callback link_id=2 tx_id=805 len=167
[cspcla 18:53:04 pid=341729 tid=140650056472256] ✓ TX SUCCESS tx_id=805 dst_csp=2:10 bytes=167 (all ACKs received)
[cspcla 18:53:04 pid=341729 tid=140650056472256] outbound_pdu callback link_id=2 tx_id=806 len=167
[cspcla 18:53:04 pid=341729 tid=140650056472256] ✓ TX SUCCESS tx_id=806 dst_csp=2:10 bytes=167 (all ACKs received)
[cspcla 18:53:04 pid=341729 tid=140650056472256] outbound_pdu callback link_id=2 tx_id=807 len=167
[cspcla 18:53:04 pid=341729 tid=140650056472256] ✓ TX SUCCESS tx_id=807 dst_csp=2:10 bytes=167 (all ACKs received)
[cspcla 18:53:04 pid=341729 tid=140650056472256] outbound_pdu callback link_id=2 tx_id=808 len=167
[cspcla 18:53:04 pid=341729 tid=140650056472256] ✓ TX SUCCESS tx_id=808 dst_csp=2:10 bytes=167 (all ACKs received)
[cspcla 18:53:04 pid=341729 tid=140650056472256] outbound_pdu callback link_id=2 tx_id=809 len=167
[cspcla 18:53:04 pid=341729 tid=140650056472256] ✓ TX SUCCESS tx_id=809 dst_csp=2:10 bytes=167 (all ACKs received)
[cspcla 18:53:04 pid=341729 tid=140650056472256] outbound_pdu callback link_id=2 tx_id=810 len=167
[cspcla 18:53:04 pid=341729 tid=140650056472256] ✓ TX SUCCESS tx_id=810 dst_csp=2:10 bytes=167 (all ACKs received)
[cspcla 18:53:05 pid=341729 tid=140650056472256] outbound_pdu callback link_id=2 tx_id=811 len=167
[cspcla 18:53:05 pid=341729 tid=140650056472256] ✓ TX SUCCESS tx_id=811 dst_csp=2:10 bytes=167 (all ACKs received)
[cspcla 18:53:05 pid=341729 tid=140650056472256] outbound_pdu callback link_id=2 tx_id=812 len=167
[cspcla 18:53:05 pid=341729 tid=140650056472256] ✓ TX SUCCESS tx_id=812 dst_csp=2:10 bytes=167 (all ACKs received)
[cspcla 18:53:05 pid=341729 tid=140650056472256] outbound_pdu callback link_id=2 tx_id=813 len=167
[cspcla 18:53:05 pid=341729 tid=140650056472256] ✓ TX SUCCESS tx_id=813 dst_csp=2:10 bytes=167 (all ACKs received)
[cspcla 18:53:05 pid=341729 tid=140650056472256] outbound_pdu callback link_id=2 tx_id=814 len=167
[cspcla 18:53:05 pid=341729 tid=140650056472256] ✓ TX SUCCESS tx_id=814 dst_csp=2:10 bytes=167 (all ACKs received)
[cspcla 18:53:05 pid=341729 tid=140650056472256] outbound_pdu callback link_id=2 tx_id=815 len=167
[cspcla 18:53:05 pid=341729 tid=140650056472256] ✓ TX SUCCESS tx_id=815 dst_csp=2:10 bytes=167 (all ACKs received)
[cspcla 18:53:05 pid=341729 tid=140650056472256] outbound_pdu callback link_id=2 tx_id=816 len=167
[cspcla 18:53:05 pid=341729 tid=140650056472256] ✓ TX SUCCESS tx_id=816 dst_csp=2:10 bytes=167 (all ACKs received)
[cspcla 18:53:05 pid=341729 tid=140650056472256] outbound_pdu callback link_id=2 tx_id=817 len=167
[cspcla 18:53:05 pid=341729 tid=140650056472256] ✓ TX SUCCESS tx_id=817 dst_csp=2:10 bytes=167 (all ACKs received)
[cspcla 18:53:05 pid=341729 tid=140650056472256] outbound_pdu callback link_id=2 tx_id=818 len=167
[cspcla 18:53:05 pid=341729 tid=140650056472256] ✓ TX SUCCESS tx_id=818 dst_csp=2:10 bytes=167 (all ACKs received)
[cspcla 18:53:05 pid=341729 tid=140650056472256] outbound_pdu callback link_id=2 tx_id=819 len=167
[cspcla 18:53:06 pid=341729 tid=140650056472256] ✓ TX SUCCESS tx_id=819 dst_csp=2:10 bytes=167 (all ACKs received)
[cspcla 18:53:06 pid=341729 tid=140650056472256] outbound_pdu callback link_id=2 tx_id=820 len=167
[cspcla 18:53:06 pid=341729 tid=140650056472256] ✓ TX SUCCESS tx_id=820 dst_csp=2:10 bytes=167 (all ACKs received)
[cspcla 18:53:07 pid=341729 tid=140650056472256] outbound_pdu callback link_id=2 tx_id=821 len=167
[cspcla 18:53:07 pid=341729 tid=140650056472256] ✓ TX SUCCESS tx_id=821 dst_csp=2:10 bytes=167 (all ACKs received)
[cspcla 18:53:07 pid=341729 tid=140650056472256] outbound_pdu callback link_id=2 tx_id=822 len=167
[cspcla 18:53:07 pid=341729 tid=140650056472256] ✓ TX SUCCESS tx_id=822 dst_csp=2:10 bytes=167 (all ACKs received)
[cspcla 18:53:07 pid=341729 tid=140650056472256] outbound_pdu callback link_id=2 tx_id=823 len=167
[cspcla 18:53:07 pid=341729 tid=140650056472256] ✓ TX SUCCESS tx_id=823 dst_csp=2:10 bytes=167 (all ACKs received)
[cspcla 18:53:07 pid=341729 tid=140650056472256] outbound_pdu callback link_id=2 tx_id=824 len=167
[cspcla 18:53:07 pid=341729 tid=140650056472256] ✓ TX SUCCESS tx_id=824 dst_csp=2:10 bytes=167 (all ACKs received)
[cspcla 18:53:07 pid=341729 tid=140650056472256] outbound_pdu callback link_id=2 tx_id=825 len=167
[cspcla 18:53:07 pid=341729 tid=140650056472256] ✓ TX SUCCESS tx_id=825 dst_csp=2:10 bytes=167 (all ACKs received)
[cspcla 18:53:07 pid=341729 tid=140650056472256] outbound_pdu callback link_id=2 tx_id=826 len=167
[cspcla 18:53:07 pid=341729 tid=140650056472256] ✓ TX SUCCESS tx_id=826 dst_csp=2:10 bytes=167 (all ACKs received)
[cspcla 18:53:07 pid=341729 tid=140650056472256] outbound_pdu callback link_id=2 tx_id=827 len=167
[cspcla 18:53:07 pid=341729 tid=140650056472256] ✓ TX SUCCESS tx_id=827 dst_csp=2:10 bytes=167 (all ACKs received)
[cspcla 18:53:07 pid=341729 tid=140650056472256] outbound_pdu callback link_id=2 tx_id=828 len=167
[cspcla 18:53:07 pid=341729 tid=140650056472256] ✓ TX SUCCESS tx_id=828 dst_csp=2:10 bytes=167 (all ACKs received)
[cspcla 18:53:07 pid=341729 tid=140650056472256] outbound_pdu callback link_id=2 tx_id=829 len=167
[cspcla 18:53:07 pid=341729 tid=140650056472256] ✓ TX SUCCESS tx_id=829 dst_csp=2:10 bytes=167 (all ACKs received)
[cspcla 18:53:07 pid=341729 tid=140650056472256] outbound_pdu callback link_id=2 tx_id=830 len=167
[cspcla 18:53:07 pid=341729 tid=140650056472256] ✓ TX SUCCESS tx_id=830 dst_csp=2:10 bytes=167 (all ACKs received)
[cspcla 18:53:08 pid=341729 tid=140650056472256] outbound_pdu callback link_id=2 tx_id=831 len=167
[cspcla 18:53:08 pid=341729 tid=140650056472256] ✓ TX SUCCESS tx_id=831 dst_csp=2:10 bytes=167 (all ACKs received)
[cspcla 18:53:08 pid=341729 tid=140650056472256] outbound_pdu callback link_id=2 tx_id=832 len=167
[cspcla 18:53:08 pid=341729 tid=140650056472256] ✓ TX SUCCESS tx_id=832 dst_csp=2:10 bytes=167 (all ACKs received)
[cspcla 18:53:08 pid=341729 tid=140650056472256] outbound_pdu callback link_id=2 tx_id=833 len=167
[cspcla 18:53:08 pid=341729 tid=140650056472256] ✓ TX SUCCESS tx_id=833 dst_csp=2:10 bytes=167 (all ACKs received)
[cspcla 18:53:08 pid=341729 tid=140650056472256] outbound_pdu callback link_id=2 tx_id=834 len=167
[cspcla 18:53:08 pid=341729 tid=140650056472256] ✓ TX SUCCESS tx_id=834 dst_csp=2:10 bytes=167 (all ACKs received)
[cspcla 18:53:08 pid=341729 tid=140650056472256] outbound_pdu callback link_id=2 tx_id=835 len=167
[cspcla 18:53:08 pid=341729 tid=140650056472256] ✓ TX SUCCESS tx_id=835 dst_csp=2:10 bytes=167 (all ACKs received)
[cspcla 18:53:08 pid=341729 tid=140650056472256] outbound_pdu callback link_id=2 tx_id=836 len=167
[cspcla 18:53:08 pid=341729 tid=140650056472256] ✓ TX SUCCESS tx_id=836 dst_csp=2:10 bytes=167 (all ACKs received)
[cspcla 18:53:08 pid=341729 tid=140650056472256] outbound_pdu callback link_id=2 tx_id=837 len=167
[cspcla 18:53:09 pid=341729 tid=140650056472256] ✓ TX SUCCESS tx_id=837 dst_csp=2:10 bytes=167 (all ACKs received)
[cspcla 18:53:09 pid=341729 tid=140650056472256] outbound_pdu callback link_id=2 tx_id=838 len=167
[cspcla 18:53:09 pid=341729 tid=140650056472256] ✓ TX SUCCESS tx_id=838 dst_csp=2:10 bytes=167 (all ACKs received)
[cspcla 18:53:09 pid=341729 tid=140650056472256] outbound_pdu callback link_id=2 tx_id=839 len=167
[cspcla 18:53:09 pid=341729 tid=140650056472256] ✓ TX SUCCESS tx_id=839 dst_csp=2:10 bytes=167 (all ACKs received)
[cspcla 18:53:09 pid=341729 tid=140650056472256] outbound_pdu callback link_id=2 tx_id=840 len=167
[cspcla 18:53:09 pid=341729 tid=140650056472256] ✓ TX SUCCESS tx_id=840 dst_csp=2:10 bytes=167 (all ACKs received)
[cspcla 18:53:10 pid=341729 tid=140650056472256] outbound_pdu callback link_id=2 tx_id=841 len=167
[cspcla 18:53:10 pid=341729 tid=140650056472256] ✓ TX SUCCESS tx_id=841 dst_csp=2:10 bytes=167 (all ACKs received)
[cspcla 18:53:10 pid=341729 tid=140650056472256] outbound_pdu callback link_id=2 tx_id=842 len=167
[cspcla 18:53:10 pid=341729 tid=140650056472256] ✓ TX SUCCESS tx_id=842 dst_csp=2:10 bytes=167 (all ACKs received)
[cspcla 18:53:10 pid=341729 tid=140650056472256] outbound_pdu callback link_id=2 tx_id=843 len=167
[cspcla 18:53:10 pid=341729 tid=140650056472256] ✓ TX SUCCESS tx_id=843 dst_csp=2:10 bytes=167 (all ACKs received)
[cspcla 18:53:10 pid=341729 tid=140650056472256] outbound_pdu callback link_id=2 tx_id=844 len=167
[cspcla 18:53:10 pid=341729 tid=140650056472256] ✓ TX SUCCESS tx_id=844 dst_csp=2:10 bytes=167 (all ACKs received)
[cspcla 18:53:10 pid=341729 tid=140650056472256] outbound_pdu callback link_id=2 tx_id=845 len=167
[cspcla 18:53:10 pid=341729 tid=140650056472256] ✓ TX SUCCESS tx_id=845 dst_csp=2:10 bytes=167 (all ACKs received)
[cspcla 18:53:10 pid=341729 tid=140650056472256] outbound_pdu callback link_id=2 tx_id=846 len=167
[cspcla 18:53:10 pid=341729 tid=140650056472256] ✓ TX SUCCESS tx_id=846 dst_csp=2:10 bytes=167 (all ACKs received)
[cspcla 18:53:10 pid=341729 tid=140650056472256] outbound_pdu callback link_id=2 tx_id=847 len=167
[cspcla 18:53:10 pid=341729 tid=140650056472256] ✓ TX SUCCESS tx_id=847 dst_csp=2:10 bytes=167 (all ACKs received)
[cspcla 18:53:10 pid=341729 tid=140650056472256] outbound_pdu callback link_id=2 tx_id=848 len=167
[cspcla 18:53:10 pid=341729 tid=140650056472256] ✓ TX SUCCESS tx_id=848 dst_csp=2:10 bytes=167 (all ACKs received)
[cspcla 18:53:10 pid=341729 tid=140650056472256] outbound_pdu callback link_id=2 tx_id=849 len=167
[cspcla 18:53:10 pid=341729 tid=140650056472256] ✓ TX SUCCESS tx_id=849 dst_csp=2:10 bytes=167 (all ACKs received)
[cspcla 18:53:10 pid=341729 tid=140650056472256] outbound_pdu callback link_id=2 tx_id=850 len=167
[cspcla 18:53:10 pid=341729 tid=140650056472256] ✓ TX SUCCESS tx_id=850 dst_csp=2:10 bytes=167 (all ACKs received)
[cspcla 18:53:11 pid=341729 tid=140650056472256] outbound_pdu callback link_id=2 tx_id=851 len=167
[cspcla 18:53:11 pid=341729 tid=140650056472256] ✓ TX SUCCESS tx_id=851 dst_csp=2:10 bytes=167 (all ACKs received)
[cspcla 18:53:11 pid=341729 tid=140650056472256] outbound_pdu callback link_id=2 tx_id=852 len=167
[cspcla 18:53:11 pid=341729 tid=140650056472256] ✓ TX SUCCESS tx_id=852 dst_csp=2:10 bytes=167 (all ACKs received)
[cspcla 18:53:11 pid=341729 tid=140650056472256] outbound_pdu callback link_id=2 tx_id=853 len=167
[cspcla 18:53:11 pid=341729 tid=140650056472256] ✓ TX SUCCESS tx_id=853 dst_csp=2:10 bytes=167 (all ACKs received)
[cspcla 18:53:11 pid=341729 tid=140650056472256] outbound_pdu callback link_id=2 tx_id=854 len=167
[cspcla 18:53:11 pid=341729 tid=140650056472256] ✓ TX SUCCESS tx_id=854 dst_csp=2:10 bytes=167 (all ACKs received)
[cspcla 18:53:11 pid=341729 tid=140650056472256] outbound_pdu callback link_id=2 tx_id=855 len=167
[cspcla 18:53:11 pid=341729 tid=140650056472256] ✓ TX SUCCESS tx_id=855 dst_csp=2:10 bytes=167 (all ACKs received)
[cspcla 18:53:11 pid=341729 tid=140650056472256] outbound_pdu callback link_id=2 tx_id=856 len=167
[cspcla 18:53:11 pid=341729 tid=140650056472256] ✓ TX SUCCESS tx_id=856 dst_csp=2:10 bytes=167 (all ACKs received)
[cspcla 18:53:11 pid=341729 tid=140650056472256] outbound_pdu callback link_id=2 tx_id=857 len=167
[cspcla 18:53:11 pid=341729 tid=140650056472256] ✓ TX SUCCESS tx_id=857 dst_csp=2:10 bytes=167 (all ACKs received)
[cspcla 18:53:11 pid=341729 tid=140650056472256] outbound_pdu callback link_id=2 tx_id=858 len=167
[cspcla 18:53:11 pid=341729 tid=140650056472256] ✓ TX SUCCESS tx_id=858 dst_csp=2:10 bytes=167 (all ACKs received)
[cspcla 18:53:11 pid=341729 tid=140650056472256] outbound_pdu callback link_id=2 tx_id=859 len=167
[cspcla 18:53:12 pid=341729 tid=140650056472256] ✓ TX SUCCESS tx_id=859 dst_csp=2:10 bytes=167 (all ACKs received)
[cspcla 18:53:12 pid=341729 tid=140650056472256] outbound_pdu callback link_id=2 tx_id=860 len=167
[cspcla 18:53:12 pid=341729 tid=140650056472256] ✓ TX SUCCESS tx_id=860 dst_csp=2:10 bytes=167 (all ACKs received)
[cspcla 18:53:13 pid=341729 tid=140650056472256] outbound_pdu callback link_id=2 tx_id=861 len=167
[cspcla 18:53:13 pid=341729 tid=140650056472256] ✓ TX SUCCESS tx_id=861 dst_csp=2:10 bytes=167 (all ACKs received)
[cspcla 18:53:13 pid=341729 tid=140650056472256] outbound_pdu callback link_id=2 tx_id=862 len=167
[cspcla 18:53:13 pid=341729 tid=140650056472256] ✓ TX SUCCESS tx_id=862 dst_csp=2:10 bytes=167 (all ACKs received)
[cspcla 18:53:13 pid=341729 tid=140650056472256] outbound_pdu callback link_id=2 tx_id=863 len=167
[cspcla 18:53:13 pid=341729 tid=140650056472256] ✓ TX SUCCESS tx_id=863 dst_csp=2:10 bytes=167 (all ACKs received)
[cspcla 18:53:13 pid=341729 tid=140650056472256] outbound_pdu callback link_id=2 tx_id=864 len=167
[cspcla 18:53:13 pid=341729 tid=140650056472256] ✓ TX SUCCESS tx_id=864 dst_csp=2:10 bytes=167 (all ACKs received)
[cspcla 18:53:13 pid=341729 tid=140650056472256] outbound_pdu callback link_id=2 tx_id=865 len=167
[cspcla 18:53:13 pid=341729 tid=140650056472256] ✓ TX SUCCESS tx_id=865 dst_csp=2:10 bytes=167 (all ACKs received)
[cspcla 18:53:13 pid=341729 tid=140650056472256] outbound_pdu callback link_id=2 tx_id=866 len=167
[cspcla 18:53:13 pid=341729 tid=140650056472256] ✓ TX SUCCESS tx_id=866 dst_csp=2:10 bytes=167 (all ACKs received)
[cspcla 18:53:13 pid=341729 tid=140650056472256] outbound_pdu callback link_id=2 tx_id=867 len=167
[cspcla 18:53:13 pid=341729 tid=140650056472256] ✓ TX SUCCESS tx_id=867 dst_csp=2:10 bytes=167 (all ACKs received)
[cspcla 18:53:13 pid=341729 tid=140650056472256] outbound_pdu callback link_id=2 tx_id=868 len=167
[cspcla 18:53:13 pid=341729 tid=140650056472256] ✓ TX SUCCESS tx_id=868 dst_csp=2:10 bytes=167 (all ACKs received)
[cspcla 18:53:13 pid=341729 tid=140650056472256] outbound_pdu callback link_id=2 tx_id=869 len=167
[cspcla 18:53:13 pid=341729 tid=140650056472256] ✓ TX SUCCESS tx_id=869 dst_csp=2:10 bytes=167 (all ACKs received)
[cspcla 18:53:13 pid=341729 tid=140650056472256] outbound_pdu callback link_id=2 tx_id=870 len=167
[cspcla 18:53:13 pid=341729 tid=140650056472256] ✓ TX SUCCESS tx_id=870 dst_csp=2:10 bytes=167 (all ACKs received)
[cspcla 18:53:14 pid=341729 tid=140650056472256] outbound_pdu callback link_id=2 tx_id=871 len=167
[cspcla 18:53:14 pid=341729 tid=140650056472256] ✓ TX SUCCESS tx_id=871 dst_csp=2:10 bytes=167 (all ACKs received)
[cspcla 18:53:14 pid=341729 tid=140650056472256] outbound_pdu callback link_id=2 tx_id=872 len=167
[cspcla 18:53:14 pid=341729 tid=140650056472256] ✓ TX SUCCESS tx_id=872 dst_csp=2:10 bytes=167 (all ACKs received)
[cspcla 18:53:14 pid=341729 tid=140650056472256] outbound_pdu callback link_id=2 tx_id=873 len=167
[cspcla 18:53:14 pid=341729 tid=140650056472256] ✓ TX SUCCESS tx_id=873 dst_csp=2:10 bytes=167 (all ACKs received)
[cspcla 18:53:14 pid=341729 tid=140650056472256] outbound_pdu callback link_id=2 tx_id=874 len=167
[cspcla 18:53:14 pid=341729 tid=140650056472256] ✓ TX SUCCESS tx_id=874 dst_csp=2:10 bytes=167 (all ACKs received)
[cspcla 18:53:14 pid=341729 tid=140650056472256] outbound_pdu callback link_id=2 tx_id=875 len=167
[cspcla 18:53:14 pid=341729 tid=140650056472256] ✓ TX SUCCESS tx_id=875 dst_csp=2:10 bytes=167 (all ACKs received)
[cspcla 18:53:14 pid=341729 tid=140650056472256] outbound_pdu callback link_id=2 tx_id=876 len=167
[cspcla 18:53:14 pid=341729 tid=140650056472256] ✓ TX SUCCESS tx_id=876 dst_csp=2:10 bytes=167 (all ACKs received)
[cspcla 18:53:14 pid=341729 tid=140650056472256] outbound_pdu callback link_id=2 tx_id=877 len=167
[cspcla 18:53:14 pid=341729 tid=140650056472256] ✓ TX SUCCESS tx_id=877 dst_csp=2:10 bytes=167 (all ACKs received)
[cspcla 18:53:14 pid=341729 tid=140650056472256] outbound_pdu callback link_id=2 tx_id=878 len=167
[cspcla 18:53:14 pid=341729 tid=140650056472256] ✓ TX SUCCESS tx_id=878 dst_csp=2:10 bytes=167 (all ACKs received)
[cspcla 18:53:14 pid=341729 tid=140650056472256] outbound_pdu callback link_id=2 tx_id=879 len=167
[cspcla 18:53:15 pid=341729 tid=140650056472256] ✓ TX SUCCESS tx_id=879 dst_csp=2:10 bytes=167 (all ACKs received)
[cspcla 18:53:15 pid=341729 tid=140650056472256] outbound_pdu callback link_id=2 tx_id=880 len=167
[cspcla 18:53:15 pid=341729 tid=140650056472256] ✓ TX SUCCESS tx_id=880 dst_csp=2:10 bytes=167 (all ACKs received)
[cspcla 18:53:16 pid=341729 tid=140650056472256] outbound_pdu callback link_id=2 tx_id=881 len=167
[cspcla 18:53:16 pid=341729 tid=140650056472256] ✓ TX SUCCESS tx_id=881 dst_csp=2:10 bytes=167 (all ACKs received)
[cspcla 18:53:16 pid=341729 tid=140650056472256] outbound_pdu callback link_id=2 tx_id=882 len=167
[cspcla 18:53:16 pid=341729 tid=140650056472256] ✓ TX SUCCESS tx_id=882 dst_csp=2:10 bytes=167 (all ACKs received)
[cspcla 18:53:16 pid=341729 tid=140650056472256] outbound_pdu callback link_id=2 tx_id=883 len=167
[cspcla 18:53:16 pid=341729 tid=140650056472256] ✓ TX SUCCESS tx_id=883 dst_csp=2:10 bytes=167 (all ACKs received)
[cspcla 18:53:16 pid=341729 tid=140650056472256] outbound_pdu callback link_id=2 tx_id=884 len=167
[cspcla 18:53:16 pid=341729 tid=140650056472256] ✓ TX SUCCESS tx_id=884 dst_csp=2:10 bytes=167 (all ACKs received)
[cspcla 18:53:16 pid=341729 tid=140650056472256] outbound_pdu callback link_id=2 tx_id=885 len=167
[cspcla 18:53:16 pid=341729 tid=140650056472256] ✓ TX SUCCESS tx_id=885 dst_csp=2:10 bytes=167 (all ACKs received)
[cspcla 18:53:16 pid=341729 tid=140650056472256] outbound_pdu callback link_id=2 tx_id=886 len=167
[cspcla 18:53:16 pid=341729 tid=140650056472256] ✓ TX SUCCESS tx_id=886 dst_csp=2:10 bytes=167 (all ACKs received)
[cspcla 18:53:16 pid=341729 tid=140650056472256] outbound_pdu callback link_id=2 tx_id=887 len=167
[cspcla 18:53:16 pid=341729 tid=140650056472256] ✓ TX SUCCESS tx_id=887 dst_csp=2:10 bytes=167 (all ACKs received)
[cspcla 18:53:16 pid=341729 tid=140650056472256] outbound_pdu callback link_id=2 tx_id=888 len=167
[cspcla 18:53:16 pid=341729 tid=140650056472256] ✓ TX SUCCESS tx_id=888 dst_csp=2:10 bytes=167 (all ACKs received)
[cspcla 18:53:16 pid=341729 tid=140650056472256] outbound_pdu callback link_id=2 tx_id=889 len=167
[cspcla 18:53:16 pid=341729 tid=140650056472256] ✓ TX SUCCESS tx_id=889 dst_csp=2:10 bytes=167 (all ACKs received)
[cspcla 18:53:16 pid=341729 tid=140650056472256] outbound_pdu callback link_id=2 tx_id=890 len=167
[cspcla 18:53:16 pid=341729 tid=140650056472256] ✓ TX SUCCESS tx_id=890 dst_csp=2:10 bytes=167 (all ACKs received)
[cspcla 18:53:17 pid=341729 tid=140650056472256] outbound_pdu callback link_id=2 tx_id=891 len=167
[cspcla 18:53:17 pid=341729 tid=140650056472256] ✓ TX SUCCESS tx_id=891 dst_csp=2:10 bytes=167 (all ACKs received)
[cspcla 18:53:17 pid=341729 tid=140650056472256] outbound_pdu callback link_id=2 tx_id=892 len=167
[cspcla 18:53:17 pid=341729 tid=140650056472256] ✓ TX SUCCESS tx_id=892 dst_csp=2:10 bytes=167 (all ACKs received)
[cspcla 18:53:17 pid=341729 tid=140650056472256] outbound_pdu callback link_id=2 tx_id=893 len=167
[cspcla 18:53:17 pid=341729 tid=140650056472256] ✓ TX SUCCESS tx_id=893 dst_csp=2:10 bytes=167 (all ACKs received)
[cspcla 18:53:17 pid=341729 tid=140650056472256] outbound_pdu callback link_id=2 tx_id=894 len=167
[cspcla 18:53:17 pid=341729 tid=140650056472256] ✓ TX SUCCESS tx_id=894 dst_csp=2:10 bytes=167 (all ACKs received)
[cspcla 18:53:17 pid=341729 tid=140650056472256] outbound_pdu callback link_id=2 tx_id=895 len=167
[cspcla 18:53:18 pid=341729 tid=140650056472256] ✓ TX SUCCESS tx_id=895 dst_csp=2:10 bytes=167 (all ACKs received)
[cspcla 18:53:18 pid=341729 tid=140650056472256] outbound_pdu callback link_id=2 tx_id=896 len=167
[cspcla 18:53:18 pid=341729 tid=140650056472256] ✓ TX SUCCESS tx_id=896 dst_csp=2:10 bytes=167 (all ACKs received)
[cspcla 18:53:18 pid=341729 tid=140650056472256] outbound_pdu callback link_id=2 tx_id=897 len=167
[cspcla 18:53:18 pid=341729 tid=140650056472256] ✓ TX SUCCESS tx_id=897 dst_csp=2:10 bytes=167 (all ACKs received)
[cspcla 18:53:18 pid=341729 tid=140650056472256] outbound_pdu callback link_id=2 tx_id=898 len=167
[cspcla 18:53:18 pid=341729 tid=140650056472256] ✓ TX SUCCESS tx_id=898 dst_csp=2:10 bytes=167 (all ACKs received)
[cspcla 18:53:18 pid=341729 tid=140650056472256] outbound_pdu callback link_id=2 tx_id=899 len=167
[cspcla 18:53:18 pid=341729 tid=140650056472256] ✓ TX SUCCESS tx_id=899 dst_csp=2:10 bytes=167 (all ACKs received)
[cspcla 18:53:18 pid=341729 tid=140650056472256] outbound_pdu callback link_id=2 tx_id=900 len=167
[cspcla 18:53:18 pid=341729 tid=140650056472256] ✓ TX SUCCESS tx_id=900 dst_csp=2:10 bytes=167 (all ACKs received)
[cspcla 18:53:19 pid=341729 tid=140650056472256] outbound_pdu callback link_id=2 tx_id=901 len=167
[cspcla 18:53:19 pid=341729 tid=140650056472256] ✓ TX SUCCESS tx_id=901 dst_csp=2:10 bytes=167 (all ACKs received)
[cspcla 18:53:19 pid=341729 tid=140650056472256] outbound_pdu callback link_id=2 tx_id=902 len=167
[cspcla 18:53:19 pid=341729 tid=140650056472256] ✓ TX SUCCESS tx_id=902 dst_csp=2:10 bytes=167 (all ACKs received)
[cspcla 18:53:19 pid=341729 tid=140650056472256] outbound_pdu callback link_id=2 tx_id=903 len=167
[cspcla 18:53:19 pid=341729 tid=140650056472256] ✓ TX SUCCESS tx_id=903 dst_csp=2:10 bytes=167 (all ACKs received)
[cspcla 18:53:19 pid=341729 tid=140650056472256] outbound_pdu callback link_id=2 tx_id=904 len=167
[cspcla 18:53:19 pid=341729 tid=140650056472256] ✓ TX SUCCESS tx_id=904 dst_csp=2:10 bytes=167 (all ACKs received)
[cspcla 18:53:19 pid=341729 tid=140650056472256] outbound_pdu callback link_id=2 tx_id=905 len=167
[cspcla 18:53:19 pid=341729 tid=140650056472256] ✓ TX SUCCESS tx_id=905 dst_csp=2:10 bytes=167 (all ACKs received)
[cspcla 18:53:19 pid=341729 tid=140650056472256] outbound_pdu callback link_id=2 tx_id=906 len=167
[cspcla 18:53:19 pid=341729 tid=140650056472256] ✓ TX SUCCESS tx_id=906 dst_csp=2:10 bytes=167 (all ACKs received)
[cspcla 18:53:19 pid=341729 tid=140650056472256] outbound_pdu callback link_id=2 tx_id=907 len=167
[cspcla 18:53:19 pid=341729 tid=140650056472256] ✓ TX SUCCESS tx_id=907 dst_csp=2:10 bytes=167 (all ACKs received)
[cspcla 18:53:19 pid=341729 tid=140650056472256] outbound_pdu callback link_id=2 tx_id=908 len=167
[cspcla 18:53:19 pid=341729 tid=140650056472256] ✓ TX SUCCESS tx_id=908 dst_csp=2:10 bytes=167 (all ACKs received)
[cspcla 18:53:19 pid=341729 tid=140650056472256] outbound_pdu callback link_id=2 tx_id=909 len=167
[cspcla 18:53:20 pid=341729 tid=140650056472256] ✓ TX SUCCESS tx_id=909 dst_csp=2:10 bytes=167 (all ACKs received)
[cspcla 18:53:20 pid=341729 tid=140650056472256] outbound_pdu callback link_id=2 tx_id=910 len=167
[cspcla 18:53:20 pid=341729 tid=140650056472256] ✓ TX SUCCESS tx_id=910 dst_csp=2:10 bytes=167 (all ACKs received)
[cspcla 18:53:20 pid=341729 tid=140650056472256] outbound_pdu callback link_id=2 tx_id=911 len=167
[cspcla 18:53:20 pid=341729 tid=140650056472256] ✓ TX SUCCESS tx_id=911 dst_csp=2:10 bytes=167 (all ACKs received)
[cspcla 18:53:20 pid=341729 tid=140650056472256] outbound_pdu callback link_id=2 tx_id=912 len=167
[cspcla 18:53:20 pid=341729 tid=140650056472256] ✓ TX SUCCESS tx_id=912 dst_csp=2:10 bytes=167 (all ACKs received)
[cspcla 18:53:20 pid=341729 tid=140650056472256] outbound_pdu callback link_id=2 tx_id=913 len=167
[cspcla 18:53:20 pid=341729 tid=140650056472256] ✓ TX SUCCESS tx_id=913 dst_csp=2:10 bytes=167 (all ACKs received)
[cspcla 18:53:20 pid=341729 tid=140650056472256] outbound_pdu callback link_id=2 tx_id=914 len=167
[cspcla 18:53:21 pid=341729 tid=140650056472256] ✓ TX SUCCESS tx_id=914 dst_csp=2:10 bytes=167 (all ACKs received)
[cspcla 18:53:21 pid=341729 tid=140650056472256] outbound_pdu callback link_id=2 tx_id=915 len=167
[cspcla 18:53:21 pid=341729 tid=140650056472256] ✓ TX SUCCESS tx_id=915 dst_csp=2:10 bytes=167 (all ACKs received)
[cspcla 18:53:21 pid=341729 tid=140650056472256] outbound_pdu callback link_id=2 tx_id=916 len=167
[cspcla 18:53:21 pid=341729 tid=140650056472256] ✓ TX SUCCESS tx_id=916 dst_csp=2:10 bytes=167 (all ACKs received)
[cspcla 18:53:21 pid=341729 tid=140650056472256] outbound_pdu callback link_id=2 tx_id=917 len=167
[cspcla 18:53:21 pid=341729 tid=140650056472256] ✓ TX SUCCESS tx_id=917 dst_csp=2:10 bytes=167 (all ACKs received)
[cspcla 18:53:21 pid=341729 tid=140650056472256] outbound_pdu callback link_id=2 tx_id=918 len=167
[cspcla 18:53:21 pid=341729 tid=140650056472256] ✓ TX SUCCESS tx_id=918 dst_csp=2:10 bytes=167 (all ACKs received)
[cspcla 18:53:21 pid=341729 tid=140650056472256] outbound_pdu callback link_id=2 tx_id=919 len=167
[cspcla 18:53:21 pid=341729 tid=140650056472256] ✓ TX SUCCESS tx_id=919 dst_csp=2:10 bytes=167 (all ACKs received)
[cspcla 18:53:21 pid=341729 tid=140650056472256] outbound_pdu callback link_id=2 tx_id=920 len=167
[cspcla 18:53:21 pid=341729 tid=140650056472256] ✓ TX SUCCESS tx_id=920 dst_csp=2:10 bytes=167 (all ACKs received)
[cspcla 18:53:22 pid=341729 tid=140650056472256] outbound_pdu callback link_id=2 tx_id=921 len=167
[cspcla 18:53:22 pid=341729 tid=140650056472256] ✓ TX SUCCESS tx_id=921 dst_csp=2:10 bytes=167 (all ACKs received)
[cspcla 18:53:22 pid=341729 tid=140650056472256] outbound_pdu callback link_id=2 tx_id=922 len=167
[cspcla 18:53:22 pid=341729 tid=140650056472256] ✓ TX SUCCESS tx_id=922 dst_csp=2:10 bytes=167 (all ACKs received)
[cspcla 18:53:22 pid=341729 tid=140650056472256] outbound_pdu callback link_id=2 tx_id=923 len=167
[cspcla 18:53:22 pid=341729 tid=140650056472256] ✓ TX SUCCESS tx_id=923 dst_csp=2:10 bytes=167 (all ACKs received)
[cspcla 18:53:22 pid=341729 tid=140650056472256] outbound_pdu callback link_id=2 tx_id=924 len=167
[cspcla 18:53:22 pid=341729 tid=140650056472256] ✓ TX SUCCESS tx_id=924 dst_csp=2:10 bytes=167 (all ACKs received)
[cspcla 18:53:22 pid=341729 tid=140650056472256] outbound_pdu callback link_id=2 tx_id=925 len=167
[cspcla 18:53:22 pid=341729 tid=140650056472256] ✓ TX SUCCESS tx_id=925 dst_csp=2:10 bytes=167 (all ACKs received)
[cspcla 18:53:22 pid=341729 tid=140650056472256] outbound_pdu callback link_id=2 tx_id=926 len=167
[cspcla 18:53:22 pid=341729 tid=140650056472256] ✓ TX SUCCESS tx_id=926 dst_csp=2:10 bytes=167 (all ACKs received)
[cspcla 18:53:22 pid=341729 tid=140650056472256] outbound_pdu callback link_id=2 tx_id=927 len=167
[cspcla 18:53:22 pid=341729 tid=140650056472256] ✓ TX SUCCESS tx_id=927 dst_csp=2:10 bytes=167 (all ACKs received)
[cspcla 18:53:22 pid=341729 tid=140650056472256] outbound_pdu callback link_id=2 tx_id=928 len=167
[cspcla 18:53:22 pid=341729 tid=140650056472256] ✓ TX SUCCESS tx_id=928 dst_csp=2:10 bytes=167 (all ACKs received)
[cspcla 18:53:22 pid=341729 tid=140650056472256] outbound_pdu callback link_id=2 tx_id=929 len=167
[cspcla 18:53:23 pid=341729 tid=140650056472256] ✓ TX SUCCESS tx_id=929 dst_csp=2:10 bytes=167 (all ACKs received)
[cspcla 18:53:23 pid=341729 tid=140650056472256] outbound_pdu callback link_id=2 tx_id=930 len=167
[cspcla 18:53:23 pid=341729 tid=140650056472256] ✓ TX SUCCESS tx_id=930 dst_csp=2:10 bytes=167 (all ACKs received)
[cspcla 18:53:23 pid=341729 tid=140650056472256] outbound_pdu callback link_id=2 tx_id=931 len=167
[cspcla 18:53:23 pid=341729 tid=140650056472256] ✓ TX SUCCESS tx_id=931 dst_csp=2:10 bytes=167 (all ACKs received)
[cspcla 18:53:23 pid=341729 tid=140650056472256] outbound_pdu callback link_id=2 tx_id=932 len=167
[cspcla 18:53:23 pid=341729 tid=140650056472256] ✓ TX SUCCESS tx_id=932 dst_csp=2:10 bytes=167 (all ACKs received)
[cspcla 18:53:24 pid=341729 tid=140650056472256] outbound_pdu callback link_id=2 tx_id=933 len=167
[cspcla 18:53:24 pid=341729 tid=140650056472256] ✓ TX SUCCESS tx_id=933 dst_csp=2:10 bytes=167 (all ACKs received)
[cspcla 18:53:24 pid=341729 tid=140650056472256] outbound_pdu callback link_id=2 tx_id=934 len=167
[cspcla 18:53:24 pid=341729 tid=140650056472256] ✓ TX SUCCESS tx_id=934 dst_csp=2:10 bytes=167 (all ACKs received)
[cspcla 18:53:24 pid=341729 tid=140650056472256] outbound_pdu callback link_id=2 tx_id=935 len=167
[cspcla 18:53:24 pid=341729 tid=140650056472256] ✓ TX SUCCESS tx_id=935 dst_csp=2:10 bytes=167 (all ACKs received)
[cspcla 18:53:24 pid=341729 tid=140650056472256] outbound_pdu callback link_id=2 tx_id=936 len=167
[cspcla 18:53:24 pid=341729 tid=140650056472256] ✓ TX SUCCESS tx_id=936 dst_csp=2:10 bytes=167 (all ACKs received)
[cspcla 18:53:24 pid=341729 tid=140650056472256] outbound_pdu callback link_id=2 tx_id=937 len=167
[cspcla 18:53:24 pid=341729 tid=140650056472256] ✓ TX SUCCESS tx_id=937 dst_csp=2:10 bytes=167 (all ACKs received)
[cspcla 18:53:24 pid=341729 tid=140650056472256] outbound_pdu callback link_id=2 tx_id=938 len=167
[cspcla 18:53:24 pid=341729 tid=140650056472256] ✓ TX SUCCESS tx_id=938 dst_csp=2:10 bytes=167 (all ACKs received)
[cspcla 18:53:24 pid=341729 tid=140650056472256] outbound_pdu callback link_id=2 tx_id=939 len=167
[cspcla 18:53:24 pid=341729 tid=140650056472256] ✓ TX SUCCESS tx_id=939 dst_csp=2:10 bytes=167 (all ACKs received)
[cspcla 18:53:24 pid=341729 tid=140650056472256] outbound_pdu callback link_id=2 tx_id=940 len=167
[cspcla 18:53:24 pid=341729 tid=140650056472256] ✓ TX SUCCESS tx_id=940 dst_csp=2:10 bytes=167 (all ACKs received)
[cspcla 18:53:25 pid=341729 tid=140650056472256] outbound_pdu callback link_id=2 tx_id=941 len=167
[cspcla 18:53:25 pid=341729 tid=140650056472256] ✓ TX SUCCESS tx_id=941 dst_csp=2:10 bytes=167 (all ACKs received)
[cspcla 18:53:25 pid=341729 tid=140650056472256] outbound_pdu callback link_id=2 tx_id=942 len=167
[cspcla 18:53:25 pid=341729 tid=140650056472256] ✓ TX SUCCESS tx_id=942 dst_csp=2:10 bytes=167 (all ACKs received)
[cspcla 18:53:25 pid=341729 tid=140650056472256] outbound_pdu callback link_id=2 tx_id=943 len=167
[cspcla 18:53:25 pid=341729 tid=140650056472256] ✓ TX SUCCESS tx_id=943 dst_csp=2:10 bytes=167 (all ACKs received)
[cspcla 18:53:25 pid=341729 tid=140650056472256] outbound_pdu callback link_id=2 tx_id=944 len=167
[cspcla 18:53:25 pid=341729 tid=140650056472256] ✓ TX SUCCESS tx_id=944 dst_csp=2:10 bytes=167 (all ACKs received)
[cspcla 18:53:25 pid=341729 tid=140650056472256] outbound_pdu callback link_id=2 tx_id=945 len=167
[cspcla 18:53:25 pid=341729 tid=140650056472256] ✓ TX SUCCESS tx_id=945 dst_csp=2:10 bytes=167 (all ACKs received)
[cspcla 18:53:25 pid=341729 tid=140650056472256] outbound_pdu callback link_id=2 tx_id=946 len=167
[cspcla 18:53:26 pid=341729 tid=140650056472256] ✓ TX SUCCESS tx_id=946 dst_csp=2:10 bytes=167 (all ACKs received)
[cspcla 18:53:26 pid=341729 tid=140650056472256] outbound_pdu callback link_id=2 tx_id=947 len=167
[cspcla 18:53:26 pid=341729 tid=140650056472256] ✓ TX SUCCESS tx_id=947 dst_csp=2:10 bytes=167 (all ACKs received)
[cspcla 18:53:26 pid=341729 tid=140650056472256] outbound_pdu callback link_id=2 tx_id=948 len=167
[cspcla 18:53:26 pid=341729 tid=140650056472256] ✓ TX SUCCESS tx_id=948 dst_csp=2:10 bytes=167 (all ACKs received)
[cspcla 18:53:26 pid=341729 tid=140650056472256] outbound_pdu callback link_id=2 tx_id=949 len=167
[cspcla 18:53:26 pid=341729 tid=140650056472256] ✓ TX SUCCESS tx_id=949 dst_csp=2:10 bytes=167 (all ACKs received)
[cspcla 18:53:26 pid=341729 tid=140650056472256] outbound_pdu callback link_id=2 tx_id=950 len=167
[cspcla 18:53:26 pid=341729 tid=140650056472256] ✓ TX SUCCESS tx_id=950 dst_csp=2:10 bytes=167 (all ACKs received)
[cspcla 18:53:27 pid=341729 tid=140650056472256] outbound_pdu callback link_id=2 tx_id=951 len=167
[cspcla 18:53:27 pid=341729 tid=140650056472256] ✓ TX SUCCESS tx_id=951 dst_csp=2:10 bytes=167 (all ACKs received)
[cspcla 18:53:27 pid=341729 tid=140650056472256] outbound_pdu callback link_id=2 tx_id=952 len=167
[cspcla 18:53:27 pid=341729 tid=140650056472256] ✓ TX SUCCESS tx_id=952 dst_csp=2:10 bytes=167 (all ACKs received)
[cspcla 18:53:27 pid=341729 tid=140650056472256] outbound_pdu callback link_id=2 tx_id=953 len=167
[cspcla 18:53:27 pid=341729 tid=140650056472256] ✓ TX SUCCESS tx_id=953 dst_csp=2:10 bytes=167 (all ACKs received)
[cspcla 18:53:27 pid=341729 tid=140650056472256] outbound_pdu callback link_id=2 tx_id=954 len=167
[cspcla 18:53:27 pid=341729 tid=140650056472256] ✓ TX SUCCESS tx_id=954 dst_csp=2:10 bytes=167 (all ACKs received)
[cspcla 18:53:27 pid=341729 tid=140650056472256] outbound_pdu callback link_id=2 tx_id=955 len=167
[cspcla 18:53:27 pid=341729 tid=140650056472256] ✓ TX SUCCESS tx_id=955 dst_csp=2:10 bytes=167 (all ACKs received)
[cspcla 18:53:27 pid=341729 tid=140650056472256] outbound_pdu callback link_id=2 tx_id=956 len=167
[cspcla 18:53:27 pid=341729 tid=140650056472256] ✓ TX SUCCESS tx_id=956 dst_csp=2:10 bytes=167 (all ACKs received)
[cspcla 18:53:27 pid=341729 tid=140650056472256] outbound_pdu callback link_id=2 tx_id=957 len=167
[cspcla 18:53:27 pid=341729 tid=140650056472256] ✓ TX SUCCESS tx_id=957 dst_csp=2:10 bytes=167 (all ACKs received)
[cspcla 18:53:27 pid=341729 tid=140650056472256] outbound_pdu callback link_id=2 tx_id=958 len=167
[cspcla 18:53:27 pid=341729 tid=140650056472256] ✓ TX SUCCESS tx_id=958 dst_csp=2:10 bytes=167 (all ACKs received)
[cspcla 18:53:27 pid=341729 tid=140650056472256] outbound_pdu callback link_id=2 tx_id=959 len=167
[cspcla 18:53:27 pid=341729 tid=140650056472256] ✓ TX SUCCESS tx_id=959 dst_csp=2:10 bytes=167 (all ACKs received)
[cspcla 18:53:27 pid=341729 tid=140650056472256] outbound_pdu callback link_id=2 tx_id=960 len=167
[cspcla 18:53:27 pid=341729 tid=140650056472256] ✓ TX SUCCESS tx_id=960 dst_csp=2:10 bytes=167 (all ACKs received)
[cspcla 18:53:28 pid=341729 tid=140650056472256] outbound_pdu callback link_id=2 tx_id=961 len=167
[cspcla 18:53:28 pid=341729 tid=140650056472256] ✓ TX SUCCESS tx_id=961 dst_csp=2:10 bytes=167 (all ACKs received)
[cspcla 18:53:28 pid=341729 tid=140650056472256] outbound_pdu callback link_id=2 tx_id=962 len=167
[cspcla 18:53:28 pid=341729 tid=140650056472256] ✓ TX SUCCESS tx_id=962 dst_csp=2:10 bytes=167 (all ACKs received)
[cspcla 18:53:28 pid=341729 tid=140650056472256] outbound_pdu callback link_id=2 tx_id=963 len=167
[cspcla 18:53:28 pid=341729 tid=140650056472256] ✓ TX SUCCESS tx_id=963 dst_csp=2:10 bytes=167 (all ACKs received)
[cspcla 18:53:28 pid=341729 tid=140650056472256] outbound_pdu callback link_id=2 tx_id=964 len=167
[cspcla 18:53:28 pid=341729 tid=140650056472256] ✓ TX SUCCESS tx_id=964 dst_csp=2:10 bytes=167 (all ACKs received)
[cspcla 18:53:28 pid=341729 tid=140650056472256] outbound_pdu callback link_id=2 tx_id=965 len=167
[cspcla 18:53:28 pid=341729 tid=140650056472256] ✓ TX SUCCESS tx_id=965 dst_csp=2:10 bytes=167 (all ACKs received)
[cspcla 18:53:28 pid=341729 tid=140650056472256] outbound_pdu callback link_id=2 tx_id=966 len=167
[cspcla 18:53:28 pid=341729 tid=140650056472256] ✓ TX SUCCESS tx_id=966 dst_csp=2:10 bytes=167 (all ACKs received)
[cspcla 18:53:28 pid=341729 tid=140650056472256] outbound_pdu callback link_id=2 tx_id=967 len=167
[cspcla 18:53:28 pid=341729 tid=140650056472256] ✓ TX SUCCESS tx_id=967 dst_csp=2:10 bytes=167 (all ACKs received)
[cspcla 18:53:28 pid=341729 tid=140650056472256] outbound_pdu callback link_id=2 tx_id=968 len=167
[cspcla 18:53:29 pid=341729 tid=140650056472256] ✓ TX SUCCESS tx_id=968 dst_csp=2:10 bytes=167 (all ACKs received)
[cspcla 18:53:29 pid=341729 tid=140650056472256] outbound_pdu callback link_id=2 tx_id=969 len=167
[cspcla 18:53:29 pid=341729 tid=140650056472256] ✓ TX SUCCESS tx_id=969 dst_csp=2:10 bytes=167 (all ACKs received)
[cspcla 18:53:29 pid=341729 tid=140650056472256] outbound_pdu callback link_id=2 tx_id=970 len=167
[cspcla 18:53:29 pid=341729 tid=140650056472256] ✓ TX SUCCESS tx_id=970 dst_csp=2:10 bytes=167 (all ACKs received)
[cspcla 18:53:30 pid=341729 tid=140650056472256] outbound_pdu callback link_id=2 tx_id=971 len=167
[cspcla 18:53:30 pid=341729 tid=140650056472256] ✓ TX SUCCESS tx_id=971 dst_csp=2:10 bytes=167 (all ACKs received)
[cspcla 18:53:30 pid=341729 tid=140650056472256] outbound_pdu callback link_id=2 tx_id=972 len=167
[cspcla 18:53:30 pid=341729 tid=140650056472256] ✓ TX SUCCESS tx_id=972 dst_csp=2:10 bytes=167 (all ACKs received)
[cspcla 18:53:30 pid=341729 tid=140650056472256] outbound_pdu callback link_id=2 tx_id=973 len=167
[cspcla 18:53:30 pid=341729 tid=140650056472256] ✓ TX SUCCESS tx_id=973 dst_csp=2:10 bytes=167 (all ACKs received)
[cspcla 18:53:30 pid=341729 tid=140650056472256] outbound_pdu callback link_id=2 tx_id=974 len=167
[cspcla 18:53:30 pid=341729 tid=140650056472256] ✓ TX SUCCESS tx_id=974 dst_csp=2:10 bytes=167 (all ACKs received)
[cspcla 18:53:30 pid=341729 tid=140650056472256] outbound_pdu callback link_id=2 tx_id=975 len=167
[cspcla 18:53:30 pid=341729 tid=140650056472256] ✓ TX SUCCESS tx_id=975 dst_csp=2:10 bytes=167 (all ACKs received)
[cspcla 18:53:30 pid=341729 tid=140650056472256] outbound_pdu callback link_id=2 tx_id=976 len=167
[cspcla 18:53:30 pid=341729 tid=140650056472256] ✓ TX SUCCESS tx_id=976 dst_csp=2:10 bytes=167 (all ACKs received)
[cspcla 18:53:30 pid=341729 tid=140650056472256] outbound_pdu callback link_id=2 tx_id=977 len=167
[cspcla 18:53:30 pid=341729 tid=140650056472256] ✓ TX SUCCESS tx_id=977 dst_csp=2:10 bytes=167 (all ACKs received)
[cspcla 18:53:30 pid=341729 tid=140650056472256] outbound_pdu callback link_id=2 tx_id=978 len=167
[cspcla 18:53:30 pid=341729 tid=140650056472256] ✓ TX SUCCESS tx_id=978 dst_csp=2:10 bytes=167 (all ACKs received)
[cspcla 18:53:30 pid=341729 tid=140650056472256] outbound_pdu callback link_id=2 tx_id=979 len=167
[cspcla 18:53:30 pid=341729 tid=140650056472256] ✓ TX SUCCESS tx_id=979 dst_csp=2:10 bytes=167 (all ACKs received)
[cspcla 18:53:30 pid=341729 tid=140650056472256] outbound_pdu callback link_id=2 tx_id=980 len=167
[cspcla 18:53:30 pid=341729 tid=140650056472256] ✓ TX SUCCESS tx_id=980 dst_csp=2:10 bytes=167 (all ACKs received)
[cspcla 18:53:31 pid=341729 tid=140650056472256] outbound_pdu callback link_id=2 tx_id=981 len=167
[cspcla 18:53:31 pid=341729 tid=140650056472256] ✓ TX SUCCESS tx_id=981 dst_csp=2:10 bytes=167 (all ACKs received)
[cspcla 18:53:31 pid=341729 tid=140650056472256] outbound_pdu callback link_id=2 tx_id=982 len=167
[cspcla 18:53:31 pid=341729 tid=140650056472256] ✓ TX SUCCESS tx_id=982 dst_csp=2:10 bytes=167 (all ACKs received)
[cspcla 18:53:31 pid=341729 tid=140650056472256] outbound_pdu callback link_id=2 tx_id=983 len=167
[cspcla 18:53:31 pid=341729 tid=140650056472256] ✓ TX SUCCESS tx_id=983 dst_csp=2:10 bytes=167 (all ACKs received)
[cspcla 18:53:31 pid=341729 tid=140650056472256] outbound_pdu callback link_id=2 tx_id=984 len=167
[cspcla 18:53:31 pid=341729 tid=140650056472256] ✓ TX SUCCESS tx_id=984 dst_csp=2:10 bytes=167 (all ACKs received)
[cspcla 18:53:31 pid=341729 tid=140650056472256] outbound_pdu callback link_id=2 tx_id=985 len=167
[cspcla 18:53:31 pid=341729 tid=140650056472256] ✓ TX SUCCESS tx_id=985 dst_csp=2:10 bytes=167 (all ACKs received)
[cspcla 18:53:31 pid=341729 tid=140650056472256] outbound_pdu callback link_id=2 tx_id=986 len=167
[cspcla 18:53:31 pid=341729 tid=140650056472256] ✓ TX SUCCESS tx_id=986 dst_csp=2:10 bytes=167 (all ACKs received)
[cspcla 18:53:31 pid=341729 tid=140650056472256] outbound_pdu callback link_id=2 tx_id=987 len=167
[cspcla 18:53:31 pid=341729 tid=140650056472256] ✓ TX SUCCESS tx_id=987 dst_csp=2:10 bytes=167 (all ACKs received)
[cspcla 18:53:31 pid=341729 tid=140650056472256] outbound_pdu callback link_id=2 tx_id=988 len=167
[cspcla 18:53:31 pid=341729 tid=140650056472256] ✓ TX SUCCESS tx_id=988 dst_csp=2:10 bytes=167 (all ACKs received)
[cspcla 18:53:31 pid=341729 tid=140650056472256] outbound_pdu callback link_id=2 tx_id=989 len=167
[cspcla 18:53:32 pid=341729 tid=140650056472256] ✓ TX SUCCESS tx_id=989 dst_csp=2:10 bytes=167 (all ACKs received)
[cspcla 18:53:32 pid=341729 tid=140650056472256] outbound_pdu callback link_id=2 tx_id=990 len=167
[cspcla 18:53:32 pid=341729 tid=140650056472256] ✓ TX SUCCESS tx_id=990 dst_csp=2:10 bytes=167 (all ACKs received)
[cspcla 18:53:33 pid=341729 tid=140650056472256] outbound_pdu callback link_id=2 tx_id=991 len=167
[cspcla 18:53:33 pid=341729 tid=140650056472256] ✓ TX SUCCESS tx_id=991 dst_csp=2:10 bytes=167 (all ACKs received)
[cspcla 18:53:33 pid=341729 tid=140650056472256] outbound_pdu callback link_id=2 tx_id=992 len=167
[cspcla 18:53:33 pid=341729 tid=140650056472256] ✓ TX SUCCESS tx_id=992 dst_csp=2:10 bytes=167 (all ACKs received)
[cspcla 18:53:33 pid=341729 tid=140650056472256] outbound_pdu callback link_id=2 tx_id=993 len=167
[cspcla 18:53:33 pid=341729 tid=140650056472256] ✓ TX SUCCESS tx_id=993 dst_csp=2:10 bytes=167 (all ACKs received)
[cspcla 18:53:33 pid=341729 tid=140650056472256] outbound_pdu callback link_id=2 tx_id=994 len=167
[cspcla 18:53:33 pid=341729 tid=140650056472256] ✓ TX SUCCESS tx_id=994 dst_csp=2:10 bytes=167 (all ACKs received)
[cspcla 18:53:33 pid=341729 tid=140650056472256] outbound_pdu callback link_id=2 tx_id=995 len=167
[cspcla 18:53:33 pid=341729 tid=140650056472256] ✓ TX SUCCESS tx_id=995 dst_csp=2:10 bytes=167 (all ACKs received)
[cspcla 18:53:33 pid=341729 tid=140650056472256] outbound_pdu callback link_id=2 tx_id=996 len=167
[cspcla 18:53:33 pid=341729 tid=140650056472256] ✓ TX SUCCESS tx_id=996 dst_csp=2:10 bytes=167 (all ACKs received)
[cspcla 18:53:33 pid=341729 tid=140650056472256] outbound_pdu callback link_id=2 tx_id=997 len=167
[cspcla 18:53:33 pid=341729 tid=140650056472256] ✓ TX SUCCESS tx_id=997 dst_csp=2:10 bytes=167 (all ACKs received)
[cspcla 18:53:33 pid=341729 tid=140650056472256] outbound_pdu callback link_id=2 tx_id=998 len=167
[cspcla 18:53:33 pid=341729 tid=140650056472256] ✓ TX SUCCESS tx_id=998 dst_csp=2:10 bytes=167 (all ACKs received)
[cspcla 18:53:33 pid=341729 tid=140650056472256] outbound_pdu callback link_id=2 tx_id=999 len=167
[cspcla 18:53:33 pid=341729 tid=140650056472256] ✓ TX SUCCESS tx_id=999 dst_csp=2:10 bytes=167 (all ACKs received)
[cspcla 18:53:33 pid=341729 tid=140650056472256] outbound_pdu callback link_id=2 tx_id=1000 len=167
[cspcla 18:53:33 pid=341729 tid=140650056472256] ✓ TX SUCCESS tx_id=1000 dst_csp=2:10 bytes=167 (all ACKs received)
[cspcla 18:53:34 pid=341729 tid=140650056472256] outbound_pdu callback link_id=2 tx_id=1001 len=360
[cspcla 18:53:34 pid=341729 tid=140650056472256] ✓ TX SUCCESS tx_id=1001 dst_csp=2:10 bytes=360 (all ACKs received)
[cspcla 18:53:34 pid=341729 tid=140650056472256] outbound_pdu callback link_id=2 tx_id=1002 len=360
[cspcla 18:53:34 pid=341729 tid=140650056472256] ✓ TX SUCCESS tx_id=1002 dst_csp=2:10 bytes=360 (all ACKs received)
[cspcla 18:53:34 pid=341729 tid=140650056472256] outbound_pdu callback link_id=2 tx_id=1003 len=360
[cspcla 18:53:35 pid=341729 tid=140650056472256] ✓ TX SUCCESS tx_id=1003 dst_csp=2:10 bytes=360 (all ACKs received)
[cspcla 18:53:35 pid=341729 tid=140650056472256] outbound_pdu callback link_id=2 tx_id=1004 len=360
[cspcla 18:53:35 pid=341729 tid=140650056472256] ✓ TX SUCCESS tx_id=1004 dst_csp=2:10 bytes=360 (all ACKs received)
[cspcla 18:53:35 pid=341729 tid=140650056472256] outbound_pdu callback link_id=2 tx_id=1005 len=360
[cspcla 18:53:35 pid=341729 tid=140650056472256] ✓ TX SUCCESS tx_id=1005 dst_csp=2:10 bytes=360 (all ACKs received)
[cspcla 18:53:35 pid=341729 tid=140650056472256] outbound_pdu callback link_id=2 tx_id=1006 len=360
[cspcla 18:53:35 pid=341729 tid=140650056472256] ✓ TX SUCCESS tx_id=1006 dst_csp=2:10 bytes=360 (all ACKs received)
[cspcla 18:53:35 pid=341729 tid=140650056472256] outbound_pdu callback link_id=2 tx_id=1007 len=360
[cspcla 18:53:36 pid=341729 tid=140650056472256] ✓ TX SUCCESS tx_id=1007 dst_csp=2:10 bytes=360 (all ACKs received)
[cspcla 18:53:36 pid=341729 tid=140650056472256] outbound_pdu callback link_id=2 tx_id=1008 len=360
[cspcla 18:53:36 pid=341729 tid=140650056472256] ✓ TX SUCCESS tx_id=1008 dst_csp=2:10 bytes=360 (all ACKs received)
[cspcla 18:53:36 pid=341729 tid=140650056472256] outbound_pdu callback link_id=2 tx_id=1009 len=360
[cspcla 18:53:36 pid=341729 tid=140650056472256] ✓ TX SUCCESS tx_id=1009 dst_csp=2:10 bytes=360 (all ACKs received)
[cspcla 18:53:36 pid=341729 tid=140650056472256] outbound_pdu callback link_id=2 tx_id=1010 len=360
[cspcla 18:53:36 pid=341729 tid=140650056472256] ✓ TX SUCCESS tx_id=1010 dst_csp=2:10 bytes=360 (all ACKs received)
[cspcla 18:53:38 pid=341729 tid=140650056472256] outbound_pdu callback link_id=2 tx_id=1011 len=360
[cspcla 18:53:38 pid=341729 tid=140650056472256] ✓ TX SUCCESS tx_id=1011 dst_csp=2:10 bytes=360 (all ACKs received)
[cspcla 18:53:38 pid=341729 tid=140650056472256] outbound_pdu callback link_id=2 tx_id=1012 len=360
[cspcla 18:53:38 pid=341729 tid=140650056472256] ✓ TX SUCCESS tx_id=1012 dst_csp=2:10 bytes=360 (all ACKs received)
[cspcla 18:53:38 pid=341729 tid=140650056472256] outbound_pdu callback link_id=2 tx_id=1013 len=360
[cspcla 18:53:38 pid=341729 tid=140650056472256] ✓ TX SUCCESS tx_id=1013 dst_csp=2:10 bytes=360 (all ACKs received)
[cspcla 18:53:38 pid=341729 tid=140650056472256] outbound_pdu callback link_id=2 tx_id=1014 len=360
[cspcla 18:53:38 pid=341729 tid=140650056472256] ✓ TX SUCCESS tx_id=1014 dst_csp=2:10 bytes=360 (all ACKs received)
[cspcla 18:53:38 pid=341729 tid=140650056472256] outbound_pdu callback link_id=2 tx_id=1015 len=360
[cspcla 18:53:38 pid=341729 tid=140650056472256] ✓ TX SUCCESS tx_id=1015 dst_csp=2:10 bytes=360 (all ACKs received)
[cspcla 18:53:38 pid=341729 tid=140650056472256] outbound_pdu callback link_id=2 tx_id=1016 len=360
[cspcla 18:53:38 pid=341729 tid=140650056472256] ✓ TX SUCCESS tx_id=1016 dst_csp=2:10 bytes=360 (all ACKs received)
[cspcla 18:53:38 pid=341729 tid=140650056472256] outbound_pdu callback link_id=2 tx_id=1017 len=360
[cspcla 18:53:39 pid=341729 tid=140650056472256] ✓ TX SUCCESS tx_id=1017 dst_csp=2:10 bytes=360 (all ACKs received)
[cspcla 18:53:39 pid=341729 tid=140650056472256] outbound_pdu callback link_id=2 tx_id=1018 len=360
[cspcla 18:53:39 pid=341729 tid=140650056472256] ✓ TX SUCCESS tx_id=1018 dst_csp=2:10 bytes=360 (all ACKs received)
[cspcla 18:53:39 pid=341729 tid=140650056472256] outbound_pdu callback link_id=2 tx_id=1019 len=360
[cspcla 18:53:39 pid=341729 tid=140650056472256] ✓ TX SUCCESS tx_id=1019 dst_csp=2:10 bytes=360 (all ACKs received)
[cspcla 18:53:39 pid=341729 tid=140650056472256] outbound_pdu callback link_id=2 tx_id=1020 len=360
[cspcla 18:53:39 pid=341729 tid=140650056472256] ✓ TX SUCCESS tx_id=1020 dst_csp=2:10 bytes=360 (all ACKs received)
[cspcla 18:53:40 pid=341729 tid=140650056472256] outbound_pdu callback link_id=2 tx_id=1021 len=360
[cspcla 18:53:40 pid=341729 tid=140650056472256] ✓ TX SUCCESS tx_id=1021 dst_csp=2:10 bytes=360 (all ACKs received)
[cspcla 18:53:40 pid=341729 tid=140650056472256] outbound_pdu callback link_id=2 tx_id=1022 len=360
[cspcla 18:53:40 pid=341729 tid=140650056472256] ✓ TX SUCCESS tx_id=1022 dst_csp=2:10 bytes=360 (all ACKs received)
[cspcla 18:53:41 pid=341729 tid=140650056472256] outbound_pdu callback link_id=2 tx_id=1023 len=360
[cspcla 18:53:41 pid=341729 tid=140650056472256] ✓ TX SUCCESS tx_id=1023 dst_csp=2:10 bytes=360 (all ACKs received)
[cspcla 18:53:41 pid=341729 tid=140650056472256] outbound_pdu callback link_id=2 tx_id=1024 len=360
[cspcla 18:53:41 pid=341729 tid=140650056472256] ✓ TX SUCCESS tx_id=1024 dst_csp=2:10 bytes=360 (all ACKs received)
[cspcla 18:53:41 pid=341729 tid=140650056472256] outbound_pdu callback link_id=2 tx_id=1025 len=360
[cspcla 18:53:41 pid=341729 tid=140650056472256] ✓ TX SUCCESS tx_id=1025 dst_csp=2:10 bytes=360 (all ACKs received)
[cspcla 18:53:41 pid=341729 tid=140650056472256] outbound_pdu callback link_id=2 tx_id=1026 len=360
[cspcla 18:53:41 pid=341729 tid=140650056472256] ✓ TX SUCCESS tx_id=1026 dst_csp=2:10 bytes=360 (all ACKs received)
[cspcla 18:53:41 pid=341729 tid=140650056472256] outbound_pdu callback link_id=2 tx_id=1027 len=360
[cspcla 18:53:42 pid=341729 tid=140650056472256] ✓ TX SUCCESS tx_id=1027 dst_csp=2:10 bytes=360 (all ACKs received)
[cspcla 18:53:42 pid=341729 tid=140650056472256] outbound_pdu callback link_id=2 tx_id=1028 len=360
[cspcla 18:53:42 pid=341729 tid=140650056472256] ✓ TX SUCCESS tx_id=1028 dst_csp=2:10 bytes=360 (all ACKs received)
[cspcla 18:53:42 pid=341729 tid=140650056472256] outbound_pdu callback link_id=2 tx_id=1029 len=360
[cspcla 18:53:42 pid=341729 tid=140650056472256] ✓ TX SUCCESS tx_id=1029 dst_csp=2:10 bytes=360 (all ACKs received)
[cspcla 18:53:42 pid=341729 tid=140650056472256] outbound_pdu callback link_id=2 tx_id=1030 len=360
[cspcla 18:53:43 pid=341729 tid=140650056472256] ✓ TX SUCCESS tx_id=1030 dst_csp=2:10 bytes=360 (all ACKs received)
[cspcla 18:53:44 pid=341729 tid=140650056472256] outbound_pdu callback link_id=2 tx_id=1031 len=360
[cspcla 18:53:44 pid=341729 tid=140650056472256] ✓ TX SUCCESS tx_id=1031 dst_csp=2:10 bytes=360 (all ACKs received)
[cspcla 18:53:44 pid=341729 tid=140650056472256] outbound_pdu callback link_id=2 tx_id=1032 len=360
[cspcla 18:53:44 pid=341729 tid=140650056472256] ✓ TX SUCCESS tx_id=1032 dst_csp=2:10 bytes=360 (all ACKs received)
[cspcla 18:53:44 pid=341729 tid=140650056472256] outbound_pdu callback link_id=2 tx_id=1033 len=360
[cspcla 18:53:44 pid=341729 tid=140650056472256] ✓ TX SUCCESS tx_id=1033 dst_csp=2:10 bytes=360 (all ACKs received)
[cspcla 18:53:44 pid=341729 tid=140650056472256] outbound_pdu callback link_id=2 tx_id=1034 len=360
[cspcla 18:53:44 pid=341729 tid=140650056472256] ✓ TX SUCCESS tx_id=1034 dst_csp=2:10 bytes=360 (all ACKs received)
[cspcla 18:53:44 pid=341729 tid=140650056472256] outbound_pdu callback link_id=2 tx_id=1035 len=360
[cspcla 18:53:44 pid=341729 tid=140650056472256] ✓ TX SUCCESS tx_id=1035 dst_csp=2:10 bytes=360 (all ACKs received)
[cspcla 18:53:44 pid=341729 tid=140650056472256] outbound_pdu callback link_id=2 tx_id=1036 len=360
[cspcla 18:53:44 pid=341729 tid=140650056472256] ✓ TX SUCCESS tx_id=1036 dst_csp=2:10 bytes=360 (all ACKs received)
[cspcla 18:53:44 pid=341729 tid=140650056472256] outbound_pdu callback link_id=2 tx_id=1037 len=360
[cspcla 18:53:45 pid=341729 tid=140650056472256] ✓ TX SUCCESS tx_id=1037 dst_csp=2:10 bytes=360 (all ACKs received)
[cspcla 18:53:45 pid=341729 tid=140650056472256] outbound_pdu callback link_id=2 tx_id=1038 len=360
[cspcla 18:53:45 pid=341729 tid=140650056472256] ✓ TX SUCCESS tx_id=1038 dst_csp=2:10 bytes=360 (all ACKs received)
[cspcla 18:53:45 pid=341729 tid=140650056472256] outbound_pdu callback link_id=2 tx_id=1039 len=360
[cspcla 18:53:45 pid=341729 tid=140650056472256] ✓ TX SUCCESS tx_id=1039 dst_csp=2:10 bytes=360 (all ACKs received)
[cspcla 18:53:45 pid=341729 tid=140650056472256] outbound_pdu callback link_id=2 tx_id=1040 len=360
[cspcla 18:53:45 pid=341729 tid=140650056472256] ✓ TX SUCCESS tx_id=1040 dst_csp=2:10 bytes=360 (all ACKs received)
[cspcla 18:53:46 pid=341729 tid=140650056472256] outbound_pdu callback link_id=2 tx_id=1041 len=360
[cspcla 18:53:46 pid=341729 tid=140650056472256] ✓ TX SUCCESS tx_id=1041 dst_csp=2:10 bytes=360 (all ACKs received)
[cspcla 18:53:46 pid=341729 tid=140650056472256] outbound_pdu callback link_id=2 tx_id=1042 len=360
[cspcla 18:53:46 pid=341729 tid=140650056472256] ✓ TX SUCCESS tx_id=1042 dst_csp=2:10 bytes=360 (all ACKs received)
[cspcla 18:53:46 pid=341729 tid=140650056472256] outbound_pdu callback link_id=2 tx_id=1043 len=360
[cspcla 18:53:47 pid=341729 tid=140650056472256] ✓ TX SUCCESS tx_id=1043 dst_csp=2:10 bytes=360 (all ACKs received)
[cspcla 18:53:47 pid=341729 tid=140650056472256] outbound_pdu callback link_id=2 tx_id=1044 len=360
[cspcla 18:53:47 pid=341729 tid=140650056472256] ✓ TX SUCCESS tx_id=1044 dst_csp=2:10 bytes=360 (all ACKs received)
[cspcla 18:53:47 pid=341729 tid=140650056472256] outbound_pdu callback link_id=2 tx_id=1045 len=360
[cspcla 18:53:47 pid=341729 tid=140650056472256] ✓ TX SUCCESS tx_id=1045 dst_csp=2:10 bytes=360 (all ACKs received)
[cspcla 18:53:47 pid=341729 tid=140650056472256] outbound_pdu callback link_id=2 tx_id=1046 len=360
[cspcla 18:53:47 pid=341729 tid=140650056472256] ✓ TX SUCCESS tx_id=1046 dst_csp=2:10 bytes=360 (all ACKs received)
[cspcla 18:53:47 pid=341729 tid=140650056472256] outbound_pdu callback link_id=2 tx_id=1047 len=360
[cspcla 18:53:48 pid=341729 tid=140650056472256] ✓ TX SUCCESS tx_id=1047 dst_csp=2:10 bytes=360 (all ACKs received)
[cspcla 18:53:48 pid=341729 tid=140650056472256] outbound_pdu callback link_id=2 tx_id=1048 len=360
[cspcla 18:53:48 pid=341729 tid=140650056472256] ✓ TX SUCCESS tx_id=1048 dst_csp=2:10 bytes=360 (all ACKs received)
[cspcla 18:53:48 pid=341729 tid=140650056472256] outbound_pdu callback link_id=2 tx_id=1049 len=360
[cspcla 18:53:48 pid=341729 tid=140650056472256] ✓ TX SUCCESS tx_id=1049 dst_csp=2:10 bytes=360 (all ACKs received)
[cspcla 18:53:48 pid=341729 tid=140650056472256] outbound_pdu callback link_id=2 tx_id=1050 len=360
[cspcla 18:53:48 pid=341729 tid=140650056472256] ✓ TX SUCCESS tx_id=1050 dst_csp=2:10 bytes=360 (all ACKs received)
[cspcla 18:53:49 pid=341729 tid=140650056472256] outbound_pdu callback link_id=2 tx_id=1051 len=360
[cspcla 18:53:49 pid=341729 tid=140650056472256] ✓ TX SUCCESS tx_id=1051 dst_csp=2:10 bytes=360 (all ACKs received)
[cspcla 18:53:49 pid=341729 tid=140650056472256] outbound_pdu callback link_id=2 tx_id=1052 len=360
[cspcla 18:53:49 pid=341729 tid=140650056472256] ✓ TX SUCCESS tx_id=1052 dst_csp=2:10 bytes=360 (all ACKs received)
[cspcla 18:53:49 pid=341729 tid=140650056472256] outbound_pdu callback link_id=2 tx_id=1053 len=360
[cspcla 18:53:49 pid=341729 tid=140650056472256] ✓ TX SUCCESS tx_id=1053 dst_csp=2:10 bytes=360 (all ACKs received)
[cspcla 18:53:49 pid=341729 tid=140650056472256] outbound_pdu callback link_id=2 tx_id=1054 len=360
[cspcla 18:53:49 pid=341729 tid=140650056472256] ✓ TX SUCCESS tx_id=1054 dst_csp=2:10 bytes=360 (all ACKs received)
[cspcla 18:53:50 pid=341729 tid=140650056472256] outbound_pdu callback link_id=2 tx_id=1055 len=360
[cspcla 18:53:50 pid=341729 tid=140650056472256] ✓ TX SUCCESS tx_id=1055 dst_csp=2:10 bytes=360 (all ACKs received)
[cspcla 18:53:50 pid=341729 tid=140650056472256] outbound_pdu callback link_id=2 tx_id=1056 len=360
[cspcla 18:53:50 pid=341729 tid=140650056472256] ✓ TX SUCCESS tx_id=1056 dst_csp=2:10 bytes=360 (all ACKs received)
[cspcla 18:53:50 pid=341729 tid=140650056472256] outbound_pdu callback link_id=2 tx_id=1057 len=360
[cspcla 18:53:51 pid=341729 tid=140650056472256] ✓ TX SUCCESS tx_id=1057 dst_csp=2:10 bytes=360 (all ACKs received)
[cspcla 18:53:51 pid=341729 tid=140650056472256] outbound_pdu callback link_id=2 tx_id=1058 len=360
[cspcla 18:53:51 pid=341729 tid=140650056472256] ✓ TX SUCCESS tx_id=1058 dst_csp=2:10 bytes=360 (all ACKs received)
[cspcla 18:53:51 pid=341729 tid=140650056472256] outbound_pdu callback link_id=2 tx_id=1059 len=360
[cspcla 18:53:51 pid=341729 tid=140650056472256] ✓ TX SUCCESS tx_id=1059 dst_csp=2:10 bytes=360 (all ACKs received)
[cspcla 18:53:51 pid=341729 tid=140650056472256] outbound_pdu callback link_id=2 tx_id=1060 len=360
[cspcla 18:53:51 pid=341729 tid=140650056472256] ✓ TX SUCCESS tx_id=1060 dst_csp=2:10 bytes=360 (all ACKs received)
[cspcla 18:53:52 pid=341729 tid=140650056472256] outbound_pdu callback link_id=2 tx_id=1061 len=360
[cspcla 18:53:52 pid=341729 tid=140650056472256] ✓ TX SUCCESS tx_id=1061 dst_csp=2:10 bytes=360 (all ACKs received)
[cspcla 18:53:52 pid=341729 tid=140650056472256] outbound_pdu callback link_id=2 tx_id=1062 len=360
[cspcla 18:53:52 pid=341729 tid=140650056472256] ✓ TX SUCCESS tx_id=1062 dst_csp=2:10 bytes=360 (all ACKs received)
[cspcla 18:53:52 pid=341729 tid=140650056472256] outbound_pdu callback link_id=2 tx_id=1063 len=360
[cspcla 18:53:52 pid=341729 tid=140650056472256] ✓ TX SUCCESS tx_id=1063 dst_csp=2:10 bytes=360 (all ACKs received)
[cspcla 18:53:52 pid=341729 tid=140650056472256] outbound_pdu callback link_id=2 tx_id=1064 len=360
[cspcla 18:53:53 pid=341729 tid=140650056472256] ✓ TX SUCCESS tx_id=1064 dst_csp=2:10 bytes=360 (all ACKs received)
[cspcla 18:53:53 pid=341729 tid=140650056472256] outbound_pdu callback link_id=2 tx_id=1065 len=360
[cspcla 18:53:53 pid=341729 tid=140650056472256] ✓ TX SUCCESS tx_id=1065 dst_csp=2:10 bytes=360 (all ACKs received)
[cspcla 18:53:53 pid=341729 tid=140650056472256] outbound_pdu callback link_id=2 tx_id=1066 len=360
[cspcla 18:53:53 pid=341729 tid=140650056472256] ✓ TX SUCCESS tx_id=1066 dst_csp=2:10 bytes=360 (all ACKs received)
[cspcla 18:53:53 pid=341729 tid=140650056472256] outbound_pdu callback link_id=2 tx_id=1067 len=360
[cspcla 18:53:54 pid=341729 tid=140650056472256] ✓ TX SUCCESS tx_id=1067 dst_csp=2:10 bytes=360 (all ACKs received)
[cspcla 18:53:54 pid=341729 tid=140650056472256] outbound_pdu callback link_id=2 tx_id=1068 len=360
[cspcla 18:53:54 pid=341729 tid=140650056472256] ✓ TX SUCCESS tx_id=1068 dst_csp=2:10 bytes=360 (all ACKs received)
[cspcla 18:53:54 pid=341729 tid=140650056472256] outbound_pdu callback link_id=2 tx_id=1069 len=360
[cspcla 18:53:54 pid=341729 tid=140650056472256] ✓ TX SUCCESS tx_id=1069 dst_csp=2:10 bytes=360 (all ACKs received)
[cspcla 18:53:54 pid=341729 tid=140650056472256] outbound_pdu callback link_id=2 tx_id=1070 len=360
[cspcla 18:53:54 pid=341729 tid=140650056472256] ✓ TX SUCCESS tx_id=1070 dst_csp=2:10 bytes=360 (all ACKs received)
[cspcla 18:53:55 pid=341729 tid=140650056472256] outbound_pdu callback link_id=2 tx_id=1071 len=360
[cspcla 18:53:55 pid=341729 tid=140650056472256] ✓ TX SUCCESS tx_id=1071 dst_csp=2:10 bytes=360 (all ACKs received)
[cspcla 18:53:55 pid=341729 tid=140650056472256] outbound_pdu callback link_id=2 tx_id=1072 len=360
[cspcla 18:53:55 pid=341729 tid=140650056472256] ✓ TX SUCCESS tx_id=1072 dst_csp=2:10 bytes=360 (all ACKs received)
[cspcla 18:53:55 pid=341729 tid=140650056472256] outbound_pdu callback link_id=2 tx_id=1073 len=360
[cspcla 18:53:56 pid=341729 tid=140650056472256] ✓ TX SUCCESS tx_id=1073 dst_csp=2:10 bytes=360 (all ACKs received)
[cspcla 18:53:56 pid=341729 tid=140650056472256] outbound_pdu callback link_id=2 tx_id=1074 len=360
[cspcla 18:53:56 pid=341729 tid=140650056472256] ✓ TX SUCCESS tx_id=1074 dst_csp=2:10 bytes=360 (all ACKs received)
[cspcla 18:53:56 pid=341729 tid=140650056472256] outbound_pdu callback link_id=2 tx_id=1075 len=360
[cspcla 18:53:56 pid=341729 tid=140650056472256] ✓ TX SUCCESS tx_id=1075 dst_csp=2:10 bytes=360 (all ACKs received)
[cspcla 18:53:56 pid=341729 tid=140650056472256] outbound_pdu callback link_id=2 tx_id=1076 len=360
[cspcla 18:53:56 pid=341729 tid=140650056472256] ✓ TX SUCCESS tx_id=1076 dst_csp=2:10 bytes=360 (all ACKs received)
[cspcla 18:53:56 pid=341729 tid=140650056472256] outbound_pdu callback link_id=2 tx_id=1077 len=360
[cspcla 18:53:57 pid=341729 tid=140650056472256] ✓ TX SUCCESS tx_id=1077 dst_csp=2:10 bytes=360 (all ACKs received)
[cspcla 18:53:57 pid=341729 tid=140650056472256] outbound_pdu callback link_id=2 tx_id=1078 len=360
[cspcla 18:53:57 pid=341729 tid=140650056472256] ✓ TX SUCCESS tx_id=1078 dst_csp=2:10 bytes=360 (all ACKs received)
[cspcla 18:53:57 pid=341729 tid=140650056472256] outbound_pdu callback link_id=2 tx_id=1079 len=360
[cspcla 18:53:57 pid=341729 tid=140650056472256] ✓ TX SUCCESS tx_id=1079 dst_csp=2:10 bytes=360 (all ACKs received)
[cspcla 18:53:57 pid=341729 tid=140650056472256] outbound_pdu callback link_id=2 tx_id=1080 len=360
[cspcla 18:53:57 pid=341729 tid=140650056472256] ✓ TX SUCCESS tx_id=1080 dst_csp=2:10 bytes=360 (all ACKs received)
[cspcla 18:53:58 pid=341729 tid=140650056472256] outbound_pdu callback link_id=2 tx_id=1081 len=360
[cspcla 18:53:58 pid=341729 tid=140650056472256] ✓ TX SUCCESS tx_id=1081 dst_csp=2:10 bytes=360 (all ACKs received)
[cspcla 18:53:58 pid=341729 tid=140650056472256] outbound_pdu callback link_id=2 tx_id=1082 len=360
[cspcla 18:53:58 pid=341729 tid=140650056472256] ✓ TX SUCCESS tx_id=1082 dst_csp=2:10 bytes=360 (all ACKs received)
[cspcla 18:53:58 pid=341729 tid=140650056472256] outbound_pdu callback link_id=2 tx_id=1083 len=360
[cspcla 18:53:58 pid=341729 tid=140650056472256] ✓ TX SUCCESS tx_id=1083 dst_csp=2:10 bytes=360 (all ACKs received)
[cspcla 18:53:58 pid=341729 tid=140650056472256] outbound_pdu callback link_id=2 tx_id=1084 len=360
[cspcla 18:53:58 pid=341729 tid=140650056472256] ✓ TX SUCCESS tx_id=1084 dst_csp=2:10 bytes=360 (all ACKs received)
[cspcla 18:53:59 pid=341729 tid=140650056472256] outbound_pdu callback link_id=2 tx_id=1085 len=360
[cspcla 18:53:59 pid=341729 tid=140650056472256] ✓ TX SUCCESS tx_id=1085 dst_csp=2:10 bytes=360 (all ACKs received)
[cspcla 18:53:59 pid=341729 tid=140650056472256] outbound_pdu callback link_id=2 tx_id=1086 len=360
[cspcla 18:53:59 pid=341729 tid=140650056472256] ✓ TX SUCCESS tx_id=1086 dst_csp=2:10 bytes=360 (all ACKs received)
[cspcla 18:53:59 pid=341729 tid=140650056472256] outbound_pdu callback link_id=2 tx_id=1087 len=360
[cspcla 18:54:00 pid=341729 tid=140650056472256] ✓ TX SUCCESS tx_id=1087 dst_csp=2:10 bytes=360 (all ACKs received)
[cspcla 18:54:00 pid=341729 tid=140650056472256] outbound_pdu callback link_id=2 tx_id=1088 len=360
[cspcla 18:54:00 pid=341729 tid=140650056472256] ✓ TX SUCCESS tx_id=1088 dst_csp=2:10 bytes=360 (all ACKs received)
[cspcla 18:54:00 pid=341729 tid=140650056472256] outbound_pdu callback link_id=2 tx_id=1089 len=360
[cspcla 18:54:00 pid=341729 tid=140650056472256] ✓ TX SUCCESS tx_id=1089 dst_csp=2:10 bytes=360 (all ACKs received)
[cspcla 18:54:00 pid=341729 tid=140650056472256] outbound_pdu callback link_id=2 tx_id=1090 len=360
[cspcla 18:54:00 pid=341729 tid=140650056472256] ✓ TX SUCCESS tx_id=1090 dst_csp=2:10 bytes=360 (all ACKs received)
[cspcla 18:54:01 pid=341729 tid=140650056472256] outbound_pdu callback link_id=2 tx_id=1091 len=360
[cspcla 18:54:01 pid=341729 tid=140650056472256] ✓ TX SUCCESS tx_id=1091 dst_csp=2:10 bytes=360 (all ACKs received)
[cspcla 18:54:01 pid=341729 tid=140650056472256] outbound_pdu callback link_id=2 tx_id=1092 len=360
[cspcla 18:54:01 pid=341729 tid=140650056472256] ✓ TX SUCCESS tx_id=1092 dst_csp=2:10 bytes=360 (all ACKs received)
[cspcla 18:54:01 pid=341729 tid=140650056472256] outbound_pdu callback link_id=2 tx_id=1093 len=360
[cspcla 18:54:01 pid=341729 tid=140650056472256] ✓ TX SUCCESS tx_id=1093 dst_csp=2:10 bytes=360 (all ACKs received)
[cspcla 18:54:01 pid=341729 tid=140650056472256] outbound_pdu callback link_id=2 tx_id=1094 len=360
[cspcla 18:54:02 pid=341729 tid=140650056472256] ✓ TX SUCCESS tx_id=1094 dst_csp=2:10 bytes=360 (all ACKs received)
[cspcla 18:54:02 pid=341729 tid=140650056472256] outbound_pdu callback link_id=2 tx_id=1095 len=360
[cspcla 18:54:02 pid=341729 tid=140650056472256] ✓ TX SUCCESS tx_id=1095 dst_csp=2:10 bytes=360 (all ACKs received)
[cspcla 18:54:02 pid=341729 tid=140650056472256] outbound_pdu callback link_id=2 tx_id=1096 len=360
[cspcla 18:54:02 pid=341729 tid=140650056472256] ✓ TX SUCCESS tx_id=1096 dst_csp=2:10 bytes=360 (all ACKs received)
[cspcla 18:54:02 pid=341729 tid=140650056472256] outbound_pdu callback link_id=2 tx_id=1097 len=360
[cspcla 18:54:03 pid=341729 tid=140650056472256] ✓ TX SUCCESS tx_id=1097 dst_csp=2:10 bytes=360 (all ACKs received)
[cspcla 18:54:03 pid=341729 tid=140650056472256] outbound_pdu callback link_id=2 tx_id=1098 len=360
[cspcla 18:54:03 pid=341729 tid=140650056472256] ✓ TX SUCCESS tx_id=1098 dst_csp=2:10 bytes=360 (all ACKs received)
[cspcla 18:54:03 pid=341729 tid=140650056472256] outbound_pdu callback link_id=2 tx_id=1099 len=360
[cspcla 18:54:03 pid=341729 tid=140650056472256] ✓ TX SUCCESS tx_id=1099 dst_csp=2:10 bytes=360 (all ACKs received)
[cspcla 18:54:03 pid=341729 tid=140650056472256] outbound_pdu callback link_id=2 tx_id=1100 len=360
[cspcla 18:54:03 pid=341729 tid=140650056472256] ✓ TX SUCCESS tx_id=1100 dst_csp=2:10 bytes=360 (all ACKs received)
[cspcla 18:54:04 pid=341729 tid=140650056472256] outbound_pdu callback link_id=2 tx_id=1101 len=360
[cspcla 18:54:04 pid=341729 tid=140650056472256] ✓ TX SUCCESS tx_id=1101 dst_csp=2:10 bytes=360 (all ACKs received)
[cspcla 18:54:04 pid=341729 tid=140650056472256] outbound_pdu callback link_id=2 tx_id=1102 len=360
[cspcla 18:54:04 pid=341729 tid=140650056472256] ✓ TX SUCCESS tx_id=1102 dst_csp=2:10 bytes=360 (all ACKs received)
[cspcla 18:54:04 pid=341729 tid=140650056472256] outbound_pdu callback link_id=2 tx_id=1103 len=360
[cspcla 18:54:04 pid=341729 tid=140650056472256] ✓ TX SUCCESS tx_id=1103 dst_csp=2:10 bytes=360 (all ACKs received)
[cspcla 18:54:04 pid=341729 tid=140650056472256] outbound_pdu callback link_id=2 tx_id=1104 len=360
[cspcla 18:54:05 pid=341729 tid=140650056472256] ✓ TX SUCCESS tx_id=1104 dst_csp=2:10 bytes=360 (all ACKs received)
[cspcla 18:54:05 pid=341729 tid=140650056472256] outbound_pdu callback link_id=2 tx_id=1105 len=360
[cspcla 18:54:05 pid=341729 tid=140650056472256] ✓ TX SUCCESS tx_id=1105 dst_csp=2:10 bytes=360 (all ACKs received)
[cspcla 18:54:05 pid=341729 tid=140650056472256] outbound_pdu callback link_id=2 tx_id=1106 len=360
[cspcla 18:54:05 pid=341729 tid=140650056472256] ✓ TX SUCCESS tx_id=1106 dst_csp=2:10 bytes=360 (all ACKs received)
[cspcla 18:54:05 pid=341729 tid=140650056472256] outbound_pdu callback link_id=2 tx_id=1107 len=360
[cspcla 18:54:05 pid=341729 tid=140650056472256] ✓ TX SUCCESS tx_id=1107 dst_csp=2:10 bytes=360 (all ACKs received)
[cspcla 18:54:05 pid=341729 tid=140650056472256] outbound_pdu callback link_id=2 tx_id=1108 len=360
[cspcla 18:54:06 pid=341729 tid=140650056472256] ✓ TX SUCCESS tx_id=1108 dst_csp=2:10 bytes=360 (all ACKs received)
[cspcla 18:54:06 pid=341729 tid=140650056472256] outbound_pdu callback link_id=2 tx_id=1109 len=360
[cspcla 18:54:06 pid=341729 tid=140650056472256] ✓ TX SUCCESS tx_id=1109 dst_csp=2:10 bytes=360 (all ACKs received)
[cspcla 18:54:06 pid=341729 tid=140650056472256] outbound_pdu callback link_id=2 tx_id=1110 len=360
[cspcla 18:54:06 pid=341729 tid=140650056472256] ✓ TX SUCCESS tx_id=1110 dst_csp=2:10 bytes=360 (all ACKs received)
[cspcla 18:54:07 pid=341729 tid=140650056472256] outbound_pdu callback link_id=2 tx_id=1111 len=360
[cspcla 18:54:07 pid=341729 tid=140650056472256] ✓ TX SUCCESS tx_id=1111 dst_csp=2:10 bytes=360 (all ACKs received)
[cspcla 18:54:07 pid=341729 tid=140650056472256] outbound_pdu callback link_id=2 tx_id=1112 len=360
[cspcla 18:54:07 pid=341729 tid=140650056472256] ✓ TX SUCCESS tx_id=1112 dst_csp=2:10 bytes=360 (all ACKs received)
[cspcla 18:54:07 pid=341729 tid=140650056472256] outbound_pdu callback link_id=2 tx_id=1113 len=360
[cspcla 18:54:07 pid=341729 tid=140650056472256] ✓ TX SUCCESS tx_id=1113 dst_csp=2:10 bytes=360 (all ACKs received)
[cspcla 18:54:07 pid=341729 tid=140650056472256] outbound_pdu callback link_id=2 tx_id=1114 len=360
[cspcla 18:54:08 pid=341729 tid=140650056472256] ✓ TX SUCCESS tx_id=1114 dst_csp=2:10 bytes=360 (all ACKs received)
[cspcla 18:54:08 pid=341729 tid=140650056472256] outbound_pdu callback link_id=2 tx_id=1115 len=360
[cspcla 18:54:08 pid=341729 tid=140650056472256] ✓ TX SUCCESS tx_id=1115 dst_csp=2:10 bytes=360 (all ACKs received)
[cspcla 18:54:08 pid=341729 tid=140650056472256] outbound_pdu callback link_id=2 tx_id=1116 len=360
[cspcla 18:54:08 pid=341729 tid=140650056472256] ✓ TX SUCCESS tx_id=1116 dst_csp=2:10 bytes=360 (all ACKs received)
[cspcla 18:54:08 pid=341729 tid=140650056472256] outbound_pdu callback link_id=2 tx_id=1117 len=360
[cspcla 18:54:08 pid=341729 tid=140650056472256] ✓ TX SUCCESS tx_id=1117 dst_csp=2:10 bytes=360 (all ACKs received)
[cspcla 18:54:08 pid=341729 tid=140650056472256] outbound_pdu callback link_id=2 tx_id=1118 len=360
[cspcla 18:54:09 pid=341729 tid=140650056472256] ✓ TX SUCCESS tx_id=1118 dst_csp=2:10 bytes=360 (all ACKs received)
[cspcla 18:54:09 pid=341729 tid=140650056472256] outbound_pdu callback link_id=2 tx_id=1119 len=360
[cspcla 18:54:09 pid=341729 tid=140650056472256] ✓ TX SUCCESS tx_id=1119 dst_csp=2:10 bytes=360 (all ACKs received)
[cspcla 18:54:09 pid=341729 tid=140650056472256] outbound_pdu callback link_id=2 tx_id=1120 len=360
[cspcla 18:54:09 pid=341729 tid=140650056472256] ✓ TX SUCCESS tx_id=1120 dst_csp=2:10 bytes=360 (all ACKs received)
[cspcla 18:54:10 pid=341729 tid=140650056472256] outbound_pdu callback link_id=2 tx_id=1121 len=360
[cspcla 18:54:10 pid=341729 tid=140650056472256] ✓ TX SUCCESS tx_id=1121 dst_csp=2:10 bytes=360 (all ACKs received)
[cspcla 18:54:10 pid=341729 tid=140650056472256] outbound_pdu callback link_id=2 tx_id=1122 len=360
[cspcla 18:54:10 pid=341729 tid=140650056472256] ✓ TX SUCCESS tx_id=1122 dst_csp=2:10 bytes=360 (all ACKs received)
[cspcla 18:54:10 pid=341729 tid=140650056472256] outbound_pdu callback link_id=2 tx_id=1123 len=360
[cspcla 18:54:10 pid=341729 tid=140650056472256] ✓ TX SUCCESS tx_id=1123 dst_csp=2:10 bytes=360 (all ACKs received)
[cspcla 18:54:10 pid=341729 tid=140650056472256] outbound_pdu callback link_id=2 tx_id=1124 len=360
[cspcla 18:54:10 pid=341729 tid=140650056472256] ✓ TX SUCCESS tx_id=1124 dst_csp=2:10 bytes=360 (all ACKs received)
[cspcla 18:54:10 pid=341729 tid=140650056472256] outbound_pdu callback link_id=2 tx_id=1125 len=360
[cspcla 18:54:11 pid=341729 tid=140650056472256] ✓ TX SUCCESS tx_id=1125 dst_csp=2:10 bytes=360 (all ACKs received)
[cspcla 18:54:11 pid=341729 tid=140650056472256] outbound_pdu callback link_id=2 tx_id=1126 len=360
[cspcla 18:54:11 pid=341729 tid=140650056472256] ✓ TX SUCCESS tx_id=1126 dst_csp=2:10 bytes=360 (all ACKs received)
[cspcla 18:54:11 pid=341729 tid=140650056472256] outbound_pdu callback link_id=2 tx_id=1127 len=360
[cspcla 18:54:11 pid=341729 tid=140650056472256] ✓ TX SUCCESS tx_id=1127 dst_csp=2:10 bytes=360 (all ACKs received)
[cspcla 18:54:11 pid=341729 tid=140650056472256] outbound_pdu callback link_id=2 tx_id=1128 len=360
[cspcla 18:54:12 pid=341729 tid=140650056472256] ✓ TX SUCCESS tx_id=1128 dst_csp=2:10 bytes=360 (all ACKs received)
[cspcla 18:54:12 pid=341729 tid=140650056472256] outbound_pdu callback link_id=2 tx_id=1129 len=360
[cspcla 18:54:12 pid=341729 tid=140650056472256] ✓ TX SUCCESS tx_id=1129 dst_csp=2:10 bytes=360 (all ACKs received)
[cspcla 18:54:12 pid=341729 tid=140650056472256] outbound_pdu callback link_id=2 tx_id=1130 len=360
[cspcla 18:54:12 pid=341729 tid=140650056472256] ✓ TX SUCCESS tx_id=1130 dst_csp=2:10 bytes=360 (all ACKs received)
[cspcla 18:54:13 pid=341729 tid=140650056472256] outbound_pdu callback link_id=2 tx_id=1131 len=360
[cspcla 18:54:13 pid=341729 tid=140650056472256] ✓ TX SUCCESS tx_id=1131 dst_csp=2:10 bytes=360 (all ACKs received)
[cspcla 18:54:13 pid=341729 tid=140650056472256] outbound_pdu callback link_id=2 tx_id=1132 len=360
[cspcla 18:54:13 pid=341729 tid=140650056472256] ✓ TX SUCCESS tx_id=1132 dst_csp=2:10 bytes=360 (all ACKs received)
[cspcla 18:54:13 pid=341729 tid=140650056472256] outbound_pdu callback link_id=2 tx_id=1133 len=360
[cspcla 18:54:13 pid=341729 tid=140650056472256] ✓ TX SUCCESS tx_id=1133 dst_csp=2:10 bytes=360 (all ACKs received)
[cspcla 18:54:13 pid=341729 tid=140650056472256] outbound_pdu callback link_id=2 tx_id=1134 len=360
[cspcla 18:54:13 pid=341729 tid=140650056472256] ✓ TX SUCCESS tx_id=1134 dst_csp=2:10 bytes=360 (all ACKs received)
[cspcla 18:54:13 pid=341729 tid=140650056472256] outbound_pdu callback link_id=2 tx_id=1135 len=360
[cspcla 18:54:14 pid=341729 tid=140650056472256] ✓ TX SUCCESS tx_id=1135 dst_csp=2:10 bytes=360 (all ACKs received)
[cspcla 18:54:14 pid=341729 tid=140650056472256] outbound_pdu callback link_id=2 tx_id=1136 len=360
[cspcla 18:54:14 pid=341729 tid=140650056472256] ✓ TX SUCCESS tx_id=1136 dst_csp=2:10 bytes=360 (all ACKs received)
[cspcla 18:54:14 pid=341729 tid=140650056472256] outbound_pdu callback link_id=2 tx_id=1137 len=360
[cspcla 18:54:14 pid=341729 tid=140650056472256] ✓ TX SUCCESS tx_id=1137 dst_csp=2:10 bytes=360 (all ACKs received)
[cspcla 18:54:14 pid=341729 tid=140650056472256] outbound_pdu callback link_id=2 tx_id=1138 len=360
[cspcla 18:54:15 pid=341729 tid=140650056472256] ✓ TX SUCCESS tx_id=1138 dst_csp=2:10 bytes=360 (all ACKs received)
[cspcla 18:54:15 pid=341729 tid=140650056472256] outbound_pdu callback link_id=2 tx_id=1139 len=360
[cspcla 18:54:15 pid=341729 tid=140650056472256] ✓ TX SUCCESS tx_id=1139 dst_csp=2:10 bytes=360 (all ACKs received)
[cspcla 18:54:15 pid=341729 tid=140650056472256] outbound_pdu callback link_id=2 tx_id=1140 len=360
[cspcla 18:54:15 pid=341729 tid=140650056472256] ✓ TX SUCCESS tx_id=1140 dst_csp=2:10 bytes=360 (all ACKs received)
[cspcla 18:54:16 pid=341729 tid=140650056472256] outbound_pdu callback link_id=2 tx_id=1141 len=360
[cspcla 18:54:16 pid=341729 tid=140650056472256] ✓ TX SUCCESS tx_id=1141 dst_csp=2:10 bytes=360 (all ACKs received)
[cspcla 18:54:16 pid=341729 tid=140650056472256] outbound_pdu callback link_id=2 tx_id=1142 len=360
[cspcla 18:54:16 pid=341729 tid=140650056472256] ✓ TX SUCCESS tx_id=1142 dst_csp=2:10 bytes=360 (all ACKs received)
[cspcla 18:54:16 pid=341729 tid=140650056472256] outbound_pdu callback link_id=2 tx_id=1143 len=360
[cspcla 18:54:16 pid=341729 tid=140650056472256] ✓ TX SUCCESS tx_id=1143 dst_csp=2:10 bytes=360 (all ACKs received)
[cspcla 18:54:16 pid=341729 tid=140650056472256] outbound_pdu callback link_id=2 tx_id=1144 len=360
[cspcla 18:54:17 pid=341729 tid=140650056472256] ✓ TX SUCCESS tx_id=1144 dst_csp=2:10 bytes=360 (all ACKs received)
[cspcla 18:54:17 pid=341729 tid=140650056472256] outbound_pdu callback link_id=2 tx_id=1145 len=360
[cspcla 18:54:17 pid=341729 tid=140650056472256] ✓ TX SUCCESS tx_id=1145 dst_csp=2:10 bytes=360 (all ACKs received)
[cspcla 18:54:17 pid=341729 tid=140650056472256] outbound_pdu callback link_id=2 tx_id=1146 len=360
[cspcla 18:54:17 pid=341729 tid=140650056472256] ✓ TX SUCCESS tx_id=1146 dst_csp=2:10 bytes=360 (all ACKs received)
[cspcla 18:54:17 pid=341729 tid=140650056472256] outbound_pdu callback link_id=2 tx_id=1147 len=360
[cspcla 18:54:17 pid=341729 tid=140650056472256] ✓ TX SUCCESS tx_id=1147 dst_csp=2:10 bytes=360 (all ACKs received)
[cspcla 18:54:17 pid=341729 tid=140650056472256] outbound_pdu callback link_id=2 tx_id=1148 len=360
[cspcla 18:54:17 pid=341729 tid=140650056472256] ✓ TX SUCCESS tx_id=1148 dst_csp=2:10 bytes=360 (all ACKs received)
[cspcla 18:54:17 pid=341729 tid=140650056472256] outbound_pdu callback link_id=2 tx_id=1149 len=360
[cspcla 18:54:18 pid=341729 tid=140650056472256] ✓ TX SUCCESS tx_id=1149 dst_csp=2:10 bytes=360 (all ACKs received)
[cspcla 18:54:18 pid=341729 tid=140650056472256] outbound_pdu callback link_id=2 tx_id=1150 len=360
[cspcla 18:54:18 pid=341729 tid=140650056472256] ✓ TX SUCCESS tx_id=1150 dst_csp=2:10 bytes=360 (all ACKs received)
[cspcla 18:54:19 pid=341729 tid=140650056472256] outbound_pdu callback link_id=2 tx_id=1151 len=360
[cspcla 18:54:19 pid=341729 tid=140650056472256] ✓ TX SUCCESS tx_id=1151 dst_csp=2:10 bytes=360 (all ACKs received)
[cspcla 18:54:19 pid=341729 tid=140650056472256] outbound_pdu callback link_id=2 tx_id=1152 len=360
[cspcla 18:54:19 pid=341729 tid=140650056472256] ✓ TX SUCCESS tx_id=1152 dst_csp=2:10 bytes=360 (all ACKs received)
[cspcla 18:54:19 pid=341729 tid=140650056472256] outbound_pdu callback link_id=2 tx_id=1153 len=360
[cspcla 18:54:19 pid=341729 tid=140650056472256] ✓ TX SUCCESS tx_id=1153 dst_csp=2:10 bytes=360 (all ACKs received)
[cspcla 18:54:19 pid=341729 tid=140650056472256] outbound_pdu callback link_id=2 tx_id=1154 len=360
[cspcla 18:54:20 pid=341729 tid=140650056472256] ✓ TX SUCCESS tx_id=1154 dst_csp=2:10 bytes=360 (all ACKs received)
[cspcla 18:54:20 pid=341729 tid=140650056472256] outbound_pdu callback link_id=2 tx_id=1155 len=360
[cspcla 18:54:20 pid=341729 tid=140650056472256] ✓ TX SUCCESS tx_id=1155 dst_csp=2:10 bytes=360 (all ACKs received)
[cspcla 18:54:20 pid=341729 tid=140650056472256] outbound_pdu callback link_id=2 tx_id=1156 len=360
[cspcla 18:54:20 pid=341729 tid=140650056472256] ✓ TX SUCCESS tx_id=1156 dst_csp=2:10 bytes=360 (all ACKs received)
[cspcla 18:54:20 pid=341729 tid=140650056472256] outbound_pdu callback link_id=2 tx_id=1157 len=360
[cspcla 18:54:20 pid=341729 tid=140650056472256] ✓ TX SUCCESS tx_id=1157 dst_csp=2:10 bytes=360 (all ACKs received)
[cspcla 18:54:20 pid=341729 tid=140650056472256] outbound_pdu callback link_id=2 tx_id=1158 len=360
[cspcla 18:54:21 pid=341729 tid=140650056472256] ✓ TX SUCCESS tx_id=1158 dst_csp=2:10 bytes=360 (all ACKs received)
[cspcla 18:54:21 pid=341729 tid=140650056472256] outbound_pdu callback link_id=2 tx_id=1159 len=360
[cspcla 18:54:21 pid=341729 tid=140650056472256] ✓ TX SUCCESS tx_id=1159 dst_csp=2:10 bytes=360 (all ACKs received)
[cspcla 18:54:21 pid=341729 tid=140650056472256] outbound_pdu callback link_id=2 tx_id=1160 len=360
[cspcla 18:54:21 pid=341729 tid=140650056472256] ✓ TX SUCCESS tx_id=1160 dst_csp=2:10 bytes=360 (all ACKs received)
[cspcla 18:54:22 pid=341729 tid=140650056472256] outbound_pdu callback link_id=2 tx_id=1161 len=360
[cspcla 18:54:22 pid=341729 tid=140650056472256] ✓ TX SUCCESS tx_id=1161 dst_csp=2:10 bytes=360 (all ACKs received)
[cspcla 18:54:22 pid=341729 tid=140650056472256] outbound_pdu callback link_id=2 tx_id=1162 len=360
[cspcla 18:54:22 pid=341729 tid=140650056472256] ✓ TX SUCCESS tx_id=1162 dst_csp=2:10 bytes=360 (all ACKs received)
[cspcla 18:54:22 pid=341729 tid=140650056472256] outbound_pdu callback link_id=2 tx_id=1163 len=360
[cspcla 18:54:22 pid=341729 tid=140650056472256] ✓ TX SUCCESS tx_id=1163 dst_csp=2:10 bytes=360 (all ACKs received)
[cspcla 18:54:22 pid=341729 tid=140650056472256] outbound_pdu callback link_id=2 tx_id=1164 len=360
[cspcla 18:54:22 pid=341729 tid=140650056472256] ✓ TX SUCCESS tx_id=1164 dst_csp=2:10 bytes=360 (all ACKs received)
[cspcla 18:54:22 pid=341729 tid=140650056472256] outbound_pdu callback link_id=2 tx_id=1165 len=360
[cspcla 18:54:23 pid=341729 tid=140650056472256] ✓ TX SUCCESS tx_id=1165 dst_csp=2:10 bytes=360 (all ACKs received)
[cspcla 18:54:23 pid=341729 tid=140650056472256] outbound_pdu callback link_id=2 tx_id=1166 len=360
[cspcla 18:54:23 pid=341729 tid=140650056472256] ✓ TX SUCCESS tx_id=1166 dst_csp=2:10 bytes=360 (all ACKs received)
[cspcla 18:54:23 pid=341729 tid=140650056472256] outbound_pdu callback link_id=2 tx_id=1167 len=360
[cspcla 18:54:23 pid=341729 tid=140650056472256] ✓ TX SUCCESS tx_id=1167 dst_csp=2:10 bytes=360 (all ACKs received)
[cspcla 18:54:23 pid=341729 tid=140650056472256] outbound_pdu callback link_id=2 tx_id=1168 len=360
[cspcla 18:54:24 pid=341729 tid=140650056472256] ✓ TX SUCCESS tx_id=1168 dst_csp=2:10 bytes=360 (all ACKs received)
[cspcla 18:54:24 pid=341729 tid=140650056472256] outbound_pdu callback link_id=2 tx_id=1169 len=360
[cspcla 18:54:24 pid=341729 tid=140650056472256] ✓ TX SUCCESS tx_id=1169 dst_csp=2:10 bytes=360 (all ACKs received)
[cspcla 18:54:24 pid=341729 tid=140650056472256] outbound_pdu callback link_id=2 tx_id=1170 len=360
[cspcla 18:54:24 pid=341729 tid=140650056472256] ✓ TX SUCCESS tx_id=1170 dst_csp=2:10 bytes=360 (all ACKs received)
[cspcla 18:54:25 pid=341729 tid=140650056472256] outbound_pdu callback link_id=2 tx_id=1171 len=360
[cspcla 18:54:25 pid=341729 tid=140650056472256] ✓ TX SUCCESS tx_id=1171 dst_csp=2:10 bytes=360 (all ACKs received)
[cspcla 18:54:25 pid=341729 tid=140650056472256] outbound_pdu callback link_id=2 tx_id=1172 len=360
[cspcla 18:54:25 pid=341729 tid=140650056472256] ✓ TX SUCCESS tx_id=1172 dst_csp=2:10 bytes=360 (all ACKs received)
[cspcla 18:54:25 pid=341729 tid=140650056472256] outbound_pdu callback link_id=2 tx_id=1173 len=360
[cspcla 18:54:25 pid=341729 tid=140650056472256] ✓ TX SUCCESS tx_id=1173 dst_csp=2:10 bytes=360 (all ACKs received)
[cspcla 18:54:25 pid=341729 tid=140650056472256] outbound_pdu callback link_id=2 tx_id=1174 len=360
[cspcla 18:54:25 pid=341729 tid=140650056472256] ✓ TX SUCCESS tx_id=1174 dst_csp=2:10 bytes=360 (all ACKs received)
[cspcla 18:54:25 pid=341729 tid=140650056472256] outbound_pdu callback link_id=2 tx_id=1175 len=360
[cspcla 18:54:26 pid=341729 tid=140650056472256] ✓ TX SUCCESS tx_id=1175 dst_csp=2:10 bytes=360 (all ACKs received)
[cspcla 18:54:26 pid=341729 tid=140650056472256] outbound_pdu callback link_id=2 tx_id=1176 len=360
[cspcla 18:54:26 pid=341729 tid=140650056472256] ✓ TX SUCCESS tx_id=1176 dst_csp=2:10 bytes=360 (all ACKs received)
[cspcla 18:54:26 pid=341729 tid=140650056472256] outbound_pdu callback link_id=2 tx_id=1177 len=360
[cspcla 18:54:26 pid=341729 tid=140650056472256] ✓ TX SUCCESS tx_id=1177 dst_csp=2:10 bytes=360 (all ACKs received)
[cspcla 18:54:26 pid=341729 tid=140650056472256] outbound_pdu callback link_id=2 tx_id=1178 len=360
[cspcla 18:54:27 pid=341729 tid=140650056472256] ✓ TX SUCCESS tx_id=1178 dst_csp=2:10 bytes=360 (all ACKs received)
[cspcla 18:54:27 pid=341729 tid=140650056472256] outbound_pdu callback link_id=2 tx_id=1179 len=360
[cspcla 18:54:27 pid=341729 tid=140650056472256] ✓ TX SUCCESS tx_id=1179 dst_csp=2:10 bytes=360 (all ACKs received)
[cspcla 18:54:27 pid=341729 tid=140650056472256] outbound_pdu callback link_id=2 tx_id=1180 len=360
[cspcla 18:54:27 pid=341729 tid=140650056472256] ✓ TX SUCCESS tx_id=1180 dst_csp=2:10 bytes=360 (all ACKs received)
[cspcla 18:54:28 pid=341729 tid=140650056472256] outbound_pdu callback link_id=2 tx_id=1181 len=360
[cspcla 18:54:28 pid=341729 tid=140650056472256] ✓ TX SUCCESS tx_id=1181 dst_csp=2:10 bytes=360 (all ACKs received)
[cspcla 18:54:28 pid=341729 tid=140650056472256] outbound_pdu callback link_id=2 tx_id=1182 len=360
[cspcla 18:54:28 pid=341729 tid=140650056472256] ✓ TX SUCCESS tx_id=1182 dst_csp=2:10 bytes=360 (all ACKs received)
[cspcla 18:54:28 pid=341729 tid=140650056472256] outbound_pdu callback link_id=2 tx_id=1183 len=360
[cspcla 18:54:28 pid=341729 tid=140650056472256] ✓ TX SUCCESS tx_id=1183 dst_csp=2:10 bytes=360 (all ACKs received)
[cspcla 18:54:28 pid=341729 tid=140650056472256] outbound_pdu callback link_id=2 tx_id=1184 len=360
[cspcla 18:54:28 pid=341729 tid=140650056472256] ✓ TX SUCCESS tx_id=1184 dst_csp=2:10 bytes=360 (all ACKs received)
[cspcla 18:54:28 pid=341729 tid=140650056472256] outbound_pdu callback link_id=2 tx_id=1185 len=360
[cspcla 18:54:29 pid=341729 tid=140650056472256] ✓ TX SUCCESS tx_id=1185 dst_csp=2:10 bytes=360 (all ACKs received)
[cspcla 18:54:29 pid=341729 tid=140650056472256] outbound_pdu callback link_id=2 tx_id=1186 len=360
[cspcla 18:54:29 pid=341729 tid=140650056472256] ✓ TX SUCCESS tx_id=1186 dst_csp=2:10 bytes=360 (all ACKs received)
[cspcla 18:54:29 pid=341729 tid=140650056472256] outbound_pdu callback link_id=2 tx_id=1187 len=360
[cspcla 18:54:29 pid=341729 tid=140650056472256] ✓ TX SUCCESS tx_id=1187 dst_csp=2:10 bytes=360 (all ACKs received)
[cspcla 18:54:29 pid=341729 tid=140650056472256] outbound_pdu callback link_id=2 tx_id=1188 len=360
[cspcla 18:54:29 pid=341729 tid=140650056472256] ✓ TX SUCCESS tx_id=1188 dst_csp=2:10 bytes=360 (all ACKs received)
[cspcla 18:54:29 pid=341729 tid=140650056472256] outbound_pdu callback link_id=2 tx_id=1189 len=360
[cspcla 18:54:30 pid=341729 tid=140650056472256] ✓ TX SUCCESS tx_id=1189 dst_csp=2:10 bytes=360 (all ACKs received)
[cspcla 18:54:30 pid=341729 tid=140650056472256] outbound_pdu callback link_id=2 tx_id=1190 len=360
[cspcla 18:54:30 pid=341729 tid=140650056472256] ✓ TX SUCCESS tx_id=1190 dst_csp=2:10 bytes=360 (all ACKs received)
[cspcla 18:54:31 pid=341729 tid=140650056472256] outbound_pdu callback link_id=2 tx_id=1191 len=360
[cspcla 18:54:31 pid=341729 tid=140650056472256] ✓ TX SUCCESS tx_id=1191 dst_csp=2:10 bytes=360 (all ACKs received)
[cspcla 18:54:31 pid=341729 tid=140650056472256] outbound_pdu callback link_id=2 tx_id=1192 len=360
[cspcla 18:54:31 pid=341729 tid=140650056472256] ✓ TX SUCCESS tx_id=1192 dst_csp=2:10 bytes=360 (all ACKs received)
[cspcla 18:54:31 pid=341729 tid=140650056472256] outbound_pdu callback link_id=2 tx_id=1193 len=360
[cspcla 18:54:31 pid=341729 tid=140650056472256] ✓ TX SUCCESS tx_id=1193 dst_csp=2:10 bytes=360 (all ACKs received)
[cspcla 18:54:31 pid=341729 tid=140650056472256] outbound_pdu callback link_id=2 tx_id=1194 len=360
[cspcla 18:54:31 pid=341729 tid=140650056472256] ✓ TX SUCCESS tx_id=1194 dst_csp=2:10 bytes=360 (all ACKs received)
[cspcla 18:54:31 pid=341729 tid=140650056472256] outbound_pdu callback link_id=2 tx_id=1195 len=360
[cspcla 18:54:32 pid=341729 tid=140650056472256] ✓ TX SUCCESS tx_id=1195 dst_csp=2:10 bytes=360 (all ACKs received)
[cspcla 18:54:32 pid=341729 tid=140650056472256] outbound_pdu callback link_id=2 tx_id=1196 len=360
[cspcla 18:54:32 pid=341729 tid=140650056472256] ✓ TX SUCCESS tx_id=1196 dst_csp=2:10 bytes=360 (all ACKs received)
[cspcla 18:54:32 pid=341729 tid=140650056472256] outbound_pdu callback link_id=2 tx_id=1197 len=360
[cspcla 18:54:32 pid=341729 tid=140650056472256] ✓ TX SUCCESS tx_id=1197 dst_csp=2:10 bytes=360 (all ACKs received)
[cspcla 18:54:32 pid=341729 tid=140650056472256] outbound_pdu callback link_id=2 tx_id=1198 len=360
[cspcla 18:54:32 pid=341729 tid=140650056472256] ✓ TX SUCCESS tx_id=1198 dst_csp=2:10 bytes=360 (all ACKs received)
[cspcla 18:54:32 pid=341729 tid=140650056472256] outbound_pdu callback link_id=2 tx_id=1199 len=360
[cspcla 18:54:33 pid=341729 tid=140650056472256] ✓ TX SUCCESS tx_id=1199 dst_csp=2:10 bytes=360 (all ACKs received)
[cspcla 18:54:33 pid=341729 tid=140650056472256] outbound_pdu callback link_id=2 tx_id=1200 len=360
[cspcla 18:54:33 pid=341729 tid=140650056472256] ✓ TX SUCCESS tx_id=1200 dst_csp=2:10 bytes=360 (all ACKs received)
[cspcla 18:54:34 pid=341729 tid=140650056472256] outbound_pdu callback link_id=2 tx_id=1201 len=360
[cspcla 18:54:34 pid=341729 tid=140650056472256] ✓ TX SUCCESS tx_id=1201 dst_csp=2:10 bytes=360 (all ACKs received)
[cspcla 18:54:34 pid=341729 tid=140650056472256] outbound_pdu callback link_id=2 tx_id=1202 len=360
[cspcla 18:54:34 pid=341729 tid=140650056472256] ✓ TX SUCCESS tx_id=1202 dst_csp=2:10 bytes=360 (all ACKs received)
[cspcla 18:54:34 pid=341729 tid=140650056472256] outbound_pdu callback link_id=2 tx_id=1203 len=360
[cspcla 18:54:34 pid=341729 tid=140650056472256] ✓ TX SUCCESS tx_id=1203 dst_csp=2:10 bytes=360 (all ACKs received)
[cspcla 18:54:34 pid=341729 tid=140650056472256] outbound_pdu callback link_id=2 tx_id=1204 len=360
[cspcla 18:54:34 pid=341729 tid=140650056472256] ✓ TX SUCCESS tx_id=1204 dst_csp=2:10 bytes=360 (all ACKs received)
[cspcla 18:54:34 pid=341729 tid=140650056472256] outbound_pdu callback link_id=2 tx_id=1205 len=360
[cspcla 18:54:35 pid=341729 tid=140650056472256] ✓ TX SUCCESS tx_id=1205 dst_csp=2:10 bytes=360 (all ACKs received)
[cspcla 18:54:35 pid=341729 tid=140650056472256] outbound_pdu callback link_id=2 tx_id=1206 len=360
[cspcla 18:54:35 pid=341729 tid=140650056472256] ✓ TX SUCCESS tx_id=1206 dst_csp=2:10 bytes=360 (all ACKs received)
[cspcla 18:54:35 pid=341729 tid=140650056472256] outbound_pdu callback link_id=2 tx_id=1207 len=360
[cspcla 18:54:35 pid=341729 tid=140650056472256] ✓ TX SUCCESS tx_id=1207 dst_csp=2:10 bytes=360 (all ACKs received)
[cspcla 18:54:35 pid=341729 tid=140650056472256] outbound_pdu callback link_id=2 tx_id=1208 len=360
[cspcla 18:54:35 pid=341729 tid=140650056472256] ✓ TX SUCCESS tx_id=1208 dst_csp=2:10 bytes=360 (all ACKs received)
[cspcla 18:54:35 pid=341729 tid=140650056472256] outbound_pdu callback link_id=2 tx_id=1209 len=360
[cspcla 18:54:36 pid=341729 tid=140650056472256] ✓ TX SUCCESS tx_id=1209 dst_csp=2:10 bytes=360 (all ACKs received)
[cspcla 18:54:36 pid=341729 tid=140650056472256] outbound_pdu callback link_id=2 tx_id=1210 len=360
[cspcla 18:54:36 pid=341729 tid=140650056472256] ✓ TX SUCCESS tx_id=1210 dst_csp=2:10 bytes=360 (all ACKs received)
[cspcla 18:54:37 pid=341729 tid=140650056472256] outbound_pdu callback link_id=2 tx_id=1211 len=360
[cspcla 18:54:37 pid=341729 tid=140650056472256] ✓ TX SUCCESS tx_id=1211 dst_csp=2:10 bytes=360 (all ACKs received)
[cspcla 18:54:37 pid=341729 tid=140650056472256] outbound_pdu callback link_id=2 tx_id=1212 len=360
[cspcla 18:54:37 pid=341729 tid=140650056472256] ✓ TX SUCCESS tx_id=1212 dst_csp=2:10 bytes=360 (all ACKs received)
[cspcla 18:54:37 pid=341729 tid=140650056472256] outbound_pdu callback link_id=2 tx_id=1213 len=360
[cspcla 18:54:37 pid=341729 tid=140650056472256] ✓ TX SUCCESS tx_id=1213 dst_csp=2:10 bytes=360 (all ACKs received)
[cspcla 18:54:37 pid=341729 tid=140650056472256] outbound_pdu callback link_id=2 tx_id=1214 len=360
[cspcla 18:54:37 pid=341729 tid=140650056472256] ✓ TX SUCCESS tx_id=1214 dst_csp=2:10 bytes=360 (all ACKs received)
[cspcla 18:54:37 pid=341729 tid=140650056472256] outbound_pdu callback link_id=2 tx_id=1215 len=360
[cspcla 18:54:37 pid=341729 tid=140650056472256] ✓ TX SUCCESS tx_id=1215 dst_csp=2:10 bytes=360 (all ACKs received)
[cspcla 18:54:37 pid=341729 tid=140650056472256] outbound_pdu callback link_id=2 tx_id=1216 len=360
[cspcla 18:54:38 pid=341729 tid=140650056472256] ✓ TX SUCCESS tx_id=1216 dst_csp=2:10 bytes=360 (all ACKs received)
[cspcla 18:54:38 pid=341729 tid=140650056472256] outbound_pdu callback link_id=2 tx_id=1217 len=360
[cspcla 18:54:38 pid=341729 tid=140650056472256] ✓ TX SUCCESS tx_id=1217 dst_csp=2:10 bytes=360 (all ACKs received)
[cspcla 18:54:38 pid=341729 tid=140650056472256] outbound_pdu callback link_id=2 tx_id=1218 len=360
[cspcla 18:54:38 pid=341729 tid=140650056472256] ✓ TX SUCCESS tx_id=1218 dst_csp=2:10 bytes=360 (all ACKs received)
[cspcla 18:54:38 pid=341729 tid=140650056472256] outbound_pdu callback link_id=2 tx_id=1219 len=360
[cspcla 18:54:39 pid=341729 tid=140650056472256] ✓ TX SUCCESS tx_id=1219 dst_csp=2:10 bytes=360 (all ACKs received)
[cspcla 18:54:39 pid=341729 tid=140650056472256] outbound_pdu callback link_id=2 tx_id=1220 len=360
[cspcla 18:54:39 pid=341729 tid=140650056472256] ✓ TX SUCCESS tx_id=1220 dst_csp=2:10 bytes=360 (all ACKs received)
[cspcla 18:54:40 pid=341729 tid=140650056472256] outbound_pdu callback link_id=2 tx_id=1221 len=360
[cspcla 18:54:40 pid=341729 tid=140650056472256] ✓ TX SUCCESS tx_id=1221 dst_csp=2:10 bytes=360 (all ACKs received)
[cspcla 18:54:40 pid=341729 tid=140650056472256] outbound_pdu callback link_id=2 tx_id=1222 len=360
[cspcla 18:54:40 pid=341729 tid=140650056472256] ✓ TX SUCCESS tx_id=1222 dst_csp=2:10 bytes=360 (all ACKs received)
[cspcla 18:54:40 pid=341729 tid=140650056472256] outbound_pdu callback link_id=2 tx_id=1223 len=360
[cspcla 18:54:40 pid=341729 tid=140650056472256] ✓ TX SUCCESS tx_id=1223 dst_csp=2:10 bytes=360 (all ACKs received)
[cspcla 18:54:40 pid=341729 tid=140650056472256] outbound_pdu callback link_id=2 tx_id=1224 len=360
[cspcla 18:54:40 pid=341729 tid=140650056472256] ✓ TX SUCCESS tx_id=1224 dst_csp=2:10 bytes=360 (all ACKs received)
[cspcla 18:54:40 pid=341729 tid=140650056472256] outbound_pdu callback link_id=2 tx_id=1225 len=360
[cspcla 18:54:41 pid=341729 tid=140650056472256] ✓ TX SUCCESS tx_id=1225 dst_csp=2:10 bytes=360 (all ACKs received)
[cspcla 18:54:41 pid=341729 tid=140650056472256] outbound_pdu callback link_id=2 tx_id=1226 len=360
[cspcla 18:54:41 pid=341729 tid=140650056472256] ✓ TX SUCCESS tx_id=1226 dst_csp=2:10 bytes=360 (all ACKs received)
[cspcla 18:54:41 pid=341729 tid=140650056472256] outbound_pdu callback link_id=2 tx_id=1227 len=360
[cspcla 18:54:41 pid=341729 tid=140650056472256] ✓ TX SUCCESS tx_id=1227 dst_csp=2:10 bytes=360 (all ACKs received)
[cspcla 18:54:41 pid=341729 tid=140650056472256] outbound_pdu callback link_id=2 tx_id=1228 len=360
[cspcla 18:54:41 pid=341729 tid=140650056472256] ✓ TX SUCCESS tx_id=1228 dst_csp=2:10 bytes=360 (all ACKs received)
[cspcla 18:54:41 pid=341729 tid=140650056472256] outbound_pdu callback link_id=2 tx_id=1229 len=360
[cspcla 18:54:42 pid=341729 tid=140650056472256] ✓ TX SUCCESS tx_id=1229 dst_csp=2:10 bytes=360 (all ACKs received)
[cspcla 18:54:42 pid=341729 tid=140650056472256] outbound_pdu callback link_id=2 tx_id=1230 len=360
[cspcla 18:54:42 pid=341729 tid=140650056472256] ✓ TX SUCCESS tx_id=1230 dst_csp=2:10 bytes=360 (all ACKs received)
[cspcla 18:54:43 pid=341729 tid=140650056472256] outbound_pdu callback link_id=2 tx_id=1231 len=360
[cspcla 18:54:43 pid=341729 tid=140650056472256] ✓ TX SUCCESS tx_id=1231 dst_csp=2:10 bytes=360 (all ACKs received)
[cspcla 18:54:43 pid=341729 tid=140650056472256] outbound_pdu callback link_id=2 tx_id=1232 len=360
[cspcla 18:54:43 pid=341729 tid=140650056472256] ✓ TX SUCCESS tx_id=1232 dst_csp=2:10 bytes=360 (all ACKs received)
[cspcla 18:54:43 pid=341729 tid=140650056472256] outbound_pdu callback link_id=2 tx_id=1233 len=360
[cspcla 18:54:43 pid=341729 tid=140650056472256] ✓ TX SUCCESS tx_id=1233 dst_csp=2:10 bytes=360 (all ACKs received)
[cspcla 18:54:43 pid=341729 tid=140650056472256] outbound_pdu callback link_id=2 tx_id=1234 len=360
[cspcla 18:54:43 pid=341729 tid=140650056472256] ✓ TX SUCCESS tx_id=1234 dst_csp=2:10 bytes=360 (all ACKs received)
[cspcla 18:54:43 pid=341729 tid=140650056472256] outbound_pdu callback link_id=2 tx_id=1235 len=360
[cspcla 18:54:44 pid=341729 tid=140650056472256] ✓ TX SUCCESS tx_id=1235 dst_csp=2:10 bytes=360 (all ACKs received)
[cspcla 18:54:44 pid=341729 tid=140650056472256] outbound_pdu callback link_id=2 tx_id=1236 len=360
[cspcla 18:54:44 pid=341729 tid=140650056472256] ✓ TX SUCCESS tx_id=1236 dst_csp=2:10 bytes=360 (all ACKs received)
[cspcla 18:54:44 pid=341729 tid=140650056472256] outbound_pdu callback link_id=2 tx_id=1237 len=360
[cspcla 18:54:44 pid=341729 tid=140650056472256] ✓ TX SUCCESS tx_id=1237 dst_csp=2:10 bytes=360 (all ACKs received)
[cspcla 18:54:44 pid=341729 tid=140650056472256] outbound_pdu callback link_id=2 tx_id=1238 len=360
[cspcla 18:54:44 pid=341729 tid=140650056472256] ✓ TX SUCCESS tx_id=1238 dst_csp=2:10 bytes=360 (all ACKs received)
[cspcla 18:54:44 pid=341729 tid=140650056472256] outbound_pdu callback link_id=2 tx_id=1239 len=360
[cspcla 18:54:45 pid=341729 tid=140650056472256] ✓ TX SUCCESS tx_id=1239 dst_csp=2:10 bytes=360 (all ACKs received)
[cspcla 18:54:45 pid=341729 tid=140650056472256] outbound_pdu callback link_id=2 tx_id=1240 len=360
[cspcla 18:54:45 pid=341729 tid=140650056472256] ✓ TX SUCCESS tx_id=1240 dst_csp=2:10 bytes=360 (all ACKs received)
[cspcla 18:54:46 pid=341729 tid=140650056472256] outbound_pdu callback link_id=2 tx_id=1241 len=360
[cspcla 18:54:46 pid=341729 tid=140650056472256] ✓ TX SUCCESS tx_id=1241 dst_csp=2:10 bytes=360 (all ACKs received)
[cspcla 18:54:46 pid=341729 tid=140650056472256] outbound_pdu callback link_id=2 tx_id=1242 len=360
[cspcla 18:54:46 pid=341729 tid=140650056472256] ✓ TX SUCCESS tx_id=1242 dst_csp=2:10 bytes=360 (all ACKs received)
[cspcla 18:54:46 pid=341729 tid=140650056472256] outbound_pdu callback link_id=2 tx_id=1243 len=360
[cspcla 18:54:46 pid=341729 tid=140650056472256] ✓ TX SUCCESS tx_id=1243 dst_csp=2:10 bytes=360 (all ACKs received)
[cspcla 18:54:46 pid=341729 tid=140650056472256] outbound_pdu callback link_id=2 tx_id=1244 len=360
[cspcla 18:54:46 pid=341729 tid=140650056472256] ✓ TX SUCCESS tx_id=1244 dst_csp=2:10 bytes=360 (all ACKs received)
[cspcla 18:54:46 pid=341729 tid=140650056472256] outbound_pdu callback link_id=2 tx_id=1245 len=360
[cspcla 18:54:47 pid=341729 tid=140650056472256] ✓ TX SUCCESS tx_id=1245 dst_csp=2:10 bytes=360 (all ACKs received)
[cspcla 18:54:47 pid=341729 tid=140650056472256] outbound_pdu callback link_id=2 tx_id=1246 len=360
[cspcla 18:54:47 pid=341729 tid=140650056472256] ✓ TX SUCCESS tx_id=1246 dst_csp=2:10 bytes=360 (all ACKs received)
[cspcla 18:54:47 pid=341729 tid=140650056472256] outbound_pdu callback link_id=2 tx_id=1247 len=360
[cspcla 18:54:47 pid=341729 tid=140650056472256] ✓ TX SUCCESS tx_id=1247 dst_csp=2:10 bytes=360 (all ACKs received)
[cspcla 18:54:47 pid=341729 tid=140650056472256] outbound_pdu callback link_id=2 tx_id=1248 len=360
[cspcla 18:54:47 pid=341729 tid=140650056472256] ✓ TX SUCCESS tx_id=1248 dst_csp=2:10 bytes=360 (all ACKs received)
[cspcla 18:54:47 pid=341729 tid=140650056472256] outbound_pdu callback link_id=2 tx_id=1249 len=360
[cspcla 18:54:47 pid=341729 tid=140650056472256] ✓ TX SUCCESS tx_id=1249 dst_csp=2:10 bytes=360 (all ACKs received)
[cspcla 18:54:47 pid=341729 tid=140650056472256] outbound_pdu callback link_id=2 tx_id=1250 len=360
[cspcla 18:54:48 pid=341729 tid=140650056472256] ✓ TX SUCCESS tx_id=1250 dst_csp=2:10 bytes=360 (all ACKs received)
[cspcla 18:54:49 pid=341729 tid=140650056472256] outbound_pdu callback link_id=2 tx_id=1251 len=360
[cspcla 18:54:49 pid=341729 tid=140650056472256] ✓ TX SUCCESS tx_id=1251 dst_csp=2:10 bytes=360 (all ACKs received)
[cspcla 18:54:49 pid=341729 tid=140650056472256] outbound_pdu callback link_id=2 tx_id=1252 len=360
[cspcla 18:54:49 pid=341729 tid=140650056472256] ✓ TX SUCCESS tx_id=1252 dst_csp=2:10 bytes=360 (all ACKs received)
[cspcla 18:54:49 pid=341729 tid=140650056472256] outbound_pdu callback link_id=2 tx_id=1253 len=360
[cspcla 18:54:49 pid=341729 tid=140650056472256] ✓ TX SUCCESS tx_id=1253 dst_csp=2:10 bytes=360 (all ACKs received)
[cspcla 18:54:49 pid=341729 tid=140650056472256] outbound_pdu callback link_id=2 tx_id=1254 len=360
[cspcla 18:54:49 pid=341729 tid=140650056472256] ✓ TX SUCCESS tx_id=1254 dst_csp=2:10 bytes=360 (all ACKs received)
[cspcla 18:54:49 pid=341729 tid=140650056472256] outbound_pdu callback link_id=2 tx_id=1255 len=360
[cspcla 18:54:50 pid=341729 tid=140650056472256] ✓ TX SUCCESS tx_id=1255 dst_csp=2:10 bytes=360 (all ACKs received)
[cspcla 18:54:50 pid=341729 tid=140650056472256] outbound_pdu callback link_id=2 tx_id=1256 len=360
[cspcla 18:54:50 pid=341729 tid=140650056472256] ✓ TX SUCCESS tx_id=1256 dst_csp=2:10 bytes=360 (all ACKs received)
[cspcla 18:54:50 pid=341729 tid=140650056472256] outbound_pdu callback link_id=2 tx_id=1257 len=360
[cspcla 18:54:50 pid=341729 tid=140650056472256] ✓ TX SUCCESS tx_id=1257 dst_csp=2:10 bytes=360 (all ACKs received)
[cspcla 18:54:50 pid=341729 tid=140650056472256] outbound_pdu callback link_id=2 tx_id=1258 len=360
[cspcla 18:54:50 pid=341729 tid=140650056472256] ✓ TX SUCCESS tx_id=1258 dst_csp=2:10 bytes=360 (all ACKs received)
[cspcla 18:54:50 pid=341729 tid=140650056472256] outbound_pdu callback link_id=2 tx_id=1259 len=360
[cspcla 18:54:51 pid=341729 tid=140650056472256] ✓ TX SUCCESS tx_id=1259 dst_csp=2:10 bytes=360 (all ACKs received)
[cspcla 18:54:51 pid=341729 tid=140650056472256] outbound_pdu callback link_id=2 tx_id=1260 len=360
[cspcla 18:54:51 pid=341729 tid=140650056472256] ✓ TX SUCCESS tx_id=1260 dst_csp=2:10 bytes=360 (all ACKs received)
[cspcla 18:54:52 pid=341729 tid=140650056472256] outbound_pdu callback link_id=2 tx_id=1261 len=360
[cspcla 18:54:52 pid=341729 tid=140650056472256] ✓ TX SUCCESS tx_id=1261 dst_csp=2:10 bytes=360 (all ACKs received)
[cspcla 18:54:52 pid=341729 tid=140650056472256] outbound_pdu callback link_id=2 tx_id=1262 len=360
[cspcla 18:54:52 pid=341729 tid=140650056472256] ✓ TX SUCCESS tx_id=1262 dst_csp=2:10 bytes=360 (all ACKs received)
[cspcla 18:54:52 pid=341729 tid=140650056472256] outbound_pdu callback link_id=2 tx_id=1263 len=360
[cspcla 18:54:52 pid=341729 tid=140650056472256] ✓ TX SUCCESS tx_id=1263 dst_csp=2:10 bytes=360 (all ACKs received)
[cspcla 18:54:52 pid=341729 tid=140650056472256] outbound_pdu callback link_id=2 tx_id=1264 len=360
[cspcla 18:54:52 pid=341729 tid=140650056472256] ✓ TX SUCCESS tx_id=1264 dst_csp=2:10 bytes=360 (all ACKs received)
[cspcla 18:54:52 pid=341729 tid=140650056472256] outbound_pdu callback link_id=2 tx_id=1265 len=360
[cspcla 18:54:53 pid=341729 tid=140650056472256] ✓ TX SUCCESS tx_id=1265 dst_csp=2:10 bytes=360 (all ACKs received)
[cspcla 18:54:53 pid=341729 tid=140650056472256] outbound_pdu callback link_id=2 tx_id=1266 len=360
[cspcla 18:54:53 pid=341729 tid=140650056472256] ✓ TX SUCCESS tx_id=1266 dst_csp=2:10 bytes=360 (all ACKs received)
[cspcla 18:54:53 pid=341729 tid=140650056472256] outbound_pdu callback link_id=2 tx_id=1267 len=360
[cspcla 18:54:53 pid=341729 tid=140650056472256] ✓ TX SUCCESS tx_id=1267 dst_csp=2:10 bytes=360 (all ACKs received)
[cspcla 18:54:53 pid=341729 tid=140650056472256] outbound_pdu callback link_id=2 tx_id=1268 len=360
[cspcla 18:54:53 pid=341729 tid=140650056472256] ✓ TX SUCCESS tx_id=1268 dst_csp=2:10 bytes=360 (all ACKs received)
[cspcla 18:54:53 pid=341729 tid=140650056472256] outbound_pdu callback link_id=2 tx_id=1269 len=360
[cspcla 18:54:54 pid=341729 tid=140650056472256] ✓ TX SUCCESS tx_id=1269 dst_csp=2:10 bytes=360 (all ACKs received)
[cspcla 18:54:54 pid=341729 tid=140650056472256] outbound_pdu callback link_id=2 tx_id=1270 len=360
[cspcla 18:54:54 pid=341729 tid=140650056472256] ✓ TX SUCCESS tx_id=1270 dst_csp=2:10 bytes=360 (all ACKs received)
[cspcla 18:54:55 pid=341729 tid=140650056472256] outbound_pdu callback link_id=2 tx_id=1271 len=360
[cspcla 18:54:55 pid=341729 tid=140650056472256] ✓ TX SUCCESS tx_id=1271 dst_csp=2:10 bytes=360 (all ACKs received)
[cspcla 18:54:55 pid=341729 tid=140650056472256] outbound_pdu callback link_id=2 tx_id=1272 len=360
[cspcla 18:54:55 pid=341729 tid=140650056472256] ✓ TX SUCCESS tx_id=1272 dst_csp=2:10 bytes=360 (all ACKs received)
[cspcla 18:54:55 pid=341729 tid=140650056472256] outbound_pdu callback link_id=2 tx_id=1273 len=360
[cspcla 18:54:55 pid=341729 tid=140650056472256] ✓ TX SUCCESS tx_id=1273 dst_csp=2:10 bytes=360 (all ACKs received)
[cspcla 18:54:55 pid=341729 tid=140650056472256] outbound_pdu callback link_id=2 tx_id=1274 len=360
[cspcla 18:54:55 pid=341729 tid=140650056472256] ✓ TX SUCCESS tx_id=1274 dst_csp=2:10 bytes=360 (all ACKs received)
[cspcla 18:54:55 pid=341729 tid=140650056472256] outbound_pdu callback link_id=2 tx_id=1275 len=360
[cspcla 18:54:56 pid=341729 tid=140650056472256] ✓ TX SUCCESS tx_id=1275 dst_csp=2:10 bytes=360 (all ACKs received)
[cspcla 18:54:56 pid=341729 tid=140650056472256] outbound_pdu callback link_id=2 tx_id=1276 len=360
[cspcla 18:54:56 pid=341729 tid=140650056472256] ✓ TX SUCCESS tx_id=1276 dst_csp=2:10 bytes=360 (all ACKs received)
[cspcla 18:54:56 pid=341729 tid=140650056472256] outbound_pdu callback link_id=2 tx_id=1277 len=360
[cspcla 18:54:56 pid=341729 tid=140650056472256] ✓ TX SUCCESS tx_id=1277 dst_csp=2:10 bytes=360 (all ACKs received)
[cspcla 18:54:56 pid=341729 tid=140650056472256] outbound_pdu callback link_id=2 tx_id=1278 len=360
[cspcla 18:54:56 pid=341729 tid=140650056472256] ✓ TX SUCCESS tx_id=1278 dst_csp=2:10 bytes=360 (all ACKs received)
[cspcla 18:54:56 pid=341729 tid=140650056472256] outbound_pdu callback link_id=2 tx_id=1279 len=360
[cspcla 18:54:57 pid=341729 tid=140650056472256] ✓ TX SUCCESS tx_id=1279 dst_csp=2:10 bytes=360 (all ACKs received)
[cspcla 18:54:57 pid=341729 tid=140650056472256] outbound_pdu callback link_id=2 tx_id=1280 len=360
[cspcla 18:54:57 pid=341729 tid=140650056472256] ✓ TX SUCCESS tx_id=1280 dst_csp=2:10 bytes=360 (all ACKs received)
[cspcla 18:54:58 pid=341729 tid=140650056472256] outbound_pdu callback link_id=2 tx_id=1281 len=360
[cspcla 18:54:58 pid=341729 tid=140650056472256] ✓ TX SUCCESS tx_id=1281 dst_csp=2:10 bytes=360 (all ACKs received)
[cspcla 18:54:58 pid=341729 tid=140650056472256] outbound_pdu callback link_id=2 tx_id=1282 len=360
[cspcla 18:54:58 pid=341729 tid=140650056472256] ✓ TX SUCCESS tx_id=1282 dst_csp=2:10 bytes=360 (all ACKs received)
[cspcla 18:54:58 pid=341729 tid=140650056472256] outbound_pdu callback link_id=2 tx_id=1283 len=360
[cspcla 18:54:58 pid=341729 tid=140650056472256] ✓ TX SUCCESS tx_id=1283 dst_csp=2:10 bytes=360 (all ACKs received)
[cspcla 18:54:58 pid=341729 tid=140650056472256] outbound_pdu callback link_id=2 tx_id=1284 len=360
[cspcla 18:54:58 pid=341729 tid=140650056472256] ✓ TX SUCCESS tx_id=1284 dst_csp=2:10 bytes=360 (all ACKs received)
[cspcla 18:54:58 pid=341729 tid=140650056472256] outbound_pdu callback link_id=2 tx_id=1285 len=360
[cspcla 18:54:59 pid=341729 tid=140650056472256] ✓ TX SUCCESS tx_id=1285 dst_csp=2:10 bytes=360 (all ACKs received)
[cspcla 18:54:59 pid=341729 tid=140650056472256] outbound_pdu callback link_id=2 tx_id=1286 len=360
[cspcla 18:54:59 pid=341729 tid=140650056472256] ✓ TX SUCCESS tx_id=1286 dst_csp=2:10 bytes=360 (all ACKs received)
[cspcla 18:54:59 pid=341729 tid=140650056472256] outbound_pdu callback link_id=2 tx_id=1287 len=360
[cspcla 18:54:59 pid=341729 tid=140650056472256] ✓ TX SUCCESS tx_id=1287 dst_csp=2:10 bytes=360 (all ACKs received)
[cspcla 18:54:59 pid=341729 tid=140650056472256] outbound_pdu callback link_id=2 tx_id=1288 len=360
[cspcla 18:54:59 pid=341729 tid=140650056472256] ✓ TX SUCCESS tx_id=1288 dst_csp=2:10 bytes=360 (all ACKs received)
[cspcla 18:54:59 pid=341729 tid=140650056472256] outbound_pdu callback link_id=2 tx_id=1289 len=360
[cspcla 18:54:59 pid=341729 tid=140650056472256] ✓ TX SUCCESS tx_id=1289 dst_csp=2:10 bytes=360 (all ACKs received)
[cspcla 18:54:59 pid=341729 tid=140650056472256] outbound_pdu callback link_id=2 tx_id=1290 len=360
[cspcla 18:55:00 pid=341729 tid=140650056472256] ✓ TX SUCCESS tx_id=1290 dst_csp=2:10 bytes=360 (all ACKs received)
[cspcla 18:55:01 pid=341729 tid=140650056472256] outbound_pdu callback link_id=2 tx_id=1291 len=360
[cspcla 18:55:01 pid=341729 tid=140650056472256] ✓ TX SUCCESS tx_id=1291 dst_csp=2:10 bytes=360 (all ACKs received)
[cspcla 18:55:01 pid=341729 tid=140650056472256] outbound_pdu callback link_id=2 tx_id=1292 len=360
[cspcla 18:55:01 pid=341729 tid=140650056472256] ✓ TX SUCCESS tx_id=1292 dst_csp=2:10 bytes=360 (all ACKs received)
[cspcla 18:55:01 pid=341729 tid=140650056472256] outbound_pdu callback link_id=2 tx_id=1293 len=360
[cspcla 18:55:01 pid=341729 tid=140650056472256] ✓ TX SUCCESS tx_id=1293 dst_csp=2:10 bytes=360 (all ACKs received)
[cspcla 18:55:01 pid=341729 tid=140650056472256] outbound_pdu callback link_id=2 tx_id=1294 len=360
[cspcla 18:55:01 pid=341729 tid=140650056472256] ✓ TX SUCCESS tx_id=1294 dst_csp=2:10 bytes=360 (all ACKs received)
[cspcla 18:55:01 pid=341729 tid=140650056472256] outbound_pdu callback link_id=2 tx_id=1295 len=360
[cspcla 18:55:02 pid=341729 tid=140650056472256] ✓ TX SUCCESS tx_id=1295 dst_csp=2:10 bytes=360 (all ACKs received)
[cspcla 18:55:02 pid=341729 tid=140650056472256] outbound_pdu callback link_id=2 tx_id=1296 len=360
[cspcla 18:55:02 pid=341729 tid=140650056472256] ✓ TX SUCCESS tx_id=1296 dst_csp=2:10 bytes=360 (all ACKs received)
[cspcla 18:55:02 pid=341729 tid=140650056472256] outbound_pdu callback link_id=2 tx_id=1297 len=360
[cspcla 18:55:02 pid=341729 tid=140650056472256] ✓ TX SUCCESS tx_id=1297 dst_csp=2:10 bytes=360 (all ACKs received)
[cspcla 18:55:02 pid=341729 tid=140650056472256] outbound_pdu callback link_id=2 tx_id=1298 len=360
[cspcla 18:55:02 pid=341729 tid=140650056472256] ✓ TX SUCCESS tx_id=1298 dst_csp=2:10 bytes=360 (all ACKs received)
[cspcla 18:55:02 pid=341729 tid=140650056472256] outbound_pdu callback link_id=2 tx_id=1299 len=360
[cspcla 18:55:03 pid=341729 tid=140650056472256] ✓ TX SUCCESS tx_id=1299 dst_csp=2:10 bytes=360 (all ACKs received)
[cspcla 18:55:03 pid=341729 tid=140650056472256] outbound_pdu callback link_id=2 tx_id=1300 len=360
[cspcla 18:55:03 pid=341729 tid=140650056472256] ✓ TX SUCCESS tx_id=1300 dst_csp=2:10 bytes=360 (all ACKs received)
[cspcla 18:55:04 pid=341729 tid=140650056472256] outbound_pdu callback link_id=2 tx_id=1301 len=360
[cspcla 18:55:04 pid=341729 tid=140650056472256] ✓ TX SUCCESS tx_id=1301 dst_csp=2:10 bytes=360 (all ACKs received)
[cspcla 18:55:04 pid=341729 tid=140650056472256] outbound_pdu callback link_id=2 tx_id=1302 len=360
[cspcla 18:55:04 pid=341729 tid=140650056472256] ✓ TX SUCCESS tx_id=1302 dst_csp=2:10 bytes=360 (all ACKs received)
[cspcla 18:55:04 pid=341729 tid=140650056472256] outbound_pdu callback link_id=2 tx_id=1303 len=360
[cspcla 18:55:04 pid=341729 tid=140650056472256] ✓ TX SUCCESS tx_id=1303 dst_csp=2:10 bytes=360 (all ACKs received)
[cspcla 18:55:04 pid=341729 tid=140650056472256] outbound_pdu callback link_id=2 tx_id=1304 len=360
[cspcla 18:55:04 pid=341729 tid=140650056472256] ✓ TX SUCCESS tx_id=1304 dst_csp=2:10 bytes=360 (all ACKs received)
[cspcla 18:55:04 pid=341729 tid=140650056472256] outbound_pdu callback link_id=2 tx_id=1305 len=360
[cspcla 18:55:04 pid=341729 tid=140650056472256] ✓ TX SUCCESS tx_id=1305 dst_csp=2:10 bytes=360 (all ACKs received)
[cspcla 18:55:04 pid=341729 tid=140650056472256] outbound_pdu callback link_id=2 tx_id=1306 len=360
[cspcla 18:55:05 pid=341729 tid=140650056472256] ✓ TX SUCCESS tx_id=1306 dst_csp=2:10 bytes=360 (all ACKs received)
[cspcla 18:55:05 pid=341729 tid=140650056472256] outbound_pdu callback link_id=2 tx_id=1307 len=360
[cspcla 18:55:05 pid=341729 tid=140650056472256] ✓ TX SUCCESS tx_id=1307 dst_csp=2:10 bytes=360 (all ACKs received)
[cspcla 18:55:05 pid=341729 tid=140650056472256] outbound_pdu callback link_id=2 tx_id=1308 len=360
[cspcla 18:55:05 pid=341729 tid=140650056472256] ✓ TX SUCCESS tx_id=1308 dst_csp=2:10 bytes=360 (all ACKs received)
[cspcla 18:55:05 pid=341729 tid=140650056472256] outbound_pdu callback link_id=2 tx_id=1309 len=360
[cspcla 18:55:06 pid=341729 tid=140650056472256] ✓ TX SUCCESS tx_id=1309 dst_csp=2:10 bytes=360 (all ACKs received)
[cspcla 18:55:06 pid=341729 tid=140650056472256] outbound_pdu callback link_id=2 tx_id=1310 len=360
[cspcla 18:55:06 pid=341729 tid=140650056472256] ✓ TX SUCCESS tx_id=1310 dst_csp=2:10 bytes=360 (all ACKs received)
[cspcla 18:55:07 pid=341729 tid=140650056472256] outbound_pdu callback link_id=2 tx_id=1311 len=360
[cspcla 18:55:07 pid=341729 tid=140650056472256] ✓ TX SUCCESS tx_id=1311 dst_csp=2:10 bytes=360 (all ACKs received)
[cspcla 18:55:07 pid=341729 tid=140650056472256] outbound_pdu callback link_id=2 tx_id=1312 len=360
[cspcla 18:55:07 pid=341729 tid=140650056472256] ✓ TX SUCCESS tx_id=1312 dst_csp=2:10 bytes=360 (all ACKs received)
[cspcla 18:55:07 pid=341729 tid=140650056472256] outbound_pdu callback link_id=2 tx_id=1313 len=360
[cspcla 18:55:07 pid=341729 tid=140650056472256] ✓ TX SUCCESS tx_id=1313 dst_csp=2:10 bytes=360 (all ACKs received)
[cspcla 18:55:07 pid=341729 tid=140650056472256] outbound_pdu callback link_id=2 tx_id=1314 len=360
[cspcla 18:55:07 pid=341729 tid=140650056472256] ✓ TX SUCCESS tx_id=1314 dst_csp=2:10 bytes=360 (all ACKs received)
[cspcla 18:55:07 pid=341729 tid=140650056472256] outbound_pdu callback link_id=2 tx_id=1315 len=360
[cspcla 18:55:07 pid=341729 tid=140650056472256] ✓ TX SUCCESS tx_id=1315 dst_csp=2:10 bytes=360 (all ACKs received)
[cspcla 18:55:07 pid=341729 tid=140650056472256] outbound_pdu callback link_id=2 tx_id=1316 len=360
[cspcla 18:55:08 pid=341729 tid=140650056472256] ✓ TX SUCCESS tx_id=1316 dst_csp=2:10 bytes=360 (all ACKs received)
[cspcla 18:55:08 pid=341729 tid=140650056472256] outbound_pdu callback link_id=2 tx_id=1317 len=360
[cspcla 18:55:08 pid=341729 tid=140650056472256] ✓ TX SUCCESS tx_id=1317 dst_csp=2:10 bytes=360 (all ACKs received)
[cspcla 18:55:08 pid=341729 tid=140650056472256] outbound_pdu callback link_id=2 tx_id=1318 len=360
[cspcla 18:55:08 pid=341729 tid=140650056472256] ✓ TX SUCCESS tx_id=1318 dst_csp=2:10 bytes=360 (all ACKs received)
[cspcla 18:55:08 pid=341729 tid=140650056472256] outbound_pdu callback link_id=2 tx_id=1319 len=360
[cspcla 18:55:08 pid=341729 tid=140650056472256] ✓ TX SUCCESS tx_id=1319 dst_csp=2:10 bytes=360 (all ACKs received)
[cspcla 18:55:08 pid=341729 tid=140650056472256] outbound_pdu callback link_id=2 tx_id=1320 len=360
[cspcla 18:55:09 pid=341729 tid=140650056472256] ✓ TX SUCCESS tx_id=1320 dst_csp=2:10 bytes=360 (all ACKs received)
[cspcla 18:55:10 pid=341729 tid=140650056472256] outbound_pdu callback link_id=2 tx_id=1321 len=360
[cspcla 18:55:10 pid=341729 tid=140650056472256] ✓ TX SUCCESS tx_id=1321 dst_csp=2:10 bytes=360 (all ACKs received)
[cspcla 18:55:10 pid=341729 tid=140650056472256] outbound_pdu callback link_id=2 tx_id=1322 len=360
[cspcla 18:55:10 pid=341729 tid=140650056472256] ✓ TX SUCCESS tx_id=1322 dst_csp=2:10 bytes=360 (all ACKs received)
[cspcla 18:55:10 pid=341729 tid=140650056472256] outbound_pdu callback link_id=2 tx_id=1323 len=360
[cspcla 18:55:10 pid=341729 tid=140650056472256] ✓ TX SUCCESS tx_id=1323 dst_csp=2:10 bytes=360 (all ACKs received)
[cspcla 18:55:10 pid=341729 tid=140650056472256] outbound_pdu callback link_id=2 tx_id=1324 len=360
[cspcla 18:55:10 pid=341729 tid=140650056472256] ✓ TX SUCCESS tx_id=1324 dst_csp=2:10 bytes=360 (all ACKs received)
[cspcla 18:55:10 pid=341729 tid=140650056472256] outbound_pdu callback link_id=2 tx_id=1325 len=360
[cspcla 18:55:10 pid=341729 tid=140650056472256] ✓ TX SUCCESS tx_id=1325 dst_csp=2:10 bytes=360 (all ACKs received)
[cspcla 18:55:10 pid=341729 tid=140650056472256] outbound_pdu callback link_id=2 tx_id=1326 len=360
[cspcla 18:55:11 pid=341729 tid=140650056472256] ✓ TX SUCCESS tx_id=1326 dst_csp=2:10 bytes=360 (all ACKs received)
[cspcla 18:55:11 pid=341729 tid=140650056472256] outbound_pdu callback link_id=2 tx_id=1327 len=360
[cspcla 18:55:11 pid=341729 tid=140650056472256] ✓ TX SUCCESS tx_id=1327 dst_csp=2:10 bytes=360 (all ACKs received)
[cspcla 18:55:11 pid=341729 tid=140650056472256] outbound_pdu callback link_id=2 tx_id=1328 len=360
[cspcla 18:55:11 pid=341729 tid=140650056472256] ✓ TX SUCCESS tx_id=1328 dst_csp=2:10 bytes=360 (all ACKs received)
[cspcla 18:55:11 pid=341729 tid=140650056472256] outbound_pdu callback link_id=2 tx_id=1329 len=360
[cspcla 18:55:11 pid=341729 tid=140650056472256] ✓ TX SUCCESS tx_id=1329 dst_csp=2:10 bytes=360 (all ACKs received)
[cspcla 18:55:11 pid=341729 tid=140650056472256] outbound_pdu callback link_id=2 tx_id=1330 len=360
[cspcla 18:55:12 pid=341729 tid=140650056472256] ✓ TX SUCCESS tx_id=1330 dst_csp=2:10 bytes=360 (all ACKs received)
[cspcla 18:55:13 pid=341729 tid=140650056472256] outbound_pdu callback link_id=2 tx_id=1331 len=360
[cspcla 18:55:13 pid=341729 tid=140650056472256] ✓ TX SUCCESS tx_id=1331 dst_csp=2:10 bytes=360 (all ACKs received)
[cspcla 18:55:13 pid=341729 tid=140650056472256] outbound_pdu callback link_id=2 tx_id=1332 len=360
[cspcla 18:55:13 pid=341729 tid=140650056472256] ✓ TX SUCCESS tx_id=1332 dst_csp=2:10 bytes=360 (all ACKs received)
[cspcla 18:55:13 pid=341729 tid=140650056472256] outbound_pdu callback link_id=2 tx_id=1333 len=360
[cspcla 18:55:13 pid=341729 tid=140650056472256] ✓ TX SUCCESS tx_id=1333 dst_csp=2:10 bytes=360 (all ACKs received)
[cspcla 18:55:13 pid=341729 tid=140650056472256] outbound_pdu callback link_id=2 tx_id=1334 len=360
[cspcla 18:55:13 pid=341729 tid=140650056472256] ✓ TX SUCCESS tx_id=1334 dst_csp=2:10 bytes=360 (all ACKs received)
[cspcla 18:55:13 pid=341729 tid=140650056472256] outbound_pdu callback link_id=2 tx_id=1335 len=360
[cspcla 18:55:13 pid=341729 tid=140650056472256] ✓ TX SUCCESS tx_id=1335 dst_csp=2:10 bytes=360 (all ACKs received)
[cspcla 18:55:13 pid=341729 tid=140650056472256] outbound_pdu callback link_id=2 tx_id=1336 len=360
[cspcla 18:55:13 pid=341729 tid=140650056472256] ✓ TX SUCCESS tx_id=1336 dst_csp=2:10 bytes=360 (all ACKs received)
[cspcla 18:55:13 pid=341729 tid=140650056472256] outbound_pdu callback link_id=2 tx_id=1337 len=360
[cspcla 18:55:14 pid=341729 tid=140650056472256] ✓ TX SUCCESS tx_id=1337 dst_csp=2:10 bytes=360 (all ACKs received)
[cspcla 18:55:14 pid=341729 tid=140650056472256] outbound_pdu callback link_id=2 tx_id=1338 len=360
[cspcla 18:55:14 pid=341729 tid=140650056472256] ✓ TX SUCCESS tx_id=1338 dst_csp=2:10 bytes=360 (all ACKs received)
[cspcla 18:55:14 pid=341729 tid=140650056472256] outbound_pdu callback link_id=2 tx_id=1339 len=360
[cspcla 18:55:15 pid=341729 tid=140650056472256] ✓ TX SUCCESS tx_id=1339 dst_csp=2:10 bytes=360 (all ACKs received)
[cspcla 18:55:15 pid=341729 tid=140650056472256] outbound_pdu callback link_id=2 tx_id=1340 len=360
[cspcla 18:55:15 pid=341729 tid=140650056472256] ✓ TX SUCCESS tx_id=1340 dst_csp=2:10 bytes=360 (all ACKs received)
[cspcla 18:55:16 pid=341729 tid=140650056472256] outbound_pdu callback link_id=2 tx_id=1341 len=360
[cspcla 18:55:16 pid=341729 tid=140650056472256] ✓ TX SUCCESS tx_id=1341 dst_csp=2:10 bytes=360 (all ACKs received)
[cspcla 18:55:16 pid=341729 tid=140650056472256] outbound_pdu callback link_id=2 tx_id=1342 len=360
[cspcla 18:55:16 pid=341729 tid=140650056472256] ✓ TX SUCCESS tx_id=1342 dst_csp=2:10 bytes=360 (all ACKs received)
[cspcla 18:55:16 pid=341729 tid=140650056472256] outbound_pdu callback link_id=2 tx_id=1343 len=360
[cspcla 18:55:16 pid=341729 tid=140650056472256] ✓ TX SUCCESS tx_id=1343 dst_csp=2:10 bytes=360 (all ACKs received)
[cspcla 18:55:16 pid=341729 tid=140650056472256] outbound_pdu callback link_id=2 tx_id=1344 len=360
[cspcla 18:55:16 pid=341729 tid=140650056472256] ✓ TX SUCCESS tx_id=1344 dst_csp=2:10 bytes=360 (all ACKs received)
[cspcla 18:55:16 pid=341729 tid=140650056472256] outbound_pdu callback link_id=2 tx_id=1345 len=360
[cspcla 18:55:17 pid=341729 tid=140650056472256] ✓ TX SUCCESS tx_id=1345 dst_csp=2:10 bytes=360 (all ACKs received)
[cspcla 18:55:17 pid=341729 tid=140650056472256] outbound_pdu callback link_id=2 tx_id=1346 len=360
[cspcla 18:55:17 pid=341729 tid=140650056472256] ✓ TX SUCCESS tx_id=1346 dst_csp=2:10 bytes=360 (all ACKs received)
[cspcla 18:55:17 pid=341729 tid=140650056472256] outbound_pdu callback link_id=2 tx_id=1347 len=360
[cspcla 18:55:17 pid=341729 tid=140650056472256] ✓ TX SUCCESS tx_id=1347 dst_csp=2:10 bytes=360 (all ACKs received)
[cspcla 18:55:17 pid=341729 tid=140650056472256] outbound_pdu callback link_id=2 tx_id=1348 len=360
[cspcla 18:55:17 pid=341729 tid=140650056472256] ✓ TX SUCCESS tx_id=1348 dst_csp=2:10 bytes=360 (all ACKs received)
[cspcla 18:55:17 pid=341729 tid=140650056472256] outbound_pdu callback link_id=2 tx_id=1349 len=360
[cspcla 18:55:17 pid=341729 tid=140650056472256] ✓ TX SUCCESS tx_id=1349 dst_csp=2:10 bytes=360 (all ACKs received)
[cspcla 18:55:17 pid=341729 tid=140650056472256] outbound_pdu callback link_id=2 tx_id=1350 len=360
[cspcla 18:55:18 pid=341729 tid=140650056472256] ✓ TX SUCCESS tx_id=1350 dst_csp=2:10 bytes=360 (all ACKs received)
[cspcla 18:55:19 pid=341729 tid=140650056472256] outbound_pdu callback link_id=2 tx_id=1351 len=360
[cspcla 18:55:19 pid=341729 tid=140650056472256] ✓ TX SUCCESS tx_id=1351 dst_csp=2:10 bytes=360 (all ACKs received)
[cspcla 18:55:19 pid=341729 tid=140650056472256] outbound_pdu callback link_id=2 tx_id=1352 len=360
[cspcla 18:55:19 pid=341729 tid=140650056472256] ✓ TX SUCCESS tx_id=1352 dst_csp=2:10 bytes=360 (all ACKs received)
[cspcla 18:55:19 pid=341729 tid=140650056472256] outbound_pdu callback link_id=2 tx_id=1353 len=360
[cspcla 18:55:19 pid=341729 tid=140650056472256] ✓ TX SUCCESS tx_id=1353 dst_csp=2:10 bytes=360 (all ACKs received)
[cspcla 18:55:19 pid=341729 tid=140650056472256] outbound_pdu callback link_id=2 tx_id=1354 len=360
[cspcla 18:55:19 pid=341729 tid=140650056472256] ✓ TX SUCCESS tx_id=1354 dst_csp=2:10 bytes=360 (all ACKs received)
[cspcla 18:55:19 pid=341729 tid=140650056472256] outbound_pdu callback link_id=2 tx_id=1355 len=360
[cspcla 18:55:19 pid=341729 tid=140650056472256] ✓ TX SUCCESS tx_id=1355 dst_csp=2:10 bytes=360 (all ACKs received)
[cspcla 18:55:19 pid=341729 tid=140650056472256] outbound_pdu callback link_id=2 tx_id=1356 len=360
[cspcla 18:55:20 pid=341729 tid=140650056472256] ✓ TX SUCCESS tx_id=1356 dst_csp=2:10 bytes=360 (all ACKs received)
[cspcla 18:55:20 pid=341729 tid=140650056472256] outbound_pdu callback link_id=2 tx_id=1357 len=360
[cspcla 18:55:20 pid=341729 tid=140650056472256] ✓ TX SUCCESS tx_id=1357 dst_csp=2:10 bytes=360 (all ACKs received)
[cspcla 18:55:20 pid=341729 tid=140650056472256] outbound_pdu callback link_id=2 tx_id=1358 len=360
[cspcla 18:55:20 pid=341729 tid=140650056472256] ✓ TX SUCCESS tx_id=1358 dst_csp=2:10 bytes=360 (all ACKs received)
[cspcla 18:55:20 pid=341729 tid=140650056472256] outbound_pdu callback link_id=2 tx_id=1359 len=360
[cspcla 18:55:20 pid=341729 tid=140650056472256] ✓ TX SUCCESS tx_id=1359 dst_csp=2:10 bytes=360 (all ACKs received)
[cspcla 18:55:20 pid=341729 tid=140650056472256] outbound_pdu callback link_id=2 tx_id=1360 len=360
[cspcla 18:55:21 pid=341729 tid=140650056472256] ✓ TX SUCCESS tx_id=1360 dst_csp=2:10 bytes=360 (all ACKs received)
[cspcla 18:55:22 pid=341729 tid=140650056472256] outbound_pdu callback link_id=2 tx_id=1361 len=360
[cspcla 18:55:22 pid=341729 tid=140650056472256] ✓ TX SUCCESS tx_id=1361 dst_csp=2:10 bytes=360 (all ACKs received)
[cspcla 18:55:22 pid=341729 tid=140650056472256] outbound_pdu callback link_id=2 tx_id=1362 len=360
[cspcla 18:55:22 pid=341729 tid=140650056472256] ✓ TX SUCCESS tx_id=1362 dst_csp=2:10 bytes=360 (all ACKs received)
[cspcla 18:55:22 pid=341729 tid=140650056472256] outbound_pdu callback link_id=2 tx_id=1363 len=360
[cspcla 18:55:22 pid=341729 tid=140650056472256] ✓ TX SUCCESS tx_id=1363 dst_csp=2:10 bytes=360 (all ACKs received)
[cspcla 18:55:22 pid=341729 tid=140650056472256] outbound_pdu callback link_id=2 tx_id=1364 len=360
[cspcla 18:55:22 pid=341729 tid=140650056472256] ✓ TX SUCCESS tx_id=1364 dst_csp=2:10 bytes=360 (all ACKs received)
[cspcla 18:55:22 pid=341729 tid=140650056472256] outbound_pdu callback link_id=2 tx_id=1365 len=360
[cspcla 18:55:22 pid=341729 tid=140650056472256] ✓ TX SUCCESS tx_id=1365 dst_csp=2:10 bytes=360 (all ACKs received)
[cspcla 18:55:22 pid=341729 tid=140650056472256] outbound_pdu callback link_id=2 tx_id=1366 len=360
[cspcla 18:55:22 pid=341729 tid=140650056472256] ✓ TX SUCCESS tx_id=1366 dst_csp=2:10 bytes=360 (all ACKs received)
[cspcla 18:55:22 pid=341729 tid=140650056472256] outbound_pdu callback link_id=2 tx_id=1367 len=360
[cspcla 18:55:23 pid=341729 tid=140650056472256] ✓ TX SUCCESS tx_id=1367 dst_csp=2:10 bytes=360 (all ACKs received)
[cspcla 18:55:23 pid=341729 tid=140650056472256] outbound_pdu callback link_id=2 tx_id=1368 len=360
[cspcla 18:55:23 pid=341729 tid=140650056472256] ✓ TX SUCCESS tx_id=1368 dst_csp=2:10 bytes=360 (all ACKs received)
[cspcla 18:55:23 pid=341729 tid=140650056472256] outbound_pdu callback link_id=2 tx_id=1369 len=360
[cspcla 18:55:23 pid=341729 tid=140650056472256] ✓ TX SUCCESS tx_id=1369 dst_csp=2:10 bytes=360 (all ACKs received)
[cspcla 18:55:23 pid=341729 tid=140650056472256] outbound_pdu callback link_id=2 tx_id=1370 len=360
[cspcla 18:55:24 pid=341729 tid=140650056472256] ✓ TX SUCCESS tx_id=1370 dst_csp=2:10 bytes=360 (all ACKs received)
[cspcla 18:55:25 pid=341729 tid=140650056472256] outbound_pdu callback link_id=2 tx_id=1371 len=360
[cspcla 18:55:25 pid=341729 tid=140650056472256] ✓ TX SUCCESS tx_id=1371 dst_csp=2:10 bytes=360 (all ACKs received)
[cspcla 18:55:25 pid=341729 tid=140650056472256] outbound_pdu callback link_id=2 tx_id=1372 len=360
[cspcla 18:55:25 pid=341729 tid=140650056472256] ✓ TX SUCCESS tx_id=1372 dst_csp=2:10 bytes=360 (all ACKs received)
[cspcla 18:55:25 pid=341729 tid=140650056472256] outbound_pdu callback link_id=2 tx_id=1373 len=360
[cspcla 18:55:25 pid=341729 tid=140650056472256] ✓ TX SUCCESS tx_id=1373 dst_csp=2:10 bytes=360 (all ACKs received)
[cspcla 18:55:25 pid=341729 tid=140650056472256] outbound_pdu callback link_id=2 tx_id=1374 len=360
[cspcla 18:55:25 pid=341729 tid=140650056472256] ✓ TX SUCCESS tx_id=1374 dst_csp=2:10 bytes=360 (all ACKs received)
[cspcla 18:55:25 pid=341729 tid=140650056472256] outbound_pdu callback link_id=2 tx_id=1375 len=360
[cspcla 18:55:25 pid=341729 tid=140650056472256] ✓ TX SUCCESS tx_id=1375 dst_csp=2:10 bytes=360 (all ACKs received)
[cspcla 18:55:25 pid=341729 tid=140650056472256] outbound_pdu callback link_id=2 tx_id=1376 len=360
[cspcla 18:55:25 pid=341729 tid=140650056472256] ✓ TX SUCCESS tx_id=1376 dst_csp=2:10 bytes=360 (all ACKs received)
[cspcla 18:55:25 pid=341729 tid=140650056472256] outbound_pdu callback link_id=2 tx_id=1377 len=360
[cspcla 18:55:26 pid=341729 tid=140650056472256] ✓ TX SUCCESS tx_id=1377 dst_csp=2:10 bytes=360 (all ACKs received)
[cspcla 18:55:26 pid=341729 tid=140650056472256] outbound_pdu callback link_id=2 tx_id=1378 len=360
[cspcla 18:55:26 pid=341729 tid=140650056472256] ✓ TX SUCCESS tx_id=1378 dst_csp=2:10 bytes=360 (all ACKs received)
[cspcla 18:55:26 pid=341729 tid=140650056472256] outbound_pdu callback link_id=2 tx_id=1379 len=360
[cspcla 18:55:26 pid=341729 tid=140650056472256] ✓ TX SUCCESS tx_id=1379 dst_csp=2:10 bytes=360 (all ACKs received)
[cspcla 18:55:26 pid=341729 tid=140650056472256] outbound_pdu callback link_id=2 tx_id=1380 len=360
[cspcla 18:55:27 pid=341729 tid=140650056472256] ✓ TX SUCCESS tx_id=1380 dst_csp=2:10 bytes=360 (all ACKs received)
[cspcla 18:55:28 pid=341729 tid=140650056472256] outbound_pdu callback link_id=2 tx_id=1381 len=360
[cspcla 18:55:28 pid=341729 tid=140650056472256] ✓ TX SUCCESS tx_id=1381 dst_csp=2:10 bytes=360 (all ACKs received)
[cspcla 18:55:28 pid=341729 tid=140650056472256] outbound_pdu callback link_id=2 tx_id=1382 len=360
[cspcla 18:55:28 pid=341729 tid=140650056472256] ✓ TX SUCCESS tx_id=1382 dst_csp=2:10 bytes=360 (all ACKs received)
[cspcla 18:55:28 pid=341729 tid=140650056472256] outbound_pdu callback link_id=2 tx_id=1383 len=360
[cspcla 18:55:28 pid=341729 tid=140650056472256] ✓ TX SUCCESS tx_id=1383 dst_csp=2:10 bytes=360 (all ACKs received)
[cspcla 18:55:28 pid=341729 tid=140650056472256] outbound_pdu callback link_id=2 tx_id=1384 len=360
[cspcla 18:55:28 pid=341729 tid=140650056472256] ✓ TX SUCCESS tx_id=1384 dst_csp=2:10 bytes=360 (all ACKs received)
[cspcla 18:55:28 pid=341729 tid=140650056472256] outbound_pdu callback link_id=2 tx_id=1385 len=360
[cspcla 18:55:28 pid=341729 tid=140650056472256] ✓ TX SUCCESS tx_id=1385 dst_csp=2:10 bytes=360 (all ACKs received)
[cspcla 18:55:28 pid=341729 tid=140650056472256] outbound_pdu callback link_id=2 tx_id=1386 len=360
[cspcla 18:55:28 pid=341729 tid=140650056472256] ✓ TX SUCCESS tx_id=1386 dst_csp=2:10 bytes=360 (all ACKs received)
[cspcla 18:55:28 pid=341729 tid=140650056472256] outbound_pdu callback link_id=2 tx_id=1387 len=360
[cspcla 18:55:29 pid=341729 tid=140650056472256] ✓ TX SUCCESS tx_id=1387 dst_csp=2:10 bytes=360 (all ACKs received)
[cspcla 18:55:29 pid=341729 tid=140650056472256] outbound_pdu callback link_id=2 tx_id=1388 len=360
[cspcla 18:55:29 pid=341729 tid=140650056472256] ✓ TX SUCCESS tx_id=1388 dst_csp=2:10 bytes=360 (all ACKs received)
[cspcla 18:55:29 pid=341729 tid=140650056472256] outbound_pdu callback link_id=2 tx_id=1389 len=360
[cspcla 18:55:29 pid=341729 tid=140650056472256] ✓ TX SUCCESS tx_id=1389 dst_csp=2:10 bytes=360 (all ACKs received)
[cspcla 18:55:29 pid=341729 tid=140650056472256] outbound_pdu callback link_id=2 tx_id=1390 len=360
[cspcla 18:55:30 pid=341729 tid=140650056472256] ✓ TX SUCCESS tx_id=1390 dst_csp=2:10 bytes=360 (all ACKs received)
[cspcla 18:55:31 pid=341729 tid=140650056472256] outbound_pdu callback link_id=2 tx_id=1391 len=360
[cspcla 18:55:31 pid=341729 tid=140650056472256] ✓ TX SUCCESS tx_id=1391 dst_csp=2:10 bytes=360 (all ACKs received)
[cspcla 18:55:31 pid=341729 tid=140650056472256] outbound_pdu callback link_id=2 tx_id=1392 len=360
[cspcla 18:55:31 pid=341729 tid=140650056472256] ✓ TX SUCCESS tx_id=1392 dst_csp=2:10 bytes=360 (all ACKs received)
[cspcla 18:55:31 pid=341729 tid=140650056472256] outbound_pdu callback link_id=2 tx_id=1393 len=360
[cspcla 18:55:31 pid=341729 tid=140650056472256] ✓ TX SUCCESS tx_id=1393 dst_csp=2:10 bytes=360 (all ACKs received)
[cspcla 18:55:31 pid=341729 tid=140650056472256] outbound_pdu callback link_id=2 tx_id=1394 len=360
[cspcla 18:55:31 pid=341729 tid=140650056472256] ✓ TX SUCCESS tx_id=1394 dst_csp=2:10 bytes=360 (all ACKs received)
[cspcla 18:55:31 pid=341729 tid=140650056472256] outbound_pdu callback link_id=2 tx_id=1395 len=360
[cspcla 18:55:31 pid=341729 tid=140650056472256] ✓ TX SUCCESS tx_id=1395 dst_csp=2:10 bytes=360 (all ACKs received)
[cspcla 18:55:31 pid=341729 tid=140650056472256] outbound_pdu callback link_id=2 tx_id=1396 len=360
[cspcla 18:55:32 pid=341729 tid=140650056472256] ✓ TX SUCCESS tx_id=1396 dst_csp=2:10 bytes=360 (all ACKs received)
[cspcla 18:55:32 pid=341729 tid=140650056472256] outbound_pdu callback link_id=2 tx_id=1397 len=360
[cspcla 18:55:32 pid=341729 tid=140650056472256] ✓ TX SUCCESS tx_id=1397 dst_csp=2:10 bytes=360 (all ACKs received)
[cspcla 18:55:32 pid=341729 tid=140650056472256] outbound_pdu callback link_id=2 tx_id=1398 len=360
[cspcla 18:55:32 pid=341729 tid=140650056472256] ✓ TX SUCCESS tx_id=1398 dst_csp=2:10 bytes=360 (all ACKs received)
[cspcla 18:55:32 pid=341729 tid=140650056472256] outbound_pdu callback link_id=2 tx_id=1399 len=360
[cspcla 18:55:32 pid=341729 tid=140650056472256] ✓ TX SUCCESS tx_id=1399 dst_csp=2:10 bytes=360 (all ACKs received)
[cspcla 18:55:32 pid=341729 tid=140650056472256] outbound_pdu callback link_id=2 tx_id=1400 len=360
[cspcla 18:55:33 pid=341729 tid=140650056472256] ✓ TX SUCCESS tx_id=1400 dst_csp=2:10 bytes=360 (all ACKs received)
[cspcla 18:55:33 pid=341729 tid=140650056472256] outbound_pdu callback link_id=2 tx_id=1401 len=360
[cspcla 18:55:33 pid=341729 tid=140650056472256] ✓ TX SUCCESS tx_id=1401 dst_csp=2:10 bytes=360 (all ACKs received)
[cspcla 18:55:33 pid=341729 tid=140650056472256] outbound_pdu callback link_id=2 tx_id=1402 len=360
[cspcla 18:55:33 pid=341729 tid=140650056472256] ✓ TX SUCCESS tx_id=1402 dst_csp=2:10 bytes=360 (all ACKs received)
[cspcla 18:55:34 pid=341729 tid=140650056472256] outbound_pdu callback link_id=2 tx_id=1403 len=360
[cspcla 18:55:34 pid=341729 tid=140650056472256] ✓ TX SUCCESS tx_id=1403 dst_csp=2:10 bytes=360 (all ACKs received)
[cspcla 18:55:34 pid=341729 tid=140650056472256] outbound_pdu callback link_id=2 tx_id=1404 len=360
[cspcla 18:55:34 pid=341729 tid=140650056472256] ✓ TX SUCCESS tx_id=1404 dst_csp=2:10 bytes=360 (all ACKs received)
[cspcla 18:55:34 pid=341729 tid=140650056472256] outbound_pdu callback link_id=2 tx_id=1405 len=360
[cspcla 18:55:34 pid=341729 tid=140650056472256] ✓ TX SUCCESS tx_id=1405 dst_csp=2:10 bytes=360 (all ACKs received)
[cspcla 18:55:34 pid=341729 tid=140650056472256] outbound_pdu callback link_id=2 tx_id=1406 len=360
[cspcla 18:55:34 pid=341729 tid=140650056472256] ✓ TX SUCCESS tx_id=1406 dst_csp=2:10 bytes=360 (all ACKs received)
[cspcla 18:55:34 pid=341729 tid=140650056472256] outbound_pdu callback link_id=2 tx_id=1407 len=360
[cspcla 18:55:35 pid=341729 tid=140650056472256] ✓ TX SUCCESS tx_id=1407 dst_csp=2:10 bytes=360 (all ACKs received)
[cspcla 18:55:35 pid=341729 tid=140650056472256] outbound_pdu callback link_id=2 tx_id=1408 len=360
[cspcla 18:55:35 pid=341729 tid=140650056472256] ✓ TX SUCCESS tx_id=1408 dst_csp=2:10 bytes=360 (all ACKs received)
[cspcla 18:55:35 pid=341729 tid=140650056472256] outbound_pdu callback link_id=2 tx_id=1409 len=360
[cspcla 18:55:35 pid=341729 tid=140650056472256] ✓ TX SUCCESS tx_id=1409 dst_csp=2:10 bytes=360 (all ACKs received)
[cspcla 18:55:35 pid=341729 tid=140650056472256] outbound_pdu callback link_id=2 tx_id=1410 len=360
[cspcla 18:55:36 pid=341729 tid=140650056472256] ✓ TX SUCCESS tx_id=1410 dst_csp=2:10 bytes=360 (all ACKs received)
[cspcla 18:55:36 pid=341729 tid=140650056472256] outbound_pdu callback link_id=2 tx_id=1411 len=360
[cspcla 18:55:36 pid=341729 tid=140650056472256] ✓ TX SUCCESS tx_id=1411 dst_csp=2:10 bytes=360 (all ACKs received)
[cspcla 18:55:36 pid=341729 tid=140650056472256] outbound_pdu callback link_id=2 tx_id=1412 len=360
[cspcla 18:55:36 pid=341729 tid=140650056472256] ✓ TX SUCCESS tx_id=1412 dst_csp=2:10 bytes=360 (all ACKs received)
[cspcla 18:55:37 pid=341729 tid=140650056472256] outbound_pdu callback link_id=2 tx_id=1413 len=360
[cspcla 18:55:37 pid=341729 tid=140650056472256] ✓ TX SUCCESS tx_id=1413 dst_csp=2:10 bytes=360 (all ACKs received)
[cspcla 18:55:37 pid=341729 tid=140650056472256] outbound_pdu callback link_id=2 tx_id=1414 len=360
[cspcla 18:55:37 pid=341729 tid=140650056472256] ✓ TX SUCCESS tx_id=1414 dst_csp=2:10 bytes=360 (all ACKs received)
[cspcla 18:55:37 pid=341729 tid=140650056472256] outbound_pdu callback link_id=2 tx_id=1415 len=360
[cspcla 18:55:37 pid=341729 tid=140650056472256] ✓ TX SUCCESS tx_id=1415 dst_csp=2:10 bytes=360 (all ACKs received)
[cspcla 18:55:37 pid=341729 tid=140650056472256] outbound_pdu callback link_id=2 tx_id=1416 len=360
[cspcla 18:55:37 pid=341729 tid=140650056472256] ✓ TX SUCCESS tx_id=1416 dst_csp=2:10 bytes=360 (all ACKs received)
[cspcla 18:55:37 pid=341729 tid=140650056472256] outbound_pdu callback link_id=2 tx_id=1417 len=360
[cspcla 18:55:38 pid=341729 tid=140650056472256] ✓ TX SUCCESS tx_id=1417 dst_csp=2:10 bytes=360 (all ACKs received)
[cspcla 18:55:38 pid=341729 tid=140650056472256] outbound_pdu callback link_id=2 tx_id=1418 len=360
[cspcla 18:55:38 pid=341729 tid=140650056472256] ✓ TX SUCCESS tx_id=1418 dst_csp=2:10 bytes=360 (all ACKs received)
[cspcla 18:55:38 pid=341729 tid=140650056472256] outbound_pdu callback link_id=2 tx_id=1419 len=360
[cspcla 18:55:39 pid=341729 tid=140650056472256] ✓ TX SUCCESS tx_id=1419 dst_csp=2:10 bytes=360 (all ACKs received)
[cspcla 18:55:39 pid=341729 tid=140650056472256] outbound_pdu callback link_id=2 tx_id=1420 len=360
[cspcla 18:55:39 pid=341729 tid=140650056472256] ✓ TX SUCCESS tx_id=1420 dst_csp=2:10 bytes=360 (all ACKs received)
[cspcla 18:55:40 pid=341729 tid=140650056472256] outbound_pdu callback link_id=2 tx_id=1421 len=360
[cspcla 18:55:40 pid=341729 tid=140650056472256] ✓ TX SUCCESS tx_id=1421 dst_csp=2:10 bytes=360 (all ACKs received)
[cspcla 18:55:40 pid=341729 tid=140650056472256] outbound_pdu callback link_id=2 tx_id=1422 len=360
[cspcla 18:55:40 pid=341729 tid=140650056472256] ✓ TX SUCCESS tx_id=1422 dst_csp=2:10 bytes=360 (all ACKs received)
[cspcla 18:55:40 pid=341729 tid=140650056472256] outbound_pdu callback link_id=2 tx_id=1423 len=360
[cspcla 18:55:40 pid=341729 tid=140650056472256] ✓ TX SUCCESS tx_id=1423 dst_csp=2:10 bytes=360 (all ACKs received)
[cspcla 18:55:40 pid=341729 tid=140650056472256] outbound_pdu callback link_id=2 tx_id=1424 len=360
[cspcla 18:55:40 pid=341729 tid=140650056472256] ✓ TX SUCCESS tx_id=1424 dst_csp=2:10 bytes=360 (all ACKs received)
[cspcla 18:55:40 pid=341729 tid=140650056472256] outbound_pdu callback link_id=2 tx_id=1425 len=360
[cspcla 18:55:40 pid=341729 tid=140650056472256] ✓ TX SUCCESS tx_id=1425 dst_csp=2:10 bytes=360 (all ACKs received)
[cspcla 18:55:40 pid=341729 tid=140650056472256] outbound_pdu callback link_id=2 tx_id=1426 len=360
[cspcla 18:55:40 pid=341729 tid=140650056472256] ✓ TX SUCCESS tx_id=1426 dst_csp=2:10 bytes=360 (all ACKs received)
[cspcla 18:55:40 pid=341729 tid=140650056472256] outbound_pdu callback link_id=2 tx_id=1427 len=360
[cspcla 18:55:41 pid=341729 tid=140650056472256] ✓ TX SUCCESS tx_id=1427 dst_csp=2:10 bytes=360 (all ACKs received)
[cspcla 18:55:41 pid=341729 tid=140650056472256] outbound_pdu callback link_id=2 tx_id=1428 len=360
[cspcla 18:55:41 pid=341729 tid=140650056472256] ✓ TX SUCCESS tx_id=1428 dst_csp=2:10 bytes=360 (all ACKs received)
[cspcla 18:55:41 pid=341729 tid=140650056472256] outbound_pdu callback link_id=2 tx_id=1429 len=360
[cspcla 18:55:41 pid=341729 tid=140650056472256] ✓ TX SUCCESS tx_id=1429 dst_csp=2:10 bytes=360 (all ACKs received)
[cspcla 18:55:41 pid=341729 tid=140650056472256] outbound_pdu callback link_id=2 tx_id=1430 len=360
[cspcla 18:55:41 pid=341729 tid=140650056472256] ✓ TX SUCCESS tx_id=1430 dst_csp=2:10 bytes=360 (all ACKs received)
[cspcla 18:55:42 pid=341729 tid=140650056472256] outbound_pdu callback link_id=2 tx_id=1431 len=360
[cspcla 18:55:42 pid=341729 tid=140650056472256] ✓ TX SUCCESS tx_id=1431 dst_csp=2:10 bytes=360 (all ACKs received)
[cspcla 18:55:42 pid=341729 tid=140650056472256] outbound_pdu callback link_id=2 tx_id=1432 len=360
[cspcla 18:55:42 pid=341729 tid=140650056472256] ✓ TX SUCCESS tx_id=1432 dst_csp=2:10 bytes=360 (all ACKs received)
[cspcla 18:55:43 pid=341729 tid=140650056472256] outbound_pdu callback link_id=2 tx_id=1433 len=360
[cspcla 18:55:43 pid=341729 tid=140650056472256] ✓ TX SUCCESS tx_id=1433 dst_csp=2:10 bytes=360 (all ACKs received)
[cspcla 18:55:43 pid=341729 tid=140650056472256] outbound_pdu callback link_id=2 tx_id=1434 len=360
[cspcla 18:55:43 pid=341729 tid=140650056472256] ✓ TX SUCCESS tx_id=1434 dst_csp=2:10 bytes=360 (all ACKs received)
[cspcla 18:55:43 pid=341729 tid=140650056472256] outbound_pdu callback link_id=2 tx_id=1435 len=360
[cspcla 18:55:43 pid=341729 tid=140650056472256] ✓ TX SUCCESS tx_id=1435 dst_csp=2:10 bytes=360 (all ACKs received)
[cspcla 18:55:43 pid=341729 tid=140650056472256] outbound_pdu callback link_id=2 tx_id=1436 len=360
[cspcla 18:55:43 pid=341729 tid=140650056472256] ✓ TX SUCCESS tx_id=1436 dst_csp=2:10 bytes=360 (all ACKs received)
[cspcla 18:55:43 pid=341729 tid=140650056472256] outbound_pdu callback link_id=2 tx_id=1437 len=360
[cspcla 18:55:44 pid=341729 tid=140650056472256] ✓ TX SUCCESS tx_id=1437 dst_csp=2:10 bytes=360 (all ACKs received)
[cspcla 18:55:44 pid=341729 tid=140650056472256] outbound_pdu callback link_id=2 tx_id=1438 len=360
[cspcla 18:55:44 pid=341729 tid=140650056472256] ✓ TX SUCCESS tx_id=1438 dst_csp=2:10 bytes=360 (all ACKs received)
[cspcla 18:55:44 pid=341729 tid=140650056472256] outbound_pdu callback link_id=2 tx_id=1439 len=360
[cspcla 18:55:44 pid=341729 tid=140650056472256] ✓ TX SUCCESS tx_id=1439 dst_csp=2:10 bytes=360 (all ACKs received)
[cspcla 18:55:44 pid=341729 tid=140650056472256] outbound_pdu callback link_id=2 tx_id=1440 len=360
[cspcla 18:55:45 pid=341729 tid=140650056472256] ✓ TX SUCCESS tx_id=1440 dst_csp=2:10 bytes=360 (all ACKs received)
[cspcla 18:55:45 pid=341729 tid=140650056472256] outbound_pdu callback link_id=2 tx_id=1441 len=360
[cspcla 18:55:45 pid=341729 tid=140650056472256] ✓ TX SUCCESS tx_id=1441 dst_csp=2:10 bytes=360 (all ACKs received)
[cspcla 18:55:45 pid=341729 tid=140650056472256] outbound_pdu callback link_id=2 tx_id=1442 len=360
[cspcla 18:55:45 pid=341729 tid=140650056472256] ✓ TX SUCCESS tx_id=1442 dst_csp=2:10 bytes=360 (all ACKs received)
[cspcla 18:55:46 pid=341729 tid=140650056472256] outbound_pdu callback link_id=2 tx_id=1443 len=360
[cspcla 18:55:46 pid=341729 tid=140650056472256] ✓ TX SUCCESS tx_id=1443 dst_csp=2:10 bytes=360 (all ACKs received)
[cspcla 18:55:46 pid=341729 tid=140650056472256] outbound_pdu callback link_id=2 tx_id=1444 len=360
[cspcla 18:55:46 pid=341729 tid=140650056472256] ✓ TX SUCCESS tx_id=1444 dst_csp=2:10 bytes=360 (all ACKs received)
[cspcla 18:55:46 pid=341729 tid=140650056472256] outbound_pdu callback link_id=2 tx_id=1445 len=360
[cspcla 18:55:46 pid=341729 tid=140650056472256] ✓ TX SUCCESS tx_id=1445 dst_csp=2:10 bytes=360 (all ACKs received)
[cspcla 18:55:46 pid=341729 tid=140650056472256] outbound_pdu callback link_id=2 tx_id=1446 len=360
[cspcla 18:55:46 pid=341729 tid=140650056472256] ✓ TX SUCCESS tx_id=1446 dst_csp=2:10 bytes=360 (all ACKs received)
[cspcla 18:55:46 pid=341729 tid=140650056472256] outbound_pdu callback link_id=2 tx_id=1447 len=360
[cspcla 18:55:47 pid=341729 tid=140650056472256] ✓ TX SUCCESS tx_id=1447 dst_csp=2:10 bytes=360 (all ACKs received)
[cspcla 18:55:47 pid=341729 tid=140650056472256] outbound_pdu callback link_id=2 tx_id=1448 len=360
[cspcla 18:55:47 pid=341729 tid=140650056472256] ✓ TX SUCCESS tx_id=1448 dst_csp=2:10 bytes=360 (all ACKs received)
[cspcla 18:55:47 pid=341729 tid=140650056472256] outbound_pdu callback link_id=2 tx_id=1449 len=360
[cspcla 18:55:47 pid=341729 tid=140650056472256] ✓ TX SUCCESS tx_id=1449 dst_csp=2:10 bytes=360 (all ACKs received)
[cspcla 18:55:47 pid=341729 tid=140650056472256] outbound_pdu callback link_id=2 tx_id=1450 len=360
[cspcla 18:55:47 pid=341729 tid=140650056472256] ✓ TX SUCCESS tx_id=1450 dst_csp=2:10 bytes=360 (all ACKs received)
[cspcla 18:55:48 pid=341729 tid=140650056472256] outbound_pdu callback link_id=2 tx_id=1451 len=360
[cspcla 18:55:48 pid=341729 tid=140650056472256] ✓ TX SUCCESS tx_id=1451 dst_csp=2:10 bytes=360 (all ACKs received)
[cspcla 18:55:48 pid=341729 tid=140650056472256] outbound_pdu callback link_id=2 tx_id=1452 len=360
[cspcla 18:55:48 pid=341729 tid=140650056472256] ✓ TX SUCCESS tx_id=1452 dst_csp=2:10 bytes=360 (all ACKs received)
[cspcla 18:55:48 pid=341729 tid=140650056472256] outbound_pdu callback link_id=2 tx_id=1453 len=360
[cspcla 18:55:49 pid=341729 tid=140650056472256] ✓ TX SUCCESS tx_id=1453 dst_csp=2:10 bytes=360 (all ACKs received)
[cspcla 18:55:49 pid=341729 tid=140650056472256] outbound_pdu callback link_id=2 tx_id=1454 len=360
[cspcla 18:55:49 pid=341729 tid=140650056472256] ✓ TX SUCCESS tx_id=1454 dst_csp=2:10 bytes=360 (all ACKs received)
[cspcla 18:55:49 pid=341729 tid=140650056472256] outbound_pdu callback link_id=2 tx_id=1455 len=360
[cspcla 18:55:49 pid=341729 tid=140650056472256] ✓ TX SUCCESS tx_id=1455 dst_csp=2:10 bytes=360 (all ACKs received)
[cspcla 18:55:49 pid=341729 tid=140650056472256] outbound_pdu callback link_id=2 tx_id=1456 len=360
[cspcla 18:55:49 pid=341729 tid=140650056472256] ✓ TX SUCCESS tx_id=1456 dst_csp=2:10 bytes=360 (all ACKs received)
[cspcla 18:55:49 pid=341729 tid=140650056472256] outbound_pdu callback link_id=2 tx_id=1457 len=360
[cspcla 18:55:50 pid=341729 tid=140650056472256] ✓ TX SUCCESS tx_id=1457 dst_csp=2:10 bytes=360 (all ACKs received)
[cspcla 18:55:50 pid=341729 tid=140650056472256] outbound_pdu callback link_id=2 tx_id=1458 len=360
[cspcla 18:55:50 pid=341729 tid=140650056472256] ✓ TX SUCCESS tx_id=1458 dst_csp=2:10 bytes=360 (all ACKs received)
[cspcla 18:55:50 pid=341729 tid=140650056472256] outbound_pdu callback link_id=2 tx_id=1459 len=360
[cspcla 18:55:50 pid=341729 tid=140650056472256] ✓ TX SUCCESS tx_id=1459 dst_csp=2:10 bytes=360 (all ACKs received)
[cspcla 18:55:50 pid=341729 tid=140650056472256] outbound_pdu callback link_id=2 tx_id=1460 len=360
[cspcla 18:55:50 pid=341729 tid=140650056472256] ✓ TX SUCCESS tx_id=1460 dst_csp=2:10 bytes=360 (all ACKs received)
[cspcla 18:55:51 pid=341729 tid=140650056472256] outbound_pdu callback link_id=2 tx_id=1461 len=360
[cspcla 18:55:51 pid=341729 tid=140650056472256] ✓ TX SUCCESS tx_id=1461 dst_csp=2:10 bytes=360 (all ACKs received)
[cspcla 18:55:51 pid=341729 tid=140650056472256] outbound_pdu callback link_id=2 tx_id=1462 len=360
[cspcla 18:55:51 pid=341729 tid=140650056472256] ✓ TX SUCCESS tx_id=1462 dst_csp=2:10 bytes=360 (all ACKs received)
[cspcla 18:55:51 pid=341729 tid=140650056472256] outbound_pdu callback link_id=2 tx_id=1463 len=360
[cspcla 18:55:51 pid=341729 tid=140650056472256] ✓ TX SUCCESS tx_id=1463 dst_csp=2:10 bytes=360 (all ACKs received)
[cspcla 18:55:51 pid=341729 tid=140650056472256] outbound_pdu callback link_id=2 tx_id=1464 len=360
[cspcla 18:55:52 pid=341729 tid=140650056472256] ✓ TX SUCCESS tx_id=1464 dst_csp=2:10 bytes=360 (all ACKs received)
[cspcla 18:55:52 pid=341729 tid=140650056472256] outbound_pdu callback link_id=2 tx_id=1465 len=360
[cspcla 18:55:52 pid=341729 tid=140650056472256] ✓ TX SUCCESS tx_id=1465 dst_csp=2:10 bytes=360 (all ACKs received)
[cspcla 18:55:52 pid=341729 tid=140650056472256] outbound_pdu callback link_id=2 tx_id=1466 len=360
[cspcla 18:55:52 pid=341729 tid=140650056472256] ✓ TX SUCCESS tx_id=1466 dst_csp=2:10 bytes=360 (all ACKs received)
[cspcla 18:55:52 pid=341729 tid=140650056472256] outbound_pdu callback link_id=2 tx_id=1467 len=360
[cspcla 18:55:53 pid=341729 tid=140650056472256] ✓ TX SUCCESS tx_id=1467 dst_csp=2:10 bytes=360 (all ACKs received)
[cspcla 18:55:53 pid=341729 tid=140650056472256] outbound_pdu callback link_id=2 tx_id=1468 len=360
[cspcla 18:55:53 pid=341729 tid=140650056472256] ✓ TX SUCCESS tx_id=1468 dst_csp=2:10 bytes=360 (all ACKs received)
[cspcla 18:55:53 pid=341729 tid=140650056472256] outbound_pdu callback link_id=2 tx_id=1469 len=360
[cspcla 18:55:53 pid=341729 tid=140650056472256] ✓ TX SUCCESS tx_id=1469 dst_csp=2:10 bytes=360 (all ACKs received)
[cspcla 18:55:53 pid=341729 tid=140650056472256] outbound_pdu callback link_id=2 tx_id=1470 len=360
[cspcla 18:55:54 pid=341729 tid=140650056472256] ✓ TX SUCCESS tx_id=1470 dst_csp=2:10 bytes=360 (all ACKs received)
[cspcla 18:55:54 pid=341729 tid=140650056472256] outbound_pdu callback link_id=2 tx_id=1471 len=360
[cspcla 18:55:54 pid=341729 tid=140650056472256] ✓ TX SUCCESS tx_id=1471 dst_csp=2:10 bytes=360 (all ACKs received)
[cspcla 18:55:54 pid=341729 tid=140650056472256] outbound_pdu callback link_id=2 tx_id=1472 len=360
[cspcla 18:55:54 pid=341729 tid=140650056472256] ✓ TX SUCCESS tx_id=1472 dst_csp=2:10 bytes=360 (all ACKs received)
[cspcla 18:55:54 pid=341729 tid=140650056472256] outbound_pdu callback link_id=2 tx_id=1473 len=360
[cspcla 18:55:55 pid=341729 tid=140650056472256] ✓ TX SUCCESS tx_id=1473 dst_csp=2:10 bytes=360 (all ACKs received)
[cspcla 18:55:55 pid=341729 tid=140650056472256] outbound_pdu callback link_id=2 tx_id=1474 len=360
[cspcla 18:55:55 pid=341729 tid=140650056472256] ✓ TX SUCCESS tx_id=1474 dst_csp=2:10 bytes=360 (all ACKs received)
[cspcla 18:55:55 pid=341729 tid=140650056472256] outbound_pdu callback link_id=2 tx_id=1475 len=360
[cspcla 18:55:55 pid=341729 tid=140650056472256] ✓ TX SUCCESS tx_id=1475 dst_csp=2:10 bytes=360 (all ACKs received)
[cspcla 18:55:55 pid=341729 tid=140650056472256] outbound_pdu callback link_id=2 tx_id=1476 len=360
[cspcla 18:55:55 pid=341729 tid=140650056472256] ✓ TX SUCCESS tx_id=1476 dst_csp=2:10 bytes=360 (all ACKs received)
[cspcla 18:55:55 pid=341729 tid=140650056472256] outbound_pdu callback link_id=2 tx_id=1477 len=360
[cspcla 18:55:55 pid=341729 tid=140650056472256] ✓ TX SUCCESS tx_id=1477 dst_csp=2:10 bytes=360 (all ACKs received)
[cspcla 18:55:55 pid=341729 tid=140650056472256] outbound_pdu callback link_id=2 tx_id=1478 len=360
[cspcla 18:55:56 pid=341729 tid=140650056472256] ✓ TX SUCCESS tx_id=1478 dst_csp=2:10 bytes=360 (all ACKs received)
[cspcla 18:55:56 pid=341729 tid=140650056472256] outbound_pdu callback link_id=2 tx_id=1479 len=360
[cspcla 18:55:56 pid=341729 tid=140650056472256] ✓ TX SUCCESS tx_id=1479 dst_csp=2:10 bytes=360 (all ACKs received)
[cspcla 18:55:56 pid=341729 tid=140650056472256] outbound_pdu callback link_id=2 tx_id=1480 len=360
[cspcla 18:55:56 pid=341729 tid=140650056472256] ✓ TX SUCCESS tx_id=1480 dst_csp=2:10 bytes=360 (all ACKs received)
[cspcla 18:55:57 pid=341729 tid=140650056472256] outbound_pdu callback link_id=2 tx_id=1481 len=360
[cspcla 18:55:57 pid=341729 tid=140650056472256] ✓ TX SUCCESS tx_id=1481 dst_csp=2:10 bytes=360 (all ACKs received)
[cspcla 18:55:57 pid=341729 tid=140650056472256] outbound_pdu callback link_id=2 tx_id=1482 len=360
[cspcla 18:55:57 pid=341729 tid=140650056472256] ✓ TX SUCCESS tx_id=1482 dst_csp=2:10 bytes=360 (all ACKs received)
[cspcla 18:55:57 pid=341729 tid=140650056472256] outbound_pdu callback link_id=2 tx_id=1483 len=360
[cspcla 18:55:58 pid=341729 tid=140650056472256] ✓ TX SUCCESS tx_id=1483 dst_csp=2:10 bytes=360 (all ACKs received)
[cspcla 18:55:58 pid=341729 tid=140650056472256] outbound_pdu callback link_id=2 tx_id=1484 len=360
[cspcla 18:55:58 pid=341729 tid=140650056472256] ✓ TX SUCCESS tx_id=1484 dst_csp=2:10 bytes=360 (all ACKs received)
[cspcla 18:55:58 pid=341729 tid=140650056472256] outbound_pdu callback link_id=2 tx_id=1485 len=360
[cspcla 18:55:58 pid=341729 tid=140650056472256] ✓ TX SUCCESS tx_id=1485 dst_csp=2:10 bytes=360 (all ACKs received)
[cspcla 18:55:58 pid=341729 tid=140650056472256] outbound_pdu callback link_id=2 tx_id=1486 len=360
[cspcla 18:55:58 pid=341729 tid=140650056472256] ✓ TX SUCCESS tx_id=1486 dst_csp=2:10 bytes=360 (all ACKs received)
[cspcla 18:55:58 pid=341729 tid=140650056472256] outbound_pdu callback link_id=2 tx_id=1487 len=360
[cspcla 18:55:59 pid=341729 tid=140650056472256] ✓ TX SUCCESS tx_id=1487 dst_csp=2:10 bytes=360 (all ACKs received)
[cspcla 18:55:59 pid=341729 tid=140650056472256] outbound_pdu callback link_id=2 tx_id=1488 len=360
[cspcla 18:55:59 pid=341729 tid=140650056472256] ✓ TX SUCCESS tx_id=1488 dst_csp=2:10 bytes=360 (all ACKs received)
[cspcla 18:55:59 pid=341729 tid=140650056472256] outbound_pdu callback link_id=2 tx_id=1489 len=360
[cspcla 18:55:59 pid=341729 tid=140650056472256] ✓ TX SUCCESS tx_id=1489 dst_csp=2:10 bytes=360 (all ACKs received)
[cspcla 18:55:59 pid=341729 tid=140650056472256] outbound_pdu callback link_id=2 tx_id=1490 len=360
[cspcla 18:55:59 pid=341729 tid=140650056472256] ✓ TX SUCCESS tx_id=1490 dst_csp=2:10 bytes=360 (all ACKs received)
[cspcla 18:56:00 pid=341729 tid=140650056472256] outbound_pdu callback link_id=2 tx_id=1491 len=360
[cspcla 18:56:00 pid=341729 tid=140650056472256] ✓ TX SUCCESS tx_id=1491 dst_csp=2:10 bytes=360 (all ACKs received)
[cspcla 18:56:00 pid=341729 tid=140650056472256] outbound_pdu callback link_id=2 tx_id=1492 len=360
[cspcla 18:56:00 pid=341729 tid=140650056472256] ✓ TX SUCCESS tx_id=1492 dst_csp=2:10 bytes=360 (all ACKs received)
[cspcla 18:56:00 pid=341729 tid=140650056472256] outbound_pdu callback link_id=2 tx_id=1493 len=360
[cspcla 18:56:00 pid=341729 tid=140650056472256] ✓ TX SUCCESS tx_id=1493 dst_csp=2:10 bytes=360 (all ACKs received)
[cspcla 18:56:00 pid=341729 tid=140650056472256] outbound_pdu callback link_id=2 tx_id=1494 len=360
[cspcla 18:56:01 pid=341729 tid=140650056472256] ✓ TX SUCCESS tx_id=1494 dst_csp=2:10 bytes=360 (all ACKs received)
[cspcla 18:56:01 pid=341729 tid=140650056472256] outbound_pdu callback link_id=2 tx_id=1495 len=360
[cspcla 18:56:01 pid=341729 tid=140650056472256] ✓ TX SUCCESS tx_id=1495 dst_csp=2:10 bytes=360 (all ACKs received)
[cspcla 18:56:01 pid=341729 tid=140650056472256] outbound_pdu callback link_id=2 tx_id=1496 len=360
[cspcla 18:56:01 pid=341729 tid=140650056472256] ✓ TX SUCCESS tx_id=1496 dst_csp=2:10 bytes=360 (all ACKs received)
[cspcla 18:56:01 pid=341729 tid=140650056472256] outbound_pdu callback link_id=2 tx_id=1497 len=360
[cspcla 18:56:02 pid=341729 tid=140650056472256] ✓ TX SUCCESS tx_id=1497 dst_csp=2:10 bytes=360 (all ACKs received)
[cspcla 18:56:02 pid=341729 tid=140650056472256] outbound_pdu callback link_id=2 tx_id=1498 len=360
[cspcla 18:56:02 pid=341729 tid=140650056472256] ✓ TX SUCCESS tx_id=1498 dst_csp=2:10 bytes=360 (all ACKs received)
[cspcla 18:56:02 pid=341729 tid=140650056472256] outbound_pdu callback link_id=2 tx_id=1499 len=360
[cspcla 18:56:02 pid=341729 tid=140650056472256] ✓ TX SUCCESS tx_id=1499 dst_csp=2:10 bytes=360 (all ACKs received)
[cspcla 18:56:02 pid=341729 tid=140650056472256] outbound_pdu callback link_id=2 tx_id=1500 len=360
[cspcla 18:56:03 pid=341729 tid=140650056472256] ✓ TX SUCCESS tx_id=1500 dst_csp=2:10 bytes=360 (all ACKs received)
[cspcla 18:56:03 pid=341729 tid=140650056472256] outbound_pdu callback link_id=2 tx_id=1501 len=360
[cspcla 18:56:03 pid=341729 tid=140650056472256] ✓ TX SUCCESS tx_id=1501 dst_csp=2:10 bytes=360 (all ACKs received)
[cspcla 18:56:03 pid=341729 tid=140650056472256] outbound_pdu callback link_id=2 tx_id=1502 len=360
[cspcla 18:56:03 pid=341729 tid=140650056472256] ✓ TX SUCCESS tx_id=1502 dst_csp=2:10 bytes=360 (all ACKs received)
[cspcla 18:56:03 pid=341729 tid=140650056472256] outbound_pdu callback link_id=2 tx_id=1503 len=360
[cspcla 18:56:03 pid=341729 tid=140650056472256] ✓ TX SUCCESS tx_id=1503 dst_csp=2:10 bytes=360 (all ACKs received)
[cspcla 18:56:03 pid=341729 tid=140650056472256] outbound_pdu callback link_id=2 tx_id=1504 len=360
[cspcla 18:56:03 pid=341729 tid=140650056472256] ✓ TX SUCCESS tx_id=1504 dst_csp=2:10 bytes=360 (all ACKs received)
[cspcla 18:56:03 pid=341729 tid=140650056472256] outbound_pdu callback link_id=2 tx_id=1505 len=360
[cspcla 18:56:04 pid=341729 tid=140650056472256] ✓ TX SUCCESS tx_id=1505 dst_csp=2:10 bytes=360 (all ACKs received)
[cspcla 18:56:04 pid=341729 tid=140650056472256] outbound_pdu callback link_id=2 tx_id=1506 len=360
[cspcla 18:56:04 pid=341729 tid=140650056472256] ✓ TX SUCCESS tx_id=1506 dst_csp=2:10 bytes=360 (all ACKs received)
[cspcla 18:56:04 pid=341729 tid=140650056472256] outbound_pdu callback link_id=2 tx_id=1507 len=360
[cspcla 18:56:04 pid=341729 tid=140650056472256] ✓ TX SUCCESS tx_id=1507 dst_csp=2:10 bytes=360 (all ACKs received)
[cspcla 18:56:04 pid=341729 tid=140650056472256] outbound_pdu callback link_id=2 tx_id=1508 len=360
[cspcla 18:56:05 pid=341729 tid=140650056472256] ✓ TX SUCCESS tx_id=1508 dst_csp=2:10 bytes=360 (all ACKs received)
[cspcla 18:56:05 pid=341729 tid=140650056472256] outbound_pdu callback link_id=2 tx_id=1509 len=360
[cspcla 18:56:05 pid=341729 tid=140650056472256] ✓ TX SUCCESS tx_id=1509 dst_csp=2:10 bytes=360 (all ACKs received)
[cspcla 18:56:05 pid=341729 tid=140650056472256] outbound_pdu callback link_id=2 tx_id=1510 len=360
[cspcla 18:56:05 pid=341729 tid=140650056472256] ✓ TX SUCCESS tx_id=1510 dst_csp=2:10 bytes=360 (all ACKs received)
[cspcla 18:56:06 pid=341729 tid=140650056472256] outbound_pdu callback link_id=2 tx_id=1511 len=360
[cspcla 18:56:06 pid=341729 tid=140650056472256] ✓ TX SUCCESS tx_id=1511 dst_csp=2:10 bytes=360 (all ACKs received)
[cspcla 18:56:06 pid=341729 tid=140650056472256] outbound_pdu callback link_id=2 tx_id=1512 len=360
[cspcla 18:56:06 pid=341729 tid=140650056472256] ✓ TX SUCCESS tx_id=1512 dst_csp=2:10 bytes=360 (all ACKs received)
[cspcla 18:56:06 pid=341729 tid=140650056472256] outbound_pdu callback link_id=2 tx_id=1513 len=360
[cspcla 18:56:06 pid=341729 tid=140650056472256] ✓ TX SUCCESS tx_id=1513 dst_csp=2:10 bytes=360 (all ACKs received)
[cspcla 18:56:06 pid=341729 tid=140650056472256] outbound_pdu callback link_id=2 tx_id=1514 len=360
[cspcla 18:56:06 pid=341729 tid=140650056472256] ✓ TX SUCCESS tx_id=1514 dst_csp=2:10 bytes=360 (all ACKs received)
[cspcla 18:56:06 pid=341729 tid=140650056472256] outbound_pdu callback link_id=2 tx_id=1515 len=360
[cspcla 18:56:07 pid=341729 tid=140650056472256] ✓ TX SUCCESS tx_id=1515 dst_csp=2:10 bytes=360 (all ACKs received)
[cspcla 18:56:07 pid=341729 tid=140650056472256] outbound_pdu callback link_id=2 tx_id=1516 len=360
[cspcla 18:56:07 pid=341729 tid=140650056472256] ✓ TX SUCCESS tx_id=1516 dst_csp=2:10 bytes=360 (all ACKs received)
[cspcla 18:56:07 pid=341729 tid=140650056472256] outbound_pdu callback link_id=2 tx_id=1517 len=360
[cspcla 18:56:08 pid=341729 tid=140650056472256] ✓ TX SUCCESS tx_id=1517 dst_csp=2:10 bytes=360 (all ACKs received)
[cspcla 18:56:08 pid=341729 tid=140650056472256] outbound_pdu callback link_id=2 tx_id=1518 len=360
[cspcla 18:56:08 pid=341729 tid=140650056472256] ✓ TX SUCCESS tx_id=1518 dst_csp=2:10 bytes=360 (all ACKs received)
[cspcla 18:56:08 pid=341729 tid=140650056472256] outbound_pdu callback link_id=2 tx_id=1519 len=360
[cspcla 18:56:08 pid=341729 tid=140650056472256] ✓ TX SUCCESS tx_id=1519 dst_csp=2:10 bytes=360 (all ACKs received)
[cspcla 18:56:08 pid=341729 tid=140650056472256] outbound_pdu callback link_id=2 tx_id=1520 len=360
[cspcla 18:56:08 pid=341729 tid=140650056472256] ✓ TX SUCCESS tx_id=1520 dst_csp=2:10 bytes=360 (all ACKs received)
[cspcla 18:56:09 pid=341729 tid=140650056472256] outbound_pdu callback link_id=2 tx_id=1521 len=360
[cspcla 18:56:09 pid=341729 tid=140650056472256] ✓ TX SUCCESS tx_id=1521 dst_csp=2:10 bytes=360 (all ACKs received)
[cspcla 18:56:09 pid=341729 tid=140650056472256] outbound_pdu callback link_id=2 tx_id=1522 len=360
[cspcla 18:56:09 pid=341729 tid=140650056472256] ✓ TX SUCCESS tx_id=1522 dst_csp=2:10 bytes=360 (all ACKs received)
[cspcla 18:56:09 pid=341729 tid=140650056472256] outbound_pdu callback link_id=2 tx_id=1523 len=360
[cspcla 18:56:09 pid=341729 tid=140650056472256] ✓ TX SUCCESS tx_id=1523 dst_csp=2:10 bytes=360 (all ACKs received)
[cspcla 18:56:09 pid=341729 tid=140650056472256] outbound_pdu callback link_id=2 tx_id=1524 len=360
[cspcla 18:56:10 pid=341729 tid=140650056472256] ✓ TX SUCCESS tx_id=1524 dst_csp=2:10 bytes=360 (all ACKs received)
[cspcla 18:56:10 pid=341729 tid=140650056472256] outbound_pdu callback link_id=2 tx_id=1525 len=360
[cspcla 18:56:10 pid=341729 tid=140650056472256] ✓ TX SUCCESS tx_id=1525 dst_csp=2:10 bytes=360 (all ACKs received)
[cspcla 18:56:10 pid=341729 tid=140650056472256] outbound_pdu callback link_id=2 tx_id=1526 len=360
[cspcla 18:56:10 pid=341729 tid=140650056472256] ✓ TX SUCCESS tx_id=1526 dst_csp=2:10 bytes=360 (all ACKs received)
[cspcla 18:56:10 pid=341729 tid=140650056472256] outbound_pdu callback link_id=2 tx_id=1527 len=360
[cspcla 18:56:11 pid=341729 tid=140650056472256] ✓ TX SUCCESS tx_id=1527 dst_csp=2:10 bytes=360 (all ACKs received)
[cspcla 18:56:11 pid=341729 tid=140650056472256] outbound_pdu callback link_id=2 tx_id=1528 len=360
[cspcla 18:56:11 pid=341729 tid=140650056472256] ✓ TX SUCCESS tx_id=1528 dst_csp=2:10 bytes=360 (all ACKs received)
[cspcla 18:56:11 pid=341729 tid=140650056472256] outbound_pdu callback link_id=2 tx_id=1529 len=360
[cspcla 18:56:11 pid=341729 tid=140650056472256] ✓ TX SUCCESS tx_id=1529 dst_csp=2:10 bytes=360 (all ACKs received)
[cspcla 18:56:11 pid=341729 tid=140650056472256] outbound_pdu callback link_id=2 tx_id=1530 len=360
[cspcla 18:56:11 pid=341729 tid=140650056472256] ✓ TX SUCCESS tx_id=1530 dst_csp=2:10 bytes=360 (all ACKs received)
[cspcla 18:56:12 pid=341729 tid=140650056472256] outbound_pdu callback link_id=2 tx_id=1531 len=360
[cspcla 18:56:12 pid=341729 tid=140650056472256] ✓ TX SUCCESS tx_id=1531 dst_csp=2:10 bytes=360 (all ACKs received)
[cspcla 18:56:12 pid=341729 tid=140650056472256] outbound_pdu callback link_id=2 tx_id=1532 len=360
[cspcla 18:56:12 pid=341729 tid=140650056472256] ✓ TX SUCCESS tx_id=1532 dst_csp=2:10 bytes=360 (all ACKs received)
[cspcla 18:56:12 pid=341729 tid=140650056472256] outbound_pdu callback link_id=2 tx_id=1533 len=360
[cspcla 18:56:12 pid=341729 tid=140650056472256] ✓ TX SUCCESS tx_id=1533 dst_csp=2:10 bytes=360 (all ACKs received)
[cspcla 18:56:12 pid=341729 tid=140650056472256] outbound_pdu callback link_id=2 tx_id=1534 len=360
[cspcla 18:56:12 pid=341729 tid=140650056472256] ✓ TX SUCCESS tx_id=1534 dst_csp=2:10 bytes=360 (all ACKs received)
[cspcla 18:56:12 pid=341729 tid=140650056472256] outbound_pdu callback link_id=2 tx_id=1535 len=360
[cspcla 18:56:13 pid=341729 tid=140650056472256] ✓ TX SUCCESS tx_id=1535 dst_csp=2:10 bytes=360 (all ACKs received)
[cspcla 18:56:13 pid=341729 tid=140650056472256] outbound_pdu callback link_id=2 tx_id=1536 len=360
[cspcla 18:56:13 pid=341729 tid=140650056472256] ✓ TX SUCCESS tx_id=1536 dst_csp=2:10 bytes=360 (all ACKs received)
[cspcla 18:56:13 pid=341729 tid=140650056472256] outbound_pdu callback link_id=2 tx_id=1537 len=360
[cspcla 18:56:13 pid=341729 tid=140650056472256] ✓ TX SUCCESS tx_id=1537 dst_csp=2:10 bytes=360 (all ACKs received)
[cspcla 18:56:13 pid=341729 tid=140650056472256] outbound_pdu callback link_id=2 tx_id=1538 len=360
[cspcla 18:56:14 pid=341729 tid=140650056472256] ✓ TX SUCCESS tx_id=1538 dst_csp=2:10 bytes=360 (all ACKs received)
[cspcla 18:56:14 pid=341729 tid=140650056472256] outbound_pdu callback link_id=2 tx_id=1539 len=360
[cspcla 18:56:14 pid=341729 tid=140650056472256] ✓ TX SUCCESS tx_id=1539 dst_csp=2:10 bytes=360 (all ACKs received)
[cspcla 18:56:14 pid=341729 tid=140650056472256] outbound_pdu callback link_id=2 tx_id=1540 len=360
[cspcla 18:56:14 pid=341729 tid=140650056472256] ✓ TX SUCCESS tx_id=1540 dst_csp=2:10 bytes=360 (all ACKs received)
[cspcla 18:56:15 pid=341729 tid=140650056472256] outbound_pdu callback link_id=2 tx_id=1541 len=360
[cspcla 18:56:15 pid=341729 tid=140650056472256] ✓ TX SUCCESS tx_id=1541 dst_csp=2:10 bytes=360 (all ACKs received)
[cspcla 18:56:15 pid=341729 tid=140650056472256] outbound_pdu callback link_id=2 tx_id=1542 len=360
[cspcla 18:56:15 pid=341729 tid=140650056472256] ✓ TX SUCCESS tx_id=1542 dst_csp=2:10 bytes=360 (all ACKs received)
[cspcla 18:56:15 pid=341729 tid=140650056472256] outbound_pdu callback link_id=2 tx_id=1543 len=360
[cspcla 18:56:15 pid=341729 tid=140650056472256] ✓ TX SUCCESS tx_id=1543 dst_csp=2:10 bytes=360 (all ACKs received)
[cspcla 18:56:15 pid=341729 tid=140650056472256] outbound_pdu callback link_id=2 tx_id=1544 len=360
[cspcla 18:56:15 pid=341729 tid=140650056472256] ✓ TX SUCCESS tx_id=1544 dst_csp=2:10 bytes=360 (all ACKs received)
[cspcla 18:56:15 pid=341729 tid=140650056472256] outbound_pdu callback link_id=2 tx_id=1545 len=360
[cspcla 18:56:16 pid=341729 tid=140650056472256] ✓ TX SUCCESS tx_id=1545 dst_csp=2:10 bytes=360 (all ACKs received)
[cspcla 18:56:16 pid=341729 tid=140650056472256] outbound_pdu callback link_id=2 tx_id=1546 len=360
[cspcla 18:56:16 pid=341729 tid=140650056472256] ✓ TX SUCCESS tx_id=1546 dst_csp=2:10 bytes=360 (all ACKs received)
[cspcla 18:56:16 pid=341729 tid=140650056472256] outbound_pdu callback link_id=2 tx_id=1547 len=360
[cspcla 18:56:16 pid=341729 tid=140650056472256] ✓ TX SUCCESS tx_id=1547 dst_csp=2:10 bytes=360 (all ACKs received)
[cspcla 18:56:16 pid=341729 tid=140650056472256] outbound_pdu callback link_id=2 tx_id=1548 len=360
[cspcla 18:56:17 pid=341729 tid=140650056472256] ✓ TX SUCCESS tx_id=1548 dst_csp=2:10 bytes=360 (all ACKs received)
[cspcla 18:56:17 pid=341729 tid=140650056472256] outbound_pdu callback link_id=2 tx_id=1549 len=360
[cspcla 18:56:17 pid=341729 tid=140650056472256] ✓ TX SUCCESS tx_id=1549 dst_csp=2:10 bytes=360 (all ACKs received)
[cspcla 18:56:17 pid=341729 tid=140650056472256] outbound_pdu callback link_id=2 tx_id=1550 len=360
[cspcla 18:56:17 pid=341729 tid=140650056472256] ✓ TX SUCCESS tx_id=1550 dst_csp=2:10 bytes=360 (all ACKs received)
[cspcla 18:56:18 pid=341729 tid=140650056472256] outbound_pdu callback link_id=2 tx_id=1551 len=360
[cspcla 18:56:18 pid=341729 tid=140650056472256] ✓ TX SUCCESS tx_id=1551 dst_csp=2:10 bytes=360 (all ACKs received)
[cspcla 18:56:18 pid=341729 tid=140650056472256] outbound_pdu callback link_id=2 tx_id=1552 len=360
[cspcla 18:56:18 pid=341729 tid=140650056472256] ✓ TX SUCCESS tx_id=1552 dst_csp=2:10 bytes=360 (all ACKs received)
[cspcla 18:56:18 pid=341729 tid=140650056472256] outbound_pdu callback link_id=2 tx_id=1553 len=360
[cspcla 18:56:18 pid=341729 tid=140650056472256] ✓ TX SUCCESS tx_id=1553 dst_csp=2:10 bytes=360 (all ACKs received)
[cspcla 18:56:18 pid=341729 tid=140650056472256] outbound_pdu callback link_id=2 tx_id=1554 len=360
[cspcla 18:56:18 pid=341729 tid=140650056472256] ✓ TX SUCCESS tx_id=1554 dst_csp=2:10 bytes=360 (all ACKs received)
[cspcla 18:56:18 pid=341729 tid=140650056472256] outbound_pdu callback link_id=2 tx_id=1555 len=360
[cspcla 18:56:19 pid=341729 tid=140650056472256] ✓ TX SUCCESS tx_id=1555 dst_csp=2:10 bytes=360 (all ACKs received)
[cspcla 18:56:19 pid=341729 tid=140650056472256] outbound_pdu callback link_id=2 tx_id=1556 len=360
[cspcla 18:56:19 pid=341729 tid=140650056472256] ✓ TX SUCCESS tx_id=1556 dst_csp=2:10 bytes=360 (all ACKs received)
[cspcla 18:56:19 pid=341729 tid=140650056472256] outbound_pdu callback link_id=2 tx_id=1557 len=360
[cspcla 18:56:19 pid=341729 tid=140650056472256] ✓ TX SUCCESS tx_id=1557 dst_csp=2:10 bytes=360 (all ACKs received)
[cspcla 18:56:19 pid=341729 tid=140650056472256] outbound_pdu callback link_id=2 tx_id=1558 len=360
[cspcla 18:56:20 pid=341729 tid=140650056472256] ✓ TX SUCCESS tx_id=1558 dst_csp=2:10 bytes=360 (all ACKs received)
[cspcla 18:56:20 pid=341729 tid=140650056472256] outbound_pdu callback link_id=2 tx_id=1559 len=360
[cspcla 18:56:20 pid=341729 tid=140650056472256] ✓ TX SUCCESS tx_id=1559 dst_csp=2:10 bytes=360 (all ACKs received)
[cspcla 18:56:20 pid=341729 tid=140650056472256] outbound_pdu callback link_id=2 tx_id=1560 len=360
[cspcla 18:56:20 pid=341729 tid=140650056472256] ✓ TX SUCCESS tx_id=1560 dst_csp=2:10 bytes=360 (all ACKs received)
[cspcla 18:56:21 pid=341729 tid=140650056472256] outbound_pdu callback link_id=2 tx_id=1561 len=360
[cspcla 18:56:21 pid=341729 tid=140650056472256] ✓ TX SUCCESS tx_id=1561 dst_csp=2:10 bytes=360 (all ACKs received)
[cspcla 18:56:21 pid=341729 tid=140650056472256] outbound_pdu callback link_id=2 tx_id=1562 len=360
[cspcla 18:56:21 pid=341729 tid=140650056472256] ✓ TX SUCCESS tx_id=1562 dst_csp=2:10 bytes=360 (all ACKs received)
[cspcla 18:56:21 pid=341729 tid=140650056472256] outbound_pdu callback link_id=2 tx_id=1563 len=360
[cspcla 18:56:21 pid=341729 tid=140650056472256] ✓ TX SUCCESS tx_id=1563 dst_csp=2:10 bytes=360 (all ACKs received)
[cspcla 18:56:21 pid=341729 tid=140650056472256] outbound_pdu callback link_id=2 tx_id=1564 len=360
[cspcla 18:56:21 pid=341729 tid=140650056472256] ✓ TX SUCCESS tx_id=1564 dst_csp=2:10 bytes=360 (all ACKs received)
[cspcla 18:56:21 pid=341729 tid=140650056472256] outbound_pdu callback link_id=2 tx_id=1565 len=360
[cspcla 18:56:22 pid=341729 tid=140650056472256] ✓ TX SUCCESS tx_id=1565 dst_csp=2:10 bytes=360 (all ACKs received)
[cspcla 18:56:22 pid=341729 tid=140650056472256] outbound_pdu callback link_id=2 tx_id=1566 len=360
[cspcla 18:56:22 pid=341729 tid=140650056472256] ✓ TX SUCCESS tx_id=1566 dst_csp=2:10 bytes=360 (all ACKs received)
[cspcla 18:56:22 pid=341729 tid=140650056472256] outbound_pdu callback link_id=2 tx_id=1567 len=360
[cspcla 18:56:22 pid=341729 tid=140650056472256] ✓ TX SUCCESS tx_id=1567 dst_csp=2:10 bytes=360 (all ACKs received)
[cspcla 18:56:22 pid=341729 tid=140650056472256] outbound_pdu callback link_id=2 tx_id=1568 len=360
[cspcla 18:56:23 pid=341729 tid=140650056472256] ✓ TX SUCCESS tx_id=1568 dst_csp=2:10 bytes=360 (all ACKs received)
[cspcla 18:56:23 pid=341729 tid=140650056472256] outbound_pdu callback link_id=2 tx_id=1569 len=360
[cspcla 18:56:23 pid=341729 tid=140650056472256] ✓ TX SUCCESS tx_id=1569 dst_csp=2:10 bytes=360 (all ACKs received)
[cspcla 18:56:23 pid=341729 tid=140650056472256] outbound_pdu callback link_id=2 tx_id=1570 len=360
[cspcla 18:56:23 pid=341729 tid=140650056472256] ✓ TX SUCCESS tx_id=1570 dst_csp=2:10 bytes=360 (all ACKs received)
[cspcla 18:56:24 pid=341729 tid=140650056472256] outbound_pdu callback link_id=2 tx_id=1571 len=360
[cspcla 18:56:24 pid=341729 tid=140650056472256] ✓ TX SUCCESS tx_id=1571 dst_csp=2:10 bytes=360 (all ACKs received)
[cspcla 18:56:24 pid=341729 tid=140650056472256] outbound_pdu callback link_id=2 tx_id=1572 len=360
[cspcla 18:56:24 pid=341729 tid=140650056472256] ✓ TX SUCCESS tx_id=1572 dst_csp=2:10 bytes=360 (all ACKs received)
[cspcla 18:56:24 pid=341729 tid=140650056472256] outbound_pdu callback link_id=2 tx_id=1573 len=360
[cspcla 18:56:24 pid=341729 tid=140650056472256] ✓ TX SUCCESS tx_id=1573 dst_csp=2:10 bytes=360 (all ACKs received)
[cspcla 18:56:24 pid=341729 tid=140650056472256] outbound_pdu callback link_id=2 tx_id=1574 len=360
[cspcla 18:56:24 pid=341729 tid=140650056472256] ✓ TX SUCCESS tx_id=1574 dst_csp=2:10 bytes=360 (all ACKs received)
[cspcla 18:56:24 pid=341729 tid=140650056472256] outbound_pdu callback link_id=2 tx_id=1575 len=360
[cspcla 18:56:25 pid=341729 tid=140650056472256] ✓ TX SUCCESS tx_id=1575 dst_csp=2:10 bytes=360 (all ACKs received)
[cspcla 18:56:25 pid=341729 tid=140650056472256] outbound_pdu callback link_id=2 tx_id=1576 len=360
[cspcla 18:56:25 pid=341729 tid=140650056472256] ✓ TX SUCCESS tx_id=1576 dst_csp=2:10 bytes=360 (all ACKs received)
[cspcla 18:56:25 pid=341729 tid=140650056472256] outbound_pdu callback link_id=2 tx_id=1577 len=360
[cspcla 18:56:26 pid=341729 tid=140650056472256] ✓ TX SUCCESS tx_id=1577 dst_csp=2:10 bytes=360 (all ACKs received)
[cspcla 18:56:26 pid=341729 tid=140650056472256] outbound_pdu callback link_id=2 tx_id=1578 len=360
[cspcla 18:56:26 pid=341729 tid=140650056472256] ✓ TX SUCCESS tx_id=1578 dst_csp=2:10 bytes=360 (all ACKs received)
[cspcla 18:56:26 pid=341729 tid=140650056472256] outbound_pdu callback link_id=2 tx_id=1579 len=360
[cspcla 18:56:26 pid=341729 tid=140650056472256] ✓ TX SUCCESS tx_id=1579 dst_csp=2:10 bytes=360 (all ACKs received)
[cspcla 18:56:26 pid=341729 tid=140650056472256] outbound_pdu callback link_id=2 tx_id=1580 len=360
[cspcla 18:56:26 pid=341729 tid=140650056472256] ✓ TX SUCCESS tx_id=1580 dst_csp=2:10 bytes=360 (all ACKs received)
[cspcla 18:56:27 pid=341729 tid=140650056472256] outbound_pdu callback link_id=2 tx_id=1581 len=360
[cspcla 18:56:27 pid=341729 tid=140650056472256] ✓ TX SUCCESS tx_id=1581 dst_csp=2:10 bytes=360 (all ACKs received)
[cspcla 18:56:27 pid=341729 tid=140650056472256] outbound_pdu callback link_id=2 tx_id=1582 len=360
[cspcla 18:56:27 pid=341729 tid=140650056472256] ✓ TX SUCCESS tx_id=1582 dst_csp=2:10 bytes=360 (all ACKs received)
[cspcla 18:56:27 pid=341729 tid=140650056472256] outbound_pdu callback link_id=2 tx_id=1583 len=360
[cspcla 18:56:27 pid=341729 tid=140650056472256] ✓ TX SUCCESS tx_id=1583 dst_csp=2:10 bytes=360 (all ACKs received)
[cspcla 18:56:27 pid=341729 tid=140650056472256] outbound_pdu callback link_id=2 tx_id=1584 len=360
[cspcla 18:56:27 pid=341729 tid=140650056472256] ✓ TX SUCCESS tx_id=1584 dst_csp=2:10 bytes=360 (all ACKs received)
[cspcla 18:56:27 pid=341729 tid=140650056472256] outbound_pdu callback link_id=2 tx_id=1585 len=360
[cspcla 18:56:28 pid=341729 tid=140650056472256] ✓ TX SUCCESS tx_id=1585 dst_csp=2:10 bytes=360 (all ACKs received)
[cspcla 18:56:28 pid=341729 tid=140650056472256] outbound_pdu callback link_id=2 tx_id=1586 len=360
[cspcla 18:56:28 pid=341729 tid=140650056472256] ✓ TX SUCCESS tx_id=1586 dst_csp=2:10 bytes=360 (all ACKs received)
[cspcla 18:56:28 pid=341729 tid=140650056472256] outbound_pdu callback link_id=2 tx_id=1587 len=360
[cspcla 18:56:28 pid=341729 tid=140650056472256] ✓ TX SUCCESS tx_id=1587 dst_csp=2:10 bytes=360 (all ACKs received)
[cspcla 18:56:28 pid=341729 tid=140650056472256] outbound_pdu callback link_id=2 tx_id=1588 len=360
[cspcla 18:56:29 pid=341729 tid=140650056472256] ✓ TX SUCCESS tx_id=1588 dst_csp=2:10 bytes=360 (all ACKs received)
[cspcla 18:56:29 pid=341729 tid=140650056472256] outbound_pdu callback link_id=2 tx_id=1589 len=360
[cspcla 18:56:29 pid=341729 tid=140650056472256] ✓ TX SUCCESS tx_id=1589 dst_csp=2:10 bytes=360 (all ACKs received)
[cspcla 18:56:29 pid=341729 tid=140650056472256] outbound_pdu callback link_id=2 tx_id=1590 len=360
[cspcla 18:56:29 pid=341729 tid=140650056472256] ✓ TX SUCCESS tx_id=1590 dst_csp=2:10 bytes=360 (all ACKs received)
[cspcla 18:56:30 pid=341729 tid=140650056472256] outbound_pdu callback link_id=2 tx_id=1591 len=360
[cspcla 18:56:30 pid=341729 tid=140650056472256] ✓ TX SUCCESS tx_id=1591 dst_csp=2:10 bytes=360 (all ACKs received)
[cspcla 18:56:30 pid=341729 tid=140650056472256] outbound_pdu callback link_id=2 tx_id=1592 len=360
[cspcla 18:56:30 pid=341729 tid=140650056472256] ✓ TX SUCCESS tx_id=1592 dst_csp=2:10 bytes=360 (all ACKs received)
[cspcla 18:56:30 pid=341729 tid=140650056472256] outbound_pdu callback link_id=2 tx_id=1593 len=360
[cspcla 18:56:30 pid=341729 tid=140650056472256] ✓ TX SUCCESS tx_id=1593 dst_csp=2:10 bytes=360 (all ACKs received)
[cspcla 18:56:30 pid=341729 tid=140650056472256] outbound_pdu callback link_id=2 tx_id=1594 len=360
[cspcla 18:56:30 pid=341729 tid=140650056472256] ✓ TX SUCCESS tx_id=1594 dst_csp=2:10 bytes=360 (all ACKs received)
[cspcla 18:56:30 pid=341729 tid=140650056472256] outbound_pdu callback link_id=2 tx_id=1595 len=360
[cspcla 18:56:31 pid=341729 tid=140650056472256] ✓ TX SUCCESS tx_id=1595 dst_csp=2:10 bytes=360 (all ACKs received)
[cspcla 18:56:31 pid=341729 tid=140650056472256] outbound_pdu callback link_id=2 tx_id=1596 len=360
[cspcla 18:56:31 pid=341729 tid=140650056472256] ✓ TX SUCCESS tx_id=1596 dst_csp=2:10 bytes=360 (all ACKs received)
[cspcla 18:56:31 pid=341729 tid=140650056472256] outbound_pdu callback link_id=2 tx_id=1597 len=360
[cspcla 18:56:31 pid=341729 tid=140650056472256] ✓ TX SUCCESS tx_id=1597 dst_csp=2:10 bytes=360 (all ACKs received)
[cspcla 18:56:31 pid=341729 tid=140650056472256] outbound_pdu callback link_id=2 tx_id=1598 len=360
[cspcla 18:56:32 pid=341729 tid=140650056472256] ✓ TX SUCCESS tx_id=1598 dst_csp=2:10 bytes=360 (all ACKs received)
[cspcla 18:56:32 pid=341729 tid=140650056472256] outbound_pdu callback link_id=2 tx_id=1599 len=360
[cspcla 18:56:32 pid=341729 tid=140650056472256] ✓ TX SUCCESS tx_id=1599 dst_csp=2:10 bytes=360 (all ACKs received)
[cspcla 18:56:32 pid=341729 tid=140650056472256] outbound_pdu callback link_id=2 tx_id=1600 len=360
[cspcla 18:56:32 pid=341729 tid=140650056472256] ✓ TX SUCCESS tx_id=1600 dst_csp=2:10 bytes=360 (all ACKs received)
[cspcla 18:56:33 pid=341729 tid=140650056472256] outbound_pdu callback link_id=2 tx_id=1601 len=360
[cspcla 18:56:33 pid=341729 tid=140650056472256] ✓ TX SUCCESS tx_id=1601 dst_csp=2:10 bytes=360 (all ACKs received)
[cspcla 18:56:33 pid=341729 tid=140650056472256] outbound_pdu callback link_id=2 tx_id=1602 len=360
[cspcla 18:56:33 pid=341729 tid=140650056472256] ✓ TX SUCCESS tx_id=1602 dst_csp=2:10 bytes=360 (all ACKs received)
[cspcla 18:56:33 pid=341729 tid=140650056472256] outbound_pdu callback link_id=2 tx_id=1603 len=360
[cspcla 18:56:33 pid=341729 tid=140650056472256] ✓ TX SUCCESS tx_id=1603 dst_csp=2:10 bytes=360 (all ACKs received)
[cspcla 18:56:33 pid=341729 tid=140650056472256] outbound_pdu callback link_id=2 tx_id=1604 len=360
[cspcla 18:56:33 pid=341729 tid=140650056472256] ✓ TX SUCCESS tx_id=1604 dst_csp=2:10 bytes=360 (all ACKs received)
[cspcla 18:56:33 pid=341729 tid=140650056472256] outbound_pdu callback link_id=2 tx_id=1605 len=360
[cspcla 18:56:34 pid=341729 tid=140650056472256] ✓ TX SUCCESS tx_id=1605 dst_csp=2:10 bytes=360 (all ACKs received)
[cspcla 18:56:34 pid=341729 tid=140650056472256] outbound_pdu callback link_id=2 tx_id=1606 len=360
[cspcla 18:56:34 pid=341729 tid=140650056472256] ✓ TX SUCCESS tx_id=1606 dst_csp=2:10 bytes=360 (all ACKs received)
[cspcla 18:56:34 pid=341729 tid=140650056472256] outbound_pdu callback link_id=2 tx_id=1607 len=360
[cspcla 18:56:34 pid=341729 tid=140650056472256] ✓ TX SUCCESS tx_id=1607 dst_csp=2:10 bytes=360 (all ACKs received)
[cspcla 18:56:34 pid=341729 tid=140650056472256] outbound_pdu callback link_id=2 tx_id=1608 len=360
[cspcla 18:56:34 pid=341729 tid=140650056472256] ✓ TX SUCCESS tx_id=1608 dst_csp=2:10 bytes=360 (all ACKs received)
[cspcla 18:56:34 pid=341729 tid=140650056472256] outbound_pdu callback link_id=2 tx_id=1609 len=360
[cspcla 18:56:35 pid=341729 tid=140650056472256] ✓ TX SUCCESS tx_id=1609 dst_csp=2:10 bytes=360 (all ACKs received)
[cspcla 18:56:35 pid=341729 tid=140650056472256] outbound_pdu callback link_id=2 tx_id=1610 len=360
[cspcla 18:56:35 pid=341729 tid=140650056472256] ✓ TX SUCCESS tx_id=1610 dst_csp=2:10 bytes=360 (all ACKs received)
[cspcla 18:56:36 pid=341729 tid=140650056472256] outbound_pdu callback link_id=2 tx_id=1611 len=360
[cspcla 18:56:36 pid=341729 tid=140650056472256] ✓ TX SUCCESS tx_id=1611 dst_csp=2:10 bytes=360 (all ACKs received)
[cspcla 18:56:36 pid=341729 tid=140650056472256] outbound_pdu callback link_id=2 tx_id=1612 len=360
[cspcla 18:56:36 pid=341729 tid=140650056472256] ✓ TX SUCCESS tx_id=1612 dst_csp=2:10 bytes=360 (all ACKs received)
[cspcla 18:56:36 pid=341729 tid=140650056472256] outbound_pdu callback link_id=2 tx_id=1613 len=360
[cspcla 18:56:36 pid=341729 tid=140650056472256] ✓ TX SUCCESS tx_id=1613 dst_csp=2:10 bytes=360 (all ACKs received)
[cspcla 18:56:36 pid=341729 tid=140650056472256] outbound_pdu callback link_id=2 tx_id=1614 len=360
[cspcla 18:56:36 pid=341729 tid=140650056472256] ✓ TX SUCCESS tx_id=1614 dst_csp=2:10 bytes=360 (all ACKs received)
[cspcla 18:56:36 pid=341729 tid=140650056472256] outbound_pdu callback link_id=2 tx_id=1615 len=360
[cspcla 18:56:37 pid=341729 tid=140650056472256] ✓ TX SUCCESS tx_id=1615 dst_csp=2:10 bytes=360 (all ACKs received)
[cspcla 18:56:37 pid=341729 tid=140650056472256] outbound_pdu callback link_id=2 tx_id=1616 len=360
[cspcla 18:56:37 pid=341729 tid=140650056472256] ✓ TX SUCCESS tx_id=1616 dst_csp=2:10 bytes=360 (all ACKs received)
[cspcla 18:56:37 pid=341729 tid=140650056472256] outbound_pdu callback link_id=2 tx_id=1617 len=360
[cspcla 18:56:37 pid=341729 tid=140650056472256] ✓ TX SUCCESS tx_id=1617 dst_csp=2:10 bytes=360 (all ACKs received)
[cspcla 18:56:37 pid=341729 tid=140650056472256] outbound_pdu callback link_id=2 tx_id=1618 len=360
[cspcla 18:56:37 pid=341729 tid=140650056472256] ✓ TX SUCCESS tx_id=1618 dst_csp=2:10 bytes=360 (all ACKs received)
[cspcla 18:56:37 pid=341729 tid=140650056472256] outbound_pdu callback link_id=2 tx_id=1619 len=360
[cspcla 18:56:38 pid=341729 tid=140650056472256] ✓ TX SUCCESS tx_id=1619 dst_csp=2:10 bytes=360 (all ACKs received)
[cspcla 18:56:38 pid=341729 tid=140650056472256] outbound_pdu callback link_id=2 tx_id=1620 len=360
[cspcla 18:56:38 pid=341729 tid=140650056472256] ✓ TX SUCCESS tx_id=1620 dst_csp=2:10 bytes=360 (all ACKs received)
[cspcla 18:56:39 pid=341729 tid=140650056472256] outbound_pdu callback link_id=2 tx_id=1621 len=360
[cspcla 18:56:39 pid=341729 tid=140650056472256] ✓ TX SUCCESS tx_id=1621 dst_csp=2:10 bytes=360 (all ACKs received)
[cspcla 18:56:39 pid=341729 tid=140650056472256] outbound_pdu callback link_id=2 tx_id=1622 len=360
[cspcla 18:56:39 pid=341729 tid=140650056472256] ✓ TX SUCCESS tx_id=1622 dst_csp=2:10 bytes=360 (all ACKs received)
[cspcla 18:56:39 pid=341729 tid=140650056472256] outbound_pdu callback link_id=2 tx_id=1623 len=360
[cspcla 18:56:39 pid=341729 tid=140650056472256] ✓ TX SUCCESS tx_id=1623 dst_csp=2:10 bytes=360 (all ACKs received)
[cspcla 18:56:39 pid=341729 tid=140650056472256] outbound_pdu callback link_id=2 tx_id=1624 len=360
[cspcla 18:56:39 pid=341729 tid=140650056472256] ✓ TX SUCCESS tx_id=1624 dst_csp=2:10 bytes=360 (all ACKs received)
[cspcla 18:56:39 pid=341729 tid=140650056472256] outbound_pdu callback link_id=2 tx_id=1625 len=360
[cspcla 18:56:40 pid=341729 tid=140650056472256] ✓ TX SUCCESS tx_id=1625 dst_csp=2:10 bytes=360 (all ACKs received)
[cspcla 18:56:40 pid=341729 tid=140650056472256] outbound_pdu callback link_id=2 tx_id=1626 len=360
[cspcla 18:56:40 pid=341729 tid=140650056472256] ✓ TX SUCCESS tx_id=1626 dst_csp=2:10 bytes=360 (all ACKs received)
[cspcla 18:56:40 pid=341729 tid=140650056472256] outbound_pdu callback link_id=2 tx_id=1627 len=360
[cspcla 18:56:40 pid=341729 tid=140650056472256] ✓ TX SUCCESS tx_id=1627 dst_csp=2:10 bytes=360 (all ACKs received)
[cspcla 18:56:40 pid=341729 tid=140650056472256] outbound_pdu callback link_id=2 tx_id=1628 len=360
[cspcla 18:56:40 pid=341729 tid=140650056472256] ✓ TX SUCCESS tx_id=1628 dst_csp=2:10 bytes=360 (all ACKs received)
[cspcla 18:56:40 pid=341729 tid=140650056472256] outbound_pdu callback link_id=2 tx_id=1629 len=360
[cspcla 18:56:41 pid=341729 tid=140650056472256] ✓ TX SUCCESS tx_id=1629 dst_csp=2:10 bytes=360 (all ACKs received)
[cspcla 18:56:41 pid=341729 tid=140650056472256] outbound_pdu callback link_id=2 tx_id=1630 len=360
[cspcla 18:56:41 pid=341729 tid=140650056472256] ✓ TX SUCCESS tx_id=1630 dst_csp=2:10 bytes=360 (all ACKs received)
[cspcla 18:56:42 pid=341729 tid=140650056472256] outbound_pdu callback link_id=2 tx_id=1631 len=360
[cspcla 18:56:42 pid=341729 tid=140650056472256] ✓ TX SUCCESS tx_id=1631 dst_csp=2:10 bytes=360 (all ACKs received)
[cspcla 18:56:42 pid=341729 tid=140650056472256] outbound_pdu callback link_id=2 tx_id=1632 len=360
[cspcla 18:56:42 pid=341729 tid=140650056472256] ✓ TX SUCCESS tx_id=1632 dst_csp=2:10 bytes=360 (all ACKs received)
[cspcla 18:56:42 pid=341729 tid=140650056472256] outbound_pdu callback link_id=2 tx_id=1633 len=360
[cspcla 18:56:42 pid=341729 tid=140650056472256] ✓ TX SUCCESS tx_id=1633 dst_csp=2:10 bytes=360 (all ACKs received)
[cspcla 18:56:42 pid=341729 tid=140650056472256] outbound_pdu callback link_id=2 tx_id=1634 len=360
[cspcla 18:56:42 pid=341729 tid=140650056472256] ✓ TX SUCCESS tx_id=1634 dst_csp=2:10 bytes=360 (all ACKs received)
[cspcla 18:56:42 pid=341729 tid=140650056472256] outbound_pdu callback link_id=2 tx_id=1635 len=360
[cspcla 18:56:43 pid=341729 tid=140650056472256] ✓ TX SUCCESS tx_id=1635 dst_csp=2:10 bytes=360 (all ACKs received)
[cspcla 18:56:43 pid=341729 tid=140650056472256] outbound_pdu callback link_id=2 tx_id=1636 len=360
[cspcla 18:56:43 pid=341729 tid=140650056472256] ✓ TX SUCCESS tx_id=1636 dst_csp=2:10 bytes=360 (all ACKs received)
[cspcla 18:56:43 pid=341729 tid=140650056472256] outbound_pdu callback link_id=2 tx_id=1637 len=360
[cspcla 18:56:43 pid=341729 tid=140650056472256] ✓ TX SUCCESS tx_id=1637 dst_csp=2:10 bytes=360 (all ACKs received)
[cspcla 18:56:43 pid=341729 tid=140650056472256] outbound_pdu callback link_id=2 tx_id=1638 len=360
[cspcla 18:56:43 pid=341729 tid=140650056472256] ✓ TX SUCCESS tx_id=1638 dst_csp=2:10 bytes=360 (all ACKs received)
[cspcla 18:56:43 pid=341729 tid=140650056472256] outbound_pdu callback link_id=2 tx_id=1639 len=360
[cspcla 18:56:44 pid=341729 tid=140650056472256] ✓ TX SUCCESS tx_id=1639 dst_csp=2:10 bytes=360 (all ACKs received)
[cspcla 18:56:44 pid=341729 tid=140650056472256] outbound_pdu callback link_id=2 tx_id=1640 len=360
[cspcla 18:56:44 pid=341729 tid=140650056472256] ✓ TX SUCCESS tx_id=1640 dst_csp=2:10 bytes=360 (all ACKs received)
[cspcla 18:56:45 pid=341729 tid=140650056472256] outbound_pdu callback link_id=2 tx_id=1641 len=360
[cspcla 18:56:45 pid=341729 tid=140650056472256] ✓ TX SUCCESS tx_id=1641 dst_csp=2:10 bytes=360 (all ACKs received)
[cspcla 18:56:45 pid=341729 tid=140650056472256] outbound_pdu callback link_id=2 tx_id=1642 len=360
[cspcla 18:56:45 pid=341729 tid=140650056472256] ✓ TX SUCCESS tx_id=1642 dst_csp=2:10 bytes=360 (all ACKs received)
[cspcla 18:56:45 pid=341729 tid=140650056472256] outbound_pdu callback link_id=2 tx_id=1643 len=360
[cspcla 18:56:45 pid=341729 tid=140650056472256] ✓ TX SUCCESS tx_id=1643 dst_csp=2:10 bytes=360 (all ACKs received)
[cspcla 18:56:45 pid=341729 tid=140650056472256] outbound_pdu callback link_id=2 tx_id=1644 len=360
[cspcla 18:56:45 pid=341729 tid=140650056472256] ✓ TX SUCCESS tx_id=1644 dst_csp=2:10 bytes=360 (all ACKs received)
[cspcla 18:56:45 pid=341729 tid=140650056472256] outbound_pdu callback link_id=2 tx_id=1645 len=360
[cspcla 18:56:46 pid=341729 tid=140650056472256] ✓ TX SUCCESS tx_id=1645 dst_csp=2:10 bytes=360 (all ACKs received)
[cspcla 18:56:46 pid=341729 tid=140650056472256] outbound_pdu callback link_id=2 tx_id=1646 len=360
[cspcla 18:56:46 pid=341729 tid=140650056472256] ✓ TX SUCCESS tx_id=1646 dst_csp=2:10 bytes=360 (all ACKs received)
[cspcla 18:56:46 pid=341729 tid=140650056472256] outbound_pdu callback link_id=2 tx_id=1647 len=360
[cspcla 18:56:46 pid=341729 tid=140650056472256] ✓ TX SUCCESS tx_id=1647 dst_csp=2:10 bytes=360 (all ACKs received)
[cspcla 18:56:46 pid=341729 tid=140650056472256] outbound_pdu callback link_id=2 tx_id=1648 len=360
[cspcla 18:56:46 pid=341729 tid=140650056472256] ✓ TX SUCCESS tx_id=1648 dst_csp=2:10 bytes=360 (all ACKs received)
[cspcla 18:56:46 pid=341729 tid=140650056472256] outbound_pdu callback link_id=2 tx_id=1649 len=360
[cspcla 18:56:46 pid=341729 tid=140650056472256] ✓ TX SUCCESS tx_id=1649 dst_csp=2:10 bytes=360 (all ACKs received)
[cspcla 18:56:46 pid=341729 tid=140650056472256] outbound_pdu callback link_id=2 tx_id=1650 len=360
[cspcla 18:56:47 pid=341729 tid=140650056472256] ✓ TX SUCCESS tx_id=1650 dst_csp=2:10 bytes=360 (all ACKs received)
[cspcla 18:56:48 pid=341729 tid=140650056472256] outbound_pdu callback link_id=2 tx_id=1651 len=360
[cspcla 18:56:48 pid=341729 tid=140650056472256] ✓ TX SUCCESS tx_id=1651 dst_csp=2:10 bytes=360 (all ACKs received)
[cspcla 18:56:48 pid=341729 tid=140650056472256] outbound_pdu callback link_id=2 tx_id=1652 len=360
[cspcla 18:56:48 pid=341729 tid=140650056472256] ✓ TX SUCCESS tx_id=1652 dst_csp=2:10 bytes=360 (all ACKs received)
[cspcla 18:56:48 pid=341729 tid=140650056472256] outbound_pdu callback link_id=2 tx_id=1653 len=360
[cspcla 18:56:48 pid=341729 tid=140650056472256] ✓ TX SUCCESS tx_id=1653 dst_csp=2:10 bytes=360 (all ACKs received)
[cspcla 18:56:48 pid=341729 tid=140650056472256] outbound_pdu callback link_id=2 tx_id=1654 len=360
[cspcla 18:56:48 pid=341729 tid=140650056472256] ✓ TX SUCCESS tx_id=1654 dst_csp=2:10 bytes=360 (all ACKs received)
[cspcla 18:56:48 pid=341729 tid=140650056472256] outbound_pdu callback link_id=2 tx_id=1655 len=360
[cspcla 18:56:49 pid=341729 tid=140650056472256] ✓ TX SUCCESS tx_id=1655 dst_csp=2:10 bytes=360 (all ACKs received)
[cspcla 18:56:49 pid=341729 tid=140650056472256] outbound_pdu callback link_id=2 tx_id=1656 len=360
[cspcla 18:56:49 pid=341729 tid=140650056472256] ✓ TX SUCCESS tx_id=1656 dst_csp=2:10 bytes=360 (all ACKs received)
[cspcla 18:56:49 pid=341729 tid=140650056472256] outbound_pdu callback link_id=2 tx_id=1657 len=360
[cspcla 18:56:49 pid=341729 tid=140650056472256] ✓ TX SUCCESS tx_id=1657 dst_csp=2:10 bytes=360 (all ACKs received)
[cspcla 18:56:49 pid=341729 tid=140650056472256] outbound_pdu callback link_id=2 tx_id=1658 len=360
[cspcla 18:56:49 pid=341729 tid=140650056472256] ✓ TX SUCCESS tx_id=1658 dst_csp=2:10 bytes=360 (all ACKs received)
[cspcla 18:56:49 pid=341729 tid=140650056472256] outbound_pdu callback link_id=2 tx_id=1659 len=360
[cspcla 18:56:50 pid=341729 tid=140650056472256] ✓ TX SUCCESS tx_id=1659 dst_csp=2:10 bytes=360 (all ACKs received)
[cspcla 18:56:50 pid=341729 tid=140650056472256] outbound_pdu callback link_id=2 tx_id=1660 len=360
[cspcla 18:56:50 pid=341729 tid=140650056472256] ✓ TX SUCCESS tx_id=1660 dst_csp=2:10 bytes=360 (all ACKs received)
[cspcla 18:56:51 pid=341729 tid=140650056472256] outbound_pdu callback link_id=2 tx_id=1661 len=360
[cspcla 18:56:51 pid=341729 tid=140650056472256] ✓ TX SUCCESS tx_id=1661 dst_csp=2:10 bytes=360 (all ACKs received)
[cspcla 18:56:51 pid=341729 tid=140650056472256] outbound_pdu callback link_id=2 tx_id=1662 len=360
[cspcla 18:56:51 pid=341729 tid=140650056472256] ✓ TX SUCCESS tx_id=1662 dst_csp=2:10 bytes=360 (all ACKs received)
[cspcla 18:56:51 pid=341729 tid=140650056472256] outbound_pdu callback link_id=2 tx_id=1663 len=360
[cspcla 18:56:51 pid=341729 tid=140650056472256] ✓ TX SUCCESS tx_id=1663 dst_csp=2:10 bytes=360 (all ACKs received)
[cspcla 18:56:51 pid=341729 tid=140650056472256] outbound_pdu callback link_id=2 tx_id=1664 len=360
[cspcla 18:56:51 pid=341729 tid=140650056472256] ✓ TX SUCCESS tx_id=1664 dst_csp=2:10 bytes=360 (all ACKs received)
[cspcla 18:56:51 pid=341729 tid=140650056472256] outbound_pdu callback link_id=2 tx_id=1665 len=360
[cspcla 18:56:52 pid=341729 tid=140650056472256] ✓ TX SUCCESS tx_id=1665 dst_csp=2:10 bytes=360 (all ACKs received)
[cspcla 18:56:52 pid=341729 tid=140650056472256] outbound_pdu callback link_id=2 tx_id=1666 len=360
[cspcla 18:56:52 pid=341729 tid=140650056472256] ✓ TX SUCCESS tx_id=1666 dst_csp=2:10 bytes=360 (all ACKs received)
[cspcla 18:56:52 pid=341729 tid=140650056472256] outbound_pdu callback link_id=2 tx_id=1667 len=360
[cspcla 18:56:52 pid=341729 tid=140650056472256] ✓ TX SUCCESS tx_id=1667 dst_csp=2:10 bytes=360 (all ACKs received)
[cspcla 18:56:52 pid=341729 tid=140650056472256] outbound_pdu callback link_id=2 tx_id=1668 len=360
[cspcla 18:56:52 pid=341729 tid=140650056472256] ✓ TX SUCCESS tx_id=1668 dst_csp=2:10 bytes=360 (all ACKs received)
[cspcla 18:56:52 pid=341729 tid=140650056472256] outbound_pdu callback link_id=2 tx_id=1669 len=360
[cspcla 18:56:53 pid=341729 tid=140650056472256] ✓ TX SUCCESS tx_id=1669 dst_csp=2:10 bytes=360 (all ACKs received)
[cspcla 18:56:53 pid=341729 tid=140650056472256] outbound_pdu callback link_id=2 tx_id=1670 len=360
[cspcla 18:56:53 pid=341729 tid=140650056472256] ✓ TX SUCCESS tx_id=1670 dst_csp=2:10 bytes=360 (all ACKs received)
[cspcla 18:56:54 pid=341729 tid=140650056472256] outbound_pdu callback link_id=2 tx_id=1671 len=360
[cspcla 18:56:54 pid=341729 tid=140650056472256] ✓ TX SUCCESS tx_id=1671 dst_csp=2:10 bytes=360 (all ACKs received)
[cspcla 18:56:54 pid=341729 tid=140650056472256] outbound_pdu callback link_id=2 tx_id=1672 len=360
[cspcla 18:56:54 pid=341729 tid=140650056472256] ✓ TX SUCCESS tx_id=1672 dst_csp=2:10 bytes=360 (all ACKs received)
[cspcla 18:56:54 pid=341729 tid=140650056472256] outbound_pdu callback link_id=2 tx_id=1673 len=360
[cspcla 18:56:54 pid=341729 tid=140650056472256] ✓ TX SUCCESS tx_id=1673 dst_csp=2:10 bytes=360 (all ACKs received)
[cspcla 18:56:54 pid=341729 tid=140650056472256] outbound_pdu callback link_id=2 tx_id=1674 len=360
[cspcla 18:56:54 pid=341729 tid=140650056472256] ✓ TX SUCCESS tx_id=1674 dst_csp=2:10 bytes=360 (all ACKs received)
[cspcla 18:56:54 pid=341729 tid=140650056472256] outbound_pdu callback link_id=2 tx_id=1675 len=360
[cspcla 18:56:55 pid=341729 tid=140650056472256] ✓ TX SUCCESS tx_id=1675 dst_csp=2:10 bytes=360 (all ACKs received)
[cspcla 18:56:55 pid=341729 tid=140650056472256] outbound_pdu callback link_id=2 tx_id=1676 len=360
[cspcla 18:56:55 pid=341729 tid=140650056472256] ✓ TX SUCCESS tx_id=1676 dst_csp=2:10 bytes=360 (all ACKs received)
[cspcla 18:56:55 pid=341729 tid=140650056472256] outbound_pdu callback link_id=2 tx_id=1677 len=360
[cspcla 18:56:55 pid=341729 tid=140650056472256] ✓ TX SUCCESS tx_id=1677 dst_csp=2:10 bytes=360 (all ACKs received)
[cspcla 18:56:55 pid=341729 tid=140650056472256] outbound_pdu callback link_id=2 tx_id=1678 len=360
[cspcla 18:56:55 pid=341729 tid=140650056472256] ✓ TX SUCCESS tx_id=1678 dst_csp=2:10 bytes=360 (all ACKs received)
[cspcla 18:56:55 pid=341729 tid=140650056472256] outbound_pdu callback link_id=2 tx_id=1679 len=360
[cspcla 18:56:55 pid=341729 tid=140650056472256] ✓ TX SUCCESS tx_id=1679 dst_csp=2:10 bytes=360 (all ACKs received)
[cspcla 18:56:55 pid=341729 tid=140650056472256] outbound_pdu callback link_id=2 tx_id=1680 len=360
[cspcla 18:56:56 pid=341729 tid=140650056472256] ✓ TX SUCCESS tx_id=1680 dst_csp=2:10 bytes=360 (all ACKs received)
[cspcla 18:56:57 pid=341729 tid=140650056472256] outbound_pdu callback link_id=2 tx_id=1681 len=360
[cspcla 18:56:57 pid=341729 tid=140650056472256] ✓ TX SUCCESS tx_id=1681 dst_csp=2:10 bytes=360 (all ACKs received)
[cspcla 18:56:57 pid=341729 tid=140650056472256] outbound_pdu callback link_id=2 tx_id=1682 len=360
[cspcla 18:56:57 pid=341729 tid=140650056472256] ✓ TX SUCCESS tx_id=1682 dst_csp=2:10 bytes=360 (all ACKs received)
[cspcla 18:56:57 pid=341729 tid=140650056472256] outbound_pdu callback link_id=2 tx_id=1683 len=360
[cspcla 18:56:57 pid=341729 tid=140650056472256] ✓ TX SUCCESS tx_id=1683 dst_csp=2:10 bytes=360 (all ACKs received)
[cspcla 18:56:57 pid=341729 tid=140650056472256] outbound_pdu callback link_id=2 tx_id=1684 len=360
[cspcla 18:56:57 pid=341729 tid=140650056472256] ✓ TX SUCCESS tx_id=1684 dst_csp=2:10 bytes=360 (all ACKs received)
[cspcla 18:56:57 pid=341729 tid=140650056472256] outbound_pdu callback link_id=2 tx_id=1685 len=360
[cspcla 18:56:58 pid=341729 tid=140650056472256] ✓ TX SUCCESS tx_id=1685 dst_csp=2:10 bytes=360 (all ACKs received)
[cspcla 18:56:58 pid=341729 tid=140650056472256] outbound_pdu callback link_id=2 tx_id=1686 len=360
[cspcla 18:56:58 pid=341729 tid=140650056472256] ✓ TX SUCCESS tx_id=1686 dst_csp=2:10 bytes=360 (all ACKs received)
[cspcla 18:56:58 pid=341729 tid=140650056472256] outbound_pdu callback link_id=2 tx_id=1687 len=360
[cspcla 18:56:58 pid=341729 tid=140650056472256] ✓ TX SUCCESS tx_id=1687 dst_csp=2:10 bytes=360 (all ACKs received)
[cspcla 18:56:58 pid=341729 tid=140650056472256] outbound_pdu callback link_id=2 tx_id=1688 len=360
[cspcla 18:56:58 pid=341729 tid=140650056472256] ✓ TX SUCCESS tx_id=1688 dst_csp=2:10 bytes=360 (all ACKs received)
[cspcla 18:56:58 pid=341729 tid=140650056472256] outbound_pdu callback link_id=2 tx_id=1689 len=360
[cspcla 18:56:59 pid=341729 tid=140650056472256] ✓ TX SUCCESS tx_id=1689 dst_csp=2:10 bytes=360 (all ACKs received)
[cspcla 18:56:59 pid=341729 tid=140650056472256] outbound_pdu callback link_id=2 tx_id=1690 len=360
[cspcla 18:56:59 pid=341729 tid=140650056472256] ✓ TX SUCCESS tx_id=1690 dst_csp=2:10 bytes=360 (all ACKs received)
[cspcla 18:57:00 pid=341729 tid=140650056472256] outbound_pdu callback link_id=2 tx_id=1691 len=360
[cspcla 18:57:00 pid=341729 tid=140650056472256] ✓ TX SUCCESS tx_id=1691 dst_csp=2:10 bytes=360 (all ACKs received)
[cspcla 18:57:00 pid=341729 tid=140650056472256] outbound_pdu callback link_id=2 tx_id=1692 len=360
[cspcla 18:57:00 pid=341729 tid=140650056472256] ✓ TX SUCCESS tx_id=1692 dst_csp=2:10 bytes=360 (all ACKs received)
[cspcla 18:57:00 pid=341729 tid=140650056472256] outbound_pdu callback link_id=2 tx_id=1693 len=360
[cspcla 18:57:00 pid=341729 tid=140650056472256] ✓ TX SUCCESS tx_id=1693 dst_csp=2:10 bytes=360 (all ACKs received)
[cspcla 18:57:00 pid=341729 tid=140650056472256] outbound_pdu callback link_id=2 tx_id=1694 len=360
[cspcla 18:57:00 pid=341729 tid=140650056472256] ✓ TX SUCCESS tx_id=1694 dst_csp=2:10 bytes=360 (all ACKs received)
[cspcla 18:57:00 pid=341729 tid=140650056472256] outbound_pdu callback link_id=2 tx_id=1695 len=360
[cspcla 18:57:00 pid=341729 tid=140650056472256] ✓ TX SUCCESS tx_id=1695 dst_csp=2:10 bytes=360 (all ACKs received)
[cspcla 18:57:00 pid=341729 tid=140650056472256] outbound_pdu callback link_id=2 tx_id=1696 len=360
[cspcla 18:57:01 pid=341729 tid=140650056472256] ✓ TX SUCCESS tx_id=1696 dst_csp=2:10 bytes=360 (all ACKs received)
[cspcla 18:57:01 pid=341729 tid=140650056472256] outbound_pdu callback link_id=2 tx_id=1697 len=360
[cspcla 18:57:01 pid=341729 tid=140650056472256] ✓ TX SUCCESS tx_id=1697 dst_csp=2:10 bytes=360 (all ACKs received)
[cspcla 18:57:01 pid=341729 tid=140650056472256] outbound_pdu callback link_id=2 tx_id=1698 len=360
[cspcla 18:57:01 pid=341729 tid=140650056472256] ✓ TX SUCCESS tx_id=1698 dst_csp=2:10 bytes=360 (all ACKs received)
[cspcla 18:57:01 pid=341729 tid=140650056472256] outbound_pdu callback link_id=2 tx_id=1699 len=360
[cspcla 18:57:01 pid=341729 tid=140650056472256] ✓ TX SUCCESS tx_id=1699 dst_csp=2:10 bytes=360 (all ACKs received)
[cspcla 18:57:01 pid=341729 tid=140650056472256] outbound_pdu callback link_id=2 tx_id=1700 len=360
[cspcla 18:57:02 pid=341729 tid=140650056472256] ✓ TX SUCCESS tx_id=1700 dst_csp=2:10 bytes=360 (all ACKs received)
[cspcla 18:57:03 pid=341729 tid=140650056472256] outbound_pdu callback link_id=2 tx_id=1701 len=360
[cspcla 18:57:03 pid=341729 tid=140650056472256] ✓ TX SUCCESS tx_id=1701 dst_csp=2:10 bytes=360 (all ACKs received)
[cspcla 18:57:03 pid=341729 tid=140650056472256] outbound_pdu callback link_id=2 tx_id=1702 len=360
[cspcla 18:57:03 pid=341729 tid=140650056472256] ✓ TX SUCCESS tx_id=1702 dst_csp=2:10 bytes=360 (all ACKs received)
[cspcla 18:57:03 pid=341729 tid=140650056472256] outbound_pdu callback link_id=2 tx_id=1703 len=360
[cspcla 18:57:03 pid=341729 tid=140650056472256] ✓ TX SUCCESS tx_id=1703 dst_csp=2:10 bytes=360 (all ACKs received)
[cspcla 18:57:03 pid=341729 tid=140650056472256] outbound_pdu callback link_id=2 tx_id=1704 len=360
[cspcla 18:57:03 pid=341729 tid=140650056472256] ✓ TX SUCCESS tx_id=1704 dst_csp=2:10 bytes=360 (all ACKs received)
[cspcla 18:57:03 pid=341729 tid=140650056472256] outbound_pdu callback link_id=2 tx_id=1705 len=360
[cspcla 18:57:04 pid=341729 tid=140650056472256] ✓ TX SUCCESS tx_id=1705 dst_csp=2:10 bytes=360 (all ACKs received)
[cspcla 18:57:04 pid=341729 tid=140650056472256] outbound_pdu callback link_id=2 tx_id=1706 len=360
[cspcla 18:57:04 pid=341729 tid=140650056472256] ✓ TX SUCCESS tx_id=1706 dst_csp=2:10 bytes=360 (all ACKs received)
[cspcla 18:57:04 pid=341729 tid=140650056472256] outbound_pdu callback link_id=2 tx_id=1707 len=360
[cspcla 18:57:04 pid=341729 tid=140650056472256] ✓ TX SUCCESS tx_id=1707 dst_csp=2:10 bytes=360 (all ACKs received)
[cspcla 18:57:04 pid=341729 tid=140650056472256] outbound_pdu callback link_id=2 tx_id=1708 len=360
[cspcla 18:57:04 pid=341729 tid=140650056472256] ✓ TX SUCCESS tx_id=1708 dst_csp=2:10 bytes=360 (all ACKs received)
[cspcla 18:57:04 pid=341729 tid=140650056472256] outbound_pdu callback link_id=2 tx_id=1709 len=360
[cspcla 18:57:05 pid=341729 tid=140650056472256] ✓ TX SUCCESS tx_id=1709 dst_csp=2:10 bytes=360 (all ACKs received)
[cspcla 18:57:05 pid=341729 tid=140650056472256] outbound_pdu callback link_id=2 tx_id=1710 len=360
[cspcla 18:57:05 pid=341729 tid=140650056472256] ✓ TX SUCCESS tx_id=1710 dst_csp=2:10 bytes=360 (all ACKs received)
[cspcla 18:57:06 pid=341729 tid=140650056472256] outbound_pdu callback link_id=2 tx_id=1711 len=360
[cspcla 18:57:06 pid=341729 tid=140650056472256] ✓ TX SUCCESS tx_id=1711 dst_csp=2:10 bytes=360 (all ACKs received)
[cspcla 18:57:06 pid=341729 tid=140650056472256] outbound_pdu callback link_id=2 tx_id=1712 len=360
[cspcla 18:57:06 pid=341729 tid=140650056472256] ✓ TX SUCCESS tx_id=1712 dst_csp=2:10 bytes=360 (all ACKs received)
[cspcla 18:57:06 pid=341729 tid=140650056472256] outbound_pdu callback link_id=2 tx_id=1713 len=360
[cspcla 18:57:06 pid=341729 tid=140650056472256] ✓ TX SUCCESS tx_id=1713 dst_csp=2:10 bytes=360 (all ACKs received)
[cspcla 18:57:06 pid=341729 tid=140650056472256] outbound_pdu callback link_id=2 tx_id=1714 len=360
[cspcla 18:57:06 pid=341729 tid=140650056472256] ✓ TX SUCCESS tx_id=1714 dst_csp=2:10 bytes=360 (all ACKs received)
[cspcla 18:57:06 pid=341729 tid=140650056472256] outbound_pdu callback link_id=2 tx_id=1715 len=360
[cspcla 18:57:06 pid=341729 tid=140650056472256] ✓ TX SUCCESS tx_id=1715 dst_csp=2:10 bytes=360 (all ACKs received)
[cspcla 18:57:06 pid=341729 tid=140650056472256] outbound_pdu callback link_id=2 tx_id=1716 len=360
[cspcla 18:57:06 pid=341729 tid=140650056472256] ✓ TX SUCCESS tx_id=1716 dst_csp=2:10 bytes=360 (all ACKs received)
[cspcla 18:57:06 pid=341729 tid=140650056472256] outbound_pdu callback link_id=2 tx_id=1717 len=360
[cspcla 18:57:07 pid=341729 tid=140650056472256] ✓ TX SUCCESS tx_id=1717 dst_csp=2:10 bytes=360 (all ACKs received)
[cspcla 18:57:07 pid=341729 tid=140650056472256] outbound_pdu callback link_id=2 tx_id=1718 len=360
[cspcla 18:57:07 pid=341729 tid=140650056472256] ✓ TX SUCCESS tx_id=1718 dst_csp=2:10 bytes=360 (all ACKs received)
[cspcla 18:57:07 pid=341729 tid=140650056472256] outbound_pdu callback link_id=2 tx_id=1719 len=360
[cspcla 18:57:08 pid=341729 tid=140650056472256] ✓ TX SUCCESS tx_id=1719 dst_csp=2:10 bytes=360 (all ACKs received)
[cspcla 18:57:08 pid=341729 tid=140650056472256] outbound_pdu callback link_id=2 tx_id=1720 len=360
[cspcla 18:57:08 pid=341729 tid=140650056472256] ✓ TX SUCCESS tx_id=1720 dst_csp=2:10 bytes=360 (all ACKs received)
[cspcla 18:57:09 pid=341729 tid=140650056472256] outbound_pdu callback link_id=2 tx_id=1721 len=360
[cspcla 18:57:09 pid=341729 tid=140650056472256] ✓ TX SUCCESS tx_id=1721 dst_csp=2:10 bytes=360 (all ACKs received)
[cspcla 18:57:09 pid=341729 tid=140650056472256] outbound_pdu callback link_id=2 tx_id=1722 len=360
[cspcla 18:57:09 pid=341729 tid=140650056472256] ✓ TX SUCCESS tx_id=1722 dst_csp=2:10 bytes=360 (all ACKs received)
[cspcla 18:57:09 pid=341729 tid=140650056472256] outbound_pdu callback link_id=2 tx_id=1723 len=360
[cspcla 18:57:09 pid=341729 tid=140650056472256] ✓ TX SUCCESS tx_id=1723 dst_csp=2:10 bytes=360 (all ACKs received)
[cspcla 18:57:09 pid=341729 tid=140650056472256] outbound_pdu callback link_id=2 tx_id=1724 len=360
[cspcla 18:57:09 pid=341729 tid=140650056472256] ✓ TX SUCCESS tx_id=1724 dst_csp=2:10 bytes=360 (all ACKs received)
[cspcla 18:57:09 pid=341729 tid=140650056472256] outbound_pdu callback link_id=2 tx_id=1725 len=360
[cspcla 18:57:09 pid=341729 tid=140650056472256] ✓ TX SUCCESS tx_id=1725 dst_csp=2:10 bytes=360 (all ACKs received)
[cspcla 18:57:09 pid=341729 tid=140650056472256] outbound_pdu callback link_id=2 tx_id=1726 len=360
[cspcla 18:57:10 pid=341729 tid=140650056472256] ✓ TX SUCCESS tx_id=1726 dst_csp=2:10 bytes=360 (all ACKs received)
[cspcla 18:57:10 pid=341729 tid=140650056472256] outbound_pdu callback link_id=2 tx_id=1727 len=360
[cspcla 18:57:10 pid=341729 tid=140650056472256] ✓ TX SUCCESS tx_id=1727 dst_csp=2:10 bytes=360 (all ACKs received)
[cspcla 18:57:10 pid=341729 tid=140650056472256] outbound_pdu callback link_id=2 tx_id=1728 len=360
[cspcla 18:57:10 pid=341729 tid=140650056472256] ✓ TX SUCCESS tx_id=1728 dst_csp=2:10 bytes=360 (all ACKs received)
[cspcla 18:57:10 pid=341729 tid=140650056472256] outbound_pdu callback link_id=2 tx_id=1729 len=360
[cspcla 18:57:11 pid=341729 tid=140650056472256] ✓ TX SUCCESS tx_id=1729 dst_csp=2:10 bytes=360 (all ACKs received)
[cspcla 18:57:11 pid=341729 tid=140650056472256] outbound_pdu callback link_id=2 tx_id=1730 len=360
[cspcla 18:57:11 pid=341729 tid=140650056472256] ✓ TX SUCCESS tx_id=1730 dst_csp=2:10 bytes=360 (all ACKs received)
[cspcla 18:57:12 pid=341729 tid=140650056472256] outbound_pdu callback link_id=2 tx_id=1731 len=360
[cspcla 18:57:12 pid=341729 tid=140650056472256] ✓ TX SUCCESS tx_id=1731 dst_csp=2:10 bytes=360 (all ACKs received)
[cspcla 18:57:12 pid=341729 tid=140650056472256] outbound_pdu callback link_id=2 tx_id=1732 len=360
[cspcla 18:57:12 pid=341729 tid=140650056472256] ✓ TX SUCCESS tx_id=1732 dst_csp=2:10 bytes=360 (all ACKs received)
[cspcla 18:57:12 pid=341729 tid=140650056472256] outbound_pdu callback link_id=2 tx_id=1733 len=360
[cspcla 18:57:12 pid=341729 tid=140650056472256] ✓ TX SUCCESS tx_id=1733 dst_csp=2:10 bytes=360 (all ACKs received)
[cspcla 18:57:12 pid=341729 tid=140650056472256] outbound_pdu callback link_id=2 tx_id=1734 len=360
[cspcla 18:57:12 pid=341729 tid=140650056472256] ✓ TX SUCCESS tx_id=1734 dst_csp=2:10 bytes=360 (all ACKs received)
[cspcla 18:57:12 pid=341729 tid=140650056472256] outbound_pdu callback link_id=2 tx_id=1735 len=360
[cspcla 18:57:12 pid=341729 tid=140650056472256] ✓ TX SUCCESS tx_id=1735 dst_csp=2:10 bytes=360 (all ACKs received)
[cspcla 18:57:12 pid=341729 tid=140650056472256] outbound_pdu callback link_id=2 tx_id=1736 len=360
[cspcla 18:57:13 pid=341729 tid=140650056472256] ✓ TX SUCCESS tx_id=1736 dst_csp=2:10 bytes=360 (all ACKs received)
[cspcla 18:57:13 pid=341729 tid=140650056472256] outbound_pdu callback link_id=2 tx_id=1737 len=360
[cspcla 18:57:13 pid=341729 tid=140650056472256] ✓ TX SUCCESS tx_id=1737 dst_csp=2:10 bytes=360 (all ACKs received)
[cspcla 18:57:13 pid=341729 tid=140650056472256] outbound_pdu callback link_id=2 tx_id=1738 len=360
[cspcla 18:57:13 pid=341729 tid=140650056472256] ✓ TX SUCCESS tx_id=1738 dst_csp=2:10 bytes=360 (all ACKs received)
[cspcla 18:57:13 pid=341729 tid=140650056472256] outbound_pdu callback link_id=2 tx_id=1739 len=360
[cspcla 18:57:13 pid=341729 tid=140650056472256] ✓ TX SUCCESS tx_id=1739 dst_csp=2:10 bytes=360 (all ACKs received)
[cspcla 18:57:13 pid=341729 tid=140650056472256] outbound_pdu callback link_id=2 tx_id=1740 len=360
[cspcla 18:57:14 pid=341729 tid=140650056472256] ✓ TX SUCCESS tx_id=1740 dst_csp=2:10 bytes=360 (all ACKs received)
[cspcla 18:57:15 pid=341729 tid=140650056472256] outbound_pdu callback link_id=2 tx_id=1741 len=360
[cspcla 18:57:15 pid=341729 tid=140650056472256] ✓ TX SUCCESS tx_id=1741 dst_csp=2:10 bytes=360 (all ACKs received)
[cspcla 18:57:15 pid=341729 tid=140650056472256] outbound_pdu callback link_id=2 tx_id=1742 len=360
[cspcla 18:57:15 pid=341729 tid=140650056472256] ✓ TX SUCCESS tx_id=1742 dst_csp=2:10 bytes=360 (all ACKs received)
[cspcla 18:57:15 pid=341729 tid=140650056472256] outbound_pdu callback link_id=2 tx_id=1743 len=360
[cspcla 18:57:15 pid=341729 tid=140650056472256] ✓ TX SUCCESS tx_id=1743 dst_csp=2:10 bytes=360 (all ACKs received)
[cspcla 18:57:15 pid=341729 tid=140650056472256] outbound_pdu callback link_id=2 tx_id=1744 len=360
[cspcla 18:57:15 pid=341729 tid=140650056472256] ✓ TX SUCCESS tx_id=1744 dst_csp=2:10 bytes=360 (all ACKs received)
[cspcla 18:57:15 pid=341729 tid=140650056472256] outbound_pdu callback link_id=2 tx_id=1745 len=360
[cspcla 18:57:16 pid=341729 tid=140650056472256] ✓ TX SUCCESS tx_id=1745 dst_csp=2:10 bytes=360 (all ACKs received)
[cspcla 18:57:16 pid=341729 tid=140650056472256] outbound_pdu callback link_id=2 tx_id=1746 len=360
[cspcla 18:57:16 pid=341729 tid=140650056472256] ✓ TX SUCCESS tx_id=1746 dst_csp=2:10 bytes=360 (all ACKs received)
[cspcla 18:57:16 pid=341729 tid=140650056472256] outbound_pdu callback link_id=2 tx_id=1747 len=360
[cspcla 18:57:16 pid=341729 tid=140650056472256] ✓ TX SUCCESS tx_id=1747 dst_csp=2:10 bytes=360 (all ACKs received)
[cspcla 18:57:16 pid=341729 tid=140650056472256] outbound_pdu callback link_id=2 tx_id=1748 len=360
[cspcla 18:57:16 pid=341729 tid=140650056472256] ✓ TX SUCCESS tx_id=1748 dst_csp=2:10 bytes=360 (all ACKs received)
[cspcla 18:57:16 pid=341729 tid=140650056472256] outbound_pdu callback link_id=2 tx_id=1749 len=360
[cspcla 18:57:17 pid=341729 tid=140650056472256] ✓ TX SUCCESS tx_id=1749 dst_csp=2:10 bytes=360 (all ACKs received)
[cspcla 18:57:17 pid=341729 tid=140650056472256] outbound_pdu callback link_id=2 tx_id=1750 len=360
[cspcla 18:57:17 pid=341729 tid=140650056472256] ✓ TX SUCCESS tx_id=1750 dst_csp=2:10 bytes=360 (all ACKs received)
[cspcla 18:57:18 pid=341729 tid=140650056472256] outbound_pdu callback link_id=2 tx_id=1751 len=360
[cspcla 18:57:18 pid=341729 tid=140650056472256] ✓ TX SUCCESS tx_id=1751 dst_csp=2:10 bytes=360 (all ACKs received)
[cspcla 18:57:18 pid=341729 tid=140650056472256] outbound_pdu callback link_id=2 tx_id=1752 len=360
[cspcla 18:57:18 pid=341729 tid=140650056472256] ✓ TX SUCCESS tx_id=1752 dst_csp=2:10 bytes=360 (all ACKs received)
[cspcla 18:57:18 pid=341729 tid=140650056472256] outbound_pdu callback link_id=2 tx_id=1753 len=360
[cspcla 18:57:18 pid=341729 tid=140650056472256] ✓ TX SUCCESS tx_id=1753 dst_csp=2:10 bytes=360 (all ACKs received)
[cspcla 18:57:18 pid=341729 tid=140650056472256] outbound_pdu callback link_id=2 tx_id=1754 len=360
[cspcla 18:57:18 pid=341729 tid=140650056472256] ✓ TX SUCCESS tx_id=1754 dst_csp=2:10 bytes=360 (all ACKs received)
[cspcla 18:57:18 pid=341729 tid=140650056472256] outbound_pdu callback link_id=2 tx_id=1755 len=360
[cspcla 18:57:18 pid=341729 tid=140650056472256] ✓ TX SUCCESS tx_id=1755 dst_csp=2:10 bytes=360 (all ACKs received)
[cspcla 18:57:18 pid=341729 tid=140650056472256] outbound_pdu callback link_id=2 tx_id=1756 len=360
[cspcla 18:57:19 pid=341729 tid=140650056472256] ✓ TX SUCCESS tx_id=1756 dst_csp=2:10 bytes=360 (all ACKs received)
[cspcla 18:57:19 pid=341729 tid=140650056472256] outbound_pdu callback link_id=2 tx_id=1757 len=360
[cspcla 18:57:19 pid=341729 tid=140650056472256] ✓ TX SUCCESS tx_id=1757 dst_csp=2:10 bytes=360 (all ACKs received)
[cspcla 18:57:19 pid=341729 tid=140650056472256] outbound_pdu callback link_id=2 tx_id=1758 len=360
[cspcla 18:57:19 pid=341729 tid=140650056472256] ✓ TX SUCCESS tx_id=1758 dst_csp=2:10 bytes=360 (all ACKs received)
[cspcla 18:57:19 pid=341729 tid=140650056472256] outbound_pdu callback link_id=2 tx_id=1759 len=360
[cspcla 18:57:20 pid=341729 tid=140650056472256] ✓ TX SUCCESS tx_id=1759 dst_csp=2:10 bytes=360 (all ACKs received)
[cspcla 18:57:20 pid=341729 tid=140650056472256] outbound_pdu callback link_id=2 tx_id=1760 len=360
[cspcla 18:57:20 pid=341729 tid=140650056472256] ✓ TX SUCCESS tx_id=1760 dst_csp=2:10 bytes=360 (all ACKs received)
[cspcla 18:57:20 pid=341729 tid=140650056472256] outbound_pdu callback link_id=2 tx_id=1761 len=360
[cspcla 18:57:20 pid=341729 tid=140650056472256] ✓ TX SUCCESS tx_id=1761 dst_csp=2:10 bytes=360 (all ACKs received)
[cspcla 18:57:20 pid=341729 tid=140650056472256] outbound_pdu callback link_id=2 tx_id=1762 len=360
[cspcla 18:57:20 pid=341729 tid=140650056472256] ✓ TX SUCCESS tx_id=1762 dst_csp=2:10 bytes=360 (all ACKs received)
[cspcla 18:57:21 pid=341729 tid=140650056472256] outbound_pdu callback link_id=2 tx_id=1763 len=360
[cspcla 18:57:21 pid=341729 tid=140650056472256] ✓ TX SUCCESS tx_id=1763 dst_csp=2:10 bytes=360 (all ACKs received)
[cspcla 18:57:21 pid=341729 tid=140650056472256] outbound_pdu callback link_id=2 tx_id=1764 len=360
[cspcla 18:57:21 pid=341729 tid=140650056472256] ✓ TX SUCCESS tx_id=1764 dst_csp=2:10 bytes=360 (all ACKs received)
[cspcla 18:57:21 pid=341729 tid=140650056472256] outbound_pdu callback link_id=2 tx_id=1765 len=360
[cspcla 18:57:21 pid=341729 tid=140650056472256] ✓ TX SUCCESS tx_id=1765 dst_csp=2:10 bytes=360 (all ACKs received)
[cspcla 18:57:21 pid=341729 tid=140650056472256] outbound_pdu callback link_id=2 tx_id=1766 len=360
[cspcla 18:57:22 pid=341729 tid=140650056472256] ✓ TX SUCCESS tx_id=1766 dst_csp=2:10 bytes=360 (all ACKs received)
[cspcla 18:57:22 pid=341729 tid=140650056472256] outbound_pdu callback link_id=2 tx_id=1767 len=360
[cspcla 18:57:22 pid=341729 tid=140650056472256] ✓ TX SUCCESS tx_id=1767 dst_csp=2:10 bytes=360 (all ACKs received)
[cspcla 18:57:22 pid=341729 tid=140650056472256] outbound_pdu callback link_id=2 tx_id=1768 len=360
[cspcla 18:57:22 pid=341729 tid=140650056472256] ✓ TX SUCCESS tx_id=1768 dst_csp=2:10 bytes=360 (all ACKs received)
[cspcla 18:57:22 pid=341729 tid=140650056472256] outbound_pdu callback link_id=2 tx_id=1769 len=360
[cspcla 18:57:22 pid=341729 tid=140650056472256] ✓ TX SUCCESS tx_id=1769 dst_csp=2:10 bytes=360 (all ACKs received)
[cspcla 18:57:22 pid=341729 tid=140650056472256] outbound_pdu callback link_id=2 tx_id=1770 len=360
[cspcla 18:57:23 pid=341729 tid=140650056472256] ✓ TX SUCCESS tx_id=1770 dst_csp=2:10 bytes=360 (all ACKs received)
[cspcla 18:57:24 pid=341729 tid=140650056472256] outbound_pdu callback link_id=2 tx_id=1771 len=360
[cspcla 18:57:24 pid=341729 tid=140650056472256] ✓ TX SUCCESS tx_id=1771 dst_csp=2:10 bytes=360 (all ACKs received)
[cspcla 18:57:24 pid=341729 tid=140650056472256] outbound_pdu callback link_id=2 tx_id=1772 len=360
[cspcla 18:57:24 pid=341729 tid=140650056472256] ✓ TX SUCCESS tx_id=1772 dst_csp=2:10 bytes=360 (all ACKs received)
[cspcla 18:57:24 pid=341729 tid=140650056472256] outbound_pdu callback link_id=2 tx_id=1773 len=360
[cspcla 18:57:24 pid=341729 tid=140650056472256] ✓ TX SUCCESS tx_id=1773 dst_csp=2:10 bytes=360 (all ACKs received)
[cspcla 18:57:24 pid=341729 tid=140650056472256] outbound_pdu callback link_id=2 tx_id=1774 len=360
[cspcla 18:57:24 pid=341729 tid=140650056472256] ✓ TX SUCCESS tx_id=1774 dst_csp=2:10 bytes=360 (all ACKs received)
[cspcla 18:57:24 pid=341729 tid=140650056472256] outbound_pdu callback link_id=2 tx_id=1775 len=360
[cspcla 18:57:24 pid=341729 tid=140650056472256] ✓ TX SUCCESS tx_id=1775 dst_csp=2:10 bytes=360 (all ACKs received)
[cspcla 18:57:24 pid=341729 tid=140650056472256] outbound_pdu callback link_id=2 tx_id=1776 len=360
[cspcla 18:57:24 pid=341729 tid=140650056472256] ✓ TX SUCCESS tx_id=1776 dst_csp=2:10 bytes=360 (all ACKs received)
[cspcla 18:57:24 pid=341729 tid=140650056472256] outbound_pdu callback link_id=2 tx_id=1777 len=360
[cspcla 18:57:25 pid=341729 tid=140650056472256] ✓ TX SUCCESS tx_id=1777 dst_csp=2:10 bytes=360 (all ACKs received)
[cspcla 18:57:25 pid=341729 tid=140650056472256] outbound_pdu callback link_id=2 tx_id=1778 len=360
[cspcla 18:57:25 pid=341729 tid=140650056472256] ✓ TX SUCCESS tx_id=1778 dst_csp=2:10 bytes=360 (all ACKs received)
[cspcla 18:57:25 pid=341729 tid=140650056472256] outbound_pdu callback link_id=2 tx_id=1779 len=360
[cspcla 18:57:26 pid=341729 tid=140650056472256] ✓ TX SUCCESS tx_id=1779 dst_csp=2:10 bytes=360 (all ACKs received)
[cspcla 18:57:26 pid=341729 tid=140650056472256] outbound_pdu callback link_id=2 tx_id=1780 len=360
[cspcla 18:57:26 pid=341729 tid=140650056472256] ✓ TX SUCCESS tx_id=1780 dst_csp=2:10 bytes=360 (all ACKs received)
[cspcla 18:57:26 pid=341729 tid=140650056472256] outbound_pdu callback link_id=2 tx_id=1781 len=360
[cspcla 18:57:26 pid=341729 tid=140650056472256] ✓ TX SUCCESS tx_id=1781 dst_csp=2:10 bytes=360 (all ACKs received)
[cspcla 18:57:26 pid=341729 tid=140650056472256] outbound_pdu callback link_id=2 tx_id=1782 len=360
[cspcla 18:57:27 pid=341729 tid=140650056472256] ✓ TX SUCCESS tx_id=1782 dst_csp=2:10 bytes=360 (all ACKs received)
[cspcla 18:57:27 pid=341729 tid=140650056472256] outbound_pdu callback link_id=2 tx_id=1783 len=360
[cspcla 18:57:27 pid=341729 tid=140650056472256] ✓ TX SUCCESS tx_id=1783 dst_csp=2:10 bytes=360 (all ACKs received)
[cspcla 18:57:27 pid=341729 tid=140650056472256] outbound_pdu callback link_id=2 tx_id=1784 len=360
[cspcla 18:57:27 pid=341729 tid=140650056472256] ✓ TX SUCCESS tx_id=1784 dst_csp=2:10 bytes=360 (all ACKs received)
[cspcla 18:57:27 pid=341729 tid=140650056472256] outbound_pdu callback link_id=2 tx_id=1785 len=360
[cspcla 18:57:27 pid=341729 tid=140650056472256] ✓ TX SUCCESS tx_id=1785 dst_csp=2:10 bytes=360 (all ACKs received)
[cspcla 18:57:27 pid=341729 tid=140650056472256] outbound_pdu callback link_id=2 tx_id=1786 len=360
[cspcla 18:57:27 pid=341729 tid=140650056472256] ✓ TX SUCCESS tx_id=1786 dst_csp=2:10 bytes=360 (all ACKs received)
[cspcla 18:57:27 pid=341729 tid=140650056472256] outbound_pdu callback link_id=2 tx_id=1787 len=360
[cspcla 18:57:28 pid=341729 tid=140650056472256] ✓ TX SUCCESS tx_id=1787 dst_csp=2:10 bytes=360 (all ACKs received)
[cspcla 18:57:28 pid=341729 tid=140650056472256] outbound_pdu callback link_id=2 tx_id=1788 len=360
[cspcla 18:57:28 pid=341729 tid=140650056472256] ✓ TX SUCCESS tx_id=1788 dst_csp=2:10 bytes=360 (all ACKs received)
[cspcla 18:57:28 pid=341729 tid=140650056472256] outbound_pdu callback link_id=2 tx_id=1789 len=360
[cspcla 18:57:28 pid=341729 tid=140650056472256] ✓ TX SUCCESS tx_id=1789 dst_csp=2:10 bytes=360 (all ACKs received)
[cspcla 18:57:28 pid=341729 tid=140650056472256] outbound_pdu callback link_id=2 tx_id=1790 len=360
[cspcla 18:57:29 pid=341729 tid=140650056472256] ✓ TX SUCCESS tx_id=1790 dst_csp=2:10 bytes=360 (all ACKs received)
[cspcla 18:57:30 pid=341729 tid=140650056472256] outbound_pdu callback link_id=2 tx_id=1791 len=360
[cspcla 18:57:30 pid=341729 tid=140650056472256] ✓ TX SUCCESS tx_id=1791 dst_csp=2:10 bytes=360 (all ACKs received)
[cspcla 18:57:30 pid=341729 tid=140650056472256] outbound_pdu callback link_id=2 tx_id=1792 len=360
[cspcla 18:57:30 pid=341729 tid=140650056472256] ✓ TX SUCCESS tx_id=1792 dst_csp=2:10 bytes=360 (all ACKs received)
[cspcla 18:57:30 pid=341729 tid=140650056472256] outbound_pdu callback link_id=2 tx_id=1793 len=360
[cspcla 18:57:30 pid=341729 tid=140650056472256] ✓ TX SUCCESS tx_id=1793 dst_csp=2:10 bytes=360 (all ACKs received)
[cspcla 18:57:30 pid=341729 tid=140650056472256] outbound_pdu callback link_id=2 tx_id=1794 len=360
[cspcla 18:57:30 pid=341729 tid=140650056472256] ✓ TX SUCCESS tx_id=1794 dst_csp=2:10 bytes=360 (all ACKs received)
[cspcla 18:57:30 pid=341729 tid=140650056472256] outbound_pdu callback link_id=2 tx_id=1795 len=360
[cspcla 18:57:30 pid=341729 tid=140650056472256] ✓ TX SUCCESS tx_id=1795 dst_csp=2:10 bytes=360 (all ACKs received)
[cspcla 18:57:30 pid=341729 tid=140650056472256] outbound_pdu callback link_id=2 tx_id=1796 len=360
[cspcla 18:57:30 pid=341729 tid=140650056472256] ✓ TX SUCCESS tx_id=1796 dst_csp=2:10 bytes=360 (all ACKs received)
[cspcla 18:57:30 pid=341729 tid=140650056472256] outbound_pdu callback link_id=2 tx_id=1797 len=360
[cspcla 18:57:31 pid=341729 tid=140650056472256] ✓ TX SUCCESS tx_id=1797 dst_csp=2:10 bytes=360 (all ACKs received)
[cspcla 18:57:31 pid=341729 tid=140650056472256] outbound_pdu callback link_id=2 tx_id=1798 len=360
[cspcla 18:57:31 pid=341729 tid=140650056472256] ✓ TX SUCCESS tx_id=1798 dst_csp=2:10 bytes=360 (all ACKs received)
[cspcla 18:57:31 pid=341729 tid=140650056472256] outbound_pdu callback link_id=2 tx_id=1799 len=360
[cspcla 18:57:31 pid=341729 tid=140650056472256] ✓ TX SUCCESS tx_id=1799 dst_csp=2:10 bytes=360 (all ACKs received)
[cspcla 18:57:31 pid=341729 tid=140650056472256] outbound_pdu callback link_id=2 tx_id=1800 len=360
[cspcla 18:57:32 pid=341729 tid=140650056472256] ✓ TX SUCCESS tx_id=1800 dst_csp=2:10 bytes=360 (all ACKs received)
[cspcla 18:57:32 pid=341729 tid=140650056472256] outbound_pdu callback link_id=2 tx_id=1801 len=360
[cspcla 18:57:32 pid=341729 tid=140650056472256] ✓ TX SUCCESS tx_id=1801 dst_csp=2:10 bytes=360 (all ACKs received)
[cspcla 18:57:32 pid=341729 tid=140650056472256] outbound_pdu callback link_id=2 tx_id=1802 len=360
[cspcla 18:57:32 pid=341729 tid=140650056472256] ✓ TX SUCCESS tx_id=1802 dst_csp=2:10 bytes=360 (all ACKs received)
[cspcla 18:57:33 pid=341729 tid=140650056472256] outbound_pdu callback link_id=2 tx_id=1803 len=360
[cspcla 18:57:33 pid=341729 tid=140650056472256] ✓ TX SUCCESS tx_id=1803 dst_csp=2:10 bytes=360 (all ACKs received)
[cspcla 18:57:33 pid=341729 tid=140650056472256] outbound_pdu callback link_id=2 tx_id=1804 len=360
[cspcla 18:57:33 pid=341729 tid=140650056472256] ✓ TX SUCCESS tx_id=1804 dst_csp=2:10 bytes=360 (all ACKs received)
[cspcla 18:57:33 pid=341729 tid=140650056472256] outbound_pdu callback link_id=2 tx_id=1805 len=360
[cspcla 18:57:33 pid=341729 tid=140650056472256] ✓ TX SUCCESS tx_id=1805 dst_csp=2:10 bytes=360 (all ACKs received)
[cspcla 18:57:33 pid=341729 tid=140650056472256] outbound_pdu callback link_id=2 tx_id=1806 len=360
[cspcla 18:57:33 pid=341729 tid=140650056472256] ✓ TX SUCCESS tx_id=1806 dst_csp=2:10 bytes=360 (all ACKs received)
[cspcla 18:57:33 pid=341729 tid=140650056472256] outbound_pdu callback link_id=2 tx_id=1807 len=360
[cspcla 18:57:34 pid=341729 tid=140650056472256] ✓ TX SUCCESS tx_id=1807 dst_csp=2:10 bytes=360 (all ACKs received)
[cspcla 18:57:34 pid=341729 tid=140650056472256] outbound_pdu callback link_id=2 tx_id=1808 len=360
[cspcla 18:57:34 pid=341729 tid=140650056472256] ✓ TX SUCCESS tx_id=1808 dst_csp=2:10 bytes=360 (all ACKs received)
[cspcla 18:57:34 pid=341729 tid=140650056472256] outbound_pdu callback link_id=2 tx_id=1809 len=360
[cspcla 18:57:35 pid=341729 tid=140650056472256] ✓ TX SUCCESS tx_id=1809 dst_csp=2:10 bytes=360 (all ACKs received)
[cspcla 18:57:35 pid=341729 tid=140650056472256] outbound_pdu callback link_id=2 tx_id=1810 len=360
[cspcla 18:57:35 pid=341729 tid=140650056472256] ✓ TX SUCCESS tx_id=1810 dst_csp=2:10 bytes=360 (all ACKs received)
[cspcla 18:57:36 pid=341729 tid=140650056472256] outbound_pdu callback link_id=2 tx_id=1811 len=360
[cspcla 18:57:36 pid=341729 tid=140650056472256] ✓ TX SUCCESS tx_id=1811 dst_csp=2:10 bytes=360 (all ACKs received)
[cspcla 18:57:36 pid=341729 tid=140650056472256] outbound_pdu callback link_id=2 tx_id=1812 len=360
[cspcla 18:57:36 pid=341729 tid=140650056472256] ✓ TX SUCCESS tx_id=1812 dst_csp=2:10 bytes=360 (all ACKs received)
[cspcla 18:57:36 pid=341729 tid=140650056472256] outbound_pdu callback link_id=2 tx_id=1813 len=360
[cspcla 18:57:36 pid=341729 tid=140650056472256] ✓ TX SUCCESS tx_id=1813 dst_csp=2:10 bytes=360 (all ACKs received)
[cspcla 18:57:36 pid=341729 tid=140650056472256] outbound_pdu callback link_id=2 tx_id=1814 len=360
[cspcla 18:57:36 pid=341729 tid=140650056472256] ✓ TX SUCCESS tx_id=1814 dst_csp=2:10 bytes=360 (all ACKs received)
[cspcla 18:57:36 pid=341729 tid=140650056472256] outbound_pdu callback link_id=2 tx_id=1815 len=360
[cspcla 18:57:36 pid=341729 tid=140650056472256] ✓ TX SUCCESS tx_id=1815 dst_csp=2:10 bytes=360 (all ACKs received)
[cspcla 18:57:36 pid=341729 tid=140650056472256] outbound_pdu callback link_id=2 tx_id=1816 len=360
[cspcla 18:57:36 pid=341729 tid=140650056472256] ✓ TX SUCCESS tx_id=1816 dst_csp=2:10 bytes=360 (all ACKs received)
[cspcla 18:57:36 pid=341729 tid=140650056472256] outbound_pdu callback link_id=2 tx_id=1817 len=360
[cspcla 18:57:37 pid=341729 tid=140650056472256] ✓ TX SUCCESS tx_id=1817 dst_csp=2:10 bytes=360 (all ACKs received)
[cspcla 18:57:37 pid=341729 tid=140650056472256] outbound_pdu callback link_id=2 tx_id=1818 len=360
[cspcla 18:57:37 pid=341729 tid=140650056472256] ✓ TX SUCCESS tx_id=1818 dst_csp=2:10 bytes=360 (all ACKs received)
[cspcla 18:57:37 pid=341729 tid=140650056472256] outbound_pdu callback link_id=2 tx_id=1819 len=360
[cspcla 18:57:37 pid=341729 tid=140650056472256] ✓ TX SUCCESS tx_id=1819 dst_csp=2:10 bytes=360 (all ACKs received)
[cspcla 18:57:37 pid=341729 tid=140650056472256] outbound_pdu callback link_id=2 tx_id=1820 len=360
[cspcla 18:57:37 pid=341729 tid=140650056472256] ✓ TX SUCCESS tx_id=1820 dst_csp=2:10 bytes=360 (all ACKs received)
[cspcla 18:57:38 pid=341729 tid=140650056472256] outbound_pdu callback link_id=2 tx_id=1821 len=360
[cspcla 18:57:38 pid=341729 tid=140650056472256] ✓ TX SUCCESS tx_id=1821 dst_csp=2:10 bytes=360 (all ACKs received)
[cspcla 18:57:38 pid=341729 tid=140650056472256] outbound_pdu callback link_id=2 tx_id=1822 len=360
[cspcla 18:57:38 pid=341729 tid=140650056472256] ✓ TX SUCCESS tx_id=1822 dst_csp=2:10 bytes=360 (all ACKs received)
[cspcla 18:57:38 pid=341729 tid=140650056472256] outbound_pdu callback link_id=2 tx_id=1823 len=360
[cspcla 18:57:39 pid=341729 tid=140650056472256] ✓ TX SUCCESS tx_id=1823 dst_csp=2:10 bytes=360 (all ACKs received)
[cspcla 18:57:39 pid=341729 tid=140650056472256] outbound_pdu callback link_id=2 tx_id=1824 len=360
[cspcla 18:57:39 pid=341729 tid=140650056472256] ✓ TX SUCCESS tx_id=1824 dst_csp=2:10 bytes=360 (all ACKs received)
[cspcla 18:57:39 pid=341729 tid=140650056472256] outbound_pdu callback link_id=2 tx_id=1825 len=360
[cspcla 18:57:39 pid=341729 tid=140650056472256] ✓ TX SUCCESS tx_id=1825 dst_csp=2:10 bytes=360 (all ACKs received)
[cspcla 18:57:39 pid=341729 tid=140650056472256] outbound_pdu callback link_id=2 tx_id=1826 len=360
[cspcla 18:57:39 pid=341729 tid=140650056472256] ✓ TX SUCCESS tx_id=1826 dst_csp=2:10 bytes=360 (all ACKs received)
[cspcla 18:57:39 pid=341729 tid=140650056472256] outbound_pdu callback link_id=2 tx_id=1827 len=360
[cspcla 18:57:40 pid=341729 tid=140650056472256] ✓ TX SUCCESS tx_id=1827 dst_csp=2:10 bytes=360 (all ACKs received)
[cspcla 18:57:40 pid=341729 tid=140650056472256] outbound_pdu callback link_id=2 tx_id=1828 len=360
[cspcla 18:57:40 pid=341729 tid=140650056472256] ✓ TX SUCCESS tx_id=1828 dst_csp=2:10 bytes=360 (all ACKs received)
[cspcla 18:57:40 pid=341729 tid=140650056472256] outbound_pdu callback link_id=2 tx_id=1829 len=360
[cspcla 18:57:41 pid=341729 tid=140650056472256] ✓ TX SUCCESS tx_id=1829 dst_csp=2:10 bytes=360 (all ACKs received)
[cspcla 18:57:41 pid=341729 tid=140650056472256] outbound_pdu callback link_id=2 tx_id=1830 len=360
[cspcla 18:57:41 pid=341729 tid=140650056472256] ✓ TX SUCCESS tx_id=1830 dst_csp=2:10 bytes=360 (all ACKs received)
[cspcla 18:57:41 pid=341729 tid=140650056472256] outbound_pdu callback link_id=2 tx_id=1831 len=360
[cspcla 18:57:41 pid=341729 tid=140650056472256] ✓ TX SUCCESS tx_id=1831 dst_csp=2:10 bytes=360 (all ACKs received)
[cspcla 18:57:41 pid=341729 tid=140650056472256] outbound_pdu callback link_id=2 tx_id=1832 len=360
[cspcla 18:57:41 pid=341729 tid=140650056472256] ✓ TX SUCCESS tx_id=1832 dst_csp=2:10 bytes=360 (all ACKs received)
[cspcla 18:57:41 pid=341729 tid=140650056472256] outbound_pdu callback link_id=2 tx_id=1833 len=360
[cspcla 18:57:42 pid=341729 tid=140650056472256] ✓ TX SUCCESS tx_id=1833 dst_csp=2:10 bytes=360 (all ACKs received)
[cspcla 18:57:42 pid=341729 tid=140650056472256] outbound_pdu callback link_id=2 tx_id=1834 len=360
[cspcla 18:57:42 pid=341729 tid=140650056472256] ✓ TX SUCCESS tx_id=1834 dst_csp=2:10 bytes=360 (all ACKs received)
[cspcla 18:57:42 pid=341729 tid=140650056472256] outbound_pdu callback link_id=2 tx_id=1835 len=360
[cspcla 18:57:42 pid=341729 tid=140650056472256] ✓ TX SUCCESS tx_id=1835 dst_csp=2:10 bytes=360 (all ACKs received)
[cspcla 18:57:42 pid=341729 tid=140650056472256] outbound_pdu callback link_id=2 tx_id=1836 len=360
[cspcla 18:57:42 pid=341729 tid=140650056472256] ✓ TX SUCCESS tx_id=1836 dst_csp=2:10 bytes=360 (all ACKs received)
[cspcla 18:57:42 pid=341729 tid=140650056472256] outbound_pdu callback link_id=2 tx_id=1837 len=360
[cspcla 18:57:43 pid=341729 tid=140650056472256] ✓ TX SUCCESS tx_id=1837 dst_csp=2:10 bytes=360 (all ACKs received)
[cspcla 18:57:43 pid=341729 tid=140650056472256] outbound_pdu callback link_id=2 tx_id=1838 len=360
[cspcla 18:57:43 pid=341729 tid=140650056472256] ✓ TX SUCCESS tx_id=1838 dst_csp=2:10 bytes=360 (all ACKs received)
[cspcla 18:57:43 pid=341729 tid=140650056472256] outbound_pdu callback link_id=2 tx_id=1839 len=360
[cspcla 18:57:43 pid=341729 tid=140650056472256] ✓ TX SUCCESS tx_id=1839 dst_csp=2:10 bytes=360 (all ACKs received)
[cspcla 18:57:43 pid=341729 tid=140650056472256] outbound_pdu callback link_id=2 tx_id=1840 len=360
[cspcla 18:57:43 pid=341729 tid=140650056472256] ✓ TX SUCCESS tx_id=1840 dst_csp=2:10 bytes=360 (all ACKs received)
[cspcla 18:57:44 pid=341729 tid=140650056472256] outbound_pdu callback link_id=2 tx_id=1841 len=360
[cspcla 18:57:44 pid=341729 tid=140650056472256] ✓ TX SUCCESS tx_id=1841 dst_csp=2:10 bytes=360 (all ACKs received)
[cspcla 18:57:44 pid=341729 tid=140650056472256] outbound_pdu callback link_id=2 tx_id=1842 len=360
[cspcla 18:57:44 pid=341729 tid=140650056472256] ✓ TX SUCCESS tx_id=1842 dst_csp=2:10 bytes=360 (all ACKs received)
[cspcla 18:57:44 pid=341729 tid=140650056472256] outbound_pdu callback link_id=2 tx_id=1843 len=360
[cspcla 18:57:44 pid=341729 tid=140650056472256] ✓ TX SUCCESS tx_id=1843 dst_csp=2:10 bytes=360 (all ACKs received)
[cspcla 18:57:44 pid=341729 tid=140650056472256] outbound_pdu callback link_id=2 tx_id=1844 len=360
[cspcla 18:57:45 pid=341729 tid=140650056472256] ✓ TX SUCCESS tx_id=1844 dst_csp=2:10 bytes=360 (all ACKs received)
[cspcla 18:57:45 pid=341729 tid=140650056472256] outbound_pdu callback link_id=2 tx_id=1845 len=360
[cspcla 18:57:45 pid=341729 tid=140650056472256] ✓ TX SUCCESS tx_id=1845 dst_csp=2:10 bytes=360 (all ACKs received)
[cspcla 18:57:45 pid=341729 tid=140650056472256] outbound_pdu callback link_id=2 tx_id=1846 len=360
[cspcla 18:57:45 pid=341729 tid=140650056472256] ✓ TX SUCCESS tx_id=1846 dst_csp=2:10 bytes=360 (all ACKs received)
[cspcla 18:57:45 pid=341729 tid=140650056472256] outbound_pdu callback link_id=2 tx_id=1847 len=360
[cspcla 18:57:46 pid=341729 tid=140650056472256] ✓ TX SUCCESS tx_id=1847 dst_csp=2:10 bytes=360 (all ACKs received)
[cspcla 18:57:46 pid=341729 tid=140650056472256] outbound_pdu callback link_id=2 tx_id=1848 len=360
[cspcla 18:57:46 pid=341729 tid=140650056472256] ✓ TX SUCCESS tx_id=1848 dst_csp=2:10 bytes=360 (all ACKs received)
[cspcla 18:57:46 pid=341729 tid=140650056472256] outbound_pdu callback link_id=2 tx_id=1849 len=360
[cspcla 18:57:46 pid=341729 tid=140650056472256] ✓ TX SUCCESS tx_id=1849 dst_csp=2:10 bytes=360 (all ACKs received)
[cspcla 18:57:46 pid=341729 tid=140650056472256] outbound_pdu callback link_id=2 tx_id=1850 len=360
[cspcla 18:57:46 pid=341729 tid=140650056472256] ✓ TX SUCCESS tx_id=1850 dst_csp=2:10 bytes=360 (all ACKs received)
[cspcla 18:57:47 pid=341729 tid=140650056472256] outbound_pdu callback link_id=2 tx_id=1851 len=360
[cspcla 18:57:47 pid=341729 tid=140650056472256] ✓ TX SUCCESS tx_id=1851 dst_csp=2:10 bytes=360 (all ACKs received)
[cspcla 18:57:47 pid=341729 tid=140650056472256] outbound_pdu callback link_id=2 tx_id=1852 len=360
[cspcla 18:57:47 pid=341729 tid=140650056472256] ✓ TX SUCCESS tx_id=1852 dst_csp=2:10 bytes=360 (all ACKs received)
[cspcla 18:57:47 pid=341729 tid=140650056472256] outbound_pdu callback link_id=2 tx_id=1853 len=360
[cspcla 18:57:48 pid=341729 tid=140650056472256] ✓ TX SUCCESS tx_id=1853 dst_csp=2:10 bytes=360 (all ACKs received)
[cspcla 18:57:48 pid=341729 tid=140650056472256] outbound_pdu callback link_id=2 tx_id=1854 len=360
[cspcla 18:57:48 pid=341729 tid=140650056472256] ✓ TX SUCCESS tx_id=1854 dst_csp=2:10 bytes=360 (all ACKs received)
[cspcla 18:57:48 pid=341729 tid=140650056472256] outbound_pdu callback link_id=2 tx_id=1855 len=360
[cspcla 18:57:48 pid=341729 tid=140650056472256] ✓ TX SUCCESS tx_id=1855 dst_csp=2:10 bytes=360 (all ACKs received)
[cspcla 18:57:48 pid=341729 tid=140650056472256] outbound_pdu callback link_id=2 tx_id=1856 len=360
[cspcla 18:57:48 pid=341729 tid=140650056472256] ✓ TX SUCCESS tx_id=1856 dst_csp=2:10 bytes=360 (all ACKs received)
[cspcla 18:57:48 pid=341729 tid=140650056472256] outbound_pdu callback link_id=2 tx_id=1857 len=360
[cspcla 18:57:48 pid=341729 tid=140650056472256] ✓ TX SUCCESS tx_id=1857 dst_csp=2:10 bytes=360 (all ACKs received)
[cspcla 18:57:48 pid=341729 tid=140650056472256] outbound_pdu callback link_id=2 tx_id=1858 len=360
[cspcla 18:57:49 pid=341729 tid=140650056472256] ✓ TX SUCCESS tx_id=1858 dst_csp=2:10 bytes=360 (all ACKs received)
[cspcla 18:57:49 pid=341729 tid=140650056472256] outbound_pdu callback link_id=2 tx_id=1859 len=360
[cspcla 18:57:49 pid=341729 tid=140650056472256] ✓ TX SUCCESS tx_id=1859 dst_csp=2:10 bytes=360 (all ACKs received)
[cspcla 18:57:49 pid=341729 tid=140650056472256] outbound_pdu callback link_id=2 tx_id=1860 len=360
[cspcla 18:57:49 pid=341729 tid=140650056472256] ✓ TX SUCCESS tx_id=1860 dst_csp=2:10 bytes=360 (all ACKs received)
[cspcla 18:57:50 pid=341729 tid=140650056472256] outbound_pdu callback link_id=2 tx_id=1861 len=360
[cspcla 18:57:50 pid=341729 tid=140650056472256] ✓ TX SUCCESS tx_id=1861 dst_csp=2:10 bytes=360 (all ACKs received)
[cspcla 18:57:50 pid=341729 tid=140650056472256] outbound_pdu callback link_id=2 tx_id=1862 len=360
[cspcla 18:57:50 pid=341729 tid=140650056472256] ✓ TX SUCCESS tx_id=1862 dst_csp=2:10 bytes=360 (all ACKs received)
[cspcla 18:57:50 pid=341729 tid=140650056472256] outbound_pdu callback link_id=2 tx_id=1863 len=360
[cspcla 18:57:50 pid=341729 tid=140650056472256] ✓ TX SUCCESS tx_id=1863 dst_csp=2:10 bytes=360 (all ACKs received)
[cspcla 18:57:50 pid=341729 tid=140650056472256] outbound_pdu callback link_id=2 tx_id=1864 len=360
[cspcla 18:57:51 pid=341729 tid=140650056472256] ✓ TX SUCCESS tx_id=1864 dst_csp=2:10 bytes=360 (all ACKs received)
[cspcla 18:57:51 pid=341729 tid=140650056472256] outbound_pdu callback link_id=2 tx_id=1865 len=360
[cspcla 18:57:51 pid=341729 tid=140650056472256] ✓ TX SUCCESS tx_id=1865 dst_csp=2:10 bytes=360 (all ACKs received)
[cspcla 18:57:51 pid=341729 tid=140650056472256] outbound_pdu callback link_id=2 tx_id=1866 len=360
[cspcla 18:57:51 pid=341729 tid=140650056472256] ✓ TX SUCCESS tx_id=1866 dst_csp=2:10 bytes=360 (all ACKs received)
[cspcla 18:57:51 pid=341729 tid=140650056472256] outbound_pdu callback link_id=2 tx_id=1867 len=360
[cspcla 18:57:52 pid=341729 tid=140650056472256] ✓ TX SUCCESS tx_id=1867 dst_csp=2:10 bytes=360 (all ACKs received)
[cspcla 18:57:52 pid=341729 tid=140650056472256] outbound_pdu callback link_id=2 tx_id=1868 len=360
[cspcla 18:57:52 pid=341729 tid=140650056472256] ✓ TX SUCCESS tx_id=1868 dst_csp=2:10 bytes=360 (all ACKs received)
[cspcla 18:57:52 pid=341729 tid=140650056472256] outbound_pdu callback link_id=2 tx_id=1869 len=360
[cspcla 18:57:52 pid=341729 tid=140650056472256] ✓ TX SUCCESS tx_id=1869 dst_csp=2:10 bytes=360 (all ACKs received)
[cspcla 18:57:52 pid=341729 tid=140650056472256] outbound_pdu callback link_id=2 tx_id=1870 len=360
[cspcla 18:57:52 pid=341729 tid=140650056472256] ✓ TX SUCCESS tx_id=1870 dst_csp=2:10 bytes=360 (all ACKs received)
[cspcla 18:57:53 pid=341729 tid=140650056472256] outbound_pdu callback link_id=2 tx_id=1871 len=360
[cspcla 18:57:53 pid=341729 tid=140650056472256] ✓ TX SUCCESS tx_id=1871 dst_csp=2:10 bytes=360 (all ACKs received)
[cspcla 18:57:53 pid=341729 tid=140650056472256] outbound_pdu callback link_id=2 tx_id=1872 len=360
[cspcla 18:57:53 pid=341729 tid=140650056472256] ✓ TX SUCCESS tx_id=1872 dst_csp=2:10 bytes=360 (all ACKs received)
[cspcla 18:57:53 pid=341729 tid=140650056472256] outbound_pdu callback link_id=2 tx_id=1873 len=360
[cspcla 18:57:53 pid=341729 tid=140650056472256] ✓ TX SUCCESS tx_id=1873 dst_csp=2:10 bytes=360 (all ACKs received)
[cspcla 18:57:53 pid=341729 tid=140650056472256] outbound_pdu callback link_id=2 tx_id=1874 len=360
[cspcla 18:57:53 pid=341729 tid=140650056472256] ✓ TX SUCCESS tx_id=1874 dst_csp=2:10 bytes=360 (all ACKs received)
[cspcla 18:57:53 pid=341729 tid=140650056472256] outbound_pdu callback link_id=2 tx_id=1875 len=360
[cspcla 18:57:54 pid=341729 tid=140650056472256] ✓ TX SUCCESS tx_id=1875 dst_csp=2:10 bytes=360 (all ACKs received)
[cspcla 18:57:54 pid=341729 tid=140650056472256] outbound_pdu callback link_id=2 tx_id=1876 len=360
[cspcla 18:57:54 pid=341729 tid=140650056472256] ✓ TX SUCCESS tx_id=1876 dst_csp=2:10 bytes=360 (all ACKs received)
[cspcla 18:57:54 pid=341729 tid=140650056472256] outbound_pdu callback link_id=2 tx_id=1877 len=360
[cspcla 18:57:54 pid=341729 tid=140650056472256] ✓ TX SUCCESS tx_id=1877 dst_csp=2:10 bytes=360 (all ACKs received)
[cspcla 18:57:54 pid=341729 tid=140650056472256] outbound_pdu callback link_id=2 tx_id=1878 len=360
[cspcla 18:57:55 pid=341729 tid=140650056472256] ✓ TX SUCCESS tx_id=1878 dst_csp=2:10 bytes=360 (all ACKs received)
[cspcla 18:57:55 pid=341729 tid=140650056472256] outbound_pdu callback link_id=2 tx_id=1879 len=360
[cspcla 18:57:55 pid=341729 tid=140650056472256] ✓ TX SUCCESS tx_id=1879 dst_csp=2:10 bytes=360 (all ACKs received)
[cspcla 18:57:55 pid=341729 tid=140650056472256] outbound_pdu callback link_id=2 tx_id=1880 len=360
[cspcla 18:57:55 pid=341729 tid=140650056472256] ✓ TX SUCCESS tx_id=1880 dst_csp=2:10 bytes=360 (all ACKs received)
[cspcla 18:57:56 pid=341729 tid=140650056472256] outbound_pdu callback link_id=2 tx_id=1881 len=360
[cspcla 18:57:56 pid=341729 tid=140650056472256] ✓ TX SUCCESS tx_id=1881 dst_csp=2:10 bytes=360 (all ACKs received)
[cspcla 18:57:56 pid=341729 tid=140650056472256] outbound_pdu callback link_id=2 tx_id=1882 len=360
[cspcla 18:57:56 pid=341729 tid=140650056472256] ✓ TX SUCCESS tx_id=1882 dst_csp=2:10 bytes=360 (all ACKs received)
[cspcla 18:57:56 pid=341729 tid=140650056472256] outbound_pdu callback link_id=2 tx_id=1883 len=360
[cspcla 18:57:57 pid=341729 tid=140650056472256] ✓ TX SUCCESS tx_id=1883 dst_csp=2:10 bytes=360 (all ACKs received)
[cspcla 18:57:57 pid=341729 tid=140650056472256] outbound_pdu callback link_id=2 tx_id=1884 len=360
[cspcla 18:57:57 pid=341729 tid=140650056472256] ✓ TX SUCCESS tx_id=1884 dst_csp=2:10 bytes=360 (all ACKs received)
[cspcla 18:57:57 pid=341729 tid=140650056472256] outbound_pdu callback link_id=2 tx_id=1885 len=360
[cspcla 18:57:57 pid=341729 tid=140650056472256] ✓ TX SUCCESS tx_id=1885 dst_csp=2:10 bytes=360 (all ACKs received)
[cspcla 18:57:57 pid=341729 tid=140650056472256] outbound_pdu callback link_id=2 tx_id=1886 len=360
[cspcla 18:57:57 pid=341729 tid=140650056472256] ✓ TX SUCCESS tx_id=1886 dst_csp=2:10 bytes=360 (all ACKs received)
[cspcla 18:57:57 pid=341729 tid=140650056472256] outbound_pdu callback link_id=2 tx_id=1887 len=360
[cspcla 18:57:58 pid=341729 tid=140650056472256] ✓ TX SUCCESS tx_id=1887 dst_csp=2:10 bytes=360 (all ACKs received)
[cspcla 18:57:58 pid=341729 tid=140650056472256] outbound_pdu callback link_id=2 tx_id=1888 len=360
[cspcla 18:57:58 pid=341729 tid=140650056472256] ✓ TX SUCCESS tx_id=1888 dst_csp=2:10 bytes=360 (all ACKs received)
[cspcla 18:57:58 pid=341729 tid=140650056472256] outbound_pdu callback link_id=2 tx_id=1889 len=360
[cspcla 18:57:58 pid=341729 tid=140650056472256] ✓ TX SUCCESS tx_id=1889 dst_csp=2:10 bytes=360 (all ACKs received)
[cspcla 18:57:58 pid=341729 tid=140650056472256] outbound_pdu callback link_id=2 tx_id=1890 len=360
[cspcla 18:57:58 pid=341729 tid=140650056472256] ✓ TX SUCCESS tx_id=1890 dst_csp=2:10 bytes=360 (all ACKs received)
[cspcla 18:57:59 pid=341729 tid=140650056472256] outbound_pdu callback link_id=2 tx_id=1891 len=360
[cspcla 18:57:59 pid=341729 tid=140650056472256] ✓ TX SUCCESS tx_id=1891 dst_csp=2:10 bytes=360 (all ACKs received)
[cspcla 18:57:59 pid=341729 tid=140650056472256] outbound_pdu callback link_id=2 tx_id=1892 len=360
[cspcla 18:57:59 pid=341729 tid=140650056472256] ✓ TX SUCCESS tx_id=1892 dst_csp=2:10 bytes=360 (all ACKs received)
[cspcla 18:57:59 pid=341729 tid=140650056472256] outbound_pdu callback link_id=2 tx_id=1893 len=360
[cspcla 18:57:59 pid=341729 tid=140650056472256] ✓ TX SUCCESS tx_id=1893 dst_csp=2:10 bytes=360 (all ACKs received)
[cspcla 18:57:59 pid=341729 tid=140650056472256] outbound_pdu callback link_id=2 tx_id=1894 len=360
[cspcla 18:57:59 pid=341729 tid=140650056472256] ✓ TX SUCCESS tx_id=1894 dst_csp=2:10 bytes=360 (all ACKs received)
[cspcla 18:57:59 pid=341729 tid=140650056472256] outbound_pdu callback link_id=2 tx_id=1895 len=360
[cspcla 18:58:00 pid=341729 tid=140650056472256] ✓ TX SUCCESS tx_id=1895 dst_csp=2:10 bytes=360 (all ACKs received)
[cspcla 18:58:00 pid=341729 tid=140650056472256] outbound_pdu callback link_id=2 tx_id=1896 len=360
[cspcla 18:58:00 pid=341729 tid=140650056472256] ✓ TX SUCCESS tx_id=1896 dst_csp=2:10 bytes=360 (all ACKs received)
[cspcla 18:58:00 pid=341729 tid=140650056472256] outbound_pdu callback link_id=2 tx_id=1897 len=360
[cspcla 18:58:00 pid=341729 tid=140650056472256] ✓ TX SUCCESS tx_id=1897 dst_csp=2:10 bytes=360 (all ACKs received)
[cspcla 18:58:00 pid=341729 tid=140650056472256] outbound_pdu callback link_id=2 tx_id=1898 len=360
[cspcla 18:58:01 pid=341729 tid=140650056472256] ✓ TX SUCCESS tx_id=1898 dst_csp=2:10 bytes=360 (all ACKs received)
[cspcla 18:58:01 pid=341729 tid=140650056472256] outbound_pdu callback link_id=2 tx_id=1899 len=360
[cspcla 18:58:01 pid=341729 tid=140650056472256] ✓ TX SUCCESS tx_id=1899 dst_csp=2:10 bytes=360 (all ACKs received)
[cspcla 18:58:01 pid=341729 tid=140650056472256] outbound_pdu callback link_id=2 tx_id=1900 len=360
[cspcla 18:58:01 pid=341729 tid=140650056472256] ✓ TX SUCCESS tx_id=1900 dst_csp=2:10 bytes=360 (all ACKs received)
[cspcla 18:58:02 pid=341729 tid=140650056472256] outbound_pdu callback link_id=2 tx_id=1901 len=360
[cspcla 18:58:02 pid=341729 tid=140650056472256] ✓ TX SUCCESS tx_id=1901 dst_csp=2:10 bytes=360 (all ACKs received)
[cspcla 18:58:02 pid=341729 tid=140650056472256] outbound_pdu callback link_id=2 tx_id=1902 len=360
[cspcla 18:58:02 pid=341729 tid=140650056472256] ✓ TX SUCCESS tx_id=1902 dst_csp=2:10 bytes=360 (all ACKs received)
[cspcla 18:58:02 pid=341729 tid=140650056472256] outbound_pdu callback link_id=2 tx_id=1903 len=360
[cspcla 18:58:02 pid=341729 tid=140650056472256] ✓ TX SUCCESS tx_id=1903 dst_csp=2:10 bytes=360 (all ACKs received)
[cspcla 18:58:02 pid=341729 tid=140650056472256] outbound_pdu callback link_id=2 tx_id=1904 len=360
[cspcla 18:58:03 pid=341729 tid=140650056472256] ✓ TX SUCCESS tx_id=1904 dst_csp=2:10 bytes=360 (all ACKs received)
[cspcla 18:58:03 pid=341729 tid=140650056472256] outbound_pdu callback link_id=2 tx_id=1905 len=360
[cspcla 18:58:03 pid=341729 tid=140650056472256] ✓ TX SUCCESS tx_id=1905 dst_csp=2:10 bytes=360 (all ACKs received)
[cspcla 18:58:03 pid=341729 tid=140650056472256] outbound_pdu callback link_id=2 tx_id=1906 len=360
[cspcla 18:58:03 pid=341729 tid=140650056472256] ✓ TX SUCCESS tx_id=1906 dst_csp=2:10 bytes=360 (all ACKs received)
[cspcla 18:58:03 pid=341729 tid=140650056472256] outbound_pdu callback link_id=2 tx_id=1907 len=360
[cspcla 18:58:03 pid=341729 tid=140650056472256] ✓ TX SUCCESS tx_id=1907 dst_csp=2:10 bytes=360 (all ACKs received)
[cspcla 18:58:03 pid=341729 tid=140650056472256] outbound_pdu callback link_id=2 tx_id=1908 len=360
[cspcla 18:58:04 pid=341729 tid=140650056472256] ✓ TX SUCCESS tx_id=1908 dst_csp=2:10 bytes=360 (all ACKs received)
[cspcla 18:58:04 pid=341729 tid=140650056472256] outbound_pdu callback link_id=2 tx_id=1909 len=360
[cspcla 18:58:04 pid=341729 tid=140650056472256] ✓ TX SUCCESS tx_id=1909 dst_csp=2:10 bytes=360 (all ACKs received)
[cspcla 18:58:04 pid=341729 tid=140650056472256] outbound_pdu callback link_id=2 tx_id=1910 len=360
[cspcla 18:58:04 pid=341729 tid=140650056472256] ✓ TX SUCCESS tx_id=1910 dst_csp=2:10 bytes=360 (all ACKs received)
[cspcla 18:58:05 pid=341729 tid=140650056472256] outbound_pdu callback link_id=2 tx_id=1911 len=360
[cspcla 18:58:05 pid=341729 tid=140650056472256] ✓ TX SUCCESS tx_id=1911 dst_csp=2:10 bytes=360 (all ACKs received)
[cspcla 18:58:05 pid=341729 tid=140650056472256] outbound_pdu callback link_id=2 tx_id=1912 len=360
[cspcla 18:58:05 pid=341729 tid=140650056472256] ✓ TX SUCCESS tx_id=1912 dst_csp=2:10 bytes=360 (all ACKs received)
[cspcla 18:58:05 pid=341729 tid=140650056472256] outbound_pdu callback link_id=2 tx_id=1913 len=360
[cspcla 18:58:05 pid=341729 tid=140650056472256] ✓ TX SUCCESS tx_id=1913 dst_csp=2:10 bytes=360 (all ACKs received)
[cspcla 18:58:05 pid=341729 tid=140650056472256] outbound_pdu callback link_id=2 tx_id=1914 len=360
[cspcla 18:58:05 pid=341729 tid=140650056472256] ✓ TX SUCCESS tx_id=1914 dst_csp=2:10 bytes=360 (all ACKs received)
[cspcla 18:58:05 pid=341729 tid=140650056472256] outbound_pdu callback link_id=2 tx_id=1915 len=360
[cspcla 18:58:06 pid=341729 tid=140650056472256] ✓ TX SUCCESS tx_id=1915 dst_csp=2:10 bytes=360 (all ACKs received)
[cspcla 18:58:06 pid=341729 tid=140650056472256] outbound_pdu callback link_id=2 tx_id=1916 len=360
[cspcla 18:58:06 pid=341729 tid=140650056472256] ✓ TX SUCCESS tx_id=1916 dst_csp=2:10 bytes=360 (all ACKs received)
[cspcla 18:58:06 pid=341729 tid=140650056472256] outbound_pdu callback link_id=2 tx_id=1917 len=360
[cspcla 18:58:06 pid=341729 tid=140650056472256] ✓ TX SUCCESS tx_id=1917 dst_csp=2:10 bytes=360 (all ACKs received)
[cspcla 18:58:06 pid=341729 tid=140650056472256] outbound_pdu callback link_id=2 tx_id=1918 len=360
[cspcla 18:58:07 pid=341729 tid=140650056472256] ✓ TX SUCCESS tx_id=1918 dst_csp=2:10 bytes=360 (all ACKs received)
[cspcla 18:58:07 pid=341729 tid=140650056472256] outbound_pdu callback link_id=2 tx_id=1919 len=360
[cspcla 18:58:07 pid=341729 tid=140650056472256] ✓ TX SUCCESS tx_id=1919 dst_csp=2:10 bytes=360 (all ACKs received)
[cspcla 18:58:07 pid=341729 tid=140650056472256] outbound_pdu callback link_id=2 tx_id=1920 len=360
[cspcla 18:58:07 pid=341729 tid=140650056472256] ✓ TX SUCCESS tx_id=1920 dst_csp=2:10 bytes=360 (all ACKs received)
[cspcla 18:58:08 pid=341729 tid=140650056472256] outbound_pdu callback link_id=2 tx_id=1921 len=360
[cspcla 18:58:08 pid=341729 tid=140650056472256] ✓ TX SUCCESS tx_id=1921 dst_csp=2:10 bytes=360 (all ACKs received)
[cspcla 18:58:08 pid=341729 tid=140650056472256] outbound_pdu callback link_id=2 tx_id=1922 len=360
[cspcla 18:58:08 pid=341729 tid=140650056472256] ✓ TX SUCCESS tx_id=1922 dst_csp=2:10 bytes=360 (all ACKs received)
[cspcla 18:58:08 pid=341729 tid=140650056472256] outbound_pdu callback link_id=2 tx_id=1923 len=360
[cspcla 18:58:08 pid=341729 tid=140650056472256] ✓ TX SUCCESS tx_id=1923 dst_csp=2:10 bytes=360 (all ACKs received)
[cspcla 18:58:08 pid=341729 tid=140650056472256] outbound_pdu callback link_id=2 tx_id=1924 len=360
[cspcla 18:58:08 pid=341729 tid=140650056472256] ✓ TX SUCCESS tx_id=1924 dst_csp=2:10 bytes=360 (all ACKs received)
[cspcla 18:58:08 pid=341729 tid=140650056472256] outbound_pdu callback link_id=2 tx_id=1925 len=360
[cspcla 18:58:09 pid=341729 tid=140650056472256] ✓ TX SUCCESS tx_id=1925 dst_csp=2:10 bytes=360 (all ACKs received)
[cspcla 18:58:09 pid=341729 tid=140650056472256] outbound_pdu callback link_id=2 tx_id=1926 len=360
[cspcla 18:58:09 pid=341729 tid=140650056472256] ✓ TX SUCCESS tx_id=1926 dst_csp=2:10 bytes=360 (all ACKs received)
[cspcla 18:58:09 pid=341729 tid=140650056472256] outbound_pdu callback link_id=2 tx_id=1927 len=360
[cspcla 18:58:10 pid=341729 tid=140650056472256] ✓ TX SUCCESS tx_id=1927 dst_csp=2:10 bytes=360 (all ACKs received)
[cspcla 18:58:10 pid=341729 tid=140650056472256] outbound_pdu callback link_id=2 tx_id=1928 len=360
[cspcla 18:58:10 pid=341729 tid=140650056472256] ✓ TX SUCCESS tx_id=1928 dst_csp=2:10 bytes=360 (all ACKs received)
[cspcla 18:58:10 pid=341729 tid=140650056472256] outbound_pdu callback link_id=2 tx_id=1929 len=360
[cspcla 18:58:10 pid=341729 tid=140650056472256] ✓ TX SUCCESS tx_id=1929 dst_csp=2:10 bytes=360 (all ACKs received)
[cspcla 18:58:10 pid=341729 tid=140650056472256] outbound_pdu callback link_id=2 tx_id=1930 len=360
[cspcla 18:58:10 pid=341729 tid=140650056472256] ✓ TX SUCCESS tx_id=1930 dst_csp=2:10 bytes=360 (all ACKs received)
[cspcla 18:58:11 pid=341729 tid=140650056472256] outbound_pdu callback link_id=2 tx_id=1931 len=360
[cspcla 18:58:11 pid=341729 tid=140650056472256] ✓ TX SUCCESS tx_id=1931 dst_csp=2:10 bytes=360 (all ACKs received)
[cspcla 18:58:11 pid=341729 tid=140650056472256] outbound_pdu callback link_id=2 tx_id=1932 len=360
[cspcla 18:58:11 pid=341729 tid=140650056472256] ✓ TX SUCCESS tx_id=1932 dst_csp=2:10 bytes=360 (all ACKs received)
[cspcla 18:58:11 pid=341729 tid=140650056472256] outbound_pdu callback link_id=2 tx_id=1933 len=360
[cspcla 18:58:11 pid=341729 tid=140650056472256] ✓ TX SUCCESS tx_id=1933 dst_csp=2:10 bytes=360 (all ACKs received)
[cspcla 18:58:11 pid=341729 tid=140650056472256] outbound_pdu callback link_id=2 tx_id=1934 len=360
[cspcla 18:58:11 pid=341729 tid=140650056472256] ✓ TX SUCCESS tx_id=1934 dst_csp=2:10 bytes=360 (all ACKs received)
[cspcla 18:58:11 pid=341729 tid=140650056472256] outbound_pdu callback link_id=2 tx_id=1935 len=360
[cspcla 18:58:12 pid=341729 tid=140650056472256] ✓ TX SUCCESS tx_id=1935 dst_csp=2:10 bytes=360 (all ACKs received)
[cspcla 18:58:12 pid=341729 tid=140650056472256] outbound_pdu callback link_id=2 tx_id=1936 len=360
[cspcla 18:58:12 pid=341729 tid=140650056472256] ✓ TX SUCCESS tx_id=1936 dst_csp=2:10 bytes=360 (all ACKs received)
[cspcla 18:58:12 pid=341729 tid=140650056472256] outbound_pdu callback link_id=2 tx_id=1937 len=360
[cspcla 18:58:12 pid=341729 tid=140650056472256] ✓ TX SUCCESS tx_id=1937 dst_csp=2:10 bytes=360 (all ACKs received)
[cspcla 18:58:12 pid=341729 tid=140650056472256] outbound_pdu callback link_id=2 tx_id=1938 len=360
[cspcla 18:58:12 pid=341729 tid=140650056472256] ✓ TX SUCCESS tx_id=1938 dst_csp=2:10 bytes=360 (all ACKs received)
[cspcla 18:58:12 pid=341729 tid=140650056472256] outbound_pdu callback link_id=2 tx_id=1939 len=360
[cspcla 18:58:13 pid=341729 tid=140650056472256] ✓ TX SUCCESS tx_id=1939 dst_csp=2:10 bytes=360 (all ACKs received)
[cspcla 18:58:13 pid=341729 tid=140650056472256] outbound_pdu callback link_id=2 tx_id=1940 len=360
[cspcla 18:58:13 pid=341729 tid=140650056472256] ✓ TX SUCCESS tx_id=1940 dst_csp=2:10 bytes=360 (all ACKs received)
[cspcla 18:58:14 pid=341729 tid=140650056472256] outbound_pdu callback link_id=2 tx_id=1941 len=360
[cspcla 18:58:14 pid=341729 tid=140650056472256] ✓ TX SUCCESS tx_id=1941 dst_csp=2:10 bytes=360 (all ACKs received)
[cspcla 18:58:14 pid=341729 tid=140650056472256] outbound_pdu callback link_id=2 tx_id=1942 len=360
[cspcla 18:58:14 pid=341729 tid=140650056472256] ✓ TX SUCCESS tx_id=1942 dst_csp=2:10 bytes=360 (all ACKs received)
[cspcla 18:58:14 pid=341729 tid=140650056472256] outbound_pdu callback link_id=2 tx_id=1943 len=360
[cspcla 18:58:14 pid=341729 tid=140650056472256] ✓ TX SUCCESS tx_id=1943 dst_csp=2:10 bytes=360 (all ACKs received)
[cspcla 18:58:14 pid=341729 tid=140650056472256] outbound_pdu callback link_id=2 tx_id=1944 len=360
[cspcla 18:58:15 pid=341729 tid=140650056472256] ✓ TX SUCCESS tx_id=1944 dst_csp=2:10 bytes=360 (all ACKs received)
[cspcla 18:58:15 pid=341729 tid=140650056472256] outbound_pdu callback link_id=2 tx_id=1945 len=360
[cspcla 18:58:15 pid=341729 tid=140650056472256] ✓ TX SUCCESS tx_id=1945 dst_csp=2:10 bytes=360 (all ACKs received)
[cspcla 18:58:15 pid=341729 tid=140650056472256] outbound_pdu callback link_id=2 tx_id=1946 len=360
[cspcla 18:58:15 pid=341729 tid=140650056472256] ✓ TX SUCCESS tx_id=1946 dst_csp=2:10 bytes=360 (all ACKs received)
[cspcla 18:58:15 pid=341729 tid=140650056472256] outbound_pdu callback link_id=2 tx_id=1947 len=360
[cspcla 18:58:15 pid=341729 tid=140650056472256] ✓ TX SUCCESS tx_id=1947 dst_csp=2:10 bytes=360 (all ACKs received)
[cspcla 18:58:15 pid=341729 tid=140650056472256] outbound_pdu callback link_id=2 tx_id=1948 len=360
[cspcla 18:58:15 pid=341729 tid=140650056472256] ✓ TX SUCCESS tx_id=1948 dst_csp=2:10 bytes=360 (all ACKs received)
[cspcla 18:58:15 pid=341729 tid=140650056472256] outbound_pdu callback link_id=2 tx_id=1949 len=360
[cspcla 18:58:16 pid=341729 tid=140650056472256] ✓ TX SUCCESS tx_id=1949 dst_csp=2:10 bytes=360 (all ACKs received)
[cspcla 18:58:16 pid=341729 tid=140650056472256] outbound_pdu callback link_id=2 tx_id=1950 len=360
[cspcla 18:58:16 pid=341729 tid=140650056472256] ✓ TX SUCCESS tx_id=1950 dst_csp=2:10 bytes=360 (all ACKs received)
[cspcla 18:58:17 pid=341729 tid=140650056472256] outbound_pdu callback link_id=2 tx_id=1951 len=360
[cspcla 18:58:17 pid=341729 tid=140650056472256] ✓ TX SUCCESS tx_id=1951 dst_csp=2:10 bytes=360 (all ACKs received)
[cspcla 18:58:17 pid=341729 tid=140650056472256] outbound_pdu callback link_id=2 tx_id=1952 len=360
[cspcla 18:58:17 pid=341729 tid=140650056472256] ✓ TX SUCCESS tx_id=1952 dst_csp=2:10 bytes=360 (all ACKs received)
[cspcla 18:58:17 pid=341729 tid=140650056472256] outbound_pdu callback link_id=2 tx_id=1953 len=360
[cspcla 18:58:17 pid=341729 tid=140650056472256] ✓ TX SUCCESS tx_id=1953 dst_csp=2:10 bytes=360 (all ACKs received)
[cspcla 18:58:17 pid=341729 tid=140650056472256] outbound_pdu callback link_id=2 tx_id=1954 len=360
[cspcla 18:58:17 pid=341729 tid=140650056472256] ✓ TX SUCCESS tx_id=1954 dst_csp=2:10 bytes=360 (all ACKs received)
[cspcla 18:58:18 pid=341729 tid=140650056472256] outbound_pdu callback link_id=2 tx_id=1955 len=360
[cspcla 18:58:18 pid=341729 tid=140650056472256] ✓ TX SUCCESS tx_id=1955 dst_csp=2:10 bytes=360 (all ACKs received)
[cspcla 18:58:18 pid=341729 tid=140650056472256] outbound_pdu callback link_id=2 tx_id=1956 len=360
[cspcla 18:58:18 pid=341729 tid=140650056472256] ✓ TX SUCCESS tx_id=1956 dst_csp=2:10 bytes=360 (all ACKs received)
[cspcla 18:58:18 pid=341729 tid=140650056472256] outbound_pdu callback link_id=2 tx_id=1957 len=360
[cspcla 18:58:18 pid=341729 tid=140650056472256] ✓ TX SUCCESS tx_id=1957 dst_csp=2:10 bytes=360 (all ACKs received)
[cspcla 18:58:18 pid=341729 tid=140650056472256] outbound_pdu callback link_id=2 tx_id=1958 len=360
[cspcla 18:58:19 pid=341729 tid=140650056472256] ✓ TX SUCCESS tx_id=1958 dst_csp=2:10 bytes=360 (all ACKs received)
[cspcla 18:58:19 pid=341729 tid=140650056472256] outbound_pdu callback link_id=2 tx_id=1959 len=360
[cspcla 18:58:19 pid=341729 tid=140650056472256] ✓ TX SUCCESS tx_id=1959 dst_csp=2:10 bytes=360 (all ACKs received)
[cspcla 18:58:19 pid=341729 tid=140650056472256] outbound_pdu callback link_id=2 tx_id=1960 len=360
[cspcla 18:58:19 pid=341729 tid=140650056472256] ✓ TX SUCCESS tx_id=1960 dst_csp=2:10 bytes=360 (all ACKs received)
[cspcla 18:58:20 pid=341729 tid=140650056472256] outbound_pdu callback link_id=2 tx_id=1961 len=360
[cspcla 18:58:20 pid=341729 tid=140650056472256] ✓ TX SUCCESS tx_id=1961 dst_csp=2:10 bytes=360 (all ACKs received)
[cspcla 18:58:20 pid=341729 tid=140650056472256] outbound_pdu callback link_id=2 tx_id=1962 len=360
[cspcla 18:58:20 pid=341729 tid=140650056472256] ✓ TX SUCCESS tx_id=1962 dst_csp=2:10 bytes=360 (all ACKs received)
[cspcla 18:58:20 pid=341729 tid=140650056472256] outbound_pdu callback link_id=2 tx_id=1963 len=360
[cspcla 18:58:20 pid=341729 tid=140650056472256] ✓ TX SUCCESS tx_id=1963 dst_csp=2:10 bytes=360 (all ACKs received)
[cspcla 18:58:20 pid=341729 tid=140650056472256] outbound_pdu callback link_id=2 tx_id=1964 len=360
[cspcla 18:58:20 pid=341729 tid=140650056472256] ✓ TX SUCCESS tx_id=1964 dst_csp=2:10 bytes=360 (all ACKs received)
[cspcla 18:58:20 pid=341729 tid=140650056472256] outbound_pdu callback link_id=2 tx_id=1965 len=360
[cspcla 18:58:21 pid=341729 tid=140650056472256] ✓ TX SUCCESS tx_id=1965 dst_csp=2:10 bytes=360 (all ACKs received)
[cspcla 18:58:21 pid=341729 tid=140650056472256] outbound_pdu callback link_id=2 tx_id=1966 len=360
[cspcla 18:58:21 pid=341729 tid=140650056472256] ✓ TX SUCCESS tx_id=1966 dst_csp=2:10 bytes=360 (all ACKs received)
[cspcla 18:58:21 pid=341729 tid=140650056472256] outbound_pdu callback link_id=2 tx_id=1967 len=360
[cspcla 18:58:21 pid=341729 tid=140650056472256] ✓ TX SUCCESS tx_id=1967 dst_csp=2:10 bytes=360 (all ACKs received)
[cspcla 18:58:21 pid=341729 tid=140650056472256] outbound_pdu callback link_id=2 tx_id=1968 len=360
[cspcla 18:58:22 pid=341729 tid=140650056472256] ✓ TX SUCCESS tx_id=1968 dst_csp=2:10 bytes=360 (all ACKs received)
[cspcla 18:58:22 pid=341729 tid=140650056472256] outbound_pdu callback link_id=2 tx_id=1969 len=360
[cspcla 18:58:22 pid=341729 tid=140650056472256] ✓ TX SUCCESS tx_id=1969 dst_csp=2:10 bytes=360 (all ACKs received)
[cspcla 18:58:22 pid=341729 tid=140650056472256] outbound_pdu callback link_id=2 tx_id=1970 len=360
[cspcla 18:58:22 pid=341729 tid=140650056472256] ✓ TX SUCCESS tx_id=1970 dst_csp=2:10 bytes=360 (all ACKs received)
[cspcla 18:58:23 pid=341729 tid=140650056472256] outbound_pdu callback link_id=2 tx_id=1971 len=360
[cspcla 18:58:23 pid=341729 tid=140650056472256] ✓ TX SUCCESS tx_id=1971 dst_csp=2:10 bytes=360 (all ACKs received)
[cspcla 18:58:23 pid=341729 tid=140650056472256] outbound_pdu callback link_id=2 tx_id=1972 len=360
[cspcla 18:58:23 pid=341729 tid=140650056472256] ✓ TX SUCCESS tx_id=1972 dst_csp=2:10 bytes=360 (all ACKs received)
[cspcla 18:58:23 pid=341729 tid=140650056472256] outbound_pdu callback link_id=2 tx_id=1973 len=360
[cspcla 18:58:23 pid=341729 tid=140650056472256] ✓ TX SUCCESS tx_id=1973 dst_csp=2:10 bytes=360 (all ACKs received)
[cspcla 18:58:23 pid=341729 tid=140650056472256] outbound_pdu callback link_id=2 tx_id=1974 len=360
[cspcla 18:58:23 pid=341729 tid=140650056472256] ✓ TX SUCCESS tx_id=1974 dst_csp=2:10 bytes=360 (all ACKs received)
[cspcla 18:58:23 pid=341729 tid=140650056472256] outbound_pdu callback link_id=2 tx_id=1975 len=360
[cspcla 18:58:24 pid=341729 tid=140650056472256] ✓ TX SUCCESS tx_id=1975 dst_csp=2:10 bytes=360 (all ACKs received)
[cspcla 18:58:24 pid=341729 tid=140650056472256] outbound_pdu callback link_id=2 tx_id=1976 len=360
[cspcla 18:58:24 pid=341729 tid=140650056472256] ✓ TX SUCCESS tx_id=1976 dst_csp=2:10 bytes=360 (all ACKs received)
[cspcla 18:58:24 pid=341729 tid=140650056472256] outbound_pdu callback link_id=2 tx_id=1977 len=360
[cspcla 18:58:25 pid=341729 tid=140650056472256] ✓ TX SUCCESS tx_id=1977 dst_csp=2:10 bytes=360 (all ACKs received)
[cspcla 18:58:25 pid=341729 tid=140650056472256] outbound_pdu callback link_id=2 tx_id=1978 len=360
[cspcla 18:58:25 pid=341729 tid=140650056472256] ✓ TX SUCCESS tx_id=1978 dst_csp=2:10 bytes=360 (all ACKs received)
[cspcla 18:58:25 pid=341729 tid=140650056472256] outbound_pdu callback link_id=2 tx_id=1979 len=360
[cspcla 18:58:25 pid=341729 tid=140650056472256] ✓ TX SUCCESS tx_id=1979 dst_csp=2:10 bytes=360 (all ACKs received)
[cspcla 18:58:25 pid=341729 tid=140650056472256] outbound_pdu callback link_id=2 tx_id=1980 len=360
[cspcla 18:58:25 pid=341729 tid=140650056472256] ✓ TX SUCCESS tx_id=1980 dst_csp=2:10 bytes=360 (all ACKs received)
[cspcla 18:58:26 pid=341729 tid=140650056472256] outbound_pdu callback link_id=2 tx_id=1981 len=360
[cspcla 18:58:26 pid=341729 tid=140650056472256] ✓ TX SUCCESS tx_id=1981 dst_csp=2:10 bytes=360 (all ACKs received)
[cspcla 18:58:26 pid=341729 tid=140650056472256] outbound_pdu callback link_id=2 tx_id=1982 len=360
[cspcla 18:58:26 pid=341729 tid=140650056472256] ✓ TX SUCCESS tx_id=1982 dst_csp=2:10 bytes=360 (all ACKs received)
[cspcla 18:58:26 pid=341729 tid=140650056472256] outbound_pdu callback link_id=2 tx_id=1983 len=360
[cspcla 18:58:26 pid=341729 tid=140650056472256] ✓ TX SUCCESS tx_id=1983 dst_csp=2:10 bytes=360 (all ACKs received)
[cspcla 18:58:26 pid=341729 tid=140650056472256] outbound_pdu callback link_id=2 tx_id=1984 len=360
[cspcla 18:58:26 pid=341729 tid=140650056472256] ✓ TX SUCCESS tx_id=1984 dst_csp=2:10 bytes=360 (all ACKs received)
[cspcla 18:58:26 pid=341729 tid=140650056472256] outbound_pdu callback link_id=2 tx_id=1985 len=360
[cspcla 18:58:27 pid=341729 tid=140650056472256] ✓ TX SUCCESS tx_id=1985 dst_csp=2:10 bytes=360 (all ACKs received)
[cspcla 18:58:27 pid=341729 tid=140650056472256] outbound_pdu callback link_id=2 tx_id=1986 len=360
[cspcla 18:58:27 pid=341729 tid=140650056472256] ✓ TX SUCCESS tx_id=1986 dst_csp=2:10 bytes=360 (all ACKs received)
[cspcla 18:58:27 pid=341729 tid=140650056472256] outbound_pdu callback link_id=2 tx_id=1987 len=360
[cspcla 18:58:27 pid=341729 tid=140650056472256] ✓ TX SUCCESS tx_id=1987 dst_csp=2:10 bytes=360 (all ACKs received)
[cspcla 18:58:27 pid=341729 tid=140650056472256] outbound_pdu callback link_id=2 tx_id=1988 len=360
[cspcla 18:58:27 pid=341729 tid=140650056472256] ✓ TX SUCCESS tx_id=1988 dst_csp=2:10 bytes=360 (all ACKs received)
[cspcla 18:58:27 pid=341729 tid=140650056472256] outbound_pdu callback link_id=2 tx_id=1989 len=360
[cspcla 18:58:28 pid=341729 tid=140650056472256] ✓ TX SUCCESS tx_id=1989 dst_csp=2:10 bytes=360 (all ACKs received)
[cspcla 18:58:28 pid=341729 tid=140650056472256] outbound_pdu callback link_id=2 tx_id=1990 len=360
[cspcla 18:58:28 pid=341729 tid=140650056472256] ✓ TX SUCCESS tx_id=1990 dst_csp=2:10 bytes=360 (all ACKs received)
[cspcla 18:58:29 pid=341729 tid=140650056472256] outbound_pdu callback link_id=2 tx_id=1991 len=360
[cspcla 18:58:29 pid=341729 tid=140650056472256] ✓ TX SUCCESS tx_id=1991 dst_csp=2:10 bytes=360 (all ACKs received)
[cspcla 18:58:29 pid=341729 tid=140650056472256] outbound_pdu callback link_id=2 tx_id=1992 len=360
[cspcla 18:58:29 pid=341729 tid=140650056472256] ✓ TX SUCCESS tx_id=1992 dst_csp=2:10 bytes=360 (all ACKs received)
[cspcla 18:58:29 pid=341729 tid=140650056472256] outbound_pdu callback link_id=2 tx_id=1993 len=360
[cspcla 18:58:29 pid=341729 tid=140650056472256] ✓ TX SUCCESS tx_id=1993 dst_csp=2:10 bytes=360 (all ACKs received)
[cspcla 18:58:29 pid=341729 tid=140650056472256] outbound_pdu callback link_id=2 tx_id=1994 len=360
[cspcla 18:58:29 pid=341729 tid=140650056472256] ✓ TX SUCCESS tx_id=1994 dst_csp=2:10 bytes=360 (all ACKs received)
[cspcla 18:58:29 pid=341729 tid=140650056472256] outbound_pdu callback link_id=2 tx_id=1995 len=360
[cspcla 18:58:30 pid=341729 tid=140650056472256] ✓ TX SUCCESS tx_id=1995 dst_csp=2:10 bytes=360 (all ACKs received)
[cspcla 18:58:30 pid=341729 tid=140650056472256] outbound_pdu callback link_id=2 tx_id=1996 len=360
[cspcla 18:58:30 pid=341729 tid=140650056472256] ✓ TX SUCCESS tx_id=1996 dst_csp=2:10 bytes=360 (all ACKs received)
[cspcla 18:58:30 pid=341729 tid=140650056472256] outbound_pdu callback link_id=2 tx_id=1997 len=360
[cspcla 18:58:30 pid=341729 tid=140650056472256] ✓ TX SUCCESS tx_id=1997 dst_csp=2:10 bytes=360 (all ACKs received)
[cspcla 18:58:30 pid=341729 tid=140650056472256] outbound_pdu callback link_id=2 tx_id=1998 len=360
[cspcla 18:58:30 pid=341729 tid=140650056472256] ✓ TX SUCCESS tx_id=1998 dst_csp=2:10 bytes=360 (all ACKs received)
[cspcla 18:58:30 pid=341729 tid=140650056472256] outbound_pdu callback link_id=2 tx_id=1999 len=360
[cspcla 18:58:31 pid=341729 tid=140650056472256] ✓ TX SUCCESS tx_id=1999 dst_csp=2:10 bytes=360 (all ACKs received)
[cspcla 18:58:31 pid=341729 tid=140650056472256] outbound_pdu callback link_id=2 tx_id=2000 len=360
[cspcla 18:58:31 pid=341729 tid=140650056472256] ✓ TX SUCCESS tx_id=2000 dst_csp=2:10 bytes=360 (all ACKs received)
[cspcla 18:58:32 pid=341729 tid=140650056472256] outbound_pdu callback link_id=2 tx_id=2001 len=167
[cspcla 18:58:32 pid=341729 tid=140650056472256] ✓ TX SUCCESS tx_id=2001 dst_csp=2:10 bytes=167 (all ACKs received)
[cspcla 18:58:32 pid=341729 tid=140650056472256] outbound_pdu callback link_id=2 tx_id=2002 len=167
[cspcla 18:58:32 pid=341729 tid=140650056472256] ✓ TX SUCCESS tx_id=2002 dst_csp=2:10 bytes=167 (all ACKs received)
[cspcla 18:58:32 pid=341729 tid=140650056472256] outbound_pdu callback link_id=2 tx_id=2003 len=167
[cspcla 18:58:32 pid=341729 tid=140650056472256] ✓ TX SUCCESS tx_id=2003 dst_csp=2:10 bytes=167 (all ACKs received)
[cspcla 18:58:33 pid=341729 tid=140650056472256] outbound_pdu callback link_id=2 tx_id=2004 len=167
[cspcla 18:58:33 pid=341729 tid=140650056472256] ✓ TX SUCCESS tx_id=2004 dst_csp=2:10 bytes=167 (all ACKs received)
[cspcla 18:58:33 pid=341729 tid=140650056472256] outbound_pdu callback link_id=2 tx_id=2005 len=167
[cspcla 18:58:33 pid=341729 tid=140650056472256] ✓ TX SUCCESS tx_id=2005 dst_csp=2:10 bytes=167 (all ACKs received)
[cspcla 18:58:33 pid=341729 tid=140650056472256] outbound_pdu callback link_id=2 tx_id=2006 len=167
[cspcla 18:58:33 pid=341729 tid=140650056472256] ✓ TX SUCCESS tx_id=2006 dst_csp=2:10 bytes=167 (all ACKs received)
[cspcla 18:58:34 pid=341729 tid=140650056472256] outbound_pdu callback link_id=2 tx_id=2007 len=167
[cspcla 18:58:34 pid=341729 tid=140650056472256] ✓ TX SUCCESS tx_id=2007 dst_csp=2:10 bytes=167 (all ACKs received)
[cspcla 18:58:34 pid=341729 tid=140650056472256] outbound_pdu callback link_id=2 tx_id=2008 len=167
[cspcla 18:58:34 pid=341729 tid=140650056472256] ✓ TX SUCCESS tx_id=2008 dst_csp=2:10 bytes=167 (all ACKs received)
[cspcla 18:58:34 pid=341729 tid=140650056472256] outbound_pdu callback link_id=2 tx_id=2009 len=167
[cspcla 18:58:34 pid=341729 tid=140650056472256] ✓ TX SUCCESS tx_id=2009 dst_csp=2:10 bytes=167 (all ACKs received)
[cspcla 18:58:35 pid=341729 tid=140650056472256] outbound_pdu callback link_id=2 tx_id=2010 len=167
[cspcla 18:58:35 pid=341729 tid=140650056472256] ✓ TX SUCCESS tx_id=2010 dst_csp=2:10 bytes=167 (all ACKs received)
[cspcla 18:58:35 pid=341729 tid=140650056472256] outbound_pdu callback link_id=2 tx_id=2011 len=167
[cspcla 18:58:35 pid=341729 tid=140650056472256] ✓ TX SUCCESS tx_id=2011 dst_csp=2:10 bytes=167 (all ACKs received)
[cspcla 18:58:35 pid=341729 tid=140650056472256] outbound_pdu callback link_id=2 tx_id=2012 len=167
[cspcla 18:58:35 pid=341729 tid=140650056472256] ✓ TX SUCCESS tx_id=2012 dst_csp=2:10 bytes=167 (all ACKs received)
[cspcla 18:58:36 pid=341729 tid=140650056472256] outbound_pdu callback link_id=2 tx_id=2013 len=167
[cspcla 18:58:36 pid=341729 tid=140650056472256] ✓ TX SUCCESS tx_id=2013 dst_csp=2:10 bytes=167 (all ACKs received)
[cspcla 18:58:36 pid=341729 tid=140650056472256] outbound_pdu callback link_id=2 tx_id=2014 len=167
[cspcla 18:58:36 pid=341729 tid=140650056472256] ✓ TX SUCCESS tx_id=2014 dst_csp=2:10 bytes=167 (all ACKs received)
[cspcla 18:58:36 pid=341729 tid=140650056472256] outbound_pdu callback link_id=2 tx_id=2015 len=167
[cspcla 18:58:36 pid=341729 tid=140650056472256] ✓ TX SUCCESS tx_id=2015 dst_csp=2:10 bytes=167 (all ACKs received)
[cspcla 18:58:37 pid=341729 tid=140650056472256] outbound_pdu callback link_id=2 tx_id=2016 len=167
[cspcla 18:58:37 pid=341729 tid=140650056472256] ✓ TX SUCCESS tx_id=2016 dst_csp=2:10 bytes=167 (all ACKs received)
[cspcla 18:58:37 pid=341729 tid=140650056472256] outbound_pdu callback link_id=2 tx_id=2017 len=167
[cspcla 18:58:37 pid=341729 tid=140650056472256] ✓ TX SUCCESS tx_id=2017 dst_csp=2:10 bytes=167 (all ACKs received)
[cspcla 18:58:37 pid=341729 tid=140650056472256] outbound_pdu callback link_id=2 tx_id=2018 len=167
[cspcla 18:58:37 pid=341729 tid=140650056472256] ✓ TX SUCCESS tx_id=2018 dst_csp=2:10 bytes=167 (all ACKs received)
[cspcla 18:58:38 pid=341729 tid=140650056472256] outbound_pdu callback link_id=2 tx_id=2019 len=167
[cspcla 18:58:38 pid=341729 tid=140650056472256] ✓ TX SUCCESS tx_id=2019 dst_csp=2:10 bytes=167 (all ACKs received)
[cspcla 18:58:38 pid=341729 tid=140650056472256] outbound_pdu callback link_id=2 tx_id=2020 len=167
[cspcla 18:58:38 pid=341729 tid=140650056472256] ✓ TX SUCCESS tx_id=2020 dst_csp=2:10 bytes=167 (all ACKs received)
[cspcla 18:58:38 pid=341729 tid=140650056472256] outbound_pdu callback link_id=2 tx_id=2021 len=167
[cspcla 18:58:38 pid=341729 tid=140650056472256] ✓ TX SUCCESS tx_id=2021 dst_csp=2:10 bytes=167 (all ACKs received)
[cspcla 18:58:39 pid=341729 tid=140650056472256] outbound_pdu callback link_id=2 tx_id=2022 len=167
[cspcla 18:58:39 pid=341729 tid=140650056472256] ✓ TX SUCCESS tx_id=2022 dst_csp=2:10 bytes=167 (all ACKs received)
[cspcla 18:58:39 pid=341729 tid=140650056472256] outbound_pdu callback link_id=2 tx_id=2023 len=167
[cspcla 18:58:39 pid=341729 tid=140650056472256] ✓ TX SUCCESS tx_id=2023 dst_csp=2:10 bytes=167 (all ACKs received)
[cspcla 18:58:39 pid=341729 tid=140650056472256] outbound_pdu callback link_id=2 tx_id=2024 len=167
[cspcla 18:58:39 pid=341729 tid=140650056472256] ✓ TX SUCCESS tx_id=2024 dst_csp=2:10 bytes=167 (all ACKs received)
[cspcla 18:58:40 pid=341729 tid=140650056472256] outbound_pdu callback link_id=2 tx_id=2025 len=167
[cspcla 18:58:40 pid=341729 tid=140650056472256] ✓ TX SUCCESS tx_id=2025 dst_csp=2:10 bytes=167 (all ACKs received)
[cspcla 18:58:40 pid=341729 tid=140650056472256] outbound_pdu callback link_id=2 tx_id=2026 len=167
[cspcla 18:58:40 pid=341729 tid=140650056472256] ✓ TX SUCCESS tx_id=2026 dst_csp=2:10 bytes=167 (all ACKs received)
[cspcla 18:58:40 pid=341729 tid=140650056472256] outbound_pdu callback link_id=2 tx_id=2027 len=167
[cspcla 18:58:40 pid=341729 tid=140650056472256] ✓ TX SUCCESS tx_id=2027 dst_csp=2:10 bytes=167 (all ACKs received)
[cspcla 18:58:41 pid=341729 tid=140650056472256] outbound_pdu callback link_id=2 tx_id=2028 len=167
[cspcla 18:58:41 pid=341729 tid=140650056472256] ✓ TX SUCCESS tx_id=2028 dst_csp=2:10 bytes=167 (all ACKs received)
[cspcla 18:58:41 pid=341729 tid=140650056472256] outbound_pdu callback link_id=2 tx_id=2029 len=167
[cspcla 18:58:41 pid=341729 tid=140650056472256] ✓ TX SUCCESS tx_id=2029 dst_csp=2:10 bytes=167 (all ACKs received)
[cspcla 18:58:41 pid=341729 tid=140650056472256] outbound_pdu callback link_id=2 tx_id=2030 len=167
[cspcla 18:58:41 pid=341729 tid=140650056472256] ✓ TX SUCCESS tx_id=2030 dst_csp=2:10 bytes=167 (all ACKs received)
[cspcla 18:58:42 pid=341729 tid=140650056472256] outbound_pdu callback link_id=2 tx_id=2031 len=167
[cspcla 18:58:42 pid=341729 tid=140650056472256] ✓ TX SUCCESS tx_id=2031 dst_csp=2:10 bytes=167 (all ACKs received)
[cspcla 18:58:42 pid=341729 tid=140650056472256] outbound_pdu callback link_id=2 tx_id=2032 len=167
[cspcla 18:58:42 pid=341729 tid=140650056472256] ✓ TX SUCCESS tx_id=2032 dst_csp=2:10 bytes=167 (all ACKs received)
[cspcla 18:58:42 pid=341729 tid=140650056472256] outbound_pdu callback link_id=2 tx_id=2033 len=167
[cspcla 18:58:42 pid=341729 tid=140650056472256] ✓ TX SUCCESS tx_id=2033 dst_csp=2:10 bytes=167 (all ACKs received)
[cspcla 18:58:42 pid=341729 tid=140650056472256] outbound_pdu callback link_id=2 tx_id=2034 len=167
[cspcla 18:58:42 pid=341729 tid=140650056472256] ✓ TX SUCCESS tx_id=2034 dst_csp=2:10 bytes=167 (all ACKs received)
[cspcla 18:58:43 pid=341729 tid=140650056472256] outbound_pdu callback link_id=2 tx_id=2035 len=167
[cspcla 18:58:43 pid=341729 tid=140650056472256] ✓ TX SUCCESS tx_id=2035 dst_csp=2:10 bytes=167 (all ACKs received)
[cspcla 18:58:43 pid=341729 tid=140650056472256] outbound_pdu callback link_id=2 tx_id=2036 len=167
[cspcla 18:58:43 pid=341729 tid=140650056472256] ✓ TX SUCCESS tx_id=2036 dst_csp=2:10 bytes=167 (all ACKs received)
[cspcla 18:58:43 pid=341729 tid=140650056472256] outbound_pdu callback link_id=2 tx_id=2037 len=167
[cspcla 18:58:43 pid=341729 tid=140650056472256] ✓ TX SUCCESS tx_id=2037 dst_csp=2:10 bytes=167 (all ACKs received)
[cspcla 18:58:44 pid=341729 tid=140650056472256] outbound_pdu callback link_id=2 tx_id=2038 len=167
[cspcla 18:58:44 pid=341729 tid=140650056472256] ✓ TX SUCCESS tx_id=2038 dst_csp=2:10 bytes=167 (all ACKs received)
[cspcla 18:58:44 pid=341729 tid=140650056472256] outbound_pdu callback link_id=2 tx_id=2039 len=167
[cspcla 18:58:44 pid=341729 tid=140650056472256] ✓ TX SUCCESS tx_id=2039 dst_csp=2:10 bytes=167 (all ACKs received)
[cspcla 18:58:44 pid=341729 tid=140650056472256] outbound_pdu callback link_id=2 tx_id=2040 len=167
[cspcla 18:58:44 pid=341729 tid=140650056472256] ✓ TX SUCCESS tx_id=2040 dst_csp=2:10 bytes=167 (all ACKs received)
[cspcla 18:58:45 pid=341729 tid=140650056472256] outbound_pdu callback link_id=2 tx_id=2041 len=167
[cspcla 18:58:45 pid=341729 tid=140650056472256] ✓ TX SUCCESS tx_id=2041 dst_csp=2:10 bytes=167 (all ACKs received)
[cspcla 18:58:45 pid=341729 tid=140650056472256] outbound_pdu callback link_id=2 tx_id=2042 len=167
[cspcla 18:58:45 pid=341729 tid=140650056472256] ✓ TX SUCCESS tx_id=2042 dst_csp=2:10 bytes=167 (all ACKs received)
[cspcla 18:58:45 pid=341729 tid=140650056472256] outbound_pdu callback link_id=2 tx_id=2043 len=167
[cspcla 18:58:45 pid=341729 tid=140650056472256] ✓ TX SUCCESS tx_id=2043 dst_csp=2:10 bytes=167 (all ACKs received)
[cspcla 18:58:46 pid=341729 tid=140650056472256] outbound_pdu callback link_id=2 tx_id=2044 len=167
[cspcla 18:58:46 pid=341729 tid=140650056472256] ✓ TX SUCCESS tx_id=2044 dst_csp=2:10 bytes=167 (all ACKs received)
[cspcla 18:58:46 pid=341729 tid=140650056472256] outbound_pdu callback link_id=2 tx_id=2045 len=167
[cspcla 18:58:46 pid=341729 tid=140650056472256] ✓ TX SUCCESS tx_id=2045 dst_csp=2:10 bytes=167 (all ACKs received)
[cspcla 18:58:46 pid=341729 tid=140650056472256] outbound_pdu callback link_id=2 tx_id=2046 len=167
[cspcla 18:58:46 pid=341729 tid=140650056472256] ✓ TX SUCCESS tx_id=2046 dst_csp=2:10 bytes=167 (all ACKs received)
[cspcla 18:58:47 pid=341729 tid=140650056472256] outbound_pdu callback link_id=2 tx_id=2047 len=167
[cspcla 18:58:47 pid=341729 tid=140650056472256] ✓ TX SUCCESS tx_id=2047 dst_csp=2:10 bytes=167 (all ACKs received)
[cspcla 18:58:47 pid=341729 tid=140650056472256] outbound_pdu callback link_id=2 tx_id=2048 len=167
[cspcla 18:58:47 pid=341729 tid=140650056472256] ✓ TX SUCCESS tx_id=2048 dst_csp=2:10 bytes=167 (all ACKs received)
[cspcla 18:58:47 pid=341729 tid=140650056472256] outbound_pdu callback link_id=2 tx_id=2049 len=167
[cspcla 18:58:47 pid=341729 tid=140650056472256] ✓ TX SUCCESS tx_id=2049 dst_csp=2:10 bytes=167 (all ACKs received)
[cspcla 18:58:48 pid=341729 tid=140650056472256] outbound_pdu callback link_id=2 tx_id=2050 len=167
[cspcla 18:58:48 pid=341729 tid=140650056472256] ✓ TX SUCCESS tx_id=2050 dst_csp=2:10 bytes=167 (all ACKs received)
[cspcla 18:58:48 pid=341729 tid=140650056472256] outbound_pdu callback link_id=2 tx_id=2051 len=167
[cspcla 18:58:48 pid=341729 tid=140650056472256] ✓ TX SUCCESS tx_id=2051 dst_csp=2:10 bytes=167 (all ACKs received)
[cspcla 18:58:48 pid=341729 tid=140650056472256] outbound_pdu callback link_id=2 tx_id=2052 len=167
[cspcla 18:58:48 pid=341729 tid=140650056472256] ✓ TX SUCCESS tx_id=2052 dst_csp=2:10 bytes=167 (all ACKs received)
[cspcla 18:58:49 pid=341729 tid=140650056472256] outbound_pdu callback link_id=2 tx_id=2053 len=167
[cspcla 18:58:49 pid=341729 tid=140650056472256] ✓ TX SUCCESS tx_id=2053 dst_csp=2:10 bytes=167 (all ACKs received)
[cspcla 18:58:49 pid=341729 tid=140650056472256] outbound_pdu callback link_id=2 tx_id=2054 len=167
[cspcla 18:58:49 pid=341729 tid=140650056472256] ✓ TX SUCCESS tx_id=2054 dst_csp=2:10 bytes=167 (all ACKs received)
[cspcla 18:58:49 pid=341729 tid=140650056472256] outbound_pdu callback link_id=2 tx_id=2055 len=167
[cspcla 18:58:49 pid=341729 tid=140650056472256] ✓ TX SUCCESS tx_id=2055 dst_csp=2:10 bytes=167 (all ACKs received)
[cspcla 18:58:50 pid=341729 tid=140650056472256] outbound_pdu callback link_id=2 tx_id=2056 len=167
[cspcla 18:58:50 pid=341729 tid=140650056472256] ✓ TX SUCCESS tx_id=2056 dst_csp=2:10 bytes=167 (all ACKs received)
[cspcla 18:58:50 pid=341729 tid=140650056472256] outbound_pdu callback link_id=2 tx_id=2057 len=167
[cspcla 18:58:50 pid=341729 tid=140650056472256] ✓ TX SUCCESS tx_id=2057 dst_csp=2:10 bytes=167 (all ACKs received)
[cspcla 18:58:50 pid=341729 tid=140650056472256] outbound_pdu callback link_id=2 tx_id=2058 len=167
[cspcla 18:58:50 pid=341729 tid=140650056472256] ✓ TX SUCCESS tx_id=2058 dst_csp=2:10 bytes=167 (all ACKs received)
[cspcla 18:58:51 pid=341729 tid=140650056472256] outbound_pdu callback link_id=2 tx_id=2059 len=167
[cspcla 18:58:51 pid=341729 tid=140650056472256] ✓ TX SUCCESS tx_id=2059 dst_csp=2:10 bytes=167 (all ACKs received)
[cspcla 18:58:51 pid=341729 tid=140650056472256] outbound_pdu callback link_id=2 tx_id=2060 len=167
[cspcla 18:58:51 pid=341729 tid=140650056472256] ✓ TX SUCCESS tx_id=2060 dst_csp=2:10 bytes=167 (all ACKs received)
[cspcla 18:58:51 pid=341729 tid=140650056472256] outbound_pdu callback link_id=2 tx_id=2061 len=167
[cspcla 18:58:51 pid=341729 tid=140650056472256] ✓ TX SUCCESS tx_id=2061 dst_csp=2:10 bytes=167 (all ACKs received)
[cspcla 18:58:52 pid=341729 tid=140650056472256] outbound_pdu callback link_id=2 tx_id=2062 len=167
[cspcla 18:58:52 pid=341729 tid=140650056472256] ✓ TX SUCCESS tx_id=2062 dst_csp=2:10 bytes=167 (all ACKs received)
[cspcla 18:58:52 pid=341729 tid=140650056472256] outbound_pdu callback link_id=2 tx_id=2063 len=167
[cspcla 18:58:52 pid=341729 tid=140650056472256] ✓ TX SUCCESS tx_id=2063 dst_csp=2:10 bytes=167 (all ACKs received)
[cspcla 18:58:52 pid=341729 tid=140650056472256] outbound_pdu callback link_id=2 tx_id=2064 len=167
[cspcla 18:58:52 pid=341729 tid=140650056472256] ✓ TX SUCCESS tx_id=2064 dst_csp=2:10 bytes=167 (all ACKs received)
[cspcla 18:58:53 pid=341729 tid=140650056472256] outbound_pdu callback link_id=2 tx_id=2065 len=167
[cspcla 18:58:53 pid=341729 tid=140650056472256] ✓ TX SUCCESS tx_id=2065 dst_csp=2:10 bytes=167 (all ACKs received)
[cspcla 18:58:53 pid=341729 tid=140650056472256] outbound_pdu callback link_id=2 tx_id=2066 len=167
[cspcla 18:58:53 pid=341729 tid=140650056472256] ✓ TX SUCCESS tx_id=2066 dst_csp=2:10 bytes=167 (all ACKs received)
[cspcla 18:58:53 pid=341729 tid=140650056472256] outbound_pdu callback link_id=2 tx_id=2067 len=167
[cspcla 18:58:53 pid=341729 tid=140650056472256] ✓ TX SUCCESS tx_id=2067 dst_csp=2:10 bytes=167 (all ACKs received)
[cspcla 18:58:54 pid=341729 tid=140650056472256] outbound_pdu callback link_id=2 tx_id=2068 len=167
[cspcla 18:58:54 pid=341729 tid=140650056472256] ✓ TX SUCCESS tx_id=2068 dst_csp=2:10 bytes=167 (all ACKs received)
[cspcla 18:58:54 pid=341729 tid=140650056472256] outbound_pdu callback link_id=2 tx_id=2069 len=167
[cspcla 18:58:54 pid=341729 tid=140650056472256] ✓ TX SUCCESS tx_id=2069 dst_csp=2:10 bytes=167 (all ACKs received)
[cspcla 18:58:54 pid=341729 tid=140650056472256] outbound_pdu callback link_id=2 tx_id=2070 len=167
[cspcla 18:58:54 pid=341729 tid=140650056472256] ✓ TX SUCCESS tx_id=2070 dst_csp=2:10 bytes=167 (all ACKs received)
[cspcla 18:58:55 pid=341729 tid=140650056472256] outbound_pdu callback link_id=2 tx_id=2071 len=167
[cspcla 18:58:55 pid=341729 tid=140650056472256] ✓ TX SUCCESS tx_id=2071 dst_csp=2:10 bytes=167 (all ACKs received)
[cspcla 18:58:55 pid=341729 tid=140650056472256] outbound_pdu callback link_id=2 tx_id=2072 len=167
[cspcla 18:58:55 pid=341729 tid=140650056472256] ✓ TX SUCCESS tx_id=2072 dst_csp=2:10 bytes=167 (all ACKs received)
[cspcla 18:58:55 pid=341729 tid=140650056472256] outbound_pdu callback link_id=2 tx_id=2073 len=167
[cspcla 18:58:55 pid=341729 tid=140650056472256] ✓ TX SUCCESS tx_id=2073 dst_csp=2:10 bytes=167 (all ACKs received)
[cspcla 18:58:56 pid=341729 tid=140650056472256] outbound_pdu callback link_id=2 tx_id=2074 len=167
[cspcla 18:58:56 pid=341729 tid=140650056472256] ✓ TX SUCCESS tx_id=2074 dst_csp=2:10 bytes=167 (all ACKs received)
[cspcla 18:58:56 pid=341729 tid=140650056472256] outbound_pdu callback link_id=2 tx_id=2075 len=167
[cspcla 18:58:56 pid=341729 tid=140650056472256] ✓ TX SUCCESS tx_id=2075 dst_csp=2:10 bytes=167 (all ACKs received)
[cspcla 18:58:56 pid=341729 tid=140650056472256] outbound_pdu callback link_id=2 tx_id=2076 len=167
[cspcla 18:58:56 pid=341729 tid=140650056472256] ✓ TX SUCCESS tx_id=2076 dst_csp=2:10 bytes=167 (all ACKs received)
[cspcla 18:58:57 pid=341729 tid=140650056472256] outbound_pdu callback link_id=2 tx_id=2077 len=167
[cspcla 18:58:57 pid=341729 tid=140650056472256] ✓ TX SUCCESS tx_id=2077 dst_csp=2:10 bytes=167 (all ACKs received)
[cspcla 18:58:57 pid=341729 tid=140650056472256] outbound_pdu callback link_id=2 tx_id=2078 len=167
[cspcla 18:58:57 pid=341729 tid=140650056472256] ✓ TX SUCCESS tx_id=2078 dst_csp=2:10 bytes=167 (all ACKs received)
[cspcla 18:58:57 pid=341729 tid=140650056472256] outbound_pdu callback link_id=2 tx_id=2079 len=167
[cspcla 18:58:57 pid=341729 tid=140650056472256] ✓ TX SUCCESS tx_id=2079 dst_csp=2:10 bytes=167 (all ACKs received)
[cspcla 18:58:58 pid=341729 tid=140650056472256] outbound_pdu callback link_id=2 tx_id=2080 len=167
[cspcla 18:58:58 pid=341729 tid=140650056472256] ✓ TX SUCCESS tx_id=2080 dst_csp=2:10 bytes=167 (all ACKs received)
[cspcla 18:58:58 pid=341729 tid=140650056472256] outbound_pdu callback link_id=2 tx_id=2081 len=167
[cspcla 18:58:58 pid=341729 tid=140650056472256] ✓ TX SUCCESS tx_id=2081 dst_csp=2:10 bytes=167 (all ACKs received)
[cspcla 18:58:58 pid=341729 tid=140650056472256] outbound_pdu callback link_id=2 tx_id=2082 len=167
[cspcla 18:58:58 pid=341729 tid=140650056472256] ✓ TX SUCCESS tx_id=2082 dst_csp=2:10 bytes=167 (all ACKs received)
[cspcla 18:58:58 pid=341729 tid=140650056472256] outbound_pdu callback link_id=2 tx_id=2083 len=167
[cspcla 18:58:58 pid=341729 tid=140650056472256] ✓ TX SUCCESS tx_id=2083 dst_csp=2:10 bytes=167 (all ACKs received)
[cspcla 18:58:59 pid=341729 tid=140650056472256] outbound_pdu callback link_id=2 tx_id=2084 len=167
[cspcla 18:58:59 pid=341729 tid=140650056472256] ✓ TX SUCCESS tx_id=2084 dst_csp=2:10 bytes=167 (all ACKs received)
[cspcla 18:58:59 pid=341729 tid=140650056472256] outbound_pdu callback link_id=2 tx_id=2085 len=167
[cspcla 18:58:59 pid=341729 tid=140650056472256] ✓ TX SUCCESS tx_id=2085 dst_csp=2:10 bytes=167 (all ACKs received)
[cspcla 18:58:59 pid=341729 tid=140650056472256] outbound_pdu callback link_id=2 tx_id=2086 len=167
[cspcla 18:58:59 pid=341729 tid=140650056472256] ✓ TX SUCCESS tx_id=2086 dst_csp=2:10 bytes=167 (all ACKs received)
[cspcla 18:59:00 pid=341729 tid=140650056472256] outbound_pdu callback link_id=2 tx_id=2087 len=167
[cspcla 18:59:00 pid=341729 tid=140650056472256] ✓ TX SUCCESS tx_id=2087 dst_csp=2:10 bytes=167 (all ACKs received)
[cspcla 18:59:00 pid=341729 tid=140650056472256] outbound_pdu callback link_id=2 tx_id=2088 len=167
[cspcla 18:59:00 pid=341729 tid=140650056472256] ✓ TX SUCCESS tx_id=2088 dst_csp=2:10 bytes=167 (all ACKs received)
[cspcla 18:59:00 pid=341729 tid=140650056472256] outbound_pdu callback link_id=2 tx_id=2089 len=167
[cspcla 18:59:00 pid=341729 tid=140650056472256] ✓ TX SUCCESS tx_id=2089 dst_csp=2:10 bytes=167 (all ACKs received)
[cspcla 18:59:01 pid=341729 tid=140650056472256] outbound_pdu callback link_id=2 tx_id=2090 len=167
[cspcla 18:59:01 pid=341729 tid=140650056472256] ✓ TX SUCCESS tx_id=2090 dst_csp=2:10 bytes=167 (all ACKs received)
[cspcla 18:59:01 pid=341729 tid=140650056472256] outbound_pdu callback link_id=2 tx_id=2091 len=167
[cspcla 18:59:01 pid=341729 tid=140650056472256] ✓ TX SUCCESS tx_id=2091 dst_csp=2:10 bytes=167 (all ACKs received)
[cspcla 18:59:01 pid=341729 tid=140650056472256] outbound_pdu callback link_id=2 tx_id=2092 len=167
[cspcla 18:59:01 pid=341729 tid=140650056472256] ✓ TX SUCCESS tx_id=2092 dst_csp=2:10 bytes=167 (all ACKs received)
[cspcla 18:59:02 pid=341729 tid=140650056472256] outbound_pdu callback link_id=2 tx_id=2093 len=167
[cspcla 18:59:02 pid=341729 tid=140650056472256] ✓ TX SUCCESS tx_id=2093 dst_csp=2:10 bytes=167 (all ACKs received)
[cspcla 18:59:02 pid=341729 tid=140650056472256] outbound_pdu callback link_id=2 tx_id=2094 len=167
[cspcla 18:59:02 pid=341729 tid=140650056472256] ✓ TX SUCCESS tx_id=2094 dst_csp=2:10 bytes=167 (all ACKs received)
[cspcla 18:59:02 pid=341729 tid=140650056472256] outbound_pdu callback link_id=2 tx_id=2095 len=167
[cspcla 18:59:02 pid=341729 tid=140650056472256] ✓ TX SUCCESS tx_id=2095 dst_csp=2:10 bytes=167 (all ACKs received)
[cspcla 18:59:03 pid=341729 tid=140650056472256] outbound_pdu callback link_id=2 tx_id=2096 len=167
[cspcla 18:59:03 pid=341729 tid=140650056472256] ✓ TX SUCCESS tx_id=2096 dst_csp=2:10 bytes=167 (all ACKs received)
[cspcla 18:59:03 pid=341729 tid=140650056472256] outbound_pdu callback link_id=2 tx_id=2097 len=167
[cspcla 18:59:03 pid=341729 tid=140650056472256] ✓ TX SUCCESS tx_id=2097 dst_csp=2:10 bytes=167 (all ACKs received)
[cspcla 18:59:03 pid=341729 tid=140650056472256] outbound_pdu callback link_id=2 tx_id=2098 len=167
[cspcla 18:59:03 pid=341729 tid=140650056472256] ✓ TX SUCCESS tx_id=2098 dst_csp=2:10 bytes=167 (all ACKs received)
[cspcla 18:59:04 pid=341729 tid=140650056472256] outbound_pdu callback link_id=2 tx_id=2099 len=167
[cspcla 18:59:04 pid=341729 tid=140650056472256] ✓ TX SUCCESS tx_id=2099 dst_csp=2:10 bytes=167 (all ACKs received)
[cspcla 18:59:04 pid=341729 tid=140650056472256] outbound_pdu callback link_id=2 tx_id=2100 len=167
[cspcla 18:59:04 pid=341729 tid=140650056472256] ✓ TX SUCCESS tx_id=2100 dst_csp=2:10 bytes=167 (all ACKs received)
[cspcla 18:59:04 pid=341729 tid=140650056472256] outbound_pdu callback link_id=2 tx_id=2101 len=360
[cspcla 18:59:04 pid=341729 tid=140650056472256] ✓ TX SUCCESS tx_id=2101 dst_csp=2:10 bytes=360 (all ACKs received)
[cspcla 18:59:05 pid=341729 tid=140650056472256] outbound_pdu callback link_id=2 tx_id=2102 len=360
[cspcla 18:59:05 pid=341729 tid=140650056472256] ✓ TX SUCCESS tx_id=2102 dst_csp=2:10 bytes=360 (all ACKs received)
[cspcla 18:59:05 pid=341729 tid=140650056472256] outbound_pdu callback link_id=2 tx_id=2103 len=360
[cspcla 18:59:05 pid=341729 tid=140650056472256] ✓ TX SUCCESS tx_id=2103 dst_csp=2:10 bytes=360 (all ACKs received)
[cspcla 18:59:05 pid=341729 tid=140650056472256] outbound_pdu callback link_id=2 tx_id=2104 len=360
[cspcla 18:59:05 pid=341729 tid=140650056472256] ✓ TX SUCCESS tx_id=2104 dst_csp=2:10 bytes=360 (all ACKs received)
[cspcla 18:59:06 pid=341729 tid=140650056472256] outbound_pdu callback link_id=2 tx_id=2105 len=360
[cspcla 18:59:06 pid=341729 tid=140650056472256] ✓ TX SUCCESS tx_id=2105 dst_csp=2:10 bytes=360 (all ACKs received)
[cspcla 18:59:06 pid=341729 tid=140650056472256] outbound_pdu callback link_id=2 tx_id=2106 len=360
[cspcla 18:59:06 pid=341729 tid=140650056472256] ✓ TX SUCCESS tx_id=2106 dst_csp=2:10 bytes=360 (all ACKs received)
[cspcla 18:59:06 pid=341729 tid=140650056472256] outbound_pdu callback link_id=2 tx_id=2107 len=360
[cspcla 18:59:06 pid=341729 tid=140650056472256] ✓ TX SUCCESS tx_id=2107 dst_csp=2:10 bytes=360 (all ACKs received)
[cspcla 18:59:07 pid=341729 tid=140650056472256] outbound_pdu callback link_id=2 tx_id=2108 len=360
[cspcla 18:59:07 pid=341729 tid=140650056472256] ✓ TX SUCCESS tx_id=2108 dst_csp=2:10 bytes=360 (all ACKs received)
[cspcla 18:59:07 pid=341729 tid=140650056472256] outbound_pdu callback link_id=2 tx_id=2109 len=360
[cspcla 18:59:07 pid=341729 tid=140650056472256] ✓ TX SUCCESS tx_id=2109 dst_csp=2:10 bytes=360 (all ACKs received)
[cspcla 18:59:07 pid=341729 tid=140650056472256] outbound_pdu callback link_id=2 tx_id=2110 len=360
[cspcla 18:59:07 pid=341729 tid=140650056472256] ✓ TX SUCCESS tx_id=2110 dst_csp=2:10 bytes=360 (all ACKs received)
[cspcla 18:59:08 pid=341729 tid=140650056472256] outbound_pdu callback link_id=2 tx_id=2111 len=360
[cspcla 18:59:08 pid=341729 tid=140650056472256] ✓ TX SUCCESS tx_id=2111 dst_csp=2:10 bytes=360 (all ACKs received)
[cspcla 18:59:08 pid=341729 tid=140650056472256] outbound_pdu callback link_id=2 tx_id=2112 len=360
[cspcla 18:59:08 pid=341729 tid=140650056472256] ✓ TX SUCCESS tx_id=2112 dst_csp=2:10 bytes=360 (all ACKs received)
[cspcla 18:59:08 pid=341729 tid=140650056472256] outbound_pdu callback link_id=2 tx_id=2113 len=360
[cspcla 18:59:08 pid=341729 tid=140650056472256] ✓ TX SUCCESS tx_id=2113 dst_csp=2:10 bytes=360 (all ACKs received)
[cspcla 18:59:09 pid=341729 tid=140650056472256] outbound_pdu callback link_id=2 tx_id=2114 len=360
[cspcla 18:59:09 pid=341729 tid=140650056472256] ✓ TX SUCCESS tx_id=2114 dst_csp=2:10 bytes=360 (all ACKs received)
[cspcla 18:59:09 pid=341729 tid=140650056472256] outbound_pdu callback link_id=2 tx_id=2115 len=360
[cspcla 18:59:09 pid=341729 tid=140650056472256] ✓ TX SUCCESS tx_id=2115 dst_csp=2:10 bytes=360 (all ACKs received)
[cspcla 18:59:09 pid=341729 tid=140650056472256] outbound_pdu callback link_id=2 tx_id=2116 len=360
[cspcla 18:59:09 pid=341729 tid=140650056472256] ✓ TX SUCCESS tx_id=2116 dst_csp=2:10 bytes=360 (all ACKs received)
[cspcla 18:59:10 pid=341729 tid=140650056472256] outbound_pdu callback link_id=2 tx_id=2117 len=360
[cspcla 18:59:10 pid=341729 tid=140650056472256] ✓ TX SUCCESS tx_id=2117 dst_csp=2:10 bytes=360 (all ACKs received)
[cspcla 18:59:10 pid=341729 tid=140650056472256] outbound_pdu callback link_id=2 tx_id=2118 len=360
[cspcla 18:59:10 pid=341729 tid=140650056472256] ✓ TX SUCCESS tx_id=2118 dst_csp=2:10 bytes=360 (all ACKs received)
[cspcla 18:59:10 pid=341729 tid=140650056472256] outbound_pdu callback link_id=2 tx_id=2119 len=360
[cspcla 18:59:10 pid=341729 tid=140650056472256] ✓ TX SUCCESS tx_id=2119 dst_csp=2:10 bytes=360 (all ACKs received)
[cspcla 18:59:11 pid=341729 tid=140650056472256] outbound_pdu callback link_id=2 tx_id=2120 len=360
[cspcla 18:59:11 pid=341729 tid=140650056472256] ✓ TX SUCCESS tx_id=2120 dst_csp=2:10 bytes=360 (all ACKs received)
[cspcla 18:59:11 pid=341729 tid=140650056472256] outbound_pdu callback link_id=2 tx_id=2121 len=360
[cspcla 18:59:11 pid=341729 tid=140650056472256] ✓ TX SUCCESS tx_id=2121 dst_csp=2:10 bytes=360 (all ACKs received)
[cspcla 18:59:11 pid=341729 tid=140650056472256] outbound_pdu callback link_id=2 tx_id=2122 len=360
[cspcla 18:59:11 pid=341729 tid=140650056472256] ✓ TX SUCCESS tx_id=2122 dst_csp=2:10 bytes=360 (all ACKs received)
[cspcla 18:59:12 pid=341729 tid=140650056472256] outbound_pdu callback link_id=2 tx_id=2123 len=360
[cspcla 18:59:12 pid=341729 tid=140650056472256] ✓ TX SUCCESS tx_id=2123 dst_csp=2:10 bytes=360 (all ACKs received)
[cspcla 18:59:12 pid=341729 tid=140650056472256] outbound_pdu callback link_id=2 tx_id=2124 len=360
[cspcla 18:59:12 pid=341729 tid=140650056472256] ✓ TX SUCCESS tx_id=2124 dst_csp=2:10 bytes=360 (all ACKs received)
[cspcla 18:59:12 pid=341729 tid=140650056472256] outbound_pdu callback link_id=2 tx_id=2125 len=360
[cspcla 18:59:12 pid=341729 tid=140650056472256] ✓ TX SUCCESS tx_id=2125 dst_csp=2:10 bytes=360 (all ACKs received)
[cspcla 18:59:13 pid=341729 tid=140650056472256] outbound_pdu callback link_id=2 tx_id=2126 len=360
[cspcla 18:59:13 pid=341729 tid=140650056472256] ✓ TX SUCCESS tx_id=2126 dst_csp=2:10 bytes=360 (all ACKs received)
[cspcla 18:59:13 pid=341729 tid=140650056472256] outbound_pdu callback link_id=2 tx_id=2127 len=360
[cspcla 18:59:13 pid=341729 tid=140650056472256] ✓ TX SUCCESS tx_id=2127 dst_csp=2:10 bytes=360 (all ACKs received)
[cspcla 18:59:13 pid=341729 tid=140650056472256] outbound_pdu callback link_id=2 tx_id=2128 len=360
[cspcla 18:59:13 pid=341729 tid=140650056472256] ✓ TX SUCCESS tx_id=2128 dst_csp=2:10 bytes=360 (all ACKs received)
[cspcla 18:59:14 pid=341729 tid=140650056472256] outbound_pdu callback link_id=2 tx_id=2129 len=360
[cspcla 18:59:14 pid=341729 tid=140650056472256] ✓ TX SUCCESS tx_id=2129 dst_csp=2:10 bytes=360 (all ACKs received)
[cspcla 18:59:14 pid=341729 tid=140650056472256] outbound_pdu callback link_id=2 tx_id=2130 len=360
[cspcla 18:59:14 pid=341729 tid=140650056472256] ✓ TX SUCCESS tx_id=2130 dst_csp=2:10 bytes=360 (all ACKs received)
[cspcla 18:59:14 pid=341729 tid=140650056472256] outbound_pdu callback link_id=2 tx_id=2131 len=360
[cspcla 18:59:14 pid=341729 tid=140650056472256] ✓ TX SUCCESS tx_id=2131 dst_csp=2:10 bytes=360 (all ACKs received)
[cspcla 18:59:15 pid=341729 tid=140650056472256] outbound_pdu callback link_id=2 tx_id=2132 len=360
[cspcla 18:59:15 pid=341729 tid=140650056472256] ✓ TX SUCCESS tx_id=2132 dst_csp=2:10 bytes=360 (all ACKs received)
[cspcla 18:59:15 pid=341729 tid=140650056472256] outbound_pdu callback link_id=2 tx_id=2133 len=360
[cspcla 18:59:15 pid=341729 tid=140650056472256] ✓ TX SUCCESS tx_id=2133 dst_csp=2:10 bytes=360 (all ACKs received)
[cspcla 18:59:15 pid=341729 tid=140650056472256] outbound_pdu callback link_id=2 tx_id=2134 len=360
[cspcla 18:59:15 pid=341729 tid=140650056472256] ✓ TX SUCCESS tx_id=2134 dst_csp=2:10 bytes=360 (all ACKs received)
[cspcla 18:59:15 pid=341729 tid=140650056472256] outbound_pdu callback link_id=2 tx_id=2135 len=360
[cspcla 18:59:15 pid=341729 tid=140650056472256] ✓ TX SUCCESS tx_id=2135 dst_csp=2:10 bytes=360 (all ACKs received)
[cspcla 18:59:16 pid=341729 tid=140650056472256] outbound_pdu callback link_id=2 tx_id=2136 len=360
[cspcla 18:59:16 pid=341729 tid=140650056472256] ✓ TX SUCCESS tx_id=2136 dst_csp=2:10 bytes=360 (all ACKs received)
[cspcla 18:59:16 pid=341729 tid=140650056472256] outbound_pdu callback link_id=2 tx_id=2137 len=360
[cspcla 18:59:16 pid=341729 tid=140650056472256] ✓ TX SUCCESS tx_id=2137 dst_csp=2:10 bytes=360 (all ACKs received)
[cspcla 18:59:16 pid=341729 tid=140650056472256] outbound_pdu callback link_id=2 tx_id=2138 len=360
[cspcla 18:59:16 pid=341729 tid=140650056472256] ✓ TX SUCCESS tx_id=2138 dst_csp=2:10 bytes=360 (all ACKs received)
[cspcla 18:59:17 pid=341729 tid=140650056472256] outbound_pdu callback link_id=2 tx_id=2139 len=360
[cspcla 18:59:17 pid=341729 tid=140650056472256] ✓ TX SUCCESS tx_id=2139 dst_csp=2:10 bytes=360 (all ACKs received)
[cspcla 18:59:17 pid=341729 tid=140650056472256] outbound_pdu callback link_id=2 tx_id=2140 len=360
[cspcla 18:59:17 pid=341729 tid=140650056472256] ✓ TX SUCCESS tx_id=2140 dst_csp=2:10 bytes=360 (all ACKs received)
[cspcla 18:59:17 pid=341729 tid=140650056472256] outbound_pdu callback link_id=2 tx_id=2141 len=360
[cspcla 18:59:17 pid=341729 tid=140650056472256] ✓ TX SUCCESS tx_id=2141 dst_csp=2:10 bytes=360 (all ACKs received)
[cspcla 18:59:18 pid=341729 tid=140650056472256] outbound_pdu callback link_id=2 tx_id=2142 len=360
[cspcla 18:59:18 pid=341729 tid=140650056472256] ✓ TX SUCCESS tx_id=2142 dst_csp=2:10 bytes=360 (all ACKs received)
[cspcla 18:59:18 pid=341729 tid=140650056472256] outbound_pdu callback link_id=2 tx_id=2143 len=360
[cspcla 18:59:18 pid=341729 tid=140650056472256] ✓ TX SUCCESS tx_id=2143 dst_csp=2:10 bytes=360 (all ACKs received)
[cspcla 18:59:18 pid=341729 tid=140650056472256] outbound_pdu callback link_id=2 tx_id=2144 len=360
[cspcla 18:59:18 pid=341729 tid=140650056472256] ✓ TX SUCCESS tx_id=2144 dst_csp=2:10 bytes=360 (all ACKs received)
[cspcla 18:59:19 pid=341729 tid=140650056472256] outbound_pdu callback link_id=2 tx_id=2145 len=360
[cspcla 18:59:19 pid=341729 tid=140650056472256] ✓ TX SUCCESS tx_id=2145 dst_csp=2:10 bytes=360 (all ACKs received)
[cspcla 18:59:19 pid=341729 tid=140650056472256] outbound_pdu callback link_id=2 tx_id=2146 len=360
[cspcla 18:59:19 pid=341729 tid=140650056472256] ✓ TX SUCCESS tx_id=2146 dst_csp=2:10 bytes=360 (all ACKs received)
[cspcla 18:59:19 pid=341729 tid=140650056472256] outbound_pdu callback link_id=2 tx_id=2147 len=360
[cspcla 18:59:19 pid=341729 tid=140650056472256] ✓ TX SUCCESS tx_id=2147 dst_csp=2:10 bytes=360 (all ACKs received)
[cspcla 18:59:20 pid=341729 tid=140650056472256] outbound_pdu callback link_id=2 tx_id=2148 len=360
[cspcla 18:59:20 pid=341729 tid=140650056472256] ✓ TX SUCCESS tx_id=2148 dst_csp=2:10 bytes=360 (all ACKs received)
[cspcla 18:59:20 pid=341729 tid=140650056472256] outbound_pdu callback link_id=2 tx_id=2149 len=360
[cspcla 18:59:20 pid=341729 tid=140650056472256] ✓ TX SUCCESS tx_id=2149 dst_csp=2:10 bytes=360 (all ACKs received)
[cspcla 18:59:20 pid=341729 tid=140650056472256] outbound_pdu callback link_id=2 tx_id=2150 len=360
[cspcla 18:59:20 pid=341729 tid=140650056472256] ✓ TX SUCCESS tx_id=2150 dst_csp=2:10 bytes=360 (all ACKs received)
[cspcla 18:59:21 pid=341729 tid=140650056472256] outbound_pdu callback link_id=2 tx_id=2151 len=360
[cspcla 18:59:21 pid=341729 tid=140650056472256] ✓ TX SUCCESS tx_id=2151 dst_csp=2:10 bytes=360 (all ACKs received)
[cspcla 18:59:21 pid=341729 tid=140650056472256] outbound_pdu callback link_id=2 tx_id=2152 len=360
[cspcla 18:59:21 pid=341729 tid=140650056472256] ✓ TX SUCCESS tx_id=2152 dst_csp=2:10 bytes=360 (all ACKs received)
[cspcla 18:59:21 pid=341729 tid=140650056472256] outbound_pdu callback link_id=2 tx_id=2153 len=360
[cspcla 18:59:21 pid=341729 tid=140650056472256] ✓ TX SUCCESS tx_id=2153 dst_csp=2:10 bytes=360 (all ACKs received)
[cspcla 18:59:22 pid=341729 tid=140650056472256] outbound_pdu callback link_id=2 tx_id=2154 len=360
[cspcla 18:59:22 pid=341729 tid=140650056472256] ✓ TX SUCCESS tx_id=2154 dst_csp=2:10 bytes=360 (all ACKs received)
[cspcla 18:59:22 pid=341729 tid=140650056472256] outbound_pdu callback link_id=2 tx_id=2155 len=360
[cspcla 18:59:22 pid=341729 tid=140650056472256] ✓ TX SUCCESS tx_id=2155 dst_csp=2:10 bytes=360 (all ACKs received)
[cspcla 18:59:22 pid=341729 tid=140650056472256] outbound_pdu callback link_id=2 tx_id=2156 len=360
[cspcla 18:59:22 pid=341729 tid=140650056472256] ✓ TX SUCCESS tx_id=2156 dst_csp=2:10 bytes=360 (all ACKs received)
[cspcla 18:59:23 pid=341729 tid=140650056472256] outbound_pdu callback link_id=2 tx_id=2157 len=360
[cspcla 18:59:23 pid=341729 tid=140650056472256] ✓ TX SUCCESS tx_id=2157 dst_csp=2:10 bytes=360 (all ACKs received)
[cspcla 18:59:23 pid=341729 tid=140650056472256] outbound_pdu callback link_id=2 tx_id=2158 len=360
[cspcla 18:59:23 pid=341729 tid=140650056472256] ✓ TX SUCCESS tx_id=2158 dst_csp=2:10 bytes=360 (all ACKs received)
[cspcla 18:59:23 pid=341729 tid=140650056472256] outbound_pdu callback link_id=2 tx_id=2159 len=360
[cspcla 18:59:23 pid=341729 tid=140650056472256] ✓ TX SUCCESS tx_id=2159 dst_csp=2:10 bytes=360 (all ACKs received)
[cspcla 18:59:24 pid=341729 tid=140650056472256] outbound_pdu callback link_id=2 tx_id=2160 len=360
[cspcla 18:59:24 pid=341729 tid=140650056472256] ✓ TX SUCCESS tx_id=2160 dst_csp=2:10 bytes=360 (all ACKs received)
[cspcla 18:59:24 pid=341729 tid=140650056472256] outbound_pdu callback link_id=2 tx_id=2161 len=360
[cspcla 18:59:24 pid=341729 tid=140650056472256] ✓ TX SUCCESS tx_id=2161 dst_csp=2:10 bytes=360 (all ACKs received)
[cspcla 18:59:24 pid=341729 tid=140650056472256] outbound_pdu callback link_id=2 tx_id=2162 len=360
[cspcla 18:59:24 pid=341729 tid=140650056472256] ✓ TX SUCCESS tx_id=2162 dst_csp=2:10 bytes=360 (all ACKs received)
[cspcla 18:59:25 pid=341729 tid=140650056472256] outbound_pdu callback link_id=2 tx_id=2163 len=360
[cspcla 18:59:25 pid=341729 tid=140650056472256] ✓ TX SUCCESS tx_id=2163 dst_csp=2:10 bytes=360 (all ACKs received)
[cspcla 18:59:25 pid=341729 tid=140650056472256] outbound_pdu callback link_id=2 tx_id=2164 len=360
[cspcla 18:59:25 pid=341729 tid=140650056472256] ✓ TX SUCCESS tx_id=2164 dst_csp=2:10 bytes=360 (all ACKs received)
[cspcla 18:59:25 pid=341729 tid=140650056472256] outbound_pdu callback link_id=2 tx_id=2165 len=360
[cspcla 18:59:25 pid=341729 tid=140650056472256] ✓ TX SUCCESS tx_id=2165 dst_csp=2:10 bytes=360 (all ACKs received)
[cspcla 18:59:26 pid=341729 tid=140650056472256] outbound_pdu callback link_id=2 tx_id=2166 len=360
[cspcla 18:59:26 pid=341729 tid=140650056472256] ✓ TX SUCCESS tx_id=2166 dst_csp=2:10 bytes=360 (all ACKs received)
[cspcla 18:59:26 pid=341729 tid=140650056472256] outbound_pdu callback link_id=2 tx_id=2167 len=360
[cspcla 18:59:26 pid=341729 tid=140650056472256] ✓ TX SUCCESS tx_id=2167 dst_csp=2:10 bytes=360 (all ACKs received)
[cspcla 18:59:26 pid=341729 tid=140650056472256] outbound_pdu callback link_id=2 tx_id=2168 len=360
[cspcla 18:59:26 pid=341729 tid=140650056472256] ✓ TX SUCCESS tx_id=2168 dst_csp=2:10 bytes=360 (all ACKs received)
[cspcla 18:59:27 pid=341729 tid=140650056472256] outbound_pdu callback link_id=2 tx_id=2169 len=360
[cspcla 18:59:27 pid=341729 tid=140650056472256] ✓ TX SUCCESS tx_id=2169 dst_csp=2:10 bytes=360 (all ACKs received)
[cspcla 18:59:27 pid=341729 tid=140650056472256] outbound_pdu callback link_id=2 tx_id=2170 len=360
[cspcla 18:59:27 pid=341729 tid=140650056472256] ✓ TX SUCCESS tx_id=2170 dst_csp=2:10 bytes=360 (all ACKs received)
[cspcla 18:59:27 pid=341729 tid=140650056472256] outbound_pdu callback link_id=2 tx_id=2171 len=360
[cspcla 18:59:27 pid=341729 tid=140650056472256] ✓ TX SUCCESS tx_id=2171 dst_csp=2:10 bytes=360 (all ACKs received)
[cspcla 18:59:28 pid=341729 tid=140650056472256] outbound_pdu callback link_id=2 tx_id=2172 len=360
[cspcla 18:59:28 pid=341729 tid=140650056472256] ✓ TX SUCCESS tx_id=2172 dst_csp=2:10 bytes=360 (all ACKs received)
[cspcla 18:59:28 pid=341729 tid=140650056472256] outbound_pdu callback link_id=2 tx_id=2173 len=360
[cspcla 18:59:28 pid=341729 tid=140650056472256] ✓ TX SUCCESS tx_id=2173 dst_csp=2:10 bytes=360 (all ACKs received)
[cspcla 18:59:28 pid=341729 tid=140650056472256] outbound_pdu callback link_id=2 tx_id=2174 len=360
[cspcla 18:59:28 pid=341729 tid=140650056472256] ✓ TX SUCCESS tx_id=2174 dst_csp=2:10 bytes=360 (all ACKs received)
[cspcla 18:59:29 pid=341729 tid=140650056472256] outbound_pdu callback link_id=2 tx_id=2175 len=360
[cspcla 18:59:29 pid=341729 tid=140650056472256] ✓ TX SUCCESS tx_id=2175 dst_csp=2:10 bytes=360 (all ACKs received)
[cspcla 18:59:29 pid=341729 tid=140650056472256] outbound_pdu callback link_id=2 tx_id=2176 len=360
[cspcla 18:59:29 pid=341729 tid=140650056472256] ✓ TX SUCCESS tx_id=2176 dst_csp=2:10 bytes=360 (all ACKs received)
[cspcla 18:59:29 pid=341729 tid=140650056472256] outbound_pdu callback link_id=2 tx_id=2177 len=360
[cspcla 18:59:29 pid=341729 tid=140650056472256] ✓ TX SUCCESS tx_id=2177 dst_csp=2:10 bytes=360 (all ACKs received)
[cspcla 18:59:30 pid=341729 tid=140650056472256] outbound_pdu callback link_id=2 tx_id=2178 len=360
[cspcla 18:59:30 pid=341729 tid=140650056472256] ✓ TX SUCCESS tx_id=2178 dst_csp=2:10 bytes=360 (all ACKs received)
[cspcla 18:59:30 pid=341729 tid=140650056472256] outbound_pdu callback link_id=2 tx_id=2179 len=360
[cspcla 18:59:30 pid=341729 tid=140650056472256] ✓ TX SUCCESS tx_id=2179 dst_csp=2:10 bytes=360 (all ACKs received)
[cspcla 18:59:30 pid=341729 tid=140650056472256] outbound_pdu callback link_id=2 tx_id=2180 len=360
[cspcla 18:59:30 pid=341729 tid=140650056472256] ✓ TX SUCCESS tx_id=2180 dst_csp=2:10 bytes=360 (all ACKs received)
[cspcla 18:59:30 pid=341729 tid=140650056472256] outbound_pdu callback link_id=2 tx_id=2181 len=360
[cspcla 18:59:30 pid=341729 tid=140650056472256] ✓ TX SUCCESS tx_id=2181 dst_csp=2:10 bytes=360 (all ACKs received)
[cspcla 18:59:31 pid=341729 tid=140650056472256] outbound_pdu callback link_id=2 tx_id=2182 len=360
[cspcla 18:59:31 pid=341729 tid=140650056472256] ✓ TX SUCCESS tx_id=2182 dst_csp=2:10 bytes=360 (all ACKs received)
[cspcla 18:59:31 pid=341729 tid=140650056472256] outbound_pdu callback link_id=2 tx_id=2183 len=360
[cspcla 18:59:31 pid=341729 tid=140650056472256] ✓ TX SUCCESS tx_id=2183 dst_csp=2:10 bytes=360 (all ACKs received)
[cspcla 18:59:31 pid=341729 tid=140650056472256] outbound_pdu callback link_id=2 tx_id=2184 len=360
[cspcla 18:59:31 pid=341729 tid=140650056472256] ✓ TX SUCCESS tx_id=2184 dst_csp=2:10 bytes=360 (all ACKs received)
[cspcla 18:59:32 pid=341729 tid=140650056472256] outbound_pdu callback link_id=2 tx_id=2185 len=360
[cspcla 18:59:32 pid=341729 tid=140650056472256] ✓ TX SUCCESS tx_id=2185 dst_csp=2:10 bytes=360 (all ACKs received)
[cspcla 18:59:32 pid=341729 tid=140650056472256] outbound_pdu callback link_id=2 tx_id=2186 len=360
[cspcla 18:59:32 pid=341729 tid=140650056472256] ✓ TX SUCCESS tx_id=2186 dst_csp=2:10 bytes=360 (all ACKs received)
[cspcla 18:59:32 pid=341729 tid=140650056472256] outbound_pdu callback link_id=2 tx_id=2187 len=360
[cspcla 18:59:32 pid=341729 tid=140650056472256] ✓ TX SUCCESS tx_id=2187 dst_csp=2:10 bytes=360 (all ACKs received)
[cspcla 18:59:33 pid=341729 tid=140650056472256] outbound_pdu callback link_id=2 tx_id=2188 len=360
[cspcla 18:59:33 pid=341729 tid=140650056472256] ✓ TX SUCCESS tx_id=2188 dst_csp=2:10 bytes=360 (all ACKs received)
[cspcla 18:59:33 pid=341729 tid=140650056472256] outbound_pdu callback link_id=2 tx_id=2189 len=360
[cspcla 18:59:33 pid=341729 tid=140650056472256] ✓ TX SUCCESS tx_id=2189 dst_csp=2:10 bytes=360 (all ACKs received)
[cspcla 18:59:33 pid=341729 tid=140650056472256] outbound_pdu callback link_id=2 tx_id=2190 len=360
[cspcla 18:59:33 pid=341729 tid=140650056472256] ✓ TX SUCCESS tx_id=2190 dst_csp=2:10 bytes=360 (all ACKs received)
[cspcla 18:59:34 pid=341729 tid=140650056472256] outbound_pdu callback link_id=2 tx_id=2191 len=360
[cspcla 18:59:34 pid=341729 tid=140650056472256] ✓ TX SUCCESS tx_id=2191 dst_csp=2:10 bytes=360 (all ACKs received)
[cspcla 18:59:34 pid=341729 tid=140650056472256] outbound_pdu callback link_id=2 tx_id=2192 len=360
[cspcla 18:59:34 pid=341729 tid=140650056472256] ✓ TX SUCCESS tx_id=2192 dst_csp=2:10 bytes=360 (all ACKs received)
[cspcla 18:59:34 pid=341729 tid=140650056472256] outbound_pdu callback link_id=2 tx_id=2193 len=360
[cspcla 18:59:34 pid=341729 tid=140650056472256] ✓ TX SUCCESS tx_id=2193 dst_csp=2:10 bytes=360 (all ACKs received)
[cspcla 18:59:35 pid=341729 tid=140650056472256] outbound_pdu callback link_id=2 tx_id=2194 len=360
[cspcla 18:59:35 pid=341729 tid=140650056472256] ✓ TX SUCCESS tx_id=2194 dst_csp=2:10 bytes=360 (all ACKs received)
[cspcla 18:59:35 pid=341729 tid=140650056472256] outbound_pdu callback link_id=2 tx_id=2195 len=360
[cspcla 18:59:35 pid=341729 tid=140650056472256] ✓ TX SUCCESS tx_id=2195 dst_csp=2:10 bytes=360 (all ACKs received)
[cspcla 18:59:35 pid=341729 tid=140650056472256] outbound_pdu callback link_id=2 tx_id=2196 len=360
[cspcla 18:59:35 pid=341729 tid=140650056472256] ✓ TX SUCCESS tx_id=2196 dst_csp=2:10 bytes=360 (all ACKs received)
[cspcla 18:59:36 pid=341729 tid=140650056472256] outbound_pdu callback link_id=2 tx_id=2197 len=360
[cspcla 18:59:36 pid=341729 tid=140650056472256] ✓ TX SUCCESS tx_id=2197 dst_csp=2:10 bytes=360 (all ACKs received)
[cspcla 18:59:36 pid=341729 tid=140650056472256] outbound_pdu callback link_id=2 tx_id=2198 len=360
[cspcla 18:59:36 pid=341729 tid=140650056472256] ✓ TX SUCCESS tx_id=2198 dst_csp=2:10 bytes=360 (all ACKs received)
[cspcla 18:59:36 pid=341729 tid=140650056472256] outbound_pdu callback link_id=2 tx_id=2199 len=360
[cspcla 18:59:36 pid=341729 tid=140650056472256] ✓ TX SUCCESS tx_id=2199 dst_csp=2:10 bytes=360 (all ACKs received)
[cspcla 18:59:37 pid=341729 tid=140650056472256] outbound_pdu callback link_id=2 tx_id=2200 len=360
[cspcla 18:59:37 pid=341729 tid=140650056472256] ✓ TX SUCCESS tx_id=2200 dst_csp=2:10 bytes=360 (all ACKs received)
[cspcla 19:03:18 pid=341729 tid=140650056472256] outbound_pdu callback link_id=2 tx_id=2201 len=167
[cspcla 19:03:18 pid=341729 tid=140650056472256] ✓ TX SUCCESS tx_id=2201 dst_csp=2:10 bytes=167 (all ACKs received)
[cspcla 19:03:18 pid=341729 tid=140650056472256] outbound_pdu callback link_id=2 tx_id=2202 len=167
[cspcla 19:03:18 pid=341729 tid=140650056472256] ✓ TX SUCCESS tx_id=2202 dst_csp=2:10 bytes=167 (all ACKs received)
[cspcla 19:03:18 pid=341729 tid=140650056472256] outbound_pdu callback link_id=2 tx_id=2203 len=167
[cspcla 19:03:18 pid=341729 tid=140650056472256] ✓ TX SUCCESS tx_id=2203 dst_csp=2:10 bytes=167 (all ACKs received)
[cspcla 19:03:18 pid=341729 tid=140650056472256] outbound_pdu callback link_id=2 tx_id=2204 len=167
[cspcla 19:03:18 pid=341729 tid=140650056472256] ✓ TX SUCCESS tx_id=2204 dst_csp=2:10 bytes=167 (all ACKs received)
[cspcla 19:03:18 pid=341729 tid=140650056472256] outbound_pdu callback link_id=2 tx_id=2205 len=167
[cspcla 19:03:18 pid=341729 tid=140650056472256] ✓ TX SUCCESS tx_id=2205 dst_csp=2:10 bytes=167 (all ACKs received)
[cspcla 19:03:18 pid=341729 tid=140650056472256] outbound_pdu callback link_id=2 tx_id=2206 len=167
[cspcla 19:03:18 pid=341729 tid=140650056472256] ✓ TX SUCCESS tx_id=2206 dst_csp=2:10 bytes=167 (all ACKs received)
[cspcla 19:03:18 pid=341729 tid=140650056472256] outbound_pdu callback link_id=2 tx_id=2207 len=167
[cspcla 19:03:18 pid=341729 tid=140650056472256] ✓ TX SUCCESS tx_id=2207 dst_csp=2:10 bytes=167 (all ACKs received)
[cspcla 19:03:18 pid=341729 tid=140650056472256] outbound_pdu callback link_id=2 tx_id=2208 len=167
[cspcla 19:03:18 pid=341729 tid=140650056472256] ✓ TX SUCCESS tx_id=2208 dst_csp=2:10 bytes=167 (all ACKs received)
[cspcla 19:03:18 pid=341729 tid=140650056472256] outbound_pdu callback link_id=2 tx_id=2209 len=167
[cspcla 19:03:18 pid=341729 tid=140650056472256] ✓ TX SUCCESS tx_id=2209 dst_csp=2:10 bytes=167 (all ACKs received)
[cspcla 19:03:18 pid=341729 tid=140650056472256] outbound_pdu callback link_id=2 tx_id=2210 len=167
[cspcla 19:03:18 pid=341729 tid=140650056472256] ✓ TX SUCCESS tx_id=2210 dst_csp=2:10 bytes=167 (all ACKs received)
[cspcla 19:03:19 pid=341729 tid=140650056472256] outbound_pdu callback link_id=2 tx_id=2211 len=167
[cspcla 19:03:19 pid=341729 tid=140650056472256] ✓ TX SUCCESS tx_id=2211 dst_csp=2:10 bytes=167 (all ACKs received)
[cspcla 19:03:19 pid=341729 tid=140650056472256] outbound_pdu callback link_id=2 tx_id=2212 len=167
[cspcla 19:03:19 pid=341729 tid=140650056472256] ✓ TX SUCCESS tx_id=2212 dst_csp=2:10 bytes=167 (all ACKs received)
[cspcla 19:03:19 pid=341729 tid=140650056472256] outbound_pdu callback link_id=2 tx_id=2213 len=167
[cspcla 19:03:19 pid=341729 tid=140650056472256] ✓ TX SUCCESS tx_id=2213 dst_csp=2:10 bytes=167 (all ACKs received)
[cspcla 19:03:19 pid=341729 tid=140650056472256] outbound_pdu callback link_id=2 tx_id=2214 len=167
[cspcla 19:03:19 pid=341729 tid=140650056472256] ✓ TX SUCCESS tx_id=2214 dst_csp=2:10 bytes=167 (all ACKs received)
[cspcla 19:03:19 pid=341729 tid=140650056472256] outbound_pdu callback link_id=2 tx_id=2215 len=167
[cspcla 19:03:19 pid=341729 tid=140650056472256] ✓ TX SUCCESS tx_id=2215 dst_csp=2:10 bytes=167 (all ACKs received)
[cspcla 19:03:19 pid=341729 tid=140650056472256] outbound_pdu callback link_id=2 tx_id=2216 len=167
[cspcla 19:03:19 pid=341729 tid=140650056472256] ✓ TX SUCCESS tx_id=2216 dst_csp=2:10 bytes=167 (all ACKs received)
[cspcla 19:03:19 pid=341729 tid=140650056472256] outbound_pdu callback link_id=2 tx_id=2217 len=167
[cspcla 19:03:19 pid=341729 tid=140650056472256] ✓ TX SUCCESS tx_id=2217 dst_csp=2:10 bytes=167 (all ACKs received)
[cspcla 19:03:19 pid=341729 tid=140650056472256] outbound_pdu callback link_id=2 tx_id=2218 len=167
[cspcla 19:03:19 pid=341729 tid=140650056472256] ✓ TX SUCCESS tx_id=2218 dst_csp=2:10 bytes=167 (all ACKs received)
[cspcla 19:03:19 pid=341729 tid=140650056472256] outbound_pdu callback link_id=2 tx_id=2219 len=167
[cspcla 19:03:20 pid=341729 tid=140650056472256] ✓ TX SUCCESS tx_id=2219 dst_csp=2:10 bytes=167 (all ACKs received)
[cspcla 19:03:20 pid=341729 tid=140650056472256] outbound_pdu callback link_id=2 tx_id=2220 len=167
[cspcla 19:03:20 pid=341729 tid=140650056472256] ✓ TX SUCCESS tx_id=2220 dst_csp=2:10 bytes=167 (all ACKs received)
[cspcla 19:03:20 pid=341729 tid=140650056472256] outbound_pdu callback link_id=2 tx_id=2221 len=167
[cspcla 19:03:20 pid=341729 tid=140650056472256] ✓ TX SUCCESS tx_id=2221 dst_csp=2:10 bytes=167 (all ACKs received)
[cspcla 19:03:20 pid=341729 tid=140650056472256] outbound_pdu callback link_id=2 tx_id=2222 len=167
[cspcla 19:03:20 pid=341729 tid=140650056472256] ✓ TX SUCCESS tx_id=2222 dst_csp=2:10 bytes=167 (all ACKs received)
[cspcla 19:03:20 pid=341729 tid=140650056472256] outbound_pdu callback link_id=2 tx_id=2223 len=167
[cspcla 19:03:20 pid=341729 tid=140650056472256] ✓ TX SUCCESS tx_id=2223 dst_csp=2:10 bytes=167 (all ACKs received)
[cspcla 19:03:20 pid=341729 tid=140650056472256] outbound_pdu callback link_id=2 tx_id=2224 len=167
[cspcla 19:03:21 pid=341729 tid=140650056472256] ✓ TX SUCCESS tx_id=2224 dst_csp=2:10 bytes=167 (all ACKs received)
[cspcla 19:03:21 pid=341729 tid=140650056472256] outbound_pdu callback link_id=2 tx_id=2225 len=167
[cspcla 19:03:21 pid=341729 tid=140650056472256] ✓ TX SUCCESS tx_id=2225 dst_csp=2:10 bytes=167 (all ACKs received)
[cspcla 19:03:21 pid=341729 tid=140650056472256] outbound_pdu callback link_id=2 tx_id=2226 len=167
[cspcla 19:03:21 pid=341729 tid=140650056472256] ✓ TX SUCCESS tx_id=2226 dst_csp=2:10 bytes=167 (all ACKs received)
[cspcla 19:03:21 pid=341729 tid=140650056472256] outbound_pdu callback link_id=2 tx_id=2227 len=167
[cspcla 19:03:21 pid=341729 tid=140650056472256] ✓ TX SUCCESS tx_id=2227 dst_csp=2:10 bytes=167 (all ACKs received)
[cspcla 19:03:21 pid=341729 tid=140650056472256] outbound_pdu callback link_id=2 tx_id=2228 len=167
[cspcla 19:03:21 pid=341729 tid=140650056472256] ✓ TX SUCCESS tx_id=2228 dst_csp=2:10 bytes=167 (all ACKs received)
[cspcla 19:03:21 pid=341729 tid=140650056472256] outbound_pdu callback link_id=2 tx_id=2229 len=167
[cspcla 19:03:21 pid=341729 tid=140650056472256] ✓ TX SUCCESS tx_id=2229 dst_csp=2:10 bytes=167 (all ACKs received)
[cspcla 19:03:21 pid=341729 tid=140650056472256] outbound_pdu callback link_id=2 tx_id=2230 len=167
[cspcla 19:03:21 pid=341729 tid=140650056472256] ✓ TX SUCCESS tx_id=2230 dst_csp=2:10 bytes=167 (all ACKs received)
[cspcla 19:03:22 pid=341729 tid=140650056472256] outbound_pdu callback link_id=2 tx_id=2231 len=167
[cspcla 19:03:22 pid=341729 tid=140650056472256] ✓ TX SUCCESS tx_id=2231 dst_csp=2:10 bytes=167 (all ACKs received)
[cspcla 19:03:22 pid=341729 tid=140650056472256] outbound_pdu callback link_id=2 tx_id=2232 len=167
[cspcla 19:03:22 pid=341729 tid=140650056472256] ✓ TX SUCCESS tx_id=2232 dst_csp=2:10 bytes=167 (all ACKs received)
[cspcla 19:03:22 pid=341729 tid=140650056472256] outbound_pdu callback link_id=2 tx_id=2233 len=167
[cspcla 19:03:22 pid=341729 tid=140650056472256] ✓ TX SUCCESS tx_id=2233 dst_csp=2:10 bytes=167 (all ACKs received)
[cspcla 19:03:22 pid=341729 tid=140650056472256] outbound_pdu callback link_id=2 tx_id=2234 len=167
[cspcla 19:03:22 pid=341729 tid=140650056472256] ✓ TX SUCCESS tx_id=2234 dst_csp=2:10 bytes=167 (all ACKs received)
[cspcla 19:03:22 pid=341729 tid=140650056472256] outbound_pdu callback link_id=2 tx_id=2235 len=167
[cspcla 19:03:22 pid=341729 tid=140650056472256] ✓ TX SUCCESS tx_id=2235 dst_csp=2:10 bytes=167 (all ACKs received)
[cspcla 19:03:22 pid=341729 tid=140650056472256] outbound_pdu callback link_id=2 tx_id=2236 len=167
[cspcla 19:03:22 pid=341729 tid=140650056472256] ✓ TX SUCCESS tx_id=2236 dst_csp=2:10 bytes=167 (all ACKs received)
[cspcla 19:03:22 pid=341729 tid=140650056472256] outbound_pdu callback link_id=2 tx_id=2237 len=167
[cspcla 19:03:22 pid=341729 tid=140650056472256] ✓ TX SUCCESS tx_id=2237 dst_csp=2:10 bytes=167 (all ACKs received)
[cspcla 19:03:22 pid=341729 tid=140650056472256] outbound_pdu callback link_id=2 tx_id=2238 len=167
[cspcla 19:03:22 pid=341729 tid=140650056472256] ✓ TX SUCCESS tx_id=2238 dst_csp=2:10 bytes=167 (all ACKs received)
[cspcla 19:03:22 pid=341729 tid=140650056472256] outbound_pdu callback link_id=2 tx_id=2239 len=167
[cspcla 19:03:23 pid=341729 tid=140650056472256] ✓ TX SUCCESS tx_id=2239 dst_csp=2:10 bytes=167 (all ACKs received)
[cspcla 19:03:23 pid=341729 tid=140650056472256] outbound_pdu callback link_id=2 tx_id=2240 len=167
[cspcla 19:03:23 pid=341729 tid=140650056472256] ✓ TX SUCCESS tx_id=2240 dst_csp=2:10 bytes=167 (all ACKs received)
[cspcla 19:03:23 pid=341729 tid=140650056472256] outbound_pdu callback link_id=2 tx_id=2241 len=167
[cspcla 19:03:23 pid=341729 tid=140650056472256] ✓ TX SUCCESS tx_id=2241 dst_csp=2:10 bytes=167 (all ACKs received)
[cspcla 19:03:23 pid=341729 tid=140650056472256] outbound_pdu callback link_id=2 tx_id=2242 len=167
[cspcla 19:03:23 pid=341729 tid=140650056472256] ✓ TX SUCCESS tx_id=2242 dst_csp=2:10 bytes=167 (all ACKs received)
[cspcla 19:03:23 pid=341729 tid=140650056472256] outbound_pdu callback link_id=2 tx_id=2243 len=167
[cspcla 19:03:24 pid=341729 tid=140650056472256] ✓ TX SUCCESS tx_id=2243 dst_csp=2:10 bytes=167 (all ACKs received)
[cspcla 19:03:24 pid=341729 tid=140650056472256] outbound_pdu callback link_id=2 tx_id=2244 len=167
[cspcla 19:03:24 pid=341729 tid=140650056472256] ✓ TX SUCCESS tx_id=2244 dst_csp=2:10 bytes=167 (all ACKs received)
[cspcla 19:03:24 pid=341729 tid=140650056472256] outbound_pdu callback link_id=2 tx_id=2245 len=167
[cspcla 19:03:24 pid=341729 tid=140650056472256] ✓ TX SUCCESS tx_id=2245 dst_csp=2:10 bytes=167 (all ACKs received)
[cspcla 19:03:24 pid=341729 tid=140650056472256] outbound_pdu callback link_id=2 tx_id=2246 len=167
[cspcla 19:03:24 pid=341729 tid=140650056472256] ✓ TX SUCCESS tx_id=2246 dst_csp=2:10 bytes=167 (all ACKs received)
[cspcla 19:03:24 pid=341729 tid=140650056472256] outbound_pdu callback link_id=2 tx_id=2247 len=167
[cspcla 19:03:24 pid=341729 tid=140650056472256] ✓ TX SUCCESS tx_id=2247 dst_csp=2:10 bytes=167 (all ACKs received)
[cspcla 19:03:24 pid=341729 tid=140650056472256] outbound_pdu callback link_id=2 tx_id=2248 len=167
[cspcla 19:03:24 pid=341729 tid=140650056472256] ✓ TX SUCCESS tx_id=2248 dst_csp=2:10 bytes=167 (all ACKs received)
[cspcla 19:03:24 pid=341729 tid=140650056472256] outbound_pdu callback link_id=2 tx_id=2249 len=167
[cspcla 19:03:24 pid=341729 tid=140650056472256] ✓ TX SUCCESS tx_id=2249 dst_csp=2:10 bytes=167 (all ACKs received)
[cspcla 19:03:24 pid=341729 tid=140650056472256] outbound_pdu callback link_id=2 tx_id=2250 len=167
[cspcla 19:03:24 pid=341729 tid=140650056472256] ✓ TX SUCCESS tx_id=2250 dst_csp=2:10 bytes=167 (all ACKs received)
[cspcla 19:03:25 pid=341729 tid=140650056472256] outbound_pdu callback link_id=2 tx_id=2251 len=167
[cspcla 19:03:25 pid=341729 tid=140650056472256] ✓ TX SUCCESS tx_id=2251 dst_csp=2:10 bytes=167 (all ACKs received)
[cspcla 19:03:25 pid=341729 tid=140650056472256] outbound_pdu callback link_id=2 tx_id=2252 len=167
[cspcla 19:03:25 pid=341729 tid=140650056472256] ✓ TX SUCCESS tx_id=2252 dst_csp=2:10 bytes=167 (all ACKs received)
[cspcla 19:03:25 pid=341729 tid=140650056472256] outbound_pdu callback link_id=2 tx_id=2253 len=167
[cspcla 19:03:25 pid=341729 tid=140650056472256] ✓ TX SUCCESS tx_id=2253 dst_csp=2:10 bytes=167 (all ACKs received)
[cspcla 19:03:25 pid=341729 tid=140650056472256] outbound_pdu callback link_id=2 tx_id=2254 len=167
[cspcla 19:03:25 pid=341729 tid=140650056472256] ✓ TX SUCCESS tx_id=2254 dst_csp=2:10 bytes=167 (all ACKs received)
[cspcla 19:03:25 pid=341729 tid=140650056472256] outbound_pdu callback link_id=2 tx_id=2255 len=167
[cspcla 19:03:25 pid=341729 tid=140650056472256] ✓ TX SUCCESS tx_id=2255 dst_csp=2:10 bytes=167 (all ACKs received)
[cspcla 19:03:25 pid=341729 tid=140650056472256] outbound_pdu callback link_id=2 tx_id=2256 len=167
[cspcla 19:03:25 pid=341729 tid=140650056472256] ✓ TX SUCCESS tx_id=2256 dst_csp=2:10 bytes=167 (all ACKs received)
[cspcla 19:03:25 pid=341729 tid=140650056472256] outbound_pdu callback link_id=2 tx_id=2257 len=167
[cspcla 19:03:25 pid=341729 tid=140650056472256] ✓ TX SUCCESS tx_id=2257 dst_csp=2:10 bytes=167 (all ACKs received)
[cspcla 19:03:25 pid=341729 tid=140650056472256] outbound_pdu callback link_id=2 tx_id=2258 len=167
[cspcla 19:03:25 pid=341729 tid=140650056472256] ✓ TX SUCCESS tx_id=2258 dst_csp=2:10 bytes=167 (all ACKs received)
[cspcla 19:03:25 pid=341729 tid=140650056472256] outbound_pdu callback link_id=2 tx_id=2259 len=167
[cspcla 19:03:26 pid=341729 tid=140650056472256] ✓ TX SUCCESS tx_id=2259 dst_csp=2:10 bytes=167 (all ACKs received)
[cspcla 19:03:26 pid=341729 tid=140650056472256] outbound_pdu callback link_id=2 tx_id=2260 len=167
[cspcla 19:03:26 pid=341729 tid=140650056472256] ✓ TX SUCCESS tx_id=2260 dst_csp=2:10 bytes=167 (all ACKs received)
[cspcla 19:03:27 pid=341729 tid=140650056472256] outbound_pdu callback link_id=2 tx_id=2261 len=167
[cspcla 19:03:27 pid=341729 tid=140650056472256] ✓ TX SUCCESS tx_id=2261 dst_csp=2:10 bytes=167 (all ACKs received)
[cspcla 19:03:27 pid=341729 tid=140650056472256] outbound_pdu callback link_id=2 tx_id=2262 len=167
[cspcla 19:03:27 pid=341729 tid=140650056472256] ✓ TX SUCCESS tx_id=2262 dst_csp=2:10 bytes=167 (all ACKs received)
[cspcla 19:03:27 pid=341729 tid=140650056472256] outbound_pdu callback link_id=2 tx_id=2263 len=167
[cspcla 19:03:27 pid=341729 tid=140650056472256] ✓ TX SUCCESS tx_id=2263 dst_csp=2:10 bytes=167 (all ACKs received)
[cspcla 19:03:27 pid=341729 tid=140650056472256] outbound_pdu callback link_id=2 tx_id=2264 len=167
[cspcla 19:03:27 pid=341729 tid=140650056472256] ✓ TX SUCCESS tx_id=2264 dst_csp=2:10 bytes=167 (all ACKs received)
[cspcla 19:03:27 pid=341729 tid=140650056472256] outbound_pdu callback link_id=2 tx_id=2265 len=167
[cspcla 19:03:27 pid=341729 tid=140650056472256] ✓ TX SUCCESS tx_id=2265 dst_csp=2:10 bytes=167 (all ACKs received)
[cspcla 19:03:27 pid=341729 tid=140650056472256] outbound_pdu callback link_id=2 tx_id=2266 len=167
[cspcla 19:03:27 pid=341729 tid=140650056472256] ✓ TX SUCCESS tx_id=2266 dst_csp=2:10 bytes=167 (all ACKs received)
[cspcla 19:03:27 pid=341729 tid=140650056472256] outbound_pdu callback link_id=2 tx_id=2267 len=167
[cspcla 19:03:27 pid=341729 tid=140650056472256] ✓ TX SUCCESS tx_id=2267 dst_csp=2:10 bytes=167 (all ACKs received)
[cspcla 19:03:27 pid=341729 tid=140650056472256] outbound_pdu callback link_id=2 tx_id=2268 len=167
[cspcla 19:03:27 pid=341729 tid=140650056472256] ✓ TX SUCCESS tx_id=2268 dst_csp=2:10 bytes=167 (all ACKs received)
[cspcla 19:03:27 pid=341729 tid=140650056472256] outbound_pdu callback link_id=2 tx_id=2269 len=167
[cspcla 19:03:27 pid=341729 tid=140650056472256] ✓ TX SUCCESS tx_id=2269 dst_csp=2:10 bytes=167 (all ACKs received)
[cspcla 19:03:27 pid=341729 tid=140650056472256] outbound_pdu callback link_id=2 tx_id=2270 len=167
[cspcla 19:03:27 pid=341729 tid=140650056472256] ✓ TX SUCCESS tx_id=2270 dst_csp=2:10 bytes=167 (all ACKs received)
[cspcla 19:03:28 pid=341729 tid=140650056472256] outbound_pdu callback link_id=2 tx_id=2271 len=167
[cspcla 19:03:28 pid=341729 tid=140650056472256] ✓ TX SUCCESS tx_id=2271 dst_csp=2:10 bytes=167 (all ACKs received)
[cspcla 19:03:28 pid=341729 tid=140650056472256] outbound_pdu callback link_id=2 tx_id=2272 len=167
[cspcla 19:03:28 pid=341729 tid=140650056472256] ✓ TX SUCCESS tx_id=2272 dst_csp=2:10 bytes=167 (all ACKs received)
[cspcla 19:03:28 pid=341729 tid=140650056472256] outbound_pdu callback link_id=2 tx_id=2273 len=167
[cspcla 19:03:28 pid=341729 tid=140650056472256] ✓ TX SUCCESS tx_id=2273 dst_csp=2:10 bytes=167 (all ACKs received)
[cspcla 19:03:28 pid=341729 tid=140650056472256] outbound_pdu callback link_id=2 tx_id=2274 len=167
[cspcla 19:03:28 pid=341729 tid=140650056472256] ✓ TX SUCCESS tx_id=2274 dst_csp=2:10 bytes=167 (all ACKs received)
[cspcla 19:03:28 pid=341729 tid=140650056472256] outbound_pdu callback link_id=2 tx_id=2275 len=167
[cspcla 19:03:28 pid=341729 tid=140650056472256] ✓ TX SUCCESS tx_id=2275 dst_csp=2:10 bytes=167 (all ACKs received)
[cspcla 19:03:28 pid=341729 tid=140650056472256] outbound_pdu callback link_id=2 tx_id=2276 len=167
[cspcla 19:03:28 pid=341729 tid=140650056472256] ✓ TX SUCCESS tx_id=2276 dst_csp=2:10 bytes=167 (all ACKs received)
[cspcla 19:03:28 pid=341729 tid=140650056472256] outbound_pdu callback link_id=2 tx_id=2277 len=167
[cspcla 19:03:28 pid=341729 tid=140650056472256] ✓ TX SUCCESS tx_id=2277 dst_csp=2:10 bytes=167 (all ACKs received)
[cspcla 19:03:28 pid=341729 tid=140650056472256] outbound_pdu callback link_id=2 tx_id=2278 len=167
[cspcla 19:03:29 pid=341729 tid=140650056472256] ✓ TX SUCCESS tx_id=2278 dst_csp=2:10 bytes=167 (all ACKs received)
[cspcla 19:03:29 pid=341729 tid=140650056472256] outbound_pdu callback link_id=2 tx_id=2279 len=167
[cspcla 19:03:29 pid=341729 tid=140650056472256] ✓ TX SUCCESS tx_id=2279 dst_csp=2:10 bytes=167 (all ACKs received)
[cspcla 19:03:29 pid=341729 tid=140650056472256] outbound_pdu callback link_id=2 tx_id=2280 len=167
[cspcla 19:03:29 pid=341729 tid=140650056472256] ✓ TX SUCCESS tx_id=2280 dst_csp=2:10 bytes=167 (all ACKs received)
[cspcla 19:03:30 pid=341729 tid=140650056472256] outbound_pdu callback link_id=2 tx_id=2281 len=167
[cspcla 19:03:30 pid=341729 tid=140650056472256] ✓ TX SUCCESS tx_id=2281 dst_csp=2:10 bytes=167 (all ACKs received)
[cspcla 19:03:30 pid=341729 tid=140650056472256] outbound_pdu callback link_id=2 tx_id=2282 len=167
[cspcla 19:03:30 pid=341729 tid=140650056472256] ✓ TX SUCCESS tx_id=2282 dst_csp=2:10 bytes=167 (all ACKs received)
[cspcla 19:03:30 pid=341729 tid=140650056472256] outbound_pdu callback link_id=2 tx_id=2283 len=167
[cspcla 19:03:30 pid=341729 tid=140650056472256] ✓ TX SUCCESS tx_id=2283 dst_csp=2:10 bytes=167 (all ACKs received)
[cspcla 19:03:30 pid=341729 tid=140650056472256] outbound_pdu callback link_id=2 tx_id=2284 len=167
[cspcla 19:03:30 pid=341729 tid=140650056472256] ✓ TX SUCCESS tx_id=2284 dst_csp=2:10 bytes=167 (all ACKs received)
[cspcla 19:03:30 pid=341729 tid=140650056472256] outbound_pdu callback link_id=2 tx_id=2285 len=167
[cspcla 19:03:30 pid=341729 tid=140650056472256] ✓ TX SUCCESS tx_id=2285 dst_csp=2:10 bytes=167 (all ACKs received)
[cspcla 19:03:30 pid=341729 tid=140650056472256] outbound_pdu callback link_id=2 tx_id=2286 len=167
[cspcla 19:03:30 pid=341729 tid=140650056472256] ✓ TX SUCCESS tx_id=2286 dst_csp=2:10 bytes=167 (all ACKs received)
[cspcla 19:03:30 pid=341729 tid=140650056472256] outbound_pdu callback link_id=2 tx_id=2287 len=167
[cspcla 19:03:30 pid=341729 tid=140650056472256] ✓ TX SUCCESS tx_id=2287 dst_csp=2:10 bytes=167 (all ACKs received)
[cspcla 19:03:30 pid=341729 tid=140650056472256] outbound_pdu callback link_id=2 tx_id=2288 len=167
[cspcla 19:03:30 pid=341729 tid=140650056472256] ✓ TX SUCCESS tx_id=2288 dst_csp=2:10 bytes=167 (all ACKs received)
[cspcla 19:03:30 pid=341729 tid=140650056472256] outbound_pdu callback link_id=2 tx_id=2289 len=167
[cspcla 19:03:30 pid=341729 tid=140650056472256] ✓ TX SUCCESS tx_id=2289 dst_csp=2:10 bytes=167 (all ACKs received)
[cspcla 19:03:30 pid=341729 tid=140650056472256] outbound_pdu callback link_id=2 tx_id=2290 len=167
[cspcla 19:03:30 pid=341729 tid=140650056472256] ✓ TX SUCCESS tx_id=2290 dst_csp=2:10 bytes=167 (all ACKs received)
[cspcla 19:03:31 pid=341729 tid=140650056472256] outbound_pdu callback link_id=2 tx_id=2291 len=167
[cspcla 19:03:31 pid=341729 tid=140650056472256] ✓ TX SUCCESS tx_id=2291 dst_csp=2:10 bytes=167 (all ACKs received)
[cspcla 19:03:31 pid=341729 tid=140650056472256] outbound_pdu callback link_id=2 tx_id=2292 len=167
[cspcla 19:03:31 pid=341729 tid=140650056472256] ✓ TX SUCCESS tx_id=2292 dst_csp=2:10 bytes=167 (all ACKs received)
[cspcla 19:03:31 pid=341729 tid=140650056472256] outbound_pdu callback link_id=2 tx_id=2293 len=167
[cspcla 19:03:31 pid=341729 tid=140650056472256] ✓ TX SUCCESS tx_id=2293 dst_csp=2:10 bytes=167 (all ACKs received)
[cspcla 19:03:31 pid=341729 tid=140650056472256] outbound_pdu callback link_id=2 tx_id=2294 len=167
[cspcla 19:03:31 pid=341729 tid=140650056472256] ✓ TX SUCCESS tx_id=2294 dst_csp=2:10 bytes=167 (all ACKs received)
[cspcla 19:03:31 pid=341729 tid=140650056472256] outbound_pdu callback link_id=2 tx_id=2295 len=167
[cspcla 19:03:31 pid=341729 tid=140650056472256] ✓ TX SUCCESS tx_id=2295 dst_csp=2:10 bytes=167 (all ACKs received)
[cspcla 19:03:31 pid=341729 tid=140650056472256] outbound_pdu callback link_id=2 tx_id=2296 len=167
[cspcla 19:03:31 pid=341729 tid=140650056472256] ✓ TX SUCCESS tx_id=2296 dst_csp=2:10 bytes=167 (all ACKs received)
[cspcla 19:03:31 pid=341729 tid=140650056472256] outbound_pdu callback link_id=2 tx_id=2297 len=167
[cspcla 19:03:32 pid=341729 tid=140650056472256] ✓ TX SUCCESS tx_id=2297 dst_csp=2:10 bytes=167 (all ACKs received)
[cspcla 19:03:32 pid=341729 tid=140650056472256] outbound_pdu callback link_id=2 tx_id=2298 len=167
[cspcla 19:03:32 pid=341729 tid=140650056472256] ✓ TX SUCCESS tx_id=2298 dst_csp=2:10 bytes=167 (all ACKs received)
[cspcla 19:03:32 pid=341729 tid=140650056472256] outbound_pdu callback link_id=2 tx_id=2299 len=167
[cspcla 19:03:32 pid=341729 tid=140650056472256] ✓ TX SUCCESS tx_id=2299 dst_csp=2:10 bytes=167 (all ACKs received)
[cspcla 19:03:32 pid=341729 tid=140650056472256] outbound_pdu callback link_id=2 tx_id=2300 len=167
[cspcla 19:03:32 pid=341729 tid=140650056472256] ✓ TX SUCCESS tx_id=2300 dst_csp=2:10 bytes=167 (all ACKs received)
[cspcla 19:03:33 pid=341729 tid=140650056472256] outbound_pdu callback link_id=2 tx_id=2301 len=167
[cspcla 19:03:33 pid=341729 tid=140650056472256] ✓ TX SUCCESS tx_id=2301 dst_csp=2:10 bytes=167 (all ACKs received)
[cspcla 19:03:33 pid=341729 tid=140650056472256] outbound_pdu callback link_id=2 tx_id=2302 len=167
[cspcla 19:03:33 pid=341729 tid=140650056472256] ✓ TX SUCCESS tx_id=2302 dst_csp=2:10 bytes=167 (all ACKs received)
[cspcla 19:03:33 pid=341729 tid=140650056472256] outbound_pdu callback link_id=2 tx_id=2303 len=167
[cspcla 19:03:33 pid=341729 tid=140650056472256] ✓ TX SUCCESS tx_id=2303 dst_csp=2:10 bytes=167 (all ACKs received)
[cspcla 19:03:33 pid=341729 tid=140650056472256] outbound_pdu callback link_id=2 tx_id=2304 len=167
[cspcla 19:03:33 pid=341729 tid=140650056472256] ✓ TX SUCCESS tx_id=2304 dst_csp=2:10 bytes=167 (all ACKs received)
[cspcla 19:03:33 pid=341729 tid=140650056472256] outbound_pdu callback link_id=2 tx_id=2305 len=167
[cspcla 19:03:33 pid=341729 tid=140650056472256] ✓ TX SUCCESS tx_id=2305 dst_csp=2:10 bytes=167 (all ACKs received)
[cspcla 19:03:33 pid=341729 tid=140650056472256] outbound_pdu callback link_id=2 tx_id=2306 len=167
[cspcla 19:03:33 pid=341729 tid=140650056472256] ✓ TX SUCCESS tx_id=2306 dst_csp=2:10 bytes=167 (all ACKs received)
[cspcla 19:03:33 pid=341729 tid=140650056472256] outbound_pdu callback link_id=2 tx_id=2307 len=167
[cspcla 19:03:33 pid=341729 tid=140650056472256] ✓ TX SUCCESS tx_id=2307 dst_csp=2:10 bytes=167 (all ACKs received)
[cspcla 19:03:33 pid=341729 tid=140650056472256] outbound_pdu callback link_id=2 tx_id=2308 len=167
[cspcla 19:03:33 pid=341729 tid=140650056472256] ✓ TX SUCCESS tx_id=2308 dst_csp=2:10 bytes=167 (all ACKs received)
[cspcla 19:03:33 pid=341729 tid=140650056472256] outbound_pdu callback link_id=2 tx_id=2309 len=167
[cspcla 19:03:33 pid=341729 tid=140650056472256] ✓ TX SUCCESS tx_id=2309 dst_csp=2:10 bytes=167 (all ACKs received)
[cspcla 19:03:33 pid=341729 tid=140650056472256] outbound_pdu callback link_id=2 tx_id=2310 len=167
[cspcla 19:03:33 pid=341729 tid=140650056472256] ✓ TX SUCCESS tx_id=2310 dst_csp=2:10 bytes=167 (all ACKs received)
[cspcla 19:03:34 pid=341729 tid=140650056472256] outbound_pdu callback link_id=2 tx_id=2311 len=167
[cspcla 19:03:34 pid=341729 tid=140650056472256] ✓ TX SUCCESS tx_id=2311 dst_csp=2:10 bytes=167 (all ACKs received)
[cspcla 19:03:34 pid=341729 tid=140650056472256] outbound_pdu callback link_id=2 tx_id=2312 len=167
[cspcla 19:03:34 pid=341729 tid=140650056472256] ✓ TX SUCCESS tx_id=2312 dst_csp=2:10 bytes=167 (all ACKs received)
[cspcla 19:03:34 pid=341729 tid=140650056472256] outbound_pdu callback link_id=2 tx_id=2313 len=167
[cspcla 19:03:34 pid=341729 tid=140650056472256] ✓ TX SUCCESS tx_id=2313 dst_csp=2:10 bytes=167 (all ACKs received)
[cspcla 19:03:34 pid=341729 tid=140650056472256] outbound_pdu callback link_id=2 tx_id=2314 len=167
[cspcla 19:03:34 pid=341729 tid=140650056472256] ✓ TX SUCCESS tx_id=2314 dst_csp=2:10 bytes=167 (all ACKs received)
[cspcla 19:03:34 pid=341729 tid=140650056472256] outbound_pdu callback link_id=2 tx_id=2315 len=167
[cspcla 19:03:34 pid=341729 tid=140650056472256] ✓ TX SUCCESS tx_id=2315 dst_csp=2:10 bytes=167 (all ACKs received)
[cspcla 19:03:34 pid=341729 tid=140650056472256] outbound_pdu callback link_id=2 tx_id=2316 len=167
[cspcla 19:03:34 pid=341729 tid=140650056472256] ✓ TX SUCCESS tx_id=2316 dst_csp=2:10 bytes=167 (all ACKs received)
[cspcla 19:03:34 pid=341729 tid=140650056472256] outbound_pdu callback link_id=2 tx_id=2317 len=167
[cspcla 19:03:34 pid=341729 tid=140650056472256] ✓ TX SUCCESS tx_id=2317 dst_csp=2:10 bytes=167 (all ACKs received)
[cspcla 19:03:34 pid=341729 tid=140650056472256] outbound_pdu callback link_id=2 tx_id=2318 len=167
[cspcla 19:03:34 pid=341729 tid=140650056472256] ✓ TX SUCCESS tx_id=2318 dst_csp=2:10 bytes=167 (all ACKs received)
[cspcla 19:03:34 pid=341729 tid=140650056472256] outbound_pdu callback link_id=2 tx_id=2319 len=167
[cspcla 19:03:35 pid=341729 tid=140650056472256] ✓ TX SUCCESS tx_id=2319 dst_csp=2:10 bytes=167 (all ACKs received)
[cspcla 19:03:35 pid=341729 tid=140650056472256] outbound_pdu callback link_id=2 tx_id=2320 len=167
[cspcla 19:03:35 pid=341729 tid=140650056472256] ✓ TX SUCCESS tx_id=2320 dst_csp=2:10 bytes=167 (all ACKs received)
[cspcla 19:03:36 pid=341729 tid=140650056472256] outbound_pdu callback link_id=2 tx_id=2321 len=167
[cspcla 19:03:36 pid=341729 tid=140650056472256] ✓ TX SUCCESS tx_id=2321 dst_csp=2:10 bytes=167 (all ACKs received)
[cspcla 19:03:36 pid=341729 tid=140650056472256] outbound_pdu callback link_id=2 tx_id=2322 len=167
[cspcla 19:03:36 pid=341729 tid=140650056472256] ✓ TX SUCCESS tx_id=2322 dst_csp=2:10 bytes=167 (all ACKs received)
[cspcla 19:03:36 pid=341729 tid=140650056472256] outbound_pdu callback link_id=2 tx_id=2323 len=167
[cspcla 19:03:36 pid=341729 tid=140650056472256] ✓ TX SUCCESS tx_id=2323 dst_csp=2:10 bytes=167 (all ACKs received)
[cspcla 19:03:36 pid=341729 tid=140650056472256] outbound_pdu callback link_id=2 tx_id=2324 len=167
[cspcla 19:03:36 pid=341729 tid=140650056472256] ✓ TX SUCCESS tx_id=2324 dst_csp=2:10 bytes=167 (all ACKs received)
[cspcla 19:03:36 pid=341729 tid=140650056472256] outbound_pdu callback link_id=2 tx_id=2325 len=167
[cspcla 19:03:36 pid=341729 tid=140650056472256] ✓ TX SUCCESS tx_id=2325 dst_csp=2:10 bytes=167 (all ACKs received)
[cspcla 19:03:36 pid=341729 tid=140650056472256] outbound_pdu callback link_id=2 tx_id=2326 len=167
[cspcla 19:03:36 pid=341729 tid=140650056472256] ✓ TX SUCCESS tx_id=2326 dst_csp=2:10 bytes=167 (all ACKs received)
[cspcla 19:03:36 pid=341729 tid=140650056472256] outbound_pdu callback link_id=2 tx_id=2327 len=167
[cspcla 19:03:36 pid=341729 tid=140650056472256] ✓ TX SUCCESS tx_id=2327 dst_csp=2:10 bytes=167 (all ACKs received)
[cspcla 19:03:36 pid=341729 tid=140650056472256] outbound_pdu callback link_id=2 tx_id=2328 len=167
[cspcla 19:03:36 pid=341729 tid=140650056472256] ✓ TX SUCCESS tx_id=2328 dst_csp=2:10 bytes=167 (all ACKs received)
[cspcla 19:03:36 pid=341729 tid=140650056472256] outbound_pdu callback link_id=2 tx_id=2329 len=167
[cspcla 19:03:37 pid=341729 tid=140650056472256] ✓ TX SUCCESS tx_id=2329 dst_csp=2:10 bytes=167 (all ACKs received)
[cspcla 19:03:37 pid=341729 tid=140650056472256] outbound_pdu callback link_id=2 tx_id=2330 len=167
[cspcla 19:03:37 pid=341729 tid=140650056472256] ✓ TX SUCCESS tx_id=2330 dst_csp=2:10 bytes=167 (all ACKs received)
[cspcla 19:03:37 pid=341729 tid=140650056472256] outbound_pdu callback link_id=2 tx_id=2331 len=167
[cspcla 19:03:37 pid=341729 tid=140650056472256] ✓ TX SUCCESS tx_id=2331 dst_csp=2:10 bytes=167 (all ACKs received)
[cspcla 19:03:37 pid=341729 tid=140650056472256] outbound_pdu callback link_id=2 tx_id=2332 len=167
[cspcla 19:03:37 pid=341729 tid=140650056472256] ✓ TX SUCCESS tx_id=2332 dst_csp=2:10 bytes=167 (all ACKs received)
[cspcla 19:03:37 pid=341729 tid=140650056472256] outbound_pdu callback link_id=2 tx_id=2333 len=167
[cspcla 19:03:37 pid=341729 tid=140650056472256] ✓ TX SUCCESS tx_id=2333 dst_csp=2:10 bytes=167 (all ACKs received)
[cspcla 19:03:38 pid=341729 tid=140650056472256] outbound_pdu callback link_id=2 tx_id=2334 len=167
[cspcla 19:03:38 pid=341729 tid=140650056472256] ✓ TX SUCCESS tx_id=2334 dst_csp=2:10 bytes=167 (all ACKs received)
[cspcla 19:03:38 pid=341729 tid=140650056472256] outbound_pdu callback link_id=2 tx_id=2335 len=167
[cspcla 19:03:38 pid=341729 tid=140650056472256] ✓ TX SUCCESS tx_id=2335 dst_csp=2:10 bytes=167 (all ACKs received)
[cspcla 19:03:38 pid=341729 tid=140650056472256] outbound_pdu callback link_id=2 tx_id=2336 len=167
[cspcla 19:03:38 pid=341729 tid=140650056472256] ✓ TX SUCCESS tx_id=2336 dst_csp=2:10 bytes=167 (all ACKs received)
[cspcla 19:03:38 pid=341729 tid=140650056472256] outbound_pdu callback link_id=2 tx_id=2337 len=167
[cspcla 19:03:38 pid=341729 tid=140650056472256] ✓ TX SUCCESS tx_id=2337 dst_csp=2:10 bytes=167 (all ACKs received)
[cspcla 19:03:38 pid=341729 tid=140650056472256] outbound_pdu callback link_id=2 tx_id=2338 len=167
[cspcla 19:03:38 pid=341729 tid=140650056472256] ✓ TX SUCCESS tx_id=2338 dst_csp=2:10 bytes=167 (all ACKs received)
[cspcla 19:03:38 pid=341729 tid=140650056472256] outbound_pdu callback link_id=2 tx_id=2339 len=167
[cspcla 19:03:38 pid=341729 tid=140650056472256] ✓ TX SUCCESS tx_id=2339 dst_csp=2:10 bytes=167 (all ACKs received)
[cspcla 19:03:38 pid=341729 tid=140650056472256] outbound_pdu callback link_id=2 tx_id=2340 len=167
[cspcla 19:03:38 pid=341729 tid=140650056472256] ✓ TX SUCCESS tx_id=2340 dst_csp=2:10 bytes=167 (all ACKs received)
[cspcla 19:03:39 pid=341729 tid=140650056472256] outbound_pdu callback link_id=2 tx_id=2341 len=167
[cspcla 19:03:39 pid=341729 tid=140650056472256] ✓ TX SUCCESS tx_id=2341 dst_csp=2:10 bytes=167 (all ACKs received)
[cspcla 19:03:39 pid=341729 tid=140650056472256] outbound_pdu callback link_id=2 tx_id=2342 len=167
[cspcla 19:03:39 pid=341729 tid=140650056472256] ✓ TX SUCCESS tx_id=2342 dst_csp=2:10 bytes=167 (all ACKs received)
[cspcla 19:03:39 pid=341729 tid=140650056472256] outbound_pdu callback link_id=2 tx_id=2343 len=167
[cspcla 19:03:39 pid=341729 tid=140650056472256] ✓ TX SUCCESS tx_id=2343 dst_csp=2:10 bytes=167 (all ACKs received)
[cspcla 19:03:39 pid=341729 tid=140650056472256] outbound_pdu callback link_id=2 tx_id=2344 len=167
[cspcla 19:03:39 pid=341729 tid=140650056472256] ✓ TX SUCCESS tx_id=2344 dst_csp=2:10 bytes=167 (all ACKs received)
[cspcla 19:03:39 pid=341729 tid=140650056472256] outbound_pdu callback link_id=2 tx_id=2345 len=167
[cspcla 19:03:39 pid=341729 tid=140650056472256] ✓ TX SUCCESS tx_id=2345 dst_csp=2:10 bytes=167 (all ACKs received)
[cspcla 19:03:39 pid=341729 tid=140650056472256] outbound_pdu callback link_id=2 tx_id=2346 len=167
[cspcla 19:03:39 pid=341729 tid=140650056472256] ✓ TX SUCCESS tx_id=2346 dst_csp=2:10 bytes=167 (all ACKs received)
[cspcla 19:03:39 pid=341729 tid=140650056472256] outbound_pdu callback link_id=2 tx_id=2347 len=167
[cspcla 19:03:39 pid=341729 tid=140650056472256] ✓ TX SUCCESS tx_id=2347 dst_csp=2:10 bytes=167 (all ACKs received)
[cspcla 19:03:39 pid=341729 tid=140650056472256] outbound_pdu callback link_id=2 tx_id=2348 len=167
[cspcla 19:03:39 pid=341729 tid=140650056472256] ✓ TX SUCCESS tx_id=2348 dst_csp=2:10 bytes=167 (all ACKs received)
[cspcla 19:03:39 pid=341729 tid=140650056472256] outbound_pdu callback link_id=2 tx_id=2349 len=167
[cspcla 19:03:40 pid=341729 tid=140650056472256] ✓ TX SUCCESS tx_id=2349 dst_csp=2:10 bytes=167 (all ACKs received)
[cspcla 19:03:40 pid=341729 tid=140650056472256] outbound_pdu callback link_id=2 tx_id=2350 len=167
[cspcla 19:03:40 pid=341729 tid=140650056472256] ✓ TX SUCCESS tx_id=2350 dst_csp=2:10 bytes=167 (all ACKs received)
[cspcla 19:03:41 pid=341729 tid=140650056472256] outbound_pdu callback link_id=2 tx_id=2351 len=167
[cspcla 19:03:41 pid=341729 tid=140650056472256] ✓ TX SUCCESS tx_id=2351 dst_csp=2:10 bytes=167 (all ACKs received)
[cspcla 19:03:41 pid=341729 tid=140650056472256] outbound_pdu callback link_id=2 tx_id=2352 len=167
[cspcla 19:03:41 pid=341729 tid=140650056472256] ✓ TX SUCCESS tx_id=2352 dst_csp=2:10 bytes=167 (all ACKs received)
[cspcla 19:03:41 pid=341729 tid=140650056472256] outbound_pdu callback link_id=2 tx_id=2353 len=167
[cspcla 19:03:41 pid=341729 tid=140650056472256] ✓ TX SUCCESS tx_id=2353 dst_csp=2:10 bytes=167 (all ACKs received)
[cspcla 19:03:41 pid=341729 tid=140650056472256] outbound_pdu callback link_id=2 tx_id=2354 len=167
[cspcla 19:03:41 pid=341729 tid=140650056472256] ✓ TX SUCCESS tx_id=2354 dst_csp=2:10 bytes=167 (all ACKs received)
[cspcla 19:03:41 pid=341729 tid=140650056472256] outbound_pdu callback link_id=2 tx_id=2355 len=167
[cspcla 19:03:41 pid=341729 tid=140650056472256] ✓ TX SUCCESS tx_id=2355 dst_csp=2:10 bytes=167 (all ACKs received)
[cspcla 19:03:41 pid=341729 tid=140650056472256] outbound_pdu callback link_id=2 tx_id=2356 len=167
[cspcla 19:03:41 pid=341729 tid=140650056472256] ✓ TX SUCCESS tx_id=2356 dst_csp=2:10 bytes=167 (all ACKs received)
[cspcla 19:03:41 pid=341729 tid=140650056472256] outbound_pdu callback link_id=2 tx_id=2357 len=167
[cspcla 19:03:41 pid=341729 tid=140650056472256] ✓ TX SUCCESS tx_id=2357 dst_csp=2:10 bytes=167 (all ACKs received)
[cspcla 19:03:41 pid=341729 tid=140650056472256] outbound_pdu callback link_id=2 tx_id=2358 len=167
[cspcla 19:03:41 pid=341729 tid=140650056472256] ✓ TX SUCCESS tx_id=2358 dst_csp=2:10 bytes=167 (all ACKs received)
[cspcla 19:03:41 pid=341729 tid=140650056472256] outbound_pdu callback link_id=2 tx_id=2359 len=167
[cspcla 19:03:41 pid=341729 tid=140650056472256] ✓ TX SUCCESS tx_id=2359 dst_csp=2:10 bytes=167 (all ACKs received)
[cspcla 19:03:41 pid=341729 tid=140650056472256] outbound_pdu callback link_id=2 tx_id=2360 len=167
[cspcla 19:03:41 pid=341729 tid=140650056472256] ✓ TX SUCCESS tx_id=2360 dst_csp=2:10 bytes=167 (all ACKs received)
[cspcla 19:03:42 pid=341729 tid=140650056472256] outbound_pdu callback link_id=2 tx_id=2361 len=167
[cspcla 19:03:42 pid=341729 tid=140650056472256] ✓ TX SUCCESS tx_id=2361 dst_csp=2:10 bytes=167 (all ACKs received)
[cspcla 19:03:42 pid=341729 tid=140650056472256] outbound_pdu callback link_id=2 tx_id=2362 len=167
[cspcla 19:03:42 pid=341729 tid=140650056472256] ✓ TX SUCCESS tx_id=2362 dst_csp=2:10 bytes=167 (all ACKs received)
[cspcla 19:03:42 pid=341729 tid=140650056472256] outbound_pdu callback link_id=2 tx_id=2363 len=167
[cspcla 19:03:42 pid=341729 tid=140650056472256] ✓ TX SUCCESS tx_id=2363 dst_csp=2:10 bytes=167 (all ACKs received)
[cspcla 19:03:42 pid=341729 tid=140650056472256] outbound_pdu callback link_id=2 tx_id=2364 len=167
[cspcla 19:03:42 pid=341729 tid=140650056472256] ✓ TX SUCCESS tx_id=2364 dst_csp=2:10 bytes=167 (all ACKs received)
[cspcla 19:03:42 pid=341729 tid=140650056472256] outbound_pdu callback link_id=2 tx_id=2365 len=167
[cspcla 19:03:42 pid=341729 tid=140650056472256] ✓ TX SUCCESS tx_id=2365 dst_csp=2:10 bytes=167 (all ACKs received)
[cspcla 19:03:42 pid=341729 tid=140650056472256] outbound_pdu callback link_id=2 tx_id=2366 len=167
[cspcla 19:03:42 pid=341729 tid=140650056472256] ✓ TX SUCCESS tx_id=2366 dst_csp=2:10 bytes=167 (all ACKs received)
[cspcla 19:03:42 pid=341729 tid=140650056472256] outbound_pdu callback link_id=2 tx_id=2367 len=167
[cspcla 19:03:42 pid=341729 tid=140650056472256] ✓ TX SUCCESS tx_id=2367 dst_csp=2:10 bytes=167 (all ACKs received)
[cspcla 19:03:42 pid=341729 tid=140650056472256] outbound_pdu callback link_id=2 tx_id=2368 len=167
[cspcla 19:03:42 pid=341729 tid=140650056472256] ✓ TX SUCCESS tx_id=2368 dst_csp=2:10 bytes=167 (all ACKs received)
[cspcla 19:03:42 pid=341729 tid=140650056472256] outbound_pdu callback link_id=2 tx_id=2369 len=167
[cspcla 19:03:43 pid=341729 tid=140650056472256] ✓ TX SUCCESS tx_id=2369 dst_csp=2:10 bytes=167 (all ACKs received)
[cspcla 19:03:43 pid=341729 tid=140650056472256] outbound_pdu callback link_id=2 tx_id=2370 len=167
[cspcla 19:03:43 pid=341729 tid=140650056472256] ✓ TX SUCCESS tx_id=2370 dst_csp=2:10 bytes=167 (all ACKs received)
[cspcla 19:03:44 pid=341729 tid=140650056472256] outbound_pdu callback link_id=2 tx_id=2371 len=167
[cspcla 19:03:44 pid=341729 tid=140650056472256] ✓ TX SUCCESS tx_id=2371 dst_csp=2:10 bytes=167 (all ACKs received)
[cspcla 19:03:44 pid=341729 tid=140650056472256] outbound_pdu callback link_id=2 tx_id=2372 len=167
[cspcla 19:03:44 pid=341729 tid=140650056472256] ✓ TX SUCCESS tx_id=2372 dst_csp=2:10 bytes=167 (all ACKs received)
[cspcla 19:03:44 pid=341729 tid=140650056472256] outbound_pdu callback link_id=2 tx_id=2373 len=167
[cspcla 19:03:44 pid=341729 tid=140650056472256] ✓ TX SUCCESS tx_id=2373 dst_csp=2:10 bytes=167 (all ACKs received)
[cspcla 19:03:44 pid=341729 tid=140650056472256] outbound_pdu callback link_id=2 tx_id=2374 len=167
[cspcla 19:03:44 pid=341729 tid=140650056472256] ✓ TX SUCCESS tx_id=2374 dst_csp=2:10 bytes=167 (all ACKs received)
[cspcla 19:03:44 pid=341729 tid=140650056472256] outbound_pdu callback link_id=2 tx_id=2375 len=167
[cspcla 19:03:44 pid=341729 tid=140650056472256] ✓ TX SUCCESS tx_id=2375 dst_csp=2:10 bytes=167 (all ACKs received)
[cspcla 19:03:44 pid=341729 tid=140650056472256] outbound_pdu callback link_id=2 tx_id=2376 len=167
[cspcla 19:03:44 pid=341729 tid=140650056472256] ✓ TX SUCCESS tx_id=2376 dst_csp=2:10 bytes=167 (all ACKs received)
[cspcla 19:03:44 pid=341729 tid=140650056472256] outbound_pdu callback link_id=2 tx_id=2377 len=167
[cspcla 19:03:44 pid=341729 tid=140650056472256] ✓ TX SUCCESS tx_id=2377 dst_csp=2:10 bytes=167 (all ACKs received)
[cspcla 19:03:44 pid=341729 tid=140650056472256] outbound_pdu callback link_id=2 tx_id=2378 len=167
[cspcla 19:03:44 pid=341729 tid=140650056472256] ✓ TX SUCCESS tx_id=2378 dst_csp=2:10 bytes=167 (all ACKs received)
[cspcla 19:03:44 pid=341729 tid=140650056472256] outbound_pdu callback link_id=2 tx_id=2379 len=167
[cspcla 19:03:44 pid=341729 tid=140650056472256] ✓ TX SUCCESS tx_id=2379 dst_csp=2:10 bytes=167 (all ACKs received)
[cspcla 19:03:44 pid=341729 tid=140650056472256] outbound_pdu callback link_id=2 tx_id=2380 len=167
[cspcla 19:03:44 pid=341729 tid=140650056472256] ✓ TX SUCCESS tx_id=2380 dst_csp=2:10 bytes=167 (all ACKs received)
[cspcla 19:03:45 pid=341729 tid=140650056472256] outbound_pdu callback link_id=2 tx_id=2381 len=167
[cspcla 19:03:45 pid=341729 tid=140650056472256] ✓ TX SUCCESS tx_id=2381 dst_csp=2:10 bytes=167 (all ACKs received)
[cspcla 19:03:45 pid=341729 tid=140650056472256] outbound_pdu callback link_id=2 tx_id=2382 len=167
[cspcla 19:03:45 pid=341729 tid=140650056472256] ✓ TX SUCCESS tx_id=2382 dst_csp=2:10 bytes=167 (all ACKs received)
[cspcla 19:03:45 pid=341729 tid=140650056472256] outbound_pdu callback link_id=2 tx_id=2383 len=167
[cspcla 19:03:45 pid=341729 tid=140650056472256] ✓ TX SUCCESS tx_id=2383 dst_csp=2:10 bytes=167 (all ACKs received)
[cspcla 19:03:45 pid=341729 tid=140650056472256] outbound_pdu callback link_id=2 tx_id=2384 len=167
[cspcla 19:03:45 pid=341729 tid=140650056472256] ✓ TX SUCCESS tx_id=2384 dst_csp=2:10 bytes=167 (all ACKs received)
[cspcla 19:03:45 pid=341729 tid=140650056472256] outbound_pdu callback link_id=2 tx_id=2385 len=167
[cspcla 19:03:45 pid=341729 tid=140650056472256] ✓ TX SUCCESS tx_id=2385 dst_csp=2:10 bytes=167 (all ACKs received)
[cspcla 19:03:45 pid=341729 tid=140650056472256] outbound_pdu callback link_id=2 tx_id=2386 len=167
[cspcla 19:03:45 pid=341729 tid=140650056472256] ✓ TX SUCCESS tx_id=2386 dst_csp=2:10 bytes=167 (all ACKs received)
[cspcla 19:03:45 pid=341729 tid=140650056472256] outbound_pdu callback link_id=2 tx_id=2387 len=167
[cspcla 19:03:46 pid=341729 tid=140650056472256] ✓ TX SUCCESS tx_id=2387 dst_csp=2:10 bytes=167 (all ACKs received)
[cspcla 19:03:46 pid=341729 tid=140650056472256] outbound_pdu callback link_id=2 tx_id=2388 len=167
[cspcla 19:03:46 pid=341729 tid=140650056472256] ✓ TX SUCCESS tx_id=2388 dst_csp=2:10 bytes=167 (all ACKs received)
[cspcla 19:03:46 pid=341729 tid=140650056472256] outbound_pdu callback link_id=2 tx_id=2389 len=167
[cspcla 19:03:46 pid=341729 tid=140650056472256] ✓ TX SUCCESS tx_id=2389 dst_csp=2:10 bytes=167 (all ACKs received)
[cspcla 19:03:46 pid=341729 tid=140650056472256] outbound_pdu callback link_id=2 tx_id=2390 len=167
[cspcla 19:03:46 pid=341729 tid=140650056472256] ✓ TX SUCCESS tx_id=2390 dst_csp=2:10 bytes=167 (all ACKs received)
[cspcla 19:03:47 pid=341729 tid=140650056472256] outbound_pdu callback link_id=2 tx_id=2391 len=167
[cspcla 19:03:47 pid=341729 tid=140650056472256] ✓ TX SUCCESS tx_id=2391 dst_csp=2:10 bytes=167 (all ACKs received)
[cspcla 19:03:47 pid=341729 tid=140650056472256] outbound_pdu callback link_id=2 tx_id=2392 len=167
[cspcla 19:03:47 pid=341729 tid=140650056472256] ✓ TX SUCCESS tx_id=2392 dst_csp=2:10 bytes=167 (all ACKs received)
[cspcla 19:03:47 pid=341729 tid=140650056472256] outbound_pdu callback link_id=2 tx_id=2393 len=167
[cspcla 19:03:47 pid=341729 tid=140650056472256] ✓ TX SUCCESS tx_id=2393 dst_csp=2:10 bytes=167 (all ACKs received)
[cspcla 19:03:47 pid=341729 tid=140650056472256] outbound_pdu callback link_id=2 tx_id=2394 len=167
[cspcla 19:03:47 pid=341729 tid=140650056472256] ✓ TX SUCCESS tx_id=2394 dst_csp=2:10 bytes=167 (all ACKs received)
[cspcla 19:03:47 pid=341729 tid=140650056472256] outbound_pdu callback link_id=2 tx_id=2395 len=167
[cspcla 19:03:47 pid=341729 tid=140650056472256] ✓ TX SUCCESS tx_id=2395 dst_csp=2:10 bytes=167 (all ACKs received)
[cspcla 19:03:47 pid=341729 tid=140650056472256] outbound_pdu callback link_id=2 tx_id=2396 len=167
[cspcla 19:03:47 pid=341729 tid=140650056472256] ✓ TX SUCCESS tx_id=2396 dst_csp=2:10 bytes=167 (all ACKs received)
[cspcla 19:03:47 pid=341729 tid=140650056472256] outbound_pdu callback link_id=2 tx_id=2397 len=167
[cspcla 19:03:47 pid=341729 tid=140650056472256] ✓ TX SUCCESS tx_id=2397 dst_csp=2:10 bytes=167 (all ACKs received)
[cspcla 19:03:47 pid=341729 tid=140650056472256] outbound_pdu callback link_id=2 tx_id=2398 len=167
[cspcla 19:03:47 pid=341729 tid=140650056472256] ✓ TX SUCCESS tx_id=2398 dst_csp=2:10 bytes=167 (all ACKs received)
[cspcla 19:03:47 pid=341729 tid=140650056472256] outbound_pdu callback link_id=2 tx_id=2399 len=167
[cspcla 19:03:47 pid=341729 tid=140650056472256] ✓ TX SUCCESS tx_id=2399 dst_csp=2:10 bytes=167 (all ACKs received)
[cspcla 19:03:47 pid=341729 tid=140650056472256] outbound_pdu callback link_id=2 tx_id=2400 len=167
[cspcla 19:03:47 pid=341729 tid=140650056472256] ✓ TX SUCCESS tx_id=2400 dst_csp=2:10 bytes=167 (all ACKs received)
[cspcla 19:03:48 pid=341729 tid=140650056472256] outbound_pdu callback link_id=2 tx_id=2401 len=167
[cspcla 19:03:48 pid=341729 tid=140650056472256] ✓ TX SUCCESS tx_id=2401 dst_csp=2:10 bytes=167 (all ACKs received)
[cspcla 19:03:48 pid=341729 tid=140650056472256] outbound_pdu callback link_id=2 tx_id=2402 len=167
[cspcla 19:03:48 pid=341729 tid=140650056472256] ✓ TX SUCCESS tx_id=2402 dst_csp=2:10 bytes=167 (all ACKs received)
[cspcla 19:03:48 pid=341729 tid=140650056472256] outbound_pdu callback link_id=2 tx_id=2403 len=167
[cspcla 19:03:48 pid=341729 tid=140650056472256] ✓ TX SUCCESS tx_id=2403 dst_csp=2:10 bytes=167 (all ACKs received)
[cspcla 19:03:48 pid=341729 tid=140650056472256] outbound_pdu callback link_id=2 tx_id=2404 len=167
[cspcla 19:03:48 pid=341729 tid=140650056472256] ✓ TX SUCCESS tx_id=2404 dst_csp=2:10 bytes=167 (all ACKs received)
[cspcla 19:03:48 pid=341729 tid=140650056472256] outbound_pdu callback link_id=2 tx_id=2405 len=167
[cspcla 19:03:48 pid=341729 tid=140650056472256] ✓ TX SUCCESS tx_id=2405 dst_csp=2:10 bytes=167 (all ACKs received)
[cspcla 19:03:48 pid=341729 tid=140650056472256] outbound_pdu callback link_id=2 tx_id=2406 len=167
[cspcla 19:03:49 pid=341729 tid=140650056472256] ✓ TX SUCCESS tx_id=2406 dst_csp=2:10 bytes=167 (all ACKs received)
[cspcla 19:03:49 pid=341729 tid=140650056472256] outbound_pdu callback link_id=2 tx_id=2407 len=167
[cspcla 19:03:49 pid=341729 tid=140650056472256] ✓ TX SUCCESS tx_id=2407 dst_csp=2:10 bytes=167 (all ACKs received)
[cspcla 19:03:49 pid=341729 tid=140650056472256] outbound_pdu callback link_id=2 tx_id=2408 len=167
[cspcla 19:03:49 pid=341729 tid=140650056472256] ✓ TX SUCCESS tx_id=2408 dst_csp=2:10 bytes=167 (all ACKs received)
[cspcla 19:03:49 pid=341729 tid=140650056472256] outbound_pdu callback link_id=2 tx_id=2409 len=167
[cspcla 19:03:49 pid=341729 tid=140650056472256] ✓ TX SUCCESS tx_id=2409 dst_csp=2:10 bytes=167 (all ACKs received)
[cspcla 19:03:49 pid=341729 tid=140650056472256] outbound_pdu callback link_id=2 tx_id=2410 len=167
[cspcla 19:03:49 pid=341729 tid=140650056472256] ✓ TX SUCCESS tx_id=2410 dst_csp=2:10 bytes=167 (all ACKs received)
[cspcla 19:03:50 pid=341729 tid=140650056472256] outbound_pdu callback link_id=2 tx_id=2411 len=167
[cspcla 19:03:50 pid=341729 tid=140650056472256] ✓ TX SUCCESS tx_id=2411 dst_csp=2:10 bytes=167 (all ACKs received)
[cspcla 19:03:50 pid=341729 tid=140650056472256] outbound_pdu callback link_id=2 tx_id=2412 len=167
[cspcla 19:03:50 pid=341729 tid=140650056472256] ✓ TX SUCCESS tx_id=2412 dst_csp=2:10 bytes=167 (all ACKs received)
[cspcla 19:03:50 pid=341729 tid=140650056472256] outbound_pdu callback link_id=2 tx_id=2413 len=167
[cspcla 19:03:50 pid=341729 tid=140650056472256] ✓ TX SUCCESS tx_id=2413 dst_csp=2:10 bytes=167 (all ACKs received)
[cspcla 19:03:50 pid=341729 tid=140650056472256] outbound_pdu callback link_id=2 tx_id=2414 len=167
[cspcla 19:03:50 pid=341729 tid=140650056472256] ✓ TX SUCCESS tx_id=2414 dst_csp=2:10 bytes=167 (all ACKs received)
[cspcla 19:03:50 pid=341729 tid=140650056472256] outbound_pdu callback link_id=2 tx_id=2415 len=167
[cspcla 19:03:50 pid=341729 tid=140650056472256] ✓ TX SUCCESS tx_id=2415 dst_csp=2:10 bytes=167 (all ACKs received)
[cspcla 19:03:50 pid=341729 tid=140650056472256] outbound_pdu callback link_id=2 tx_id=2416 len=167
[cspcla 19:03:50 pid=341729 tid=140650056472256] ✓ TX SUCCESS tx_id=2416 dst_csp=2:10 bytes=167 (all ACKs received)
[cspcla 19:03:50 pid=341729 tid=140650056472256] outbound_pdu callback link_id=2 tx_id=2417 len=167
[cspcla 19:03:50 pid=341729 tid=140650056472256] ✓ TX SUCCESS tx_id=2417 dst_csp=2:10 bytes=167 (all ACKs received)
[cspcla 19:03:50 pid=341729 tid=140650056472256] outbound_pdu callback link_id=2 tx_id=2418 len=167
[cspcla 19:03:50 pid=341729 tid=140650056472256] ✓ TX SUCCESS tx_id=2418 dst_csp=2:10 bytes=167 (all ACKs received)
[cspcla 19:03:50 pid=341729 tid=140650056472256] outbound_pdu callback link_id=2 tx_id=2419 len=167
[cspcla 19:03:50 pid=341729 tid=140650056472256] ✓ TX SUCCESS tx_id=2419 dst_csp=2:10 bytes=167 (all ACKs received)
[cspcla 19:03:50 pid=341729 tid=140650056472256] outbound_pdu callback link_id=2 tx_id=2420 len=167
[cspcla 19:03:50 pid=341729 tid=140650056472256] ✓ TX SUCCESS tx_id=2420 dst_csp=2:10 bytes=167 (all ACKs received)
[cspcla 19:03:51 pid=341729 tid=140650056472256] outbound_pdu callback link_id=2 tx_id=2421 len=167
[cspcla 19:03:51 pid=341729 tid=140650056472256] ✓ TX SUCCESS tx_id=2421 dst_csp=2:10 bytes=167 (all ACKs received)
[cspcla 19:03:51 pid=341729 tid=140650056472256] outbound_pdu callback link_id=2 tx_id=2422 len=167
[cspcla 19:03:51 pid=341729 tid=140650056472256] ✓ TX SUCCESS tx_id=2422 dst_csp=2:10 bytes=167 (all ACKs received)
[cspcla 19:03:51 pid=341729 tid=140650056472256] outbound_pdu callback link_id=2 tx_id=2423 len=167
[cspcla 19:03:51 pid=341729 tid=140650056472256] ✓ TX SUCCESS tx_id=2423 dst_csp=2:10 bytes=167 (all ACKs received)
[cspcla 19:03:52 pid=341729 tid=140650056472256] outbound_pdu callback link_id=2 tx_id=2424 len=167
[cspcla 19:03:52 pid=341729 tid=140650056472256] ✓ TX SUCCESS tx_id=2424 dst_csp=2:10 bytes=167 (all ACKs received)
[cspcla 19:03:52 pid=341729 tid=140650056472256] outbound_pdu callback link_id=2 tx_id=2425 len=167
[cspcla 19:03:52 pid=341729 tid=140650056472256] ✓ TX SUCCESS tx_id=2425 dst_csp=2:10 bytes=167 (all ACKs received)
[cspcla 19:03:52 pid=341729 tid=140650056472256] outbound_pdu callback link_id=2 tx_id=2426 len=167
[cspcla 19:03:52 pid=341729 tid=140650056472256] ✓ TX SUCCESS tx_id=2426 dst_csp=2:10 bytes=167 (all ACKs received)
[cspcla 19:03:52 pid=341729 tid=140650056472256] outbound_pdu callback link_id=2 tx_id=2427 len=167
[cspcla 19:03:52 pid=341729 tid=140650056472256] ✓ TX SUCCESS tx_id=2427 dst_csp=2:10 bytes=167 (all ACKs received)
[cspcla 19:03:52 pid=341729 tid=140650056472256] outbound_pdu callback link_id=2 tx_id=2428 len=167
[cspcla 19:03:52 pid=341729 tid=140650056472256] ✓ TX SUCCESS tx_id=2428 dst_csp=2:10 bytes=167 (all ACKs received)
[cspcla 19:03:52 pid=341729 tid=140650056472256] outbound_pdu callback link_id=2 tx_id=2429 len=167
[cspcla 19:03:52 pid=341729 tid=140650056472256] ✓ TX SUCCESS tx_id=2429 dst_csp=2:10 bytes=167 (all ACKs received)
[cspcla 19:03:52 pid=341729 tid=140650056472256] outbound_pdu callback link_id=2 tx_id=2430 len=167
[cspcla 19:03:52 pid=341729 tid=140650056472256] ✓ TX SUCCESS tx_id=2430 dst_csp=2:10 bytes=167 (all ACKs received)
[cspcla 19:03:53 pid=341729 tid=140650056472256] outbound_pdu callback link_id=2 tx_id=2431 len=167
[cspcla 19:03:53 pid=341729 tid=140650056472256] ✓ TX SUCCESS tx_id=2431 dst_csp=2:10 bytes=167 (all ACKs received)
[cspcla 19:03:53 pid=341729 tid=140650056472256] outbound_pdu callback link_id=2 tx_id=2432 len=167
[cspcla 19:03:53 pid=341729 tid=140650056472256] ✓ TX SUCCESS tx_id=2432 dst_csp=2:10 bytes=167 (all ACKs received)
[cspcla 19:03:53 pid=341729 tid=140650056472256] outbound_pdu callback link_id=2 tx_id=2433 len=167
[cspcla 19:03:53 pid=341729 tid=140650056472256] ✓ TX SUCCESS tx_id=2433 dst_csp=2:10 bytes=167 (all ACKs received)
[cspcla 19:03:53 pid=341729 tid=140650056472256] outbound_pdu callback link_id=2 tx_id=2434 len=167
[cspcla 19:03:53 pid=341729 tid=140650056472256] ✓ TX SUCCESS tx_id=2434 dst_csp=2:10 bytes=167 (all ACKs received)
[cspcla 19:03:53 pid=341729 tid=140650056472256] outbound_pdu callback link_id=2 tx_id=2435 len=167
[cspcla 19:03:53 pid=341729 tid=140650056472256] ✓ TX SUCCESS tx_id=2435 dst_csp=2:10 bytes=167 (all ACKs received)
[cspcla 19:03:53 pid=341729 tid=140650056472256] outbound_pdu callback link_id=2 tx_id=2436 len=167
[cspcla 19:03:53 pid=341729 tid=140650056472256] ✓ TX SUCCESS tx_id=2436 dst_csp=2:10 bytes=167 (all ACKs received)
[cspcla 19:03:53 pid=341729 tid=140650056472256] outbound_pdu callback link_id=2 tx_id=2437 len=167
[cspcla 19:03:53 pid=341729 tid=140650056472256] ✓ TX SUCCESS tx_id=2437 dst_csp=2:10 bytes=167 (all ACKs received)
[cspcla 19:03:53 pid=341729 tid=140650056472256] outbound_pdu callback link_id=2 tx_id=2438 len=167
[cspcla 19:03:53 pid=341729 tid=140650056472256] ✓ TX SUCCESS tx_id=2438 dst_csp=2:10 bytes=167 (all ACKs received)
[cspcla 19:03:53 pid=341729 tid=140650056472256] outbound_pdu callback link_id=2 tx_id=2439 len=167
[cspcla 19:03:53 pid=341729 tid=140650056472256] ✓ TX SUCCESS tx_id=2439 dst_csp=2:10 bytes=167 (all ACKs received)
[cspcla 19:03:53 pid=341729 tid=140650056472256] outbound_pdu callback link_id=2 tx_id=2440 len=167
[cspcla 19:03:54 pid=341729 tid=140650056472256] ✓ TX SUCCESS tx_id=2440 dst_csp=2:10 bytes=167 (all ACKs received)
[cspcla 19:03:54 pid=341729 tid=140650056472256] outbound_pdu callback link_id=2 tx_id=2441 len=167
[cspcla 19:03:54 pid=341729 tid=140650056472256] ✓ TX SUCCESS tx_id=2441 dst_csp=2:10 bytes=167 (all ACKs received)
[cspcla 19:03:54 pid=341729 tid=140650056472256] outbound_pdu callback link_id=2 tx_id=2442 len=167
[cspcla 19:03:54 pid=341729 tid=140650056472256] ✓ TX SUCCESS tx_id=2442 dst_csp=2:10 bytes=167 (all ACKs received)
[cspcla 19:03:54 pid=341729 tid=140650056472256] outbound_pdu callback link_id=2 tx_id=2443 len=167
[cspcla 19:03:54 pid=341729 tid=140650056472256] ✓ TX SUCCESS tx_id=2443 dst_csp=2:10 bytes=167 (all ACKs received)
[cspcla 19:03:54 pid=341729 tid=140650056472256] outbound_pdu callback link_id=2 tx_id=2444 len=167
[cspcla 19:03:54 pid=341729 tid=140650056472256] ✓ TX SUCCESS tx_id=2444 dst_csp=2:10 bytes=167 (all ACKs received)
[cspcla 19:03:54 pid=341729 tid=140650056472256] outbound_pdu callback link_id=2 tx_id=2445 len=167
[cspcla 19:03:54 pid=341729 tid=140650056472256] ✓ TX SUCCESS tx_id=2445 dst_csp=2:10 bytes=167 (all ACKs received)
[cspcla 19:03:54 pid=341729 tid=140650056472256] outbound_pdu callback link_id=2 tx_id=2446 len=167
[cspcla 19:03:54 pid=341729 tid=140650056472256] ✓ TX SUCCESS tx_id=2446 dst_csp=2:10 bytes=167 (all ACKs received)
[cspcla 19:03:54 pid=341729 tid=140650056472256] outbound_pdu callback link_id=2 tx_id=2447 len=167
[cspcla 19:03:55 pid=341729 tid=140650056472256] ✓ TX SUCCESS tx_id=2447 dst_csp=2:10 bytes=167 (all ACKs received)
[cspcla 19:03:55 pid=341729 tid=140650056472256] outbound_pdu callback link_id=2 tx_id=2448 len=167
[cspcla 19:03:55 pid=341729 tid=140650056472256] ✓ TX SUCCESS tx_id=2448 dst_csp=2:10 bytes=167 (all ACKs received)
[cspcla 19:03:55 pid=341729 tid=140650056472256] outbound_pdu callback link_id=2 tx_id=2449 len=167
[cspcla 19:03:55 pid=341729 tid=140650056472256] ✓ TX SUCCESS tx_id=2449 dst_csp=2:10 bytes=167 (all ACKs received)
[cspcla 19:03:55 pid=341729 tid=140650056472256] outbound_pdu callback link_id=2 tx_id=2450 len=167
[cspcla 19:03:55 pid=341729 tid=140650056472256] ✓ TX SUCCESS tx_id=2450 dst_csp=2:10 bytes=167 (all ACKs received)
[cspcla 19:03:56 pid=341729 tid=140650056472256] outbound_pdu callback link_id=2 tx_id=2451 len=167
[cspcla 19:03:56 pid=341729 tid=140650056472256] ✓ TX SUCCESS tx_id=2451 dst_csp=2:10 bytes=167 (all ACKs received)
[cspcla 19:03:56 pid=341729 tid=140650056472256] outbound_pdu callback link_id=2 tx_id=2452 len=167
[cspcla 19:03:56 pid=341729 tid=140650056472256] ✓ TX SUCCESS tx_id=2452 dst_csp=2:10 bytes=167 (all ACKs received)
[cspcla 19:03:56 pid=341729 tid=140650056472256] outbound_pdu callback link_id=2 tx_id=2453 len=167
[cspcla 19:03:56 pid=341729 tid=140650056472256] ✓ TX SUCCESS tx_id=2453 dst_csp=2:10 bytes=167 (all ACKs received)
[cspcla 19:03:56 pid=341729 tid=140650056472256] outbound_pdu callback link_id=2 tx_id=2454 len=167
[cspcla 19:03:56 pid=341729 tid=140650056472256] ✓ TX SUCCESS tx_id=2454 dst_csp=2:10 bytes=167 (all ACKs received)
[cspcla 19:03:56 pid=341729 tid=140650056472256] outbound_pdu callback link_id=2 tx_id=2455 len=167
[cspcla 19:03:56 pid=341729 tid=140650056472256] ✓ TX SUCCESS tx_id=2455 dst_csp=2:10 bytes=167 (all ACKs received)
[cspcla 19:03:56 pid=341729 tid=140650056472256] outbound_pdu callback link_id=2 tx_id=2456 len=167
[cspcla 19:03:56 pid=341729 tid=140650056472256] ✓ TX SUCCESS tx_id=2456 dst_csp=2:10 bytes=167 (all ACKs received)
[cspcla 19:03:56 pid=341729 tid=140650056472256] outbound_pdu callback link_id=2 tx_id=2457 len=167
[cspcla 19:03:56 pid=341729 tid=140650056472256] ✓ TX SUCCESS tx_id=2457 dst_csp=2:10 bytes=167 (all ACKs received)
[cspcla 19:03:56 pid=341729 tid=140650056472256] outbound_pdu callback link_id=2 tx_id=2458 len=167
[cspcla 19:03:56 pid=341729 tid=140650056472256] ✓ TX SUCCESS tx_id=2458 dst_csp=2:10 bytes=167 (all ACKs received)
[cspcla 19:03:56 pid=341729 tid=140650056472256] outbound_pdu callback link_id=2 tx_id=2459 len=167
[cspcla 19:03:57 pid=341729 tid=140650056472256] ✓ TX SUCCESS tx_id=2459 dst_csp=2:10 bytes=167 (all ACKs received)
[cspcla 19:03:57 pid=341729 tid=140650056472256] outbound_pdu callback link_id=2 tx_id=2460 len=167
[cspcla 19:03:57 pid=341729 tid=140650056472256] ✓ TX SUCCESS tx_id=2460 dst_csp=2:10 bytes=167 (all ACKs received)
[cspcla 19:03:57 pid=341729 tid=140650056472256] outbound_pdu callback link_id=2 tx_id=2461 len=167
[cspcla 19:03:57 pid=341729 tid=140650056472256] ✓ TX SUCCESS tx_id=2461 dst_csp=2:10 bytes=167 (all ACKs received)
[cspcla 19:03:57 pid=341729 tid=140650056472256] outbound_pdu callback link_id=2 tx_id=2462 len=167
[cspcla 19:03:57 pid=341729 tid=140650056472256] ✓ TX SUCCESS tx_id=2462 dst_csp=2:10 bytes=167 (all ACKs received)
[cspcla 19:03:58 pid=341729 tid=140650056472256] outbound_pdu callback link_id=2 tx_id=2463 len=167
[cspcla 19:03:58 pid=341729 tid=140650056472256] ✓ TX SUCCESS tx_id=2463 dst_csp=2:10 bytes=167 (all ACKs received)
[cspcla 19:03:58 pid=341729 tid=140650056472256] outbound_pdu callback link_id=2 tx_id=2464 len=167
[cspcla 19:03:58 pid=341729 tid=140650056472256] ✓ TX SUCCESS tx_id=2464 dst_csp=2:10 bytes=167 (all ACKs received)
[cspcla 19:03:58 pid=341729 tid=140650056472256] outbound_pdu callback link_id=2 tx_id=2465 len=167
[cspcla 19:03:58 pid=341729 tid=140650056472256] ✓ TX SUCCESS tx_id=2465 dst_csp=2:10 bytes=167 (all ACKs received)
[cspcla 19:03:58 pid=341729 tid=140650056472256] outbound_pdu callback link_id=2 tx_id=2466 len=167
[cspcla 19:03:58 pid=341729 tid=140650056472256] ✓ TX SUCCESS tx_id=2466 dst_csp=2:10 bytes=167 (all ACKs received)
[cspcla 19:03:58 pid=341729 tid=140650056472256] outbound_pdu callback link_id=2 tx_id=2467 len=167
[cspcla 19:03:58 pid=341729 tid=140650056472256] ✓ TX SUCCESS tx_id=2467 dst_csp=2:10 bytes=167 (all ACKs received)
[cspcla 19:03:58 pid=341729 tid=140650056472256] outbound_pdu callback link_id=2 tx_id=2468 len=167
[cspcla 19:03:58 pid=341729 tid=140650056472256] ✓ TX SUCCESS tx_id=2468 dst_csp=2:10 bytes=167 (all ACKs received)
[cspcla 19:03:58 pid=341729 tid=140650056472256] outbound_pdu callback link_id=2 tx_id=2469 len=167
[cspcla 19:03:58 pid=341729 tid=140650056472256] ✓ TX SUCCESS tx_id=2469 dst_csp=2:10 bytes=167 (all ACKs received)
[cspcla 19:03:58 pid=341729 tid=140650056472256] outbound_pdu callback link_id=2 tx_id=2470 len=167
[cspcla 19:03:58 pid=341729 tid=140650056472256] ✓ TX SUCCESS tx_id=2470 dst_csp=2:10 bytes=167 (all ACKs received)
[cspcla 19:03:59 pid=341729 tid=140650056472256] outbound_pdu callback link_id=2 tx_id=2471 len=167
[cspcla 19:03:59 pid=341729 tid=140650056472256] ✓ TX SUCCESS tx_id=2471 dst_csp=2:10 bytes=167 (all ACKs received)
[cspcla 19:03:59 pid=341729 tid=140650056472256] outbound_pdu callback link_id=2 tx_id=2472 len=167
[cspcla 19:03:59 pid=341729 tid=140650056472256] ✓ TX SUCCESS tx_id=2472 dst_csp=2:10 bytes=167 (all ACKs received)
[cspcla 19:03:59 pid=341729 tid=140650056472256] outbound_pdu callback link_id=2 tx_id=2473 len=167
[cspcla 19:03:59 pid=341729 tid=140650056472256] ✓ TX SUCCESS tx_id=2473 dst_csp=2:10 bytes=167 (all ACKs received)
[cspcla 19:03:59 pid=341729 tid=140650056472256] outbound_pdu callback link_id=2 tx_id=2474 len=167
[cspcla 19:03:59 pid=341729 tid=140650056472256] ✓ TX SUCCESS tx_id=2474 dst_csp=2:10 bytes=167 (all ACKs received)
[cspcla 19:03:59 pid=341729 tid=140650056472256] outbound_pdu callback link_id=2 tx_id=2475 len=167
[cspcla 19:03:59 pid=341729 tid=140650056472256] ✓ TX SUCCESS tx_id=2475 dst_csp=2:10 bytes=167 (all ACKs received)
[cspcla 19:03:59 pid=341729 tid=140650056472256] outbound_pdu callback link_id=2 tx_id=2476 len=167
[cspcla 19:03:59 pid=341729 tid=140650056472256] ✓ TX SUCCESS tx_id=2476 dst_csp=2:10 bytes=167 (all ACKs received)
[cspcla 19:03:59 pid=341729 tid=140650056472256] outbound_pdu callback link_id=2 tx_id=2477 len=167
[cspcla 19:03:59 pid=341729 tid=140650056472256] ✓ TX SUCCESS tx_id=2477 dst_csp=2:10 bytes=167 (all ACKs received)
[cspcla 19:03:59 pid=341729 tid=140650056472256] outbound_pdu callback link_id=2 tx_id=2478 len=167
[cspcla 19:03:59 pid=341729 tid=140650056472256] ✓ TX SUCCESS tx_id=2478 dst_csp=2:10 bytes=167 (all ACKs received)
[cspcla 19:03:59 pid=341729 tid=140650056472256] outbound_pdu callback link_id=2 tx_id=2479 len=167
[cspcla 19:04:00 pid=341729 tid=140650056472256] ✓ TX SUCCESS tx_id=2479 dst_csp=2:10 bytes=167 (all ACKs received)
[cspcla 19:04:00 pid=341729 tid=140650056472256] outbound_pdu callback link_id=2 tx_id=2480 len=167
[cspcla 19:04:00 pid=341729 tid=140650056472256] ✓ TX SUCCESS tx_id=2480 dst_csp=2:10 bytes=167 (all ACKs received)
[cspcla 19:04:01 pid=341729 tid=140650056472256] outbound_pdu callback link_id=2 tx_id=2481 len=167
[cspcla 19:04:01 pid=341729 tid=140650056472256] ✓ TX SUCCESS tx_id=2481 dst_csp=2:10 bytes=167 (all ACKs received)
[cspcla 19:04:01 pid=341729 tid=140650056472256] outbound_pdu callback link_id=2 tx_id=2482 len=167
[cspcla 19:04:01 pid=341729 tid=140650056472256] ✓ TX SUCCESS tx_id=2482 dst_csp=2:10 bytes=167 (all ACKs received)
[cspcla 19:04:01 pid=341729 tid=140650056472256] outbound_pdu callback link_id=2 tx_id=2483 len=167
[cspcla 19:04:01 pid=341729 tid=140650056472256] ✓ TX SUCCESS tx_id=2483 dst_csp=2:10 bytes=167 (all ACKs received)
[cspcla 19:04:01 pid=341729 tid=140650056472256] outbound_pdu callback link_id=2 tx_id=2484 len=167
[cspcla 19:04:01 pid=341729 tid=140650056472256] ✓ TX SUCCESS tx_id=2484 dst_csp=2:10 bytes=167 (all ACKs received)
[cspcla 19:04:01 pid=341729 tid=140650056472256] outbound_pdu callback link_id=2 tx_id=2485 len=167
[cspcla 19:04:01 pid=341729 tid=140650056472256] ✓ TX SUCCESS tx_id=2485 dst_csp=2:10 bytes=167 (all ACKs received)
[cspcla 19:04:01 pid=341729 tid=140650056472256] outbound_pdu callback link_id=2 tx_id=2486 len=167
[cspcla 19:04:01 pid=341729 tid=140650056472256] ✓ TX SUCCESS tx_id=2486 dst_csp=2:10 bytes=167 (all ACKs received)
[cspcla 19:04:01 pid=341729 tid=140650056472256] outbound_pdu callback link_id=2 tx_id=2487 len=167
[cspcla 19:04:01 pid=341729 tid=140650056472256] ✓ TX SUCCESS tx_id=2487 dst_csp=2:10 bytes=167 (all ACKs received)
[cspcla 19:04:01 pid=341729 tid=140650056472256] outbound_pdu callback link_id=2 tx_id=2488 len=167
[cspcla 19:04:01 pid=341729 tid=140650056472256] ✓ TX SUCCESS tx_id=2488 dst_csp=2:10 bytes=167 (all ACKs received)
[cspcla 19:04:01 pid=341729 tid=140650056472256] outbound_pdu callback link_id=2 tx_id=2489 len=167
[cspcla 19:04:01 pid=341729 tid=140650056472256] ✓ TX SUCCESS tx_id=2489 dst_csp=2:10 bytes=167 (all ACKs received)
[cspcla 19:04:01 pid=341729 tid=140650056472256] outbound_pdu callback link_id=2 tx_id=2490 len=167
[cspcla 19:04:01 pid=341729 tid=140650056472256] ✓ TX SUCCESS tx_id=2490 dst_csp=2:10 bytes=167 (all ACKs received)
[cspcla 19:04:02 pid=341729 tid=140650056472256] outbound_pdu callback link_id=2 tx_id=2491 len=167
[cspcla 19:04:02 pid=341729 tid=140650056472256] ✓ TX SUCCESS tx_id=2491 dst_csp=2:10 bytes=167 (all ACKs received)
[cspcla 19:04:02 pid=341729 tid=140650056472256] outbound_pdu callback link_id=2 tx_id=2492 len=167
[cspcla 19:04:02 pid=341729 tid=140650056472256] ✓ TX SUCCESS tx_id=2492 dst_csp=2:10 bytes=167 (all ACKs received)
[cspcla 19:04:02 pid=341729 tid=140650056472256] outbound_pdu callback link_id=2 tx_id=2493 len=167
[cspcla 19:04:02 pid=341729 tid=140650056472256] ✓ TX SUCCESS tx_id=2493 dst_csp=2:10 bytes=167 (all ACKs received)
[cspcla 19:04:02 pid=341729 tid=140650056472256] outbound_pdu callback link_id=2 tx_id=2494 len=167
[cspcla 19:04:02 pid=341729 tid=140650056472256] ✓ TX SUCCESS tx_id=2494 dst_csp=2:10 bytes=167 (all ACKs received)
[cspcla 19:04:02 pid=341729 tid=140650056472256] outbound_pdu callback link_id=2 tx_id=2495 len=167
[cspcla 19:04:02 pid=341729 tid=140650056472256] ✓ TX SUCCESS tx_id=2495 dst_csp=2:10 bytes=167 (all ACKs received)
[cspcla 19:04:02 pid=341729 tid=140650056472256] outbound_pdu callback link_id=2 tx_id=2496 len=167
[cspcla 19:04:03 pid=341729 tid=140650056472256] ✓ TX SUCCESS tx_id=2496 dst_csp=2:10 bytes=167 (all ACKs received)
[cspcla 19:04:03 pid=341729 tid=140650056472256] outbound_pdu callback link_id=2 tx_id=2497 len=167
[cspcla 19:04:03 pid=341729 tid=140650056472256] ✓ TX SUCCESS tx_id=2497 dst_csp=2:10 bytes=167 (all ACKs received)
[cspcla 19:04:03 pid=341729 tid=140650056472256] outbound_pdu callback link_id=2 tx_id=2498 len=167
[cspcla 19:04:03 pid=341729 tid=140650056472256] ✓ TX SUCCESS tx_id=2498 dst_csp=2:10 bytes=167 (all ACKs received)
[cspcla 19:04:03 pid=341729 tid=140650056472256] outbound_pdu callback link_id=2 tx_id=2499 len=167
[cspcla 19:04:03 pid=341729 tid=140650056472256] ✓ TX SUCCESS tx_id=2499 dst_csp=2:10 bytes=167 (all ACKs received)
[cspcla 19:04:03 pid=341729 tid=140650056472256] outbound_pdu callback link_id=2 tx_id=2500 len=167
[cspcla 19:04:03 pid=341729 tid=140650056472256] ✓ TX SUCCESS tx_id=2500 dst_csp=2:10 bytes=167 (all ACKs received)
[cspcla 19:04:04 pid=341729 tid=140650056472256] outbound_pdu callback link_id=2 tx_id=2501 len=167
[cspcla 19:04:04 pid=341729 tid=140650056472256] ✓ TX SUCCESS tx_id=2501 dst_csp=2:10 bytes=167 (all ACKs received)
[cspcla 19:04:04 pid=341729 tid=140650056472256] outbound_pdu callback link_id=2 tx_id=2502 len=167
[cspcla 19:04:04 pid=341729 tid=140650056472256] ✓ TX SUCCESS tx_id=2502 dst_csp=2:10 bytes=167 (all ACKs received)
[cspcla 19:04:04 pid=341729 tid=140650056472256] outbound_pdu callback link_id=2 tx_id=2503 len=167
[cspcla 19:04:04 pid=341729 tid=140650056472256] ✓ TX SUCCESS tx_id=2503 dst_csp=2:10 bytes=167 (all ACKs received)
[cspcla 19:04:04 pid=341729 tid=140650056472256] outbound_pdu callback link_id=2 tx_id=2504 len=167
[cspcla 19:04:04 pid=341729 tid=140650056472256] ✓ TX SUCCESS tx_id=2504 dst_csp=2:10 bytes=167 (all ACKs received)
[cspcla 19:04:04 pid=341729 tid=140650056472256] outbound_pdu callback link_id=2 tx_id=2505 len=167
[cspcla 19:04:04 pid=341729 tid=140650056472256] ✓ TX SUCCESS tx_id=2505 dst_csp=2:10 bytes=167 (all ACKs received)
[cspcla 19:04:04 pid=341729 tid=140650056472256] outbound_pdu callback link_id=2 tx_id=2506 len=167
[cspcla 19:04:04 pid=341729 tid=140650056472256] ✓ TX SUCCESS tx_id=2506 dst_csp=2:10 bytes=167 (all ACKs received)
[cspcla 19:04:04 pid=341729 tid=140650056472256] outbound_pdu callback link_id=2 tx_id=2507 len=167
[cspcla 19:04:04 pid=341729 tid=140650056472256] ✓ TX SUCCESS tx_id=2507 dst_csp=2:10 bytes=167 (all ACKs received)
[cspcla 19:04:04 pid=341729 tid=140650056472256] outbound_pdu callback link_id=2 tx_id=2508 len=167
[cspcla 19:04:04 pid=341729 tid=140650056472256] ✓ TX SUCCESS tx_id=2508 dst_csp=2:10 bytes=167 (all ACKs received)
[cspcla 19:04:04 pid=341729 tid=140650056472256] outbound_pdu callback link_id=2 tx_id=2509 len=167
[cspcla 19:04:04 pid=341729 tid=140650056472256] ✓ TX SUCCESS tx_id=2509 dst_csp=2:10 bytes=167 (all ACKs received)
[cspcla 19:04:04 pid=341729 tid=140650056472256] outbound_pdu callback link_id=2 tx_id=2510 len=167
[cspcla 19:04:04 pid=341729 tid=140650056472256] ✓ TX SUCCESS tx_id=2510 dst_csp=2:10 bytes=167 (all ACKs received)
[cspcla 19:04:05 pid=341729 tid=140650056472256] outbound_pdu callback link_id=2 tx_id=2511 len=167
[cspcla 19:04:05 pid=341729 tid=140650056472256] ✓ TX SUCCESS tx_id=2511 dst_csp=2:10 bytes=167 (all ACKs received)
[cspcla 19:04:05 pid=341729 tid=140650056472256] outbound_pdu callback link_id=2 tx_id=2512 len=167
[cspcla 19:04:05 pid=341729 tid=140650056472256] ✓ TX SUCCESS tx_id=2512 dst_csp=2:10 bytes=167 (all ACKs received)
[cspcla 19:04:05 pid=341729 tid=140650056472256] outbound_pdu callback link_id=2 tx_id=2513 len=167
[cspcla 19:04:05 pid=341729 tid=140650056472256] ✓ TX SUCCESS tx_id=2513 dst_csp=2:10 bytes=167 (all ACKs received)
[cspcla 19:04:05 pid=341729 tid=140650056472256] outbound_pdu callback link_id=2 tx_id=2514 len=167
[cspcla 19:04:05 pid=341729 tid=140650056472256] ✓ TX SUCCESS tx_id=2514 dst_csp=2:10 bytes=167 (all ACKs received)
[cspcla 19:04:05 pid=341729 tid=140650056472256] outbound_pdu callback link_id=2 tx_id=2515 len=167
[cspcla 19:04:05 pid=341729 tid=140650056472256] ✓ TX SUCCESS tx_id=2515 dst_csp=2:10 bytes=167 (all ACKs received)
[cspcla 19:04:05 pid=341729 tid=140650056472256] outbound_pdu callback link_id=2 tx_id=2516 len=167
[cspcla 19:04:05 pid=341729 tid=140650056472256] ✓ TX SUCCESS tx_id=2516 dst_csp=2:10 bytes=167 (all ACKs received)
[cspcla 19:04:05 pid=341729 tid=140650056472256] outbound_pdu callback link_id=2 tx_id=2517 len=167
[cspcla 19:04:05 pid=341729 tid=140650056472256] ✓ TX SUCCESS tx_id=2517 dst_csp=2:10 bytes=167 (all ACKs received)
[cspcla 19:04:05 pid=341729 tid=140650056472256] outbound_pdu callback link_id=2 tx_id=2518 len=167
[cspcla 19:04:05 pid=341729 tid=140650056472256] ✓ TX SUCCESS tx_id=2518 dst_csp=2:10 bytes=167 (all ACKs received)
[cspcla 19:04:05 pid=341729 tid=140650056472256] outbound_pdu callback link_id=2 tx_id=2519 len=167
[cspcla 19:04:06 pid=341729 tid=140650056472256] ✓ TX SUCCESS tx_id=2519 dst_csp=2:10 bytes=167 (all ACKs received)
[cspcla 19:04:06 pid=341729 tid=140650056472256] outbound_pdu callback link_id=2 tx_id=2520 len=167
[cspcla 19:04:06 pid=341729 tid=140650056472256] ✓ TX SUCCESS tx_id=2520 dst_csp=2:10 bytes=167 (all ACKs received)
[cspcla 19:04:07 pid=341729 tid=140650056472256] outbound_pdu callback link_id=2 tx_id=2521 len=167
[cspcla 19:04:07 pid=341729 tid=140650056472256] ✓ TX SUCCESS tx_id=2521 dst_csp=2:10 bytes=167 (all ACKs received)
[cspcla 19:04:07 pid=341729 tid=140650056472256] outbound_pdu callback link_id=2 tx_id=2522 len=167
[cspcla 19:04:07 pid=341729 tid=140650056472256] ✓ TX SUCCESS tx_id=2522 dst_csp=2:10 bytes=167 (all ACKs received)
[cspcla 19:04:07 pid=341729 tid=140650056472256] outbound_pdu callback link_id=2 tx_id=2523 len=167
[cspcla 19:04:07 pid=341729 tid=140650056472256] ✓ TX SUCCESS tx_id=2523 dst_csp=2:10 bytes=167 (all ACKs received)
[cspcla 19:04:07 pid=341729 tid=140650056472256] outbound_pdu callback link_id=2 tx_id=2524 len=167
[cspcla 19:04:07 pid=341729 tid=140650056472256] ✓ TX SUCCESS tx_id=2524 dst_csp=2:10 bytes=167 (all ACKs received)
[cspcla 19:04:07 pid=341729 tid=140650056472256] outbound_pdu callback link_id=2 tx_id=2525 len=167
[cspcla 19:04:07 pid=341729 tid=140650056472256] ✓ TX SUCCESS tx_id=2525 dst_csp=2:10 bytes=167 (all ACKs received)
[cspcla 19:04:07 pid=341729 tid=140650056472256] outbound_pdu callback link_id=2 tx_id=2526 len=167
[cspcla 19:04:07 pid=341729 tid=140650056472256] ✓ TX SUCCESS tx_id=2526 dst_csp=2:10 bytes=167 (all ACKs received)
[cspcla 19:04:07 pid=341729 tid=140650056472256] outbound_pdu callback link_id=2 tx_id=2527 len=167
[cspcla 19:04:07 pid=341729 tid=140650056472256] ✓ TX SUCCESS tx_id=2527 dst_csp=2:10 bytes=167 (all ACKs received)
[cspcla 19:04:07 pid=341729 tid=140650056472256] outbound_pdu callback link_id=2 tx_id=2528 len=167
[cspcla 19:04:07 pid=341729 tid=140650056472256] ✓ TX SUCCESS tx_id=2528 dst_csp=2:10 bytes=167 (all ACKs received)
[cspcla 19:04:07 pid=341729 tid=140650056472256] outbound_pdu callback link_id=2 tx_id=2529 len=167
[cspcla 19:04:07 pid=341729 tid=140650056472256] ✓ TX SUCCESS tx_id=2529 dst_csp=2:10 bytes=167 (all ACKs received)
[cspcla 19:04:07 pid=341729 tid=140650056472256] outbound_pdu callback link_id=2 tx_id=2530 len=167
[cspcla 19:04:08 pid=341729 tid=140650056472256] ✓ TX SUCCESS tx_id=2530 dst_csp=2:10 bytes=167 (all ACKs received)
[cspcla 19:04:09 pid=341729 tid=140650056472256] outbound_pdu callback link_id=2 tx_id=2531 len=167
[cspcla 19:04:09 pid=341729 tid=140650056472256] ✓ TX SUCCESS tx_id=2531 dst_csp=2:10 bytes=167 (all ACKs received)
[cspcla 19:04:09 pid=341729 tid=140650056472256] outbound_pdu callback link_id=2 tx_id=2532 len=167
[cspcla 19:04:09 pid=341729 tid=140650056472256] ✓ TX SUCCESS tx_id=2532 dst_csp=2:10 bytes=167 (all ACKs received)
[cspcla 19:04:09 pid=341729 tid=140650056472256] outbound_pdu callback link_id=2 tx_id=2533 len=167
[cspcla 19:04:09 pid=341729 tid=140650056472256] ✓ TX SUCCESS tx_id=2533 dst_csp=2:10 bytes=167 (all ACKs received)
[cspcla 19:04:09 pid=341729 tid=140650056472256] outbound_pdu callback link_id=2 tx_id=2534 len=167
[cspcla 19:04:09 pid=341729 tid=140650056472256] ✓ TX SUCCESS tx_id=2534 dst_csp=2:10 bytes=167 (all ACKs received)
[cspcla 19:04:09 pid=341729 tid=140650056472256] outbound_pdu callback link_id=2 tx_id=2535 len=167
[cspcla 19:04:09 pid=341729 tid=140650056472256] ✓ TX SUCCESS tx_id=2535 dst_csp=2:10 bytes=167 (all ACKs received)
[cspcla 19:04:09 pid=341729 tid=140650056472256] outbound_pdu callback link_id=2 tx_id=2536 len=167
[cspcla 19:04:09 pid=341729 tid=140650056472256] ✓ TX SUCCESS tx_id=2536 dst_csp=2:10 bytes=167 (all ACKs received)
[cspcla 19:04:09 pid=341729 tid=140650056472256] outbound_pdu callback link_id=2 tx_id=2537 len=167
[cspcla 19:04:09 pid=341729 tid=140650056472256] ✓ TX SUCCESS tx_id=2537 dst_csp=2:10 bytes=167 (all ACKs received)
[cspcla 19:04:09 pid=341729 tid=140650056472256] outbound_pdu callback link_id=2 tx_id=2538 len=167
[cspcla 19:04:09 pid=341729 tid=140650056472256] ✓ TX SUCCESS tx_id=2538 dst_csp=2:10 bytes=167 (all ACKs received)
[cspcla 19:04:09 pid=341729 tid=140650056472256] outbound_pdu callback link_id=2 tx_id=2539 len=167
[cspcla 19:04:09 pid=341729 tid=140650056472256] ✓ TX SUCCESS tx_id=2539 dst_csp=2:10 bytes=167 (all ACKs received)
[cspcla 19:04:09 pid=341729 tid=140650056472256] outbound_pdu callback link_id=2 tx_id=2540 len=167
[cspcla 19:04:09 pid=341729 tid=140650056472256] ✓ TX SUCCESS tx_id=2540 dst_csp=2:10 bytes=167 (all ACKs received)
[cspcla 19:04:10 pid=341729 tid=140650056472256] outbound_pdu callback link_id=2 tx_id=2541 len=167
[cspcla 19:04:10 pid=341729 tid=140650056472256] ✓ TX SUCCESS tx_id=2541 dst_csp=2:10 bytes=167 (all ACKs received)
[cspcla 19:04:10 pid=341729 tid=140650056472256] outbound_pdu callback link_id=2 tx_id=2542 len=167
[cspcla 19:04:10 pid=341729 tid=140650056472256] ✓ TX SUCCESS tx_id=2542 dst_csp=2:10 bytes=167 (all ACKs received)
[cspcla 19:04:10 pid=341729 tid=140650056472256] outbound_pdu callback link_id=2 tx_id=2543 len=167
[cspcla 19:04:10 pid=341729 tid=140650056472256] ✓ TX SUCCESS tx_id=2543 dst_csp=2:10 bytes=167 (all ACKs received)
[cspcla 19:04:10 pid=341729 tid=140650056472256] outbound_pdu callback link_id=2 tx_id=2544 len=167
[cspcla 19:04:10 pid=341729 tid=140650056472256] ✓ TX SUCCESS tx_id=2544 dst_csp=2:10 bytes=167 (all ACKs received)
[cspcla 19:04:10 pid=341729 tid=140650056472256] outbound_pdu callback link_id=2 tx_id=2545 len=167
[cspcla 19:04:10 pid=341729 tid=140650056472256] ✓ TX SUCCESS tx_id=2545 dst_csp=2:10 bytes=167 (all ACKs received)
[cspcla 19:04:10 pid=341729 tid=140650056472256] outbound_pdu callback link_id=2 tx_id=2546 len=167
[cspcla 19:04:10 pid=341729 tid=140650056472256] ✓ TX SUCCESS tx_id=2546 dst_csp=2:10 bytes=167 (all ACKs received)
[cspcla 19:04:10 pid=341729 tid=140650056472256] outbound_pdu callback link_id=2 tx_id=2547 len=167
[cspcla 19:04:10 pid=341729 tid=140650056472256] ✓ TX SUCCESS tx_id=2547 dst_csp=2:10 bytes=167 (all ACKs received)
[cspcla 19:04:10 pid=341729 tid=140650056472256] outbound_pdu callback link_id=2 tx_id=2548 len=167
[cspcla 19:04:10 pid=341729 tid=140650056472256] ✓ TX SUCCESS tx_id=2548 dst_csp=2:10 bytes=167 (all ACKs received)
[cspcla 19:04:10 pid=341729 tid=140650056472256] outbound_pdu callback link_id=2 tx_id=2549 len=167
[cspcla 19:04:10 pid=341729 tid=140650056472256] ✓ TX SUCCESS tx_id=2549 dst_csp=2:10 bytes=167 (all ACKs received)
[cspcla 19:04:10 pid=341729 tid=140650056472256] outbound_pdu callback link_id=2 tx_id=2550 len=167
[cspcla 19:04:11 pid=341729 tid=140650056472256] ✓ TX SUCCESS tx_id=2550 dst_csp=2:10 bytes=167 (all ACKs received)
[cspcla 19:04:12 pid=341729 tid=140650056472256] outbound_pdu callback link_id=2 tx_id=2551 len=167
[cspcla 19:04:12 pid=341729 tid=140650056472256] ✓ TX SUCCESS tx_id=2551 dst_csp=2:10 bytes=167 (all ACKs received)
[cspcla 19:04:12 pid=341729 tid=140650056472256] outbound_pdu callback link_id=2 tx_id=2552 len=167
[cspcla 19:04:12 pid=341729 tid=140650056472256] ✓ TX SUCCESS tx_id=2552 dst_csp=2:10 bytes=167 (all ACKs received)
[cspcla 19:04:12 pid=341729 tid=140650056472256] outbound_pdu callback link_id=2 tx_id=2553 len=167
[cspcla 19:04:12 pid=341729 tid=140650056472256] ✓ TX SUCCESS tx_id=2553 dst_csp=2:10 bytes=167 (all ACKs received)
[cspcla 19:04:12 pid=341729 tid=140650056472256] outbound_pdu callback link_id=2 tx_id=2554 len=167
[cspcla 19:04:12 pid=341729 tid=140650056472256] ✓ TX SUCCESS tx_id=2554 dst_csp=2:10 bytes=167 (all ACKs received)
[cspcla 19:04:12 pid=341729 tid=140650056472256] outbound_pdu callback link_id=2 tx_id=2555 len=167
[cspcla 19:04:12 pid=341729 tid=140650056472256] ✓ TX SUCCESS tx_id=2555 dst_csp=2:10 bytes=167 (all ACKs received)
[cspcla 19:04:12 pid=341729 tid=140650056472256] outbound_pdu callback link_id=2 tx_id=2556 len=167
[cspcla 19:04:12 pid=341729 tid=140650056472256] ✓ TX SUCCESS tx_id=2556 dst_csp=2:10 bytes=167 (all ACKs received)
[cspcla 19:04:12 pid=341729 tid=140650056472256] outbound_pdu callback link_id=2 tx_id=2557 len=167
[cspcla 19:04:12 pid=341729 tid=140650056472256] ✓ TX SUCCESS tx_id=2557 dst_csp=2:10 bytes=167 (all ACKs received)
[cspcla 19:04:12 pid=341729 tid=140650056472256] outbound_pdu callback link_id=2 tx_id=2558 len=167
[cspcla 19:04:12 pid=341729 tid=140650056472256] ✓ TX SUCCESS tx_id=2558 dst_csp=2:10 bytes=167 (all ACKs received)
[cspcla 19:04:12 pid=341729 tid=140650056472256] outbound_pdu callback link_id=2 tx_id=2559 len=167
[cspcla 19:04:12 pid=341729 tid=140650056472256] ✓ TX SUCCESS tx_id=2559 dst_csp=2:10 bytes=167 (all ACKs received)
[cspcla 19:04:12 pid=341729 tid=140650056472256] outbound_pdu callback link_id=2 tx_id=2560 len=167
[cspcla 19:04:12 pid=341729 tid=140650056472256] ✓ TX SUCCESS tx_id=2560 dst_csp=2:10 bytes=167 (all ACKs received)
[cspcla 19:04:13 pid=341729 tid=140650056472256] outbound_pdu callback link_id=2 tx_id=2561 len=167
[cspcla 19:04:13 pid=341729 tid=140650056472256] ✓ TX SUCCESS tx_id=2561 dst_csp=2:10 bytes=167 (all ACKs received)
[cspcla 19:04:13 pid=341729 tid=140650056472256] outbound_pdu callback link_id=2 tx_id=2562 len=167
[cspcla 19:04:13 pid=341729 tid=140650056472256] ✓ TX SUCCESS tx_id=2562 dst_csp=2:10 bytes=167 (all ACKs received)
[cspcla 19:04:13 pid=341729 tid=140650056472256] outbound_pdu callback link_id=2 tx_id=2563 len=167
[cspcla 19:04:13 pid=341729 tid=140650056472256] ✓ TX SUCCESS tx_id=2563 dst_csp=2:10 bytes=167 (all ACKs received)
[cspcla 19:04:13 pid=341729 tid=140650056472256] outbound_pdu callback link_id=2 tx_id=2564 len=167
[cspcla 19:04:13 pid=341729 tid=140650056472256] ✓ TX SUCCESS tx_id=2564 dst_csp=2:10 bytes=167 (all ACKs received)
[cspcla 19:04:13 pid=341729 tid=140650056472256] outbound_pdu callback link_id=2 tx_id=2565 len=167
[cspcla 19:04:13 pid=341729 tid=140650056472256] ✓ TX SUCCESS tx_id=2565 dst_csp=2:10 bytes=167 (all ACKs received)
[cspcla 19:04:13 pid=341729 tid=140650056472256] outbound_pdu callback link_id=2 tx_id=2566 len=167
[cspcla 19:04:13 pid=341729 tid=140650056472256] ✓ TX SUCCESS tx_id=2566 dst_csp=2:10 bytes=167 (all ACKs received)
[cspcla 19:04:13 pid=341729 tid=140650056472256] outbound_pdu callback link_id=2 tx_id=2567 len=167
[cspcla 19:04:14 pid=341729 tid=140650056472256] ✓ TX SUCCESS tx_id=2567 dst_csp=2:10 bytes=167 (all ACKs received)
[cspcla 19:04:14 pid=341729 tid=140650056472256] outbound_pdu callback link_id=2 tx_id=2568 len=167
[cspcla 19:04:14 pid=341729 tid=140650056472256] ✓ TX SUCCESS tx_id=2568 dst_csp=2:10 bytes=167 (all ACKs received)
[cspcla 19:04:14 pid=341729 tid=140650056472256] outbound_pdu callback link_id=2 tx_id=2569 len=167
[cspcla 19:04:14 pid=341729 tid=140650056472256] ✓ TX SUCCESS tx_id=2569 dst_csp=2:10 bytes=167 (all ACKs received)
[cspcla 19:04:14 pid=341729 tid=140650056472256] outbound_pdu callback link_id=2 tx_id=2570 len=167
[cspcla 19:04:14 pid=341729 tid=140650056472256] ✓ TX SUCCESS tx_id=2570 dst_csp=2:10 bytes=167 (all ACKs received)
[cspcla 19:04:15 pid=341729 tid=140650056472256] outbound_pdu callback link_id=2 tx_id=2571 len=167
[cspcla 19:04:15 pid=341729 tid=140650056472256] ✓ TX SUCCESS tx_id=2571 dst_csp=2:10 bytes=167 (all ACKs received)
[cspcla 19:04:15 pid=341729 tid=140650056472256] outbound_pdu callback link_id=2 tx_id=2572 len=167
[cspcla 19:04:15 pid=341729 tid=140650056472256] ✓ TX SUCCESS tx_id=2572 dst_csp=2:10 bytes=167 (all ACKs received)
[cspcla 19:04:15 pid=341729 tid=140650056472256] outbound_pdu callback link_id=2 tx_id=2573 len=167
[cspcla 19:04:15 pid=341729 tid=140650056472256] ✓ TX SUCCESS tx_id=2573 dst_csp=2:10 bytes=167 (all ACKs received)
[cspcla 19:04:15 pid=341729 tid=140650056472256] outbound_pdu callback link_id=2 tx_id=2574 len=167
[cspcla 19:04:15 pid=341729 tid=140650056472256] ✓ TX SUCCESS tx_id=2574 dst_csp=2:10 bytes=167 (all ACKs received)
[cspcla 19:04:15 pid=341729 tid=140650056472256] outbound_pdu callback link_id=2 tx_id=2575 len=167
[cspcla 19:04:15 pid=341729 tid=140650056472256] ✓ TX SUCCESS tx_id=2575 dst_csp=2:10 bytes=167 (all ACKs received)
[cspcla 19:04:15 pid=341729 tid=140650056472256] outbound_pdu callback link_id=2 tx_id=2576 len=167
[cspcla 19:04:15 pid=341729 tid=140650056472256] ✓ TX SUCCESS tx_id=2576 dst_csp=2:10 bytes=167 (all ACKs received)
[cspcla 19:04:15 pid=341729 tid=140650056472256] outbound_pdu callback link_id=2 tx_id=2577 len=167
[cspcla 19:04:15 pid=341729 tid=140650056472256] ✓ TX SUCCESS tx_id=2577 dst_csp=2:10 bytes=167 (all ACKs received)
[cspcla 19:04:15 pid=341729 tid=140650056472256] outbound_pdu callback link_id=2 tx_id=2578 len=167
[cspcla 19:04:15 pid=341729 tid=140650056472256] ✓ TX SUCCESS tx_id=2578 dst_csp=2:10 bytes=167 (all ACKs received)
[cspcla 19:04:15 pid=341729 tid=140650056472256] outbound_pdu callback link_id=2 tx_id=2579 len=167
[cspcla 19:04:15 pid=341729 tid=140650056472256] ✓ TX SUCCESS tx_id=2579 dst_csp=2:10 bytes=167 (all ACKs received)
[cspcla 19:04:15 pid=341729 tid=140650056472256] outbound_pdu callback link_id=2 tx_id=2580 len=167
[cspcla 19:04:15 pid=341729 tid=140650056472256] ✓ TX SUCCESS tx_id=2580 dst_csp=2:10 bytes=167 (all ACKs received)
[cspcla 19:04:16 pid=341729 tid=140650056472256] outbound_pdu callback link_id=2 tx_id=2581 len=167
[cspcla 19:04:16 pid=341729 tid=140650056472256] ✓ TX SUCCESS tx_id=2581 dst_csp=2:10 bytes=167 (all ACKs received)
[cspcla 19:04:16 pid=341729 tid=140650056472256] outbound_pdu callback link_id=2 tx_id=2582 len=167
[cspcla 19:04:16 pid=341729 tid=140650056472256] ✓ TX SUCCESS tx_id=2582 dst_csp=2:10 bytes=167 (all ACKs received)
[cspcla 19:04:16 pid=341729 tid=140650056472256] outbound_pdu callback link_id=2 tx_id=2583 len=167
[cspcla 19:04:16 pid=341729 tid=140650056472256] ✓ TX SUCCESS tx_id=2583 dst_csp=2:10 bytes=167 (all ACKs received)
[cspcla 19:04:16 pid=341729 tid=140650056472256] outbound_pdu callback link_id=2 tx_id=2584 len=167
[cspcla 19:04:16 pid=341729 tid=140650056472256] ✓ TX SUCCESS tx_id=2584 dst_csp=2:10 bytes=167 (all ACKs received)
[cspcla 19:04:16 pid=341729 tid=140650056472256] outbound_pdu callback link_id=2 tx_id=2585 len=167
[cspcla 19:04:16 pid=341729 tid=140650056472256] ✓ TX SUCCESS tx_id=2585 dst_csp=2:10 bytes=167 (all ACKs received)
[cspcla 19:04:16 pid=341729 tid=140650056472256] outbound_pdu callback link_id=2 tx_id=2586 len=167
[cspcla 19:04:16 pid=341729 tid=140650056472256] ✓ TX SUCCESS tx_id=2586 dst_csp=2:10 bytes=167 (all ACKs received)
[cspcla 19:04:16 pid=341729 tid=140650056472256] outbound_pdu callback link_id=2 tx_id=2587 len=167
[cspcla 19:04:16 pid=341729 tid=140650056472256] ✓ TX SUCCESS tx_id=2587 dst_csp=2:10 bytes=167 (all ACKs received)
[cspcla 19:04:16 pid=341729 tid=140650056472256] outbound_pdu callback link_id=2 tx_id=2588 len=167
[cspcla 19:04:17 pid=341729 tid=140650056472256] ✓ TX SUCCESS tx_id=2588 dst_csp=2:10 bytes=167 (all ACKs received)
[cspcla 19:04:17 pid=341729 tid=140650056472256] outbound_pdu callback link_id=2 tx_id=2589 len=167
[cspcla 19:04:17 pid=341729 tid=140650056472256] ✓ TX SUCCESS tx_id=2589 dst_csp=2:10 bytes=167 (all ACKs received)
[cspcla 19:04:17 pid=341729 tid=140650056472256] outbound_pdu callback link_id=2 tx_id=2590 len=167
[cspcla 19:04:17 pid=341729 tid=140650056472256] ✓ TX SUCCESS tx_id=2590 dst_csp=2:10 bytes=167 (all ACKs received)
[cspcla 19:04:18 pid=341729 tid=140650056472256] outbound_pdu callback link_id=2 tx_id=2591 len=167
[cspcla 19:04:18 pid=341729 tid=140650056472256] ✓ TX SUCCESS tx_id=2591 dst_csp=2:10 bytes=167 (all ACKs received)
[cspcla 19:04:18 pid=341729 tid=140650056472256] outbound_pdu callback link_id=2 tx_id=2592 len=167
[cspcla 19:04:18 pid=341729 tid=140650056472256] ✓ TX SUCCESS tx_id=2592 dst_csp=2:10 bytes=167 (all ACKs received)
[cspcla 19:04:18 pid=341729 tid=140650056472256] outbound_pdu callback link_id=2 tx_id=2593 len=167
[cspcla 19:04:18 pid=341729 tid=140650056472256] ✓ TX SUCCESS tx_id=2593 dst_csp=2:10 bytes=167 (all ACKs received)
[cspcla 19:04:18 pid=341729 tid=140650056472256] outbound_pdu callback link_id=2 tx_id=2594 len=167
[cspcla 19:04:18 pid=341729 tid=140650056472256] ✓ TX SUCCESS tx_id=2594 dst_csp=2:10 bytes=167 (all ACKs received)
[cspcla 19:04:18 pid=341729 tid=140650056472256] outbound_pdu callback link_id=2 tx_id=2595 len=167
[cspcla 19:04:18 pid=341729 tid=140650056472256] ✓ TX SUCCESS tx_id=2595 dst_csp=2:10 bytes=167 (all ACKs received)
[cspcla 19:04:18 pid=341729 tid=140650056472256] outbound_pdu callback link_id=2 tx_id=2596 len=167
[cspcla 19:04:18 pid=341729 tid=140650056472256] ✓ TX SUCCESS tx_id=2596 dst_csp=2:10 bytes=167 (all ACKs received)
[cspcla 19:04:18 pid=341729 tid=140650056472256] outbound_pdu callback link_id=2 tx_id=2597 len=167
[cspcla 19:04:18 pid=341729 tid=140650056472256] ✓ TX SUCCESS tx_id=2597 dst_csp=2:10 bytes=167 (all ACKs received)
[cspcla 19:04:18 pid=341729 tid=140650056472256] outbound_pdu callback link_id=2 tx_id=2598 len=167
[cspcla 19:04:18 pid=341729 tid=140650056472256] ✓ TX SUCCESS tx_id=2598 dst_csp=2:10 bytes=167 (all ACKs received)
[cspcla 19:04:18 pid=341729 tid=140650056472256] outbound_pdu callback link_id=2 tx_id=2599 len=167
[cspcla 19:04:18 pid=341729 tid=140650056472256] ✓ TX SUCCESS tx_id=2599 dst_csp=2:10 bytes=167 (all ACKs received)
[cspcla 19:04:18 pid=341729 tid=140650056472256] outbound_pdu callback link_id=2 tx_id=2600 len=167
[cspcla 19:04:18 pid=341729 tid=140650056472256] ✓ TX SUCCESS tx_id=2600 dst_csp=2:10 bytes=167 (all ACKs received)
[cspcla 19:04:19 pid=341729 tid=140650056472256] outbound_pdu callback link_id=2 tx_id=2601 len=167
[cspcla 19:04:19 pid=341729 tid=140650056472256] ✓ TX SUCCESS tx_id=2601 dst_csp=2:10 bytes=167 (all ACKs received)
[cspcla 19:04:19 pid=341729 tid=140650056472256] outbound_pdu callback link_id=2 tx_id=2602 len=167
[cspcla 19:04:19 pid=341729 tid=140650056472256] ✓ TX SUCCESS tx_id=2602 dst_csp=2:10 bytes=167 (all ACKs received)
[cspcla 19:04:19 pid=341729 tid=140650056472256] outbound_pdu callback link_id=2 tx_id=2603 len=167
[cspcla 19:04:19 pid=341729 tid=140650056472256] ✓ TX SUCCESS tx_id=2603 dst_csp=2:10 bytes=167 (all ACKs received)
[cspcla 19:04:19 pid=341729 tid=140650056472256] outbound_pdu callback link_id=2 tx_id=2604 len=167
[cspcla 19:04:19 pid=341729 tid=140650056472256] ✓ TX SUCCESS tx_id=2604 dst_csp=2:10 bytes=167 (all ACKs received)
[cspcla 19:04:19 pid=341729 tid=140650056472256] outbound_pdu callback link_id=2 tx_id=2605 len=167
[cspcla 19:04:19 pid=341729 tid=140650056472256] ✓ TX SUCCESS tx_id=2605 dst_csp=2:10 bytes=167 (all ACKs received)
[cspcla 19:04:19 pid=341729 tid=140650056472256] outbound_pdu callback link_id=2 tx_id=2606 len=167
[cspcla 19:04:19 pid=341729 tid=140650056472256] ✓ TX SUCCESS tx_id=2606 dst_csp=2:10 bytes=167 (all ACKs received)
[cspcla 19:04:19 pid=341729 tid=140650056472256] outbound_pdu callback link_id=2 tx_id=2607 len=167
[cspcla 19:04:20 pid=341729 tid=140650056472256] ✓ TX SUCCESS tx_id=2607 dst_csp=2:10 bytes=167 (all ACKs received)
[cspcla 19:04:20 pid=341729 tid=140650056472256] outbound_pdu callback link_id=2 tx_id=2608 len=167
[cspcla 19:04:20 pid=341729 tid=140650056472256] ✓ TX SUCCESS tx_id=2608 dst_csp=2:10 bytes=167 (all ACKs received)
[cspcla 19:04:20 pid=341729 tid=140650056472256] outbound_pdu callback link_id=2 tx_id=2609 len=167
[cspcla 19:04:20 pid=341729 tid=140650056472256] ✓ TX SUCCESS tx_id=2609 dst_csp=2:10 bytes=167 (all ACKs received)
[cspcla 19:04:20 pid=341729 tid=140650056472256] outbound_pdu callback link_id=2 tx_id=2610 len=167
[cspcla 19:04:20 pid=341729 tid=140650056472256] ✓ TX SUCCESS tx_id=2610 dst_csp=2:10 bytes=167 (all ACKs received)
[cspcla 19:04:21 pid=341729 tid=140650056472256] outbound_pdu callback link_id=2 tx_id=2611 len=167
[cspcla 19:04:21 pid=341729 tid=140650056472256] ✓ TX SUCCESS tx_id=2611 dst_csp=2:10 bytes=167 (all ACKs received)
[cspcla 19:04:21 pid=341729 tid=140650056472256] outbound_pdu callback link_id=2 tx_id=2612 len=167
[cspcla 19:04:21 pid=341729 tid=140650056472256] ✓ TX SUCCESS tx_id=2612 dst_csp=2:10 bytes=167 (all ACKs received)
[cspcla 19:04:21 pid=341729 tid=140650056472256] outbound_pdu callback link_id=2 tx_id=2613 len=167
[cspcla 19:04:21 pid=341729 tid=140650056472256] ✓ TX SUCCESS tx_id=2613 dst_csp=2:10 bytes=167 (all ACKs received)
[cspcla 19:04:21 pid=341729 tid=140650056472256] outbound_pdu callback link_id=2 tx_id=2614 len=167
[cspcla 19:04:21 pid=341729 tid=140650056472256] ✓ TX SUCCESS tx_id=2614 dst_csp=2:10 bytes=167 (all ACKs received)
[cspcla 19:04:21 pid=341729 tid=140650056472256] outbound_pdu callback link_id=2 tx_id=2615 len=167
[cspcla 19:04:21 pid=341729 tid=140650056472256] ✓ TX SUCCESS tx_id=2615 dst_csp=2:10 bytes=167 (all ACKs received)
[cspcla 19:04:21 pid=341729 tid=140650056472256] outbound_pdu callback link_id=2 tx_id=2616 len=167
[cspcla 19:04:21 pid=341729 tid=140650056472256] ✓ TX SUCCESS tx_id=2616 dst_csp=2:10 bytes=167 (all ACKs received)
[cspcla 19:04:21 pid=341729 tid=140650056472256] outbound_pdu callback link_id=2 tx_id=2617 len=167
[cspcla 19:04:21 pid=341729 tid=140650056472256] ✓ TX SUCCESS tx_id=2617 dst_csp=2:10 bytes=167 (all ACKs received)
[cspcla 19:04:21 pid=341729 tid=140650056472256] outbound_pdu callback link_id=2 tx_id=2618 len=167
[cspcla 19:04:21 pid=341729 tid=140650056472256] ✓ TX SUCCESS tx_id=2618 dst_csp=2:10 bytes=167 (all ACKs received)
[cspcla 19:04:21 pid=341729 tid=140650056472256] outbound_pdu callback link_id=2 tx_id=2619 len=167
[cspcla 19:04:21 pid=341729 tid=140650056472256] ✓ TX SUCCESS tx_id=2619 dst_csp=2:10 bytes=167 (all ACKs received)
[cspcla 19:04:21 pid=341729 tid=140650056472256] outbound_pdu callback link_id=2 tx_id=2620 len=167
[cspcla 19:04:21 pid=341729 tid=140650056472256] ✓ TX SUCCESS tx_id=2620 dst_csp=2:10 bytes=167 (all ACKs received)
[cspcla 19:04:22 pid=341729 tid=140650056472256] outbound_pdu callback link_id=2 tx_id=2621 len=167
[cspcla 19:04:22 pid=341729 tid=140650056472256] ✓ TX SUCCESS tx_id=2621 dst_csp=2:10 bytes=167 (all ACKs received)
[cspcla 19:04:22 pid=341729 tid=140650056472256] outbound_pdu callback link_id=2 tx_id=2622 len=167
[cspcla 19:04:22 pid=341729 tid=140650056472256] ✓ TX SUCCESS tx_id=2622 dst_csp=2:10 bytes=167 (all ACKs received)
[cspcla 19:04:22 pid=341729 tid=140650056472256] outbound_pdu callback link_id=2 tx_id=2623 len=167
[cspcla 19:04:22 pid=341729 tid=140650056472256] ✓ TX SUCCESS tx_id=2623 dst_csp=2:10 bytes=167 (all ACKs received)
[cspcla 19:04:22 pid=341729 tid=140650056472256] outbound_pdu callback link_id=2 tx_id=2624 len=167
[cspcla 19:04:22 pid=341729 tid=140650056472256] ✓ TX SUCCESS tx_id=2624 dst_csp=2:10 bytes=167 (all ACKs received)
[cspcla 19:04:22 pid=341729 tid=140650056472256] outbound_pdu callback link_id=2 tx_id=2625 len=167
[cspcla 19:04:22 pid=341729 tid=140650056472256] ✓ TX SUCCESS tx_id=2625 dst_csp=2:10 bytes=167 (all ACKs received)
[cspcla 19:04:22 pid=341729 tid=140650056472256] outbound_pdu callback link_id=2 tx_id=2626 len=167
[cspcla 19:04:23 pid=341729 tid=140650056472256] ✓ TX SUCCESS tx_id=2626 dst_csp=2:10 bytes=167 (all ACKs received)
[cspcla 19:04:23 pid=341729 tid=140650056472256] outbound_pdu callback link_id=2 tx_id=2627 len=167
[cspcla 19:04:23 pid=341729 tid=140650056472256] ✓ TX SUCCESS tx_id=2627 dst_csp=2:10 bytes=167 (all ACKs received)
[cspcla 19:04:23 pid=341729 tid=140650056472256] outbound_pdu callback link_id=2 tx_id=2628 len=167
[cspcla 19:04:23 pid=341729 tid=140650056472256] ✓ TX SUCCESS tx_id=2628 dst_csp=2:10 bytes=167 (all ACKs received)
[cspcla 19:04:23 pid=341729 tid=140650056472256] outbound_pdu callback link_id=2 tx_id=2629 len=167
[cspcla 19:04:23 pid=341729 tid=140650056472256] ✓ TX SUCCESS tx_id=2629 dst_csp=2:10 bytes=167 (all ACKs received)
[cspcla 19:04:23 pid=341729 tid=140650056472256] outbound_pdu callback link_id=2 tx_id=2630 len=167
[cspcla 19:04:23 pid=341729 tid=140650056472256] ✓ TX SUCCESS tx_id=2630 dst_csp=2:10 bytes=167 (all ACKs received)
[cspcla 19:04:24 pid=341729 tid=140650056472256] outbound_pdu callback link_id=2 tx_id=2631 len=167
[cspcla 19:04:24 pid=341729 tid=140650056472256] ✓ TX SUCCESS tx_id=2631 dst_csp=2:10 bytes=167 (all ACKs received)
[cspcla 19:04:24 pid=341729 tid=140650056472256] outbound_pdu callback link_id=2 tx_id=2632 len=167
[cspcla 19:04:24 pid=341729 tid=140650056472256] ✓ TX SUCCESS tx_id=2632 dst_csp=2:10 bytes=167 (all ACKs received)
[cspcla 19:04:24 pid=341729 tid=140650056472256] outbound_pdu callback link_id=2 tx_id=2633 len=167
[cspcla 19:04:24 pid=341729 tid=140650056472256] ✓ TX SUCCESS tx_id=2633 dst_csp=2:10 bytes=167 (all ACKs received)
[cspcla 19:04:24 pid=341729 tid=140650056472256] outbound_pdu callback link_id=2 tx_id=2634 len=167
[cspcla 19:04:24 pid=341729 tid=140650056472256] ✓ TX SUCCESS tx_id=2634 dst_csp=2:10 bytes=167 (all ACKs received)
[cspcla 19:04:24 pid=341729 tid=140650056472256] outbound_pdu callback link_id=2 tx_id=2635 len=167
[cspcla 19:04:24 pid=341729 tid=140650056472256] ✓ TX SUCCESS tx_id=2635 dst_csp=2:10 bytes=167 (all ACKs received)
[cspcla 19:04:24 pid=341729 tid=140650056472256] outbound_pdu callback link_id=2 tx_id=2636 len=167
[cspcla 19:04:24 pid=341729 tid=140650056472256] ✓ TX SUCCESS tx_id=2636 dst_csp=2:10 bytes=167 (all ACKs received)
[cspcla 19:04:24 pid=341729 tid=140650056472256] outbound_pdu callback link_id=2 tx_id=2637 len=167
[cspcla 19:04:24 pid=341729 tid=140650056472256] ✓ TX SUCCESS tx_id=2637 dst_csp=2:10 bytes=167 (all ACKs received)
[cspcla 19:04:24 pid=341729 tid=140650056472256] outbound_pdu callback link_id=2 tx_id=2638 len=167
[cspcla 19:04:24 pid=341729 tid=140650056472256] ✓ TX SUCCESS tx_id=2638 dst_csp=2:10 bytes=167 (all ACKs received)
[cspcla 19:04:24 pid=341729 tid=140650056472256] outbound_pdu callback link_id=2 tx_id=2639 len=167
[cspcla 19:04:24 pid=341729 tid=140650056472256] ✓ TX SUCCESS tx_id=2639 dst_csp=2:10 bytes=167 (all ACKs received)
[cspcla 19:04:24 pid=341729 tid=140650056472256] outbound_pdu callback link_id=2 tx_id=2640 len=167
[cspcla 19:04:24 pid=341729 tid=140650056472256] ✓ TX SUCCESS tx_id=2640 dst_csp=2:10 bytes=167 (all ACKs received)
[cspcla 19:04:25 pid=341729 tid=140650056472256] outbound_pdu callback link_id=2 tx_id=2641 len=167
[cspcla 19:04:25 pid=341729 tid=140650056472256] ✓ TX SUCCESS tx_id=2641 dst_csp=2:10 bytes=167 (all ACKs received)
[cspcla 19:04:25 pid=341729 tid=140650056472256] outbound_pdu callback link_id=2 tx_id=2642 len=167
[cspcla 19:04:25 pid=341729 tid=140650056472256] ✓ TX SUCCESS tx_id=2642 dst_csp=2:10 bytes=167 (all ACKs received)
[cspcla 19:04:25 pid=341729 tid=140650056472256] outbound_pdu callback link_id=2 tx_id=2643 len=167
[cspcla 19:04:26 pid=341729 tid=140650056472256] ✓ TX SUCCESS tx_id=2643 dst_csp=2:10 bytes=167 (all ACKs received)
[cspcla 19:04:26 pid=341729 tid=140650056472256] outbound_pdu callback link_id=2 tx_id=2644 len=167
[cspcla 19:04:26 pid=341729 tid=140650056472256] ✓ TX SUCCESS tx_id=2644 dst_csp=2:10 bytes=167 (all ACKs received)
[cspcla 19:04:26 pid=341729 tid=140650056472256] outbound_pdu callback link_id=2 tx_id=2645 len=167
[cspcla 19:04:26 pid=341729 tid=140650056472256] ✓ TX SUCCESS tx_id=2645 dst_csp=2:10 bytes=167 (all ACKs received)
[cspcla 19:04:26 pid=341729 tid=140650056472256] outbound_pdu callback link_id=2 tx_id=2646 len=167
[cspcla 19:04:26 pid=341729 tid=140650056472256] ✓ TX SUCCESS tx_id=2646 dst_csp=2:10 bytes=167 (all ACKs received)
[cspcla 19:04:26 pid=341729 tid=140650056472256] outbound_pdu callback link_id=2 tx_id=2647 len=167
[cspcla 19:04:26 pid=341729 tid=140650056472256] ✓ TX SUCCESS tx_id=2647 dst_csp=2:10 bytes=167 (all ACKs received)
[cspcla 19:04:26 pid=341729 tid=140650056472256] outbound_pdu callback link_id=2 tx_id=2648 len=167
[cspcla 19:04:26 pid=341729 tid=140650056472256] ✓ TX SUCCESS tx_id=2648 dst_csp=2:10 bytes=167 (all ACKs received)
[cspcla 19:04:26 pid=341729 tid=140650056472256] outbound_pdu callback link_id=2 tx_id=2649 len=167
[cspcla 19:04:26 pid=341729 tid=140650056472256] ✓ TX SUCCESS tx_id=2649 dst_csp=2:10 bytes=167 (all ACKs received)
[cspcla 19:04:26 pid=341729 tid=140650056472256] outbound_pdu callback link_id=2 tx_id=2650 len=167
[cspcla 19:04:26 pid=341729 tid=140650056472256] ✓ TX SUCCESS tx_id=2650 dst_csp=2:10 bytes=167 (all ACKs received)
[cspcla 19:04:27 pid=341729 tid=140650056472256] outbound_pdu callback link_id=2 tx_id=2651 len=167
[cspcla 19:04:27 pid=341729 tid=140650056472256] ✓ TX SUCCESS tx_id=2651 dst_csp=2:10 bytes=167 (all ACKs received)
[cspcla 19:04:27 pid=341729 tid=140650056472256] outbound_pdu callback link_id=2 tx_id=2652 len=167
[cspcla 19:04:27 pid=341729 tid=140650056472256] ✓ TX SUCCESS tx_id=2652 dst_csp=2:10 bytes=167 (all ACKs received)
[cspcla 19:04:27 pid=341729 tid=140650056472256] outbound_pdu callback link_id=2 tx_id=2653 len=167
[cspcla 19:04:27 pid=341729 tid=140650056472256] ✓ TX SUCCESS tx_id=2653 dst_csp=2:10 bytes=167 (all ACKs received)
[cspcla 19:04:27 pid=341729 tid=140650056472256] outbound_pdu callback link_id=2 tx_id=2654 len=167
[cspcla 19:04:27 pid=341729 tid=140650056472256] ✓ TX SUCCESS tx_id=2654 dst_csp=2:10 bytes=167 (all ACKs received)
[cspcla 19:04:27 pid=341729 tid=140650056472256] outbound_pdu callback link_id=2 tx_id=2655 len=167
[cspcla 19:04:27 pid=341729 tid=140650056472256] ✓ TX SUCCESS tx_id=2655 dst_csp=2:10 bytes=167 (all ACKs received)
[cspcla 19:04:27 pid=341729 tid=140650056472256] outbound_pdu callback link_id=2 tx_id=2656 len=167
[cspcla 19:04:27 pid=341729 tid=140650056472256] ✓ TX SUCCESS tx_id=2656 dst_csp=2:10 bytes=167 (all ACKs received)
[cspcla 19:04:27 pid=341729 tid=140650056472256] outbound_pdu callback link_id=2 tx_id=2657 len=167
[cspcla 19:04:27 pid=341729 tid=140650056472256] ✓ TX SUCCESS tx_id=2657 dst_csp=2:10 bytes=167 (all ACKs received)
[cspcla 19:04:27 pid=341729 tid=140650056472256] outbound_pdu callback link_id=2 tx_id=2658 len=167
[cspcla 19:04:27 pid=341729 tid=140650056472256] ✓ TX SUCCESS tx_id=2658 dst_csp=2:10 bytes=167 (all ACKs received)
[cspcla 19:04:27 pid=341729 tid=140650056472256] outbound_pdu callback link_id=2 tx_id=2659 len=167
[cspcla 19:04:27 pid=341729 tid=140650056472256] ✓ TX SUCCESS tx_id=2659 dst_csp=2:10 bytes=167 (all ACKs received)
[cspcla 19:04:27 pid=341729 tid=140650056472256] outbound_pdu callback link_id=2 tx_id=2660 len=167
[cspcla 19:04:28 pid=341729 tid=140650056472256] ✓ TX SUCCESS tx_id=2660 dst_csp=2:10 bytes=167 (all ACKs received)
[cspcla 19:04:28 pid=341729 tid=140650056472256] outbound_pdu callback link_id=2 tx_id=2661 len=167
[cspcla 19:04:28 pid=341729 tid=140650056472256] ✓ TX SUCCESS tx_id=2661 dst_csp=2:10 bytes=167 (all ACKs received)
[cspcla 19:04:28 pid=341729 tid=140650056472256] outbound_pdu callback link_id=2 tx_id=2662 len=167
[cspcla 19:04:28 pid=341729 tid=140650056472256] ✓ TX SUCCESS tx_id=2662 dst_csp=2:10 bytes=167 (all ACKs received)
[cspcla 19:04:29 pid=341729 tid=140650056472256] outbound_pdu callback link_id=2 tx_id=2663 len=167
[cspcla 19:04:29 pid=341729 tid=140650056472256] ✓ TX SUCCESS tx_id=2663 dst_csp=2:10 bytes=167 (all ACKs received)
[cspcla 19:04:29 pid=341729 tid=140650056472256] outbound_pdu callback link_id=2 tx_id=2664 len=167
[cspcla 19:04:29 pid=341729 tid=140650056472256] ✓ TX SUCCESS tx_id=2664 dst_csp=2:10 bytes=167 (all ACKs received)
[cspcla 19:04:29 pid=341729 tid=140650056472256] outbound_pdu callback link_id=2 tx_id=2665 len=167
[cspcla 19:04:29 pid=341729 tid=140650056472256] ✓ TX SUCCESS tx_id=2665 dst_csp=2:10 bytes=167 (all ACKs received)
[cspcla 19:04:29 pid=341729 tid=140650056472256] outbound_pdu callback link_id=2 tx_id=2666 len=167
[cspcla 19:04:29 pid=341729 tid=140650056472256] ✓ TX SUCCESS tx_id=2666 dst_csp=2:10 bytes=167 (all ACKs received)
[cspcla 19:04:29 pid=341729 tid=140650056472256] outbound_pdu callback link_id=2 tx_id=2667 len=167
[cspcla 19:04:29 pid=341729 tid=140650056472256] ✓ TX SUCCESS tx_id=2667 dst_csp=2:10 bytes=167 (all ACKs received)
[cspcla 19:04:29 pid=341729 tid=140650056472256] outbound_pdu callback link_id=2 tx_id=2668 len=167
[cspcla 19:04:29 pid=341729 tid=140650056472256] ✓ TX SUCCESS tx_id=2668 dst_csp=2:10 bytes=167 (all ACKs received)
[cspcla 19:04:29 pid=341729 tid=140650056472256] outbound_pdu callback link_id=2 tx_id=2669 len=167
[cspcla 19:04:29 pid=341729 tid=140650056472256] ✓ TX SUCCESS tx_id=2669 dst_csp=2:10 bytes=167 (all ACKs received)
[cspcla 19:04:29 pid=341729 tid=140650056472256] outbound_pdu callback link_id=2 tx_id=2670 len=167
[cspcla 19:04:29 pid=341729 tid=140650056472256] ✓ TX SUCCESS tx_id=2670 dst_csp=2:10 bytes=167 (all ACKs received)
[cspcla 19:04:30 pid=341729 tid=140650056472256] outbound_pdu callback link_id=2 tx_id=2671 len=167
[cspcla 19:04:30 pid=341729 tid=140650056472256] ✓ TX SUCCESS tx_id=2671 dst_csp=2:10 bytes=167 (all ACKs received)
[cspcla 19:04:30 pid=341729 tid=140650056472256] outbound_pdu callback link_id=2 tx_id=2672 len=167
[cspcla 19:04:30 pid=341729 tid=140650056472256] ✓ TX SUCCESS tx_id=2672 dst_csp=2:10 bytes=167 (all ACKs received)
[cspcla 19:04:30 pid=341729 tid=140650056472256] outbound_pdu callback link_id=2 tx_id=2673 len=167
[cspcla 19:04:30 pid=341729 tid=140650056472256] ✓ TX SUCCESS tx_id=2673 dst_csp=2:10 bytes=167 (all ACKs received)
[cspcla 19:04:30 pid=341729 tid=140650056472256] outbound_pdu callback link_id=2 tx_id=2674 len=167
[cspcla 19:04:30 pid=341729 tid=140650056472256] ✓ TX SUCCESS tx_id=2674 dst_csp=2:10 bytes=167 (all ACKs received)
[cspcla 19:04:30 pid=341729 tid=140650056472256] outbound_pdu callback link_id=2 tx_id=2675 len=167
[cspcla 19:04:30 pid=341729 tid=140650056472256] ✓ TX SUCCESS tx_id=2675 dst_csp=2:10 bytes=167 (all ACKs received)
[cspcla 19:04:30 pid=341729 tid=140650056472256] outbound_pdu callback link_id=2 tx_id=2676 len=167
[cspcla 19:04:30 pid=341729 tid=140650056472256] ✓ TX SUCCESS tx_id=2676 dst_csp=2:10 bytes=167 (all ACKs received)
[cspcla 19:04:30 pid=341729 tid=140650056472256] outbound_pdu callback link_id=2 tx_id=2677 len=167
[cspcla 19:04:30 pid=341729 tid=140650056472256] ✓ TX SUCCESS tx_id=2677 dst_csp=2:10 bytes=167 (all ACKs received)
[cspcla 19:04:30 pid=341729 tid=140650056472256] outbound_pdu callback link_id=2 tx_id=2678 len=167
[cspcla 19:04:30 pid=341729 tid=140650056472256] ✓ TX SUCCESS tx_id=2678 dst_csp=2:10 bytes=167 (all ACKs received)
[cspcla 19:04:30 pid=341729 tid=140650056472256] outbound_pdu callback link_id=2 tx_id=2679 len=167
[cspcla 19:04:31 pid=341729 tid=140650056472256] ✓ TX SUCCESS tx_id=2679 dst_csp=2:10 bytes=167 (all ACKs received)
[cspcla 19:04:31 pid=341729 tid=140650056472256] outbound_pdu callback link_id=2 tx_id=2680 len=167
[cspcla 19:04:31 pid=341729 tid=140650056472256] ✓ TX SUCCESS tx_id=2680 dst_csp=2:10 bytes=167 (all ACKs received)
[cspcla 19:04:31 pid=341729 tid=140650056472256] outbound_pdu callback link_id=2 tx_id=2681 len=167
[cspcla 19:04:31 pid=341729 tid=140650056472256] ✓ TX SUCCESS tx_id=2681 dst_csp=2:10 bytes=167 (all ACKs received)
[cspcla 19:04:31 pid=341729 tid=140650056472256] outbound_pdu callback link_id=2 tx_id=2682 len=167
[cspcla 19:04:31 pid=341729 tid=140650056472256] ✓ TX SUCCESS tx_id=2682 dst_csp=2:10 bytes=167 (all ACKs received)
[cspcla 19:04:32 pid=341729 tid=140650056472256] outbound_pdu callback link_id=2 tx_id=2683 len=167
[cspcla 19:04:32 pid=341729 tid=140650056472256] ✓ TX SUCCESS tx_id=2683 dst_csp=2:10 bytes=167 (all ACKs received)
[cspcla 19:04:32 pid=341729 tid=140650056472256] outbound_pdu callback link_id=2 tx_id=2684 len=167
[cspcla 19:04:32 pid=341729 tid=140650056472256] ✓ TX SUCCESS tx_id=2684 dst_csp=2:10 bytes=167 (all ACKs received)
[cspcla 19:04:32 pid=341729 tid=140650056472256] outbound_pdu callback link_id=2 tx_id=2685 len=167
[cspcla 19:04:32 pid=341729 tid=140650056472256] ✓ TX SUCCESS tx_id=2685 dst_csp=2:10 bytes=167 (all ACKs received)
[cspcla 19:04:32 pid=341729 tid=140650056472256] outbound_pdu callback link_id=2 tx_id=2686 len=167
[cspcla 19:04:32 pid=341729 tid=140650056472256] ✓ TX SUCCESS tx_id=2686 dst_csp=2:10 bytes=167 (all ACKs received)
[cspcla 19:04:32 pid=341729 tid=140650056472256] outbound_pdu callback link_id=2 tx_id=2687 len=167
[cspcla 19:04:32 pid=341729 tid=140650056472256] ✓ TX SUCCESS tx_id=2687 dst_csp=2:10 bytes=167 (all ACKs received)
[cspcla 19:04:32 pid=341729 tid=140650056472256] outbound_pdu callback link_id=2 tx_id=2688 len=167
[cspcla 19:04:32 pid=341729 tid=140650056472256] ✓ TX SUCCESS tx_id=2688 dst_csp=2:10 bytes=167 (all ACKs received)
[cspcla 19:04:32 pid=341729 tid=140650056472256] outbound_pdu callback link_id=2 tx_id=2689 len=167
[cspcla 19:04:32 pid=341729 tid=140650056472256] ✓ TX SUCCESS tx_id=2689 dst_csp=2:10 bytes=167 (all ACKs received)
[cspcla 19:04:32 pid=341729 tid=140650056472256] outbound_pdu callback link_id=2 tx_id=2690 len=167
[cspcla 19:04:32 pid=341729 tid=140650056472256] ✓ TX SUCCESS tx_id=2690 dst_csp=2:10 bytes=167 (all ACKs received)
[cspcla 19:04:33 pid=341729 tid=140650056472256] outbound_pdu callback link_id=2 tx_id=2691 len=167
[cspcla 19:04:33 pid=341729 tid=140650056472256] ✓ TX SUCCESS tx_id=2691 dst_csp=2:10 bytes=167 (all ACKs received)
[cspcla 19:04:33 pid=341729 tid=140650056472256] outbound_pdu callback link_id=2 tx_id=2692 len=167
[cspcla 19:04:33 pid=341729 tid=140650056472256] ✓ TX SUCCESS tx_id=2692 dst_csp=2:10 bytes=167 (all ACKs received)
[cspcla 19:04:33 pid=341729 tid=140650056472256] outbound_pdu callback link_id=2 tx_id=2693 len=167
[cspcla 19:04:33 pid=341729 tid=140650056472256] ✓ TX SUCCESS tx_id=2693 dst_csp=2:10 bytes=167 (all ACKs received)
[cspcla 19:04:33 pid=341729 tid=140650056472256] outbound_pdu callback link_id=2 tx_id=2694 len=167
[cspcla 19:04:33 pid=341729 tid=140650056472256] ✓ TX SUCCESS tx_id=2694 dst_csp=2:10 bytes=167 (all ACKs received)
[cspcla 19:04:33 pid=341729 tid=140650056472256] outbound_pdu callback link_id=2 tx_id=2695 len=167
[cspcla 19:04:33 pid=341729 tid=140650056472256] ✓ TX SUCCESS tx_id=2695 dst_csp=2:10 bytes=167 (all ACKs received)
[cspcla 19:04:33 pid=341729 tid=140650056472256] outbound_pdu callback link_id=2 tx_id=2696 len=167
[cspcla 19:04:33 pid=341729 tid=140650056472256] ✓ TX SUCCESS tx_id=2696 dst_csp=2:10 bytes=167 (all ACKs received)
[cspcla 19:04:33 pid=341729 tid=140650056472256] outbound_pdu callback link_id=2 tx_id=2697 len=167
[cspcla 19:04:33 pid=341729 tid=140650056472256] ✓ TX SUCCESS tx_id=2697 dst_csp=2:10 bytes=167 (all ACKs received)
[cspcla 19:04:33 pid=341729 tid=140650056472256] outbound_pdu callback link_id=2 tx_id=2698 len=167
[cspcla 19:04:33 pid=341729 tid=140650056472256] ✓ TX SUCCESS tx_id=2698 dst_csp=2:10 bytes=167 (all ACKs received)
[cspcla 19:04:33 pid=341729 tid=140650056472256] outbound_pdu callback link_id=2 tx_id=2699 len=167
[cspcla 19:04:34 pid=341729 tid=140650056472256] ✓ TX SUCCESS tx_id=2699 dst_csp=2:10 bytes=167 (all ACKs received)
[cspcla 19:04:34 pid=341729 tid=140650056472256] outbound_pdu callback link_id=2 tx_id=2700 len=167
[cspcla 19:04:34 pid=341729 tid=140650056472256] ✓ TX SUCCESS tx_id=2700 dst_csp=2:10 bytes=167 (all ACKs received)
[cspcla 19:04:35 pid=341729 tid=140650056472256] outbound_pdu callback link_id=2 tx_id=2701 len=167
[cspcla 19:04:35 pid=341729 tid=140650056472256] ✓ TX SUCCESS tx_id=2701 dst_csp=2:10 bytes=167 (all ACKs received)
[cspcla 19:04:35 pid=341729 tid=140650056472256] outbound_pdu callback link_id=2 tx_id=2702 len=167
[cspcla 19:04:35 pid=341729 tid=140650056472256] ✓ TX SUCCESS tx_id=2702 dst_csp=2:10 bytes=167 (all ACKs received)
[cspcla 19:04:35 pid=341729 tid=140650056472256] outbound_pdu callback link_id=2 tx_id=2703 len=167
[cspcla 19:04:35 pid=341729 tid=140650056472256] ✓ TX SUCCESS tx_id=2703 dst_csp=2:10 bytes=167 (all ACKs received)
[cspcla 19:04:35 pid=341729 tid=140650056472256] outbound_pdu callback link_id=2 tx_id=2704 len=167
[cspcla 19:04:35 pid=341729 tid=140650056472256] ✓ TX SUCCESS tx_id=2704 dst_csp=2:10 bytes=167 (all ACKs received)
[cspcla 19:04:35 pid=341729 tid=140650056472256] outbound_pdu callback link_id=2 tx_id=2705 len=167
[cspcla 19:04:35 pid=341729 tid=140650056472256] ✓ TX SUCCESS tx_id=2705 dst_csp=2:10 bytes=167 (all ACKs received)
[cspcla 19:04:35 pid=341729 tid=140650056472256] outbound_pdu callback link_id=2 tx_id=2706 len=167
[cspcla 19:04:35 pid=341729 tid=140650056472256] ✓ TX SUCCESS tx_id=2706 dst_csp=2:10 bytes=167 (all ACKs received)
[cspcla 19:04:35 pid=341729 tid=140650056472256] outbound_pdu callback link_id=2 tx_id=2707 len=167
[cspcla 19:04:35 pid=341729 tid=140650056472256] ✓ TX SUCCESS tx_id=2707 dst_csp=2:10 bytes=167 (all ACKs received)
[cspcla 19:04:35 pid=341729 tid=140650056472256] outbound_pdu callback link_id=2 tx_id=2708 len=167
[cspcla 19:04:35 pid=341729 tid=140650056472256] ✓ TX SUCCESS tx_id=2708 dst_csp=2:10 bytes=167 (all ACKs received)
[cspcla 19:04:35 pid=341729 tid=140650056472256] outbound_pdu callback link_id=2 tx_id=2709 len=167
[cspcla 19:04:35 pid=341729 tid=140650056472256] ✓ TX SUCCESS tx_id=2709 dst_csp=2:10 bytes=167 (all ACKs received)
[cspcla 19:04:35 pid=341729 tid=140650056472256] outbound_pdu callback link_id=2 tx_id=2710 len=167
[cspcla 19:04:35 pid=341729 tid=140650056472256] ✓ TX SUCCESS tx_id=2710 dst_csp=2:10 bytes=167 (all ACKs received)
[cspcla 19:04:36 pid=341729 tid=140650056472256] outbound_pdu callback link_id=2 tx_id=2711 len=167
[cspcla 19:04:36 pid=341729 tid=140650056472256] ✓ TX SUCCESS tx_id=2711 dst_csp=2:10 bytes=167 (all ACKs received)
[cspcla 19:04:36 pid=341729 tid=140650056472256] outbound_pdu callback link_id=2 tx_id=2712 len=167
[cspcla 19:04:36 pid=341729 tid=140650056472256] ✓ TX SUCCESS tx_id=2712 dst_csp=2:10 bytes=167 (all ACKs received)
[cspcla 19:04:36 pid=341729 tid=140650056472256] outbound_pdu callback link_id=2 tx_id=2713 len=167
[cspcla 19:04:36 pid=341729 tid=140650056472256] ✓ TX SUCCESS tx_id=2713 dst_csp=2:10 bytes=167 (all ACKs received)
[cspcla 19:04:36 pid=341729 tid=140650056472256] outbound_pdu callback link_id=2 tx_id=2714 len=167
[cspcla 19:04:36 pid=341729 tid=140650056472256] ✓ TX SUCCESS tx_id=2714 dst_csp=2:10 bytes=167 (all ACKs received)
[cspcla 19:04:36 pid=341729 tid=140650056472256] outbound_pdu callback link_id=2 tx_id=2715 len=167
[cspcla 19:04:36 pid=341729 tid=140650056472256] ✓ TX SUCCESS tx_id=2715 dst_csp=2:10 bytes=167 (all ACKs received)
[cspcla 19:04:36 pid=341729 tid=140650056472256] outbound_pdu callback link_id=2 tx_id=2716 len=167
[cspcla 19:04:36 pid=341729 tid=140650056472256] ✓ TX SUCCESS tx_id=2716 dst_csp=2:10 bytes=167 (all ACKs received)
[cspcla 19:04:36 pid=341729 tid=140650056472256] outbound_pdu callback link_id=2 tx_id=2717 len=167
[cspcla 19:04:36 pid=341729 tid=140650056472256] ✓ TX SUCCESS tx_id=2717 dst_csp=2:10 bytes=167 (all ACKs received)
[cspcla 19:04:36 pid=341729 tid=140650056472256] outbound_pdu callback link_id=2 tx_id=2718 len=167
[cspcla 19:04:37 pid=341729 tid=140650056472256] ✓ TX SUCCESS tx_id=2718 dst_csp=2:10 bytes=167 (all ACKs received)
[cspcla 19:04:37 pid=341729 tid=140650056472256] outbound_pdu callback link_id=2 tx_id=2719 len=167
[cspcla 19:04:37 pid=341729 tid=140650056472256] ✓ TX SUCCESS tx_id=2719 dst_csp=2:10 bytes=167 (all ACKs received)
[cspcla 19:04:37 pid=341729 tid=140650056472256] outbound_pdu callback link_id=2 tx_id=2720 len=167
[cspcla 19:04:37 pid=341729 tid=140650056472256] ✓ TX SUCCESS tx_id=2720 dst_csp=2:10 bytes=167 (all ACKs received)
[cspcla 19:04:38 pid=341729 tid=140650056472256] outbound_pdu callback link_id=2 tx_id=2721 len=167
[cspcla 19:04:38 pid=341729 tid=140650056472256] ✓ TX SUCCESS tx_id=2721 dst_csp=2:10 bytes=167 (all ACKs received)
[cspcla 19:04:38 pid=341729 tid=140650056472256] outbound_pdu callback link_id=2 tx_id=2722 len=167
[cspcla 19:04:38 pid=341729 tid=140650056472256] ✓ TX SUCCESS tx_id=2722 dst_csp=2:10 bytes=167 (all ACKs received)
[cspcla 19:04:38 pid=341729 tid=140650056472256] outbound_pdu callback link_id=2 tx_id=2723 len=167
[cspcla 19:04:38 pid=341729 tid=140650056472256] ✓ TX SUCCESS tx_id=2723 dst_csp=2:10 bytes=167 (all ACKs received)
[cspcla 19:04:38 pid=341729 tid=140650056472256] outbound_pdu callback link_id=2 tx_id=2724 len=167
[cspcla 19:04:38 pid=341729 tid=140650056472256] ✓ TX SUCCESS tx_id=2724 dst_csp=2:10 bytes=167 (all ACKs received)
[cspcla 19:04:38 pid=341729 tid=140650056472256] outbound_pdu callback link_id=2 tx_id=2725 len=167
[cspcla 19:04:38 pid=341729 tid=140650056472256] ✓ TX SUCCESS tx_id=2725 dst_csp=2:10 bytes=167 (all ACKs received)
[cspcla 19:04:38 pid=341729 tid=140650056472256] outbound_pdu callback link_id=2 tx_id=2726 len=167
[cspcla 19:04:38 pid=341729 tid=140650056472256] ✓ TX SUCCESS tx_id=2726 dst_csp=2:10 bytes=167 (all ACKs received)
[cspcla 19:04:38 pid=341729 tid=140650056472256] outbound_pdu callback link_id=2 tx_id=2727 len=167
[cspcla 19:04:38 pid=341729 tid=140650056472256] ✓ TX SUCCESS tx_id=2727 dst_csp=2:10 bytes=167 (all ACKs received)
[cspcla 19:04:38 pid=341729 tid=140650056472256] outbound_pdu callback link_id=2 tx_id=2728 len=167
[cspcla 19:04:38 pid=341729 tid=140650056472256] ✓ TX SUCCESS tx_id=2728 dst_csp=2:10 bytes=167 (all ACKs received)
[cspcla 19:04:38 pid=341729 tid=140650056472256] outbound_pdu callback link_id=2 tx_id=2729 len=167
[cspcla 19:04:38 pid=341729 tid=140650056472256] ✓ TX SUCCESS tx_id=2729 dst_csp=2:10 bytes=167 (all ACKs received)
[cspcla 19:04:38 pid=341729 tid=140650056472256] outbound_pdu callback link_id=2 tx_id=2730 len=167
[cspcla 19:04:38 pid=341729 tid=140650056472256] ✓ TX SUCCESS tx_id=2730 dst_csp=2:10 bytes=167 (all ACKs received)
[cspcla 19:04:39 pid=341729 tid=140650056472256] outbound_pdu callback link_id=2 tx_id=2731 len=167
[cspcla 19:04:39 pid=341729 tid=140650056472256] ✓ TX SUCCESS tx_id=2731 dst_csp=2:10 bytes=167 (all ACKs received)
[cspcla 19:04:39 pid=341729 tid=140650056472256] outbound_pdu callback link_id=2 tx_id=2732 len=167
[cspcla 19:04:39 pid=341729 tid=140650056472256] ✓ TX SUCCESS tx_id=2732 dst_csp=2:10 bytes=167 (all ACKs received)
[cspcla 19:04:39 pid=341729 tid=140650056472256] outbound_pdu callback link_id=2 tx_id=2733 len=167
[cspcla 19:04:39 pid=341729 tid=140650056472256] ✓ TX SUCCESS tx_id=2733 dst_csp=2:10 bytes=167 (all ACKs received)
[cspcla 19:04:39 pid=341729 tid=140650056472256] outbound_pdu callback link_id=2 tx_id=2734 len=167
[cspcla 19:04:39 pid=341729 tid=140650056472256] ✓ TX SUCCESS tx_id=2734 dst_csp=2:10 bytes=167 (all ACKs received)
[cspcla 19:04:39 pid=341729 tid=140650056472256] outbound_pdu callback link_id=2 tx_id=2735 len=167
[cspcla 19:04:40 pid=341729 tid=140650056472256] ✓ TX SUCCESS tx_id=2735 dst_csp=2:10 bytes=167 (all ACKs received)
[cspcla 19:04:40 pid=341729 tid=140650056472256] outbound_pdu callback link_id=2 tx_id=2736 len=167
[cspcla 19:04:40 pid=341729 tid=140650056472256] ✓ TX SUCCESS tx_id=2736 dst_csp=2:10 bytes=167 (all ACKs received)
[cspcla 19:04:40 pid=341729 tid=140650056472256] outbound_pdu callback link_id=2 tx_id=2737 len=167
[cspcla 19:04:40 pid=341729 tid=140650056472256] ✓ TX SUCCESS tx_id=2737 dst_csp=2:10 bytes=167 (all ACKs received)
[cspcla 19:04:40 pid=341729 tid=140650056472256] outbound_pdu callback link_id=2 tx_id=2738 len=167
[cspcla 19:04:40 pid=341729 tid=140650056472256] ✓ TX SUCCESS tx_id=2738 dst_csp=2:10 bytes=167 (all ACKs received)
[cspcla 19:04:40 pid=341729 tid=140650056472256] outbound_pdu callback link_id=2 tx_id=2739 len=167
[cspcla 19:04:40 pid=341729 tid=140650056472256] ✓ TX SUCCESS tx_id=2739 dst_csp=2:10 bytes=167 (all ACKs received)
[cspcla 19:04:40 pid=341729 tid=140650056472256] outbound_pdu callback link_id=2 tx_id=2740 len=167
[cspcla 19:04:40 pid=341729 tid=140650056472256] ✓ TX SUCCESS tx_id=2740 dst_csp=2:10 bytes=167 (all ACKs received)
[cspcla 19:04:41 pid=341729 tid=140650056472256] outbound_pdu callback link_id=2 tx_id=2741 len=167
[cspcla 19:04:41 pid=341729 tid=140650056472256] ✓ TX SUCCESS tx_id=2741 dst_csp=2:10 bytes=167 (all ACKs received)
[cspcla 19:04:41 pid=341729 tid=140650056472256] outbound_pdu callback link_id=2 tx_id=2742 len=167
[cspcla 19:04:41 pid=341729 tid=140650056472256] ✓ TX SUCCESS tx_id=2742 dst_csp=2:10 bytes=167 (all ACKs received)
[cspcla 19:04:41 pid=341729 tid=140650056472256] outbound_pdu callback link_id=2 tx_id=2743 len=167
[cspcla 19:04:41 pid=341729 tid=140650056472256] ✓ TX SUCCESS tx_id=2743 dst_csp=2:10 bytes=167 (all ACKs received)
[cspcla 19:04:41 pid=341729 tid=140650056472256] outbound_pdu callback link_id=2 tx_id=2744 len=167
[cspcla 19:04:41 pid=341729 tid=140650056472256] ✓ TX SUCCESS tx_id=2744 dst_csp=2:10 bytes=167 (all ACKs received)
[cspcla 19:04:41 pid=341729 tid=140650056472256] outbound_pdu callback link_id=2 tx_id=2745 len=167
[cspcla 19:04:41 pid=341729 tid=140650056472256] ✓ TX SUCCESS tx_id=2745 dst_csp=2:10 bytes=167 (all ACKs received)
[cspcla 19:04:41 pid=341729 tid=140650056472256] outbound_pdu callback link_id=2 tx_id=2746 len=167
[cspcla 19:04:41 pid=341729 tid=140650056472256] ✓ TX SUCCESS tx_id=2746 dst_csp=2:10 bytes=167 (all ACKs received)
[cspcla 19:04:41 pid=341729 tid=140650056472256] outbound_pdu callback link_id=2 tx_id=2747 len=167
[cspcla 19:04:41 pid=341729 tid=140650056472256] ✓ TX SUCCESS tx_id=2747 dst_csp=2:10 bytes=167 (all ACKs received)
[cspcla 19:04:41 pid=341729 tid=140650056472256] outbound_pdu callback link_id=2 tx_id=2748 len=167
[cspcla 19:04:41 pid=341729 tid=140650056472256] ✓ TX SUCCESS tx_id=2748 dst_csp=2:10 bytes=167 (all ACKs received)
[cspcla 19:04:41 pid=341729 tid=140650056472256] outbound_pdu callback link_id=2 tx_id=2749 len=167
[cspcla 19:04:41 pid=341729 tid=140650056472256] ✓ TX SUCCESS tx_id=2749 dst_csp=2:10 bytes=167 (all ACKs received)
[cspcla 19:04:41 pid=341729 tid=140650056472256] outbound_pdu callback link_id=2 tx_id=2750 len=167
[cspcla 19:04:42 pid=341729 tid=140650056472256] ✓ TX SUCCESS tx_id=2750 dst_csp=2:10 bytes=167 (all ACKs received)
[cspcla 19:04:42 pid=341729 tid=140650056472256] outbound_pdu callback link_id=2 tx_id=2751 len=167
[cspcla 19:04:42 pid=341729 tid=140650056472256] ✓ TX SUCCESS tx_id=2751 dst_csp=2:10 bytes=167 (all ACKs received)
[cspcla 19:04:42 pid=341729 tid=140650056472256] outbound_pdu callback link_id=2 tx_id=2752 len=167
[cspcla 19:04:42 pid=341729 tid=140650056472256] ✓ TX SUCCESS tx_id=2752 dst_csp=2:10 bytes=167 (all ACKs received)
[cspcla 19:04:42 pid=341729 tid=140650056472256] outbound_pdu callback link_id=2 tx_id=2753 len=167
[cspcla 19:04:42 pid=341729 tid=140650056472256] ✓ TX SUCCESS tx_id=2753 dst_csp=2:10 bytes=167 (all ACKs received)
[cspcla 19:04:42 pid=341729 tid=140650056472256] outbound_pdu callback link_id=2 tx_id=2754 len=167
[cspcla 19:04:42 pid=341729 tid=140650056472256] ✓ TX SUCCESS tx_id=2754 dst_csp=2:10 bytes=167 (all ACKs received)
[cspcla 19:04:42 pid=341729 tid=140650056472256] outbound_pdu callback link_id=2 tx_id=2755 len=167
[cspcla 19:04:42 pid=341729 tid=140650056472256] ✓ TX SUCCESS tx_id=2755 dst_csp=2:10 bytes=167 (all ACKs received)
[cspcla 19:04:42 pid=341729 tid=140650056472256] outbound_pdu callback link_id=2 tx_id=2756 len=167
[cspcla 19:04:42 pid=341729 tid=140650056472256] ✓ TX SUCCESS tx_id=2756 dst_csp=2:10 bytes=167 (all ACKs received)
[cspcla 19:04:42 pid=341729 tid=140650056472256] outbound_pdu callback link_id=2 tx_id=2757 len=167
[cspcla 19:04:42 pid=341729 tid=140650056472256] ✓ TX SUCCESS tx_id=2757 dst_csp=2:10 bytes=167 (all ACKs received)
[cspcla 19:04:42 pid=341729 tid=140650056472256] outbound_pdu callback link_id=2 tx_id=2758 len=167
[cspcla 19:04:43 pid=341729 tid=140650056472256] ✓ TX SUCCESS tx_id=2758 dst_csp=2:10 bytes=167 (all ACKs received)
[cspcla 19:04:43 pid=341729 tid=140650056472256] outbound_pdu callback link_id=2 tx_id=2759 len=167
[cspcla 19:04:43 pid=341729 tid=140650056472256] ✓ TX SUCCESS tx_id=2759 dst_csp=2:10 bytes=167 (all ACKs received)
[cspcla 19:04:43 pid=341729 tid=140650056472256] outbound_pdu callback link_id=2 tx_id=2760 len=167
[cspcla 19:04:43 pid=341729 tid=140650056472256] ✓ TX SUCCESS tx_id=2760 dst_csp=2:10 bytes=167 (all ACKs received)
[cspcla 19:04:44 pid=341729 tid=140650056472256] outbound_pdu callback link_id=2 tx_id=2761 len=167
[cspcla 19:04:44 pid=341729 tid=140650056472256] ✓ TX SUCCESS tx_id=2761 dst_csp=2:10 bytes=167 (all ACKs received)
[cspcla 19:04:44 pid=341729 tid=140650056472256] outbound_pdu callback link_id=2 tx_id=2762 len=167
[cspcla 19:04:44 pid=341729 tid=140650056472256] ✓ TX SUCCESS tx_id=2762 dst_csp=2:10 bytes=167 (all ACKs received)
[cspcla 19:04:44 pid=341729 tid=140650056472256] outbound_pdu callback link_id=2 tx_id=2763 len=167
[cspcla 19:04:44 pid=341729 tid=140650056472256] ✓ TX SUCCESS tx_id=2763 dst_csp=2:10 bytes=167 (all ACKs received)
[cspcla 19:04:44 pid=341729 tid=140650056472256] outbound_pdu callback link_id=2 tx_id=2764 len=167
[cspcla 19:04:44 pid=341729 tid=140650056472256] ✓ TX SUCCESS tx_id=2764 dst_csp=2:10 bytes=167 (all ACKs received)
[cspcla 19:04:44 pid=341729 tid=140650056472256] outbound_pdu callback link_id=2 tx_id=2765 len=167
[cspcla 19:04:44 pid=341729 tid=140650056472256] ✓ TX SUCCESS tx_id=2765 dst_csp=2:10 bytes=167 (all ACKs received)
[cspcla 19:04:44 pid=341729 tid=140650056472256] outbound_pdu callback link_id=2 tx_id=2766 len=167
[cspcla 19:04:44 pid=341729 tid=140650056472256] ✓ TX SUCCESS tx_id=2766 dst_csp=2:10 bytes=167 (all ACKs received)
[cspcla 19:04:44 pid=341729 tid=140650056472256] outbound_pdu callback link_id=2 tx_id=2767 len=167
[cspcla 19:04:44 pid=341729 tid=140650056472256] ✓ TX SUCCESS tx_id=2767 dst_csp=2:10 bytes=167 (all ACKs received)
[cspcla 19:04:44 pid=341729 tid=140650056472256] outbound_pdu callback link_id=2 tx_id=2768 len=167
[cspcla 19:04:44 pid=341729 tid=140650056472256] ✓ TX SUCCESS tx_id=2768 dst_csp=2:10 bytes=167 (all ACKs received)
[cspcla 19:04:44 pid=341729 tid=140650056472256] outbound_pdu callback link_id=2 tx_id=2769 len=167
[cspcla 19:04:45 pid=341729 tid=140650056472256] ✓ TX SUCCESS tx_id=2769 dst_csp=2:10 bytes=167 (all ACKs received)
[cspcla 19:04:45 pid=341729 tid=140650056472256] outbound_pdu callback link_id=2 tx_id=2770 len=167
[cspcla 19:04:45 pid=341729 tid=140650056472256] ✓ TX SUCCESS tx_id=2770 dst_csp=2:10 bytes=167 (all ACKs received)
[cspcla 19:04:45 pid=341729 tid=140650056472256] outbound_pdu callback link_id=2 tx_id=2771 len=167
[cspcla 19:04:45 pid=341729 tid=140650056472256] ✓ TX SUCCESS tx_id=2771 dst_csp=2:10 bytes=167 (all ACKs received)
[cspcla 19:04:45 pid=341729 tid=140650056472256] outbound_pdu callback link_id=2 tx_id=2772 len=167
[cspcla 19:04:45 pid=341729 tid=140650056472256] ✓ TX SUCCESS tx_id=2772 dst_csp=2:10 bytes=167 (all ACKs received)
[cspcla 19:04:45 pid=341729 tid=140650056472256] outbound_pdu callback link_id=2 tx_id=2773 len=167
[cspcla 19:04:45 pid=341729 tid=140650056472256] ✓ TX SUCCESS tx_id=2773 dst_csp=2:10 bytes=167 (all ACKs received)
[cspcla 19:04:45 pid=341729 tid=140650056472256] outbound_pdu callback link_id=2 tx_id=2774 len=167
[cspcla 19:04:45 pid=341729 tid=140650056472256] ✓ TX SUCCESS tx_id=2774 dst_csp=2:10 bytes=167 (all ACKs received)
[cspcla 19:04:45 pid=341729 tid=140650056472256] outbound_pdu callback link_id=2 tx_id=2775 len=167
[cspcla 19:04:45 pid=341729 tid=140650056472256] ✓ TX SUCCESS tx_id=2775 dst_csp=2:10 bytes=167 (all ACKs received)
[cspcla 19:04:45 pid=341729 tid=140650056472256] outbound_pdu callback link_id=2 tx_id=2776 len=167
[cspcla 19:04:45 pid=341729 tid=140650056472256] ✓ TX SUCCESS tx_id=2776 dst_csp=2:10 bytes=167 (all ACKs received)
[cspcla 19:04:45 pid=341729 tid=140650056472256] outbound_pdu callback link_id=2 tx_id=2777 len=167
[cspcla 19:04:46 pid=341729 tid=140650056472256] ✓ TX SUCCESS tx_id=2777 dst_csp=2:10 bytes=167 (all ACKs received)
[cspcla 19:04:46 pid=341729 tid=140650056472256] outbound_pdu callback link_id=2 tx_id=2778 len=167
[cspcla 19:04:46 pid=341729 tid=140650056472256] ✓ TX SUCCESS tx_id=2778 dst_csp=2:10 bytes=167 (all ACKs received)
[cspcla 19:04:46 pid=341729 tid=140650056472256] outbound_pdu callback link_id=2 tx_id=2779 len=167
[cspcla 19:04:46 pid=341729 tid=140650056472256] ✓ TX SUCCESS tx_id=2779 dst_csp=2:10 bytes=167 (all ACKs received)
[cspcla 19:04:46 pid=341729 tid=140650056472256] outbound_pdu callback link_id=2 tx_id=2780 len=167
[cspcla 19:04:46 pid=341729 tid=140650056472256] ✓ TX SUCCESS tx_id=2780 dst_csp=2:10 bytes=167 (all ACKs received)
[cspcla 19:04:47 pid=341729 tid=140650056472256] outbound_pdu callback link_id=2 tx_id=2781 len=167
[cspcla 19:04:47 pid=341729 tid=140650056472256] ✓ TX SUCCESS tx_id=2781 dst_csp=2:10 bytes=167 (all ACKs received)
[cspcla 19:04:47 pid=341729 tid=140650056472256] outbound_pdu callback link_id=2 tx_id=2782 len=167
[cspcla 19:04:47 pid=341729 tid=140650056472256] ✓ TX SUCCESS tx_id=2782 dst_csp=2:10 bytes=167 (all ACKs received)
[cspcla 19:04:47 pid=341729 tid=140650056472256] outbound_pdu callback link_id=2 tx_id=2783 len=167
[cspcla 19:04:47 pid=341729 tid=140650056472256] ✓ TX SUCCESS tx_id=2783 dst_csp=2:10 bytes=167 (all ACKs received)
[cspcla 19:04:47 pid=341729 tid=140650056472256] outbound_pdu callback link_id=2 tx_id=2784 len=167
[cspcla 19:04:47 pid=341729 tid=140650056472256] ✓ TX SUCCESS tx_id=2784 dst_csp=2:10 bytes=167 (all ACKs received)
[cspcla 19:04:47 pid=341729 tid=140650056472256] outbound_pdu callback link_id=2 tx_id=2785 len=167
[cspcla 19:04:47 pid=341729 tid=140650056472256] ✓ TX SUCCESS tx_id=2785 dst_csp=2:10 bytes=167 (all ACKs received)
[cspcla 19:04:47 pid=341729 tid=140650056472256] outbound_pdu callback link_id=2 tx_id=2786 len=167
[cspcla 19:04:47 pid=341729 tid=140650056472256] ✓ TX SUCCESS tx_id=2786 dst_csp=2:10 bytes=167 (all ACKs received)
[cspcla 19:04:47 pid=341729 tid=140650056472256] outbound_pdu callback link_id=2 tx_id=2787 len=167
[cspcla 19:04:47 pid=341729 tid=140650056472256] ✓ TX SUCCESS tx_id=2787 dst_csp=2:10 bytes=167 (all ACKs received)
[cspcla 19:04:47 pid=341729 tid=140650056472256] outbound_pdu callback link_id=2 tx_id=2788 len=167
[cspcla 19:04:47 pid=341729 tid=140650056472256] ✓ TX SUCCESS tx_id=2788 dst_csp=2:10 bytes=167 (all ACKs received)
[cspcla 19:04:47 pid=341729 tid=140650056472256] outbound_pdu callback link_id=2 tx_id=2789 len=167
[cspcla 19:04:48 pid=341729 tid=140650056472256] ✓ TX SUCCESS tx_id=2789 dst_csp=2:10 bytes=167 (all ACKs received)
[cspcla 19:04:48 pid=341729 tid=140650056472256] outbound_pdu callback link_id=2 tx_id=2790 len=167
[cspcla 19:04:48 pid=341729 tid=140650056472256] ✓ TX SUCCESS tx_id=2790 dst_csp=2:10 bytes=167 (all ACKs received)
[cspcla 19:04:48 pid=341729 tid=140650056472256] outbound_pdu callback link_id=2 tx_id=2791 len=167
[cspcla 19:04:48 pid=341729 tid=140650056472256] ✓ TX SUCCESS tx_id=2791 dst_csp=2:10 bytes=167 (all ACKs received)
[cspcla 19:04:48 pid=341729 tid=140650056472256] outbound_pdu callback link_id=2 tx_id=2792 len=167
[cspcla 19:04:48 pid=341729 tid=140650056472256] ✓ TX SUCCESS tx_id=2792 dst_csp=2:10 bytes=167 (all ACKs received)
[cspcla 19:04:48 pid=341729 tid=140650056472256] outbound_pdu callback link_id=2 tx_id=2793 len=167
[cspcla 19:04:49 pid=341729 tid=140650056472256] ✓ TX SUCCESS tx_id=2793 dst_csp=2:10 bytes=167 (all ACKs received)
[cspcla 19:04:49 pid=341729 tid=140650056472256] outbound_pdu callback link_id=2 tx_id=2794 len=167
[cspcla 19:04:49 pid=341729 tid=140650056472256] ✓ TX SUCCESS tx_id=2794 dst_csp=2:10 bytes=167 (all ACKs received)
[cspcla 19:04:49 pid=341729 tid=140650056472256] outbound_pdu callback link_id=2 tx_id=2795 len=167
[cspcla 19:04:49 pid=341729 tid=140650056472256] ✓ TX SUCCESS tx_id=2795 dst_csp=2:10 bytes=167 (all ACKs received)
[cspcla 19:04:49 pid=341729 tid=140650056472256] outbound_pdu callback link_id=2 tx_id=2796 len=167
[cspcla 19:04:49 pid=341729 tid=140650056472256] ✓ TX SUCCESS tx_id=2796 dst_csp=2:10 bytes=167 (all ACKs received)
[cspcla 19:04:49 pid=341729 tid=140650056472256] outbound_pdu callback link_id=2 tx_id=2797 len=167
[cspcla 19:04:49 pid=341729 tid=140650056472256] ✓ TX SUCCESS tx_id=2797 dst_csp=2:10 bytes=167 (all ACKs received)
[cspcla 19:04:49 pid=341729 tid=140650056472256] outbound_pdu callback link_id=2 tx_id=2798 len=167
[cspcla 19:04:49 pid=341729 tid=140650056472256] ✓ TX SUCCESS tx_id=2798 dst_csp=2:10 bytes=167 (all ACKs received)
[cspcla 19:04:49 pid=341729 tid=140650056472256] outbound_pdu callback link_id=2 tx_id=2799 len=167
[cspcla 19:04:49 pid=341729 tid=140650056472256] ✓ TX SUCCESS tx_id=2799 dst_csp=2:10 bytes=167 (all ACKs received)
[cspcla 19:04:49 pid=341729 tid=140650056472256] outbound_pdu callback link_id=2 tx_id=2800 len=167
[cspcla 19:04:49 pid=341729 tid=140650056472256] ✓ TX SUCCESS tx_id=2800 dst_csp=2:10 bytes=167 (all ACKs received)
[cspcla 19:04:50 pid=341729 tid=140650056472256] outbound_pdu callback link_id=2 tx_id=2801 len=167
[cspcla 19:04:50 pid=341729 tid=140650056472256] ✓ TX SUCCESS tx_id=2801 dst_csp=2:10 bytes=167 (all ACKs received)
[cspcla 19:04:50 pid=341729 tid=140650056472256] outbound_pdu callback link_id=2 tx_id=2802 len=167
[cspcla 19:04:50 pid=341729 tid=140650056472256] ✓ TX SUCCESS tx_id=2802 dst_csp=2:10 bytes=167 (all ACKs received)
[cspcla 19:04:50 pid=341729 tid=140650056472256] outbound_pdu callback link_id=2 tx_id=2803 len=167
[cspcla 19:04:50 pid=341729 tid=140650056472256] ✓ TX SUCCESS tx_id=2803 dst_csp=2:10 bytes=167 (all ACKs received)
[cspcla 19:04:50 pid=341729 tid=140650056472256] outbound_pdu callback link_id=2 tx_id=2804 len=167
[cspcla 19:04:50 pid=341729 tid=140650056472256] ✓ TX SUCCESS tx_id=2804 dst_csp=2:10 bytes=167 (all ACKs received)
[cspcla 19:04:50 pid=341729 tid=140650056472256] outbound_pdu callback link_id=2 tx_id=2805 len=167
[cspcla 19:04:50 pid=341729 tid=140650056472256] ✓ TX SUCCESS tx_id=2805 dst_csp=2:10 bytes=167 (all ACKs received)
[cspcla 19:04:50 pid=341729 tid=140650056472256] outbound_pdu callback link_id=2 tx_id=2806 len=167
[cspcla 19:04:50 pid=341729 tid=140650056472256] ✓ TX SUCCESS tx_id=2806 dst_csp=2:10 bytes=167 (all ACKs received)
[cspcla 19:04:50 pid=341729 tid=140650056472256] outbound_pdu callback link_id=2 tx_id=2807 len=167
[cspcla 19:04:50 pid=341729 tid=140650056472256] ✓ TX SUCCESS tx_id=2807 dst_csp=2:10 bytes=167 (all ACKs received)
[cspcla 19:04:50 pid=341729 tid=140650056472256] outbound_pdu callback link_id=2 tx_id=2808 len=167
[cspcla 19:04:51 pid=341729 tid=140650056472256] ✓ TX SUCCESS tx_id=2808 dst_csp=2:10 bytes=167 (all ACKs received)
[cspcla 19:04:51 pid=341729 tid=140650056472256] outbound_pdu callback link_id=2 tx_id=2809 len=167
[cspcla 19:04:51 pid=341729 tid=140650056472256] ✓ TX SUCCESS tx_id=2809 dst_csp=2:10 bytes=167 (all ACKs received)
[cspcla 19:04:51 pid=341729 tid=140650056472256] outbound_pdu callback link_id=2 tx_id=2810 len=167
[cspcla 19:04:51 pid=341729 tid=140650056472256] ✓ TX SUCCESS tx_id=2810 dst_csp=2:10 bytes=167 (all ACKs received)
[cspcla 19:04:52 pid=341729 tid=140650056472256] outbound_pdu callback link_id=2 tx_id=2811 len=167
[cspcla 19:04:52 pid=341729 tid=140650056472256] ✓ TX SUCCESS tx_id=2811 dst_csp=2:10 bytes=167 (all ACKs received)
[cspcla 19:04:52 pid=341729 tid=140650056472256] outbound_pdu callback link_id=2 tx_id=2812 len=167
[cspcla 19:04:52 pid=341729 tid=140650056472256] ✓ TX SUCCESS tx_id=2812 dst_csp=2:10 bytes=167 (all ACKs received)
[cspcla 19:04:52 pid=341729 tid=140650056472256] outbound_pdu callback link_id=2 tx_id=2813 len=167
[cspcla 19:04:52 pid=341729 tid=140650056472256] ✓ TX SUCCESS tx_id=2813 dst_csp=2:10 bytes=167 (all ACKs received)
[cspcla 19:04:52 pid=341729 tid=140650056472256] outbound_pdu callback link_id=2 tx_id=2814 len=167
[cspcla 19:04:52 pid=341729 tid=140650056472256] ✓ TX SUCCESS tx_id=2814 dst_csp=2:10 bytes=167 (all ACKs received)
[cspcla 19:04:52 pid=341729 tid=140650056472256] outbound_pdu callback link_id=2 tx_id=2815 len=167
[cspcla 19:04:52 pid=341729 tid=140650056472256] ✓ TX SUCCESS tx_id=2815 dst_csp=2:10 bytes=167 (all ACKs received)
[cspcla 19:04:52 pid=341729 tid=140650056472256] outbound_pdu callback link_id=2 tx_id=2816 len=167
[cspcla 19:04:52 pid=341729 tid=140650056472256] ✓ TX SUCCESS tx_id=2816 dst_csp=2:10 bytes=167 (all ACKs received)
[cspcla 19:04:52 pid=341729 tid=140650056472256] outbound_pdu callback link_id=2 tx_id=2817 len=167
[cspcla 19:04:52 pid=341729 tid=140650056472256] ✓ TX SUCCESS tx_id=2817 dst_csp=2:10 bytes=167 (all ACKs received)
[cspcla 19:04:52 pid=341729 tid=140650056472256] outbound_pdu callback link_id=2 tx_id=2818 len=167
[cspcla 19:04:52 pid=341729 tid=140650056472256] ✓ TX SUCCESS tx_id=2818 dst_csp=2:10 bytes=167 (all ACKs received)
[cspcla 19:04:52 pid=341729 tid=140650056472256] outbound_pdu callback link_id=2 tx_id=2819 len=167
[cspcla 19:04:52 pid=341729 tid=140650056472256] ✓ TX SUCCESS tx_id=2819 dst_csp=2:10 bytes=167 (all ACKs received)
[cspcla 19:04:52 pid=341729 tid=140650056472256] outbound_pdu callback link_id=2 tx_id=2820 len=167
[cspcla 19:04:52 pid=341729 tid=140650056472256] ✓ TX SUCCESS tx_id=2820 dst_csp=2:10 bytes=167 (all ACKs received)
[cspcla 19:04:53 pid=341729 tid=140650056472256] outbound_pdu callback link_id=2 tx_id=2821 len=167
[cspcla 19:04:53 pid=341729 tid=140650056472256] ✓ TX SUCCESS tx_id=2821 dst_csp=2:10 bytes=167 (all ACKs received)
[cspcla 19:04:53 pid=341729 tid=140650056472256] outbound_pdu callback link_id=2 tx_id=2822 len=167
[cspcla 19:04:53 pid=341729 tid=140650056472256] ✓ TX SUCCESS tx_id=2822 dst_csp=2:10 bytes=167 (all ACKs received)
[cspcla 19:04:53 pid=341729 tid=140650056472256] outbound_pdu callback link_id=2 tx_id=2823 len=167
[cspcla 19:04:53 pid=341729 tid=140650056472256] ✓ TX SUCCESS tx_id=2823 dst_csp=2:10 bytes=167 (all ACKs received)
[cspcla 19:04:53 pid=341729 tid=140650056472256] outbound_pdu callback link_id=2 tx_id=2824 len=167
[cspcla 19:04:53 pid=341729 tid=140650056472256] ✓ TX SUCCESS tx_id=2824 dst_csp=2:10 bytes=167 (all ACKs received)
[cspcla 19:04:53 pid=341729 tid=140650056472256] outbound_pdu callback link_id=2 tx_id=2825 len=167
[cspcla 19:04:53 pid=341729 tid=140650056472256] ✓ TX SUCCESS tx_id=2825 dst_csp=2:10 bytes=167 (all ACKs received)
[cspcla 19:04:53 pid=341729 tid=140650056472256] outbound_pdu callback link_id=2 tx_id=2826 len=167
[cspcla 19:04:53 pid=341729 tid=140650056472256] ✓ TX SUCCESS tx_id=2826 dst_csp=2:10 bytes=167 (all ACKs received)
[cspcla 19:04:53 pid=341729 tid=140650056472256] outbound_pdu callback link_id=2 tx_id=2827 len=167
[cspcla 19:04:53 pid=341729 tid=140650056472256] ✓ TX SUCCESS tx_id=2827 dst_csp=2:10 bytes=167 (all ACKs received)
[cspcla 19:04:53 pid=341729 tid=140650056472256] outbound_pdu callback link_id=2 tx_id=2828 len=167
[cspcla 19:04:54 pid=341729 tid=140650056472256] ✓ TX SUCCESS tx_id=2828 dst_csp=2:10 bytes=167 (all ACKs received)
[cspcla 19:04:54 pid=341729 tid=140650056472256] outbound_pdu callback link_id=2 tx_id=2829 len=167
[cspcla 19:04:54 pid=341729 tid=140650056472256] ✓ TX SUCCESS tx_id=2829 dst_csp=2:10 bytes=167 (all ACKs received)
[cspcla 19:04:54 pid=341729 tid=140650056472256] outbound_pdu callback link_id=2 tx_id=2830 len=167
[cspcla 19:04:54 pid=341729 tid=140650056472256] ✓ TX SUCCESS tx_id=2830 dst_csp=2:10 bytes=167 (all ACKs received)
[cspcla 19:04:55 pid=341729 tid=140650056472256] outbound_pdu callback link_id=2 tx_id=2831 len=167
[cspcla 19:04:55 pid=341729 tid=140650056472256] ✓ TX SUCCESS tx_id=2831 dst_csp=2:10 bytes=167 (all ACKs received)
[cspcla 19:04:55 pid=341729 tid=140650056472256] outbound_pdu callback link_id=2 tx_id=2832 len=167
[cspcla 19:04:55 pid=341729 tid=140650056472256] ✓ TX SUCCESS tx_id=2832 dst_csp=2:10 bytes=167 (all ACKs received)
[cspcla 19:04:55 pid=341729 tid=140650056472256] outbound_pdu callback link_id=2 tx_id=2833 len=167
[cspcla 19:04:55 pid=341729 tid=140650056472256] ✓ TX SUCCESS tx_id=2833 dst_csp=2:10 bytes=167 (all ACKs received)
[cspcla 19:04:55 pid=341729 tid=140650056472256] outbound_pdu callback link_id=2 tx_id=2834 len=167
[cspcla 19:04:55 pid=341729 tid=140650056472256] ✓ TX SUCCESS tx_id=2834 dst_csp=2:10 bytes=167 (all ACKs received)
[cspcla 19:04:55 pid=341729 tid=140650056472256] outbound_pdu callback link_id=2 tx_id=2835 len=167
[cspcla 19:04:55 pid=341729 tid=140650056472256] ✓ TX SUCCESS tx_id=2835 dst_csp=2:10 bytes=167 (all ACKs received)
[cspcla 19:04:55 pid=341729 tid=140650056472256] outbound_pdu callback link_id=2 tx_id=2836 len=167
[cspcla 19:04:55 pid=341729 tid=140650056472256] ✓ TX SUCCESS tx_id=2836 dst_csp=2:10 bytes=167 (all ACKs received)
[cspcla 19:04:55 pid=341729 tid=140650056472256] outbound_pdu callback link_id=2 tx_id=2837 len=167
[cspcla 19:04:55 pid=341729 tid=140650056472256] ✓ TX SUCCESS tx_id=2837 dst_csp=2:10 bytes=167 (all ACKs received)
[cspcla 19:04:55 pid=341729 tid=140650056472256] outbound_pdu callback link_id=2 tx_id=2838 len=167
[cspcla 19:04:55 pid=341729 tid=140650056472256] ✓ TX SUCCESS tx_id=2838 dst_csp=2:10 bytes=167 (all ACKs received)
[cspcla 19:04:55 pid=341729 tid=140650056472256] outbound_pdu callback link_id=2 tx_id=2839 len=167
[cspcla 19:04:55 pid=341729 tid=140650056472256] ✓ TX SUCCESS tx_id=2839 dst_csp=2:10 bytes=167 (all ACKs received)
[cspcla 19:04:55 pid=341729 tid=140650056472256] outbound_pdu callback link_id=2 tx_id=2840 len=167
[cspcla 19:04:55 pid=341729 tid=140650056472256] ✓ TX SUCCESS tx_id=2840 dst_csp=2:10 bytes=167 (all ACKs received)
[cspcla 19:04:57 pid=341729 tid=140650056472256] outbound_pdu callback link_id=2 tx_id=2841 len=167
[cspcla 19:04:57 pid=341729 tid=140650056472256] ✓ TX SUCCESS tx_id=2841 dst_csp=2:10 bytes=167 (all ACKs received)
[cspcla 19:04:57 pid=341729 tid=140650056472256] outbound_pdu callback link_id=2 tx_id=2842 len=167
[cspcla 19:04:57 pid=341729 tid=140650056472256] ✓ TX SUCCESS tx_id=2842 dst_csp=2:10 bytes=167 (all ACKs received)
[cspcla 19:04:57 pid=341729 tid=140650056472256] outbound_pdu callback link_id=2 tx_id=2843 len=167
[cspcla 19:04:57 pid=341729 tid=140650056472256] ✓ TX SUCCESS tx_id=2843 dst_csp=2:10 bytes=167 (all ACKs received)
[cspcla 19:04:57 pid=341729 tid=140650056472256] outbound_pdu callback link_id=2 tx_id=2844 len=167
[cspcla 19:04:57 pid=341729 tid=140650056472256] ✓ TX SUCCESS tx_id=2844 dst_csp=2:10 bytes=167 (all ACKs received)
[cspcla 19:04:57 pid=341729 tid=140650056472256] outbound_pdu callback link_id=2 tx_id=2845 len=167
[cspcla 19:04:57 pid=341729 tid=140650056472256] ✓ TX SUCCESS tx_id=2845 dst_csp=2:10 bytes=167 (all ACKs received)
[cspcla 19:04:57 pid=341729 tid=140650056472256] outbound_pdu callback link_id=2 tx_id=2846 len=167
[cspcla 19:04:57 pid=341729 tid=140650056472256] ✓ TX SUCCESS tx_id=2846 dst_csp=2:10 bytes=167 (all ACKs received)
[cspcla 19:04:57 pid=341729 tid=140650056472256] outbound_pdu callback link_id=2 tx_id=2847 len=167
[cspcla 19:04:57 pid=341729 tid=140650056472256] ✓ TX SUCCESS tx_id=2847 dst_csp=2:10 bytes=167 (all ACKs received)
[cspcla 19:04:57 pid=341729 tid=140650056472256] outbound_pdu callback link_id=2 tx_id=2848 len=167
[cspcla 19:04:57 pid=341729 tid=140650056472256] ✓ TX SUCCESS tx_id=2848 dst_csp=2:10 bytes=167 (all ACKs received)
[cspcla 19:04:57 pid=341729 tid=140650056472256] outbound_pdu callback link_id=2 tx_id=2849 len=167
[cspcla 19:04:57 pid=341729 tid=140650056472256] ✓ TX SUCCESS tx_id=2849 dst_csp=2:10 bytes=167 (all ACKs received)
[cspcla 19:04:57 pid=341729 tid=140650056472256] outbound_pdu callback link_id=2 tx_id=2850 len=167
[cspcla 19:04:57 pid=341729 tid=140650056472256] ✓ TX SUCCESS tx_id=2850 dst_csp=2:10 bytes=167 (all ACKs received)
[cspcla 19:04:58 pid=341729 tid=140650056472256] outbound_pdu callback link_id=2 tx_id=2851 len=167
[cspcla 19:04:58 pid=341729 tid=140650056472256] ✓ TX SUCCESS tx_id=2851 dst_csp=2:10 bytes=167 (all ACKs received)
[cspcla 19:04:58 pid=341729 tid=140650056472256] outbound_pdu callback link_id=2 tx_id=2852 len=167
[cspcla 19:04:58 pid=341729 tid=140650056472256] ✓ TX SUCCESS tx_id=2852 dst_csp=2:10 bytes=167 (all ACKs received)
[cspcla 19:04:58 pid=341729 tid=140650056472256] outbound_pdu callback link_id=2 tx_id=2853 len=167
[cspcla 19:04:58 pid=341729 tid=140650056472256] ✓ TX SUCCESS tx_id=2853 dst_csp=2:10 bytes=167 (all ACKs received)
[cspcla 19:04:58 pid=341729 tid=140650056472256] outbound_pdu callback link_id=2 tx_id=2854 len=167
[cspcla 19:04:58 pid=341729 tid=140650056472256] ✓ TX SUCCESS tx_id=2854 dst_csp=2:10 bytes=167 (all ACKs received)
[cspcla 19:04:58 pid=341729 tid=140650056472256] outbound_pdu callback link_id=2 tx_id=2855 len=167
[cspcla 19:04:58 pid=341729 tid=140650056472256] ✓ TX SUCCESS tx_id=2855 dst_csp=2:10 bytes=167 (all ACKs received)
[cspcla 19:04:58 pid=341729 tid=140650056472256] outbound_pdu callback link_id=2 tx_id=2856 len=167
[cspcla 19:04:58 pid=341729 tid=140650056472256] ✓ TX SUCCESS tx_id=2856 dst_csp=2:10 bytes=167 (all ACKs received)
[cspcla 19:04:58 pid=341729 tid=140650056472256] outbound_pdu callback link_id=2 tx_id=2857 len=167
[cspcla 19:04:58 pid=341729 tid=140650056472256] ✓ TX SUCCESS tx_id=2857 dst_csp=2:10 bytes=167 (all ACKs received)
[cspcla 19:04:58 pid=341729 tid=140650056472256] outbound_pdu callback link_id=2 tx_id=2858 len=167
[cspcla 19:04:58 pid=341729 tid=140650056472256] ✓ TX SUCCESS tx_id=2858 dst_csp=2:10 bytes=167 (all ACKs received)
[cspcla 19:04:58 pid=341729 tid=140650056472256] outbound_pdu callback link_id=2 tx_id=2859 len=167
[cspcla 19:04:58 pid=341729 tid=140650056472256] ✓ TX SUCCESS tx_id=2859 dst_csp=2:10 bytes=167 (all ACKs received)
[cspcla 19:04:58 pid=341729 tid=140650056472256] outbound_pdu callback link_id=2 tx_id=2860 len=167
[cspcla 19:04:59 pid=341729 tid=140650056472256] ✓ TX SUCCESS tx_id=2860 dst_csp=2:10 bytes=167 (all ACKs received)
[cspcla 19:04:59 pid=341729 tid=140650056472256] outbound_pdu callback link_id=2 tx_id=2861 len=167
[cspcla 19:04:59 pid=341729 tid=140650056472256] ✓ TX SUCCESS tx_id=2861 dst_csp=2:10 bytes=167 (all ACKs received)
[cspcla 19:04:59 pid=341729 tid=140650056472256] outbound_pdu callback link_id=2 tx_id=2862 len=167
[cspcla 19:04:59 pid=341729 tid=140650056472256] ✓ TX SUCCESS tx_id=2862 dst_csp=2:10 bytes=167 (all ACKs received)
[cspcla 19:04:59 pid=341729 tid=140650056472256] outbound_pdu callback link_id=2 tx_id=2863 len=167
[cspcla 19:04:59 pid=341729 tid=140650056472256] ✓ TX SUCCESS tx_id=2863 dst_csp=2:10 bytes=167 (all ACKs received)
[cspcla 19:04:59 pid=341729 tid=140650056472256] outbound_pdu callback link_id=2 tx_id=2864 len=167
[cspcla 19:04:59 pid=341729 tid=140650056472256] ✓ TX SUCCESS tx_id=2864 dst_csp=2:10 bytes=167 (all ACKs received)
[cspcla 19:04:59 pid=341729 tid=140650056472256] outbound_pdu callback link_id=2 tx_id=2865 len=167
[cspcla 19:04:59 pid=341729 tid=140650056472256] ✓ TX SUCCESS tx_id=2865 dst_csp=2:10 bytes=167 (all ACKs received)
[cspcla 19:04:59 pid=341729 tid=140650056472256] outbound_pdu callback link_id=2 tx_id=2866 len=167
[cspcla 19:04:59 pid=341729 tid=140650056472256] ✓ TX SUCCESS tx_id=2866 dst_csp=2:10 bytes=167 (all ACKs received)
[cspcla 19:04:59 pid=341729 tid=140650056472256] outbound_pdu callback link_id=2 tx_id=2867 len=167
[cspcla 19:04:59 pid=341729 tid=140650056472256] ✓ TX SUCCESS tx_id=2867 dst_csp=2:10 bytes=167 (all ACKs received)
[cspcla 19:04:59 pid=341729 tid=140650056472256] outbound_pdu callback link_id=2 tx_id=2868 len=167
[cspcla 19:05:00 pid=341729 tid=140650056472256] ✓ TX SUCCESS tx_id=2868 dst_csp=2:10 bytes=167 (all ACKs received)
[cspcla 19:05:00 pid=341729 tid=140650056472256] outbound_pdu callback link_id=2 tx_id=2869 len=167
[cspcla 19:05:00 pid=341729 tid=140650056472256] ✓ TX SUCCESS tx_id=2869 dst_csp=2:10 bytes=167 (all ACKs received)
[cspcla 19:05:00 pid=341729 tid=140650056472256] outbound_pdu callback link_id=2 tx_id=2870 len=167
[cspcla 19:05:00 pid=341729 tid=140650056472256] ✓ TX SUCCESS tx_id=2870 dst_csp=2:10 bytes=167 (all ACKs received)
[cspcla 19:05:01 pid=341729 tid=140650056472256] outbound_pdu callback link_id=2 tx_id=2871 len=167
[cspcla 19:05:01 pid=341729 tid=140650056472256] ✓ TX SUCCESS tx_id=2871 dst_csp=2:10 bytes=167 (all ACKs received)
[cspcla 19:05:01 pid=341729 tid=140650056472256] outbound_pdu callback link_id=2 tx_id=2872 len=167
[cspcla 19:05:01 pid=341729 tid=140650056472256] ✓ TX SUCCESS tx_id=2872 dst_csp=2:10 bytes=167 (all ACKs received)
[cspcla 19:05:01 pid=341729 tid=140650056472256] outbound_pdu callback link_id=2 tx_id=2873 len=167
[cspcla 19:05:01 pid=341729 tid=140650056472256] ✓ TX SUCCESS tx_id=2873 dst_csp=2:10 bytes=167 (all ACKs received)
[cspcla 19:05:01 pid=341729 tid=140650056472256] outbound_pdu callback link_id=2 tx_id=2874 len=167
[cspcla 19:05:01 pid=341729 tid=140650056472256] ✓ TX SUCCESS tx_id=2874 dst_csp=2:10 bytes=167 (all ACKs received)
[cspcla 19:05:01 pid=341729 tid=140650056472256] outbound_pdu callback link_id=2 tx_id=2875 len=167
[cspcla 19:05:01 pid=341729 tid=140650056472256] ✓ TX SUCCESS tx_id=2875 dst_csp=2:10 bytes=167 (all ACKs received)
[cspcla 19:05:01 pid=341729 tid=140650056472256] outbound_pdu callback link_id=2 tx_id=2876 len=167
[cspcla 19:05:01 pid=341729 tid=140650056472256] ✓ TX SUCCESS tx_id=2876 dst_csp=2:10 bytes=167 (all ACKs received)
[cspcla 19:05:01 pid=341729 tid=140650056472256] outbound_pdu callback link_id=2 tx_id=2877 len=167
[cspcla 19:05:01 pid=341729 tid=140650056472256] ✓ TX SUCCESS tx_id=2877 dst_csp=2:10 bytes=167 (all ACKs received)
[cspcla 19:05:01 pid=341729 tid=140650056472256] outbound_pdu callback link_id=2 tx_id=2878 len=167
[cspcla 19:05:01 pid=341729 tid=140650056472256] ✓ TX SUCCESS tx_id=2878 dst_csp=2:10 bytes=167 (all ACKs received)
[cspcla 19:05:01 pid=341729 tid=140650056472256] outbound_pdu callback link_id=2 tx_id=2879 len=167
[cspcla 19:05:02 pid=341729 tid=140650056472256] ✓ TX SUCCESS tx_id=2879 dst_csp=2:10 bytes=167 (all ACKs received)
[cspcla 19:05:02 pid=341729 tid=140650056472256] outbound_pdu callback link_id=2 tx_id=2880 len=167
[cspcla 19:05:02 pid=341729 tid=140650056472256] ✓ TX SUCCESS tx_id=2880 dst_csp=2:10 bytes=167 (all ACKs received)
[cspcla 19:05:02 pid=341729 tid=140650056472256] outbound_pdu callback link_id=2 tx_id=2881 len=167
[cspcla 19:05:02 pid=341729 tid=140650056472256] ✓ TX SUCCESS tx_id=2881 dst_csp=2:10 bytes=167 (all ACKs received)
[cspcla 19:05:02 pid=341729 tid=140650056472256] outbound_pdu callback link_id=2 tx_id=2882 len=167
[cspcla 19:05:02 pid=341729 tid=140650056472256] ✓ TX SUCCESS tx_id=2882 dst_csp=2:10 bytes=167 (all ACKs received)
[cspcla 19:05:02 pid=341729 tid=140650056472256] outbound_pdu callback link_id=2 tx_id=2883 len=167
[cspcla 19:05:02 pid=341729 tid=140650056472256] ✓ TX SUCCESS tx_id=2883 dst_csp=2:10 bytes=167 (all ACKs received)
[cspcla 19:05:03 pid=341729 tid=140650056472256] outbound_pdu callback link_id=2 tx_id=2884 len=167
[cspcla 19:05:03 pid=341729 tid=140650056472256] ✓ TX SUCCESS tx_id=2884 dst_csp=2:10 bytes=167 (all ACKs received)
[cspcla 19:05:03 pid=341729 tid=140650056472256] outbound_pdu callback link_id=2 tx_id=2885 len=167
[cspcla 19:05:03 pid=341729 tid=140650056472256] ✓ TX SUCCESS tx_id=2885 dst_csp=2:10 bytes=167 (all ACKs received)
[cspcla 19:05:03 pid=341729 tid=140650056472256] outbound_pdu callback link_id=2 tx_id=2886 len=167
[cspcla 19:05:03 pid=341729 tid=140650056472256] ✓ TX SUCCESS tx_id=2886 dst_csp=2:10 bytes=167 (all ACKs received)
[cspcla 19:05:03 pid=341729 tid=140650056472256] outbound_pdu callback link_id=2 tx_id=2887 len=167
[cspcla 19:05:03 pid=341729 tid=140650056472256] ✓ TX SUCCESS tx_id=2887 dst_csp=2:10 bytes=167 (all ACKs received)
[cspcla 19:05:03 pid=341729 tid=140650056472256] outbound_pdu callback link_id=2 tx_id=2888 len=167
[cspcla 19:05:03 pid=341729 tid=140650056472256] ✓ TX SUCCESS tx_id=2888 dst_csp=2:10 bytes=167 (all ACKs received)
[cspcla 19:05:03 pid=341729 tid=140650056472256] outbound_pdu callback link_id=2 tx_id=2889 len=167
[cspcla 19:05:03 pid=341729 tid=140650056472256] ✓ TX SUCCESS tx_id=2889 dst_csp=2:10 bytes=167 (all ACKs received)
[cspcla 19:05:03 pid=341729 tid=140650056472256] outbound_pdu callback link_id=2 tx_id=2890 len=167
[cspcla 19:05:03 pid=341729 tid=140650056472256] ✓ TX SUCCESS tx_id=2890 dst_csp=2:10 bytes=167 (all ACKs received)
[cspcla 19:05:04 pid=341729 tid=140650056472256] outbound_pdu callback link_id=2 tx_id=2891 len=167
[cspcla 19:05:04 pid=341729 tid=140650056472256] ✓ TX SUCCESS tx_id=2891 dst_csp=2:10 bytes=167 (all ACKs received)
[cspcla 19:05:04 pid=341729 tid=140650056472256] outbound_pdu callback link_id=2 tx_id=2892 len=167
[cspcla 19:05:04 pid=341729 tid=140650056472256] ✓ TX SUCCESS tx_id=2892 dst_csp=2:10 bytes=167 (all ACKs received)
[cspcla 19:05:04 pid=341729 tid=140650056472256] outbound_pdu callback link_id=2 tx_id=2893 len=167
[cspcla 19:05:04 pid=341729 tid=140650056472256] ✓ TX SUCCESS tx_id=2893 dst_csp=2:10 bytes=167 (all ACKs received)
[cspcla 19:05:04 pid=341729 tid=140650056472256] outbound_pdu callback link_id=2 tx_id=2894 len=167
[cspcla 19:05:04 pid=341729 tid=140650056472256] ✓ TX SUCCESS tx_id=2894 dst_csp=2:10 bytes=167 (all ACKs received)
[cspcla 19:05:04 pid=341729 tid=140650056472256] outbound_pdu callback link_id=2 tx_id=2895 len=167
[cspcla 19:05:04 pid=341729 tid=140650056472256] ✓ TX SUCCESS tx_id=2895 dst_csp=2:10 bytes=167 (all ACKs received)
[cspcla 19:05:04 pid=341729 tid=140650056472256] outbound_pdu callback link_id=2 tx_id=2896 len=167
[cspcla 19:05:04 pid=341729 tid=140650056472256] ✓ TX SUCCESS tx_id=2896 dst_csp=2:10 bytes=167 (all ACKs received)
[cspcla 19:05:04 pid=341729 tid=140650056472256] outbound_pdu callback link_id=2 tx_id=2897 len=167
[cspcla 19:05:04 pid=341729 tid=140650056472256] ✓ TX SUCCESS tx_id=2897 dst_csp=2:10 bytes=167 (all ACKs received)
[cspcla 19:05:04 pid=341729 tid=140650056472256] outbound_pdu callback link_id=2 tx_id=2898 len=167
[cspcla 19:05:04 pid=341729 tid=140650056472256] ✓ TX SUCCESS tx_id=2898 dst_csp=2:10 bytes=167 (all ACKs received)
[cspcla 19:05:04 pid=341729 tid=140650056472256] outbound_pdu callback link_id=2 tx_id=2899 len=167
[cspcla 19:05:05 pid=341729 tid=140650056472256] ✓ TX SUCCESS tx_id=2899 dst_csp=2:10 bytes=167 (all ACKs received)
[cspcla 19:05:05 pid=341729 tid=140650056472256] outbound_pdu callback link_id=2 tx_id=2900 len=167
[cspcla 19:05:05 pid=341729 tid=140650056472256] ✓ TX SUCCESS tx_id=2900 dst_csp=2:10 bytes=167 (all ACKs received)
[cspcla 19:05:06 pid=341729 tid=140650056472256] outbound_pdu callback link_id=2 tx_id=2901 len=167
[cspcla 19:05:06 pid=341729 tid=140650056472256] ✓ TX SUCCESS tx_id=2901 dst_csp=2:10 bytes=167 (all ACKs received)
[cspcla 19:05:06 pid=341729 tid=140650056472256] outbound_pdu callback link_id=2 tx_id=2902 len=167
[cspcla 19:05:06 pid=341729 tid=140650056472256] ✓ TX SUCCESS tx_id=2902 dst_csp=2:10 bytes=167 (all ACKs received)
[cspcla 19:05:06 pid=341729 tid=140650056472256] outbound_pdu callback link_id=2 tx_id=2903 len=167
[cspcla 19:05:06 pid=341729 tid=140650056472256] ✓ TX SUCCESS tx_id=2903 dst_csp=2:10 bytes=167 (all ACKs received)
[cspcla 19:05:06 pid=341729 tid=140650056472256] outbound_pdu callback link_id=2 tx_id=2904 len=167
[cspcla 19:05:06 pid=341729 tid=140650056472256] ✓ TX SUCCESS tx_id=2904 dst_csp=2:10 bytes=167 (all ACKs received)
[cspcla 19:05:06 pid=341729 tid=140650056472256] outbound_pdu callback link_id=2 tx_id=2905 len=167
[cspcla 19:05:06 pid=341729 tid=140650056472256] ✓ TX SUCCESS tx_id=2905 dst_csp=2:10 bytes=167 (all ACKs received)
[cspcla 19:05:06 pid=341729 tid=140650056472256] outbound_pdu callback link_id=2 tx_id=2906 len=167
[cspcla 19:05:06 pid=341729 tid=140650056472256] ✓ TX SUCCESS tx_id=2906 dst_csp=2:10 bytes=167 (all ACKs received)
[cspcla 19:05:06 pid=341729 tid=140650056472256] outbound_pdu callback link_id=2 tx_id=2907 len=167
[cspcla 19:05:06 pid=341729 tid=140650056472256] ✓ TX SUCCESS tx_id=2907 dst_csp=2:10 bytes=167 (all ACKs received)
[cspcla 19:05:06 pid=341729 tid=140650056472256] outbound_pdu callback link_id=2 tx_id=2908 len=167
[cspcla 19:05:06 pid=341729 tid=140650056472256] ✓ TX SUCCESS tx_id=2908 dst_csp=2:10 bytes=167 (all ACKs received)
[cspcla 19:05:06 pid=341729 tid=140650056472256] outbound_pdu callback link_id=2 tx_id=2909 len=167
[cspcla 19:05:06 pid=341729 tid=140650056472256] ✓ TX SUCCESS tx_id=2909 dst_csp=2:10 bytes=167 (all ACKs received)
[cspcla 19:05:06 pid=341729 tid=140650056472256] outbound_pdu callback link_id=2 tx_id=2910 len=167
[cspcla 19:05:06 pid=341729 tid=140650056472256] ✓ TX SUCCESS tx_id=2910 dst_csp=2:10 bytes=167 (all ACKs received)
[cspcla 19:05:07 pid=341729 tid=140650056472256] outbound_pdu callback link_id=2 tx_id=2911 len=167
[cspcla 19:05:07 pid=341729 tid=140650056472256] ✓ TX SUCCESS tx_id=2911 dst_csp=2:10 bytes=167 (all ACKs received)
[cspcla 19:05:07 pid=341729 tid=140650056472256] outbound_pdu callback link_id=2 tx_id=2912 len=167
[cspcla 19:05:07 pid=341729 tid=140650056472256] ✓ TX SUCCESS tx_id=2912 dst_csp=2:10 bytes=167 (all ACKs received)
[cspcla 19:05:07 pid=341729 tid=140650056472256] outbound_pdu callback link_id=2 tx_id=2913 len=167
[cspcla 19:05:07 pid=341729 tid=140650056472256] ✓ TX SUCCESS tx_id=2913 dst_csp=2:10 bytes=167 (all ACKs received)
[cspcla 19:05:07 pid=341729 tid=140650056472256] outbound_pdu callback link_id=2 tx_id=2914 len=167
[cspcla 19:05:07 pid=341729 tid=140650056472256] ✓ TX SUCCESS tx_id=2914 dst_csp=2:10 bytes=167 (all ACKs received)
[cspcla 19:05:07 pid=341729 tid=140650056472256] outbound_pdu callback link_id=2 tx_id=2915 len=167
[cspcla 19:05:07 pid=341729 tid=140650056472256] ✓ TX SUCCESS tx_id=2915 dst_csp=2:10 bytes=167 (all ACKs received)
[cspcla 19:05:07 pid=341729 tid=140650056472256] outbound_pdu callback link_id=2 tx_id=2916 len=167
[cspcla 19:05:07 pid=341729 tid=140650056472256] ✓ TX SUCCESS tx_id=2916 dst_csp=2:10 bytes=167 (all ACKs received)
[cspcla 19:05:07 pid=341729 tid=140650056472256] outbound_pdu callback link_id=2 tx_id=2917 len=167
[cspcla 19:05:07 pid=341729 tid=140650056472256] ✓ TX SUCCESS tx_id=2917 dst_csp=2:10 bytes=167 (all ACKs received)
[cspcla 19:05:07 pid=341729 tid=140650056472256] outbound_pdu callback link_id=2 tx_id=2918 len=167
[cspcla 19:05:07 pid=341729 tid=140650056472256] ✓ TX SUCCESS tx_id=2918 dst_csp=2:10 bytes=167 (all ACKs received)
[cspcla 19:05:07 pid=341729 tid=140650056472256] outbound_pdu callback link_id=2 tx_id=2919 len=167
[cspcla 19:05:08 pid=341729 tid=140650056472256] ✓ TX SUCCESS tx_id=2919 dst_csp=2:10 bytes=167 (all ACKs received)
[cspcla 19:05:08 pid=341729 tid=140650056472256] outbound_pdu callback link_id=2 tx_id=2920 len=167
[cspcla 19:05:08 pid=341729 tid=140650056472256] ✓ TX SUCCESS tx_id=2920 dst_csp=2:10 bytes=167 (all ACKs received)
[cspcla 19:05:09 pid=341729 tid=140650056472256] outbound_pdu callback link_id=2 tx_id=2921 len=167
[cspcla 19:05:09 pid=341729 tid=140650056472256] ✓ TX SUCCESS tx_id=2921 dst_csp=2:10 bytes=167 (all ACKs received)
[cspcla 19:05:09 pid=341729 tid=140650056472256] outbound_pdu callback link_id=2 tx_id=2922 len=167
[cspcla 19:05:09 pid=341729 tid=140650056472256] ✓ TX SUCCESS tx_id=2922 dst_csp=2:10 bytes=167 (all ACKs received)
[cspcla 19:05:09 pid=341729 tid=140650056472256] outbound_pdu callback link_id=2 tx_id=2923 len=167
[cspcla 19:05:09 pid=341729 tid=140650056472256] ✓ TX SUCCESS tx_id=2923 dst_csp=2:10 bytes=167 (all ACKs received)
[cspcla 19:05:09 pid=341729 tid=140650056472256] outbound_pdu callback link_id=2 tx_id=2924 len=167
[cspcla 19:05:09 pid=341729 tid=140650056472256] ✓ TX SUCCESS tx_id=2924 dst_csp=2:10 bytes=167 (all ACKs received)
[cspcla 19:05:09 pid=341729 tid=140650056472256] outbound_pdu callback link_id=2 tx_id=2925 len=167
[cspcla 19:05:09 pid=341729 tid=140650056472256] ✓ TX SUCCESS tx_id=2925 dst_csp=2:10 bytes=167 (all ACKs received)
[cspcla 19:05:09 pid=341729 tid=140650056472256] outbound_pdu callback link_id=2 tx_id=2926 len=167
[cspcla 19:05:09 pid=341729 tid=140650056472256] ✓ TX SUCCESS tx_id=2926 dst_csp=2:10 bytes=167 (all ACKs received)
[cspcla 19:05:09 pid=341729 tid=140650056472256] outbound_pdu callback link_id=2 tx_id=2927 len=167
[cspcla 19:05:09 pid=341729 tid=140650056472256] ✓ TX SUCCESS tx_id=2927 dst_csp=2:10 bytes=167 (all ACKs received)
[cspcla 19:05:09 pid=341729 tid=140650056472256] outbound_pdu callback link_id=2 tx_id=2928 len=167
[cspcla 19:05:09 pid=341729 tid=140650056472256] ✓ TX SUCCESS tx_id=2928 dst_csp=2:10 bytes=167 (all ACKs received)
[cspcla 19:05:09 pid=341729 tid=140650056472256] outbound_pdu callback link_id=2 tx_id=2929 len=167
[cspcla 19:05:09 pid=341729 tid=140650056472256] ✓ TX SUCCESS tx_id=2929 dst_csp=2:10 bytes=167 (all ACKs received)
[cspcla 19:05:09 pid=341729 tid=140650056472256] outbound_pdu callback link_id=2 tx_id=2930 len=167
[cspcla 19:05:09 pid=341729 tid=140650056472256] ✓ TX SUCCESS tx_id=2930 dst_csp=2:10 bytes=167 (all ACKs received)
[cspcla 19:05:10 pid=341729 tid=140650056472256] outbound_pdu callback link_id=2 tx_id=2931 len=167
[cspcla 19:05:10 pid=341729 tid=140650056472256] ✓ TX SUCCESS tx_id=2931 dst_csp=2:10 bytes=167 (all ACKs received)
[cspcla 19:05:10 pid=341729 tid=140650056472256] outbound_pdu callback link_id=2 tx_id=2932 len=167
[cspcla 19:05:10 pid=341729 tid=140650056472256] ✓ TX SUCCESS tx_id=2932 dst_csp=2:10 bytes=167 (all ACKs received)
[cspcla 19:05:10 pid=341729 tid=140650056472256] outbound_pdu callback link_id=2 tx_id=2933 len=167
[cspcla 19:05:10 pid=341729 tid=140650056472256] ✓ TX SUCCESS tx_id=2933 dst_csp=2:10 bytes=167 (all ACKs received)
[cspcla 19:05:10 pid=341729 tid=140650056472256] outbound_pdu callback link_id=2 tx_id=2934 len=167
[cspcla 19:05:10 pid=341729 tid=140650056472256] ✓ TX SUCCESS tx_id=2934 dst_csp=2:10 bytes=167 (all ACKs received)
[cspcla 19:05:10 pid=341729 tid=140650056472256] outbound_pdu callback link_id=2 tx_id=2935 len=167
[cspcla 19:05:11 pid=341729 tid=140650056472256] ✓ TX SUCCESS tx_id=2935 dst_csp=2:10 bytes=167 (all ACKs received)
[cspcla 19:05:11 pid=341729 tid=140650056472256] outbound_pdu callback link_id=2 tx_id=2936 len=167
[cspcla 19:05:11 pid=341729 tid=140650056472256] ✓ TX SUCCESS tx_id=2936 dst_csp=2:10 bytes=167 (all ACKs received)
[cspcla 19:05:11 pid=341729 tid=140650056472256] outbound_pdu callback link_id=2 tx_id=2937 len=167
[cspcla 19:05:11 pid=341729 tid=140650056472256] ✓ TX SUCCESS tx_id=2937 dst_csp=2:10 bytes=167 (all ACKs received)
[cspcla 19:05:11 pid=341729 tid=140650056472256] outbound_pdu callback link_id=2 tx_id=2938 len=167
[cspcla 19:05:11 pid=341729 tid=140650056472256] ✓ TX SUCCESS tx_id=2938 dst_csp=2:10 bytes=167 (all ACKs received)
[cspcla 19:05:11 pid=341729 tid=140650056472256] outbound_pdu callback link_id=2 tx_id=2939 len=167
[cspcla 19:05:11 pid=341729 tid=140650056472256] ✓ TX SUCCESS tx_id=2939 dst_csp=2:10 bytes=167 (all ACKs received)
[cspcla 19:05:11 pid=341729 tid=140650056472256] outbound_pdu callback link_id=2 tx_id=2940 len=167
[cspcla 19:05:11 pid=341729 tid=140650056472256] ✓ TX SUCCESS tx_id=2940 dst_csp=2:10 bytes=167 (all ACKs received)
[cspcla 19:05:12 pid=341729 tid=140650056472256] outbound_pdu callback link_id=2 tx_id=2941 len=167
[cspcla 19:05:12 pid=341729 tid=140650056472256] ✓ TX SUCCESS tx_id=2941 dst_csp=2:10 bytes=167 (all ACKs received)
[cspcla 19:05:12 pid=341729 tid=140650056472256] outbound_pdu callback link_id=2 tx_id=2942 len=167
[cspcla 19:05:12 pid=341729 tid=140650056472256] ✓ TX SUCCESS tx_id=2942 dst_csp=2:10 bytes=167 (all ACKs received)
[cspcla 19:05:12 pid=341729 tid=140650056472256] outbound_pdu callback link_id=2 tx_id=2943 len=167
[cspcla 19:05:12 pid=341729 tid=140650056472256] ✓ TX SUCCESS tx_id=2943 dst_csp=2:10 bytes=167 (all ACKs received)
[cspcla 19:05:12 pid=341729 tid=140650056472256] outbound_pdu callback link_id=2 tx_id=2944 len=167
[cspcla 19:05:12 pid=341729 tid=140650056472256] ✓ TX SUCCESS tx_id=2944 dst_csp=2:10 bytes=167 (all ACKs received)
[cspcla 19:05:12 pid=341729 tid=140650056472256] outbound_pdu callback link_id=2 tx_id=2945 len=167
[cspcla 19:05:12 pid=341729 tid=140650056472256] ✓ TX SUCCESS tx_id=2945 dst_csp=2:10 bytes=167 (all ACKs received)
[cspcla 19:05:12 pid=341729 tid=140650056472256] outbound_pdu callback link_id=2 tx_id=2946 len=167
[cspcla 19:05:12 pid=341729 tid=140650056472256] ✓ TX SUCCESS tx_id=2946 dst_csp=2:10 bytes=167 (all ACKs received)
[cspcla 19:05:12 pid=341729 tid=140650056472256] outbound_pdu callback link_id=2 tx_id=2947 len=167
[cspcla 19:05:12 pid=341729 tid=140650056472256] ✓ TX SUCCESS tx_id=2947 dst_csp=2:10 bytes=167 (all ACKs received)
[cspcla 19:05:12 pid=341729 tid=140650056472256] outbound_pdu callback link_id=2 tx_id=2948 len=167
[cspcla 19:05:12 pid=341729 tid=140650056472256] ✓ TX SUCCESS tx_id=2948 dst_csp=2:10 bytes=167 (all ACKs received)
[cspcla 19:05:12 pid=341729 tid=140650056472256] outbound_pdu callback link_id=2 tx_id=2949 len=167
[cspcla 19:05:12 pid=341729 tid=140650056472256] ✓ TX SUCCESS tx_id=2949 dst_csp=2:10 bytes=167 (all ACKs received)
[cspcla 19:05:12 pid=341729 tid=140650056472256] outbound_pdu callback link_id=2 tx_id=2950 len=167
[cspcla 19:05:12 pid=341729 tid=140650056472256] ✓ TX SUCCESS tx_id=2950 dst_csp=2:10 bytes=167 (all ACKs received)
[cspcla 19:05:13 pid=341729 tid=140650056472256] outbound_pdu callback link_id=2 tx_id=2951 len=167
[cspcla 19:05:13 pid=341729 tid=140650056472256] ✓ TX SUCCESS tx_id=2951 dst_csp=2:10 bytes=167 (all ACKs received)
[cspcla 19:05:13 pid=341729 tid=140650056472256] outbound_pdu callback link_id=2 tx_id=2952 len=167
[cspcla 19:05:13 pid=341729 tid=140650056472256] ✓ TX SUCCESS tx_id=2952 dst_csp=2:10 bytes=167 (all ACKs received)
[cspcla 19:05:13 pid=341729 tid=140650056472256] outbound_pdu callback link_id=2 tx_id=2953 len=167
[cspcla 19:05:13 pid=341729 tid=140650056472256] ✓ TX SUCCESS tx_id=2953 dst_csp=2:10 bytes=167 (all ACKs received)
[cspcla 19:05:13 pid=341729 tid=140650056472256] outbound_pdu callback link_id=2 tx_id=2954 len=167
[cspcla 19:05:13 pid=341729 tid=140650056472256] ✓ TX SUCCESS tx_id=2954 dst_csp=2:10 bytes=167 (all ACKs received)
[cspcla 19:05:13 pid=341729 tid=140650056472256] outbound_pdu callback link_id=2 tx_id=2955 len=167
[cspcla 19:05:13 pid=341729 tid=140650056472256] ✓ TX SUCCESS tx_id=2955 dst_csp=2:10 bytes=167 (all ACKs received)
[cspcla 19:05:13 pid=341729 tid=140650056472256] outbound_pdu callback link_id=2 tx_id=2956 len=167
[cspcla 19:05:13 pid=341729 tid=140650056472256] ✓ TX SUCCESS tx_id=2956 dst_csp=2:10 bytes=167 (all ACKs received)
[cspcla 19:05:13 pid=341729 tid=140650056472256] outbound_pdu callback link_id=2 tx_id=2957 len=167
[cspcla 19:05:14 pid=341729 tid=140650056472256] ✓ TX SUCCESS tx_id=2957 dst_csp=2:10 bytes=167 (all ACKs received)
[cspcla 19:05:14 pid=341729 tid=140650056472256] outbound_pdu callback link_id=2 tx_id=2958 len=167
[cspcla 19:05:14 pid=341729 tid=140650056472256] ✓ TX SUCCESS tx_id=2958 dst_csp=2:10 bytes=167 (all ACKs received)
[cspcla 19:05:14 pid=341729 tid=140650056472256] outbound_pdu callback link_id=2 tx_id=2959 len=167
[cspcla 19:05:14 pid=341729 tid=140650056472256] ✓ TX SUCCESS tx_id=2959 dst_csp=2:10 bytes=167 (all ACKs received)
[cspcla 19:05:14 pid=341729 tid=140650056472256] outbound_pdu callback link_id=2 tx_id=2960 len=167
[cspcla 19:05:14 pid=341729 tid=140650056472256] ✓ TX SUCCESS tx_id=2960 dst_csp=2:10 bytes=167 (all ACKs received)
[cspcla 19:05:15 pid=341729 tid=140650056472256] outbound_pdu callback link_id=2 tx_id=2961 len=167
[cspcla 19:05:15 pid=341729 tid=140650056472256] ✓ TX SUCCESS tx_id=2961 dst_csp=2:10 bytes=167 (all ACKs received)
[cspcla 19:05:15 pid=341729 tid=140650056472256] outbound_pdu callback link_id=2 tx_id=2962 len=167
[cspcla 19:05:15 pid=341729 tid=140650056472256] ✓ TX SUCCESS tx_id=2962 dst_csp=2:10 bytes=167 (all ACKs received)
[cspcla 19:05:15 pid=341729 tid=140650056472256] outbound_pdu callback link_id=2 tx_id=2963 len=167
[cspcla 19:05:15 pid=341729 tid=140650056472256] ✓ TX SUCCESS tx_id=2963 dst_csp=2:10 bytes=167 (all ACKs received)
[cspcla 19:05:15 pid=341729 tid=140650056472256] outbound_pdu callback link_id=2 tx_id=2964 len=167
[cspcla 19:05:15 pid=341729 tid=140650056472256] ✓ TX SUCCESS tx_id=2964 dst_csp=2:10 bytes=167 (all ACKs received)
[cspcla 19:05:15 pid=341729 tid=140650056472256] outbound_pdu callback link_id=2 tx_id=2965 len=167
[cspcla 19:05:15 pid=341729 tid=140650056472256] ✓ TX SUCCESS tx_id=2965 dst_csp=2:10 bytes=167 (all ACKs received)
[cspcla 19:05:15 pid=341729 tid=140650056472256] outbound_pdu callback link_id=2 tx_id=2966 len=167
[cspcla 19:05:15 pid=341729 tid=140650056472256] ✓ TX SUCCESS tx_id=2966 dst_csp=2:10 bytes=167 (all ACKs received)
[cspcla 19:05:15 pid=341729 tid=140650056472256] outbound_pdu callback link_id=2 tx_id=2967 len=167
[cspcla 19:05:15 pid=341729 tid=140650056472256] ✓ TX SUCCESS tx_id=2967 dst_csp=2:10 bytes=167 (all ACKs received)
[cspcla 19:05:15 pid=341729 tid=140650056472256] outbound_pdu callback link_id=2 tx_id=2968 len=167
[cspcla 19:05:15 pid=341729 tid=140650056472256] ✓ TX SUCCESS tx_id=2968 dst_csp=2:10 bytes=167 (all ACKs received)
[cspcla 19:05:15 pid=341729 tid=140650056472256] outbound_pdu callback link_id=2 tx_id=2969 len=167
[cspcla 19:05:15 pid=341729 tid=140650056472256] ✓ TX SUCCESS tx_id=2969 dst_csp=2:10 bytes=167 (all ACKs received)
[cspcla 19:05:15 pid=341729 tid=140650056472256] outbound_pdu callback link_id=2 tx_id=2970 len=167
[cspcla 19:05:16 pid=341729 tid=140650056472256] ✓ TX SUCCESS tx_id=2970 dst_csp=2:10 bytes=167 (all ACKs received)
[cspcla 19:05:16 pid=341729 tid=140650056472256] outbound_pdu callback link_id=2 tx_id=2971 len=167
[cspcla 19:05:16 pid=341729 tid=140650056472256] ✓ TX SUCCESS tx_id=2971 dst_csp=2:10 bytes=167 (all ACKs received)
[cspcla 19:05:16 pid=341729 tid=140650056472256] outbound_pdu callback link_id=2 tx_id=2972 len=167
[cspcla 19:05:16 pid=341729 tid=140650056472256] ✓ TX SUCCESS tx_id=2972 dst_csp=2:10 bytes=167 (all ACKs received)
[cspcla 19:05:16 pid=341729 tid=140650056472256] outbound_pdu callback link_id=2 tx_id=2973 len=167
[cspcla 19:05:16 pid=341729 tid=140650056472256] ✓ TX SUCCESS tx_id=2973 dst_csp=2:10 bytes=167 (all ACKs received)
[cspcla 19:05:16 pid=341729 tid=140650056472256] outbound_pdu callback link_id=2 tx_id=2974 len=167
[cspcla 19:05:16 pid=341729 tid=140650056472256] ✓ TX SUCCESS tx_id=2974 dst_csp=2:10 bytes=167 (all ACKs received)
[cspcla 19:05:16 pid=341729 tid=140650056472256] outbound_pdu callback link_id=2 tx_id=2975 len=167
[cspcla 19:05:16 pid=341729 tid=140650056472256] ✓ TX SUCCESS tx_id=2975 dst_csp=2:10 bytes=167 (all ACKs received)
[cspcla 19:05:16 pid=341729 tid=140650056472256] outbound_pdu callback link_id=2 tx_id=2976 len=167
[cspcla 19:05:17 pid=341729 tid=140650056472256] ✓ TX SUCCESS tx_id=2976 dst_csp=2:10 bytes=167 (all ACKs received)
[cspcla 19:05:17 pid=341729 tid=140650056472256] outbound_pdu callback link_id=2 tx_id=2977 len=167
[cspcla 19:05:17 pid=341729 tid=140650056472256] ✓ TX SUCCESS tx_id=2977 dst_csp=2:10 bytes=167 (all ACKs received)
[cspcla 19:05:17 pid=341729 tid=140650056472256] outbound_pdu callback link_id=2 tx_id=2978 len=167
[cspcla 19:05:17 pid=341729 tid=140650056472256] ✓ TX SUCCESS tx_id=2978 dst_csp=2:10 bytes=167 (all ACKs received)
[cspcla 19:05:17 pid=341729 tid=140650056472256] outbound_pdu callback link_id=2 tx_id=2979 len=167
[cspcla 19:05:17 pid=341729 tid=140650056472256] ✓ TX SUCCESS tx_id=2979 dst_csp=2:10 bytes=167 (all ACKs received)
[cspcla 19:05:17 pid=341729 tid=140650056472256] outbound_pdu callback link_id=2 tx_id=2980 len=167
[cspcla 19:05:17 pid=341729 tid=140650056472256] ✓ TX SUCCESS tx_id=2980 dst_csp=2:10 bytes=167 (all ACKs received)
[cspcla 19:05:18 pid=341729 tid=140650056472256] outbound_pdu callback link_id=2 tx_id=2981 len=167
[cspcla 19:05:18 pid=341729 tid=140650056472256] ✓ TX SUCCESS tx_id=2981 dst_csp=2:10 bytes=167 (all ACKs received)
[cspcla 19:05:18 pid=341729 tid=140650056472256] outbound_pdu callback link_id=2 tx_id=2982 len=167
[cspcla 19:05:18 pid=341729 tid=140650056472256] ✓ TX SUCCESS tx_id=2982 dst_csp=2:10 bytes=167 (all ACKs received)
[cspcla 19:05:18 pid=341729 tid=140650056472256] outbound_pdu callback link_id=2 tx_id=2983 len=167
[cspcla 19:05:18 pid=341729 tid=140650056472256] ✓ TX SUCCESS tx_id=2983 dst_csp=2:10 bytes=167 (all ACKs received)
[cspcla 19:05:18 pid=341729 tid=140650056472256] outbound_pdu callback link_id=2 tx_id=2984 len=167
[cspcla 19:05:18 pid=341729 tid=140650056472256] ✓ TX SUCCESS tx_id=2984 dst_csp=2:10 bytes=167 (all ACKs received)
[cspcla 19:05:18 pid=341729 tid=140650056472256] outbound_pdu callback link_id=2 tx_id=2985 len=167
[cspcla 19:05:18 pid=341729 tid=140650056472256] ✓ TX SUCCESS tx_id=2985 dst_csp=2:10 bytes=167 (all ACKs received)
[cspcla 19:05:18 pid=341729 tid=140650056472256] outbound_pdu callback link_id=2 tx_id=2986 len=167
[cspcla 19:05:18 pid=341729 tid=140650056472256] ✓ TX SUCCESS tx_id=2986 dst_csp=2:10 bytes=167 (all ACKs received)
[cspcla 19:05:18 pid=341729 tid=140650056472256] outbound_pdu callback link_id=2 tx_id=2987 len=167
[cspcla 19:05:18 pid=341729 tid=140650056472256] ✓ TX SUCCESS tx_id=2987 dst_csp=2:10 bytes=167 (all ACKs received)
[cspcla 19:05:18 pid=341729 tid=140650056472256] outbound_pdu callback link_id=2 tx_id=2988 len=167
[cspcla 19:05:18 pid=341729 tid=140650056472256] ✓ TX SUCCESS tx_id=2988 dst_csp=2:10 bytes=167 (all ACKs received)
[cspcla 19:05:18 pid=341729 tid=140650056472256] outbound_pdu callback link_id=2 tx_id=2989 len=167
[cspcla 19:05:19 pid=341729 tid=140650056472256] ✓ TX SUCCESS tx_id=2989 dst_csp=2:10 bytes=167 (all ACKs received)
[cspcla 19:05:19 pid=341729 tid=140650056472256] outbound_pdu callback link_id=2 tx_id=2990 len=167
[cspcla 19:05:19 pid=341729 tid=140650056472256] ✓ TX SUCCESS tx_id=2990 dst_csp=2:10 bytes=167 (all ACKs received)
[cspcla 19:05:19 pid=341729 tid=140650056472256] outbound_pdu callback link_id=2 tx_id=2991 len=167
[cspcla 19:05:19 pid=341729 tid=140650056472256] ✓ TX SUCCESS tx_id=2991 dst_csp=2:10 bytes=167 (all ACKs received)
[cspcla 19:05:19 pid=341729 tid=140650056472256] outbound_pdu callback link_id=2 tx_id=2992 len=167
[cspcla 19:05:19 pid=341729 tid=140650056472256] ✓ TX SUCCESS tx_id=2992 dst_csp=2:10 bytes=167 (all ACKs received)
[cspcla 19:05:19 pid=341729 tid=140650056472256] outbound_pdu callback link_id=2 tx_id=2993 len=167
[cspcla 19:05:19 pid=341729 tid=140650056472256] ✓ TX SUCCESS tx_id=2993 dst_csp=2:10 bytes=167 (all ACKs received)
[cspcla 19:05:19 pid=341729 tid=140650056472256] outbound_pdu callback link_id=2 tx_id=2994 len=167
[cspcla 19:05:20 pid=341729 tid=140650056472256] ✓ TX SUCCESS tx_id=2994 dst_csp=2:10 bytes=167 (all ACKs received)
[cspcla 19:05:20 pid=341729 tid=140650056472256] outbound_pdu callback link_id=2 tx_id=2995 len=167
[cspcla 19:05:20 pid=341729 tid=140650056472256] ✓ TX SUCCESS tx_id=2995 dst_csp=2:10 bytes=167 (all ACKs received)
[cspcla 19:05:20 pid=341729 tid=140650056472256] outbound_pdu callback link_id=2 tx_id=2996 len=167
[cspcla 19:05:20 pid=341729 tid=140650056472256] ✓ TX SUCCESS tx_id=2996 dst_csp=2:10 bytes=167 (all ACKs received)
[cspcla 19:05:20 pid=341729 tid=140650056472256] outbound_pdu callback link_id=2 tx_id=2997 len=167
[cspcla 19:05:20 pid=341729 tid=140650056472256] ✓ TX SUCCESS tx_id=2997 dst_csp=2:10 bytes=167 (all ACKs received)
[cspcla 19:05:20 pid=341729 tid=140650056472256] outbound_pdu callback link_id=2 tx_id=2998 len=167
[cspcla 19:05:20 pid=341729 tid=140650056472256] ✓ TX SUCCESS tx_id=2998 dst_csp=2:10 bytes=167 (all ACKs received)
[cspcla 19:05:20 pid=341729 tid=140650056472256] outbound_pdu callback link_id=2 tx_id=2999 len=167
[cspcla 19:05:20 pid=341729 tid=140650056472256] ✓ TX SUCCESS tx_id=2999 dst_csp=2:10 bytes=167 (all ACKs received)
[cspcla 19:05:20 pid=341729 tid=140650056472256] outbound_pdu callback link_id=2 tx_id=3000 len=167
[cspcla 19:05:20 pid=341729 tid=140650056472256] ✓ TX SUCCESS tx_id=3000 dst_csp=2:10 bytes=167 (all ACKs received)
[cspcla 19:05:21 pid=341729 tid=140650056472256] outbound_pdu callback link_id=2 tx_id=3001 len=167
[cspcla 19:05:21 pid=341729 tid=140650056472256] ✓ TX SUCCESS tx_id=3001 dst_csp=2:10 bytes=167 (all ACKs received)
[cspcla 19:05:21 pid=341729 tid=140650056472256] outbound_pdu callback link_id=2 tx_id=3002 len=167
[cspcla 19:05:21 pid=341729 tid=140650056472256] ✓ TX SUCCESS tx_id=3002 dst_csp=2:10 bytes=167 (all ACKs received)
[cspcla 19:05:21 pid=341729 tid=140650056472256] outbound_pdu callback link_id=2 tx_id=3003 len=167
[cspcla 19:05:21 pid=341729 tid=140650056472256] ✓ TX SUCCESS tx_id=3003 dst_csp=2:10 bytes=167 (all ACKs received)
[cspcla 19:05:21 pid=341729 tid=140650056472256] outbound_pdu callback link_id=2 tx_id=3004 len=167
[cspcla 19:05:21 pid=341729 tid=140650056472256] ✓ TX SUCCESS tx_id=3004 dst_csp=2:10 bytes=167 (all ACKs received)
[cspcla 19:05:21 pid=341729 tid=140650056472256] outbound_pdu callback link_id=2 tx_id=3005 len=167
[cspcla 19:05:21 pid=341729 tid=140650056472256] ✓ TX SUCCESS tx_id=3005 dst_csp=2:10 bytes=167 (all ACKs received)
[cspcla 19:05:21 pid=341729 tid=140650056472256] outbound_pdu callback link_id=2 tx_id=3006 len=167
[cspcla 19:05:21 pid=341729 tid=140650056472256] ✓ TX SUCCESS tx_id=3006 dst_csp=2:10 bytes=167 (all ACKs received)
[cspcla 19:05:21 pid=341729 tid=140650056472256] outbound_pdu callback link_id=2 tx_id=3007 len=167
[cspcla 19:05:21 pid=341729 tid=140650056472256] ✓ TX SUCCESS tx_id=3007 dst_csp=2:10 bytes=167 (all ACKs received)
[cspcla 19:05:21 pid=341729 tid=140650056472256] outbound_pdu callback link_id=2 tx_id=3008 len=167
[cspcla 19:05:21 pid=341729 tid=140650056472256] ✓ TX SUCCESS tx_id=3008 dst_csp=2:10 bytes=167 (all ACKs received)
[cspcla 19:05:21 pid=341729 tid=140650056472256] outbound_pdu callback link_id=2 tx_id=3009 len=167
[cspcla 19:05:22 pid=341729 tid=140650056472256] ✓ TX SUCCESS tx_id=3009 dst_csp=2:10 bytes=167 (all ACKs received)
[cspcla 19:05:22 pid=341729 tid=140650056472256] outbound_pdu callback link_id=2 tx_id=3010 len=167
[cspcla 19:05:22 pid=341729 tid=140650056472256] ✓ TX SUCCESS tx_id=3010 dst_csp=2:10 bytes=167 (all ACKs received)
[cspcla 19:05:22 pid=341729 tid=140650056472256] outbound_pdu callback link_id=2 tx_id=3011 len=167
[cspcla 19:05:22 pid=341729 tid=140650056472256] ✓ TX SUCCESS tx_id=3011 dst_csp=2:10 bytes=167 (all ACKs received)
[cspcla 19:05:22 pid=341729 tid=140650056472256] outbound_pdu callback link_id=2 tx_id=3012 len=167
[cspcla 19:05:22 pid=341729 tid=140650056472256] ✓ TX SUCCESS tx_id=3012 dst_csp=2:10 bytes=167 (all ACKs received)
[cspcla 19:05:23 pid=341729 tid=140650056472256] outbound_pdu callback link_id=2 tx_id=3013 len=167
[cspcla 19:05:23 pid=341729 tid=140650056472256] ✓ TX SUCCESS tx_id=3013 dst_csp=2:10 bytes=167 (all ACKs received)
[cspcla 19:05:23 pid=341729 tid=140650056472256] outbound_pdu callback link_id=2 tx_id=3014 len=167
[cspcla 19:05:23 pid=341729 tid=140650056472256] ✓ TX SUCCESS tx_id=3014 dst_csp=2:10 bytes=167 (all ACKs received)
[cspcla 19:05:23 pid=341729 tid=140650056472256] outbound_pdu callback link_id=2 tx_id=3015 len=167
[cspcla 19:05:23 pid=341729 tid=140650056472256] ✓ TX SUCCESS tx_id=3015 dst_csp=2:10 bytes=167 (all ACKs received)
[cspcla 19:05:23 pid=341729 tid=140650056472256] outbound_pdu callback link_id=2 tx_id=3016 len=167
[cspcla 19:05:23 pid=341729 tid=140650056472256] ✓ TX SUCCESS tx_id=3016 dst_csp=2:10 bytes=167 (all ACKs received)
[cspcla 19:05:23 pid=341729 tid=140650056472256] outbound_pdu callback link_id=2 tx_id=3017 len=167
[cspcla 19:05:23 pid=341729 tid=140650056472256] ✓ TX SUCCESS tx_id=3017 dst_csp=2:10 bytes=167 (all ACKs received)
[cspcla 19:05:23 pid=341729 tid=140650056472256] outbound_pdu callback link_id=2 tx_id=3018 len=167
[cspcla 19:05:23 pid=341729 tid=140650056472256] ✓ TX SUCCESS tx_id=3018 dst_csp=2:10 bytes=167 (all ACKs received)
[cspcla 19:05:23 pid=341729 tid=140650056472256] outbound_pdu callback link_id=2 tx_id=3019 len=167
[cspcla 19:05:23 pid=341729 tid=140650056472256] ✓ TX SUCCESS tx_id=3019 dst_csp=2:10 bytes=167 (all ACKs received)
[cspcla 19:05:23 pid=341729 tid=140650056472256] outbound_pdu callback link_id=2 tx_id=3020 len=167
[cspcla 19:05:23 pid=341729 tid=140650056472256] ✓ TX SUCCESS tx_id=3020 dst_csp=2:10 bytes=167 (all ACKs received)
[cspcla 19:05:24 pid=341729 tid=140650056472256] outbound_pdu callback link_id=2 tx_id=3021 len=167
[cspcla 19:05:24 pid=341729 tid=140650056472256] ✓ TX SUCCESS tx_id=3021 dst_csp=2:10 bytes=167 (all ACKs received)
[cspcla 19:05:24 pid=341729 tid=140650056472256] outbound_pdu callback link_id=2 tx_id=3022 len=167
[cspcla 19:05:24 pid=341729 tid=140650056472256] ✓ TX SUCCESS tx_id=3022 dst_csp=2:10 bytes=167 (all ACKs received)
[cspcla 19:05:24 pid=341729 tid=140650056472256] outbound_pdu callback link_id=2 tx_id=3023 len=167
[cspcla 19:05:24 pid=341729 tid=140650056472256] ✓ TX SUCCESS tx_id=3023 dst_csp=2:10 bytes=167 (all ACKs received)
[cspcla 19:05:24 pid=341729 tid=140650056472256] outbound_pdu callback link_id=2 tx_id=3024 len=167
[cspcla 19:05:24 pid=341729 tid=140650056472256] ✓ TX SUCCESS tx_id=3024 dst_csp=2:10 bytes=167 (all ACKs received)
[cspcla 19:05:24 pid=341729 tid=140650056472256] outbound_pdu callback link_id=2 tx_id=3025 len=167
[cspcla 19:05:24 pid=341729 tid=140650056472256] ✓ TX SUCCESS tx_id=3025 dst_csp=2:10 bytes=167 (all ACKs received)
[cspcla 19:05:24 pid=341729 tid=140650056472256] outbound_pdu callback link_id=2 tx_id=3026 len=167
[cspcla 19:05:24 pid=341729 tid=140650056472256] ✓ TX SUCCESS tx_id=3026 dst_csp=2:10 bytes=167 (all ACKs received)
[cspcla 19:05:24 pid=341729 tid=140650056472256] outbound_pdu callback link_id=2 tx_id=3027 len=167
[cspcla 19:05:24 pid=341729 tid=140650056472256] ✓ TX SUCCESS tx_id=3027 dst_csp=2:10 bytes=167 (all ACKs received)
[cspcla 19:05:24 pid=341729 tid=140650056472256] outbound_pdu callback link_id=2 tx_id=3028 len=167
[cspcla 19:05:24 pid=341729 tid=140650056472256] ✓ TX SUCCESS tx_id=3028 dst_csp=2:10 bytes=167 (all ACKs received)
[cspcla 19:05:24 pid=341729 tid=140650056472256] outbound_pdu callback link_id=2 tx_id=3029 len=167
[cspcla 19:05:25 pid=341729 tid=140650056472256] ✓ TX SUCCESS tx_id=3029 dst_csp=2:10 bytes=167 (all ACKs received)
[cspcla 19:05:25 pid=341729 tid=140650056472256] outbound_pdu callback link_id=2 tx_id=3030 len=167
[cspcla 19:05:25 pid=341729 tid=140650056472256] ✓ TX SUCCESS tx_id=3030 dst_csp=2:10 bytes=167 (all ACKs received)
[cspcla 19:05:26 pid=341729 tid=140650056472256] outbound_pdu callback link_id=2 tx_id=3031 len=167
[cspcla 19:05:26 pid=341729 tid=140650056472256] ✓ TX SUCCESS tx_id=3031 dst_csp=2:10 bytes=167 (all ACKs received)
[cspcla 19:05:26 pid=341729 tid=140650056472256] outbound_pdu callback link_id=2 tx_id=3032 len=167
[cspcla 19:05:26 pid=341729 tid=140650056472256] ✓ TX SUCCESS tx_id=3032 dst_csp=2:10 bytes=167 (all ACKs received)
[cspcla 19:05:26 pid=341729 tid=140650056472256] outbound_pdu callback link_id=2 tx_id=3033 len=167
[cspcla 19:05:26 pid=341729 tid=140650056472256] ✓ TX SUCCESS tx_id=3033 dst_csp=2:10 bytes=167 (all ACKs received)
[cspcla 19:05:26 pid=341729 tid=140650056472256] outbound_pdu callback link_id=2 tx_id=3034 len=167
[cspcla 19:05:26 pid=341729 tid=140650056472256] ✓ TX SUCCESS tx_id=3034 dst_csp=2:10 bytes=167 (all ACKs received)
[cspcla 19:05:26 pid=341729 tid=140650056472256] outbound_pdu callback link_id=2 tx_id=3035 len=167
[cspcla 19:05:26 pid=341729 tid=140650056472256] ✓ TX SUCCESS tx_id=3035 dst_csp=2:10 bytes=167 (all ACKs received)
[cspcla 19:05:26 pid=341729 tid=140650056472256] outbound_pdu callback link_id=2 tx_id=3036 len=167
[cspcla 19:05:26 pid=341729 tid=140650056472256] ✓ TX SUCCESS tx_id=3036 dst_csp=2:10 bytes=167 (all ACKs received)
[cspcla 19:05:26 pid=341729 tid=140650056472256] outbound_pdu callback link_id=2 tx_id=3037 len=167
[cspcla 19:05:26 pid=341729 tid=140650056472256] ✓ TX SUCCESS tx_id=3037 dst_csp=2:10 bytes=167 (all ACKs received)
[cspcla 19:05:26 pid=341729 tid=140650056472256] outbound_pdu callback link_id=2 tx_id=3038 len=167
[cspcla 19:05:26 pid=341729 tid=140650056472256] ✓ TX SUCCESS tx_id=3038 dst_csp=2:10 bytes=167 (all ACKs received)
[cspcla 19:05:26 pid=341729 tid=140650056472256] outbound_pdu callback link_id=2 tx_id=3039 len=167
[cspcla 19:05:26 pid=341729 tid=140650056472256] ✓ TX SUCCESS tx_id=3039 dst_csp=2:10 bytes=167 (all ACKs received)
[cspcla 19:05:26 pid=341729 tid=140650056472256] outbound_pdu callback link_id=2 tx_id=3040 len=167
[cspcla 19:05:26 pid=341729 tid=140650056472256] ✓ TX SUCCESS tx_id=3040 dst_csp=2:10 bytes=167 (all ACKs received)
[cspcla 19:05:27 pid=341729 tid=140650056472256] outbound_pdu callback link_id=2 tx_id=3041 len=167
[cspcla 19:05:27 pid=341729 tid=140650056472256] ✓ TX SUCCESS tx_id=3041 dst_csp=2:10 bytes=167 (all ACKs received)
[cspcla 19:05:27 pid=341729 tid=140650056472256] outbound_pdu callback link_id=2 tx_id=3042 len=167
[cspcla 19:05:27 pid=341729 tid=140650056472256] ✓ TX SUCCESS tx_id=3042 dst_csp=2:10 bytes=167 (all ACKs received)
[cspcla 19:05:27 pid=341729 tid=140650056472256] outbound_pdu callback link_id=2 tx_id=3043 len=167
[cspcla 19:05:27 pid=341729 tid=140650056472256] ✓ TX SUCCESS tx_id=3043 dst_csp=2:10 bytes=167 (all ACKs received)
[cspcla 19:05:27 pid=341729 tid=140650056472256] outbound_pdu callback link_id=2 tx_id=3044 len=167
[cspcla 19:05:27 pid=341729 tid=140650056472256] ✓ TX SUCCESS tx_id=3044 dst_csp=2:10 bytes=167 (all ACKs received)
[cspcla 19:05:27 pid=341729 tid=140650056472256] outbound_pdu callback link_id=2 tx_id=3045 len=167
[cspcla 19:05:27 pid=341729 tid=140650056472256] ✓ TX SUCCESS tx_id=3045 dst_csp=2:10 bytes=167 (all ACKs received)
[cspcla 19:05:27 pid=341729 tid=140650056472256] outbound_pdu callback link_id=2 tx_id=3046 len=167
[cspcla 19:05:27 pid=341729 tid=140650056472256] ✓ TX SUCCESS tx_id=3046 dst_csp=2:10 bytes=167 (all ACKs received)
[cspcla 19:05:27 pid=341729 tid=140650056472256] outbound_pdu callback link_id=2 tx_id=3047 len=167
[cspcla 19:05:27 pid=341729 tid=140650056472256] ✓ TX SUCCESS tx_id=3047 dst_csp=2:10 bytes=167 (all ACKs received)
[cspcla 19:05:27 pid=341729 tid=140650056472256] outbound_pdu callback link_id=2 tx_id=3048 len=167
[cspcla 19:05:27 pid=341729 tid=140650056472256] ✓ TX SUCCESS tx_id=3048 dst_csp=2:10 bytes=167 (all ACKs received)
[cspcla 19:05:27 pid=341729 tid=140650056472256] outbound_pdu callback link_id=2 tx_id=3049 len=167
[cspcla 19:05:28 pid=341729 tid=140650056472256] ✓ TX SUCCESS tx_id=3049 dst_csp=2:10 bytes=167 (all ACKs received)
[cspcla 19:05:28 pid=341729 tid=140650056472256] outbound_pdu callback link_id=2 tx_id=3050 len=167
[cspcla 19:05:28 pid=341729 tid=140650056472256] ✓ TX SUCCESS tx_id=3050 dst_csp=2:10 bytes=167 (all ACKs received)
[cspcla 19:05:29 pid=341729 tid=140650056472256] outbound_pdu callback link_id=2 tx_id=3051 len=167
[cspcla 19:05:29 pid=341729 tid=140650056472256] ✓ TX SUCCESS tx_id=3051 dst_csp=2:10 bytes=167 (all ACKs received)
[cspcla 19:05:29 pid=341729 tid=140650056472256] outbound_pdu callback link_id=2 tx_id=3052 len=167
[cspcla 19:05:29 pid=341729 tid=140650056472256] ✓ TX SUCCESS tx_id=3052 dst_csp=2:10 bytes=167 (all ACKs received)
[cspcla 19:05:29 pid=341729 tid=140650056472256] outbound_pdu callback link_id=2 tx_id=3053 len=167
[cspcla 19:05:29 pid=341729 tid=140650056472256] ✓ TX SUCCESS tx_id=3053 dst_csp=2:10 bytes=167 (all ACKs received)
[cspcla 19:05:29 pid=341729 tid=140650056472256] outbound_pdu callback link_id=2 tx_id=3054 len=167
[cspcla 19:05:29 pid=341729 tid=140650056472256] ✓ TX SUCCESS tx_id=3054 dst_csp=2:10 bytes=167 (all ACKs received)
[cspcla 19:05:29 pid=341729 tid=140650056472256] outbound_pdu callback link_id=2 tx_id=3055 len=167
[cspcla 19:05:29 pid=341729 tid=140650056472256] ✓ TX SUCCESS tx_id=3055 dst_csp=2:10 bytes=167 (all ACKs received)
[cspcla 19:05:29 pid=341729 tid=140650056472256] outbound_pdu callback link_id=2 tx_id=3056 len=167
[cspcla 19:05:29 pid=341729 tid=140650056472256] ✓ TX SUCCESS tx_id=3056 dst_csp=2:10 bytes=167 (all ACKs received)
[cspcla 19:05:29 pid=341729 tid=140650056472256] outbound_pdu callback link_id=2 tx_id=3057 len=167
[cspcla 19:05:29 pid=341729 tid=140650056472256] ✓ TX SUCCESS tx_id=3057 dst_csp=2:10 bytes=167 (all ACKs received)
[cspcla 19:05:29 pid=341729 tid=140650056472256] outbound_pdu callback link_id=2 tx_id=3058 len=167
[cspcla 19:05:29 pid=341729 tid=140650056472256] ✓ TX SUCCESS tx_id=3058 dst_csp=2:10 bytes=167 (all ACKs received)
[cspcla 19:05:29 pid=341729 tid=140650056472256] outbound_pdu callback link_id=2 tx_id=3059 len=167
[cspcla 19:05:29 pid=341729 tid=140650056472256] ✓ TX SUCCESS tx_id=3059 dst_csp=2:10 bytes=167 (all ACKs received)
[cspcla 19:05:29 pid=341729 tid=140650056472256] outbound_pdu callback link_id=2 tx_id=3060 len=167
[cspcla 19:05:29 pid=341729 tid=140650056472256] ✓ TX SUCCESS tx_id=3060 dst_csp=2:10 bytes=167 (all ACKs received)
[cspcla 19:05:30 pid=341729 tid=140650056472256] outbound_pdu callback link_id=2 tx_id=3061 len=167
[cspcla 19:05:30 pid=341729 tid=140650056472256] ✓ TX SUCCESS tx_id=3061 dst_csp=2:10 bytes=167 (all ACKs received)
[cspcla 19:05:30 pid=341729 tid=140650056472256] outbound_pdu callback link_id=2 tx_id=3062 len=167
[cspcla 19:05:30 pid=341729 tid=140650056472256] ✓ TX SUCCESS tx_id=3062 dst_csp=2:10 bytes=167 (all ACKs received)
[cspcla 19:05:30 pid=341729 tid=140650056472256] outbound_pdu callback link_id=2 tx_id=3063 len=167
[cspcla 19:05:30 pid=341729 tid=140650056472256] ✓ TX SUCCESS tx_id=3063 dst_csp=2:10 bytes=167 (all ACKs received)
[cspcla 19:05:30 pid=341729 tid=140650056472256] outbound_pdu callback link_id=2 tx_id=3064 len=167
[cspcla 19:05:30 pid=341729 tid=140650056472256] ✓ TX SUCCESS tx_id=3064 dst_csp=2:10 bytes=167 (all ACKs received)
[cspcla 19:05:30 pid=341729 tid=140650056472256] outbound_pdu callback link_id=2 tx_id=3065 len=167
[cspcla 19:05:30 pid=341729 tid=140650056472256] ✓ TX SUCCESS tx_id=3065 dst_csp=2:10 bytes=167 (all ACKs received)
[cspcla 19:05:30 pid=341729 tid=140650056472256] outbound_pdu callback link_id=2 tx_id=3066 len=167
[cspcla 19:05:30 pid=341729 tid=140650056472256] ✓ TX SUCCESS tx_id=3066 dst_csp=2:10 bytes=167 (all ACKs received)
[cspcla 19:05:30 pid=341729 tid=140650056472256] outbound_pdu callback link_id=2 tx_id=3067 len=167
[cspcla 19:05:30 pid=341729 tid=140650056472256] ✓ TX SUCCESS tx_id=3067 dst_csp=2:10 bytes=167 (all ACKs received)
[cspcla 19:05:30 pid=341729 tid=140650056472256] outbound_pdu callback link_id=2 tx_id=3068 len=167
[cspcla 19:05:30 pid=341729 tid=140650056472256] ✓ TX SUCCESS tx_id=3068 dst_csp=2:10 bytes=167 (all ACKs received)
[cspcla 19:05:30 pid=341729 tid=140650056472256] outbound_pdu callback link_id=2 tx_id=3069 len=167
[cspcla 19:05:31 pid=341729 tid=140650056472256] ✓ TX SUCCESS tx_id=3069 dst_csp=2:10 bytes=167 (all ACKs received)
[cspcla 19:05:31 pid=341729 tid=140650056472256] outbound_pdu callback link_id=2 tx_id=3070 len=167
[cspcla 19:05:31 pid=341729 tid=140650056472256] ✓ TX SUCCESS tx_id=3070 dst_csp=2:10 bytes=167 (all ACKs received)
[cspcla 19:05:32 pid=341729 tid=140650056472256] outbound_pdu callback link_id=2 tx_id=3071 len=167
[cspcla 19:05:32 pid=341729 tid=140650056472256] ✓ TX SUCCESS tx_id=3071 dst_csp=2:10 bytes=167 (all ACKs received)
[cspcla 19:05:32 pid=341729 tid=140650056472256] outbound_pdu callback link_id=2 tx_id=3072 len=167
[cspcla 19:05:32 pid=341729 tid=140650056472256] ✓ TX SUCCESS tx_id=3072 dst_csp=2:10 bytes=167 (all ACKs received)
[cspcla 19:05:32 pid=341729 tid=140650056472256] outbound_pdu callback link_id=2 tx_id=3073 len=167
[cspcla 19:05:32 pid=341729 tid=140650056472256] ✓ TX SUCCESS tx_id=3073 dst_csp=2:10 bytes=167 (all ACKs received)
[cspcla 19:05:32 pid=341729 tid=140650056472256] outbound_pdu callback link_id=2 tx_id=3074 len=167
[cspcla 19:05:32 pid=341729 tid=140650056472256] ✓ TX SUCCESS tx_id=3074 dst_csp=2:10 bytes=167 (all ACKs received)
[cspcla 19:05:32 pid=341729 tid=140650056472256] outbound_pdu callback link_id=2 tx_id=3075 len=167
[cspcla 19:05:32 pid=341729 tid=140650056472256] ✓ TX SUCCESS tx_id=3075 dst_csp=2:10 bytes=167 (all ACKs received)
[cspcla 19:05:32 pid=341729 tid=140650056472256] outbound_pdu callback link_id=2 tx_id=3076 len=167
[cspcla 19:05:32 pid=341729 tid=140650056472256] ✓ TX SUCCESS tx_id=3076 dst_csp=2:10 bytes=167 (all ACKs received)
[cspcla 19:05:32 pid=341729 tid=140650056472256] outbound_pdu callback link_id=2 tx_id=3077 len=167
[cspcla 19:05:32 pid=341729 tid=140650056472256] ✓ TX SUCCESS tx_id=3077 dst_csp=2:10 bytes=167 (all ACKs received)
[cspcla 19:05:32 pid=341729 tid=140650056472256] outbound_pdu callback link_id=2 tx_id=3078 len=167
[cspcla 19:05:32 pid=341729 tid=140650056472256] ✓ TX SUCCESS tx_id=3078 dst_csp=2:10 bytes=167 (all ACKs received)
[cspcla 19:05:32 pid=341729 tid=140650056472256] outbound_pdu callback link_id=2 tx_id=3079 len=167
[cspcla 19:05:32 pid=341729 tid=140650056472256] ✓ TX SUCCESS tx_id=3079 dst_csp=2:10 bytes=167 (all ACKs received)
[cspcla 19:05:32 pid=341729 tid=140650056472256] outbound_pdu callback link_id=2 tx_id=3080 len=167
[cspcla 19:05:33 pid=341729 tid=140650056472256] ✓ TX SUCCESS tx_id=3080 dst_csp=2:10 bytes=167 (all ACKs received)
[cspcla 19:05:33 pid=341729 tid=140650056472256] outbound_pdu callback link_id=2 tx_id=3081 len=167
[cspcla 19:05:33 pid=341729 tid=140650056472256] ✓ TX SUCCESS tx_id=3081 dst_csp=2:10 bytes=167 (all ACKs received)
[cspcla 19:05:33 pid=341729 tid=140650056472256] outbound_pdu callback link_id=2 tx_id=3082 len=167
[cspcla 19:05:33 pid=341729 tid=140650056472256] ✓ TX SUCCESS tx_id=3082 dst_csp=2:10 bytes=167 (all ACKs received)
[cspcla 19:05:33 pid=341729 tid=140650056472256] outbound_pdu callback link_id=2 tx_id=3083 len=167
[cspcla 19:05:33 pid=341729 tid=140650056472256] ✓ TX SUCCESS tx_id=3083 dst_csp=2:10 bytes=167 (all ACKs received)
[cspcla 19:05:33 pid=341729 tid=140650056472256] outbound_pdu callback link_id=2 tx_id=3084 len=167
[cspcla 19:05:33 pid=341729 tid=140650056472256] ✓ TX SUCCESS tx_id=3084 dst_csp=2:10 bytes=167 (all ACKs received)
[cspcla 19:05:33 pid=341729 tid=140650056472256] outbound_pdu callback link_id=2 tx_id=3085 len=167
[cspcla 19:05:33 pid=341729 tid=140650056472256] ✓ TX SUCCESS tx_id=3085 dst_csp=2:10 bytes=167 (all ACKs received)
[cspcla 19:05:33 pid=341729 tid=140650056472256] outbound_pdu callback link_id=2 tx_id=3086 len=167
[cspcla 19:05:34 pid=341729 tid=140650056472256] ✓ TX SUCCESS tx_id=3086 dst_csp=2:10 bytes=167 (all ACKs received)
[cspcla 19:05:34 pid=341729 tid=140650056472256] outbound_pdu callback link_id=2 tx_id=3087 len=167
[cspcla 19:05:34 pid=341729 tid=140650056472256] ✓ TX SUCCESS tx_id=3087 dst_csp=2:10 bytes=167 (all ACKs received)
[cspcla 19:05:34 pid=341729 tid=140650056472256] outbound_pdu callback link_id=2 tx_id=3088 len=167
[cspcla 19:05:34 pid=341729 tid=140650056472256] ✓ TX SUCCESS tx_id=3088 dst_csp=2:10 bytes=167 (all ACKs received)
[cspcla 19:05:34 pid=341729 tid=140650056472256] outbound_pdu callback link_id=2 tx_id=3089 len=167
[cspcla 19:05:34 pid=341729 tid=140650056472256] ✓ TX SUCCESS tx_id=3089 dst_csp=2:10 bytes=167 (all ACKs received)
[cspcla 19:05:34 pid=341729 tid=140650056472256] outbound_pdu callback link_id=2 tx_id=3090 len=167
[cspcla 19:05:34 pid=341729 tid=140650056472256] ✓ TX SUCCESS tx_id=3090 dst_csp=2:10 bytes=167 (all ACKs received)
[cspcla 19:05:35 pid=341729 tid=140650056472256] outbound_pdu callback link_id=2 tx_id=3091 len=167
[cspcla 19:05:35 pid=341729 tid=140650056472256] ✓ TX SUCCESS tx_id=3091 dst_csp=2:10 bytes=167 (all ACKs received)
[cspcla 19:05:35 pid=341729 tid=140650056472256] outbound_pdu callback link_id=2 tx_id=3092 len=167
[cspcla 19:05:35 pid=341729 tid=140650056472256] ✓ TX SUCCESS tx_id=3092 dst_csp=2:10 bytes=167 (all ACKs received)
[cspcla 19:05:35 pid=341729 tid=140650056472256] outbound_pdu callback link_id=2 tx_id=3093 len=167
[cspcla 19:05:35 pid=341729 tid=140650056472256] ✓ TX SUCCESS tx_id=3093 dst_csp=2:10 bytes=167 (all ACKs received)
[cspcla 19:05:35 pid=341729 tid=140650056472256] outbound_pdu callback link_id=2 tx_id=3094 len=167
[cspcla 19:05:35 pid=341729 tid=140650056472256] ✓ TX SUCCESS tx_id=3094 dst_csp=2:10 bytes=167 (all ACKs received)
[cspcla 19:05:35 pid=341729 tid=140650056472256] outbound_pdu callback link_id=2 tx_id=3095 len=167
[cspcla 19:05:35 pid=341729 tid=140650056472256] ✓ TX SUCCESS tx_id=3095 dst_csp=2:10 bytes=167 (all ACKs received)
[cspcla 19:05:35 pid=341729 tid=140650056472256] outbound_pdu callback link_id=2 tx_id=3096 len=167
[cspcla 19:05:35 pid=341729 tid=140650056472256] ✓ TX SUCCESS tx_id=3096 dst_csp=2:10 bytes=167 (all ACKs received)
[cspcla 19:05:35 pid=341729 tid=140650056472256] outbound_pdu callback link_id=2 tx_id=3097 len=167
[cspcla 19:05:35 pid=341729 tid=140650056472256] ✓ TX SUCCESS tx_id=3097 dst_csp=2:10 bytes=167 (all ACKs received)
[cspcla 19:05:35 pid=341729 tid=140650056472256] outbound_pdu callback link_id=2 tx_id=3098 len=167
[cspcla 19:05:35 pid=341729 tid=140650056472256] ✓ TX SUCCESS tx_id=3098 dst_csp=2:10 bytes=167 (all ACKs received)
[cspcla 19:05:35 pid=341729 tid=140650056472256] outbound_pdu callback link_id=2 tx_id=3099 len=167
[cspcla 19:05:35 pid=341729 tid=140650056472256] ✓ TX SUCCESS tx_id=3099 dst_csp=2:10 bytes=167 (all ACKs received)
[cspcla 19:05:35 pid=341729 tid=140650056472256] outbound_pdu callback link_id=2 tx_id=3100 len=167
[cspcla 19:05:36 pid=341729 tid=140650056472256] ✓ TX SUCCESS tx_id=3100 dst_csp=2:10 bytes=167 (all ACKs received)
[cspcla 19:05:37 pid=341729 tid=140650056472256] outbound_pdu callback link_id=2 tx_id=3101 len=167
[cspcla 19:05:37 pid=341729 tid=140650056472256] ✓ TX SUCCESS tx_id=3101 dst_csp=2:10 bytes=167 (all ACKs received)
[cspcla 19:05:37 pid=341729 tid=140650056472256] outbound_pdu callback link_id=2 tx_id=3102 len=167
[cspcla 19:05:37 pid=341729 tid=140650056472256] ✓ TX SUCCESS tx_id=3102 dst_csp=2:10 bytes=167 (all ACKs received)
[cspcla 19:05:37 pid=341729 tid=140650056472256] outbound_pdu callback link_id=2 tx_id=3103 len=167
[cspcla 19:05:37 pid=341729 tid=140650056472256] ✓ TX SUCCESS tx_id=3103 dst_csp=2:10 bytes=167 (all ACKs received)
[cspcla 19:05:37 pid=341729 tid=140650056472256] outbound_pdu callback link_id=2 tx_id=3104 len=167
[cspcla 19:05:37 pid=341729 tid=140650056472256] ✓ TX SUCCESS tx_id=3104 dst_csp=2:10 bytes=167 (all ACKs received)
[cspcla 19:05:37 pid=341729 tid=140650056472256] outbound_pdu callback link_id=2 tx_id=3105 len=167
[cspcla 19:05:37 pid=341729 tid=140650056472256] ✓ TX SUCCESS tx_id=3105 dst_csp=2:10 bytes=167 (all ACKs received)
[cspcla 19:05:37 pid=341729 tid=140650056472256] outbound_pdu callback link_id=2 tx_id=3106 len=167
[cspcla 19:05:37 pid=341729 tid=140650056472256] ✓ TX SUCCESS tx_id=3106 dst_csp=2:10 bytes=167 (all ACKs received)
[cspcla 19:05:37 pid=341729 tid=140650056472256] outbound_pdu callback link_id=2 tx_id=3107 len=167
[cspcla 19:05:37 pid=341729 tid=140650056472256] ✓ TX SUCCESS tx_id=3107 dst_csp=2:10 bytes=167 (all ACKs received)
[cspcla 19:05:37 pid=341729 tid=140650056472256] outbound_pdu callback link_id=2 tx_id=3108 len=167
[cspcla 19:05:37 pid=341729 tid=140650056472256] ✓ TX SUCCESS tx_id=3108 dst_csp=2:10 bytes=167 (all ACKs received)
[cspcla 19:05:37 pid=341729 tid=140650056472256] outbound_pdu callback link_id=2 tx_id=3109 len=167
[cspcla 19:05:37 pid=341729 tid=140650056472256] ✓ TX SUCCESS tx_id=3109 dst_csp=2:10 bytes=167 (all ACKs received)
[cspcla 19:05:37 pid=341729 tid=140650056472256] outbound_pdu callback link_id=2 tx_id=3110 len=167
[cspcla 19:05:37 pid=341729 tid=140650056472256] ✓ TX SUCCESS tx_id=3110 dst_csp=2:10 bytes=167 (all ACKs received)
[cspcla 19:05:38 pid=341729 tid=140650056472256] outbound_pdu callback link_id=2 tx_id=3111 len=167
[cspcla 19:05:38 pid=341729 tid=140650056472256] ✓ TX SUCCESS tx_id=3111 dst_csp=2:10 bytes=167 (all ACKs received)
[cspcla 19:05:38 pid=341729 tid=140650056472256] outbound_pdu callback link_id=2 tx_id=3112 len=167
[cspcla 19:05:38 pid=341729 tid=140650056472256] ✓ TX SUCCESS tx_id=3112 dst_csp=2:10 bytes=167 (all ACKs received)
[cspcla 19:05:38 pid=341729 tid=140650056472256] outbound_pdu callback link_id=2 tx_id=3113 len=167
[cspcla 19:05:38 pid=341729 tid=140650056472256] ✓ TX SUCCESS tx_id=3113 dst_csp=2:10 bytes=167 (all ACKs received)
[cspcla 19:05:38 pid=341729 tid=140650056472256] outbound_pdu callback link_id=2 tx_id=3114 len=167
[cspcla 19:05:38 pid=341729 tid=140650056472256] ✓ TX SUCCESS tx_id=3114 dst_csp=2:10 bytes=167 (all ACKs received)
[cspcla 19:05:38 pid=341729 tid=140650056472256] outbound_pdu callback link_id=2 tx_id=3115 len=167
[cspcla 19:05:38 pid=341729 tid=140650056472256] ✓ TX SUCCESS tx_id=3115 dst_csp=2:10 bytes=167 (all ACKs received)
[cspcla 19:05:38 pid=341729 tid=140650056472256] outbound_pdu callback link_id=2 tx_id=3116 len=167
[cspcla 19:05:38 pid=341729 tid=140650056472256] ✓ TX SUCCESS tx_id=3116 dst_csp=2:10 bytes=167 (all ACKs received)
[cspcla 19:05:38 pid=341729 tid=140650056472256] outbound_pdu callback link_id=2 tx_id=3117 len=167
[cspcla 19:05:38 pid=341729 tid=140650056472256] ✓ TX SUCCESS tx_id=3117 dst_csp=2:10 bytes=167 (all ACKs received)
[cspcla 19:05:38 pid=341729 tid=140650056472256] outbound_pdu callback link_id=2 tx_id=3118 len=167
[cspcla 19:05:38 pid=341729 tid=140650056472256] ✓ TX SUCCESS tx_id=3118 dst_csp=2:10 bytes=167 (all ACKs received)
[cspcla 19:05:38 pid=341729 tid=140650056472256] outbound_pdu callback link_id=2 tx_id=3119 len=167
[cspcla 19:05:39 pid=341729 tid=140650056472256] ✓ TX SUCCESS tx_id=3119 dst_csp=2:10 bytes=167 (all ACKs received)
[cspcla 19:05:39 pid=341729 tid=140650056472256] outbound_pdu callback link_id=2 tx_id=3120 len=167
[cspcla 19:05:39 pid=341729 tid=140650056472256] ✓ TX SUCCESS tx_id=3120 dst_csp=2:10 bytes=167 (all ACKs received)
[cspcla 19:05:40 pid=341729 tid=140650056472256] outbound_pdu callback link_id=2 tx_id=3121 len=167
[cspcla 19:05:40 pid=341729 tid=140650056472256] ✓ TX SUCCESS tx_id=3121 dst_csp=2:10 bytes=167 (all ACKs received)
[cspcla 19:05:40 pid=341729 tid=140650056472256] outbound_pdu callback link_id=2 tx_id=3122 len=167
[cspcla 19:05:40 pid=341729 tid=140650056472256] ✓ TX SUCCESS tx_id=3122 dst_csp=2:10 bytes=167 (all ACKs received)
[cspcla 19:05:40 pid=341729 tid=140650056472256] outbound_pdu callback link_id=2 tx_id=3123 len=167
[cspcla 19:05:40 pid=341729 tid=140650056472256] ✓ TX SUCCESS tx_id=3123 dst_csp=2:10 bytes=167 (all ACKs received)
[cspcla 19:05:40 pid=341729 tid=140650056472256] outbound_pdu callback link_id=2 tx_id=3124 len=167
[cspcla 19:05:40 pid=341729 tid=140650056472256] ✓ TX SUCCESS tx_id=3124 dst_csp=2:10 bytes=167 (all ACKs received)
[cspcla 19:05:40 pid=341729 tid=140650056472256] outbound_pdu callback link_id=2 tx_id=3125 len=167
[cspcla 19:05:40 pid=341729 tid=140650056472256] ✓ TX SUCCESS tx_id=3125 dst_csp=2:10 bytes=167 (all ACKs received)
[cspcla 19:05:40 pid=341729 tid=140650056472256] outbound_pdu callback link_id=2 tx_id=3126 len=167
[cspcla 19:05:40 pid=341729 tid=140650056472256] ✓ TX SUCCESS tx_id=3126 dst_csp=2:10 bytes=167 (all ACKs received)
[cspcla 19:05:40 pid=341729 tid=140650056472256] outbound_pdu callback link_id=2 tx_id=3127 len=167
[cspcla 19:05:40 pid=341729 tid=140650056472256] ✓ TX SUCCESS tx_id=3127 dst_csp=2:10 bytes=167 (all ACKs received)
[cspcla 19:05:40 pid=341729 tid=140650056472256] outbound_pdu callback link_id=2 tx_id=3128 len=167
[cspcla 19:05:40 pid=341729 tid=140650056472256] ✓ TX SUCCESS tx_id=3128 dst_csp=2:10 bytes=167 (all ACKs received)
[cspcla 19:05:40 pid=341729 tid=140650056472256] outbound_pdu callback link_id=2 tx_id=3129 len=167
[cspcla 19:05:40 pid=341729 tid=140650056472256] ✓ TX SUCCESS tx_id=3129 dst_csp=2:10 bytes=167 (all ACKs received)
[cspcla 19:05:40 pid=341729 tid=140650056472256] outbound_pdu callback link_id=2 tx_id=3130 len=167
[cspcla 19:05:40 pid=341729 tid=140650056472256] ✓ TX SUCCESS tx_id=3130 dst_csp=2:10 bytes=167 (all ACKs received)
[cspcla 19:05:41 pid=341729 tid=140650056472256] outbound_pdu callback link_id=2 tx_id=3131 len=167
[cspcla 19:05:41 pid=341729 tid=140650056472256] ✓ TX SUCCESS tx_id=3131 dst_csp=2:10 bytes=167 (all ACKs received)
[cspcla 19:05:41 pid=341729 tid=140650056472256] outbound_pdu callback link_id=2 tx_id=3132 len=167
[cspcla 19:05:41 pid=341729 tid=140650056472256] ✓ TX SUCCESS tx_id=3132 dst_csp=2:10 bytes=167 (all ACKs received)
[cspcla 19:05:41 pid=341729 tid=140650056472256] outbound_pdu callback link_id=2 tx_id=3133 len=167
[cspcla 19:05:41 pid=341729 tid=140650056472256] ✓ TX SUCCESS tx_id=3133 dst_csp=2:10 bytes=167 (all ACKs received)
[cspcla 19:05:42 pid=341729 tid=140650056472256] outbound_pdu callback link_id=2 tx_id=3134 len=167
[cspcla 19:05:42 pid=341729 tid=140650056472256] ✓ TX SUCCESS tx_id=3134 dst_csp=2:10 bytes=167 (all ACKs received)
[cspcla 19:05:42 pid=341729 tid=140650056472256] outbound_pdu callback link_id=2 tx_id=3135 len=167
[cspcla 19:05:42 pid=341729 tid=140650056472256] ✓ TX SUCCESS tx_id=3135 dst_csp=2:10 bytes=167 (all ACKs received)
[cspcla 19:05:42 pid=341729 tid=140650056472256] outbound_pdu callback link_id=2 tx_id=3136 len=167
[cspcla 19:05:42 pid=341729 tid=140650056472256] ✓ TX SUCCESS tx_id=3136 dst_csp=2:10 bytes=167 (all ACKs received)
[cspcla 19:05:42 pid=341729 tid=140650056472256] outbound_pdu callback link_id=2 tx_id=3137 len=167
[cspcla 19:05:42 pid=341729 tid=140650056472256] ✓ TX SUCCESS tx_id=3137 dst_csp=2:10 bytes=167 (all ACKs received)
[cspcla 19:05:42 pid=341729 tid=140650056472256] outbound_pdu callback link_id=2 tx_id=3138 len=167
[cspcla 19:05:42 pid=341729 tid=140650056472256] ✓ TX SUCCESS tx_id=3138 dst_csp=2:10 bytes=167 (all ACKs received)
[cspcla 19:05:42 pid=341729 tid=140650056472256] outbound_pdu callback link_id=2 tx_id=3139 len=167
[cspcla 19:05:42 pid=341729 tid=140650056472256] ✓ TX SUCCESS tx_id=3139 dst_csp=2:10 bytes=167 (all ACKs received)
[cspcla 19:05:42 pid=341729 tid=140650056472256] outbound_pdu callback link_id=2 tx_id=3140 len=167
[cspcla 19:05:42 pid=341729 tid=140650056472256] ✓ TX SUCCESS tx_id=3140 dst_csp=2:10 bytes=167 (all ACKs received)
[cspcla 19:05:43 pid=341729 tid=140650056472256] outbound_pdu callback link_id=2 tx_id=3141 len=167
[cspcla 19:05:43 pid=341729 tid=140650056472256] ✓ TX SUCCESS tx_id=3141 dst_csp=2:10 bytes=167 (all ACKs received)
[cspcla 19:05:43 pid=341729 tid=140650056472256] outbound_pdu callback link_id=2 tx_id=3142 len=167
[cspcla 19:05:43 pid=341729 tid=140650056472256] ✓ TX SUCCESS tx_id=3142 dst_csp=2:10 bytes=167 (all ACKs received)
[cspcla 19:05:43 pid=341729 tid=140650056472256] outbound_pdu callback link_id=2 tx_id=3143 len=167
[cspcla 19:05:43 pid=341729 tid=140650056472256] ✓ TX SUCCESS tx_id=3143 dst_csp=2:10 bytes=167 (all ACKs received)
[cspcla 19:05:43 pid=341729 tid=140650056472256] outbound_pdu callback link_id=2 tx_id=3144 len=167
[cspcla 19:05:43 pid=341729 tid=140650056472256] ✓ TX SUCCESS tx_id=3144 dst_csp=2:10 bytes=167 (all ACKs received)
[cspcla 19:05:43 pid=341729 tid=140650056472256] outbound_pdu callback link_id=2 tx_id=3145 len=167
[cspcla 19:05:43 pid=341729 tid=140650056472256] ✓ TX SUCCESS tx_id=3145 dst_csp=2:10 bytes=167 (all ACKs received)
[cspcla 19:05:43 pid=341729 tid=140650056472256] outbound_pdu callback link_id=2 tx_id=3146 len=167
[cspcla 19:05:43 pid=341729 tid=140650056472256] ✓ TX SUCCESS tx_id=3146 dst_csp=2:10 bytes=167 (all ACKs received)
[cspcla 19:05:43 pid=341729 tid=140650056472256] outbound_pdu callback link_id=2 tx_id=3147 len=167
[cspcla 19:05:43 pid=341729 tid=140650056472256] ✓ TX SUCCESS tx_id=3147 dst_csp=2:10 bytes=167 (all ACKs received)
[cspcla 19:05:43 pid=341729 tid=140650056472256] outbound_pdu callback link_id=2 tx_id=3148 len=167
[cspcla 19:05:43 pid=341729 tid=140650056472256] ✓ TX SUCCESS tx_id=3148 dst_csp=2:10 bytes=167 (all ACKs received)
[cspcla 19:05:43 pid=341729 tid=140650056472256] outbound_pdu callback link_id=2 tx_id=3149 len=167
[cspcla 19:05:43 pid=341729 tid=140650056472256] ✓ TX SUCCESS tx_id=3149 dst_csp=2:10 bytes=167 (all ACKs received)
[cspcla 19:05:43 pid=341729 tid=140650056472256] outbound_pdu callback link_id=2 tx_id=3150 len=167
[cspcla 19:05:43 pid=341729 tid=140650056472256] ✓ TX SUCCESS tx_id=3150 dst_csp=2:10 bytes=167 (all ACKs received)
[cspcla 19:05:44 pid=341729 tid=140650056472256] outbound_pdu callback link_id=2 tx_id=3151 len=167
[cspcla 19:05:44 pid=341729 tid=140650056472256] ✓ TX SUCCESS tx_id=3151 dst_csp=2:10 bytes=167 (all ACKs received)
[cspcla 19:05:44 pid=341729 tid=140650056472256] outbound_pdu callback link_id=2 tx_id=3152 len=167
[cspcla 19:05:44 pid=341729 tid=140650056472256] ✓ TX SUCCESS tx_id=3152 dst_csp=2:10 bytes=167 (all ACKs received)
[cspcla 19:05:44 pid=341729 tid=140650056472256] outbound_pdu callback link_id=2 tx_id=3153 len=167
[cspcla 19:05:44 pid=341729 tid=140650056472256] ✓ TX SUCCESS tx_id=3153 dst_csp=2:10 bytes=167 (all ACKs received)
[cspcla 19:05:44 pid=341729 tid=140650056472256] outbound_pdu callback link_id=2 tx_id=3154 len=167
[cspcla 19:05:44 pid=341729 tid=140650056472256] ✓ TX SUCCESS tx_id=3154 dst_csp=2:10 bytes=167 (all ACKs received)
[cspcla 19:05:44 pid=341729 tid=140650056472256] outbound_pdu callback link_id=2 tx_id=3155 len=167
[cspcla 19:05:44 pid=341729 tid=140650056472256] ✓ TX SUCCESS tx_id=3155 dst_csp=2:10 bytes=167 (all ACKs received)
[cspcla 19:05:44 pid=341729 tid=140650056472256] outbound_pdu callback link_id=2 tx_id=3156 len=167
[cspcla 19:05:44 pid=341729 tid=140650056472256] ✓ TX SUCCESS tx_id=3156 dst_csp=2:10 bytes=167 (all ACKs received)
[cspcla 19:05:44 pid=341729 tid=140650056472256] outbound_pdu callback link_id=2 tx_id=3157 len=167
[cspcla 19:05:44 pid=341729 tid=140650056472256] ✓ TX SUCCESS tx_id=3157 dst_csp=2:10 bytes=167 (all ACKs received)
[cspcla 19:05:44 pid=341729 tid=140650056472256] outbound_pdu callback link_id=2 tx_id=3158 len=167
[cspcla 19:05:44 pid=341729 tid=140650056472256] ✓ TX SUCCESS tx_id=3158 dst_csp=2:10 bytes=167 (all ACKs received)
[cspcla 19:05:44 pid=341729 tid=140650056472256] outbound_pdu callback link_id=2 tx_id=3159 len=167
[cspcla 19:05:45 pid=341729 tid=140650056472256] ✓ TX SUCCESS tx_id=3159 dst_csp=2:10 bytes=167 (all ACKs received)
[cspcla 19:05:45 pid=341729 tid=140650056472256] outbound_pdu callback link_id=2 tx_id=3160 len=167
[cspcla 19:05:45 pid=341729 tid=140650056472256] ✓ TX SUCCESS tx_id=3160 dst_csp=2:10 bytes=167 (all ACKs received)
[cspcla 19:05:46 pid=341729 tid=140650056472256] outbound_pdu callback link_id=2 tx_id=3161 len=167
[cspcla 19:05:46 pid=341729 tid=140650056472256] ✓ TX SUCCESS tx_id=3161 dst_csp=2:10 bytes=167 (all ACKs received)
[cspcla 19:05:46 pid=341729 tid=140650056472256] outbound_pdu callback link_id=2 tx_id=3162 len=167
[cspcla 19:05:46 pid=341729 tid=140650056472256] ✓ TX SUCCESS tx_id=3162 dst_csp=2:10 bytes=167 (all ACKs received)
[cspcla 19:05:46 pid=341729 tid=140650056472256] outbound_pdu callback link_id=2 tx_id=3163 len=167
[cspcla 19:05:46 pid=341729 tid=140650056472256] ✓ TX SUCCESS tx_id=3163 dst_csp=2:10 bytes=167 (all ACKs received)
[cspcla 19:05:46 pid=341729 tid=140650056472256] outbound_pdu callback link_id=2 tx_id=3164 len=167
[cspcla 19:05:46 pid=341729 tid=140650056472256] ✓ TX SUCCESS tx_id=3164 dst_csp=2:10 bytes=167 (all ACKs received)
[cspcla 19:05:46 pid=341729 tid=140650056472256] outbound_pdu callback link_id=2 tx_id=3165 len=167
[cspcla 19:05:46 pid=341729 tid=140650056472256] ✓ TX SUCCESS tx_id=3165 dst_csp=2:10 bytes=167 (all ACKs received)
[cspcla 19:05:46 pid=341729 tid=140650056472256] outbound_pdu callback link_id=2 tx_id=3166 len=167
[cspcla 19:05:46 pid=341729 tid=140650056472256] ✓ TX SUCCESS tx_id=3166 dst_csp=2:10 bytes=167 (all ACKs received)
[cspcla 19:05:46 pid=341729 tid=140650056472256] outbound_pdu callback link_id=2 tx_id=3167 len=167
[cspcla 19:05:46 pid=341729 tid=140650056472256] ✓ TX SUCCESS tx_id=3167 dst_csp=2:10 bytes=167 (all ACKs received)
[cspcla 19:05:46 pid=341729 tid=140650056472256] outbound_pdu callback link_id=2 tx_id=3168 len=167
[cspcla 19:05:46 pid=341729 tid=140650056472256] ✓ TX SUCCESS tx_id=3168 dst_csp=2:10 bytes=167 (all ACKs received)
[cspcla 19:05:46 pid=341729 tid=140650056472256] outbound_pdu callback link_id=2 tx_id=3169 len=167
[cspcla 19:05:46 pid=341729 tid=140650056472256] ✓ TX SUCCESS tx_id=3169 dst_csp=2:10 bytes=167 (all ACKs received)
[cspcla 19:05:46 pid=341729 tid=140650056472256] outbound_pdu callback link_id=2 tx_id=3170 len=167
[cspcla 19:05:47 pid=341729 tid=140650056472256] ✓ TX SUCCESS tx_id=3170 dst_csp=2:10 bytes=167 (all ACKs received)
[cspcla 19:05:47 pid=341729 tid=140650056472256] outbound_pdu callback link_id=2 tx_id=3171 len=167
[cspcla 19:05:47 pid=341729 tid=140650056472256] ✓ TX SUCCESS tx_id=3171 dst_csp=2:10 bytes=167 (all ACKs received)
[cspcla 19:05:47 pid=341729 tid=140650056472256] outbound_pdu callback link_id=2 tx_id=3172 len=167
[cspcla 19:05:47 pid=341729 tid=140650056472256] ✓ TX SUCCESS tx_id=3172 dst_csp=2:10 bytes=167 (all ACKs received)
[cspcla 19:05:47 pid=341729 tid=140650056472256] outbound_pdu callback link_id=2 tx_id=3173 len=167
[cspcla 19:05:47 pid=341729 tid=140650056472256] ✓ TX SUCCESS tx_id=3173 dst_csp=2:10 bytes=167 (all ACKs received)
[cspcla 19:05:47 pid=341729 tid=140650056472256] outbound_pdu callback link_id=2 tx_id=3174 len=167
[cspcla 19:05:47 pid=341729 tid=140650056472256] ✓ TX SUCCESS tx_id=3174 dst_csp=2:10 bytes=167 (all ACKs received)
[cspcla 19:05:47 pid=341729 tid=140650056472256] outbound_pdu callback link_id=2 tx_id=3175 len=167
[cspcla 19:05:48 pid=341729 tid=140650056472256] ✓ TX SUCCESS tx_id=3175 dst_csp=2:10 bytes=167 (all ACKs received)
[cspcla 19:05:48 pid=341729 tid=140650056472256] outbound_pdu callback link_id=2 tx_id=3176 len=167
[cspcla 19:05:48 pid=341729 tid=140650056472256] ✓ TX SUCCESS tx_id=3176 dst_csp=2:10 bytes=167 (all ACKs received)
[cspcla 19:05:48 pid=341729 tid=140650056472256] outbound_pdu callback link_id=2 tx_id=3177 len=167
[cspcla 19:05:48 pid=341729 tid=140650056472256] ✓ TX SUCCESS tx_id=3177 dst_csp=2:10 bytes=167 (all ACKs received)
[cspcla 19:05:48 pid=341729 tid=140650056472256] outbound_pdu callback link_id=2 tx_id=3178 len=167
[cspcla 19:05:48 pid=341729 tid=140650056472256] ✓ TX SUCCESS tx_id=3178 dst_csp=2:10 bytes=167 (all ACKs received)
[cspcla 19:05:48 pid=341729 tid=140650056472256] outbound_pdu callback link_id=2 tx_id=3179 len=167
[cspcla 19:05:48 pid=341729 tid=140650056472256] ✓ TX SUCCESS tx_id=3179 dst_csp=2:10 bytes=167 (all ACKs received)
[cspcla 19:05:48 pid=341729 tid=140650056472256] outbound_pdu callback link_id=2 tx_id=3180 len=167
[cspcla 19:05:48 pid=341729 tid=140650056472256] ✓ TX SUCCESS tx_id=3180 dst_csp=2:10 bytes=167 (all ACKs received)
[cspcla 19:05:49 pid=341729 tid=140650056472256] outbound_pdu callback link_id=2 tx_id=3181 len=167
[cspcla 19:05:49 pid=341729 tid=140650056472256] ✓ TX SUCCESS tx_id=3181 dst_csp=2:10 bytes=167 (all ACKs received)
[cspcla 19:05:49 pid=341729 tid=140650056472256] outbound_pdu callback link_id=2 tx_id=3182 len=167
[cspcla 19:05:49 pid=341729 tid=140650056472256] ✓ TX SUCCESS tx_id=3182 dst_csp=2:10 bytes=167 (all ACKs received)
[cspcla 19:05:49 pid=341729 tid=140650056472256] outbound_pdu callback link_id=2 tx_id=3183 len=167
[cspcla 19:05:49 pid=341729 tid=140650056472256] ✓ TX SUCCESS tx_id=3183 dst_csp=2:10 bytes=167 (all ACKs received)
[cspcla 19:05:49 pid=341729 tid=140650056472256] outbound_pdu callback link_id=2 tx_id=3184 len=167
[cspcla 19:05:49 pid=341729 tid=140650056472256] ✓ TX SUCCESS tx_id=3184 dst_csp=2:10 bytes=167 (all ACKs received)
[cspcla 19:05:49 pid=341729 tid=140650056472256] outbound_pdu callback link_id=2 tx_id=3185 len=167
[cspcla 19:05:49 pid=341729 tid=140650056472256] ✓ TX SUCCESS tx_id=3185 dst_csp=2:10 bytes=167 (all ACKs received)
[cspcla 19:05:49 pid=341729 tid=140650056472256] outbound_pdu callback link_id=2 tx_id=3186 len=167
[cspcla 19:05:49 pid=341729 tid=140650056472256] ✓ TX SUCCESS tx_id=3186 dst_csp=2:10 bytes=167 (all ACKs received)
[cspcla 19:05:49 pid=341729 tid=140650056472256] outbound_pdu callback link_id=2 tx_id=3187 len=167
[cspcla 19:05:49 pid=341729 tid=140650056472256] ✓ TX SUCCESS tx_id=3187 dst_csp=2:10 bytes=167 (all ACKs received)
[cspcla 19:05:49 pid=341729 tid=140650056472256] outbound_pdu callback link_id=2 tx_id=3188 len=167
[cspcla 19:05:49 pid=341729 tid=140650056472256] ✓ TX SUCCESS tx_id=3188 dst_csp=2:10 bytes=167 (all ACKs received)
[cspcla 19:05:49 pid=341729 tid=140650056472256] outbound_pdu callback link_id=2 tx_id=3189 len=167
[cspcla 19:05:49 pid=341729 tid=140650056472256] ✓ TX SUCCESS tx_id=3189 dst_csp=2:10 bytes=167 (all ACKs received)
[cspcla 19:05:49 pid=341729 tid=140650056472256] outbound_pdu callback link_id=2 tx_id=3190 len=167
[cspcla 19:05:50 pid=341729 tid=140650056472256] ✓ TX SUCCESS tx_id=3190 dst_csp=2:10 bytes=167 (all ACKs received)
[cspcla 19:05:50 pid=341729 tid=140650056472256] outbound_pdu callback link_id=2 tx_id=3191 len=167
[cspcla 19:05:50 pid=341729 tid=140650056472256] ✓ TX SUCCESS tx_id=3191 dst_csp=2:10 bytes=167 (all ACKs received)
[cspcla 19:05:50 pid=341729 tid=140650056472256] outbound_pdu callback link_id=2 tx_id=3192 len=167
[cspcla 19:05:50 pid=341729 tid=140650056472256] ✓ TX SUCCESS tx_id=3192 dst_csp=2:10 bytes=167 (all ACKs received)
[cspcla 19:05:51 pid=341729 tid=140650056472256] outbound_pdu callback link_id=2 tx_id=3193 len=167
[cspcla 19:05:51 pid=341729 tid=140650056472256] ✓ TX SUCCESS tx_id=3193 dst_csp=2:10 bytes=167 (all ACKs received)
[cspcla 19:05:51 pid=341729 tid=140650056472256] outbound_pdu callback link_id=2 tx_id=3194 len=167
[cspcla 19:05:51 pid=341729 tid=140650056472256] ✓ TX SUCCESS tx_id=3194 dst_csp=2:10 bytes=167 (all ACKs received)
[cspcla 19:05:51 pid=341729 tid=140650056472256] outbound_pdu callback link_id=2 tx_id=3195 len=167
[cspcla 19:05:51 pid=341729 tid=140650056472256] ✓ TX SUCCESS tx_id=3195 dst_csp=2:10 bytes=167 (all ACKs received)
[cspcla 19:05:51 pid=341729 tid=140650056472256] outbound_pdu callback link_id=2 tx_id=3196 len=167
[cspcla 19:05:51 pid=341729 tid=140650056472256] ✓ TX SUCCESS tx_id=3196 dst_csp=2:10 bytes=167 (all ACKs received)
[cspcla 19:05:51 pid=341729 tid=140650056472256] outbound_pdu callback link_id=2 tx_id=3197 len=167
[cspcla 19:05:51 pid=341729 tid=140650056472256] ✓ TX SUCCESS tx_id=3197 dst_csp=2:10 bytes=167 (all ACKs received)
[cspcla 19:05:51 pid=341729 tid=140650056472256] outbound_pdu callback link_id=2 tx_id=3198 len=167
[cspcla 19:05:51 pid=341729 tid=140650056472256] ✓ TX SUCCESS tx_id=3198 dst_csp=2:10 bytes=167 (all ACKs received)
[cspcla 19:05:51 pid=341729 tid=140650056472256] outbound_pdu callback link_id=2 tx_id=3199 len=167
[cspcla 19:05:51 pid=341729 tid=140650056472256] ✓ TX SUCCESS tx_id=3199 dst_csp=2:10 bytes=167 (all ACKs received)
[cspcla 19:05:51 pid=341729 tid=140650056472256] outbound_pdu callback link_id=2 tx_id=3200 len=167
[cspcla 19:05:51 pid=341729 tid=140650056472256] ✓ TX SUCCESS tx_id=3200 dst_csp=2:10 bytes=167 (all ACKs received)
[cspcla 19:05:52 pid=341729 tid=140650056472256] outbound_pdu callback link_id=2 tx_id=3201 len=360
[cspcla 19:05:52 pid=341729 tid=140650056472256] ✓ TX SUCCESS tx_id=3201 dst_csp=2:10 bytes=360 (all ACKs received)
[cspcla 19:05:52 pid=341729 tid=140650056472256] outbound_pdu callback link_id=2 tx_id=3202 len=360
[cspcla 19:05:52 pid=341729 tid=140650056472256] ✓ TX SUCCESS tx_id=3202 dst_csp=2:10 bytes=360 (all ACKs received)
[cspcla 19:05:52 pid=341729 tid=140650056472256] outbound_pdu callback link_id=2 tx_id=3203 len=360
[cspcla 19:05:52 pid=341729 tid=140650056472256] ✓ TX SUCCESS tx_id=3203 dst_csp=2:10 bytes=360 (all ACKs received)
[cspcla 19:05:52 pid=341729 tid=140650056472256] outbound_pdu callback link_id=2 tx_id=3204 len=360
[cspcla 19:05:52 pid=341729 tid=140650056472256] ✓ TX SUCCESS tx_id=3204 dst_csp=2:10 bytes=360 (all ACKs received)
[cspcla 19:05:52 pid=341729 tid=140650056472256] outbound_pdu callback link_id=2 tx_id=3205 len=360
[cspcla 19:05:53 pid=341729 tid=140650056472256] ✓ TX SUCCESS tx_id=3205 dst_csp=2:10 bytes=360 (all ACKs received)
[cspcla 19:05:53 pid=341729 tid=140650056472256] outbound_pdu callback link_id=2 tx_id=3206 len=360
[cspcla 19:05:53 pid=341729 tid=140650056472256] ✓ TX SUCCESS tx_id=3206 dst_csp=2:10 bytes=360 (all ACKs received)
[cspcla 19:05:53 pid=341729 tid=140650056472256] outbound_pdu callback link_id=2 tx_id=3207 len=360
[cspcla 19:05:53 pid=341729 tid=140650056472256] ✓ TX SUCCESS tx_id=3207 dst_csp=2:10 bytes=360 (all ACKs received)
[cspcla 19:05:53 pid=341729 tid=140650056472256] outbound_pdu callback link_id=2 tx_id=3208 len=360
[cspcla 19:05:54 pid=341729 tid=140650056472256] ✓ TX SUCCESS tx_id=3208 dst_csp=2:10 bytes=360 (all ACKs received)
[cspcla 19:05:54 pid=341729 tid=140650056472256] outbound_pdu callback link_id=2 tx_id=3209 len=360
[cspcla 19:05:54 pid=341729 tid=140650056472256] ✓ TX SUCCESS tx_id=3209 dst_csp=2:10 bytes=360 (all ACKs received)
[cspcla 19:05:54 pid=341729 tid=140650056472256] outbound_pdu callback link_id=2 tx_id=3210 len=360
[cspcla 19:05:54 pid=341729 tid=140650056472256] ✓ TX SUCCESS tx_id=3210 dst_csp=2:10 bytes=360 (all ACKs received)
[cspcla 19:05:55 pid=341729 tid=140650056472256] outbound_pdu callback link_id=2 tx_id=3211 len=360
[cspcla 19:05:55 pid=341729 tid=140650056472256] ✓ TX SUCCESS tx_id=3211 dst_csp=2:10 bytes=360 (all ACKs received)
[cspcla 19:05:55 pid=341729 tid=140650056472256] outbound_pdu callback link_id=2 tx_id=3212 len=360
[cspcla 19:05:55 pid=341729 tid=140650056472256] ✓ TX SUCCESS tx_id=3212 dst_csp=2:10 bytes=360 (all ACKs received)
[cspcla 19:05:55 pid=341729 tid=140650056472256] outbound_pdu callback link_id=2 tx_id=3213 len=360
[cspcla 19:05:55 pid=341729 tid=140650056472256] ✓ TX SUCCESS tx_id=3213 dst_csp=2:10 bytes=360 (all ACKs received)
[cspcla 19:05:55 pid=341729 tid=140650056472256] outbound_pdu callback link_id=2 tx_id=3214 len=360
[cspcla 19:05:56 pid=341729 tid=140650056472256] ✓ TX SUCCESS tx_id=3214 dst_csp=2:10 bytes=360 (all ACKs received)
[cspcla 19:05:56 pid=341729 tid=140650056472256] outbound_pdu callback link_id=2 tx_id=3215 len=360
[cspcla 19:05:56 pid=341729 tid=140650056472256] ✓ TX SUCCESS tx_id=3215 dst_csp=2:10 bytes=360 (all ACKs received)
[cspcla 19:05:56 pid=341729 tid=140650056472256] outbound_pdu callback link_id=2 tx_id=3216 len=360
[cspcla 19:05:56 pid=341729 tid=140650056472256] ✓ TX SUCCESS tx_id=3216 dst_csp=2:10 bytes=360 (all ACKs received)
[cspcla 19:05:56 pid=341729 tid=140650056472256] outbound_pdu callback link_id=2 tx_id=3217 len=360
[cspcla 19:05:56 pid=341729 tid=140650056472256] ✓ TX SUCCESS tx_id=3217 dst_csp=2:10 bytes=360 (all ACKs received)
[cspcla 19:05:56 pid=341729 tid=140650056472256] outbound_pdu callback link_id=2 tx_id=3218 len=360
[cspcla 19:05:57 pid=341729 tid=140650056472256] ✓ TX SUCCESS tx_id=3218 dst_csp=2:10 bytes=360 (all ACKs received)
[cspcla 19:05:57 pid=341729 tid=140650056472256] outbound_pdu callback link_id=2 tx_id=3219 len=360
[cspcla 19:05:57 pid=341729 tid=140650056472256] ✓ TX SUCCESS tx_id=3219 dst_csp=2:10 bytes=360 (all ACKs received)
[cspcla 19:05:57 pid=341729 tid=140650056472256] outbound_pdu callback link_id=2 tx_id=3220 len=360
[cspcla 19:05:57 pid=341729 tid=140650056472256] ✓ TX SUCCESS tx_id=3220 dst_csp=2:10 bytes=360 (all ACKs received)
[cspcla 19:05:58 pid=341729 tid=140650056472256] outbound_pdu callback link_id=2 tx_id=3221 len=360
[cspcla 19:05:58 pid=341729 tid=140650056472256] ✓ TX SUCCESS tx_id=3221 dst_csp=2:10 bytes=360 (all ACKs received)
[cspcla 19:05:58 pid=341729 tid=140650056472256] outbound_pdu callback link_id=2 tx_id=3222 len=360
[cspcla 19:05:58 pid=341729 tid=140650056472256] ✓ TX SUCCESS tx_id=3222 dst_csp=2:10 bytes=360 (all ACKs received)
[cspcla 19:05:58 pid=341729 tid=140650056472256] outbound_pdu callback link_id=2 tx_id=3223 len=360
[cspcla 19:05:58 pid=341729 tid=140650056472256] ✓ TX SUCCESS tx_id=3223 dst_csp=2:10 bytes=360 (all ACKs received)
[cspcla 19:05:58 pid=341729 tid=140650056472256] outbound_pdu callback link_id=2 tx_id=3224 len=360
[cspcla 19:05:58 pid=341729 tid=140650056472256] ✓ TX SUCCESS tx_id=3224 dst_csp=2:10 bytes=360 (all ACKs received)
[cspcla 19:05:58 pid=341729 tid=140650056472256] outbound_pdu callback link_id=2 tx_id=3225 len=360
[cspcla 19:05:59 pid=341729 tid=140650056472256] ✓ TX SUCCESS tx_id=3225 dst_csp=2:10 bytes=360 (all ACKs received)
[cspcla 19:05:59 pid=341729 tid=140650056472256] outbound_pdu callback link_id=2 tx_id=3226 len=360
[cspcla 19:05:59 pid=341729 tid=140650056472256] ✓ TX SUCCESS tx_id=3226 dst_csp=2:10 bytes=360 (all ACKs received)
[cspcla 19:05:59 pid=341729 tid=140650056472256] outbound_pdu callback link_id=2 tx_id=3227 len=360
[cspcla 19:05:59 pid=341729 tid=140650056472256] ✓ TX SUCCESS tx_id=3227 dst_csp=2:10 bytes=360 (all ACKs received)
[cspcla 19:05:59 pid=341729 tid=140650056472256] outbound_pdu callback link_id=2 tx_id=3228 len=360
[cspcla 19:06:00 pid=341729 tid=140650056472256] ✓ TX SUCCESS tx_id=3228 dst_csp=2:10 bytes=360 (all ACKs received)
[cspcla 19:06:00 pid=341729 tid=140650056472256] outbound_pdu callback link_id=2 tx_id=3229 len=360
[cspcla 19:06:00 pid=341729 tid=140650056472256] ✓ TX SUCCESS tx_id=3229 dst_csp=2:10 bytes=360 (all ACKs received)
[cspcla 19:06:00 pid=341729 tid=140650056472256] outbound_pdu callback link_id=2 tx_id=3230 len=360
[cspcla 19:06:00 pid=341729 tid=140650056472256] ✓ TX SUCCESS tx_id=3230 dst_csp=2:10 bytes=360 (all ACKs received)
[cspcla 19:06:01 pid=341729 tid=140650056472256] outbound_pdu callback link_id=2 tx_id=3231 len=360
[cspcla 19:06:01 pid=341729 tid=140650056472256] ✓ TX SUCCESS tx_id=3231 dst_csp=2:10 bytes=360 (all ACKs received)
[cspcla 19:06:01 pid=341729 tid=140650056472256] outbound_pdu callback link_id=2 tx_id=3232 len=360
[cspcla 19:06:01 pid=341729 tid=140650056472256] ✓ TX SUCCESS tx_id=3232 dst_csp=2:10 bytes=360 (all ACKs received)
[cspcla 19:06:01 pid=341729 tid=140650056472256] outbound_pdu callback link_id=2 tx_id=3233 len=360
[cspcla 19:06:01 pid=341729 tid=140650056472256] ✓ TX SUCCESS tx_id=3233 dst_csp=2:10 bytes=360 (all ACKs received)
[cspcla 19:06:01 pid=341729 tid=140650056472256] outbound_pdu callback link_id=2 tx_id=3234 len=360
[cspcla 19:06:01 pid=341729 tid=140650056472256] ✓ TX SUCCESS tx_id=3234 dst_csp=2:10 bytes=360 (all ACKs received)
[cspcla 19:06:01 pid=341729 tid=140650056472256] outbound_pdu callback link_id=2 tx_id=3235 len=360
[cspcla 19:06:02 pid=341729 tid=140650056472256] ✓ TX SUCCESS tx_id=3235 dst_csp=2:10 bytes=360 (all ACKs received)
[cspcla 19:06:02 pid=341729 tid=140650056472256] outbound_pdu callback link_id=2 tx_id=3236 len=360
[cspcla 19:06:02 pid=341729 tid=140650056472256] ✓ TX SUCCESS tx_id=3236 dst_csp=2:10 bytes=360 (all ACKs received)
[cspcla 19:06:02 pid=341729 tid=140650056472256] outbound_pdu callback link_id=2 tx_id=3237 len=360
[cspcla 19:06:02 pid=341729 tid=140650056472256] ✓ TX SUCCESS tx_id=3237 dst_csp=2:10 bytes=360 (all ACKs received)
[cspcla 19:06:02 pid=341729 tid=140650056472256] outbound_pdu callback link_id=2 tx_id=3238 len=360
[cspcla 19:06:02 pid=341729 tid=140650056472256] ✓ TX SUCCESS tx_id=3238 dst_csp=2:10 bytes=360 (all ACKs received)
[cspcla 19:06:02 pid=341729 tid=140650056472256] outbound_pdu callback link_id=2 tx_id=3239 len=360
[cspcla 19:06:03 pid=341729 tid=140650056472256] ✓ TX SUCCESS tx_id=3239 dst_csp=2:10 bytes=360 (all ACKs received)
[cspcla 19:06:03 pid=341729 tid=140650056472256] outbound_pdu callback link_id=2 tx_id=3240 len=360
[cspcla 19:06:03 pid=341729 tid=140650056472256] ✓ TX SUCCESS tx_id=3240 dst_csp=2:10 bytes=360 (all ACKs received)
[cspcla 19:06:04 pid=341729 tid=140650056472256] outbound_pdu callback link_id=2 tx_id=3241 len=360
[cspcla 19:06:04 pid=341729 tid=140650056472256] ✓ TX SUCCESS tx_id=3241 dst_csp=2:10 bytes=360 (all ACKs received)
[cspcla 19:06:04 pid=341729 tid=140650056472256] outbound_pdu callback link_id=2 tx_id=3242 len=360
[cspcla 19:06:04 pid=341729 tid=140650056472256] ✓ TX SUCCESS tx_id=3242 dst_csp=2:10 bytes=360 (all ACKs received)
[cspcla 19:06:04 pid=341729 tid=140650056472256] outbound_pdu callback link_id=2 tx_id=3243 len=360
[cspcla 19:06:04 pid=341729 tid=140650056472256] ✓ TX SUCCESS tx_id=3243 dst_csp=2:10 bytes=360 (all ACKs received)
[cspcla 19:06:04 pid=341729 tid=140650056472256] outbound_pdu callback link_id=2 tx_id=3244 len=360
[cspcla 19:06:04 pid=341729 tid=140650056472256] ✓ TX SUCCESS tx_id=3244 dst_csp=2:10 bytes=360 (all ACKs received)
[cspcla 19:06:04 pid=341729 tid=140650056472256] outbound_pdu callback link_id=2 tx_id=3245 len=360
[cspcla 19:06:05 pid=341729 tid=140650056472256] ✓ TX SUCCESS tx_id=3245 dst_csp=2:10 bytes=360 (all ACKs received)
[cspcla 19:06:05 pid=341729 tid=140650056472256] outbound_pdu callback link_id=2 tx_id=3246 len=360
[cspcla 19:06:05 pid=341729 tid=140650056472256] ✓ TX SUCCESS tx_id=3246 dst_csp=2:10 bytes=360 (all ACKs received)
[cspcla 19:06:05 pid=341729 tid=140650056472256] outbound_pdu callback link_id=2 tx_id=3247 len=360
[cspcla 19:06:05 pid=341729 tid=140650056472256] ✓ TX SUCCESS tx_id=3247 dst_csp=2:10 bytes=360 (all ACKs received)
[cspcla 19:06:05 pid=341729 tid=140650056472256] outbound_pdu callback link_id=2 tx_id=3248 len=360
[cspcla 19:06:05 pid=341729 tid=140650056472256] ✓ TX SUCCESS tx_id=3248 dst_csp=2:10 bytes=360 (all ACKs received)
[cspcla 19:06:05 pid=341729 tid=140650056472256] outbound_pdu callback link_id=2 tx_id=3249 len=360
[cspcla 19:06:06 pid=341729 tid=140650056472256] ✓ TX SUCCESS tx_id=3249 dst_csp=2:10 bytes=360 (all ACKs received)
[cspcla 19:06:06 pid=341729 tid=140650056472256] outbound_pdu callback link_id=2 tx_id=3250 len=360
[cspcla 19:06:06 pid=341729 tid=140650056472256] ✓ TX SUCCESS tx_id=3250 dst_csp=2:10 bytes=360 (all ACKs received)
[cspcla 19:06:07 pid=341729 tid=140650056472256] outbound_pdu callback link_id=2 tx_id=3251 len=360
[cspcla 19:06:07 pid=341729 tid=140650056472256] ✓ TX SUCCESS tx_id=3251 dst_csp=2:10 bytes=360 (all ACKs received)
[cspcla 19:06:07 pid=341729 tid=140650056472256] outbound_pdu callback link_id=2 tx_id=3252 len=360
[cspcla 19:06:07 pid=341729 tid=140650056472256] ✓ TX SUCCESS tx_id=3252 dst_csp=2:10 bytes=360 (all ACKs received)
[cspcla 19:06:07 pid=341729 tid=140650056472256] outbound_pdu callback link_id=2 tx_id=3253 len=360
[cspcla 19:06:07 pid=341729 tid=140650056472256] ✓ TX SUCCESS tx_id=3253 dst_csp=2:10 bytes=360 (all ACKs received)
[cspcla 19:06:07 pid=341729 tid=140650056472256] outbound_pdu callback link_id=2 tx_id=3254 len=360
[cspcla 19:06:07 pid=341729 tid=140650056472256] ✓ TX SUCCESS tx_id=3254 dst_csp=2:10 bytes=360 (all ACKs received)
[cspcla 19:06:07 pid=341729 tid=140650056472256] outbound_pdu callback link_id=2 tx_id=3255 len=360
[cspcla 19:06:08 pid=341729 tid=140650056472256] ✓ TX SUCCESS tx_id=3255 dst_csp=2:10 bytes=360 (all ACKs received)
[cspcla 19:06:08 pid=341729 tid=140650056472256] outbound_pdu callback link_id=2 tx_id=3256 len=360
[cspcla 19:06:08 pid=341729 tid=140650056472256] ✓ TX SUCCESS tx_id=3256 dst_csp=2:10 bytes=360 (all ACKs received)
[cspcla 19:06:08 pid=341729 tid=140650056472256] outbound_pdu callback link_id=2 tx_id=3257 len=360
[cspcla 19:06:08 pid=341729 tid=140650056472256] ✓ TX SUCCESS tx_id=3257 dst_csp=2:10 bytes=360 (all ACKs received)
[cspcla 19:06:08 pid=341729 tid=140650056472256] outbound_pdu callback link_id=2 tx_id=3258 len=360
[cspcla 19:06:08 pid=341729 tid=140650056472256] ✓ TX SUCCESS tx_id=3258 dst_csp=2:10 bytes=360 (all ACKs received)
[cspcla 19:06:08 pid=341729 tid=140650056472256] outbound_pdu callback link_id=2 tx_id=3259 len=360
[cspcla 19:06:09 pid=341729 tid=140650056472256] ✓ TX SUCCESS tx_id=3259 dst_csp=2:10 bytes=360 (all ACKs received)
[cspcla 19:06:09 pid=341729 tid=140650056472256] outbound_pdu callback link_id=2 tx_id=3260 len=360
[cspcla 19:06:09 pid=341729 tid=140650056472256] ✓ TX SUCCESS tx_id=3260 dst_csp=2:10 bytes=360 (all ACKs received)
[cspcla 19:06:10 pid=341729 tid=140650056472256] outbound_pdu callback link_id=2 tx_id=3261 len=360
[cspcla 19:06:10 pid=341729 tid=140650056472256] ✓ TX SUCCESS tx_id=3261 dst_csp=2:10 bytes=360 (all ACKs received)
[cspcla 19:06:10 pid=341729 tid=140650056472256] outbound_pdu callback link_id=2 tx_id=3262 len=360
[cspcla 19:06:10 pid=341729 tid=140650056472256] ✓ TX SUCCESS tx_id=3262 dst_csp=2:10 bytes=360 (all ACKs received)
[cspcla 19:06:10 pid=341729 tid=140650056472256] outbound_pdu callback link_id=2 tx_id=3263 len=360
[cspcla 19:06:10 pid=341729 tid=140650056472256] ✓ TX SUCCESS tx_id=3263 dst_csp=2:10 bytes=360 (all ACKs received)
[cspcla 19:06:10 pid=341729 tid=140650056472256] outbound_pdu callback link_id=2 tx_id=3264 len=360
[cspcla 19:06:10 pid=341729 tid=140650056472256] ✓ TX SUCCESS tx_id=3264 dst_csp=2:10 bytes=360 (all ACKs received)
[cspcla 19:06:10 pid=341729 tid=140650056472256] outbound_pdu callback link_id=2 tx_id=3265 len=360
[cspcla 19:06:11 pid=341729 tid=140650056472256] ✓ TX SUCCESS tx_id=3265 dst_csp=2:10 bytes=360 (all ACKs received)
[cspcla 19:06:11 pid=341729 tid=140650056472256] outbound_pdu callback link_id=2 tx_id=3266 len=360
[cspcla 19:06:11 pid=341729 tid=140650056472256] ✓ TX SUCCESS tx_id=3266 dst_csp=2:10 bytes=360 (all ACKs received)
[cspcla 19:06:11 pid=341729 tid=140650056472256] outbound_pdu callback link_id=2 tx_id=3267 len=360
[cspcla 19:06:11 pid=341729 tid=140650056472256] ✓ TX SUCCESS tx_id=3267 dst_csp=2:10 bytes=360 (all ACKs received)
[cspcla 19:06:11 pid=341729 tid=140650056472256] outbound_pdu callback link_id=2 tx_id=3268 len=360
[cspcla 19:06:11 pid=341729 tid=140650056472256] ✓ TX SUCCESS tx_id=3268 dst_csp=2:10 bytes=360 (all ACKs received)
[cspcla 19:06:11 pid=341729 tid=140650056472256] outbound_pdu callback link_id=2 tx_id=3269 len=360
[cspcla 19:06:12 pid=341729 tid=140650056472256] ✓ TX SUCCESS tx_id=3269 dst_csp=2:10 bytes=360 (all ACKs received)
[cspcla 19:06:12 pid=341729 tid=140650056472256] outbound_pdu callback link_id=2 tx_id=3270 len=360
[cspcla 19:06:12 pid=341729 tid=140650056472256] ✓ TX SUCCESS tx_id=3270 dst_csp=2:10 bytes=360 (all ACKs received)
[cspcla 19:06:13 pid=341729 tid=140650056472256] outbound_pdu callback link_id=2 tx_id=3271 len=360
[cspcla 19:06:13 pid=341729 tid=140650056472256] ✓ TX SUCCESS tx_id=3271 dst_csp=2:10 bytes=360 (all ACKs received)
[cspcla 19:06:13 pid=341729 tid=140650056472256] outbound_pdu callback link_id=2 tx_id=3272 len=360
[cspcla 19:06:13 pid=341729 tid=140650056472256] ✓ TX SUCCESS tx_id=3272 dst_csp=2:10 bytes=360 (all ACKs received)
[cspcla 19:06:13 pid=341729 tid=140650056472256] outbound_pdu callback link_id=2 tx_id=3273 len=360
[cspcla 19:06:13 pid=341729 tid=140650056472256] ✓ TX SUCCESS tx_id=3273 dst_csp=2:10 bytes=360 (all ACKs received)
[cspcla 19:06:13 pid=341729 tid=140650056472256] outbound_pdu callback link_id=2 tx_id=3274 len=360
[cspcla 19:06:13 pid=341729 tid=140650056472256] ✓ TX SUCCESS tx_id=3274 dst_csp=2:10 bytes=360 (all ACKs received)
[cspcla 19:06:13 pid=341729 tid=140650056472256] outbound_pdu callback link_id=2 tx_id=3275 len=360
[cspcla 19:06:14 pid=341729 tid=140650056472256] ✓ TX SUCCESS tx_id=3275 dst_csp=2:10 bytes=360 (all ACKs received)
[cspcla 19:06:14 pid=341729 tid=140650056472256] outbound_pdu callback link_id=2 tx_id=3276 len=360
[cspcla 19:06:14 pid=341729 tid=140650056472256] ✓ TX SUCCESS tx_id=3276 dst_csp=2:10 bytes=360 (all ACKs received)
[cspcla 19:06:14 pid=341729 tid=140650056472256] outbound_pdu callback link_id=2 tx_id=3277 len=360
[cspcla 19:06:14 pid=341729 tid=140650056472256] ✓ TX SUCCESS tx_id=3277 dst_csp=2:10 bytes=360 (all ACKs received)
[cspcla 19:06:14 pid=341729 tid=140650056472256] outbound_pdu callback link_id=2 tx_id=3278 len=360
[cspcla 19:06:14 pid=341729 tid=140650056472256] ✓ TX SUCCESS tx_id=3278 dst_csp=2:10 bytes=360 (all ACKs received)
[cspcla 19:06:14 pid=341729 tid=140650056472256] outbound_pdu callback link_id=2 tx_id=3279 len=360
[cspcla 19:06:15 pid=341729 tid=140650056472256] ✓ TX SUCCESS tx_id=3279 dst_csp=2:10 bytes=360 (all ACKs received)
[cspcla 19:06:15 pid=341729 tid=140650056472256] outbound_pdu callback link_id=2 tx_id=3280 len=360
[cspcla 19:06:15 pid=341729 tid=140650056472256] ✓ TX SUCCESS tx_id=3280 dst_csp=2:10 bytes=360 (all ACKs received)
[cspcla 19:06:16 pid=341729 tid=140650056472256] outbound_pdu callback link_id=2 tx_id=3281 len=360
[cspcla 19:06:16 pid=341729 tid=140650056472256] ✓ TX SUCCESS tx_id=3281 dst_csp=2:10 bytes=360 (all ACKs received)
[cspcla 19:06:16 pid=341729 tid=140650056472256] outbound_pdu callback link_id=2 tx_id=3282 len=360
[cspcla 19:06:16 pid=341729 tid=140650056472256] ✓ TX SUCCESS tx_id=3282 dst_csp=2:10 bytes=360 (all ACKs received)
[cspcla 19:06:16 pid=341729 tid=140650056472256] outbound_pdu callback link_id=2 tx_id=3283 len=360
[cspcla 19:06:16 pid=341729 tid=140650056472256] ✓ TX SUCCESS tx_id=3283 dst_csp=2:10 bytes=360 (all ACKs received)
[cspcla 19:06:16 pid=341729 tid=140650056472256] outbound_pdu callback link_id=2 tx_id=3284 len=360
[cspcla 19:06:16 pid=341729 tid=140650056472256] ✓ TX SUCCESS tx_id=3284 dst_csp=2:10 bytes=360 (all ACKs received)
[cspcla 19:06:16 pid=341729 tid=140650056472256] outbound_pdu callback link_id=2 tx_id=3285 len=360
[cspcla 19:06:17 pid=341729 tid=140650056472256] ✓ TX SUCCESS tx_id=3285 dst_csp=2:10 bytes=360 (all ACKs received)
[cspcla 19:06:17 pid=341729 tid=140650056472256] outbound_pdu callback link_id=2 tx_id=3286 len=360
[cspcla 19:06:17 pid=341729 tid=140650056472256] ✓ TX SUCCESS tx_id=3286 dst_csp=2:10 bytes=360 (all ACKs received)
[cspcla 19:06:17 pid=341729 tid=140650056472256] outbound_pdu callback link_id=2 tx_id=3287 len=360
[cspcla 19:06:17 pid=341729 tid=140650056472256] ✓ TX SUCCESS tx_id=3287 dst_csp=2:10 bytes=360 (all ACKs received)
[cspcla 19:06:17 pid=341729 tid=140650056472256] outbound_pdu callback link_id=2 tx_id=3288 len=360
[cspcla 19:06:18 pid=341729 tid=140650056472256] ✓ TX SUCCESS tx_id=3288 dst_csp=2:10 bytes=360 (all ACKs received)
[cspcla 19:06:18 pid=341729 tid=140650056472256] outbound_pdu callback link_id=2 tx_id=3289 len=360
[cspcla 19:06:18 pid=341729 tid=140650056472256] ✓ TX SUCCESS tx_id=3289 dst_csp=2:10 bytes=360 (all ACKs received)
[cspcla 19:06:18 pid=341729 tid=140650056472256] outbound_pdu callback link_id=2 tx_id=3290 len=360
[cspcla 19:06:18 pid=341729 tid=140650056472256] ✓ TX SUCCESS tx_id=3290 dst_csp=2:10 bytes=360 (all ACKs received)
[cspcla 19:06:19 pid=341729 tid=140650056472256] outbound_pdu callback link_id=2 tx_id=3291 len=360
[cspcla 19:06:19 pid=341729 tid=140650056472256] ✓ TX SUCCESS tx_id=3291 dst_csp=2:10 bytes=360 (all ACKs received)
[cspcla 19:06:19 pid=341729 tid=140650056472256] outbound_pdu callback link_id=2 tx_id=3292 len=360
[cspcla 19:06:19 pid=341729 tid=140650056472256] ✓ TX SUCCESS tx_id=3292 dst_csp=2:10 bytes=360 (all ACKs received)
[cspcla 19:06:19 pid=341729 tid=140650056472256] outbound_pdu callback link_id=2 tx_id=3293 len=360
[cspcla 19:06:19 pid=341729 tid=140650056472256] ✓ TX SUCCESS tx_id=3293 dst_csp=2:10 bytes=360 (all ACKs received)
[cspcla 19:06:19 pid=341729 tid=140650056472256] outbound_pdu callback link_id=2 tx_id=3294 len=360
[cspcla 19:06:19 pid=341729 tid=140650056472256] ✓ TX SUCCESS tx_id=3294 dst_csp=2:10 bytes=360 (all ACKs received)
[cspcla 19:06:19 pid=341729 tid=140650056472256] outbound_pdu callback link_id=2 tx_id=3295 len=360
[cspcla 19:06:20 pid=341729 tid=140650056472256] ✓ TX SUCCESS tx_id=3295 dst_csp=2:10 bytes=360 (all ACKs received)
[cspcla 19:06:20 pid=341729 tid=140650056472256] outbound_pdu callback link_id=2 tx_id=3296 len=360
[cspcla 19:06:20 pid=341729 tid=140650056472256] ✓ TX SUCCESS tx_id=3296 dst_csp=2:10 bytes=360 (all ACKs received)
[cspcla 19:06:20 pid=341729 tid=140650056472256] outbound_pdu callback link_id=2 tx_id=3297 len=360
[cspcla 19:06:20 pid=341729 tid=140650056472256] ✓ TX SUCCESS tx_id=3297 dst_csp=2:10 bytes=360 (all ACKs received)
[cspcla 19:06:20 pid=341729 tid=140650056472256] outbound_pdu callback link_id=2 tx_id=3298 len=360
[cspcla 19:06:20 pid=341729 tid=140650056472256] ✓ TX SUCCESS tx_id=3298 dst_csp=2:10 bytes=360 (all ACKs received)
[cspcla 19:06:20 pid=341729 tid=140650056472256] outbound_pdu callback link_id=2 tx_id=3299 len=360
[cspcla 19:06:21 pid=341729 tid=140650056472256] ✓ TX SUCCESS tx_id=3299 dst_csp=2:10 bytes=360 (all ACKs received)
[cspcla 19:06:21 pid=341729 tid=140650056472256] outbound_pdu callback link_id=2 tx_id=3300 len=360
[cspcla 19:06:21 pid=341729 tid=140650056472256] ✓ TX SUCCESS tx_id=3300 dst_csp=2:10 bytes=360 (all ACKs received)
[cspcla 19:06:22 pid=341729 tid=140650056472256] outbound_pdu callback link_id=2 tx_id=3301 len=360
[cspcla 19:06:22 pid=341729 tid=140650056472256] ✓ TX SUCCESS tx_id=3301 dst_csp=2:10 bytes=360 (all ACKs received)
[cspcla 19:06:22 pid=341729 tid=140650056472256] outbound_pdu callback link_id=2 tx_id=3302 len=360
[cspcla 19:06:22 pid=341729 tid=140650056472256] ✓ TX SUCCESS tx_id=3302 dst_csp=2:10 bytes=360 (all ACKs received)
[cspcla 19:06:22 pid=341729 tid=140650056472256] outbound_pdu callback link_id=2 tx_id=3303 len=360
[cspcla 19:06:22 pid=341729 tid=140650056472256] ✓ TX SUCCESS tx_id=3303 dst_csp=2:10 bytes=360 (all ACKs received)
[cspcla 19:06:22 pid=341729 tid=140650056472256] outbound_pdu callback link_id=2 tx_id=3304 len=360
[cspcla 19:06:22 pid=341729 tid=140650056472256] ✓ TX SUCCESS tx_id=3304 dst_csp=2:10 bytes=360 (all ACKs received)
[cspcla 19:06:22 pid=341729 tid=140650056472256] outbound_pdu callback link_id=2 tx_id=3305 len=360
[cspcla 19:06:23 pid=341729 tid=140650056472256] ✓ TX SUCCESS tx_id=3305 dst_csp=2:10 bytes=360 (all ACKs received)
[cspcla 19:06:23 pid=341729 tid=140650056472256] outbound_pdu callback link_id=2 tx_id=3306 len=360
[cspcla 19:06:23 pid=341729 tid=140650056472256] ✓ TX SUCCESS tx_id=3306 dst_csp=2:10 bytes=360 (all ACKs received)
[cspcla 19:06:23 pid=341729 tid=140650056472256] outbound_pdu callback link_id=2 tx_id=3307 len=360
[cspcla 19:06:23 pid=341729 tid=140650056472256] ✓ TX SUCCESS tx_id=3307 dst_csp=2:10 bytes=360 (all ACKs received)
[cspcla 19:06:23 pid=341729 tid=140650056472256] outbound_pdu callback link_id=2 tx_id=3308 len=360
[cspcla 19:06:23 pid=341729 tid=140650056472256] ✓ TX SUCCESS tx_id=3308 dst_csp=2:10 bytes=360 (all ACKs received)
[cspcla 19:06:23 pid=341729 tid=140650056472256] outbound_pdu callback link_id=2 tx_id=3309 len=360
[cspcla 19:06:24 pid=341729 tid=140650056472256] ✓ TX SUCCESS tx_id=3309 dst_csp=2:10 bytes=360 (all ACKs received)
[cspcla 19:06:24 pid=341729 tid=140650056472256] outbound_pdu callback link_id=2 tx_id=3310 len=360
[cspcla 19:06:24 pid=341729 tid=140650056472256] ✓ TX SUCCESS tx_id=3310 dst_csp=2:10 bytes=360 (all ACKs received)
[cspcla 19:06:25 pid=341729 tid=140650056472256] outbound_pdu callback link_id=2 tx_id=3311 len=360
[cspcla 19:06:25 pid=341729 tid=140650056472256] ✓ TX SUCCESS tx_id=3311 dst_csp=2:10 bytes=360 (all ACKs received)
[cspcla 19:06:25 pid=341729 tid=140650056472256] outbound_pdu callback link_id=2 tx_id=3312 len=360
[cspcla 19:06:25 pid=341729 tid=140650056472256] ✓ TX SUCCESS tx_id=3312 dst_csp=2:10 bytes=360 (all ACKs received)
[cspcla 19:06:25 pid=341729 tid=140650056472256] outbound_pdu callback link_id=2 tx_id=3313 len=360
[cspcla 19:06:25 pid=341729 tid=140650056472256] ✓ TX SUCCESS tx_id=3313 dst_csp=2:10 bytes=360 (all ACKs received)
[cspcla 19:06:25 pid=341729 tid=140650056472256] outbound_pdu callback link_id=2 tx_id=3314 len=360
[cspcla 19:06:25 pid=341729 tid=140650056472256] ✓ TX SUCCESS tx_id=3314 dst_csp=2:10 bytes=360 (all ACKs received)
[cspcla 19:06:25 pid=341729 tid=140650056472256] outbound_pdu callback link_id=2 tx_id=3315 len=360
[cspcla 19:06:25 pid=341729 tid=140650056472256] ✓ TX SUCCESS tx_id=3315 dst_csp=2:10 bytes=360 (all ACKs received)
[cspcla 19:06:25 pid=341729 tid=140650056472256] outbound_pdu callback link_id=2 tx_id=3316 len=360
[cspcla 19:06:26 pid=341729 tid=140650056472256] ✓ TX SUCCESS tx_id=3316 dst_csp=2:10 bytes=360 (all ACKs received)
[cspcla 19:06:26 pid=341729 tid=140650056472256] outbound_pdu callback link_id=2 tx_id=3317 len=360
[cspcla 19:06:26 pid=341729 tid=140650056472256] ✓ TX SUCCESS tx_id=3317 dst_csp=2:10 bytes=360 (all ACKs received)
[cspcla 19:06:26 pid=341729 tid=140650056472256] outbound_pdu callback link_id=2 tx_id=3318 len=360
[cspcla 19:06:26 pid=341729 tid=140650056472256] ✓ TX SUCCESS tx_id=3318 dst_csp=2:10 bytes=360 (all ACKs received)
[cspcla 19:06:26 pid=341729 tid=140650056472256] outbound_pdu callback link_id=2 tx_id=3319 len=360
[cspcla 19:06:27 pid=341729 tid=140650056472256] ✓ TX SUCCESS tx_id=3319 dst_csp=2:10 bytes=360 (all ACKs received)
[cspcla 19:06:27 pid=341729 tid=140650056472256] outbound_pdu callback link_id=2 tx_id=3320 len=360
[cspcla 19:06:27 pid=341729 tid=140650056472256] ✓ TX SUCCESS tx_id=3320 dst_csp=2:10 bytes=360 (all ACKs received)
[cspcla 19:06:28 pid=341729 tid=140650056472256] outbound_pdu callback link_id=2 tx_id=3321 len=360
[cspcla 19:06:28 pid=341729 tid=140650056472256] ✓ TX SUCCESS tx_id=3321 dst_csp=2:10 bytes=360 (all ACKs received)
[cspcla 19:06:28 pid=341729 tid=140650056472256] outbound_pdu callback link_id=2 tx_id=3322 len=360
[cspcla 19:06:28 pid=341729 tid=140650056472256] ✓ TX SUCCESS tx_id=3322 dst_csp=2:10 bytes=360 (all ACKs received)
[cspcla 19:06:28 pid=341729 tid=140650056472256] outbound_pdu callback link_id=2 tx_id=3323 len=360
[cspcla 19:06:28 pid=341729 tid=140650056472256] ✓ TX SUCCESS tx_id=3323 dst_csp=2:10 bytes=360 (all ACKs received)
[cspcla 19:06:28 pid=341729 tid=140650056472256] outbound_pdu callback link_id=2 tx_id=3324 len=360
[cspcla 19:06:28 pid=341729 tid=140650056472256] ✓ TX SUCCESS tx_id=3324 dst_csp=2:10 bytes=360 (all ACKs received)
[cspcla 19:06:28 pid=341729 tid=140650056472256] outbound_pdu callback link_id=2 tx_id=3325 len=360
[cspcla 19:06:29 pid=341729 tid=140650056472256] ✓ TX SUCCESS tx_id=3325 dst_csp=2:10 bytes=360 (all ACKs received)
[cspcla 19:06:29 pid=341729 tid=140650056472256] outbound_pdu callback link_id=2 tx_id=3326 len=360
[cspcla 19:06:29 pid=341729 tid=140650056472256] ✓ TX SUCCESS tx_id=3326 dst_csp=2:10 bytes=360 (all ACKs received)
[cspcla 19:06:29 pid=341729 tid=140650056472256] outbound_pdu callback link_id=2 tx_id=3327 len=360
[cspcla 19:06:29 pid=341729 tid=140650056472256] ✓ TX SUCCESS tx_id=3327 dst_csp=2:10 bytes=360 (all ACKs received)
[cspcla 19:06:29 pid=341729 tid=140650056472256] outbound_pdu callback link_id=2 tx_id=3328 len=360
[cspcla 19:06:29 pid=341729 tid=140650056472256] ✓ TX SUCCESS tx_id=3328 dst_csp=2:10 bytes=360 (all ACKs received)
[cspcla 19:06:29 pid=341729 tid=140650056472256] outbound_pdu callback link_id=2 tx_id=3329 len=360
[cspcla 19:06:29 pid=341729 tid=140650056472256] ✓ TX SUCCESS tx_id=3329 dst_csp=2:10 bytes=360 (all ACKs received)
[cspcla 19:06:29 pid=341729 tid=140650056472256] outbound_pdu callback link_id=2 tx_id=3330 len=360
[cspcla 19:06:30 pid=341729 tid=140650056472256] ✓ TX SUCCESS tx_id=3330 dst_csp=2:10 bytes=360 (all ACKs received)
[cspcla 19:06:31 pid=341729 tid=140650056472256] outbound_pdu callback link_id=2 tx_id=3331 len=360
[cspcla 19:06:31 pid=341729 tid=140650056472256] ✓ TX SUCCESS tx_id=3331 dst_csp=2:10 bytes=360 (all ACKs received)
[cspcla 19:06:31 pid=341729 tid=140650056472256] outbound_pdu callback link_id=2 tx_id=3332 len=360
[cspcla 19:06:31 pid=341729 tid=140650056472256] ✓ TX SUCCESS tx_id=3332 dst_csp=2:10 bytes=360 (all ACKs received)
[cspcla 19:06:31 pid=341729 tid=140650056472256] outbound_pdu callback link_id=2 tx_id=3333 len=360
[cspcla 19:06:31 pid=341729 tid=140650056472256] ✓ TX SUCCESS tx_id=3333 dst_csp=2:10 bytes=360 (all ACKs received)
[cspcla 19:06:31 pid=341729 tid=140650056472256] outbound_pdu callback link_id=2 tx_id=3334 len=360
[cspcla 19:06:31 pid=341729 tid=140650056472256] ✓ TX SUCCESS tx_id=3334 dst_csp=2:10 bytes=360 (all ACKs received)
[cspcla 19:06:31 pid=341729 tid=140650056472256] outbound_pdu callback link_id=2 tx_id=3335 len=360
[cspcla 19:06:32 pid=341729 tid=140650056472256] ✓ TX SUCCESS tx_id=3335 dst_csp=2:10 bytes=360 (all ACKs received)
[cspcla 19:06:32 pid=341729 tid=140650056472256] outbound_pdu callback link_id=2 tx_id=3336 len=360
[cspcla 19:06:32 pid=341729 tid=140650056472256] ✓ TX SUCCESS tx_id=3336 dst_csp=2:10 bytes=360 (all ACKs received)
[cspcla 19:06:32 pid=341729 tid=140650056472256] outbound_pdu callback link_id=2 tx_id=3337 len=360
[cspcla 19:06:32 pid=341729 tid=140650056472256] ✓ TX SUCCESS tx_id=3337 dst_csp=2:10 bytes=360 (all ACKs received)
[cspcla 19:06:32 pid=341729 tid=140650056472256] outbound_pdu callback link_id=2 tx_id=3338 len=360
[cspcla 19:06:32 pid=341729 tid=140650056472256] ✓ TX SUCCESS tx_id=3338 dst_csp=2:10 bytes=360 (all ACKs received)
[cspcla 19:06:32 pid=341729 tid=140650056472256] outbound_pdu callback link_id=2 tx_id=3339 len=360
[cspcla 19:06:33 pid=341729 tid=140650056472256] ✓ TX SUCCESS tx_id=3339 dst_csp=2:10 bytes=360 (all ACKs received)
[cspcla 19:06:33 pid=341729 tid=140650056472256] outbound_pdu callback link_id=2 tx_id=3340 len=360
[cspcla 19:06:33 pid=341729 tid=140650056472256] ✓ TX SUCCESS tx_id=3340 dst_csp=2:10 bytes=360 (all ACKs received)
[cspcla 19:06:34 pid=341729 tid=140650056472256] outbound_pdu callback link_id=2 tx_id=3341 len=360
[cspcla 19:06:34 pid=341729 tid=140650056472256] ✓ TX SUCCESS tx_id=3341 dst_csp=2:10 bytes=360 (all ACKs received)
[cspcla 19:06:34 pid=341729 tid=140650056472256] outbound_pdu callback link_id=2 tx_id=3342 len=360
[cspcla 19:06:34 pid=341729 tid=140650056472256] ✓ TX SUCCESS tx_id=3342 dst_csp=2:10 bytes=360 (all ACKs received)
[cspcla 19:06:34 pid=341729 tid=140650056472256] outbound_pdu callback link_id=2 tx_id=3343 len=360
[cspcla 19:06:34 pid=341729 tid=140650056472256] ✓ TX SUCCESS tx_id=3343 dst_csp=2:10 bytes=360 (all ACKs received)
[cspcla 19:06:34 pid=341729 tid=140650056472256] outbound_pdu callback link_id=2 tx_id=3344 len=360
[cspcla 19:06:34 pid=341729 tid=140650056472256] ✓ TX SUCCESS tx_id=3344 dst_csp=2:10 bytes=360 (all ACKs received)
[cspcla 19:06:34 pid=341729 tid=140650056472256] outbound_pdu callback link_id=2 tx_id=3345 len=360
[cspcla 19:06:34 pid=341729 tid=140650056472256] ✓ TX SUCCESS tx_id=3345 dst_csp=2:10 bytes=360 (all ACKs received)
[cspcla 19:06:34 pid=341729 tid=140650056472256] outbound_pdu callback link_id=2 tx_id=3346 len=360
[cspcla 19:06:35 pid=341729 tid=140650056472256] ✓ TX SUCCESS tx_id=3346 dst_csp=2:10 bytes=360 (all ACKs received)
[cspcla 19:06:35 pid=341729 tid=140650056472256] outbound_pdu callback link_id=2 tx_id=3347 len=360
[cspcla 19:06:35 pid=341729 tid=140650056472256] ✓ TX SUCCESS tx_id=3347 dst_csp=2:10 bytes=360 (all ACKs received)
[cspcla 19:06:35 pid=341729 tid=140650056472256] outbound_pdu callback link_id=2 tx_id=3348 len=360
[cspcla 19:06:35 pid=341729 tid=140650056472256] ✓ TX SUCCESS tx_id=3348 dst_csp=2:10 bytes=360 (all ACKs received)
[cspcla 19:06:35 pid=341729 tid=140650056472256] outbound_pdu callback link_id=2 tx_id=3349 len=360
[cspcla 19:06:35 pid=341729 tid=140650056472256] ✓ TX SUCCESS tx_id=3349 dst_csp=2:10 bytes=360 (all ACKs received)
[cspcla 19:06:35 pid=341729 tid=140650056472256] outbound_pdu callback link_id=2 tx_id=3350 len=360
[cspcla 19:06:36 pid=341729 tid=140650056472256] ✓ TX SUCCESS tx_id=3350 dst_csp=2:10 bytes=360 (all ACKs received)
[cspcla 19:06:37 pid=341729 tid=140650056472256] outbound_pdu callback link_id=2 tx_id=3351 len=360
[cspcla 19:06:37 pid=341729 tid=140650056472256] ✓ TX SUCCESS tx_id=3351 dst_csp=2:10 bytes=360 (all ACKs received)
[cspcla 19:06:37 pid=341729 tid=140650056472256] outbound_pdu callback link_id=2 tx_id=3352 len=360
[cspcla 19:06:37 pid=341729 tid=140650056472256] ✓ TX SUCCESS tx_id=3352 dst_csp=2:10 bytes=360 (all ACKs received)
[cspcla 19:06:37 pid=341729 tid=140650056472256] outbound_pdu callback link_id=2 tx_id=3353 len=360
[cspcla 19:06:37 pid=341729 tid=140650056472256] ✓ TX SUCCESS tx_id=3353 dst_csp=2:10 bytes=360 (all ACKs received)
[cspcla 19:06:37 pid=341729 tid=140650056472256] outbound_pdu callback link_id=2 tx_id=3354 len=360
[cspcla 19:06:37 pid=341729 tid=140650056472256] ✓ TX SUCCESS tx_id=3354 dst_csp=2:10 bytes=360 (all ACKs received)
[cspcla 19:06:37 pid=341729 tid=140650056472256] outbound_pdu callback link_id=2 tx_id=3355 len=360
[cspcla 19:06:37 pid=341729 tid=140650056472256] ✓ TX SUCCESS tx_id=3355 dst_csp=2:10 bytes=360 (all ACKs received)
[cspcla 19:06:37 pid=341729 tid=140650056472256] outbound_pdu callback link_id=2 tx_id=3356 len=360
[cspcla 19:06:38 pid=341729 tid=140650056472256] ✓ TX SUCCESS tx_id=3356 dst_csp=2:10 bytes=360 (all ACKs received)
[cspcla 19:06:38 pid=341729 tid=140650056472256] outbound_pdu callback link_id=2 tx_id=3357 len=360
[cspcla 19:06:38 pid=341729 tid=140650056472256] ✓ TX SUCCESS tx_id=3357 dst_csp=2:10 bytes=360 (all ACKs received)
[cspcla 19:06:38 pid=341729 tid=140650056472256] outbound_pdu callback link_id=2 tx_id=3358 len=360
[cspcla 19:06:38 pid=341729 tid=140650056472256] ✓ TX SUCCESS tx_id=3358 dst_csp=2:10 bytes=360 (all ACKs received)
[cspcla 19:06:38 pid=341729 tid=140650056472256] outbound_pdu callback link_id=2 tx_id=3359 len=360
[cspcla 19:06:38 pid=341729 tid=140650056472256] ✓ TX SUCCESS tx_id=3359 dst_csp=2:10 bytes=360 (all ACKs received)
[cspcla 19:06:38 pid=341729 tid=140650056472256] outbound_pdu callback link_id=2 tx_id=3360 len=360
[cspcla 19:06:39 pid=341729 tid=140650056472256] ✓ TX SUCCESS tx_id=3360 dst_csp=2:10 bytes=360 (all ACKs received)
[cspcla 19:06:40 pid=341729 tid=140650056472256] outbound_pdu callback link_id=2 tx_id=3361 len=360
[cspcla 19:06:40 pid=341729 tid=140650056472256] ✓ TX SUCCESS tx_id=3361 dst_csp=2:10 bytes=360 (all ACKs received)
[cspcla 19:06:40 pid=341729 tid=140650056472256] outbound_pdu callback link_id=2 tx_id=3362 len=360
[cspcla 19:06:40 pid=341729 tid=140650056472256] ✓ TX SUCCESS tx_id=3362 dst_csp=2:10 bytes=360 (all ACKs received)
[cspcla 19:06:40 pid=341729 tid=140650056472256] outbound_pdu callback link_id=2 tx_id=3363 len=360
[cspcla 19:06:40 pid=341729 tid=140650056472256] ✓ TX SUCCESS tx_id=3363 dst_csp=2:10 bytes=360 (all ACKs received)
[cspcla 19:06:40 pid=341729 tid=140650056472256] outbound_pdu callback link_id=2 tx_id=3364 len=360
[cspcla 19:06:40 pid=341729 tid=140650056472256] ✓ TX SUCCESS tx_id=3364 dst_csp=2:10 bytes=360 (all ACKs received)
[cspcla 19:06:40 pid=341729 tid=140650056472256] outbound_pdu callback link_id=2 tx_id=3365 len=360
[cspcla 19:06:40 pid=341729 tid=140650056472256] ✓ TX SUCCESS tx_id=3365 dst_csp=2:10 bytes=360 (all ACKs received)
[cspcla 19:06:40 pid=341729 tid=140650056472256] outbound_pdu callback link_id=2 tx_id=3366 len=360
[cspcla 19:06:41 pid=341729 tid=140650056472256] ✓ TX SUCCESS tx_id=3366 dst_csp=2:10 bytes=360 (all ACKs received)
[cspcla 19:06:41 pid=341729 tid=140650056472256] outbound_pdu callback link_id=2 tx_id=3367 len=360
[cspcla 19:06:41 pid=341729 tid=140650056472256] ✓ TX SUCCESS tx_id=3367 dst_csp=2:10 bytes=360 (all ACKs received)
[cspcla 19:06:41 pid=341729 tid=140650056472256] outbound_pdu callback link_id=2 tx_id=3368 len=360
[cspcla 19:06:41 pid=341729 tid=140650056472256] ✓ TX SUCCESS tx_id=3368 dst_csp=2:10 bytes=360 (all ACKs received)
[cspcla 19:06:41 pid=341729 tid=140650056472256] outbound_pdu callback link_id=2 tx_id=3369 len=360
[cspcla 19:06:42 pid=341729 tid=140650056472256] ✓ TX SUCCESS tx_id=3369 dst_csp=2:10 bytes=360 (all ACKs received)
[cspcla 19:06:42 pid=341729 tid=140650056472256] outbound_pdu callback link_id=2 tx_id=3370 len=360
[cspcla 19:06:42 pid=341729 tid=140650056472256] ✓ TX SUCCESS tx_id=3370 dst_csp=2:10 bytes=360 (all ACKs received)
[cspcla 19:06:43 pid=341729 tid=140650056472256] outbound_pdu callback link_id=2 tx_id=3371 len=360
[cspcla 19:06:43 pid=341729 tid=140650056472256] ✓ TX SUCCESS tx_id=3371 dst_csp=2:10 bytes=360 (all ACKs received)
[cspcla 19:06:43 pid=341729 tid=140650056472256] outbound_pdu callback link_id=2 tx_id=3372 len=360
[cspcla 19:06:43 pid=341729 tid=140650056472256] ✓ TX SUCCESS tx_id=3372 dst_csp=2:10 bytes=360 (all ACKs received)
[cspcla 19:06:43 pid=341729 tid=140650056472256] outbound_pdu callback link_id=2 tx_id=3373 len=360
[cspcla 19:06:43 pid=341729 tid=140650056472256] ✓ TX SUCCESS tx_id=3373 dst_csp=2:10 bytes=360 (all ACKs received)
[cspcla 19:06:43 pid=341729 tid=140650056472256] outbound_pdu callback link_id=2 tx_id=3374 len=360
[cspcla 19:06:43 pid=341729 tid=140650056472256] ✓ TX SUCCESS tx_id=3374 dst_csp=2:10 bytes=360 (all ACKs received)
[cspcla 19:06:43 pid=341729 tid=140650056472256] outbound_pdu callback link_id=2 tx_id=3375 len=360
[cspcla 19:06:44 pid=341729 tid=140650056472256] ✓ TX SUCCESS tx_id=3375 dst_csp=2:10 bytes=360 (all ACKs received)
[cspcla 19:06:44 pid=341729 tid=140650056472256] outbound_pdu callback link_id=2 tx_id=3376 len=360
[cspcla 19:06:44 pid=341729 tid=140650056472256] ✓ TX SUCCESS tx_id=3376 dst_csp=2:10 bytes=360 (all ACKs received)
[cspcla 19:06:44 pid=341729 tid=140650056472256] outbound_pdu callback link_id=2 tx_id=3377 len=360
[cspcla 19:06:44 pid=341729 tid=140650056472256] ✓ TX SUCCESS tx_id=3377 dst_csp=2:10 bytes=360 (all ACKs received)
[cspcla 19:06:44 pid=341729 tid=140650056472256] outbound_pdu callback link_id=2 tx_id=3378 len=360
[cspcla 19:06:44 pid=341729 tid=140650056472256] ✓ TX SUCCESS tx_id=3378 dst_csp=2:10 bytes=360 (all ACKs received)
[cspcla 19:06:44 pid=341729 tid=140650056472256] outbound_pdu callback link_id=2 tx_id=3379 len=360
[cspcla 19:06:45 pid=341729 tid=140650056472256] ✓ TX SUCCESS tx_id=3379 dst_csp=2:10 bytes=360 (all ACKs received)
[cspcla 19:06:45 pid=341729 tid=140650056472256] outbound_pdu callback link_id=2 tx_id=3380 len=360
[cspcla 19:06:45 pid=341729 tid=140650056472256] ✓ TX SUCCESS tx_id=3380 dst_csp=2:10 bytes=360 (all ACKs received)
[cspcla 19:06:46 pid=341729 tid=140650056472256] outbound_pdu callback link_id=2 tx_id=3381 len=360
[cspcla 19:06:46 pid=341729 tid=140650056472256] ✓ TX SUCCESS tx_id=3381 dst_csp=2:10 bytes=360 (all ACKs received)
[cspcla 19:06:46 pid=341729 tid=140650056472256] outbound_pdu callback link_id=2 tx_id=3382 len=360
[cspcla 19:06:46 pid=341729 tid=140650056472256] ✓ TX SUCCESS tx_id=3382 dst_csp=2:10 bytes=360 (all ACKs received)
[cspcla 19:06:46 pid=341729 tid=140650056472256] outbound_pdu callback link_id=2 tx_id=3383 len=360
[cspcla 19:06:46 pid=341729 tid=140650056472256] ✓ TX SUCCESS tx_id=3383 dst_csp=2:10 bytes=360 (all ACKs received)
[cspcla 19:06:46 pid=341729 tid=140650056472256] outbound_pdu callback link_id=2 tx_id=3384 len=360
[cspcla 19:06:46 pid=341729 tid=140650056472256] ✓ TX SUCCESS tx_id=3384 dst_csp=2:10 bytes=360 (all ACKs received)
[cspcla 19:06:46 pid=341729 tid=140650056472256] outbound_pdu callback link_id=2 tx_id=3385 len=360
[cspcla 19:06:46 pid=341729 tid=140650056472256] ✓ TX SUCCESS tx_id=3385 dst_csp=2:10 bytes=360 (all ACKs received)
[cspcla 19:06:46 pid=341729 tid=140650056472256] outbound_pdu callback link_id=2 tx_id=3386 len=360
[cspcla 19:06:47 pid=341729 tid=140650056472256] ✓ TX SUCCESS tx_id=3386 dst_csp=2:10 bytes=360 (all ACKs received)
[cspcla 19:06:47 pid=341729 tid=140650056472256] outbound_pdu callback link_id=2 tx_id=3387 len=360
[cspcla 19:06:47 pid=341729 tid=140650056472256] ✓ TX SUCCESS tx_id=3387 dst_csp=2:10 bytes=360 (all ACKs received)
[cspcla 19:06:47 pid=341729 tid=140650056472256] outbound_pdu callback link_id=2 tx_id=3388 len=360
[cspcla 19:06:47 pid=341729 tid=140650056472256] ✓ TX SUCCESS tx_id=3388 dst_csp=2:10 bytes=360 (all ACKs received)
[cspcla 19:06:47 pid=341729 tid=140650056472256] outbound_pdu callback link_id=2 tx_id=3389 len=360
[cspcla 19:06:47 pid=341729 tid=140650056472256] ✓ TX SUCCESS tx_id=3389 dst_csp=2:10 bytes=360 (all ACKs received)
[cspcla 19:06:47 pid=341729 tid=140650056472256] outbound_pdu callback link_id=2 tx_id=3390 len=360
[cspcla 19:06:48 pid=341729 tid=140650056472256] ✓ TX SUCCESS tx_id=3390 dst_csp=2:10 bytes=360 (all ACKs received)
[cspcla 19:06:49 pid=341729 tid=140650056472256] outbound_pdu callback link_id=2 tx_id=3391 len=360
[cspcla 19:06:49 pid=341729 tid=140650056472256] ✓ TX SUCCESS tx_id=3391 dst_csp=2:10 bytes=360 (all ACKs received)
[cspcla 19:06:49 pid=341729 tid=140650056472256] outbound_pdu callback link_id=2 tx_id=3392 len=360
[cspcla 19:06:49 pid=341729 tid=140650056472256] ✓ TX SUCCESS tx_id=3392 dst_csp=2:10 bytes=360 (all ACKs received)
[cspcla 19:06:49 pid=341729 tid=140650056472256] outbound_pdu callback link_id=2 tx_id=3393 len=360
[cspcla 19:06:49 pid=341729 tid=140650056472256] ✓ TX SUCCESS tx_id=3393 dst_csp=2:10 bytes=360 (all ACKs received)
[cspcla 19:06:49 pid=341729 tid=140650056472256] outbound_pdu callback link_id=2 tx_id=3394 len=360
[cspcla 19:06:49 pid=341729 tid=140650056472256] ✓ TX SUCCESS tx_id=3394 dst_csp=2:10 bytes=360 (all ACKs received)
[cspcla 19:06:49 pid=341729 tid=140650056472256] outbound_pdu callback link_id=2 tx_id=3395 len=360
[cspcla 19:06:49 pid=341729 tid=140650056472256] ✓ TX SUCCESS tx_id=3395 dst_csp=2:10 bytes=360 (all ACKs received)
[cspcla 19:06:49 pid=341729 tid=140650056472256] outbound_pdu callback link_id=2 tx_id=3396 len=360
[cspcla 19:06:49 pid=341729 tid=140650056472256] ✓ TX SUCCESS tx_id=3396 dst_csp=2:10 bytes=360 (all ACKs received)
[cspcla 19:06:49 pid=341729 tid=140650056472256] outbound_pdu callback link_id=2 tx_id=3397 len=360
[cspcla 19:06:50 pid=341729 tid=140650056472256] ✓ TX SUCCESS tx_id=3397 dst_csp=2:10 bytes=360 (all ACKs received)
[cspcla 19:06:50 pid=341729 tid=140650056472256] outbound_pdu callback link_id=2 tx_id=3398 len=360
[cspcla 19:06:50 pid=341729 tid=140650056472256] ✓ TX SUCCESS tx_id=3398 dst_csp=2:10 bytes=360 (all ACKs received)
[cspcla 19:06:50 pid=341729 tid=140650056472256] outbound_pdu callback link_id=2 tx_id=3399 len=360
[cspcla 19:06:50 pid=341729 tid=140650056472256] ✓ TX SUCCESS tx_id=3399 dst_csp=2:10 bytes=360 (all ACKs received)
[cspcla 19:06:50 pid=341729 tid=140650056472256] outbound_pdu callback link_id=2 tx_id=3400 len=360
[cspcla 19:06:51 pid=341729 tid=140650056472256] ✓ TX SUCCESS tx_id=3400 dst_csp=2:10 bytes=360 (all ACKs received)
[cspcla 19:06:52 pid=341729 tid=140650056472256] outbound_pdu callback link_id=2 tx_id=3401 len=360
[cspcla 19:06:52 pid=341729 tid=140650056472256] ✓ TX SUCCESS tx_id=3401 dst_csp=2:10 bytes=360 (all ACKs received)
[cspcla 19:06:52 pid=341729 tid=140650056472256] outbound_pdu callback link_id=2 tx_id=3402 len=360
[cspcla 19:06:52 pid=341729 tid=140650056472256] ✓ TX SUCCESS tx_id=3402 dst_csp=2:10 bytes=360 (all ACKs received)
[cspcla 19:06:52 pid=341729 tid=140650056472256] outbound_pdu callback link_id=2 tx_id=3403 len=360
[cspcla 19:06:52 pid=341729 tid=140650056472256] ✓ TX SUCCESS tx_id=3403 dst_csp=2:10 bytes=360 (all ACKs received)
[cspcla 19:06:52 pid=341729 tid=140650056472256] outbound_pdu callback link_id=2 tx_id=3404 len=360
[cspcla 19:06:52 pid=341729 tid=140650056472256] ✓ TX SUCCESS tx_id=3404 dst_csp=2:10 bytes=360 (all ACKs received)
[cspcla 19:06:52 pid=341729 tid=140650056472256] outbound_pdu callback link_id=2 tx_id=3405 len=360
[cspcla 19:06:52 pid=341729 tid=140650056472256] ✓ TX SUCCESS tx_id=3405 dst_csp=2:10 bytes=360 (all ACKs received)
[cspcla 19:06:52 pid=341729 tid=140650056472256] outbound_pdu callback link_id=2 tx_id=3406 len=360
[cspcla 19:06:53 pid=341729 tid=140650056472256] ✓ TX SUCCESS tx_id=3406 dst_csp=2:10 bytes=360 (all ACKs received)
[cspcla 19:06:53 pid=341729 tid=140650056472256] outbound_pdu callback link_id=2 tx_id=3407 len=360
[cspcla 19:06:53 pid=341729 tid=140650056472256] ✓ TX SUCCESS tx_id=3407 dst_csp=2:10 bytes=360 (all ACKs received)
[cspcla 19:06:53 pid=341729 tid=140650056472256] outbound_pdu callback link_id=2 tx_id=3408 len=360
[cspcla 19:06:53 pid=341729 tid=140650056472256] ✓ TX SUCCESS tx_id=3408 dst_csp=2:10 bytes=360 (all ACKs received)
[cspcla 19:06:53 pid=341729 tid=140650056472256] outbound_pdu callback link_id=2 tx_id=3409 len=360
[cspcla 19:06:54 pid=341729 tid=140650056472256] ✓ TX SUCCESS tx_id=3409 dst_csp=2:10 bytes=360 (all ACKs received)
[cspcla 19:06:54 pid=341729 tid=140650056472256] outbound_pdu callback link_id=2 tx_id=3410 len=360
[cspcla 19:06:54 pid=341729 tid=140650056472256] ✓ TX SUCCESS tx_id=3410 dst_csp=2:10 bytes=360 (all ACKs received)
[cspcla 19:06:55 pid=341729 tid=140650056472256] outbound_pdu callback link_id=2 tx_id=3411 len=360
[cspcla 19:06:55 pid=341729 tid=140650056472256] ✓ TX SUCCESS tx_id=3411 dst_csp=2:10 bytes=360 (all ACKs received)
[cspcla 19:06:55 pid=341729 tid=140650056472256] outbound_pdu callback link_id=2 tx_id=3412 len=360
[cspcla 19:06:55 pid=341729 tid=140650056472256] ✓ TX SUCCESS tx_id=3412 dst_csp=2:10 bytes=360 (all ACKs received)
[cspcla 19:06:55 pid=341729 tid=140650056472256] outbound_pdu callback link_id=2 tx_id=3413 len=360
[cspcla 19:06:55 pid=341729 tid=140650056472256] ✓ TX SUCCESS tx_id=3413 dst_csp=2:10 bytes=360 (all ACKs received)
[cspcla 19:06:55 pid=341729 tid=140650056472256] outbound_pdu callback link_id=2 tx_id=3414 len=360
[cspcla 19:06:55 pid=341729 tid=140650056472256] ✓ TX SUCCESS tx_id=3414 dst_csp=2:10 bytes=360 (all ACKs received)
[cspcla 19:06:55 pid=341729 tid=140650056472256] outbound_pdu callback link_id=2 tx_id=3415 len=360
[cspcla 19:06:55 pid=341729 tid=140650056472256] ✓ TX SUCCESS tx_id=3415 dst_csp=2:10 bytes=360 (all ACKs received)
[cspcla 19:06:55 pid=341729 tid=140650056472256] outbound_pdu callback link_id=2 tx_id=3416 len=360
[cspcla 19:06:56 pid=341729 tid=140650056472256] ✓ TX SUCCESS tx_id=3416 dst_csp=2:10 bytes=360 (all ACKs received)
[cspcla 19:06:56 pid=341729 tid=140650056472256] outbound_pdu callback link_id=2 tx_id=3417 len=360
[cspcla 19:06:56 pid=341729 tid=140650056472256] ✓ TX SUCCESS tx_id=3417 dst_csp=2:10 bytes=360 (all ACKs received)
[cspcla 19:06:56 pid=341729 tid=140650056472256] outbound_pdu callback link_id=2 tx_id=3418 len=360
[cspcla 19:06:56 pid=341729 tid=140650056472256] ✓ TX SUCCESS tx_id=3418 dst_csp=2:10 bytes=360 (all ACKs received)
[cspcla 19:06:56 pid=341729 tid=140650056472256] outbound_pdu callback link_id=2 tx_id=3419 len=360
[cspcla 19:06:56 pid=341729 tid=140650056472256] ✓ TX SUCCESS tx_id=3419 dst_csp=2:10 bytes=360 (all ACKs received)
[cspcla 19:06:56 pid=341729 tid=140650056472256] outbound_pdu callback link_id=2 tx_id=3420 len=360
[cspcla 19:06:56 pid=341729 tid=140650056472256] ✓ TX SUCCESS tx_id=3420 dst_csp=2:10 bytes=360 (all ACKs received)
[cspcla 19:06:57 pid=341729 tid=140650056472256] outbound_pdu callback link_id=2 tx_id=3421 len=360
[cspcla 19:06:57 pid=341729 tid=140650056472256] ✓ TX SUCCESS tx_id=3421 dst_csp=2:10 bytes=360 (all ACKs received)
[cspcla 19:06:57 pid=341729 tid=140650056472256] outbound_pdu callback link_id=2 tx_id=3422 len=360
[cspcla 19:06:57 pid=341729 tid=140650056472256] ✓ TX SUCCESS tx_id=3422 dst_csp=2:10 bytes=360 (all ACKs received)
[cspcla 19:06:58 pid=341729 tid=140650056472256] outbound_pdu callback link_id=2 tx_id=3423 len=360
[cspcla 19:06:58 pid=341729 tid=140650056472256] ✓ TX SUCCESS tx_id=3423 dst_csp=2:10 bytes=360 (all ACKs received)
[cspcla 19:06:58 pid=341729 tid=140650056472256] outbound_pdu callback link_id=2 tx_id=3424 len=360
[cspcla 19:06:58 pid=341729 tid=140650056472256] ✓ TX SUCCESS tx_id=3424 dst_csp=2:10 bytes=360 (all ACKs received)
[cspcla 19:06:58 pid=341729 tid=140650056472256] outbound_pdu callback link_id=2 tx_id=3425 len=360
[cspcla 19:06:58 pid=341729 tid=140650056472256] ✓ TX SUCCESS tx_id=3425 dst_csp=2:10 bytes=360 (all ACKs received)
[cspcla 19:06:58 pid=341729 tid=140650056472256] outbound_pdu callback link_id=2 tx_id=3426 len=360
[cspcla 19:06:58 pid=341729 tid=140650056472256] ✓ TX SUCCESS tx_id=3426 dst_csp=2:10 bytes=360 (all ACKs received)
[cspcla 19:06:58 pid=341729 tid=140650056472256] outbound_pdu callback link_id=2 tx_id=3427 len=360
[cspcla 19:06:59 pid=341729 tid=140650056472256] ✓ TX SUCCESS tx_id=3427 dst_csp=2:10 bytes=360 (all ACKs received)
[cspcla 19:06:59 pid=341729 tid=140650056472256] outbound_pdu callback link_id=2 tx_id=3428 len=360
[cspcla 19:06:59 pid=341729 tid=140650056472256] ✓ TX SUCCESS tx_id=3428 dst_csp=2:10 bytes=360 (all ACKs received)
[cspcla 19:06:59 pid=341729 tid=140650056472256] outbound_pdu callback link_id=2 tx_id=3429 len=360
[cspcla 19:06:59 pid=341729 tid=140650056472256] ✓ TX SUCCESS tx_id=3429 dst_csp=2:10 bytes=360 (all ACKs received)
[cspcla 19:06:59 pid=341729 tid=140650056472256] outbound_pdu callback link_id=2 tx_id=3430 len=360
[cspcla 19:07:00 pid=341729 tid=140650056472256] ✓ TX SUCCESS tx_id=3430 dst_csp=2:10 bytes=360 (all ACKs received)
[cspcla 19:07:01 pid=341729 tid=140650056472256] outbound_pdu callback link_id=2 tx_id=3431 len=360
[cspcla 19:07:01 pid=341729 tid=140650056472256] ✓ TX SUCCESS tx_id=3431 dst_csp=2:10 bytes=360 (all ACKs received)
[cspcla 19:07:01 pid=341729 tid=140650056472256] outbound_pdu callback link_id=2 tx_id=3432 len=360
[cspcla 19:07:01 pid=341729 tid=140650056472256] ✓ TX SUCCESS tx_id=3432 dst_csp=2:10 bytes=360 (all ACKs received)
[cspcla 19:07:01 pid=341729 tid=140650056472256] outbound_pdu callback link_id=2 tx_id=3433 len=360
[cspcla 19:07:01 pid=341729 tid=140650056472256] ✓ TX SUCCESS tx_id=3433 dst_csp=2:10 bytes=360 (all ACKs received)
[cspcla 19:07:01 pid=341729 tid=140650056472256] outbound_pdu callback link_id=2 tx_id=3434 len=360
[cspcla 19:07:01 pid=341729 tid=140650056472256] ✓ TX SUCCESS tx_id=3434 dst_csp=2:10 bytes=360 (all ACKs received)
[cspcla 19:07:01 pid=341729 tid=140650056472256] outbound_pdu callback link_id=2 tx_id=3435 len=360
[cspcla 19:07:01 pid=341729 tid=140650056472256] ✓ TX SUCCESS tx_id=3435 dst_csp=2:10 bytes=360 (all ACKs received)
[cspcla 19:07:01 pid=341729 tid=140650056472256] outbound_pdu callback link_id=2 tx_id=3436 len=360
[cspcla 19:07:01 pid=341729 tid=140650056472256] ✓ TX SUCCESS tx_id=3436 dst_csp=2:10 bytes=360 (all ACKs received)
[cspcla 19:07:01 pid=341729 tid=140650056472256] outbound_pdu callback link_id=2 tx_id=3437 len=360
[cspcla 19:07:02 pid=341729 tid=140650056472256] ✓ TX SUCCESS tx_id=3437 dst_csp=2:10 bytes=360 (all ACKs received)
[cspcla 19:07:02 pid=341729 tid=140650056472256] outbound_pdu callback link_id=2 tx_id=3438 len=360
[cspcla 19:07:02 pid=341729 tid=140650056472256] ✓ TX SUCCESS tx_id=3438 dst_csp=2:10 bytes=360 (all ACKs received)
[cspcla 19:07:02 pid=341729 tid=140650056472256] outbound_pdu callback link_id=2 tx_id=3439 len=360
[cspcla 19:07:02 pid=341729 tid=140650056472256] ✓ TX SUCCESS tx_id=3439 dst_csp=2:10 bytes=360 (all ACKs received)
[cspcla 19:07:02 pid=341729 tid=140650056472256] outbound_pdu callback link_id=2 tx_id=3440 len=360
[cspcla 19:07:03 pid=341729 tid=140650056472256] ✓ TX SUCCESS tx_id=3440 dst_csp=2:10 bytes=360 (all ACKs received)
[cspcla 19:07:04 pid=341729 tid=140650056472256] outbound_pdu callback link_id=2 tx_id=3441 len=360
[cspcla 19:07:04 pid=341729 tid=140650056472256] ✓ TX SUCCESS tx_id=3441 dst_csp=2:10 bytes=360 (all ACKs received)
[cspcla 19:07:04 pid=341729 tid=140650056472256] outbound_pdu callback link_id=2 tx_id=3442 len=360
[cspcla 19:07:04 pid=341729 tid=140650056472256] ✓ TX SUCCESS tx_id=3442 dst_csp=2:10 bytes=360 (all ACKs received)
[cspcla 19:07:04 pid=341729 tid=140650056472256] outbound_pdu callback link_id=2 tx_id=3443 len=360
[cspcla 19:07:04 pid=341729 tid=140650056472256] ✓ TX SUCCESS tx_id=3443 dst_csp=2:10 bytes=360 (all ACKs received)
[cspcla 19:07:04 pid=341729 tid=140650056472256] outbound_pdu callback link_id=2 tx_id=3444 len=360
[cspcla 19:07:04 pid=341729 tid=140650056472256] ✓ TX SUCCESS tx_id=3444 dst_csp=2:10 bytes=360 (all ACKs received)
[cspcla 19:07:04 pid=341729 tid=140650056472256] outbound_pdu callback link_id=2 tx_id=3445 len=360
[cspcla 19:07:04 pid=341729 tid=140650056472256] ✓ TX SUCCESS tx_id=3445 dst_csp=2:10 bytes=360 (all ACKs received)
[cspcla 19:07:04 pid=341729 tid=140650056472256] outbound_pdu callback link_id=2 tx_id=3446 len=360
[cspcla 19:07:05 pid=341729 tid=140650056472256] ✓ TX SUCCESS tx_id=3446 dst_csp=2:10 bytes=360 (all ACKs received)
[cspcla 19:07:05 pid=341729 tid=140650056472256] outbound_pdu callback link_id=2 tx_id=3447 len=360
[cspcla 19:07:05 pid=341729 tid=140650056472256] ✓ TX SUCCESS tx_id=3447 dst_csp=2:10 bytes=360 (all ACKs received)
[cspcla 19:07:05 pid=341729 tid=140650056472256] outbound_pdu callback link_id=2 tx_id=3448 len=360
[cspcla 19:07:05 pid=341729 tid=140650056472256] ✓ TX SUCCESS tx_id=3448 dst_csp=2:10 bytes=360 (all ACKs received)
[cspcla 19:07:05 pid=341729 tid=140650056472256] outbound_pdu callback link_id=2 tx_id=3449 len=360
[cspcla 19:07:05 pid=341729 tid=140650056472256] ✓ TX SUCCESS tx_id=3449 dst_csp=2:10 bytes=360 (all ACKs received)
[cspcla 19:07:05 pid=341729 tid=140650056472256] outbound_pdu callback link_id=2 tx_id=3450 len=360
[cspcla 19:07:05 pid=341729 tid=140650056472256] ✓ TX SUCCESS tx_id=3450 dst_csp=2:10 bytes=360 (all ACKs received)
[cspcla 19:07:06 pid=341729 tid=140650056472256] outbound_pdu callback link_id=2 tx_id=3451 len=360
[cspcla 19:07:06 pid=341729 tid=140650056472256] ✓ TX SUCCESS tx_id=3451 dst_csp=2:10 bytes=360 (all ACKs received)
[cspcla 19:07:06 pid=341729 tid=140650056472256] outbound_pdu callback link_id=2 tx_id=3452 len=360
[cspcla 19:07:06 pid=341729 tid=140650056472256] ✓ TX SUCCESS tx_id=3452 dst_csp=2:10 bytes=360 (all ACKs received)
[cspcla 19:07:07 pid=341729 tid=140650056472256] outbound_pdu callback link_id=2 tx_id=3453 len=360
[cspcla 19:07:07 pid=341729 tid=140650056472256] ✓ TX SUCCESS tx_id=3453 dst_csp=2:10 bytes=360 (all ACKs received)
[cspcla 19:07:07 pid=341729 tid=140650056472256] outbound_pdu callback link_id=2 tx_id=3454 len=360
[cspcla 19:07:07 pid=341729 tid=140650056472256] ✓ TX SUCCESS tx_id=3454 dst_csp=2:10 bytes=360 (all ACKs received)
[cspcla 19:07:07 pid=341729 tid=140650056472256] outbound_pdu callback link_id=2 tx_id=3455 len=360
[cspcla 19:07:07 pid=341729 tid=140650056472256] ✓ TX SUCCESS tx_id=3455 dst_csp=2:10 bytes=360 (all ACKs received)
[cspcla 19:07:07 pid=341729 tid=140650056472256] outbound_pdu callback link_id=2 tx_id=3456 len=360
[cspcla 19:07:08 pid=341729 tid=140650056472256] ✓ TX SUCCESS tx_id=3456 dst_csp=2:10 bytes=360 (all ACKs received)
[cspcla 19:07:08 pid=341729 tid=140650056472256] outbound_pdu callback link_id=2 tx_id=3457 len=360
[cspcla 19:07:08 pid=341729 tid=140650056472256] ✓ TX SUCCESS tx_id=3457 dst_csp=2:10 bytes=360 (all ACKs received)
[cspcla 19:07:08 pid=341729 tid=140650056472256] outbound_pdu callback link_id=2 tx_id=3458 len=360
[cspcla 19:07:08 pid=341729 tid=140650056472256] ✓ TX SUCCESS tx_id=3458 dst_csp=2:10 bytes=360 (all ACKs received)
[cspcla 19:07:08 pid=341729 tid=140650056472256] outbound_pdu callback link_id=2 tx_id=3459 len=360
[cspcla 19:07:08 pid=341729 tid=140650056472256] ✓ TX SUCCESS tx_id=3459 dst_csp=2:10 bytes=360 (all ACKs received)
[cspcla 19:07:08 pid=341729 tid=140650056472256] outbound_pdu callback link_id=2 tx_id=3460 len=360
[cspcla 19:07:09 pid=341729 tid=140650056472256] ✓ TX SUCCESS tx_id=3460 dst_csp=2:10 bytes=360 (all ACKs received)
[cspcla 19:07:09 pid=341729 tid=140650056472256] outbound_pdu callback link_id=2 tx_id=3461 len=360
[cspcla 19:07:09 pid=341729 tid=140650056472256] ✓ TX SUCCESS tx_id=3461 dst_csp=2:10 bytes=360 (all ACKs received)
[cspcla 19:07:09 pid=341729 tid=140650056472256] outbound_pdu callback link_id=2 tx_id=3462 len=360
[cspcla 19:07:09 pid=341729 tid=140650056472256] ✓ TX SUCCESS tx_id=3462 dst_csp=2:10 bytes=360 (all ACKs received)
[cspcla 19:07:09 pid=341729 tid=140650056472256] outbound_pdu callback link_id=2 tx_id=3463 len=360
[cspcla 19:07:10 pid=341729 tid=140650056472256] ✓ TX SUCCESS tx_id=3463 dst_csp=2:10 bytes=360 (all ACKs received)
[cspcla 19:07:10 pid=341729 tid=140650056472256] outbound_pdu callback link_id=2 tx_id=3464 len=360
[cspcla 19:07:10 pid=341729 tid=140650056472256] ✓ TX SUCCESS tx_id=3464 dst_csp=2:10 bytes=360 (all ACKs received)
[cspcla 19:07:10 pid=341729 tid=140650056472256] outbound_pdu callback link_id=2 tx_id=3465 len=360
[cspcla 19:07:10 pid=341729 tid=140650056472256] ✓ TX SUCCESS tx_id=3465 dst_csp=2:10 bytes=360 (all ACKs received)
[cspcla 19:07:10 pid=341729 tid=140650056472256] outbound_pdu callback link_id=2 tx_id=3466 len=360
[cspcla 19:07:10 pid=341729 tid=140650056472256] ✓ TX SUCCESS tx_id=3466 dst_csp=2:10 bytes=360 (all ACKs received)
[cspcla 19:07:10 pid=341729 tid=140650056472256] outbound_pdu callback link_id=2 tx_id=3467 len=360
[cspcla 19:07:11 pid=341729 tid=140650056472256] ✓ TX SUCCESS tx_id=3467 dst_csp=2:10 bytes=360 (all ACKs received)
[cspcla 19:07:11 pid=341729 tid=140650056472256] outbound_pdu callback link_id=2 tx_id=3468 len=360
[cspcla 19:07:11 pid=341729 tid=140650056472256] ✓ TX SUCCESS tx_id=3468 dst_csp=2:10 bytes=360 (all ACKs received)
[cspcla 19:07:11 pid=341729 tid=140650056472256] outbound_pdu callback link_id=2 tx_id=3469 len=360
[cspcla 19:07:11 pid=341729 tid=140650056472256] ✓ TX SUCCESS tx_id=3469 dst_csp=2:10 bytes=360 (all ACKs received)
[cspcla 19:07:11 pid=341729 tid=140650056472256] outbound_pdu callback link_id=2 tx_id=3470 len=360
[cspcla 19:07:11 pid=341729 tid=140650056472256] ✓ TX SUCCESS tx_id=3470 dst_csp=2:10 bytes=360 (all ACKs received)
[cspcla 19:07:12 pid=341729 tid=140650056472256] outbound_pdu callback link_id=2 tx_id=3471 len=360
[cspcla 19:07:12 pid=341729 tid=140650056472256] ✓ TX SUCCESS tx_id=3471 dst_csp=2:10 bytes=360 (all ACKs received)
[cspcla 19:07:12 pid=341729 tid=140650056472256] outbound_pdu callback link_id=2 tx_id=3472 len=360
[cspcla 19:07:12 pid=341729 tid=140650056472256] ✓ TX SUCCESS tx_id=3472 dst_csp=2:10 bytes=360 (all ACKs received)
[cspcla 19:07:13 pid=341729 tid=140650056472256] outbound_pdu callback link_id=2 tx_id=3473 len=360
[cspcla 19:07:13 pid=341729 tid=140650056472256] ✓ TX SUCCESS tx_id=3473 dst_csp=2:10 bytes=360 (all ACKs received)
[cspcla 19:07:13 pid=341729 tid=140650056472256] outbound_pdu callback link_id=2 tx_id=3474 len=360
[cspcla 19:07:13 pid=341729 tid=140650056472256] ✓ TX SUCCESS tx_id=3474 dst_csp=2:10 bytes=360 (all ACKs received)
[cspcla 19:07:13 pid=341729 tid=140650056472256] outbound_pdu callback link_id=2 tx_id=3475 len=360
[cspcla 19:07:13 pid=341729 tid=140650056472256] ✓ TX SUCCESS tx_id=3475 dst_csp=2:10 bytes=360 (all ACKs received)
[cspcla 19:07:13 pid=341729 tid=140650056472256] outbound_pdu callback link_id=2 tx_id=3476 len=360
[cspcla 19:07:13 pid=341729 tid=140650056472256] ✓ TX SUCCESS tx_id=3476 dst_csp=2:10 bytes=360 (all ACKs received)
[cspcla 19:07:13 pid=341729 tid=140650056472256] outbound_pdu callback link_id=2 tx_id=3477 len=360
[cspcla 19:07:14 pid=341729 tid=140650056472256] ✓ TX SUCCESS tx_id=3477 dst_csp=2:10 bytes=360 (all ACKs received)
[cspcla 19:07:14 pid=341729 tid=140650056472256] outbound_pdu callback link_id=2 tx_id=3478 len=360
[cspcla 19:07:14 pid=341729 tid=140650056472256] ✓ TX SUCCESS tx_id=3478 dst_csp=2:10 bytes=360 (all ACKs received)
[cspcla 19:07:14 pid=341729 tid=140650056472256] outbound_pdu callback link_id=2 tx_id=3479 len=360
[cspcla 19:07:15 pid=341729 tid=140650056472256] ✓ TX SUCCESS tx_id=3479 dst_csp=2:10 bytes=360 (all ACKs received)
[cspcla 19:07:15 pid=341729 tid=140650056472256] outbound_pdu callback link_id=2 tx_id=3480 len=360
[cspcla 19:07:15 pid=341729 tid=140650056472256] ✓ TX SUCCESS tx_id=3480 dst_csp=2:10 bytes=360 (all ACKs received)
[cspcla 19:07:15 pid=341729 tid=140650056472256] outbound_pdu callback link_id=2 tx_id=3481 len=360
[cspcla 19:07:15 pid=341729 tid=140650056472256] ✓ TX SUCCESS tx_id=3481 dst_csp=2:10 bytes=360 (all ACKs received)
[cspcla 19:07:15 pid=341729 tid=140650056472256] outbound_pdu callback link_id=2 tx_id=3482 len=360
[cspcla 19:07:15 pid=341729 tid=140650056472256] ✓ TX SUCCESS tx_id=3482 dst_csp=2:10 bytes=360 (all ACKs received)
[cspcla 19:07:16 pid=341729 tid=140650056472256] outbound_pdu callback link_id=2 tx_id=3483 len=360
[cspcla 19:07:16 pid=341729 tid=140650056472256] ✓ TX SUCCESS tx_id=3483 dst_csp=2:10 bytes=360 (all ACKs received)
[cspcla 19:07:16 pid=341729 tid=140650056472256] outbound_pdu callback link_id=2 tx_id=3484 len=360
[cspcla 19:07:16 pid=341729 tid=140650056472256] ✓ TX SUCCESS tx_id=3484 dst_csp=2:10 bytes=360 (all ACKs received)
[cspcla 19:07:16 pid=341729 tid=140650056472256] outbound_pdu callback link_id=2 tx_id=3485 len=360
[cspcla 19:07:16 pid=341729 tid=140650056472256] ✓ TX SUCCESS tx_id=3485 dst_csp=2:10 bytes=360 (all ACKs received)
[cspcla 19:07:16 pid=341729 tid=140650056472256] outbound_pdu callback link_id=2 tx_id=3486 len=360
[cspcla 19:07:16 pid=341729 tid=140650056472256] ✓ TX SUCCESS tx_id=3486 dst_csp=2:10 bytes=360 (all ACKs received)
[cspcla 19:07:16 pid=341729 tid=140650056472256] outbound_pdu callback link_id=2 tx_id=3487 len=360
[cspcla 19:07:17 pid=341729 tid=140650056472256] ✓ TX SUCCESS tx_id=3487 dst_csp=2:10 bytes=360 (all ACKs received)
[cspcla 19:07:17 pid=341729 tid=140650056472256] outbound_pdu callback link_id=2 tx_id=3488 len=360
[cspcla 19:07:17 pid=341729 tid=140650056472256] ✓ TX SUCCESS tx_id=3488 dst_csp=2:10 bytes=360 (all ACKs received)
[cspcla 19:07:17 pid=341729 tid=140650056472256] outbound_pdu callback link_id=2 tx_id=3489 len=360
[cspcla 19:07:17 pid=341729 tid=140650056472256] ✓ TX SUCCESS tx_id=3489 dst_csp=2:10 bytes=360 (all ACKs received)
[cspcla 19:07:17 pid=341729 tid=140650056472256] outbound_pdu callback link_id=2 tx_id=3490 len=360
[cspcla 19:07:17 pid=341729 tid=140650056472256] ✓ TX SUCCESS tx_id=3490 dst_csp=2:10 bytes=360 (all ACKs received)
[cspcla 19:07:18 pid=341729 tid=140650056472256] outbound_pdu callback link_id=2 tx_id=3491 len=360
[cspcla 19:07:18 pid=341729 tid=140650056472256] ✓ TX SUCCESS tx_id=3491 dst_csp=2:10 bytes=360 (all ACKs received)
[cspcla 19:07:18 pid=341729 tid=140650056472256] outbound_pdu callback link_id=2 tx_id=3492 len=360
[cspcla 19:07:18 pid=341729 tid=140650056472256] ✓ TX SUCCESS tx_id=3492 dst_csp=2:10 bytes=360 (all ACKs received)
[cspcla 19:07:18 pid=341729 tid=140650056472256] outbound_pdu callback link_id=2 tx_id=3493 len=360
[cspcla 19:07:18 pid=341729 tid=140650056472256] ✓ TX SUCCESS tx_id=3493 dst_csp=2:10 bytes=360 (all ACKs received)
[cspcla 19:07:18 pid=341729 tid=140650056472256] outbound_pdu callback link_id=2 tx_id=3494 len=360
[cspcla 19:07:19 pid=341729 tid=140650056472256] ✓ TX SUCCESS tx_id=3494 dst_csp=2:10 bytes=360 (all ACKs received)
[cspcla 19:07:19 pid=341729 tid=140650056472256] outbound_pdu callback link_id=2 tx_id=3495 len=360
[cspcla 19:07:19 pid=341729 tid=140650056472256] ✓ TX SUCCESS tx_id=3495 dst_csp=2:10 bytes=360 (all ACKs received)
[cspcla 19:07:19 pid=341729 tid=140650056472256] outbound_pdu callback link_id=2 tx_id=3496 len=360
[cspcla 19:07:19 pid=341729 tid=140650056472256] ✓ TX SUCCESS tx_id=3496 dst_csp=2:10 bytes=360 (all ACKs received)
[cspcla 19:07:19 pid=341729 tid=140650056472256] outbound_pdu callback link_id=2 tx_id=3497 len=360
[cspcla 19:07:20 pid=341729 tid=140650056472256] ✓ TX SUCCESS tx_id=3497 dst_csp=2:10 bytes=360 (all ACKs received)
[cspcla 19:07:20 pid=341729 tid=140650056472256] outbound_pdu callback link_id=2 tx_id=3498 len=360
[cspcla 19:07:20 pid=341729 tid=140650056472256] ✓ TX SUCCESS tx_id=3498 dst_csp=2:10 bytes=360 (all ACKs received)
[cspcla 19:07:20 pid=341729 tid=140650056472256] outbound_pdu callback link_id=2 tx_id=3499 len=360
[cspcla 19:07:20 pid=341729 tid=140650056472256] ✓ TX SUCCESS tx_id=3499 dst_csp=2:10 bytes=360 (all ACKs received)
[cspcla 19:07:20 pid=341729 tid=140650056472256] outbound_pdu callback link_id=2 tx_id=3500 len=360
[cspcla 19:07:21 pid=341729 tid=140650056472256] ✓ TX SUCCESS tx_id=3500 dst_csp=2:10 bytes=360 (all ACKs received)
[cspcla 19:07:22 pid=341729 tid=140650056472256] outbound_pdu callback link_id=2 tx_id=3501 len=360
[cspcla 19:07:22 pid=341729 tid=140650056472256] ✓ TX SUCCESS tx_id=3501 dst_csp=2:10 bytes=360 (all ACKs received)
[cspcla 19:07:22 pid=341729 tid=140650056472256] outbound_pdu callback link_id=2 tx_id=3502 len=360
[cspcla 19:07:22 pid=341729 tid=140650056472256] ✓ TX SUCCESS tx_id=3502 dst_csp=2:10 bytes=360 (all ACKs received)
[cspcla 19:07:22 pid=341729 tid=140650056472256] outbound_pdu callback link_id=2 tx_id=3503 len=360
[cspcla 19:07:22 pid=341729 tid=140650056472256] ✓ TX SUCCESS tx_id=3503 dst_csp=2:10 bytes=360 (all ACKs received)
[cspcla 19:07:22 pid=341729 tid=140650056472256] outbound_pdu callback link_id=2 tx_id=3504 len=360
[cspcla 19:07:22 pid=341729 tid=140650056472256] ✓ TX SUCCESS tx_id=3504 dst_csp=2:10 bytes=360 (all ACKs received)
[cspcla 19:07:22 pid=341729 tid=140650056472256] outbound_pdu callback link_id=2 tx_id=3505 len=360
[cspcla 19:07:22 pid=341729 tid=140650056472256] ✓ TX SUCCESS tx_id=3505 dst_csp=2:10 bytes=360 (all ACKs received)
[cspcla 19:07:22 pid=341729 tid=140650056472256] outbound_pdu callback link_id=2 tx_id=3506 len=360
[cspcla 19:07:22 pid=341729 tid=140650056472256] ✓ TX SUCCESS tx_id=3506 dst_csp=2:10 bytes=360 (all ACKs received)
[cspcla 19:07:22 pid=341729 tid=140650056472256] outbound_pdu callback link_id=2 tx_id=3507 len=360
[cspcla 19:07:23 pid=341729 tid=140650056472256] ✓ TX SUCCESS tx_id=3507 dst_csp=2:10 bytes=360 (all ACKs received)
[cspcla 19:07:23 pid=341729 tid=140650056472256] outbound_pdu callback link_id=2 tx_id=3508 len=360
[cspcla 19:07:23 pid=341729 tid=140650056472256] ✓ TX SUCCESS tx_id=3508 dst_csp=2:10 bytes=360 (all ACKs received)
[cspcla 19:07:23 pid=341729 tid=140650056472256] outbound_pdu callback link_id=2 tx_id=3509 len=360
[cspcla 19:07:23 pid=341729 tid=140650056472256] ✓ TX SUCCESS tx_id=3509 dst_csp=2:10 bytes=360 (all ACKs received)
[cspcla 19:07:23 pid=341729 tid=140650056472256] outbound_pdu callback link_id=2 tx_id=3510 len=360
[cspcla 19:07:23 pid=341729 tid=140650056472256] ✓ TX SUCCESS tx_id=3510 dst_csp=2:10 bytes=360 (all ACKs received)
[cspcla 19:07:24 pid=341729 tid=140650056472256] outbound_pdu callback link_id=2 tx_id=3511 len=360
[cspcla 19:07:24 pid=341729 tid=140650056472256] ✓ TX SUCCESS tx_id=3511 dst_csp=2:10 bytes=360 (all ACKs received)
[cspcla 19:07:24 pid=341729 tid=140650056472256] outbound_pdu callback link_id=2 tx_id=3512 len=360
[cspcla 19:07:24 pid=341729 tid=140650056472256] ✓ TX SUCCESS tx_id=3512 dst_csp=2:10 bytes=360 (all ACKs received)
[cspcla 19:07:25 pid=341729 tid=140650056472256] outbound_pdu callback link_id=2 tx_id=3513 len=360
[cspcla 19:07:25 pid=341729 tid=140650056472256] ✓ TX SUCCESS tx_id=3513 dst_csp=2:10 bytes=360 (all ACKs received)
[cspcla 19:07:25 pid=341729 tid=140650056472256] outbound_pdu callback link_id=2 tx_id=3514 len=360
[cspcla 19:07:25 pid=341729 tid=140650056472256] ✓ TX SUCCESS tx_id=3514 dst_csp=2:10 bytes=360 (all ACKs received)
[cspcla 19:07:25 pid=341729 tid=140650056472256] outbound_pdu callback link_id=2 tx_id=3515 len=360
[cspcla 19:07:25 pid=341729 tid=140650056472256] ✓ TX SUCCESS tx_id=3515 dst_csp=2:10 bytes=360 (all ACKs received)
[cspcla 19:07:25 pid=341729 tid=140650056472256] outbound_pdu callback link_id=2 tx_id=3516 len=360
[cspcla 19:07:25 pid=341729 tid=140650056472256] ✓ TX SUCCESS tx_id=3516 dst_csp=2:10 bytes=360 (all ACKs received)
[cspcla 19:07:25 pid=341729 tid=140650056472256] outbound_pdu callback link_id=2 tx_id=3517 len=360
[cspcla 19:07:26 pid=341729 tid=140650056472256] ✓ TX SUCCESS tx_id=3517 dst_csp=2:10 bytes=360 (all ACKs received)
[cspcla 19:07:26 pid=341729 tid=140650056472256] outbound_pdu callback link_id=2 tx_id=3518 len=360
[cspcla 19:07:26 pid=341729 tid=140650056472256] ✓ TX SUCCESS tx_id=3518 dst_csp=2:10 bytes=360 (all ACKs received)
[cspcla 19:07:26 pid=341729 tid=140650056472256] outbound_pdu callback link_id=2 tx_id=3519 len=360
[cspcla 19:07:26 pid=341729 tid=140650056472256] ✓ TX SUCCESS tx_id=3519 dst_csp=2:10 bytes=360 (all ACKs received)
[cspcla 19:07:26 pid=341729 tid=140650056472256] outbound_pdu callback link_id=2 tx_id=3520 len=360
[cspcla 19:07:27 pid=341729 tid=140650056472256] ✓ TX SUCCESS tx_id=3520 dst_csp=2:10 bytes=360 (all ACKs received)
[cspcla 19:07:27 pid=341729 tid=140650056472256] outbound_pdu callback link_id=2 tx_id=3521 len=360
[cspcla 19:07:27 pid=341729 tid=140650056472256] ✓ TX SUCCESS tx_id=3521 dst_csp=2:10 bytes=360 (all ACKs received)
[cspcla 19:07:27 pid=341729 tid=140650056472256] outbound_pdu callback link_id=2 tx_id=3522 len=360
[cspcla 19:07:27 pid=341729 tid=140650056472256] ✓ TX SUCCESS tx_id=3522 dst_csp=2:10 bytes=360 (all ACKs received)
[cspcla 19:07:27 pid=341729 tid=140650056472256] outbound_pdu callback link_id=2 tx_id=3523 len=360
[cspcla 19:07:28 pid=341729 tid=140650056472256] ✓ TX SUCCESS tx_id=3523 dst_csp=2:10 bytes=360 (all ACKs received)
[cspcla 19:07:28 pid=341729 tid=140650056472256] outbound_pdu callback link_id=2 tx_id=3524 len=360
[cspcla 19:07:28 pid=341729 tid=140650056472256] ✓ TX SUCCESS tx_id=3524 dst_csp=2:10 bytes=360 (all ACKs received)
[cspcla 19:07:28 pid=341729 tid=140650056472256] outbound_pdu callback link_id=2 tx_id=3525 len=360
[cspcla 19:07:28 pid=341729 tid=140650056472256] ✓ TX SUCCESS tx_id=3525 dst_csp=2:10 bytes=360 (all ACKs received)
[cspcla 19:07:28 pid=341729 tid=140650056472256] outbound_pdu callback link_id=2 tx_id=3526 len=360
[cspcla 19:07:28 pid=341729 tid=140650056472256] ✓ TX SUCCESS tx_id=3526 dst_csp=2:10 bytes=360 (all ACKs received)
[cspcla 19:07:28 pid=341729 tid=140650056472256] outbound_pdu callback link_id=2 tx_id=3527 len=360
[cspcla 19:07:28 pid=341729 tid=140650056472256] ✓ TX SUCCESS tx_id=3527 dst_csp=2:10 bytes=360 (all ACKs received)
[cspcla 19:07:28 pid=341729 tid=140650056472256] outbound_pdu callback link_id=2 tx_id=3528 len=360
[cspcla 19:07:29 pid=341729 tid=140650056472256] ✓ TX SUCCESS tx_id=3528 dst_csp=2:10 bytes=360 (all ACKs received)
[cspcla 19:07:29 pid=341729 tid=140650056472256] outbound_pdu callback link_id=2 tx_id=3529 len=360
[cspcla 19:07:29 pid=341729 tid=140650056472256] ✓ TX SUCCESS tx_id=3529 dst_csp=2:10 bytes=360 (all ACKs received)
[cspcla 19:07:29 pid=341729 tid=140650056472256] outbound_pdu callback link_id=2 tx_id=3530 len=360
[cspcla 19:07:29 pid=341729 tid=140650056472256] ✓ TX SUCCESS tx_id=3530 dst_csp=2:10 bytes=360 (all ACKs received)
[cspcla 19:07:30 pid=341729 tid=140650056472256] outbound_pdu callback link_id=2 tx_id=3531 len=360
[cspcla 19:07:30 pid=341729 tid=140650056472256] ✓ TX SUCCESS tx_id=3531 dst_csp=2:10 bytes=360 (all ACKs received)
[cspcla 19:07:30 pid=341729 tid=140650056472256] outbound_pdu callback link_id=2 tx_id=3532 len=360
[cspcla 19:07:30 pid=341729 tid=140650056472256] ✓ TX SUCCESS tx_id=3532 dst_csp=2:10 bytes=360 (all ACKs received)
[cspcla 19:07:30 pid=341729 tid=140650056472256] outbound_pdu callback link_id=2 tx_id=3533 len=360
[cspcla 19:07:31 pid=341729 tid=140650056472256] ✓ TX SUCCESS tx_id=3533 dst_csp=2:10 bytes=360 (all ACKs received)
[cspcla 19:07:31 pid=341729 tid=140650056472256] outbound_pdu callback link_id=2 tx_id=3534 len=360
[cspcla 19:07:31 pid=341729 tid=140650056472256] ✓ TX SUCCESS tx_id=3534 dst_csp=2:10 bytes=360 (all ACKs received)
[cspcla 19:07:31 pid=341729 tid=140650056472256] outbound_pdu callback link_id=2 tx_id=3535 len=360
[cspcla 19:07:31 pid=341729 tid=140650056472256] ✓ TX SUCCESS tx_id=3535 dst_csp=2:10 bytes=360 (all ACKs received)
[cspcla 19:07:31 pid=341729 tid=140650056472256] outbound_pdu callback link_id=2 tx_id=3536 len=360
[cspcla 19:07:31 pid=341729 tid=140650056472256] ✓ TX SUCCESS tx_id=3536 dst_csp=2:10 bytes=360 (all ACKs received)
[cspcla 19:07:31 pid=341729 tid=140650056472256] outbound_pdu callback link_id=2 tx_id=3537 len=360
[cspcla 19:07:32 pid=341729 tid=140650056472256] ✓ TX SUCCESS tx_id=3537 dst_csp=2:10 bytes=360 (all ACKs received)
[cspcla 19:07:32 pid=341729 tid=140650056472256] outbound_pdu callback link_id=2 tx_id=3538 len=360
[cspcla 19:07:32 pid=341729 tid=140650056472256] ✓ TX SUCCESS tx_id=3538 dst_csp=2:10 bytes=360 (all ACKs received)
[cspcla 19:07:32 pid=341729 tid=140650056472256] outbound_pdu callback link_id=2 tx_id=3539 len=360
[cspcla 19:07:32 pid=341729 tid=140650056472256] ✓ TX SUCCESS tx_id=3539 dst_csp=2:10 bytes=360 (all ACKs received)
[cspcla 19:07:32 pid=341729 tid=140650056472256] outbound_pdu callback link_id=2 tx_id=3540 len=360
[cspcla 19:07:32 pid=341729 tid=140650056472256] ✓ TX SUCCESS tx_id=3540 dst_csp=2:10 bytes=360 (all ACKs received)
[cspcla 19:07:33 pid=341729 tid=140650056472256] outbound_pdu callback link_id=2 tx_id=3541 len=360
[cspcla 19:07:33 pid=341729 tid=140650056472256] ✓ TX SUCCESS tx_id=3541 dst_csp=2:10 bytes=360 (all ACKs received)
[cspcla 19:07:33 pid=341729 tid=140650056472256] outbound_pdu callback link_id=2 tx_id=3542 len=360
[cspcla 19:07:33 pid=341729 tid=140650056472256] ✓ TX SUCCESS tx_id=3542 dst_csp=2:10 bytes=360 (all ACKs received)
[cspcla 19:07:33 pid=341729 tid=140650056472256] outbound_pdu callback link_id=2 tx_id=3543 len=360
[cspcla 19:07:33 pid=341729 tid=140650056472256] ✓ TX SUCCESS tx_id=3543 dst_csp=2:10 bytes=360 (all ACKs received)
[cspcla 19:07:33 pid=341729 tid=140650056472256] outbound_pdu callback link_id=2 tx_id=3544 len=360
[cspcla 19:07:33 pid=341729 tid=140650056472256] ✓ TX SUCCESS tx_id=3544 dst_csp=2:10 bytes=360 (all ACKs received)
[cspcla 19:07:34 pid=341729 tid=140650056472256] outbound_pdu callback link_id=2 tx_id=3545 len=360
[cspcla 19:07:34 pid=341729 tid=140650056472256] ✓ TX SUCCESS tx_id=3545 dst_csp=2:10 bytes=360 (all ACKs received)
[cspcla 19:07:34 pid=341729 tid=140650056472256] outbound_pdu callback link_id=2 tx_id=3546 len=360
[cspcla 19:07:34 pid=341729 tid=140650056472256] ✓ TX SUCCESS tx_id=3546 dst_csp=2:10 bytes=360 (all ACKs received)
[cspcla 19:07:34 pid=341729 tid=140650056472256] outbound_pdu callback link_id=2 tx_id=3547 len=360
[cspcla 19:07:35 pid=341729 tid=140650056472256] ✓ TX SUCCESS tx_id=3547 dst_csp=2:10 bytes=360 (all ACKs received)
[cspcla 19:07:35 pid=341729 tid=140650056472256] outbound_pdu callback link_id=2 tx_id=3548 len=360
[cspcla 19:07:35 pid=341729 tid=140650056472256] ✓ TX SUCCESS tx_id=3548 dst_csp=2:10 bytes=360 (all ACKs received)
[cspcla 19:07:35 pid=341729 tid=140650056472256] outbound_pdu callback link_id=2 tx_id=3549 len=360
[cspcla 19:07:35 pid=341729 tid=140650056472256] ✓ TX SUCCESS tx_id=3549 dst_csp=2:10 bytes=360 (all ACKs received)
[cspcla 19:07:35 pid=341729 tid=140650056472256] outbound_pdu callback link_id=2 tx_id=3550 len=360
[cspcla 19:07:35 pid=341729 tid=140650056472256] ✓ TX SUCCESS tx_id=3550 dst_csp=2:10 bytes=360 (all ACKs received)
[cspcla 19:07:36 pid=341729 tid=140650056472256] outbound_pdu callback link_id=2 tx_id=3551 len=360
[cspcla 19:07:36 pid=341729 tid=140650056472256] ✓ TX SUCCESS tx_id=3551 dst_csp=2:10 bytes=360 (all ACKs received)
[cspcla 19:07:36 pid=341729 tid=140650056472256] outbound_pdu callback link_id=2 tx_id=3552 len=360
[cspcla 19:07:36 pid=341729 tid=140650056472256] ✓ TX SUCCESS tx_id=3552 dst_csp=2:10 bytes=360 (all ACKs received)
[cspcla 19:07:36 pid=341729 tid=140650056472256] outbound_pdu callback link_id=2 tx_id=3553 len=360
[cspcla 19:07:36 pid=341729 tid=140650056472256] ✓ TX SUCCESS tx_id=3553 dst_csp=2:10 bytes=360 (all ACKs received)
[cspcla 19:07:36 pid=341729 tid=140650056472256] outbound_pdu callback link_id=2 tx_id=3554 len=360
[cspcla 19:07:36 pid=341729 tid=140650056472256] ✓ TX SUCCESS tx_id=3554 dst_csp=2:10 bytes=360 (all ACKs received)
[cspcla 19:07:36 pid=341729 tid=140650056472256] outbound_pdu callback link_id=2 tx_id=3555 len=360
[cspcla 19:07:37 pid=341729 tid=140650056472256] ✓ TX SUCCESS tx_id=3555 dst_csp=2:10 bytes=360 (all ACKs received)
[cspcla 19:07:37 pid=341729 tid=140650056472256] outbound_pdu callback link_id=2 tx_id=3556 len=360
[cspcla 19:07:37 pid=341729 tid=140650056472256] ✓ TX SUCCESS tx_id=3556 dst_csp=2:10 bytes=360 (all ACKs received)
[cspcla 19:07:37 pid=341729 tid=140650056472256] outbound_pdu callback link_id=2 tx_id=3557 len=360
[cspcla 19:07:37 pid=341729 tid=140650056472256] ✓ TX SUCCESS tx_id=3557 dst_csp=2:10 bytes=360 (all ACKs received)
[cspcla 19:07:37 pid=341729 tid=140650056472256] outbound_pdu callback link_id=2 tx_id=3558 len=360
[cspcla 19:07:38 pid=341729 tid=140650056472256] ✓ TX SUCCESS tx_id=3558 dst_csp=2:10 bytes=360 (all ACKs received)
[cspcla 19:07:38 pid=341729 tid=140650056472256] outbound_pdu callback link_id=2 tx_id=3559 len=360
[cspcla 19:07:38 pid=341729 tid=140650056472256] ✓ TX SUCCESS tx_id=3559 dst_csp=2:10 bytes=360 (all ACKs received)
[cspcla 19:07:38 pid=341729 tid=140650056472256] outbound_pdu callback link_id=2 tx_id=3560 len=360
[cspcla 19:07:38 pid=341729 tid=140650056472256] ✓ TX SUCCESS tx_id=3560 dst_csp=2:10 bytes=360 (all ACKs received)
[cspcla 19:07:39 pid=341729 tid=140650056472256] outbound_pdu callback link_id=2 tx_id=3561 len=360
[cspcla 19:07:39 pid=341729 tid=140650056472256] ✓ TX SUCCESS tx_id=3561 dst_csp=2:10 bytes=360 (all ACKs received)
[cspcla 19:07:39 pid=341729 tid=140650056472256] outbound_pdu callback link_id=2 tx_id=3562 len=360
[cspcla 19:07:39 pid=341729 tid=140650056472256] ✓ TX SUCCESS tx_id=3562 dst_csp=2:10 bytes=360 (all ACKs received)
[cspcla 19:07:40 pid=341729 tid=140650056472256] outbound_pdu callback link_id=2 tx_id=3563 len=360
[cspcla 19:07:40 pid=341729 tid=140650056472256] ✓ TX SUCCESS tx_id=3563 dst_csp=2:10 bytes=360 (all ACKs received)
[cspcla 19:07:40 pid=341729 tid=140650056472256] outbound_pdu callback link_id=2 tx_id=3564 len=360
[cspcla 19:07:40 pid=341729 tid=140650056472256] ✓ TX SUCCESS tx_id=3564 dst_csp=2:10 bytes=360 (all ACKs received)
[cspcla 19:07:40 pid=341729 tid=140650056472256] outbound_pdu callback link_id=2 tx_id=3565 len=360
[cspcla 19:07:40 pid=341729 tid=140650056472256] ✓ TX SUCCESS tx_id=3565 dst_csp=2:10 bytes=360 (all ACKs received)
[cspcla 19:07:40 pid=341729 tid=140650056472256] outbound_pdu callback link_id=2 tx_id=3566 len=360
[cspcla 19:07:40 pid=341729 tid=140650056472256] ✓ TX SUCCESS tx_id=3566 dst_csp=2:10 bytes=360 (all ACKs received)
[cspcla 19:07:40 pid=341729 tid=140650056472256] outbound_pdu callback link_id=2 tx_id=3567 len=360
[cspcla 19:07:41 pid=341729 tid=140650056472256] ✓ TX SUCCESS tx_id=3567 dst_csp=2:10 bytes=360 (all ACKs received)
[cspcla 19:07:41 pid=341729 tid=140650056472256] outbound_pdu callback link_id=2 tx_id=3568 len=360
[cspcla 19:07:41 pid=341729 tid=140650056472256] ✓ TX SUCCESS tx_id=3568 dst_csp=2:10 bytes=360 (all ACKs received)
[cspcla 19:07:41 pid=341729 tid=140650056472256] outbound_pdu callback link_id=2 tx_id=3569 len=360
[cspcla 19:07:41 pid=341729 tid=140650056472256] ✓ TX SUCCESS tx_id=3569 dst_csp=2:10 bytes=360 (all ACKs received)
[cspcla 19:07:41 pid=341729 tid=140650056472256] outbound_pdu callback link_id=2 tx_id=3570 len=360
[cspcla 19:07:41 pid=341729 tid=140650056472256] ✓ TX SUCCESS tx_id=3570 dst_csp=2:10 bytes=360 (all ACKs received)
[cspcla 19:07:42 pid=341729 tid=140650056472256] outbound_pdu callback link_id=2 tx_id=3571 len=360
[cspcla 19:07:42 pid=341729 tid=140650056472256] ✓ TX SUCCESS tx_id=3571 dst_csp=2:10 bytes=360 (all ACKs received)
[cspcla 19:07:42 pid=341729 tid=140650056472256] outbound_pdu callback link_id=2 tx_id=3572 len=360
[cspcla 19:07:42 pid=341729 tid=140650056472256] ✓ TX SUCCESS tx_id=3572 dst_csp=2:10 bytes=360 (all ACKs received)
[cspcla 19:07:42 pid=341729 tid=140650056472256] outbound_pdu callback link_id=2 tx_id=3573 len=360
[cspcla 19:07:42 pid=341729 tid=140650056472256] ✓ TX SUCCESS tx_id=3573 dst_csp=2:10 bytes=360 (all ACKs received)
[cspcla 19:07:42 pid=341729 tid=140650056472256] outbound_pdu callback link_id=2 tx_id=3574 len=360
[cspcla 19:07:43 pid=341729 tid=140650056472256] ✓ TX SUCCESS tx_id=3574 dst_csp=2:10 bytes=360 (all ACKs received)
[cspcla 19:07:43 pid=341729 tid=140650056472256] outbound_pdu callback link_id=2 tx_id=3575 len=360
[cspcla 19:07:43 pid=341729 tid=140650056472256] ✓ TX SUCCESS tx_id=3575 dst_csp=2:10 bytes=360 (all ACKs received)
[cspcla 19:07:43 pid=341729 tid=140650056472256] outbound_pdu callback link_id=2 tx_id=3576 len=360
[cspcla 19:07:43 pid=341729 tid=140650056472256] ✓ TX SUCCESS tx_id=3576 dst_csp=2:10 bytes=360 (all ACKs received)
[cspcla 19:07:43 pid=341729 tid=140650056472256] outbound_pdu callback link_id=2 tx_id=3577 len=360
[cspcla 19:07:44 pid=341729 tid=140650056472256] ✓ TX SUCCESS tx_id=3577 dst_csp=2:10 bytes=360 (all ACKs received)
[cspcla 19:07:44 pid=341729 tid=140650056472256] outbound_pdu callback link_id=2 tx_id=3578 len=360
[cspcla 19:07:44 pid=341729 tid=140650056472256] ✓ TX SUCCESS tx_id=3578 dst_csp=2:10 bytes=360 (all ACKs received)
[cspcla 19:07:44 pid=341729 tid=140650056472256] outbound_pdu callback link_id=2 tx_id=3579 len=360
[cspcla 19:07:44 pid=341729 tid=140650056472256] ✓ TX SUCCESS tx_id=3579 dst_csp=2:10 bytes=360 (all ACKs received)
[cspcla 19:07:44 pid=341729 tid=140650056472256] outbound_pdu callback link_id=2 tx_id=3580 len=360
[cspcla 19:07:45 pid=341729 tid=140650056472256] ✓ TX SUCCESS tx_id=3580 dst_csp=2:10 bytes=360 (all ACKs received)
[cspcla 19:07:45 pid=341729 tid=140650056472256] outbound_pdu callback link_id=2 tx_id=3581 len=360
[cspcla 19:07:45 pid=341729 tid=140650056472256] ✓ TX SUCCESS tx_id=3581 dst_csp=2:10 bytes=360 (all ACKs received)
[cspcla 19:07:45 pid=341729 tid=140650056472256] outbound_pdu callback link_id=2 tx_id=3582 len=360
[cspcla 19:07:45 pid=341729 tid=140650056472256] ✓ TX SUCCESS tx_id=3582 dst_csp=2:10 bytes=360 (all ACKs received)
[cspcla 19:07:45 pid=341729 tid=140650056472256] outbound_pdu callback link_id=2 tx_id=3583 len=360
[cspcla 19:07:45 pid=341729 tid=140650056472256] ✓ TX SUCCESS tx_id=3583 dst_csp=2:10 bytes=360 (all ACKs received)
[cspcla 19:07:45 pid=341729 tid=140650056472256] outbound_pdu callback link_id=2 tx_id=3584 len=360
[cspcla 19:07:45 pid=341729 tid=140650056472256] ✓ TX SUCCESS tx_id=3584 dst_csp=2:10 bytes=360 (all ACKs received)
[cspcla 19:07:45 pid=341729 tid=140650056472256] outbound_pdu callback link_id=2 tx_id=3585 len=360
[cspcla 19:07:46 pid=341729 tid=140650056472256] ✓ TX SUCCESS tx_id=3585 dst_csp=2:10 bytes=360 (all ACKs received)
[cspcla 19:07:46 pid=341729 tid=140650056472256] outbound_pdu callback link_id=2 tx_id=3586 len=360
[cspcla 19:07:46 pid=341729 tid=140650056472256] ✓ TX SUCCESS tx_id=3586 dst_csp=2:10 bytes=360 (all ACKs received)
[cspcla 19:07:46 pid=341729 tid=140650056472256] outbound_pdu callback link_id=2 tx_id=3587 len=360
[cspcla 19:07:47 pid=341729 tid=140650056472256] ✓ TX SUCCESS tx_id=3587 dst_csp=2:10 bytes=360 (all ACKs received)
[cspcla 19:07:47 pid=341729 tid=140650056472256] outbound_pdu callback link_id=2 tx_id=3588 len=360
[cspcla 19:07:47 pid=341729 tid=140650056472256] ✓ TX SUCCESS tx_id=3588 dst_csp=2:10 bytes=360 (all ACKs received)
[cspcla 19:07:47 pid=341729 tid=140650056472256] outbound_pdu callback link_id=2 tx_id=3589 len=360
[cspcla 19:07:47 pid=341729 tid=140650056472256] ✓ TX SUCCESS tx_id=3589 dst_csp=2:10 bytes=360 (all ACKs received)
[cspcla 19:07:47 pid=341729 tid=140650056472256] outbound_pdu callback link_id=2 tx_id=3590 len=360
[cspcla 19:07:47 pid=341729 tid=140650056472256] ✓ TX SUCCESS tx_id=3590 dst_csp=2:10 bytes=360 (all ACKs received)
[cspcla 19:07:48 pid=341729 tid=140650056472256] outbound_pdu callback link_id=2 tx_id=3591 len=360
[cspcla 19:07:48 pid=341729 tid=140650056472256] ✓ TX SUCCESS tx_id=3591 dst_csp=2:10 bytes=360 (all ACKs received)
[cspcla 19:07:48 pid=341729 tid=140650056472256] outbound_pdu callback link_id=2 tx_id=3592 len=360
[cspcla 19:07:48 pid=341729 tid=140650056472256] ✓ TX SUCCESS tx_id=3592 dst_csp=2:10 bytes=360 (all ACKs received)
[cspcla 19:07:48 pid=341729 tid=140650056472256] outbound_pdu callback link_id=2 tx_id=3593 len=360
[cspcla 19:07:48 pid=341729 tid=140650056472256] ✓ TX SUCCESS tx_id=3593 dst_csp=2:10 bytes=360 (all ACKs received)
[cspcla 19:07:48 pid=341729 tid=140650056472256] outbound_pdu callback link_id=2 tx_id=3594 len=360
[cspcla 19:07:49 pid=341729 tid=140650056472256] ✓ TX SUCCESS tx_id=3594 dst_csp=2:10 bytes=360 (all ACKs received)
[cspcla 19:07:49 pid=341729 tid=140650056472256] outbound_pdu callback link_id=2 tx_id=3595 len=360
[cspcla 19:07:49 pid=341729 tid=140650056472256] ✓ TX SUCCESS tx_id=3595 dst_csp=2:10 bytes=360 (all ACKs received)
[cspcla 19:07:49 pid=341729 tid=140650056472256] outbound_pdu callback link_id=2 tx_id=3596 len=360
[cspcla 19:07:49 pid=341729 tid=140650056472256] ✓ TX SUCCESS tx_id=3596 dst_csp=2:10 bytes=360 (all ACKs received)
[cspcla 19:07:49 pid=341729 tid=140650056472256] outbound_pdu callback link_id=2 tx_id=3597 len=360
[cspcla 19:07:50 pid=341729 tid=140650056472256] ✓ TX SUCCESS tx_id=3597 dst_csp=2:10 bytes=360 (all ACKs received)
[cspcla 19:07:50 pid=341729 tid=140650056472256] outbound_pdu callback link_id=2 tx_id=3598 len=360
[cspcla 19:07:50 pid=341729 tid=140650056472256] ✓ TX SUCCESS tx_id=3598 dst_csp=2:10 bytes=360 (all ACKs received)
[cspcla 19:07:50 pid=341729 tid=140650056472256] outbound_pdu callback link_id=2 tx_id=3599 len=360
[cspcla 19:07:50 pid=341729 tid=140650056472256] ✓ TX SUCCESS tx_id=3599 dst_csp=2:10 bytes=360 (all ACKs received)
[cspcla 19:07:50 pid=341729 tid=140650056472256] outbound_pdu callback link_id=2 tx_id=3600 len=360
[cspcla 19:07:50 pid=341729 tid=140650056472256] ✓ TX SUCCESS tx_id=3600 dst_csp=2:10 bytes=360 (all ACKs received)
[cspcla 19:07:51 pid=341729 tid=140650056472256] outbound_pdu callback link_id=2 tx_id=3601 len=360
[cspcla 19:07:51 pid=341729 tid=140650056472256] ✓ TX SUCCESS tx_id=3601 dst_csp=2:10 bytes=360 (all ACKs received)
[cspcla 19:07:51 pid=341729 tid=140650056472256] outbound_pdu callback link_id=2 tx_id=3602 len=360
[cspcla 19:07:51 pid=341729 tid=140650056472256] ✓ TX SUCCESS tx_id=3602 dst_csp=2:10 bytes=360 (all ACKs received)
[cspcla 19:07:51 pid=341729 tid=140650056472256] outbound_pdu callback link_id=2 tx_id=3603 len=360
[cspcla 19:07:52 pid=341729 tid=140650056472256] ✓ TX SUCCESS tx_id=3603 dst_csp=2:10 bytes=360 (all ACKs received)
[cspcla 19:07:52 pid=341729 tid=140650056472256] outbound_pdu callback link_id=2 tx_id=3604 len=360
[cspcla 19:07:52 pid=341729 tid=140650056472256] ✓ TX SUCCESS tx_id=3604 dst_csp=2:10 bytes=360 (all ACKs received)
[cspcla 19:07:52 pid=341729 tid=140650056472256] outbound_pdu callback link_id=2 tx_id=3605 len=360
[cspcla 19:07:52 pid=341729 tid=140650056472256] ✓ TX SUCCESS tx_id=3605 dst_csp=2:10 bytes=360 (all ACKs received)
[cspcla 19:07:52 pid=341729 tid=140650056472256] outbound_pdu callback link_id=2 tx_id=3606 len=360
[cspcla 19:07:52 pid=341729 tid=140650056472256] ✓ TX SUCCESS tx_id=3606 dst_csp=2:10 bytes=360 (all ACKs received)
[cspcla 19:07:52 pid=341729 tid=140650056472256] outbound_pdu callback link_id=2 tx_id=3607 len=360
[cspcla 19:07:52 pid=341729 tid=140650056472256] ✓ TX SUCCESS tx_id=3607 dst_csp=2:10 bytes=360 (all ACKs received)
[cspcla 19:07:52 pid=341729 tid=140650056472256] outbound_pdu callback link_id=2 tx_id=3608 len=360
[cspcla 19:07:53 pid=341729 tid=140650056472256] ✓ TX SUCCESS tx_id=3608 dst_csp=2:10 bytes=360 (all ACKs received)
[cspcla 19:07:53 pid=341729 tid=140650056472256] outbound_pdu callback link_id=2 tx_id=3609 len=360
[cspcla 19:07:53 pid=341729 tid=140650056472256] ✓ TX SUCCESS tx_id=3609 dst_csp=2:10 bytes=360 (all ACKs received)
[cspcla 19:07:53 pid=341729 tid=140650056472256] outbound_pdu callback link_id=2 tx_id=3610 len=360
[cspcla 19:07:53 pid=341729 tid=140650056472256] ✓ TX SUCCESS tx_id=3610 dst_csp=2:10 bytes=360 (all ACKs received)
[cspcla 19:07:54 pid=341729 tid=140650056472256] outbound_pdu callback link_id=2 tx_id=3611 len=360
[cspcla 19:07:54 pid=341729 tid=140650056472256] ✓ TX SUCCESS tx_id=3611 dst_csp=2:10 bytes=360 (all ACKs received)
[cspcla 19:07:54 pid=341729 tid=140650056472256] outbound_pdu callback link_id=2 tx_id=3612 len=360
[cspcla 19:07:54 pid=341729 tid=140650056472256] ✓ TX SUCCESS tx_id=3612 dst_csp=2:10 bytes=360 (all ACKs received)
[cspcla 19:07:54 pid=341729 tid=140650056472256] outbound_pdu callback link_id=2 tx_id=3613 len=360
[cspcla 19:07:54 pid=341729 tid=140650056472256] ✓ TX SUCCESS tx_id=3613 dst_csp=2:10 bytes=360 (all ACKs received)
[cspcla 19:07:54 pid=341729 tid=140650056472256] outbound_pdu callback link_id=2 tx_id=3614 len=360
[cspcla 19:07:55 pid=341729 tid=140650056472256] ✓ TX SUCCESS tx_id=3614 dst_csp=2:10 bytes=360 (all ACKs received)
[cspcla 19:07:55 pid=341729 tid=140650056472256] outbound_pdu callback link_id=2 tx_id=3615 len=360
[cspcla 19:07:55 pid=341729 tid=140650056472256] ✓ TX SUCCESS tx_id=3615 dst_csp=2:10 bytes=360 (all ACKs received)
[cspcla 19:07:55 pid=341729 tid=140650056472256] outbound_pdu callback link_id=2 tx_id=3616 len=360
[cspcla 19:07:55 pid=341729 tid=140650056472256] ✓ TX SUCCESS tx_id=3616 dst_csp=2:10 bytes=360 (all ACKs received)
[cspcla 19:07:55 pid=341729 tid=140650056472256] outbound_pdu callback link_id=2 tx_id=3617 len=360
[cspcla 19:07:56 pid=341729 tid=140650056472256] ✓ TX SUCCESS tx_id=3617 dst_csp=2:10 bytes=360 (all ACKs received)
[cspcla 19:07:56 pid=341729 tid=140650056472256] outbound_pdu callback link_id=2 tx_id=3618 len=360
[cspcla 19:07:56 pid=341729 tid=140650056472256] ✓ TX SUCCESS tx_id=3618 dst_csp=2:10 bytes=360 (all ACKs received)
[cspcla 19:07:56 pid=341729 tid=140650056472256] outbound_pdu callback link_id=2 tx_id=3619 len=360
[cspcla 19:07:56 pid=341729 tid=140650056472256] ✓ TX SUCCESS tx_id=3619 dst_csp=2:10 bytes=360 (all ACKs received)
[cspcla 19:07:56 pid=341729 tid=140650056472256] outbound_pdu callback link_id=2 tx_id=3620 len=360
[cspcla 19:07:56 pid=341729 tid=140650056472256] ✓ TX SUCCESS tx_id=3620 dst_csp=2:10 bytes=360 (all ACKs received)
[cspcla 19:07:57 pid=341729 tid=140650056472256] outbound_pdu callback link_id=2 tx_id=3621 len=360
[cspcla 19:07:57 pid=341729 tid=140650056472256] ✓ TX SUCCESS tx_id=3621 dst_csp=2:10 bytes=360 (all ACKs received)
[cspcla 19:07:57 pid=341729 tid=140650056472256] outbound_pdu callback link_id=2 tx_id=3622 len=360
[cspcla 19:07:57 pid=341729 tid=140650056472256] ✓ TX SUCCESS tx_id=3622 dst_csp=2:10 bytes=360 (all ACKs received)
[cspcla 19:07:57 pid=341729 tid=140650056472256] outbound_pdu callback link_id=2 tx_id=3623 len=360
[cspcla 19:07:57 pid=341729 tid=140650056472256] ✓ TX SUCCESS tx_id=3623 dst_csp=2:10 bytes=360 (all ACKs received)
[cspcla 19:07:57 pid=341729 tid=140650056472256] outbound_pdu callback link_id=2 tx_id=3624 len=360
[cspcla 19:07:58 pid=341729 tid=140650056472256] ✓ TX SUCCESS tx_id=3624 dst_csp=2:10 bytes=360 (all ACKs received)
[cspcla 19:07:58 pid=341729 tid=140650056472256] outbound_pdu callback link_id=2 tx_id=3625 len=360
[cspcla 19:07:58 pid=341729 tid=140650056472256] ✓ TX SUCCESS tx_id=3625 dst_csp=2:10 bytes=360 (all ACKs received)
[cspcla 19:07:58 pid=341729 tid=140650056472256] outbound_pdu callback link_id=2 tx_id=3626 len=360
[cspcla 19:07:58 pid=341729 tid=140650056472256] ✓ TX SUCCESS tx_id=3626 dst_csp=2:10 bytes=360 (all ACKs received)
[cspcla 19:07:58 pid=341729 tid=140650056472256] outbound_pdu callback link_id=2 tx_id=3627 len=360
[cspcla 19:07:58 pid=341729 tid=140650056472256] ✓ TX SUCCESS tx_id=3627 dst_csp=2:10 bytes=360 (all ACKs received)
[cspcla 19:07:58 pid=341729 tid=140650056472256] outbound_pdu callback link_id=2 tx_id=3628 len=360
[cspcla 19:07:59 pid=341729 tid=140650056472256] ✓ TX SUCCESS tx_id=3628 dst_csp=2:10 bytes=360 (all ACKs received)
[cspcla 19:07:59 pid=341729 tid=140650056472256] outbound_pdu callback link_id=2 tx_id=3629 len=360
[cspcla 19:07:59 pid=341729 tid=140650056472256] ✓ TX SUCCESS tx_id=3629 dst_csp=2:10 bytes=360 (all ACKs received)
[cspcla 19:07:59 pid=341729 tid=140650056472256] outbound_pdu callback link_id=2 tx_id=3630 len=360
[cspcla 19:07:59 pid=341729 tid=140650056472256] ✓ TX SUCCESS tx_id=3630 dst_csp=2:10 bytes=360 (all ACKs received)
[cspcla 19:08:00 pid=341729 tid=140650056472256] outbound_pdu callback link_id=2 tx_id=3631 len=360
[cspcla 19:08:00 pid=341729 tid=140650056472256] ✓ TX SUCCESS tx_id=3631 dst_csp=2:10 bytes=360 (all ACKs received)
[cspcla 19:08:00 pid=341729 tid=140650056472256] outbound_pdu callback link_id=2 tx_id=3632 len=360
[cspcla 19:08:00 pid=341729 tid=140650056472256] ✓ TX SUCCESS tx_id=3632 dst_csp=2:10 bytes=360 (all ACKs received)
[cspcla 19:08:00 pid=341729 tid=140650056472256] outbound_pdu callback link_id=2 tx_id=3633 len=360
[cspcla 19:08:00 pid=341729 tid=140650056472256] ✓ TX SUCCESS tx_id=3633 dst_csp=2:10 bytes=360 (all ACKs received)
[cspcla 19:08:00 pid=341729 tid=140650056472256] outbound_pdu callback link_id=2 tx_id=3634 len=360
[cspcla 19:08:00 pid=341729 tid=140650056472256] ✓ TX SUCCESS tx_id=3634 dst_csp=2:10 bytes=360 (all ACKs received)
[cspcla 19:08:00 pid=341729 tid=140650056472256] outbound_pdu callback link_id=2 tx_id=3635 len=360
[cspcla 19:08:01 pid=341729 tid=140650056472256] ✓ TX SUCCESS tx_id=3635 dst_csp=2:10 bytes=360 (all ACKs received)
[cspcla 19:08:01 pid=341729 tid=140650056472256] outbound_pdu callback link_id=2 tx_id=3636 len=360
[cspcla 19:08:01 pid=341729 tid=140650056472256] ✓ TX SUCCESS tx_id=3636 dst_csp=2:10 bytes=360 (all ACKs received)
[cspcla 19:08:01 pid=341729 tid=140650056472256] outbound_pdu callback link_id=2 tx_id=3637 len=360
[cspcla 19:08:02 pid=341729 tid=140650056472256] ✓ TX SUCCESS tx_id=3637 dst_csp=2:10 bytes=360 (all ACKs received)
[cspcla 19:08:02 pid=341729 tid=140650056472256] outbound_pdu callback link_id=2 tx_id=3638 len=360
[cspcla 19:08:02 pid=341729 tid=140650056472256] ✓ TX SUCCESS tx_id=3638 dst_csp=2:10 bytes=360 (all ACKs received)
[cspcla 19:08:02 pid=341729 tid=140650056472256] outbound_pdu callback link_id=2 tx_id=3639 len=360
[cspcla 19:08:02 pid=341729 tid=140650056472256] ✓ TX SUCCESS tx_id=3639 dst_csp=2:10 bytes=360 (all ACKs received)
[cspcla 19:08:02 pid=341729 tid=140650056472256] outbound_pdu callback link_id=2 tx_id=3640 len=360
[cspcla 19:08:02 pid=341729 tid=140650056472256] ✓ TX SUCCESS tx_id=3640 dst_csp=2:10 bytes=360 (all ACKs received)
[cspcla 19:08:03 pid=341729 tid=140650056472256] outbound_pdu callback link_id=2 tx_id=3641 len=360
[cspcla 19:08:03 pid=341729 tid=140650056472256] ✓ TX SUCCESS tx_id=3641 dst_csp=2:10 bytes=360 (all ACKs received)
[cspcla 19:08:03 pid=341729 tid=140650056472256] outbound_pdu callback link_id=2 tx_id=3642 len=360
[cspcla 19:08:03 pid=341729 tid=140650056472256] ✓ TX SUCCESS tx_id=3642 dst_csp=2:10 bytes=360 (all ACKs received)
[cspcla 19:08:03 pid=341729 tid=140650056472256] outbound_pdu callback link_id=2 tx_id=3643 len=360
[cspcla 19:08:03 pid=341729 tid=140650056472256] ✓ TX SUCCESS tx_id=3643 dst_csp=2:10 bytes=360 (all ACKs received)
[cspcla 19:08:03 pid=341729 tid=140650056472256] outbound_pdu callback link_id=2 tx_id=3644 len=360
[cspcla 19:08:04 pid=341729 tid=140650056472256] ✓ TX SUCCESS tx_id=3644 dst_csp=2:10 bytes=360 (all ACKs received)
[cspcla 19:08:04 pid=341729 tid=140650056472256] outbound_pdu callback link_id=2 tx_id=3645 len=360
[cspcla 19:08:04 pid=341729 tid=140650056472256] ✓ TX SUCCESS tx_id=3645 dst_csp=2:10 bytes=360 (all ACKs received)
[cspcla 19:08:04 pid=341729 tid=140650056472256] outbound_pdu callback link_id=2 tx_id=3646 len=360
[cspcla 19:08:04 pid=341729 tid=140650056472256] ✓ TX SUCCESS tx_id=3646 dst_csp=2:10 bytes=360 (all ACKs received)
[cspcla 19:08:04 pid=341729 tid=140650056472256] outbound_pdu callback link_id=2 tx_id=3647 len=360
[cspcla 19:08:05 pid=341729 tid=140650056472256] ✓ TX SUCCESS tx_id=3647 dst_csp=2:10 bytes=360 (all ACKs received)
[cspcla 19:08:05 pid=341729 tid=140650056472256] outbound_pdu callback link_id=2 tx_id=3648 len=360
[cspcla 19:08:05 pid=341729 tid=140650056472256] ✓ TX SUCCESS tx_id=3648 dst_csp=2:10 bytes=360 (all ACKs received)
[cspcla 19:08:05 pid=341729 tid=140650056472256] outbound_pdu callback link_id=2 tx_id=3649 len=360
[cspcla 19:08:05 pid=341729 tid=140650056472256] ✓ TX SUCCESS tx_id=3649 dst_csp=2:10 bytes=360 (all ACKs received)
[cspcla 19:08:05 pid=341729 tid=140650056472256] outbound_pdu callback link_id=2 tx_id=3650 len=360
[cspcla 19:08:05 pid=341729 tid=140650056472256] ✓ TX SUCCESS tx_id=3650 dst_csp=2:10 bytes=360 (all ACKs received)
[cspcla 19:08:06 pid=341729 tid=140650056472256] outbound_pdu callback link_id=2 tx_id=3651 len=360
[cspcla 19:08:06 pid=341729 tid=140650056472256] ✓ TX SUCCESS tx_id=3651 dst_csp=2:10 bytes=360 (all ACKs received)
[cspcla 19:08:06 pid=341729 tid=140650056472256] outbound_pdu callback link_id=2 tx_id=3652 len=360
[cspcla 19:08:06 pid=341729 tid=140650056472256] ✓ TX SUCCESS tx_id=3652 dst_csp=2:10 bytes=360 (all ACKs received)
[cspcla 19:08:06 pid=341729 tid=140650056472256] outbound_pdu callback link_id=2 tx_id=3653 len=360
[cspcla 19:08:06 pid=341729 tid=140650056472256] ✓ TX SUCCESS tx_id=3653 dst_csp=2:10 bytes=360 (all ACKs received)
[cspcla 19:08:06 pid=341729 tid=140650056472256] outbound_pdu callback link_id=2 tx_id=3654 len=360
[cspcla 19:08:07 pid=341729 tid=140650056472256] ✓ TX SUCCESS tx_id=3654 dst_csp=2:10 bytes=360 (all ACKs received)
[cspcla 19:08:07 pid=341729 tid=140650056472256] outbound_pdu callback link_id=2 tx_id=3655 len=360
[cspcla 19:08:07 pid=341729 tid=140650056472256] ✓ TX SUCCESS tx_id=3655 dst_csp=2:10 bytes=360 (all ACKs received)
[cspcla 19:08:07 pid=341729 tid=140650056472256] outbound_pdu callback link_id=2 tx_id=3656 len=360
[cspcla 19:08:07 pid=341729 tid=140650056472256] ✓ TX SUCCESS tx_id=3656 dst_csp=2:10 bytes=360 (all ACKs received)
[cspcla 19:08:07 pid=341729 tid=140650056472256] outbound_pdu callback link_id=2 tx_id=3657 len=360
[cspcla 19:08:07 pid=341729 tid=140650056472256] ✓ TX SUCCESS tx_id=3657 dst_csp=2:10 bytes=360 (all ACKs received)
[cspcla 19:08:07 pid=341729 tid=140650056472256] outbound_pdu callback link_id=2 tx_id=3658 len=360
[cspcla 19:08:07 pid=341729 tid=140650056472256] ✓ TX SUCCESS tx_id=3658 dst_csp=2:10 bytes=360 (all ACKs received)
[cspcla 19:08:07 pid=341729 tid=140650056472256] outbound_pdu callback link_id=2 tx_id=3659 len=360
[cspcla 19:08:08 pid=341729 tid=140650056472256] ✓ TX SUCCESS tx_id=3659 dst_csp=2:10 bytes=360 (all ACKs received)
[cspcla 19:08:08 pid=341729 tid=140650056472256] outbound_pdu callback link_id=2 tx_id=3660 len=360
[cspcla 19:08:08 pid=341729 tid=140650056472256] ✓ TX SUCCESS tx_id=3660 dst_csp=2:10 bytes=360 (all ACKs received)
[cspcla 19:08:09 pid=341729 tid=140650056472256] outbound_pdu callback link_id=2 tx_id=3661 len=360
[cspcla 19:08:09 pid=341729 tid=140650056472256] ✓ TX SUCCESS tx_id=3661 dst_csp=2:10 bytes=360 (all ACKs received)
[cspcla 19:08:09 pid=341729 tid=140650056472256] outbound_pdu callback link_id=2 tx_id=3662 len=360
[cspcla 19:08:09 pid=341729 tid=140650056472256] ✓ TX SUCCESS tx_id=3662 dst_csp=2:10 bytes=360 (all ACKs received)
[cspcla 19:08:09 pid=341729 tid=140650056472256] outbound_pdu callback link_id=2 tx_id=3663 len=360
[cspcla 19:08:09 pid=341729 tid=140650056472256] ✓ TX SUCCESS tx_id=3663 dst_csp=2:10 bytes=360 (all ACKs received)
[cspcla 19:08:09 pid=341729 tid=140650056472256] outbound_pdu callback link_id=2 tx_id=3664 len=360
[cspcla 19:08:09 pid=341729 tid=140650056472256] ✓ TX SUCCESS tx_id=3664 dst_csp=2:10 bytes=360 (all ACKs received)
[cspcla 19:08:09 pid=341729 tid=140650056472256] outbound_pdu callback link_id=2 tx_id=3665 len=360
[cspcla 19:08:10 pid=341729 tid=140650056472256] ✓ TX SUCCESS tx_id=3665 dst_csp=2:10 bytes=360 (all ACKs received)
[cspcla 19:08:10 pid=341729 tid=140650056472256] outbound_pdu callback link_id=2 tx_id=3666 len=360
[cspcla 19:08:10 pid=341729 tid=140650056472256] ✓ TX SUCCESS tx_id=3666 dst_csp=2:10 bytes=360 (all ACKs received)
[cspcla 19:08:10 pid=341729 tid=140650056472256] outbound_pdu callback link_id=2 tx_id=3667 len=360
[cspcla 19:08:10 pid=341729 tid=140650056472256] ✓ TX SUCCESS tx_id=3667 dst_csp=2:10 bytes=360 (all ACKs received)
[cspcla 19:08:10 pid=341729 tid=140650056472256] outbound_pdu callback link_id=2 tx_id=3668 len=360
[cspcla 19:08:11 pid=341729 tid=140650056472256] ✓ TX SUCCESS tx_id=3668 dst_csp=2:10 bytes=360 (all ACKs received)
[cspcla 19:08:11 pid=341729 tid=140650056472256] outbound_pdu callback link_id=2 tx_id=3669 len=360
[cspcla 19:08:11 pid=341729 tid=140650056472256] ✓ TX SUCCESS tx_id=3669 dst_csp=2:10 bytes=360 (all ACKs received)
[cspcla 19:08:11 pid=341729 tid=140650056472256] outbound_pdu callback link_id=2 tx_id=3670 len=360
[cspcla 19:08:11 pid=341729 tid=140650056472256] ✓ TX SUCCESS tx_id=3670 dst_csp=2:10 bytes=360 (all ACKs received)
[cspcla 19:08:12 pid=341729 tid=140650056472256] outbound_pdu callback link_id=2 tx_id=3671 len=360
[cspcla 19:08:12 pid=341729 tid=140650056472256] ✓ TX SUCCESS tx_id=3671 dst_csp=2:10 bytes=360 (all ACKs received)
[cspcla 19:08:12 pid=341729 tid=140650056472256] outbound_pdu callback link_id=2 tx_id=3672 len=360
[cspcla 19:08:12 pid=341729 tid=140650056472256] ✓ TX SUCCESS tx_id=3672 dst_csp=2:10 bytes=360 (all ACKs received)
[cspcla 19:08:12 pid=341729 tid=140650056472256] outbound_pdu callback link_id=2 tx_id=3673 len=360
[cspcla 19:08:12 pid=341729 tid=140650056472256] ✓ TX SUCCESS tx_id=3673 dst_csp=2:10 bytes=360 (all ACKs received)
[cspcla 19:08:12 pid=341729 tid=140650056472256] outbound_pdu callback link_id=2 tx_id=3674 len=360
[cspcla 19:08:12 pid=341729 tid=140650056472256] ✓ TX SUCCESS tx_id=3674 dst_csp=2:10 bytes=360 (all ACKs received)
[cspcla 19:08:12 pid=341729 tid=140650056472256] outbound_pdu callback link_id=2 tx_id=3675 len=360
[cspcla 19:08:13 pid=341729 tid=140650056472256] ✓ TX SUCCESS tx_id=3675 dst_csp=2:10 bytes=360 (all ACKs received)
[cspcla 19:08:13 pid=341729 tid=140650056472256] outbound_pdu callback link_id=2 tx_id=3676 len=360
[cspcla 19:08:13 pid=341729 tid=140650056472256] ✓ TX SUCCESS tx_id=3676 dst_csp=2:10 bytes=360 (all ACKs received)
[cspcla 19:08:13 pid=341729 tid=140650056472256] outbound_pdu callback link_id=2 tx_id=3677 len=360
[cspcla 19:08:13 pid=341729 tid=140650056472256] ✓ TX SUCCESS tx_id=3677 dst_csp=2:10 bytes=360 (all ACKs received)
[cspcla 19:08:13 pid=341729 tid=140650056472256] outbound_pdu callback link_id=2 tx_id=3678 len=360
[cspcla 19:08:13 pid=341729 tid=140650056472256] ✓ TX SUCCESS tx_id=3678 dst_csp=2:10 bytes=360 (all ACKs received)
[cspcla 19:08:13 pid=341729 tid=140650056472256] outbound_pdu callback link_id=2 tx_id=3679 len=360
[cspcla 19:08:14 pid=341729 tid=140650056472256] ✓ TX SUCCESS tx_id=3679 dst_csp=2:10 bytes=360 (all ACKs received)
[cspcla 19:08:14 pid=341729 tid=140650056472256] outbound_pdu callback link_id=2 tx_id=3680 len=360
[cspcla 19:08:14 pid=341729 tid=140650056472256] ✓ TX SUCCESS tx_id=3680 dst_csp=2:10 bytes=360 (all ACKs received)
[cspcla 19:08:15 pid=341729 tid=140650056472256] outbound_pdu callback link_id=2 tx_id=3681 len=360
[cspcla 19:08:15 pid=341729 tid=140650056472256] ✓ TX SUCCESS tx_id=3681 dst_csp=2:10 bytes=360 (all ACKs received)
[cspcla 19:08:15 pid=341729 tid=140650056472256] outbound_pdu callback link_id=2 tx_id=3682 len=360
[cspcla 19:08:15 pid=341729 tid=140650056472256] ✓ TX SUCCESS tx_id=3682 dst_csp=2:10 bytes=360 (all ACKs received)
[cspcla 19:08:15 pid=341729 tid=140650056472256] outbound_pdu callback link_id=2 tx_id=3683 len=360
[cspcla 19:08:15 pid=341729 tid=140650056472256] ✓ TX SUCCESS tx_id=3683 dst_csp=2:10 bytes=360 (all ACKs received)
[cspcla 19:08:15 pid=341729 tid=140650056472256] outbound_pdu callback link_id=2 tx_id=3684 len=360
[cspcla 19:08:15 pid=341729 tid=140650056472256] ✓ TX SUCCESS tx_id=3684 dst_csp=2:10 bytes=360 (all ACKs received)
[cspcla 19:08:15 pid=341729 tid=140650056472256] outbound_pdu callback link_id=2 tx_id=3685 len=360
[cspcla 19:08:16 pid=341729 tid=140650056472256] ✓ TX SUCCESS tx_id=3685 dst_csp=2:10 bytes=360 (all ACKs received)
[cspcla 19:08:16 pid=341729 tid=140650056472256] outbound_pdu callback link_id=2 tx_id=3686 len=360
[cspcla 19:08:16 pid=341729 tid=140650056472256] ✓ TX SUCCESS tx_id=3686 dst_csp=2:10 bytes=360 (all ACKs received)
[cspcla 19:08:16 pid=341729 tid=140650056472256] outbound_pdu callback link_id=2 tx_id=3687 len=360
[cspcla 19:08:16 pid=341729 tid=140650056472256] ✓ TX SUCCESS tx_id=3687 dst_csp=2:10 bytes=360 (all ACKs received)
[cspcla 19:08:16 pid=341729 tid=140650056472256] outbound_pdu callback link_id=2 tx_id=3688 len=360
[cspcla 19:08:16 pid=341729 tid=140650056472256] ✓ TX SUCCESS tx_id=3688 dst_csp=2:10 bytes=360 (all ACKs received)
[cspcla 19:08:16 pid=341729 tid=140650056472256] outbound_pdu callback link_id=2 tx_id=3689 len=360
[cspcla 19:08:17 pid=341729 tid=140650056472256] ✓ TX SUCCESS tx_id=3689 dst_csp=2:10 bytes=360 (all ACKs received)
[cspcla 19:08:17 pid=341729 tid=140650056472256] outbound_pdu callback link_id=2 tx_id=3690 len=360
[cspcla 19:08:17 pid=341729 tid=140650056472256] ✓ TX SUCCESS tx_id=3690 dst_csp=2:10 bytes=360 (all ACKs received)
[cspcla 19:08:18 pid=341729 tid=140650056472256] outbound_pdu callback link_id=2 tx_id=3691 len=360
[cspcla 19:08:18 pid=341729 tid=140650056472256] ✓ TX SUCCESS tx_id=3691 dst_csp=2:10 bytes=360 (all ACKs received)
[cspcla 19:08:18 pid=341729 tid=140650056472256] outbound_pdu callback link_id=2 tx_id=3692 len=360
[cspcla 19:08:18 pid=341729 tid=140650056472256] ✓ TX SUCCESS tx_id=3692 dst_csp=2:10 bytes=360 (all ACKs received)
[cspcla 19:08:18 pid=341729 tid=140650056472256] outbound_pdu callback link_id=2 tx_id=3693 len=360
[cspcla 19:08:18 pid=341729 tid=140650056472256] ✓ TX SUCCESS tx_id=3693 dst_csp=2:10 bytes=360 (all ACKs received)
[cspcla 19:08:18 pid=341729 tid=140650056472256] outbound_pdu callback link_id=2 tx_id=3694 len=360
[cspcla 19:08:18 pid=341729 tid=140650056472256] ✓ TX SUCCESS tx_id=3694 dst_csp=2:10 bytes=360 (all ACKs received)
[cspcla 19:08:18 pid=341729 tid=140650056472256] outbound_pdu callback link_id=2 tx_id=3695 len=360
[cspcla 19:08:19 pid=341729 tid=140650056472256] ✓ TX SUCCESS tx_id=3695 dst_csp=2:10 bytes=360 (all ACKs received)
[cspcla 19:08:19 pid=341729 tid=140650056472256] outbound_pdu callback link_id=2 tx_id=3696 len=360
[cspcla 19:08:19 pid=341729 tid=140650056472256] ✓ TX SUCCESS tx_id=3696 dst_csp=2:10 bytes=360 (all ACKs received)
[cspcla 19:08:19 pid=341729 tid=140650056472256] outbound_pdu callback link_id=2 tx_id=3697 len=360
[cspcla 19:08:19 pid=341729 tid=140650056472256] ✓ TX SUCCESS tx_id=3697 dst_csp=2:10 bytes=360 (all ACKs received)
[cspcla 19:08:19 pid=341729 tid=140650056472256] outbound_pdu callback link_id=2 tx_id=3698 len=360
[cspcla 19:08:19 pid=341729 tid=140650056472256] ✓ TX SUCCESS tx_id=3698 dst_csp=2:10 bytes=360 (all ACKs received)
[cspcla 19:08:19 pid=341729 tid=140650056472256] outbound_pdu callback link_id=2 tx_id=3699 len=360
[cspcla 19:08:20 pid=341729 tid=140650056472256] ✓ TX SUCCESS tx_id=3699 dst_csp=2:10 bytes=360 (all ACKs received)
[cspcla 19:08:20 pid=341729 tid=140650056472256] outbound_pdu callback link_id=2 tx_id=3700 len=360
[cspcla 19:08:20 pid=341729 tid=140650056472256] ✓ TX SUCCESS tx_id=3700 dst_csp=2:10 bytes=360 (all ACKs received)
[cspcla 19:08:21 pid=341729 tid=140650056472256] outbound_pdu callback link_id=2 tx_id=3701 len=360
[cspcla 19:08:21 pid=341729 tid=140650056472256] ✓ TX SUCCESS tx_id=3701 dst_csp=2:10 bytes=360 (all ACKs received)
[cspcla 19:08:21 pid=341729 tid=140650056472256] outbound_pdu callback link_id=2 tx_id=3702 len=360
[cspcla 19:08:21 pid=341729 tid=140650056472256] ✓ TX SUCCESS tx_id=3702 dst_csp=2:10 bytes=360 (all ACKs received)
[cspcla 19:08:21 pid=341729 tid=140650056472256] outbound_pdu callback link_id=2 tx_id=3703 len=360
[cspcla 19:08:21 pid=341729 tid=140650056472256] ✓ TX SUCCESS tx_id=3703 dst_csp=2:10 bytes=360 (all ACKs received)
[cspcla 19:08:21 pid=341729 tid=140650056472256] outbound_pdu callback link_id=2 tx_id=3704 len=360
[cspcla 19:08:21 pid=341729 tid=140650056472256] ✓ TX SUCCESS tx_id=3704 dst_csp=2:10 bytes=360 (all ACKs received)
[cspcla 19:08:21 pid=341729 tid=140650056472256] outbound_pdu callback link_id=2 tx_id=3705 len=360
[cspcla 19:08:22 pid=341729 tid=140650056472256] ✓ TX SUCCESS tx_id=3705 dst_csp=2:10 bytes=360 (all ACKs received)
[cspcla 19:08:22 pid=341729 tid=140650056472256] outbound_pdu callback link_id=2 tx_id=3706 len=360
[cspcla 19:08:22 pid=341729 tid=140650056472256] ✓ TX SUCCESS tx_id=3706 dst_csp=2:10 bytes=360 (all ACKs received)
[cspcla 19:08:22 pid=341729 tid=140650056472256] outbound_pdu callback link_id=2 tx_id=3707 len=360
[cspcla 19:08:22 pid=341729 tid=140650056472256] ✓ TX SUCCESS tx_id=3707 dst_csp=2:10 bytes=360 (all ACKs received)
[cspcla 19:08:22 pid=341729 tid=140650056472256] outbound_pdu callback link_id=2 tx_id=3708 len=360
[cspcla 19:08:23 pid=341729 tid=140650056472256] ✓ TX SUCCESS tx_id=3708 dst_csp=2:10 bytes=360 (all ACKs received)
[cspcla 19:08:23 pid=341729 tid=140650056472256] outbound_pdu callback link_id=2 tx_id=3709 len=360
[cspcla 19:08:23 pid=341729 tid=140650056472256] ✓ TX SUCCESS tx_id=3709 dst_csp=2:10 bytes=360 (all ACKs received)
[cspcla 19:08:23 pid=341729 tid=140650056472256] outbound_pdu callback link_id=2 tx_id=3710 len=360
[cspcla 19:08:23 pid=341729 tid=140650056472256] ✓ TX SUCCESS tx_id=3710 dst_csp=2:10 bytes=360 (all ACKs received)
[cspcla 19:08:24 pid=341729 tid=140650056472256] outbound_pdu callback link_id=2 tx_id=3711 len=360
[cspcla 19:08:24 pid=341729 tid=140650056472256] ✓ TX SUCCESS tx_id=3711 dst_csp=2:10 bytes=360 (all ACKs received)
[cspcla 19:08:24 pid=341729 tid=140650056472256] outbound_pdu callback link_id=2 tx_id=3712 len=360
[cspcla 19:08:24 pid=341729 tid=140650056472256] ✓ TX SUCCESS tx_id=3712 dst_csp=2:10 bytes=360 (all ACKs received)
[cspcla 19:08:24 pid=341729 tid=140650056472256] outbound_pdu callback link_id=2 tx_id=3713 len=360
[cspcla 19:08:24 pid=341729 tid=140650056472256] ✓ TX SUCCESS tx_id=3713 dst_csp=2:10 bytes=360 (all ACKs received)
[cspcla 19:08:24 pid=341729 tid=140650056472256] outbound_pdu callback link_id=2 tx_id=3714 len=360
[cspcla 19:08:24 pid=341729 tid=140650056472256] ✓ TX SUCCESS tx_id=3714 dst_csp=2:10 bytes=360 (all ACKs received)
[cspcla 19:08:24 pid=341729 tid=140650056472256] outbound_pdu callback link_id=2 tx_id=3715 len=360
[cspcla 19:08:25 pid=341729 tid=140650056472256] ✓ TX SUCCESS tx_id=3715 dst_csp=2:10 bytes=360 (all ACKs received)
[cspcla 19:08:25 pid=341729 tid=140650056472256] outbound_pdu callback link_id=2 tx_id=3716 len=360
[cspcla 19:08:25 pid=341729 tid=140650056472256] ✓ TX SUCCESS tx_id=3716 dst_csp=2:10 bytes=360 (all ACKs received)
[cspcla 19:08:25 pid=341729 tid=140650056472256] outbound_pdu callback link_id=2 tx_id=3717 len=360
[cspcla 19:08:25 pid=341729 tid=140650056472256] ✓ TX SUCCESS tx_id=3717 dst_csp=2:10 bytes=360 (all ACKs received)
[cspcla 19:08:25 pid=341729 tid=140650056472256] outbound_pdu callback link_id=2 tx_id=3718 len=360
[cspcla 19:08:25 pid=341729 tid=140650056472256] ✓ TX SUCCESS tx_id=3718 dst_csp=2:10 bytes=360 (all ACKs received)
[cspcla 19:08:25 pid=341729 tid=140650056472256] outbound_pdu callback link_id=2 tx_id=3719 len=360
[cspcla 19:08:26 pid=341729 tid=140650056472256] ✓ TX SUCCESS tx_id=3719 dst_csp=2:10 bytes=360 (all ACKs received)
[cspcla 19:08:26 pid=341729 tid=140650056472256] outbound_pdu callback link_id=2 tx_id=3720 len=360
[cspcla 19:08:26 pid=341729 tid=140650056472256] ✓ TX SUCCESS tx_id=3720 dst_csp=2:10 bytes=360 (all ACKs received)
[cspcla 19:08:27 pid=341729 tid=140650056472256] outbound_pdu callback link_id=2 tx_id=3721 len=360
[cspcla 19:08:27 pid=341729 tid=140650056472256] ✓ TX SUCCESS tx_id=3721 dst_csp=2:10 bytes=360 (all ACKs received)
[cspcla 19:08:27 pid=341729 tid=140650056472256] outbound_pdu callback link_id=2 tx_id=3722 len=360
[cspcla 19:08:27 pid=341729 tid=140650056472256] ✓ TX SUCCESS tx_id=3722 dst_csp=2:10 bytes=360 (all ACKs received)
[cspcla 19:08:27 pid=341729 tid=140650056472256] outbound_pdu callback link_id=2 tx_id=3723 len=360
[cspcla 19:08:27 pid=341729 tid=140650056472256] ✓ TX SUCCESS tx_id=3723 dst_csp=2:10 bytes=360 (all ACKs received)
[cspcla 19:08:27 pid=341729 tid=140650056472256] outbound_pdu callback link_id=2 tx_id=3724 len=360
[cspcla 19:08:27 pid=341729 tid=140650056472256] ✓ TX SUCCESS tx_id=3724 dst_csp=2:10 bytes=360 (all ACKs received)
[cspcla 19:08:27 pid=341729 tid=140650056472256] outbound_pdu callback link_id=2 tx_id=3725 len=360
[cspcla 19:08:28 pid=341729 tid=140650056472256] ✓ TX SUCCESS tx_id=3725 dst_csp=2:10 bytes=360 (all ACKs received)
[cspcla 19:08:28 pid=341729 tid=140650056472256] outbound_pdu callback link_id=2 tx_id=3726 len=360
[cspcla 19:08:28 pid=341729 tid=140650056472256] ✓ TX SUCCESS tx_id=3726 dst_csp=2:10 bytes=360 (all ACKs received)
[cspcla 19:08:28 pid=341729 tid=140650056472256] outbound_pdu callback link_id=2 tx_id=3727 len=360
[cspcla 19:08:28 pid=341729 tid=140650056472256] ✓ TX SUCCESS tx_id=3727 dst_csp=2:10 bytes=360 (all ACKs received)
[cspcla 19:08:28 pid=341729 tid=140650056472256] outbound_pdu callback link_id=2 tx_id=3728 len=360
[cspcla 19:08:28 pid=341729 tid=140650056472256] ✓ TX SUCCESS tx_id=3728 dst_csp=2:10 bytes=360 (all ACKs received)
[cspcla 19:08:28 pid=341729 tid=140650056472256] outbound_pdu callback link_id=2 tx_id=3729 len=360
[cspcla 19:08:29 pid=341729 tid=140650056472256] ✓ TX SUCCESS tx_id=3729 dst_csp=2:10 bytes=360 (all ACKs received)
[cspcla 19:08:29 pid=341729 tid=140650056472256] outbound_pdu callback link_id=2 tx_id=3730 len=360
[cspcla 19:08:29 pid=341729 tid=140650056472256] ✓ TX SUCCESS tx_id=3730 dst_csp=2:10 bytes=360 (all ACKs received)
[cspcla 19:08:30 pid=341729 tid=140650056472256] outbound_pdu callback link_id=2 tx_id=3731 len=360
[cspcla 19:08:30 pid=341729 tid=140650056472256] ✓ TX SUCCESS tx_id=3731 dst_csp=2:10 bytes=360 (all ACKs received)
[cspcla 19:08:30 pid=341729 tid=140650056472256] outbound_pdu callback link_id=2 tx_id=3732 len=360
[cspcla 19:08:30 pid=341729 tid=140650056472256] ✓ TX SUCCESS tx_id=3732 dst_csp=2:10 bytes=360 (all ACKs received)
[cspcla 19:08:30 pid=341729 tid=140650056472256] outbound_pdu callback link_id=2 tx_id=3733 len=360
[cspcla 19:08:30 pid=341729 tid=140650056472256] ✓ TX SUCCESS tx_id=3733 dst_csp=2:10 bytes=360 (all ACKs received)
[cspcla 19:08:30 pid=341729 tid=140650056472256] outbound_pdu callback link_id=2 tx_id=3734 len=360
[cspcla 19:08:30 pid=341729 tid=140650056472256] ✓ TX SUCCESS tx_id=3734 dst_csp=2:10 bytes=360 (all ACKs received)
[cspcla 19:08:30 pid=341729 tid=140650056472256] outbound_pdu callback link_id=2 tx_id=3735 len=360
[cspcla 19:08:31 pid=341729 tid=140650056472256] ✓ TX SUCCESS tx_id=3735 dst_csp=2:10 bytes=360 (all ACKs received)
[cspcla 19:08:31 pid=341729 tid=140650056472256] outbound_pdu callback link_id=2 tx_id=3736 len=360
[cspcla 19:08:31 pid=341729 tid=140650056472256] ✓ TX SUCCESS tx_id=3736 dst_csp=2:10 bytes=360 (all ACKs received)
[cspcla 19:08:31 pid=341729 tid=140650056472256] outbound_pdu callback link_id=2 tx_id=3737 len=360
[cspcla 19:08:31 pid=341729 tid=140650056472256] ✓ TX SUCCESS tx_id=3737 dst_csp=2:10 bytes=360 (all ACKs received)
[cspcla 19:08:31 pid=341729 tid=140650056472256] outbound_pdu callback link_id=2 tx_id=3738 len=360
[cspcla 19:08:31 pid=341729 tid=140650056472256] ✓ TX SUCCESS tx_id=3738 dst_csp=2:10 bytes=360 (all ACKs received)
[cspcla 19:08:31 pid=341729 tid=140650056472256] outbound_pdu callback link_id=2 tx_id=3739 len=360
[cspcla 19:08:32 pid=341729 tid=140650056472256] ✓ TX SUCCESS tx_id=3739 dst_csp=2:10 bytes=360 (all ACKs received)
[cspcla 19:08:32 pid=341729 tid=140650056472256] outbound_pdu callback link_id=2 tx_id=3740 len=360
[cspcla 19:08:32 pid=341729 tid=140650056472256] ✓ TX SUCCESS tx_id=3740 dst_csp=2:10 bytes=360 (all ACKs received)
[cspcla 19:08:33 pid=341729 tid=140650056472256] outbound_pdu callback link_id=2 tx_id=3741 len=360
[cspcla 19:08:33 pid=341729 tid=140650056472256] ✓ TX SUCCESS tx_id=3741 dst_csp=2:10 bytes=360 (all ACKs received)
[cspcla 19:08:33 pid=341729 tid=140650056472256] outbound_pdu callback link_id=2 tx_id=3742 len=360
[cspcla 19:08:33 pid=341729 tid=140650056472256] ✓ TX SUCCESS tx_id=3742 dst_csp=2:10 bytes=360 (all ACKs received)
[cspcla 19:08:33 pid=341729 tid=140650056472256] outbound_pdu callback link_id=2 tx_id=3743 len=360
[cspcla 19:08:33 pid=341729 tid=140650056472256] ✓ TX SUCCESS tx_id=3743 dst_csp=2:10 bytes=360 (all ACKs received)
[cspcla 19:08:33 pid=341729 tid=140650056472256] outbound_pdu callback link_id=2 tx_id=3744 len=360
[cspcla 19:08:33 pid=341729 tid=140650056472256] ✓ TX SUCCESS tx_id=3744 dst_csp=2:10 bytes=360 (all ACKs received)
[cspcla 19:08:33 pid=341729 tid=140650056472256] outbound_pdu callback link_id=2 tx_id=3745 len=360
[cspcla 19:08:34 pid=341729 tid=140650056472256] ✓ TX SUCCESS tx_id=3745 dst_csp=2:10 bytes=360 (all ACKs received)
[cspcla 19:08:34 pid=341729 tid=140650056472256] outbound_pdu callback link_id=2 tx_id=3746 len=360
[cspcla 19:08:34 pid=341729 tid=140650056472256] ✓ TX SUCCESS tx_id=3746 dst_csp=2:10 bytes=360 (all ACKs received)
[cspcla 19:08:34 pid=341729 tid=140650056472256] outbound_pdu callback link_id=2 tx_id=3747 len=360
[cspcla 19:08:34 pid=341729 tid=140650056472256] ✓ TX SUCCESS tx_id=3747 dst_csp=2:10 bytes=360 (all ACKs received)
[cspcla 19:08:34 pid=341729 tid=140650056472256] outbound_pdu callback link_id=2 tx_id=3748 len=360
[cspcla 19:08:35 pid=341729 tid=140650056472256] ✓ TX SUCCESS tx_id=3748 dst_csp=2:10 bytes=360 (all ACKs received)
[cspcla 19:08:35 pid=341729 tid=140650056472256] outbound_pdu callback link_id=2 tx_id=3749 len=360
[cspcla 19:08:35 pid=341729 tid=140650056472256] ✓ TX SUCCESS tx_id=3749 dst_csp=2:10 bytes=360 (all ACKs received)
[cspcla 19:08:35 pid=341729 tid=140650056472256] outbound_pdu callback link_id=2 tx_id=3750 len=360
[cspcla 19:08:35 pid=341729 tid=140650056472256] ✓ TX SUCCESS tx_id=3750 dst_csp=2:10 bytes=360 (all ACKs received)
[cspcla 19:08:36 pid=341729 tid=140650056472256] outbound_pdu callback link_id=2 tx_id=3751 len=360
[cspcla 19:08:36 pid=341729 tid=140650056472256] ✓ TX SUCCESS tx_id=3751 dst_csp=2:10 bytes=360 (all ACKs received)
[cspcla 19:08:36 pid=341729 tid=140650056472256] outbound_pdu callback link_id=2 tx_id=3752 len=360
[cspcla 19:08:36 pid=341729 tid=140650056472256] ✓ TX SUCCESS tx_id=3752 dst_csp=2:10 bytes=360 (all ACKs received)
[cspcla 19:08:36 pid=341729 tid=140650056472256] outbound_pdu callback link_id=2 tx_id=3753 len=360
[cspcla 19:08:36 pid=341729 tid=140650056472256] ✓ TX SUCCESS tx_id=3753 dst_csp=2:10 bytes=360 (all ACKs received)
[cspcla 19:08:36 pid=341729 tid=140650056472256] outbound_pdu callback link_id=2 tx_id=3754 len=360
[cspcla 19:08:36 pid=341729 tid=140650056472256] ✓ TX SUCCESS tx_id=3754 dst_csp=2:10 bytes=360 (all ACKs received)
[cspcla 19:08:36 pid=341729 tid=140650056472256] outbound_pdu callback link_id=2 tx_id=3755 len=360
[cspcla 19:08:37 pid=341729 tid=140650056472256] ✓ TX SUCCESS tx_id=3755 dst_csp=2:10 bytes=360 (all ACKs received)
[cspcla 19:08:37 pid=341729 tid=140650056472256] outbound_pdu callback link_id=2 tx_id=3756 len=360
[cspcla 19:08:37 pid=341729 tid=140650056472256] ✓ TX SUCCESS tx_id=3756 dst_csp=2:10 bytes=360 (all ACKs received)
[cspcla 19:08:37 pid=341729 tid=140650056472256] outbound_pdu callback link_id=2 tx_id=3757 len=360
[cspcla 19:08:37 pid=341729 tid=140650056472256] ✓ TX SUCCESS tx_id=3757 dst_csp=2:10 bytes=360 (all ACKs received)
[cspcla 19:08:37 pid=341729 tid=140650056472256] outbound_pdu callback link_id=2 tx_id=3758 len=360
[cspcla 19:08:37 pid=341729 tid=140650056472256] ✓ TX SUCCESS tx_id=3758 dst_csp=2:10 bytes=360 (all ACKs received)
[cspcla 19:08:37 pid=341729 tid=140650056472256] outbound_pdu callback link_id=2 tx_id=3759 len=360
[cspcla 19:08:38 pid=341729 tid=140650056472256] ✓ TX SUCCESS tx_id=3759 dst_csp=2:10 bytes=360 (all ACKs received)
[cspcla 19:08:38 pid=341729 tid=140650056472256] outbound_pdu callback link_id=2 tx_id=3760 len=360
[cspcla 19:08:38 pid=341729 tid=140650056472256] ✓ TX SUCCESS tx_id=3760 dst_csp=2:10 bytes=360 (all ACKs received)
[cspcla 19:08:39 pid=341729 tid=140650056472256] outbound_pdu callback link_id=2 tx_id=3761 len=360
[cspcla 19:08:39 pid=341729 tid=140650056472256] ✓ TX SUCCESS tx_id=3761 dst_csp=2:10 bytes=360 (all ACKs received)
[cspcla 19:08:39 pid=341729 tid=140650056472256] outbound_pdu callback link_id=2 tx_id=3762 len=360
[cspcla 19:08:39 pid=341729 tid=140650056472256] ✓ TX SUCCESS tx_id=3762 dst_csp=2:10 bytes=360 (all ACKs received)
[cspcla 19:08:39 pid=341729 tid=140650056472256] outbound_pdu callback link_id=2 tx_id=3763 len=360
[cspcla 19:08:39 pid=341729 tid=140650056472256] ✓ TX SUCCESS tx_id=3763 dst_csp=2:10 bytes=360 (all ACKs received)
[cspcla 19:08:39 pid=341729 tid=140650056472256] outbound_pdu callback link_id=2 tx_id=3764 len=360
[cspcla 19:08:39 pid=341729 tid=140650056472256] ✓ TX SUCCESS tx_id=3764 dst_csp=2:10 bytes=360 (all ACKs received)
[cspcla 19:08:39 pid=341729 tid=140650056472256] outbound_pdu callback link_id=2 tx_id=3765 len=360
[cspcla 19:08:39 pid=341729 tid=140650056472256] ✓ TX SUCCESS tx_id=3765 dst_csp=2:10 bytes=360 (all ACKs received)
[cspcla 19:08:39 pid=341729 tid=140650056472256] outbound_pdu callback link_id=2 tx_id=3766 len=360
[cspcla 19:08:40 pid=341729 tid=140650056472256] ✓ TX SUCCESS tx_id=3766 dst_csp=2:10 bytes=360 (all ACKs received)
[cspcla 19:08:40 pid=341729 tid=140650056472256] outbound_pdu callback link_id=2 tx_id=3767 len=360
[cspcla 19:08:40 pid=341729 tid=140650056472256] ✓ TX SUCCESS tx_id=3767 dst_csp=2:10 bytes=360 (all ACKs received)
[cspcla 19:08:40 pid=341729 tid=140650056472256] outbound_pdu callback link_id=2 tx_id=3768 len=360
[cspcla 19:08:40 pid=341729 tid=140650056472256] ✓ TX SUCCESS tx_id=3768 dst_csp=2:10 bytes=360 (all ACKs received)
[cspcla 19:08:40 pid=341729 tid=140650056472256] outbound_pdu callback link_id=2 tx_id=3769 len=360
[cspcla 19:08:41 pid=341729 tid=140650056472256] ✓ TX SUCCESS tx_id=3769 dst_csp=2:10 bytes=360 (all ACKs received)
[cspcla 19:08:41 pid=341729 tid=140650056472256] outbound_pdu callback link_id=2 tx_id=3770 len=360
[cspcla 19:08:41 pid=341729 tid=140650056472256] ✓ TX SUCCESS tx_id=3770 dst_csp=2:10 bytes=360 (all ACKs received)
[cspcla 19:08:42 pid=341729 tid=140650056472256] outbound_pdu callback link_id=2 tx_id=3771 len=360
[cspcla 19:08:42 pid=341729 tid=140650056472256] ✓ TX SUCCESS tx_id=3771 dst_csp=2:10 bytes=360 (all ACKs received)
[cspcla 19:08:42 pid=341729 tid=140650056472256] outbound_pdu callback link_id=2 tx_id=3772 len=360
[cspcla 19:08:42 pid=341729 tid=140650056472256] ✓ TX SUCCESS tx_id=3772 dst_csp=2:10 bytes=360 (all ACKs received)
[cspcla 19:08:42 pid=341729 tid=140650056472256] outbound_pdu callback link_id=2 tx_id=3773 len=360
[cspcla 19:08:42 pid=341729 tid=140650056472256] ✓ TX SUCCESS tx_id=3773 dst_csp=2:10 bytes=360 (all ACKs received)
[cspcla 19:08:42 pid=341729 tid=140650056472256] outbound_pdu callback link_id=2 tx_id=3774 len=360
[cspcla 19:08:42 pid=341729 tid=140650056472256] ✓ TX SUCCESS tx_id=3774 dst_csp=2:10 bytes=360 (all ACKs received)
[cspcla 19:08:42 pid=341729 tid=140650056472256] outbound_pdu callback link_id=2 tx_id=3775 len=360
[cspcla 19:08:43 pid=341729 tid=140650056472256] ✓ TX SUCCESS tx_id=3775 dst_csp=2:10 bytes=360 (all ACKs received)
[cspcla 19:08:43 pid=341729 tid=140650056472256] outbound_pdu callback link_id=2 tx_id=3776 len=360
[cspcla 19:08:43 pid=341729 tid=140650056472256] ✓ TX SUCCESS tx_id=3776 dst_csp=2:10 bytes=360 (all ACKs received)
[cspcla 19:08:43 pid=341729 tid=140650056472256] outbound_pdu callback link_id=2 tx_id=3777 len=360
[cspcla 19:08:43 pid=341729 tid=140650056472256] ✓ TX SUCCESS tx_id=3777 dst_csp=2:10 bytes=360 (all ACKs received)
[cspcla 19:08:43 pid=341729 tid=140650056472256] outbound_pdu callback link_id=2 tx_id=3778 len=360
[cspcla 19:08:43 pid=341729 tid=140650056472256] ✓ TX SUCCESS tx_id=3778 dst_csp=2:10 bytes=360 (all ACKs received)
[cspcla 19:08:43 pid=341729 tid=140650056472256] outbound_pdu callback link_id=2 tx_id=3779 len=360
[cspcla 19:08:44 pid=341729 tid=140650056472256] ✓ TX SUCCESS tx_id=3779 dst_csp=2:10 bytes=360 (all ACKs received)
[cspcla 19:08:44 pid=341729 tid=140650056472256] outbound_pdu callback link_id=2 tx_id=3780 len=360
[cspcla 19:08:44 pid=341729 tid=140650056472256] ✓ TX SUCCESS tx_id=3780 dst_csp=2:10 bytes=360 (all ACKs received)
[cspcla 19:08:45 pid=341729 tid=140650056472256] outbound_pdu callback link_id=2 tx_id=3781 len=360
[cspcla 19:08:45 pid=341729 tid=140650056472256] ✓ TX SUCCESS tx_id=3781 dst_csp=2:10 bytes=360 (all ACKs received)
[cspcla 19:08:45 pid=341729 tid=140650056472256] outbound_pdu callback link_id=2 tx_id=3782 len=360
[cspcla 19:08:45 pid=341729 tid=140650056472256] ✓ TX SUCCESS tx_id=3782 dst_csp=2:10 bytes=360 (all ACKs received)
[cspcla 19:08:45 pid=341729 tid=140650056472256] outbound_pdu callback link_id=2 tx_id=3783 len=360
[cspcla 19:08:45 pid=341729 tid=140650056472256] ✓ TX SUCCESS tx_id=3783 dst_csp=2:10 bytes=360 (all ACKs received)
[cspcla 19:08:45 pid=341729 tid=140650056472256] outbound_pdu callback link_id=2 tx_id=3784 len=360
[cspcla 19:08:45 pid=341729 tid=140650056472256] ✓ TX SUCCESS tx_id=3784 dst_csp=2:10 bytes=360 (all ACKs received)
[cspcla 19:08:45 pid=341729 tid=140650056472256] outbound_pdu callback link_id=2 tx_id=3785 len=360
[cspcla 19:08:46 pid=341729 tid=140650056472256] ✓ TX SUCCESS tx_id=3785 dst_csp=2:10 bytes=360 (all ACKs received)
[cspcla 19:08:46 pid=341729 tid=140650056472256] outbound_pdu callback link_id=2 tx_id=3786 len=360
[cspcla 19:08:46 pid=341729 tid=140650056472256] ✓ TX SUCCESS tx_id=3786 dst_csp=2:10 bytes=360 (all ACKs received)
[cspcla 19:08:46 pid=341729 tid=140650056472256] outbound_pdu callback link_id=2 tx_id=3787 len=360
[cspcla 19:08:46 pid=341729 tid=140650056472256] ✓ TX SUCCESS tx_id=3787 dst_csp=2:10 bytes=360 (all ACKs received)
[cspcla 19:08:46 pid=341729 tid=140650056472256] outbound_pdu callback link_id=2 tx_id=3788 len=360
[cspcla 19:08:46 pid=341729 tid=140650056472256] ✓ TX SUCCESS tx_id=3788 dst_csp=2:10 bytes=360 (all ACKs received)
[cspcla 19:08:46 pid=341729 tid=140650056472256] outbound_pdu callback link_id=2 tx_id=3789 len=360
[cspcla 19:08:47 pid=341729 tid=140650056472256] ✓ TX SUCCESS tx_id=3789 dst_csp=2:10 bytes=360 (all ACKs received)
[cspcla 19:08:47 pid=341729 tid=140650056472256] outbound_pdu callback link_id=2 tx_id=3790 len=360
[cspcla 19:08:47 pid=341729 tid=140650056472256] ✓ TX SUCCESS tx_id=3790 dst_csp=2:10 bytes=360 (all ACKs received)
[cspcla 19:08:48 pid=341729 tid=140650056472256] outbound_pdu callback link_id=2 tx_id=3791 len=360
[cspcla 19:08:48 pid=341729 tid=140650056472256] ✓ TX SUCCESS tx_id=3791 dst_csp=2:10 bytes=360 (all ACKs received)
[cspcla 19:08:48 pid=341729 tid=140650056472256] outbound_pdu callback link_id=2 tx_id=3792 len=360
[cspcla 19:08:48 pid=341729 tid=140650056472256] ✓ TX SUCCESS tx_id=3792 dst_csp=2:10 bytes=360 (all ACKs received)
[cspcla 19:08:48 pid=341729 tid=140650056472256] outbound_pdu callback link_id=2 tx_id=3793 len=360
[cspcla 19:08:48 pid=341729 tid=140650056472256] ✓ TX SUCCESS tx_id=3793 dst_csp=2:10 bytes=360 (all ACKs received)
[cspcla 19:08:48 pid=341729 tid=140650056472256] outbound_pdu callback link_id=2 tx_id=3794 len=360
[cspcla 19:08:48 pid=341729 tid=140650056472256] ✓ TX SUCCESS tx_id=3794 dst_csp=2:10 bytes=360 (all ACKs received)
[cspcla 19:08:48 pid=341729 tid=140650056472256] outbound_pdu callback link_id=2 tx_id=3795 len=360
[cspcla 19:08:48 pid=341729 tid=140650056472256] ✓ TX SUCCESS tx_id=3795 dst_csp=2:10 bytes=360 (all ACKs received)
[cspcla 19:08:48 pid=341729 tid=140650056472256] outbound_pdu callback link_id=2 tx_id=3796 len=360
[cspcla 19:08:49 pid=341729 tid=140650056472256] ✓ TX SUCCESS tx_id=3796 dst_csp=2:10 bytes=360 (all ACKs received)
[cspcla 19:08:49 pid=341729 tid=140650056472256] outbound_pdu callback link_id=2 tx_id=3797 len=360
[cspcla 19:08:49 pid=341729 tid=140650056472256] ✓ TX SUCCESS tx_id=3797 dst_csp=2:10 bytes=360 (all ACKs received)
[cspcla 19:08:49 pid=341729 tid=140650056472256] outbound_pdu callback link_id=2 tx_id=3798 len=360
[cspcla 19:08:49 pid=341729 tid=140650056472256] ✓ TX SUCCESS tx_id=3798 dst_csp=2:10 bytes=360 (all ACKs received)
[cspcla 19:08:49 pid=341729 tid=140650056472256] outbound_pdu callback link_id=2 tx_id=3799 len=360
[cspcla 19:08:49 pid=341729 tid=140650056472256] ✓ TX SUCCESS tx_id=3799 dst_csp=2:10 bytes=360 (all ACKs received)
[cspcla 19:08:49 pid=341729 tid=140650056472256] outbound_pdu callback link_id=2 tx_id=3800 len=360
[cspcla 19:08:50 pid=341729 tid=140650056472256] ✓ TX SUCCESS tx_id=3800 dst_csp=2:10 bytes=360 (all ACKs received)
[cspcla 19:08:51 pid=341729 tid=140650056472256] outbound_pdu callback link_id=2 tx_id=3801 len=360
[cspcla 19:08:51 pid=341729 tid=140650056472256] ✓ TX SUCCESS tx_id=3801 dst_csp=2:10 bytes=360 (all ACKs received)
[cspcla 19:08:51 pid=341729 tid=140650056472256] outbound_pdu callback link_id=2 tx_id=3802 len=360
[cspcla 19:08:51 pid=341729 tid=140650056472256] ✓ TX SUCCESS tx_id=3802 dst_csp=2:10 bytes=360 (all ACKs received)
[cspcla 19:08:51 pid=341729 tid=140650056472256] outbound_pdu callback link_id=2 tx_id=3803 len=360
[cspcla 19:08:51 pid=341729 tid=140650056472256] ✓ TX SUCCESS tx_id=3803 dst_csp=2:10 bytes=360 (all ACKs received)
[cspcla 19:08:51 pid=341729 tid=140650056472256] outbound_pdu callback link_id=2 tx_id=3804 len=360
[cspcla 19:08:51 pid=341729 tid=140650056472256] ✓ TX SUCCESS tx_id=3804 dst_csp=2:10 bytes=360 (all ACKs received)
[cspcla 19:08:51 pid=341729 tid=140650056472256] outbound_pdu callback link_id=2 tx_id=3805 len=360
[cspcla 19:08:51 pid=341729 tid=140650056472256] ✓ TX SUCCESS tx_id=3805 dst_csp=2:10 bytes=360 (all ACKs received)
[cspcla 19:08:51 pid=341729 tid=140650056472256] outbound_pdu callback link_id=2 tx_id=3806 len=360
[cspcla 19:08:52 pid=341729 tid=140650056472256] ✓ TX SUCCESS tx_id=3806 dst_csp=2:10 bytes=360 (all ACKs received)
[cspcla 19:08:52 pid=341729 tid=140650056472256] outbound_pdu callback link_id=2 tx_id=3807 len=360
[cspcla 19:08:52 pid=341729 tid=140650056472256] ✓ TX SUCCESS tx_id=3807 dst_csp=2:10 bytes=360 (all ACKs received)
[cspcla 19:08:52 pid=341729 tid=140650056472256] outbound_pdu callback link_id=2 tx_id=3808 len=360
[cspcla 19:08:52 pid=341729 tid=140650056472256] ✓ TX SUCCESS tx_id=3808 dst_csp=2:10 bytes=360 (all ACKs received)
[cspcla 19:08:52 pid=341729 tid=140650056472256] outbound_pdu callback link_id=2 tx_id=3809 len=360
[cspcla 19:08:53 pid=341729 tid=140650056472256] ✓ TX SUCCESS tx_id=3809 dst_csp=2:10 bytes=360 (all ACKs received)
[cspcla 19:08:53 pid=341729 tid=140650056472256] outbound_pdu callback link_id=2 tx_id=3810 len=360
[cspcla 19:08:53 pid=341729 tid=140650056472256] ✓ TX SUCCESS tx_id=3810 dst_csp=2:10 bytes=360 (all ACKs received)
[cspcla 19:08:54 pid=341729 tid=140650056472256] outbound_pdu callback link_id=2 tx_id=3811 len=360
[cspcla 19:08:54 pid=341729 tid=140650056472256] ✓ TX SUCCESS tx_id=3811 dst_csp=2:10 bytes=360 (all ACKs received)
[cspcla 19:08:54 pid=341729 tid=140650056472256] outbound_pdu callback link_id=2 tx_id=3812 len=360
[cspcla 19:08:54 pid=341729 tid=140650056472256] ✓ TX SUCCESS tx_id=3812 dst_csp=2:10 bytes=360 (all ACKs received)
[cspcla 19:08:54 pid=341729 tid=140650056472256] outbound_pdu callback link_id=2 tx_id=3813 len=360
[cspcla 19:08:54 pid=341729 tid=140650056472256] ✓ TX SUCCESS tx_id=3813 dst_csp=2:10 bytes=360 (all ACKs received)
[cspcla 19:08:54 pid=341729 tid=140650056472256] outbound_pdu callback link_id=2 tx_id=3814 len=360
[cspcla 19:08:54 pid=341729 tid=140650056472256] ✓ TX SUCCESS tx_id=3814 dst_csp=2:10 bytes=360 (all ACKs received)
[cspcla 19:08:54 pid=341729 tid=140650056472256] outbound_pdu callback link_id=2 tx_id=3815 len=360
[cspcla 19:08:55 pid=341729 tid=140650056472256] ✓ TX SUCCESS tx_id=3815 dst_csp=2:10 bytes=360 (all ACKs received)
[cspcla 19:08:55 pid=341729 tid=140650056472256] outbound_pdu callback link_id=2 tx_id=3816 len=360
[cspcla 19:08:55 pid=341729 tid=140650056472256] ✓ TX SUCCESS tx_id=3816 dst_csp=2:10 bytes=360 (all ACKs received)
[cspcla 19:08:55 pid=341729 tid=140650056472256] outbound_pdu callback link_id=2 tx_id=3817 len=360
[cspcla 19:08:55 pid=341729 tid=140650056472256] ✓ TX SUCCESS tx_id=3817 dst_csp=2:10 bytes=360 (all ACKs received)
[cspcla 19:08:55 pid=341729 tid=140650056472256] outbound_pdu callback link_id=2 tx_id=3818 len=360
[cspcla 19:08:55 pid=341729 tid=140650056472256] ✓ TX SUCCESS tx_id=3818 dst_csp=2:10 bytes=360 (all ACKs received)
[cspcla 19:08:55 pid=341729 tid=140650056472256] outbound_pdu callback link_id=2 tx_id=3819 len=360
[cspcla 19:08:55 pid=341729 tid=140650056472256] ✓ TX SUCCESS tx_id=3819 dst_csp=2:10 bytes=360 (all ACKs received)
[cspcla 19:08:55 pid=341729 tid=140650056472256] outbound_pdu callback link_id=2 tx_id=3820 len=360
[cspcla 19:08:56 pid=341729 tid=140650056472256] ✓ TX SUCCESS tx_id=3820 dst_csp=2:10 bytes=360 (all ACKs received)
[cspcla 19:08:57 pid=341729 tid=140650056472256] outbound_pdu callback link_id=2 tx_id=3821 len=360
[cspcla 19:08:57 pid=341729 tid=140650056472256] ✓ TX SUCCESS tx_id=3821 dst_csp=2:10 bytes=360 (all ACKs received)
[cspcla 19:08:57 pid=341729 tid=140650056472256] outbound_pdu callback link_id=2 tx_id=3822 len=360
[cspcla 19:08:57 pid=341729 tid=140650056472256] ✓ TX SUCCESS tx_id=3822 dst_csp=2:10 bytes=360 (all ACKs received)
[cspcla 19:08:57 pid=341729 tid=140650056472256] outbound_pdu callback link_id=2 tx_id=3823 len=360
[cspcla 19:08:57 pid=341729 tid=140650056472256] ✓ TX SUCCESS tx_id=3823 dst_csp=2:10 bytes=360 (all ACKs received)
[cspcla 19:08:57 pid=341729 tid=140650056472256] outbound_pdu callback link_id=2 tx_id=3824 len=360
[cspcla 19:08:57 pid=341729 tid=140650056472256] ✓ TX SUCCESS tx_id=3824 dst_csp=2:10 bytes=360 (all ACKs received)
[cspcla 19:08:57 pid=341729 tid=140650056472256] outbound_pdu callback link_id=2 tx_id=3825 len=360
[cspcla 19:08:58 pid=341729 tid=140650056472256] ✓ TX SUCCESS tx_id=3825 dst_csp=2:10 bytes=360 (all ACKs received)
[cspcla 19:08:58 pid=341729 tid=140650056472256] outbound_pdu callback link_id=2 tx_id=3826 len=360
[cspcla 19:08:58 pid=341729 tid=140650056472256] ✓ TX SUCCESS tx_id=3826 dst_csp=2:10 bytes=360 (all ACKs received)
[cspcla 19:08:58 pid=341729 tid=140650056472256] outbound_pdu callback link_id=2 tx_id=3827 len=360
[cspcla 19:08:58 pid=341729 tid=140650056472256] ✓ TX SUCCESS tx_id=3827 dst_csp=2:10 bytes=360 (all ACKs received)
[cspcla 19:08:58 pid=341729 tid=140650056472256] outbound_pdu callback link_id=2 tx_id=3828 len=360
[cspcla 19:08:58 pid=341729 tid=140650056472256] ✓ TX SUCCESS tx_id=3828 dst_csp=2:10 bytes=360 (all ACKs received)
[cspcla 19:08:58 pid=341729 tid=140650056472256] outbound_pdu callback link_id=2 tx_id=3829 len=360
[cspcla 19:08:59 pid=341729 tid=140650056472256] ✓ TX SUCCESS tx_id=3829 dst_csp=2:10 bytes=360 (all ACKs received)
[cspcla 19:08:59 pid=341729 tid=140650056472256] outbound_pdu callback link_id=2 tx_id=3830 len=360
[cspcla 19:08:59 pid=341729 tid=140650056472256] ✓ TX SUCCESS tx_id=3830 dst_csp=2:10 bytes=360 (all ACKs received)
[cspcla 19:09:00 pid=341729 tid=140650056472256] outbound_pdu callback link_id=2 tx_id=3831 len=360
[cspcla 19:09:00 pid=341729 tid=140650056472256] ✓ TX SUCCESS tx_id=3831 dst_csp=2:10 bytes=360 (all ACKs received)
[cspcla 19:09:00 pid=341729 tid=140650056472256] outbound_pdu callback link_id=2 tx_id=3832 len=360
[cspcla 19:09:00 pid=341729 tid=140650056472256] ✓ TX SUCCESS tx_id=3832 dst_csp=2:10 bytes=360 (all ACKs received)
[cspcla 19:09:00 pid=341729 tid=140650056472256] outbound_pdu callback link_id=2 tx_id=3833 len=360
[cspcla 19:09:00 pid=341729 tid=140650056472256] ✓ TX SUCCESS tx_id=3833 dst_csp=2:10 bytes=360 (all ACKs received)
[cspcla 19:09:00 pid=341729 tid=140650056472256] outbound_pdu callback link_id=2 tx_id=3834 len=360
[cspcla 19:09:00 pid=341729 tid=140650056472256] ✓ TX SUCCESS tx_id=3834 dst_csp=2:10 bytes=360 (all ACKs received)
[cspcla 19:09:00 pid=341729 tid=140650056472256] outbound_pdu callback link_id=2 tx_id=3835 len=360
[cspcla 19:09:00 pid=341729 tid=140650056472256] ✓ TX SUCCESS tx_id=3835 dst_csp=2:10 bytes=360 (all ACKs received)
[cspcla 19:09:00 pid=341729 tid=140650056472256] outbound_pdu callback link_id=2 tx_id=3836 len=360
[cspcla 19:09:01 pid=341729 tid=140650056472256] ✓ TX SUCCESS tx_id=3836 dst_csp=2:10 bytes=360 (all ACKs received)
[cspcla 19:09:01 pid=341729 tid=140650056472256] outbound_pdu callback link_id=2 tx_id=3837 len=360
[cspcla 19:09:01 pid=341729 tid=140650056472256] ✓ TX SUCCESS tx_id=3837 dst_csp=2:10 bytes=360 (all ACKs received)
[cspcla 19:09:01 pid=341729 tid=140650056472256] outbound_pdu callback link_id=2 tx_id=3838 len=360
[cspcla 19:09:01 pid=341729 tid=140650056472256] ✓ TX SUCCESS tx_id=3838 dst_csp=2:10 bytes=360 (all ACKs received)
[cspcla 19:09:01 pid=341729 tid=140650056472256] outbound_pdu callback link_id=2 tx_id=3839 len=360
[cspcla 19:09:02 pid=341729 tid=140650056472256] ✓ TX SUCCESS tx_id=3839 dst_csp=2:10 bytes=360 (all ACKs received)
[cspcla 19:09:02 pid=341729 tid=140650056472256] outbound_pdu callback link_id=2 tx_id=3840 len=360
[cspcla 19:09:02 pid=341729 tid=140650056472256] ✓ TX SUCCESS tx_id=3840 dst_csp=2:10 bytes=360 (all ACKs received)
[cspcla 19:09:03 pid=341729 tid=140650056472256] outbound_pdu callback link_id=2 tx_id=3841 len=360
[cspcla 19:09:03 pid=341729 tid=140650056472256] ✓ TX SUCCESS tx_id=3841 dst_csp=2:10 bytes=360 (all ACKs received)
[cspcla 19:09:03 pid=341729 tid=140650056472256] outbound_pdu callback link_id=2 tx_id=3842 len=360
[cspcla 19:09:03 pid=341729 tid=140650056472256] ✓ TX SUCCESS tx_id=3842 dst_csp=2:10 bytes=360 (all ACKs received)
[cspcla 19:09:03 pid=341729 tid=140650056472256] outbound_pdu callback link_id=2 tx_id=3843 len=360
[cspcla 19:09:03 pid=341729 tid=140650056472256] ✓ TX SUCCESS tx_id=3843 dst_csp=2:10 bytes=360 (all ACKs received)
[cspcla 19:09:03 pid=341729 tid=140650056472256] outbound_pdu callback link_id=2 tx_id=3844 len=360
[cspcla 19:09:03 pid=341729 tid=140650056472256] ✓ TX SUCCESS tx_id=3844 dst_csp=2:10 bytes=360 (all ACKs received)
[cspcla 19:09:03 pid=341729 tid=140650056472256] outbound_pdu callback link_id=2 tx_id=3845 len=360
[cspcla 19:09:03 pid=341729 tid=140650056472256] ✓ TX SUCCESS tx_id=3845 dst_csp=2:10 bytes=360 (all ACKs received)
[cspcla 19:09:03 pid=341729 tid=140650056472256] outbound_pdu callback link_id=2 tx_id=3846 len=360
[cspcla 19:09:04 pid=341729 tid=140650056472256] ✓ TX SUCCESS tx_id=3846 dst_csp=2:10 bytes=360 (all ACKs received)
[cspcla 19:09:04 pid=341729 tid=140650056472256] outbound_pdu callback link_id=2 tx_id=3847 len=360
[cspcla 19:09:04 pid=341729 tid=140650056472256] ✓ TX SUCCESS tx_id=3847 dst_csp=2:10 bytes=360 (all ACKs received)
[cspcla 19:09:04 pid=341729 tid=140650056472256] outbound_pdu callback link_id=2 tx_id=3848 len=360
[cspcla 19:09:04 pid=341729 tid=140650056472256] ✓ TX SUCCESS tx_id=3848 dst_csp=2:10 bytes=360 (all ACKs received)
[cspcla 19:09:04 pid=341729 tid=140650056472256] outbound_pdu callback link_id=2 tx_id=3849 len=360
[cspcla 19:09:05 pid=341729 tid=140650056472256] ✓ TX SUCCESS tx_id=3849 dst_csp=2:10 bytes=360 (all ACKs received)
[cspcla 19:09:05 pid=341729 tid=140650056472256] outbound_pdu callback link_id=2 tx_id=3850 len=360
[cspcla 19:09:05 pid=341729 tid=140650056472256] ✓ TX SUCCESS tx_id=3850 dst_csp=2:10 bytes=360 (all ACKs received)
[cspcla 19:09:06 pid=341729 tid=140650056472256] outbound_pdu callback link_id=2 tx_id=3851 len=360
[cspcla 19:09:06 pid=341729 tid=140650056472256] ✓ TX SUCCESS tx_id=3851 dst_csp=2:10 bytes=360 (all ACKs received)
[cspcla 19:09:06 pid=341729 tid=140650056472256] outbound_pdu callback link_id=2 tx_id=3852 len=360
[cspcla 19:09:06 pid=341729 tid=140650056472256] ✓ TX SUCCESS tx_id=3852 dst_csp=2:10 bytes=360 (all ACKs received)
[cspcla 19:09:06 pid=341729 tid=140650056472256] outbound_pdu callback link_id=2 tx_id=3853 len=360
[cspcla 19:09:06 pid=341729 tid=140650056472256] ✓ TX SUCCESS tx_id=3853 dst_csp=2:10 bytes=360 (all ACKs received)
[cspcla 19:09:06 pid=341729 tid=140650056472256] outbound_pdu callback link_id=2 tx_id=3854 len=360
[cspcla 19:09:06 pid=341729 tid=140650056472256] ✓ TX SUCCESS tx_id=3854 dst_csp=2:10 bytes=360 (all ACKs received)
[cspcla 19:09:06 pid=341729 tid=140650056472256] outbound_pdu callback link_id=2 tx_id=3855 len=360
[cspcla 19:09:06 pid=341729 tid=140650056472256] ✓ TX SUCCESS tx_id=3855 dst_csp=2:10 bytes=360 (all ACKs received)
[cspcla 19:09:06 pid=341729 tid=140650056472256] outbound_pdu callback link_id=2 tx_id=3856 len=360
[cspcla 19:09:06 pid=341729 tid=140650056472256] ✓ TX SUCCESS tx_id=3856 dst_csp=2:10 bytes=360 (all ACKs received)
[cspcla 19:09:06 pid=341729 tid=140650056472256] outbound_pdu callback link_id=2 tx_id=3857 len=360
[cspcla 19:09:07 pid=341729 tid=140650056472256] ✓ TX SUCCESS tx_id=3857 dst_csp=2:10 bytes=360 (all ACKs received)
[cspcla 19:09:07 pid=341729 tid=140650056472256] outbound_pdu callback link_id=2 tx_id=3858 len=360
[cspcla 19:09:07 pid=341729 tid=140650056472256] ✓ TX SUCCESS tx_id=3858 dst_csp=2:10 bytes=360 (all ACKs received)
[cspcla 19:09:07 pid=341729 tid=140650056472256] outbound_pdu callback link_id=2 tx_id=3859 len=360
[cspcla 19:09:07 pid=341729 tid=140650056472256] ✓ TX SUCCESS tx_id=3859 dst_csp=2:10 bytes=360 (all ACKs received)
[cspcla 19:09:07 pid=341729 tid=140650056472256] outbound_pdu callback link_id=2 tx_id=3860 len=360
[cspcla 19:09:08 pid=341729 tid=140650056472256] ✓ TX SUCCESS tx_id=3860 dst_csp=2:10 bytes=360 (all ACKs received)
[cspcla 19:09:09 pid=341729 tid=140650056472256] outbound_pdu callback link_id=2 tx_id=3861 len=360
[cspcla 19:09:09 pid=341729 tid=140650056472256] ✓ TX SUCCESS tx_id=3861 dst_csp=2:10 bytes=360 (all ACKs received)
[cspcla 19:09:09 pid=341729 tid=140650056472256] outbound_pdu callback link_id=2 tx_id=3862 len=360
[cspcla 19:09:09 pid=341729 tid=140650056472256] ✓ TX SUCCESS tx_id=3862 dst_csp=2:10 bytes=360 (all ACKs received)
[cspcla 19:09:09 pid=341729 tid=140650056472256] outbound_pdu callback link_id=2 tx_id=3863 len=360
[cspcla 19:09:09 pid=341729 tid=140650056472256] ✓ TX SUCCESS tx_id=3863 dst_csp=2:10 bytes=360 (all ACKs received)
[cspcla 19:09:09 pid=341729 tid=140650056472256] outbound_pdu callback link_id=2 tx_id=3864 len=360
[cspcla 19:09:09 pid=341729 tid=140650056472256] ✓ TX SUCCESS tx_id=3864 dst_csp=2:10 bytes=360 (all ACKs received)
[cspcla 19:09:09 pid=341729 tid=140650056472256] outbound_pdu callback link_id=2 tx_id=3865 len=360
[cspcla 19:09:09 pid=341729 tid=140650056472256] ✓ TX SUCCESS tx_id=3865 dst_csp=2:10 bytes=360 (all ACKs received)
[cspcla 19:09:09 pid=341729 tid=140650056472256] outbound_pdu callback link_id=2 tx_id=3866 len=360
[cspcla 19:09:09 pid=341729 tid=140650056472256] ✓ TX SUCCESS tx_id=3866 dst_csp=2:10 bytes=360 (all ACKs received)
[cspcla 19:09:09 pid=341729 tid=140650056472256] outbound_pdu callback link_id=2 tx_id=3867 len=360
[cspcla 19:09:10 pid=341729 tid=140650056472256] ✓ TX SUCCESS tx_id=3867 dst_csp=2:10 bytes=360 (all ACKs received)
[cspcla 19:09:10 pid=341729 tid=140650056472256] outbound_pdu callback link_id=2 tx_id=3868 len=360
[cspcla 19:09:10 pid=341729 tid=140650056472256] ✓ TX SUCCESS tx_id=3868 dst_csp=2:10 bytes=360 (all ACKs received)
[cspcla 19:09:10 pid=341729 tid=140650056472256] outbound_pdu callback link_id=2 tx_id=3869 len=360
[cspcla 19:09:10 pid=341729 tid=140650056472256] ✓ TX SUCCESS tx_id=3869 dst_csp=2:10 bytes=360 (all ACKs received)
[cspcla 19:09:10 pid=341729 tid=140650056472256] outbound_pdu callback link_id=2 tx_id=3870 len=360
[cspcla 19:09:10 pid=341729 tid=140650056472256] ✓ TX SUCCESS tx_id=3870 dst_csp=2:10 bytes=360 (all ACKs received)
[cspcla 19:09:12 pid=341729 tid=140650056472256] outbound_pdu callback link_id=2 tx_id=3871 len=360
[cspcla 19:09:12 pid=341729 tid=140650056472256] ✓ TX SUCCESS tx_id=3871 dst_csp=2:10 bytes=360 (all ACKs received)
[cspcla 19:09:12 pid=341729 tid=140650056472256] outbound_pdu callback link_id=2 tx_id=3872 len=360
[cspcla 19:09:12 pid=341729 tid=140650056472256] ✓ TX SUCCESS tx_id=3872 dst_csp=2:10 bytes=360 (all ACKs received)
[cspcla 19:09:12 pid=341729 tid=140650056472256] outbound_pdu callback link_id=2 tx_id=3873 len=360
[cspcla 19:09:12 pid=341729 tid=140650056472256] ✓ TX SUCCESS tx_id=3873 dst_csp=2:10 bytes=360 (all ACKs received)
[cspcla 19:09:12 pid=341729 tid=140650056472256] outbound_pdu callback link_id=2 tx_id=3874 len=360
[cspcla 19:09:12 pid=341729 tid=140650056472256] ✓ TX SUCCESS tx_id=3874 dst_csp=2:10 bytes=360 (all ACKs received)
[cspcla 19:09:12 pid=341729 tid=140650056472256] outbound_pdu callback link_id=2 tx_id=3875 len=360
[cspcla 19:09:12 pid=341729 tid=140650056472256] ✓ TX SUCCESS tx_id=3875 dst_csp=2:10 bytes=360 (all ACKs received)
[cspcla 19:09:12 pid=341729 tid=140650056472256] outbound_pdu callback link_id=2 tx_id=3876 len=360
[cspcla 19:09:12 pid=341729 tid=140650056472256] ✓ TX SUCCESS tx_id=3876 dst_csp=2:10 bytes=360 (all ACKs received)
[cspcla 19:09:12 pid=341729 tid=140650056472256] outbound_pdu callback link_id=2 tx_id=3877 len=360
[cspcla 19:09:13 pid=341729 tid=140650056472256] ✓ TX SUCCESS tx_id=3877 dst_csp=2:10 bytes=360 (all ACKs received)
[cspcla 19:09:13 pid=341729 tid=140650056472256] outbound_pdu callback link_id=2 tx_id=3878 len=360
[cspcla 19:09:13 pid=341729 tid=140650056472256] ✓ TX SUCCESS tx_id=3878 dst_csp=2:10 bytes=360 (all ACKs received)
[cspcla 19:09:13 pid=341729 tid=140650056472256] outbound_pdu callback link_id=2 tx_id=3879 len=360
[cspcla 19:09:13 pid=341729 tid=140650056472256] ✓ TX SUCCESS tx_id=3879 dst_csp=2:10 bytes=360 (all ACKs received)
[cspcla 19:09:13 pid=341729 tid=140650056472256] outbound_pdu callback link_id=2 tx_id=3880 len=360
[cspcla 19:09:14 pid=341729 tid=140650056472256] ✓ TX SUCCESS tx_id=3880 dst_csp=2:10 bytes=360 (all ACKs received)
[cspcla 19:09:14 pid=341729 tid=140650056472256] outbound_pdu callback link_id=2 tx_id=3881 len=360
[cspcla 19:09:14 pid=341729 tid=140650056472256] ✓ TX SUCCESS tx_id=3881 dst_csp=2:10 bytes=360 (all ACKs received)
[cspcla 19:09:14 pid=341729 tid=140650056472256] outbound_pdu callback link_id=2 tx_id=3882 len=360
[cspcla 19:09:14 pid=341729 tid=140650056472256] ✓ TX SUCCESS tx_id=3882 dst_csp=2:10 bytes=360 (all ACKs received)
[cspcla 19:09:15 pid=341729 tid=140650056472256] outbound_pdu callback link_id=2 tx_id=3883 len=360
[cspcla 19:09:15 pid=341729 tid=140650056472256] ✓ TX SUCCESS tx_id=3883 dst_csp=2:10 bytes=360 (all ACKs received)
[cspcla 19:09:15 pid=341729 tid=140650056472256] outbound_pdu callback link_id=2 tx_id=3884 len=360
[cspcla 19:09:15 pid=341729 tid=140650056472256] ✓ TX SUCCESS tx_id=3884 dst_csp=2:10 bytes=360 (all ACKs received)
[cspcla 19:09:15 pid=341729 tid=140650056472256] outbound_pdu callback link_id=2 tx_id=3885 len=360
[cspcla 19:09:15 pid=341729 tid=140650056472256] ✓ TX SUCCESS tx_id=3885 dst_csp=2:10 bytes=360 (all ACKs received)
[cspcla 19:09:15 pid=341729 tid=140650056472256] outbound_pdu callback link_id=2 tx_id=3886 len=360
[cspcla 19:09:15 pid=341729 tid=140650056472256] ✓ TX SUCCESS tx_id=3886 dst_csp=2:10 bytes=360 (all ACKs received)
[cspcla 19:09:15 pid=341729 tid=140650056472256] outbound_pdu callback link_id=2 tx_id=3887 len=360
[cspcla 19:09:16 pid=341729 tid=140650056472256] ✓ TX SUCCESS tx_id=3887 dst_csp=2:10 bytes=360 (all ACKs received)
[cspcla 19:09:16 pid=341729 tid=140650056472256] outbound_pdu callback link_id=2 tx_id=3888 len=360
[cspcla 19:09:16 pid=341729 tid=140650056472256] ✓ TX SUCCESS tx_id=3888 dst_csp=2:10 bytes=360 (all ACKs received)
[cspcla 19:09:16 pid=341729 tid=140650056472256] outbound_pdu callback link_id=2 tx_id=3889 len=360
[cspcla 19:09:16 pid=341729 tid=140650056472256] ✓ TX SUCCESS tx_id=3889 dst_csp=2:10 bytes=360 (all ACKs received)
[cspcla 19:09:16 pid=341729 tid=140650056472256] outbound_pdu callback link_id=2 tx_id=3890 len=360
[cspcla 19:09:17 pid=341729 tid=140650056472256] ✓ TX SUCCESS tx_id=3890 dst_csp=2:10 bytes=360 (all ACKs received)
[cspcla 19:09:17 pid=341729 tid=140650056472256] outbound_pdu callback link_id=2 tx_id=3891 len=360
[cspcla 19:09:17 pid=341729 tid=140650056472256] ✓ TX SUCCESS tx_id=3891 dst_csp=2:10 bytes=360 (all ACKs received)
[cspcla 19:09:17 pid=341729 tid=140650056472256] outbound_pdu callback link_id=2 tx_id=3892 len=360
[cspcla 19:09:17 pid=341729 tid=140650056472256] ✓ TX SUCCESS tx_id=3892 dst_csp=2:10 bytes=360 (all ACKs received)
[cspcla 19:09:18 pid=341729 tid=140650056472256] outbound_pdu callback link_id=2 tx_id=3893 len=360
[cspcla 19:09:18 pid=341729 tid=140650056472256] ✓ TX SUCCESS tx_id=3893 dst_csp=2:10 bytes=360 (all ACKs received)
[cspcla 19:09:18 pid=341729 tid=140650056472256] outbound_pdu callback link_id=2 tx_id=3894 len=360
[cspcla 19:09:18 pid=341729 tid=140650056472256] ✓ TX SUCCESS tx_id=3894 dst_csp=2:10 bytes=360 (all ACKs received)
[cspcla 19:09:18 pid=341729 tid=140650056472256] outbound_pdu callback link_id=2 tx_id=3895 len=360
[cspcla 19:09:18 pid=341729 tid=140650056472256] ✓ TX SUCCESS tx_id=3895 dst_csp=2:10 bytes=360 (all ACKs received)
[cspcla 19:09:18 pid=341729 tid=140650056472256] outbound_pdu callback link_id=2 tx_id=3896 len=360
[cspcla 19:09:18 pid=341729 tid=140650056472256] ✓ TX SUCCESS tx_id=3896 dst_csp=2:10 bytes=360 (all ACKs received)
[cspcla 19:09:18 pid=341729 tid=140650056472256] outbound_pdu callback link_id=2 tx_id=3897 len=360
[cspcla 19:09:19 pid=341729 tid=140650056472256] ✓ TX SUCCESS tx_id=3897 dst_csp=2:10 bytes=360 (all ACKs received)
[cspcla 19:09:19 pid=341729 tid=140650056472256] outbound_pdu callback link_id=2 tx_id=3898 len=360
[cspcla 19:09:19 pid=341729 tid=140650056472256] ✓ TX SUCCESS tx_id=3898 dst_csp=2:10 bytes=360 (all ACKs received)
[cspcla 19:09:19 pid=341729 tid=140650056472256] outbound_pdu callback link_id=2 tx_id=3899 len=360
[cspcla 19:09:19 pid=341729 tid=140650056472256] ✓ TX SUCCESS tx_id=3899 dst_csp=2:10 bytes=360 (all ACKs received)
[cspcla 19:09:19 pid=341729 tid=140650056472256] outbound_pdu callback link_id=2 tx_id=3900 len=360
[cspcla 19:09:20 pid=341729 tid=140650056472256] ✓ TX SUCCESS tx_id=3900 dst_csp=2:10 bytes=360 (all ACKs received)
[cspcla 19:09:21 pid=341729 tid=140650056472256] outbound_pdu callback link_id=2 tx_id=3901 len=360
[cspcla 19:09:21 pid=341729 tid=140650056472256] ✓ TX SUCCESS tx_id=3901 dst_csp=2:10 bytes=360 (all ACKs received)
[cspcla 19:09:21 pid=341729 tid=140650056472256] outbound_pdu callback link_id=2 tx_id=3902 len=360
[cspcla 19:09:21 pid=341729 tid=140650056472256] ✓ TX SUCCESS tx_id=3902 dst_csp=2:10 bytes=360 (all ACKs received)
[cspcla 19:09:21 pid=341729 tid=140650056472256] outbound_pdu callback link_id=2 tx_id=3903 len=360
[cspcla 19:09:21 pid=341729 tid=140650056472256] ✓ TX SUCCESS tx_id=3903 dst_csp=2:10 bytes=360 (all ACKs received)
[cspcla 19:09:21 pid=341729 tid=140650056472256] outbound_pdu callback link_id=2 tx_id=3904 len=360
[cspcla 19:09:21 pid=341729 tid=140650056472256] ✓ TX SUCCESS tx_id=3904 dst_csp=2:10 bytes=360 (all ACKs received)
[cspcla 19:09:21 pid=341729 tid=140650056472256] outbound_pdu callback link_id=2 tx_id=3905 len=360
[cspcla 19:09:21 pid=341729 tid=140650056472256] ✓ TX SUCCESS tx_id=3905 dst_csp=2:10 bytes=360 (all ACKs received)
[cspcla 19:09:21 pid=341729 tid=140650056472256] outbound_pdu callback link_id=2 tx_id=3906 len=360
[cspcla 19:09:21 pid=341729 tid=140650056472256] ✓ TX SUCCESS tx_id=3906 dst_csp=2:10 bytes=360 (all ACKs received)
[cspcla 19:09:21 pid=341729 tid=140650056472256] outbound_pdu callback link_id=2 tx_id=3907 len=360
[cspcla 19:09:22 pid=341729 tid=140650056472256] ✓ TX SUCCESS tx_id=3907 dst_csp=2:10 bytes=360 (all ACKs received)
[cspcla 19:09:22 pid=341729 tid=140650056472256] outbound_pdu callback link_id=2 tx_id=3908 len=360
[cspcla 19:09:22 pid=341729 tid=140650056472256] ✓ TX SUCCESS tx_id=3908 dst_csp=2:10 bytes=360 (all ACKs received)
[cspcla 19:09:22 pid=341729 tid=140650056472256] outbound_pdu callback link_id=2 tx_id=3909 len=360
[cspcla 19:09:22 pid=341729 tid=140650056472256] ✓ TX SUCCESS tx_id=3909 dst_csp=2:10 bytes=360 (all ACKs received)
[cspcla 19:09:22 pid=341729 tid=140650056472256] outbound_pdu callback link_id=2 tx_id=3910 len=360
[cspcla 19:09:22 pid=341729 tid=140650056472256] ✓ TX SUCCESS tx_id=3910 dst_csp=2:10 bytes=360 (all ACKs received)
[cspcla 19:09:23 pid=341729 tid=140650056472256] outbound_pdu callback link_id=2 tx_id=3911 len=360
[cspcla 19:09:23 pid=341729 tid=140650056472256] ✓ TX SUCCESS tx_id=3911 dst_csp=2:10 bytes=360 (all ACKs received)
[cspcla 19:09:23 pid=341729 tid=140650056472256] outbound_pdu callback link_id=2 tx_id=3912 len=360
[cspcla 19:09:23 pid=341729 tid=140650056472256] ✓ TX SUCCESS tx_id=3912 dst_csp=2:10 bytes=360 (all ACKs received)
[cspcla 19:09:23 pid=341729 tid=140650056472256] outbound_pdu callback link_id=2 tx_id=3913 len=360
[cspcla 19:09:24 pid=341729 tid=140650056472256] ✓ TX SUCCESS tx_id=3913 dst_csp=2:10 bytes=360 (all ACKs received)
[cspcla 19:09:24 pid=341729 tid=140650056472256] outbound_pdu callback link_id=2 tx_id=3914 len=360
[cspcla 19:09:24 pid=341729 tid=140650056472256] ✓ TX SUCCESS tx_id=3914 dst_csp=2:10 bytes=360 (all ACKs received)
[cspcla 19:09:24 pid=341729 tid=140650056472256] outbound_pdu callback link_id=2 tx_id=3915 len=360
[cspcla 19:09:24 pid=341729 tid=140650056472256] ✓ TX SUCCESS tx_id=3915 dst_csp=2:10 bytes=360 (all ACKs received)
[cspcla 19:09:24 pid=341729 tid=140650056472256] outbound_pdu callback link_id=2 tx_id=3916 len=360
[cspcla 19:09:25 pid=341729 tid=140650056472256] ✓ TX SUCCESS tx_id=3916 dst_csp=2:10 bytes=360 (all ACKs received)
[cspcla 19:09:25 pid=341729 tid=140650056472256] outbound_pdu callback link_id=2 tx_id=3917 len=360
[cspcla 19:09:25 pid=341729 tid=140650056472256] ✓ TX SUCCESS tx_id=3917 dst_csp=2:10 bytes=360 (all ACKs received)
[cspcla 19:09:25 pid=341729 tid=140650056472256] outbound_pdu callback link_id=2 tx_id=3918 len=360
[cspcla 19:09:25 pid=341729 tid=140650056472256] ✓ TX SUCCESS tx_id=3918 dst_csp=2:10 bytes=360 (all ACKs received)
[cspcla 19:09:25 pid=341729 tid=140650056472256] outbound_pdu callback link_id=2 tx_id=3919 len=360
[cspcla 19:09:25 pid=341729 tid=140650056472256] ✓ TX SUCCESS tx_id=3919 dst_csp=2:10 bytes=360 (all ACKs received)
[cspcla 19:09:25 pid=341729 tid=140650056472256] outbound_pdu callback link_id=2 tx_id=3920 len=360
[cspcla 19:09:25 pid=341729 tid=140650056472256] ✓ TX SUCCESS tx_id=3920 dst_csp=2:10 bytes=360 (all ACKs received)
[cspcla 19:09:26 pid=341729 tid=140650056472256] outbound_pdu callback link_id=2 tx_id=3921 len=360
[cspcla 19:09:26 pid=341729 tid=140650056472256] ✓ TX SUCCESS tx_id=3921 dst_csp=2:10 bytes=360 (all ACKs received)
[cspcla 19:09:26 pid=341729 tid=140650056472256] outbound_pdu callback link_id=2 tx_id=3922 len=360
[cspcla 19:09:26 pid=341729 tid=140650056472256] ✓ TX SUCCESS tx_id=3922 dst_csp=2:10 bytes=360 (all ACKs received)
[cspcla 19:09:26 pid=341729 tid=140650056472256] outbound_pdu callback link_id=2 tx_id=3923 len=360
[cspcla 19:09:27 pid=341729 tid=140650056472256] ✓ TX SUCCESS tx_id=3923 dst_csp=2:10 bytes=360 (all ACKs received)
[cspcla 19:09:27 pid=341729 tid=140650056472256] outbound_pdu callback link_id=2 tx_id=3924 len=360
[cspcla 19:09:27 pid=341729 tid=140650056472256] ✓ TX SUCCESS tx_id=3924 dst_csp=2:10 bytes=360 (all ACKs received)
[cspcla 19:09:27 pid=341729 tid=140650056472256] outbound_pdu callback link_id=2 tx_id=3925 len=360
[cspcla 19:09:27 pid=341729 tid=140650056472256] ✓ TX SUCCESS tx_id=3925 dst_csp=2:10 bytes=360 (all ACKs received)
[cspcla 19:09:27 pid=341729 tid=140650056472256] outbound_pdu callback link_id=2 tx_id=3926 len=360
[cspcla 19:09:27 pid=341729 tid=140650056472256] ✓ TX SUCCESS tx_id=3926 dst_csp=2:10 bytes=360 (all ACKs received)
[cspcla 19:09:27 pid=341729 tid=140650056472256] outbound_pdu callback link_id=2 tx_id=3927 len=360
[cspcla 19:09:28 pid=341729 tid=140650056472256] ✓ TX SUCCESS tx_id=3927 dst_csp=2:10 bytes=360 (all ACKs received)
[cspcla 19:09:28 pid=341729 tid=140650056472256] outbound_pdu callback link_id=2 tx_id=3928 len=360
[cspcla 19:09:28 pid=341729 tid=140650056472256] ✓ TX SUCCESS tx_id=3928 dst_csp=2:10 bytes=360 (all ACKs received)
[cspcla 19:09:28 pid=341729 tid=140650056472256] outbound_pdu callback link_id=2 tx_id=3929 len=360
[cspcla 19:09:28 pid=341729 tid=140650056472256] ✓ TX SUCCESS tx_id=3929 dst_csp=2:10 bytes=360 (all ACKs received)
[cspcla 19:09:28 pid=341729 tid=140650056472256] outbound_pdu callback link_id=2 tx_id=3930 len=360
[cspcla 19:09:28 pid=341729 tid=140650056472256] ✓ TX SUCCESS tx_id=3930 dst_csp=2:10 bytes=360 (all ACKs received)
[cspcla 19:09:29 pid=341729 tid=140650056472256] outbound_pdu callback link_id=2 tx_id=3931 len=360
[cspcla 19:09:29 pid=341729 tid=140650056472256] ✓ TX SUCCESS tx_id=3931 dst_csp=2:10 bytes=360 (all ACKs received)
[cspcla 19:09:29 pid=341729 tid=140650056472256] outbound_pdu callback link_id=2 tx_id=3932 len=360
[cspcla 19:09:29 pid=341729 tid=140650056472256] ✓ TX SUCCESS tx_id=3932 dst_csp=2:10 bytes=360 (all ACKs received)
[cspcla 19:09:30 pid=341729 tid=140650056472256] outbound_pdu callback link_id=2 tx_id=3933 len=360
[cspcla 19:09:30 pid=341729 tid=140650056472256] ✓ TX SUCCESS tx_id=3933 dst_csp=2:10 bytes=360 (all ACKs received)
[cspcla 19:09:30 pid=341729 tid=140650056472256] outbound_pdu callback link_id=2 tx_id=3934 len=360
[cspcla 19:09:30 pid=341729 tid=140650056472256] ✓ TX SUCCESS tx_id=3934 dst_csp=2:10 bytes=360 (all ACKs received)
[cspcla 19:09:30 pid=341729 tid=140650056472256] outbound_pdu callback link_id=2 tx_id=3935 len=360
[cspcla 19:09:30 pid=341729 tid=140650056472256] ✓ TX SUCCESS tx_id=3935 dst_csp=2:10 bytes=360 (all ACKs received)
[cspcla 19:09:30 pid=341729 tid=140650056472256] outbound_pdu callback link_id=2 tx_id=3936 len=360
[cspcla 19:09:30 pid=341729 tid=140650056472256] ✓ TX SUCCESS tx_id=3936 dst_csp=2:10 bytes=360 (all ACKs received)
[cspcla 19:09:30 pid=341729 tid=140650056472256] outbound_pdu callback link_id=2 tx_id=3937 len=360
[cspcla 19:09:31 pid=341729 tid=140650056472256] ✓ TX SUCCESS tx_id=3937 dst_csp=2:10 bytes=360 (all ACKs received)
[cspcla 19:09:31 pid=341729 tid=140650056472256] outbound_pdu callback link_id=2 tx_id=3938 len=360
[cspcla 19:09:31 pid=341729 tid=140650056472256] ✓ TX SUCCESS tx_id=3938 dst_csp=2:10 bytes=360 (all ACKs received)
[cspcla 19:09:31 pid=341729 tid=140650056472256] outbound_pdu callback link_id=2 tx_id=3939 len=360
[cspcla 19:09:31 pid=341729 tid=140650056472256] ✓ TX SUCCESS tx_id=3939 dst_csp=2:10 bytes=360 (all ACKs received)
[cspcla 19:09:31 pid=341729 tid=140650056472256] outbound_pdu callback link_id=2 tx_id=3940 len=360
[cspcla 19:09:31 pid=341729 tid=140650056472256] ✓ TX SUCCESS tx_id=3940 dst_csp=2:10 bytes=360 (all ACKs received)
[cspcla 19:09:32 pid=341729 tid=140650056472256] outbound_pdu callback link_id=2 tx_id=3941 len=360
[cspcla 19:09:32 pid=341729 tid=140650056472256] ✓ TX SUCCESS tx_id=3941 dst_csp=2:10 bytes=360 (all ACKs received)
[cspcla 19:09:32 pid=341729 tid=140650056472256] outbound_pdu callback link_id=2 tx_id=3942 len=360
[cspcla 19:09:32 pid=341729 tid=140650056472256] ✓ TX SUCCESS tx_id=3942 dst_csp=2:10 bytes=360 (all ACKs received)
[cspcla 19:09:32 pid=341729 tid=140650056472256] outbound_pdu callback link_id=2 tx_id=3943 len=360
[cspcla 19:09:32 pid=341729 tid=140650056472256] ✓ TX SUCCESS tx_id=3943 dst_csp=2:10 bytes=360 (all ACKs received)
[cspcla 19:09:32 pid=341729 tid=140650056472256] outbound_pdu callback link_id=2 tx_id=3944 len=360
[cspcla 19:09:33 pid=341729 tid=140650056472256] ✓ TX SUCCESS tx_id=3944 dst_csp=2:10 bytes=360 (all ACKs received)
[cspcla 19:09:33 pid=341729 tid=140650056472256] outbound_pdu callback link_id=2 tx_id=3945 len=360
[cspcla 19:09:33 pid=341729 tid=140650056472256] ✓ TX SUCCESS tx_id=3945 dst_csp=2:10 bytes=360 (all ACKs received)
[cspcla 19:09:33 pid=341729 tid=140650056472256] outbound_pdu callback link_id=2 tx_id=3946 len=360
[cspcla 19:09:33 pid=341729 tid=140650056472256] ✓ TX SUCCESS tx_id=3946 dst_csp=2:10 bytes=360 (all ACKs received)
[cspcla 19:09:33 pid=341729 tid=140650056472256] outbound_pdu callback link_id=2 tx_id=3947 len=360
[cspcla 19:09:33 pid=341729 tid=140650056472256] ✓ TX SUCCESS tx_id=3947 dst_csp=2:10 bytes=360 (all ACKs received)
[cspcla 19:09:33 pid=341729 tid=140650056472256] outbound_pdu callback link_id=2 tx_id=3948 len=360
[cspcla 19:09:34 pid=341729 tid=140650056472256] ✓ TX SUCCESS tx_id=3948 dst_csp=2:10 bytes=360 (all ACKs received)
[cspcla 19:09:34 pid=341729 tid=140650056472256] outbound_pdu callback link_id=2 tx_id=3949 len=360
[cspcla 19:09:34 pid=341729 tid=140650056472256] ✓ TX SUCCESS tx_id=3949 dst_csp=2:10 bytes=360 (all ACKs received)
[cspcla 19:09:34 pid=341729 tid=140650056472256] outbound_pdu callback link_id=2 tx_id=3950 len=360
[cspcla 19:09:34 pid=341729 tid=140650056472256] ✓ TX SUCCESS tx_id=3950 dst_csp=2:10 bytes=360 (all ACKs received)
[cspcla 19:09:35 pid=341729 tid=140650056472256] outbound_pdu callback link_id=2 tx_id=3951 len=360
[cspcla 19:09:35 pid=341729 tid=140650056472256] ✓ TX SUCCESS tx_id=3951 dst_csp=2:10 bytes=360 (all ACKs received)
[cspcla 19:09:35 pid=341729 tid=140650056472256] outbound_pdu callback link_id=2 tx_id=3952 len=360
[cspcla 19:09:35 pid=341729 tid=140650056472256] ✓ TX SUCCESS tx_id=3952 dst_csp=2:10 bytes=360 (all ACKs received)
[cspcla 19:09:35 pid=341729 tid=140650056472256] outbound_pdu callback link_id=2 tx_id=3953 len=360
[cspcla 19:09:36 pid=341729 tid=140650056472256] ✓ TX SUCCESS tx_id=3953 dst_csp=2:10 bytes=360 (all ACKs received)
[cspcla 19:09:36 pid=341729 tid=140650056472256] outbound_pdu callback link_id=2 tx_id=3954 len=360
[cspcla 19:09:36 pid=341729 tid=140650056472256] ✓ TX SUCCESS tx_id=3954 dst_csp=2:10 bytes=360 (all ACKs received)
[cspcla 19:09:36 pid=341729 tid=140650056472256] outbound_pdu callback link_id=2 tx_id=3955 len=360
[cspcla 19:09:36 pid=341729 tid=140650056472256] ✓ TX SUCCESS tx_id=3955 dst_csp=2:10 bytes=360 (all ACKs received)
[cspcla 19:09:36 pid=341729 tid=140650056472256] outbound_pdu callback link_id=2 tx_id=3956 len=360
[cspcla 19:09:36 pid=341729 tid=140650056472256] ✓ TX SUCCESS tx_id=3956 dst_csp=2:10 bytes=360 (all ACKs received)
[cspcla 19:09:36 pid=341729 tid=140650056472256] outbound_pdu callback link_id=2 tx_id=3957 len=360
[cspcla 19:09:37 pid=341729 tid=140650056472256] ✓ TX SUCCESS tx_id=3957 dst_csp=2:10 bytes=360 (all ACKs received)
[cspcla 19:09:37 pid=341729 tid=140650056472256] outbound_pdu callback link_id=2 tx_id=3958 len=360
[cspcla 19:09:37 pid=341729 tid=140650056472256] ✓ TX SUCCESS tx_id=3958 dst_csp=2:10 bytes=360 (all ACKs received)
[cspcla 19:09:37 pid=341729 tid=140650056472256] outbound_pdu callback link_id=2 tx_id=3959 len=360
[cspcla 19:09:37 pid=341729 tid=140650056472256] ✓ TX SUCCESS tx_id=3959 dst_csp=2:10 bytes=360 (all ACKs received)
[cspcla 19:09:37 pid=341729 tid=140650056472256] outbound_pdu callback link_id=2 tx_id=3960 len=360
[cspcla 19:09:37 pid=341729 tid=140650056472256] ✓ TX SUCCESS tx_id=3960 dst_csp=2:10 bytes=360 (all ACKs received)
[cspcla 19:09:38 pid=341729 tid=140650056472256] outbound_pdu callback link_id=2 tx_id=3961 len=360
[cspcla 19:09:38 pid=341729 tid=140650056472256] ✓ TX SUCCESS tx_id=3961 dst_csp=2:10 bytes=360 (all ACKs received)
[cspcla 19:09:38 pid=341729 tid=140650056472256] outbound_pdu callback link_id=2 tx_id=3962 len=360
[cspcla 19:09:38 pid=341729 tid=140650056472256] ✓ TX SUCCESS tx_id=3962 dst_csp=2:10 bytes=360 (all ACKs received)
[cspcla 19:09:38 pid=341729 tid=140650056472256] outbound_pdu callback link_id=2 tx_id=3963 len=360
[cspcla 19:09:38 pid=341729 tid=140650056472256] ✓ TX SUCCESS tx_id=3963 dst_csp=2:10 bytes=360 (all ACKs received)
[cspcla 19:09:38 pid=341729 tid=140650056472256] outbound_pdu callback link_id=2 tx_id=3964 len=360
[cspcla 19:09:38 pid=341729 tid=140650056472256] ✓ TX SUCCESS tx_id=3964 dst_csp=2:10 bytes=360 (all ACKs received)
[cspcla 19:09:39 pid=341729 tid=140650056472256] outbound_pdu callback link_id=2 tx_id=3965 len=360
[cspcla 19:09:39 pid=341729 tid=140650056472256] ✓ TX SUCCESS tx_id=3965 dst_csp=2:10 bytes=360 (all ACKs received)
[cspcla 19:09:39 pid=341729 tid=140650056472256] outbound_pdu callback link_id=2 tx_id=3966 len=360
[cspcla 19:09:39 pid=341729 tid=140650056472256] ✓ TX SUCCESS tx_id=3966 dst_csp=2:10 bytes=360 (all ACKs received)
[cspcla 19:09:39 pid=341729 tid=140650056472256] outbound_pdu callback link_id=2 tx_id=3967 len=360
[cspcla 19:09:40 pid=341729 tid=140650056472256] ✓ TX SUCCESS tx_id=3967 dst_csp=2:10 bytes=360 (all ACKs received)
[cspcla 19:09:40 pid=341729 tid=140650056472256] outbound_pdu callback link_id=2 tx_id=3968 len=360
[cspcla 19:09:40 pid=341729 tid=140650056472256] ✓ TX SUCCESS tx_id=3968 dst_csp=2:10 bytes=360 (all ACKs received)
[cspcla 19:09:40 pid=341729 tid=140650056472256] outbound_pdu callback link_id=2 tx_id=3969 len=360
[cspcla 19:09:40 pid=341729 tid=140650056472256] ✓ TX SUCCESS tx_id=3969 dst_csp=2:10 bytes=360 (all ACKs received)
[cspcla 19:09:40 pid=341729 tid=140650056472256] outbound_pdu callback link_id=2 tx_id=3970 len=360
[cspcla 19:09:40 pid=341729 tid=140650056472256] ✓ TX SUCCESS tx_id=3970 dst_csp=2:10 bytes=360 (all ACKs received)
[cspcla 19:09:41 pid=341729 tid=140650056472256] outbound_pdu callback link_id=2 tx_id=3971 len=360
[cspcla 19:09:41 pid=341729 tid=140650056472256] ✓ TX SUCCESS tx_id=3971 dst_csp=2:10 bytes=360 (all ACKs received)
[cspcla 19:09:41 pid=341729 tid=140650056472256] outbound_pdu callback link_id=2 tx_id=3972 len=360
[cspcla 19:09:41 pid=341729 tid=140650056472256] ✓ TX SUCCESS tx_id=3972 dst_csp=2:10 bytes=360 (all ACKs received)
[cspcla 19:09:42 pid=341729 tid=140650056472256] outbound_pdu callback link_id=2 tx_id=3973 len=360
[cspcla 19:09:42 pid=341729 tid=140650056472256] ✓ TX SUCCESS tx_id=3973 dst_csp=2:10 bytes=360 (all ACKs received)
[cspcla 19:09:42 pid=341729 tid=140650056472256] outbound_pdu callback link_id=2 tx_id=3974 len=360
[cspcla 19:09:42 pid=341729 tid=140650056472256] ✓ TX SUCCESS tx_id=3974 dst_csp=2:10 bytes=360 (all ACKs received)
[cspcla 19:09:42 pid=341729 tid=140650056472256] outbound_pdu callback link_id=2 tx_id=3975 len=360
[cspcla 19:09:42 pid=341729 tid=140650056472256] ✓ TX SUCCESS tx_id=3975 dst_csp=2:10 bytes=360 (all ACKs received)
[cspcla 19:09:42 pid=341729 tid=140650056472256] outbound_pdu callback link_id=2 tx_id=3976 len=360
[cspcla 19:09:42 pid=341729 tid=140650056472256] ✓ TX SUCCESS tx_id=3976 dst_csp=2:10 bytes=360 (all ACKs received)
[cspcla 19:09:42 pid=341729 tid=140650056472256] outbound_pdu callback link_id=2 tx_id=3977 len=360
[cspcla 19:09:43 pid=341729 tid=140650056472256] ✓ TX SUCCESS tx_id=3977 dst_csp=2:10 bytes=360 (all ACKs received)
[cspcla 19:09:43 pid=341729 tid=140650056472256] outbound_pdu callback link_id=2 tx_id=3978 len=360
[cspcla 19:09:43 pid=341729 tid=140650056472256] ✓ TX SUCCESS tx_id=3978 dst_csp=2:10 bytes=360 (all ACKs received)
[cspcla 19:09:43 pid=341729 tid=140650056472256] outbound_pdu callback link_id=2 tx_id=3979 len=360
[cspcla 19:09:43 pid=341729 tid=140650056472256] ✓ TX SUCCESS tx_id=3979 dst_csp=2:10 bytes=360 (all ACKs received)
[cspcla 19:09:43 pid=341729 tid=140650056472256] outbound_pdu callback link_id=2 tx_id=3980 len=360
[cspcla 19:09:43 pid=341729 tid=140650056472256] ✓ TX SUCCESS tx_id=3980 dst_csp=2:10 bytes=360 (all ACKs received)
[cspcla 19:09:44 pid=341729 tid=140650056472256] outbound_pdu callback link_id=2 tx_id=3981 len=360
[cspcla 19:09:44 pid=341729 tid=140650056472256] ✓ TX SUCCESS tx_id=3981 dst_csp=2:10 bytes=360 (all ACKs received)
[cspcla 19:09:44 pid=341729 tid=140650056472256] outbound_pdu callback link_id=2 tx_id=3982 len=360
[cspcla 19:09:44 pid=341729 tid=140650056472256] ✓ TX SUCCESS tx_id=3982 dst_csp=2:10 bytes=360 (all ACKs received)
[cspcla 19:09:44 pid=341729 tid=140650056472256] outbound_pdu callback link_id=2 tx_id=3983 len=360
[cspcla 19:09:45 pid=341729 tid=140650056472256] ✓ TX SUCCESS tx_id=3983 dst_csp=2:10 bytes=360 (all ACKs received)
[cspcla 19:09:45 pid=341729 tid=140650056472256] outbound_pdu callback link_id=2 tx_id=3984 len=360
[cspcla 19:09:45 pid=341729 tid=140650056472256] ✓ TX SUCCESS tx_id=3984 dst_csp=2:10 bytes=360 (all ACKs received)
[cspcla 19:09:45 pid=341729 tid=140650056472256] outbound_pdu callback link_id=2 tx_id=3985 len=360
[cspcla 19:09:45 pid=341729 tid=140650056472256] ✓ TX SUCCESS tx_id=3985 dst_csp=2:10 bytes=360 (all ACKs received)
[cspcla 19:09:45 pid=341729 tid=140650056472256] outbound_pdu callback link_id=2 tx_id=3986 len=360
[cspcla 19:09:45 pid=341729 tid=140650056472256] ✓ TX SUCCESS tx_id=3986 dst_csp=2:10 bytes=360 (all ACKs received)
[cspcla 19:09:45 pid=341729 tid=140650056472256] outbound_pdu callback link_id=2 tx_id=3987 len=360
[cspcla 19:09:45 pid=341729 tid=140650056472256] ✓ TX SUCCESS tx_id=3987 dst_csp=2:10 bytes=360 (all ACKs received)
[cspcla 19:09:45 pid=341729 tid=140650056472256] outbound_pdu callback link_id=2 tx_id=3988 len=360
[cspcla 19:09:46 pid=341729 tid=140650056472256] ✓ TX SUCCESS tx_id=3988 dst_csp=2:10 bytes=360 (all ACKs received)
[cspcla 19:09:46 pid=341729 tid=140650056472256] outbound_pdu callback link_id=2 tx_id=3989 len=360
[cspcla 19:09:46 pid=341729 tid=140650056472256] ✓ TX SUCCESS tx_id=3989 dst_csp=2:10 bytes=360 (all ACKs received)
[cspcla 19:09:46 pid=341729 tid=140650056472256] outbound_pdu callback link_id=2 tx_id=3990 len=360
[cspcla 19:09:46 pid=341729 tid=140650056472256] ✓ TX SUCCESS tx_id=3990 dst_csp=2:10 bytes=360 (all ACKs received)
[cspcla 19:09:47 pid=341729 tid=140650056472256] outbound_pdu callback link_id=2 tx_id=3991 len=360
[cspcla 19:09:47 pid=341729 tid=140650056472256] ✓ TX SUCCESS tx_id=3991 dst_csp=2:10 bytes=360 (all ACKs received)
[cspcla 19:09:47 pid=341729 tid=140650056472256] outbound_pdu callback link_id=2 tx_id=3992 len=360
[cspcla 19:09:47 pid=341729 tid=140650056472256] ✓ TX SUCCESS tx_id=3992 dst_csp=2:10 bytes=360 (all ACKs received)
[cspcla 19:09:47 pid=341729 tid=140650056472256] outbound_pdu callback link_id=2 tx_id=3993 len=360
[cspcla 19:09:47 pid=341729 tid=140650056472256] ✓ TX SUCCESS tx_id=3993 dst_csp=2:10 bytes=360 (all ACKs received)
[cspcla 19:09:47 pid=341729 tid=140650056472256] outbound_pdu callback link_id=2 tx_id=3994 len=360
[cspcla 19:09:48 pid=341729 tid=140650056472256] ✓ TX SUCCESS tx_id=3994 dst_csp=2:10 bytes=360 (all ACKs received)
[cspcla 19:09:48 pid=341729 tid=140650056472256] outbound_pdu callback link_id=2 tx_id=3995 len=360
[cspcla 19:09:48 pid=341729 tid=140650056472256] ✓ TX SUCCESS tx_id=3995 dst_csp=2:10 bytes=360 (all ACKs received)
[cspcla 19:09:48 pid=341729 tid=140650056472256] outbound_pdu callback link_id=2 tx_id=3996 len=360
[cspcla 19:09:48 pid=341729 tid=140650056472256] ✓ TX SUCCESS tx_id=3996 dst_csp=2:10 bytes=360 (all ACKs received)
[cspcla 19:09:48 pid=341729 tid=140650056472256] outbound_pdu callback link_id=2 tx_id=3997 len=360
[cspcla 19:09:49 pid=341729 tid=140650056472256] ✓ TX SUCCESS tx_id=3997 dst_csp=2:10 bytes=360 (all ACKs received)
[cspcla 19:09:49 pid=341729 tid=140650056472256] outbound_pdu callback link_id=2 tx_id=3998 len=360
[cspcla 19:09:49 pid=341729 tid=140650056472256] ✓ TX SUCCESS tx_id=3998 dst_csp=2:10 bytes=360 (all ACKs received)
[cspcla 19:09:49 pid=341729 tid=140650056472256] outbound_pdu callback link_id=2 tx_id=3999 len=360
[cspcla 19:09:49 pid=341729 tid=140650056472256] ✓ TX SUCCESS tx_id=3999 dst_csp=2:10 bytes=360 (all ACKs received)
[cspcla 19:09:49 pid=341729 tid=140650056472256] outbound_pdu callback link_id=2 tx_id=4000 len=360
[cspcla 19:09:49 pid=341729 tid=140650056472256] ✓ TX SUCCESS tx_id=4000 dst_csp=2:10 bytes=360 (all ACKs received)
[cspcla 19:09:50 pid=341729 tid=140650056472256] outbound_pdu callback link_id=2 tx_id=4001 len=360
[cspcla 19:09:50 pid=341729 tid=140650056472256] ✓ TX SUCCESS tx_id=4001 dst_csp=2:10 bytes=360 (all ACKs received)
[cspcla 19:09:50 pid=341729 tid=140650056472256] outbound_pdu callback link_id=2 tx_id=4002 len=360
[cspcla 19:09:50 pid=341729 tid=140650056472256] ✓ TX SUCCESS tx_id=4002 dst_csp=2:10 bytes=360 (all ACKs received)
[cspcla 19:09:50 pid=341729 tid=140650056472256] outbound_pdu callback link_id=2 tx_id=4003 len=360
[cspcla 19:09:50 pid=341729 tid=140650056472256] ✓ TX SUCCESS tx_id=4003 dst_csp=2:10 bytes=360 (all ACKs received)
[cspcla 19:09:50 pid=341729 tid=140650056472256] outbound_pdu callback link_id=2 tx_id=4004 len=360
[cspcla 19:09:50 pid=341729 tid=140650056472256] ✓ TX SUCCESS tx_id=4004 dst_csp=2:10 bytes=360 (all ACKs received)
[cspcla 19:09:50 pid=341729 tid=140650056472256] outbound_pdu callback link_id=2 tx_id=4005 len=360
[cspcla 19:09:51 pid=341729 tid=140650056472256] ✓ TX SUCCESS tx_id=4005 dst_csp=2:10 bytes=360 (all ACKs received)
[cspcla 19:09:51 pid=341729 tid=140650056472256] outbound_pdu callback link_id=2 tx_id=4006 len=360
[cspcla 19:09:51 pid=341729 tid=140650056472256] ✓ TX SUCCESS tx_id=4006 dst_csp=2:10 bytes=360 (all ACKs received)
[cspcla 19:09:51 pid=341729 tid=140650056472256] outbound_pdu callback link_id=2 tx_id=4007 len=360
[cspcla 19:09:52 pid=341729 tid=140650056472256] ✓ TX SUCCESS tx_id=4007 dst_csp=2:10 bytes=360 (all ACKs received)
[cspcla 19:09:52 pid=341729 tid=140650056472256] outbound_pdu callback link_id=2 tx_id=4008 len=360
[cspcla 19:09:52 pid=341729 tid=140650056472256] ✓ TX SUCCESS tx_id=4008 dst_csp=2:10 bytes=360 (all ACKs received)
[cspcla 19:09:52 pid=341729 tid=140650056472256] outbound_pdu callback link_id=2 tx_id=4009 len=360
[cspcla 19:09:52 pid=341729 tid=140650056472256] ✓ TX SUCCESS tx_id=4009 dst_csp=2:10 bytes=360 (all ACKs received)
[cspcla 19:09:52 pid=341729 tid=140650056472256] outbound_pdu callback link_id=2 tx_id=4010 len=360
[cspcla 19:09:52 pid=341729 tid=140650056472256] ✓ TX SUCCESS tx_id=4010 dst_csp=2:10 bytes=360 (all ACKs received)
[cspcla 19:09:53 pid=341729 tid=140650056472256] outbound_pdu callback link_id=2 tx_id=4011 len=360
[cspcla 19:09:53 pid=341729 tid=140650056472256] ✓ TX SUCCESS tx_id=4011 dst_csp=2:10 bytes=360 (all ACKs received)
[cspcla 19:09:53 pid=341729 tid=140650056472256] outbound_pdu callback link_id=2 tx_id=4012 len=360
[cspcla 19:09:53 pid=341729 tid=140650056472256] ✓ TX SUCCESS tx_id=4012 dst_csp=2:10 bytes=360 (all ACKs received)
[cspcla 19:09:53 pid=341729 tid=140650056472256] outbound_pdu callback link_id=2 tx_id=4013 len=360
[cspcla 19:09:53 pid=341729 tid=140650056472256] ✓ TX SUCCESS tx_id=4013 dst_csp=2:10 bytes=360 (all ACKs received)
[cspcla 19:09:53 pid=341729 tid=140650056472256] outbound_pdu callback link_id=2 tx_id=4014 len=360
[cspcla 19:09:53 pid=341729 tid=140650056472256] ✓ TX SUCCESS tx_id=4014 dst_csp=2:10 bytes=360 (all ACKs received)
[cspcla 19:09:53 pid=341729 tid=140650056472256] outbound_pdu callback link_id=2 tx_id=4015 len=360
[cspcla 19:09:54 pid=341729 tid=140650056472256] ✓ TX SUCCESS tx_id=4015 dst_csp=2:10 bytes=360 (all ACKs received)
[cspcla 19:09:54 pid=341729 tid=140650056472256] outbound_pdu callback link_id=2 tx_id=4016 len=360
[cspcla 19:09:54 pid=341729 tid=140650056472256] ✓ TX SUCCESS tx_id=4016 dst_csp=2:10 bytes=360 (all ACKs received)
[cspcla 19:09:54 pid=341729 tid=140650056472256] outbound_pdu callback link_id=2 tx_id=4017 len=360
[cspcla 19:09:55 pid=341729 tid=140650056472256] ✓ TX SUCCESS tx_id=4017 dst_csp=2:10 bytes=360 (all ACKs received)
[cspcla 19:09:55 pid=341729 tid=140650056472256] outbound_pdu callback link_id=2 tx_id=4018 len=360
[cspcla 19:09:55 pid=341729 tid=140650056472256] ✓ TX SUCCESS tx_id=4018 dst_csp=2:10 bytes=360 (all ACKs received)
[cspcla 19:09:55 pid=341729 tid=140650056472256] outbound_pdu callback link_id=2 tx_id=4019 len=360
[cspcla 19:09:55 pid=341729 tid=140650056472256] ✓ TX SUCCESS tx_id=4019 dst_csp=2:10 bytes=360 (all ACKs received)
[cspcla 19:09:55 pid=341729 tid=140650056472256] outbound_pdu callback link_id=2 tx_id=4020 len=360
[cspcla 19:09:55 pid=341729 tid=140650056472256] ✓ TX SUCCESS tx_id=4020 dst_csp=2:10 bytes=360 (all ACKs received)
[cspcla 19:09:56 pid=341729 tid=140650056472256] outbound_pdu callback link_id=2 tx_id=4021 len=360
[cspcla 19:09:56 pid=341729 tid=140650056472256] ✓ TX SUCCESS tx_id=4021 dst_csp=2:10 bytes=360 (all ACKs received)
[cspcla 19:09:56 pid=341729 tid=140650056472256] outbound_pdu callback link_id=2 tx_id=4022 len=360
[cspcla 19:09:56 pid=341729 tid=140650056472256] ✓ TX SUCCESS tx_id=4022 dst_csp=2:10 bytes=360 (all ACKs received)
[cspcla 19:09:56 pid=341729 tid=140650056472256] outbound_pdu callback link_id=2 tx_id=4023 len=360
[cspcla 19:09:56 pid=341729 tid=140650056472256] ✓ TX SUCCESS tx_id=4023 dst_csp=2:10 bytes=360 (all ACKs received)
[cspcla 19:09:56 pid=341729 tid=140650056472256] outbound_pdu callback link_id=2 tx_id=4024 len=360
[cspcla 19:09:56 pid=341729 tid=140650056472256] ✓ TX SUCCESS tx_id=4024 dst_csp=2:10 bytes=360 (all ACKs received)
[cspcla 19:09:56 pid=341729 tid=140650056472256] outbound_pdu callback link_id=2 tx_id=4025 len=360
[cspcla 19:09:57 pid=341729 tid=140650056472256] ✓ TX SUCCESS tx_id=4025 dst_csp=2:10 bytes=360 (all ACKs received)
[cspcla 19:09:57 pid=341729 tid=140650056472256] outbound_pdu callback link_id=2 tx_id=4026 len=360
[cspcla 19:09:57 pid=341729 tid=140650056472256] ✓ TX SUCCESS tx_id=4026 dst_csp=2:10 bytes=360 (all ACKs received)
[cspcla 19:09:57 pid=341729 tid=140650056472256] outbound_pdu callback link_id=2 tx_id=4027 len=360
[cspcla 19:09:57 pid=341729 tid=140650056472256] ✓ TX SUCCESS tx_id=4027 dst_csp=2:10 bytes=360 (all ACKs received)
[cspcla 19:09:57 pid=341729 tid=140650056472256] outbound_pdu callback link_id=2 tx_id=4028 len=360
[cspcla 19:09:58 pid=341729 tid=140650056472256] ✓ TX SUCCESS tx_id=4028 dst_csp=2:10 bytes=360 (all ACKs received)
[cspcla 19:09:58 pid=341729 tid=140650056472256] outbound_pdu callback link_id=2 tx_id=4029 len=360
[cspcla 19:09:58 pid=341729 tid=140650056472256] ✓ TX SUCCESS tx_id=4029 dst_csp=2:10 bytes=360 (all ACKs received)
[cspcla 19:09:58 pid=341729 tid=140650056472256] outbound_pdu callback link_id=2 tx_id=4030 len=360
[cspcla 19:09:58 pid=341729 tid=140650056472256] ✓ TX SUCCESS tx_id=4030 dst_csp=2:10 bytes=360 (all ACKs received)
[cspcla 19:09:59 pid=341729 tid=140650056472256] outbound_pdu callback link_id=2 tx_id=4031 len=360
[cspcla 19:09:59 pid=341729 tid=140650056472256] ✓ TX SUCCESS tx_id=4031 dst_csp=2:10 bytes=360 (all ACKs received)
[cspcla 19:09:59 pid=341729 tid=140650056472256] outbound_pdu callback link_id=2 tx_id=4032 len=360
[cspcla 19:09:59 pid=341729 tid=140650056472256] ✓ TX SUCCESS tx_id=4032 dst_csp=2:10 bytes=360 (all ACKs received)
[cspcla 19:09:59 pid=341729 tid=140650056472256] outbound_pdu callback link_id=2 tx_id=4033 len=360
[cspcla 19:09:59 pid=341729 tid=140650056472256] ✓ TX SUCCESS tx_id=4033 dst_csp=2:10 bytes=360 (all ACKs received)
[cspcla 19:09:59 pid=341729 tid=140650056472256] outbound_pdu callback link_id=2 tx_id=4034 len=360
[cspcla 19:09:59 pid=341729 tid=140650056472256] ✓ TX SUCCESS tx_id=4034 dst_csp=2:10 bytes=360 (all ACKs received)
[cspcla 19:09:59 pid=341729 tid=140650056472256] outbound_pdu callback link_id=2 tx_id=4035 len=360
[cspcla 19:10:00 pid=341729 tid=140650056472256] ✓ TX SUCCESS tx_id=4035 dst_csp=2:10 bytes=360 (all ACKs received)
[cspcla 19:10:00 pid=341729 tid=140650056472256] outbound_pdu callback link_id=2 tx_id=4036 len=360
[cspcla 19:10:00 pid=341729 tid=140650056472256] ✓ TX SUCCESS tx_id=4036 dst_csp=2:10 bytes=360 (all ACKs received)
[cspcla 19:10:00 pid=341729 tid=140650056472256] outbound_pdu callback link_id=2 tx_id=4037 len=360
[cspcla 19:10:00 pid=341729 tid=140650056472256] ✓ TX SUCCESS tx_id=4037 dst_csp=2:10 bytes=360 (all ACKs received)
[cspcla 19:10:00 pid=341729 tid=140650056472256] outbound_pdu callback link_id=2 tx_id=4038 len=360
[cspcla 19:10:01 pid=341729 tid=140650056472256] ✓ TX SUCCESS tx_id=4038 dst_csp=2:10 bytes=360 (all ACKs received)
[cspcla 19:10:01 pid=341729 tid=140650056472256] outbound_pdu callback link_id=2 tx_id=4039 len=360
[cspcla 19:10:01 pid=341729 tid=140650056472256] ✓ TX SUCCESS tx_id=4039 dst_csp=2:10 bytes=360 (all ACKs received)
[cspcla 19:10:01 pid=341729 tid=140650056472256] outbound_pdu callback link_id=2 tx_id=4040 len=360
[cspcla 19:10:01 pid=341729 tid=140650056472256] ✓ TX SUCCESS tx_id=4040 dst_csp=2:10 bytes=360 (all ACKs received)
[cspcla 19:10:02 pid=341729 tid=140650056472256] outbound_pdu callback link_id=2 tx_id=4041 len=360
[cspcla 19:10:02 pid=341729 tid=140650056472256] ✓ TX SUCCESS tx_id=4041 dst_csp=2:10 bytes=360 (all ACKs received)
[cspcla 19:10:02 pid=341729 tid=140650056472256] outbound_pdu callback link_id=2 tx_id=4042 len=360
[cspcla 19:10:02 pid=341729 tid=140650056472256] ✓ TX SUCCESS tx_id=4042 dst_csp=2:10 bytes=360 (all ACKs received)
[cspcla 19:10:02 pid=341729 tid=140650056472256] outbound_pdu callback link_id=2 tx_id=4043 len=360
[cspcla 19:10:02 pid=341729 tid=140650056472256] ✓ TX SUCCESS tx_id=4043 dst_csp=2:10 bytes=360 (all ACKs received)
[cspcla 19:10:02 pid=341729 tid=140650056472256] outbound_pdu callback link_id=2 tx_id=4044 len=360
[cspcla 19:10:02 pid=341729 tid=140650056472256] ✓ TX SUCCESS tx_id=4044 dst_csp=2:10 bytes=360 (all ACKs received)
[cspcla 19:10:02 pid=341729 tid=140650056472256] outbound_pdu callback link_id=2 tx_id=4045 len=360
[cspcla 19:10:03 pid=341729 tid=140650056472256] ✓ TX SUCCESS tx_id=4045 dst_csp=2:10 bytes=360 (all ACKs received)
[cspcla 19:10:03 pid=341729 tid=140650056472256] outbound_pdu callback link_id=2 tx_id=4046 len=360
[cspcla 19:10:03 pid=341729 tid=140650056472256] ✓ TX SUCCESS tx_id=4046 dst_csp=2:10 bytes=360 (all ACKs received)
[cspcla 19:10:03 pid=341729 tid=140650056472256] outbound_pdu callback link_id=2 tx_id=4047 len=360
[cspcla 19:10:04 pid=341729 tid=140650056472256] ✓ TX SUCCESS tx_id=4047 dst_csp=2:10 bytes=360 (all ACKs received)
[cspcla 19:10:04 pid=341729 tid=140650056472256] outbound_pdu callback link_id=2 tx_id=4048 len=360
[cspcla 19:10:04 pid=341729 tid=140650056472256] ✓ TX SUCCESS tx_id=4048 dst_csp=2:10 bytes=360 (all ACKs received)
[cspcla 19:10:04 pid=341729 tid=140650056472256] outbound_pdu callback link_id=2 tx_id=4049 len=360
[cspcla 19:10:04 pid=341729 tid=140650056472256] ✓ TX SUCCESS tx_id=4049 dst_csp=2:10 bytes=360 (all ACKs received)
[cspcla 19:10:04 pid=341729 tid=140650056472256] outbound_pdu callback link_id=2 tx_id=4050 len=360
[cspcla 19:10:04 pid=341729 tid=140650056472256] ✓ TX SUCCESS tx_id=4050 dst_csp=2:10 bytes=360 (all ACKs received)
[cspcla 19:10:05 pid=341729 tid=140650056472256] outbound_pdu callback link_id=2 tx_id=4051 len=360
[cspcla 19:10:05 pid=341729 tid=140650056472256] ✓ TX SUCCESS tx_id=4051 dst_csp=2:10 bytes=360 (all ACKs received)
[cspcla 19:10:05 pid=341729 tid=140650056472256] outbound_pdu callback link_id=2 tx_id=4052 len=360
[cspcla 19:10:05 pid=341729 tid=140650056472256] ✓ TX SUCCESS tx_id=4052 dst_csp=2:10 bytes=360 (all ACKs received)
[cspcla 19:10:05 pid=341729 tid=140650056472256] outbound_pdu callback link_id=2 tx_id=4053 len=360
[cspcla 19:10:05 pid=341729 tid=140650056472256] ✓ TX SUCCESS tx_id=4053 dst_csp=2:10 bytes=360 (all ACKs received)
[cspcla 19:10:05 pid=341729 tid=140650056472256] outbound_pdu callback link_id=2 tx_id=4054 len=360
[cspcla 19:10:05 pid=341729 tid=140650056472256] ✓ TX SUCCESS tx_id=4054 dst_csp=2:10 bytes=360 (all ACKs received)
[cspcla 19:10:05 pid=341729 tid=140650056472256] outbound_pdu callback link_id=2 tx_id=4055 len=360
[cspcla 19:10:06 pid=341729 tid=140650056472256] ✓ TX SUCCESS tx_id=4055 dst_csp=2:10 bytes=360 (all ACKs received)
[cspcla 19:10:06 pid=341729 tid=140650056472256] outbound_pdu callback link_id=2 tx_id=4056 len=360
[cspcla 19:10:06 pid=341729 tid=140650056472256] ✓ TX SUCCESS tx_id=4056 dst_csp=2:10 bytes=360 (all ACKs received)
[cspcla 19:10:06 pid=341729 tid=140650056472256] outbound_pdu callback link_id=2 tx_id=4057 len=360
[cspcla 19:10:07 pid=341729 tid=140650056472256] ✓ TX SUCCESS tx_id=4057 dst_csp=2:10 bytes=360 (all ACKs received)
[cspcla 19:10:07 pid=341729 tid=140650056472256] outbound_pdu callback link_id=2 tx_id=4058 len=360
[cspcla 19:10:07 pid=341729 tid=140650056472256] ✓ TX SUCCESS tx_id=4058 dst_csp=2:10 bytes=360 (all ACKs received)
[cspcla 19:10:07 pid=341729 tid=140650056472256] outbound_pdu callback link_id=2 tx_id=4059 len=360
[cspcla 19:10:07 pid=341729 tid=140650056472256] ✓ TX SUCCESS tx_id=4059 dst_csp=2:10 bytes=360 (all ACKs received)
[cspcla 19:10:07 pid=341729 tid=140650056472256] outbound_pdu callback link_id=2 tx_id=4060 len=360
[cspcla 19:10:07 pid=341729 tid=140650056472256] ✓ TX SUCCESS tx_id=4060 dst_csp=2:10 bytes=360 (all ACKs received)
[cspcla 19:10:08 pid=341729 tid=140650056472256] outbound_pdu callback link_id=2 tx_id=4061 len=360
[cspcla 19:10:08 pid=341729 tid=140650056472256] ✓ TX SUCCESS tx_id=4061 dst_csp=2:10 bytes=360 (all ACKs received)
[cspcla 19:10:08 pid=341729 tid=140650056472256] outbound_pdu callback link_id=2 tx_id=4062 len=360
[cspcla 19:10:08 pid=341729 tid=140650056472256] ✓ TX SUCCESS tx_id=4062 dst_csp=2:10 bytes=360 (all ACKs received)
[cspcla 19:10:08 pid=341729 tid=140650056472256] outbound_pdu callback link_id=2 tx_id=4063 len=360
[cspcla 19:10:08 pid=341729 tid=140650056472256] ✓ TX SUCCESS tx_id=4063 dst_csp=2:10 bytes=360 (all ACKs received)
[cspcla 19:10:08 pid=341729 tid=140650056472256] outbound_pdu callback link_id=2 tx_id=4064 len=360
[cspcla 19:10:08 pid=341729 tid=140650056472256] ✓ TX SUCCESS tx_id=4064 dst_csp=2:10 bytes=360 (all ACKs received)
[cspcla 19:10:08 pid=341729 tid=140650056472256] outbound_pdu callback link_id=2 tx_id=4065 len=360
[cspcla 19:10:09 pid=341729 tid=140650056472256] ✓ TX SUCCESS tx_id=4065 dst_csp=2:10 bytes=360 (all ACKs received)
[cspcla 19:10:09 pid=341729 tid=140650056472256] outbound_pdu callback link_id=2 tx_id=4066 len=360
[cspcla 19:10:09 pid=341729 tid=140650056472256] ✓ TX SUCCESS tx_id=4066 dst_csp=2:10 bytes=360 (all ACKs received)
[cspcla 19:10:09 pid=341729 tid=140650056472256] outbound_pdu callback link_id=2 tx_id=4067 len=360
[cspcla 19:10:09 pid=341729 tid=140650056472256] ✓ TX SUCCESS tx_id=4067 dst_csp=2:10 bytes=360 (all ACKs received)
[cspcla 19:10:09 pid=341729 tid=140650056472256] outbound_pdu callback link_id=2 tx_id=4068 len=360
[cspcla 19:10:10 pid=341729 tid=140650056472256] ✓ TX SUCCESS tx_id=4068 dst_csp=2:10 bytes=360 (all ACKs received)
[cspcla 19:10:10 pid=341729 tid=140650056472256] outbound_pdu callback link_id=2 tx_id=4069 len=360
[cspcla 19:10:10 pid=341729 tid=140650056472256] ✓ TX SUCCESS tx_id=4069 dst_csp=2:10 bytes=360 (all ACKs received)
[cspcla 19:10:10 pid=341729 tid=140650056472256] outbound_pdu callback link_id=2 tx_id=4070 len=360
[cspcla 19:10:10 pid=341729 tid=140650056472256] ✓ TX SUCCESS tx_id=4070 dst_csp=2:10 bytes=360 (all ACKs received)
[cspcla 19:10:11 pid=341729 tid=140650056472256] outbound_pdu callback link_id=2 tx_id=4071 len=360
[cspcla 19:10:11 pid=341729 tid=140650056472256] ✓ TX SUCCESS tx_id=4071 dst_csp=2:10 bytes=360 (all ACKs received)
[cspcla 19:10:11 pid=341729 tid=140650056472256] outbound_pdu callback link_id=2 tx_id=4072 len=360
[cspcla 19:10:11 pid=341729 tid=140650056472256] ✓ TX SUCCESS tx_id=4072 dst_csp=2:10 bytes=360 (all ACKs received)
[cspcla 19:10:11 pid=341729 tid=140650056472256] outbound_pdu callback link_id=2 tx_id=4073 len=360
[cspcla 19:10:11 pid=341729 tid=140650056472256] ✓ TX SUCCESS tx_id=4073 dst_csp=2:10 bytes=360 (all ACKs received)
[cspcla 19:10:11 pid=341729 tid=140650056472256] outbound_pdu callback link_id=2 tx_id=4074 len=360
[cspcla 19:10:11 pid=341729 tid=140650056472256] ✓ TX SUCCESS tx_id=4074 dst_csp=2:10 bytes=360 (all ACKs received)
[cspcla 19:10:11 pid=341729 tid=140650056472256] outbound_pdu callback link_id=2 tx_id=4075 len=360
[cspcla 19:10:12 pid=341729 tid=140650056472256] ✓ TX SUCCESS tx_id=4075 dst_csp=2:10 bytes=360 (all ACKs received)
[cspcla 19:10:12 pid=341729 tid=140650056472256] outbound_pdu callback link_id=2 tx_id=4076 len=360
[cspcla 19:10:12 pid=341729 tid=140650056472256] ✓ TX SUCCESS tx_id=4076 dst_csp=2:10 bytes=360 (all ACKs received)
[cspcla 19:10:12 pid=341729 tid=140650056472256] outbound_pdu callback link_id=2 tx_id=4077 len=360
[cspcla 19:10:13 pid=341729 tid=140650056472256] ✓ TX SUCCESS tx_id=4077 dst_csp=2:10 bytes=360 (all ACKs received)
[cspcla 19:10:13 pid=341729 tid=140650056472256] outbound_pdu callback link_id=2 tx_id=4078 len=360
[cspcla 19:10:13 pid=341729 tid=140650056472256] ✓ TX SUCCESS tx_id=4078 dst_csp=2:10 bytes=360 (all ACKs received)
[cspcla 19:10:13 pid=341729 tid=140650056472256] outbound_pdu callback link_id=2 tx_id=4079 len=360
[cspcla 19:10:13 pid=341729 tid=140650056472256] ✓ TX SUCCESS tx_id=4079 dst_csp=2:10 bytes=360 (all ACKs received)
[cspcla 19:10:13 pid=341729 tid=140650056472256] outbound_pdu callback link_id=2 tx_id=4080 len=360
[cspcla 19:10:13 pid=341729 tid=140650056472256] ✓ TX SUCCESS tx_id=4080 dst_csp=2:10 bytes=360 (all ACKs received)
[cspcla 19:10:14 pid=341729 tid=140650056472256] outbound_pdu callback link_id=2 tx_id=4081 len=360
[cspcla 19:10:14 pid=341729 tid=140650056472256] ✓ TX SUCCESS tx_id=4081 dst_csp=2:10 bytes=360 (all ACKs received)
[cspcla 19:10:14 pid=341729 tid=140650056472256] outbound_pdu callback link_id=2 tx_id=4082 len=360
[cspcla 19:10:14 pid=341729 tid=140650056472256] ✓ TX SUCCESS tx_id=4082 dst_csp=2:10 bytes=360 (all ACKs received)
[cspcla 19:10:14 pid=341729 tid=140650056472256] outbound_pdu callback link_id=2 tx_id=4083 len=360
[cspcla 19:10:14 pid=341729 tid=140650056472256] ✓ TX SUCCESS tx_id=4083 dst_csp=2:10 bytes=360 (all ACKs received)
[cspcla 19:10:14 pid=341729 tid=140650056472256] outbound_pdu callback link_id=2 tx_id=4084 len=360
[cspcla 19:10:14 pid=341729 tid=140650056472256] ✓ TX SUCCESS tx_id=4084 dst_csp=2:10 bytes=360 (all ACKs received)
[cspcla 19:10:14 pid=341729 tid=140650056472256] outbound_pdu callback link_id=2 tx_id=4085 len=360
[cspcla 19:10:15 pid=341729 tid=140650056472256] ✓ TX SUCCESS tx_id=4085 dst_csp=2:10 bytes=360 (all ACKs received)
[cspcla 19:10:15 pid=341729 tid=140650056472256] outbound_pdu callback link_id=2 tx_id=4086 len=360
[cspcla 19:10:15 pid=341729 tid=140650056472256] ✓ TX SUCCESS tx_id=4086 dst_csp=2:10 bytes=360 (all ACKs received)
[cspcla 19:10:15 pid=341729 tid=140650056472256] outbound_pdu callback link_id=2 tx_id=4087 len=360
[cspcla 19:10:16 pid=341729 tid=140650056472256] ✓ TX SUCCESS tx_id=4087 dst_csp=2:10 bytes=360 (all ACKs received)
[cspcla 19:10:16 pid=341729 tid=140650056472256] outbound_pdu callback link_id=2 tx_id=4088 len=360
[cspcla 19:10:16 pid=341729 tid=140650056472256] ✓ TX SUCCESS tx_id=4088 dst_csp=2:10 bytes=360 (all ACKs received)
[cspcla 19:10:16 pid=341729 tid=140650056472256] outbound_pdu callback link_id=2 tx_id=4089 len=360
[cspcla 19:10:16 pid=341729 tid=140650056472256] ✓ TX SUCCESS tx_id=4089 dst_csp=2:10 bytes=360 (all ACKs received)
[cspcla 19:10:16 pid=341729 tid=140650056472256] outbound_pdu callback link_id=2 tx_id=4090 len=360
[cspcla 19:10:16 pid=341729 tid=140650056472256] ✓ TX SUCCESS tx_id=4090 dst_csp=2:10 bytes=360 (all ACKs received)
[cspcla 19:10:17 pid=341729 tid=140650056472256] outbound_pdu callback link_id=2 tx_id=4091 len=360
[cspcla 19:10:17 pid=341729 tid=140650056472256] ✓ TX SUCCESS tx_id=4091 dst_csp=2:10 bytes=360 (all ACKs received)
[cspcla 19:10:17 pid=341729 tid=140650056472256] outbound_pdu callback link_id=2 tx_id=4092 len=360
[cspcla 19:10:17 pid=341729 tid=140650056472256] ✓ TX SUCCESS tx_id=4092 dst_csp=2:10 bytes=360 (all ACKs received)
[cspcla 19:10:17 pid=341729 tid=140650056472256] outbound_pdu callback link_id=2 tx_id=4093 len=360
[cspcla 19:10:17 pid=341729 tid=140650056472256] ✓ TX SUCCESS tx_id=4093 dst_csp=2:10 bytes=360 (all ACKs received)
[cspcla 19:10:17 pid=341729 tid=140650056472256] outbound_pdu callback link_id=2 tx_id=4094 len=360
[cspcla 19:10:17 pid=341729 tid=140650056472256] ✓ TX SUCCESS tx_id=4094 dst_csp=2:10 bytes=360 (all ACKs received)
[cspcla 19:10:17 pid=341729 tid=140650056472256] outbound_pdu callback link_id=2 tx_id=4095 len=360
[cspcla 19:10:18 pid=341729 tid=140650056472256] ✓ TX SUCCESS tx_id=4095 dst_csp=2:10 bytes=360 (all ACKs received)
[cspcla 19:10:18 pid=341729 tid=140650056472256] outbound_pdu callback link_id=2 tx_id=4096 len=360
[cspcla 19:10:18 pid=341729 tid=140650056472256] ✓ TX SUCCESS tx_id=4096 dst_csp=2:10 bytes=360 (all ACKs received)
[cspcla 19:10:18 pid=341729 tid=140650056472256] outbound_pdu callback link_id=2 tx_id=4097 len=360
[cspcla 19:10:19 pid=341729 tid=140650056472256] ✓ TX SUCCESS tx_id=4097 dst_csp=2:10 bytes=360 (all ACKs received)
[cspcla 19:10:19 pid=341729 tid=140650056472256] outbound_pdu callback link_id=2 tx_id=4098 len=360
[cspcla 19:10:19 pid=341729 tid=140650056472256] ✓ TX SUCCESS tx_id=4098 dst_csp=2:10 bytes=360 (all ACKs received)
[cspcla 19:10:19 pid=341729 tid=140650056472256] outbound_pdu callback link_id=2 tx_id=4099 len=360
[cspcla 19:10:19 pid=341729 tid=140650056472256] ✓ TX SUCCESS tx_id=4099 dst_csp=2:10 bytes=360 (all ACKs received)
[cspcla 19:10:19 pid=341729 tid=140650056472256] outbound_pdu callback link_id=2 tx_id=4100 len=360
[cspcla 19:10:19 pid=341729 tid=140650056472256] ✓ TX SUCCESS tx_id=4100 dst_csp=2:10 bytes=360 (all ACKs received)
[cspcla 19:10:20 pid=341729 tid=140650056472256] outbound_pdu callback link_id=2 tx_id=4101 len=360
[cspcla 19:10:20 pid=341729 tid=140650056472256] ✓ TX SUCCESS tx_id=4101 dst_csp=2:10 bytes=360 (all ACKs received)
[cspcla 19:10:20 pid=341729 tid=140650056472256] outbound_pdu callback link_id=2 tx_id=4102 len=360
[cspcla 19:10:20 pid=341729 tid=140650056472256] ✓ TX SUCCESS tx_id=4102 dst_csp=2:10 bytes=360 (all ACKs received)
[cspcla 19:10:20 pid=341729 tid=140650056472256] outbound_pdu callback link_id=2 tx_id=4103 len=360
[cspcla 19:10:20 pid=341729 tid=140650056472256] ✓ TX SUCCESS tx_id=4103 dst_csp=2:10 bytes=360 (all ACKs received)
[cspcla 19:10:20 pid=341729 tid=140650056472256] outbound_pdu callback link_id=2 tx_id=4104 len=360
[cspcla 19:10:20 pid=341729 tid=140650056472256] ✓ TX SUCCESS tx_id=4104 dst_csp=2:10 bytes=360 (all ACKs received)
[cspcla 19:10:20 pid=341729 tid=140650056472256] outbound_pdu callback link_id=2 tx_id=4105 len=360
[cspcla 19:10:21 pid=341729 tid=140650056472256] ✓ TX SUCCESS tx_id=4105 dst_csp=2:10 bytes=360 (all ACKs received)
[cspcla 19:10:21 pid=341729 tid=140650056472256] outbound_pdu callback link_id=2 tx_id=4106 len=360
[cspcla 19:10:21 pid=341729 tid=140650056472256] ✓ TX SUCCESS tx_id=4106 dst_csp=2:10 bytes=360 (all ACKs received)
[cspcla 19:10:21 pid=341729 tid=140650056472256] outbound_pdu callback link_id=2 tx_id=4107 len=360
[cspcla 19:10:21 pid=341729 tid=140650056472256] ✓ TX SUCCESS tx_id=4107 dst_csp=2:10 bytes=360 (all ACKs received)
[cspcla 19:10:21 pid=341729 tid=140650056472256] outbound_pdu callback link_id=2 tx_id=4108 len=360
[cspcla 19:10:21 pid=341729 tid=140650056472256] ✓ TX SUCCESS tx_id=4108 dst_csp=2:10 bytes=360 (all ACKs received)
[cspcla 19:10:21 pid=341729 tid=140650056472256] outbound_pdu callback link_id=2 tx_id=4109 len=360
[cspcla 19:10:22 pid=341729 tid=140650056472256] ✓ TX SUCCESS tx_id=4109 dst_csp=2:10 bytes=360 (all ACKs received)
[cspcla 19:10:22 pid=341729 tid=140650056472256] outbound_pdu callback link_id=2 tx_id=4110 len=360
[cspcla 19:10:22 pid=341729 tid=140650056472256] ✓ TX SUCCESS tx_id=4110 dst_csp=2:10 bytes=360 (all ACKs received)
[cspcla 19:10:23 pid=341729 tid=140650056472256] outbound_pdu callback link_id=2 tx_id=4111 len=360
[cspcla 19:10:23 pid=341729 tid=140650056472256] ✓ TX SUCCESS tx_id=4111 dst_csp=2:10 bytes=360 (all ACKs received)
[cspcla 19:10:23 pid=341729 tid=140650056472256] outbound_pdu callback link_id=2 tx_id=4112 len=360
[cspcla 19:10:23 pid=341729 tid=140650056472256] ✓ TX SUCCESS tx_id=4112 dst_csp=2:10 bytes=360 (all ACKs received)
[cspcla 19:10:23 pid=341729 tid=140650056472256] outbound_pdu callback link_id=2 tx_id=4113 len=360
[cspcla 19:10:23 pid=341729 tid=140650056472256] ✓ TX SUCCESS tx_id=4113 dst_csp=2:10 bytes=360 (all ACKs received)
[cspcla 19:10:23 pid=341729 tid=140650056472256] outbound_pdu callback link_id=2 tx_id=4114 len=360
[cspcla 19:10:23 pid=341729 tid=140650056472256] ✓ TX SUCCESS tx_id=4114 dst_csp=2:10 bytes=360 (all ACKs received)
[cspcla 19:10:23 pid=341729 tid=140650056472256] outbound_pdu callback link_id=2 tx_id=4115 len=360
[cspcla 19:10:24 pid=341729 tid=140650056472256] ✓ TX SUCCESS tx_id=4115 dst_csp=2:10 bytes=360 (all ACKs received)
[cspcla 19:10:24 pid=341729 tid=140650056472256] outbound_pdu callback link_id=2 tx_id=4116 len=360
[cspcla 19:10:24 pid=341729 tid=140650056472256] ✓ TX SUCCESS tx_id=4116 dst_csp=2:10 bytes=360 (all ACKs received)
[cspcla 19:10:24 pid=341729 tid=140650056472256] outbound_pdu callback link_id=2 tx_id=4117 len=360
[cspcla 19:10:24 pid=341729 tid=140650056472256] ✓ TX SUCCESS tx_id=4117 dst_csp=2:10 bytes=360 (all ACKs received)
[cspcla 19:10:24 pid=341729 tid=140650056472256] outbound_pdu callback link_id=2 tx_id=4118 len=360
[cspcla 19:10:24 pid=341729 tid=140650056472256] ✓ TX SUCCESS tx_id=4118 dst_csp=2:10 bytes=360 (all ACKs received)
[cspcla 19:10:24 pid=341729 tid=140650056472256] outbound_pdu callback link_id=2 tx_id=4119 len=360
[cspcla 19:10:25 pid=341729 tid=140650056472256] ✓ TX SUCCESS tx_id=4119 dst_csp=2:10 bytes=360 (all ACKs received)
[cspcla 19:10:25 pid=341729 tid=140650056472256] outbound_pdu callback link_id=2 tx_id=4120 len=360
[cspcla 19:10:25 pid=341729 tid=140650056472256] ✓ TX SUCCESS tx_id=4120 dst_csp=2:10 bytes=360 (all ACKs received)
[cspcla 19:10:26 pid=341729 tid=140650056472256] outbound_pdu callback link_id=2 tx_id=4121 len=360
[cspcla 19:10:26 pid=341729 tid=140650056472256] ✓ TX SUCCESS tx_id=4121 dst_csp=2:10 bytes=360 (all ACKs received)
[cspcla 19:10:26 pid=341729 tid=140650056472256] outbound_pdu callback link_id=2 tx_id=4122 len=360
[cspcla 19:10:26 pid=341729 tid=140650056472256] ✓ TX SUCCESS tx_id=4122 dst_csp=2:10 bytes=360 (all ACKs received)
[cspcla 19:10:26 pid=341729 tid=140650056472256] outbound_pdu callback link_id=2 tx_id=4123 len=360
[cspcla 19:10:26 pid=341729 tid=140650056472256] ✓ TX SUCCESS tx_id=4123 dst_csp=2:10 bytes=360 (all ACKs received)
[cspcla 19:10:26 pid=341729 tid=140650056472256] outbound_pdu callback link_id=2 tx_id=4124 len=360
[cspcla 19:10:26 pid=341729 tid=140650056472256] ✓ TX SUCCESS tx_id=4124 dst_csp=2:10 bytes=360 (all ACKs received)
[cspcla 19:10:26 pid=341729 tid=140650056472256] outbound_pdu callback link_id=2 tx_id=4125 len=360
[cspcla 19:10:27 pid=341729 tid=140650056472256] ✓ TX SUCCESS tx_id=4125 dst_csp=2:10 bytes=360 (all ACKs received)
[cspcla 19:10:27 pid=341729 tid=140650056472256] outbound_pdu callback link_id=2 tx_id=4126 len=360
[cspcla 19:10:27 pid=341729 tid=140650056472256] ✓ TX SUCCESS tx_id=4126 dst_csp=2:10 bytes=360 (all ACKs received)
[cspcla 19:10:27 pid=341729 tid=140650056472256] outbound_pdu callback link_id=2 tx_id=4127 len=360
[cspcla 19:10:27 pid=341729 tid=140650056472256] ✓ TX SUCCESS tx_id=4127 dst_csp=2:10 bytes=360 (all ACKs received)
[cspcla 19:10:27 pid=341729 tid=140650056472256] outbound_pdu callback link_id=2 tx_id=4128 len=360
[cspcla 19:10:27 pid=341729 tid=140650056472256] ✓ TX SUCCESS tx_id=4128 dst_csp=2:10 bytes=360 (all ACKs received)
[cspcla 19:10:27 pid=341729 tid=140650056472256] outbound_pdu callback link_id=2 tx_id=4129 len=360
[cspcla 19:10:28 pid=341729 tid=140650056472256] ✓ TX SUCCESS tx_id=4129 dst_csp=2:10 bytes=360 (all ACKs received)
[cspcla 19:10:28 pid=341729 tid=140650056472256] outbound_pdu callback link_id=2 tx_id=4130 len=360
[cspcla 19:10:28 pid=341729 tid=140650056472256] ✓ TX SUCCESS tx_id=4130 dst_csp=2:10 bytes=360 (all ACKs received)
[cspcla 19:10:29 pid=341729 tid=140650056472256] outbound_pdu callback link_id=2 tx_id=4131 len=360
[cspcla 19:10:29 pid=341729 tid=140650056472256] ✓ TX SUCCESS tx_id=4131 dst_csp=2:10 bytes=360 (all ACKs received)
[cspcla 19:10:29 pid=341729 tid=140650056472256] outbound_pdu callback link_id=2 tx_id=4132 len=360
[cspcla 19:10:29 pid=341729 tid=140650056472256] ✓ TX SUCCESS tx_id=4132 dst_csp=2:10 bytes=360 (all ACKs received)
[cspcla 19:10:29 pid=341729 tid=140650056472256] outbound_pdu callback link_id=2 tx_id=4133 len=360
[cspcla 19:10:29 pid=341729 tid=140650056472256] ✓ TX SUCCESS tx_id=4133 dst_csp=2:10 bytes=360 (all ACKs received)
[cspcla 19:10:29 pid=341729 tid=140650056472256] outbound_pdu callback link_id=2 tx_id=4134 len=360
[cspcla 19:10:29 pid=341729 tid=140650056472256] ✓ TX SUCCESS tx_id=4134 dst_csp=2:10 bytes=360 (all ACKs received)
[cspcla 19:10:29 pid=341729 tid=140650056472256] outbound_pdu callback link_id=2 tx_id=4135 len=360
[cspcla 19:10:30 pid=341729 tid=140650056472256] ✓ TX SUCCESS tx_id=4135 dst_csp=2:10 bytes=360 (all ACKs received)
[cspcla 19:10:30 pid=341729 tid=140650056472256] outbound_pdu callback link_id=2 tx_id=4136 len=360
[cspcla 19:10:30 pid=341729 tid=140650056472256] ✓ TX SUCCESS tx_id=4136 dst_csp=2:10 bytes=360 (all ACKs received)
[cspcla 19:10:30 pid=341729 tid=140650056472256] outbound_pdu callback link_id=2 tx_id=4137 len=360
[cspcla 19:10:30 pid=341729 tid=140650056472256] ✓ TX SUCCESS tx_id=4137 dst_csp=2:10 bytes=360 (all ACKs received)
[cspcla 19:10:30 pid=341729 tid=140650056472256] outbound_pdu callback link_id=2 tx_id=4138 len=360
[cspcla 19:10:30 pid=341729 tid=140650056472256] ✓ TX SUCCESS tx_id=4138 dst_csp=2:10 bytes=360 (all ACKs received)
[cspcla 19:10:30 pid=341729 tid=140650056472256] outbound_pdu callback link_id=2 tx_id=4139 len=360
[cspcla 19:10:31 pid=341729 tid=140650056472256] ✓ TX SUCCESS tx_id=4139 dst_csp=2:10 bytes=360 (all ACKs received)
[cspcla 19:10:31 pid=341729 tid=140650056472256] outbound_pdu callback link_id=2 tx_id=4140 len=360
[cspcla 19:10:31 pid=341729 tid=140650056472256] ✓ TX SUCCESS tx_id=4140 dst_csp=2:10 bytes=360 (all ACKs received)
[cspcla 19:10:32 pid=341729 tid=140650056472256] outbound_pdu callback link_id=2 tx_id=4141 len=360
[cspcla 19:10:32 pid=341729 tid=140650056472256] ✓ TX SUCCESS tx_id=4141 dst_csp=2:10 bytes=360 (all ACKs received)
[cspcla 19:10:32 pid=341729 tid=140650056472256] outbound_pdu callback link_id=2 tx_id=4142 len=360
[cspcla 19:10:32 pid=341729 tid=140650056472256] ✓ TX SUCCESS tx_id=4142 dst_csp=2:10 bytes=360 (all ACKs received)
[cspcla 19:10:32 pid=341729 tid=140650056472256] outbound_pdu callback link_id=2 tx_id=4143 len=360
[cspcla 19:10:32 pid=341729 tid=140650056472256] ✓ TX SUCCESS tx_id=4143 dst_csp=2:10 bytes=360 (all ACKs received)
[cspcla 19:10:32 pid=341729 tid=140650056472256] outbound_pdu callback link_id=2 tx_id=4144 len=360
[cspcla 19:10:32 pid=341729 tid=140650056472256] ✓ TX SUCCESS tx_id=4144 dst_csp=2:10 bytes=360 (all ACKs received)
[cspcla 19:10:32 pid=341729 tid=140650056472256] outbound_pdu callback link_id=2 tx_id=4145 len=360
[cspcla 19:10:32 pid=341729 tid=140650056472256] ✓ TX SUCCESS tx_id=4145 dst_csp=2:10 bytes=360 (all ACKs received)
[cspcla 19:10:32 pid=341729 tid=140650056472256] outbound_pdu callback link_id=2 tx_id=4146 len=360
[cspcla 19:10:33 pid=341729 tid=140650056472256] ✓ TX SUCCESS tx_id=4146 dst_csp=2:10 bytes=360 (all ACKs received)
[cspcla 19:10:33 pid=341729 tid=140650056472256] outbound_pdu callback link_id=2 tx_id=4147 len=360
[cspcla 19:10:33 pid=341729 tid=140650056472256] ✓ TX SUCCESS tx_id=4147 dst_csp=2:10 bytes=360 (all ACKs received)
[cspcla 19:10:33 pid=341729 tid=140650056472256] outbound_pdu callback link_id=2 tx_id=4148 len=360
[cspcla 19:10:33 pid=341729 tid=140650056472256] ✓ TX SUCCESS tx_id=4148 dst_csp=2:10 bytes=360 (all ACKs received)
[cspcla 19:10:33 pid=341729 tid=140650056472256] outbound_pdu callback link_id=2 tx_id=4149 len=360
[cspcla 19:10:34 pid=341729 tid=140650056472256] ✓ TX SUCCESS tx_id=4149 dst_csp=2:10 bytes=360 (all ACKs received)
[cspcla 19:10:34 pid=341729 tid=140650056472256] outbound_pdu callback link_id=2 tx_id=4150 len=360
[cspcla 19:10:34 pid=341729 tid=140650056472256] ✓ TX SUCCESS tx_id=4150 dst_csp=2:10 bytes=360 (all ACKs received)
[cspcla 19:10:35 pid=341729 tid=140650056472256] outbound_pdu callback link_id=2 tx_id=4151 len=360
[cspcla 19:10:35 pid=341729 tid=140650056472256] ✓ TX SUCCESS tx_id=4151 dst_csp=2:10 bytes=360 (all ACKs received)
[cspcla 19:10:35 pid=341729 tid=140650056472256] outbound_pdu callback link_id=2 tx_id=4152 len=360
[cspcla 19:10:35 pid=341729 tid=140650056472256] ✓ TX SUCCESS tx_id=4152 dst_csp=2:10 bytes=360 (all ACKs received)
[cspcla 19:10:35 pid=341729 tid=140650056472256] outbound_pdu callback link_id=2 tx_id=4153 len=360
[cspcla 19:10:35 pid=341729 tid=140650056472256] ✓ TX SUCCESS tx_id=4153 dst_csp=2:10 bytes=360 (all ACKs received)
[cspcla 19:10:35 pid=341729 tid=140650056472256] outbound_pdu callback link_id=2 tx_id=4154 len=360
[cspcla 19:10:35 pid=341729 tid=140650056472256] ✓ TX SUCCESS tx_id=4154 dst_csp=2:10 bytes=360 (all ACKs received)
[cspcla 19:10:35 pid=341729 tid=140650056472256] outbound_pdu callback link_id=2 tx_id=4155 len=360
[cspcla 19:10:36 pid=341729 tid=140650056472256] ✓ TX SUCCESS tx_id=4155 dst_csp=2:10 bytes=360 (all ACKs received)
[cspcla 19:10:36 pid=341729 tid=140650056472256] outbound_pdu callback link_id=2 tx_id=4156 len=360
[cspcla 19:10:36 pid=341729 tid=140650056472256] ✓ TX SUCCESS tx_id=4156 dst_csp=2:10 bytes=360 (all ACKs received)
[cspcla 19:10:36 pid=341729 tid=140650056472256] outbound_pdu callback link_id=2 tx_id=4157 len=360
[cspcla 19:10:36 pid=341729 tid=140650056472256] ✓ TX SUCCESS tx_id=4157 dst_csp=2:10 bytes=360 (all ACKs received)
[cspcla 19:10:36 pid=341729 tid=140650056472256] outbound_pdu callback link_id=2 tx_id=4158 len=360
[cspcla 19:10:36 pid=341729 tid=140650056472256] ✓ TX SUCCESS tx_id=4158 dst_csp=2:10 bytes=360 (all ACKs received)
[cspcla 19:10:36 pid=341729 tid=140650056472256] outbound_pdu callback link_id=2 tx_id=4159 len=360
[cspcla 19:10:37 pid=341729 tid=140650056472256] ✓ TX SUCCESS tx_id=4159 dst_csp=2:10 bytes=360 (all ACKs received)
[cspcla 19:10:37 pid=341729 tid=140650056472256] outbound_pdu callback link_id=2 tx_id=4160 len=360
[cspcla 19:10:37 pid=341729 tid=140650056472256] ✓ TX SUCCESS tx_id=4160 dst_csp=2:10 bytes=360 (all ACKs received)
[cspcla 19:10:38 pid=341729 tid=140650056472256] outbound_pdu callback link_id=2 tx_id=4161 len=360
[cspcla 19:10:38 pid=341729 tid=140650056472256] ✓ TX SUCCESS tx_id=4161 dst_csp=2:10 bytes=360 (all ACKs received)
[cspcla 19:10:38 pid=341729 tid=140650056472256] outbound_pdu callback link_id=2 tx_id=4162 len=360
[cspcla 19:10:38 pid=341729 tid=140650056472256] ✓ TX SUCCESS tx_id=4162 dst_csp=2:10 bytes=360 (all ACKs received)
[cspcla 19:10:38 pid=341729 tid=140650056472256] outbound_pdu callback link_id=2 tx_id=4163 len=360
[cspcla 19:10:38 pid=341729 tid=140650056472256] ✓ TX SUCCESS tx_id=4163 dst_csp=2:10 bytes=360 (all ACKs received)
[cspcla 19:10:38 pid=341729 tid=140650056472256] outbound_pdu callback link_id=2 tx_id=4164 len=360
[cspcla 19:10:38 pid=341729 tid=140650056472256] ✓ TX SUCCESS tx_id=4164 dst_csp=2:10 bytes=360 (all ACKs received)
[cspcla 19:10:38 pid=341729 tid=140650056472256] outbound_pdu callback link_id=2 tx_id=4165 len=360
[cspcla 19:10:39 pid=341729 tid=140650056472256] ✓ TX SUCCESS tx_id=4165 dst_csp=2:10 bytes=360 (all ACKs received)
[cspcla 19:10:39 pid=341729 tid=140650056472256] outbound_pdu callback link_id=2 tx_id=4166 len=360
[cspcla 19:10:39 pid=341729 tid=140650056472256] ✓ TX SUCCESS tx_id=4166 dst_csp=2:10 bytes=360 (all ACKs received)
[cspcla 19:10:39 pid=341729 tid=140650056472256] outbound_pdu callback link_id=2 tx_id=4167 len=360
[cspcla 19:10:39 pid=341729 tid=140650056472256] ✓ TX SUCCESS tx_id=4167 dst_csp=2:10 bytes=360 (all ACKs received)
[cspcla 19:10:39 pid=341729 tid=140650056472256] outbound_pdu callback link_id=2 tx_id=4168 len=360
[cspcla 19:10:39 pid=341729 tid=140650056472256] ✓ TX SUCCESS tx_id=4168 dst_csp=2:10 bytes=360 (all ACKs received)
[cspcla 19:10:39 pid=341729 tid=140650056472256] outbound_pdu callback link_id=2 tx_id=4169 len=360
[cspcla 19:10:40 pid=341729 tid=140650056472256] ✓ TX SUCCESS tx_id=4169 dst_csp=2:10 bytes=360 (all ACKs received)
[cspcla 19:10:40 pid=341729 tid=140650056472256] outbound_pdu callback link_id=2 tx_id=4170 len=360
[cspcla 19:10:40 pid=341729 tid=140650056472256] ✓ TX SUCCESS tx_id=4170 dst_csp=2:10 bytes=360 (all ACKs received)
[cspcla 19:10:41 pid=341729 tid=140650056472256] outbound_pdu callback link_id=2 tx_id=4171 len=360
[cspcla 19:10:41 pid=341729 tid=140650056472256] ✓ TX SUCCESS tx_id=4171 dst_csp=2:10 bytes=360 (all ACKs received)
[cspcla 19:10:41 pid=341729 tid=140650056472256] outbound_pdu callback link_id=2 tx_id=4172 len=360
[cspcla 19:10:41 pid=341729 tid=140650056472256] ✓ TX SUCCESS tx_id=4172 dst_csp=2:10 bytes=360 (all ACKs received)
[cspcla 19:10:41 pid=341729 tid=140650056472256] outbound_pdu callback link_id=2 tx_id=4173 len=360
[cspcla 19:10:41 pid=341729 tid=140650056472256] ✓ TX SUCCESS tx_id=4173 dst_csp=2:10 bytes=360 (all ACKs received)
[cspcla 19:10:41 pid=341729 tid=140650056472256] outbound_pdu callback link_id=2 tx_id=4174 len=360
[cspcla 19:10:41 pid=341729 tid=140650056472256] ✓ TX SUCCESS tx_id=4174 dst_csp=2:10 bytes=360 (all ACKs received)
[cspcla 19:10:41 pid=341729 tid=140650056472256] outbound_pdu callback link_id=2 tx_id=4175 len=360
[cspcla 19:10:42 pid=341729 tid=140650056472256] ✓ TX SUCCESS tx_id=4175 dst_csp=2:10 bytes=360 (all ACKs received)
[cspcla 19:10:42 pid=341729 tid=140650056472256] outbound_pdu callback link_id=2 tx_id=4176 len=360
[cspcla 19:10:42 pid=341729 tid=140650056472256] ✓ TX SUCCESS tx_id=4176 dst_csp=2:10 bytes=360 (all ACKs received)
[cspcla 19:10:42 pid=341729 tid=140650056472256] outbound_pdu callback link_id=2 tx_id=4177 len=360
[cspcla 19:10:42 pid=341729 tid=140650056472256] ✓ TX SUCCESS tx_id=4177 dst_csp=2:10 bytes=360 (all ACKs received)
[cspcla 19:10:42 pid=341729 tid=140650056472256] outbound_pdu callback link_id=2 tx_id=4178 len=360
[cspcla 19:10:42 pid=341729 tid=140650056472256] ✓ TX SUCCESS tx_id=4178 dst_csp=2:10 bytes=360 (all ACKs received)
[cspcla 19:10:42 pid=341729 tid=140650056472256] outbound_pdu callback link_id=2 tx_id=4179 len=360
[cspcla 19:10:43 pid=341729 tid=140650056472256] ✓ TX SUCCESS tx_id=4179 dst_csp=2:10 bytes=360 (all ACKs received)
[cspcla 19:10:43 pid=341729 tid=140650056472256] outbound_pdu callback link_id=2 tx_id=4180 len=360
[cspcla 19:10:43 pid=341729 tid=140650056472256] ✓ TX SUCCESS tx_id=4180 dst_csp=2:10 bytes=360 (all ACKs received)
[cspcla 19:10:44 pid=341729 tid=140650056472256] outbound_pdu callback link_id=2 tx_id=4181 len=360
[cspcla 19:10:44 pid=341729 tid=140650056472256] ✓ TX SUCCESS tx_id=4181 dst_csp=2:10 bytes=360 (all ACKs received)
[cspcla 19:10:44 pid=341729 tid=140650056472256] outbound_pdu callback link_id=2 tx_id=4182 len=360
[cspcla 19:10:44 pid=341729 tid=140650056472256] ✓ TX SUCCESS tx_id=4182 dst_csp=2:10 bytes=360 (all ACKs received)
[cspcla 19:10:44 pid=341729 tid=140650056472256] outbound_pdu callback link_id=2 tx_id=4183 len=360
[cspcla 19:10:44 pid=341729 tid=140650056472256] ✓ TX SUCCESS tx_id=4183 dst_csp=2:10 bytes=360 (all ACKs received)
[cspcla 19:10:44 pid=341729 tid=140650056472256] outbound_pdu callback link_id=2 tx_id=4184 len=360
[cspcla 19:10:44 pid=341729 tid=140650056472256] ✓ TX SUCCESS tx_id=4184 dst_csp=2:10 bytes=360 (all ACKs received)
[cspcla 19:10:44 pid=341729 tid=140650056472256] outbound_pdu callback link_id=2 tx_id=4185 len=360
[cspcla 19:10:44 pid=341729 tid=140650056472256] ✓ TX SUCCESS tx_id=4185 dst_csp=2:10 bytes=360 (all ACKs received)
[cspcla 19:10:44 pid=341729 tid=140650056472256] outbound_pdu callback link_id=2 tx_id=4186 len=360
[cspcla 19:10:45 pid=341729 tid=140650056472256] ✓ TX SUCCESS tx_id=4186 dst_csp=2:10 bytes=360 (all ACKs received)
[cspcla 19:10:45 pid=341729 tid=140650056472256] outbound_pdu callback link_id=2 tx_id=4187 len=360
[cspcla 19:10:45 pid=341729 tid=140650056472256] ✓ TX SUCCESS tx_id=4187 dst_csp=2:10 bytes=360 (all ACKs received)
[cspcla 19:10:45 pid=341729 tid=140650056472256] outbound_pdu callback link_id=2 tx_id=4188 len=360
[cspcla 19:10:45 pid=341729 tid=140650056472256] ✓ TX SUCCESS tx_id=4188 dst_csp=2:10 bytes=360 (all ACKs received)
[cspcla 19:10:45 pid=341729 tid=140650056472256] outbound_pdu callback link_id=2 tx_id=4189 len=360
[cspcla 19:10:46 pid=341729 tid=140650056472256] ✓ TX SUCCESS tx_id=4189 dst_csp=2:10 bytes=360 (all ACKs received)
[cspcla 19:10:46 pid=341729 tid=140650056472256] outbound_pdu callback link_id=2 tx_id=4190 len=360
[cspcla 19:10:46 pid=341729 tid=140650056472256] ✓ TX SUCCESS tx_id=4190 dst_csp=2:10 bytes=360 (all ACKs received)
[cspcla 19:10:47 pid=341729 tid=140650056472256] outbound_pdu callback link_id=2 tx_id=4191 len=360
[cspcla 19:10:47 pid=341729 tid=140650056472256] ✓ TX SUCCESS tx_id=4191 dst_csp=2:10 bytes=360 (all ACKs received)
[cspcla 19:10:47 pid=341729 tid=140650056472256] outbound_pdu callback link_id=2 tx_id=4192 len=360
[cspcla 19:10:47 pid=341729 tid=140650056472256] ✓ TX SUCCESS tx_id=4192 dst_csp=2:10 bytes=360 (all ACKs received)
[cspcla 19:10:47 pid=341729 tid=140650056472256] outbound_pdu callback link_id=2 tx_id=4193 len=360
[cspcla 19:10:47 pid=341729 tid=140650056472256] ✓ TX SUCCESS tx_id=4193 dst_csp=2:10 bytes=360 (all ACKs received)
[cspcla 19:10:47 pid=341729 tid=140650056472256] outbound_pdu callback link_id=2 tx_id=4194 len=360
[cspcla 19:10:47 pid=341729 tid=140650056472256] ✓ TX SUCCESS tx_id=4194 dst_csp=2:10 bytes=360 (all ACKs received)
[cspcla 19:10:47 pid=341729 tid=140650056472256] outbound_pdu callback link_id=2 tx_id=4195 len=360
[cspcla 19:10:48 pid=341729 tid=140650056472256] ✓ TX SUCCESS tx_id=4195 dst_csp=2:10 bytes=360 (all ACKs received)
[cspcla 19:10:48 pid=341729 tid=140650056472256] outbound_pdu callback link_id=2 tx_id=4196 len=360
[cspcla 19:10:48 pid=341729 tid=140650056472256] ✓ TX SUCCESS tx_id=4196 dst_csp=2:10 bytes=360 (all ACKs received)
[cspcla 19:10:48 pid=341729 tid=140650056472256] outbound_pdu callback link_id=2 tx_id=4197 len=360
[cspcla 19:10:48 pid=341729 tid=140650056472256] ✓ TX SUCCESS tx_id=4197 dst_csp=2:10 bytes=360 (all ACKs received)
[cspcla 19:10:48 pid=341729 tid=140650056472256] outbound_pdu callback link_id=2 tx_id=4198 len=360
[cspcla 19:10:48 pid=341729 tid=140650056472256] ✓ TX SUCCESS tx_id=4198 dst_csp=2:10 bytes=360 (all ACKs received)
[cspcla 19:10:48 pid=341729 tid=140650056472256] outbound_pdu callback link_id=2 tx_id=4199 len=360
[cspcla 19:10:48 pid=341729 tid=140650056472256] ✓ TX SUCCESS tx_id=4199 dst_csp=2:10 bytes=360 (all ACKs received)
[cspcla 19:10:48 pid=341729 tid=140650056472256] outbound_pdu callback link_id=2 tx_id=4200 len=360
[cspcla 19:10:49 pid=341729 tid=140650056472256] ✓ TX SUCCESS tx_id=4200 dst_csp=2:10 bytes=360 (all ACKs received)
[cspcla 19:10:50 pid=341729 tid=140650056472256] outbound_pdu callback link_id=2 tx_id=4201 len=167
[cspcla 19:10:50 pid=341729 tid=140650056472256] ✓ TX SUCCESS tx_id=4201 dst_csp=2:10 bytes=167 (all ACKs received)
[cspcla 19:10:50 pid=341729 tid=140650056472256] outbound_pdu callback link_id=2 tx_id=4202 len=167
[cspcla 19:10:50 pid=341729 tid=140650056472256] ✓ TX SUCCESS tx_id=4202 dst_csp=2:10 bytes=167 (all ACKs received)
[cspcla 19:10:50 pid=341729 tid=140650056472256] outbound_pdu callback link_id=2 tx_id=4203 len=167
[cspcla 19:10:50 pid=341729 tid=140650056472256] ✓ TX SUCCESS tx_id=4203 dst_csp=2:10 bytes=167 (all ACKs received)
[cspcla 19:10:51 pid=341729 tid=140650056472256] outbound_pdu callback link_id=2 tx_id=4204 len=167
[cspcla 19:10:51 pid=341729 tid=140650056472256] ✓ TX SUCCESS tx_id=4204 dst_csp=2:10 bytes=167 (all ACKs received)
[cspcla 19:10:51 pid=341729 tid=140650056472256] outbound_pdu callback link_id=2 tx_id=4205 len=167
[cspcla 19:10:51 pid=341729 tid=140650056472256] ✓ TX SUCCESS tx_id=4205 dst_csp=2:10 bytes=167 (all ACKs received)
[cspcla 19:10:51 pid=341729 tid=140650056472256] outbound_pdu callback link_id=2 tx_id=4206 len=167
[cspcla 19:10:51 pid=341729 tid=140650056472256] ✓ TX SUCCESS tx_id=4206 dst_csp=2:10 bytes=167 (all ACKs received)
[cspcla 19:10:52 pid=341729 tid=140650056472256] outbound_pdu callback link_id=2 tx_id=4207 len=167
[cspcla 19:10:52 pid=341729 tid=140650056472256] ✓ TX SUCCESS tx_id=4207 dst_csp=2:10 bytes=167 (all ACKs received)
[cspcla 19:10:52 pid=341729 tid=140650056472256] outbound_pdu callback link_id=2 tx_id=4208 len=167
[cspcla 19:10:52 pid=341729 tid=140650056472256] ✓ TX SUCCESS tx_id=4208 dst_csp=2:10 bytes=167 (all ACKs received)
[cspcla 19:10:52 pid=341729 tid=140650056472256] outbound_pdu callback link_id=2 tx_id=4209 len=167
[cspcla 19:10:52 pid=341729 tid=140650056472256] ✓ TX SUCCESS tx_id=4209 dst_csp=2:10 bytes=167 (all ACKs received)
[cspcla 19:10:53 pid=341729 tid=140650056472256] outbound_pdu callback link_id=2 tx_id=4210 len=167
[cspcla 19:10:53 pid=341729 tid=140650056472256] ✓ TX SUCCESS tx_id=4210 dst_csp=2:10 bytes=167 (all ACKs received)
[cspcla 19:10:53 pid=341729 tid=140650056472256] outbound_pdu callback link_id=2 tx_id=4211 len=167
[cspcla 19:10:53 pid=341729 tid=140650056472256] ✓ TX SUCCESS tx_id=4211 dst_csp=2:10 bytes=167 (all ACKs received)
[cspcla 19:10:53 pid=341729 tid=140650056472256] outbound_pdu callback link_id=2 tx_id=4212 len=167
[cspcla 19:10:53 pid=341729 tid=140650056472256] ✓ TX SUCCESS tx_id=4212 dst_csp=2:10 bytes=167 (all ACKs received)
[cspcla 19:10:54 pid=341729 tid=140650056472256] outbound_pdu callback link_id=2 tx_id=4213 len=167
[cspcla 19:10:54 pid=341729 tid=140650056472256] ✓ TX SUCCESS tx_id=4213 dst_csp=2:10 bytes=167 (all ACKs received)
[cspcla 19:10:54 pid=341729 tid=140650056472256] outbound_pdu callback link_id=2 tx_id=4214 len=167
[cspcla 19:10:54 pid=341729 tid=140650056472256] ✓ TX SUCCESS tx_id=4214 dst_csp=2:10 bytes=167 (all ACKs received)
[cspcla 19:10:54 pid=341729 tid=140650056472256] outbound_pdu callback link_id=2 tx_id=4215 len=167
[cspcla 19:10:54 pid=341729 tid=140650056472256] ✓ TX SUCCESS tx_id=4215 dst_csp=2:10 bytes=167 (all ACKs received)
[cspcla 19:10:55 pid=341729 tid=140650056472256] outbound_pdu callback link_id=2 tx_id=4216 len=167
[cspcla 19:10:55 pid=341729 tid=140650056472256] ✓ TX SUCCESS tx_id=4216 dst_csp=2:10 bytes=167 (all ACKs received)
[cspcla 19:10:55 pid=341729 tid=140650056472256] outbound_pdu callback link_id=2 tx_id=4217 len=167
[cspcla 19:10:55 pid=341729 tid=140650056472256] ✓ TX SUCCESS tx_id=4217 dst_csp=2:10 bytes=167 (all ACKs received)
[cspcla 19:10:55 pid=341729 tid=140650056472256] outbound_pdu callback link_id=2 tx_id=4218 len=167
[cspcla 19:10:55 pid=341729 tid=140650056472256] ✓ TX SUCCESS tx_id=4218 dst_csp=2:10 bytes=167 (all ACKs received)
[cspcla 19:10:56 pid=341729 tid=140650056472256] outbound_pdu callback link_id=2 tx_id=4219 len=167
[cspcla 19:10:56 pid=341729 tid=140650056472256] ✓ TX SUCCESS tx_id=4219 dst_csp=2:10 bytes=167 (all ACKs received)
[cspcla 19:10:56 pid=341729 tid=140650056472256] outbound_pdu callback link_id=2 tx_id=4220 len=167
[cspcla 19:10:56 pid=341729 tid=140650056472256] ✓ TX SUCCESS tx_id=4220 dst_csp=2:10 bytes=167 (all ACKs received)
[cspcla 19:10:56 pid=341729 tid=140650056472256] outbound_pdu callback link_id=2 tx_id=4221 len=167
[cspcla 19:10:56 pid=341729 tid=140650056472256] ✓ TX SUCCESS tx_id=4221 dst_csp=2:10 bytes=167 (all ACKs received)
[cspcla 19:10:57 pid=341729 tid=140650056472256] outbound_pdu callback link_id=2 tx_id=4222 len=167
[cspcla 19:10:57 pid=341729 tid=140650056472256] ✓ TX SUCCESS tx_id=4222 dst_csp=2:10 bytes=167 (all ACKs received)
[cspcla 19:10:57 pid=341729 tid=140650056472256] outbound_pdu callback link_id=2 tx_id=4223 len=167
[cspcla 19:10:57 pid=341729 tid=140650056472256] ✓ TX SUCCESS tx_id=4223 dst_csp=2:10 bytes=167 (all ACKs received)
[cspcla 19:10:57 pid=341729 tid=140650056472256] outbound_pdu callback link_id=2 tx_id=4224 len=167
[cspcla 19:10:57 pid=341729 tid=140650056472256] ✓ TX SUCCESS tx_id=4224 dst_csp=2:10 bytes=167 (all ACKs received)
[cspcla 19:10:58 pid=341729 tid=140650056472256] outbound_pdu callback link_id=2 tx_id=4225 len=167
[cspcla 19:10:58 pid=341729 tid=140650056472256] ✓ TX SUCCESS tx_id=4225 dst_csp=2:10 bytes=167 (all ACKs received)
[cspcla 19:10:58 pid=341729 tid=140650056472256] outbound_pdu callback link_id=2 tx_id=4226 len=167
[cspcla 19:10:58 pid=341729 tid=140650056472256] ✓ TX SUCCESS tx_id=4226 dst_csp=2:10 bytes=167 (all ACKs received)
[cspcla 19:10:58 pid=341729 tid=140650056472256] outbound_pdu callback link_id=2 tx_id=4227 len=167
[cspcla 19:10:58 pid=341729 tid=140650056472256] ✓ TX SUCCESS tx_id=4227 dst_csp=2:10 bytes=167 (all ACKs received)
[cspcla 19:10:59 pid=341729 tid=140650056472256] outbound_pdu callback link_id=2 tx_id=4228 len=167
[cspcla 19:10:59 pid=341729 tid=140650056472256] ✓ TX SUCCESS tx_id=4228 dst_csp=2:10 bytes=167 (all ACKs received)
[cspcla 19:10:59 pid=341729 tid=140650056472256] outbound_pdu callback link_id=2 tx_id=4229 len=167
[cspcla 19:10:59 pid=341729 tid=140650056472256] ✓ TX SUCCESS tx_id=4229 dst_csp=2:10 bytes=167 (all ACKs received)
[cspcla 19:10:59 pid=341729 tid=140650056472256] outbound_pdu callback link_id=2 tx_id=4230 len=167
[cspcla 19:10:59 pid=341729 tid=140650056472256] ✓ TX SUCCESS tx_id=4230 dst_csp=2:10 bytes=167 (all ACKs received)
[cspcla 19:11:00 pid=341729 tid=140650056472256] outbound_pdu callback link_id=2 tx_id=4231 len=167
[cspcla 19:11:00 pid=341729 tid=140650056472256] ✓ TX SUCCESS tx_id=4231 dst_csp=2:10 bytes=167 (all ACKs received)
[cspcla 19:11:00 pid=341729 tid=140650056472256] outbound_pdu callback link_id=2 tx_id=4232 len=167
[cspcla 19:11:00 pid=341729 tid=140650056472256] ✓ TX SUCCESS tx_id=4232 dst_csp=2:10 bytes=167 (all ACKs received)
[cspcla 19:11:00 pid=341729 tid=140650056472256] outbound_pdu callback link_id=2 tx_id=4233 len=167
[cspcla 19:11:00 pid=341729 tid=140650056472256] ✓ TX SUCCESS tx_id=4233 dst_csp=2:10 bytes=167 (all ACKs received)
[cspcla 19:11:01 pid=341729 tid=140650056472256] outbound_pdu callback link_id=2 tx_id=4234 len=167
[cspcla 19:11:01 pid=341729 tid=140650056472256] ✓ TX SUCCESS tx_id=4234 dst_csp=2:10 bytes=167 (all ACKs received)
[cspcla 19:11:01 pid=341729 tid=140650056472256] outbound_pdu callback link_id=2 tx_id=4235 len=167
[cspcla 19:11:01 pid=341729 tid=140650056472256] ✓ TX SUCCESS tx_id=4235 dst_csp=2:10 bytes=167 (all ACKs received)
[cspcla 19:11:01 pid=341729 tid=140650056472256] outbound_pdu callback link_id=2 tx_id=4236 len=167
[cspcla 19:11:01 pid=341729 tid=140650056472256] ✓ TX SUCCESS tx_id=4236 dst_csp=2:10 bytes=167 (all ACKs received)
[cspcla 19:11:01 pid=341729 tid=140650056472256] outbound_pdu callback link_id=2 tx_id=4237 len=167
[cspcla 19:11:01 pid=341729 tid=140650056472256] ✓ TX SUCCESS tx_id=4237 dst_csp=2:10 bytes=167 (all ACKs received)
[cspcla 19:11:02 pid=341729 tid=140650056472256] outbound_pdu callback link_id=2 tx_id=4238 len=167
[cspcla 19:11:02 pid=341729 tid=140650056472256] ✓ TX SUCCESS tx_id=4238 dst_csp=2:10 bytes=167 (all ACKs received)
[cspcla 19:11:02 pid=341729 tid=140650056472256] outbound_pdu callback link_id=2 tx_id=4239 len=167
[cspcla 19:11:02 pid=341729 tid=140650056472256] ✓ TX SUCCESS tx_id=4239 dst_csp=2:10 bytes=167 (all ACKs received)
[cspcla 19:11:02 pid=341729 tid=140650056472256] outbound_pdu callback link_id=2 tx_id=4240 len=167
[cspcla 19:11:02 pid=341729 tid=140650056472256] ✓ TX SUCCESS tx_id=4240 dst_csp=2:10 bytes=167 (all ACKs received)
[cspcla 19:11:03 pid=341729 tid=140650056472256] outbound_pdu callback link_id=2 tx_id=4241 len=167
[cspcla 19:11:03 pid=341729 tid=140650056472256] ✓ TX SUCCESS tx_id=4241 dst_csp=2:10 bytes=167 (all ACKs received)
[cspcla 19:11:03 pid=341729 tid=140650056472256] outbound_pdu callback link_id=2 tx_id=4242 len=167
[cspcla 19:11:03 pid=341729 tid=140650056472256] ✓ TX SUCCESS tx_id=4242 dst_csp=2:10 bytes=167 (all ACKs received)
[cspcla 19:11:03 pid=341729 tid=140650056472256] outbound_pdu callback link_id=2 tx_id=4243 len=167
[cspcla 19:11:03 pid=341729 tid=140650056472256] ✓ TX SUCCESS tx_id=4243 dst_csp=2:10 bytes=167 (all ACKs received)
[cspcla 19:11:04 pid=341729 tid=140650056472256] outbound_pdu callback link_id=2 tx_id=4244 len=167
[cspcla 19:11:04 pid=341729 tid=140650056472256] ✓ TX SUCCESS tx_id=4244 dst_csp=2:10 bytes=167 (all ACKs received)
[cspcla 19:11:04 pid=341729 tid=140650056472256] outbound_pdu callback link_id=2 tx_id=4245 len=167
[cspcla 19:11:04 pid=341729 tid=140650056472256] ✓ TX SUCCESS tx_id=4245 dst_csp=2:10 bytes=167 (all ACKs received)
[cspcla 19:11:04 pid=341729 tid=140650056472256] outbound_pdu callback link_id=2 tx_id=4246 len=167
[cspcla 19:11:04 pid=341729 tid=140650056472256] ✓ TX SUCCESS tx_id=4246 dst_csp=2:10 bytes=167 (all ACKs received)
[cspcla 19:11:05 pid=341729 tid=140650056472256] outbound_pdu callback link_id=2 tx_id=4247 len=167
[cspcla 19:11:05 pid=341729 tid=140650056472256] ✓ TX SUCCESS tx_id=4247 dst_csp=2:10 bytes=167 (all ACKs received)
[cspcla 19:11:05 pid=341729 tid=140650056472256] outbound_pdu callback link_id=2 tx_id=4248 len=167
[cspcla 19:11:05 pid=341729 tid=140650056472256] ✓ TX SUCCESS tx_id=4248 dst_csp=2:10 bytes=167 (all ACKs received)
[cspcla 19:11:05 pid=341729 tid=140650056472256] outbound_pdu callback link_id=2 tx_id=4249 len=167
[cspcla 19:11:05 pid=341729 tid=140650056472256] ✓ TX SUCCESS tx_id=4249 dst_csp=2:10 bytes=167 (all ACKs received)
[cspcla 19:11:06 pid=341729 tid=140650056472256] outbound_pdu callback link_id=2 tx_id=4250 len=167
[cspcla 19:11:06 pid=341729 tid=140650056472256] ✓ TX SUCCESS tx_id=4250 dst_csp=2:10 bytes=167 (all ACKs received)
[cspcla 19:11:06 pid=341729 tid=140650056472256] outbound_pdu callback link_id=2 tx_id=4251 len=167
[cspcla 19:11:06 pid=341729 tid=140650056472256] ✓ TX SUCCESS tx_id=4251 dst_csp=2:10 bytes=167 (all ACKs received)
[cspcla 19:11:06 pid=341729 tid=140650056472256] outbound_pdu callback link_id=2 tx_id=4252 len=167
[cspcla 19:11:06 pid=341729 tid=140650056472256] ✓ TX SUCCESS tx_id=4252 dst_csp=2:10 bytes=167 (all ACKs received)
[cspcla 19:11:07 pid=341729 tid=140650056472256] outbound_pdu callback link_id=2 tx_id=4253 len=167
[cspcla 19:11:07 pid=341729 tid=140650056472256] ✓ TX SUCCESS tx_id=4253 dst_csp=2:10 bytes=167 (all ACKs received)
[cspcla 19:11:07 pid=341729 tid=140650056472256] outbound_pdu callback link_id=2 tx_id=4254 len=167
[cspcla 19:11:07 pid=341729 tid=140650056472256] ✓ TX SUCCESS tx_id=4254 dst_csp=2:10 bytes=167 (all ACKs received)
[cspcla 19:11:07 pid=341729 tid=140650056472256] outbound_pdu callback link_id=2 tx_id=4255 len=167
[cspcla 19:11:07 pid=341729 tid=140650056472256] ✓ TX SUCCESS tx_id=4255 dst_csp=2:10 bytes=167 (all ACKs received)
[cspcla 19:11:08 pid=341729 tid=140650056472256] outbound_pdu callback link_id=2 tx_id=4256 len=167
[cspcla 19:11:08 pid=341729 tid=140650056472256] ✓ TX SUCCESS tx_id=4256 dst_csp=2:10 bytes=167 (all ACKs received)
[cspcla 19:11:08 pid=341729 tid=140650056472256] outbound_pdu callback link_id=2 tx_id=4257 len=167
[cspcla 19:11:08 pid=341729 tid=140650056472256] ✓ TX SUCCESS tx_id=4257 dst_csp=2:10 bytes=167 (all ACKs received)
[cspcla 19:11:08 pid=341729 tid=140650056472256] outbound_pdu callback link_id=2 tx_id=4258 len=167
[cspcla 19:11:08 pid=341729 tid=140650056472256] ✓ TX SUCCESS tx_id=4258 dst_csp=2:10 bytes=167 (all ACKs received)
[cspcla 19:11:09 pid=341729 tid=140650056472256] outbound_pdu callback link_id=2 tx_id=4259 len=167
[cspcla 19:11:09 pid=341729 tid=140650056472256] ✓ TX SUCCESS tx_id=4259 dst_csp=2:10 bytes=167 (all ACKs received)
[cspcla 19:11:09 pid=341729 tid=140650056472256] outbound_pdu callback link_id=2 tx_id=4260 len=167
[cspcla 19:11:09 pid=341729 tid=140650056472256] ✓ TX SUCCESS tx_id=4260 dst_csp=2:10 bytes=167 (all ACKs received)
[cspcla 19:11:09 pid=341729 tid=140650056472256] outbound_pdu callback link_id=2 tx_id=4261 len=167
[cspcla 19:11:09 pid=341729 tid=140650056472256] ✓ TX SUCCESS tx_id=4261 dst_csp=2:10 bytes=167 (all ACKs received)
[cspcla 19:11:10 pid=341729 tid=140650056472256] outbound_pdu callback link_id=2 tx_id=4262 len=167
[cspcla 19:11:10 pid=341729 tid=140650056472256] ✓ TX SUCCESS tx_id=4262 dst_csp=2:10 bytes=167 (all ACKs received)
[cspcla 19:11:10 pid=341729 tid=140650056472256] outbound_pdu callback link_id=2 tx_id=4263 len=167
[cspcla 19:11:10 pid=341729 tid=140650056472256] ✓ TX SUCCESS tx_id=4263 dst_csp=2:10 bytes=167 (all ACKs received)
[cspcla 19:11:10 pid=341729 tid=140650056472256] outbound_pdu callback link_id=2 tx_id=4264 len=167
[cspcla 19:11:10 pid=341729 tid=140650056472256] ✓ TX SUCCESS tx_id=4264 dst_csp=2:10 bytes=167 (all ACKs received)
[cspcla 19:11:11 pid=341729 tid=140650056472256] outbound_pdu callback link_id=2 tx_id=4265 len=167
[cspcla 19:11:11 pid=341729 tid=140650056472256] ✓ TX SUCCESS tx_id=4265 dst_csp=2:10 bytes=167 (all ACKs received)
[cspcla 19:11:11 pid=341729 tid=140650056472256] outbound_pdu callback link_id=2 tx_id=4266 len=167
[cspcla 19:11:11 pid=341729 tid=140650056472256] ✓ TX SUCCESS tx_id=4266 dst_csp=2:10 bytes=167 (all ACKs received)
[cspcla 19:11:11 pid=341729 tid=140650056472256] outbound_pdu callback link_id=2 tx_id=4267 len=167
[cspcla 19:11:11 pid=341729 tid=140650056472256] ✓ TX SUCCESS tx_id=4267 dst_csp=2:10 bytes=167 (all ACKs received)
[cspcla 19:11:12 pid=341729 tid=140650056472256] outbound_pdu callback link_id=2 tx_id=4268 len=167
[cspcla 19:11:12 pid=341729 tid=140650056472256] ✓ TX SUCCESS tx_id=4268 dst_csp=2:10 bytes=167 (all ACKs received)
[cspcla 19:11:12 pid=341729 tid=140650056472256] outbound_pdu callback link_id=2 tx_id=4269 len=167
[cspcla 19:11:12 pid=341729 tid=140650056472256] ✓ TX SUCCESS tx_id=4269 dst_csp=2:10 bytes=167 (all ACKs received)
[cspcla 19:11:12 pid=341729 tid=140650056472256] outbound_pdu callback link_id=2 tx_id=4270 len=167
[cspcla 19:11:12 pid=341729 tid=140650056472256] ✓ TX SUCCESS tx_id=4270 dst_csp=2:10 bytes=167 (all ACKs received)
[cspcla 19:11:13 pid=341729 tid=140650056472256] outbound_pdu callback link_id=2 tx_id=4271 len=167
[cspcla 19:11:13 pid=341729 tid=140650056472256] ✓ TX SUCCESS tx_id=4271 dst_csp=2:10 bytes=167 (all ACKs received)
[cspcla 19:11:13 pid=341729 tid=140650056472256] outbound_pdu callback link_id=2 tx_id=4272 len=167
[cspcla 19:11:13 pid=341729 tid=140650056472256] ✓ TX SUCCESS tx_id=4272 dst_csp=2:10 bytes=167 (all ACKs received)
[cspcla 19:11:13 pid=341729 tid=140650056472256] outbound_pdu callback link_id=2 tx_id=4273 len=167
[cspcla 19:11:13 pid=341729 tid=140650056472256] ✓ TX SUCCESS tx_id=4273 dst_csp=2:10 bytes=167 (all ACKs received)
[cspcla 19:11:14 pid=341729 tid=140650056472256] outbound_pdu callback link_id=2 tx_id=4274 len=167
[cspcla 19:11:14 pid=341729 tid=140650056472256] ✓ TX SUCCESS tx_id=4274 dst_csp=2:10 bytes=167 (all ACKs received)
[cspcla 19:11:14 pid=341729 tid=140650056472256] outbound_pdu callback link_id=2 tx_id=4275 len=167
[cspcla 19:11:14 pid=341729 tid=140650056472256] ✓ TX SUCCESS tx_id=4275 dst_csp=2:10 bytes=167 (all ACKs received)
[cspcla 19:11:14 pid=341729 tid=140650056472256] outbound_pdu callback link_id=2 tx_id=4276 len=167
[cspcla 19:11:14 pid=341729 tid=140650056472256] ✓ TX SUCCESS tx_id=4276 dst_csp=2:10 bytes=167 (all ACKs received)
[cspcla 19:11:15 pid=341729 tid=140650056472256] outbound_pdu callback link_id=2 tx_id=4277 len=167
[cspcla 19:11:15 pid=341729 tid=140650056472256] ✓ TX SUCCESS tx_id=4277 dst_csp=2:10 bytes=167 (all ACKs received)
[cspcla 19:11:15 pid=341729 tid=140650056472256] outbound_pdu callback link_id=2 tx_id=4278 len=167
[cspcla 19:11:15 pid=341729 tid=140650056472256] ✓ TX SUCCESS tx_id=4278 dst_csp=2:10 bytes=167 (all ACKs received)
[cspcla 19:11:15 pid=341729 tid=140650056472256] outbound_pdu callback link_id=2 tx_id=4279 len=167
[cspcla 19:11:15 pid=341729 tid=140650056472256] ✓ TX SUCCESS tx_id=4279 dst_csp=2:10 bytes=167 (all ACKs received)
[cspcla 19:11:15 pid=341729 tid=140650056472256] outbound_pdu callback link_id=2 tx_id=4280 len=167
[cspcla 19:11:15 pid=341729 tid=140650056472256] ✓ TX SUCCESS tx_id=4280 dst_csp=2:10 bytes=167 (all ACKs received)
[cspcla 19:11:16 pid=341729 tid=140650056472256] outbound_pdu callback link_id=2 tx_id=4281 len=167
[cspcla 19:11:16 pid=341729 tid=140650056472256] ✓ TX SUCCESS tx_id=4281 dst_csp=2:10 bytes=167 (all ACKs received)
[cspcla 19:11:16 pid=341729 tid=140650056472256] outbound_pdu callback link_id=2 tx_id=4282 len=167
[cspcla 19:11:16 pid=341729 tid=140650056472256] ✓ TX SUCCESS tx_id=4282 dst_csp=2:10 bytes=167 (all ACKs received)
[cspcla 19:11:16 pid=341729 tid=140650056472256] outbound_pdu callback link_id=2 tx_id=4283 len=167
[cspcla 19:11:16 pid=341729 tid=140650056472256] ✓ TX SUCCESS tx_id=4283 dst_csp=2:10 bytes=167 (all ACKs received)
[cspcla 19:11:17 pid=341729 tid=140650056472256] outbound_pdu callback link_id=2 tx_id=4284 len=167
[cspcla 19:11:17 pid=341729 tid=140650056472256] ✓ TX SUCCESS tx_id=4284 dst_csp=2:10 bytes=167 (all ACKs received)
[cspcla 19:11:17 pid=341729 tid=140650056472256] outbound_pdu callback link_id=2 tx_id=4285 len=167
[cspcla 19:11:17 pid=341729 tid=140650056472256] ✓ TX SUCCESS tx_id=4285 dst_csp=2:10 bytes=167 (all ACKs received)
[cspcla 19:11:17 pid=341729 tid=140650056472256] outbound_pdu callback link_id=2 tx_id=4286 len=167
[cspcla 19:11:17 pid=341729 tid=140650056472256] ✓ TX SUCCESS tx_id=4286 dst_csp=2:10 bytes=167 (all ACKs received)
[cspcla 19:11:18 pid=341729 tid=140650056472256] outbound_pdu callback link_id=2 tx_id=4287 len=167
[cspcla 19:11:18 pid=341729 tid=140650056472256] ✓ TX SUCCESS tx_id=4287 dst_csp=2:10 bytes=167 (all ACKs received)
[cspcla 19:11:18 pid=341729 tid=140650056472256] outbound_pdu callback link_id=2 tx_id=4288 len=167
[cspcla 19:11:18 pid=341729 tid=140650056472256] ✓ TX SUCCESS tx_id=4288 dst_csp=2:10 bytes=167 (all ACKs received)
[cspcla 19:11:18 pid=341729 tid=140650056472256] outbound_pdu callback link_id=2 tx_id=4289 len=167
[cspcla 19:11:18 pid=341729 tid=140650056472256] ✓ TX SUCCESS tx_id=4289 dst_csp=2:10 bytes=167 (all ACKs received)
[cspcla 19:11:19 pid=341729 tid=140650056472256] outbound_pdu callback link_id=2 tx_id=4290 len=167
[cspcla 19:11:19 pid=341729 tid=140650056472256] ✓ TX SUCCESS tx_id=4290 dst_csp=2:10 bytes=167 (all ACKs received)
[cspcla 19:11:19 pid=341729 tid=140650056472256] outbound_pdu callback link_id=2 tx_id=4291 len=167
[cspcla 19:11:19 pid=341729 tid=140650056472256] ✓ TX SUCCESS tx_id=4291 dst_csp=2:10 bytes=167 (all ACKs received)
[cspcla 19:11:19 pid=341729 tid=140650056472256] outbound_pdu callback link_id=2 tx_id=4292 len=167
[cspcla 19:11:19 pid=341729 tid=140650056472256] ✓ TX SUCCESS tx_id=4292 dst_csp=2:10 bytes=167 (all ACKs received)
[cspcla 19:11:20 pid=341729 tid=140650056472256] outbound_pdu callback link_id=2 tx_id=4293 len=167
[cspcla 19:11:20 pid=341729 tid=140650056472256] ✓ TX SUCCESS tx_id=4293 dst_csp=2:10 bytes=167 (all ACKs received)
[cspcla 19:11:20 pid=341729 tid=140650056472256] outbound_pdu callback link_id=2 tx_id=4294 len=167
[cspcla 19:11:20 pid=341729 tid=140650056472256] ✓ TX SUCCESS tx_id=4294 dst_csp=2:10 bytes=167 (all ACKs received)
[cspcla 19:11:20 pid=341729 tid=140650056472256] outbound_pdu callback link_id=2 tx_id=4295 len=167
[cspcla 19:11:20 pid=341729 tid=140650056472256] ✓ TX SUCCESS tx_id=4295 dst_csp=2:10 bytes=167 (all ACKs received)
[cspcla 19:11:21 pid=341729 tid=140650056472256] outbound_pdu callback link_id=2 tx_id=4296 len=167
[cspcla 19:11:21 pid=341729 tid=140650056472256] ✓ TX SUCCESS tx_id=4296 dst_csp=2:10 bytes=167 (all ACKs received)
[cspcla 19:11:21 pid=341729 tid=140650056472256] outbound_pdu callback link_id=2 tx_id=4297 len=167
[cspcla 19:11:21 pid=341729 tid=140650056472256] ✓ TX SUCCESS tx_id=4297 dst_csp=2:10 bytes=167 (all ACKs received)
[cspcla 19:11:21 pid=341729 tid=140650056472256] outbound_pdu callback link_id=2 tx_id=4298 len=167
[cspcla 19:11:21 pid=341729 tid=140650056472256] ✓ TX SUCCESS tx_id=4298 dst_csp=2:10 bytes=167 (all ACKs received)
[cspcla 19:11:22 pid=341729 tid=140650056472256] outbound_pdu callback link_id=2 tx_id=4299 len=167
[cspcla 19:11:22 pid=341729 tid=140650056472256] ✓ TX SUCCESS tx_id=4299 dst_csp=2:10 bytes=167 (all ACKs received)
[cspcla 19:11:22 pid=341729 tid=140650056472256] outbound_pdu callback link_id=2 tx_id=4300 len=167
[cspcla 19:11:22 pid=341729 tid=140650056472256] ✓ TX SUCCESS tx_id=4300 dst_csp=2:10 bytes=167 (all ACKs received)
[cspcla 19:11:22 pid=341729 tid=140650056472256] outbound_pdu callback link_id=2 tx_id=4301 len=360
[cspcla 19:11:22 pid=341729 tid=140650056472256] ✓ TX SUCCESS tx_id=4301 dst_csp=2:10 bytes=360 (all ACKs received)
[cspcla 19:11:23 pid=341729 tid=140650056472256] outbound_pdu callback link_id=2 tx_id=4302 len=360
[cspcla 19:11:23 pid=341729 tid=140650056472256] ✓ TX SUCCESS tx_id=4302 dst_csp=2:10 bytes=360 (all ACKs received)
[cspcla 19:11:23 pid=341729 tid=140650056472256] outbound_pdu callback link_id=2 tx_id=4303 len=360
[cspcla 19:11:23 pid=341729 tid=140650056472256] ✓ TX SUCCESS tx_id=4303 dst_csp=2:10 bytes=360 (all ACKs received)
[cspcla 19:11:23 pid=341729 tid=140650056472256] outbound_pdu callback link_id=2 tx_id=4304 len=360
[cspcla 19:11:23 pid=341729 tid=140650056472256] ✓ TX SUCCESS tx_id=4304 dst_csp=2:10 bytes=360 (all ACKs received)
[cspcla 19:11:24 pid=341729 tid=140650056472256] outbound_pdu callback link_id=2 tx_id=4305 len=360
[cspcla 19:11:24 pid=341729 tid=140650056472256] ✓ TX SUCCESS tx_id=4305 dst_csp=2:10 bytes=360 (all ACKs received)
[cspcla 19:11:24 pid=341729 tid=140650056472256] outbound_pdu callback link_id=2 tx_id=4306 len=360
[cspcla 19:11:24 pid=341729 tid=140650056472256] ✓ TX SUCCESS tx_id=4306 dst_csp=2:10 bytes=360 (all ACKs received)
[cspcla 19:11:24 pid=341729 tid=140650056472256] outbound_pdu callback link_id=2 tx_id=4307 len=360
[cspcla 19:11:24 pid=341729 tid=140650056472256] ✓ TX SUCCESS tx_id=4307 dst_csp=2:10 bytes=360 (all ACKs received)
[cspcla 19:11:25 pid=341729 tid=140650056472256] outbound_pdu callback link_id=2 tx_id=4308 len=360
[cspcla 19:11:25 pid=341729 tid=140650056472256] ✓ TX SUCCESS tx_id=4308 dst_csp=2:10 bytes=360 (all ACKs received)
[cspcla 19:11:25 pid=341729 tid=140650056472256] outbound_pdu callback link_id=2 tx_id=4309 len=360
[cspcla 19:11:25 pid=341729 tid=140650056472256] ✓ TX SUCCESS tx_id=4309 dst_csp=2:10 bytes=360 (all ACKs received)
[cspcla 19:11:25 pid=341729 tid=140650056472256] outbound_pdu callback link_id=2 tx_id=4310 len=360
[cspcla 19:11:25 pid=341729 tid=140650056472256] ✓ TX SUCCESS tx_id=4310 dst_csp=2:10 bytes=360 (all ACKs received)
[cspcla 19:11:26 pid=341729 tid=140650056472256] outbound_pdu callback link_id=2 tx_id=4311 len=360
[cspcla 19:11:26 pid=341729 tid=140650056472256] ✓ TX SUCCESS tx_id=4311 dst_csp=2:10 bytes=360 (all ACKs received)
[cspcla 19:11:26 pid=341729 tid=140650056472256] outbound_pdu callback link_id=2 tx_id=4312 len=360
[cspcla 19:11:26 pid=341729 tid=140650056472256] ✓ TX SUCCESS tx_id=4312 dst_csp=2:10 bytes=360 (all ACKs received)
[cspcla 19:11:26 pid=341729 tid=140650056472256] outbound_pdu callback link_id=2 tx_id=4313 len=360
[cspcla 19:11:26 pid=341729 tid=140650056472256] ✓ TX SUCCESS tx_id=4313 dst_csp=2:10 bytes=360 (all ACKs received)
[cspcla 19:11:27 pid=341729 tid=140650056472256] outbound_pdu callback link_id=2 tx_id=4314 len=360
[cspcla 19:11:27 pid=341729 tid=140650056472256] ✓ TX SUCCESS tx_id=4314 dst_csp=2:10 bytes=360 (all ACKs received)
[cspcla 19:11:27 pid=341729 tid=140650056472256] outbound_pdu callback link_id=2 tx_id=4315 len=360
[cspcla 19:11:27 pid=341729 tid=140650056472256] ✓ TX SUCCESS tx_id=4315 dst_csp=2:10 bytes=360 (all ACKs received)
[cspcla 19:11:27 pid=341729 tid=140650056472256] outbound_pdu callback link_id=2 tx_id=4316 len=360
[cspcla 19:11:27 pid=341729 tid=140650056472256] ✓ TX SUCCESS tx_id=4316 dst_csp=2:10 bytes=360 (all ACKs received)
[cspcla 19:11:28 pid=341729 tid=140650056472256] outbound_pdu callback link_id=2 tx_id=4317 len=360
[cspcla 19:11:28 pid=341729 tid=140650056472256] ✓ TX SUCCESS tx_id=4317 dst_csp=2:10 bytes=360 (all ACKs received)
[cspcla 19:11:28 pid=341729 tid=140650056472256] outbound_pdu callback link_id=2 tx_id=4318 len=360
[cspcla 19:11:28 pid=341729 tid=140650056472256] ✓ TX SUCCESS tx_id=4318 dst_csp=2:10 bytes=360 (all ACKs received)
[cspcla 19:11:28 pid=341729 tid=140650056472256] outbound_pdu callback link_id=2 tx_id=4319 len=360
[cspcla 19:11:28 pid=341729 tid=140650056472256] ✓ TX SUCCESS tx_id=4319 dst_csp=2:10 bytes=360 (all ACKs received)
[cspcla 19:11:29 pid=341729 tid=140650056472256] outbound_pdu callback link_id=2 tx_id=4320 len=360
[cspcla 19:11:29 pid=341729 tid=140650056472256] ✓ TX SUCCESS tx_id=4320 dst_csp=2:10 bytes=360 (all ACKs received)
[cspcla 19:11:29 pid=341729 tid=140650056472256] outbound_pdu callback link_id=2 tx_id=4321 len=360
[cspcla 19:11:29 pid=341729 tid=140650056472256] ✓ TX SUCCESS tx_id=4321 dst_csp=2:10 bytes=360 (all ACKs received)
[cspcla 19:11:29 pid=341729 tid=140650056472256] outbound_pdu callback link_id=2 tx_id=4322 len=360
[cspcla 19:11:29 pid=341729 tid=140650056472256] ✓ TX SUCCESS tx_id=4322 dst_csp=2:10 bytes=360 (all ACKs received)
[cspcla 19:11:30 pid=341729 tid=140650056472256] outbound_pdu callback link_id=2 tx_id=4323 len=360
[cspcla 19:11:30 pid=341729 tid=140650056472256] ✓ TX SUCCESS tx_id=4323 dst_csp=2:10 bytes=360 (all ACKs received)
[cspcla 19:11:30 pid=341729 tid=140650056472256] outbound_pdu callback link_id=2 tx_id=4324 len=360
[cspcla 19:11:30 pid=341729 tid=140650056472256] ✓ TX SUCCESS tx_id=4324 dst_csp=2:10 bytes=360 (all ACKs received)
[cspcla 19:11:30 pid=341729 tid=140650056472256] outbound_pdu callback link_id=2 tx_id=4325 len=360
[cspcla 19:11:30 pid=341729 tid=140650056472256] ✓ TX SUCCESS tx_id=4325 dst_csp=2:10 bytes=360 (all ACKs received)
[cspcla 19:11:31 pid=341729 tid=140650056472256] outbound_pdu callback link_id=2 tx_id=4326 len=360
[cspcla 19:11:31 pid=341729 tid=140650056472256] ✓ TX SUCCESS tx_id=4326 dst_csp=2:10 bytes=360 (all ACKs received)
[cspcla 19:11:31 pid=341729 tid=140650056472256] outbound_pdu callback link_id=2 tx_id=4327 len=360
[cspcla 19:11:31 pid=341729 tid=140650056472256] ✓ TX SUCCESS tx_id=4327 dst_csp=2:10 bytes=360 (all ACKs received)
[cspcla 19:11:31 pid=341729 tid=140650056472256] outbound_pdu callback link_id=2 tx_id=4328 len=360
[cspcla 19:11:31 pid=341729 tid=140650056472256] ✓ TX SUCCESS tx_id=4328 dst_csp=2:10 bytes=360 (all ACKs received)
[cspcla 19:11:32 pid=341729 tid=140650056472256] outbound_pdu callback link_id=2 tx_id=4329 len=360
[cspcla 19:11:32 pid=341729 tid=140650056472256] ✓ TX SUCCESS tx_id=4329 dst_csp=2:10 bytes=360 (all ACKs received)
[cspcla 19:11:32 pid=341729 tid=140650056472256] outbound_pdu callback link_id=2 tx_id=4330 len=360
[cspcla 19:11:32 pid=341729 tid=140650056472256] ✓ TX SUCCESS tx_id=4330 dst_csp=2:10 bytes=360 (all ACKs received)
[cspcla 19:11:32 pid=341729 tid=140650056472256] outbound_pdu callback link_id=2 tx_id=4331 len=360
[cspcla 19:11:32 pid=341729 tid=140650056472256] ✓ TX SUCCESS tx_id=4331 dst_csp=2:10 bytes=360 (all ACKs received)
[cspcla 19:11:32 pid=341729 tid=140650056472256] outbound_pdu callback link_id=2 tx_id=4332 len=360
[cspcla 19:11:32 pid=341729 tid=140650056472256] ✓ TX SUCCESS tx_id=4332 dst_csp=2:10 bytes=360 (all ACKs received)
[cspcla 19:11:33 pid=341729 tid=140650056472256] outbound_pdu callback link_id=2 tx_id=4333 len=360
[cspcla 19:11:33 pid=341729 tid=140650056472256] ✓ TX SUCCESS tx_id=4333 dst_csp=2:10 bytes=360 (all ACKs received)
[cspcla 19:11:33 pid=341729 tid=140650056472256] outbound_pdu callback link_id=2 tx_id=4334 len=360
[cspcla 19:11:33 pid=341729 tid=140650056472256] ✓ TX SUCCESS tx_id=4334 dst_csp=2:10 bytes=360 (all ACKs received)
[cspcla 19:11:33 pid=341729 tid=140650056472256] outbound_pdu callback link_id=2 tx_id=4335 len=360
[cspcla 19:11:33 pid=341729 tid=140650056472256] ✓ TX SUCCESS tx_id=4335 dst_csp=2:10 bytes=360 (all ACKs received)
[cspcla 19:11:34 pid=341729 tid=140650056472256] outbound_pdu callback link_id=2 tx_id=4336 len=360
[cspcla 19:11:34 pid=341729 tid=140650056472256] ✓ TX SUCCESS tx_id=4336 dst_csp=2:10 bytes=360 (all ACKs received)
[cspcla 19:11:34 pid=341729 tid=140650056472256] outbound_pdu callback link_id=2 tx_id=4337 len=360
[cspcla 19:11:34 pid=341729 tid=140650056472256] ✓ TX SUCCESS tx_id=4337 dst_csp=2:10 bytes=360 (all ACKs received)
[cspcla 19:11:34 pid=341729 tid=140650056472256] outbound_pdu callback link_id=2 tx_id=4338 len=360
[cspcla 19:11:34 pid=341729 tid=140650056472256] ✓ TX SUCCESS tx_id=4338 dst_csp=2:10 bytes=360 (all ACKs received)
[cspcla 19:11:35 pid=341729 tid=140650056472256] outbound_pdu callback link_id=2 tx_id=4339 len=360
[cspcla 19:11:35 pid=341729 tid=140650056472256] ✓ TX SUCCESS tx_id=4339 dst_csp=2:10 bytes=360 (all ACKs received)
[cspcla 19:11:35 pid=341729 tid=140650056472256] outbound_pdu callback link_id=2 tx_id=4340 len=360
[cspcla 19:11:35 pid=341729 tid=140650056472256] ✓ TX SUCCESS tx_id=4340 dst_csp=2:10 bytes=360 (all ACKs received)
[cspcla 19:11:35 pid=341729 tid=140650056472256] outbound_pdu callback link_id=2 tx_id=4341 len=360
[cspcla 19:11:35 pid=341729 tid=140650056472256] ✓ TX SUCCESS tx_id=4341 dst_csp=2:10 bytes=360 (all ACKs received)
[cspcla 19:11:36 pid=341729 tid=140650056472256] outbound_pdu callback link_id=2 tx_id=4342 len=360
[cspcla 19:11:36 pid=341729 tid=140650056472256] ✓ TX SUCCESS tx_id=4342 dst_csp=2:10 bytes=360 (all ACKs received)
[cspcla 19:11:36 pid=341729 tid=140650056472256] outbound_pdu callback link_id=2 tx_id=4343 len=360
[cspcla 19:11:36 pid=341729 tid=140650056472256] ✓ TX SUCCESS tx_id=4343 dst_csp=2:10 bytes=360 (all ACKs received)
[cspcla 19:11:36 pid=341729 tid=140650056472256] outbound_pdu callback link_id=2 tx_id=4344 len=360
[cspcla 19:11:36 pid=341729 tid=140650056472256] ✓ TX SUCCESS tx_id=4344 dst_csp=2:10 bytes=360 (all ACKs received)
[cspcla 19:11:37 pid=341729 tid=140650056472256] outbound_pdu callback link_id=2 tx_id=4345 len=360
[cspcla 19:11:37 pid=341729 tid=140650056472256] ✓ TX SUCCESS tx_id=4345 dst_csp=2:10 bytes=360 (all ACKs received)
[cspcla 19:11:37 pid=341729 tid=140650056472256] outbound_pdu callback link_id=2 tx_id=4346 len=360
[cspcla 19:11:37 pid=341729 tid=140650056472256] ✓ TX SUCCESS tx_id=4346 dst_csp=2:10 bytes=360 (all ACKs received)
[cspcla 19:11:37 pid=341729 tid=140650056472256] outbound_pdu callback link_id=2 tx_id=4347 len=360
[cspcla 19:11:37 pid=341729 tid=140650056472256] ✓ TX SUCCESS tx_id=4347 dst_csp=2:10 bytes=360 (all ACKs received)
[cspcla 19:11:38 pid=341729 tid=140650056472256] outbound_pdu callback link_id=2 tx_id=4348 len=360
[cspcla 19:11:38 pid=341729 tid=140650056472256] ✓ TX SUCCESS tx_id=4348 dst_csp=2:10 bytes=360 (all ACKs received)
[cspcla 19:11:38 pid=341729 tid=140650056472256] outbound_pdu callback link_id=2 tx_id=4349 len=360
[cspcla 19:11:38 pid=341729 tid=140650056472256] ✓ TX SUCCESS tx_id=4349 dst_csp=2:10 bytes=360 (all ACKs received)
[cspcla 19:11:38 pid=341729 tid=140650056472256] outbound_pdu callback link_id=2 tx_id=4350 len=360
[cspcla 19:11:38 pid=341729 tid=140650056472256] ✓ TX SUCCESS tx_id=4350 dst_csp=2:10 bytes=360 (all ACKs received)
[cspcla 19:11:39 pid=341729 tid=140650056472256] outbound_pdu callback link_id=2 tx_id=4351 len=360
[cspcla 19:11:39 pid=341729 tid=140650056472256] ✓ TX SUCCESS tx_id=4351 dst_csp=2:10 bytes=360 (all ACKs received)
[cspcla 19:11:39 pid=341729 tid=140650056472256] outbound_pdu callback link_id=2 tx_id=4352 len=360
[cspcla 19:11:39 pid=341729 tid=140650056472256] ✓ TX SUCCESS tx_id=4352 dst_csp=2:10 bytes=360 (all ACKs received)
[cspcla 19:11:39 pid=341729 tid=140650056472256] outbound_pdu callback link_id=2 tx_id=4353 len=360
[cspcla 19:11:39 pid=341729 tid=140650056472256] ✓ TX SUCCESS tx_id=4353 dst_csp=2:10 bytes=360 (all ACKs received)
[cspcla 19:11:40 pid=341729 tid=140650056472256] outbound_pdu callback link_id=2 tx_id=4354 len=360
[cspcla 19:11:40 pid=341729 tid=140650056472256] ✓ TX SUCCESS tx_id=4354 dst_csp=2:10 bytes=360 (all ACKs received)
[cspcla 19:11:40 pid=341729 tid=140650056472256] outbound_pdu callback link_id=2 tx_id=4355 len=360
[cspcla 19:11:40 pid=341729 tid=140650056472256] ✓ TX SUCCESS tx_id=4355 dst_csp=2:10 bytes=360 (all ACKs received)
[cspcla 19:11:40 pid=341729 tid=140650056472256] outbound_pdu callback link_id=2 tx_id=4356 len=360
[cspcla 19:11:40 pid=341729 tid=140650056472256] ✓ TX SUCCESS tx_id=4356 dst_csp=2:10 bytes=360 (all ACKs received)
[cspcla 19:11:41 pid=341729 tid=140650056472256] outbound_pdu callback link_id=2 tx_id=4357 len=360
[cspcla 19:11:41 pid=341729 tid=140650056472256] ✓ TX SUCCESS tx_id=4357 dst_csp=2:10 bytes=360 (all ACKs received)
[cspcla 19:11:41 pid=341729 tid=140650056472256] outbound_pdu callback link_id=2 tx_id=4358 len=360
[cspcla 19:11:41 pid=341729 tid=140650056472256] ✓ TX SUCCESS tx_id=4358 dst_csp=2:10 bytes=360 (all ACKs received)
[cspcla 19:11:41 pid=341729 tid=140650056472256] outbound_pdu callback link_id=2 tx_id=4359 len=360
[cspcla 19:11:41 pid=341729 tid=140650056472256] ✓ TX SUCCESS tx_id=4359 dst_csp=2:10 bytes=360 (all ACKs received)
[cspcla 19:11:42 pid=341729 tid=140650056472256] outbound_pdu callback link_id=2 tx_id=4360 len=360
[cspcla 19:11:42 pid=341729 tid=140650056472256] ✓ TX SUCCESS tx_id=4360 dst_csp=2:10 bytes=360 (all ACKs received)
[cspcla 19:11:42 pid=341729 tid=140650056472256] outbound_pdu callback link_id=2 tx_id=4361 len=360
[cspcla 19:11:42 pid=341729 tid=140650056472256] ✓ TX SUCCESS tx_id=4361 dst_csp=2:10 bytes=360 (all ACKs received)
[cspcla 19:11:42 pid=341729 tid=140650056472256] outbound_pdu callback link_id=2 tx_id=4362 len=360
[cspcla 19:11:42 pid=341729 tid=140650056472256] ✓ TX SUCCESS tx_id=4362 dst_csp=2:10 bytes=360 (all ACKs received)
[cspcla 19:11:43 pid=341729 tid=140650056472256] outbound_pdu callback link_id=2 tx_id=4363 len=360
[cspcla 19:11:43 pid=341729 tid=140650056472256] ✓ TX SUCCESS tx_id=4363 dst_csp=2:10 bytes=360 (all ACKs received)
[cspcla 19:11:43 pid=341729 tid=140650056472256] outbound_pdu callback link_id=2 tx_id=4364 len=360
[cspcla 19:11:43 pid=341729 tid=140650056472256] ✓ TX SUCCESS tx_id=4364 dst_csp=2:10 bytes=360 (all ACKs received)
[cspcla 19:11:43 pid=341729 tid=140650056472256] outbound_pdu callback link_id=2 tx_id=4365 len=360
[cspcla 19:11:43 pid=341729 tid=140650056472256] ✓ TX SUCCESS tx_id=4365 dst_csp=2:10 bytes=360 (all ACKs received)
[cspcla 19:11:44 pid=341729 tid=140650056472256] outbound_pdu callback link_id=2 tx_id=4366 len=360
[cspcla 19:11:44 pid=341729 tid=140650056472256] ✓ TX SUCCESS tx_id=4366 dst_csp=2:10 bytes=360 (all ACKs received)
[cspcla 19:11:44 pid=341729 tid=140650056472256] outbound_pdu callback link_id=2 tx_id=4367 len=360
[cspcla 19:11:44 pid=341729 tid=140650056472256] ✓ TX SUCCESS tx_id=4367 dst_csp=2:10 bytes=360 (all ACKs received)
[cspcla 19:11:44 pid=341729 tid=140650056472256] outbound_pdu callback link_id=2 tx_id=4368 len=360
[cspcla 19:11:44 pid=341729 tid=140650056472256] ✓ TX SUCCESS tx_id=4368 dst_csp=2:10 bytes=360 (all ACKs received)
[cspcla 19:11:45 pid=341729 tid=140650056472256] outbound_pdu callback link_id=2 tx_id=4369 len=360
[cspcla 19:11:45 pid=341729 tid=140650056472256] ✓ TX SUCCESS tx_id=4369 dst_csp=2:10 bytes=360 (all ACKs received)
[cspcla 19:11:45 pid=341729 tid=140650056472256] outbound_pdu callback link_id=2 tx_id=4370 len=360
[cspcla 19:11:45 pid=341729 tid=140650056472256] ✓ TX SUCCESS tx_id=4370 dst_csp=2:10 bytes=360 (all ACKs received)
[cspcla 19:11:45 pid=341729 tid=140650056472256] outbound_pdu callback link_id=2 tx_id=4371 len=360
[cspcla 19:11:45 pid=341729 tid=140650056472256] ✓ TX SUCCESS tx_id=4371 dst_csp=2:10 bytes=360 (all ACKs received)
[cspcla 19:11:45 pid=341729 tid=140650056472256] outbound_pdu callback link_id=2 tx_id=4372 len=360
[cspcla 19:11:45 pid=341729 tid=140650056472256] ✓ TX SUCCESS tx_id=4372 dst_csp=2:10 bytes=360 (all ACKs received)
[cspcla 19:11:46 pid=341729 tid=140650056472256] outbound_pdu callback link_id=2 tx_id=4373 len=360
[cspcla 19:11:46 pid=341729 tid=140650056472256] ✓ TX SUCCESS tx_id=4373 dst_csp=2:10 bytes=360 (all ACKs received)
[cspcla 19:11:46 pid=341729 tid=140650056472256] outbound_pdu callback link_id=2 tx_id=4374 len=360
[cspcla 19:11:46 pid=341729 tid=140650056472256] ✓ TX SUCCESS tx_id=4374 dst_csp=2:10 bytes=360 (all ACKs received)
[cspcla 19:11:46 pid=341729 tid=140650056472256] outbound_pdu callback link_id=2 tx_id=4375 len=360
[cspcla 19:11:46 pid=341729 tid=140650056472256] ✓ TX SUCCESS tx_id=4375 dst_csp=2:10 bytes=360 (all ACKs received)
[cspcla 19:11:47 pid=341729 tid=140650056472256] outbound_pdu callback link_id=2 tx_id=4376 len=360
[cspcla 19:11:47 pid=341729 tid=140650056472256] ✓ TX SUCCESS tx_id=4376 dst_csp=2:10 bytes=360 (all ACKs received)
[cspcla 19:11:47 pid=341729 tid=140650056472256] outbound_pdu callback link_id=2 tx_id=4377 len=360
[cspcla 19:11:47 pid=341729 tid=140650056472256] ✓ TX SUCCESS tx_id=4377 dst_csp=2:10 bytes=360 (all ACKs received)
[cspcla 19:11:47 pid=341729 tid=140650056472256] outbound_pdu callback link_id=2 tx_id=4378 len=360
[cspcla 19:11:47 pid=341729 tid=140650056472256] ✓ TX SUCCESS tx_id=4378 dst_csp=2:10 bytes=360 (all ACKs received)
[cspcla 19:11:48 pid=341729 tid=140650056472256] outbound_pdu callback link_id=2 tx_id=4379 len=360
[cspcla 19:11:48 pid=341729 tid=140650056472256] ✓ TX SUCCESS tx_id=4379 dst_csp=2:10 bytes=360 (all ACKs received)
[cspcla 19:11:48 pid=341729 tid=140650056472256] outbound_pdu callback link_id=2 tx_id=4380 len=360
[cspcla 19:11:48 pid=341729 tid=140650056472256] ✓ TX SUCCESS tx_id=4380 dst_csp=2:10 bytes=360 (all ACKs received)
[cspcla 19:11:48 pid=341729 tid=140650056472256] outbound_pdu callback link_id=2 tx_id=4381 len=360
[cspcla 19:11:48 pid=341729 tid=140650056472256] ✓ TX SUCCESS tx_id=4381 dst_csp=2:10 bytes=360 (all ACKs received)
[cspcla 19:11:49 pid=341729 tid=140650056472256] outbound_pdu callback link_id=2 tx_id=4382 len=360
[cspcla 19:11:49 pid=341729 tid=140650056472256] ✓ TX SUCCESS tx_id=4382 dst_csp=2:10 bytes=360 (all ACKs received)
[cspcla 19:11:49 pid=341729 tid=140650056472256] outbound_pdu callback link_id=2 tx_id=4383 len=360
[cspcla 19:11:49 pid=341729 tid=140650056472256] ✓ TX SUCCESS tx_id=4383 dst_csp=2:10 bytes=360 (all ACKs received)
[cspcla 19:11:49 pid=341729 tid=140650056472256] outbound_pdu callback link_id=2 tx_id=4384 len=360
[cspcla 19:11:49 pid=341729 tid=140650056472256] ✓ TX SUCCESS tx_id=4384 dst_csp=2:10 bytes=360 (all ACKs received)
[cspcla 19:11:50 pid=341729 tid=140650056472256] outbound_pdu callback link_id=2 tx_id=4385 len=360
[cspcla 19:11:50 pid=341729 tid=140650056472256] ✓ TX SUCCESS tx_id=4385 dst_csp=2:10 bytes=360 (all ACKs received)
[cspcla 19:11:50 pid=341729 tid=140650056472256] outbound_pdu callback link_id=2 tx_id=4386 len=360
[cspcla 19:11:50 pid=341729 tid=140650056472256] ✓ TX SUCCESS tx_id=4386 dst_csp=2:10 bytes=360 (all ACKs received)
[cspcla 19:11:50 pid=341729 tid=140650056472256] outbound_pdu callback link_id=2 tx_id=4387 len=360
[cspcla 19:11:50 pid=341729 tid=140650056472256] ✓ TX SUCCESS tx_id=4387 dst_csp=2:10 bytes=360 (all ACKs received)
[cspcla 19:11:51 pid=341729 tid=140650056472256] outbound_pdu callback link_id=2 tx_id=4388 len=360
[cspcla 19:11:51 pid=341729 tid=140650056472256] ✓ TX SUCCESS tx_id=4388 dst_csp=2:10 bytes=360 (all ACKs received)
[cspcla 19:11:51 pid=341729 tid=140650056472256] outbound_pdu callback link_id=2 tx_id=4389 len=360
[cspcla 19:11:51 pid=341729 tid=140650056472256] ✓ TX SUCCESS tx_id=4389 dst_csp=2:10 bytes=360 (all ACKs received)
[cspcla 19:11:51 pid=341729 tid=140650056472256] outbound_pdu callback link_id=2 tx_id=4390 len=360
[cspcla 19:11:51 pid=341729 tid=140650056472256] ✓ TX SUCCESS tx_id=4390 dst_csp=2:10 bytes=360 (all ACKs received)
[cspcla 19:11:52 pid=341729 tid=140650056472256] outbound_pdu callback link_id=2 tx_id=4391 len=360
[cspcla 19:11:52 pid=341729 tid=140650056472256] ✓ TX SUCCESS tx_id=4391 dst_csp=2:10 bytes=360 (all ACKs received)
[cspcla 19:11:52 pid=341729 tid=140650056472256] outbound_pdu callback link_id=2 tx_id=4392 len=360
[cspcla 19:11:52 pid=341729 tid=140650056472256] ✓ TX SUCCESS tx_id=4392 dst_csp=2:10 bytes=360 (all ACKs received)
[cspcla 19:11:52 pid=341729 tid=140650056472256] outbound_pdu callback link_id=2 tx_id=4393 len=360
[cspcla 19:11:52 pid=341729 tid=140650056472256] ✓ TX SUCCESS tx_id=4393 dst_csp=2:10 bytes=360 (all ACKs received)
[cspcla 19:11:53 pid=341729 tid=140650056472256] outbound_pdu callback link_id=2 tx_id=4394 len=360
[cspcla 19:11:53 pid=341729 tid=140650056472256] ✓ TX SUCCESS tx_id=4394 dst_csp=2:10 bytes=360 (all ACKs received)
[cspcla 19:11:53 pid=341729 tid=140650056472256] outbound_pdu callback link_id=2 tx_id=4395 len=360
[cspcla 19:11:53 pid=341729 tid=140650056472256] ✓ TX SUCCESS tx_id=4395 dst_csp=2:10 bytes=360 (all ACKs received)
[cspcla 19:11:53 pid=341729 tid=140650056472256] outbound_pdu callback link_id=2 tx_id=4396 len=360
[cspcla 19:11:53 pid=341729 tid=140650056472256] ✓ TX SUCCESS tx_id=4396 dst_csp=2:10 bytes=360 (all ACKs received)
[cspcla 19:11:54 pid=341729 tid=140650056472256] outbound_pdu callback link_id=2 tx_id=4397 len=360
[cspcla 19:11:54 pid=341729 tid=140650056472256] ✓ TX SUCCESS tx_id=4397 dst_csp=2:10 bytes=360 (all ACKs received)
[cspcla 19:11:54 pid=341729 tid=140650056472256] outbound_pdu callback link_id=2 tx_id=4398 len=360
[cspcla 19:11:54 pid=341729 tid=140650056472256] ✓ TX SUCCESS tx_id=4398 dst_csp=2:10 bytes=360 (all ACKs received)
[cspcla 19:11:54 pid=341729 tid=140650056472256] outbound_pdu callback link_id=2 tx_id=4399 len=360
[cspcla 19:11:54 pid=341729 tid=140650056472256] ✓ TX SUCCESS tx_id=4399 dst_csp=2:10 bytes=360 (all ACKs received)
[cspcla 19:11:55 pid=341729 tid=140650056472256] outbound_pdu callback link_id=2 tx_id=4400 len=360
[cspcla 19:11:55 pid=341729 tid=140650056472256] ✓ TX SUCCESS tx_id=4400 dst_csp=2:10 bytes=360 (all ACKs received)
