[bundle_receiver] listening on addr 21  (timeout=3000 ms per bundle)
[0;34mRDP 0x561bc1274610: Received in S 0: syn 1, ack 0, eack 0, rst 0, seq_nr 31069, ack_nr     0, packet_len 29 (24)
[0;0m[0;34mRDP 0x561bc1274610: SYN-Received
[0;0m[0;34mRDP 0x561bc1274610: window size 4, conn timeout 1000, packet timeout 1000, delayed acks: 1, ack timeout 250, ack each 2 packet
[0;0m[0;34mRDP 0x561bc1274610: Send CMP S 2: syn 1, ack 1, eack 0, rst 0, seq_nr 45032, ack_nr 31069, packet_len 5 (0)
[0;0m[0;34mRDP 0x561bc1274610: Received in S 2: syn 0, ack 1, eack 0, rst 0, seq_nr 31070, ack_nr 45032, packet_len 5 (0)
[0;0m[0;34mRDP 0x561bc1274610: NC: Connection OPEN
[0;0m[0;34mRDP 0x561bc1274610: TX Element Free, time 24018399, seq 45032, una 45033
[0;0m[0;34mRDP 0x561bc1274610: Wake Tx task (check timeouts)
[0;0m[0;34mRDP 0x561bc1274610: Received in S 3: syn 0, ack 1, eack 0, rst 0, seq_nr 31070, ack_nr 45032, packet_len 256 (251)
[0;0m[0;34mRDP 0x561bc1274610: Wake Tx task (check timeouts)
[0;0m[0;34mRDP 0x561bc1274610: Received in S 3: syn 0, ack 1, eack 0, rst 0, seq_nr 31071, ack_nr 45032, packet_len 256 (251)
[0;0m[0;34mRDP 0x561bc1274610: Wake Tx task (check timeouts)
[0;0m[0;34mcsp_sfp_recv_fp: 20:56, fragment 243/2304
[0;0m[0;34mcsp_sfp_recv_fp: 20:56, fragment 486/2304
[0;0m[0;34mRDP 0x561bc1274610: Received in S 3: syn 0, ack 1, eack 0, rst 0, seq_nr 31072, ack_nr 45032, packet_len 256 (251)
[0;0m[0;34mRDP 0x561bc1274610: Send CMP S 3: syn 0, ack 1, eack 0, rst 0, seq_nr 45033, ack_nr 31072, packet_len 5 (0)
[0;0m[0;34mRDP 0x561bc1274610: Send CMP S 3: syn 0, ack 1, eack 0, rst 0, seq_nr 45033, ack_nr 31072, packet_len 5 (0)
[0;0m[0;34mRDP 0x561bc1274610: Wake Tx task (check timeouts)
[0;0m[0;34mRDP 0x561bc1274610: Received in S 3: syn 0, ack 1, eack 0, rst 0, seq_nr 31073, ack_nr 45032, packet_len 256 (251)
[0;0m[0;34mRDP 0x561bc1274610: Wake Tx task (check timeouts)
[0;0m[0;34mcsp_sfp_recv_fp: 20:56, fragment 729/2304
[0;0m[0;34mcsp_sfp_recv_fp: 20:56, fragment 972/2304
[0;0m[0;34mRDP 0x561bc1274610: Received in S 3: syn 0, ack 1, eack 0, rst 0, seq_nr 31074, ack_nr 45032, packet_len 256 (251)
[0;0m[0;34mRDP 0x561bc1274610: Wake Tx task (check timeouts)
[0;0m[0;34mRDP 0x561bc1274610: Received in S 3: syn 0, ack 1, eack 0, rst 0, seq_nr 31075, ack_nr 45032, packet_len 256 (251)
[0;0m[0;34mRDP 0x561bc1274610: Send CMP S 3: syn 0, ack 1, eack 0, rst 0, seq_nr 45033, ack_nr 31075, packet_len 5 (0)
[0;0m[0;34mRDP 0x561bc1274610: Wake Tx task (check timeouts)
[0;0m[0;34mRDP 0x561bc1274610: Received in S 3: syn 0, ack 1, eack 0, rst 0, seq_nr 31076, ack_nr 45032, packet_len 256 (251)
[0;0m[0;34mRDP 0x561bc1274610: Wake Tx task (check timeouts)
[0;0m[0;34mcsp_sfp_recv_fp: 20:56, fragment 1215/2304
[0;0m[0;34mcsp_sfp_recv_fp: 20:56, fragment 1458/2304
[0;0m[0;34mcsp_sfp_recv_fp: 20:56, fragment 1701/2304
[0;0m[0;34mRDP 0x561bc1274610: Received in S 3: syn 0, ack 1, eack 0, rst 0, seq_nr 31077, ack_nr 45032, packet_len 256 (251)
[0;0m[0;34mRDP 0x561bc1274610: Wake Tx task (check timeouts)
[0;0m[0;34mRDP 0x561bc1274610: Received in S 3: syn 0, ack 1, eack 0, rst 0, seq_nr 31078, ack_nr 45032, packet_len 256 (251)
[0;0m[0;34mRDP 0x561bc1274610: Send CMP S 3: syn 0, ack 1, eack 0, rst 0, seq_nr 45033, ack_nr 31078, packet_len 5 (0)
[0;0m[0;34mRDP 0x561bc1274610: Wake Tx task (check timeouts)
[0;0m[0;34mRDP 0x561bc1274610: Received in S 3: syn 0, ack 1, eack 0, rst 0, seq_nr 31079, ack_nr 45032, packet_len 130 (125)
[0;0m[0;34mRDP 0x561bc1274610: Wake Tx task (check timeouts)
[0;0m[0;34mcsp_sfp_recv_fp: 20:56, fragment 1944/2304
[0;0m[0;34mcsp_sfp_recv_fp: 20:56, fragment 2187/2304
[0;0m[0;34mcsp_sfp_recv_fp: 20:56, fragment 2304/2304
[0;0m[0;34mRDP 0x561bc1274610: Sending  in S 3: syn 0, ack 1, eack 0, rst 0, seq_nr 45033, ack_nr 31079, packet_len 6 (1)
[0;0mRECV_BUNDLE bundle_seq=1 n=64 bytes=2304
[0;34mRDP 0x561bc1274610: Received in S 3: syn 0, ack 1, eack 0, rst 0, seq_nr 31080, ack_nr 45033, packet_len 256 (251)
[0;0m[0;34mRDP 0x561bc1274610: TX Element Free, time 24018400, seq 45033, una 45034
[0;0m[0;34mRDP 0x561bc1274610: Wake Tx task (check timeouts)
[0;0m[0;34mRDP 0x561bc1274610: Received in S 3: syn 0, ack 1, eack 0, rst 0, seq_nr 31081, ack_nr 45033, packet_len 256 (251)
[0;0m[0;34mRDP 0x561bc1274610: Send CMP S 3: syn 0, ack 1, eack 0, rst 0, seq_nr 45034, ack_nr 31081, packet_len 5 (0)
[0;0m[0;34mRDP 0x561bc1274610: Wake Tx task (check timeouts)
[0;0m[0;34mRDP 0x561bc1274610: Received in S 3: syn 0, ack 1, eack 0, rst 0, seq_nr 31082, ack_nr 45033, packet_len 256 (251)
[0;0m[0;34mRDP 0x561bc1274610: Wake Tx task (check timeouts)
[0;0m[0;34mRDP 0x561bc1274610: Received in S 3: syn 0, ack 1, eack 0, rst 0, seq_nr 31083, ack_nr 45033, packet_len 256 (251)
[0;0m[0;34mRDP 0x561bc1274610: Wake Tx task (check timeouts)
[0;0m[0;34mRDP 0x561bc1274610: Received in S 3: syn 0, ack 1, eack 0, rst 0, seq_nr 31084, ack_nr 45033, packet_len 256 (251)
[0;0m[0;34mRDP 0x561bc1274610: Send CMP S 3: syn 0, ack 1, eack 0, rst 0, seq_nr 45034, ack_nr 31084, packet_len 5 (0)
[0;0m[0;34mRDP 0x561bc1274610: Wake Tx task (check timeouts)
[0;0m[0;34mRDP 0x561bc1274610: Received in S 3: syn 0, ack 1, eack 0, rst 0, seq_nr 31085, ack_nr 45033, packet_len 256 (251)
[0;0m[0;34mRDP 0x561bc1274610: Wake Tx task (check timeouts)
[0;0m[0;34mRDP 0x561bc1274610: Received in S 3: syn 0, ack 1, eack 0, rst 0, seq_nr 31086, ack_nr 45033, packet_len 256 (251)
[0;0m[0;34mRDP 0x561bc1274610: Wake Tx task (check timeouts)
[0;0m[0;34mRDP 0x561bc1274610: Received in S 3: syn 0, ack 1, eack 0, rst 0, seq_nr 31087, ack_nr 45033, packet_len 256 (251)
[0;0m[0;34mRDP 0x561bc1274610: Send CMP S 3: syn 0, ack 1, eack 0, rst 0, seq_nr 45034, ack_nr 31087, packet_len 5 (0)
[0;0m[0;34mRDP 0x561bc1274610: Wake Tx task (check timeouts)
[0;0m[0;34mRDP 0x561bc1274610: Received in S 3: syn 0, ack 1, eack 0, rst 0, seq_nr 31088, ack_nr 45033, packet_len 256 (251)
[0;0m[0;34mRDP 0x561bc1274610: Wake Tx task (check timeouts)
[0;0m[0;34mRDP 0x561bc1274610: Received in S 3: syn 0, ack 1, eack 0, rst 0, seq_nr 31089, ack_nr 45033, packet_len 130 (125)
[0;0m[0;34mRDP 0x561bc1274610: Wake Tx task (check timeouts)
[0;0m[0;34mcsp_sfp_recv_fp: 20:56, fragment 243/2304
[0;0m[0;34mcsp_sfp_recv_fp: 20:56, fragment 486/2304
[0;0m[0;34mcsp_sfp_recv_fp: 20:56, fragment 729/2304
[0;0m[0;34mcsp_sfp_recv_fp: 20:56, fragment 972/2304
[0;0m[0;34mcsp_sfp_recv_fp: 20:56, fragment 1215/2304
[0;0m[0;34mcsp_sfp_recv_fp: 20:56, fragment 1458/2304
[0;0m[0;34mcsp_sfp_recv_fp: 20:56, fragment 1701/2304
[0;0m[0;34mcsp_sfp_recv_fp: 20:56, fragment 1944/2304
[0;0m[0;34mcsp_sfp_recv_fp: 20:56, fragment 2187/2304
[0;0m[0;34mcsp_sfp_recv_fp: 20:56, fragment 2304/2304
[0;0m[0;34mRDP 0x561bc1274610: Sending  in S 3: syn 0, ack 1, eack 0, rst 0, seq_nr 45034, ack_nr 31089, packet_len 6 (1)
[0;0mRECV_BUNDLE bundle_seq=2 n=64 bytes=2304
[0;34mRDP 0x561bc1274610: Received in S 3: syn 0, ack 1, eack 0, rst 0, seq_nr 31090, ack_nr 45034, packet_len 256 (251)
[0;0m[0;34mRDP 0x561bc1274610: Send CMP S 3: syn 0, ack 1, eack 0, rst 0, seq_nr 45035, ack_nr 31090, packet_len 5 (0)
[0;0m[0;34mRDP 0x561bc1274610: TX Element Free, time 24018401, seq 45034, una 45035
[0;0m[0;34mRDP 0x561bc1274610: Wake Tx task (check timeouts)
[0;0m[0;34mRDP 0x561bc1274610: Received in S 3: syn 0, ack 1, eack 0, rst 0, seq_nr 31091, ack_nr 45034, packet_len 256 (251)
[0;0m[0;34mRDP 0x561bc1274610: Wake Tx task (check timeouts)
[0;0m[0;34mRDP 0x561bc1274610: Received in S 3: syn 0, ack 1, eack 0, rst 0, seq_nr 31092, ack_nr 45034, packet_len 256 (251)
[0;0m[0;34mRDP 0x561bc1274610: Wake Tx task (check timeouts)
[0;0m[0;34mRDP 0x561bc1274610: Received in S 3: syn 0, ack 1, eack 0, rst 0, seq_nr 31093, ack_nr 45034, packet_len 256 (251)
[0;0m[0;34mRDP 0x561bc1274610: Send CMP S 3: syn 0, ack 1, eack 0, rst 0, seq_nr 45035, ack_nr 31093, packet_len 5 (0)
[0;0m[0;34mRDP 0x561bc1274610: Wake Tx task (check timeouts)
[0;0m[0;34mRDP 0x561bc1274610: Received in S 3: syn 0, ack 1, eack 0, rst 0, seq_nr 31094, ack_nr 45034, packet_len 256 (251)
[0;0m[0;34mRDP 0x561bc1274610: Wake Tx task (check timeouts)
[0;0m[0;34mRDP 0x561bc1274610: Received in S 3: syn 0, ack 1, eack 0, rst 0, seq_nr 31095, ack_nr 45034, packet_len 256 (251)
[0;0m[0;34mRDP 0x561bc1274610: Wake Tx task (check timeouts)
[0;0m[0;34mRDP 0x561bc1274610: Received in S 3: syn 0, ack 1, eack 0, rst 0, seq_nr 31096, ack_nr 45034, packet_len 256 (251)
[0;0m[0;34mRDP 0x561bc1274610: Send CMP S 3: syn 0, ack 1, eack 0, rst 0, seq_nr 45035, ack_nr 31096, packet_len 5 (0)
[0;0m[0;34mRDP 0x561bc1274610: Wake Tx task (check timeouts)
[0;0m[0;34mcsp_sfp_recv_fp: 20:56, fragment 243/2304
[0;0m[0;34mRDP 0x561bc1274610: Received in S 3: syn 0, ack 1, eack 0, rst 0, seq_nr 31097, ack_nr 45034, packet_len 256 (251)
[0;0m[0;34mRDP 0x561bc1274610: Wake Tx task (check timeouts)
[0;0m[0;34mcsp_sfp_recv_fp: 20:56, fragment 486/2304
[0;0m[0;34mcsp_sfp_recv_fp: 20:56, fragment 729/2304
[0;0m[0;34mcsp_sfp_recv_fp: 20:56, fragment 972/2304
[0;0m[0;34mcsp_sfp_recv_fp: 20:56, fragment 1215/2304
[0;0m[0;34mcsp_sfp_recv_fp: 20:56, fragment 1458/2304
[0;0m[0;34mcsp_sfp_recv_fp: 20:56, fragment 1701/2304
[0;0m[0;34mcsp_sfp_recv_fp: 20:56, fragment 1944/2304
[0;0m[0;34mRDP 0x561bc1274610: Received in S 3: syn 0, ack 1, eack 0, rst 0, seq_nr 31098, ack_nr 45034, packet_len 256 (251)
[0;0m[0;34mRDP 0x561bc1274610: Wake Tx task (check timeouts)
[0;0m[0;34mRDP 0x561bc1274610: Received in S 3: syn 0, ack 1, eack 0, rst 0, seq_nr 31099, ack_nr 45034, packet_len 130 (125)
[0;0m[0;34mRDP 0x561bc1274610: Send CMP S 3: syn 0, ack 1, eack 0, rst 0, seq_nr 45035, ack_nr 31099, packet_len 5 (0)
[0;0m[0;34mRDP 0x561bc1274610: Wake Tx task (check timeouts)
[0;0m[0;34mcsp_sfp_recv_fp: 20:56, fragment 2187/2304
[0;0m[1;33mcsp_sfp_recv_fp: 20:56, invalid message, offset 1944 (expected 0), length: 243, totalsize 2304
[0;0m[0;34mRDP 0x561bc1274610: Send CMP S 4: syn 0, ack 1, eack 0, rst 1, seq_nr 45035, ack_nr 31099, packet_len 5 (0)
[0;0m[0;34mRDP 0x561bc1274610: csp_rdp_close(0x1), sent RST -> CLOSE_WAIT
[0;0m[0;34mRDP 0x561bc1274610: csp_rdp_close(0x1), waiting for: protocol timeout
[0;0m[0;34mRDP 0x561bc1274610: Received in S 4: syn 0, ack 1, eack 0, rst 1, seq_nr 31100, ack_nr 45034, packet_len 5 (0)
[0;0m[0;34mRDP 0x561bc1274610: RST received in CLOSE_WAIT, ack: 1 - closing
[0;0m[0;34mRDP 0x561bc1274610: csp_rdp_close(0x2), waiting for: timeout
[0;0m[0;34mRDP 0x561bc1274698: Received in S 0: syn 1, ack 0, eack 0, rst 0, seq_nr 30475, ack_nr     0, packet_len 29 (24)
[0;0m[0;34mRDP 0x561bc1274698: SYN-Received
[0;0m[0;34mRDP 0x561bc1274698: window size 4, conn timeout 1000, packet timeout 1000, delayed acks: 1, ack timeout 250, ack each 2 packet
[0;0m[0;34mRDP 0x561bc1274698: Send CMP S 2: syn 1, ack 1, eack 0, rst 0, seq_nr 19653, ack_nr 30475, packet_len 5 (0)
[0;0m[0;34mRDP 0x561bc1274698: Received in S 2: syn 0, ack 1, eack 0, rst 0, seq_nr 30476, ack_nr 19653, packet_len 5 (0)
[0;0m[0;34mRDP 0x561bc1274698: NC: Connection OPEN
[0;0m[0;34mRDP 0x561bc1274698: TX Element Free, time 24018404, seq 19653, una 19654
[0;0m[0;34mRDP 0x561bc1274698: Wake Tx task (check timeouts)
[0;0m[0;34mRDP 0x561bc1274698: Received in S 3: syn 0, ack 1, eack 0, rst 0, seq_nr 30476, ack_nr 19653, packet_len 256 (251)
[0;0m[0;34mRDP 0x561bc1274698: Wake Tx task (check timeouts)
[0;0m[0;34mRDP 0x561bc1274698: Received in S 3: syn 0, ack 1, eack 0, rst 0, seq_nr 30477, ack_nr 19653, packet_len 256 (251)
[0;0m[0;34mRDP 0x561bc1274698: Wake Tx task (check timeouts)
[0;0m[0;34mRDP 0x561bc1274698: Received in S 3: syn 0, ack 1, eack 0, rst 0, seq_nr 30478, ack_nr 19653, packet_len 256 (251)
[0;0m[0;34mRDP 0x561bc1274698: Send CMP S 3: syn 0, ack 1, eack 0, rst 0, seq_nr 19654, ack_nr 30478, packet_len 5 (0)
[0;0m[0;34mRDP 0x561bc1274698: Wake Tx task (check timeouts)
[0;0m[0;34mRDP 0x561bc1274698: Received in S 3: syn 0, ack 1, eack 0, rst 0, seq_nr 30479, ack_nr 19653, packet_len 256 (251)
[0;0m[0;34mRDP 0x561bc1274698: Wake Tx task (check timeouts)
[0;0m[0;34mRDP 0x561bc1274698: Received in S 3: syn 0, ack 1, eack 0, rst 0, seq_nr 30480, ack_nr 19653, packet_len 256 (251)
[0;0m[0;34mRDP 0x561bc1274698: Wake Tx task (check timeouts)
[0;0m[0;34mRDP 0x561bc1274698: Received in S 3: syn 0, ack 1, eack 0, rst 0, seq_nr 30481, ack_nr 19653, packet_len 256 (251)
[0;0m[0;34mRDP 0x561bc1274698: Send CMP S 3: syn 0, ack 1, eack 0, rst 0, seq_nr 19654, ack_nr 30481, packet_len 5 (0)
[0;0m[0;34mRDP 0x561bc1274698: Wake Tx task (check timeouts)
[0;0m[0;34mRDP 0x561bc1274698: Received in S 3: syn 0, ack 1, eack 0, rst 0, seq_nr 30482, ack_nr 19653, packet_len 256 (251)
[0;0m[0;34mRDP 0x561bc1274698: Wake Tx task (check timeouts)
[0;0m[0;34mRDP 0x561bc1274698: Received in S 3: syn 0, ack 1, eack 0, rst 0, seq_nr 30483, ack_nr 19653, packet_len 256 (251)
[0;0m[0;34mRDP 0x561bc1274698: Wake Tx task (check timeouts)
[0;0m[0;34mRDP 0x561bc1274698: Received in S 3: syn 0, ack 1, eack 0, rst 0, seq_nr 30484, ack_nr 19653, packet_len 256 (251)
[0;0m[0;34mRDP 0x561bc1274698: Send CMP S 3: syn 0, ack 1, eack 0, rst 0, seq_nr 19654, ack_nr 30484, packet_len 5 (0)
[0;0m[0;34mRDP 0x561bc1274698: Wake Tx task (check timeouts)
[0;0m[0;34mRDP 0x561bc1274698: Received in S 3: syn 0, ack 1, eack 0, rst 0, seq_nr 30485, ack_nr 19653, packet_len 130 (125)
[0;0m[0;34mRDP 0x561bc1274698: Wake Tx task (check timeouts)
[0;0m[0;34mcsp_sfp_recv_fp: 20:57, fragment 243/2304
[0;0m[0;34mcsp_sfp_recv_fp: 20:57, fragment 486/2304
[0;0m[0;34mcsp_sfp_recv_fp: 20:57, fragment 729/2304
[0;0m[0;34mcsp_sfp_recv_fp: 20:57, fragment 972/2304
[0;0m[0;34mcsp_sfp_recv_fp: 20:57, fragment 1215/2304
[0;0m[0;34mcsp_sfp_recv_fp: 20:57, fragment 1458/2304
[0;0m[0;34mcsp_sfp_recv_fp: 20:57, fragment 1701/2304
[0;0m[0;34mcsp_sfp_recv_fp: 20:57, fragment 1944/2304
[0;0m[0;34mcsp_sfp_recv_fp: 20:57, fragment 2187/2304
[0;0m[0;34mcsp_sfp_recv_fp: 20:57, fragment 2304/2304
[0;0m[0;34mRDP 0x561bc1274698: Sending  in S 3: syn 0, ack 1, eack 0, rst 0, seq_nr 19654, ack_nr 30485, packet_len 6 (1)
[0;0mRECV_BUNDLE bundle_seq=3 n=64 bytes=2304
[0;34mRDP 0x561bc1274698: Received in S 3: syn 0, ack 1, eack 0, rst 0, seq_nr 30486, ack_nr 19654, packet_len 256 (251)
[0;0m[0;34mRDP 0x561bc1274698: TX Element Free, time 24018422, seq 19654, una 19655
[0;0m[0;34mRDP 0x561bc1274698: Wake Tx task (check timeouts)
[0;0m[0;34mRDP 0x561bc1274698: Received in S 3: syn 0, ack 1, eack 0, rst 0, seq_nr 30487, ack_nr 19654, packet_len 256 (251)
[0;0m[0;34mRDP 0x561bc1274698: Send CMP S 3: syn 0, ack 1, eack 0, rst 0, seq_nr 19655, ack_nr 30487, packet_len 5 (0)
[0;0m[0;34mRDP 0x561bc1274698: Wake Tx task (check timeouts)
[0;0m[0;34mRDP 0x561bc1274698: Received in S 3: syn 0, ack 1, eack 0, rst 0, seq_nr 30488, ack_nr 19654, packet_len 256 (251)
[0;0m[0;34mRDP 0x561bc1274698: Wake Tx task (check timeouts)
[0;0m[0;34mRDP 0x561bc1274698: Received in S 3: syn 0, ack 1, eack 0, rst 0, seq_nr 30489, ack_nr 19654, packet_len 256 (251)
[0;0m[0;34mRDP 0x561bc1274698: Wake Tx task (check timeouts)
[0;0m[0;34mRDP 0x561bc1274698: Received in S 3: syn 0, ack 1, eack 0, rst 0, seq_nr 30490, ack_nr 19654, packet_len 256 (251)
[0;0m[0;34mRDP 0x561bc1274698: Send CMP S 3: syn 0, ack 1, eack 0, rst 0, seq_nr 19655, ack_nr 30490, packet_len 5 (0)
[0;0m[0;34mRDP 0x561bc1274698: Wake Tx task (check timeouts)
[0;0m[0;34mRDP 0x561bc1274698: Received in S 3: syn 0, ack 1, eack 0, rst 0, seq_nr 30491, ack_nr 19654, packet_len 256 (251)
[0;0m[0;34mRDP 0x561bc1274698: Wake Tx task (check timeouts)
[0;0m[0;34mRDP 0x561bc1274698: Received in S 3: syn 0, ack 1, eack 0, rst 0, seq_nr 30492, ack_nr 19654, packet_len 256 (251)
[0;0m[0;34mRDP 0x561bc1274698: Wake Tx task (check timeouts)
[0;0m[0;34mRDP 0x561bc1274698: Received in S 3: syn 0, ack 1, eack 0, rst 0, seq_nr 30493, ack_nr 19654, packet_len 256 (251)
[0;0m[0;34mRDP 0x561bc1274698: Send CMP S 3: syn 0, ack 1, eack 0, rst 0, seq_nr 19655, ack_nr 30493, packet_len 5 (0)
[0;0m[0;34mRDP 0x561bc1274698: Wake Tx task (check timeouts)
[0;0m[0;34mRDP 0x561bc1274698: Received in S 3: syn 0, ack 1, eack 0, rst 0, seq_nr 30494, ack_nr 19654, packet_len 256 (251)
[0;0m[0;34mRDP 0x561bc1274698: Wake Tx task (check timeouts)
[0;0m[0;34mcsp_sfp_recv_fp: 20:57, fragment 243/2304
[0;0m[0;34mcsp_sfp_recv_fp: 20:57, fragment 486/2304
[0;0m[0;34mcsp_sfp_recv_fp: 20:57, fragment 729/2304
[0;0m[0;34mcsp_sfp_recv_fp: 20:57, fragment 972/2304
[0;0m[0;34mcsp_sfp_recv_fp: 20:57, fragment 1215/2304
[0;0m[0;34mcsp_sfp_recv_fp: 20:57, fragment 1458/2304
[0;0m[0;34mcsp_sfp_recv_fp: 20:57, fragment 1701/2304
[0;0m[0;34mcsp_sfp_recv_fp: 20:57, fragment 1944/2304
[0;0m[0;34mcsp_sfp_recv_fp: 20:57, fragment 2187/2304
[0;0m[0;34mRDP 0x561bc1274698: Received in S 3: syn 0, ack 1, eack 0, rst 0, seq_nr 30495, ack_nr 19654, packet_len 130 (125)
[0;0m[0;34mRDP 0x561bc1274698: Wake Tx task (check timeouts)
[0;0m[0;34mcsp_sfp_recv_fp: 20:57, fragment 2304/2304
[0;0m[1;33mcsp_sfp_recv_fp: 20:57, invalid message, offset 2187 (expected 0), length: 117, totalsize 2304
[0;0m[0;34mRDP 0x561bc1274698: Send CMP S 4: syn 0, ack 1, eack 0, rst 1, seq_nr 19655, ack_nr 30495, packet_len 5 (0)
[0;0m[0;34mRDP 0x561bc1274698: csp_rdp_close(0x1), sent RST -> CLOSE_WAIT
[0;0m[0;34mRDP 0x561bc1274698: csp_rdp_close(0x1), waiting for: protocol timeout
[0;0m[0;34mRDP 0x561bc1274698: Received in S 4: syn 0, ack 1, eack 0, rst 1, seq_nr 30496, ack_nr 19654, packet_len 5 (0)
[0;0m[0;34mRDP 0x561bc1274698: RST received in CLOSE_WAIT, ack: 1 - closing
[0;0m[0;34mRDP 0x561bc1274698: csp_rdp_close(0x2), waiting for: timeout
[0;0m[0;34mRDP 0x561bc1274720: Received in S 0: syn 1, ack 0, eack 0, rst 0, seq_nr 11306, ack_nr     0, packet_len 29 (24)
[0;0m[0;34mRDP 0x561bc1274720: SYN-Received
[0;0m[0;34mRDP 0x561bc1274720: window size 4, conn timeout 1000, packet timeout 1000, delayed acks: 1, ack timeout 250, ack each 2 packet
[0;0m[0;34mRDP 0x561bc1274720: Send CMP S 2: syn 1, ack 1, eack 0, rst 0, seq_nr 23612, ack_nr 11306, packet_len 5 (0)
[0;0m[0;34mRDP 0x561bc1274720: Received in S 2: syn 0, ack 1, eack 0, rst 0, seq_nr 11307, ack_nr 23612, packet_len 5 (0)
[0;0m[0;34mRDP 0x561bc1274720: NC: Connection OPEN
[0;0m[0;34mRDP 0x561bc1274720: TX Element Free, time 24018425, seq 23612, una 23613
[0;0m[0;34mRDP 0x561bc1274720: Wake Tx task (check timeouts)
[0;0m[0;34mRDP 0x561bc1274720: Received in S 3: syn 0, ack 1, eack 0, rst 0, seq_nr 11307, ack_nr 23612, packet_len 256 (251)
[0;0m[0;34mRDP 0x561bc1274720: Wake Tx task (check timeouts)
[0;0m[0;34mRDP 0x561bc1274720: Received in S 3: syn 0, ack 1, eack 0, rst 0, seq_nr 11308, ack_nr 23612, packet_len 256 (251)
[0;0m[0;34mRDP 0x561bc1274720: Wake Tx task (check timeouts)
[0;0m[0;34mRDP 0x561bc1274720: Received in S 3: syn 0, ack 1, eack 0, rst 0, seq_nr 11309, ack_nr 23612, packet_len 256 (251)
[0;0m[0;34mRDP 0x561bc1274720: Send CMP S 3: syn 0, ack 1, eack 0, rst 0, seq_nr 23613, ack_nr 11309, packet_len 5 (0)
[0;0m[0;34mRDP 0x561bc1274720: Wake Tx task (check timeouts)
[0;0m[0;34mRDP 0x561bc1274720: Received in S 3: syn 0, ack 1, eack 0, rst 0, seq_nr 11310, ack_nr 23612, packet_len 256 (251)
[0;0m[0;34mRDP 0x561bc1274720: Wake Tx task (check timeouts)
[0;0m[0;34mRDP 0x561bc1274720: Received in S 3: syn 0, ack 1, eack 0, rst 0, seq_nr 11311, ack_nr 23612, packet_len 256 (251)
[0;0m[0;34mRDP 0x561bc1274720: Wake Tx task (check timeouts)
[0;0m[0;34mRDP 0x561bc1274720: Received in S 3: syn 0, ack 1, eack 0, rst 0, seq_nr 11312, ack_nr 23612, packet_len 256 (251)
[0;0m[0;34mRDP 0x561bc1274720: Send CMP S 3: syn 0, ack 1, eack 0, rst 0, seq_nr 23613, ack_nr 11312, packet_len 5 (0)
[0;0m[0;34mRDP 0x561bc1274720: Wake Tx task (check timeouts)
[0;0m[0;34mRDP 0x561bc1274720: Received in S 3: syn 0, ack 1, eack 0, rst 0, seq_nr 11313, ack_nr 23612, packet_len 256 (251)
[0;0m[0;34mRDP 0x561bc1274720: Wake Tx task (check timeouts)
[0;0m[0;34mRDP 0x561bc1274720: Received in S 3: syn 0, ack 1, eack 0, rst 0, seq_nr 11314, ack_nr 23612, packet_len 256 (251)
[0;0m[0;34mRDP 0x561bc1274720: Wake Tx task (check timeouts)
[0;0m[0;34mRDP 0x561bc1274720: Received in S 3: syn 0, ack 1, eack 0, rst 0, seq_nr 11315, ack_nr 23612, packet_len 256 (251)
[0;0m[0;34mRDP 0x561bc1274720: Send CMP S 3: syn 0, ack 1, eack 0, rst 0, seq_nr 23613, ack_nr 11315, packet_len 5 (0)
[0;0m[0;34mRDP 0x561bc1274720: Wake Tx task (check timeouts)
[0;0m[0;34mRDP 0x561bc1274720: Received in S 3: syn 0, ack 1, eack 0, rst 0, seq_nr 11316, ack_nr 23612, packet_len 130 (125)
[0;0m[0;34mRDP 0x561bc1274720: Wake Tx task (check timeouts)
[0;0m[0;34mcsp_sfp_recv_fp: 20:58, fragment 243/2304
[0;0m[0;34mcsp_sfp_recv_fp: 20:58, fragment 486/2304
[0;0m[0;34mcsp_sfp_recv_fp: 20:58, fragment 729/2304
[0;0m[0;34mcsp_sfp_recv_fp: 20:58, fragment 972/2304
[0;0m[0;34mcsp_sfp_recv_fp: 20:58, fragment 1215/2304
[0;0m[0;34mcsp_sfp_recv_fp: 20:58, fragment 1458/2304
[0;0m[0;34mcsp_sfp_recv_fp: 20:58, fragment 1701/2304
[0;0m[0;34mcsp_sfp_recv_fp: 20:58, fragment 1944/2304
[0;0m[0;34mcsp_sfp_recv_fp: 20:58, fragment 2187/2304
[0;0m[0;34mcsp_sfp_recv_fp: 20:58, fragment 2304/2304
[0;0m[0;34mRDP 0x561bc1274720: Sending  in S 3: syn 0, ack 1, eack 0, rst 0, seq_nr 23613, ack_nr 11316, packet_len 6 (1)
[0;0mRECV_BUNDLE bundle_seq=4 n=64 bytes=2304
[0;34mRDP 0x561bc1274720: Received in S 3: syn 0, ack 1, eack 0, rst 0, seq_nr 11317, ack_nr 23613, packet_len 256 (251)
[0;0m[0;34mRDP 0x561bc1274720: TX Element Free, time 24018442, seq 23613, una 23614
[0;0m[0;34mRDP 0x561bc1274720: Wake Tx task (check timeouts)
[0;0m[0;34mRDP 0x561bc1274720: Received in S 3: syn 0, ack 1, eack 0, rst 0, seq_nr 11318, ack_nr 23613, packet_len 256 (251)
[0;0m[0;34mRDP 0x561bc1274720: Send CMP S 3: syn 0, ack 1, eack 0, rst 0, seq_nr 23614, ack_nr 11318, packet_len 5 (0)
[0;0m[0;34mRDP 0x561bc1274720: Wake Tx task (check timeouts)
[0;0m[0;34mRDP 0x561bc1274720: Received in S 3: syn 0, ack 1, eack 0, rst 0, seq_nr 11319, ack_nr 23613, packet_len 256 (251)
[0;0m[0;34mRDP 0x561bc1274720: Wake Tx task (check timeouts)
[0;0m[0;34mRDP 0x561bc1274720: Received in S 3: syn 0, ack 1, eack 0, rst 0, seq_nr 11320, ack_nr 23613, packet_len 256 (251)
[0;0m[0;34mRDP 0x561bc1274720: Wake Tx task (check timeouts)
[0;0m[0;34mRDP 0x561bc1274720: Received in S 3: syn 0, ack 1, eack 0, rst 0, seq_nr 11321, ack_nr 23613, packet_len 256 (251)
[0;0m[0;34mRDP 0x561bc1274720: Send CMP S 3: syn 0, ack 1, eack 0, rst 0, seq_nr 23614, ack_nr 11321, packet_len 5 (0)
[0;0m[0;34mRDP 0x561bc1274720: Wake Tx task (check timeouts)
[0;0m[0;34mRDP 0x561bc1274720: Received in S 3: syn 0, ack 1, eack 0, rst 0, seq_nr 11322, ack_nr 23613, packet_len 256 (251)
[0;0m[0;34mRDP 0x561bc1274720: Wake Tx task (check timeouts)
[0;0m[0;34mRDP 0x561bc1274720: Received in S 3: syn 0, ack 1, eack 0, rst 0, seq_nr 11323, ack_nr 23613, packet_len 256 (251)
[0;0m[0;34mRDP 0x561bc1274720: Wake Tx task (check timeouts)
[0;0m[0;34mRDP 0x561bc1274720: Received in S 3: syn 0, ack 1, eack 0, rst 0, seq_nr 11324, ack_nr 23613, packet_len 256 (251)
[0;0m[0;34mRDP 0x561bc1274720: Send CMP S 3: syn 0, ack 1, eack 0, rst 0, seq_nr 23614, ack_nr 11324, packet_len 5 (0)
[0;0m[0;34mRDP 0x561bc1274720: Wake Tx task (check timeouts)
[0;0m[0;34mRDP 0x561bc1274720: Received in S 3: syn 0, ack 1, eack 0, rst 0, seq_nr 11325, ack_nr 23613, packet_len 256 (251)
[0;0m[0;34mRDP 0x561bc1274720: Wake Tx task (check timeouts)
[0;0m[0;34mcsp_sfp_recv_fp: 20:58, fragment 243/2304
[0;0m[0;34mcsp_sfp_recv_fp: 20:58, fragment 486/2304
[0;0m[0;34mcsp_sfp_recv_fp: 20:58, fragment 729/2304
[0;0m[0;34mcsp_sfp_recv_fp: 20:58, fragment 972/2304
[0;0m[0;34mcsp_sfp_recv_fp: 20:58, fragment 1215/2304
[0;0m[0;34mcsp_sfp_recv_fp: 20:58, fragment 1458/2304
[0;0m[0;34mcsp_sfp_recv_fp: 20:58, fragment 1701/2304
[0;0m[0;34mcsp_sfp_recv_fp: 20:58, fragment 1944/2304
[0;0m[0;34mcsp_sfp_recv_fp: 20:58, fragment 2187/2304
[0;0m[0;34mRDP 0x561bc1274720: Received in S 3: syn 0, ack 1, eack 0, rst 0, seq_nr 11326, ack_nr 23613, packet_len 130 (125)
[0;0m[0;34mRDP 0x561bc1274720: Wake Tx task (check timeouts)
[0;0m[0;34mcsp_sfp_recv_fp: 20:58, fragment 2304/2304
[0;0m[0;34mRDP 0x561bc1274720: Sending  in S 3: syn 0, ack 1, eack 0, rst 0, seq_nr 23614, ack_nr 11326, packet_len 6 (1)
[0;0mRECV_BUNDLE bundle_seq=5 n=64 bytes=2304
[0;34mRDP 0x561bc1274720: Received in S 3: syn 0, ack 1, eack 0, rst 0, seq_nr 11327, ack_nr 23614, packet_len 256 (251)
[0;0m[0;34mRDP 0x561bc1274720: Send CMP S 3: syn 0, ack 1, eack 0, rst 0, seq_nr 23615, ack_nr 11327, packet_len 5 (0)
[0;0m[0;34mRDP 0x561bc1274720: TX Element Free, time 24018444, seq 23614, una 23615
[0;0m[0;34mRDP 0x561bc1274720: Wake Tx task (check timeouts)
[0;0m[0;34mRDP 0x561bc1274720: Received in S 3: syn 0, ack 1, eack 0, rst 0, seq_nr 11328, ack_nr 23614, packet_len 256 (251)
[0;0m[0;34mRDP 0x561bc1274720: Wake Tx task (check timeouts)
[0;0m[0;34mRDP 0x561bc1274720: Received in S 3: syn 0, ack 1, eack 0, rst 0, seq_nr 11329, ack_nr 23614, packet_len 256 (251)
[0;0m[0;34mRDP 0x561bc1274720: Wake Tx task (check timeouts)
[0;0m[0;34mRDP 0x561bc1274720: Received in S 3: syn 0, ack 1, eack 0, rst 0, seq_nr 11330, ack_nr 23614, packet_len 256 (251)
[0;0m[0;34mRDP 0x561bc1274720: Send CMP S 3: syn 0, ack 1, eack 0, rst 0, seq_nr 23615, ack_nr 11330, packet_len 5 (0)
[0;0m[0;34mRDP 0x561bc1274720: Wake Tx task (check timeouts)
[0;0m[0;34mRDP 0x561bc1274720: Received in S 3: syn 0, ack 1, eack 0, rst 0, seq_nr 11331, ack_nr 23614, packet_len 256 (251)
[0;0m[0;34mRDP 0x561bc1274720: Wake Tx task (check timeouts)
[0;0m[0;34mRDP 0x561bc1274720: Received in S 3: syn 0, ack 1, eack 0, rst 0, seq_nr 11332, ack_nr 23614, packet_len 256 (251)
[0;0m[0;34mRDP 0x561bc1274720: Wake Tx task (check timeouts)
[0;0m[0;34mRDP 0x561bc1274720: Received in S 3: syn 0, ack 1, eack 0, rst 0, seq_nr 11333, ack_nr 23614, packet_len 256 (251)
[0;0m[0;34mRDP 0x561bc1274720: Send CMP S 3: syn 0, ack 1, eack 0, rst 0, seq_nr 23615, ack_nr 11333, packet_len 5 (0)
[0;0m[0;34mRDP 0x561bc1274720: Wake Tx task (check timeouts)
[0;0m[0;34mRDP 0x561bc1274720: Received in S 3: syn 0, ack 1, eack 0, rst 0, seq_nr 11334, ack_nr 23614, packet_len 256 (251)
[0;0m[0;34mRDP 0x561bc1274720: Wake Tx task (check timeouts)
[0;0m[0;34mRDP 0x561bc1274720: Received in S 3: syn 0, ack 1, eack 0, rst 0, seq_nr 11335, ack_nr 23614, packet_len 256 (251)
[0;0m[0;34mRDP 0x561bc1274720: Wake Tx task (check timeouts)
[0;0m[0;34mRDP 0x561bc1274720: Received in S 3: syn 0, ack 1, eack 0, rst 0, seq_nr 11336, ack_nr 23614, packet_len 130 (125)
[0;0m[0;34mRDP 0x561bc1274720: Send CMP S 3: syn 0, ack 1, eack 0, rst 0, seq_nr 23615, ack_nr 11336, packet_len 5 (0)
[0;0m[0;34mRDP 0x561bc1274720: Wake Tx task (check timeouts)
[0;0m[0;34mcsp_sfp_recv_fp: 20:58, fragment 243/2304
[0;0m[0;34mcsp_sfp_recv_fp: 20:58, fragment 486/2304
[0;0m[0;34mcsp_sfp_recv_fp: 20:58, fragment 729/2304
[0;0m[0;34mcsp_sfp_recv_fp: 20:58, fragment 972/2304
[0;0m[0;34mcsp_sfp_recv_fp: 20:58, fragment 1215/2304
[0;0m[0;34mcsp_sfp_recv_fp: 20:58, fragment 1458/2304
[0;0m[0;34mcsp_sfp_recv_fp: 20:58, fragment 1701/2304
[0;0m[0;34mcsp_sfp_recv_fp: 20:58, fragment 1944/2304
[0;0m[0;34mcsp_sfp_recv_fp: 20:58, fragment 2187/2304
[0;0m[0;34mcsp_sfp_recv_fp: 20:58, fragment 2304/2304
[0;0m[0;34mRDP 0x561bc1274720: Sending  in S 3: syn 0, ack 1, eack 0, rst 0, seq_nr 23615, ack_nr 11336, packet_len 6 (1)
[0;0mRECV_BUNDLE bundle_seq=6 n=64 bytes=2304
[0;34mRDP 0x561bc1274720: Received in S 3: syn 0, ack 1, eack 0, rst 0, seq_nr 11337, ack_nr 23615, packet_len 5 (0)
[0;0m[0;34mRDP 0x561bc1274720: TX Element Free, time 24018445, seq 23615, una 23616
[0;0m[0;34mRDP 0x561bc1274720: Wake Tx task (check timeouts)
[0;0m[0;34mRDP 0x561bc1274720: Received in S 3: syn 0, ack 1, eack 0, rst 0, seq_nr 11337, ack_nr 23615, packet_len 5 (0)
[0;0m[0;34mRDP 0x561bc1274720: Wake Tx task (check timeouts)
[0;0m[0;34mRDP 0x561bc1274720: Received in S 3: syn 0, ack 1, eack 0, rst 0, seq_nr 11337, ack_nr 23615, packet_len 256 (251)
[0;0m[0;34mRDP 0x561bc1274720: Wake Tx task (check timeouts)
[0;0m[0;34mRDP 0x561bc1274720: Received in S 3: syn 0, ack 1, eack 0, rst 0, seq_nr 11338, ack_nr 23615, packet_len 256 (251)
[0;0m[0;34mRDP 0x561bc1274720: Wake Tx task (check timeouts)
[0;0m[0;34mRDP 0x561bc1274720: Received in S 3: syn 0, ack 1, eack 0, rst 0, seq_nr 11339, ack_nr 23615, packet_len 256 (251)
[0;0m[0;34mRDP 0x561bc1274720: Send CMP S 3: syn 0, ack 1, eack 0, rst 0, seq_nr 23616, ack_nr 11339, packet_len 5 (0)
[0;0m[0;34mRDP 0x561bc1274720: Wake Tx task (check timeouts)
[0;0m[0;34mRDP 0x561bc1274720: Received in S 3: syn 0, ack 1, eack 0, rst 0, seq_nr 11340, ack_nr 23615, packet_len 256 (251)
[0;0m[0;34mRDP 0x561bc1274720: Wake Tx task (check timeouts)
[0;0m[0;34mRDP 0x561bc1274720: Received in S 3: syn 0, ack 1, eack 0, rst 0, seq_nr 11341, ack_nr 23615, packet_len 256 (251)
[0;0m[0;34mRDP 0x561bc1274720: Wake Tx task (check timeouts)
[0;0m[0;34mRDP 0x561bc1274720: Received in S 3: syn 0, ack 1, eack 0, rst 0, seq_nr 11342, ack_nr 23615, packet_len 256 (251)
[0;0m[0;34mRDP 0x561bc1274720: Send CMP S 3: syn 0, ack 1, eack 0, rst 0, seq_nr 23616, ack_nr 11342, packet_len 5 (0)
[0;0m[0;34mRDP 0x561bc1274720: Wake Tx task (check timeouts)
[0;0m[0;34mRDP 0x561bc1274720: Received in S 3: syn 0, ack 1, eack 0, rst 0, seq_nr 11343, ack_nr 23615, packet_len 256 (251)
[0;0m[0;34mRDP 0x561bc1274720: Wake Tx task (check timeouts)
[0;0m[0;34mRDP 0x561bc1274720: Received in S 3: syn 0, ack 1, eack 0, rst 0, seq_nr 11344, ack_nr 23615, packet_len 256 (251)
[0;0m[0;34mRDP 0x561bc1274720: Wake Tx task (check timeouts)
[0;0m[0;34mRDP 0x561bc1274720: Received in S 3: syn 0, ack 1, eack 0, rst 0, seq_nr 11345, ack_nr 23615, packet_len 256 (251)
[0;0m[0;34mRDP 0x561bc1274720: Send CMP S 3: syn 0, ack 1, eack 0, rst 0, seq_nr 23616, ack_nr 11345, packet_len 5 (0)
[0;0m[0;34mRDP 0x561bc1274720: Send CMP S 3: syn 0, ack 1, eack 0, rst 0, seq_nr 23616, ack_nr 11345, packet_len 5 (0)[0;34m
RDP 0x561bc1274720: Wake Tx task (check timeouts)[0;0m
[0;0m[0;34mRDP 0x561bc1274720: Received in S 3: syn 0, ack 1, eack 0, rst 0, seq_nr 11346, ack_nr 23615, packet_len 130 (125)
[0;0m[0;34mRDP 0x561bc1274720: Wake Tx task (check timeouts)
[0;0m[0;34mcsp_sfp_recv_fp: 20:58, fragment 243/2304
[0;0m[0;34mcsp_sfp_recv_fp: 20:58, fragment 486/2304
[0;0m[0;34mcsp_sfp_recv_fp: 20:58, fragment 729/2304
[0;0m[0;34mcsp_sfp_recv_fp: 20:58, fragment 972/2304
[0;0m[0;34mcsp_sfp_recv_fp: 20:58, fragment 1215/2304
[0;0m[0;34mcsp_sfp_recv_fp: 20:58, fragment 1458/2304
[0;0m[0;34mcsp_sfp_recv_fp: 20:58, fragment 1701/2304
[0;0m[0;34mcsp_sfp_recv_fp: 20:58, fragment 1944/2304
[0;0m[0;34mcsp_sfp_recv_fp: 20:58, fragment 2187/2304
[0;0m[0;34mcsp_sfp_recv_fp: 20:58, fragment 2304/2304
[0;0m[0;34mRDP 0x561bc1274720: Sending  in S 3: syn 0, ack 1, eack 0, rst 0, seq_nr 23616, ack_nr 11346, packet_len 6 (1)
[0;0mRECV_BUNDLE bundle_seq=7 n=64 bytes=2304
[0;34mRDP 0x561bc1274720: Received in S 3: syn 0, ack 1, eack 0, rst 0, seq_nr 11347, ack_nr 23616, packet_len 256 (251)
[0;0m[0;34mRDP 0x561bc1274720: TX Element Free, time 24018446, seq 23616, una 23617
[0;0m[0;34mRDP 0x561bc1274720: Wake Tx task (check timeouts)
[0;0m[0;34mRDP 0x561bc1274720: Received in S 3: syn 0, ack 1, eack 0, rst 0, seq_nr 11348, ack_nr 23616, packet_len 256 (251)
[0;0m[0;34mRDP 0x561bc1274720: Send CMP S 3: syn 0, ack 1, eack 0, rst 0, seq_nr 23617, ack_nr 11348, packet_len 5 (0)
[0;0m[0;34mRDP 0x561bc1274720: Wake Tx task (check timeouts)
[0;0m[0;34mRDP 0x561bc1274720: Received in S 3: syn 0, ack 1, eack 0, rst 0, seq_nr 11349, ack_nr 23616, packet_len 256 (251)
[0;0m[0;34mRDP 0x561bc1274720: Wake Tx task (check timeouts)
[0;0m[0;34mRDP 0x561bc1274720: Received in S 3: syn 0, ack 1, eack 0, rst 0, seq_nr 11350, ack_nr 23616, packet_len 256 (251)
[0;0m[0;34mRDP 0x561bc1274720: Wake Tx task (check timeouts)
[0;0m[0;34mRDP 0x561bc1274720: Received in S 3: syn 0, ack 1, eack 0, rst 0, seq_nr 11351, ack_nr 23616, packet_len 256 (251)
[0;0m[0;34mRDP 0x561bc1274720: Send CMP S 3: syn 0, ack 1, eack 0, rst 0, seq_nr 23617, ack_nr 11351, packet_len 5 (0)
[0;0m[0;34mRDP 0x561bc1274720: Wake Tx task (check timeouts)
[0;0m[0;34mRDP 0x561bc1274720: Received in S 3: syn 0, ack 1, eack 0, rst 0, seq_nr 11352, ack_nr 23616, packet_len 256 (251)
[0;0m[0;34mRDP 0x561bc1274720: Wake Tx task (check timeouts)
[0;0m[0;34mRDP 0x561bc1274720: Received in S 3: syn 0, ack 1, eack 0, rst 0, seq_nr 11353, ack_nr 23616, packet_len 256 (251)
[0;0m[0;34mRDP 0x561bc1274720: Wake Tx task (check timeouts)
[0;0m[0;34mRDP 0x561bc1274720: Received in S 3: syn 0, ack 1, eack 0, rst 0, seq_nr 11354, ack_nr 23616, packet_len 256 (251)
[0;0m[0;34mRDP 0x561bc1274720: Send CMP S 3: syn 0, ack 1, eack 0, rst 0, seq_nr 23617, ack_nr 11354, packet_len 5 (0)
[0;0m[0;34mRDP 0x561bc1274720: Wake Tx task (check timeouts)
[0;0m[0;34mRDP 0x561bc1274720: Received in S 3: syn 0, ack 1, eack 0, rst 0, seq_nr 11355, ack_nr 23616, packet_len 256 (251)
[0;0m[0;34mRDP 0x561bc1274720: Wake Tx task (check timeouts)
[0;0m[0;34mRDP 0x561bc1274720: Received in S 3: syn 0, ack 1, eack 0, rst 0, seq_nr 11356, ack_nr 23616, packet_len 130 (125)
[0;0m[0;34mRDP 0x561bc1274720: Wake Tx task (check timeouts)
[0;0m[0;34mcsp_sfp_recv_fp: 20:58, fragment 243/2304
[0;0m[0;34mcsp_sfp_recv_fp: 20:58, fragment 486/2304
[0;0m[0;34mcsp_sfp_recv_fp: 20:58, fragment 729/2304
[0;0m[0;34mcsp_sfp_recv_fp: 20:58, fragment 972/2304
[0;0m[0;34mcsp_sfp_recv_fp: 20:58, fragment 1215/2304
[0;0m[0;34mcsp_sfp_recv_fp: 20:58, fragment 1458/2304
[0;0m[0;34mcsp_sfp_recv_fp: 20:58, fragment 1701/2304
[0;0m[0;34mcsp_sfp_recv_fp: 20:58, fragment 1944/2304
[0;0m[0;34mcsp_sfp_recv_fp: 20:58, fragment 2187/2304
[0;0m[0;34mcsp_sfp_recv_fp: 20:58, fragment 2304/2304
[0;0m[0;34mRDP 0x561bc1274720: Sending  in S 3: syn 0, ack 1, eack 0, rst 0, seq_nr 23617, ack_nr 11356, packet_len 6 (1)
[0;0mRECV_BUNDLE bundle_seq=8 n=64 bytes=2304
[0;34mRDP 0x561bc1274720: Received in S 3: syn 0, ack 1, eack 0, rst 0, seq_nr 11357, ack_nr 23617, packet_len 256 (251)
[0;0m[0;34mRDP 0x561bc1274720: Send CMP S 3: syn 0, ack 1, eack 0, rst 0, seq_nr 23618, ack_nr 11357, packet_len 5 (0)
[0;0m[0;34mRDP 0x561bc1274720: TX Element Free, time 24018447, seq 23617, una 23618
[0;0m[0;34mRDP 0x561bc1274720: Wake Tx task (check timeouts)
[0;0m[0;34mRDP 0x561bc1274720: Received in S 3: syn 0, ack 1, eack 0, rst 0, seq_nr 11358, ack_nr 23617, packet_len 256 (251)
[0;0m[0;34mRDP 0x561bc1274720: Wake Tx task (check timeouts)
[0;0m[0;34mRDP 0x561bc1274720: Received in S 3: syn 0, ack 1, eack 0, rst 0, seq_nr 11359, ack_nr 23617, packet_len 256 (251)
[0;0m[0;34mRDP 0x561bc1274720: Wake Tx task (check timeouts)
[0;0m[0;34mRDP 0x561bc1274720: Received in S 3: syn 0, ack 1, eack 0, rst 0, seq_nr 11360, ack_nr 23617, packet_len 256 (251)
[0;0m[0;34mRDP 0x561bc1274720: Send CMP S 3: syn 0, ack 1, eack 0, rst 0, seq_nr 23618, ack_nr 11360, packet_len 5 (0)
[0;0m[0;34mRDP 0x561bc1274720: Wake Tx task (check timeouts)
[0;0m[0;34mRDP 0x561bc1274720: Received in S 3: syn 0, ack 1, eack 0, rst 0, seq_nr 11361, ack_nr 23617, packet_len 256 (251)
[0;0m[0;34mRDP 0x561bc1274720: Wake Tx task (check timeouts)
[0;0m[0;34mRDP 0x561bc1274720: Received in S 3: syn 0, ack 1, eack 0, rst 0, seq_nr 11362, ack_nr 23617, packet_len 256 (251)
[0;0m[0;34mRDP 0x561bc1274720: Wake Tx task (check timeouts)
[0;0m[0;34mRDP 0x561bc1274720: Received in S 3: syn 0, ack 1, eack 0, rst 0, seq_nr 11363, ack_nr 23617, packet_len 256 (251)
[0;0m[0;34mRDP 0x561bc1274720: Send CMP S 3: syn 0, ack 1, eack 0, rst 0, seq_nr 23618, ack_nr 11363, packet_len 5 (0)
[0;0m[0;34mRDP 0x561bc1274720: Wake Tx task (check timeouts)
[0;0m[0;34mRDP 0x561bc1274720: Received in S 3: syn 0, ack 1, eack 0, rst 0, seq_nr 11364, ack_nr 23617, packet_len 256 (251)
[0;0m[0;34mRDP 0x561bc1274720: Wake Tx task (check timeouts)
[0;0m[0;34mRDP 0x561bc1274720: Received in S 3: syn 0, ack 1, eack 0, rst 0, seq_nr 11365, ack_nr 23617, packet_len 256 (251)
[0;0m[0;34mRDP 0x561bc1274720: Wake Tx task (check timeouts)
[0;0m[0;34mRDP 0x561bc1274720: Received in S 3: syn 0, ack 1, eack 0, rst 0, seq_nr 11366, ack_nr 23617, packet_len 130 (125)
[0;0m[0;34mRDP 0x561bc1274720: Send CMP S 3: syn 0, ack 1, eack 0, rst 0, seq_nr 23618, ack_nr 11366, packet_len 5 (0)
[0;0m[0;34mRDP 0x561bc1274720: Wake Tx task (check timeouts)
[0;0m[0;34mcsp_sfp_recv_fp: 20:58, fragment 243/2304
[0;0m[0;34mcsp_sfp_recv_fp: 20:58, fragment 486/2304
[0;0m[0;34mcsp_sfp_recv_fp: 20:58, fragment 729/2304
[0;0m[0;34mcsp_sfp_recv_fp: 20:58, fragment 972/2304
[0;0m[0;34mcsp_sfp_recv_fp: 20:58, fragment 1215/2304
[0;0m[0;34mcsp_sfp_recv_fp: 20:58, fragment 1458/2304
[0;0m[0;34mcsp_sfp_recv_fp: 20:58, fragment 1701/2304
[0;0m[0;34mcsp_sfp_recv_fp: 20:58, fragment 1944/2304
[0;0m[0;34mcsp_sfp_recv_fp: 20:58, fragment 2187/2304
[0;0m[0;34mcsp_sfp_recv_fp: 20:58, fragment 2304/2304
[0;0m[0;34mRDP 0x561bc1274720: Sending  in S 3: syn 0, ack 1, eack 0, rst 0, seq_nr 23618, ack_nr 11366, packet_len 6 (1)
[0;0mRECV_BUNDLE bundle_seq=9 n=64 bytes=2304
[0;34mRDP 0x561bc1274720: Received in S 3: syn 0, ack 1, eack 0, rst 0, seq_nr 11367, ack_nr 23618, packet_len 5 (0)
[0;0m[0;34mRDP 0x561bc1274720: TX Element Free, time 24018448, seq 23618, una 23619
[0;0m[0;34mRDP 0x561bc1274720: Wake Tx task (check timeouts)
[0;0m[0;34mRDP 0x561bc1274720: Received in S 3: syn 0, ack 1, eack 0, rst 0, seq_nr 11367, ack_nr 23618, packet_len 5 (0)
[0;0m[0;34mRDP 0x561bc1274720: Wake Tx task (check timeouts)
[0;0m[0;34mRDP 0x561bc1274720: Received in S 3: syn 0, ack 1, eack 0, rst 0, seq_nr 11367, ack_nr 23618, packet_len 256 (251)
[0;0m[0;34mRDP 0x561bc1274720: Wake Tx task (check timeouts)
[0;0m[0;34mRDP 0x561bc1274720: Received in S 3: syn 0, ack 1, eack 0, rst 0, seq_nr 11368, ack_nr 23618, packet_len 256 (251)
[0;0m[0;34mRDP 0x561bc1274720: Wake Tx task (check timeouts)
[0;0m[0;34mRDP 0x561bc1274720: Received in S 3: syn 0, ack 1, eack 0, rst 0, seq_nr 11369, ack_nr 23618, packet_len 256 (251)
[0;0m[0;34mRDP 0x561bc1274720: Send CMP S 3: syn 0, ack 1, eack 0, rst 0, seq_nr 23619, ack_nr 11369, packet_len 5 (0)
[0;0m[0;34mRDP 0x561bc1274720: Wake Tx task (check timeouts)
[0;0m[0;34mRDP 0x561bc1274720: Received in S 3: syn 0, ack 1, eack 0, rst 0, seq_nr 11370, ack_nr 23618, packet_len 256 (251)
[0;0m[0;34mRDP 0x561bc1274720: Wake Tx task (check timeouts)
[0;0m[0;34mRDP 0x561bc1274720: Received in S 3: syn 0, ack 1, eack 0, rst 0, seq_nr 11371, ack_nr 23618, packet_len 256 (251)
[0;0m[0;34mRDP 0x561bc1274720: Wake Tx task (check timeouts)
[0;0m[0;34mRDP 0x561bc1274720: Received in S 3: syn 0, ack 1, eack 0, rst 0, seq_nr 11372, ack_nr 23618, packet_len 256 (251)
[0;0m[0;34mRDP 0x561bc1274720: Send CMP S 3: syn 0, ack 1, eack 0, rst 0, seq_nr 23619, ack_nr 11372, packet_len 5 (0)
[0;0m[0;34mRDP 0x561bc1274720: Wake Tx task (check timeouts)
[0;0m[0;34mRDP 0x561bc1274720: Received in S 3: syn 0, ack 1, eack 0, rst 0, seq_nr 11373, ack_nr 23618, packet_len 256 (251)
[0;0m[0;34mRDP 0x561bc1274720: Wake Tx task (check timeouts)
[0;0m[0;34mRDP 0x561bc1274720: Received in S 3: syn 0, ack 1, eack 0, rst 0, seq_nr 11374, ack_nr 23618, packet_len 256 (251)
[0;0m[0;34mRDP 0x561bc1274720: Wake Tx task (check timeouts)
[0;0m[0;34mRDP 0x561bc1274720: Received in S 3: syn 0, ack 1, eack 0, rst 0, seq_nr 11375, ack_nr 23618, packet_len 256 (251)
[0;0m[0;34mRDP 0x561bc1274720: Send CMP S 3: syn 0, ack 1, eack 0, rst 0, seq_nr 23619, ack_nr 11375, packet_len 5 (0)
[0;0m[0;34mRDP 0x561bc1274720: Wake Tx task (check timeouts)
[0;0m[0;34mRDP 0x561bc1274720: Received in S 3: syn 0, ack 1, eack 0, rst 0, seq_nr 11376, ack_nr 23618, packet_len 130 (125)
[0;0m[0;34mRDP 0x561bc1274720: Wake Tx task (check timeouts)
[0;0m[0;34mcsp_sfp_recv_fp: 20:58, fragment 243/2304
[0;0m[0;34mcsp_sfp_recv_fp: 20:58, fragment 486/2304
[0;0m[0;34mcsp_sfp_recv_fp: 20:58, fragment 729/2304
[0;0m[0;34mcsp_sfp_recv_fp: 20:58, fragment 972/2304
[0;0m[0;34mcsp_sfp_recv_fp: 20:58, fragment 1215/2304
[0;0m[0;34mcsp_sfp_recv_fp: 20:58, fragment 1458/2304
[0;0m[0;34mcsp_sfp_recv_fp: 20:58, fragment 1701/2304
[0;0m[0;34mcsp_sfp_recv_fp: 20:58, fragment 1944/2304
[0;0m[0;34mcsp_sfp_recv_fp: 20:58, fragment 2187/2304
[0;0m[0;34mcsp_sfp_recv_fp: 20:58, fragment 2304/2304
[0;0m[0;34mRDP 0x561bc1274720: Sending  in S 3: syn 0, ack 1, eack 0, rst 0, seq_nr 23619, ack_nr 11376, packet_len 6 (1)
[0;0mRECV_BUNDLE bundle_seq=10 n=64 bytes=2304
[0;34mRDP 0x561bc1274720: Received in S 3: syn 0, ack 1, eack 0, rst 0, seq_nr 11377, ack_nr 23619, packet_len 256 (251)
[0;0m[0;34mRDP 0x561bc1274720: TX Element Free, time 24018449, seq 23619, una 23620
[0;0m[0;34mRDP 0x561bc1274720: Wake Tx task (check timeouts)
[0;0m[0;34mRDP 0x561bc1274720: Received in S 3: syn 0, ack 1, eack 0, rst 0, seq_nr 11378, ack_nr 23619, packet_len 256 (251)
[0;0m[0;34mRDP 0x561bc1274720: Send CMP S 3: syn 0, ack 1, eack 0, rst 0, seq_nr 23620, ack_nr 11378, packet_len 5 (0)
[0;0m[0;34mRDP 0x561bc1274720: Wake Tx task (check timeouts)
[0;0m[0;34mRDP 0x561bc1274720: Received in S 3: syn 0, ack 1, eack 0, rst 0, seq_nr 11379, ack_nr 23619, packet_len 256 (251)
[0;0m[0;34mRDP 0x561bc1274720: Wake Tx task (check timeouts)
[0;0m[0;34mRDP 0x561bc1274720: Received in S 3: syn 0, ack 1, eack 0, rst 0, seq_nr 11380, ack_nr 23619, packet_len 256 (251)
[0;0m[0;34mRDP 0x561bc1274720: Wake Tx task (check timeouts)
[0;0m[0;34mRDP 0x561bc1274720: Received in S 3: syn 0, ack 1, eack 0, rst 0, seq_nr 11381, ack_nr 23619, packet_len 256 (251)
[0;0m[0;34mRDP 0x561bc1274720: Send CMP S 3: syn 0, ack 1, eack 0, rst 0, seq_nr 23620, ack_nr 11381, packet_len 5 (0)
[0;0m[0;34mRDP 0x561bc1274720: Wake Tx task (check timeouts)
[0;0m[0;34mRDP 0x561bc1274720: Received in S 3: syn 0, ack 1, eack 0, rst 0, seq_nr 11382, ack_nr 23619, packet_len 256 (251)
[0;0m[0;34mRDP 0x561bc1274720: Wake Tx task (check timeouts)
[0;0m[0;34mRDP 0x561bc1274720: Received in S 3: syn 0, ack 1, eack 0, rst 0, seq_nr 11383, ack_nr 23619, packet_len 256 (251)
[0;0m[0;34mRDP 0x561bc1274720: Wake Tx task (check timeouts)
[0;0m[0;34mRDP 0x561bc1274720: Received in S 3: syn 0, ack 1, eack 0, rst 0, seq_nr 11384, ack_nr 23619, packet_len 256 (251)
[0;0m[0;34mRDP 0x561bc1274720: Send CMP S 3: syn 0, ack 1, eack 0, rst 0, seq_nr 23620, ack_nr 11384, packet_len 5 (0)
[0;0m[0;34mRDP 0x561bc1274720: Wake Tx task (check timeouts)
[0;0m[0;34mRDP 0x561bc1274720: Received in S 3: syn 0, ack 1, eack 0, rst 0, seq_nr 11385, ack_nr 23619, packet_len 256 (251)
[0;0m[0;34mRDP 0x561bc1274720: Wake Tx task (check timeouts)
[0;0m[0;34mRDP 0x561bc1274720: Received in S 3: syn 0, ack 1, eack 0, rst 0, seq_nr 11386, ack_nr 23619, packet_len 130 (125)
[0;0m[0;34mRDP 0x561bc1274720: Wake Tx task (check timeouts)
[0;0m[0;34mcsp_sfp_recv_fp: 20:58, fragment 243/2304
[0;0m[0;34mcsp_sfp_recv_fp: 20:58, fragment 486/2304
[0;0m[0;34mcsp_sfp_recv_fp: 20:58, fragment 729/2304
[0;0m[0;34mcsp_sfp_recv_fp: 20:58, fragment 972/2304
[0;0m[0;34mcsp_sfp_recv_fp: 20:58, fragment 1215/2304
[0;0m[0;34mcsp_sfp_recv_fp: 20:58, fragment 1458/2304
[0;0m[0;34mcsp_sfp_recv_fp: 20:58, fragment 1701/2304
[0;0m[0;34mcsp_sfp_recv_fp: 20:58, fragment 1944/2304
[0;0m[0;34mcsp_sfp_recv_fp: 20:58, fragment 2187/2304
[0;0m[0;34mcsp_sfp_recv_fp: 20:58, fragment 2304/2304
[0;0m[0;34mRDP 0x561bc1274720: Sending  in S 3: syn 0, ack 1, eack 0, rst 0, seq_nr 23620, ack_nr 11386, packet_len 6 (1)
[0;0mRECV_BUNDLE bundle_seq=11 n=64 bytes=2304
[0;34mRDP 0x561bc1274720: Received in S 3: syn 0, ack 1, eack 0, rst 0, seq_nr 11387, ack_nr 23620, packet_len 256 (251)
[0;0m[0;34mRDP 0x561bc1274720: Send CMP S 3: syn 0, ack 1, eack 0, rst 0, seq_nr 23621, ack_nr 11387, packet_len 5 (0)
[0;0m[0;34mRDP 0x561bc1274720: TX Element Free, time 24018451, seq 23620, una 23621
[0;0m[0;34mRDP 0x561bc1274720: Wake Tx task (check timeouts)
[0;0m[0;34mRDP 0x561bc1274720: Received in S 3: syn 0, ack 1, eack 0, rst 0, seq_nr 11388, ack_nr 23620, packet_len 256 (251)
[0;0m[0;34mRDP 0x561bc1274720: Wake Tx task (check timeouts)
[0;0m[0;34mRDP 0x561bc1274720: Received in S 3: syn 0, ack 1, eack 0, rst 0, seq_nr 11389, ack_nr 23620, packet_len 256 (251)
[0;0m[0;34mRDP 0x561bc1274720: Wake Tx task (check timeouts)
[0;0m[0;34mRDP 0x561bc1274720: Received in S 3: syn 0, ack 1, eack 0, rst 0, seq_nr 11390, ack_nr 23620, packet_len 256 (251)
[0;0m[0;34mRDP 0x561bc1274720: Send CMP S 3: syn 0, ack 1, eack 0, rst 0, seq_nr 23621, ack_nr 11390, packet_len 5 (0)
[0;0m[0;34mRDP 0x561bc1274720: Wake Tx task (check timeouts)
[0;0m[0;34mRDP 0x561bc1274720: Received in S 3: syn 0, ack 1, eack 0, rst 0, seq_nr 11391, ack_nr 23620, packet_len 256 (251)
[0;0m[0;34mRDP 0x561bc1274720: Wake Tx task (check timeouts)
[0;0m[0;34mRDP 0x561bc1274720: Received in S 3: syn 0, ack 1, eack 0, rst 0, seq_nr 11392, ack_nr 23620, packet_len 256 (251)
[0;0m[0;34mRDP 0x561bc1274720: Wake Tx task (check timeouts)
[0;0m[0;34mRDP 0x561bc1274720: Received in S 3: syn 0, ack 1, eack 0, rst 0, seq_nr 11393, ack_nr 23620, packet_len 256 (251)
[0;0m[0;34mRDP 0x561bc1274720: Send CMP S 3: syn 0, ack 1, eack 0, rst 0, seq_nr 23621, ack_nr 11393, packet_len 5 (0)
[0;0m[0;34mRDP 0x561bc1274720: Wake Tx task (check timeouts)
[0;0m[0;34mRDP 0x561bc1274720: Received in S 3: syn 0, ack 1, eack 0, rst 0, seq_nr 11394, ack_nr 23620, packet_len 256 (251)
[0;0m[0;34mRDP 0x561bc1274720: Wake Tx task (check timeouts)
[0;0m[0;34mRDP 0x561bc1274720: Received in S 3: syn 0, ack 1, eack 0, rst 0, seq_nr 11395, ack_nr 23620, packet_len 256 (251)
[0;0m[0;34mRDP 0x561bc1274720: Wake Tx task (check timeouts)
[0;0m[0;34mRDP 0x561bc1274720: Received in S 3: syn 0, ack 1, eack 0, rst 0, seq_nr 11396, ack_nr 23620, packet_len 130 (125)
[0;0m[0;34mRDP 0x561bc1274720: Send CMP S 3: syn 0, ack 1, eack 0, rst 0, seq_nr 23621, ack_nr 11396, packet_len 5 (0)
[0;0m[0;34mRDP 0x561bc1274720: Wake Tx task (check timeouts)
[0;0m[0;34mcsp_sfp_recv_fp: 20:58, fragment 243/2304
[0;0m[0;34mcsp_sfp_recv_fp: 20:58, fragment 486/2304
[0;0m[0;34mcsp_sfp_recv_fp: 20:58, fragment 729/2304
[0;0m[0;34mcsp_sfp_recv_fp: 20:58, fragment 972/2304
[0;0m[0;34mcsp_sfp_recv_fp: 20:58, fragment 1215/2304
[0;0m[0;34mcsp_sfp_recv_fp: 20:58, fragment 1458/2304
[0;0m[0;34mcsp_sfp_recv_fp: 20:58, fragment 1701/2304
[0;0m[0;34mcsp_sfp_recv_fp: 20:58, fragment 1944/2304
[0;0m[0;34mcsp_sfp_recv_fp: 20:58, fragment 2187/2304
[0;0m[0;34mcsp_sfp_recv_fp: 20:58, fragment 2304/2304
[0;0m[0;34mRDP 0x561bc1274720: Sending  in S 3: syn 0, ack 1, eack 0, rst 0, seq_nr 23621, ack_nr 11396, packet_len 6 (1)
[0;0mRECV_BUNDLE bundle_seq=12 n=64 bytes=2304
[0;34mRDP 0x561bc1274720: Received in S 3: syn 0, ack 1, eack 0, rst 0, seq_nr 11397, ack_nr 23621, packet_len 5 (0)
[0;0m[0;34mRDP 0x561bc1274720: TX Element Free, time 24018452, seq 23621, una 23622
[0;0m[0;34mRDP 0x561bc1274720: Wake Tx task (check timeouts)
[0;0m[0;34mRDP 0x561bc1274720: Received in S 3: syn 0, ack 1, eack 0, rst 0, seq_nr 11397, ack_nr 23621, packet_len 5 (0)
[0;0m[0;34mRDP 0x561bc1274720: Wake Tx task (check timeouts)
[0;0m[0;34mRDP 0x561bc1274720: Received in S 3: syn 0, ack 1, eack 0, rst 0, seq_nr 11397, ack_nr 23621, packet_len 256 (251)
[0;0m[0;34mRDP 0x561bc1274720: Wake Tx task (check timeouts)
[0;0m[0;34mRDP 0x561bc1274720: Received in S 3: syn 0, ack 1, eack 0, rst 0, seq_nr 11398, ack_nr 23621, packet_len 256 (251)
[0;0m[0;34mRDP 0x561bc1274720: Wake Tx task (check timeouts)
[0;0m[0;34mRDP 0x561bc1274720: Received in S 3: syn 0, ack 1, eack 0, rst 0, seq_nr 11399, ack_nr 23621, packet_len 256 (251)
[0;0m[0;34mRDP 0x561bc1274720: Send CMP S 3: syn 0, ack 1, eack 0, rst 0, seq_nr 23622, ack_nr 11399, packet_len 5 (0)
[0;0m[0;34mRDP 0x561bc1274720: Wake Tx task (check timeouts)
[0;0m[0;34mRDP 0x561bc1274720: Received in S 3: syn 0, ack 1, eack 0, rst 0, seq_nr 11400, ack_nr 23621, packet_len 256 (251)
[0;0m[0;34mRDP 0x561bc1274720: Wake Tx task (check timeouts)
[0;0m[0;34mRDP 0x561bc1274720: Received in S 3: syn 0, ack 1, eack 0, rst 0, seq_nr 11401, ack_nr 23621, packet_len 256 (251)
[0;0m[0;34mRDP 0x561bc1274720: Wake Tx task (check timeouts)
[0;0m[0;34mRDP 0x561bc1274720: Received in S 3: syn 0, ack 1, eack 0, rst 0, seq_nr 11402, ack_nr 23621, packet_len 256 (251)
[0;0m[0;34mRDP 0x561bc1274720: Send CMP S 3: syn 0, ack 1, eack 0, rst 0, seq_nr 23622, ack_nr 11402, packet_len 5 (0)
[0;0m[0;34mRDP 0x561bc1274720: Wake Tx task (check timeouts)
[0;0m[0;34mRDP 0x561bc1274720: Received in S 3: syn 0, ack 1, eack 0, rst 0, seq_nr 11403, ack_nr 23621, packet_len 256 (251)
[0;0m[0;34mRDP 0x561bc1274720: Wake Tx task (check timeouts)
[0;0m[0;34mRDP 0x561bc1274720: Received in S 3: syn 0, ack 1, eack 0, rst 0, seq_nr 11404, ack_nr 23621, packet_len 256 (251)
[0;0m[0;34mRDP 0x561bc1274720: Wake Tx task (check timeouts)
[0;0m[0;34mRDP 0x561bc1274720: Received in S 3: syn 0, ack 1, eack 0, rst 0, seq_nr 11405, ack_nr 23621, packet_len 256 (251)
[0;0m[0;34mRDP 0x561bc1274720: Send CMP S 3: syn 0, ack 1, eack 0, rst 0, seq_nr 23622, ack_nr 11405, packet_len 5 (0)
[0;0m[0;34mRDP 0x561bc1274720: Wake Tx task (check timeouts)
[0;0m[0;34mRDP 0x561bc1274720: Received in S 3: syn 0, ack 1, eack 0, rst 0, seq_nr 11406, ack_nr 23621, packet_len 130 (125)
[0;0m[0;34mRDP 0x561bc1274720: Wake Tx task (check timeouts)
[0;0m[0;34mcsp_sfp_recv_fp: 20:58, fragment 243/2304
[0;0m[0;34mcsp_sfp_recv_fp: 20:58, fragment 486/2304
[0;0m[0;34mcsp_sfp_recv_fp: 20:58, fragment 729/2304
[0;0m[0;34mcsp_sfp_recv_fp: 20:58, fragment 972/2304
[0;0m[0;34mcsp_sfp_recv_fp: 20:58, fragment 1215/2304
[0;0m[0;34mcsp_sfp_recv_fp: 20:58, fragment 1458/2304
[0;0m[0;34mcsp_sfp_recv_fp: 20:58, fragment 1701/2304
[0;0m[0;34mcsp_sfp_recv_fp: 20:58, fragment 1944/2304
[0;0m[0;34mcsp_sfp_recv_fp: 20:58, fragment 2187/2304
[0;0m[0;34mcsp_sfp_recv_fp: 20:58, fragment 2304/2304
[0;0m[0;34mRDP 0x561bc1274720: Sending  in S 3: syn 0, ack 1, eack 0, rst 0, seq_nr 23622, ack_nr 11406, packet_len 6 (1)
[0;0mRECV_BUNDLE bundle_seq=13 n=64 bytes=2304
[0;34mRDP 0x561bc1274720: Received in S 3: syn 0, ack 1, eack 0, rst 0, seq_nr 11407, ack_nr 23622, packet_len 256 (251)
[0;0m[0;34mRDP 0x561bc1274720: TX Element Free, time 24018453, seq 23622, una 23623
[0;0m[0;34mRDP 0x561bc1274720: Wake Tx task (check timeouts)
[0;0m[0;34mRDP 0x561bc1274720: Received in S 3: syn 0, ack 1, eack 0, rst 0, seq_nr 11408, ack_nr 23622, packet_len 256 (251)
[0;0m[0;34mRDP 0x561bc1274720: Send CMP S 3: syn 0, ack 1, eack 0, rst 0, seq_nr 23623, ack_nr 11408, packet_len 5 (0)
[0;0m[0;34mRDP 0x561bc1274720: Wake Tx task (check timeouts)
[0;0m[0;34mRDP 0x561bc1274720: Received in S 3: syn 0, ack 1, eack 0, rst 0, seq_nr 11409, ack_nr 23622, packet_len 256 (251)
[0;0m[0;34mRDP 0x561bc1274720: Wake Tx task (check timeouts)
[0;0m[0;34mRDP 0x561bc1274720: Received in S 3: syn 0, ack 1, eack 0, rst 0, seq_nr 11410, ack_nr 23622, packet_len 256 (251)
[0;0m[0;34mRDP 0x561bc1274720: Wake Tx task (check timeouts)
[0;0m[0;34mRDP 0x561bc1274720: Received in S 3: syn 0, ack 1, eack 0, rst 0, seq_nr 11411, ack_nr 23622, packet_len 256 (251)
[0;0m[0;34mRDP 0x561bc1274720: Send CMP S 3: syn 0, ack 1, eack 0, rst 0, seq_nr 23623, ack_nr 11411, packet_len 5 (0)
[0;0m[0;34mRDP 0x561bc1274720: Wake Tx task (check timeouts)
[0;0m[0;34mRDP 0x561bc1274720: Received in S 3: syn 0, ack 1, eack 0, rst 0, seq_nr 11412, ack_nr 23622, packet_len 256 (251)
[0;0m[0;34mRDP 0x561bc1274720: Wake Tx task (check timeouts)
[0;0m[0;34mRDP 0x561bc1274720: Received in S 3: syn 0, ack 1, eack 0, rst 0, seq_nr 11413, ack_nr 23622, packet_len 256 (251)
[0;0m[0;34mRDP 0x561bc1274720: Wake Tx task (check timeouts)
[0;0m[0;34mRDP 0x561bc1274720: Received in S 3: syn 0, ack 1, eack 0, rst 0, seq_nr 11414, ack_nr 23622, packet_len 256 (251)
[0;0m[0;34mRDP 0x561bc1274720: Send CMP S 3: syn 0, ack 1, eack 0, rst 0, seq_nr 23623, ack_nr 11414, packet_len 5 (0)
[0;0m[0;34mRDP 0x561bc1274720: Wake Tx task (check timeouts)
[0;0m[0;34mRDP 0x561bc1274720: Received in S 3: syn 0, ack 1, eack 0, rst 0, seq_nr 11415, ack_nr 23622, packet_len 256 (251)
[0;0m[0;34mRDP 0x561bc1274720: Wake Tx task (check timeouts)
[0;0m[0;34mRDP 0x561bc1274720: Received in S 3: syn 0, ack 1, eack 0, rst 0, seq_nr 11416, ack_nr 23622, packet_len 130 (125)
[0;0m[0;34mRDP 0x561bc1274720: Wake Tx task (check timeouts)
[0;0m[0;34mcsp_sfp_recv_fp: 20:58, fragment 243/2304
[0;0m[0;34mcsp_sfp_recv_fp: 20:58, fragment 486/2304
[0;0m[0;34mcsp_sfp_recv_fp: 20:58, fragment 729/2304
[0;0m[0;34mcsp_sfp_recv_fp: 20:58, fragment 972/2304
[0;0m[0;34mcsp_sfp_recv_fp: 20:58, fragment 1215/2304
[0;0m[0;34mcsp_sfp_recv_fp: 20:58, fragment 1458/2304
[0;0m[0;34mcsp_sfp_recv_fp: 20:58, fragment 1701/2304
[0;0m[0;34mcsp_sfp_recv_fp: 20:58, fragment 1944/2304
[0;0m[0;34mcsp_sfp_recv_fp: 20:58, fragment 2187/2304
[0;0m[0;34mcsp_sfp_recv_fp: 20:58, fragment 2304/2304
[0;0m[0;34mRDP 0x561bc1274720: Sending  in S 3: syn 0, ack 1, eack 0, rst 0, seq_nr 23623, ack_nr 11416, packet_len 6 (1)
[0;0mRECV_BUNDLE bundle_seq=14 n=64 bytes=2304
[0;34mRDP 0x561bc1274720: Received in S 3: syn 0, ack 1, eack 0, rst 0, seq_nr 11417, ack_nr 23623, packet_len 256 (251)
[0;0m[0;34mRDP 0x561bc1274720: Send CMP S 3: syn 0, ack 1, eack 0, rst 0, seq_nr 23624, ack_nr 11417, packet_len 5 (0)
[0;0m[0;34mRDP 0x561bc1274720: TX Element Free, time 24018454, seq 23623, una 23624
[0;0m[0;34mRDP 0x561bc1274720: Wake Tx task (check timeouts)
[0;0m[0;34mRDP 0x561bc1274720: Received in S 3: syn 0, ack 1, eack 0, rst 0, seq_nr 11418, ack_nr 23623, packet_len 256 (251)
[0;0m[0;34mRDP 0x561bc1274720: Wake Tx task (check timeouts)
[0;0m[0;34mRDP 0x561bc1274720: Received in S 3: syn 0, ack 1, eack 0, rst 0, seq_nr 11419, ack_nr 23623, packet_len 256 (251)
[0;0m[0;34mRDP 0x561bc1274720: Wake Tx task (check timeouts)
[0;0m[0;34mRDP 0x561bc1274720: Received in S 3: syn 0, ack 1, eack 0, rst 0, seq_nr 11420, ack_nr 23623, packet_len 256 (251)
[0;0m[0;34mRDP 0x561bc1274720: Send CMP S 3: syn 0, ack 1, eack 0, rst 0, seq_nr 23624, ack_nr 11420, packet_len 5 (0)
[0;0m[0;34mRDP 0x561bc1274720: Wake Tx task (check timeouts)
[0;0m[0;34mRDP 0x561bc1274720: Received in S 3: syn 0, ack 1, eack 0, rst 0, seq_nr 11421, ack_nr 23623, packet_len 256 (251)
[0;0m[0;34mRDP 0x561bc1274720: Wake Tx task (check timeouts)
[0;0m[0;34mRDP 0x561bc1274720: Received in S 3: syn 0, ack 1, eack 0, rst 0, seq_nr 11422, ack_nr 23623, packet_len 256 (251)
[0;0m[0;34mRDP 0x561bc1274720: Wake Tx task (check timeouts)
[0;0m[0;34mRDP 0x561bc1274720: Received in S 3: syn 0, ack 1, eack 0, rst 0, seq_nr 11423, ack_nr 23623, packet_len 256 (251)
[0;0m[0;34mRDP 0x561bc1274720: Send CMP S 3: syn 0, ack 1, eack 0, rst 0, seq_nr 23624, ack_nr 11423, packet_len 5 (0)
[0;0m[0;34mRDP 0x561bc1274720: Wake Tx task (check timeouts)
[0;0m[0;34mRDP 0x561bc1274720: Received in S 3: syn 0, ack 1, eack 0, rst 0, seq_nr 11424, ack_nr 23623, packet_len 256 (251)
[0;0m[0;34mRDP 0x561bc1274720: Wake Tx task (check timeouts)
[0;0m[0;34mRDP 0x561bc1274720: Received in S 3: syn 0, ack 1, eack 0, rst 0, seq_nr 11425, ack_nr 23623, packet_len 256 (251)
[0;0m[0;34mRDP 0x561bc1274720: Wake Tx task (check timeouts)
[0;0m[0;34mRDP 0x561bc1274720: Received in S 3: syn 0, ack 1, eack 0, rst 0, seq_nr 11426, ack_nr 23623, packet_len 130 (125)
[0;0m[0;34mRDP 0x561bc1274720: Send CMP S 3: syn 0, ack 1, eack 0, rst 0, seq_nr 23624, ack_nr 11426, packet_len 5 (0)
[0;0m[0;34mRDP 0x561bc1274720: Wake Tx task (check timeouts)
[0;0m[0;34mcsp_sfp_recv_fp: 20:58, fragment 243/2304
[0;0m[0;34mcsp_sfp_recv_fp: 20:58, fragment 486/2304
[0;0m[0;34mcsp_sfp_recv_fp: 20:58, fragment 729/2304
[0;0m[0;34mcsp_sfp_recv_fp: 20:58, fragment 972/2304
[0;0m[0;34mcsp_sfp_recv_fp: 20:58, fragment 1215/2304
[0;0m[0;34mcsp_sfp_recv_fp: 20:58, fragment 1458/2304
[0;0m[0;34mcsp_sfp_recv_fp: 20:58, fragment 1701/2304
[0;0m[0;34mcsp_sfp_recv_fp: 20:58, fragment 1944/2304
[0;0m[0;34mcsp_sfp_recv_fp: 20:58, fragment 2187/2304
[0;0m[0;34mcsp_sfp_recv_fp: 20:58, fragment 2304/2304
[0;0m[0;34mRDP 0x561bc1274720: Sending  in S 3: syn 0, ack 1, eack 0, rst 0, seq_nr 23624, ack_nr 11426, packet_len 6 (1)
[0;0mRECV_BUNDLE bundle_seq=15 n=64 bytes=2304
[0;34mRDP 0x561bc1274720: Received in S 3: syn 0, ack 1, eack 0, rst 0, seq_nr 11427, ack_nr 23624, packet_len 5 (0)
[0;0m[0;34mRDP 0x561bc1274720: TX Element Free, time 24018455, seq 23624, una 23625
[0;0m[0;34mRDP 0x561bc1274720: Wake Tx task (check timeouts)
[0;0m[0;34mRDP 0x561bc1274720: Received in S 3: syn 0, ack 1, eack 0, rst 0, seq_nr 11427, ack_nr 23624, packet_len 5 (0)
[0;0m[0;34mRDP 0x561bc1274720: Wake Tx task (check timeouts)
[0;0m[0;34mRDP 0x561bc1274720: Received in S 3: syn 0, ack 1, eack 0, rst 0, seq_nr 11427, ack_nr 23624, packet_len 256 (251)
[0;0m[0;34mRDP 0x561bc1274720: Wake Tx task (check timeouts)
[0;0m[0;34mRDP 0x561bc1274720: Received in S 3: syn 0, ack 1, eack 0, rst 0, seq_nr 11428, ack_nr 23624, packet_len 256 (251)
[0;0m[0;34mRDP 0x561bc1274720: Wake Tx task (check timeouts)
[0;0m[0;34mRDP 0x561bc1274720: Received in S 3: syn 0, ack 1, eack 0, rst 0, seq_nr 11429, ack_nr 23624, packet_len 256 (251)
[0;0m[0;34mRDP 0x561bc1274720: Send CMP S 3: syn 0, ack 1, eack 0, rst 0, seq_nr 23625, ack_nr 11429, packet_len 5 (0)
[0;0m[0;34mRDP 0x561bc1274720: Wake Tx task (check timeouts)
[0;0m[0;34mRDP 0x561bc1274720: Received in S 3: syn 0, ack 1, eack 0, rst 0, seq_nr 11430, ack_nr 23624, packet_len 256 (251)
[0;0m[0;34mRDP 0x561bc1274720: Wake Tx task (check timeouts)
[0;0m[0;34mRDP 0x561bc1274720: Received in S 3: syn 0, ack 1, eack 0, rst 0, seq_nr 11431, ack_nr 23624, packet_len 256 (251)
[0;0m[0;34mRDP 0x561bc1274720: Wake Tx task (check timeouts)
[0;0m[0;34mRDP 0x561bc1274720: Received in S 3: syn 0, ack 1, eack 0, rst 0, seq_nr 11432, ack_nr 23624, packet_len 256 (251)
[0;0m[0;34mRDP 0x561bc1274720: Send CMP S 3: syn 0, ack 1, eack 0, rst 0, seq_nr 23625, ack_nr 11432, packet_len 5 (0)
[0;0m[0;34mRDP 0x561bc1274720: Wake Tx task (check timeouts)
[0;0m[0;34mRDP 0x561bc1274720: Received in S 3: syn 0, ack 1, eack 0, rst 0, seq_nr 11433, ack_nr 23624, packet_len 256 (251)
[0;0m[0;34mRDP 0x561bc1274720: Wake Tx task (check timeouts)
[0;0m[0;34mRDP 0x561bc1274720: Received in S 3: syn 0, ack 1, eack 0, rst 0, seq_nr 11434, ack_nr 23624, packet_len 256 (251)
[0;0m[0;34mRDP 0x561bc1274720: Wake Tx task (check timeouts)
[0;0m[0;34mRDP 0x561bc1274720: Received in S 3: syn 0, ack 1, eack 0, rst 0, seq_nr 11435, ack_nr 23624, packet_len 256 (251)
[0;0m[0;34mRDP 0x561bc1274720: Send CMP S 3: syn 0, ack 1, eack 0, rst 0, seq_nr 23625, ack_nr 11435, packet_len 5 (0)
[0;0m[0;34mRDP 0x561bc1274720: Wake Tx task (check timeouts)
[0;0m[0;34mRDP 0x561bc1274720: Received in S 3: syn 0, ack 1, eack 0, rst 0, seq_nr 11436, ack_nr 23624, packet_len 130 (125)
[0;0m[0;34mRDP 0x561bc1274720: Wake Tx task (check timeouts)
[0;0m[0;34mcsp_sfp_recv_fp: 20:58, fragment 243/2304
[0;0m[0;34mcsp_sfp_recv_fp: 20:58, fragment 486/2304
[0;0m[0;34mcsp_sfp_recv_fp: 20:58, fragment 729/2304
[0;0m[0;34mcsp_sfp_recv_fp: 20:58, fragment 972/2304
[0;0m[0;34mcsp_sfp_recv_fp: 20:58, fragment 1215/2304
[0;0m[0;34mcsp_sfp_recv_fp: 20:58, fragment 1458/2304
[0;0m[0;34mcsp_sfp_recv_fp: 20:58, fragment 1701/2304
[0;0m[0;34mcsp_sfp_recv_fp: 20:58, fragment 1944/2304
[0;0m[0;34mcsp_sfp_recv_fp: 20:58, fragment 2187/2304
[0;0m[0;34mcsp_sfp_recv_fp: 20:58, fragment 2304/2304
[0;0m[0;34mRDP 0x561bc1274720: Sending  in S 3: syn 0, ack 1, eack 0, rst 0, seq_nr 23625, ack_nr 11436, packet_len 6 (1)
[0;0mRECV_BUNDLE bundle_seq=16 n=64 bytes=2304
[0;34mRDP 0x561bc1274720: Received in S 3: syn 0, ack 1, eack 0, rst 0, seq_nr 11437, ack_nr 23625, packet_len 256 (251)
[0;0m[0;34mRDP 0x561bc1274720: TX Element Free, time 24018457, seq 23625, una 23626
[0;0m[0;34mRDP 0x561bc1274720: Wake Tx task (check timeouts)
[0;0m[0;34mRDP 0x561bc1274720: Received in S 3: syn 0, ack 1, eack 0, rst 0, seq_nr 11438, ack_nr 23625, packet_len 256 (251)
[0;0m[0;34mRDP 0x561bc1274720: Send CMP S 3: syn 0, ack 1, eack 0, rst 0, seq_nr 23626, ack_nr 11438, packet_len 5 (0)
[0;0m[0;34mRDP 0x561bc1274720: Wake Tx task (check timeouts)
[0;0m[0;34mRDP 0x561bc1274720: Received in S 3: syn 0, ack 1, eack 0, rst 0, seq_nr 11439, ack_nr 23625, packet_len 256 (251)
[0;0m[0;34mRDP 0x561bc1274720: Wake Tx task (check timeouts)
[0;0m[0;34mRDP 0x561bc1274720: Received in S 3: syn 0, ack 1, eack 0, rst 0, seq_nr 11440, ack_nr 23625, packet_len 256 (251)
[0;0m[0;34mRDP 0x561bc1274720: Wake Tx task (check timeouts)
[0;0m[0;34mRDP 0x561bc1274720: Received in S 3: syn 0, ack 1, eack 0, rst 0, seq_nr 11441, ack_nr 23625, packet_len 256 (251)
[0;0m[0;34mRDP 0x561bc1274720: Send CMP S 3: syn 0, ack 1, eack 0, rst 0, seq_nr 23626, ack_nr 11441, packet_len 5 (0)
[0;0m[0;34mRDP 0x561bc1274720: Wake Tx task (check timeouts)
[0;0m[0;34mRDP 0x561bc1274720: Received in S 3: syn 0, ack 1, eack 0, rst 0, seq_nr 11442, ack_nr 23625, packet_len 256 (251)
[0;0m[0;34mRDP 0x561bc1274720: Wake Tx task (check timeouts)
[0;0m[0;34mRDP 0x561bc1274720: Received in S 3: syn 0, ack 1, eack 0, rst 0, seq_nr 11443, ack_nr 23625, packet_len 256 (251)
[0;0m[0;34mRDP 0x561bc1274720: Wake Tx task (check timeouts)
[0;0m[0;34mRDP 0x561bc1274720: Received in S 3: syn 0, ack 1, eack 0, rst 0, seq_nr 11444, ack_nr 23625, packet_len 256 (251)
[0;0m[0;34mRDP 0x561bc1274720: Send CMP S 3: syn 0, ack 1, eack 0, rst 0, seq_nr 23626, ack_nr 11444, packet_len 5 (0)
[0;0m[0;34mRDP 0x561bc1274720: Wake Tx task (check timeouts)
[0;0m[0;34mRDP 0x561bc1274720: Received in S 3: syn 0, ack 1, eack 0, rst 0, seq_nr 11445, ack_nr 23625, packet_len 256 (251)
[0;0m[0;34mRDP 0x561bc1274720: Wake Tx task (check timeouts)
[0;0m[0;34mRDP 0x561bc1274720: Received in S 3: syn 0, ack 1, eack 0, rst 0, seq_nr 11446, ack_nr 23625, packet_len 130 (125)
[0;0m[0;34mRDP 0x561bc1274720: Wake Tx task (check timeouts)
[0;0m[0;34mcsp_sfp_recv_fp: 20:58, fragment 243/2304
[0;0m[0;34mcsp_sfp_recv_fp: 20:58, fragment 486/2304
[0;0m[0;34mcsp_sfp_recv_fp: 20:58, fragment 729/2304
[0;0m[0;34mcsp_sfp_recv_fp: 20:58, fragment 972/2304
[0;0m[0;34mcsp_sfp_recv_fp: 20:58, fragment 1215/2304
[0;0m[0;34mcsp_sfp_recv_fp: 20:58, fragment 1458/2304
[0;0m[0;34mcsp_sfp_recv_fp: 20:58, fragment 1701/2304
[0;0m[0;34mcsp_sfp_recv_fp: 20:58, fragment 1944/2304
[0;0m[0;34mcsp_sfp_recv_fp: 20:58, fragment 2187/2304
[0;0m[0;34mcsp_sfp_recv_fp: 20:58, fragment 2304/2304
[0;0m[0;34mRDP 0x561bc1274720: Sending  in S 3: syn 0, ack 1, eack 0, rst 0, seq_nr 23626, ack_nr 11446, packet_len 6 (1)
[0;0mRECV_BUNDLE bundle_seq=17 n=64 bytes=2304
[0;34mRDP 0x561bc1274720: Received in S 3: syn 0, ack 1, eack 0, rst 0, seq_nr 11447, ack_nr 23626, packet_len 256 (251)
[0;0m[0;34mRDP 0x561bc1274720: Send CMP S 3: syn 0, ack 1, eack 0, rst 0, seq_nr 23627, ack_nr 11447, packet_len 5 (0)
[0;0m[0;34mRDP 0x561bc1274720: TX Element Free, time 24018458, seq 23626, una 23627
[0;0m[0;34mRDP 0x561bc1274720: Wake Tx task (check timeouts)
[0;0m[0;34mRDP 0x561bc1274720: Received in S 3: syn 0, ack 1, eack 0, rst 0, seq_nr 11448, ack_nr 23626, packet_len 256 (251)
[0;0m[0;34mRDP 0x561bc1274720: Wake Tx task (check timeouts)
[0;0m[0;34mRDP 0x561bc1274720: Received in S 3: syn 0, ack 1, eack 0, rst 0, seq_nr 11449, ack_nr 23626, packet_len 256 (251)
[0;0m[0;34mRDP 0x561bc1274720: Wake Tx task (check timeouts)
[0;0m[0;34mRDP 0x561bc1274720: Received in S 3: syn 0, ack 1, eack 0, rst 0, seq_nr 11450, ack_nr 23626, packet_len 256 (251)
[0;0m[0;34mRDP 0x561bc1274720: Send CMP S 3: syn 0, ack 1, eack 0, rst 0, seq_nr 23627, ack_nr 11450, packet_len 5 (0)
[0;0m[0;34mRDP 0x561bc1274720: Wake Tx task (check timeouts)
[0;0m[0;34mRDP 0x561bc1274720: Received in S 3: syn 0, ack 1, eack 0, rst 0, seq_nr 11451, ack_nr 23626, packet_len 256 (251)
[0;0m[0;34mRDP 0x561bc1274720: Wake Tx task (check timeouts)
[0;0m[0;34mRDP 0x561bc1274720: Received in S 3: syn 0, ack 1, eack 0, rst 0, seq_nr 11452, ack_nr 23626, packet_len 256 (251)
[0;0m[0;34mRDP 0x561bc1274720: Wake Tx task (check timeouts)
[0;0m[0;34mRDP 0x561bc1274720: Received in S 3: syn 0, ack 1, eack 0, rst 0, seq_nr 11453, ack_nr 23626, packet_len 256 (251)
[0;0m[0;34mRDP 0x561bc1274720: Send CMP S 3: syn 0, ack 1, eack 0, rst 0, seq_nr 23627, ack_nr 11453, packet_len 5 (0)
[0;0m[0;34mRDP 0x561bc1274720: Wake Tx task (check timeouts)
[0;0m[0;34mRDP 0x561bc1274720: Received in S 3: syn 0, ack 1, eack 0, rst 0, seq_nr 11454, ack_nr 23626, packet_len 256 (251)
[0;0m[0;34mRDP 0x561bc1274720: Wake Tx task (check timeouts)
[0;0m[0;34mRDP 0x561bc1274720: Received in S 3: syn 0, ack 1, eack 0, rst 0, seq_nr 11455, ack_nr 23626, packet_len 256 (251)
[0;0m[0;34mRDP 0x561bc1274720: Wake Tx task (check timeouts)
[0;0m[0;34mRDP 0x561bc1274720: Received in S 3: syn 0, ack 1, eack 0, rst 0, seq_nr 11456, ack_nr 23626, packet_len 130 (125)
[0;0m[0;34mRDP 0x561bc1274720: Send CMP S 3: syn 0, ack 1, eack 0, rst 0, seq_nr 23627, ack_nr 11456, packet_len 5 (0)
[0;0m[0;34mRDP 0x561bc1274720: Wake Tx task (check timeouts)
[0;0m[0;34mcsp_sfp_recv_fp: 20:58, fragment 243/2304
[0;0m[0;34mcsp_sfp_recv_fp: 20:58, fragment 486/2304
[0;0m[0;34mcsp_sfp_recv_fp: 20:58, fragment 729/2304
[0;0m[0;34mcsp_sfp_recv_fp: 20:58, fragment 972/2304
[0;0m[0;34mcsp_sfp_recv_fp: 20:58, fragment 1215/2304
[0;0m[0;34mcsp_sfp_recv_fp: 20:58, fragment 1458/2304
[0;0m[0;34mcsp_sfp_recv_fp: 20:58, fragment 1701/2304
[0;0m[0;34mcsp_sfp_recv_fp: 20:58, fragment 1944/2304
[0;0m[0;34mcsp_sfp_recv_fp: 20:58, fragment 2187/2304
[0;0m[0;34mcsp_sfp_recv_fp: 20:58, fragment 2304/2304
[0;0m[0;34mRDP 0x561bc1274720: Sending  in S 3: syn 0, ack 1, eack 0, rst 0, seq_nr 23627, ack_nr 11456, packet_len 6 (1)
[0;0mRECV_BUNDLE bundle_seq=18 n=64 bytes=2304
[0;34mRDP 0x561bc1274720: Received in S 3: syn 0, ack 1, eack 0, rst 0, seq_nr 11457, ack_nr 23627, packet_len 5 (0)
[0;0m[0;34mRDP 0x561bc1274720: TX Element Free, time 24018459, seq 23627, una 23628
[0;0m[0;34mRDP 0x561bc1274720: Wake Tx task (check timeouts)
[0;0m[0;34mRDP 0x561bc1274720: Received in S 3: syn 0, ack 1, eack 0, rst 0, seq_nr 11457, ack_nr 23627, packet_len 5 (0)
[0;0m[0;34mRDP 0x561bc1274720: Wake Tx task (check timeouts)
[0;0m[0;34mRDP 0x561bc1274720: Received in S 3: syn 0, ack 1, eack 0, rst 0, seq_nr 11457, ack_nr 23627, packet_len 256 (251)
[0;0m[0;34mRDP 0x561bc1274720: Wake Tx task (check timeouts)
[0;0m[0;34mRDP 0x561bc1274720: Received in S 3: syn 0, ack 1, eack 0, rst 0, seq_nr 11458, ack_nr 23627, packet_len 256 (251)
[0;0m[0;34mRDP 0x561bc1274720: Wake Tx task (check timeouts)
[0;0m[0;34mRDP 0x561bc1274720: Received in S 3: syn 0, ack 1, eack 0, rst 0, seq_nr 11459, ack_nr 23627, packet_len 256 (251)
[0;0m[0;34mRDP 0x561bc1274720: Send CMP S 3: syn 0, ack 1, eack 0, rst 0, seq_nr 23628, ack_nr 11459, packet_len 5 (0)
[0;0m[0;34mRDP 0x561bc1274720: Wake Tx task (check timeouts)
[0;0m[0;34mRDP 0x561bc1274720: Received in S 3: syn 0, ack 1, eack 0, rst 0, seq_nr 11460, ack_nr 23627, packet_len 256 (251)
[0;0m[0;34mRDP 0x561bc1274720: Wake Tx task (check timeouts)
[0;0m[0;34mRDP 0x561bc1274720: Received in S 3: syn 0, ack 1, eack 0, rst 0, seq_nr 11461, ack_nr 23627, packet_len 256 (251)
[0;0m[0;34mRDP 0x561bc1274720: Wake Tx task (check timeouts)
[0;0m[0;34mRDP 0x561bc1274720: Received in S 3: syn 0, ack 1, eack 0, rst 0, seq_nr 11462, ack_nr 23627, packet_len 256 (251)
[0;0m[0;34mRDP 0x561bc1274720: Send CMP S 3: syn 0, ack 1, eack 0, rst 0, seq_nr 23628, ack_nr 11462, packet_len 5 (0)
[0;0m[0;34mRDP 0x561bc1274720: Wake Tx task (check timeouts)
[0;0m[0;34mRDP 0x561bc1274720: Received in S 3: syn 0, ack 1, eack 0, rst 0, seq_nr 11463, ack_nr 23627, packet_len 256 (251)
[0;0m[0;34mRDP 0x561bc1274720: Wake Tx task (check timeouts)
[0;0m[0;34mRDP 0x561bc1274720: Received in S 3: syn 0, ack 1, eack 0, rst 0, seq_nr 11464, ack_nr 23627, packet_len 256 (251)
[0;0m[0;34mRDP 0x561bc1274720: Wake Tx task (check timeouts)
[0;0m[0;34mRDP 0x561bc1274720: Received in S 3: syn 0, ack 1, eack 0, rst 0, seq_nr 11465, ack_nr 23627, packet_len 256 (251)
[0;0m[0;34mRDP 0x561bc1274720: Send CMP S 3: syn 0, ack 1, eack 0, rst 0, seq_nr 23628, ack_nr 11465, packet_len 5 (0)
[0;0m[0;34mRDP 0x561bc1274720: Wake Tx task (check timeouts)
[0;0m[0;34mRDP 0x561bc1274720: Received in S 3: syn 0, ack 1, eack 0, rst 0, seq_nr 11466, ack_nr 23627, packet_len 130 (125)
[0;0m[0;34mRDP 0x561bc1274720: Wake Tx task (check timeouts)
[0;0m[0;34mcsp_sfp_recv_fp: 20:58, fragment 243/2304
[0;0m[0;34mcsp_sfp_recv_fp: 20:58, fragment 486/2304
[0;0m[0;34mcsp_sfp_recv_fp: 20:58, fragment 729/2304
[0;0m[0;34mcsp_sfp_recv_fp: 20:58, fragment 972/2304
[0;0m[0;34mcsp_sfp_recv_fp: 20:58, fragment 1215/2304
[0;0m[0;34mcsp_sfp_recv_fp: 20:58, fragment 1458/2304
[0;0m[0;34mcsp_sfp_recv_fp: 20:58, fragment 1701/2304
[0;0m[0;34mcsp_sfp_recv_fp: 20:58, fragment 1944/2304
[0;0m[0;34mcsp_sfp_recv_fp: 20:58, fragment 2187/2304
[0;0m[0;34mcsp_sfp_recv_fp: 20:58, fragment 2304/2304
[0;0m[0;34mRDP 0x561bc1274720: Sending  in S 3: syn 0, ack 1, eack 0, rst 0, seq_nr 23628, ack_nr 11466, packet_len 6 (1)
[0;0mRECV_BUNDLE bundle_seq=19 n=64 bytes=2304
[0;34mRDP 0x561bc1274720: Received in S 3: syn 0, ack 1, eack 0, rst 0, seq_nr 11467, ack_nr 23628, packet_len 256 (251)
[0;0m[0;34mRDP 0x561bc1274720: TX Element Free, time 24018460, seq 23628, una 23629
[0;0m[0;34mRDP 0x561bc1274720: Wake Tx task (check timeouts)
[0;0m[0;34mRDP 0x561bc1274720: Received in S 3: syn 0, ack 1, eack 0, rst 0, seq_nr 11468, ack_nr 23628, packet_len 256 (251)
[0;0m[0;34mRDP 0x561bc1274720: Send CMP S 3: syn 0, ack 1, eack 0, rst 0, seq_nr 23629, ack_nr 11468, packet_len 5 (0)
[0;0m[0;34mRDP 0x561bc1274720: Wake Tx task (check timeouts)
[0;0m[0;34mRDP 0x561bc1274720: Received in S 3: syn 0, ack 1, eack 0, rst 0, seq_nr 11469, ack_nr 23628, packet_len 256 (251)
[0;0m[0;34mRDP 0x561bc1274720: Wake Tx task (check timeouts)
[0;0m[0;34mRDP 0x561bc1274720: Received in S 3: syn 0, ack 1, eack 0, rst 0, seq_nr 11470, ack_nr 23628, packet_len 256 (251)
[0;0m[0;34mRDP 0x561bc1274720: Wake Tx task (check timeouts)
[0;0m[0;34mRDP 0x561bc1274720: Received in S 3: syn 0, ack 1, eack 0, rst 0, seq_nr 11471, ack_nr 23628, packet_len 256 (251)
[0;0m[0;34mRDP 0x561bc1274720: Send CMP S 3: syn 0, ack 1, eack 0, rst 0, seq_nr 23629, ack_nr 11471, packet_len 5 (0)
[0;0m[0;34mRDP 0x561bc1274720: Wake Tx task (check timeouts)
[0;0m[0;34mRDP 0x561bc1274720: Received in S 3: syn 0, ack 1, eack 0, rst 0, seq_nr 11472, ack_nr 23628, packet_len 256 (251)
[0;0m[0;34mRDP 0x561bc1274720: Wake Tx task (check timeouts)
[0;0m[0;34mRDP 0x561bc1274720: Received in S 3: syn 0, ack 1, eack 0, rst 0, seq_nr 11473, ack_nr 23628, packet_len 256 (251)
[0;0m[0;34mRDP 0x561bc1274720: Wake Tx task (check timeouts)
[0;0m[0;34mRDP 0x561bc1274720: Received in S 3: syn 0, ack 1, eack 0, rst 0, seq_nr 11474, ack_nr 23628, packet_len 256 (251)
[0;0m[0;34mRDP 0x561bc1274720: Send CMP S 3: syn 0, ack 1, eack 0, rst 0, seq_nr 23629, ack_nr 11474, packet_len 5 (0)
[0;0m[0;34mRDP 0x561bc1274720: Wake Tx task (check timeouts)
[0;0m[0;34mRDP 0x561bc1274720: Received in S 3: syn 0, ack 1, eack 0, rst 0, seq_nr 11475, ack_nr 23628, packet_len 256 (251)
[0;0m[0;34mRDP 0x561bc1274720: Wake Tx task (check timeouts)
[0;0m[0;34mRDP 0x561bc1274720: Received in S 3: syn 0, ack 1, eack 0, rst 0, seq_nr 11476, ack_nr 23628, packet_len 130 (125)
[0;0m[0;34mRDP 0x561bc1274720: Wake Tx task (check timeouts)
[0;0m[0;34mcsp_sfp_recv_fp: 20:58, fragment 243/2304
[0;0m[0;34mcsp_sfp_recv_fp: 20:58, fragment 486/2304
[0;0m[0;34mcsp_sfp_recv_fp: 20:58, fragment 729/2304
[0;0m[0;34mcsp_sfp_recv_fp: 20:58, fragment 972/2304
[0;0m[0;34mcsp_sfp_recv_fp: 20:58, fragment 1215/2304
[0;0m[0;34mcsp_sfp_recv_fp: 20:58, fragment 1458/2304
[0;0m[0;34mcsp_sfp_recv_fp: 20:58, fragment 1701/2304
[0;0m[0;34mcsp_sfp_recv_fp: 20:58, fragment 1944/2304
[0;0m[0;34mcsp_sfp_recv_fp: 20:58, fragment 2187/2304
[0;0m[0;34mcsp_sfp_recv_fp: 20:58, fragment 2304/2304
[0;0m[0;34mRDP 0x561bc1274720: Sending  in S 3: syn 0, ack 1, eack 0, rst 0, seq_nr 23629, ack_nr 11476, packet_len 6 (1)
[0;0mRECV_BUNDLE bundle_seq=20 n=64 bytes=2304
[0;34mRDP 0x561bc1274720: Received in S 3: syn 0, ack 1, eack 0, rst 0, seq_nr 11477, ack_nr 23629, packet_len 256 (251)
[0;0m[0;34mRDP 0x561bc1274720: Send CMP S 3: syn 0, ack 1, eack 0, rst 0, seq_nr 23630, ack_nr 11477, packet_len 5 (0)
[0;0m[0;34mRDP 0x561bc1274720: TX Element Free, time 24018461, seq 23629, una 23630
[0;0m[0;34mRDP 0x561bc1274720: Wake Tx task (check timeouts)
[0;0m[0;34mRDP 0x561bc1274720: Received in S 3: syn 0, ack 1, eack 0, rst 0, seq_nr 11478, ack_nr 23629, packet_len 256 (251)
[0;0m[0;34mRDP 0x561bc1274720: Wake Tx task (check timeouts)
[0;0m[0;34mRDP 0x561bc1274720: Received in S 3: syn 0, ack 1, eack 0, rst 0, seq_nr 11479, ack_nr 23629, packet_len 256 (251)
[0;0m[0;34mRDP 0x561bc1274720: Wake Tx task (check timeouts)
[0;0m[0;34mRDP 0x561bc1274720: Received in S 3: syn 0, ack 1, eack 0, rst 0, seq_nr 11480, ack_nr 23629, packet_len 256 (251)
[0;0m[0;34mRDP 0x561bc1274720: Send CMP S 3: syn 0, ack 1, eack 0, rst 0, seq_nr 23630, ack_nr 11480, packet_len 5 (0)
[0;0m[0;34mRDP 0x561bc1274720: Wake Tx task (check timeouts)
[0;0m[0;34mRDP 0x561bc1274720: Received in S 3: syn 0, ack 1, eack 0, rst 0, seq_nr 11481, ack_nr 23629, packet_len 256 (251)
[0;0m[0;34mRDP 0x561bc1274720: Wake Tx task (check timeouts)
[0;0m[0;34mRDP 0x561bc1274720: Received in S 3: syn 0, ack 1, eack 0, rst 0, seq_nr 11482, ack_nr 23629, packet_len 256 (251)
[0;0m[0;34mRDP 0x561bc1274720: Wake Tx task (check timeouts)
[0;0m[0;34mRDP 0x561bc1274720: Received in S 3: syn 0, ack 1, eack 0, rst 0, seq_nr 11483, ack_nr 23629, packet_len 256 (251)
[0;0m[0;34mRDP 0x561bc1274720: Send CMP S 3: syn 0, ack 1, eack 0, rst 0, seq_nr 23630, ack_nr 11483, packet_len 5 (0)
[0;0m[0;34mRDP 0x561bc1274720: Wake Tx task (check timeouts)
[0;0m[0;34mRDP 0x561bc1274720: Received in S 3: syn 0, ack 1, eack 0, rst 0, seq_nr 11484, ack_nr 23629, packet_len 256 (251)
[0;0m[0;34mRDP 0x561bc1274720: Wake Tx task (check timeouts)
[0;0m[0;34mRDP 0x561bc1274720: Received in S 3: syn 0, ack 1, eack 0, rst 0, seq_nr 11485, ack_nr 23629, packet_len 256 (251)
[0;0m[0;34mRDP 0x561bc1274720: Wake Tx task (check timeouts)
[0;0m[0;34mRDP 0x561bc1274720: Received in S 3: syn 0, ack 1, eack 0, rst 0, seq_nr 11486, ack_nr 23629, packet_len 130 (125)
[0;0m[0;34mRDP 0x561bc1274720: Send CMP S 3: syn 0, ack 1, eack 0, rst 0, seq_nr 23630, ack_nr 11486, packet_len 5 (0)
[0;0m[0;34mRDP 0x561bc1274720: Wake Tx task (check timeouts)
[0;0m[0;34mcsp_sfp_recv_fp: 20:58, fragment 243/2304
[0;0m[0;34mcsp_sfp_recv_fp: 20:58, fragment 486/2304
[0;0m[0;34mcsp_sfp_recv_fp: 20:58, fragment 729/2304
[0;0m[0;34mcsp_sfp_recv_fp: 20:58, fragment 972/2304
[0;0m[0;34mcsp_sfp_recv_fp: 20:58, fragment 1215/2304
[0;0m[0;34mcsp_sfp_recv_fp: 20:58, fragment 1458/2304
[0;0m[0;34mcsp_sfp_recv_fp: 20:58, fragment 1701/2304
[0;0m[0;34mcsp_sfp_recv_fp: 20:58, fragment 1944/2304
[0;0m[0;34mcsp_sfp_recv_fp: 20:58, fragment 2187/2304
[0;0m[0;34mcsp_sfp_recv_fp: 20:58, fragment 2304/2304
[0;0m[0;34mRDP 0x561bc1274720: Sending  in S 3: syn 0, ack 1, eack 0, rst 0, seq_nr 23630, ack_nr 11486, packet_len 6 (1)
[0;0mRECV_BUNDLE bundle_seq=21 n=64 bytes=2304
[0;34mRDP 0x561bc1274720: Received in S 3: syn 0, ack 1, eack 0, rst 0, seq_nr 11487, ack_nr 23630, packet_len 5 (0)
[0;0m[0;34mRDP 0x561bc1274720: TX Element Free, time 24018463, seq 23630, una 23631
[0;0m[0;34mRDP 0x561bc1274720: Wake Tx task (check timeouts)
[0;0m[0;34mRDP 0x561bc1274720: Received in S 3: syn 0, ack 1, eack 0, rst 0, seq_nr 11487, ack_nr 23630, packet_len 5 (0)
[0;0m[0;34mRDP 0x561bc1274720: Wake Tx task (check timeouts)
[0;0m[0;34mRDP 0x561bc1274720: Received in S 3: syn 0, ack 1, eack 0, rst 0, seq_nr 11487, ack_nr 23630, packet_len 256 (251)
[0;0m[0;34mRDP 0x561bc1274720: Wake Tx task (check timeouts)
[0;0m[0;34mRDP 0x561bc1274720: Received in S 3: syn 0, ack 1, eack 0, rst 0, seq_nr 11488, ack_nr 23630, packet_len 256 (251)
[0;0m[0;34mRDP 0x561bc1274720: Wake Tx task (check timeouts)
[0;0m[0;34mRDP 0x561bc1274720: Received in S 3: syn 0, ack 1, eack 0, rst 0, seq_nr 11489, ack_nr 23630, packet_len 256 (251)
[0;0m[0;34mRDP 0x561bc1274720: Send CMP S 3: syn 0, ack 1, eack 0, rst 0, seq_nr 23631, ack_nr 11489, packet_len 5 (0)
[0;0m[0;34mRDP 0x561bc1274720: Wake Tx task (check timeouts)
[0;0m[0;34mRDP 0x561bc1274720: Received in S 3: syn 0, ack 1, eack 0, rst 0, seq_nr 11490, ack_nr 23630, packet_len 256 (251)
[0;0m[0;34mRDP 0x561bc1274720: Wake Tx task (check timeouts)
[0;0m[0;34mRDP 0x561bc1274720: Received in S 3: syn 0, ack 1, eack 0, rst 0, seq_nr 11491, ack_nr 23630, packet_len 256 (251)
[0;0m[0;34mRDP 0x561bc1274720: Wake Tx task (check timeouts)
[0;0m[0;34mRDP 0x561bc1274720: Received in S 3: syn 0, ack 1, eack 0, rst 0, seq_nr 11492, ack_nr 23630, packet_len 256 (251)
[0;0m[0;34mRDP 0x561bc1274720: Send CMP S 3: syn 0, ack 1, eack 0, rst 0, seq_nr 23631, ack_nr 11492, packet_len 5 (0)
[0;0m[0;34mRDP 0x561bc1274720: Wake Tx task (check timeouts)
[0;0m[0;34mRDP 0x561bc1274720: Received in S 3: syn 0, ack 1, eack 0, rst 0, seq_nr 11493, ack_nr 23630, packet_len 256 (251)
[0;0m[0;34mRDP 0x561bc1274720: Wake Tx task (check timeouts)
[0;0m[0;34mRDP 0x561bc1274720: Received in S 3: syn 0, ack 1, eack 0, rst 0, seq_nr 11494, ack_nr 23630, packet_len 256 (251)
[0;0m[0;34mRDP 0x561bc1274720: Wake Tx task (check timeouts)
[0;0m[0;34mRDP 0x561bc1274720: Received in S 3: syn 0, ack 1, eack 0, rst 0, seq_nr 11495, ack_nr 23630, packet_len 256 (251)
[0;0m[0;34mRDP 0x561bc1274720: Send CMP S 3: syn 0, ack 1, eack 0, rst 0, seq_nr 23631, ack_nr 11495, packet_len 5 (0)
[0;0m[0;34mRDP 0x561bc1274720: Wake Tx task (check timeouts)
[0;0m[0;34mRDP 0x561bc1274720: Received in S 3: syn 0, ack 1, eack 0, rst 0, seq_nr 11496, ack_nr 23630, packet_len 130 (125)
[0;0m[0;34mRDP 0x561bc1274720: Wake Tx task (check timeouts)
[0;0m[0;34mcsp_sfp_recv_fp: 20:58, fragment 243/2304
[0;0m[0;34mcsp_sfp_recv_fp: 20:58, fragment 486/2304
[0;0m[0;34mcsp_sfp_recv_fp: 20:58, fragment 729/2304
[0;0m[0;34mcsp_sfp_recv_fp: 20:58, fragment 972/2304
[0;0m[0;34mcsp_sfp_recv_fp: 20:58, fragment 1215/2304
[0;0m[0;34mcsp_sfp_recv_fp: 20:58, fragment 1458/2304
[0;0m[0;34mcsp_sfp_recv_fp: 20:58, fragment 1701/2304
[0;0m[0;34mcsp_sfp_recv_fp: 20:58, fragment 1944/2304
[0;0m[0;34mcsp_sfp_recv_fp: 20:58, fragment 2187/2304
[0;0m[0;34mcsp_sfp_recv_fp: 20:58, fragment 2304/2304
[0;0m[0;34mRDP 0x561bc1274720: Sending  in S 3: syn 0, ack 1, eack 0, rst 0, seq_nr 23631, ack_nr 11496, packet_len 6 (1)
[0;0mRECV_BUNDLE bundle_seq=22 n=64 bytes=2304
[0;34mRDP 0x561bc1274720: Received in S 3: syn 0, ack 1, eack 0, rst 0, seq_nr 11497, ack_nr 23631, packet_len 256 (251)
[0;0m[0;34mRDP 0x561bc1274720: TX Element Free, time 24018464, seq 23631, una 23632
[0;0m[0;34mRDP 0x561bc1274720: Wake Tx task (check timeouts)
[0;0m[0;34mRDP 0x561bc1274720: Received in S 3: syn 0, ack 1, eack 0, rst 0, seq_nr 11498, ack_nr 23631, packet_len 256 (251)
[0;0m[0;34mRDP 0x561bc1274720: Send CMP S 3: syn 0, ack 1, eack 0, rst 0, seq_nr 23632, ack_nr 11498, packet_len 5 (0)
[0;0m[0;34mRDP 0x561bc1274720: Wake Tx task (check timeouts)
[0;0m[0;34mRDP 0x561bc1274720: Received in S 3: syn 0, ack 1, eack 0, rst 0, seq_nr 11499, ack_nr 23631, packet_len 256 (251)
[0;0m[0;34mRDP 0x561bc1274720: Wake Tx task (check timeouts)
[0;0m[0;34mRDP 0x561bc1274720: Received in S 3: syn 0, ack 1, eack 0, rst 0, seq_nr 11500, ack_nr 23631, packet_len 256 (251)
[0;0m[0;34mRDP 0x561bc1274720: Wake Tx task (check timeouts)
[0;0m[0;34mRDP 0x561bc1274720: Received in S 3: syn 0, ack 1, eack 0, rst 0, seq_nr 11501, ack_nr 23631, packet_len 256 (251)
[0;0m[0;34mRDP 0x561bc1274720: Send CMP S 3: syn 0, ack 1, eack 0, rst 0, seq_nr 23632, ack_nr 11501, packet_len 5 (0)
[0;0m[0;34mRDP 0x561bc1274720: Wake Tx task (check timeouts)
[0;0m[0;34mRDP 0x561bc1274720: Received in S 3: syn 0, ack 1, eack 0, rst 0, seq_nr 11502, ack_nr 23631, packet_len 256 (251)
[0;0m[0;34mRDP 0x561bc1274720: Wake Tx task (check timeouts)
[0;0m[0;34mRDP 0x561bc1274720: Received in S 3: syn 0, ack 1, eack 0, rst 0, seq_nr 11503, ack_nr 23631, packet_len 256 (251)
[0;0m[0;34mRDP 0x561bc1274720: Wake Tx task (check timeouts)
[0;0m[0;34mRDP 0x561bc1274720: Received in S 3: syn 0, ack 1, eack 0, rst 0, seq_nr 11504, ack_nr 23631, packet_len 256 (251)
[0;0m[0;34mRDP 0x561bc1274720: Send CMP S 3: syn 0, ack 1, eack 0, rst 0, seq_nr 23632, ack_nr 11504, packet_len 5 (0)
[0;0m[0;34mRDP 0x561bc1274720: Wake Tx task (check timeouts)
[0;0m[0;34mRDP 0x561bc1274720: Received in S 3: syn 0, ack 1, eack 0, rst 0, seq_nr 11505, ack_nr 23631, packet_len 256 (251)
[0;0m[0;34mRDP 0x561bc1274720: Wake Tx task (check timeouts)
[0;0m[0;34mRDP 0x561bc1274720: Received in S 3: syn 0, ack 1, eack 0, rst 0, seq_nr 11506, ack_nr 23631, packet_len 130 (125)
[0;0m[0;34mRDP 0x561bc1274720: Wake Tx task (check timeouts)
[0;0m[0;34mcsp_sfp_recv_fp: 20:58, fragment 243/2304
[0;0m[0;34mcsp_sfp_recv_fp: 20:58, fragment 486/2304
[0;0m[0;34mcsp_sfp_recv_fp: 20:58, fragment 729/2304
[0;0m[0;34mcsp_sfp_recv_fp: 20:58, fragment 972/2304
[0;0m[0;34mcsp_sfp_recv_fp: 20:58, fragment 1215/2304
[0;0m[0;34mcsp_sfp_recv_fp: 20:58, fragment 1458/2304
[0;0m[0;34mcsp_sfp_recv_fp: 20:58, fragment 1701/2304
[0;0m[0;34mcsp_sfp_recv_fp: 20:58, fragment 1944/2304
[0;0m[0;34mcsp_sfp_recv_fp: 20:58, fragment 2187/2304
[0;0m[0;34mcsp_sfp_recv_fp: 20:58, fragment 2304/2304
[0;0m[0;34mRDP 0x561bc1274720: Sending  in S 3: syn 0, ack 1, eack 0, rst 0, seq_nr 23632, ack_nr 11506, packet_len 6 (1)
[0;0mRECV_BUNDLE bundle_seq=23 n=64 bytes=2304
[0;34mRDP 0x561bc1274720: Received in S 3: syn 0, ack 1, eack 0, rst 0, seq_nr 11507, ack_nr 23632, packet_len 256 (251)
[0;0m[0;34mRDP 0x561bc1274720: Send CMP S 3: syn 0, ack 1, eack 0, rst 0, seq_nr 23633, ack_nr 11507, packet_len 5 (0)
[0;0m[0;34mRDP 0x561bc1274720: TX Element Free, time 24018465, seq 23632, una 23633
[0;0m[0;34mRDP 0x561bc1274720: Wake Tx task (check timeouts)
[0;0m[0;34mRDP 0x561bc1274720: Received in S 3: syn 0, ack 1, eack 0, rst 0, seq_nr 11508, ack_nr 23632, packet_len 256 (251)
[0;0m[0;34mRDP 0x561bc1274720: Wake Tx task (check timeouts)
[0;0m[0;34mRDP 0x561bc1274720: Received in S 3: syn 0, ack 1, eack 0, rst 0, seq_nr 11509, ack_nr 23632, packet_len 256 (251)
[0;0m[0;34mRDP 0x561bc1274720: Wake Tx task (check timeouts)
[0;0m[0;34mRDP 0x561bc1274720: Received in S 3: syn 0, ack 1, eack 0, rst 0, seq_nr 11510, ack_nr 23632, packet_len 256 (251)
[0;0m[0;34mRDP 0x561bc1274720: Send CMP S 3: syn 0, ack 1, eack 0, rst 0, seq_nr 23633, ack_nr 11510, packet_len 5 (0)
[0;0m[0;34mRDP 0x561bc1274720: Wake Tx task (check timeouts)
[0;0m[0;34mRDP 0x561bc1274720: Received in S 3: syn 0, ack 1, eack 0, rst 0, seq_nr 11511, ack_nr 23632, packet_len 256 (251)
[0;0m[0;34mRDP 0x561bc1274720: Wake Tx task (check timeouts)
[0;0m[0;34mRDP 0x561bc1274720: Received in S 3: syn 0, ack 1, eack 0, rst 0, seq_nr 11512, ack_nr 23632, packet_len 256 (251)
[0;0m[0;34mRDP 0x561bc1274720: Wake Tx task (check timeouts)
[0;0m[0;34mRDP 0x561bc1274720: Received in S 3: syn 0, ack 1, eack 0, rst 0, seq_nr 11513, ack_nr 23632, packet_len 256 (251)
[0;0m[0;34mRDP 0x561bc1274720: Send CMP S 3: syn 0, ack 1, eack 0, rst 0, seq_nr 23633, ack_nr 11513, packet_len 5 (0)
[0;0m[0;34mRDP 0x561bc1274720: Wake Tx task (check timeouts)
[0;0m[0;34mRDP 0x561bc1274720: Received in S 3: syn 0, ack 1, eack 0, rst 0, seq_nr 11514, ack_nr 23632, packet_len 256 (251)
[0;0m[0;34mRDP 0x561bc1274720: Wake Tx task (check timeouts)
[0;0m[0;34mRDP 0x561bc1274720: Received in S 3: syn 0, ack 1, eack 0, rst 0, seq_nr 11515, ack_nr 23632, packet_len 256 (251)
[0;0m[0;34mRDP 0x561bc1274720: Wake Tx task (check timeouts)
[0;0m[0;34mRDP 0x561bc1274720: Received in S 3: syn 0, ack 1, eack 0, rst 0, seq_nr 11516, ack_nr 23632, packet_len 130 (125)
[0;0m[0;34mRDP 0x561bc1274720: Send CMP S 3: syn 0, ack 1, eack 0, rst 0, seq_nr 23633, ack_nr 11516, packet_len 5 (0)
[0;0m[0;34mRDP 0x561bc1274720: Wake Tx task (check timeouts)
[0;0m[0;34mcsp_sfp_recv_fp: 20:58, fragment 243/2304
[0;0m[0;34mcsp_sfp_recv_fp: 20:58, fragment 486/2304
[0;0m[0;34mcsp_sfp_recv_fp: 20:58, fragment 729/2304
[0;0m[0;34mcsp_sfp_recv_fp: 20:58, fragment 972/2304
[0;0m[0;34mcsp_sfp_recv_fp: 20:58, fragment 1215/2304
[0;0m[0;34mcsp_sfp_recv_fp: 20:58, fragment 1458/2304
[0;0m[0;34mcsp_sfp_recv_fp: 20:58, fragment 1701/2304
[0;0m[0;34mcsp_sfp_recv_fp: 20:58, fragment 1944/2304
[0;0m[0;34mcsp_sfp_recv_fp: 20:58, fragment 2187/2304
[0;0m[0;34mcsp_sfp_recv_fp: 20:58, fragment 2304/2304
[0;0m[0;34mRDP 0x561bc1274720: Sending  in S 3: syn 0, ack 1, eack 0, rst 0, seq_nr 23633, ack_nr 11516, packet_len 6 (1)
[0;0mRECV_BUNDLE bundle_seq=24 n=64 bytes=2304
[0;34mRDP 0x561bc1274720: Received in S 3: syn 0, ack 1, eack 0, rst 0, seq_nr 11517, ack_nr 23633, packet_len 5 (0)
[0;0m[0;34mRDP 0x561bc1274720: TX Element Free, time 24018466, seq 23633, una 23634
[0;0m[0;34mRDP 0x561bc1274720: Wake Tx task (check timeouts)
[0;0m[0;34mRDP 0x561bc1274720: Received in S 3: syn 0, ack 1, eack 0, rst 0, seq_nr 11517, ack_nr 23633, packet_len 5 (0)
[0;0m[0;34mRDP 0x561bc1274720: Wake Tx task (check timeouts)
[0;0m[0;34mRDP 0x561bc1274720: Received in S 3: syn 0, ack 1, eack 0, rst 0, seq_nr 11517, ack_nr 23633, packet_len 256 (251)
[0;0m[0;34mRDP 0x561bc1274720: Wake Tx task (check timeouts)
[0;0m[0;34mRDP 0x561bc1274720: Received in S 3: syn 0, ack 1, eack 0, rst 0, seq_nr 11518, ack_nr 23633, packet_len 256 (251)
[0;0m[0;34mRDP 0x561bc1274720: Wake Tx task (check timeouts)
[0;0m[0;34mRDP 0x561bc1274720: Received in S 3: syn 0, ack 1, eack 0, rst 0, seq_nr 11519, ack_nr 23633, packet_len 256 (251)
[0;0m[0;34mRDP 0x561bc1274720: Send CMP S 3: syn 0, ack 1, eack 0, rst 0, seq_nr 23634, ack_nr 11519, packet_len 5 (0)
[0;0m[0;34mRDP 0x561bc1274720: Wake Tx task (check timeouts)
[0;0m[0;34mRDP 0x561bc1274720: Received in S 3: syn 0, ack 1, eack 0, rst 0, seq_nr 11520, ack_nr 23633, packet_len 256 (251)
[0;0m[0;34mRDP 0x561bc1274720: Wake Tx task (check timeouts)
[0;0m[0;34mRDP 0x561bc1274720: Received in S 3: syn 0, ack 1, eack 0, rst 0, seq_nr 11521, ack_nr 23633, packet_len 256 (251)
[0;0m[0;34mRDP 0x561bc1274720: Wake Tx task (check timeouts)
[0;0m[0;34mRDP 0x561bc1274720: Received in S 3: syn 0, ack 1, eack 0, rst 0, seq_nr 11522, ack_nr 23633, packet_len 256 (251)
[0;0m[0;34mRDP 0x561bc1274720: Send CMP S 3: syn 0, ack 1, eack 0, rst 0, seq_nr 23634, ack_nr 11522, packet_len 5 (0)
[0;0m[0;34mRDP 0x561bc1274720: Wake Tx task (check timeouts)
[0;0m[0;34mRDP 0x561bc1274720: Received in S 3: syn 0, ack 1, eack 0, rst 0, seq_nr 11523, ack_nr 23633, packet_len 256 (251)
[0;0m[0;34mRDP 0x561bc1274720: Wake Tx task (check timeouts)
[0;0m[0;34mRDP 0x561bc1274720: Received in S 3: syn 0, ack 1, eack 0, rst 0, seq_nr 11524, ack_nr 23633, packet_len 256 (251)
[0;0m[0;34mRDP 0x561bc1274720: Wake Tx task (check timeouts)
[0;0m[0;34mcsp_sfp_recv_fp: 20:58, fragment 243/2304
[0;0m[0;34mcsp_sfp_recv_fp: 20:58, fragment 486/2304[0;34m
RDP 0x561bc1274720: Received in S 3: syn 0, ack 1, eack 0, rst 0, seq_nr 11525, ack_nr 23633, packet_len 256 (251)
[0;0m[0;34mRDP 0x561bc1274720: Send CMP S 3: syn 0, ack 1, eack 0, rst 0, seq_nr 23634, ack_nr 11525, packet_len 5 (0)
[0;0m[0;0m[0;34mRDP 0x561bc1274720: Send CMP S 3: syn 0, ack 1, eack 0, rst 0, seq_nr 23634, ack_nr 11525, packet_len 5 (0)[0;34m
RDP 0x561bc1274720: Wake Tx task (check timeouts)[0;0m
[0;0m[0;34mcsp_sfp_recv_fp: 20:58, fragment 729/2304
[0;0m[0;34mcsp_sfp_recv_fp: 20:58, fragment 972/2304
[0;0m[0;34mcsp_sfp_recv_fp: 20:58, fragment 1215/2304
[0;0m[0;34mcsp_sfp_recv_fp: 20:58, fragment 1458/2304
[0;0m[0;34mcsp_sfp_recv_fp: 20:58, fragment 1701/2304
[0;0m[0;34mcsp_sfp_recv_fp: 20:58, fragment 1944/2304
[0;0m[0;34mcsp_sfp_recv_fp: 20:58, fragment 2187/2304
[0;0m[0;34mRDP 0x561bc1274720: Received in S 3: syn 0, ack 1, eack 0, rst 0, seq_nr 11526, ack_nr 23633, packet_len 130 (125)
[0;0m[0;34mRDP 0x561bc1274720: Wake Tx task (check timeouts)
[0;0m[0;34mcsp_sfp_recv_fp: 20:58, fragment 2304/2304
[0;0m[0;34mRDP 0x561bc1274720: Sending  in S 3: syn 0, ack 1, eack 0, rst 0, seq_nr 23634, ack_nr 11526, packet_len 6 (1)
[0;0mRECV_BUNDLE bundle_seq=25 n=64 bytes=2304
[0;34mRDP 0x561bc1274720: Received in S 3: syn 0, ack 1, eack 0, rst 0, seq_nr 11527, ack_nr 23634, packet_len 256 (251)
[0;0m[0;34mRDP 0x561bc1274720: TX Element Free, time 24018468, seq 23634, una 23635
[0;0m[0;34mRDP 0x561bc1274720: Wake Tx task (check timeouts)
[0;0m[0;34mRDP 0x561bc1274720: Received in S 3: syn 0, ack 1, eack 0, rst 0, seq_nr 11528, ack_nr 23634, packet_len 256 (251)
[0;0m[0;34mRDP 0x561bc1274720: Send CMP S 3: syn 0, ack 1, eack 0, rst 0, seq_nr 23635, ack_nr 11528, packet_len 5 (0)
[0;0m[0;34mRDP 0x561bc1274720: Wake Tx task (check timeouts)
[0;0m[0;34mRDP 0x561bc1274720: Received in S 3: syn 0, ack 1, eack 0, rst 0, seq_nr 11529, ack_nr 23634, packet_len 256 (251)
[0;0m[0;34mRDP 0x561bc1274720: Wake Tx task (check timeouts)
[0;0m[0;34mRDP 0x561bc1274720: Received in S 3: syn 0, ack 1, eack 0, rst 0, seq_nr 11530, ack_nr 23634, packet_len 256 (251)
[0;0m[0;34mRDP 0x561bc1274720: Wake Tx task (check timeouts)
[0;0m[0;34mRDP 0x561bc1274720: Received in S 3: syn 0, ack 1, eack 0, rst 0, seq_nr 11531, ack_nr 23634, packet_len 256 (251)
[0;0m[0;34mRDP 0x561bc1274720: Send CMP S 3: syn 0, ack 1, eack 0, rst 0, seq_nr 23635, ack_nr 11531, packet_len 5 (0)
[0;0m[0;34mRDP 0x561bc1274720: Wake Tx task (check timeouts)
[0;0m[0;34mRDP 0x561bc1274720: Received in S 3: syn 0, ack 1, eack 0, rst 0, seq_nr 11532, ack_nr 23634, packet_len 256 (251)
[0;0m[0;34mRDP 0x561bc1274720: Wake Tx task (check timeouts)
[0;0m[0;34mRDP 0x561bc1274720: Received in S 3: syn 0, ack 1, eack 0, rst 0, seq_nr 11533, ack_nr 23634, packet_len 256 (251)
[0;0m[0;34mRDP 0x561bc1274720: Wake Tx task (check timeouts)
[0;0m[0;34mRDP 0x561bc1274720: Received in S 3: syn 0, ack 1, eack 0, rst 0, seq_nr 11534, ack_nr 23634, packet_len 256 (251)
[0;0m[0;34mRDP 0x561bc1274720: Send CMP S 3: syn 0, ack 1, eack 0, rst 0, seq_nr 23635, ack_nr 11534, packet_len 5 (0)
[0;0m[0;34mRDP 0x561bc1274720: Wake Tx task (check timeouts)
[0;0m[0;34mRDP 0x561bc1274720: Received in S 3: syn 0, ack 1, eack 0, rst 0, seq_nr 11535, ack_nr 23634, packet_len 256 (251)
[0;0m[0;34mRDP 0x561bc1274720: Wake Tx task (check timeouts)
[0;0m[0;34mRDP 0x561bc1274720: Received in S 3: syn 0, ack 1, eack 0, rst 0, seq_nr 11536, ack_nr 23634, packet_len 130 (125)
[0;0m[0;34mRDP 0x561bc1274720: Wake Tx task (check timeouts)
[0;0m[0;34mcsp_sfp_recv_fp: 20:58, fragment 243/2304
[0;0m[0;34mcsp_sfp_recv_fp: 20:58, fragment 486/2304
[0;0m[0;34mcsp_sfp_recv_fp: 20:58, fragment 729/2304
[0;0m[0;34mcsp_sfp_recv_fp: 20:58, fragment 972/2304
[0;0m[0;34mcsp_sfp_recv_fp: 20:58, fragment 1215/2304
[0;0m[0;34mcsp_sfp_recv_fp: 20:58, fragment 1458/2304
[0;0m[0;34mcsp_sfp_recv_fp: 20:58, fragment 1701/2304
[0;0m[0;34mcsp_sfp_recv_fp: 20:58, fragment 1944/2304
[0;0m[0;34mcsp_sfp_recv_fp: 20:58, fragment 2187/2304
[0;0m[0;34mcsp_sfp_recv_fp: 20:58, fragment 2304/2304
[0;0m[0;34mRDP 0x561bc1274720: Sending  in S 3: syn 0, ack 1, eack 0, rst 0, seq_nr 23635, ack_nr 11536, packet_len 6 (1)
[0;0mRECV_BUNDLE bundle_seq=26 n=64 bytes=2304
[0;34mRDP 0x561bc1274720: Received in S 3: syn 0, ack 1, eack 0, rst 0, seq_nr 11537, ack_nr 23635, packet_len 256 (251)
[0;0m[0;34mRDP 0x561bc1274720: Send CMP S 3: syn 0, ack 1, eack 0, rst 0, seq_nr 23636, ack_nr 11537, packet_len 5 (0)
[0;0m[0;34mRDP 0x561bc1274720: TX Element Free, time 24018469, seq 23635, una 23636
[0;0m[0;34mRDP 0x561bc1274720: Wake Tx task (check timeouts)
[0;0m[0;34mRDP 0x561bc1274720: Received in S 3: syn 0, ack 1, eack 0, rst 0, seq_nr 11538, ack_nr 23635, packet_len 256 (251)
[0;0m[0;34mRDP 0x561bc1274720: Wake Tx task (check timeouts)
[0;0m[0;34mRDP 0x561bc1274720: Received in S 3: syn 0, ack 1, eack 0, rst 0, seq_nr 11539, ack_nr 23635, packet_len 256 (251)
[0;0m[0;34mRDP 0x561bc1274720: Wake Tx task (check timeouts)
[0;0m[0;34mRDP 0x561bc1274720: Received in S 3: syn 0, ack 1, eack 0, rst 0, seq_nr 11540, ack_nr 23635, packet_len 256 (251)
[0;0m[0;34mRDP 0x561bc1274720: Send CMP S 3: syn 0, ack 1, eack 0, rst 0, seq_nr 23636, ack_nr 11540, packet_len 5 (0)
[0;0m[0;34mRDP 0x561bc1274720: Wake Tx task (check timeouts)
[0;0m[0;34mRDP 0x561bc1274720: Received in S 3: syn 0, ack 1, eack 0, rst 0, seq_nr 11541, ack_nr 23635, packet_len 256 (251)
[0;0m[0;34mRDP 0x561bc1274720: Wake Tx task (check timeouts)
[0;0m[0;34mRDP 0x561bc1274720: Received in S 3: syn 0, ack 1, eack 0, rst 0, seq_nr 11542, ack_nr 23635, packet_len 256 (251)
[0;0m[0;34mRDP 0x561bc1274720: Wake Tx task (check timeouts)
[0;0m[0;34mRDP 0x561bc1274720: Received in S 3: syn 0, ack 1, eack 0, rst 0, seq_nr 11543, ack_nr 23635, packet_len 256 (251)
[0;0m[0;34mRDP 0x561bc1274720: Send CMP S 3: syn 0, ack 1, eack 0, rst 0, seq_nr 23636, ack_nr 11543, packet_len 5 (0)
[0;0m[0;34mRDP 0x561bc1274720: Wake Tx task (check timeouts)
[0;0m[0;34mRDP 0x561bc1274720: Received in S 3: syn 0, ack 1, eack 0, rst 0, seq_nr 11544, ack_nr 23635, packet_len 256 (251)
[0;0m[0;34mRDP 0x561bc1274720: Wake Tx task (check timeouts)
[0;0m[0;34mRDP 0x561bc1274720: Received in S 3: syn 0, ack 1, eack 0, rst 0, seq_nr 11545, ack_nr 23635, packet_len 256 (251)
[0;0m[0;34mRDP 0x561bc1274720: Wake Tx task (check timeouts)
[0;0m[0;34mRDP 0x561bc1274720: Received in S 3: syn 0, ack 1, eack 0, rst 0, seq_nr 11546, ack_nr 23635, packet_len 130 (125)
[0;0m[0;34mRDP 0x561bc1274720: Send CMP S 3: syn 0, ack 1, eack 0, rst 0, seq_nr 23636, ack_nr 11546, packet_len 5 (0)
[0;0m[0;34mRDP 0x561bc1274720: Wake Tx task (check timeouts)
[0;0m[0;34mcsp_sfp_recv_fp: 20:58, fragment 243/2304
[0;0m[0;34mcsp_sfp_recv_fp: 20:58, fragment 486/2304
[0;0m[0;34mcsp_sfp_recv_fp: 20:58, fragment 729/2304
[0;0m[0;34mcsp_sfp_recv_fp: 20:58, fragment 972/2304
[0;0m[0;34mcsp_sfp_recv_fp: 20:58, fragment 1215/2304
[0;0m[0;34mcsp_sfp_recv_fp: 20:58, fragment 1458/2304
[0;0m[0;34mcsp_sfp_recv_fp: 20:58, fragment 1701/2304
[0;0m[0;34mcsp_sfp_recv_fp: 20:58, fragment 1944/2304
[0;0m[0;34mcsp_sfp_recv_fp: 20:58, fragment 2187/2304
[0;0m[0;34mcsp_sfp_recv_fp: 20:58, fragment 2304/2304
[0;0m[0;34mRDP 0x561bc1274720: Sending  in S 3: syn 0, ack 1, eack 0, rst 0, seq_nr 23636, ack_nr 11546, packet_len 6 (1)
[0;0mRECV_BUNDLE bundle_seq=27 n=64 bytes=2304
[0;34mRDP 0x561bc1274720: Received in S 3: syn 0, ack 1, eack 0, rst 0, seq_nr 11547, ack_nr 23636, packet_len 5 (0)
[0;0m[0;34mRDP 0x561bc1274720: TX Element Free, time 24018470, seq 23636, una 23637
[0;0m[0;34mRDP 0x561bc1274720: Wake Tx task (check timeouts)
[0;0m[0;34mRDP 0x561bc1274720: Received in S 3: syn 0, ack 1, eack 0, rst 0, seq_nr 11547, ack_nr 23636, packet_len 5 (0)
[0;0m[0;34mRDP 0x561bc1274720: Wake Tx task (check timeouts)
[0;0m[0;34mRDP 0x561bc1274720: Received in S 3: syn 0, ack 1, eack 0, rst 0, seq_nr 11547, ack_nr 23636, packet_len 256 (251)
[0;0m[0;34mRDP 0x561bc1274720: Wake Tx task (check timeouts)
[0;0m[0;34mRDP 0x561bc1274720: Received in S 3: syn 0, ack 1, eack 0, rst 0, seq_nr 11548, ack_nr 23636, packet_len 256 (251)
[0;0m[0;34mRDP 0x561bc1274720: Wake Tx task (check timeouts)
[0;0m[0;34mRDP 0x561bc1274720: Received in S 3: syn 0, ack 1, eack 0, rst 0, seq_nr 11549, ack_nr 23636, packet_len 256 (251)
[0;0m[0;34mRDP 0x561bc1274720: Send CMP S 3: syn 0, ack 1, eack 0, rst 0, seq_nr 23637, ack_nr 11549, packet_len 5 (0)
[0;0m[0;34mRDP 0x561bc1274720: Wake Tx task (check timeouts)
[0;0m[0;34mRDP 0x561bc1274720: Received in S 3: syn 0, ack 1, eack 0, rst 0, seq_nr 11550, ack_nr 23636, packet_len 256 (251)
[0;0m[0;34mRDP 0x561bc1274720: Wake Tx task (check timeouts)
[0;0m[0;34mRDP 0x561bc1274720: Received in S 3: syn 0, ack 1, eack 0, rst 0, seq_nr 11551, ack_nr 23636, packet_len 256 (251)
[0;0m[0;34mRDP 0x561bc1274720: Wake Tx task (check timeouts)
[0;0m[0;34mRDP 0x561bc1274720: Received in S 3: syn 0, ack 1, eack 0, rst 0, seq_nr 11552, ack_nr 23636, packet_len 256 (251)
[0;0m[0;34mRDP 0x561bc1274720: Send CMP S 3: syn 0, ack 1, eack 0, rst 0, seq_nr 23637, ack_nr 11552, packet_len 5 (0)
[0;0m[0;34mRDP 0x561bc1274720: Wake Tx task (check timeouts)
[0;0m[0;34mRDP 0x561bc1274720: Received in S 3: syn 0, ack 1, eack 0, rst 0, seq_nr 11553, ack_nr 23636, packet_len 256 (251)
[0;0m[0;34mRDP 0x561bc1274720: Wake Tx task (check timeouts)
[0;0m[0;34mRDP 0x561bc1274720: Received in S 3: syn 0, ack 1, eack 0, rst 0, seq_nr 11554, ack_nr 23636, packet_len 256 (251)
[0;0m[0;34mRDP 0x561bc1274720: Wake Tx task (check timeouts)
[0;0m[0;34mRDP 0x561bc1274720: Received in S 3: syn 0, ack 1, eack 0, rst 0, seq_nr 11555, ack_nr 23636, packet_len 256 (251)
[0;0m[0;34mRDP 0x561bc1274720: Send CMP S 3: syn 0, ack 1, eack 0, rst 0, seq_nr 23637, ack_nr 11555, packet_len 5 (0)
[0;0m[0;34mRDP 0x561bc1274720: Wake Tx task (check timeouts)
[0;0m[0;34mRDP 0x561bc1274720: Received in S 3: syn 0, ack 1, eack 0, rst 0, seq_nr 11556, ack_nr 23636, packet_len 130 (125)
[0;0m[0;34mRDP 0x561bc1274720: Wake Tx task (check timeouts)
[0;0m[0;34mcsp_sfp_recv_fp: 20:58, fragment 243/2304
[0;0m[0;34mcsp_sfp_recv_fp: 20:58, fragment 486/2304
[0;0m[0;34mcsp_sfp_recv_fp: 20:58, fragment 729/2304
[0;0m[0;34mcsp_sfp_recv_fp: 20:58, fragment 972/2304
[0;0m[0;34mcsp_sfp_recv_fp: 20:58, fragment 1215/2304
[0;0m[0;34mcsp_sfp_recv_fp: 20:58, fragment 1458/2304
[0;0m[0;34mcsp_sfp_recv_fp: 20:58, fragment 1701/2304
[0;0m[0;34mcsp_sfp_recv_fp: 20:58, fragment 1944/2304
[0;0m[0;34mcsp_sfp_recv_fp: 20:58, fragment 2187/2304
[0;0m[0;34mcsp_sfp_recv_fp: 20:58, fragment 2304/2304
[0;0m[0;34mRDP 0x561bc1274720: Sending  in S 3: syn 0, ack 1, eack 0, rst 0, seq_nr 23637, ack_nr 11556, packet_len 6 (1)
[0;0mRECV_BUNDLE bundle_seq=28 n=64 bytes=2304
[0;34mRDP 0x561bc1274720: Received in S 3: syn 0, ack 1, eack 0, rst 0, seq_nr 11557, ack_nr 23637, packet_len 256 (251)
[0;0m[0;34mRDP 0x561bc1274720: TX Element Free, time 24018471, seq 23637, una 23638
[0;0m[0;34mRDP 0x561bc1274720: Wake Tx task (check timeouts)
[0;0m[0;34mRDP 0x561bc1274720: Received in S 3: syn 0, ack 1, eack 0, rst 0, seq_nr 11558, ack_nr 23637, packet_len 256 (251)
[0;0m[0;34mRDP 0x561bc1274720: Send CMP S 3: syn 0, ack 1, eack 0, rst 0, seq_nr 23638, ack_nr 11558, packet_len 5 (0)
[0;0m[0;34mRDP 0x561bc1274720: Wake Tx task (check timeouts)
[0;0m[0;34mRDP 0x561bc1274720: Received in S 3: syn 0, ack 1, eack 0, rst 0, seq_nr 11559, ack_nr 23637, packet_len 256 (251)
[0;0m[0;34mRDP 0x561bc1274720: Wake Tx task (check timeouts)
[0;0m[0;34mRDP 0x561bc1274720: Received in S 3: syn 0, ack 1, eack 0, rst 0, seq_nr 11560, ack_nr 23637, packet_len 256 (251)
[0;0m[0;34mRDP 0x561bc1274720: Wake Tx task (check timeouts)
[0;0m[0;34mRDP 0x561bc1274720: Received in S 3: syn 0, ack 1, eack 0, rst 0, seq_nr 11561, ack_nr 23637, packet_len 256 (251)
[0;0m[0;34mRDP 0x561bc1274720: Send CMP S 3: syn 0, ack 1, eack 0, rst 0, seq_nr 23638, ack_nr 11561, packet_len 5 (0)
[0;0m[0;34mRDP 0x561bc1274720: Wake Tx task (check timeouts)
[0;0m[0;34mRDP 0x561bc1274720: Received in S 3: syn 0, ack 1, eack 0, rst 0, seq_nr 11562, ack_nr 23637, packet_len 256 (251)
[0;0m[0;34mRDP 0x561bc1274720: Wake Tx task (check timeouts)
[0;0m[0;34mRDP 0x561bc1274720: Received in S 3: syn 0, ack 1, eack 0, rst 0, seq_nr 11563, ack_nr 23637, packet_len 256 (251)
[0;0m[0;34mRDP 0x561bc1274720: Wake Tx task (check timeouts)
[0;0m[0;34mRDP 0x561bc1274720: Received in S 3: syn 0, ack 1, eack 0, rst 0, seq_nr 11564, ack_nr 23637, packet_len 256 (251)
[0;0m[0;34mRDP 0x561bc1274720: Send CMP S 3: syn 0, ack 1, eack 0, rst 0, seq_nr 23638, ack_nr 11564, packet_len 5 (0)
[0;0m[0;34mRDP 0x561bc1274720: Wake Tx task (check timeouts)
[0;0m[0;34mRDP 0x561bc1274720: Received in S 3: syn 0, ack 1, eack 0, rst 0, seq_nr 11565, ack_nr 23637, packet_len 256 (251)
[0;0m[0;34mRDP 0x561bc1274720: Wake Tx task (check timeouts)
[0;0m[0;34mRDP 0x561bc1274720: Received in S 3: syn 0, ack 1, eack 0, rst 0, seq_nr 11566, ack_nr 23637, packet_len 130 (125)
[0;0m[0;34mRDP 0x561bc1274720: Wake Tx task (check timeouts)
[0;0m[0;34mcsp_sfp_recv_fp: 20:58, fragment 243/2304
[0;0m[0;34mcsp_sfp_recv_fp: 20:58, fragment 486/2304
[0;0m[0;34mcsp_sfp_recv_fp: 20:58, fragment 729/2304
[0;0m[0;34mcsp_sfp_recv_fp: 20:58, fragment 972/2304
[0;0m[0;34mcsp_sfp_recv_fp: 20:58, fragment 1215/2304
[0;0m[0;34mcsp_sfp_recv_fp: 20:58, fragment 1458/2304
[0;0m[0;34mcsp_sfp_recv_fp: 20:58, fragment 1701/2304
[0;0m[0;34mcsp_sfp_recv_fp: 20:58, fragment 1944/2304
[0;0m[0;34mcsp_sfp_recv_fp: 20:58, fragment 2187/2304
[0;0m[0;34mcsp_sfp_recv_fp: 20:58, fragment 2304/2304
[0;0m[0;34mRDP 0x561bc1274720: Sending  in S 3: syn 0, ack 1, eack 0, rst 0, seq_nr 23638, ack_nr 11566, packet_len 6 (1)
[0;0mRECV_BUNDLE bundle_seq=29 n=64 bytes=2304
[0;34mRDP 0x561bc1274720: Received in S 3: syn 0, ack 1, eack 0, rst 0, seq_nr 11567, ack_nr 23638, packet_len 256 (251)
[0;0m[0;34mRDP 0x561bc1274720: Send CMP S 3: syn 0, ack 1, eack 0, rst 0, seq_nr 23639, ack_nr 11567, packet_len 5 (0)
[0;0m[0;34mRDP 0x561bc1274720: TX Element Free, time 24018473, seq 23638, una 23639
[0;0m[0;34mRDP 0x561bc1274720: Wake Tx task (check timeouts)
[0;0m[0;34mRDP 0x561bc1274720: Received in S 3: syn 0, ack 1, eack 0, rst 0, seq_nr 11568, ack_nr 23638, packet_len 256 (251)
[0;0m[0;34mRDP 0x561bc1274720: Wake Tx task (check timeouts)
[0;0m[0;34mRDP 0x561bc1274720: Received in S 3: syn 0, ack 1, eack 0, rst 0, seq_nr 11569, ack_nr 23638, packet_len 256 (251)
[0;0m[0;34mRDP 0x561bc1274720: Wake Tx task (check timeouts)
[0;0m[0;34mRDP 0x561bc1274720: Received in S 3: syn 0, ack 1, eack 0, rst 0, seq_nr 11570, ack_nr 23638, packet_len 256 (251)
[0;0m[0;34mRDP 0x561bc1274720: Send CMP S 3: syn 0, ack 1, eack 0, rst 0, seq_nr 23639, ack_nr 11570, packet_len 5 (0)
[0;0m[0;34mRDP 0x561bc1274720: Wake Tx task (check timeouts)
[0;0m[0;34mRDP 0x561bc1274720: Received in S 3: syn 0, ack 1, eack 0, rst 0, seq_nr 11571, ack_nr 23638, packet_len 256 (251)
[0;0m[0;34mRDP 0x561bc1274720: Wake Tx task (check timeouts)
[0;0m[0;34mRDP 0x561bc1274720: Received in S 3: syn 0, ack 1, eack 0, rst 0, seq_nr 11572, ack_nr 23638, packet_len 256 (251)
[0;0m[0;34mRDP 0x561bc1274720: Wake Tx task (check timeouts)
[0;0m[0;34mRDP 0x561bc1274720: Received in S 3: syn 0, ack 1, eack 0, rst 0, seq_nr 11573, ack_nr 23638, packet_len 256 (251)
[0;0m[0;34mRDP 0x561bc1274720: Send CMP S 3: syn 0, ack 1, eack 0, rst 0, seq_nr 23639, ack_nr 11573, packet_len 5 (0)
[0;0m[0;34mRDP 0x561bc1274720: Wake Tx task (check timeouts)
[0;0m[0;34mRDP 0x561bc1274720: Received in S 3: syn 0, ack 1, eack 0, rst 0, seq_nr 11574, ack_nr 23638, packet_len 256 (251)
[0;0m[0;34mRDP 0x561bc1274720: Wake Tx task (check timeouts)
[0;0m[0;34mRDP 0x561bc1274720: Received in S 3: syn 0, ack 1, eack 0, rst 0, seq_nr 11575, ack_nr 23638, packet_len 256 (251)
[0;0m[0;34mRDP 0x561bc1274720: Wake Tx task (check timeouts)
[0;0m[0;34mRDP 0x561bc1274720: Received in S 3: syn 0, ack 1, eack 0, rst 0, seq_nr 11576, ack_nr 23638, packet_len 130 (125)
[0;0m[0;34mRDP 0x561bc1274720: Send CMP S 3: syn 0, ack 1, eack 0, rst 0, seq_nr 23639, ack_nr 11576, packet_len 5 (0)
[0;0m[0;34mRDP 0x561bc1274720: Wake Tx task (check timeouts)
[0;0m[0;34mcsp_sfp_recv_fp: 20:58, fragment 243/2304
[0;0m[0;34mcsp_sfp_recv_fp: 20:58, fragment 486/2304
[0;0m[0;34mcsp_sfp_recv_fp: 20:58, fragment 729/2304
[0;0m[0;34mcsp_sfp_recv_fp: 20:58, fragment 972/2304
[0;0m[0;34mcsp_sfp_recv_fp: 20:58, fragment 1215/2304
[0;0m[0;34mcsp_sfp_recv_fp: 20:58, fragment 1458/2304
[0;0m[0;34mcsp_sfp_recv_fp: 20:58, fragment 1701/2304
[0;0m[0;34mcsp_sfp_recv_fp: 20:58, fragment 1944/2304
[0;0m[0;34mcsp_sfp_recv_fp: 20:58, fragment 2187/2304
[0;0m[0;34mcsp_sfp_recv_fp: 20:58, fragment 2304/2304
[0;0m[0;34mRDP 0x561bc1274720: Sending  in S 3: syn 0, ack 1, eack 0, rst 0, seq_nr 23639, ack_nr 11576, packet_len 6 (1)
[0;0mRECV_BUNDLE bundle_seq=30 n=64 bytes=2304
[0;34mRDP 0x561bc1274720: Received in S 3: syn 0, ack 1, eack 0, rst 0, seq_nr 11577, ack_nr 23639, packet_len 5 (0)
[0;0m[0;34mRDP 0x561bc1274720: TX Element Free, time 24018474, seq 23639, una 23640
[0;0m[0;34mRDP 0x561bc1274720: Wake Tx task (check timeouts)
[0;0m[0;34mRDP 0x561bc1274720: Received in S 3: syn 0, ack 1, eack 0, rst 0, seq_nr 11577, ack_nr 23639, packet_len 5 (0)
[0;0m[0;34mRDP 0x561bc1274720: Wake Tx task (check timeouts)
[0;0m[0;34mRDP 0x561bc1274720: Received in S 3: syn 0, ack 1, eack 0, rst 0, seq_nr 11577, ack_nr 23639, packet_len 256 (251)
[0;0m[0;34mRDP 0x561bc1274720: Wake Tx task (check timeouts)
[0;0m[0;34mRDP 0x561bc1274720: Received in S 3: syn 0, ack 1, eack 0, rst 0, seq_nr 11578, ack_nr 23639, packet_len 256 (251)
[0;0m[0;34mRDP 0x561bc1274720: Wake Tx task (check timeouts)
[0;0m[0;34mRDP 0x561bc1274720: Received in S 3: syn 0, ack 1, eack 0, rst 0, seq_nr 11579, ack_nr 23639, packet_len 256 (251)
[0;0m[0;34mRDP 0x561bc1274720: Send CMP S 3: syn 0, ack 1, eack 0, rst 0, seq_nr 23640, ack_nr 11579, packet_len 5 (0)
[0;0m[0;34mRDP 0x561bc1274720: Wake Tx task (check timeouts)
[0;0m[0;34mRDP 0x561bc1274720: Received in S 3: syn 0, ack 1, eack 0, rst 0, seq_nr 11580, ack_nr 23639, packet_len 256 (251)
[0;0m[0;34mRDP 0x561bc1274720: Wake Tx task (check timeouts)
[0;0m[0;34mRDP 0x561bc1274720: Received in S 3: syn 0, ack 1, eack 0, rst 0, seq_nr 11581, ack_nr 23639, packet_len 256 (251)
[0;0m[0;34mRDP 0x561bc1274720: Wake Tx task (check timeouts)
[0;0m[0;34mRDP 0x561bc1274720: Received in S 3: syn 0, ack 1, eack 0, rst 0, seq_nr 11582, ack_nr 23639, packet_len 256 (251)
[0;0m[0;34mRDP 0x561bc1274720: Send CMP S 3: syn 0, ack 1, eack 0, rst 0, seq_nr 23640, ack_nr 11582, packet_len 5 (0)
[0;0m[0;34mRDP 0x561bc1274720: Wake Tx task (check timeouts)
[0;0m[0;34mRDP 0x561bc1274720: Received in S 3: syn 0, ack 1, eack 0, rst 0, seq_nr 11583, ack_nr 23639, packet_len 256 (251)
[0;0m[0;34mRDP 0x561bc1274720: Wake Tx task (check timeouts)
[0;0m[0;34mRDP 0x561bc1274720: Received in S 3: syn 0, ack 1, eack 0, rst 0, seq_nr 11584, ack_nr 23639, packet_len 256 (251)
[0;0m[0;34mRDP 0x561bc1274720: Wake Tx task (check timeouts)
[0;0m[0;34mRDP 0x561bc1274720: Received in S 3: syn 0, ack 1, eack 0, rst 0, seq_nr 11585, ack_nr 23639, packet_len 256 (251)
[0;0m[0;34mRDP 0x561bc1274720: Send CMP S 3: syn 0, ack 1, eack 0, rst 0, seq_nr 23640, ack_nr 11585, packet_len 5 (0)
[0;0m[0;34mRDP 0x561bc1274720: Wake Tx task (check timeouts)
[0;0m[0;34mRDP 0x561bc1274720: Received in S 3: syn 0, ack 1, eack 0, rst 0, seq_nr 11586, ack_nr 23639, packet_len 130 (125)
[0;0m[0;34mRDP 0x561bc1274720: Wake Tx task (check timeouts)
[0;0m[0;34mcsp_sfp_recv_fp: 20:58, fragment 243/2304
[0;0m[0;34mcsp_sfp_recv_fp: 20:58, fragment 486/2304
[0;0m[0;34mcsp_sfp_recv_fp: 20:58, fragment 729/2304
[0;0m[0;34mcsp_sfp_recv_fp: 20:58, fragment 972/2304
[0;0m[0;34mcsp_sfp_recv_fp: 20:58, fragment 1215/2304
[0;0m[0;34mcsp_sfp_recv_fp: 20:58, fragment 1458/2304
[0;0m[0;34mcsp_sfp_recv_fp: 20:58, fragment 1701/2304
[0;0m[0;34mcsp_sfp_recv_fp: 20:58, fragment 1944/2304
[0;0m[0;34mcsp_sfp_recv_fp: 20:58, fragment 2187/2304
[0;0m[0;34mcsp_sfp_recv_fp: 20:58, fragment 2304/2304
[0;0m[0;34mRDP 0x561bc1274720: Sending  in S 3: syn 0, ack 1, eack 0, rst 0, seq_nr 23640, ack_nr 11586, packet_len 6 (1)
[0;0mRECV_BUNDLE bundle_seq=31 n=64 bytes=2304
[0;34mRDP 0x561bc1274720: Received in S 3: syn 0, ack 1, eack 0, rst 0, seq_nr 11587, ack_nr 23640, packet_len 256 (251)
[0;0m[0;34mRDP 0x561bc1274720: TX Element Free, time 24018475, seq 23640, una 23641
[0;0m[0;34mRDP 0x561bc1274720: Wake Tx task (check timeouts)
[0;0m[0;34mRDP 0x561bc1274720: Received in S 3: syn 0, ack 1, eack 0, rst 0, seq_nr 11588, ack_nr 23640, packet_len 256 (251)
[0;0m[0;34mRDP 0x561bc1274720: Send CMP S 3: syn 0, ack 1, eack 0, rst 0, seq_nr 23641, ack_nr 11588, packet_len 5 (0)
[0;0m[0;34mRDP 0x561bc1274720: Wake Tx task (check timeouts)
[0;0m[0;34mRDP 0x561bc1274720: Received in S 3: syn 0, ack 1, eack 0, rst 0, seq_nr 11589, ack_nr 23640, packet_len 256 (251)
[0;0m[0;34mRDP 0x561bc1274720: Wake Tx task (check timeouts)
[0;0m[0;34mRDP 0x561bc1274720: Received in S 3: syn 0, ack 1, eack 0, rst 0, seq_nr 11590, ack_nr 23640, packet_len 256 (251)
[0;0m[0;34mRDP 0x561bc1274720: Wake Tx task (check timeouts)
[0;0m[0;34mRDP 0x561bc1274720: Received in S 3: syn 0, ack 1, eack 0, rst 0, seq_nr 11591, ack_nr 23640, packet_len 256 (251)
[0;0m[0;34mRDP 0x561bc1274720: Send CMP S 3: syn 0, ack 1, eack 0, rst 0, seq_nr 23641, ack_nr 11591, packet_len 5 (0)
[0;0m[0;34mRDP 0x561bc1274720: Wake Tx task (check timeouts)
[0;0m[0;34mRDP 0x561bc1274720: Received in S 3: syn 0, ack 1, eack 0, rst 0, seq_nr 11592, ack_nr 23640, packet_len 256 (251)
[0;0m[0;34mRDP 0x561bc1274720: Wake Tx task (check timeouts)
[0;0m[0;34mRDP 0x561bc1274720: Received in S 3: syn 0, ack 1, eack 0, rst 0, seq_nr 11593, ack_nr 23640, packet_len 256 (251)
[0;0m[0;34mRDP 0x561bc1274720: Wake Tx task (check timeouts)
[0;0m[0;34mRDP 0x561bc1274720: Received in S 3: syn 0, ack 1, eack 0, rst 0, seq_nr 11594, ack_nr 23640, packet_len 256 (251)
[0;0m[0;34mRDP 0x561bc1274720: Send CMP S 3: syn 0, ack 1, eack 0, rst 0, seq_nr 23641, ack_nr 11594, packet_len 5 (0)
[0;0m[0;34mRDP 0x561bc1274720: Wake Tx task (check timeouts)
[0;0m[0;34mRDP 0x561bc1274720: Received in S 3: syn 0, ack 1, eack 0, rst 0, seq_nr 11595, ack_nr 23640, packet_len 256 (251)
[0;0m[0;34mRDP 0x561bc1274720: Wake Tx task (check timeouts)
[0;0m[0;34mRDP 0x561bc1274720: Received in S 3: syn 0, ack 1, eack 0, rst 0, seq_nr 11596, ack_nr 23640, packet_len 130 (125)
[0;0m[0;34mRDP 0x561bc1274720: Wake Tx task (check timeouts)
[0;0m[0;34mcsp_sfp_recv_fp: 20:58, fragment 243/2304
[0;0m[0;34mcsp_sfp_recv_fp: 20:58, fragment 486/2304
[0;0m[0;34mcsp_sfp_recv_fp: 20:58, fragment 729/2304
[0;0m[0;34mcsp_sfp_recv_fp: 20:58, fragment 972/2304
[0;0m[0;34mcsp_sfp_recv_fp: 20:58, fragment 1215/2304
[0;0m[0;34mcsp_sfp_recv_fp: 20:58, fragment 1458/2304
[0;0m[0;34mcsp_sfp_recv_fp: 20:58, fragment 1701/2304
[0;0m[0;34mcsp_sfp_recv_fp: 20:58, fragment 1944/2304
[0;0m[0;34mcsp_sfp_recv_fp: 20:58, fragment 2187/2304
[0;0m[0;34mcsp_sfp_recv_fp: 20:58, fragment 2304/2304
[0;0m[0;34mRDP 0x561bc1274720: Sending  in S 3: syn 0, ack 1, eack 0, rst 0, seq_nr 23641, ack_nr 11596, packet_len 6 (1)
[0;0mRECV_BUNDLE bundle_seq=32 n=64 bytes=2304
[0;34mRDP 0x561bc1274720: Received in S 3: syn 0, ack 1, eack 0, rst 0, seq_nr 11597, ack_nr 23641, packet_len 256 (251)
[0;0m[0;34mRDP 0x561bc1274720: Send CMP S 3: syn 0, ack 1, eack 0, rst 0, seq_nr 23642, ack_nr 11597, packet_len 5 (0)
[0;0m[0;34mRDP 0x561bc1274720: TX Element Free, time 24018476, seq 23641, una 23642
[0;0m[0;34mRDP 0x561bc1274720: Wake Tx task (check timeouts)
[0;0m[0;34mRDP 0x561bc1274720: Received in S 3: syn 0, ack 1, eack 0, rst 0, seq_nr 11598, ack_nr 23641, packet_len 256 (251)
[0;0m[0;34mRDP 0x561bc1274720: Wake Tx task (check timeouts)
[0;0m[0;34mRDP 0x561bc1274720: Received in S 3: syn 0, ack 1, eack 0, rst 0, seq_nr 11599, ack_nr 23641, packet_len 256 (251)
[0;0m[0;34mRDP 0x561bc1274720: Wake Tx task (check timeouts)
[0;0m[0;34mRDP 0x561bc1274720: Received in S 3: syn 0, ack 1, eack 0, rst 0, seq_nr 11600, ack_nr 23641, packet_len 256 (251)
[0;0m[0;34mRDP 0x561bc1274720: Send CMP S 3: syn 0, ack 1, eack 0, rst 0, seq_nr 23642, ack_nr 11600, packet_len 5 (0)
[0;0m[0;34mRDP 0x561bc1274720: Wake Tx task (check timeouts)
[0;0m[0;34mRDP 0x561bc1274720: Received in S 3: syn 0, ack 1, eack 0, rst 0, seq_nr 11601, ack_nr 23641, packet_len 256 (251)
[0;0m[0;34mRDP 0x561bc1274720: Wake Tx task (check timeouts)
[0;0m[0;34mRDP 0x561bc1274720: Received in S 3: syn 0, ack 1, eack 0, rst 0, seq_nr 11602, ack_nr 23641, packet_len 256 (251)
[0;0m[0;34mRDP 0x561bc1274720: Wake Tx task (check timeouts)
[0;0m[0;34mRDP 0x561bc1274720: Received in S 3: syn 0, ack 1, eack 0, rst 0, seq_nr 11603, ack_nr 23641, packet_len 256 (251)
[0;0m[0;34mRDP 0x561bc1274720: Send CMP S 3: syn 0, ack 1, eack 0, rst 0, seq_nr 23642, ack_nr 11603, packet_len 5 (0)
[0;0m[0;34mRDP 0x561bc1274720: Wake Tx task (check timeouts)
[0;0m[0;34mRDP 0x561bc1274720: Received in S 3: syn 0, ack 1, eack 0, rst 0, seq_nr 11604, ack_nr 23641, packet_len 256 (251)
[0;0m[0;34mRDP 0x561bc1274720: Wake Tx task (check timeouts)
[0;0m[0;34mRDP 0x561bc1274720: Received in S 3: syn 0, ack 1, eack 0, rst 0, seq_nr 11605, ack_nr 23641, packet_len 256 (251)
[0;0m[0;34mRDP 0x561bc1274720: Wake Tx task (check timeouts)
[0;0m[0;34mRDP 0x561bc1274720: Received in S 3: syn 0, ack 1, eack 0, rst 0, seq_nr 11606, ack_nr 23641, packet_len 130 (125)
[0;0m[0;34mRDP 0x561bc1274720: Send CMP S 3: syn 0, ack 1, eack 0, rst 0, seq_nr 23642, ack_nr 11606, packet_len 5 (0)
[0;0m[0;34mRDP 0x561bc1274720: Wake Tx task (check timeouts)
[0;0m[0;34mcsp_sfp_recv_fp: 20:58, fragment 243/2304
[0;0m[0;34mcsp_sfp_recv_fp: 20:58, fragment 486/2304
[0;0m[0;34mcsp_sfp_recv_fp: 20:58, fragment 729/2304
[0;0m[0;34mcsp_sfp_recv_fp: 20:58, fragment 972/2304
[0;0m[0;34mcsp_sfp_recv_fp: 20:58, fragment 1215/2304
[0;0m[0;34mcsp_sfp_recv_fp: 20:58, fragment 1458/2304
[0;0m[0;34mcsp_sfp_recv_fp: 20:58, fragment 1701/2304
[0;0m[0;34mcsp_sfp_recv_fp: 20:58, fragment 1944/2304
[0;0m[0;34mcsp_sfp_recv_fp: 20:58, fragment 2187/2304
[0;0m[0;34mcsp_sfp_recv_fp: 20:58, fragment 2304/2304
[0;0m[0;34mRDP 0x561bc1274720: Sending  in S 3: syn 0, ack 1, eack 0, rst 0, seq_nr 23642, ack_nr 11606, packet_len 6 (1)
[0;0mRECV_BUNDLE bundle_seq=33 n=64 bytes=2304
[0;34mRDP 0x561bc1274720: Received in S 3: syn 0, ack 1, eack 0, rst 0, seq_nr 11607, ack_nr 23642, packet_len 5 (0)
[0;0m[0;34mRDP 0x561bc1274720: TX Element Free, time 24018477, seq 23642, una 23643
[0;0m[0;34mRDP 0x561bc1274720: Wake Tx task (check timeouts)
[0;0m[0;34mRDP 0x561bc1274720: Received in S 3: syn 0, ack 1, eack 0, rst 0, seq_nr 11607, ack_nr 23642, packet_len 5 (0)
[0;0m[0;34mRDP 0x561bc1274720: Wake Tx task (check timeouts)
[0;0m[0;34mRDP 0x561bc1274720: Received in S 3: syn 0, ack 1, eack 0, rst 0, seq_nr 11607, ack_nr 23642, packet_len 256 (251)
[0;0m[0;34mRDP 0x561bc1274720: Wake Tx task (check timeouts)
[0;0m[0;34mRDP 0x561bc1274720: Received in S 3: syn 0, ack 1, eack 0, rst 0, seq_nr 11608, ack_nr 23642, packet_len 256 (251)
[0;0m[0;34mRDP 0x561bc1274720: Wake Tx task (check timeouts)
[0;0m[0;34mRDP 0x561bc1274720: Received in S 3: syn 0, ack 1, eack 0, rst 0, seq_nr 11609, ack_nr 23642, packet_len 256 (251)
[0;0m[0;34mRDP 0x561bc1274720: Send CMP S 3: syn 0, ack 1, eack 0, rst 0, seq_nr 23643, ack_nr 11609, packet_len 5 (0)
[0;0m[0;34mRDP 0x561bc1274720: Wake Tx task (check timeouts)
[0;0m[0;34mRDP 0x561bc1274720: Received in S 3: syn 0, ack 1, eack 0, rst 0, seq_nr 11610, ack_nr 23642, packet_len 256 (251)
[0;0m[0;34mRDP 0x561bc1274720: Wake Tx task (check timeouts)
[0;0m[0;34mRDP 0x561bc1274720: Received in S 3: syn 0, ack 1, eack 0, rst 0, seq_nr 11611, ack_nr 23642, packet_len 256 (251)
[0;0m[0;34mRDP 0x561bc1274720: Wake Tx task (check timeouts)
[0;0m[0;34mRDP 0x561bc1274720: Received in S 3: syn 0, ack 1, eack 0, rst 0, seq_nr 11612, ack_nr 23642, packet_len 256 (251)
[0;0m[0;34mRDP 0x561bc1274720: Send CMP S 3: syn 0, ack 1, eack 0, rst 0, seq_nr 23643, ack_nr 11612, packet_len 5 (0)
[0;0m[0;34mRDP 0x561bc1274720: Wake Tx task (check timeouts)
[0;0m[0;34mRDP 0x561bc1274720: Received in S 3: syn 0, ack 1, eack 0, rst 0, seq_nr 11613, ack_nr 23642, packet_len 256 (251)
[0;0m[0;34mRDP 0x561bc1274720: Wake Tx task (check timeouts)
[0;0m[0;34mRDP 0x561bc1274720: Received in S 3: syn 0, ack 1, eack 0, rst 0, seq_nr 11614, ack_nr 23642, packet_len 256 (251)
[0;0m[0;34mRDP 0x561bc1274720: Wake Tx task (check timeouts)
[0;0m[0;34mRDP 0x561bc1274720: Received in S 3: syn 0, ack 1, eack 0, rst 0, seq_nr 11615, ack_nr 23642, packet_len 256 (251)
[0;0m[0;34mRDP 0x561bc1274720: Send CMP S 3: syn 0, ack 1, eack 0, rst 0, seq_nr 23643, ack_nr 11615, packet_len 5 (0)
[0;0m[0;34mRDP 0x561bc1274720: Wake Tx task (check timeouts)
[0;0m[0;34mRDP 0x561bc1274720: Received in S 3: syn 0, ack 1, eack 0, rst 0, seq_nr 11616, ack_nr 23642, packet_len 130 (125)
[0;0m[0;34mRDP 0x561bc1274720: Wake Tx task (check timeouts)
[0;0m[0;34mcsp_sfp_recv_fp: 20:58, fragment 243/2304
[0;0m[0;34mcsp_sfp_recv_fp: 20:58, fragment 486/2304
[0;0m[0;34mcsp_sfp_recv_fp: 20:58, fragment 729/2304
[0;0m[0;34mcsp_sfp_recv_fp: 20:58, fragment 972/2304
[0;0m[0;34mcsp_sfp_recv_fp: 20:58, fragment 1215/2304
[0;0m[0;34mcsp_sfp_recv_fp: 20:58, fragment 1458/2304
[0;0m[0;34mcsp_sfp_recv_fp: 20:58, fragment 1701/2304
[0;0m[0;34mcsp_sfp_recv_fp: 20:58, fragment 1944/2304
[0;0m[0;34mcsp_sfp_recv_fp: 20:58, fragment 2187/2304
[0;0m[0;34mcsp_sfp_recv_fp: 20:58, fragment 2304/2304
[0;0m[0;34mRDP 0x561bc1274720: Sending  in S 3: syn 0, ack 1, eack 0, rst 0, seq_nr 23643, ack_nr 11616, packet_len 6 (1)
[0;0mRECV_BUNDLE bundle_seq=34 n=64 bytes=2304
[0;34mRDP 0x561bc1274720: Received in S 3: syn 0, ack 1, eack 0, rst 0, seq_nr 11617, ack_nr 23643, packet_len 256 (251)
[0;0m[0;34mRDP 0x561bc1274720: TX Element Free, time 24018478, seq 23643, una 23644
[0;0m[0;34mRDP 0x561bc1274720: Wake Tx task (check timeouts)
[0;0m[0;34mRDP 0x561bc1274720: Received in S 3: syn 0, ack 1, eack 0, rst 0, seq_nr 11618, ack_nr 23643, packet_len 256 (251)
[0;0m[0;34mRDP 0x561bc1274720: Send CMP S 3: syn 0, ack 1, eack 0, rst 0, seq_nr 23644, ack_nr 11618, packet_len 5 (0)
[0;0m[0;34mRDP 0x561bc1274720: Wake Tx task (check timeouts)
[0;0m[0;34mRDP 0x561bc1274720: Received in S 3: syn 0, ack 1, eack 0, rst 0, seq_nr 11619, ack_nr 23643, packet_len 256 (251)
[0;0m[0;34mRDP 0x561bc1274720: Wake Tx task (check timeouts)
[0;0m[0;34mRDP 0x561bc1274720: Received in S 3: syn 0, ack 1, eack 0, rst 0, seq_nr 11620, ack_nr 23643, packet_len 256 (251)
[0;0m[0;34mRDP 0x561bc1274720: Wake Tx task (check timeouts)
[0;0m[0;34mRDP 0x561bc1274720: Received in S 3: syn 0, ack 1, eack 0, rst 0, seq_nr 11621, ack_nr 23643, packet_len 256 (251)
[0;0m[0;34mRDP 0x561bc1274720: Send CMP S 3: syn 0, ack 1, eack 0, rst 0, seq_nr 23644, ack_nr 11621, packet_len 5 (0)
[0;0m[0;34mRDP 0x561bc1274720: Wake Tx task (check timeouts)
[0;0m[0;34mRDP 0x561bc1274720: Received in S 3: syn 0, ack 1, eack 0, rst 0, seq_nr 11622, ack_nr 23643, packet_len 256 (251)
[0;0m[0;34mRDP 0x561bc1274720: Wake Tx task (check timeouts)
[0;0m[0;34mRDP 0x561bc1274720: Received in S 3: syn 0, ack 1, eack 0, rst 0, seq_nr 11623, ack_nr 23643, packet_len 256 (251)
[0;0m[0;34mRDP 0x561bc1274720: Wake Tx task (check timeouts)
[0;0m[0;34mRDP 0x561bc1274720: Received in S 3: syn 0, ack 1, eack 0, rst 0, seq_nr 11624, ack_nr 23643, packet_len 256 (251)
[0;0m[0;34mRDP 0x561bc1274720: Send CMP S 3: syn 0, ack 1, eack 0, rst 0, seq_nr 23644, ack_nr 11624, packet_len 5 (0)
[0;0m[0;34mRDP 0x561bc1274720: Wake Tx task (check timeouts)
[0;0m[0;34mcsp_sfp_recv_fp: 20:58, fragment 243/2304
[0;0m[0;34mcsp_sfp_recv_fp: 20:58, fragment 486/2304
[0;0m[0;34mcsp_sfp_recv_fp: 20:58, fragment 729/2304
[0;0m[0;34mcsp_sfp_recv_fp: 20:58, fragment 972/2304
[0;0m[0;34mcsp_sfp_recv_fp: 20:58, fragment 1215/2304
[0;0m[0;34mcsp_sfp_recv_fp: 20:58, fragment 1458/2304
[0;0m[0;34mcsp_sfp_recv_fp: 20:58, fragment 1701/2304
[0;0m[0;34mRDP 0x561bc1274720: Received in S 3: syn 0, ack 1, eack 0, rst 0, seq_nr 11625, ack_nr 23643, packet_len 256 (251)
[0;0m[0;34mRDP 0x561bc1274720: Wake Tx task (check timeouts)
[0;0m[0;34mcsp_sfp_recv_fp: 20:58, fragment 1944/2304
[0;0m[0;34mcsp_sfp_recv_fp: 20:58, fragment 2187/2304
[0;0m[0;34mRDP 0x561bc1274720: Received in S 3: syn 0, ack 1, eack 0, rst 0, seq_nr 11626, ack_nr 23643, packet_len 130 (125)
[0;0m[0;34mRDP 0x561bc1274720: Wake Tx task (check timeouts)
[0;0m[0;34mcsp_sfp_recv_fp: 20:58, fragment 2304/2304
[0;0m[0;34mRDP 0x561bc1274720: Sending  in S 3: syn 0, ack 1, eack 0, rst 0, seq_nr 23644, ack_nr 11626, packet_len 6 (1)
[0;0mRECV_BUNDLE bundle_seq=35 n=64 bytes=2304
[0;34mRDP 0x561bc1274720: Received in S 3: syn 0, ack 1, eack 0, rst 0, seq_nr 11627, ack_nr 23644, packet_len 256 (251)
[0;0m[0;34mRDP 0x561bc1274720: Send CMP S 3: syn 0, ack 1, eack 0, rst 0, seq_nr 23645, ack_nr 11627, packet_len 5 (0)
[0;0m[0;34mRDP 0x561bc1274720: TX Element Free, time 24018480, seq 23644, una 23645
[0;0m[0;34mRDP 0x561bc1274720: Wake Tx task (check timeouts)
[0;0m[0;34mRDP 0x561bc1274720: Received in S 3: syn 0, ack 1, eack 0, rst 0, seq_nr 11628, ack_nr 23644, packet_len 256 (251)
[0;0m[0;34mRDP 0x561bc1274720: Wake Tx task (check timeouts)
[0;0m[0;34mRDP 0x561bc1274720: Received in S 3: syn 0, ack 1, eack 0, rst 0, seq_nr 11629, ack_nr 23644, packet_len 256 (251)
[0;0m[0;34mRDP 0x561bc1274720: Wake Tx task (check timeouts)
[0;0m[0;34mRDP 0x561bc1274720: Received in S 3: syn 0, ack 1, eack 0, rst 0, seq_nr 11630, ack_nr 23644, packet_len 256 (251)
[0;0m[0;34mRDP 0x561bc1274720: Send CMP S 3: syn 0, ack 1, eack 0, rst 0, seq_nr 23645, ack_nr 11630, packet_len 5 (0)
[0;0m[0;34mRDP 0x561bc1274720: Wake Tx task (check timeouts)
[0;0m[0;34mRDP 0x561bc1274720: Received in S 3: syn 0, ack 1, eack 0, rst 0, seq_nr 11631, ack_nr 23644, packet_len 256 (251)
[0;0m[0;34mRDP 0x561bc1274720: Wake Tx task (check timeouts)
[0;0m[0;34mRDP 0x561bc1274720: Received in S 3: syn 0, ack 1, eack 0, rst 0, seq_nr 11632, ack_nr 23644, packet_len 256 (251)
[0;0m[0;34mRDP 0x561bc1274720: Wake Tx task (check timeouts)
[0;0m[0;34mRDP 0x561bc1274720: Received in S 3: syn 0, ack 1, eack 0, rst 0, seq_nr 11633, ack_nr 23644, packet_len 256 (251)
[0;0m[0;34mRDP 0x561bc1274720: Send CMP S 3: syn 0, ack 1, eack 0, rst 0, seq_nr 23645, ack_nr 11633, packet_len 5 (0)
[0;0m[0;34mRDP 0x561bc1274720: Wake Tx task (check timeouts)
[0;0m[0;34mRDP 0x561bc1274720: Received in S 3: syn 0, ack 1, eack 0, rst 0, seq_nr 11634, ack_nr 23644, packet_len 256 (251)
[0;0m[0;34mRDP 0x561bc1274720: Wake Tx task (check timeouts)
[0;0m[0;34mRDP 0x561bc1274720: Received in S 3: syn 0, ack 1, eack 0, rst 0, seq_nr 11635, ack_nr 23644, packet_len 256 (251)
[0;0m[0;34mRDP 0x561bc1274720: Wake Tx task (check timeouts)
[0;0m[0;34mRDP 0x561bc1274720: Received in S 3: syn 0, ack 1, eack 0, rst 0, seq_nr 11636, ack_nr 23644, packet_len 130 (125)
[0;0m[0;34mRDP 0x561bc1274720: Send CMP S 3: syn 0, ack 1, eack 0, rst 0, seq_nr 23645, ack_nr 11636, packet_len 5 (0)
[0;0m[0;34mRDP 0x561bc1274720: Send CMP S 3: syn 0, ack 1, eack 0, rst 0, seq_nr 23645, ack_nr 11636, packet_len 5 (0)
[0;0m[0;34mRDP 0x561bc1274720: Wake Tx task (check timeouts)
[0;0m[0;34mcsp_sfp_recv_fp: 20:58, fragment 243/2304
[0;0m[0;34mcsp_sfp_recv_fp: 20:58, fragment 486/2304
[0;0m[0;34mcsp_sfp_recv_fp: 20:58, fragment 729/2304
[0;0m[0;34mcsp_sfp_recv_fp: 20:58, fragment 972/2304
[0;0m[0;34mcsp_sfp_recv_fp: 20:58, fragment 1215/2304
[0;0m[0;34mcsp_sfp_recv_fp: 20:58, fragment 1458/2304
[0;0m[0;34mcsp_sfp_recv_fp: 20:58, fragment 1701/2304
[0;0m[0;34mcsp_sfp_recv_fp: 20:58, fragment 1944/2304
[0;0m[0;34mcsp_sfp_recv_fp: 20:58, fragment 2187/2304
[0;0m[0;34mcsp_sfp_recv_fp: 20:58, fragment 2304/2304
[0;0m[0;34mRDP 0x561bc1274720: Sending  in S 3: syn 0, ack 1, eack 0, rst 0, seq_nr 23645, ack_nr 11636, packet_len 6 (1)
[0;0mRECV_BUNDLE bundle_seq=36 n=64 bytes=2304
[0;34mRDP 0x561bc1274720: Received in S 3: syn 0, ack 1, eack 0, rst 0, seq_nr 11637, ack_nr 23645, packet_len 5 (0)
[0;0m[0;34mRDP 0x561bc1274720: TX Element Free, time 24018481, seq 23645, una 23646
[0;0m[0;34mRDP 0x561bc1274720: Wake Tx task (check timeouts)
[0;0m[0;34mRDP 0x561bc1274720: Received in S 3: syn 0, ack 1, eack 0, rst 0, seq_nr 11637, ack_nr 23645, packet_len 5 (0)
[0;0m[0;34mRDP 0x561bc1274720: Wake Tx task (check timeouts)
[0;0m[0;34mRDP 0x561bc1274720: Received in S 3: syn 0, ack 1, eack 0, rst 0, seq_nr 11637, ack_nr 23645, packet_len 256 (251)
[0;0m[0;34mRDP 0x561bc1274720: Wake Tx task (check timeouts)
[0;0m[0;34mRDP 0x561bc1274720: Received in S 3: syn 0, ack 1, eack 0, rst 0, seq_nr 11638, ack_nr 23645, packet_len 256 (251)
[0;0m[0;34mRDP 0x561bc1274720: Wake Tx task (check timeouts)
[0;0m[0;34mRDP 0x561bc1274720: Received in S 3: syn 0, ack 1, eack 0, rst 0, seq_nr 11639, ack_nr 23645, packet_len 256 (251)
[0;0m[0;34mRDP 0x561bc1274720: Send CMP S 3: syn 0, ack 1, eack 0, rst 0, seq_nr 23646, ack_nr 11639, packet_len 5 (0)
[0;0m[0;34mRDP 0x561bc1274720: Wake Tx task (check timeouts)
[0;0m[0;34mRDP 0x561bc1274720: Received in S 3: syn 0, ack 1, eack 0, rst 0, seq_nr 11640, ack_nr 23645, packet_len 256 (251)
[0;0m[0;34mRDP 0x561bc1274720: Wake Tx task (check timeouts)
[0;0m[0;34mRDP 0x561bc1274720: Received in S 3: syn 0, ack 1, eack 0, rst 0, seq_nr 11641, ack_nr 23645, packet_len 256 (251)
[0;0m[0;34mRDP 0x561bc1274720: Wake Tx task (check timeouts)
[0;0m[0;34mRDP 0x561bc1274720: Received in S 3: syn 0, ack 1, eack 0, rst 0, seq_nr 11642, ack_nr 23645, packet_len 256 (251)
[0;0m[0;34mRDP 0x561bc1274720: Send CMP S 3: syn 0, ack 1, eack 0, rst 0, seq_nr 23646, ack_nr 11642, packet_len 5 (0)
[0;0m[0;34mRDP 0x561bc1274720: Wake Tx task (check timeouts)
[0;0m[0;34mRDP 0x561bc1274720: Received in S 3: syn 0, ack 1, eack 0, rst 0, seq_nr 11643, ack_nr 23645, packet_len 256 (251)
[0;0m[0;34mRDP 0x561bc1274720: Wake Tx task (check timeouts)
[0;0m[0;34mRDP 0x561bc1274720: Received in S 3: syn 0, ack 1, eack 0, rst 0, seq_nr 11644, ack_nr 23645, packet_len 256 (251)
[0;0m[0;34mRDP 0x561bc1274720: Wake Tx task (check timeouts)
[0;0m[0;34mRDP 0x561bc1274720: Received in S 3: syn 0, ack 1, eack 0, rst 0, seq_nr 11645, ack_nr 23645, packet_len 256 (251)
[0;0m[0;34mRDP 0x561bc1274720: Send CMP S 3: syn 0, ack 1, eack 0, rst 0, seq_nr 23646, ack_nr 11645, packet_len 5 (0)
[0;0m[0;34mRDP 0x561bc1274720: Wake Tx task (check timeouts)
[0;0m[0;34mRDP 0x561bc1274720: Received in S 3: syn 0, ack 1, eack 0, rst 0, seq_nr 11646, ack_nr 23645, packet_len 130 (125)
[0;0m[0;34mRDP 0x561bc1274720: Wake Tx task (check timeouts)
[0;0m[0;34mcsp_sfp_recv_fp: 20:58, fragment 243/2304
[0;0m[0;34mcsp_sfp_recv_fp: 20:58, fragment 486/2304
[0;0m[0;34mcsp_sfp_recv_fp: 20:58, fragment 729/2304
[0;0m[0;34mcsp_sfp_recv_fp: 20:58, fragment 972/2304
[0;0m[0;34mcsp_sfp_recv_fp: 20:58, fragment 1215/2304
[0;0m[0;34mcsp_sfp_recv_fp: 20:58, fragment 1458/2304
[0;0m[0;34mcsp_sfp_recv_fp: 20:58, fragment 1701/2304
[0;0m[0;34mcsp_sfp_recv_fp: 20:58, fragment 1944/2304
[0;0m[0;34mcsp_sfp_recv_fp: 20:58, fragment 2187/2304
[0;0m[0;34mcsp_sfp_recv_fp: 20:58, fragment 2304/2304
[0;0m[0;34mRDP 0x561bc1274720: Sending  in S 3: syn 0, ack 1, eack 0, rst 0, seq_nr 23646, ack_nr 11646, packet_len 6 (1)
[0;0mRECV_BUNDLE bundle_seq=37 n=64 bytes=2304
[0;34mRDP 0x561bc1274720: Received in S 3: syn 0, ack 1, eack 0, rst 0, seq_nr 11647, ack_nr 23646, packet_len 256 (251)
[0;0m[0;34mRDP 0x561bc1274720: TX Element Free, time 24018482, seq 23646, una 23647
[0;0m[0;34mRDP 0x561bc1274720: Wake Tx task (check timeouts)
[0;0m[0;34mRDP 0x561bc1274720: Received in S 3: syn 0, ack 1, eack 0, rst 0, seq_nr 11648, ack_nr 23646, packet_len 256 (251)
[0;0m[0;34mRDP 0x561bc1274720: Send CMP S 3: syn 0, ack 1, eack 0, rst 0, seq_nr 23647, ack_nr 11648, packet_len 5 (0)
[0;0m[0;34mRDP 0x561bc1274720: Wake Tx task (check timeouts)
[0;0m[0;34mRDP 0x561bc1274720: Received in S 3: syn 0, ack 1, eack 0, rst 0, seq_nr 11649, ack_nr 23646, packet_len 256 (251)
[0;0m[0;34mRDP 0x561bc1274720: Wake Tx task (check timeouts)
[0;0m[0;34mRDP 0x561bc1274720: Received in S 3: syn 0, ack 1, eack 0, rst 0, seq_nr 11650, ack_nr 23646, packet_len 256 (251)
[0;0m[0;34mRDP 0x561bc1274720: Wake Tx task (check timeouts)
[0;0m[0;34mRDP 0x561bc1274720: Received in S 3: syn 0, ack 1, eack 0, rst 0, seq_nr 11651, ack_nr 23646, packet_len 256 (251)
[0;0m[0;34mRDP 0x561bc1274720: Send CMP S 3: syn 0, ack 1, eack 0, rst 0, seq_nr 23647, ack_nr 11651, packet_len 5 (0)
[0;0m[0;34mRDP 0x561bc1274720: Wake Tx task (check timeouts)
[0;0m[0;34mRDP 0x561bc1274720: Received in S 3: syn 0, ack 1, eack 0, rst 0, seq_nr 11652, ack_nr 23646, packet_len 256 (251)
[0;0m[0;34mRDP 0x561bc1274720: Wake Tx task (check timeouts)
[0;0m[0;34mRDP 0x561bc1274720: Received in S 3: syn 0, ack 1, eack 0, rst 0, seq_nr 11653, ack_nr 23646, packet_len 256 (251)
[0;0m[0;34mRDP 0x561bc1274720: Wake Tx task (check timeouts)
[0;0m[0;34mRDP 0x561bc1274720: Received in S 3: syn 0, ack 1, eack 0, rst 0, seq_nr 11654, ack_nr 23646, packet_len 256 (251)
[0;0m[0;34mRDP 0x561bc1274720: Send CMP S 3: syn 0, ack 1, eack 0, rst 0, seq_nr 23647, ack_nr 11654, packet_len 5 (0)
[0;0m[0;34mRDP 0x561bc1274720: Wake Tx task (check timeouts)
[0;0m[0;34mRDP 0x561bc1274720: Received in S 3: syn 0, ack 1, eack 0, rst 0, seq_nr 11655, ack_nr 23646, packet_len 256 (251)
[0;0m[0;34mRDP 0x561bc1274720: Wake Tx task (check timeouts)
[0;0m[0;34mRDP 0x561bc1274720: Received in S 3: syn 0, ack 1, eack 0, rst 0, seq_nr 11656, ack_nr 23646, packet_len 130 (125)
[0;0m[0;34mRDP 0x561bc1274720: Wake Tx task (check timeouts)
[0;0m[0;34mcsp_sfp_recv_fp: 20:58, fragment 243/2304
[0;0m[0;34mcsp_sfp_recv_fp: 20:58, fragment 486/2304
[0;0m[0;34mcsp_sfp_recv_fp: 20:58, fragment 729/2304
[0;0m[0;34mcsp_sfp_recv_fp: 20:58, fragment 972/2304
[0;0m[0;34mcsp_sfp_recv_fp: 20:58, fragment 1215/2304
[0;0m[0;34mcsp_sfp_recv_fp: 20:58, fragment 1458/2304
[0;0m[0;34mcsp_sfp_recv_fp: 20:58, fragment 1701/2304
[0;0m[0;34mcsp_sfp_recv_fp: 20:58, fragment 1944/2304
[0;0m[0;34mcsp_sfp_recv_fp: 20:58, fragment 2187/2304
[0;0m[0;34mcsp_sfp_recv_fp: 20:58, fragment 2304/2304
[0;0m[0;34mRDP 0x561bc1274720: Sending  in S 3: syn 0, ack 1, eack 0, rst 0, seq_nr 23647, ack_nr 11656, packet_len 6 (1)
[0;0mRECV_BUNDLE bundle_seq=38 n=64 bytes=2304
[0;34mRDP 0x561bc1274720: Received in S 3: syn 0, ack 1, eack 0, rst 0, seq_nr 11657, ack_nr 23647, packet_len 256 (251)
[0;0m[0;34mRDP 0x561bc1274720: Send CMP S 3: syn 0, ack 1, eack 0, rst 0, seq_nr 23648, ack_nr 11657, packet_len 5 (0)
[0;0m[0;34mRDP 0x561bc1274720: TX Element Free, time 24018483, seq 23647, una 23648
[0;0m[0;34mRDP 0x561bc1274720: Wake Tx task (check timeouts)
[0;0m[0;34mRDP 0x561bc1274720: Received in S 3: syn 0, ack 1, eack 0, rst 0, seq_nr 11658, ack_nr 23647, packet_len 256 (251)
[0;0m[0;34mRDP 0x561bc1274720: Wake Tx task (check timeouts)
[0;0m[0;34mRDP 0x561bc1274720: Received in S 3: syn 0, ack 1, eack 0, rst 0, seq_nr 11659, ack_nr 23647, packet_len 256 (251)
[0;0m[0;34mRDP 0x561bc1274720: Wake Tx task (check timeouts)
[0;0m[0;34mRDP 0x561bc1274720: Received in S 3: syn 0, ack 1, eack 0, rst 0, seq_nr 11660, ack_nr 23647, packet_len 256 (251)
[0;0m[0;34mRDP 0x561bc1274720: Send CMP S 3: syn 0, ack 1, eack 0, rst 0, seq_nr 23648, ack_nr 11660, packet_len 5 (0)
[0;0m[0;34mRDP 0x561bc1274720: Wake Tx task (check timeouts)
[0;0m[0;34mRDP 0x561bc1274720: Received in S 3: syn 0, ack 1, eack 0, rst 0, seq_nr 11661, ack_nr 23647, packet_len 256 (251)
[0;0m[0;34mRDP 0x561bc1274720: Wake Tx task (check timeouts)
[0;0m[0;34mRDP 0x561bc1274720: Received in S 3: syn 0, ack 1, eack 0, rst 0, seq_nr 11662, ack_nr 23647, packet_len 256 (251)
[0;0m[0;34mRDP 0x561bc1274720: Wake Tx task (check timeouts)
[0;0m[0;34mRDP 0x561bc1274720: Received in S 3: syn 0, ack 1, eack 0, rst 0, seq_nr 11663, ack_nr 23647, packet_len 256 (251)
[0;0m[0;34mRDP 0x561bc1274720: Send CMP S 3: syn 0, ack 1, eack 0, rst 0, seq_nr 23648, ack_nr 11663, packet_len 5 (0)
[0;0m[0;34mRDP 0x561bc1274720: Wake Tx task (check timeouts)
[0;0m[0;34mRDP 0x561bc1274720: Received in S 3: syn 0, ack 1, eack 0, rst 0, seq_nr 11664, ack_nr 23647, packet_len 256 (251)
[0;0m[0;34mRDP 0x561bc1274720: Wake Tx task (check timeouts)
[0;0m[0;34mRDP 0x561bc1274720: Received in S 3: syn 0, ack 1, eack 0, rst 0, seq_nr 11665, ack_nr 23647, packet_len 256 (251)
[0;0m[0;34mRDP 0x561bc1274720: Wake Tx task (check timeouts)
[0;0m[0;34mRDP 0x561bc1274720: Received in S 3: syn 0, ack 1, eack 0, rst 0, seq_nr 11666, ack_nr 23647, packet_len 130 (125)
[0;0m[0;34mRDP 0x561bc1274720: Send CMP S 3: syn 0, ack 1, eack 0, rst 0, seq_nr 23648, ack_nr 11666, packet_len 5 (0)
[0;0m[0;34mRDP 0x561bc1274720: Wake Tx task (check timeouts)
[0;0m[0;34mcsp_sfp_recv_fp: 20:58, fragment 243/2304
[0;0m[0;34mcsp_sfp_recv_fp: 20:58, fragment 486/2304
[0;0m[0;34mcsp_sfp_recv_fp: 20:58, fragment 729/2304
[0;0m[0;34mcsp_sfp_recv_fp: 20:58, fragment 972/2304
[0;0m[0;34mcsp_sfp_recv_fp: 20:58, fragment 1215/2304
[0;0m[0;34mcsp_sfp_recv_fp: 20:58, fragment 1458/2304
[0;0m[0;34mcsp_sfp_recv_fp: 20:58, fragment 1701/2304
[0;0m[0;34mcsp_sfp_recv_fp: 20:58, fragment 1944/2304
[0;0m[0;34mcsp_sfp_recv_fp: 20:58, fragment 2187/2304
[0;0m[0;34mcsp_sfp_recv_fp: 20:58, fragment 2304/2304
[0;0m[0;34mRDP 0x561bc1274720: Sending  in S 3: syn 0, ack 1, eack 0, rst 0, seq_nr 23648, ack_nr 11666, packet_len 6 (1)
[0;0mRECV_BUNDLE bundle_seq=39 n=64 bytes=2304
[0;34mRDP 0x561bc1274720: Received in S 3: syn 0, ack 1, eack 0, rst 0, seq_nr 11667, ack_nr 23648, packet_len 5 (0)
[0;0m[0;34mRDP 0x561bc1274720: TX Element Free, time 24018484, seq 23648, una 23649
[0;0m[0;34mRDP 0x561bc1274720: Wake Tx task (check timeouts)
[0;0m[0;34mRDP 0x561bc1274720: Received in S 3: syn 0, ack 1, eack 0, rst 0, seq_nr 11667, ack_nr 23648, packet_len 5 (0)
[0;0m[0;34mRDP 0x561bc1274720: Wake Tx task (check timeouts)
[0;0m[0;34mRDP 0x561bc1274720: Received in S 3: syn 0, ack 1, eack 0, rst 0, seq_nr 11667, ack_nr 23648, packet_len 256 (251)
[0;0m[0;34mRDP 0x561bc1274720: Wake Tx task (check timeouts)
[0;0m[0;34mRDP 0x561bc1274720: Received in S 3: syn 0, ack 1, eack 0, rst 0, seq_nr 11668, ack_nr 23648, packet_len 256 (251)
[0;0m[0;34mRDP 0x561bc1274720: Wake Tx task (check timeouts)
[0;0m[0;34mRDP 0x561bc1274720: Received in S 3: syn 0, ack 1, eack 0, rst 0, seq_nr 11669, ack_nr 23648, packet_len 256 (251)
[0;0m[0;34mRDP 0x561bc1274720: Send CMP S 3: syn 0, ack 1, eack 0, rst 0, seq_nr 23649, ack_nr 11669, packet_len 5 (0)
[0;0m[0;34mRDP 0x561bc1274720: Wake Tx task (check timeouts)
[0;0m[0;34mRDP 0x561bc1274720: Received in S 3: syn 0, ack 1, eack 0, rst 0, seq_nr 11670, ack_nr 23648, packet_len 256 (251)
[0;0m[0;34mRDP 0x561bc1274720: Wake Tx task (check timeouts)
[0;0m[0;34mRDP 0x561bc1274720: Received in S 3: syn 0, ack 1, eack 0, rst 0, seq_nr 11671, ack_nr 23648, packet_len 256 (251)
[0;0m[0;34mRDP 0x561bc1274720: Wake Tx task (check timeouts)
[0;0m[0;34mRDP 0x561bc1274720: Received in S 3: syn 0, ack 1, eack 0, rst 0, seq_nr 11672, ack_nr 23648, packet_len 256 (251)
[0;0m[0;34mRDP 0x561bc1274720: Send CMP S 3: syn 0, ack 1, eack 0, rst 0, seq_nr 23649, ack_nr 11672, packet_len 5 (0)
[0;0m[0;34mRDP 0x561bc1274720: Wake Tx task (check timeouts)
[0;0m[0;34mRDP 0x561bc1274720: Received in S 3: syn 0, ack 1, eack 0, rst 0, seq_nr 11673, ack_nr 23648, packet_len 256 (251)
[0;0m[0;34mRDP 0x561bc1274720: Wake Tx task (check timeouts)
[0;0m[0;34mRDP 0x561bc1274720: Received in S 3: syn 0, ack 1, eack 0, rst 0, seq_nr 11674, ack_nr 23648, packet_len 256 (251)
[0;0m[0;34mRDP 0x561bc1274720: Wake Tx task (check timeouts)
[0;0m[0;34mRDP 0x561bc1274720: Received in S 3: syn 0, ack 1, eack 0, rst 0, seq_nr 11675, ack_nr 23648, packet_len 256 (251)
[0;0m[0;34mRDP 0x561bc1274720: Send CMP S 3: syn 0, ack 1, eack 0, rst 0, seq_nr 23649, ack_nr 11675, packet_len 5 (0)
[0;0m[0;34mRDP 0x561bc1274720: Wake Tx task (check timeouts)
[0;0m[0;34mRDP 0x561bc1274720: Received in S 3: syn 0, ack 1, eack 0, rst 0, seq_nr 11676, ack_nr 23648, packet_len 130 (125)
[0;0m[0;34mRDP 0x561bc1274720: Wake Tx task (check timeouts)
[0;0m[0;34mcsp_sfp_recv_fp: 20:58, fragment 243/2304
[0;0m[0;34mcsp_sfp_recv_fp: 20:58, fragment 486/2304
[0;0m[0;34mcsp_sfp_recv_fp: 20:58, fragment 729/2304
[0;0m[0;34mcsp_sfp_recv_fp: 20:58, fragment 972/2304
[0;0m[0;34mcsp_sfp_recv_fp: 20:58, fragment 1215/2304
[0;0m[0;34mcsp_sfp_recv_fp: 20:58, fragment 1458/2304
[0;0m[0;34mcsp_sfp_recv_fp: 20:58, fragment 1701/2304
[0;0m[0;34mcsp_sfp_recv_fp: 20:58, fragment 1944/2304
[0;0m[0;34mcsp_sfp_recv_fp: 20:58, fragment 2187/2304
[0;0m[0;34mcsp_sfp_recv_fp: 20:58, fragment 2304/2304
[0;0m[0;34mRDP 0x561bc1274720: Sending  in S 3: syn 0, ack 1, eack 0, rst 0, seq_nr 23649, ack_nr 11676, packet_len 6 (1)
[0;0mRECV_BUNDLE bundle_seq=40 n=64 bytes=2304
[0;34mRDP 0x561bc1274720: Received in S 3: syn 0, ack 1, eack 0, rst 0, seq_nr 11677, ack_nr 23649, packet_len 256 (251)
[0;0m[0;34mRDP 0x561bc1274720: TX Element Free, time 24018485, seq 23649, una 23650
[0;0m[0;34mRDP 0x561bc1274720: Wake Tx task (check timeouts)
[0;0m[0;34mRDP 0x561bc1274720: Received in S 3: syn 0, ack 1, eack 0, rst 0, seq_nr 11678, ack_nr 23649, packet_len 256 (251)
[0;0m[0;34mRDP 0x561bc1274720: Send CMP S 3: syn 0, ack 1, eack 0, rst 0, seq_nr 23650, ack_nr 11678, packet_len 5 (0)
[0;0m[0;34mRDP 0x561bc1274720: Wake Tx task (check timeouts)
[0;0m[0;34mRDP 0x561bc1274720: Received in S 3: syn 0, ack 1, eack 0, rst 0, seq_nr 11679, ack_nr 23649, packet_len 256 (251)
[0;0m[0;34mRDP 0x561bc1274720: Wake Tx task (check timeouts)
[0;0m[0;34mRDP 0x561bc1274720: Received in S 3: syn 0, ack 1, eack 0, rst 0, seq_nr 11680, ack_nr 23649, packet_len 256 (251)
[0;0m[0;34mRDP 0x561bc1274720: Wake Tx task (check timeouts)
[0;0m[0;34mRDP 0x561bc1274720: Received in S 3: syn 0, ack 1, eack 0, rst 0, seq_nr 11681, ack_nr 23649, packet_len 256 (251)
[0;0m[0;34mRDP 0x561bc1274720: Send CMP S 3: syn 0, ack 1, eack 0, rst 0, seq_nr 23650, ack_nr 11681, packet_len 5 (0)
[0;0m[0;34mRDP 0x561bc1274720: Wake Tx task (check timeouts)
[0;0m[0;34mRDP 0x561bc1274720: Received in S 3: syn 0, ack 1, eack 0, rst 0, seq_nr 11682, ack_nr 23649, packet_len 256 (251)
[0;0m[0;34mRDP 0x561bc1274720: Wake Tx task (check timeouts)
[0;0m[0;34mRDP 0x561bc1274720: Received in S 3: syn 0, ack 1, eack 0, rst 0, seq_nr 11683, ack_nr 23649, packet_len 256 (251)
[0;0m[0;34mRDP 0x561bc1274720: Wake Tx task (check timeouts)
[0;0m[0;34mRDP 0x561bc1274720: Received in S 3: syn 0, ack 1, eack 0, rst 0, seq_nr 11684, ack_nr 23649, packet_len 256 (251)
[0;0m[0;34mRDP 0x561bc1274720: Send CMP S 3: syn 0, ack 1, eack 0, rst 0, seq_nr 23650, ack_nr 11684, packet_len 5 (0)
[0;0m[0;34mRDP 0x561bc1274720: Wake Tx task (check timeouts)
[0;0m[0;34mRDP 0x561bc1274720: Received in S 3: syn 0, ack 1, eack 0, rst 0, seq_nr 11685, ack_nr 23649, packet_len 256 (251)
[0;0m[0;34mRDP 0x561bc1274720: Wake Tx task (check timeouts)
[0;0m[0;34mRDP 0x561bc1274720: Received in S 3: syn 0, ack 1, eack 0, rst 0, seq_nr 11686, ack_nr 23649, packet_len 130 (125)
[0;0m[0;34mRDP 0x561bc1274720: Wake Tx task (check timeouts)
[0;0m[0;34mcsp_sfp_recv_fp: 20:58, fragment 243/2304
[0;0m[0;34mcsp_sfp_recv_fp: 20:58, fragment 486/2304
[0;0m[0;34mcsp_sfp_recv_fp: 20:58, fragment 729/2304
[0;0m[0;34mcsp_sfp_recv_fp: 20:58, fragment 972/2304
[0;0m[0;34mcsp_sfp_recv_fp: 20:58, fragment 1215/2304
[0;0m[0;34mcsp_sfp_recv_fp: 20:58, fragment 1458/2304
[0;0m[0;34mcsp_sfp_recv_fp: 20:58, fragment 1701/2304
[0;0m[0;34mcsp_sfp_recv_fp: 20:58, fragment 1944/2304
[0;0m[0;34mcsp_sfp_recv_fp: 20:58, fragment 2187/2304
[0;0m[0;34mcsp_sfp_recv_fp: 20:58, fragment 2304/2304
[0;0m[0;34mRDP 0x561bc1274720: Sending  in S 3: syn 0, ack 1, eack 0, rst 0, seq_nr 23650, ack_nr 11686, packet_len 6 (1)
[0;0mRECV_BUNDLE bundle_seq=41 n=64 bytes=2304
[0;34mRDP 0x561bc1274720: Received in S 3: syn 0, ack 1, eack 0, rst 0, seq_nr 11687, ack_nr 23650, packet_len 256 (251)
[0;0m[0;34mRDP 0x561bc1274720: Send CMP S 3: syn 0, ack 1, eack 0, rst 0, seq_nr 23651, ack_nr 11687, packet_len 5 (0)
[0;0m[0;34mRDP 0x561bc1274720: TX Element Free, time 24018486, seq 23650, una 23651
[0;0m[0;34mRDP 0x561bc1274720: Wake Tx task (check timeouts)
[0;0m[0;34mRDP 0x561bc1274720: Received in S 3: syn 0, ack 1, eack 0, rst 0, seq_nr 11688, ack_nr 23650, packet_len 256 (251)
[0;0m[0;34mRDP 0x561bc1274720: Wake Tx task (check timeouts)
[0;0m[0;34mRDP 0x561bc1274720: Received in S 3: syn 0, ack 1, eack 0, rst 0, seq_nr 11689, ack_nr 23650, packet_len 256 (251)
[0;0m[0;34mRDP 0x561bc1274720: Wake Tx task (check timeouts)
[0;0m[0;34mRDP 0x561bc1274720: Received in S 3: syn 0, ack 1, eack 0, rst 0, seq_nr 11690, ack_nr 23650, packet_len 256 (251)
[0;0m[0;34mRDP 0x561bc1274720: Send CMP S 3: syn 0, ack 1, eack 0, rst 0, seq_nr 23651, ack_nr 11690, packet_len 5 (0)
[0;0m[0;34mRDP 0x561bc1274720: Wake Tx task (check timeouts)
[0;0m[0;34mRDP 0x561bc1274720: Received in S 3: syn 0, ack 1, eack 0, rst 0, seq_nr 11691, ack_nr 23650, packet_len 256 (251)
[0;0m[0;34mRDP 0x561bc1274720: Wake Tx task (check timeouts)
[0;0m[0;34mRDP 0x561bc1274720: Received in S 3: syn 0, ack 1, eack 0, rst 0, seq_nr 11692, ack_nr 23650, packet_len 256 (251)
[0;0m[0;34mRDP 0x561bc1274720: Wake Tx task (check timeouts)
[0;0m[0;34mRDP 0x561bc1274720: Received in S 3: syn 0, ack 1, eack 0, rst 0, seq_nr 11693, ack_nr 23650, packet_len 256 (251)
[0;0m[0;34mRDP 0x561bc1274720: Send CMP S 3: syn 0, ack 1, eack 0, rst 0, seq_nr 23651, ack_nr 11693, packet_len 5 (0)
[0;0m[0;34mRDP 0x561bc1274720: Wake Tx task (check timeouts)
[0;0m[0;34mRDP 0x561bc1274720: Received in S 3: syn 0, ack 1, eack 0, rst 0, seq_nr 11694, ack_nr 23650, packet_len 256 (251)
[0;0m[0;34mRDP 0x561bc1274720: Wake Tx task (check timeouts)
[0;0m[0;34mRDP 0x561bc1274720: Received in S 3: syn 0, ack 1, eack 0, rst 0, seq_nr 11695, ack_nr 23650, packet_len 256 (251)
[0;0m[0;34mRDP 0x561bc1274720: Wake Tx task (check timeouts)
[0;0m[0;34mRDP 0x561bc1274720: Received in S 3: syn 0, ack 1, eack 0, rst 0, seq_nr 11696, ack_nr 23650, packet_len 130 (125)
[0;0m[0;34mRDP 0x561bc1274720: Send CMP S 3: syn 0, ack 1, eack 0, rst 0, seq_nr 23651, ack_nr 11696, packet_len 5 (0)
[0;0m[0;34mRDP 0x561bc1274720: Wake Tx task (check timeouts)
[0;0m[0;34mcsp_sfp_recv_fp: 20:58, fragment 243/2304
[0;0m[0;34mcsp_sfp_recv_fp: 20:58, fragment 486/2304
[0;0m[0;34mcsp_sfp_recv_fp: 20:58, fragment 729/2304
[0;0m[0;34mcsp_sfp_recv_fp: 20:58, fragment 972/2304
[0;0m[0;34mcsp_sfp_recv_fp: 20:58, fragment 1215/2304
[0;0m[0;34mcsp_sfp_recv_fp: 20:58, fragment 1458/2304
[0;0m[0;34mcsp_sfp_recv_fp: 20:58, fragment 1701/2304
[0;0m[0;34mcsp_sfp_recv_fp: 20:58, fragment 1944/2304
[0;0m[0;34mcsp_sfp_recv_fp: 20:58, fragment 2187/2304
[0;0m[0;34mcsp_sfp_recv_fp: 20:58, fragment 2304/2304
[0;0m[0;34mRDP 0x561bc1274720: Sending  in S 3: syn 0, ack 1, eack 0, rst 0, seq_nr 23651, ack_nr 11696, packet_len 6 (1)
[0;0mRECV_BUNDLE bundle_seq=42 n=64 bytes=2304
[0;34mRDP 0x561bc1274720: Received in S 3: syn 0, ack 1, eack 0, rst 0, seq_nr 11697, ack_nr 23651, packet_len 5 (0)
[0;0m[0;34mRDP 0x561bc1274720: TX Element Free, time 24018488, seq 23651, una 23652
[0;0m[0;34mRDP 0x561bc1274720: Wake Tx task (check timeouts)
[0;0m[0;34mRDP 0x561bc1274720: Received in S 3: syn 0, ack 1, eack 0, rst 0, seq_nr 11697, ack_nr 23651, packet_len 5 (0)
[0;0m[0;34mRDP 0x561bc1274720: Wake Tx task (check timeouts)
[0;0m[0;34mRDP 0x561bc1274720: Received in S 3: syn 0, ack 1, eack 0, rst 0, seq_nr 11697, ack_nr 23651, packet_len 256 (251)
[0;0m[0;34mRDP 0x561bc1274720: Wake Tx task (check timeouts)
[0;0m[0;34mRDP 0x561bc1274720: Received in S 3: syn 0, ack 1, eack 0, rst 0, seq_nr 11698, ack_nr 23651, packet_len 256 (251)
[0;0m[0;34mRDP 0x561bc1274720: Wake Tx task (check timeouts)
[0;0m[0;34mRDP 0x561bc1274720: Received in S 3: syn 0, ack 1, eack 0, rst 0, seq_nr 11699, ack_nr 23651, packet_len 256 (251)
[0;0m[0;34mRDP 0x561bc1274720: Send CMP S 3: syn 0, ack 1, eack 0, rst 0, seq_nr 23652, ack_nr 11699, packet_len 5 (0)
[0;0m[0;34mRDP 0x561bc1274720: Wake Tx task (check timeouts)
[0;0m[0;34mRDP 0x561bc1274720: Received in S 3: syn 0, ack 1, eack 0, rst 0, seq_nr 11700, ack_nr 23651, packet_len 256 (251)
[0;0m[0;34mRDP 0x561bc1274720: Wake Tx task (check timeouts)
[0;0m[0;34mRDP 0x561bc1274720: Received in S 3: syn 0, ack 1, eack 0, rst 0, seq_nr 11701, ack_nr 23651, packet_len 256 (251)
[0;0m[0;34mRDP 0x561bc1274720: Wake Tx task (check timeouts)
[0;0m[0;34mRDP 0x561bc1274720: Received in S 3: syn 0, ack 1, eack 0, rst 0, seq_nr 11702, ack_nr 23651, packet_len 256 (251)
[0;0m[0;34mRDP 0x561bc1274720: Send CMP S 3: syn 0, ack 1, eack 0, rst 0, seq_nr 23652, ack_nr 11702, packet_len 5 (0)
[0;0m[0;34mRDP 0x561bc1274720: Wake Tx task (check timeouts)
[0;0m[0;34mRDP 0x561bc1274720: Received in S 3: syn 0, ack 1, eack 0, rst 0, seq_nr 11703, ack_nr 23651, packet_len 256 (251)
[0;0m[0;34mRDP 0x561bc1274720: Wake Tx task (check timeouts)
[0;0m[0;34mRDP 0x561bc1274720: Received in S 3: syn 0, ack 1, eack 0, rst 0, seq_nr 11704, ack_nr 23651, packet_len 256 (251)
[0;0m[0;34mRDP 0x561bc1274720: Wake Tx task (check timeouts)
[0;0m[0;34mRDP 0x561bc1274720: Received in S 3: syn 0, ack 1, eack 0, rst 0, seq_nr 11705, ack_nr 23651, packet_len 256 (251)
[0;0m[0;34mRDP 0x561bc1274720: Send CMP S 3: syn 0, ack 1, eack 0, rst 0, seq_nr 23652, ack_nr 11705, packet_len 5 (0)
[0;0m[0;34mRDP 0x561bc1274720: Wake Tx task (check timeouts)
[0;0m[0;34mRDP 0x561bc1274720: Received in S 3: syn 0, ack 1, eack 0, rst 0, seq_nr 11706, ack_nr 23651, packet_len 130 (125)
[0;0m[0;34mRDP 0x561bc1274720: Wake Tx task (check timeouts)
[0;0m[0;34mcsp_sfp_recv_fp: 20:58, fragment 243/2304
[0;0m[0;34mcsp_sfp_recv_fp: 20:58, fragment 486/2304
[0;0m[0;34mcsp_sfp_recv_fp: 20:58, fragment 729/2304
[0;0m[0;34mcsp_sfp_recv_fp: 20:58, fragment 972/2304
[0;0m[0;34mcsp_sfp_recv_fp: 20:58, fragment 1215/2304
[0;0m[0;34mcsp_sfp_recv_fp: 20:58, fragment 1458/2304
[0;0m[0;34mcsp_sfp_recv_fp: 20:58, fragment 1701/2304
[0;0m[0;34mcsp_sfp_recv_fp: 20:58, fragment 1944/2304
[0;0m[0;34mcsp_sfp_recv_fp: 20:58, fragment 2187/2304
[0;0m[0;34mcsp_sfp_recv_fp: 20:58, fragment 2304/2304
[0;0m[0;34mRDP 0x561bc1274720: Sending  in S 3: syn 0, ack 1, eack 0, rst 0, seq_nr 23652, ack_nr 11706, packet_len 6 (1)
[0;0mRECV_BUNDLE bundle_seq=43 n=64 bytes=2304
[0;34mRDP 0x561bc1274720: Received in S 3: syn 0, ack 1, eack 0, rst 0, seq_nr 11707, ack_nr 23652, packet_len 256 (251)
[0;0m[0;34mRDP 0x561bc1274720: TX Element Free, time 24018489, seq 23652, una 23653
[0;0m[0;34mRDP 0x561bc1274720: Wake Tx task (check timeouts)
[0;0m[0;34mRDP 0x561bc1274720: Received in S 3: syn 0, ack 1, eack 0, rst 0, seq_nr 11708, ack_nr 23652, packet_len 256 (251)
[0;0m[0;34mRDP 0x561bc1274720: Send CMP S 3: syn 0, ack 1, eack 0, rst 0, seq_nr 23653, ack_nr 11708, packet_len 5 (0)
[0;0m[0;34mRDP 0x561bc1274720: Wake Tx task (check timeouts)
[0;0m[0;34mRDP 0x561bc1274720: Received in S 3: syn 0, ack 1, eack 0, rst 0, seq_nr 11709, ack_nr 23652, packet_len 256 (251)
[0;0m[0;34mRDP 0x561bc1274720: Wake Tx task (check timeouts)
[0;0m[0;34mRDP 0x561bc1274720: Received in S 3: syn 0, ack 1, eack 0, rst 0, seq_nr 11710, ack_nr 23652, packet_len 256 (251)
[0;0m[0;34mRDP 0x561bc1274720: Wake Tx task (check timeouts)
[0;0m[0;34mRDP 0x561bc1274720: Received in S 3: syn 0, ack 1, eack 0, rst 0, seq_nr 11711, ack_nr 23652, packet_len 256 (251)
[0;0m[0;34mRDP 0x561bc1274720: Send CMP S 3: syn 0, ack 1, eack 0, rst 0, seq_nr 23653, ack_nr 11711, packet_len 5 (0)
[0;0m[0;34mRDP 0x561bc1274720: Wake Tx task (check timeouts)
[0;0m[0;34mRDP 0x561bc1274720: Received in S 3: syn 0, ack 1, eack 0, rst 0, seq_nr 11712, ack_nr 23652, packet_len 256 (251)
[0;0m[0;34mRDP 0x561bc1274720: Wake Tx task (check timeouts)
[0;0m[0;34mRDP 0x561bc1274720: Received in S 3: syn 0, ack 1, eack 0, rst 0, seq_nr 11713, ack_nr 23652, packet_len 256 (251)
[0;0m[0;34mRDP 0x561bc1274720: Wake Tx task (check timeouts)
[0;0m[0;34mRDP 0x561bc1274720: Received in S 3: syn 0, ack 1, eack 0, rst 0, seq_nr 11714, ack_nr 23652, packet_len 256 (251)
[0;0m[0;34mRDP 0x561bc1274720: Send CMP S 3: syn 0, ack 1, eack 0, rst 0, seq_nr 23653, ack_nr 11714, packet_len 5 (0)
[0;0m[0;34mRDP 0x561bc1274720: Wake Tx task (check timeouts)
[0;0m[0;34mcsp_sfp_recv_fp: 20:58, fragment 243/2304
[0;0m[0;34mcsp_sfp_recv_fp: 20:58, fragment 486/2304
[0;0m[0;34mcsp_sfp_recv_fp: 20:58, fragment 729/2304
[0;0m[0;34mcsp_sfp_recv_fp: 20:58, fragment 972/2304
[0;0m[0;34mcsp_sfp_recv_fp: 20:58, fragment 1215/2304
[0;0m[0;34mcsp_sfp_recv_fp: 20:58, fragment 1458/2304
[0;0m[0;34mcsp_sfp_recv_fp: 20:58, fragment 1701/2304
[0;0m[0;34mcsp_sfp_recv_fp: 20:58, fragment 1944/2304
[0;0m[0;34mRDP 0x561bc1274720: Received in S 3: syn 0, ack 1, eack 0, rst 0, seq_nr 11715, ack_nr 23652, packet_len 256 (251)
[0;0m[0;34mRDP 0x561bc1274720: Wake Tx task (check timeouts)
[0;0m[0;34mcsp_sfp_recv_fp: 20:58, fragment 2187/2304
[0;0m[0;34mRDP 0x561bc1274720: Received in S 3: syn 0, ack 1, eack 0, rst 0, seq_nr 11716, ack_nr 23652, packet_len 130 (125)
[0;0m[0;34mRDP 0x561bc1274720: Wake Tx task (check timeouts)
[0;0m[0;34mcsp_sfp_recv_fp: 20:58, fragment 2304/2304
[0;0m[0;34mRDP 0x561bc1274720: Sending  in S 3: syn 0, ack 1, eack 0, rst 0, seq_nr 23653, ack_nr 11716, packet_len 6 (1)
[0;0mRECV_BUNDLE bundle_seq=44 n=64 bytes=2304
[0;34mRDP 0x561bc1274720: Received in S 3: syn 0, ack 1, eack 0, rst 0, seq_nr 11717, ack_nr 23653, packet_len 256 (251)
[0;0m[0;34mRDP 0x561bc1274720: Send CMP S 3: syn 0, ack 1, eack 0, rst 0, seq_nr 23654, ack_nr 11717, packet_len 5 (0)
[0;0m[0;34mRDP 0x561bc1274720: TX Element Free, time 24018490, seq 23653, una 23654
[0;0m[0;34mRDP 0x561bc1274720: Wake Tx task (check timeouts)
[0;0m[0;34mRDP 0x561bc1274720: Received in S 3: syn 0, ack 1, eack 0, rst 0, seq_nr 11718, ack_nr 23653, packet_len 256 (251)
[0;0m[0;34mRDP 0x561bc1274720: Wake Tx task (check timeouts)
[0;0m[0;34mRDP 0x561bc1274720: Received in S 3: syn 0, ack 1, eack 0, rst 0, seq_nr 11719, ack_nr 23653, packet_len 256 (251)
[0;0m[0;34mRDP 0x561bc1274720: Wake Tx task (check timeouts)
[0;0m[0;34mRDP 0x561bc1274720: Received in S 3: syn 0, ack 1, eack 0, rst 0, seq_nr 11720, ack_nr 23653, packet_len 256 (251)
[0;0m[0;34mRDP 0x561bc1274720: Send CMP S 3: syn 0, ack 1, eack 0, rst 0, seq_nr 23654, ack_nr 11720, packet_len 5 (0)
[0;0m[0;34mRDP 0x561bc1274720: Wake Tx task (check timeouts)
[0;0m[0;34mRDP 0x561bc1274720: Received in S 3: syn 0, ack 1, eack 0, rst 0, seq_nr 11721, ack_nr 23653, packet_len 256 (251)
[0;0m[0;34mRDP 0x561bc1274720: Wake Tx task (check timeouts)
[0;0m[0;34mRDP 0x561bc1274720: Received in S 3: syn 0, ack 1, eack 0, rst 0, seq_nr 11722, ack_nr 23653, packet_len 256 (251)
[0;0m[0;34mRDP 0x561bc1274720: Wake Tx task (check timeouts)
[0;0m[0;34mRDP 0x561bc1274720: Received in S 3: syn 0, ack 1, eack 0, rst 0, seq_nr 11723, ack_nr 23653, packet_len 256 (251)
[0;0m[0;34mRDP 0x561bc1274720: Send CMP S 3: syn 0, ack 1, eack 0, rst 0, seq_nr 23654, ack_nr 11723, packet_len 5 (0)
[0;0m[0;34mRDP 0x561bc1274720: Wake Tx task (check timeouts)
[0;0m[0;34mRDP 0x561bc1274720: Received in S 3: syn 0, ack 1, eack 0, rst 0, seq_nr 11724, ack_nr 23653, packet_len 256 (251)
[0;0m[0;34mRDP 0x561bc1274720: Wake Tx task (check timeouts)
[0;0m[0;34mRDP 0x561bc1274720: Received in S 3: syn 0, ack 1, eack 0, rst 0, seq_nr 11725, ack_nr 23653, packet_len 256 (251)
[0;0m[0;34mRDP 0x561bc1274720: Wake Tx task (check timeouts)
[0;0m[0;34mRDP 0x561bc1274720: Received in S 3: syn 0, ack 1, eack 0, rst 0, seq_nr 11726, ack_nr 23653, packet_len 130 (125)
[0;0m[0;34mRDP 0x561bc1274720: Send CMP S 3: syn 0, ack 1, eack 0, rst 0, seq_nr 23654, ack_nr 11726, packet_len 5 (0)
[0;0m[0;34mRDP 0x561bc1274720: Wake Tx task (check timeouts)
[0;0m[0;34mcsp_sfp_recv_fp: 20:58, fragment 243/2304
[0;0m[0;34mcsp_sfp_recv_fp: 20:58, fragment 486/2304
[0;0m[0;34mcsp_sfp_recv_fp: 20:58, fragment 729/2304
[0;0m[0;34mcsp_sfp_recv_fp: 20:58, fragment 972/2304
[0;0m[0;34mcsp_sfp_recv_fp: 20:58, fragment 1215/2304
[0;0m[0;34mcsp_sfp_recv_fp: 20:58, fragment 1458/2304
[0;0m[0;34mcsp_sfp_recv_fp: 20:58, fragment 1701/2304
[0;0m[0;34mcsp_sfp_recv_fp: 20:58, fragment 1944/2304
[0;0m[0;34mcsp_sfp_recv_fp: 20:58, fragment 2187/2304
[0;0m[0;34mcsp_sfp_recv_fp: 20:58, fragment 2304/2304
[0;0m[0;34mRDP 0x561bc1274720: Sending  in S 3: syn 0, ack 1, eack 0, rst 0, seq_nr 23654, ack_nr 11726, packet_len 6 (1)
[0;0mRECV_BUNDLE bundle_seq=45 n=64 bytes=2304
[0;34mRDP 0x561bc1274720: Received in S 3: syn 0, ack 1, eack 0, rst 0, seq_nr 11727, ack_nr 23654, packet_len 5 (0)
[0;0m[0;34mRDP 0x561bc1274720: TX Element Free, time 24018491, seq 23654, una 23655
[0;0m[0;34mRDP 0x561bc1274720: Wake Tx task (check timeouts)
[0;0m[0;34mRDP 0x561bc1274720: Received in S 3: syn 0, ack 1, eack 0, rst 0, seq_nr 11727, ack_nr 23654, packet_len 5 (0)
[0;0m[0;34mRDP 0x561bc1274720: Wake Tx task (check timeouts)
[0;0m[0;34mRDP 0x561bc1274720: Received in S 3: syn 0, ack 1, eack 0, rst 0, seq_nr 11727, ack_nr 23654, packet_len 256 (251)
[0;0m[0;34mRDP 0x561bc1274720: Wake Tx task (check timeouts)
[0;0m[0;34mRDP 0x561bc1274720: Received in S 3: syn 0, ack 1, eack 0, rst 0, seq_nr 11728, ack_nr 23654, packet_len 256 (251)
[0;0m[0;34mRDP 0x561bc1274720: Wake Tx task (check timeouts)
[0;0m[0;34mRDP 0x561bc1274720: Received in S 3: syn 0, ack 1, eack 0, rst 0, seq_nr 11729, ack_nr 23654, packet_len 256 (251)
[0;0m[0;34mRDP 0x561bc1274720: Send CMP S 3: syn 0, ack 1, eack 0, rst 0, seq_nr 23655, ack_nr 11729, packet_len 5 (0)
[0;0m[0;34mRDP 0x561bc1274720: Wake Tx task (check timeouts)
[0;0m[0;34mRDP 0x561bc1274720: Received in S 3: syn 0, ack 1, eack 0, rst 0, seq_nr 11730, ack_nr 23654, packet_len 256 (251)
[0;0m[0;34mRDP 0x561bc1274720: Wake Tx task (check timeouts)
[0;0m[0;34mRDP 0x561bc1274720: Received in S 3: syn 0, ack 1, eack 0, rst 0, seq_nr 11731, ack_nr 23654, packet_len 256 (251)
[0;0m[0;34mRDP 0x561bc1274720: Wake Tx task (check timeouts)
[0;0m[0;34mRDP 0x561bc1274720: Received in S 3: syn 0, ack 1, eack 0, rst 0, seq_nr 11732, ack_nr 23654, packet_len 256 (251)
[0;0m[0;34mRDP 0x561bc1274720: Send CMP S 3: syn 0, ack 1, eack 0, rst 0, seq_nr 23655, ack_nr 11732, packet_len 5 (0)
[0;0m[0;34mRDP 0x561bc1274720: Wake Tx task (check timeouts)
[0;0m[0;34mRDP 0x561bc1274720: Received in S 3: syn 0, ack 1, eack 0, rst 0, seq_nr 11733, ack_nr 23654, packet_len 256 (251)
[0;0m[0;34mRDP 0x561bc1274720: Wake Tx task (check timeouts)
[0;0m[0;34mRDP 0x561bc1274720: Received in S 3: syn 0, ack 1, eack 0, rst 0, seq_nr 11734, ack_nr 23654, packet_len 256 (251)
[0;0m[0;34mRDP 0x561bc1274720: Wake Tx task (check timeouts)
[0;0m[0;34mRDP 0x561bc1274720: Received in S 3: syn 0, ack 1, eack 0, rst 0, seq_nr 11735, ack_nr 23654, packet_len 256 (251)
[0;0m[0;34mRDP 0x561bc1274720: Send CMP S 3: syn 0, ack 1, eack 0, rst 0, seq_nr 23655, ack_nr 11735, packet_len 5 (0)
[0;0m[0;34mRDP 0x561bc1274720: Wake Tx task (check timeouts)
[0;0m[0;34mRDP 0x561bc1274720: Received in S 3: syn 0, ack 1, eack 0, rst 0, seq_nr 11736, ack_nr 23654, packet_len 130 (125)
[0;0m[0;34mRDP 0x561bc1274720: Wake Tx task (check timeouts)
[0;0m[0;34mcsp_sfp_recv_fp: 20:58, fragment 243/2304
[0;0m[0;34mcsp_sfp_recv_fp: 20:58, fragment 486/2304
[0;0m[0;34mcsp_sfp_recv_fp: 20:58, fragment 729/2304
[0;0m[0;34mcsp_sfp_recv_fp: 20:58, fragment 972/2304
[0;0m[0;34mcsp_sfp_recv_fp: 20:58, fragment 1215/2304
[0;0m[0;34mcsp_sfp_recv_fp: 20:58, fragment 1458/2304
[0;0m[0;34mcsp_sfp_recv_fp: 20:58, fragment 1701/2304
[0;0m[0;34mcsp_sfp_recv_fp: 20:58, fragment 1944/2304
[0;0m[0;34mcsp_sfp_recv_fp: 20:58, fragment 2187/2304
[0;0m[0;34mcsp_sfp_recv_fp: 20:58, fragment 2304/2304
[0;0m[0;34mRDP 0x561bc1274720: Sending  in S 3: syn 0, ack 1, eack 0, rst 0, seq_nr 23655, ack_nr 11736, packet_len 6 (1)
[0;0mRECV_BUNDLE bundle_seq=46 n=64 bytes=2304
[0;34mRDP 0x561bc1274720: Received in S 3: syn 0, ack 1, eack 0, rst 0, seq_nr 11737, ack_nr 23655, packet_len 256 (251)
[0;0m[0;34mRDP 0x561bc1274720: TX Element Free, time 24018493, seq 23655, una 23656
[0;0m[0;34mRDP 0x561bc1274720: Wake Tx task (check timeouts)
[0;0m[0;34mRDP 0x561bc1274720: Received in S 3: syn 0, ack 1, eack 0, rst 0, seq_nr 11738, ack_nr 23655, packet_len 256 (251)
[0;0m[0;34mRDP 0x561bc1274720: Send CMP S 3: syn 0, ack 1, eack 0, rst 0, seq_nr 23656, ack_nr 11738, packet_len 5 (0)
[0;0m[0;34mRDP 0x561bc1274720: Wake Tx task (check timeouts)
[0;0m[0;34mRDP 0x561bc1274720: Received in S 3: syn 0, ack 1, eack 0, rst 0, seq_nr 11739, ack_nr 23655, packet_len 256 (251)
[0;0m[0;34mRDP 0x561bc1274720: Wake Tx task (check timeouts)
[0;0m[0;34mRDP 0x561bc1274720: Received in S 3: syn 0, ack 1, eack 0, rst 0, seq_nr 11740, ack_nr 23655, packet_len 256 (251)
[0;0m[0;34mRDP 0x561bc1274720: Wake Tx task (check timeouts)
[0;0m[0;34mRDP 0x561bc1274720: Received in S 3: syn 0, ack 1, eack 0, rst 0, seq_nr 11741, ack_nr 23655, packet_len 256 (251)
[0;0m[0;34mRDP 0x561bc1274720: Send CMP S 3: syn 0, ack 1, eack 0, rst 0, seq_nr 23656, ack_nr 11741, packet_len 5 (0)
[0;0m[0;34mRDP 0x561bc1274720: Wake Tx task (check timeouts)
[0;0m[0;34mRDP 0x561bc1274720: Received in S 3: syn 0, ack 1, eack 0, rst 0, seq_nr 11742, ack_nr 23655, packet_len 256 (251)
[0;0m[0;34mRDP 0x561bc1274720: Wake Tx task (check timeouts)
[0;0m[0;34mRDP 0x561bc1274720: Received in S 3: syn 0, ack 1, eack 0, rst 0, seq_nr 11743, ack_nr 23655, packet_len 256 (251)
[0;0m[0;34mRDP 0x561bc1274720: Wake Tx task (check timeouts)
[0;0m[0;34mRDP 0x561bc1274720: Received in S 3: syn 0, ack 1, eack 0, rst 0, seq_nr 11744, ack_nr 23655, packet_len 256 (251)
[0;0m[0;34mRDP 0x561bc1274720: Send CMP S 3: syn 0, ack 1, eack 0, rst 0, seq_nr 23656, ack_nr 11744, packet_len 5 (0)
[0;0m[0;34mRDP 0x561bc1274720: Wake Tx task (check timeouts)
[0;0m[0;34mRDP 0x561bc1274720: Received in S 3: syn 0, ack 1, eack 0, rst 0, seq_nr 11745, ack_nr 23655, packet_len 256 (251)
[0;0m[0;34mRDP 0x561bc1274720: Wake Tx task (check timeouts)
[0;0m[0;34mRDP 0x561bc1274720: Received in S 3: syn 0, ack 1, eack 0, rst 0, seq_nr 11746, ack_nr 23655, packet_len 130 (125)
[0;0m[0;34mRDP 0x561bc1274720: Wake Tx task (check timeouts)
[0;0m[0;34mcsp_sfp_recv_fp: 20:58, fragment 243/2304
[0;0m[0;34mcsp_sfp_recv_fp: 20:58, fragment 486/2304
[0;0m[0;34mcsp_sfp_recv_fp: 20:58, fragment 729/2304
[0;0m[0;34mcsp_sfp_recv_fp: 20:58, fragment 972/2304
[0;0m[0;34mcsp_sfp_recv_fp: 20:58, fragment 1215/2304
[0;0m[0;34mcsp_sfp_recv_fp: 20:58, fragment 1458/2304
[0;0m[0;34mcsp_sfp_recv_fp: 20:58, fragment 1701/2304
[0;0m[0;34mcsp_sfp_recv_fp: 20:58, fragment 1944/2304
[0;0m[0;34mcsp_sfp_recv_fp: 20:58, fragment 2187/2304
[0;0m[0;34mcsp_sfp_recv_fp: 20:58, fragment 2304/2304
[0;0m[0;34mRDP 0x561bc1274720: Sending  in S 3: syn 0, ack 1, eack 0, rst 0, seq_nr 23656, ack_nr 11746, packet_len 6 (1)
[0;0mRECV_BUNDLE bundle_seq=47 n=64 bytes=2304
[0;34mRDP 0x561bc1274720: Received in S 3: syn 0, ack 1, eack 0, rst 0, seq_nr 11747, ack_nr 23656, packet_len 256 (251)
[0;0m[0;34mRDP 0x561bc1274720: Send CMP S 3: syn 0, ack 1, eack 0, rst 0, seq_nr 23657, ack_nr 11747, packet_len 5 (0)
[0;0m[0;34mRDP 0x561bc1274720: TX Element Free, time 24018494, seq 23656, una 23657
[0;0m[0;34mRDP 0x561bc1274720: Wake Tx task (check timeouts)
[0;0m[0;34mRDP 0x561bc1274720: Received in S 3: syn 0, ack 1, eack 0, rst 0, seq_nr 11748, ack_nr 23656, packet_len 256 (251)
[0;0m[0;34mRDP 0x561bc1274720: Wake Tx task (check timeouts)
[0;0m[0;34mRDP 0x561bc1274720: Received in S 3: syn 0, ack 1, eack 0, rst 0, seq_nr 11749, ack_nr 23656, packet_len 256 (251)
[0;0m[0;34mRDP 0x561bc1274720: Wake Tx task (check timeouts)
[0;0m[0;34mRDP 0x561bc1274720: Received in S 3: syn 0, ack 1, eack 0, rst 0, seq_nr 11750, ack_nr 23656, packet_len 256 (251)
[0;0m[0;34mRDP 0x561bc1274720: Send CMP S 3: syn 0, ack 1, eack 0, rst 0, seq_nr 23657, ack_nr 11750, packet_len 5 (0)
[0;0m[0;34mRDP 0x561bc1274720: Wake Tx task (check timeouts)
[0;0m[0;34mRDP 0x561bc1274720: Received in S 3: syn 0, ack 1, eack 0, rst 0, seq_nr 11751, ack_nr 23656, packet_len 256 (251)
[0;0m[0;34mRDP 0x561bc1274720: Wake Tx task (check timeouts)
[0;0m[0;34mRDP 0x561bc1274720: Received in S 3: syn 0, ack 1, eack 0, rst 0, seq_nr 11752, ack_nr 23656, packet_len 256 (251)
[0;0m[0;34mRDP 0x561bc1274720: Wake Tx task (check timeouts)
[0;0m[0;34mRDP 0x561bc1274720: Received in S 3: syn 0, ack 1, eack 0, rst 0, seq_nr 11753, ack_nr 23656, packet_len 256 (251)
[0;0m[0;34mRDP 0x561bc1274720: Send CMP S 3: syn 0, ack 1, eack 0, rst 0, seq_nr 23657, ack_nr 11753, packet_len 5 (0)
[0;0m[0;34mRDP 0x561bc1274720: Wake Tx task (check timeouts)
[0;0m[0;34mRDP 0x561bc1274720: Received in S 3: syn 0, ack 1, eack 0, rst 0, seq_nr 11754, ack_nr 23656, packet_len 256 (251)
[0;0m[0;34mRDP 0x561bc1274720: Wake Tx task (check timeouts)
[0;0m[0;34mRDP 0x561bc1274720: Received in S 3: syn 0, ack 1, eack 0, rst 0, seq_nr 11755, ack_nr 23656, packet_len 256 (251)
[0;0m[0;34mRDP 0x561bc1274720: Wake Tx task (check timeouts)
[0;0m[0;34mRDP 0x561bc1274720: Received in S 3: syn 0, ack 1, eack 0, rst 0, seq_nr 11756, ack_nr 23656, packet_len 130 (125)
[0;0m[0;34mRDP 0x561bc1274720: Send CMP S 3: syn 0, ack 1, eack 0, rst 0, seq_nr 23657, ack_nr 11756, packet_len 5 (0)
[0;0m[0;34mRDP 0x561bc1274720: Wake Tx task (check timeouts)
[0;0m[0;34mcsp_sfp_recv_fp: 20:58, fragment 243/2304
[0;0m[0;34mcsp_sfp_recv_fp: 20:58, fragment 486/2304
[0;0m[0;34mcsp_sfp_recv_fp: 20:58, fragment 729/2304
[0;0m[0;34mcsp_sfp_recv_fp: 20:58, fragment 972/2304
[0;0m[0;34mcsp_sfp_recv_fp: 20:58, fragment 1215/2304
[0;0m[0;34mcsp_sfp_recv_fp: 20:58, fragment 1458/2304
[0;0m[0;34mcsp_sfp_recv_fp: 20:58, fragment 1701/2304
[0;0m[0;34mcsp_sfp_recv_fp: 20:58, fragment 1944/2304
[0;0m[0;34mcsp_sfp_recv_fp: 20:58, fragment 2187/2304
[0;0m[0;34mcsp_sfp_recv_fp: 20:58, fragment 2304/2304
[0;0m[0;34mRDP 0x561bc1274720: Sending  in S 3: syn 0, ack 1, eack 0, rst 0, seq_nr 23657, ack_nr 11756, packet_len 6 (1)
[0;0mRECV_BUNDLE bundle_seq=48 n=64 bytes=2304
[0;34mRDP 0x561bc1274720: Received in S 3: syn 0, ack 1, eack 0, rst 0, seq_nr 11757, ack_nr 23657, packet_len 5 (0)
[0;0m[0;34mRDP 0x561bc1274720: TX Element Free, time 24018495, seq 23657, una 23658
[0;0m[0;34mRDP 0x561bc1274720: Wake Tx task (check timeouts)
[0;0m[0;34mRDP 0x561bc1274720: Received in S 3: syn 0, ack 1, eack 0, rst 0, seq_nr 11757, ack_nr 23657, packet_len 5 (0)
[0;0m[0;34mRDP 0x561bc1274720: Wake Tx task (check timeouts)
[0;0m[0;34mRDP 0x561bc1274720: Received in S 3: syn 0, ack 1, eack 0, rst 0, seq_nr 11757, ack_nr 23657, packet_len 256 (251)
[0;0m[0;34mRDP 0x561bc1274720: Wake Tx task (check timeouts)
[0;0m[0;34mRDP 0x561bc1274720: Received in S 3: syn 0, ack 1, eack 0, rst 0, seq_nr 11758, ack_nr 23657, packet_len 256 (251)
[0;0m[0;34mRDP 0x561bc1274720: Wake Tx task (check timeouts)
[0;0m[0;34mRDP 0x561bc1274720: Received in S 3: syn 0, ack 1, eack 0, rst 0, seq_nr 11759, ack_nr 23657, packet_len 256 (251)
[0;0m[0;34mRDP 0x561bc1274720: Send CMP S 3: syn 0, ack 1, eack 0, rst 0, seq_nr 23658, ack_nr 11759, packet_len 5 (0)
[0;0m[0;34mRDP 0x561bc1274720: Wake Tx task (check timeouts)
[0;0m[0;34mRDP 0x561bc1274720: Received in S 3: syn 0, ack 1, eack 0, rst 0, seq_nr 11760, ack_nr 23657, packet_len 256 (251)
[0;0m[0;34mRDP 0x561bc1274720: Wake Tx task (check timeouts)
[0;0m[0;34mRDP 0x561bc1274720: Received in S 3: syn 0, ack 1, eack 0, rst 0, seq_nr 11761, ack_nr 23657, packet_len 256 (251)
[0;0m[0;34mRDP 0x561bc1274720: Wake Tx task (check timeouts)
[0;0m[0;34mRDP 0x561bc1274720: Received in S 3: syn 0, ack 1, eack 0, rst 0, seq_nr 11762, ack_nr 23657, packet_len 256 (251)
[0;0m[0;34mRDP 0x561bc1274720: Send CMP S 3: syn 0, ack 1, eack 0, rst 0, seq_nr 23658, ack_nr 11762, packet_len 5 (0)
[0;0m[0;34mRDP 0x561bc1274720: Wake Tx task (check timeouts)
[0;0m[0;34mRDP 0x561bc1274720: Received in S 3: syn 0, ack 1, eack 0, rst 0, seq_nr 11763, ack_nr 23657, packet_len 256 (251)
[0;0m[0;34mRDP 0x561bc1274720: Wake Tx task (check timeouts)
[0;0m[0;34mRDP 0x561bc1274720: Received in S 3: syn 0, ack 1, eack 0, rst 0, seq_nr 11764, ack_nr 23657, packet_len 256 (251)
[0;0m[0;34mRDP 0x561bc1274720: Wake Tx task (check timeouts)
[0;0m[0;34mRDP 0x561bc1274720: Received in S 3: syn 0, ack 1, eack 0, rst 0, seq_nr 11765, ack_nr 23657, packet_len 256 (251)
[0;0m[0;34mRDP 0x561bc1274720: Send CMP S 3: syn 0, ack 1, eack 0, rst 0, seq_nr 23658, ack_nr 11765, packet_len 5 (0)
[0;0m[0;34mRDP 0x561bc1274720: Wake Tx task (check timeouts)
[0;0m[0;34mRDP 0x561bc1274720: Received in S 3: syn 0, ack 1, eack 0, rst 0, seq_nr 11766, ack_nr 23657, packet_len 130 (125)
[0;0m[0;34mRDP 0x561bc1274720: Wake Tx task (check timeouts)
[0;0m[0;34mcsp_sfp_recv_fp: 20:58, fragment 243/2304
[0;0m[0;34mcsp_sfp_recv_fp: 20:58, fragment 486/2304
[0;0m[0;34mcsp_sfp_recv_fp: 20:58, fragment 729/2304
[0;0m[0;34mcsp_sfp_recv_fp: 20:58, fragment 972/2304
[0;0m[0;34mcsp_sfp_recv_fp: 20:58, fragment 1215/2304
[0;0m[0;34mcsp_sfp_recv_fp: 20:58, fragment 1458/2304
[0;0m[0;34mcsp_sfp_recv_fp: 20:58, fragment 1701/2304
[0;0m[0;34mcsp_sfp_recv_fp: 20:58, fragment 1944/2304
[0;0m[0;34mcsp_sfp_recv_fp: 20:58, fragment 2187/2304
[0;0m[0;34mcsp_sfp_recv_fp: 20:58, fragment 2304/2304
[0;0m[0;34mRDP 0x561bc1274720: Sending  in S 3: syn 0, ack 1, eack 0, rst 0, seq_nr 23658, ack_nr 11766, packet_len 6 (1)
[0;0mRECV_BUNDLE bundle_seq=49 n=64 bytes=2304
[0;34mRDP 0x561bc1274720: Received in S 3: syn 0, ack 1, eack 0, rst 0, seq_nr 11767, ack_nr 23658, packet_len 256 (251)
[0;0m[0;34mRDP 0x561bc1274720: TX Element Free, time 24018496, seq 23658, una 23659
[0;0m[0;34mRDP 0x561bc1274720: Wake Tx task (check timeouts)
[0;0m[0;34mRDP 0x561bc1274720: Received in S 3: syn 0, ack 1, eack 0, rst 0, seq_nr 11768, ack_nr 23658, packet_len 256 (251)
[0;0m[0;34mRDP 0x561bc1274720: Send CMP S 3: syn 0, ack 1, eack 0, rst 0, seq_nr 23659, ack_nr 11768, packet_len 5 (0)
[0;0m[0;34mRDP 0x561bc1274720: Wake Tx task (check timeouts)
[0;0m[0;34mRDP 0x561bc1274720: Received in S 3: syn 0, ack 1, eack 0, rst 0, seq_nr 11769, ack_nr 23658, packet_len 256 (251)
[0;0m[0;34mRDP 0x561bc1274720: Wake Tx task (check timeouts)
[0;0m[0;34mRDP 0x561bc1274720: Received in S 3: syn 0, ack 1, eack 0, rst 0, seq_nr 11770, ack_nr 23658, packet_len 256 (251)
[0;0m[0;34mRDP 0x561bc1274720: Wake Tx task (check timeouts)
[0;0m[0;34mRDP 0x561bc1274720: Received in S 3: syn 0, ack 1, eack 0, rst 0, seq_nr 11771, ack_nr 23658, packet_len 256 (251)
[0;0m[0;34mRDP 0x561bc1274720: Send CMP S 3: syn 0, ack 1, eack 0, rst 0, seq_nr 23659, ack_nr 11771, packet_len 5 (0)
[0;0m[0;34mRDP 0x561bc1274720: Wake Tx task (check timeouts)
[0;0m[0;34mRDP 0x561bc1274720: Received in S 3: syn 0, ack 1, eack 0, rst 0, seq_nr 11772, ack_nr 23658, packet_len 256 (251)
[0;0m[0;34mRDP 0x561bc1274720: Wake Tx task (check timeouts)
[0;0m[0;34mRDP 0x561bc1274720: Received in S 3: syn 0, ack 1, eack 0, rst 0, seq_nr 11773, ack_nr 23658, packet_len 256 (251)
[0;0m[0;34mRDP 0x561bc1274720: Wake Tx task (check timeouts)
[0;0m[0;34mRDP 0x561bc1274720: Received in S 3: syn 0, ack 1, eack 0, rst 0, seq_nr 11774, ack_nr 23658, packet_len 256 (251)
[0;0m[0;34mRDP 0x561bc1274720: Send CMP S 3: syn 0, ack 1, eack 0, rst 0, seq_nr 23659, ack_nr 11774, packet_len 5 (0)
[0;0m[0;34mRDP 0x561bc1274720: Wake Tx task (check timeouts)
[0;0m[0;34mcsp_sfp_recv_fp: 20:58, fragment 243/2304
[0;0m[0;34mcsp_sfp_recv_fp: 20:58, fragment 486/2304
[0;0m[0;34mcsp_sfp_recv_fp: 20:58, fragment 729/2304
[0;0m[0;34mcsp_sfp_recv_fp: 20:58, fragment 972/2304
[0;0m[0;34mcsp_sfp_recv_fp: 20:58, fragment 1215/2304
[0;0m[0;34mcsp_sfp_recv_fp: 20:58, fragment 1458/2304
[0;0m[0;34mcsp_sfp_recv_fp: 20:58, fragment 1701/2304
[0;0m[0;34mcsp_sfp_recv_fp: 20:58, fragment 1944/2304
[0;0m[0;34mRDP 0x561bc1274720: Received in S 3: syn 0, ack 1, eack 0, rst 0, seq_nr 11775, ack_nr 23658, packet_len 256 (251)
[0;0m[0;34mRDP 0x561bc1274720: Wake Tx task (check timeouts)
[0;0m[0;34mRDP 0x561bc1274720: Received in S 3: syn 0, ack 1, eack 0, rst 0, seq_nr 11776, ack_nr 23658, packet_len 130 (125)
[0;0m[0;34mRDP 0x561bc1274720: Wake Tx task (check timeouts)
[0;0m[0;34mcsp_sfp_recv_fp: 20:58, fragment 2187/2304
[0;0m[0;34mcsp_sfp_recv_fp: 20:58, fragment 2304/2304
[0;0m[0;34mRDP 0x561bc1274720: Sending  in S 3: syn 0, ack 1, eack 0, rst 0, seq_nr 23659, ack_nr 11776, packet_len 6 (1)
[0;0mRECV_BUNDLE bundle_seq=50 n=64 bytes=2304
[0;34mRDP 0x561bc1274720: Received in S 3: syn 0, ack 1, eack 0, rst 0, seq_nr 11777, ack_nr 23659, packet_len 256 (251)
[0;0m[0;34mRDP 0x561bc1274720: Send CMP S 3: syn 0, ack 1, eack 0, rst 0, seq_nr 23660, ack_nr 11777, packet_len 5 (0)
[0;0m[0;34mRDP 0x561bc1274720: TX Element Free, time 24018497, seq 23659, una 23660
[0;0m[0;34mRDP 0x561bc1274720: Wake Tx task (check timeouts)
[0;0m[0;34mRDP 0x561bc1274720: Received in S 3: syn 0, ack 1, eack 0, rst 0, seq_nr 11778, ack_nr 23659, packet_len 256 (251)
[0;0m[0;34mRDP 0x561bc1274720: Wake Tx task (check timeouts)
[0;0m[0;34mRDP 0x561bc1274720: Received in S 3: syn 0, ack 1, eack 0, rst 0, seq_nr 11779, ack_nr 23659, packet_len 256 (251)
[0;0m[0;34mRDP 0x561bc1274720: Wake Tx task (check timeouts)
[0;0m[0;34mRDP 0x561bc1274720: Received in S 3: syn 0, ack 1, eack 0, rst 0, seq_nr 11780, ack_nr 23659, packet_len 256 (251)
[0;0m[0;34mRDP 0x561bc1274720: Send CMP S 3: syn 0, ack 1, eack 0, rst 0, seq_nr 23660, ack_nr 11780, packet_len 5 (0)
[0;0m[0;34mRDP 0x561bc1274720: Wake Tx task (check timeouts)
[0;0m[0;34mRDP 0x561bc1274720: Received in S 3: syn 0, ack 1, eack 0, rst 0, seq_nr 11781, ack_nr 23659, packet_len 256 (251)
[0;0m[0;34mRDP 0x561bc1274720: Wake Tx task (check timeouts)
[0;0m[0;34mRDP 0x561bc1274720: Received in S 3: syn 0, ack 1, eack 0, rst 0, seq_nr 11782, ack_nr 23659, packet_len 256 (251)
[0;0m[0;34mRDP 0x561bc1274720: Wake Tx task (check timeouts)
[0;0m[0;34mRDP 0x561bc1274720: Received in S 3: syn 0, ack 1, eack 0, rst 0, seq_nr 11783, ack_nr 23659, packet_len 256 (251)
[0;0m[0;34mRDP 0x561bc1274720: Send CMP S 3: syn 0, ack 1, eack 0, rst 0, seq_nr 23660, ack_nr 11783, packet_len 5 (0)
[0;0m[0;34mRDP 0x561bc1274720: Wake Tx task (check timeouts)
[0;0m[0;34mRDP 0x561bc1274720: Received in S 3: syn 0, ack 1, eack 0, rst 0, seq_nr 11784, ack_nr 23659, packet_len 256 (251)
[0;0m[0;34mRDP 0x561bc1274720: Wake Tx task (check timeouts)
[0;0m[0;34mRDP 0x561bc1274720: Received in S 3: syn 0, ack 1, eack 0, rst 0, seq_nr 11785, ack_nr 23659, packet_len 256 (251)
[0;0m[0;34mRDP 0x561bc1274720: Wake Tx task (check timeouts)
[0;0m[0;34mRDP 0x561bc1274720: Received in S 3: syn 0, ack 1, eack 0, rst 0, seq_nr 11786, ack_nr 23659, packet_len 130 (125)
[0;0m[0;34mRDP 0x561bc1274720: Send CMP S 3: syn 0, ack 1, eack 0, rst 0, seq_nr 23660, ack_nr 11786, packet_len 5 (0)
[0;0m[0;34mRDP 0x561bc1274720: Wake Tx task (check timeouts)
[0;0m[0;34mcsp_sfp_recv_fp: 20:58, fragment 243/2304
[0;0m[0;34mcsp_sfp_recv_fp: 20:58, fragment 486/2304
[0;0m[0;34mcsp_sfp_recv_fp: 20:58, fragment 729/2304
[0;0m[0;34mcsp_sfp_recv_fp: 20:58, fragment 972/2304
[0;0m[0;34mcsp_sfp_recv_fp: 20:58, fragment 1215/2304
[0;0m[0;34mcsp_sfp_recv_fp: 20:58, fragment 1458/2304
[0;0m[0;34mcsp_sfp_recv_fp: 20:58, fragment 1701/2304
[0;0m[0;34mcsp_sfp_recv_fp: 20:58, fragment 1944/2304
[0;0m[0;34mcsp_sfp_recv_fp: 20:58, fragment 2187/2304
[0;0m[0;34mcsp_sfp_recv_fp: 20:58, fragment 2304/2304
[0;0m[0;34mRDP 0x561bc1274720: Sending  in S 3: syn 0, ack 1, eack 0, rst 0, seq_nr 23660, ack_nr 11786, packet_len 6 (1)
[0;0mRECV_BUNDLE bundle_seq=51 n=64 bytes=2304
[0;34mRDP 0x561bc1274720: Received in S 3: syn 0, ack 1, eack 0, rst 0, seq_nr 11787, ack_nr 23660, packet_len 5 (0)
[0;0m[0;34mRDP 0x561bc1274720: TX Element Free, time 24018498, seq 23660, una 23661
[0;0m[0;34mRDP 0x561bc1274720: Wake Tx task (check timeouts)
[0;0m[0;34mRDP 0x561bc1274720: Received in S 3: syn 0, ack 1, eack 0, rst 0, seq_nr 11787, ack_nr 23660, packet_len 5 (0)
[0;0m[0;34mRDP 0x561bc1274720: Wake Tx task (check timeouts)
[0;0m[0;34mRDP 0x561bc1274720: Received in S 3: syn 0, ack 1, eack 0, rst 0, seq_nr 11787, ack_nr 23660, packet_len 256 (251)
[0;0m[0;34mRDP 0x561bc1274720: Wake Tx task (check timeouts)
[0;0m[0;34mRDP 0x561bc1274720: Received in S 3: syn 0, ack 1, eack 0, rst 0, seq_nr 11788, ack_nr 23660, packet_len 256 (251)
[0;0m[0;34mRDP 0x561bc1274720: Wake Tx task (check timeouts)
[0;0m[0;34mRDP 0x561bc1274720: Received in S 3: syn 0, ack 1, eack 0, rst 0, seq_nr 11789, ack_nr 23660, packet_len 256 (251)
[0;0m[0;34mRDP 0x561bc1274720: Send CMP S 3: syn 0, ack 1, eack 0, rst 0, seq_nr 23661, ack_nr 11789, packet_len 5 (0)
[0;0m[0;34mRDP 0x561bc1274720: Wake Tx task (check timeouts)
[0;0m[0;34mRDP 0x561bc1274720: Received in S 3: syn 0, ack 1, eack 0, rst 0, seq_nr 11790, ack_nr 23660, packet_len 256 (251)
[0;0m[0;34mRDP 0x561bc1274720: Wake Tx task (check timeouts)
[0;0m[0;34mRDP 0x561bc1274720: Received in S 3: syn 0, ack 1, eack 0, rst 0, seq_nr 11791, ack_nr 23660, packet_len 256 (251)
[0;0m[0;34mRDP 0x561bc1274720: Wake Tx task (check timeouts)
[0;0m[0;34mRDP 0x561bc1274720: Received in S 3: syn 0, ack 1, eack 0, rst 0, seq_nr 11792, ack_nr 23660, packet_len 256 (251)
[0;0m[0;34mRDP 0x561bc1274720: Send CMP S 3: syn 0, ack 1, eack 0, rst 0, seq_nr 23661, ack_nr 11792, packet_len 5 (0)
[0;0m[0;34mRDP 0x561bc1274720: Wake Tx task (check timeouts)
[0;0m[0;34mRDP 0x561bc1274720: Received in S 3: syn 0, ack 1, eack 0, rst 0, seq_nr 11793, ack_nr 23660, packet_len 256 (251)
[0;0m[0;34mRDP 0x561bc1274720: Wake Tx task (check timeouts)
[0;0m[0;34mRDP 0x561bc1274720: Received in S 3: syn 0, ack 1, eack 0, rst 0, seq_nr 11794, ack_nr 23660, packet_len 256 (251)
[0;0m[0;34mRDP 0x561bc1274720: Wake Tx task (check timeouts)
[0;0m[0;34mRDP 0x561bc1274720: Received in S 3: syn 0, ack 1, eack 0, rst 0, seq_nr 11795, ack_nr 23660, packet_len 256 (251)
[0;0m[0;34mRDP 0x561bc1274720: Send CMP S 3: syn 0, ack 1, eack 0, rst 0, seq_nr 23661, ack_nr 11795, packet_len 5 (0)
[0;0m[0;34mRDP 0x561bc1274720: Wake Tx task (check timeouts)
[0;0m[0;34mRDP 0x561bc1274720: Received in S 3: syn 0, ack 1, eack 0, rst 0, seq_nr 11796, ack_nr 23660, packet_len 130 (125)
[0;0m[0;34mRDP 0x561bc1274720: Wake Tx task (check timeouts)
[0;0m[0;34mcsp_sfp_recv_fp: 20:58, fragment 243/2304
[0;0m[0;34mcsp_sfp_recv_fp: 20:58, fragment 486/2304
[0;0m[0;34mcsp_sfp_recv_fp: 20:58, fragment 729/2304
[0;0m[0;34mcsp_sfp_recv_fp: 20:58, fragment 972/2304
[0;0m[0;34mcsp_sfp_recv_fp: 20:58, fragment 1215/2304
[0;0m[0;34mcsp_sfp_recv_fp: 20:58, fragment 1458/2304
[0;0m[0;34mcsp_sfp_recv_fp: 20:58, fragment 1701/2304
[0;0m[0;34mcsp_sfp_recv_fp: 20:58, fragment 1944/2304
[0;0m[0;34mcsp_sfp_recv_fp: 20:58, fragment 2187/2304
[0;0m[0;34mcsp_sfp_recv_fp: 20:58, fragment 2304/2304
[0;0m[0;34mRDP 0x561bc1274720: Sending  in S 3: syn 0, ack 1, eack 0, rst 0, seq_nr 23661, ack_nr 11796, packet_len 6 (1)
[0;0mRECV_BUNDLE bundle_seq=52 n=64 bytes=2304
[0;34mRDP 0x561bc1274720: Received in S 3: syn 0, ack 1, eack 0, rst 0, seq_nr 11797, ack_nr 23661, packet_len 256 (251)
[0;0m[0;34mRDP 0x561bc1274720: TX Element Free, time 24018500, seq 23661, una 23662
[0;0m[0;34mRDP 0x561bc1274720: Wake Tx task (check timeouts)
[0;0m[0;34mRDP 0x561bc1274720: Received in S 3: syn 0, ack 1, eack 0, rst 0, seq_nr 11798, ack_nr 23661, packet_len 256 (251)
[0;0m[0;34mRDP 0x561bc1274720: Send CMP S 3: syn 0, ack 1, eack 0, rst 0, seq_nr 23662, ack_nr 11798, packet_len 5 (0)
[0;0m[0;34mRDP 0x561bc1274720: Wake Tx task (check timeouts)
[0;0m[0;34mRDP 0x561bc1274720: Received in S 3: syn 0, ack 1, eack 0, rst 0, seq_nr 11799, ack_nr 23661, packet_len 256 (251)
[0;0m[0;34mRDP 0x561bc1274720: Wake Tx task (check timeouts)
[0;0m[0;34mRDP 0x561bc1274720: Received in S 3: syn 0, ack 1, eack 0, rst 0, seq_nr 11800, ack_nr 23661, packet_len 256 (251)
[0;0m[0;34mRDP 0x561bc1274720: Wake Tx task (check timeouts)
[0;0m[0;34mRDP 0x561bc1274720: Received in S 3: syn 0, ack 1, eack 0, rst 0, seq_nr 11801, ack_nr 23661, packet_len 256 (251)
[0;0m[0;34mRDP 0x561bc1274720: Send CMP S 3: syn 0, ack 1, eack 0, rst 0, seq_nr 23662, ack_nr 11801, packet_len 5 (0)
[0;0m[0;34mRDP 0x561bc1274720: Wake Tx task (check timeouts)
[0;0m[0;34mRDP 0x561bc1274720: Received in S 3: syn 0, ack 1, eack 0, rst 0, seq_nr 11802, ack_nr 23661, packet_len 256 (251)
[0;0m[0;34mRDP 0x561bc1274720: Wake Tx task (check timeouts)
[0;0m[0;34mRDP 0x561bc1274720: Received in S 3: syn 0, ack 1, eack 0, rst 0, seq_nr 11803, ack_nr 23661, packet_len 256 (251)
[0;0m[0;34mRDP 0x561bc1274720: Wake Tx task (check timeouts)
[0;0m[0;34mRDP 0x561bc1274720: Received in S 3: syn 0, ack 1, eack 0, rst 0, seq_nr 11804, ack_nr 23661, packet_len 256 (251)
[0;0m[0;34mRDP 0x561bc1274720: Send CMP S 3: syn 0, ack 1, eack 0, rst 0, seq_nr 23662, ack_nr 11804, packet_len 5 (0)
[0;0m[0;34mRDP 0x561bc1274720: Wake Tx task (check timeouts)
[0;0m[0;34mRDP 0x561bc1274720: Received in S 3: syn 0, ack 1, eack 0, rst 0, seq_nr 11805, ack_nr 23661, packet_len 256 (251)
[0;0m[0;34mRDP 0x561bc1274720: Wake Tx task (check timeouts)
[0;0m[0;34mRDP 0x561bc1274720: Received in S 3: syn 0, ack 1, eack 0, rst 0, seq_nr 11806, ack_nr 23661, packet_len 130 (125)
[0;0m[0;34mRDP 0x561bc1274720: Wake Tx task (check timeouts)
[0;0m[0;34mcsp_sfp_recv_fp: 20:58, fragment 243/2304
[0;0m[0;34mcsp_sfp_recv_fp: 20:58, fragment 486/2304
[0;0m[0;34mcsp_sfp_recv_fp: 20:58, fragment 729/2304
[0;0m[0;34mcsp_sfp_recv_fp: 20:58, fragment 972/2304
[0;0m[0;34mcsp_sfp_recv_fp: 20:58, fragment 1215/2304
[0;0m[0;34mcsp_sfp_recv_fp: 20:58, fragment 1458/2304
[0;0m[0;34mcsp_sfp_recv_fp: 20:58, fragment 1701/2304
[0;0m[0;34mcsp_sfp_recv_fp: 20:58, fragment 1944/2304
[0;0m[0;34mcsp_sfp_recv_fp: 20:58, fragment 2187/2304
[0;0m[0;34mcsp_sfp_recv_fp: 20:58, fragment 2304/2304
[0;0m[0;34mRDP 0x561bc1274720: Sending  in S 3: syn 0, ack 1, eack 0, rst 0, seq_nr 23662, ack_nr 11806, packet_len 6 (1)
[0;0mRECV_BUNDLE bundle_seq=53 n=64 bytes=2304
[0;34mRDP 0x561bc1274720: Received in S 3: syn 0, ack 1, eack 0, rst 0, seq_nr 11807, ack_nr 23662, packet_len 256 (251)
[0;0m[0;34mRDP 0x561bc1274720: Send CMP S 3: syn 0, ack 1, eack 0, rst 0, seq_nr 23663, ack_nr 11807, packet_len 5 (0)
[0;0m[0;34mRDP 0x561bc1274720: TX Element Free, time 24018501, seq 23662, una 23663
[0;0m[0;34mRDP 0x561bc1274720: Wake Tx task (check timeouts)
[0;0m[0;34mRDP 0x561bc1274720: Received in S 3: syn 0, ack 1, eack 0, rst 0, seq_nr 11808, ack_nr 23662, packet_len 256 (251)
[0;0m[0;34mRDP 0x561bc1274720: Wake Tx task (check timeouts)
[0;0m[0;34mRDP 0x561bc1274720: Received in S 3: syn 0, ack 1, eack 0, rst 0, seq_nr 11809, ack_nr 23662, packet_len 256 (251)
[0;0m[0;34mRDP 0x561bc1274720: Wake Tx task (check timeouts)
[0;0m[0;34mRDP 0x561bc1274720: Received in S 3: syn 0, ack 1, eack 0, rst 0, seq_nr 11810, ack_nr 23662, packet_len 256 (251)
[0;0m[0;34mRDP 0x561bc1274720: Send CMP S 3: syn 0, ack 1, eack 0, rst 0, seq_nr 23663, ack_nr 11810, packet_len 5 (0)
[0;0m[0;34mRDP 0x561bc1274720: Wake Tx task (check timeouts)
[0;0m[0;34mRDP 0x561bc1274720: Received in S 3: syn 0, ack 1, eack 0, rst 0, seq_nr 11811, ack_nr 23662, packet_len 256 (251)
[0;0m[0;34mRDP 0x561bc1274720: Wake Tx task (check timeouts)
[0;0m[0;34mRDP 0x561bc1274720: Received in S 3: syn 0, ack 1, eack 0, rst 0, seq_nr 11812, ack_nr 23662, packet_len 256 (251)
[0;0m[0;34mRDP 0x561bc1274720: Wake Tx task (check timeouts)
[0;0m[0;34mRDP 0x561bc1274720: Received in S 3: syn 0, ack 1, eack 0, rst 0, seq_nr 11813, ack_nr 23662, packet_len 256 (251)
[0;0m[0;34mRDP 0x561bc1274720: Send CMP S 3: syn 0, ack 1, eack 0, rst 0, seq_nr 23663, ack_nr 11813, packet_len 5 (0)
[0;0m[0;34mRDP 0x561bc1274720: Wake Tx task (check timeouts)
[0;0m[0;34mRDP 0x561bc1274720: Received in S 3: syn 0, ack 1, eack 0, rst 0, seq_nr 11814, ack_nr 23662, packet_len 256 (251)
[0;0m[0;34mRDP 0x561bc1274720: Wake Tx task (check timeouts)
[0;0m[0;34mRDP 0x561bc1274720: Received in S 3: syn 0, ack 1, eack 0, rst 0, seq_nr 11815, ack_nr 23662, packet_len 256 (251)
[0;0m[0;34mRDP 0x561bc1274720: Wake Tx task (check timeouts)
[0;0m[0;34mRDP 0x561bc1274720: Received in S 3: syn 0, ack 1, eack 0, rst 0, seq_nr 11816, ack_nr 23662, packet_len 130 (125)
[0;0m[0;34mRDP 0x561bc1274720: Send CMP S 3: syn 0, ack 1, eack 0, rst 0, seq_nr 23663, ack_nr 11816, packet_len 5 (0)
[0;0m[0;34mRDP 0x561bc1274720: Wake Tx task (check timeouts)
[0;0m[0;34mcsp_sfp_recv_fp: 20:58, fragment 243/2304
[0;0m[0;34mcsp_sfp_recv_fp: 20:58, fragment 486/2304
[0;0m[0;34mcsp_sfp_recv_fp: 20:58, fragment 729/2304
[0;0m[0;34mcsp_sfp_recv_fp: 20:58, fragment 972/2304
[0;0m[0;34mcsp_sfp_recv_fp: 20:58, fragment 1215/2304
[0;0m[0;34mcsp_sfp_recv_fp: 20:58, fragment 1458/2304
[0;0m[0;34mcsp_sfp_recv_fp: 20:58, fragment 1701/2304
[0;0m[0;34mcsp_sfp_recv_fp: 20:58, fragment 1944/2304
[0;0m[0;34mcsp_sfp_recv_fp: 20:58, fragment 2187/2304
[0;0m[0;34mcsp_sfp_recv_fp: 20:58, fragment 2304/2304
[0;0m[0;34mRDP 0x561bc1274720: Sending  in S 3: syn 0, ack 1, eack 0, rst 0, seq_nr 23663, ack_nr 11816, packet_len 6 (1)
[0;0mRECV_BUNDLE bundle_seq=54 n=64 bytes=2304
[0;34mRDP 0x561bc1274720: Received in S 3: syn 0, ack 1, eack 0, rst 0, seq_nr 11817, ack_nr 23663, packet_len 5 (0)
[0;0m[0;34mRDP 0x561bc1274720: TX Element Free, time 24018502, seq 23663, una 23664
[0;0m[0;34mRDP 0x561bc1274720: Wake Tx task (check timeouts)
[0;0m[0;34mRDP 0x561bc1274720: Received in S 3: syn 0, ack 1, eack 0, rst 0, seq_nr 11817, ack_nr 23663, packet_len 5 (0)
[0;0m[0;34mRDP 0x561bc1274720: Wake Tx task (check timeouts)
[0;0m[0;34mRDP 0x561bc1274720: Received in S 3: syn 0, ack 1, eack 0, rst 0, seq_nr 11817, ack_nr 23663, packet_len 256 (251)
[0;0m[0;34mRDP 0x561bc1274720: Wake Tx task (check timeouts)
[0;0m[0;34mRDP 0x561bc1274720: Received in S 3: syn 0, ack 1, eack 0, rst 0, seq_nr 11818, ack_nr 23663, packet_len 256 (251)
[0;0m[0;34mRDP 0x561bc1274720: Wake Tx task (check timeouts)
[0;0m[0;34mRDP 0x561bc1274720: Received in S 3: syn 0, ack 1, eack 0, rst 0, seq_nr 11819, ack_nr 23663, packet_len 256 (251)
[0;0m[0;34mRDP 0x561bc1274720: Send CMP S 3: syn 0, ack 1, eack 0, rst 0, seq_nr 23664, ack_nr 11819, packet_len 5 (0)
[0;0m[0;34mRDP 0x561bc1274720: Wake Tx task (check timeouts)
[0;0m[0;34mRDP 0x561bc1274720: Received in S 3: syn 0, ack 1, eack 0, rst 0, seq_nr 11820, ack_nr 23663, packet_len 256 (251)
[0;0m[0;34mRDP 0x561bc1274720: Wake Tx task (check timeouts)
[0;0m[0;34mRDP 0x561bc1274720: Received in S 3: syn 0, ack 1, eack 0, rst 0, seq_nr 11821, ack_nr 23663, packet_len 256 (251)
[0;0m[0;34mRDP 0x561bc1274720: Wake Tx task (check timeouts)
[0;0m[0;34mRDP 0x561bc1274720: Received in S 3: syn 0, ack 1, eack 0, rst 0, seq_nr 11822, ack_nr 23663, packet_len 256 (251)
[0;0m[0;34mRDP 0x561bc1274720: Send CMP S 3: syn 0, ack 1, eack 0, rst 0, seq_nr 23664, ack_nr 11822, packet_len 5 (0)
[0;0m[0;34mRDP 0x561bc1274720: Wake Tx task (check timeouts)
[0;0m[0;34mRDP 0x561bc1274720: Received in S 3: syn 0, ack 1, eack 0, rst 0, seq_nr 11823, ack_nr 23663, packet_len 256 (251)
[0;0m[0;34mRDP 0x561bc1274720: Wake Tx task (check timeouts)
[0;0m[0;34mRDP 0x561bc1274720: Received in S 3: syn 0, ack 1, eack 0, rst 0, seq_nr 11824, ack_nr 23663, packet_len 256 (251)
[0;0m[0;34mRDP 0x561bc1274720: Wake Tx task (check timeouts)
[0;0m[0;34mRDP 0x561bc1274720: Received in S 3: syn 0, ack 1, eack 0, rst 0, seq_nr 11825, ack_nr 23663, packet_len 256 (251)
[0;0m[0;34mRDP 0x561bc1274720: Send CMP S 3: syn 0, ack 1, eack 0, rst 0, seq_nr 23664, ack_nr 11825, packet_len 5 (0)
[0;0m[0;34mRDP 0x561bc1274720: Wake Tx task (check timeouts)
[0;0m[0;34mRDP 0x561bc1274720: Received in S 3: syn 0, ack 1, eack 0, rst 0, seq_nr 11826, ack_nr 23663, packet_len 130 (125)
[0;0m[0;34mRDP 0x561bc1274720: Wake Tx task (check timeouts)
[0;0m[0;34mcsp_sfp_recv_fp: 20:58, fragment 243/2304
[0;0m[0;34mcsp_sfp_recv_fp: 20:58, fragment 486/2304
[0;0m[0;34mcsp_sfp_recv_fp: 20:58, fragment 729/2304
[0;0m[0;34mcsp_sfp_recv_fp: 20:58, fragment 972/2304
[0;0m[0;34mcsp_sfp_recv_fp: 20:58, fragment 1215/2304
[0;0m[0;34mcsp_sfp_recv_fp: 20:58, fragment 1458/2304
[0;0m[0;34mcsp_sfp_recv_fp: 20:58, fragment 1701/2304
[0;0m[0;34mcsp_sfp_recv_fp: 20:58, fragment 1944/2304
[0;0m[0;34mcsp_sfp_recv_fp: 20:58, fragment 2187/2304
[0;0m[0;34mcsp_sfp_recv_fp: 20:58, fragment 2304/2304
[0;0m[0;34mRDP 0x561bc1274720: Sending  in S 3: syn 0, ack 1, eack 0, rst 0, seq_nr 23664, ack_nr 11826, packet_len 6 (1)
[0;0mRECV_BUNDLE bundle_seq=55 n=64 bytes=2304
[0;34mRDP 0x561bc1274720: Received in S 3: syn 0, ack 1, eack 0, rst 0, seq_nr 11827, ack_nr 23664, packet_len 256 (251)
[0;0m[0;34mRDP 0x561bc1274720: TX Element Free, time 24018503, seq 23664, una 23665
[0;0m[0;34mRDP 0x561bc1274720: Wake Tx task (check timeouts)
[0;0m[0;34mRDP 0x561bc1274720: Received in S 3: syn 0, ack 1, eack 0, rst 0, seq_nr 11828, ack_nr 23664, packet_len 256 (251)
[0;0m[0;34mRDP 0x561bc1274720: Send CMP S 3: syn 0, ack 1, eack 0, rst 0, seq_nr 23665, ack_nr 11828, packet_len 5 (0)
[0;0m[0;34mRDP 0x561bc1274720: Wake Tx task (check timeouts)
[0;0m[0;34mRDP 0x561bc1274720: Received in S 3: syn 0, ack 1, eack 0, rst 0, seq_nr 11829, ack_nr 23664, packet_len 256 (251)
[0;0m[0;34mRDP 0x561bc1274720: Wake Tx task (check timeouts)
[0;0m[0;34mRDP 0x561bc1274720: Received in S 3: syn 0, ack 1, eack 0, rst 0, seq_nr 11830, ack_nr 23664, packet_len 256 (251)
[0;0m[0;34mRDP 0x561bc1274720: Wake Tx task (check timeouts)
[0;0m[0;34mRDP 0x561bc1274720: Received in S 3: syn 0, ack 1, eack 0, rst 0, seq_nr 11831, ack_nr 23664, packet_len 256 (251)
[0;0m[0;34mRDP 0x561bc1274720: Send CMP S 3: syn 0, ack 1, eack 0, rst 0, seq_nr 23665, ack_nr 11831, packet_len 5 (0)
[0;0m[0;34mRDP 0x561bc1274720: Wake Tx task (check timeouts)
[0;0m[0;34mRDP 0x561bc1274720: Received in S 3: syn 0, ack 1, eack 0, rst 0, seq_nr 11832, ack_nr 23664, packet_len 256 (251)
[0;0m[0;34mRDP 0x561bc1274720: Wake Tx task (check timeouts)
[0;0m[0;34mRDP 0x561bc1274720: Received in S 3: syn 0, ack 1, eack 0, rst 0, seq_nr 11833, ack_nr 23664, packet_len 256 (251)
[0;0m[0;34mRDP 0x561bc1274720: Wake Tx task (check timeouts)
[0;0m[0;34mRDP 0x561bc1274720: Received in S 3: syn 0, ack 1, eack 0, rst 0, seq_nr 11834, ack_nr 23664, packet_len 256 (251)
[0;0m[0;34mRDP 0x561bc1274720: Send CMP S 3: syn 0, ack 1, eack 0, rst 0, seq_nr 23665, ack_nr 11834, packet_len 5 (0)
[0;0m[0;34mRDP 0x561bc1274720: Wake Tx task (check timeouts)
[0;0m[0;34mRDP 0x561bc1274720: Received in S 3: syn 0, ack 1, eack 0, rst 0, seq_nr 11835, ack_nr 23664, packet_len 256 (251)
[0;0m[0;34mRDP 0x561bc1274720: Wake Tx task (check timeouts)
[0;0m[0;34mRDP 0x561bc1274720: Received in S 3: syn 0, ack 1, eack 0, rst 0, seq_nr 11836, ack_nr 23664, packet_len 130 (125)
[0;0m[0;34mRDP 0x561bc1274720: Wake Tx task (check timeouts)
[0;0m[0;34mcsp_sfp_recv_fp: 20:58, fragment 243/2304
[0;0m[0;34mcsp_sfp_recv_fp: 20:58, fragment 486/2304
[0;0m[0;34mcsp_sfp_recv_fp: 20:58, fragment 729/2304
[0;0m[0;34mcsp_sfp_recv_fp: 20:58, fragment 972/2304
[0;0m[0;34mcsp_sfp_recv_fp: 20:58, fragment 1215/2304
[0;0m[0;34mcsp_sfp_recv_fp: 20:58, fragment 1458/2304
[0;0m[0;34mcsp_sfp_recv_fp: 20:58, fragment 1701/2304
[0;0m[0;34mcsp_sfp_recv_fp: 20:58, fragment 1944/2304
[0;0m[0;34mcsp_sfp_recv_fp: 20:58, fragment 2187/2304
[0;0m[0;34mcsp_sfp_recv_fp: 20:58, fragment 2304/2304
[0;0m[0;34mRDP 0x561bc1274720: Sending  in S 3: syn 0, ack 1, eack 0, rst 0, seq_nr 23665, ack_nr 11836, packet_len 6 (1)
[0;0mRECV_BUNDLE bundle_seq=56 n=64 bytes=2304
[0;34mRDP 0x561bc1274720: Received in S 3: syn 0, ack 1, eack 0, rst 0, seq_nr 11837, ack_nr 23665, packet_len 256 (251)
[0;0m[0;34mRDP 0x561bc1274720: Send CMP S 3: syn 0, ack 1, eack 0, rst 0, seq_nr 23666, ack_nr 11837, packet_len 5 (0)
[0;0m[0;34mRDP 0x561bc1274720: TX Element Free, time 24018504, seq 23665, una 23666
[0;0m[0;34mRDP 0x561bc1274720: Wake Tx task (check timeouts)
[0;0m[0;34mRDP 0x561bc1274720: Received in S 3: syn 0, ack 1, eack 0, rst 0, seq_nr 11838, ack_nr 23665, packet_len 256 (251)
[0;0m[0;34mRDP 0x561bc1274720: Wake Tx task (check timeouts)
[0;0m[0;34mRDP 0x561bc1274720: Received in S 3: syn 0, ack 1, eack 0, rst 0, seq_nr 11839, ack_nr 23665, packet_len 256 (251)
[0;0m[0;34mRDP 0x561bc1274720: Wake Tx task (check timeouts)
[0;0m[0;34mRDP 0x561bc1274720: Received in S 3: syn 0, ack 1, eack 0, rst 0, seq_nr 11840, ack_nr 23665, packet_len 256 (251)
[0;0m[0;34mRDP 0x561bc1274720: Send CMP S 3: syn 0, ack 1, eack 0, rst 0, seq_nr 23666, ack_nr 11840, packet_len 5 (0)
[0;0m[0;34mRDP 0x561bc1274720: Wake Tx task (check timeouts)
[0;0m[0;34mRDP 0x561bc1274720: Received in S 3: syn 0, ack 1, eack 0, rst 0, seq_nr 11841, ack_nr 23665, packet_len 256 (251)
[0;0m[0;34mRDP 0x561bc1274720: Wake Tx task (check timeouts)
[0;0m[0;34mRDP 0x561bc1274720: Received in S 3: syn 0, ack 1, eack 0, rst 0, seq_nr 11842, ack_nr 23665, packet_len 256 (251)
[0;0m[0;34mRDP 0x561bc1274720: Wake Tx task (check timeouts)
[0;0m[0;34mRDP 0x561bc1274720: Received in S 3: syn 0, ack 1, eack 0, rst 0, seq_nr 11843, ack_nr 23665, packet_len 256 (251)
[0;0m[0;34mRDP 0x561bc1274720: Send CMP S 3: syn 0, ack 1, eack 0, rst 0, seq_nr 23666, ack_nr 11843, packet_len 5 (0)
[0;0m[0;34mRDP 0x561bc1274720: Wake Tx task (check timeouts)
[0;0m[0;34mRDP 0x561bc1274720: Received in S 3: syn 0, ack 1, eack 0, rst 0, seq_nr 11844, ack_nr 23665, packet_len 256 (251)
[0;0m[0;34mRDP 0x561bc1274720: Wake Tx task (check timeouts)
[0;0m[0;34mRDP 0x561bc1274720: Received in S 3: syn 0, ack 1, eack 0, rst 0, seq_nr 11845, ack_nr 23665, packet_len 256 (251)
[0;0m[0;34mRDP 0x561bc1274720: Wake Tx task (check timeouts)
[0;0m[0;34mRDP 0x561bc1274720: Received in S 3: syn 0, ack 1, eack 0, rst 0, seq_nr 11846, ack_nr 23665, packet_len 130 (125)
[0;0m[0;34mRDP 0x561bc1274720: Send CMP S 3: syn 0, ack 1, eack 0, rst 0, seq_nr 23666, ack_nr 11846, packet_len 5 (0)
[0;0m[0;34mRDP 0x561bc1274720: Wake Tx task (check timeouts)
[0;0m[0;34mcsp_sfp_recv_fp: 20:58, fragment 243/2304
[0;0m[0;34mcsp_sfp_recv_fp: 20:58, fragment 486/2304
[0;0m[0;34mcsp_sfp_recv_fp: 20:58, fragment 729/2304
[0;0m[0;34mcsp_sfp_recv_fp: 20:58, fragment 972/2304
[0;0m[0;34mcsp_sfp_recv_fp: 20:58, fragment 1215/2304
[0;0m[0;34mcsp_sfp_recv_fp: 20:58, fragment 1458/2304
[0;0m[0;34mcsp_sfp_recv_fp: 20:58, fragment 1701/2304
[0;0m[0;34mcsp_sfp_recv_fp: 20:58, fragment 1944/2304
[0;0m[0;34mcsp_sfp_recv_fp: 20:58, fragment 2187/2304
[0;0m[0;34mcsp_sfp_recv_fp: 20:58, fragment 2304/2304
[0;0m[0;34mRDP 0x561bc1274720: Sending  in S 3: syn 0, ack 1, eack 0, rst 0, seq_nr 23666, ack_nr 11846, packet_len 6 (1)
[0;0mRECV_BUNDLE bundle_seq=57 n=64 bytes=2304
[0;34mRDP 0x561bc1274720: Received in S 3: syn 0, ack 1, eack 0, rst 0, seq_nr 11847, ack_nr 23666, packet_len 5 (0)
[0;0m[0;34mRDP 0x561bc1274720: TX Element Free, time 24018505, seq 23666, una 23667
[0;0m[0;34mRDP 0x561bc1274720: Wake Tx task (check timeouts)
[0;0m[0;34mRDP 0x561bc1274720: Received in S 3: syn 0, ack 1, eack 0, rst 0, seq_nr 11847, ack_nr 23666, packet_len 5 (0)
[0;0m[0;34mRDP 0x561bc1274720: Wake Tx task (check timeouts)
[0;0m[0;34mRDP 0x561bc1274720: Received in S 3: syn 0, ack 1, eack 0, rst 0, seq_nr 11847, ack_nr 23666, packet_len 256 (251)
[0;0m[0;34mRDP 0x561bc1274720: Wake Tx task (check timeouts)
[0;0m[0;34mRDP 0x561bc1274720: Received in S 3: syn 0, ack 1, eack 0, rst 0, seq_nr 11848, ack_nr 23666, packet_len 256 (251)
[0;0m[0;34mRDP 0x561bc1274720: Wake Tx task (check timeouts)
[0;0m[0;34mRDP 0x561bc1274720: Received in S 3: syn 0, ack 1, eack 0, rst 0, seq_nr 11849, ack_nr 23666, packet_len 256 (251)
[0;0m[0;34mRDP 0x561bc1274720: Send CMP S 3: syn 0, ack 1, eack 0, rst 0, seq_nr 23667, ack_nr 11849, packet_len 5 (0)
[0;0m[0;34mRDP 0x561bc1274720: Wake Tx task (check timeouts)
[0;0m[0;34mRDP 0x561bc1274720: Received in S 3: syn 0, ack 1, eack 0, rst 0, seq_nr 11850, ack_nr 23666, packet_len 256 (251)
[0;0m[0;34mRDP 0x561bc1274720: Wake Tx task (check timeouts)
[0;0m[0;34mRDP 0x561bc1274720: Received in S 3: syn 0, ack 1, eack 0, rst 0, seq_nr 11851, ack_nr 23666, packet_len 256 (251)
[0;0m[0;34mRDP 0x561bc1274720: Wake Tx task (check timeouts)
[0;0m[0;34mRDP 0x561bc1274720: Received in S 3: syn 0, ack 1, eack 0, rst 0, seq_nr 11852, ack_nr 23666, packet_len 256 (251)
[0;0m[0;34mRDP 0x561bc1274720: Send CMP S 3: syn 0, ack 1, eack 0, rst 0, seq_nr 23667, ack_nr 11852, packet_len 5 (0)
[0;0m[0;34mRDP 0x561bc1274720: Wake Tx task (check timeouts)
[0;0m[0;34mRDP 0x561bc1274720: Received in S 3: syn 0, ack 1, eack 0, rst 0, seq_nr 11853, ack_nr 23666, packet_len 256 (251)
[0;0m[0;34mRDP 0x561bc1274720: Wake Tx task (check timeouts)
[0;0m[0;34mRDP 0x561bc1274720: Received in S 3: syn 0, ack 1, eack 0, rst 0, seq_nr 11854, ack_nr 23666, packet_len 256 (251)
[0;0m[0;34mRDP 0x561bc1274720: Wake Tx task (check timeouts)
[0;0m[0;34mRDP 0x561bc1274720: Received in S 3: syn 0, ack 1, eack 0, rst 0, seq_nr 11855, ack_nr 23666, packet_len 256 (251)
[0;0m[0;34mRDP 0x561bc1274720: Send CMP S 3: syn 0, ack 1, eack 0, rst 0, seq_nr 23667, ack_nr 11855, packet_len 5 (0)
[0;0m[0;34mRDP 0x561bc1274720: Wake Tx task (check timeouts)
[0;0m[0;34mRDP 0x561bc1274720: Received in S 3: syn 0, ack 1, eack 0, rst 0, seq_nr 11856, ack_nr 23666, packet_len 130 (125)
[0;0m[0;34mRDP 0x561bc1274720: Wake Tx task (check timeouts)
[0;0m[0;34mcsp_sfp_recv_fp: 20:58, fragment 243/2304
[0;0m[0;34mcsp_sfp_recv_fp: 20:58, fragment 486/2304
[0;0m[0;34mcsp_sfp_recv_fp: 20:58, fragment 729/2304
[0;0m[0;34mcsp_sfp_recv_fp: 20:58, fragment 972/2304
[0;0m[0;34mcsp_sfp_recv_fp: 20:58, fragment 1215/2304
[0;0m[0;34mcsp_sfp_recv_fp: 20:58, fragment 1458/2304
[0;0m[0;34mcsp_sfp_recv_fp: 20:58, fragment 1701/2304
[0;0m[0;34mcsp_sfp_recv_fp: 20:58, fragment 1944/2304
[0;0m[0;34mcsp_sfp_recv_fp: 20:58, fragment 2187/2304
[0;0m[0;34mcsp_sfp_recv_fp: 20:58, fragment 2304/2304
[0;0m[0;34mRDP 0x561bc1274720: Sending  in S 3: syn 0, ack 1, eack 0, rst 0, seq_nr 23667, ack_nr 11856, packet_len 6 (1)
[0;0mRECV_BUNDLE bundle_seq=58 n=64 bytes=2304
[0;34mRDP 0x561bc1274720: Received in S 3: syn 0, ack 1, eack 0, rst 0, seq_nr 11857, ack_nr 23667, packet_len 256 (251)
[0;0m[0;34mRDP 0x561bc1274720: TX Element Free, time 24018507, seq 23667, una 23668
[0;0m[0;34mRDP 0x561bc1274720: Wake Tx task (check timeouts)
[0;0m[0;34mRDP 0x561bc1274720: Received in S 3: syn 0, ack 1, eack 0, rst 0, seq_nr 11858, ack_nr 23667, packet_len 256 (251)
[0;0m[0;34mRDP 0x561bc1274720: Send CMP S 3: syn 0, ack 1, eack 0, rst 0, seq_nr 23668, ack_nr 11858, packet_len 5 (0)
[0;0m[0;34mRDP 0x561bc1274720: Wake Tx task (check timeouts)
[0;0m[0;34mRDP 0x561bc1274720: Received in S 3: syn 0, ack 1, eack 0, rst 0, seq_nr 11859, ack_nr 23667, packet_len 256 (251)
[0;0m[0;34mRDP 0x561bc1274720: Wake Tx task (check timeouts)
[0;0m[0;34mRDP 0x561bc1274720: Received in S 3: syn 0, ack 1, eack 0, rst 0, seq_nr 11860, ack_nr 23667, packet_len 256 (251)
[0;0m[0;34mRDP 0x561bc1274720: Wake Tx task (check timeouts)
[0;0m[0;34mRDP 0x561bc1274720: Received in S 3: syn 0, ack 1, eack 0, rst 0, seq_nr 11861, ack_nr 23667, packet_len 256 (251)
[0;0m[0;34mRDP 0x561bc1274720: Send CMP S 3: syn 0, ack 1, eack 0, rst 0, seq_nr 23668, ack_nr 11861, packet_len 5 (0)
[0;0m[0;34mRDP 0x561bc1274720: Wake Tx task (check timeouts)
[0;0m[0;34mRDP 0x561bc1274720: Received in S 3: syn 0, ack 1, eack 0, rst 0, seq_nr 11862, ack_nr 23667, packet_len 256 (251)
[0;0m[0;34mRDP 0x561bc1274720: Wake Tx task (check timeouts)
[0;0m[0;34mRDP 0x561bc1274720: Received in S 3: syn 0, ack 1, eack 0, rst 0, seq_nr 11863, ack_nr 23667, packet_len 256 (251)
[0;0m[0;34mRDP 0x561bc1274720: Wake Tx task (check timeouts)
[0;0m[0;34mRDP 0x561bc1274720: Received in S 3: syn 0, ack 1, eack 0, rst 0, seq_nr 11864, ack_nr 23667, packet_len 256 (251)
[0;0m[0;34mRDP 0x561bc1274720: Send CMP S 3: syn 0, ack 1, eack 0, rst 0, seq_nr 23668, ack_nr 11864, packet_len 5 (0)
[0;0m[0;34mRDP 0x561bc1274720: Wake Tx task (check timeouts)
[0;0m[0;34mRDP 0x561bc1274720: Received in S 3: syn 0, ack 1, eack 0, rst 0, seq_nr 11865, ack_nr 23667, packet_len 256 (251)
[0;0m[0;34mRDP 0x561bc1274720: Wake Tx task (check timeouts)
[0;0m[0;34mRDP 0x561bc1274720: Received in S 3: syn 0, ack 1, eack 0, rst 0, seq_nr 11866, ack_nr 23667, packet_len 130 (125)
[0;0m[0;34mRDP 0x561bc1274720: Wake Tx task (check timeouts)
[0;0m[0;34mcsp_sfp_recv_fp: 20:58, fragment 243/2304
[0;0m[0;34mcsp_sfp_recv_fp: 20:58, fragment 486/2304
[0;0m[0;34mcsp_sfp_recv_fp: 20:58, fragment 729/2304
[0;0m[0;34mcsp_sfp_recv_fp: 20:58, fragment 972/2304
[0;0m[0;34mcsp_sfp_recv_fp: 20:58, fragment 1215/2304
[0;0m[0;34mcsp_sfp_recv_fp: 20:58, fragment 1458/2304
[0;0m[0;34mcsp_sfp_recv_fp: 20:58, fragment 1701/2304
[0;0m[0;34mcsp_sfp_recv_fp: 20:58, fragment 1944/2304
[0;0m[0;34mcsp_sfp_recv_fp: 20:58, fragment 2187/2304
[0;0m[0;34mcsp_sfp_recv_fp: 20:58, fragment 2304/2304
[0;0m[0;34mRDP 0x561bc1274720: Sending  in S 3: syn 0, ack 1, eack 0, rst 0, seq_nr 23668, ack_nr 11866, packet_len 6 (1)
[0;0mRECV_BUNDLE bundle_seq=59 n=64 bytes=2304
[0;34mRDP 0x561bc1274720: Received in S 3: syn 0, ack 1, eack 0, rst 0, seq_nr 11867, ack_nr 23668, packet_len 256 (251)
[0;0m[0;34mRDP 0x561bc1274720: Send CMP S 3: syn 0, ack 1, eack 0, rst 0, seq_nr 23669, ack_nr 11867, packet_len 5 (0)
[0;0m[0;34mRDP 0x561bc1274720: TX Element Free, time 24018508, seq 23668, una 23669
[0;0m[0;34mRDP 0x561bc1274720: Wake Tx task (check timeouts)
[0;0m[0;34mRDP 0x561bc1274720: Received in S 3: syn 0, ack 1, eack 0, rst 0, seq_nr 11868, ack_nr 23668, packet_len 256 (251)
[0;0m[0;34mRDP 0x561bc1274720: Wake Tx task (check timeouts)
[0;0m[0;34mRDP 0x561bc1274720: Received in S 3: syn 0, ack 1, eack 0, rst 0, seq_nr 11869, ack_nr 23668, packet_len 256 (251)
[0;0m[0;34mRDP 0x561bc1274720: Wake Tx task (check timeouts)
[0;0m[0;34mRDP 0x561bc1274720: Received in S 3: syn 0, ack 1, eack 0, rst 0, seq_nr 11870, ack_nr 23668, packet_len 256 (251)
[0;0m[0;34mRDP 0x561bc1274720: Send CMP S 3: syn 0, ack 1, eack 0, rst 0, seq_nr 23669, ack_nr 11870, packet_len 5 (0)
[0;0m[0;34mRDP 0x561bc1274720: Wake Tx task (check timeouts)
[0;0m[0;34mRDP 0x561bc1274720: Received in S 3: syn 0, ack 1, eack 0, rst 0, seq_nr 11871, ack_nr 23668, packet_len 256 (251)
[0;0m[0;34mRDP 0x561bc1274720: Wake Tx task (check timeouts)
[0;0m[0;34mRDP 0x561bc1274720: Received in S 3: syn 0, ack 1, eack 0, rst 0, seq_nr 11872, ack_nr 23668, packet_len 256 (251)
[0;0m[0;34mRDP 0x561bc1274720: Wake Tx task (check timeouts)
[0;0m[0;34mRDP 0x561bc1274720: Received in S 3: syn 0, ack 1, eack 0, rst 0, seq_nr 11873, ack_nr 23668, packet_len 256 (251)
[0;0m[0;34mRDP 0x561bc1274720: Send CMP S 3: syn 0, ack 1, eack 0, rst 0, seq_nr 23669, ack_nr 11873, packet_len 5 (0)
[0;0m[0;34mRDP 0x561bc1274720: Wake Tx task (check timeouts)
[0;0m[0;34mRDP 0x561bc1274720: Received in S 3: syn 0, ack 1, eack 0, rst 0, seq_nr 11874, ack_nr 23668, packet_len 256 (251)
[0;0m[0;34mRDP 0x561bc1274720: Wake Tx task (check timeouts)
[0;0m[0;34mRDP 0x561bc1274720: Received in S 3: syn 0, ack 1, eack 0, rst 0, seq_nr 11875, ack_nr 23668, packet_len 256 (251)
[0;0m[0;34mRDP 0x561bc1274720: Wake Tx task (check timeouts)
[0;0m[0;34mRDP 0x561bc1274720: Received in S 3: syn 0, ack 1, eack 0, rst 0, seq_nr 11876, ack_nr 23668, packet_len 130 (125)
[0;0m[0;34mRDP 0x561bc1274720: Send CMP S 3: syn 0, ack 1, eack 0, rst 0, seq_nr 23669, ack_nr 11876, packet_len 5 (0)
[0;0m[0;34mRDP 0x561bc1274720: Wake Tx task (check timeouts)
[0;0m[0;34mcsp_sfp_recv_fp: 20:58, fragment 243/2304
[0;0m[0;34mcsp_sfp_recv_fp: 20:58, fragment 486/2304
[0;0m[0;34mcsp_sfp_recv_fp: 20:58, fragment 729/2304
[0;0m[0;34mcsp_sfp_recv_fp: 20:58, fragment 972/2304
[0;0m[0;34mcsp_sfp_recv_fp: 20:58, fragment 1215/2304
[0;0m[0;34mcsp_sfp_recv_fp: 20:58, fragment 1458/2304
[0;0m[0;34mcsp_sfp_recv_fp: 20:58, fragment 1701/2304
[0;0m[0;34mcsp_sfp_recv_fp: 20:58, fragment 1944/2304
[0;0m[0;34mcsp_sfp_recv_fp: 20:58, fragment 2187/2304
[0;0m[0;34mcsp_sfp_recv_fp: 20:58, fragment 2304/2304
[0;0m[0;34mRDP 0x561bc1274720: Sending  in S 3: syn 0, ack 1, eack 0, rst 0, seq_nr 23669, ack_nr 11876, packet_len 6 (1)
[0;0mRECV_BUNDLE bundle_seq=60 n=64 bytes=2304
[0;34mRDP 0x561bc1274720: Received in S 3: syn 0, ack 1, eack 0, rst 0, seq_nr 11877, ack_nr 23669, packet_len 5 (0)
[0;0m[0;34mRDP 0x561bc1274720: TX Element Free, time 24018509, seq 23669, una 23670
[0;0m[0;34mRDP 0x561bc1274720: Wake Tx task (check timeouts)
[0;0m[0;34mRDP 0x561bc1274720: Received in S 3: syn 0, ack 1, eack 0, rst 0, seq_nr 11877, ack_nr 23669, packet_len 5 (0)
[0;0m[0;34mRDP 0x561bc1274720: Wake Tx task (check timeouts)
[0;0m[0;34mRDP 0x561bc1274720: Received in S 3: syn 0, ack 1, eack 0, rst 0, seq_nr 11877, ack_nr 23669, packet_len 256 (251)
[0;0m[0;34mRDP 0x561bc1274720: Wake Tx task (check timeouts)
[0;0m[0;34mRDP 0x561bc1274720: Received in S 3: syn 0, ack 1, eack 0, rst 0, seq_nr 11878, ack_nr 23669, packet_len 256 (251)
[0;0m[0;34mRDP 0x561bc1274720: Wake Tx task (check timeouts)
[0;0m[0;34mRDP 0x561bc1274720: Received in S 3: syn 0, ack 1, eack 0, rst 0, seq_nr 11879, ack_nr 23669, packet_len 256 (251)
[0;0m[0;34mRDP 0x561bc1274720: Send CMP S 3: syn 0, ack 1, eack 0, rst 0, seq_nr 23670, ack_nr 11879, packet_len 5 (0)
[0;0m[0;34mRDP 0x561bc1274720: Wake Tx task (check timeouts)
[0;0m[0;34mRDP 0x561bc1274720: Received in S 3: syn 0, ack 1, eack 0, rst 0, seq_nr 11880, ack_nr 23669, packet_len 256 (251)
[0;0m[0;34mRDP 0x561bc1274720: Wake Tx task (check timeouts)
[0;0m[0;34mRDP 0x561bc1274720: Received in S 3: syn 0, ack 1, eack 0, rst 0, seq_nr 11881, ack_nr 23669, packet_len 256 (251)
[0;0m[0;34mRDP 0x561bc1274720: Wake Tx task (check timeouts)
[0;0m[0;34mRDP 0x561bc1274720: Received in S 3: syn 0, ack 1, eack 0, rst 0, seq_nr 11882, ack_nr 23669, packet_len 256 (251)
[0;0m[0;34mRDP 0x561bc1274720: Send CMP S 3: syn 0, ack 1, eack 0, rst 0, seq_nr 23670, ack_nr 11882, packet_len 5 (0)
[0;0m[0;34mRDP 0x561bc1274720: Wake Tx task (check timeouts)
[0;0m[0;34mRDP 0x561bc1274720: Received in S 3: syn 0, ack 1, eack 0, rst 0, seq_nr 11883, ack_nr 23669, packet_len 256 (251)
[0;0m[0;34mRDP 0x561bc1274720: Wake Tx task (check timeouts)
[0;0m[0;34mRDP 0x561bc1274720: Received in S 3: syn 0, ack 1, eack 0, rst 0, seq_nr 11884, ack_nr 23669, packet_len 256 (251)
[0;0m[0;34mRDP 0x561bc1274720: Wake Tx task (check timeouts)
[0;0m[0;34mRDP 0x561bc1274720: Received in S 3: syn 0, ack 1, eack 0, rst 0, seq_nr 11885, ack_nr 23669, packet_len 256 (251)
[0;0m[0;34mRDP 0x561bc1274720: Send CMP S 3: syn 0, ack 1, eack 0, rst 0, seq_nr 23670, ack_nr 11885, packet_len 5 (0)
[0;0m[0;34mRDP 0x561bc1274720: Wake Tx task (check timeouts)
[0;0m[0;34mRDP 0x561bc1274720: Received in S 3: syn 0, ack 1, eack 0, rst 0, seq_nr 11886, ack_nr 23669, packet_len 130 (125)
[0;0m[0;34mRDP 0x561bc1274720: Wake Tx task (check timeouts)
[0;0m[0;34mcsp_sfp_recv_fp: 20:58, fragment 243/2304
[0;0m[0;34mcsp_sfp_recv_fp: 20:58, fragment 486/2304
[0;0m[0;34mcsp_sfp_recv_fp: 20:58, fragment 729/2304
[0;0m[0;34mcsp_sfp_recv_fp: 20:58, fragment 972/2304
[0;0m[0;34mcsp_sfp_recv_fp: 20:58, fragment 1215/2304
[0;0m[0;34mcsp_sfp_recv_fp: 20:58, fragment 1458/2304
[0;0m[0;34mcsp_sfp_recv_fp: 20:58, fragment 1701/2304
[0;0m[0;34mcsp_sfp_recv_fp: 20:58, fragment 1944/2304
[0;0m[0;34mcsp_sfp_recv_fp: 20:58, fragment 2187/2304
[0;0m[0;34mcsp_sfp_recv_fp: 20:58, fragment 2304/2304
[0;0m[0;34mRDP 0x561bc1274720: Sending  in S 3: syn 0, ack 1, eack 0, rst 0, seq_nr 23670, ack_nr 11886, packet_len 6 (1)
[0;0mRECV_BUNDLE bundle_seq=61 n=64 bytes=2304
[0;34mRDP 0x561bc1274720: Received in S 3: syn 0, ack 1, eack 0, rst 0, seq_nr 11887, ack_nr 23670, packet_len 256 (251)
[0;0m[0;34mRDP 0x561bc1274720: TX Element Free, time 24018510, seq 23670, una 23671
[0;0m[0;34mRDP 0x561bc1274720: Wake Tx task (check timeouts)
[0;0m[0;34mRDP 0x561bc1274720: Received in S 3: syn 0, ack 1, eack 0, rst 0, seq_nr 11888, ack_nr 23670, packet_len 256 (251)
[0;0m[0;34mRDP 0x561bc1274720: Send CMP S 3: syn 0, ack 1, eack 0, rst 0, seq_nr 23671, ack_nr 11888, packet_len 5 (0)
[0;0m[0;34mRDP 0x561bc1274720: Wake Tx task (check timeouts)
[0;0m[0;34mRDP 0x561bc1274720: Received in S 3: syn 0, ack 1, eack 0, rst 0, seq_nr 11889, ack_nr 23670, packet_len 256 (251)
[0;0m[0;34mRDP 0x561bc1274720: Wake Tx task (check timeouts)
[0;0m[0;34mRDP 0x561bc1274720: Received in S 3: syn 0, ack 1, eack 0, rst 0, seq_nr 11890, ack_nr 23670, packet_len 256 (251)
[0;0m[0;34mRDP 0x561bc1274720: Wake Tx task (check timeouts)
[0;0m[0;34mRDP 0x561bc1274720: Received in S 3: syn 0, ack 1, eack 0, rst 0, seq_nr 11891, ack_nr 23670, packet_len 256 (251)
[0;0m[0;34mRDP 0x561bc1274720: Send CMP S 3: syn 0, ack 1, eack 0, rst 0, seq_nr 23671, ack_nr 11891, packet_len 5 (0)
[0;0m[0;34mRDP 0x561bc1274720: Wake Tx task (check timeouts)
[0;0m[0;34mRDP 0x561bc1274720: Received in S 3: syn 0, ack 1, eack 0, rst 0, seq_nr 11892, ack_nr 23670, packet_len 256 (251)
[0;0m[0;34mRDP 0x561bc1274720: Wake Tx task (check timeouts)
[0;0m[0;34mRDP 0x561bc1274720: Received in S 3: syn 0, ack 1, eack 0, rst 0, seq_nr 11893, ack_nr 23670, packet_len 256 (251)
[0;0m[0;34mRDP 0x561bc1274720: Wake Tx task (check timeouts)
[0;0m[0;34mRDP 0x561bc1274720: Received in S 3: syn 0, ack 1, eack 0, rst 0, seq_nr 11894, ack_nr 23670, packet_len 256 (251)
[0;0m[0;34mRDP 0x561bc1274720: Send CMP S 3: syn 0, ack 1, eack 0, rst 0, seq_nr 23671, ack_nr 11894, packet_len 5 (0)
[0;0m[0;34mRDP 0x561bc1274720: Wake Tx task (check timeouts)
[0;0m[0;34mRDP 0x561bc1274720: Received in S 3: syn 0, ack 1, eack 0, rst 0, seq_nr 11895, ack_nr 23670, packet_len 256 (251)
[0;0m[0;34mRDP 0x561bc1274720: Wake Tx task (check timeouts)
[0;0m[0;34mRDP 0x561bc1274720: Received in S 3: syn 0, ack 1, eack 0, rst 0, seq_nr 11896, ack_nr 23670, packet_len 130 (125)
[0;0m[0;34mRDP 0x561bc1274720: Wake Tx task (check timeouts)
[0;0m[0;34mcsp_sfp_recv_fp: 20:58, fragment 243/2304
[0;0m[0;34mcsp_sfp_recv_fp: 20:58, fragment 486/2304
[0;0m[0;34mcsp_sfp_recv_fp: 20:58, fragment 729/2304
[0;0m[0;34mcsp_sfp_recv_fp: 20:58, fragment 972/2304
[0;0m[0;34mcsp_sfp_recv_fp: 20:58, fragment 1215/2304
[0;0m[0;34mcsp_sfp_recv_fp: 20:58, fragment 1458/2304
[0;0m[0;34mcsp_sfp_recv_fp: 20:58, fragment 1701/2304
[0;0m[0;34mcsp_sfp_recv_fp: 20:58, fragment 1944/2304
[0;0m[0;34mcsp_sfp_recv_fp: 20:58, fragment 2187/2304
[0;0m[0;34mcsp_sfp_recv_fp: 20:58, fragment 2304/2304
[0;0m[0;34mRDP 0x561bc1274720: Sending  in S 3: syn 0, ack 1, eack 0, rst 0, seq_nr 23671, ack_nr 11896, packet_len 6 (1)
[0;0mRECV_BUNDLE bundle_seq=62 n=64 bytes=2304
[0;34mRDP 0x561bc1274720: Received in S 3: syn 0, ack 1, eack 0, rst 0, seq_nr 11897, ack_nr 23671, packet_len 256 (251)
[0;0m[0;34mRDP 0x561bc1274720: Send CMP S 3: syn 0, ack 1, eack 0, rst 0, seq_nr 23672, ack_nr 11897, packet_len 5 (0)
[0;0m[0;34mRDP 0x561bc1274720: TX Element Free, time 24018511, seq 23671, una 23672
[0;0m[0;34mRDP 0x561bc1274720: Wake Tx task (check timeouts)
[0;0m[0;34mRDP 0x561bc1274720: Received in S 3: syn 0, ack 1, eack 0, rst 0, seq_nr 11898, ack_nr 23671, packet_len 256 (251)
[0;0m[0;34mRDP 0x561bc1274720: Wake Tx task (check timeouts)
[0;0m[0;34mRDP 0x561bc1274720: Received in S 3: syn 0, ack 1, eack 0, rst 0, seq_nr 11899, ack_nr 23671, packet_len 256 (251)
[0;0m[0;34mRDP 0x561bc1274720: Wake Tx task (check timeouts)
[0;0m[0;34mRDP 0x561bc1274720: Received in S 3: syn 0, ack 1, eack 0, rst 0, seq_nr 11900, ack_nr 23671, packet_len 256 (251)
[0;0m[0;34mRDP 0x561bc1274720: Send CMP S 3: syn 0, ack 1, eack 0, rst 0, seq_nr 23672, ack_nr 11900, packet_len 5 (0)
[0;0m[0;34mRDP 0x561bc1274720: Wake Tx task (check timeouts)
[0;0m[0;34mRDP 0x561bc1274720: Received in S 3: syn 0, ack 1, eack 0, rst 0, seq_nr 11901, ack_nr 23671, packet_len 256 (251)
[0;0m[0;34mRDP 0x561bc1274720: Wake Tx task (check timeouts)
[0;0m[0;34mRDP 0x561bc1274720: Received in S 3: syn 0, ack 1, eack 0, rst 0, seq_nr 11902, ack_nr 23671, packet_len 256 (251)
[0;0m[0;34mRDP 0x561bc1274720: Wake Tx task (check timeouts)
[0;0m[0;34mRDP 0x561bc1274720: Received in S 3: syn 0, ack 1, eack 0, rst 0, seq_nr 11903, ack_nr 23671, packet_len 256 (251)
[0;0m[0;34mRDP 0x561bc1274720: Send CMP S 3: syn 0, ack 1, eack 0, rst 0, seq_nr 23672, ack_nr 11903, packet_len 5 (0)
[0;0m[0;34mRDP 0x561bc1274720: Wake Tx task (check timeouts)
[0;0m[0;34mRDP 0x561bc1274720: Received in S 3: syn 0, ack 1, eack 0, rst 0, seq_nr 11904, ack_nr 23671, packet_len 256 (251)
[0;0m[0;34mRDP 0x561bc1274720: Wake Tx task (check timeouts)
[0;0m[0;34mRDP 0x561bc1274720: Received in S 3: syn 0, ack 1, eack 0, rst 0, seq_nr 11905, ack_nr 23671, packet_len 256 (251)
[0;0m[0;34mRDP 0x561bc1274720: Wake Tx task (check timeouts)
[0;0m[0;34mRDP 0x561bc1274720: Received in S 3: syn 0, ack 1, eack 0, rst 0, seq_nr 11906, ack_nr 23671, packet_len 130 (125)
[0;0m[0;34mRDP 0x561bc1274720: Send CMP S 3: syn 0, ack 1, eack 0, rst 0, seq_nr 23672, ack_nr 11906, packet_len 5 (0)
[0;0m[0;34mRDP 0x561bc1274720: Wake Tx task (check timeouts)
[0;0m[0;34mcsp_sfp_recv_fp: 20:58, fragment 243/2304
[0;0m[0;34mcsp_sfp_recv_fp: 20:58, fragment 486/2304
[0;0m[0;34mcsp_sfp_recv_fp: 20:58, fragment 729/2304
[0;0m[0;34mcsp_sfp_recv_fp: 20:58, fragment 972/2304
[0;0m[0;34mcsp_sfp_recv_fp: 20:58, fragment 1215/2304
[0;0m[0;34mcsp_sfp_recv_fp: 20:58, fragment 1458/2304
[0;0m[0;34mcsp_sfp_recv_fp: 20:58, fragment 1701/2304
[0;0m[0;34mcsp_sfp_recv_fp: 20:58, fragment 1944/2304
[0;0m[0;34mcsp_sfp_recv_fp: 20:58, fragment 2187/2304
[0;0m[0;34mcsp_sfp_recv_fp: 20:58, fragment 2304/2304
[0;0m[0;34mRDP 0x561bc1274720: Sending  in S 3: syn 0, ack 1, eack 0, rst 0, seq_nr 23672, ack_nr 11906, packet_len 6 (1)
[0;0mRECV_BUNDLE bundle_seq=63 n=64 bytes=2304
[0;34mRDP 0x561bc1274720: Received in S 3: syn 0, ack 1, eack 0, rst 0, seq_nr 11907, ack_nr 23672, packet_len 5 (0)
[0;0m[0;34mRDP 0x561bc1274720: TX Element Free, time 24018513, seq 23672, una 23673
[0;0m[0;34mRDP 0x561bc1274720: Wake Tx task (check timeouts)
[0;0m[0;34mRDP 0x561bc1274720: Received in S 3: syn 0, ack 1, eack 0, rst 0, seq_nr 11907, ack_nr 23672, packet_len 5 (0)
[0;0m[0;34mRDP 0x561bc1274720: Wake Tx task (check timeouts)
[0;0m[0;34mRDP 0x561bc1274720: Received in S 3: syn 0, ack 1, eack 0, rst 0, seq_nr 11907, ack_nr 23672, packet_len 256 (251)
[0;0m[0;34mRDP 0x561bc1274720: Wake Tx task (check timeouts)
[0;0m[0;34mRDP 0x561bc1274720: Received in S 3: syn 0, ack 1, eack 0, rst 0, seq_nr 11908, ack_nr 23672, packet_len 256 (251)
[0;0m[0;34mRDP 0x561bc1274720: Wake Tx task (check timeouts)
[0;0m[0;34mRDP 0x561bc1274720: Received in S 3: syn 0, ack 1, eack 0, rst 0, seq_nr 11909, ack_nr 23672, packet_len 256 (251)
[0;0m[0;34mRDP 0x561bc1274720: Send CMP S 3: syn 0, ack 1, eack 0, rst 0, seq_nr 23673, ack_nr 11909, packet_len 5 (0)
[0;0m[0;34mRDP 0x561bc1274720: Wake Tx task (check timeouts)
[0;0m[0;34mRDP 0x561bc1274720: Received in S 3: syn 0, ack 1, eack 0, rst 0, seq_nr 11910, ack_nr 23672, packet_len 256 (251)
[0;0m[0;34mRDP 0x561bc1274720: Wake Tx task (check timeouts)
[0;0m[0;34mRDP 0x561bc1274720: Received in S 3: syn 0, ack 1, eack 0, rst 0, seq_nr 11911, ack_nr 23672, packet_len 256 (251)
[0;0m[0;34mRDP 0x561bc1274720: Wake Tx task (check timeouts)
[0;0m[0;34mRDP 0x561bc1274720: Received in S 3: syn 0, ack 1, eack 0, rst 0, seq_nr 11912, ack_nr 23672, packet_len 256 (251)
[0;0m[0;34mRDP 0x561bc1274720: Send CMP S 3: syn 0, ack 1, eack 0, rst 0, seq_nr 23673, ack_nr 11912, packet_len 5 (0)
[0;0m[0;34mRDP 0x561bc1274720: Wake Tx task (check timeouts)
[0;0m[0;34mRDP 0x561bc1274720: Received in S 3: syn 0, ack 1, eack 0, rst 0, seq_nr 11913, ack_nr 23672, packet_len 256 (251)
[0;0m[0;34mRDP 0x561bc1274720: Wake Tx task (check timeouts)
[0;0m[0;34mRDP 0x561bc1274720: Received in S 3: syn 0, ack 1, eack 0, rst 0, seq_nr 11914, ack_nr 23672, packet_len 256 (251)
[0;0m[0;34mRDP 0x561bc1274720: Wake Tx task (check timeouts)
[0;0m[0;34mRDP 0x561bc1274720: Received in S 3: syn 0, ack 1, eack 0, rst 0, seq_nr 11915, ack_nr 23672, packet_len 256 (251)
[0;0m[0;34mRDP 0x561bc1274720: Send CMP S 3: syn 0, ack 1, eack 0, rst 0, seq_nr 23673, ack_nr 11915, packet_len 5 (0)
[0;0m[0;34mRDP 0x561bc1274720: Wake Tx task (check timeouts)
[0;0m[0;34mRDP 0x561bc1274720: Received in S 3: syn 0, ack 1, eack 0, rst 0, seq_nr 11916, ack_nr 23672, packet_len 130 (125)
[0;0m[0;34mRDP 0x561bc1274720: Wake Tx task (check timeouts)
[0;0m[0;34mcsp_sfp_recv_fp: 20:58, fragment 243/2304
[0;0m[0;34mcsp_sfp_recv_fp: 20:58, fragment 486/2304
[0;0m[0;34mcsp_sfp_recv_fp: 20:58, fragment 729/2304
[0;0m[0;34mcsp_sfp_recv_fp: 20:58, fragment 972/2304
[0;0m[0;34mcsp_sfp_recv_fp: 20:58, fragment 1215/2304
[0;0m[0;34mcsp_sfp_recv_fp: 20:58, fragment 1458/2304
[0;0m[0;34mcsp_sfp_recv_fp: 20:58, fragment 1701/2304
[0;0m[0;34mcsp_sfp_recv_fp: 20:58, fragment 1944/2304
[0;0m[0;34mcsp_sfp_recv_fp: 20:58, fragment 2187/2304
[0;0m[0;34mcsp_sfp_recv_fp: 20:58, fragment 2304/2304
[0;0m[0;34mRDP 0x561bc1274720: Sending  in S 3: syn 0, ack 1, eack 0, rst 0, seq_nr 23673, ack_nr 11916, packet_len 6 (1)
[0;0mRECV_BUNDLE bundle_seq=64 n=64 bytes=2304
[0;34mRDP 0x561bc1274720: Received in S 3: syn 0, ack 1, eack 0, rst 0, seq_nr 11917, ack_nr 23673, packet_len 256 (251)
[0;0m[0;34mRDP 0x561bc1274720: TX Element Free, time 24018514, seq 23673, una 23674
[0;0m[0;34mRDP 0x561bc1274720: Wake Tx task (check timeouts)
[0;0m[0;34mRDP 0x561bc1274720: Received in S 3: syn 0, ack 1, eack 0, rst 0, seq_nr 11918, ack_nr 23673, packet_len 256 (251)
[0;0m[0;34mRDP 0x561bc1274720: Send CMP S 3: syn 0, ack 1, eack 0, rst 0, seq_nr 23674, ack_nr 11918, packet_len 5 (0)
[0;0m[0;34mRDP 0x561bc1274720: Wake Tx task (check timeouts)
[0;0m[0;34mRDP 0x561bc1274720: Received in S 3: syn 0, ack 1, eack 0, rst 0, seq_nr 11919, ack_nr 23673, packet_len 256 (251)
[0;0m[0;34mRDP 0x561bc1274720: Wake Tx task (check timeouts)
[0;0m[0;34mRDP 0x561bc1274720: Received in S 3: syn 0, ack 1, eack 0, rst 0, seq_nr 11920, ack_nr 23673, packet_len 256 (251)
[0;0m[0;34mRDP 0x561bc1274720: Wake Tx task (check timeouts)
[0;0m[0;34mRDP 0x561bc1274720: Received in S 3: syn 0, ack 1, eack 0, rst 0, seq_nr 11921, ack_nr 23673, packet_len 256 (251)
[0;0m[0;34mRDP 0x561bc1274720: Send CMP S 3: syn 0, ack 1, eack 0, rst 0, seq_nr 23674, ack_nr 11921, packet_len 5 (0)
[0;0m[0;34mRDP 0x561bc1274720: Wake Tx task (check timeouts)
[0;0m[0;34mRDP 0x561bc1274720: Received in S 3: syn 0, ack 1, eack 0, rst 0, seq_nr 11922, ack_nr 23673, packet_len 256 (251)
[0;0m[0;34mRDP 0x561bc1274720: Wake Tx task (check timeouts)
[0;0m[0;34mRDP 0x561bc1274720: Received in S 3: syn 0, ack 1, eack 0, rst 0, seq_nr 11923, ack_nr 23673, packet_len 256 (251)
[0;0m[0;34mRDP 0x561bc1274720: Wake Tx task (check timeouts)
[0;0m[0;34mRDP 0x561bc1274720: Received in S 3: syn 0, ack 1, eack 0, rst 0, seq_nr 11924, ack_nr 23673, packet_len 256 (251)
[0;0m[0;34mRDP 0x561bc1274720: Send CMP S 3: syn 0, ack 1, eack 0, rst 0, seq_nr 23674, ack_nr 11924, packet_len 5 (0)
[0;0m[0;34mRDP 0x561bc1274720: Wake Tx task (check timeouts)
[0;0m[0;34mRDP 0x561bc1274720: Received in S 3: syn 0, ack 1, eack 0, rst 0, seq_nr 11925, ack_nr 23673, packet_len 256 (251)
[0;0m[0;34mRDP 0x561bc1274720: Wake Tx task (check timeouts)
[0;0m[0;34mRDP 0x561bc1274720: Received in S 3: syn 0, ack 1, eack 0, rst 0, seq_nr 11926, ack_nr 23673, packet_len 130 (125)
[0;0m[0;34mRDP 0x561bc1274720: Wake Tx task (check timeouts)
[0;0m[0;34mcsp_sfp_recv_fp: 20:58, fragment 243/2304
[0;0m[0;34mcsp_sfp_recv_fp: 20:58, fragment 486/2304
[0;0m[0;34mcsp_sfp_recv_fp: 20:58, fragment 729/2304
[0;0m[0;34mcsp_sfp_recv_fp: 20:58, fragment 972/2304
[0;0m[0;34mcsp_sfp_recv_fp: 20:58, fragment 1215/2304
[0;0m[0;34mcsp_sfp_recv_fp: 20:58, fragment 1458/2304
[0;0m[0;34mcsp_sfp_recv_fp: 20:58, fragment 1701/2304
[0;0m[0;34mcsp_sfp_recv_fp: 20:58, fragment 1944/2304
[0;0m[0;34mcsp_sfp_recv_fp: 20:58, fragment 2187/2304
[0;0m[0;34mcsp_sfp_recv_fp: 20:58, fragment 2304/2304
[0;0m[0;34mRDP 0x561bc1274720: Sending  in S 3: syn 0, ack 1, eack 0, rst 0, seq_nr 23674, ack_nr 11926, packet_len 6 (1)
[0;0mRECV_BUNDLE bundle_seq=65 n=64 bytes=2304
[0;34mRDP 0x561bc1274720: Received in S 3: syn 0, ack 1, eack 0, rst 0, seq_nr 11927, ack_nr 23674, packet_len 256 (251)
[0;0m[0;34mRDP 0x561bc1274720: Send CMP S 3: syn 0, ack 1, eack 0, rst 0, seq_nr 23675, ack_nr 11927, packet_len 5 (0)
[0;0m[0;34mRDP 0x561bc1274720: TX Element Free, time 24018515, seq 23674, una 23675
[0;0m[0;34mRDP 0x561bc1274720: Wake Tx task (check timeouts)
[0;0m[0;34mRDP 0x561bc1274720: Received in S 3: syn 0, ack 1, eack 0, rst 0, seq_nr 11928, ack_nr 23674, packet_len 256 (251)
[0;0m[0;34mRDP 0x561bc1274720: Wake Tx task (check timeouts)
[0;0m[0;34mRDP 0x561bc1274720: Received in S 3: syn 0, ack 1, eack 0, rst 0, seq_nr 11929, ack_nr 23674, packet_len 256 (251)
[0;0m[0;34mRDP 0x561bc1274720: Wake Tx task (check timeouts)
[0;0m[0;34mRDP 0x561bc1274720: Received in S 3: syn 0, ack 1, eack 0, rst 0, seq_nr 11930, ack_nr 23674, packet_len 256 (251)
[0;0m[0;34mRDP 0x561bc1274720: Send CMP S 3: syn 0, ack 1, eack 0, rst 0, seq_nr 23675, ack_nr 11930, packet_len 5 (0)
[0;0m[0;34mRDP 0x561bc1274720: Wake Tx task (check timeouts)
[0;0m[0;34mRDP 0x561bc1274720: Received in S 3: syn 0, ack 1, eack 0, rst 0, seq_nr 11931, ack_nr 23674, packet_len 256 (251)
[0;0m[0;34mRDP 0x561bc1274720: Wake Tx task (check timeouts)
[0;0m[0;34mRDP 0x561bc1274720: Received in S 3: syn 0, ack 1, eack 0, rst 0, seq_nr 11932, ack_nr 23674, packet_len 256 (251)
[0;0m[0;34mRDP 0x561bc1274720: Wake Tx task (check timeouts)
[0;0m[0;34mRDP 0x561bc1274720: Received in S 3: syn 0, ack 1, eack 0, rst 0, seq_nr 11933, ack_nr 23674, packet_len 256 (251)
[0;0m[0;34mRDP 0x561bc1274720: Send CMP S 3: syn 0, ack 1, eack 0, rst 0, seq_nr 23675, ack_nr 11933, packet_len 5 (0)
[0;0m[0;34mRDP 0x561bc1274720: Wake Tx task (check timeouts)
[0;0m[0;34mRDP 0x561bc1274720: Received in S 3: syn 0, ack 1, eack 0, rst 0, seq_nr 11934, ack_nr 23674, packet_len 256 (251)
[0;0m[0;34mRDP 0x561bc1274720: Wake Tx task (check timeouts)
[0;0m[0;34mRDP 0x561bc1274720: Received in S 3: syn 0, ack 1, eack 0, rst 0, seq_nr 11935, ack_nr 23674, packet_len 256 (251)
[0;0m[0;34mRDP 0x561bc1274720: Wake Tx task (check timeouts)
[0;0m[0;34mRDP 0x561bc1274720: Received in S 3: syn 0, ack 1, eack 0, rst 0, seq_nr 11936, ack_nr 23674, packet_len 130 (125)
[0;0m[0;34mRDP 0x561bc1274720: Send CMP S 3: syn 0, ack 1, eack 0, rst 0, seq_nr 23675, ack_nr 11936, packet_len 5 (0)
[0;0m[0;34mRDP 0x561bc1274720: Wake Tx task (check timeouts)
[0;0m[0;34mcsp_sfp_recv_fp: 20:58, fragment 243/2304
[0;0m[0;34mcsp_sfp_recv_fp: 20:58, fragment 486/2304
[0;0m[0;34mcsp_sfp_recv_fp: 20:58, fragment 729/2304
[0;0m[0;34mcsp_sfp_recv_fp: 20:58, fragment 972/2304
[0;0m[0;34mcsp_sfp_recv_fp: 20:58, fragment 1215/2304
[0;0m[0;34mcsp_sfp_recv_fp: 20:58, fragment 1458/2304
[0;0m[0;34mcsp_sfp_recv_fp: 20:58, fragment 1701/2304
[0;0m[0;34mcsp_sfp_recv_fp: 20:58, fragment 1944/2304
[0;0m[0;34mcsp_sfp_recv_fp: 20:58, fragment 2187/2304
[0;0m[0;34mcsp_sfp_recv_fp: 20:58, fragment 2304/2304
[0;0m[0;34mRDP 0x561bc1274720: Sending  in S 3: syn 0, ack 1, eack 0, rst 0, seq_nr 23675, ack_nr 11936, packet_len 6 (1)
[0;0mRECV_BUNDLE bundle_seq=66 n=64 bytes=2304
[0;34mRDP 0x561bc1274720: Received in S 3: syn 0, ack 1, eack 0, rst 0, seq_nr 11937, ack_nr 23675, packet_len 5 (0)
[0;0m[0;34mRDP 0x561bc1274720: TX Element Free, time 24018516, seq 23675, una 23676
[0;0m[0;34mRDP 0x561bc1274720: Wake Tx task (check timeouts)
[0;0m[0;34mRDP 0x561bc1274720: Received in S 3: syn 0, ack 1, eack 0, rst 0, seq_nr 11937, ack_nr 23675, packet_len 5 (0)
[0;0m[0;34mRDP 0x561bc1274720: Wake Tx task (check timeouts)
[0;0m[0;34mRDP 0x561bc1274720: Received in S 3: syn 0, ack 1, eack 0, rst 0, seq_nr 11937, ack_nr 23675, packet_len 256 (251)
[0;0m[0;34mRDP 0x561bc1274720: Wake Tx task (check timeouts)
[0;0m[0;34mRDP 0x561bc1274720: Received in S 3: syn 0, ack 1, eack 0, rst 0, seq_nr 11938, ack_nr 23675, packet_len 256 (251)
[0;0m[0;34mRDP 0x561bc1274720: Wake Tx task (check timeouts)
[0;0m[0;34mRDP 0x561bc1274720: Received in S 3: syn 0, ack 1, eack 0, rst 0, seq_nr 11939, ack_nr 23675, packet_len 256 (251)
[0;0m[0;34mRDP 0x561bc1274720: Send CMP S 3: syn 0, ack 1, eack 0, rst 0, seq_nr 23676, ack_nr 11939, packet_len 5 (0)
[0;0m[0;34mRDP 0x561bc1274720: Wake Tx task (check timeouts)
[0;0m[0;34mRDP 0x561bc1274720: Received in S 3: syn 0, ack 1, eack 0, rst 0, seq_nr 11940, ack_nr 23675, packet_len 256 (251)
[0;0m[0;34mRDP 0x561bc1274720: Wake Tx task (check timeouts)
[0;0m[0;34mRDP 0x561bc1274720: Received in S 3: syn 0, ack 1, eack 0, rst 0, seq_nr 11941, ack_nr 23675, packet_len 256 (251)
[0;0m[0;34mRDP 0x561bc1274720: Wake Tx task (check timeouts)
[0;0m[0;34mRDP 0x561bc1274720: Received in S 3: syn 0, ack 1, eack 0, rst 0, seq_nr 11942, ack_nr 23675, packet_len 256 (251)
[0;0m[0;34mRDP 0x561bc1274720: Send CMP S 3: syn 0, ack 1, eack 0, rst 0, seq_nr 23676, ack_nr 11942, packet_len 5 (0)
[0;0m[0;34mRDP 0x561bc1274720: Wake Tx task (check timeouts)
[0;0m[0;34mRDP 0x561bc1274720: Received in S 3: syn 0, ack 1, eack 0, rst 0, seq_nr 11943, ack_nr 23675, packet_len 256 (251)
[0;0m[0;34mRDP 0x561bc1274720: Wake Tx task (check timeouts)
[0;0m[0;34mRDP 0x561bc1274720: Received in S 3: syn 0, ack 1, eack 0, rst 0, seq_nr 11944, ack_nr 23675, packet_len 256 (251)
[0;0m[0;34mRDP 0x561bc1274720: Wake Tx task (check timeouts)
[0;0m[0;34mRDP 0x561bc1274720: Received in S 3: syn 0, ack 1, eack 0, rst 0, seq_nr 11945, ack_nr 23675, packet_len 256 (251)
[0;0m[0;34mRDP 0x561bc1274720: Send CMP S 3: syn 0, ack 1, eack 0, rst 0, seq_nr 23676, ack_nr 11945, packet_len 5 (0)
[0;0m[0;34mRDP 0x561bc1274720: Wake Tx task (check timeouts)
[0;0m[0;34mRDP 0x561bc1274720: Received in S 3: syn 0, ack 1, eack 0, rst 0, seq_nr 11946, ack_nr 23675, packet_len 130 (125)
[0;0m[0;34mRDP 0x561bc1274720: Wake Tx task (check timeouts)
[0;0m[0;34mcsp_sfp_recv_fp: 20:58, fragment 243/2304
[0;0m[0;34mcsp_sfp_recv_fp: 20:58, fragment 486/2304
[0;0m[0;34mcsp_sfp_recv_fp: 20:58, fragment 729/2304
[0;0m[0;34mcsp_sfp_recv_fp: 20:58, fragment 972/2304
[0;0m[0;34mcsp_sfp_recv_fp: 20:58, fragment 1215/2304
[0;0m[0;34mcsp_sfp_recv_fp: 20:58, fragment 1458/2304
[0;0m[0;34mcsp_sfp_recv_fp: 20:58, fragment 1701/2304
[0;0m[0;34mcsp_sfp_recv_fp: 20:58, fragment 1944/2304
[0;0m[0;34mcsp_sfp_recv_fp: 20:58, fragment 2187/2304
[0;0m[0;34mcsp_sfp_recv_fp: 20:58, fragment 2304/2304
[0;0m[0;34mRDP 0x561bc1274720: Sending  in S 3: syn 0, ack 1, eack 0, rst 0, seq_nr 23676, ack_nr 11946, packet_len 6 (1)
[0;0mRECV_BUNDLE bundle_seq=67 n=64 bytes=2304
[0;34mRDP 0x561bc1274720: Received in S 3: syn 0, ack 1, eack 0, rst 0, seq_nr 11947, ack_nr 23676, packet_len 256 (251)
[0;0m[0;34mRDP 0x561bc1274720: TX Element Free, time 24018517, seq 23676, una 23677
[0;0m[0;34mRDP 0x561bc1274720: Wake Tx task (check timeouts)
[0;0m[0;34mRDP 0x561bc1274720: Received in S 3: syn 0, ack 1, eack 0, rst 0, seq_nr 11948, ack_nr 23676, packet_len 256 (251)
[0;0m[0;34mRDP 0x561bc1274720: Send CMP S 3: syn 0, ack 1, eack 0, rst 0, seq_nr 23677, ack_nr 11948, packet_len 5 (0)
[0;0m[0;34mRDP 0x561bc1274720: Wake Tx task (check timeouts)
[0;0m[0;34mRDP 0x561bc1274720: Received in S 3: syn 0, ack 1, eack 0, rst 0, seq_nr 11949, ack_nr 23676, packet_len 256 (251)
[0;0m[0;34mRDP 0x561bc1274720: Wake Tx task (check timeouts)
[0;0m[0;34mRDP 0x561bc1274720: Received in S 3: syn 0, ack 1, eack 0, rst 0, seq_nr 11950, ack_nr 23676, packet_len 256 (251)
[0;0m[0;34mRDP 0x561bc1274720: Wake Tx task (check timeouts)
[0;0m[0;34mRDP 0x561bc1274720: Received in S 3: syn 0, ack 1, eack 0, rst 0, seq_nr 11951, ack_nr 23676, packet_len 256 (251)
[0;0m[0;34mRDP 0x561bc1274720: Send CMP S 3: syn 0, ack 1, eack 0, rst 0, seq_nr 23677, ack_nr 11951, packet_len 5 (0)
[0;0m[0;34mRDP 0x561bc1274720: Wake Tx task (check timeouts)
[0;0m[0;34mRDP 0x561bc1274720: Received in S 3: syn 0, ack 1, eack 0, rst 0, seq_nr 11952, ack_nr 23676, packet_len 256 (251)
[0;0m[0;34mRDP 0x561bc1274720: Wake Tx task (check timeouts)
[0;0m[0;34mRDP 0x561bc1274720: Received in S 3: syn 0, ack 1, eack 0, rst 0, seq_nr 11953, ack_nr 23676, packet_len 256 (251)
[0;0m[0;34mRDP 0x561bc1274720: Wake Tx task (check timeouts)
[0;0m[0;34mRDP 0x561bc1274720: Received in S 3: syn 0, ack 1, eack 0, rst 0, seq_nr 11954, ack_nr 23676, packet_len 256 (251)
[0;0m[0;34mRDP 0x561bc1274720: Send CMP S 3: syn 0, ack 1, eack 0, rst 0, seq_nr 23677, ack_nr 11954, packet_len 5 (0)
[0;0m[0;34mRDP 0x561bc1274720: Wake Tx task (check timeouts)
[0;0m[0;34mRDP 0x561bc1274720: Received in S 3: syn 0, ack 1, eack 0, rst 0, seq_nr 11955, ack_nr 23676, packet_len 256 (251)
[0;0m[0;34mRDP 0x561bc1274720: Wake Tx task (check timeouts)
[0;0m[0;34mRDP 0x561bc1274720: Received in S 3: syn 0, ack 1, eack 0, rst 0, seq_nr 11956, ack_nr 23676, packet_len 130 (125)
[0;0m[0;34mRDP 0x561bc1274720: Wake Tx task (check timeouts)
[0;0m[0;34mcsp_sfp_recv_fp: 20:58, fragment 243/2304
[0;0m[0;34mcsp_sfp_recv_fp: 20:58, fragment 486/2304
[0;0m[0;34mcsp_sfp_recv_fp: 20:58, fragment 729/2304
[0;0m[0;34mcsp_sfp_recv_fp: 20:58, fragment 972/2304
[0;0m[0;34mcsp_sfp_recv_fp: 20:58, fragment 1215/2304
[0;0m[0;34mcsp_sfp_recv_fp: 20:58, fragment 1458/2304
[0;0m[0;34mcsp_sfp_recv_fp: 20:58, fragment 1701/2304
[0;0m[0;34mcsp_sfp_recv_fp: 20:58, fragment 1944/2304
[0;0m[0;34mcsp_sfp_recv_fp: 20:58, fragment 2187/2304
[0;0m[0;34mcsp_sfp_recv_fp: 20:58, fragment 2304/2304
[0;0m[0;34mRDP 0x561bc1274720: Sending  in S 3: syn 0, ack 1, eack 0, rst 0, seq_nr 23677, ack_nr 11956, packet_len 6 (1)
[0;0mRECV_BUNDLE bundle_seq=68 n=64 bytes=2304
[0;34mRDP 0x561bc1274720: Received in S 3: syn 0, ack 1, eack 0, rst 0, seq_nr 11957, ack_nr 23677, packet_len 256 (251)
[0;0m[0;34mRDP 0x561bc1274720: Send CMP S 3: syn 0, ack 1, eack 0, rst 0, seq_nr 23678, ack_nr 11957, packet_len 5 (0)
[0;0m[0;34mRDP 0x561bc1274720: TX Element Free, time 24018518, seq 23677, una 23678
[0;0m[0;34mRDP 0x561bc1274720: Wake Tx task (check timeouts)
[0;0m[0;34mRDP 0x561bc1274720: Received in S 3: syn 0, ack 1, eack 0, rst 0, seq_nr 11958, ack_nr 23677, packet_len 256 (251)
[0;0m[0;34mRDP 0x561bc1274720: Wake Tx task (check timeouts)
[0;0m[0;34mRDP 0x561bc1274720: Received in S 3: syn 0, ack 1, eack 0, rst 0, seq_nr 11959, ack_nr 23677, packet_len 256 (251)
[0;0m[0;34mRDP 0x561bc1274720: Wake Tx task (check timeouts)
[0;0m[0;34mRDP 0x561bc1274720: Received in S 3: syn 0, ack 1, eack 0, rst 0, seq_nr 11960, ack_nr 23677, packet_len 256 (251)
[0;0m[0;34mRDP 0x561bc1274720: Send CMP S 3: syn 0, ack 1, eack 0, rst 0, seq_nr 23678, ack_nr 11960, packet_len 5 (0)
[0;0m[0;34mRDP 0x561bc1274720: Wake Tx task (check timeouts)
[0;0m[0;34mRDP 0x561bc1274720: Received in S 3: syn 0, ack 1, eack 0, rst 0, seq_nr 11961, ack_nr 23677, packet_len 256 (251)
[0;0m[0;34mRDP 0x561bc1274720: Wake Tx task (check timeouts)
[0;0m[0;34mRDP 0x561bc1274720: Received in S 3: syn 0, ack 1, eack 0, rst 0, seq_nr 11962, ack_nr 23677, packet_len 256 (251)
[0;0m[0;34mRDP 0x561bc1274720: Wake Tx task (check timeouts)
[0;0m[0;34mRDP 0x561bc1274720: Received in S 3: syn 0, ack 1, eack 0, rst 0, seq_nr 11963, ack_nr 23677, packet_len 256 (251)
[0;0m[0;34mRDP 0x561bc1274720: Send CMP S 3: syn 0, ack 1, eack 0, rst 0, seq_nr 23678, ack_nr 11963, packet_len 5 (0)
[0;0m[0;34mRDP 0x561bc1274720: Wake Tx task (check timeouts)
[0;0m[0;34mRDP 0x561bc1274720: Received in S 3: syn 0, ack 1, eack 0, rst 0, seq_nr 11964, ack_nr 23677, packet_len 256 (251)
[0;0m[0;34mRDP 0x561bc1274720: Wake Tx task (check timeouts)
[0;0m[0;34mRDP 0x561bc1274720: Received in S 3: syn 0, ack 1, eack 0, rst 0, seq_nr 11965, ack_nr 23677, packet_len 256 (251)
[0;0m[0;34mRDP 0x561bc1274720: Wake Tx task (check timeouts)
[0;0m[0;34mRDP 0x561bc1274720: Received in S 3: syn 0, ack 1, eack 0, rst 0, seq_nr 11966, ack_nr 23677, packet_len 130 (125)
[0;0m[0;34mRDP 0x561bc1274720: Send CMP S 3: syn 0, ack 1, eack 0, rst 0, seq_nr 23678, ack_nr 11966, packet_len 5 (0)
[0;0m[0;34mRDP 0x561bc1274720: Wake Tx task (check timeouts)
[0;0m[0;34mcsp_sfp_recv_fp: 20:58, fragment 243/2304
[0;0m[0;34mcsp_sfp_recv_fp: 20:58, fragment 486/2304
[0;0m[0;34mcsp_sfp_recv_fp: 20:58, fragment 729/2304
[0;0m[0;34mcsp_sfp_recv_fp: 20:58, fragment 972/2304
[0;0m[0;34mcsp_sfp_recv_fp: 20:58, fragment 1215/2304
[0;0m[0;34mcsp_sfp_recv_fp: 20:58, fragment 1458/2304
[0;0m[0;34mcsp_sfp_recv_fp: 20:58, fragment 1701/2304
[0;0m[0;34mcsp_sfp_recv_fp: 20:58, fragment 1944/2304
[0;0m[0;34mcsp_sfp_recv_fp: 20:58, fragment 2187/2304
[0;0m[0;34mcsp_sfp_recv_fp: 20:58, fragment 2304/2304
[0;0m[0;34mRDP 0x561bc1274720: Sending  in S 3: syn 0, ack 1, eack 0, rst 0, seq_nr 23678, ack_nr 11966, packet_len 6 (1)
[0;0mRECV_BUNDLE bundle_seq=69 n=64 bytes=2304
[0;34mRDP 0x561bc1274720: Received in S 3: syn 0, ack 1, eack 0, rst 0, seq_nr 11967, ack_nr 23678, packet_len 5 (0)
[0;0m[0;34mRDP 0x561bc1274720: TX Element Free, time 24018520, seq 23678, una 23679
[0;0m[0;34mRDP 0x561bc1274720: Wake Tx task (check timeouts)
[0;0m[0;34mRDP 0x561bc1274720: Received in S 3: syn 0, ack 1, eack 0, rst 0, seq_nr 11967, ack_nr 23678, packet_len 5 (0)
[0;0m[0;34mRDP 0x561bc1274720: Wake Tx task (check timeouts)
[0;0m[0;34mRDP 0x561bc1274720: Received in S 3: syn 0, ack 1, eack 0, rst 0, seq_nr 11967, ack_nr 23678, packet_len 256 (251)
[0;0m[0;34mRDP 0x561bc1274720: Wake Tx task (check timeouts)
[0;0m[0;34mRDP 0x561bc1274720: Received in S 3: syn 0, ack 1, eack 0, rst 0, seq_nr 11968, ack_nr 23678, packet_len 256 (251)
[0;0m[0;34mRDP 0x561bc1274720: Wake Tx task (check timeouts)
[0;0m[0;34mRDP 0x561bc1274720: Received in S 3: syn 0, ack 1, eack 0, rst 0, seq_nr 11969, ack_nr 23678, packet_len 256 (251)
[0;0m[0;34mRDP 0x561bc1274720: Send CMP S 3: syn 0, ack 1, eack 0, rst 0, seq_nr 23679, ack_nr 11969, packet_len 5 (0)
[0;0m[0;34mRDP 0x561bc1274720: Wake Tx task (check timeouts)
[0;0m[0;34mRDP 0x561bc1274720: Received in S 3: syn 0, ack 1, eack 0, rst 0, seq_nr 11970, ack_nr 23678, packet_len 256 (251)
[0;0m[0;34mRDP 0x561bc1274720: Wake Tx task (check timeouts)
[0;0m[0;34mRDP 0x561bc1274720: Received in S 3: syn 0, ack 1, eack 0, rst 0, seq_nr 11971, ack_nr 23678, packet_len 256 (251)
[0;0m[0;34mRDP 0x561bc1274720: Wake Tx task (check timeouts)
[0;0m[0;34mRDP 0x561bc1274720: Received in S 3: syn 0, ack 1, eack 0, rst 0, seq_nr 11972, ack_nr 23678, packet_len 256 (251)
[0;0m[0;34mRDP 0x561bc1274720: Send CMP S 3: syn 0, ack 1, eack 0, rst 0, seq_nr 23679, ack_nr 11972, packet_len 5 (0)
[0;0m[0;34mRDP 0x561bc1274720: Wake Tx task (check timeouts)
[0;0m[0;34mRDP 0x561bc1274720: Received in S 3: syn 0, ack 1, eack 0, rst 0, seq_nr 11973, ack_nr 23678, packet_len 256 (251)
[0;0m[0;34mRDP 0x561bc1274720: Wake Tx task (check timeouts)
[0;0m[0;34mRDP 0x561bc1274720: Received in S 3: syn 0, ack 1, eack 0, rst 0, seq_nr 11974, ack_nr 23678, packet_len 256 (251)
[0;0m[0;34mRDP 0x561bc1274720: Wake Tx task (check timeouts)
[0;0m[0;34mRDP 0x561bc1274720: Received in S 3: syn 0, ack 1, eack 0, rst 0, seq_nr 11975, ack_nr 23678, packet_len 256 (251)
[0;0m[0;34mRDP 0x561bc1274720: Send CMP S 3: syn 0, ack 1, eack 0, rst 0, seq_nr 23679, ack_nr 11975, packet_len 5 (0)
[0;0m[0;34mRDP 0x561bc1274720: Wake Tx task (check timeouts)
[0;0m[0;34mRDP 0x561bc1274720: Received in S 3: syn 0, ack 1, eack 0, rst 0, seq_nr 11976, ack_nr 23678, packet_len 130 (125)
[0;0m[0;34mRDP 0x561bc1274720: Wake Tx task (check timeouts)
[0;0m[0;34mcsp_sfp_recv_fp: 20:58, fragment 243/2304
[0;0m[0;34mcsp_sfp_recv_fp: 20:58, fragment 486/2304
[0;0m[0;34mcsp_sfp_recv_fp: 20:58, fragment 729/2304
[0;0m[0;34mcsp_sfp_recv_fp: 20:58, fragment 972/2304
[0;0m[0;34mcsp_sfp_recv_fp: 20:58, fragment 1215/2304
[0;0m[0;34mcsp_sfp_recv_fp: 20:58, fragment 1458/2304
[0;0m[0;34mcsp_sfp_recv_fp: 20:58, fragment 1701/2304
[0;0m[0;34mcsp_sfp_recv_fp: 20:58, fragment 1944/2304
[0;0m[0;34mcsp_sfp_recv_fp: 20:58, fragment 2187/2304
[0;0m[0;34mcsp_sfp_recv_fp: 20:58, fragment 2304/2304
[0;0m[0;34mRDP 0x561bc1274720: Sending  in S 3: syn 0, ack 1, eack 0, rst 0, seq_nr 23679, ack_nr 11976, packet_len 6 (1)
[0;0mRECV_BUNDLE bundle_seq=70 n=64 bytes=2304
[0;34mRDP 0x561bc1274720: Received in S 3: syn 0, ack 1, eack 0, rst 0, seq_nr 11977, ack_nr 23679, packet_len 256 (251)
[0;0m[0;34mRDP 0x561bc1274720: TX Element Free, time 24018521, seq 23679, una 23680
[0;0m[0;34mRDP 0x561bc1274720: Wake Tx task (check timeouts)
[0;0m[0;34mRDP 0x561bc1274720: Received in S 3: syn 0, ack 1, eack 0, rst 0, seq_nr 11978, ack_nr 23679, packet_len 256 (251)
[0;0m[0;34mRDP 0x561bc1274720: Send CMP S 3: syn 0, ack 1, eack 0, rst 0, seq_nr 23680, ack_nr 11978, packet_len 5 (0)
[0;0m[0;34mRDP 0x561bc1274720: Wake Tx task (check timeouts)
[0;0m[0;34mRDP 0x561bc1274720: Received in S 3: syn 0, ack 1, eack 0, rst 0, seq_nr 11979, ack_nr 23679, packet_len 256 (251)
[0;0m[0;34mRDP 0x561bc1274720: Wake Tx task (check timeouts)
[0;0m[0;34mRDP 0x561bc1274720: Received in S 3: syn 0, ack 1, eack 0, rst 0, seq_nr 11980, ack_nr 23679, packet_len 256 (251)
[0;0m[0;34mRDP 0x561bc1274720: Wake Tx task (check timeouts)
[0;0m[0;34mRDP 0x561bc1274720: Received in S 3: syn 0, ack 1, eack 0, rst 0, seq_nr 11981, ack_nr 23679, packet_len 256 (251)
[0;0m[0;34mRDP 0x561bc1274720: Send CMP S 3: syn 0, ack 1, eack 0, rst 0, seq_nr 23680, ack_nr 11981, packet_len 5 (0)
[0;0m[0;34mRDP 0x561bc1274720: Wake Tx task (check timeouts)
[0;0m[0;34mRDP 0x561bc1274720: Received in S 3: syn 0, ack 1, eack 0, rst 0, seq_nr 11982, ack_nr 23679, packet_len 256 (251)
[0;0m[0;34mRDP 0x561bc1274720: Wake Tx task (check timeouts)
[0;0m[0;34mRDP 0x561bc1274720: Received in S 3: syn 0, ack 1, eack 0, rst 0, seq_nr 11983, ack_nr 23679, packet_len 256 (251)
[0;0m[0;34mRDP 0x561bc1274720: Wake Tx task (check timeouts)
[0;0m[0;34mRDP 0x561bc1274720: Received in S 3: syn 0, ack 1, eack 0, rst 0, seq_nr 11984, ack_nr 23679, packet_len 256 (251)
[0;0m[0;34mRDP 0x561bc1274720: Send CMP S 3: syn 0, ack 1, eack 0, rst 0, seq_nr 23680, ack_nr 11984, packet_len 5 (0)
[0;0m[0;34mRDP 0x561bc1274720: Wake Tx task (check timeouts)
[0;0m[0;34mRDP 0x561bc1274720: Received in S 3: syn 0, ack 1, eack 0, rst 0, seq_nr 11985, ack_nr 23679, packet_len 256 (251)
[0;0m[0;34mRDP 0x561bc1274720: Wake Tx task (check timeouts)
[0;0m[0;34mRDP 0x561bc1274720: Received in S 3: syn 0, ack 1, eack 0, rst 0, seq_nr 11986, ack_nr 23679, packet_len 130 (125)
[0;0m[0;34mRDP 0x561bc1274720: Wake Tx task (check timeouts)
[0;0m[0;34mcsp_sfp_recv_fp: 20:58, fragment 243/2304
[0;0m[0;34mcsp_sfp_recv_fp: 20:58, fragment 486/2304
[0;0m[0;34mcsp_sfp_recv_fp: 20:58, fragment 729/2304
[0;0m[0;34mcsp_sfp_recv_fp: 20:58, fragment 972/2304
[0;0m[0;34mcsp_sfp_recv_fp: 20:58, fragment 1215/2304
[0;0m[0;34mcsp_sfp_recv_fp: 20:58, fragment 1458/2304
[0;0m[0;34mcsp_sfp_recv_fp: 20:58, fragment 1701/2304
[0;0m[0;34mcsp_sfp_recv_fp: 20:58, fragment 1944/2304
[0;0m[0;34mcsp_sfp_recv_fp: 20:58, fragment 2187/2304
[0;0m[0;34mcsp_sfp_recv_fp: 20:58, fragment 2304/2304
[0;0m[0;34mRDP 0x561bc1274720: Sending  in S 3: syn 0, ack 1, eack 0, rst 0, seq_nr 23680, ack_nr 11986, packet_len 6 (1)
[0;0mRECV_BUNDLE bundle_seq=71 n=64 bytes=2304
[0;34mRDP 0x561bc1274720: Received in S 3: syn 0, ack 1, eack 0, rst 0, seq_nr 11987, ack_nr 23680, packet_len 256 (251)
[0;0m[0;34mRDP 0x561bc1274720: Send CMP S 3: syn 0, ack 1, eack 0, rst 0, seq_nr 23681, ack_nr 11987, packet_len 5 (0)
[0;0m[0;34mRDP 0x561bc1274720: TX Element Free, time 24018522, seq 23680, una 23681
[0;0m[0;34mRDP 0x561bc1274720: Wake Tx task (check timeouts)
[0;0m[0;34mRDP 0x561bc1274720: Received in S 3: syn 0, ack 1, eack 0, rst 0, seq_nr 11988, ack_nr 23680, packet_len 256 (251)
[0;0m[0;34mRDP 0x561bc1274720: Wake Tx task (check timeouts)
[0;0m[0;34mRDP 0x561bc1274720: Received in S 3: syn 0, ack 1, eack 0, rst 0, seq_nr 11989, ack_nr 23680, packet_len 256 (251)
[0;0m[0;34mRDP 0x561bc1274720: Wake Tx task (check timeouts)
[0;0m[0;34mRDP 0x561bc1274720: Received in S 3: syn 0, ack 1, eack 0, rst 0, seq_nr 11990, ack_nr 23680, packet_len 256 (251)
[0;0m[0;34mRDP 0x561bc1274720: Send CMP S 3: syn 0, ack 1, eack 0, rst 0, seq_nr 23681, ack_nr 11990, packet_len 5 (0)
[0;0m[0;34mRDP 0x561bc1274720: Wake Tx task (check timeouts)
[0;0m[0;34mRDP 0x561bc1274720: Received in S 3: syn 0, ack 1, eack 0, rst 0, seq_nr 11991, ack_nr 23680, packet_len 256 (251)
[0;0m[0;34mRDP 0x561bc1274720: Wake Tx task (check timeouts)
[0;0m[0;34mRDP 0x561bc1274720: Received in S 3: syn 0, ack 1, eack 0, rst 0, seq_nr 11992, ack_nr 23680, packet_len 256 (251)
[0;0m[0;34mRDP 0x561bc1274720: Wake Tx task (check timeouts)
[0;0m[0;34mRDP 0x561bc1274720: Received in S 3: syn 0, ack 1, eack 0, rst 0, seq_nr 11993, ack_nr 23680, packet_len 256 (251)
[0;0m[0;34mRDP 0x561bc1274720: Send CMP S 3: syn 0, ack 1, eack 0, rst 0, seq_nr 23681, ack_nr 11993, packet_len 5 (0)
[0;0m[0;34mRDP 0x561bc1274720: Wake Tx task (check timeouts)
[0;0m[0;34mRDP 0x561bc1274720: Received in S 3: syn 0, ack 1, eack 0, rst 0, seq_nr 11994, ack_nr 23680, packet_len 256 (251)
[0;0m[0;34mRDP 0x561bc1274720: Wake Tx task (check timeouts)
[0;0m[0;34mRDP 0x561bc1274720: Received in S 3: syn 0, ack 1, eack 0, rst 0, seq_nr 11995, ack_nr 23680, packet_len 256 (251)
[0;0m[0;34mRDP 0x561bc1274720: Wake Tx task (check timeouts)
[0;0m[0;34mRDP 0x561bc1274720: Received in S 3: syn 0, ack 1, eack 0, rst 0, seq_nr 11996, ack_nr 23680, packet_len 130 (125)
[0;0m[0;34mRDP 0x561bc1274720: Send CMP S 3: syn 0, ack 1, eack 0, rst 0, seq_nr 23681, ack_nr 11996, packet_len 5 (0)
[0;0m[0;34mRDP 0x561bc1274720: Wake Tx task (check timeouts)
[0;0m[0;34mcsp_sfp_recv_fp: 20:58, fragment 243/2304
[0;0m[0;34mcsp_sfp_recv_fp: 20:58, fragment 486/2304
[0;0m[0;34mcsp_sfp_recv_fp: 20:58, fragment 729/2304
[0;0m[0;34mcsp_sfp_recv_fp: 20:58, fragment 972/2304
[0;0m[0;34mcsp_sfp_recv_fp: 20:58, fragment 1215/2304
[0;0m[0;34mcsp_sfp_recv_fp: 20:58, fragment 1458/2304
[0;0m[0;34mcsp_sfp_recv_fp: 20:58, fragment 1701/2304
[0;0m[0;34mcsp_sfp_recv_fp: 20:58, fragment 1944/2304
[0;0m[0;34mcsp_sfp_recv_fp: 20:58, fragment 2187/2304
[0;0m[0;34mcsp_sfp_recv_fp: 20:58, fragment 2304/2304
[0;0m[0;34mRDP 0x561bc1274720: Sending  in S 3: syn 0, ack 1, eack 0, rst 0, seq_nr 23681, ack_nr 11996, packet_len 6 (1)
[0;0mRECV_BUNDLE bundle_seq=72 n=64 bytes=2304
[0;34mRDP 0x561bc1274720: Received in S 3: syn 0, ack 1, eack 0, rst 0, seq_nr 11997, ack_nr 23681, packet_len 5 (0)
[0;0m[0;34mRDP 0x561bc1274720: TX Element Free, time 24018523, seq 23681, una 23682
[0;0m[0;34mRDP 0x561bc1274720: Wake Tx task (check timeouts)
[0;0m[0;34mRDP 0x561bc1274720: Received in S 3: syn 0, ack 1, eack 0, rst 0, seq_nr 11997, ack_nr 23681, packet_len 5 (0)
[0;0m[0;34mRDP 0x561bc1274720: Wake Tx task (check timeouts)
[0;0m[0;34mRDP 0x561bc1274720: Received in S 3: syn 0, ack 1, eack 0, rst 0, seq_nr 11997, ack_nr 23681, packet_len 256 (251)
[0;0m[0;34mRDP 0x561bc1274720: Wake Tx task (check timeouts)
[0;0m[0;34mRDP 0x561bc1274720: Received in S 3: syn 0, ack 1, eack 0, rst 0, seq_nr 11998, ack_nr 23681, packet_len 256 (251)
[0;0m[0;34mRDP 0x561bc1274720: Wake Tx task (check timeouts)
[0;0m[0;34mRDP 0x561bc1274720: Received in S 3: syn 0, ack 1, eack 0, rst 0, seq_nr 11999, ack_nr 23681, packet_len 256 (251)
[0;0m[0;34mRDP 0x561bc1274720: Send CMP S 3: syn 0, ack 1, eack 0, rst 0, seq_nr 23682, ack_nr 11999, packet_len 5 (0)
[0;0m[0;34mRDP 0x561bc1274720: Wake Tx task (check timeouts)
[0;0m[0;34mRDP 0x561bc1274720: Received in S 3: syn 0, ack 1, eack 0, rst 0, seq_nr 12000, ack_nr 23681, packet_len 256 (251)
[0;0m[0;34mRDP 0x561bc1274720: Wake Tx task (check timeouts)
[0;0m[0;34mRDP 0x561bc1274720: Received in S 3: syn 0, ack 1, eack 0, rst 0, seq_nr 12001, ack_nr 23681, packet_len 256 (251)
[0;0m[0;34mRDP 0x561bc1274720: Wake Tx task (check timeouts)
[0;0m[0;34mRDP 0x561bc1274720: Received in S 3: syn 0, ack 1, eack 0, rst 0, seq_nr 12002, ack_nr 23681, packet_len 256 (251)
[0;0m[0;34mRDP 0x561bc1274720: Send CMP S 3: syn 0, ack 1, eack 0, rst 0, seq_nr 23682, ack_nr 12002, packet_len 5 (0)
[0;0m[0;34mRDP 0x561bc1274720: Wake Tx task (check timeouts)
[0;0m[0;34mRDP 0x561bc1274720: Received in S 3: syn 0, ack 1, eack 0, rst 0, seq_nr 12003, ack_nr 23681, packet_len 256 (251)
[0;0m[0;34mRDP 0x561bc1274720: Wake Tx task (check timeouts)
[0;0m[0;34mRDP 0x561bc1274720: Received in S 3: syn 0, ack 1, eack 0, rst 0, seq_nr 12004, ack_nr 23681, packet_len 256 (251)
[0;0m[0;34mRDP 0x561bc1274720: Wake Tx task (check timeouts)
[0;0m[0;34mRDP 0x561bc1274720: Received in S 3: syn 0, ack 1, eack 0, rst 0, seq_nr 12005, ack_nr 23681, packet_len 256 (251)
[0;0m[0;34mRDP 0x561bc1274720: Send CMP S 3: syn 0, ack 1, eack 0, rst 0, seq_nr 23682, ack_nr 12005, packet_len 5 (0)
[0;0m[0;34mRDP 0x561bc1274720: Wake Tx task (check timeouts)
[0;0m[0;34mRDP 0x561bc1274720: Received in S 3: syn 0, ack 1, eack 0, rst 0, seq_nr 12006, ack_nr 23681, packet_len 130 (125)
[0;0m[0;34mRDP 0x561bc1274720: Wake Tx task (check timeouts)
[0;0m[0;34mcsp_sfp_recv_fp: 20:58, fragment 243/2304
[0;0m[0;34mcsp_sfp_recv_fp: 20:58, fragment 486/2304
[0;0m[0;34mcsp_sfp_recv_fp: 20:58, fragment 729/2304
[0;0m[0;34mcsp_sfp_recv_fp: 20:58, fragment 972/2304
[0;0m[0;34mcsp_sfp_recv_fp: 20:58, fragment 1215/2304
[0;0m[0;34mcsp_sfp_recv_fp: 20:58, fragment 1458/2304
[0;0m[0;34mcsp_sfp_recv_fp: 20:58, fragment 1701/2304
[0;0m[0;34mcsp_sfp_recv_fp: 20:58, fragment 1944/2304
[0;0m[0;34mcsp_sfp_recv_fp: 20:58, fragment 2187/2304
[0;0m[0;34mcsp_sfp_recv_fp: 20:58, fragment 2304/2304
[0;0m[0;34mRDP 0x561bc1274720: Sending  in S 3: syn 0, ack 1, eack 0, rst 0, seq_nr 23682, ack_nr 12006, packet_len 6 (1)
[0;0mRECV_BUNDLE bundle_seq=73 n=64 bytes=2304
[0;34mRDP 0x561bc1274720: Received in S 3: syn 0, ack 1, eack 0, rst 0, seq_nr 12007, ack_nr 23682, packet_len 256 (251)
[0;0m[0;34mRDP 0x561bc1274720: TX Element Free, time 24018524, seq 23682, una 23683
[0;0m[0;34mRDP 0x561bc1274720: Wake Tx task (check timeouts)
[0;0m[0;34mRDP 0x561bc1274720: Received in S 3: syn 0, ack 1, eack 0, rst 0, seq_nr 12008, ack_nr 23682, packet_len 256 (251)
[0;0m[0;34mRDP 0x561bc1274720: Send CMP S 3: syn 0, ack 1, eack 0, rst 0, seq_nr 23683, ack_nr 12008, packet_len 5 (0)
[0;0m[0;34mRDP 0x561bc1274720: Wake Tx task (check timeouts)
[0;0m[0;34mRDP 0x561bc1274720: Received in S 3: syn 0, ack 1, eack 0, rst 0, seq_nr 12009, ack_nr 23682, packet_len 256 (251)
[0;0m[0;34mRDP 0x561bc1274720: Wake Tx task (check timeouts)
[0;0m[0;34mRDP 0x561bc1274720: Received in S 3: syn 0, ack 1, eack 0, rst 0, seq_nr 12010, ack_nr 23682, packet_len 256 (251)
[0;0m[0;34mRDP 0x561bc1274720: Wake Tx task (check timeouts)
[0;0m[0;34mRDP 0x561bc1274720: Received in S 3: syn 0, ack 1, eack 0, rst 0, seq_nr 12011, ack_nr 23682, packet_len 256 (251)
[0;0m[0;34mRDP 0x561bc1274720: Send CMP S 3: syn 0, ack 1, eack 0, rst 0, seq_nr 23683, ack_nr 12011, packet_len 5 (0)
[0;0m[0;34mRDP 0x561bc1274720: Wake Tx task (check timeouts)
[0;0m[0;34mRDP 0x561bc1274720: Received in S 3: syn 0, ack 1, eack 0, rst 0, seq_nr 12012, ack_nr 23682, packet_len 256 (251)
[0;0m[0;34mRDP 0x561bc1274720: Wake Tx task (check timeouts)
[0;0m[0;34mcsp_sfp_recv_fp: 20:58, fragment 243/2304
[0;0m[0;34mcsp_sfp_recv_fp: 20:58, fragment 486/2304
[0;0m[0;34mcsp_sfp_recv_fp: 20:58, fragment 729/2304
[0;0m[0;34mcsp_sfp_recv_fp: 20:58, fragment 972/2304
[0;0m[0;34mcsp_sfp_recv_fp: 20:58, fragment 1215/2304
[0;0m[0;34mcsp_sfp_recv_fp: 20:58, fragment 1458/2304
[0;0m[0;34mRDP 0x561bc1274720: Received in S 3: syn 0, ack 1, eack 0, rst 0, seq_nr 12013, ack_nr 23682, packet_len 256 (251)
[0;0m[0;34mRDP 0x561bc1274720: Wake Tx task (check timeouts)
[0;0m[0;34mcsp_sfp_recv_fp: 20:58, fragment 1701/2304
[0;0m[0;34mRDP 0x561bc1274720: Received in S 3: syn 0, ack 1, eack 0, rst 0, seq_nr 12014, ack_nr 23682, packet_len 256 (251)
[0;0m[0;34mRDP 0x561bc1274720: Send CMP S 3: syn 0, ack 1, eack 0, rst 0, seq_nr 23683, ack_nr 12014, packet_len 5 (0)
[0;0m[0;34mRDP 0x561bc1274720: Send CMP S 3: syn 0, ack 1, eack 0, rst 0, seq_nr 23683, ack_nr 12014, packet_len 5 (0)
[0;0m[0;34mRDP 0x561bc1274720: Wake Tx task (check timeouts)
[0;0m[0;34m[0;34mRDP 0x561bc1274720: Received in S 3: syn 0, ack 1, eack 0, rst 0, seq_nr 12015, ack_nr 23682, packet_len 256 (251)
[0;0m[0;34mRDP 0x561bc1274720: Wake Tx task (check timeouts)
[0;0mcsp_sfp_recv_fp: 20:58, fragment 1944/2304
[0;0m[0;34mcsp_sfp_recv_fp: 20:58, fragment 2187/2304
[0;0m[0;34mRDP 0x561bc1274720: Received in S 3: syn 0, ack 1, eack 0, rst 0, seq_nr 12016, ack_nr 23682, packet_len 130 (125)
[0;0m[0;34mRDP 0x561bc1274720: Wake Tx task (check timeouts)
[0;0m[0;34mcsp_sfp_recv_fp: 20:58, fragment 2304/2304
[0;0m[1;33mcsp_sfp_recv_fp: 20:58, invalid message, offset 2187 (expected 0), length: 117, totalsize 2304
[0;0m[0;34mRDP 0x561bc1274720: Send CMP S 4: syn 0, ack 1, eack 0, rst 1, seq_nr 23683, ack_nr 12016, packet_len 5 (0)
[0;0m[0;34mRDP 0x561bc1274720: csp_rdp_close(0x1), sent RST -> CLOSE_WAIT
[0;0m[0;34mRDP 0x561bc1274720: csp_rdp_close(0x1), waiting for: protocol timeout
[0;0m[0;34mRDP 0x561bc1274720: Received in S 4: syn 0, ack 1, eack 0, rst 1, seq_nr 12017, ack_nr 23682, packet_len 5 (0)
[0;0m[0;34mRDP 0x561bc1274720: RST received in CLOSE_WAIT, ack: 1 - closing
[0;0m[0;34mRDP 0x561bc1274720: csp_rdp_close(0x2), waiting for: timeout
[0;0m[0;34mRDP 0x561bc12747a8: Received in S 0: syn 1, ack 0, eack 0, rst 0, seq_nr 11652, ack_nr     0, packet_len 29 (24)
[0;0m[0;34mRDP 0x561bc12747a8: SYN-Received
[0;0m[0;34mRDP 0x561bc12747a8: window size 4, conn timeout 1000, packet timeout 1000, delayed acks: 1, ack timeout 250, ack each 2 packet
[0;0m[0;34mRDP 0x561bc12747a8: Send CMP S 2: syn 1, ack 1, eack 0, rst 0, seq_nr 57068, ack_nr 11652, packet_len 5 (0)
[0;0m[0;34mRDP 0x561bc12747a8: Received in S 2: syn 0, ack 1, eack 0, rst 0, seq_nr 11653, ack_nr 57068, packet_len 5 (0)
[0;0m[0;34mRDP 0x561bc12747a8: NC: Connection OPEN
[0;0m[0;34mRDP 0x561bc12747a8: TX Element Free, time 24018527, seq 57068, una 57069
[0;0m[0;34mRDP 0x561bc12747a8: Wake Tx task (check timeouts)
[0;0m[0;34mRDP 0x561bc12747a8: Received in S 3: syn 0, ack 1, eack 0, rst 0, seq_nr 11653, ack_nr 57068, packet_len 256 (251)
[0;0m[0;34mRDP 0x561bc12747a8: Wake Tx task (check timeouts)
[0;0m[0;34mRDP 0x561bc12747a8: Received in S 3: syn 0, ack 1, eack 0, rst 0, seq_nr 11654, ack_nr 57068, packet_len 256 (251)
[0;0m[0;34mRDP 0x561bc12747a8: Wake Tx task (check timeouts)
[0;0m[0;34mRDP 0x561bc12747a8: Received in S 3: syn 0, ack 1, eack 0, rst 0, seq_nr 11655, ack_nr 57068, packet_len 256 (251)
[0;0m[0;34mRDP 0x561bc12747a8: Send CMP S 3: syn 0, ack 1, eack 0, rst 0, seq_nr 57069, ack_nr 11655, packet_len 5 (0)
[0;0m[0;34mRDP 0x561bc12747a8: Wake Tx task (check timeouts)
[0;0m[0;34mRDP 0x561bc12747a8: Received in S 3: syn 0, ack 1, eack 0, rst 0, seq_nr 11656, ack_nr 57068, packet_len 256 (251)
[0;0m[0;34mRDP 0x561bc12747a8: Wake Tx task (check timeouts)
[0;0m[0;34mRDP 0x561bc12747a8: Received in S 3: syn 0, ack 1, eack 0, rst 0, seq_nr 11657, ack_nr 57068, packet_len 256 (251)
[0;0m[0;34mRDP 0x561bc12747a8: Wake Tx task (check timeouts)
[0;0m[0;34mRDP 0x561bc12747a8: Received in S 3: syn 0, ack 1, eack 0, rst 0, seq_nr 11658, ack_nr 57068, packet_len 256 (251)
[0;0m[0;34mRDP 0x561bc12747a8: Send CMP S 3: syn 0, ack 1, eack 0, rst 0, seq_nr 57069, ack_nr 11658, packet_len 5 (0)
[0;0m[0;34mRDP 0x561bc12747a8: Wake Tx task (check timeouts)
[0;0m[0;34mRDP 0x561bc12747a8: Received in S 3: syn 0, ack 1, eack 0, rst 0, seq_nr 11659, ack_nr 57068, packet_len 256 (251)
[0;0m[0;34mRDP 0x561bc12747a8: Wake Tx task (check timeouts)
[0;0m[0;34mRDP 0x561bc12747a8: Received in S 3: syn 0, ack 1, eack 0, rst 0, seq_nr 11660, ack_nr 57068, packet_len 256 (251)
[0;0m[0;34mRDP 0x561bc12747a8: Wake Tx task (check timeouts)
[0;0m[0;34mRDP 0x561bc12747a8: Received in S 3: syn 0, ack 1, eack 0, rst 0, seq_nr 11661, ack_nr 57068, packet_len 256 (251)
[0;0m[0;34mRDP 0x561bc12747a8: Send CMP S 3: syn 0, ack 1, eack 0, rst 0, seq_nr 57069, ack_nr 11661, packet_len 5 (0)
[0;0m[0;34mRDP 0x561bc12747a8: Wake Tx task (check timeouts)
[0;0m[0;34mRDP 0x561bc12747a8: Received in S 3: syn 0, ack 1, eack 0, rst 0, seq_nr 11662, ack_nr 57068, packet_len 130 (125)
[0;0m[0;34mRDP 0x561bc12747a8: Wake Tx task (check timeouts)
[0;0m[0;34mcsp_sfp_recv_fp: 20:59, fragment 243/2304
[0;0m[0;34mcsp_sfp_recv_fp: 20:59, fragment 486/2304
[0;0m[0;34mcsp_sfp_recv_fp: 20:59, fragment 729/2304
[0;0m[0;34mcsp_sfp_recv_fp: 20:59, fragment 972/2304
[0;0m[0;34mcsp_sfp_recv_fp: 20:59, fragment 1215/2304
[0;0m[0;34mcsp_sfp_recv_fp: 20:59, fragment 1458/2304
[0;0m[0;34mcsp_sfp_recv_fp: 20:59, fragment 1701/2304
[0;0m[0;34mcsp_sfp_recv_fp: 20:59, fragment 1944/2304
[0;0m[0;34mcsp_sfp_recv_fp: 20:59, fragment 2187/2304
[0;0m[0;34mcsp_sfp_recv_fp: 20:59, fragment 2304/2304
[0;0m[0;34mRDP 0x561bc12747a8: Sending  in S 3: syn 0, ack 1, eack 0, rst 0, seq_nr 57069, ack_nr 11662, packet_len 6 (1)
[0;0mRECV_BUNDLE bundle_seq=74 n=64 bytes=2304
[0;34mRDP 0x561bc12747a8: Received in S 3: syn 0, ack 1, eack 0, rst 0, seq_nr 11663, ack_nr 57069, packet_len 256 (251)
[0;0m[0;34mRDP 0x561bc12747a8: TX Element Free, time 24018545, seq 57069, una 57070
[0;0m[0;34mRDP 0x561bc12747a8: Wake Tx task (check timeouts)
[0;0m[0;34mRDP 0x561bc12747a8: Received in S 3: syn 0, ack 1, eack 0, rst 0, seq_nr 11664, ack_nr 57069, packet_len 256 (251)
[0;0m[0;34mRDP 0x561bc12747a8: Send CMP S 3: syn 0, ack 1, eack 0, rst 0, seq_nr 57070, ack_nr 11664, packet_len 5 (0)
[0;0m[0;34mRDP 0x561bc12747a8: Wake Tx task (check timeouts)
[0;0m[0;34mRDP 0x561bc12747a8: Received in S 3: syn 0, ack 1, eack 0, rst 0, seq_nr 11665, ack_nr 57069, packet_len 256 (251)
[0;0m[0;34mRDP 0x561bc12747a8: Wake Tx task (check timeouts)
[0;0m[0;34mcsp_sfp_recv_fp: 20:59, fragment 243/2304
[0;0m[0;34mcsp_sfp_recv_fp: 20:59, fragment 486/2304
[0;0m[0;34mcsp_sfp_recv_fp: 20:59, fragment 729/2304
[0;0m[0;34mRDP 0x561bc12747a8: Received in S 3: syn 0, ack 1, eack 0, rst 0, seq_nr 11666, ack_nr 57069, packet_len 256 (251)
[0;0m[0;34mRDP 0x561bc12747a8: Wake Tx task (check timeouts)
[0;0m[0;34mRDP 0x561bc12747a8: Received in S 3: syn 0, ack 1, eack 0, rst 0, seq_nr 11667, ack_nr 57069, packet_len 256 (251)
[0;0m[0;34mRDP 0x561bc12747a8: Send CMP S 3: syn 0, ack 1, eack 0, rst 0, seq_nr 57070, ack_nr 11667, packet_len 5 (0)
[0;0m[0;34mRDP 0x561bc12747a8: Wake Tx task (check timeouts)
[0;0m[0;34mRDP 0x561bc12747a8: Received in S 3: syn 0, ack 1, eack 0, rst 0, seq_nr 11668, ack_nr 57069, packet_len 256 (251)
[0;0m[0;34mRDP 0x561bc12747a8: Wake Tx task (check timeouts)
[0;0m[0;34mRDP 0x561bc12747a8: Received in S 3: syn 0, ack 1, eack 0, rst 0, seq_nr 11669, ack_nr 57069, packet_len 256 (251)
[0;0m[0;34mRDP 0x561bc12747a8: Wake Tx task (check timeouts)
[0;0m[0;34mRDP 0x561bc12747a8: Received in S 3: syn 0, ack 1, eack 0, rst 0, seq_nr 11670, ack_nr 57069, packet_len 256 (251)
[0;0m[0;34mRDP 0x561bc12747a8: Send CMP S 3: syn 0, ack 1, eack 0, rst 0, seq_nr 57070, ack_nr 11670, packet_len 5 (0)
[0;0m[0;34mRDP 0x561bc12747a8: Wake Tx task (check timeouts)
[0;0m[0;34mRDP 0x561bc12747a8: Received in S 3: syn 0, ack 1, eack 0, rst 0, seq_nr 11671, ack_nr 57069, packet_len 256 (251)
[0;0m[0;34mRDP 0x561bc12747a8: Wake Tx task (check timeouts)
[0;0m[0;34mRDP 0x561bc12747a8: Received in S 3: syn 0, ack 1, eack 0, rst 0, seq_nr 11672, ack_nr 57069, packet_len 130 (125)
[0;0m[0;34mRDP 0x561bc12747a8: Wake Tx task (check timeouts)
[0;0m[0;34mcsp_sfp_recv_fp: 20:59, fragment 972/2304
[0;0m[1;33mcsp_sfp_recv_fp: 20:59, invalid message, offset 729 (expected 0), length: 243, totalsize 2304
[0;0m[0;34mRDP 0x561bc12747a8: Send CMP S 4: syn 0, ack 1, eack 0, rst 1, seq_nr 57070, ack_nr 11672, packet_len 5 (0)
[0;0m[0;34mRDP 0x561bc12747a8: csp_rdp_close(0x1), sent RST -> CLOSE_WAIT
[0;0m[0;34mRDP 0x561bc12747a8: csp_rdp_close(0x1), waiting for: protocol timeout
[0;0m[0;34mRDP 0x561bc12747a8: Received in S 4: syn 0, ack 1, eack 0, rst 1, seq_nr 11673, ack_nr 57069, packet_len 5 (0)
[0;0m[0;34mRDP 0x561bc12747a8: RST received in CLOSE_WAIT, ack: 1 - closing
[0;0m[0;34mRDP 0x561bc12747a8: csp_rdp_close(0x2), waiting for: timeout
[0;0m[0;34mRDP 0x561bc1274830: Received in S 0: syn 1, ack 0, eack 0, rst 0, seq_nr 44813, ack_nr     0, packet_len 29 (24)
[0;0m[0;34mRDP 0x561bc1274830: SYN-Received
[0;0m[0;34mRDP 0x561bc1274830: window size 4, conn timeout 1000, packet timeout 1000, delayed acks: 1, ack timeout 250, ack each 2 packet
[0;0m[0;34mRDP 0x561bc1274830: Send CMP S 2: syn 1, ack 1, eack 0, rst 0, seq_nr 26751, ack_nr 44813, packet_len 5 (0)
[0;0m[0;34mRDP 0x561bc1274830: Received in S 2: syn 0, ack 1, eack 0, rst 0, seq_nr 44814, ack_nr 26751, packet_len 5 (0)
[0;0m[0;34mRDP 0x561bc1274830: NC: Connection OPEN
[0;0m[0;34mRDP 0x561bc1274830: TX Element Free, time 24018548, seq 26751, una 26752
[0;0m[0;34mRDP 0x561bc1274830: Wake Tx task (check timeouts)
[0;0m[0;34mRDP 0x561bc1274830: Received in S 3: syn 0, ack 1, eack 0, rst 0, seq_nr 44814, ack_nr 26751, packet_len 256 (251)
[0;0m[0;34mRDP 0x561bc1274830: Wake Tx task (check timeouts)
[0;0m[0;34mRDP 0x561bc1274830: Received in S 3: syn 0, ack 1, eack 0, rst 0, seq_nr 44815, ack_nr 26751, packet_len 256 (251)
[0;0m[0;34mRDP 0x561bc1274830: Wake Tx task (check timeouts)
[0;0m[0;34mRDP 0x561bc1274830: Received in S 3: syn 0, ack 1, eack 0, rst 0, seq_nr 44816, ack_nr 26751, packet_len 256 (251)
[0;0m[0;34mRDP 0x561bc1274830: Send CMP S 3: syn 0, ack 1, eack 0, rst 0, seq_nr 26752, ack_nr 44816, packet_len 5 (0)
[0;0m[0;34mRDP 0x561bc1274830: Wake Tx task (check timeouts)
[0;0m[0;34mRDP 0x561bc1274830: Received in S 3: syn 0, ack 1, eack 0, rst 0, seq_nr 44817, ack_nr 26751, packet_len 256 (251)
[0;0m[0;34mRDP 0x561bc1274830: Wake Tx task (check timeouts)
[0;0m[0;34mRDP 0x561bc1274830: Received in S 3: syn 0, ack 1, eack 0, rst 0, seq_nr 44818, ack_nr 26751, packet_len 256 (251)
[0;0m[0;34mRDP 0x561bc1274830: Wake Tx task (check timeouts)
[0;0m[0;34mRDP 0x561bc1274830: Received in S 3: syn 0, ack 1, eack 0, rst 0, seq_nr 44819, ack_nr 26751, packet_len 256 (251)
[0;0m[0;34mRDP 0x561bc1274830: Send CMP S 3: syn 0, ack 1, eack 0, rst 0, seq_nr 26752, ack_nr 44819, packet_len 5 (0)
[0;0m[0;34mRDP 0x561bc1274830: Wake Tx task (check timeouts)
[0;0m[0;34mRDP 0x561bc1274830: Received in S 3: syn 0, ack 1, eack 0, rst 0, seq_nr 44820, ack_nr 26751, packet_len 256 (251)
[0;0m[0;34mRDP 0x561bc1274830: Wake Tx task (check timeouts)
[0;0m[0;34mRDP 0x561bc1274830: Received in S 3: syn 0, ack 1, eack 0, rst 0, seq_nr 44821, ack_nr 26751, packet_len 256 (251)
[0;0m[0;34mRDP 0x561bc1274830: Wake Tx task (check timeouts)
[0;0m[0;34mRDP 0x561bc1274830: Received in S 3: syn 0, ack 1, eack 0, rst 0, seq_nr 44822, ack_nr 26751, packet_len 256 (251)
[0;0m[0;34mRDP 0x561bc1274830: Send CMP S 3: syn 0, ack 1, eack 0, rst 0, seq_nr 26752, ack_nr 44822, packet_len 5 (0)
[0;0m[0;34mRDP 0x561bc1274830: Wake Tx task (check timeouts)
[0;0m[0;34mRDP 0x561bc1274830: Received in S 3: syn 0, ack 1, eack 0, rst 0, seq_nr 44823, ack_nr 26751, packet_len 130 (125)
[0;0m[0;34mRDP 0x561bc1274830: Wake Tx task (check timeouts)
[0;0m[0;34mcsp_sfp_recv_fp: 20:60, fragment 243/2304
[0;0m[0;34mcsp_sfp_recv_fp: 20:60, fragment 486/2304
[0;0m[0;34mcsp_sfp_recv_fp: 20:60, fragment 729/2304
[0;0m[0;34mcsp_sfp_recv_fp: 20:60, fragment 972/2304
[0;0m[0;34mcsp_sfp_recv_fp: 20:60, fragment 1215/2304
[0;0m[0;34mcsp_sfp_recv_fp: 20:60, fragment 1458/2304
[0;0m[0;34mcsp_sfp_recv_fp: 20:60, fragment 1701/2304
[0;0m[0;34mcsp_sfp_recv_fp: 20:60, fragment 1944/2304
[0;0m[0;34mcsp_sfp_recv_fp: 20:60, fragment 2187/2304
[0;0m[0;34mcsp_sfp_recv_fp: 20:60, fragment 2304/2304
[0;0m[0;34mRDP 0x561bc1274830: Sending  in S 3: syn 0, ack 1, eack 0, rst 0, seq_nr 26752, ack_nr 44823, packet_len 6 (1)
[0;0mRECV_BUNDLE bundle_seq=75 n=64 bytes=2304
[0;34mRDP 0x561bc1274830: Received in S 3: syn 0, ack 1, eack 0, rst 0, seq_nr 44824, ack_nr 26752, packet_len 256 (251)
[0;0m[0;34mRDP 0x561bc1274830: TX Element Free, time 24018566, seq 26752, una 26753
[0;0m[0;34mRDP 0x561bc1274830: Wake Tx task (check timeouts)
[0;0m[0;34mRDP 0x561bc1274830: Received in S 3: syn 0, ack 1, eack 0, rst 0, seq_nr 44825, ack_nr 26752, packet_len 256 (251)
[0;0m[0;34mRDP 0x561bc1274830: Send CMP S 3: syn 0, ack 1, eack 0, rst 0, seq_nr 26753, ack_nr 44825, packet_len 5 (0)
[0;0m[0;34mRDP 0x561bc1274830: Wake Tx task (check timeouts)
[0;0m[0;34mRDP 0x561bc1274830: Received in S 3: syn 0, ack 1, eack 0, rst 0, seq_nr 44826, ack_nr 26752, packet_len 256 (251)
[0;0m[0;34mRDP 0x561bc1274830: Wake Tx task (check timeouts)
[0;0m[0;34mRDP 0x561bc1274830: Received in S 3: syn 0, ack 1, eack 0, rst 0, seq_nr 44827, ack_nr 26752, packet_len 256 (251)
[0;0m[0;34mRDP 0x561bc1274830: Wake Tx task (check timeouts)
[0;0m[0;34mRDP 0x561bc1274830: Received in S 3: syn 0, ack 1, eack 0, rst 0, seq_nr 44828, ack_nr 26752, packet_len 256 (251)
[0;0m[0;34mRDP 0x561bc1274830: Send CMP S 3: syn 0, ack 1, eack 0, rst 0, seq_nr 26753, ack_nr 44828, packet_len 5 (0)
[0;0m[0;34mRDP 0x561bc1274830: Wake Tx task (check timeouts)
[0;0m[0;34mRDP 0x561bc1274830: Received in S 3: syn 0, ack 1, eack 0, rst 0, seq_nr 44829, ack_nr 26752, packet_len 256 (251)
[0;0m[0;34mRDP 0x561bc1274830: Wake Tx task (check timeouts)
[0;0m[0;34mRDP 0x561bc1274830: Received in S 3: syn 0, ack 1, eack 0, rst 0, seq_nr 44830, ack_nr 26752, packet_len 256 (251)
[0;0m[0;34mRDP 0x561bc1274830: Wake Tx task (check timeouts)
[0;0m[0;34mcsp_sfp_recv_fp: 20:60, fragment 243/2304
[0;0m[0;34mcsp_sfp_recv_fp: 20:60, fragment 486/2304
[0;0m[0;34mcsp_sfp_recv_fp: 20:60, fragment 729/2304
[0;0m[0;34mcsp_sfp_recv_fp: 20:60, fragment 972/2304
[0;0m[0;34mcsp_sfp_recv_fp: 20:60, fragment 1215/2304
[0;0m[0;34mcsp_sfp_recv_fp: 20:60, fragment 1458/2304
[0;0m[0;34mcsp_sfp_recv_fp: 20:60, fragment 1701/2304
[0;0m[0;34mRDP 0x561bc1274830: Received in S 3: syn 0, ack 1, eack 0, rst 0, seq_nr 44831, ack_nr 26752, packet_len 256 (251)
[0;0m[0;34mRDP 0x561bc1274830: Send CMP S 3: syn 0, ack 1, eack 0, rst 0, seq_nr 26753, ack_nr 44831, packet_len 5 (0)
[0;0m[0;34mRDP 0x561bc1274830: Send CMP S 3: syn 0, ack 1, eack 0, rst 0, seq_nr 26753, ack_nr 44831, packet_len 5 (0)
[0;0m[0;34mcsp_sfp_recv_fp: 20:60, fragment 1944/2304
[0;0m[0;34mRDP 0x561bc1274830: Wake Tx task (check timeouts)
[0;0m[0;34mRDP 0x561bc1274830: Received in S 3: syn 0, ack 1, eack 0, rst 0, seq_nr 44832, ack_nr 26752, packet_len 256 (251)
[0;0m[0;34mRDP 0x561bc1274830: Wake Tx task (check timeouts)
[0;0m[0;34mRDP 0x561bc1274830: Received in S 3: syn 0, ack 1, eack 0, rst 0, seq_nr 44833, ack_nr 26752, packet_len 130 (125)
[0;0m[0;34mRDP 0x561bc1274830: Wake Tx task (check timeouts)
[0;0m[0;34mcsp_sfp_recv_fp: 20:60, fragment 2187/2304
[0;0m[1;33mcsp_sfp_recv_fp: 20:60, invalid message, offset 1944 (expected 0), length: 243, totalsize 2304
[0;0m[0;34mRDP 0x561bc1274830: Send CMP S 4: syn 0, ack 1, eack 0, rst 1, seq_nr 26753, ack_nr 44833, packet_len 5 (0)
[0;0m[0;34mRDP 0x561bc1274830: csp_rdp_close(0x1), sent RST -> CLOSE_WAIT
[0;0m[0;34mRDP 0x561bc1274830: csp_rdp_close(0x1), waiting for: protocol timeout
[0;0m[0;34mRDP 0x561bc1274830: Received in S 4: syn 0, ack 1, eack 0, rst 1, seq_nr 44834, ack_nr 26752, packet_len 5 (0)
[0;0m[0;34mRDP 0x561bc1274830: RST received in CLOSE_WAIT, ack: 1 - closing
[0;0m[0;34mRDP 0x561bc1274830: csp_rdp_close(0x2), waiting for: timeout
[0;0m[0;34mRDP 0x561bc12748b8: Received in S 0: syn 1, ack 0, eack 0, rst 0, seq_nr  2422, ack_nr     0, packet_len 29 (24)
[0;0m[0;34mRDP 0x561bc12748b8: SYN-Received
[0;0m[0;34mRDP 0x561bc12748b8: window size 4, conn timeout 1000, packet timeout 1000, delayed acks: 1, ack timeout 250, ack each 2 packet
[0;0m[0;34mRDP 0x561bc12748b8: Send CMP S 2: syn 1, ack 1, eack 0, rst 0, seq_nr 10100, ack_nr  2422, packet_len 5 (0)
[0;0m[0;34mRDP 0x561bc12748b8: Received in S 2: syn 0, ack 1, eack 0, rst 0, seq_nr  2423, ack_nr 10100, packet_len 5 (0)
[0;0m[0;34mRDP 0x561bc12748b8: NC: Connection OPEN
[0;0m[0;34mRDP 0x561bc12748b8: TX Element Free, time 24018569, seq 10100, una 10101
[0;0m[0;34mRDP 0x561bc12748b8: Wake Tx task (check timeouts)
[0;0m[0;34mRDP 0x561bc12748b8: Received in S 3: syn 0, ack 1, eack 0, rst 0, seq_nr  2423, ack_nr 10100, packet_len 256 (251)
[0;0m[0;34mRDP 0x561bc12748b8: Wake Tx task (check timeouts)
[0;0m[0;34mRDP 0x561bc12748b8: Received in S 3: syn 0, ack 1, eack 0, rst 0, seq_nr  2424, ack_nr 10100, packet_len 256 (251)
[0;0m[0;34mRDP 0x561bc12748b8: Wake Tx task (check timeouts)
[0;0m[0;34mRDP 0x561bc12748b8: Received in S 3: syn 0, ack 1, eack 0, rst 0, seq_nr  2425, ack_nr 10100, packet_len 256 (251)
[0;0m[0;34mRDP 0x561bc12748b8: Send CMP S 3: syn 0, ack 1, eack 0, rst 0, seq_nr 10101, ack_nr  2425, packet_len 5 (0)
[0;0m[0;34mRDP 0x561bc12748b8: Wake Tx task (check timeouts)
[0;0m[0;34mRDP 0x561bc12748b8: Received in S 3: syn 0, ack 1, eack 0, rst 0, seq_nr  2426, ack_nr 10100, packet_len 256 (251)
[0;0m[0;34mRDP 0x561bc12748b8: Wake Tx task (check timeouts)
[0;0m[0;34mRDP 0x561bc12748b8: Received in S 3: syn 0, ack 1, eack 0, rst 0, seq_nr  2427, ack_nr 10100, packet_len 256 (251)
[0;0m[0;34mRDP 0x561bc12748b8: Wake Tx task (check timeouts)
[0;0m[0;34mRDP 0x561bc12748b8: Received in S 3: syn 0, ack 1, eack 0, rst 0, seq_nr  2428, ack_nr 10100, packet_len 256 (251)
[0;0m[0;34mRDP 0x561bc12748b8: Send CMP S 3: syn 0, ack 1, eack 0, rst 0, seq_nr 10101, ack_nr  2428, packet_len 5 (0)
[0;0m[0;34mRDP 0x561bc12748b8: Wake Tx task (check timeouts)
[0;0m[0;34mRDP 0x561bc12748b8: Received in S 3: syn 0, ack 1, eack 0, rst 0, seq_nr  2429, ack_nr 10100, packet_len 256 (251)
[0;0m[0;34mRDP 0x561bc12748b8: Wake Tx task (check timeouts)
[0;0m[0;34mRDP 0x561bc12748b8: Received in S 3: syn 0, ack 1, eack 0, rst 0, seq_nr  2430, ack_nr 10100, packet_len 256 (251)
[0;0m[0;34mRDP 0x561bc12748b8: Wake Tx task (check timeouts)
[0;0m[0;34mRDP 0x561bc12748b8: Received in S 3: syn 0, ack 1, eack 0, rst 0, seq_nr  2431, ack_nr 10100, packet_len 256 (251)
[0;0m[0;34mRDP 0x561bc12748b8: Send CMP S 3: syn 0, ack 1, eack 0, rst 0, seq_nr 10101, ack_nr  2431, packet_len 5 (0)
[0;0m[0;34mRDP 0x561bc12748b8: Wake Tx task (check timeouts)
[0;0m[0;34mRDP 0x561bc12748b8: Received in S 3: syn 0, ack 1, eack 0, rst 0, seq_nr  2432, ack_nr 10100, packet_len 130 (125)
[0;0m[0;34mRDP 0x561bc12748b8: Wake Tx task (check timeouts)
[0;0m[0;34mcsp_sfp_recv_fp: 20:61, fragment 243/2304
[0;0m[0;34mcsp_sfp_recv_fp: 20:61, fragment 486/2304
[0;0m[0;34mcsp_sfp_recv_fp: 20:61, fragment 729/2304
[0;0m[0;34mcsp_sfp_recv_fp: 20:61, fragment 972/2304
[0;0m[0;34mcsp_sfp_recv_fp: 20:61, fragment 1215/2304
[0;0m[0;34mcsp_sfp_recv_fp: 20:61, fragment 1458/2304
[0;0m[0;34mcsp_sfp_recv_fp: 20:61, fragment 1701/2304
[0;0m[0;34mcsp_sfp_recv_fp: 20:61, fragment 1944/2304
[0;0m[0;34mcsp_sfp_recv_fp: 20:61, fragment 2187/2304
[0;0m[0;34mcsp_sfp_recv_fp: 20:61, fragment 2304/2304
[0;0m[0;34mRDP 0x561bc12748b8: Sending  in S 3: syn 0, ack 1, eack 0, rst 0, seq_nr 10101, ack_nr  2432, packet_len 6 (1)
[0;0mRECV_BUNDLE bundle_seq=76 n=64 bytes=2304
[0;34mRDP 0x561bc12748b8: Received in S 3: syn 0, ack 1, eack 0, rst 0, seq_nr  2433, ack_nr 10101, packet_len 256 (251)
[0;0m[0;34mRDP 0x561bc12748b8: TX Element Free, time 24018586, seq 10101, una 10102
[0;0m[0;34mRDP 0x561bc12748b8: Wake Tx task (check timeouts)
[0;0m[0;34mRDP 0x561bc12748b8: Received in S 3: syn 0, ack 1, eack 0, rst 0, seq_nr  2434, ack_nr 10101, packet_len 256 (251)
[0;0m[0;34mRDP 0x561bc12748b8: Send CMP S 3: syn 0, ack 1, eack 0, rst 0, seq_nr 10102, ack_nr  2434, packet_len 5 (0)
[0;0m[0;34mRDP 0x561bc12748b8: Wake Tx task (check timeouts)
[0;0m[0;34mRDP 0x561bc12748b8: Received in S 3: syn 0, ack 1, eack 0, rst 0, seq_nr  2435, ack_nr 10101, packet_len 256 (251)
[0;0m[0;34mRDP 0x561bc12748b8: Wake Tx task (check timeouts)
[0;0m[0;34mRDP 0x561bc12748b8: Received in S 3: syn 0, ack 1, eack 0, rst 0, seq_nr  2436, ack_nr 10101, packet_len 256 (251)
[0;0m[0;34mRDP 0x561bc12748b8: Wake Tx task (check timeouts)
[0;0m[0;34mRDP 0x561bc12748b8: Received in S 3: syn 0, ack 1, eack 0, rst 0, seq_nr  2437, ack_nr 10101, packet_len 256 (251)
[0;0m[0;34mRDP 0x561bc12748b8: Send CMP S 3: syn 0, ack 1, eack 0, rst 0, seq_nr 10102, ack_nr  2437, packet_len 5 (0)
[0;0m[0;34mRDP 0x561bc12748b8: Wake Tx task (check timeouts)
[0;0m[0;34mRDP 0x561bc12748b8: Received in S 3: syn 0, ack 1, eack 0, rst 0, seq_nr  2438, ack_nr 10101, packet_len 256 (251)
[0;0m[0;34mRDP 0x561bc12748b8: Wake Tx task (check timeouts)
[0;0m[0;34mRDP 0x561bc12748b8: Received in S 3: syn 0, ack 1, eack 0, rst 0, seq_nr  2439, ack_nr 10101, packet_len 256 (251)
[0;0m[0;34mRDP 0x561bc12748b8: Wake Tx task (check timeouts)
[0;0m[0;34mRDP 0x561bc12748b8: Received in S 3: syn 0, ack 1, eack 0, rst 0, seq_nr  2440, ack_nr 10101, packet_len 256 (251)
[0;0m[0;34mRDP 0x561bc12748b8: Send CMP S 3: syn 0, ack 1, eack 0, rst 0, seq_nr 10102, ack_nr  2440, packet_len 5 (0)
[0;0m[0;34mRDP 0x561bc12748b8: Wake Tx task (check timeouts)
[0;0m[0;34mcsp_sfp_recv_fp: 20:61, fragment 243/2304
[0;0m[0;34mcsp_sfp_recv_fp: 20:61, fragment 486/2304
[0;0m[0;34mcsp_sfp_recv_fp: 20:61, fragment 729/2304
[0;0m[0;34mcsp_sfp_recv_fp: 20:61, fragment 972/2304
[0;0m[0;34mcsp_sfp_recv_fp: 20:61, fragment 1215/2304
[0;0m[0;34mcsp_sfp_recv_fp: 20:61, fragment 1458/2304
[0;0m[0;34mcsp_sfp_recv_fp: 20:61, fragment 1701/2304
[0;0m[0;34mcsp_sfp_recv_fp: 20:61, fragment 1944/2304
[0;0m[0;34mRDP 0x561bc12748b8: Received in S 3: syn 0, ack 1, eack 0, rst 0, seq_nr  2441, ack_nr 10101, packet_len 256 (251)
[0;0m[0;34mRDP 0x561bc12748b8: Wake Tx task (check timeouts)
[0;0m[0;34mRDP 0x561bc12748b8: Received in S 3: syn 0, ack 1, eack 0, rst 0, seq_nr  2442, ack_nr 10101, packet_len 130 (125)
[0;0m[0;34mRDP 0x561bc12748b8: Wake Tx task (check timeouts)
[0;0m[0;34mcsp_sfp_recv_fp: 20:61, fragment 2187/2304
[0;0m[1;33mcsp_sfp_recv_fp: 20:61, invalid message, offset 1944 (expected 0), length: 243, totalsize 2304
[0;0m[0;34mRDP 0x561bc12748b8: Send CMP S 4: syn 0, ack 1, eack 0, rst 1, seq_nr 10102, ack_nr  2442, packet_len 5 (0)
[0;0m[0;34mRDP 0x561bc12748b8: csp_rdp_close(0x1), sent RST -> CLOSE_WAIT
[0;0m[0;34mRDP 0x561bc12748b8: csp_rdp_close(0x1), waiting for: protocol timeout
[0;0m[0;34mRDP 0x561bc12748b8: Received in S 4: syn 0, ack 1, eack 0, rst 1, seq_nr  2443, ack_nr 10101, packet_len 5 (0)
[0;0m[0;34mRDP 0x561bc12748b8: RST received in CLOSE_WAIT, ack: 1 - closing
[0;0m[0;34mRDP 0x561bc12748b8: csp_rdp_close(0x2), waiting for: timeout
[0;0m[0;34mRDP 0x561bc1274940: Received in S 0: syn 1, ack 0, eack 0, rst 0, seq_nr 62786, ack_nr     0, packet_len 29 (24)
[0;0m[0;34mRDP 0x561bc1274940: SYN-Received
[0;0m[0;34mRDP 0x561bc1274940: window size 4, conn timeout 1000, packet timeout 1000, delayed acks: 1, ack timeout 250, ack each 2 packet
[0;0m[0;34mRDP 0x561bc1274940: Send CMP S 2: syn 1, ack 1, eack 0, rst 0, seq_nr  6598, ack_nr 62786, packet_len 5 (0)
[0;0m[0;34mRDP 0x561bc1274940: Received in S 2: syn 0, ack 1, eack 0, rst 0, seq_nr 62787, ack_nr  6598, packet_len 5 (0)
[0;0m[0;34mRDP 0x561bc1274940: NC: Connection OPEN
[0;0m[0;34mRDP 0x561bc1274940: TX Element Free, time 24018589, seq 6598, una 6599
[0;0m[0;34mRDP 0x561bc1274940: Wake Tx task (check timeouts)
[0;0m[0;34mRDP 0x561bc1274940: Received in S 3: syn 0, ack 1, eack 0, rst 0, seq_nr 62787, ack_nr  6598, packet_len 256 (251)
[0;0m[0;34mRDP 0x561bc1274940: Wake Tx task (check timeouts)
[0;0m[0;34mRDP 0x561bc1274940: Received in S 3: syn 0, ack 1, eack 0, rst 0, seq_nr 62788, ack_nr  6598, packet_len 256 (251)
[0;0m[0;34mRDP 0x561bc1274940: Wake Tx task (check timeouts)
[0;0m[0;34mRDP 0x561bc1274940: Received in S 3: syn 0, ack 1, eack 0, rst 0, seq_nr 62789, ack_nr  6598, packet_len 256 (251)
[0;0m[0;34mRDP 0x561bc1274940: Send CMP S 3: syn 0, ack 1, eack 0, rst 0, seq_nr  6599, ack_nr 62789, packet_len 5 (0)
[0;0m[0;34mRDP 0x561bc1274940: Wake Tx task (check timeouts)
[0;0m[0;34mRDP 0x561bc1274940: Received in S 3: syn 0, ack 1, eack 0, rst 0, seq_nr 62790, ack_nr  6598, packet_len 256 (251)
[0;0m[0;34mRDP 0x561bc1274940: Wake Tx task (check timeouts)
[0;0m[0;34mRDP 0x561bc1274940: Received in S 3: syn 0, ack 1, eack 0, rst 0, seq_nr 62791, ack_nr  6598, packet_len 256 (251)
[0;0m[0;34mRDP 0x561bc1274940: Wake Tx task (check timeouts)
[0;0m[0;34mRDP 0x561bc1274940: Received in S 3: syn 0, ack 1, eack 0, rst 0, seq_nr 62792, ack_nr  6598, packet_len 256 (251)
[0;0m[0;34mRDP 0x561bc1274940: Send CMP S 3: syn 0, ack 1, eack 0, rst 0, seq_nr  6599, ack_nr 62792, packet_len 5 (0)
[0;0m[0;34mRDP 0x561bc1274940: Wake Tx task (check timeouts)
[0;0m[0;34mRDP 0x561bc1274940: Received in S 3: syn 0, ack 1, eack 0, rst 0, seq_nr 62793, ack_nr  6598, packet_len 256 (251)
[0;0m[0;34mRDP 0x561bc1274940: Wake Tx task (check timeouts)
[0;0m[0;34mRDP 0x561bc1274940: Received in S 3: syn 0, ack 1, eack 0, rst 0, seq_nr 62794, ack_nr  6598, packet_len 256 (251)
[0;0m[0;34mRDP 0x561bc1274940: Wake Tx task (check timeouts)
[0;0m[0;34mRDP 0x561bc1274940: Received in S 3: syn 0, ack 1, eack 0, rst 0, seq_nr 62795, ack_nr  6598, packet_len 256 (251)
[0;0m[0;34mRDP 0x561bc1274940: Send CMP S 3: syn 0, ack 1, eack 0, rst 0, seq_nr  6599, ack_nr 62795, packet_len 5 (0)
[0;0m[0;34mRDP 0x561bc1274940: Wake Tx task (check timeouts)
[0;0m[0;34mRDP 0x561bc1274940: Received in S 3: syn 0, ack 1, eack 0, rst 0, seq_nr 62796, ack_nr  6598, packet_len 130 (125)
[0;0m[0;34mRDP 0x561bc1274940: Wake Tx task (check timeouts)
[0;0m[0;34mcsp_sfp_recv_fp: 20:62, fragment 243/2304
[0;0m[0;34mcsp_sfp_recv_fp: 20:62, fragment 486/2304
[0;0m[0;34mcsp_sfp_recv_fp: 20:62, fragment 729/2304
[0;0m[0;34mcsp_sfp_recv_fp: 20:62, fragment 972/2304
[0;0m[0;34mcsp_sfp_recv_fp: 20:62, fragment 1215/2304
[0;0m[0;34mcsp_sfp_recv_fp: 20:62, fragment 1458/2304
[0;0m[0;34mcsp_sfp_recv_fp: 20:62, fragment 1701/2304
[0;0m[0;34mcsp_sfp_recv_fp: 20:62, fragment 1944/2304
[0;0m[0;34mcsp_sfp_recv_fp: 20:62, fragment 2187/2304
[0;0m[0;34mcsp_sfp_recv_fp: 20:62, fragment 2304/2304
[0;0m[0;34mRDP 0x561bc1274940: Sending  in S 3: syn 0, ack 1, eack 0, rst 0, seq_nr  6599, ack_nr 62796, packet_len 6 (1)
[0;0mRECV_BUNDLE bundle_seq=77 n=64 bytes=2304
[0;34mRDP 0x561bc1274940: Received in S 3: syn 0, ack 1, eack 0, rst 0, seq_nr 62797, ack_nr  6599, packet_len 256 (251)
[0;0m[0;34mRDP 0x561bc1274940: TX Element Free, time 24018607, seq 6599, una 6600
[0;0m[0;34mRDP 0x561bc1274940: Wake Tx task (check timeouts)
[0;0m[0;34mRDP 0x561bc1274940: Received in S 3: syn 0, ack 1, eack 0, rst 0, seq_nr 62798, ack_nr  6599, packet_len 256 (251)
[0;0m[0;34mRDP 0x561bc1274940: Send CMP S 3: syn 0, ack 1, eack 0, rst 0, seq_nr  6600, ack_nr 62798, packet_len 5 (0)
[0;0m[0;34mRDP 0x561bc1274940: Wake Tx task (check timeouts)
[0;0m[0;34mRDP 0x561bc1274940: Received in S 3: syn 0, ack 1, eack 0, rst 0, seq_nr 62799, ack_nr  6599, packet_len 256 (251)
[0;0m[0;34mRDP 0x561bc1274940: Wake Tx task (check timeouts)
[0;0m[0;34mRDP 0x561bc1274940: Received in S 3: syn 0, ack 1, eack 0, rst 0, seq_nr 62800, ack_nr  6599, packet_len 256 (251)
[0;0m[0;34mRDP 0x561bc1274940: Wake Tx task (check timeouts)
[0;0m[0;34mRDP 0x561bc1274940: Received in S 3: syn 0, ack 1, eack 0, rst 0, seq_nr 62801, ack_nr  6599, packet_len 256 (251)
[0;0m[0;34mRDP 0x561bc1274940: Send CMP S 3: syn 0, ack 1, eack 0, rst 0, seq_nr  6600, ack_nr 62801, packet_len 5 (0)
[0;0m[0;34mRDP 0x561bc1274940: Wake Tx task (check timeouts)
[0;0m[0;34mRDP 0x561bc1274940: Received in S 3: syn 0, ack 1, eack 0, rst 0, seq_nr 62802, ack_nr  6599, packet_len 256 (251)
[0;0m[0;34mRDP 0x561bc1274940: Wake Tx task (check timeouts)
[0;0m[0;34mRDP 0x561bc1274940: Received in S 3: syn 0, ack 1, eack 0, rst 0, seq_nr 62803, ack_nr  6599, packet_len 256 (251)
[0;0m[0;34mRDP 0x561bc1274940: Wake Tx task (check timeouts)
[0;0m[0;34mRDP 0x561bc1274940: Received in S 3: syn 0, ack 1, eack 0, rst 0, seq_nr 62804, ack_nr  6599, packet_len 256 (251)
[0;0m[0;34mRDP 0x561bc1274940: Send CMP S 3: syn 0, ack 1, eack 0, rst 0, seq_nr  6600, ack_nr 62804, packet_len 5 (0)
[0;0m[0;34mRDP 0x561bc1274940: Wake Tx task (check timeouts)
[0;0m[0;34mRDP 0x561bc1274940: Received in S 3: syn 0, ack 1, eack 0, rst 0, seq_nr 62805, ack_nr  6599, packet_len 256 (251)
[0;0m[0;34mRDP 0x561bc1274940: Wake Tx task (check timeouts)
[0;0m[0;34mcsp_sfp_recv_fp: 20:62, fragment 243/2304
[0;0m[0;34mcsp_sfp_recv_fp: 20:62, fragment 486/2304
[0;0m[0;34mcsp_sfp_recv_fp: 20:62, fragment 729/2304
[0;0m[0;34mcsp_sfp_recv_fp: 20:62, fragment 972/2304
[0;0m[0;34mcsp_sfp_recv_fp: 20:62, fragment 1215/2304
[0;0m[0;34mcsp_sfp_recv_fp: 20:62, fragment 1458/2304
[0;0m[0;34mcsp_sfp_recv_fp: 20:62, fragment 1701/2304
[0;0m[0;34mcsp_sfp_recv_fp: 20:62, fragment 1944/2304
[0;0m[0;34mcsp_sfp_recv_fp: 20:62, fragment 2187/2304
[0;0m[0;34mRDP 0x561bc1274940: Received in S 3: syn 0, ack 1, eack 0, rst 0, seq_nr 62806, ack_nr  6599, packet_len 130 (125)
[0;0m[0;34mRDP 0x561bc1274940: Wake Tx task (check timeouts)
[0;0m[0;34mcsp_sfp_recv_fp: 20:62, fragment 2304/2304
[0;0m[0;34mRDP 0x561bc1274940: Sending  in S 3: syn 0, ack 1, eack 0, rst 0, seq_nr  6600, ack_nr 62806, packet_len 6 (1)
[0;0mRECV_BUNDLE bundle_seq=78 n=64 bytes=2304
[0;34mRDP 0x561bc1274940: Received in S 3: syn 0, ack 1, eack 0, rst 0, seq_nr 62807, ack_nr  6600, packet_len 256 (251)
[0;0m[0;34mRDP 0x561bc1274940: Send CMP S 3: syn 0, ack 1, eack 0, rst 0, seq_nr  6601, ack_nr 62807, packet_len 5 (0)
[0;0m[0;34mRDP 0x561bc1274940: TX Element Free, time 24018609, seq 6600, una 6601
[0;0m[0;34mRDP 0x561bc1274940: Wake Tx task (check timeouts)
[0;0m[0;34mRDP 0x561bc1274940: Received in S 3: syn 0, ack 1, eack 0, rst 0, seq_nr 62808, ack_nr  6600, packet_len 256 (251)
[0;0m[0;34mRDP 0x561bc1274940: Wake Tx task (check timeouts)
[0;0m[0;34mRDP 0x561bc1274940: Received in S 3: syn 0, ack 1, eack 0, rst 0, seq_nr 62809, ack_nr  6600, packet_len 256 (251)
[0;0m[0;34mRDP 0x561bc1274940: Wake Tx task (check timeouts)
[0;0m[0;34mRDP 0x561bc1274940: Received in S 3: syn 0, ack 1, eack 0, rst 0, seq_nr 62810, ack_nr  6600, packet_len 256 (251)
[0;0m[0;34mRDP 0x561bc1274940: Send CMP S 3: syn 0, ack 1, eack 0, rst 0, seq_nr  6601, ack_nr 62810, packet_len 5 (0)
[0;0m[0;34mRDP 0x561bc1274940: Wake Tx task (check timeouts)
[0;0m[0;34mRDP 0x561bc1274940: Received in S 3: syn 0, ack 1, eack 0, rst 0, seq_nr 62811, ack_nr  6600, packet_len 256 (251)
[0;0m[0;34mRDP 0x561bc1274940: Wake Tx task (check timeouts)
[0;0m[0;34mRDP 0x561bc1274940: Received in S 3: syn 0, ack 1, eack 0, rst 0, seq_nr 62812, ack_nr  6600, packet_len 256 (251)
[0;0m[0;34mRDP 0x561bc1274940: Wake Tx task (check timeouts)
[0;0m[0;34mRDP 0x561bc1274940: Received in S 3: syn 0, ack 1, eack 0, rst 0, seq_nr 62813, ack_nr  6600, packet_len 256 (251)
[0;0m[0;34mRDP 0x561bc1274940: Send CMP S 3: syn 0, ack 1, eack 0, rst 0, seq_nr  6601, ack_nr 62813, packet_len 5 (0)
[0;0m[0;34mRDP 0x561bc1274940: Wake Tx task (check timeouts)
[0;0m[0;34mRDP 0x561bc1274940: Received in S 3: syn 0, ack 1, eack 0, rst 0, seq_nr 62814, ack_nr  6600, packet_len 256 (251)
[0;0m[0;34mRDP 0x561bc1274940: Wake Tx task (check timeouts)
[0;0m[0;34mRDP 0x561bc1274940: Received in S 3: syn 0, ack 1, eack 0, rst 0, seq_nr 62815, ack_nr  6600, packet_len 256 (251)
[0;0m[0;34mRDP 0x561bc1274940: Wake Tx task (check timeouts)
[0;0m[0;34mRDP 0x561bc1274940: Received in S 3: syn 0, ack 1, eack 0, rst 0, seq_nr 62816, ack_nr  6600, packet_len 130 (125)
[0;0m[0;34mRDP 0x561bc1274940: Send CMP S 3: syn 0, ack 1, eack 0, rst 0, seq_nr  6601, ack_nr 62816, packet_len 5 (0)
[0;0m[0;34mRDP 0x561bc1274940: Wake Tx task (check timeouts)
[0;0m[0;34mcsp_sfp_recv_fp: 20:62, fragment 243/2304
[0;0m[0;34mcsp_sfp_recv_fp: 20:62, fragment 486/2304
[0;0m[0;34mcsp_sfp_recv_fp: 20:62, fragment 729/2304
[0;0m[0;34mcsp_sfp_recv_fp: 20:62, fragment 972/2304
[0;0m[0;34mcsp_sfp_recv_fp: 20:62, fragment 1215/2304
[0;0m[0;34mcsp_sfp_recv_fp: 20:62, fragment 1458/2304
[0;0m[0;34mcsp_sfp_recv_fp: 20:62, fragment 1701/2304
[0;0m[0;34mcsp_sfp_recv_fp: 20:62, fragment 1944/2304
[0;0m[0;34mcsp_sfp_recv_fp: 20:62, fragment 2187/2304
[0;0m[0;34mcsp_sfp_recv_fp: 20:62, fragment 2304/2304
[0;0m[0;34mRDP 0x561bc1274940: Sending  in S 3: syn 0, ack 1, eack 0, rst 0, seq_nr  6601, ack_nr 62816, packet_len 6 (1)
[0;0mRECV_BUNDLE bundle_seq=79 n=64 bytes=2304
[0;34mRDP 0x561bc1274940: Received in S 3: syn 0, ack 1, eack 0, rst 0, seq_nr 62817, ack_nr  6601, packet_len 5 (0)
[0;0m[0;34mRDP 0x561bc1274940: TX Element Free, time 24018610, seq 6601, una 6602
[0;0m[0;34mRDP 0x561bc1274940: Wake Tx task (check timeouts)
[0;0m[0;34mRDP 0x561bc1274940: Received in S 3: syn 0, ack 1, eack 0, rst 0, seq_nr 62817, ack_nr  6601, packet_len 256 (251)
[0;0m[0;34mRDP 0x561bc1274940: Wake Tx task (check timeouts)
[0;0m[0;34mRDP 0x561bc1274940: Received in S 3: syn 0, ack 1, eack 0, rst 0, seq_nr 62818, ack_nr  6601, packet_len 256 (251)
[0;0m[0;34mRDP 0x561bc1274940: Wake Tx task (check timeouts)
[0;0m[0;34mRDP 0x561bc1274940: Received in S 3: syn 0, ack 1, eack 0, rst 0, seq_nr 62819, ack_nr  6601, packet_len 256 (251)
[0;0m[0;34mRDP 0x561bc1274940: Send CMP S 3: syn 0, ack 1, eack 0, rst 0, seq_nr  6602, ack_nr 62819, packet_len 5 (0)
[0;0m[0;34mRDP 0x561bc1274940: Wake Tx task (check timeouts)
[0;0m[0;34mRDP 0x561bc1274940: Received in S 3: syn 0, ack 1, eack 0, rst 0, seq_nr 62820, ack_nr  6601, packet_len 256 (251)
[0;0m[0;34mRDP 0x561bc1274940: Wake Tx task (check timeouts)
[0;0m[0;34mRDP 0x561bc1274940: Received in S 3: syn 0, ack 1, eack 0, rst 0, seq_nr 62821, ack_nr  6601, packet_len 256 (251)
[0;0m[0;34mRDP 0x561bc1274940: Wake Tx task (check timeouts)
[0;0m[0;34mRDP 0x561bc1274940: Received in S 3: syn 0, ack 1, eack 0, rst 0, seq_nr 62822, ack_nr  6601, packet_len 256 (251)
[0;0m[0;34mRDP 0x561bc1274940: Send CMP S 3: syn 0, ack 1, eack 0, rst 0, seq_nr  6602, ack_nr 62822, packet_len 5 (0)
[0;0m[0;34mRDP 0x561bc1274940: Wake Tx task (check timeouts)
[0;0m[0;34mRDP 0x561bc1274940: Received in S 3: syn 0, ack 1, eack 0, rst 0, seq_nr 62823, ack_nr  6601, packet_len 256 (251)
[0;0m[0;34mRDP 0x561bc1274940: Wake Tx task (check timeouts)
[0;0m[0;34mRDP 0x561bc1274940: Received in S 3: syn 0, ack 1, eack 0, rst 0, seq_nr 62824, ack_nr  6601, packet_len 256 (251)
[0;0m[0;34mRDP 0x561bc1274940: Wake Tx task (check timeouts)
[0;0m[0;34mRDP 0x561bc1274940: Received in S 3: syn 0, ack 1, eack 0, rst 0, seq_nr 62825, ack_nr  6601, packet_len 256 (251)
[0;0m[0;34mRDP 0x561bc1274940: Send CMP S 3: syn 0, ack 1, eack 0, rst 0, seq_nr  6602, ack_nr 62825, packet_len 5 (0)
[0;0m[0;34mRDP 0x561bc1274940: Wake Tx task (check timeouts)
[0;0m[0;34mRDP 0x561bc1274940: Received in S 3: syn 0, ack 1, eack 0, rst 0, seq_nr 62826, ack_nr  6601, packet_len 130 (125)
[0;0m[0;34mRDP 0x561bc1274940: Wake Tx task (check timeouts)
[0;0m[0;34mcsp_sfp_recv_fp: 20:62, fragment 243/2304
[0;0m[0;34mcsp_sfp_recv_fp: 20:62, fragment 486/2304
[0;0m[0;34mcsp_sfp_recv_fp: 20:62, fragment 729/2304
[0;0m[0;34mcsp_sfp_recv_fp: 20:62, fragment 972/2304
[0;0m[0;34mcsp_sfp_recv_fp: 20:62, fragment 1215/2304
[0;0m[0;34mcsp_sfp_recv_fp: 20:62, fragment 1458/2304
[0;0m[0;34mcsp_sfp_recv_fp: 20:62, fragment 1701/2304
[0;0m[0;34mcsp_sfp_recv_fp: 20:62, fragment 1944/2304
[0;0m[0;34mcsp_sfp_recv_fp: 20:62, fragment 2187/2304
[0;0m[0;34mcsp_sfp_recv_fp: 20:62, fragment 2304/2304
[0;0m[0;34mRDP 0x561bc1274940: Sending  in S 3: syn 0, ack 1, eack 0, rst 0, seq_nr  6602, ack_nr 62826, packet_len 6 (1)
[0;0mRECV_BUNDLE bundle_seq=80 n=64 bytes=2304
[0;34mRDP 0x561bc1274940: Received in S 3: syn 0, ack 1, eack 0, rst 0, seq_nr 62827, ack_nr  6602, packet_len 256 (251)
[0;0m[0;34mRDP 0x561bc1274940: TX Element Free, time 24018611, seq 6602, una 6603
[0;0m[0;34mRDP 0x561bc1274940: Wake Tx task (check timeouts)
[0;0m[0;34mRDP 0x561bc1274940: Received in S 3: syn 0, ack 1, eack 0, rst 0, seq_nr 62828, ack_nr  6602, packet_len 256 (251)
[0;0m[0;34mRDP 0x561bc1274940: Send CMP S 3: syn 0, ack 1, eack 0, rst 0, seq_nr  6603, ack_nr 62828, packet_len 5 (0)
[0;0m[0;34mRDP 0x561bc1274940: Wake Tx task (check timeouts)
[0;0m[0;34mRDP 0x561bc1274940: Received in S 3: syn 0, ack 1, eack 0, rst 0, seq_nr 62829, ack_nr  6602, packet_len 256 (251)
[0;0m[0;34mRDP 0x561bc1274940: Wake Tx task (check timeouts)
[0;0m[0;34mRDP 0x561bc1274940: Received in S 3: syn 0, ack 1, eack 0, rst 0, seq_nr 62830, ack_nr  6602, packet_len 256 (251)
[0;0m[0;34mRDP 0x561bc1274940: Wake Tx task (check timeouts)
[0;0m[0;34mRDP 0x561bc1274940: Received in S 3: syn 0, ack 1, eack 0, rst 0, seq_nr 62831, ack_nr  6602, packet_len 256 (251)
[0;0m[0;34mRDP 0x561bc1274940: Send CMP S 3: syn 0, ack 1, eack 0, rst 0, seq_nr  6603, ack_nr 62831, packet_len 5 (0)
[0;0m[0;34mRDP 0x561bc1274940: Wake Tx task (check timeouts)
[0;0m[0;34mRDP 0x561bc1274940: Received in S 3: syn 0, ack 1, eack 0, rst 0, seq_nr 62832, ack_nr  6602, packet_len 256 (251)
[0;0m[0;34mRDP 0x561bc1274940: Wake Tx task (check timeouts)
[0;0m[0;34mRDP 0x561bc1274940: Received in S 3: syn 0, ack 1, eack 0, rst 0, seq_nr 62833, ack_nr  6602, packet_len 256 (251)
[0;0m[0;34mRDP 0x561bc1274940: Wake Tx task (check timeouts)
[0;0m[0;34mRDP 0x561bc1274940: Received in S 3: syn 0, ack 1, eack 0, rst 0, seq_nr 62834, ack_nr  6602, packet_len 256 (251)
[0;0m[0;34mRDP 0x561bc1274940: Send CMP S 3: syn 0, ack 1, eack 0, rst 0, seq_nr  6603, ack_nr 62834, packet_len 5 (0)
[0;0m[0;34mRDP 0x561bc1274940: Wake Tx task (check timeouts)
[0;0m[0;34mRDP 0x561bc1274940: Received in S 3: syn 0, ack 1, eack 0, rst 0, seq_nr 62835, ack_nr  6602, packet_len 256 (251)
[0;0m[0;34mRDP 0x561bc1274940: Wake Tx task (check timeouts)
[0;0m[0;34mRDP 0x561bc1274940: Received in S 3: syn 0, ack 1, eack 0, rst 0, seq_nr 62836, ack_nr  6602, packet_len 130 (125)
[0;0m[0;34mRDP 0x561bc1274940: Wake Tx task (check timeouts)
[0;0m[0;34mcsp_sfp_recv_fp: 20:62, fragment 243/2304
[0;0m[0;34mcsp_sfp_recv_fp: 20:62, fragment 486/2304
[0;0m[0;34mcsp_sfp_recv_fp: 20:62, fragment 729/2304
[0;0m[0;34mcsp_sfp_recv_fp: 20:62, fragment 972/2304
[0;0m[0;34mcsp_sfp_recv_fp: 20:62, fragment 1215/2304
[0;0m[0;34mcsp_sfp_recv_fp: 20:62, fragment 1458/2304
[0;0m[0;34mcsp_sfp_recv_fp: 20:62, fragment 1701/2304
[0;0m[0;34mcsp_sfp_recv_fp: 20:62, fragment 1944/2304
[0;0m[0;34mcsp_sfp_recv_fp: 20:62, fragment 2187/2304
[0;0m[0;34mcsp_sfp_recv_fp: 20:62, fragment 2304/2304
[0;0m[0;34mRDP 0x561bc1274940: Sending  in S 3: syn 0, ack 1, eack 0, rst 0, seq_nr  6603, ack_nr 62836, packet_len 6 (1)
[0;0mRECV_BUNDLE bundle_seq=81 n=64 bytes=2304
[0;34mRDP 0x561bc1274940: Received in S 3: syn 0, ack 1, eack 0, rst 0, seq_nr 62837, ack_nr  6603, packet_len 256 (251)
[0;0m[0;34mRDP 0x561bc1274940: Send CMP S 3: syn 0, ack 1, eack 0, rst 0, seq_nr  6604, ack_nr 62837, packet_len 5 (0)
[0;0m[0;34mRDP 0x561bc1274940: TX Element Free, time 24018612, seq 6603, una 6604
[0;0m[0;34mRDP 0x561bc1274940: Wake Tx task (check timeouts)
[0;0m[0;34mRDP 0x561bc1274940: Received in S 3: syn 0, ack 1, eack 0, rst 0, seq_nr 62838, ack_nr  6603, packet_len 256 (251)
[0;0m[0;34mRDP 0x561bc1274940: Wake Tx task (check timeouts)
[0;0m[0;34mRDP 0x561bc1274940: Received in S 3: syn 0, ack 1, eack 0, rst 0, seq_nr 62839, ack_nr  6603, packet_len 256 (251)
[0;0m[0;34mRDP 0x561bc1274940: Wake Tx task (check timeouts)
[0;0m[0;34mRDP 0x561bc1274940: Received in S 3: syn 0, ack 1, eack 0, rst 0, seq_nr 62840, ack_nr  6603, packet_len 256 (251)
[0;0m[0;34mRDP 0x561bc1274940: Send CMP S 3: syn 0, ack 1, eack 0, rst 0, seq_nr  6604, ack_nr 62840, packet_len 5 (0)
[0;0m[0;34mRDP 0x561bc1274940: Wake Tx task (check timeouts)
[0;0m[0;34mRDP 0x561bc1274940: Received in S 3: syn 0, ack 1, eack 0, rst 0, seq_nr 62841, ack_nr  6603, packet_len 256 (251)
[0;0m[0;34mRDP 0x561bc1274940: Wake Tx task (check timeouts)
[0;0m[0;34mRDP 0x561bc1274940: Received in S 3: syn 0, ack 1, eack 0, rst 0, seq_nr 62842, ack_nr  6603, packet_len 256 (251)
[0;0m[0;34mRDP 0x561bc1274940: Wake Tx task (check timeouts)
[0;0m[0;34mRDP 0x561bc1274940: Received in S 3: syn 0, ack 1, eack 0, rst 0, seq_nr 62843, ack_nr  6603, packet_len 256 (251)
[0;0m[0;34mRDP 0x561bc1274940: Send CMP S 3: syn 0, ack 1, eack 0, rst 0, seq_nr  6604, ack_nr 62843, packet_len 5 (0)
[0;0m[0;34mRDP 0x561bc1274940: Wake Tx task (check timeouts)
[0;0m[0;34mRDP 0x561bc1274940: Received in S 3: syn 0, ack 1, eack 0, rst 0, seq_nr 62844, ack_nr  6603, packet_len 256 (251)
[0;0m[0;34mRDP 0x561bc1274940: Wake Tx task (check timeouts)
[0;0m[0;34mRDP 0x561bc1274940: Received in S 3: syn 0, ack 1, eack 0, rst 0, seq_nr 62845, ack_nr  6603, packet_len 256 (251)
[0;0m[0;34mRDP 0x561bc1274940: Wake Tx task (check timeouts)
[0;0m[0;34mRDP 0x561bc1274940: Received in S 3: syn 0, ack 1, eack 0, rst 0, seq_nr 62846, ack_nr  6603, packet_len 130 (125)
[0;0m[0;34mRDP 0x561bc1274940: Send CMP S 3: syn 0, ack 1, eack 0, rst 0, seq_nr  6604, ack_nr 62846, packet_len 5 (0)
[0;0m[0;34mRDP 0x561bc1274940: Wake Tx task (check timeouts)
[0;0m[0;34mcsp_sfp_recv_fp: 20:62, fragment 243/2304
[0;0m[0;34mcsp_sfp_recv_fp: 20:62, fragment 486/2304
[0;0m[0;34mcsp_sfp_recv_fp: 20:62, fragment 729/2304
[0;0m[0;34mcsp_sfp_recv_fp: 20:62, fragment 972/2304
[0;0m[0;34mcsp_sfp_recv_fp: 20:62, fragment 1215/2304
[0;0m[0;34mcsp_sfp_recv_fp: 20:62, fragment 1458/2304
[0;0m[0;34mcsp_sfp_recv_fp: 20:62, fragment 1701/2304
[0;0m[0;34mcsp_sfp_recv_fp: 20:62, fragment 1944/2304
[0;0m[0;34mcsp_sfp_recv_fp: 20:62, fragment 2187/2304
[0;0m[0;34mcsp_sfp_recv_fp: 20:62, fragment 2304/2304
[0;0m[0;34mRDP 0x561bc1274940: Sending  in S 3: syn 0, ack 1, eack 0, rst 0, seq_nr  6604, ack_nr 62846, packet_len 6 (1)
[0;0mRECV_BUNDLE bundle_seq=82 n=64 bytes=2304
[0;34mRDP 0x561bc1274940: Received in S 3: syn 0, ack 1, eack 0, rst 0, seq_nr 62847, ack_nr  6604, packet_len 5 (0)
[0;0m[0;34mRDP 0x561bc1274940: TX Element Free, time 24018613, seq 6604, una 6605
[0;0m[0;34mRDP 0x561bc1274940: Wake Tx task (check timeouts)
[0;0m[0;34mRDP 0x561bc1274940: Received in S 3: syn 0, ack 1, eack 0, rst 0, seq_nr 62847, ack_nr  6604, packet_len 5 (0)
[0;0m[0;34mRDP 0x561bc1274940: Wake Tx task (check timeouts)
[0;0m[0;34mRDP 0x561bc1274940: Received in S 3: syn 0, ack 1, eack 0, rst 0, seq_nr 62847, ack_nr  6604, packet_len 256 (251)
[0;0m[0;34mRDP 0x561bc1274940: Wake Tx task (check timeouts)
[0;0m[0;34mRDP 0x561bc1274940: Received in S 3: syn 0, ack 1, eack 0, rst 0, seq_nr 62848, ack_nr  6604, packet_len 256 (251)
[0;0m[0;34mRDP 0x561bc1274940: Wake Tx task (check timeouts)
[0;0m[0;34mRDP 0x561bc1274940: Received in S 3: syn 0, ack 1, eack 0, rst 0, seq_nr 62849, ack_nr  6604, packet_len 256 (251)
[0;0m[0;34mRDP 0x561bc1274940: Send CMP S 3: syn 0, ack 1, eack 0, rst 0, seq_nr  6605, ack_nr 62849, packet_len 5 (0)
[0;0m[0;34mRDP 0x561bc1274940: Wake Tx task (check timeouts)
[0;0m[0;34mRDP 0x561bc1274940: Received in S 3: syn 0, ack 1, eack 0, rst 0, seq_nr 62850, ack_nr  6604, packet_len 256 (251)
[0;0m[0;34mRDP 0x561bc1274940: Wake Tx task (check timeouts)
[0;0m[0;34mcsp_sfp_recv_fp: 20:62, fragment 243/2304
[0;0m[0;34mcsp_sfp_recv_fp: 20:62, fragment 486/2304
[0;0m[0;34mcsp_sfp_recv_fp: 20:62, fragment 729/2304
[0;0m[0;34mcsp_sfp_recv_fp: 20:62, fragment 972/2304
[0;0m[0;34mRDP 0x561bc1274940: Received in S 3: syn 0, ack 1, eack 0, rst 0, seq_nr 62851, ack_nr  6604, packet_len 256 (251)
[0;0m[0;34mRDP 0x561bc1274940: Wake Tx task (check timeouts)
[0;0m[0;34mRDP 0x561bc1274940: Received in S 3: syn 0, ack 1, eack 0, rst 0, seq_nr 62852, ack_nr  6604, packet_len 256 (251)
[0;0m[0;34mRDP 0x561bc1274940: Send CMP S 3: syn 0, ack 1, eack 0, rst 0, seq_nr  6605, ack_nr 62852, packet_len 5 (0)
[0;0m[0;34mRDP 0x561bc1274940: Wake Tx task (check timeouts)
[0;0m[0;34mcsp_sfp_recv_fp: 20:62, fragment 1215/2304
[0;0m[0;34mcsp_sfp_recv_fp: 20:62, fragment 1458/2304
[0;0m[0;34mRDP 0x561bc1274940: Received in S 3: syn 0, ack 1, eack 0, rst 0, seq_nr 62853, ack_nr  6604, packet_len 256 (251)
[0;0m[0;34mRDP 0x561bc1274940: Wake Tx task (check timeouts)
[0;0m[0;34mcsp_sfp_recv_fp: 20:62, fragment 1701/2304
[0;0m[0;34mRDP 0x561bc1274940: Received in S 3: syn 0, ack 1, eack 0, rst 0, seq_nr 62854, ack_nr  6604, packet_len 256 (251)
[0;0m[0;34mRDP 0x561bc1274940: Wake Tx task (check timeouts)
[0;0m[0;34mRDP 0x561bc1274940: Received in S 3: syn 0, ack 1, eack 0, rst 0, seq_nr 62855, ack_nr  6604, packet_len 256 (251)
[0;0m[0;34mRDP 0x561bc1274940: Send CMP S 3: syn 0, ack 1, eack 0, rst 0, seq_nr  6605, ack_nr 62855, packet_len 5 (0)
[0;0m[0;34mRDP 0x561bc1274940: Wake Tx task (check timeouts)
[0;0m[0;34mRDP 0x561bc1274940: Received in S 3: syn 0, ack 1, eack 0, rst 0, seq_nr 62856, ack_nr  6604, packet_len 130 (125)
[0;0m[0;34mRDP 0x561bc1274940: Wake Tx task (check timeouts)
[0;0m[0;34mcsp_sfp_recv_fp: 20:62, fragment 1944/2304
[0;0m[1;33mcsp_sfp_recv_fp: 20:62, invalid message, offset 1701 (expected 0), length: 243, totalsize 2304
[0;0m[0;34mRDP 0x561bc1274940: Send CMP S 4: syn 0, ack 1, eack 0, rst 1, seq_nr  6605, ack_nr 62856, packet_len 5 (0)
[0;0m[0;34mRDP 0x561bc1274940: csp_rdp_close(0x1), sent RST -> CLOSE_WAIT
[0;0m[0;34mRDP 0x561bc1274940: csp_rdp_close(0x1), waiting for: protocol timeout
[0;0m[0;34mRDP 0x561bc1274940: Received in S 4: syn 0, ack 1, eack 0, rst 1, seq_nr 62857, ack_nr  6604, packet_len 5 (0)
[0;0m[0;34mRDP 0x561bc1274940: RST received in CLOSE_WAIT, ack: 1 - closing
[0;0m[0;34mRDP 0x561bc1274940: csp_rdp_close(0x2), waiting for: timeout
[0;0m[0;34mRDP 0x561bc12749c8: Received in S 0: syn 1, ack 0, eack 0, rst 0, seq_nr 55804, ack_nr     0, packet_len 29 (24)
[0;0m[0;34mRDP 0x561bc12749c8: SYN-Received
[0;0m[0;34mRDP 0x561bc12749c8: window size 4, conn timeout 1000, packet timeout 1000, delayed acks: 1, ack timeout 250, ack each 2 packet
[0;0m[0;34mRDP 0x561bc12749c8: Send CMP S 2: syn 1, ack 1, eack 0, rst 0, seq_nr 30623, ack_nr 55804, packet_len 5 (0)
[0;0m[0;34mRDP 0x561bc12749c8: Received in S 2: syn 0, ack 1, eack 0, rst 0, seq_nr 55805, ack_nr 30623, packet_len 5 (0)
[0;0m[0;34mRDP 0x561bc12749c8: NC: Connection OPEN
[0;0m[0;34mRDP 0x561bc12749c8: TX Element Free, time 24018616, seq 30623, una 30624
[0;0m[0;34mRDP 0x561bc12749c8: Wake Tx task (check timeouts)
[0;0m[0;34mRDP 0x561bc12749c8: Received in S 3: syn 0, ack 1, eack 0, rst 0, seq_nr 55805, ack_nr 30623, packet_len 256 (251)
[0;0m[0;34mRDP 0x561bc12749c8: Wake Tx task (check timeouts)
[0;0m[0;34mRDP 0x561bc12749c8: Received in S 3: syn 0, ack 1, eack 0, rst 0, seq_nr 55806, ack_nr 30623, packet_len 256 (251)
[0;0m[0;34mRDP 0x561bc12749c8: Wake Tx task (check timeouts)
[0;0m[0;34mRDP 0x561bc12749c8: Received in S 3: syn 0, ack 1, eack 0, rst 0, seq_nr 55807, ack_nr 30623, packet_len 256 (251)
[0;0m[0;34mRDP 0x561bc12749c8: Send CMP S 3: syn 0, ack 1, eack 0, rst 0, seq_nr 30624, ack_nr 55807, packet_len 5 (0)
[0;0m[0;34mRDP 0x561bc12749c8: Wake Tx task (check timeouts)
[0;0m[0;34mRDP 0x561bc12749c8: Received in S 3: syn 0, ack 1, eack 0, rst 0, seq_nr 55808, ack_nr 30623, packet_len 256 (251)
[0;0m[0;34mRDP 0x561bc12749c8: Wake Tx task (check timeouts)
[0;0m[0;34mRDP 0x561bc12749c8: Received in S 3: syn 0, ack 1, eack 0, rst 0, seq_nr 55809, ack_nr 30623, packet_len 256 (251)
[0;0m[0;34mRDP 0x561bc12749c8: Wake Tx task (check timeouts)
[0;0m[0;34mRDP 0x561bc12749c8: Received in S 3: syn 0, ack 1, eack 0, rst 0, seq_nr 55810, ack_nr 30623, packet_len 256 (251)
[0;0m[0;34mRDP 0x561bc12749c8: Send CMP S 3: syn 0, ack 1, eack 0, rst 0, seq_nr 30624, ack_nr 55810, packet_len 5 (0)
[0;0m[0;34mRDP 0x561bc12749c8: Wake Tx task (check timeouts)
[0;0m[0;34mRDP 0x561bc12749c8: Received in S 3: syn 0, ack 1, eack 0, rst 0, seq_nr 55811, ack_nr 30623, packet_len 256 (251)
[0;0m[0;34mRDP 0x561bc12749c8: Wake Tx task (check timeouts)
[0;0m[0;34mRDP 0x561bc12749c8: Received in S 3: syn 0, ack 1, eack 0, rst 0, seq_nr 55812, ack_nr 30623, packet_len 256 (251)
[0;0m[0;34mRDP 0x561bc12749c8: Wake Tx task (check timeouts)
[0;0m[0;34mRDP 0x561bc12749c8: Received in S 3: syn 0, ack 1, eack 0, rst 0, seq_nr 55813, ack_nr 30623, packet_len 256 (251)
[0;0m[0;34mRDP 0x561bc12749c8: Send CMP S 3: syn 0, ack 1, eack 0, rst 0, seq_nr 30624, ack_nr 55813, packet_len 5 (0)
[0;0m[0;34mRDP 0x561bc12749c8: Wake Tx task (check timeouts)
[0;0m[0;34mRDP 0x561bc12749c8: Received in S 3: syn 0, ack 1, eack 0, rst 0, seq_nr 55814, ack_nr 30623, packet_len 130 (125)
[0;0m[0;34mRDP 0x561bc12749c8: Wake Tx task (check timeouts)
[0;0m[0;34mcsp_sfp_recv_fp: 20:63, fragment 243/2304
[0;0m[0;34mcsp_sfp_recv_fp: 20:63, fragment 486/2304
[0;0m[0;34mcsp_sfp_recv_fp: 20:63, fragment 729/2304
[0;0m[0;34mcsp_sfp_recv_fp: 20:63, fragment 972/2304
[0;0m[0;34mcsp_sfp_recv_fp: 20:63, fragment 1215/2304
[0;0m[0;34mcsp_sfp_recv_fp: 20:63, fragment 1458/2304
[0;0m[0;34mcsp_sfp_recv_fp: 20:63, fragment 1701/2304
[0;0m[0;34mcsp_sfp_recv_fp: 20:63, fragment 1944/2304
[0;0m[0;34mcsp_sfp_recv_fp: 20:63, fragment 2187/2304
[0;0m[0;34mcsp_sfp_recv_fp: 20:63, fragment 2304/2304
[0;0m[0;34mRDP 0x561bc12749c8: Sending  in S 3: syn 0, ack 1, eack 0, rst 0, seq_nr 30624, ack_nr 55814, packet_len 6 (1)
[0;0mRECV_BUNDLE bundle_seq=83 n=64 bytes=2304
[0;34mRDP 0x561bc12749c8: Received in S 3: syn 0, ack 1, eack 0, rst 0, seq_nr 55815, ack_nr 30624, packet_len 256 (251)
[0;0m[0;34mRDP 0x561bc12749c8: TX Element Free, time 24018634, seq 30624, una 30625
[0;0m[0;34mRDP 0x561bc12749c8: Wake Tx task (check timeouts)
[0;0m[0;34mRDP 0x561bc12749c8: Received in S 3: syn 0, ack 1, eack 0, rst 0, seq_nr 55816, ack_nr 30624, packet_len 256 (251)
[0;0m[0;34mRDP 0x561bc12749c8: Send CMP S 3: syn 0, ack 1, eack 0, rst 0, seq_nr 30625, ack_nr 55816, packet_len 5 (0)
[0;0m[0;34mRDP 0x561bc12749c8: Wake Tx task (check timeouts)
[0;0m[0;34mRDP 0x561bc12749c8: Received in S 3: syn 0, ack 1, eack 0, rst 0, seq_nr 55817, ack_nr 30624, packet_len 256 (251)
[0;0m[0;34mRDP 0x561bc12749c8: Wake Tx task (check timeouts)
[0;0m[0;34mRDP 0x561bc12749c8: Received in S 3: syn 0, ack 1, eack 0, rst 0, seq_nr 55818, ack_nr 30624, packet_len 256 (251)
[0;0m[0;34mRDP 0x561bc12749c8: Wake Tx task (check timeouts)
[0;0m[0;34mcsp_sfp_recv_fp: 20:63, fragment 243/2304
[0;0m[0;34mcsp_sfp_recv_fp: 20:63, fragment 486/2304
[0;0m[0;34mcsp_sfp_recv_fp: 20:63, fragment 729/2304
[0;0m[0;34mcsp_sfp_recv_fp: 20:63, fragment 972/2304
[0;0m[0;34mRDP 0x561bc12749c8: Received in S 3: syn 0, ack 1, eack 0, rst 0, seq_nr 55819, ack_nr 30624, packet_len 256 (251)
[0;0m[0;34mRDP 0x561bc12749c8: Send CMP S 3: syn 0, ack 1, eack 0, rst 0, seq_nr 30625, ack_nr 55819, packet_len 5 (0)
[0;0m[0;34mRDP 0x561bc12749c8: Wake Tx task (check timeouts)
[0;0m[0;34mRDP 0x561bc12749c8: Received in S 3: syn 0, ack 1, eack 0, rst 0, seq_nr 55820, ack_nr 30624, packet_len 256 (251)
[0;0m[0;34mRDP 0x561bc12749c8: Wake Tx task (check timeouts)
[0;0m[0;34mRDP 0x561bc12749c8: Received in S 3: syn 0, ack 1, eack 0, rst 0, seq_nr 55821, ack_nr 30624, packet_len 256 (251)
[0;0m[0;34mRDP 0x561bc12749c8: Wake Tx task (check timeouts)
[0;0m[0;34mRDP 0x561bc12749c8: Received in S 3: syn 0, ack 1, eack 0, rst 0, seq_nr 55822, ack_nr 30624, packet_len 256 (251)
[0;0m[0;34mRDP 0x561bc12749c8: Send CMP S 3: syn 0, ack 1, eack 0, rst 0, seq_nr 30625, ack_nr 55822, packet_len 5 (0)
[0;0m[0;34mRDP 0x561bc12749c8: Wake Tx task (check timeouts)
[0;0m[0;34mRDP 0x561bc12749c8: Received in S 3: syn 0, ack 1, eack 0, rst 0, seq_nr 55823, ack_nr 30624, packet_len 256 (251)
[0;0m[0;34mRDP 0x561bc12749c8: Wake Tx task (check timeouts)
[0;0m[0;34mRDP 0x561bc12749c8: Received in S 3: syn 0, ack 1, eack 0, rst 0, seq_nr 55824, ack_nr 30624, packet_len 130 (125)
[0;0m[0;34mRDP 0x561bc12749c8: Wake Tx task (check timeouts)
[0;0m[0;34mcsp_sfp_recv_fp: 20:63, fragment 1215/2304
[0;0m[1;33mcsp_sfp_recv_fp: 20:63, invalid message, offset 972 (expected 0), length: 243, totalsize 2304
[0;0m[0;34mRDP 0x561bc12749c8: Send CMP S 4: syn 0, ack 1, eack 0, rst 1, seq_nr 30625, ack_nr 55824, packet_len 5 (0)
[0;0m[0;34mRDP 0x561bc12749c8: csp_rdp_close(0x1), sent RST -> CLOSE_WAIT
[0;0m[0;34mRDP 0x561bc12749c8: csp_rdp_close(0x1), waiting for: protocol timeout
[0;0m[0;34mRDP 0x561bc12749c8: Received in S 4: syn 0, ack 1, eack 0, rst 1, seq_nr 55825, ack_nr 30624, packet_len 5 (0)
[0;0m[0;34mRDP 0x561bc12749c8: RST received in CLOSE_WAIT, ack: 1 - closing
[0;0m[0;34mRDP 0x561bc12749c8: csp_rdp_close(0x2), waiting for: timeout
[0;0m[0;34mRDP 0x561bc1274a50: Received in S 0: syn 1, ack 0, eack 0, rst 0, seq_nr 48532, ack_nr     0, packet_len 29 (24)
[0;0m[0;34mRDP 0x561bc1274a50: SYN-Received
[0;0m[0;34mRDP 0x561bc1274a50: window size 4, conn timeout 1000, packet timeout 1000, delayed acks: 1, ack timeout 250, ack each 2 packet
[0;0m[0;34mRDP 0x561bc1274a50: Send CMP S 2: syn 1, ack 1, eack 0, rst 0, seq_nr 26403, ack_nr 48532, packet_len 5 (0)
[0;0m[0;34mRDP 0x561bc1274a50: Received in S 2: syn 0, ack 1, eack 0, rst 0, seq_nr 48533, ack_nr 26403, packet_len 5 (0)
[0;0m[0;34mRDP 0x561bc1274a50: NC: Connection OPEN
[0;0m[0;34mRDP 0x561bc1274a50: TX Element Free, time 24018637, seq 26403, una 26404
[0;0m[0;34mRDP 0x561bc1274a50: Wake Tx task (check timeouts)
[0;0m[0;34mRDP 0x561bc1274a50: Received in S 3: syn 0, ack 1, eack 0, rst 0, seq_nr 48533, ack_nr 26403, packet_len 256 (251)
[0;0m[0;34mRDP 0x561bc1274a50: Wake Tx task (check timeouts)
[0;0m[0;34mRDP 0x561bc1274a50: Received in S 3: syn 0, ack 1, eack 0, rst 0, seq_nr 48534, ack_nr 26403, packet_len 256 (251)
[0;0m[0;34mRDP 0x561bc1274a50: Wake Tx task (check timeouts)
[0;0m[0;34mRDP 0x561bc1274a50: Received in S 3: syn 0, ack 1, eack 0, rst 0, seq_nr 48535, ack_nr 26403, packet_len 256 (251)
[0;0m[0;34mRDP 0x561bc1274a50: Send CMP S 3: syn 0, ack 1, eack 0, rst 0, seq_nr 26404, ack_nr 48535, packet_len 5 (0)
[0;0m[0;34mRDP 0x561bc1274a50: Wake Tx task (check timeouts)
[0;0m[0;34mRDP 0x561bc1274a50: Received in S 3: syn 0, ack 1, eack 0, rst 0, seq_nr 48536, ack_nr 26403, packet_len 256 (251)
[0;0m[0;34mRDP 0x561bc1274a50: Wake Tx task (check timeouts)
[0;0m[0;34mRDP 0x561bc1274a50: Received in S 3: syn 0, ack 1, eack 0, rst 0, seq_nr 48537, ack_nr 26403, packet_len 256 (251)
[0;0m[0;34mRDP 0x561bc1274a50: Wake Tx task (check timeouts)
[0;0m[0;34mRDP 0x561bc1274a50: Received in S 3: syn 0, ack 1, eack 0, rst 0, seq_nr 48538, ack_nr 26403, packet_len 256 (251)
[0;0m[0;34mRDP 0x561bc1274a50: Send CMP S 3: syn 0, ack 1, eack 0, rst 0, seq_nr 26404, ack_nr 48538, packet_len 5 (0)
[0;0m[0;34mRDP 0x561bc1274a50: Wake Tx task (check timeouts)
[0;0m[0;34mRDP 0x561bc1274a50: Received in S 3: syn 0, ack 1, eack 0, rst 0, seq_nr 48539, ack_nr 26403, packet_len 256 (251)
[0;0m[0;34mRDP 0x561bc1274a50: Wake Tx task (check timeouts)
[0;0m[0;34mRDP 0x561bc1274a50: Received in S 3: syn 0, ack 1, eack 0, rst 0, seq_nr 48540, ack_nr 26403, packet_len 256 (251)
[0;0m[0;34mRDP 0x561bc1274a50: Wake Tx task (check timeouts)
[0;0m[0;34mRDP 0x561bc1274a50: Received in S 3: syn 0, ack 1, eack 0, rst 0, seq_nr 48541, ack_nr 26403, packet_len 256 (251)
[0;0m[0;34mRDP 0x561bc1274a50: Send CMP S 3: syn 0, ack 1, eack 0, rst 0, seq_nr 26404, ack_nr 48541, packet_len 5 (0)
[0;0m[0;34mRDP 0x561bc1274a50: Wake Tx task (check timeouts)
[0;0m[0;34mRDP 0x561bc1274a50: Received in S 3: syn 0, ack 1, eack 0, rst 0, seq_nr 48542, ack_nr 26403, packet_len 130 (125)
[0;0m[0;34mRDP 0x561bc1274a50: Wake Tx task (check timeouts)
[0;0m[0;34mcsp_sfp_recv_fp: 20:32, fragment 243/2304
[0;0m[0;34mcsp_sfp_recv_fp: 20:32, fragment 486/2304
[0;0m[0;34mcsp_sfp_recv_fp: 20:32, fragment 729/2304
[0;0m[0;34mcsp_sfp_recv_fp: 20:32, fragment 972/2304
[0;0m[0;34mcsp_sfp_recv_fp: 20:32, fragment 1215/2304
[0;0m[0;34mcsp_sfp_recv_fp: 20:32, fragment 1458/2304
[0;0m[0;34mcsp_sfp_recv_fp: 20:32, fragment 1701/2304
[0;0m[0;34mcsp_sfp_recv_fp: 20:32, fragment 1944/2304
[0;0m[0;34mcsp_sfp_recv_fp: 20:32, fragment 2187/2304
[0;0m[0;34mcsp_sfp_recv_fp: 20:32, fragment 2304/2304
[0;0m[0;34mRDP 0x561bc1274a50: Sending  in S 3: syn 0, ack 1, eack 0, rst 0, seq_nr 26404, ack_nr 48542, packet_len 6 (1)
[0;0mRECV_BUNDLE bundle_seq=84 n=64 bytes=2304
[0;34mRDP 0x561bc1274a50: Received in S 3: syn 0, ack 1, eack 0, rst 0, seq_nr 48543, ack_nr 26404, packet_len 256 (251)
[0;0m[0;34mRDP 0x561bc1274a50: TX Element Free, time 24018655, seq 26404, una 26405
[0;0m[0;34mRDP 0x561bc1274a50: Wake Tx task (check timeouts)
[0;0m[0;34mRDP 0x561bc1274a50: Received in S 3: syn 0, ack 1, eack 0, rst 0, seq_nr 48544, ack_nr 26404, packet_len 256 (251)
[0;0m[0;34mRDP 0x561bc1274a50: Send CMP S 3: syn 0, ack 1, eack 0, rst 0, seq_nr 26405, ack_nr 48544, packet_len 5 (0)
[0;0m[0;34mRDP 0x561bc1274a50: Wake Tx task (check timeouts)
[0;0m[0;34mRDP 0x561bc1274a50: Received in S 3: syn 0, ack 1, eack 0, rst 0, seq_nr 48545, ack_nr 26404, packet_len 256 (251)
[0;0m[0;34mRDP 0x561bc1274a50: Wake Tx task (check timeouts)
[0;0m[0;34mRDP 0x561bc1274a50: Received in S 3: syn 0, ack 1, eack 0, rst 0, seq_nr 48546, ack_nr 26404, packet_len 256 (251)
[0;0m[0;34mRDP 0x561bc1274a50: Wake Tx task (check timeouts)
[0;0m[0;34mRDP 0x561bc1274a50: Received in S 3: syn 0, ack 1, eack 0, rst 0, seq_nr 48547, ack_nr 26404, packet_len 256 (251)
[0;0m[0;34mRDP 0x561bc1274a50: Send CMP S 3: syn 0, ack 1, eack 0, rst 0, seq_nr 26405, ack_nr 48547, packet_len 5 (0)
[0;0m[0;34mRDP 0x561bc1274a50: Wake Tx task (check timeouts)
[0;0m[0;34mRDP 0x561bc1274a50: Received in S 3: syn 0, ack 1, eack 0, rst 0, seq_nr 48548, ack_nr 26404, packet_len 256 (251)
[0;0m[0;34mRDP 0x561bc1274a50: Wake Tx task (check timeouts)
[0;0m[0;34mcsp_sfp_recv_fp: 20:32, fragment 243/2304
[0;0m[0;34mcsp_sfp_recv_fp: 20:32, fragment 486/2304
[0;0m[0;34mcsp_sfp_recv_fp: 20:32, fragment 729/2304
[0;0m[0;34mcsp_sfp_recv_fp: 20:32, fragment 972/2304
[0;0m[0;34mcsp_sfp_recv_fp: 20:32, fragment 1215/2304
[0;0m[0;34mcsp_sfp_recv_fp: 20:32, fragment 1458/2304
[0;0m[0;34mRDP 0x561bc1274a50: Received in S 3: syn 0, ack 1, eack 0, rst 0, seq_nr 48549, ack_nr 26404, packet_len 256 (251)
[0;0m[0;34mRDP 0x561bc1274a50: Wake Tx task (check timeouts)
[0;0m[0;34mRDP 0x561bc1274a50: Received in S 3: syn 0, ack 1, eack 0, rst 0, seq_nr 48550, ack_nr 26404, packet_len 256 (251)
[0;0m[0;34mRDP 0x561bc1274a50: Send CMP S 3: syn 0, ack 1, eack 0, rst 0, seq_nr 26405, ack_nr 48550, packet_len 5 (0)
[0;0m[0;34mRDP 0x561bc1274a50: Wake Tx task (check timeouts)
[0;0m[0;34mRDP 0x561bc1274a50: Received in S 3: syn 0, ack 1, eack 0, rst 0, seq_nr 48551, ack_nr 26404, packet_len 256 (251)
[0;0m[0;34mRDP 0x561bc1274a50: Wake Tx task (check timeouts)
[0;0m[0;34mRDP 0x561bc1274a50: Received in S 3: syn 0, ack 1, eack 0, rst 0, seq_nr 48552, ack_nr 26404, packet_len 130 (125)
[0;0m[0;34mRDP 0x561bc1274a50: Wake Tx task (check timeouts)
[0;0m[0;34mcsp_sfp_recv_fp: 20:32, fragment 1701/2304
[0;0m[1;33mcsp_sfp_recv_fp: 20:32, invalid message, offset 1458 (expected 0), length: 243, totalsize 2304
[0;0m[0;34mRDP 0x561bc1274a50: Send CMP S 4: syn 0, ack 1, eack 0, rst 1, seq_nr 26405, ack_nr 48552, packet_len 5 (0)
[0;0m[0;34mRDP 0x561bc1274a50: csp_rdp_close(0x1), sent RST -> CLOSE_WAIT
[0;0m[0;34mRDP 0x561bc1274a50: csp_rdp_close(0x1), waiting for: protocol timeout
[0;0m[0;34mRDP 0x561bc1274a50: Received in S 4: syn 0, ack 1, eack 0, rst 1, seq_nr 48553, ack_nr 26404, packet_len 5 (0)
[0;0m[0;34mRDP 0x561bc1274a50: RST received in CLOSE_WAIT, ack: 1 - closing
[0;0m[0;34mRDP 0x561bc1274a50: csp_rdp_close(0x2), waiting for: timeout
[0;0m[0;34mRDP 0x561bc1274ad8: Received in S 0: syn 1, ack 0, eack 0, rst 0, seq_nr 29228, ack_nr     0, packet_len 29 (24)
[0;0m[0;34mRDP 0x561bc1274ad8: SYN-Received
[0;0m[0;34mRDP 0x561bc1274ad8: window size 4, conn timeout 1000, packet timeout 1000, delayed acks: 1, ack timeout 250, ack each 2 packet
[0;0m[0;34mRDP 0x561bc1274ad8: Send CMP S 2: syn 1, ack 1, eack 0, rst 0, seq_nr 13805, ack_nr 29228, packet_len 5 (0)
[0;0m[0;34mRDP 0x561bc1274ad8: Received in S 2: syn 0, ack 1, eack 0, rst 0, seq_nr 29229, ack_nr 13805, packet_len 5 (0)
[0;0m[0;34mRDP 0x561bc1274ad8: NC: Connection OPEN
[0;0m[0;34mRDP 0x561bc1274ad8: TX Element Free, time 24018658, seq 13805, una 13806
[0;0m[0;34mRDP 0x561bc1274ad8: Wake Tx task (check timeouts)
[0;0m[0;34mRDP 0x561bc1274ad8: Received in S 3: syn 0, ack 1, eack 0, rst 0, seq_nr 29229, ack_nr 13805, packet_len 256 (251)
[0;0m[0;34mRDP 0x561bc1274ad8: Wake Tx task (check timeouts)
[0;0m[0;34mRDP 0x561bc1274ad8: Received in S 3: syn 0, ack 1, eack 0, rst 0, seq_nr 29230, ack_nr 13805, packet_len 256 (251)
[0;0m[0;34mRDP 0x561bc1274ad8: Wake Tx task (check timeouts)
[0;0m[0;34mRDP 0x561bc1274ad8: Received in S 3: syn 0, ack 1, eack 0, rst 0, seq_nr 29231, ack_nr 13805, packet_len 256 (251)
[0;0m[0;34mRDP 0x561bc1274ad8: Send CMP S 3: syn 0, ack 1, eack 0, rst 0, seq_nr 13806, ack_nr 29231, packet_len 5 (0)
[0;0m[0;34mRDP 0x561bc1274ad8: Wake Tx task (check timeouts)
[0;0m[0;34mRDP 0x561bc1274ad8: Received in S 3: syn 0, ack 1, eack 0, rst 0, seq_nr 29232, ack_nr 13805, packet_len 256 (251)
[0;0m[0;34mRDP 0x561bc1274ad8: Wake Tx task (check timeouts)
[0;0m[0;34mRDP 0x561bc1274ad8: Received in S 3: syn 0, ack 1, eack 0, rst 0, seq_nr 29233, ack_nr 13805, packet_len 256 (251)
[0;0m[0;34mRDP 0x561bc1274ad8: Wake Tx task (check timeouts)
[0;0m[0;34mRDP 0x561bc1274ad8: Received in S 3: syn 0, ack 1, eack 0, rst 0, seq_nr 29234, ack_nr 13805, packet_len 256 (251)
[0;0m[0;34mRDP 0x561bc1274ad8: Send CMP S 3: syn 0, ack 1, eack 0, rst 0, seq_nr 13806, ack_nr 29234, packet_len 5 (0)
[0;0m[0;34mRDP 0x561bc1274ad8: Wake Tx task (check timeouts)
[0;0m[0;34mRDP 0x561bc1274ad8: Received in S 3: syn 0, ack 1, eack 0, rst 0, seq_nr 29235, ack_nr 13805, packet_len 256 (251)
[0;0m[0;34mRDP 0x561bc1274ad8: Wake Tx task (check timeouts)
[0;0m[0;34mRDP 0x561bc1274ad8: Received in S 3: syn 0, ack 1, eack 0, rst 0, seq_nr 29236, ack_nr 13805, packet_len 256 (251)
[0;0m[0;34mRDP 0x561bc1274ad8: Wake Tx task (check timeouts)
[0;0m[0;34mRDP 0x561bc1274ad8: Received in S 3: syn 0, ack 1, eack 0, rst 0, seq_nr 29237, ack_nr 13805, packet_len 256 (251)
[0;0m[0;34mRDP 0x561bc1274ad8: Send CMP S 3: syn 0, ack 1, eack 0, rst 0, seq_nr 13806, ack_nr 29237, packet_len 5 (0)
[0;0m[0;34mRDP 0x561bc1274ad8: Wake Tx task (check timeouts)
[0;0m[0;34mRDP 0x561bc1274ad8: Received in S 3: syn 0, ack 1, eack 0, rst 0, seq_nr 29238, ack_nr 13805, packet_len 130 (125)
[0;0m[0;34mRDP 0x561bc1274ad8: Wake Tx task (check timeouts)
[0;0m[0;34mcsp_sfp_recv_fp: 20:33, fragment 243/2304
[0;0m[0;34mcsp_sfp_recv_fp: 20:33, fragment 486/2304
[0;0m[0;34mcsp_sfp_recv_fp: 20:33, fragment 729/2304
[0;0m[0;34mcsp_sfp_recv_fp: 20:33, fragment 972/2304
[0;0m[0;34mcsp_sfp_recv_fp: 20:33, fragment 1215/2304
[0;0m[0;34mcsp_sfp_recv_fp: 20:33, fragment 1458/2304
[0;0m[0;34mcsp_sfp_recv_fp: 20:33, fragment 1701/2304
[0;0m[0;34mcsp_sfp_recv_fp: 20:33, fragment 1944/2304
[0;0m[0;34mcsp_sfp_recv_fp: 20:33, fragment 2187/2304
[0;0m[0;34mcsp_sfp_recv_fp: 20:33, fragment 2304/2304
[0;0m[0;34mRDP 0x561bc1274ad8: Sending  in S 3: syn 0, ack 1, eack 0, rst 0, seq_nr 13806, ack_nr 29238, packet_len 6 (1)
[0;0mRECV_BUNDLE bundle_seq=85 n=64 bytes=2304
[0;34mRDP 0x561bc1274ad8: Received in S 3: syn 0, ack 1, eack 0, rst 0, seq_nr 29239, ack_nr 13806, packet_len 256 (251)
[0;0m[0;34mRDP 0x561bc1274ad8: TX Element Free, time 24018676, seq 13806, una 13807
[0;0m[0;34mRDP 0x561bc1274ad8: Wake Tx task (check timeouts)
[0;0m[0;34mRDP 0x561bc1274ad8: Received in S 3: syn 0, ack 1, eack 0, rst 0, seq_nr 29240, ack_nr 13806, packet_len 256 (251)
[0;0m[0;34mRDP 0x561bc1274ad8: Send CMP S 3: syn 0, ack 1, eack 0, rst 0, seq_nr 13807, ack_nr 29240, packet_len 5 (0)
[0;0m[0;34mRDP 0x561bc1274ad8: Wake Tx task (check timeouts)
[0;0m[0;34mRDP 0x561bc1274ad8: Received in S 3: syn 0, ack 1, eack 0, rst 0, seq_nr 29241, ack_nr 13806, packet_len 256 (251)
[0;0m[0;34mRDP 0x561bc1274ad8: Wake Tx task (check timeouts)
[0;0m[0;34mRDP 0x561bc1274ad8: Received in S 3: syn 0, ack 1, eack 0, rst 0, seq_nr 29242, ack_nr 13806, packet_len 256 (251)
[0;0m[0;34mRDP 0x561bc1274ad8: Wake Tx task (check timeouts)
[0;0m[0;34mRDP 0x561bc1274ad8: Received in S 3: syn 0, ack 1, eack 0, rst 0, seq_nr 29243, ack_nr 13806, packet_len 256 (251)
[0;0m[0;34mRDP 0x561bc1274ad8: Send CMP S 3: syn 0, ack 1, eack 0, rst 0, seq_nr 13807, ack_nr 29243, packet_len 5 (0)
[0;0m[0;34mRDP 0x561bc1274ad8: Wake Tx task (check timeouts)
[0;0m[0;34mRDP 0x561bc1274ad8: Received in S 3: syn 0, ack 1, eack 0, rst 0, seq_nr 29244, ack_nr 13806, packet_len 256 (251)
[0;0m[0;34mRDP 0x561bc1274ad8: Wake Tx task (check timeouts)
[0;0m[0;34mRDP 0x561bc1274ad8: Received in S 3: syn 0, ack 1, eack 0, rst 0, seq_nr 29245, ack_nr 13806, packet_len 256 (251)
[0;0m[0;34mRDP 0x561bc1274ad8: Wake Tx task (check timeouts)
[0;0m[0;34mRDP 0x561bc1274ad8: Received in S 3: syn 0, ack 1, eack 0, rst 0, seq_nr 29246, ack_nr 13806, packet_len 256 (251)
[0;0m[0;34mRDP 0x561bc1274ad8: Send CMP S 3: syn 0, ack 1, eack 0, rst 0, seq_nr 13807, ack_nr 29246, packet_len 5 (0)
[0;0m[0;34mRDP 0x561bc1274ad8: Wake Tx task (check timeouts)
[0;0m[0;34mRDP 0x561bc1274ad8: Received in S 3: syn 0, ack 1, eack 0, rst 0, seq_nr 29247, ack_nr 13806, packet_len 256 (251)
[0;0m[0;34mRDP 0x561bc1274ad8: Wake Tx task (check timeouts)
[0;0m[0;34mRDP 0x561bc1274ad8: Received in S 3: syn 0, ack 1, eack 0, rst 0, seq_nr 29248, ack_nr 13806, packet_len 130 (125)
[0;0m[0;34mRDP 0x561bc1274ad8: Wake Tx task (check timeouts)
[0;0m[0;34mcsp_sfp_recv_fp: 20:33, fragment 243/2304
[0;0m[0;34mcsp_sfp_recv_fp: 20:33, fragment 486/2304
[0;0m[0;34mcsp_sfp_recv_fp: 20:33, fragment 729/2304
[0;0m[0;34mcsp_sfp_recv_fp: 20:33, fragment 972/2304
[0;0m[0;34mcsp_sfp_recv_fp: 20:33, fragment 1215/2304
[0;0m[0;34mcsp_sfp_recv_fp: 20:33, fragment 1458/2304
[0;0m[0;34mcsp_sfp_recv_fp: 20:33, fragment 1701/2304
[0;0m[0;34mcsp_sfp_recv_fp: 20:33, fragment 1944/2304
[0;0m[0;34mcsp_sfp_recv_fp: 20:33, fragment 2187/2304
[0;0m[0;34mcsp_sfp_recv_fp: 20:33, fragment 2304/2304
[0;0m[0;34mRDP 0x561bc1274ad8: Sending  in S 3: syn 0, ack 1, eack 0, rst 0, seq_nr 13807, ack_nr 29248, packet_len 6 (1)
[0;0mRECV_BUNDLE bundle_seq=86 n=64 bytes=2304
[0;34mRDP 0x561bc1274ad8: Received in S 3: syn 0, ack 1, eack 0, rst 0, seq_nr 29249, ack_nr 13807, packet_len 256 (251)
[0;0m[0;34mRDP 0x561bc1274ad8: Send CMP S 3: syn 0, ack 1, eack 0, rst 0, seq_nr 13808, ack_nr 29249, packet_len 5 (0)
[0;0m[0;34mRDP 0x561bc1274ad8: TX Element Free, time 24018677, seq 13807, una 13808
[0;0m[0;34mRDP 0x561bc1274ad8: Wake Tx task (check timeouts)
[0;0m[0;34mRDP 0x561bc1274ad8: Received in S 3: syn 0, ack 1, eack 0, rst 0, seq_nr 29250, ack_nr 13807, packet_len 256 (251)
[0;0m[0;34mRDP 0x561bc1274ad8: Wake Tx task (check timeouts)
[0;0m[0;34mRDP 0x561bc1274ad8: Received in S 3: syn 0, ack 1, eack 0, rst 0, seq_nr 29251, ack_nr 13807, packet_len 256 (251)
[0;0m[0;34mRDP 0x561bc1274ad8: Wake Tx task (check timeouts)
[0;0m[0;34mRDP 0x561bc1274ad8: Received in S 3: syn 0, ack 1, eack 0, rst 0, seq_nr 29252, ack_nr 13807, packet_len 256 (251)
[0;0m[0;34mRDP 0x561bc1274ad8: Send CMP S 3: syn 0, ack 1, eack 0, rst 0, seq_nr 13808, ack_nr 29252, packet_len 5 (0)
[0;0m[0;34mRDP 0x561bc1274ad8: Wake Tx task (check timeouts)
[0;0m[0;34mRDP 0x561bc1274ad8: Received in S 3: syn 0, ack 1, eack 0, rst 0, seq_nr 29253, ack_nr 13807, packet_len 256 (251)
[0;0m[0;34mRDP 0x561bc1274ad8: Wake Tx task (check timeouts)
[0;0m[0;34mRDP 0x561bc1274ad8: Received in S 3: syn 0, ack 1, eack 0, rst 0, seq_nr 29254, ack_nr 13807, packet_len 256 (251)
[0;0m[0;34mRDP 0x561bc1274ad8: Wake Tx task (check timeouts)
[0;0m[0;34mRDP 0x561bc1274ad8: Received in S 3: syn 0, ack 1, eack 0, rst 0, seq_nr 29255, ack_nr 13807, packet_len 256 (251)
[0;0m[0;34mRDP 0x561bc1274ad8: Send CMP S 3: syn 0, ack 1, eack 0, rst 0, seq_nr 13808, ack_nr 29255, packet_len 5 (0)
[0;0m[0;34mRDP 0x561bc1274ad8: Wake Tx task (check timeouts)
[0;0m[0;34mRDP 0x561bc1274ad8: Received in S 3: syn 0, ack 1, eack 0, rst 0, seq_nr 29256, ack_nr 13807, packet_len 256 (251)
[0;0m[0;34mRDP 0x561bc1274ad8: Wake Tx task (check timeouts)
[0;0m[0;34mcsp_sfp_recv_fp: 20:33, fragment 243/2304
[0;0m[0;34mcsp_sfp_recv_fp: 20:33, fragment 486/2304
[0;0m[0;34mcsp_sfp_recv_fp: 20:33, fragment 729/2304
[0;0m[0;34mRDP 0x561bc1274ad8: Received in S 3: syn 0, ack 1, eack 0, rst 0, seq_nr 29257, ack_nr 13807, packet_len 256 (251)
[0;0m[0;34m[0;34mRDP 0x561bc1274ad8: Wake Tx task (check timeouts)
[0;0mcsp_sfp_recv_fp: 20:33, fragment 972/2304
[0;0m[0;34mcsp_sfp_recv_fp: 20:33, fragment 1215/2304
[0;0m[0;34mcsp_sfp_recv_fp: 20:33, fragment 1458/2304
[0;0m[0;34mcsp_sfp_recv_fp: 20:33, fragment 1701/2304
[0;0m[0;34mcsp_sfp_recv_fp: 20:33, fragment 1944/2304
[0;0m[0;34mcsp_sfp_recv_fp: 20:33, fragment 2187/2304
[0;0m[0;34mRDP 0x561bc1274ad8: Received in S 3: syn 0, ack 1, eack 0, rst 0, seq_nr 29258, ack_nr 13807, packet_len 130 (125)
[0;0m[0;34mRDP 0x561bc1274ad8: Send CMP S 3: syn 0, ack 1, eack 0, rst 0, seq_nr 13808, ack_nr 29258, packet_len 5 (0)
[0;0m[0;34mcsp_sfp_recv_fp: 20:33, fragment 2304/2304[0;34m
[0;0mRDP 0x561bc1274ad8: Wake Tx task (check timeouts)
[0;0m[0;34mRDP 0x561bc1274ad8: Sending  in S 3: syn 0, ack 1, eack 0, rst 0, seq_nr 13808, ack_nr 29258, packet_len 6 (1)
[0;0mRECV_BUNDLE bundle_seq=87 n=64 bytes=2304
[0;34mRDP 0x561bc1274ad8: Received in S 3: syn 0, ack 1, eack 0, rst 0, seq_nr 29259, ack_nr 13808, packet_len 5 (0)
[0;0m[0;34mRDP 0x561bc1274ad8: TX Element Free, time 24018679, seq 13808, una 13809
[0;0m[0;34mRDP 0x561bc1274ad8: Wake Tx task (check timeouts)
[0;0m[0;34mRDP 0x561bc1274ad8: Received in S 3: syn 0, ack 1, eack 0, rst 0, seq_nr 29259, ack_nr 13808, packet_len 256 (251)
[0;0m[0;34mRDP 0x561bc1274ad8: Wake Tx task (check timeouts)
[0;0m[0;34mRDP 0x561bc1274ad8: Received in S 3: syn 0, ack 1, eack 0, rst 0, seq_nr 29260, ack_nr 13808, packet_len 256 (251)
[0;0m[0;34mRDP 0x561bc1274ad8: Wake Tx task (check timeouts)
[0;0m[0;34mRDP 0x561bc1274ad8: Received in S 3: syn 0, ack 1, eack 0, rst 0, seq_nr 29261, ack_nr 13808, packet_len 256 (251)
[0;0m[0;34mRDP 0x561bc1274ad8: Send CMP S 3: syn 0, ack 1, eack 0, rst 0, seq_nr 13809, ack_nr 29261, packet_len 5 (0)
[0;0m[0;34mRDP 0x561bc1274ad8: Wake Tx task (check timeouts)
[0;0m[0;34mRDP 0x561bc1274ad8: Received in S 3: syn 0, ack 1, eack 0, rst 0, seq_nr 29262, ack_nr 13808, packet_len 256 (251)
[0;0m[0;34mRDP 0x561bc1274ad8: Wake Tx task (check timeouts)
[0;0m[0;34mRDP 0x561bc1274ad8: Received in S 3: syn 0, ack 1, eack 0, rst 0, seq_nr 29263, ack_nr 13808, packet_len 256 (251)
[0;0m[0;34mRDP 0x561bc1274ad8: Wake Tx task (check timeouts)
[0;0m[0;34mRDP 0x561bc1274ad8: Received in S 3: syn 0, ack 1, eack 0, rst 0, seq_nr 29264, ack_nr 13808, packet_len 256 (251)
[0;0m[0;34mRDP 0x561bc1274ad8: Send CMP S 3: syn 0, ack 1, eack 0, rst 0, seq_nr 13809, ack_nr 29264, packet_len 5 (0)
[0;0m[0;34mRDP 0x561bc1274ad8: Wake Tx task (check timeouts)
[0;0m[0;34mRDP 0x561bc1274ad8: Received in S 3: syn 0, ack 1, eack 0, rst 0, seq_nr 29265, ack_nr 13808, packet_len 256 (251)
[0;0m[0;34mRDP 0x561bc1274ad8: Wake Tx task (check timeouts)
[0;0m[0;34mRDP 0x561bc1274ad8: Received in S 3: syn 0, ack 1, eack 0, rst 0, seq_nr 29266, ack_nr 13808, packet_len 256 (251)
[0;0m[0;34mRDP 0x561bc1274ad8: Wake Tx task (check timeouts)
[0;0m[0;34mRDP 0x561bc1274ad8: Received in S 3: syn 0, ack 1, eack 0, rst 0, seq_nr 29267, ack_nr 13808, packet_len 256 (251)
[0;0m[0;34mRDP 0x561bc1274ad8: Send CMP S 3: syn 0, ack 1, eack 0, rst 0, seq_nr 13809, ack_nr 29267, packet_len 5 (0)
[0;0m[0;34mRDP 0x561bc1274ad8: Send CMP S 3: syn 0, ack 1, eack 0, rst 0, seq_nr 13809, ack_nr 29267, packet_len 5 (0)
[0;0m[0;34mRDP 0x561bc1274ad8: Wake Tx task (check timeouts)
[0;0m[0;34mcsp_sfp_recv_fp: 20:33, fragment 243/2304
[0;0m[0;34mcsp_sfp_recv_fp: 20:33, fragment 486/2304
[0;0m[0;34mcsp_sfp_recv_fp: 20:33, fragment 729/2304
[0;0m[0;34mcsp_sfp_recv_fp: 20:33, fragment 972/2304
[0;0m[0;34mcsp_sfp_recv_fp: 20:33, fragment 1215/2304
[0;0m[0;34mcsp_sfp_recv_fp: 20:33, fragment 1458/2304
[0;0m[0;34mcsp_sfp_recv_fp: 20:33, fragment 1701/2304
[0;0m[0;34mcsp_sfp_recv_fp: 20:33, fragment 1944/2304
[0;0m[0;34mcsp_sfp_recv_fp: 20:33, fragment 2187/2304
[0;0m[0;34mRDP 0x561bc1274ad8: Received in S 3: syn 0, ack 1, eack 0, rst 0, seq_nr 29268, ack_nr 13808, packet_len 130 (125)
[0;0m[0;34mRDP 0x561bc1274ad8: Wake Tx task (check timeouts)
[0;0m[0;34mcsp_sfp_recv_fp: 20:33, fragment 2304/2304
[0;0m[0;34mRDP 0x561bc1274ad8: Sending  in S 3: syn 0, ack 1, eack 0, rst 0, seq_nr 13809, ack_nr 29268, packet_len 6 (1)
[0;0mRECV_BUNDLE bundle_seq=88 n=64 bytes=2304
[0;34mRDP 0x561bc1274ad8: Received in S 3: syn 0, ack 1, eack 0, rst 0, seq_nr 29269, ack_nr 13809, packet_len 256 (251)
[0;0m[0;34mRDP 0x561bc1274ad8: TX Element Free, time 24018680, seq 13809, una 13810
[0;0m[0;34mRDP 0x561bc1274ad8: Wake Tx task (check timeouts)
[0;0m[0;34mRDP 0x561bc1274ad8: Received in S 3: syn 0, ack 1, eack 0, rst 0, seq_nr 29270, ack_nr 13809, packet_len 256 (251)
[0;0m[0;34mRDP 0x561bc1274ad8: Send CMP S 3: syn 0, ack 1, eack 0, rst 0, seq_nr 13810, ack_nr 29270, packet_len 5 (0)
[0;0m[0;34mRDP 0x561bc1274ad8: Wake Tx task (check timeouts)
[0;0m[0;34mRDP 0x561bc1274ad8: Received in S 3: syn 0, ack 1, eack 0, rst 0, seq_nr 29271, ack_nr 13809, packet_len 256 (251)
[0;0m[0;34mRDP 0x561bc1274ad8: Wake Tx task (check timeouts)
[0;0m[0;34mRDP 0x561bc1274ad8: Received in S 3: syn 0, ack 1, eack 0, rst 0, seq_nr 29272, ack_nr 13809, packet_len 256 (251)
[0;0m[0;34mRDP 0x561bc1274ad8: Wake Tx task (check timeouts)
[0;0m[0;34mRDP 0x561bc1274ad8: Received in S 3: syn 0, ack 1, eack 0, rst 0, seq_nr 29273, ack_nr 13809, packet_len 256 (251)
[0;0m[0;34mRDP 0x561bc1274ad8: Send CMP S 3: syn 0, ack 1, eack 0, rst 0, seq_nr 13810, ack_nr 29273, packet_len 5 (0)
[0;0m[0;34mRDP 0x561bc1274ad8: Wake Tx task (check timeouts)
[0;0m[0;34mRDP 0x561bc1274ad8: Received in S 3: syn 0, ack 1, eack 0, rst 0, seq_nr 29274, ack_nr 13809, packet_len 256 (251)
[0;0m[0;34mRDP 0x561bc1274ad8: Wake Tx task (check timeouts)
[0;0m[0;34mcsp_sfp_recv_fp: 20:33, fragment 243/2304
[0;0m[0;34mcsp_sfp_recv_fp: 20:33, fragment 486/2304
[0;0m[0;34mcsp_sfp_recv_fp: 20:33, fragment 729/2304
[0;0m[0;34mcsp_sfp_recv_fp: 20:33, fragment 972/2304
[0;0m[0;34mcsp_sfp_recv_fp: 20:33, fragment 1215/2304
[0;0m[0;34mcsp_sfp_recv_fp: 20:33, fragment 1458/2304
[0;0m[0;34mRDP 0x561bc1274ad8: Received in S 3: syn 0, ack 1, eack 0, rst 0, seq_nr 29275, ack_nr 13809, packet_len 256 (251)
[0;0m[0;34mRDP 0x561bc1274ad8: Wake Tx task (check timeouts)
[0;0m[0;34mcsp_sfp_recv_fp: 20:33, fragment 1701/2304
[0;0m[0;34mRDP 0x561bc1274ad8: Received in S 3: syn 0, ack 1, eack 0, rst 0, seq_nr 29276, ack_nr 13809, packet_len 256 (251)
[0;0m[0;34mRDP 0x561bc1274ad8: Send CMP S 3: syn 0, ack 1, eack 0, rst 0, seq_nr 13810, ack_nr 29276, packet_len 5 (0)
[0;0m[0;34mRDP 0x561bc1274ad8: Wake Tx task (check timeouts)
[0;0m[0;34mRDP 0x561bc1274ad8: Received in S 3: syn 0, ack 1, eack 0, rst 0, seq_nr 29277, ack_nr 13809, packet_len 256 (251)
[0;0m[0;34mRDP 0x561bc1274ad8: Wake Tx task (check timeouts)
[0;0m[0;34mRDP 0x561bc1274ad8: Received in S 3: syn 0, ack 1, eack 0, rst 0, seq_nr 29278, ack_nr 13809, packet_len 130 (125)
[0;0m[0;34mRDP 0x561bc1274ad8: Wake Tx task (check timeouts)
[0;0m[0;34mcsp_sfp_recv_fp: 20:33, fragment 1944/2304
[0;0m[1;33mcsp_sfp_recv_fp: 20:33, invalid message, offset 1701 (expected 0), length: 243, totalsize 2304
[0;0m[0;34mRDP 0x561bc1274ad8: Send CMP S 4: syn 0, ack 1, eack 0, rst 1, seq_nr 13810, ack_nr 29278, packet_len 5 (0)
[0;0m[0;34mRDP 0x561bc1274ad8: csp_rdp_close(0x1), sent RST -> CLOSE_WAIT
[0;0m[0;34mRDP 0x561bc1274ad8: csp_rdp_close(0x1), waiting for: protocol timeout
[0;0m[0;34mRDP 0x561bc1274ad8: Received in S 4: syn 0, ack 1, eack 0, rst 1, seq_nr 29279, ack_nr 13809, packet_len 5 (0)
[0;0m[0;34mRDP 0x561bc1274ad8: RST received in CLOSE_WAIT, ack: 1 - closing
[0;0m[0;34mRDP 0x561bc1274ad8: csp_rdp_close(0x2), waiting for: timeout
[0;0m[0;34mRDP 0x561bc1274b60: Received in S 0: syn 1, ack 0, eack 0, rst 0, seq_nr   467, ack_nr     0, packet_len 29 (24)
[0;0m[0;34mRDP 0x561bc1274b60: SYN-Received
[0;0m[0;34mRDP 0x561bc1274b60: window size 4, conn timeout 1000, packet timeout 1000, delayed acks: 1, ack timeout 250, ack each 2 packet
[0;0m[0;34mRDP 0x561bc1274b60: Send CMP S 2: syn 1, ack 1, eack 0, rst 0, seq_nr 63756, ack_nr   467, packet_len 5 (0)
[0;0m[0;34mRDP 0x561bc1274b60: Received in S 2: syn 0, ack 1, eack 0, rst 0, seq_nr   468, ack_nr 63756, packet_len 5 (0)
[0;0m[0;34mRDP 0x561bc1274b60: NC: Connection OPEN
[0;0m[0;34mRDP 0x561bc1274b60: TX Element Free, time 24018683, seq 63756, una 63757
[0;0m[0;34mRDP 0x561bc1274b60: Wake Tx task (check timeouts)
[0;0m[0;34mRDP 0x561bc1274b60: Received in S 3: syn 0, ack 1, eack 0, rst 0, seq_nr   468, ack_nr 63756, packet_len 256 (251)
[0;0m[0;34mRDP 0x561bc1274b60: Wake Tx task (check timeouts)
[0;0m[0;34mRDP 0x561bc1274b60: Received in S 3: syn 0, ack 1, eack 0, rst 0, seq_nr   469, ack_nr 63756, packet_len 256 (251)
[0;0m[0;34mRDP 0x561bc1274b60: Wake Tx task (check timeouts)
[0;0m[0;34mRDP 0x561bc1274b60: Received in S 3: syn 0, ack 1, eack 0, rst 0, seq_nr   470, ack_nr 63756, packet_len 256 (251)
[0;0m[0;34mRDP 0x561bc1274b60: Send CMP S 3: syn 0, ack 1, eack 0, rst 0, seq_nr 63757, ack_nr   470, packet_len 5 (0)
[0;0m[0;34mRDP 0x561bc1274b60: Wake Tx task (check timeouts)
[0;0m[0;34mRDP 0x561bc1274b60: Received in S 3: syn 0, ack 1, eack 0, rst 0, seq_nr   471, ack_nr 63756, packet_len 256 (251)
[0;0m[0;34mRDP 0x561bc1274b60: Wake Tx task (check timeouts)
[0;0m[0;34mRDP 0x561bc1274b60: Received in S 3: syn 0, ack 1, eack 0, rst 0, seq_nr   472, ack_nr 63756, packet_len 256 (251)
[0;0m[0;34mRDP 0x561bc1274b60: Wake Tx task (check timeouts)
[0;0m[0;34mRDP 0x561bc1274b60: Received in S 3: syn 0, ack 1, eack 0, rst 0, seq_nr   473, ack_nr 63756, packet_len 256 (251)
[0;0m[0;34mRDP 0x561bc1274b60: Send CMP S 3: syn 0, ack 1, eack 0, rst 0, seq_nr 63757, ack_nr   473, packet_len 5 (0)
[0;0m[0;34mRDP 0x561bc1274b60: Wake Tx task (check timeouts)
[0;0m[0;34mRDP 0x561bc1274b60: Received in S 3: syn 0, ack 1, eack 0, rst 0, seq_nr   474, ack_nr 63756, packet_len 256 (251)
[0;0m[0;34mRDP 0x561bc1274b60: Wake Tx task (check timeouts)
[0;0m[0;34mRDP 0x561bc1274b60: Received in S 3: syn 0, ack 1, eack 0, rst 0, seq_nr   475, ack_nr 63756, packet_len 256 (251)
[0;0m[0;34mRDP 0x561bc1274b60: Wake Tx task (check timeouts)
[0;0m[0;34mRDP 0x561bc1274b60: Received in S 3: syn 0, ack 1, eack 0, rst 0, seq_nr   476, ack_nr 63756, packet_len 256 (251)
[0;0m[0;34mRDP 0x561bc1274b60: Send CMP S 3: syn 0, ack 1, eack 0, rst 0, seq_nr 63757, ack_nr   476, packet_len 5 (0)
[0;0m[0;34mRDP 0x561bc1274b60: Wake Tx task (check timeouts)
[0;0m[0;34mRDP 0x561bc1274b60: Received in S 3: syn 0, ack 1, eack 0, rst 0, seq_nr   477, ack_nr 63756, packet_len 130 (125)
[0;0m[0;34mRDP 0x561bc1274b60: Wake Tx task (check timeouts)
[0;0m[0;34mcsp_sfp_recv_fp: 20:34, fragment 243/2304
[0;0m[0;34mcsp_sfp_recv_fp: 20:34, fragment 486/2304
[0;0m[0;34mcsp_sfp_recv_fp: 20:34, fragment 729/2304
[0;0m[0;34mcsp_sfp_recv_fp: 20:34, fragment 972/2304
[0;0m[0;34mcsp_sfp_recv_fp: 20:34, fragment 1215/2304
[0;0m[0;34mcsp_sfp_recv_fp: 20:34, fragment 1458/2304
[0;0m[0;34mcsp_sfp_recv_fp: 20:34, fragment 1701/2304
[0;0m[0;34mcsp_sfp_recv_fp: 20:34, fragment 1944/2304
[0;0m[0;34mcsp_sfp_recv_fp: 20:34, fragment 2187/2304
[0;0m[0;34mcsp_sfp_recv_fp: 20:34, fragment 2304/2304
[0;0m[0;34mRDP 0x561bc1274b60: Sending  in S 3: syn 0, ack 1, eack 0, rst 0, seq_nr 63757, ack_nr   477, packet_len 6 (1)
[0;0mRECV_BUNDLE bundle_seq=89 n=64 bytes=2304
[0;34mRDP 0x561bc1274b60: Received in S 3: syn 0, ack 1, eack 0, rst 0, seq_nr   478, ack_nr 63757, packet_len 256 (251)
[0;0m[0;34mRDP 0x561bc1274b60: TX Element Free, time 24018700, seq 63757, una 63758
[0;0m[0;34mRDP 0x561bc1274b60: Wake Tx task (check timeouts)
[0;0m[0;34mRDP 0x561bc1274b60: Received in S 3: syn 0, ack 1, eack 0, rst 0, seq_nr   479, ack_nr 63757, packet_len 256 (251)
[0;0m[0;34mRDP 0x561bc1274b60: Send CMP S 3: syn 0, ack 1, eack 0, rst 0, seq_nr 63758, ack_nr   479, packet_len 5 (0)
[0;0m[0;34mRDP 0x561bc1274b60: Wake Tx task (check timeouts)
[0;0m[0;34mRDP 0x561bc1274b60: Received in S 3: syn 0, ack 1, eack 0, rst 0, seq_nr   480, ack_nr 63757, packet_len 256 (251)
[0;0m[0;34mRDP 0x561bc1274b60: Wake Tx task (check timeouts)
[0;0m[0;34mRDP 0x561bc1274b60: Received in S 3: syn 0, ack 1, eack 0, rst 0, seq_nr   481, ack_nr 63757, packet_len 256 (251)
[0;0m[0;34mRDP 0x561bc1274b60: Wake Tx task (check timeouts)
[0;0m[0;34mRDP 0x561bc1274b60: Received in S 3: syn 0, ack 1, eack 0, rst 0, seq_nr   482, ack_nr 63757, packet_len 256 (251)
[0;0m[0;34mRDP 0x561bc1274b60: Send CMP S 3: syn 0, ack 1, eack 0, rst 0, seq_nr 63758, ack_nr   482, packet_len 5 (0)
[0;0m[0;34mRDP 0x561bc1274b60: Wake Tx task (check timeouts)
[0;0m[0;34mRDP 0x561bc1274b60: Received in S 3: syn 0, ack 1, eack 0, rst 0, seq_nr   483, ack_nr 63757, packet_len 256 (251)
[0;0m[0;34mRDP 0x561bc1274b60: Wake Tx task (check timeouts)
[0;0m[0;34mRDP 0x561bc1274b60: Received in S 3: syn 0, ack 1, eack 0, rst 0, seq_nr   484, ack_nr 63757, packet_len 256 (251)
[0;0m[0;34mRDP 0x561bc1274b60: Wake Tx task (check timeouts)
[0;0m[0;34mRDP 0x561bc1274b60: Received in S 3: syn 0, ack 1, eack 0, rst 0, seq_nr   485, ack_nr 63757, packet_len 256 (251)
[0;0m[0;34mRDP 0x561bc1274b60: Send CMP S 3: syn 0, ack 1, eack 0, rst 0, seq_nr 63758, ack_nr   485, packet_len 5 (0)
[0;0m[0;34mRDP 0x561bc1274b60: Wake Tx task (check timeouts)
[0;0m[0;34mRDP 0x561bc1274b60: Received in S 3: syn 0, ack 1, eack 0, rst 0, seq_nr   486, ack_nr 63757, packet_len 256 (251)
[0;0m[0;34mRDP 0x561bc1274b60: Wake Tx task (check timeouts)
[0;0m[0;34mcsp_sfp_recv_fp: 20:34, fragment 243/2304
[0;0m[0;34mcsp_sfp_recv_fp: 20:34, fragment 486/2304
[0;0m[0;34mcsp_sfp_recv_fp: 20:34, fragment 729/2304
[0;0m[0;34mcsp_sfp_recv_fp: 20:34, fragment 972/2304
[0;0m[0;34mcsp_sfp_recv_fp: 20:34, fragment 1215/2304
[0;0m[0;34mcsp_sfp_recv_fp: 20:34, fragment 1458/2304
[0;0m[0;34mcsp_sfp_recv_fp: 20:34, fragment 1701/2304
[0;0m[0;34mcsp_sfp_recv_fp: 20:34, fragment 1944/2304
[0;0m[0;34mcsp_sfp_recv_fp: 20:34, fragment 2187/2304
[0;0m[0;34mRDP 0x561bc1274b60: Received in S 3: syn 0, ack 1, eack 0, rst 0, seq_nr   487, ack_nr 63757, packet_len 130 (125)
[0;0m[0;34mRDP 0x561bc1274b60: Wake Tx task (check timeouts)
[0;0m[0;34mcsp_sfp_recv_fp: 20:34, fragment 2304/2304
[0;0m[1;33mcsp_sfp_recv_fp: 20:34, invalid message, offset 2187 (expected 0), length: 117, totalsize 2304
[0;0m[0;34mRDP 0x561bc1274b60: Send CMP S 4: syn 0, ack 1, eack 0, rst 1, seq_nr 63758, ack_nr   487, packet_len 5 (0)
[0;0m[0;34mRDP 0x561bc1274b60: csp_rdp_close(0x1), sent RST -> CLOSE_WAIT
[0;0m[0;34mRDP 0x561bc1274b60: csp_rdp_close(0x1), waiting for: protocol timeout
[0;0m[0;34mRDP 0x561bc1274b60: Received in S 4: syn 0, ack 1, eack 0, rst 1, seq_nr   488, ack_nr 63757, packet_len 5 (0)
[0;0m[0;34mRDP 0x561bc1274b60: RST received in CLOSE_WAIT, ack: 1 - closing
[0;0m[0;34mRDP 0x561bc1274b60: csp_rdp_close(0x2), waiting for: timeout
[0;0m[0;34mRDP 0x561bc1274be8: Received in S 0: syn 1, ack 0, eack 0, rst 0, seq_nr 51510, ack_nr     0, packet_len 29 (24)
[0;0m[0;34mRDP 0x561bc1274be8: SYN-Received
[0;0m[0;34mRDP 0x561bc1274be8: window size 4, conn timeout 1000, packet timeout 1000, delayed acks: 1, ack timeout 250, ack each 2 packet
[0;0m[0;34mRDP 0x561bc1274be8: Send CMP S 2: syn 1, ack 1, eack 0, rst 0, seq_nr  9939, ack_nr 51510, packet_len 5 (0)
[0;0m[0;34mRDP 0x561bc1274be8: Received in S 2: syn 0, ack 1, eack 0, rst 0, seq_nr 51511, ack_nr  9939, packet_len 5 (0)
[0;0m[0;34mRDP 0x561bc1274be8: NC: Connection OPEN
[0;0m[0;34mRDP 0x561bc1274be8: TX Element Free, time 24018703, seq 9939, una 9940
[0;0m[0;34mRDP 0x561bc1274be8: Wake Tx task (check timeouts)
[0;0m[0;34mRDP 0x561bc1274be8: Received in S 3: syn 0, ack 1, eack 0, rst 0, seq_nr 51511, ack_nr  9939, packet_len 256 (251)
[0;0m[0;34mRDP 0x561bc1274be8: Wake Tx task (check timeouts)
[0;0m[0;34mRDP 0x561bc1274be8: Received in S 3: syn 0, ack 1, eack 0, rst 0, seq_nr 51512, ack_nr  9939, packet_len 256 (251)
[0;0m[0;34mRDP 0x561bc1274be8: Wake Tx task (check timeouts)
[0;0m[0;34mRDP 0x561bc1274be8: Received in S 3: syn 0, ack 1, eack 0, rst 0, seq_nr 51513, ack_nr  9939, packet_len 256 (251)
[0;0m[0;34mRDP 0x561bc1274be8: Send CMP S 3: syn 0, ack 1, eack 0, rst 0, seq_nr  9940, ack_nr 51513, packet_len 5 (0)
[0;0m[0;34mRDP 0x561bc1274be8: Wake Tx task (check timeouts)
[0;0m[0;34mRDP 0x561bc1274be8: Received in S 3: syn 0, ack 1, eack 0, rst 0, seq_nr 51514, ack_nr  9939, packet_len 256 (251)
[0;0m[0;34mRDP 0x561bc1274be8: Wake Tx task (check timeouts)
[0;0m[0;34mRDP 0x561bc1274be8: Received in S 3: syn 0, ack 1, eack 0, rst 0, seq_nr 51515, ack_nr  9939, packet_len 256 (251)
[0;0m[0;34mRDP 0x561bc1274be8: Wake Tx task (check timeouts)
[0;0m[0;34mRDP 0x561bc1274be8: Received in S 3: syn 0, ack 1, eack 0, rst 0, seq_nr 51516, ack_nr  9939, packet_len 256 (251)
[0;0m[0;34mRDP 0x561bc1274be8: Send CMP S 3: syn 0, ack 1, eack 0, rst 0, seq_nr  9940, ack_nr 51516, packet_len 5 (0)
[0;0m[0;34mRDP 0x561bc1274be8: Wake Tx task (check timeouts)
[0;0m[0;34mRDP 0x561bc1274be8: Received in S 3: syn 0, ack 1, eack 0, rst 0, seq_nr 51517, ack_nr  9939, packet_len 256 (251)
[0;0m[0;34mRDP 0x561bc1274be8: Wake Tx task (check timeouts)
[0;0m[0;34mRDP 0x561bc1274be8: Received in S 3: syn 0, ack 1, eack 0, rst 0, seq_nr 51518, ack_nr  9939, packet_len 256 (251)
[0;0m[0;34mRDP 0x561bc1274be8: Wake Tx task (check timeouts)
[0;0m[0;34mRDP 0x561bc1274be8: Received in S 3: syn 0, ack 1, eack 0, rst 0, seq_nr 51519, ack_nr  9939, packet_len 256 (251)
[0;0m[0;34mRDP 0x561bc1274be8: Send CMP S 3: syn 0, ack 1, eack 0, rst 0, seq_nr  9940, ack_nr 51519, packet_len 5 (0)
[0;0m[0;34mRDP 0x561bc1274be8: Wake Tx task (check timeouts)
[0;0m[0;34mRDP 0x561bc1274be8: Received in S 3: syn 0, ack 1, eack 0, rst 0, seq_nr 51520, ack_nr  9939, packet_len 130 (125)
[0;0m[0;34mRDP 0x561bc1274be8: Wake Tx task (check timeouts)
[0;0m[0;34mcsp_sfp_recv_fp: 20:35, fragment 243/2304
[0;0m[0;34mcsp_sfp_recv_fp: 20:35, fragment 486/2304
[0;0m[0;34mcsp_sfp_recv_fp: 20:35, fragment 729/2304
[0;0m[0;34mcsp_sfp_recv_fp: 20:35, fragment 972/2304
[0;0m[0;34mcsp_sfp_recv_fp: 20:35, fragment 1215/2304
[0;0m[0;34mcsp_sfp_recv_fp: 20:35, fragment 1458/2304
[0;0m[0;34mcsp_sfp_recv_fp: 20:35, fragment 1701/2304
[0;0m[0;34mcsp_sfp_recv_fp: 20:35, fragment 1944/2304
[0;0m[0;34mcsp_sfp_recv_fp: 20:35, fragment 2187/2304
[0;0m[0;34mcsp_sfp_recv_fp: 20:35, fragment 2304/2304
[0;0m[0;34mRDP 0x561bc1274be8: Sending  in S 3: syn 0, ack 1, eack 0, rst 0, seq_nr  9940, ack_nr 51520, packet_len 6 (1)
[0;0mRECV_BUNDLE bundle_seq=90 n=64 bytes=2304
[0;34mRDP 0x561bc1274be8: Received in S 3: syn 0, ack 1, eack 0, rst 0, seq_nr 51521, ack_nr  9940, packet_len 256 (251)
[0;0m[0;34mRDP 0x561bc1274be8: TX Element Free, time 24018720, seq 9940, una 9941
[0;0m[0;34mRDP 0x561bc1274be8: Wake Tx task (check timeouts)
[0;0m[0;34mRDP 0x561bc1274be8: Received in S 3: syn 0, ack 1, eack 0, rst 0, seq_nr 51522, ack_nr  9940, packet_len 256 (251)
[0;0m[0;34mRDP 0x561bc1274be8: Send CMP S 3: syn 0, ack 1, eack 0, rst 0, seq_nr  9941, ack_nr 51522, packet_len 5 (0)
[0;0m[0;34mRDP 0x561bc1274be8: Wake Tx task (check timeouts)
[0;0m[0;34mRDP 0x561bc1274be8: Received in S 3: syn 0, ack 1, eack 0, rst 0, seq_nr 51523, ack_nr  9940, packet_len 256 (251)
[0;0m[0;34mRDP 0x561bc1274be8: Wake Tx task (check timeouts)
[0;0m[0;34mRDP 0x561bc1274be8: Received in S 3: syn 0, ack 1, eack 0, rst 0, seq_nr 51524, ack_nr  9940, packet_len 256 (251)
[0;0m[0;34mRDP 0x561bc1274be8: Wake Tx task (check timeouts)
[0;0m[0;34mRDP 0x561bc1274be8: Received in S 3: syn 0, ack 1, eack 0, rst 0, seq_nr 51525, ack_nr  9940, packet_len 256 (251)
[0;0m[0;34mRDP 0x561bc1274be8: Send CMP S 3: syn 0, ack 1, eack 0, rst 0, seq_nr  9941, ack_nr 51525, packet_len 5 (0)
[0;0m[0;34mRDP 0x561bc1274be8: Wake Tx task (check timeouts)
[0;0m[0;34mRDP 0x561bc1274be8: Received in S 3: syn 0, ack 1, eack 0, rst 0, seq_nr 51526, ack_nr  9940, packet_len 256 (251)
[0;0m[0;34mRDP 0x561bc1274be8: Wake Tx task (check timeouts)
[0;0m[0;34mRDP 0x561bc1274be8: Received in S 3: syn 0, ack 1, eack 0, rst 0, seq_nr 51527, ack_nr  9940, packet_len 256 (251)
[0;0m[0;34mRDP 0x561bc1274be8: Wake Tx task (check timeouts)
[0;0m[0;34mRDP 0x561bc1274be8: Received in S 3: syn 0, ack 1, eack 0, rst 0, seq_nr 51528, ack_nr  9940, packet_len 256 (251)
[0;0m[0;34mRDP 0x561bc1274be8: Send CMP S 3: syn 0, ack 1, eack 0, rst 0, seq_nr  9941, ack_nr 51528, packet_len 5 (0)
[0;0m[0;34mRDP 0x561bc1274be8: Wake Tx task (check timeouts)
[0;0m[0;34mRDP 0x561bc1274be8: Received in S 3: syn 0, ack 1, eack 0, rst 0, seq_nr 51529, ack_nr  9940, packet_len 256 (251)
[0;0m[0;34mRDP 0x561bc1274be8: Wake Tx task (check timeouts)
[0;0m[0;34mcsp_sfp_recv_fp: 20:35, fragment 243/2304
[0;0m[0;34mcsp_sfp_recv_fp: 20:35, fragment 486/2304
[0;0m[0;34mcsp_sfp_recv_fp: 20:35, fragment 729/2304
[0;0m[0;34mcsp_sfp_recv_fp: 20:35, fragment 972/2304
[0;0m[0;34mcsp_sfp_recv_fp: 20:35, fragment 1215/2304
[0;0m[0;34mcsp_sfp_recv_fp: 20:35, fragment 1458/2304
[0;0m[0;34mcsp_sfp_recv_fp: 20:35, fragment 1701/2304
[0;0m[0;34mcsp_sfp_recv_fp: 20:35, fragment 1944/2304
[0;0m[0;34mcsp_sfp_recv_fp: 20:35, fragment 2187/2304
[0;0m[0;34mRDP 0x561bc1274be8: Received in S 3: syn 0, ack 1, eack 0, rst 0, seq_nr 51530, ack_nr  9940, packet_len 130 (125)
[0;0m[0;34mRDP 0x561bc1274be8: Wake Tx task (check timeouts)
[0;0m[0;34mcsp_sfp_recv_fp: 20:35, fragment 2304/2304
[0;0m[1;33mcsp_sfp_recv_fp: 20:35, invalid message, offset 2187 (expected 0), length: 117, totalsize 2304
[0;0m[0;34mRDP 0x561bc1274be8: Send CMP S 4: syn 0, ack 1, eack 0, rst 1, seq_nr  9941, ack_nr 51530, packet_len 5 (0)
[0;0m[0;34mRDP 0x561bc1274be8: csp_rdp_close(0x1), sent RST -> CLOSE_WAIT
[0;0m[0;34mRDP 0x561bc1274be8: csp_rdp_close(0x1), waiting for: protocol timeout
[0;0m[0;34mRDP 0x561bc1274be8: Received in S 4: syn 0, ack 1, eack 0, rst 1, seq_nr 51531, ack_nr  9940, packet_len 5 (0)
[0;0m[0;34mRDP 0x561bc1274be8: RST received in CLOSE_WAIT, ack: 1 - closing
[0;0m[0;34mRDP 0x561bc1274be8: csp_rdp_close(0x2), waiting for: timeout
[0;0m[0;34mRDP 0x561bc1274c70: Received in S 0: syn 1, ack 0, eack 0, rst 0, seq_nr 39656, ack_nr     0, packet_len 29 (24)
[0;0m[0;34mRDP 0x561bc1274c70: SYN-Received
[0;0m[0;34mRDP 0x561bc1274c70: window size 4, conn timeout 1000, packet timeout 1000, delayed acks: 1, ack timeout 250, ack each 2 packet
[0;0m[0;34mRDP 0x561bc1274c70: Send CMP S 2: syn 1, ack 1, eack 0, rst 0, seq_nr 19851, ack_nr 39656, packet_len 5 (0)
[0;0m[0;34mRDP 0x561bc1274c70: Received in S 2: syn 0, ack 1, eack 0, rst 0, seq_nr 39657, ack_nr 19851, packet_len 5 (0)
[0;0m[0;34mRDP 0x561bc1274c70: NC: Connection OPEN
[0;0m[0;34mRDP 0x561bc1274c70: TX Element Free, time 24018723, seq 19851, una 19852
[0;0m[0;34mRDP 0x561bc1274c70: Wake Tx task (check timeouts)
[0;0m[0;34mRDP 0x561bc1274c70: Received in S 3: syn 0, ack 1, eack 0, rst 0, seq_nr 39657, ack_nr 19851, packet_len 256 (251)
[0;0m[0;34mRDP 0x561bc1274c70: Wake Tx task (check timeouts)
[0;0m[0;34mRDP 0x561bc1274c70: Received in S 3: syn 0, ack 1, eack 0, rst 0, seq_nr 39658, ack_nr 19851, packet_len 256 (251)
[0;0m[0;34mRDP 0x561bc1274c70: Wake Tx task (check timeouts)
[0;0m[0;34mRDP 0x561bc1274c70: Received in S 3: syn 0, ack 1, eack 0, rst 0, seq_nr 39659, ack_nr 19851, packet_len 256 (251)
[0;0m[0;34mRDP 0x561bc1274c70: Send CMP S 3: syn 0, ack 1, eack 0, rst 0, seq_nr 19852, ack_nr 39659, packet_len 5 (0)
[0;0m[0;34mRDP 0x561bc1274c70: Wake Tx task (check timeouts)
[0;0m[0;34mRDP 0x561bc1274c70: Received in S 3: syn 0, ack 1, eack 0, rst 0, seq_nr 39660, ack_nr 19851, packet_len 256 (251)
[0;0m[0;34mRDP 0x561bc1274c70: Wake Tx task (check timeouts)
[0;0m[0;34mRDP 0x561bc1274c70: Received in S 3: syn 0, ack 1, eack 0, rst 0, seq_nr 39661, ack_nr 19851, packet_len 256 (251)
[0;0m[0;34mRDP 0x561bc1274c70: Wake Tx task (check timeouts)
[0;0m[0;34mRDP 0x561bc1274c70: Received in S 3: syn 0, ack 1, eack 0, rst 0, seq_nr 39662, ack_nr 19851, packet_len 256 (251)
[0;0m[0;34mRDP 0x561bc1274c70: Send CMP S 3: syn 0, ack 1, eack 0, rst 0, seq_nr 19852, ack_nr 39662, packet_len 5 (0)
[0;0m[0;34mRDP 0x561bc1274c70: Wake Tx task (check timeouts)
[0;0m[0;34mRDP 0x561bc1274c70: Received in S 3: syn 0, ack 1, eack 0, rst 0, seq_nr 39663, ack_nr 19851, packet_len 256 (251)
[0;0m[0;34mRDP 0x561bc1274c70: Wake Tx task (check timeouts)
[0;0m[0;34mRDP 0x561bc1274c70: Received in S 3: syn 0, ack 1, eack 0, rst 0, seq_nr 39664, ack_nr 19851, packet_len 256 (251)
[0;0m[0;34mRDP 0x561bc1274c70: Wake Tx task (check timeouts)
[0;0m[0;34mRDP 0x561bc1274c70: Received in S 3: syn 0, ack 1, eack 0, rst 0, seq_nr 39665, ack_nr 19851, packet_len 256 (251)
[0;0m[0;34mRDP 0x561bc1274c70: Send CMP S 3: syn 0, ack 1, eack 0, rst 0, seq_nr 19852, ack_nr 39665, packet_len 5 (0)
[0;0m[0;34mRDP 0x561bc1274c70: Wake Tx task (check timeouts)
[0;0m[0;34mRDP 0x561bc1274c70: Received in S 3: syn 0, ack 1, eack 0, rst 0, seq_nr 39666, ack_nr 19851, packet_len 130 (125)
[0;0m[0;34mRDP 0x561bc1274c70: Wake Tx task (check timeouts)
[0;0m[0;34mcsp_sfp_recv_fp: 20:36, fragment 243/2304
[0;0m[0;34mcsp_sfp_recv_fp: 20:36, fragment 486/2304
[0;0m[0;34mcsp_sfp_recv_fp: 20:36, fragment 729/2304
[0;0m[0;34mcsp_sfp_recv_fp: 20:36, fragment 972/2304
[0;0m[0;34mcsp_sfp_recv_fp: 20:36, fragment 1215/2304
[0;0m[0;34mcsp_sfp_recv_fp: 20:36, fragment 1458/2304
[0;0m[0;34mcsp_sfp_recv_fp: 20:36, fragment 1701/2304
[0;0m[0;34mcsp_sfp_recv_fp: 20:36, fragment 1944/2304
[0;0m[0;34mcsp_sfp_recv_fp: 20:36, fragment 2187/2304
[0;0m[0;34mcsp_sfp_recv_fp: 20:36, fragment 2304/2304
[0;0m[0;34mRDP 0x561bc1274c70: Sending  in S 3: syn 0, ack 1, eack 0, rst 0, seq_nr 19852, ack_nr 39666, packet_len 6 (1)
[0;0mRECV_BUNDLE bundle_seq=91 n=64 bytes=2304
[0;34mRDP 0x561bc1274c70: Received in S 3: syn 0, ack 1, eack 0, rst 0, seq_nr 39667, ack_nr 19852, packet_len 256 (251)
[0;0m[0;34mRDP 0x561bc1274c70: TX Element Free, time 24018741, seq 19852, una 19853
[0;0m[0;34mRDP 0x561bc1274c70: Wake Tx task (check timeouts)
[0;0m[0;34mRDP 0x561bc1274c70: Received in S 3: syn 0, ack 1, eack 0, rst 0, seq_nr 39668, ack_nr 19852, packet_len 256 (251)
[0;0m[0;34mRDP 0x561bc1274c70: Send CMP S 3: syn 0, ack 1, eack 0, rst 0, seq_nr 19853, ack_nr 39668, packet_len 5 (0)
[0;0m[0;34mRDP 0x561bc1274c70: Wake Tx task (check timeouts)
[0;0m[0;34mRDP 0x561bc1274c70: Received in S 3: syn 0, ack 1, eack 0, rst 0, seq_nr 39669, ack_nr 19852, packet_len 256 (251)
[0;0m[0;34mRDP 0x561bc1274c70: Wake Tx task (check timeouts)
[0;0m[0;34mRDP 0x561bc1274c70: Received in S 3: syn 0, ack 1, eack 0, rst 0, seq_nr 39670, ack_nr 19852, packet_len 256 (251)
[0;0m[0;34mRDP 0x561bc1274c70: Wake Tx task (check timeouts)
[0;0m[0;34mRDP 0x561bc1274c70: Received in S 3: syn 0, ack 1, eack 0, rst 0, seq_nr 39671, ack_nr 19852, packet_len 256 (251)
[0;0m[0;34mRDP 0x561bc1274c70: Send CMP S 3: syn 0, ack 1, eack 0, rst 0, seq_nr 19853, ack_nr 39671, packet_len 5 (0)
[0;0m[0;34mRDP 0x561bc1274c70: Wake Tx task (check timeouts)
[0;0m[0;34mRDP 0x561bc1274c70: Received in S 3: syn 0, ack 1, eack 0, rst 0, seq_nr 39672, ack_nr 19852, packet_len 256 (251)
[0;0m[0;34mRDP 0x561bc1274c70: Wake Tx task (check timeouts)
[0;0m[0;34mRDP 0x561bc1274c70: Received in S 3: syn 0, ack 1, eack 0, rst 0, seq_nr 39673, ack_nr 19852, packet_len 256 (251)
[0;0m[0;34mRDP 0x561bc1274c70: Wake Tx task (check timeouts)
[0;0m[0;34mRDP 0x561bc1274c70: Received in S 3: syn 0, ack 1, eack 0, rst 0, seq_nr 39674, ack_nr 19852, packet_len 256 (251)
[0;0m[0;34mRDP 0x561bc1274c70: Send CMP S 3: syn 0, ack 1, eack 0, rst 0, seq_nr 19853, ack_nr 39674, packet_len 5 (0)
[0;0m[0;34mRDP 0x561bc1274c70: Wake Tx task (check timeouts)
[0;0m[0;34mRDP 0x561bc1274c70: Received in S 3: syn 0, ack 1, eack 0, rst 0, seq_nr 39675, ack_nr 19852, packet_len 256 (251)
[0;0m[0;34mRDP 0x561bc1274c70: Wake Tx task (check timeouts)
[0;0m[0;34mRDP 0x561bc1274c70: Received in S 3: syn 0, ack 1, eack 0, rst 0, seq_nr 39676, ack_nr 19852, packet_len 130 (125)
[0;0m[0;34mRDP 0x561bc1274c70: Wake Tx task (check timeouts)
[0;0m[0;34mcsp_sfp_recv_fp: 20:36, fragment 243/2304
[0;0m[0;34mcsp_sfp_recv_fp: 20:36, fragment 486/2304
[0;0m[0;34mcsp_sfp_recv_fp: 20:36, fragment 729/2304
[0;0m[0;34mcsp_sfp_recv_fp: 20:36, fragment 972/2304
[0;0m[0;34mcsp_sfp_recv_fp: 20:36, fragment 1215/2304
[0;0m[0;34mcsp_sfp_recv_fp: 20:36, fragment 1458/2304
[0;0m[0;34mcsp_sfp_recv_fp: 20:36, fragment 1701/2304
[0;0m[0;34mcsp_sfp_recv_fp: 20:36, fragment 1944/2304
[0;0m[0;34mcsp_sfp_recv_fp: 20:36, fragment 2187/2304
[0;0m[0;34mcsp_sfp_recv_fp: 20:36, fragment 2304/2304
[0;0m[0;34mRDP 0x561bc1274c70: Sending  in S 3: syn 0, ack 1, eack 0, rst 0, seq_nr 19853, ack_nr 39676, packet_len 6 (1)
[0;0mRECV_BUNDLE bundle_seq=92 n=64 bytes=2304
[0;34mRDP 0x561bc1274c70: Received in S 3: syn 0, ack 1, eack 0, rst 0, seq_nr 39677, ack_nr 19853, packet_len 256 (251)
[0;0m[0;34mRDP 0x561bc1274c70: Send CMP S 3: syn 0, ack 1, eack 0, rst 0, seq_nr 19854, ack_nr 39677, packet_len 5 (0)
[0;0m[0;34mRDP 0x561bc1274c70: TX Element Free, time 24018742, seq 19853, una 19854
[0;0m[0;34mRDP 0x561bc1274c70: Wake Tx task (check timeouts)
[0;0m[0;34mRDP 0x561bc1274c70: Received in S 3: syn 0, ack 1, eack 0, rst 0, seq_nr 39678, ack_nr 19853, packet_len 256 (251)
[0;0m[0;34mRDP 0x561bc1274c70: Wake Tx task (check timeouts)
[0;0m[0;34mRDP 0x561bc1274c70: Received in S 3: syn 0, ack 1, eack 0, rst 0, seq_nr 39679, ack_nr 19853, packet_len 256 (251)
[0;0m[0;34mRDP 0x561bc1274c70: Wake Tx task (check timeouts)
[0;0m[0;34mRDP 0x561bc1274c70: Received in S 3: syn 0, ack 1, eack 0, rst 0, seq_nr 39680, ack_nr 19853, packet_len 256 (251)
[0;0m[0;34mRDP 0x561bc1274c70: Send CMP S 3: syn 0, ack 1, eack 0, rst 0, seq_nr 19854, ack_nr 39680, packet_len 5 (0)
[0;0m[0;34mRDP 0x561bc1274c70: Wake Tx task (check timeouts)
[0;0m[0;34mRDP 0x561bc1274c70: Received in S 3: syn 0, ack 1, eack 0, rst 0, seq_nr 39681, ack_nr 19853, packet_len 256 (251)
[0;0m[0;34mRDP 0x561bc1274c70: Wake Tx task (check timeouts)
[0;0m[0;34mRDP 0x561bc1274c70: Received in S 3: syn 0, ack 1, eack 0, rst 0, seq_nr 39682, ack_nr 19853, packet_len 256 (251)
[0;0m[0;34mRDP 0x561bc1274c70: Wake Tx task (check timeouts)
[0;0m[0;34mRDP 0x561bc1274c70: Received in S 3: syn 0, ack 1, eack 0, rst 0, seq_nr 39683, ack_nr 19853, packet_len 256 (251)
[0;0m[0;34mRDP 0x561bc1274c70: Send CMP S 3: syn 0, ack 1, eack 0, rst 0, seq_nr 19854, ack_nr 39683, packet_len 5 (0)
[0;0m[0;34mRDP 0x561bc1274c70: Wake Tx task (check timeouts)
[0;0m[0;34mRDP 0x561bc1274c70: Received in S 3: syn 0, ack 1, eack 0, rst 0, seq_nr 39684, ack_nr 19853, packet_len 256 (251)
[0;0m[0;34mRDP 0x561bc1274c70: Wake Tx task (check timeouts)
[0;0m[0;34mRDP 0x561bc1274c70: Received in S 3: syn 0, ack 1, eack 0, rst 0, seq_nr 39685, ack_nr 19853, packet_len 256 (251)
[0;0m[0;34mRDP 0x561bc1274c70: Wake Tx task (check timeouts)
[0;0m[0;34mRDP 0x561bc1274c70: Received in S 3: syn 0, ack 1, eack 0, rst 0, seq_nr 39686, ack_nr 19853, packet_len 130 (125)
[0;0m[0;34mRDP 0x561bc1274c70: Send CMP S 3: syn 0, ack 1, eack 0, rst 0, seq_nr 19854, ack_nr 39686, packet_len 5 (0)
[0;0m[0;34mRDP 0x561bc1274c70: Wake Tx task (check timeouts)
[0;0m[0;34mcsp_sfp_recv_fp: 20:36, fragment 243/2304
[0;0m[0;34mcsp_sfp_recv_fp: 20:36, fragment 486/2304
[0;0m[0;34mcsp_sfp_recv_fp: 20:36, fragment 729/2304
[0;0m[0;34mcsp_sfp_recv_fp: 20:36, fragment 972/2304
[0;0m[0;34mcsp_sfp_recv_fp: 20:36, fragment 1215/2304
[0;0m[0;34mcsp_sfp_recv_fp: 20:36, fragment 1458/2304
[0;0m[0;34mcsp_sfp_recv_fp: 20:36, fragment 1701/2304
[0;0m[0;34mcsp_sfp_recv_fp: 20:36, fragment 1944/2304
[0;0m[0;34mcsp_sfp_recv_fp: 20:36, fragment 2187/2304
[0;0m[0;34mcsp_sfp_recv_fp: 20:36, fragment 2304/2304
[0;0m[0;34mRDP 0x561bc1274c70: Sending  in S 3: syn 0, ack 1, eack 0, rst 0, seq_nr 19854, ack_nr 39686, packet_len 6 (1)
[0;0mRECV_BUNDLE bundle_seq=93 n=64 bytes=2304
[0;34mRDP 0x561bc1274c70: Received in S 3: syn 0, ack 1, eack 0, rst 0, seq_nr 39687, ack_nr 19854, packet_len 5 (0)
[0;0m[0;34mRDP 0x561bc1274c70: TX Element Free, time 24018743, seq 19854, una 19855
[0;0m[0;34mRDP 0x561bc1274c70: Wake Tx task (check timeouts)
[0;0m[0;34mRDP 0x561bc1274c70: Received in S 3: syn 0, ack 1, eack 0, rst 0, seq_nr 39687, ack_nr 19854, packet_len 256 (251)
[0;0m[0;34mRDP 0x561bc1274c70: Wake Tx task (check timeouts)
[0;0m[0;34mRDP 0x561bc1274c70: Received in S 3: syn 0, ack 1, eack 0, rst 0, seq_nr 39688, ack_nr 19854, packet_len 256 (251)
[0;0m[0;34mRDP 0x561bc1274c70: Wake Tx task (check timeouts)
[0;0m[0;34mRDP 0x561bc1274c70: Received in S 3: syn 0, ack 1, eack 0, rst 0, seq_nr 39689, ack_nr 19854, packet_len 256 (251)
[0;0m[0;34mRDP 0x561bc1274c70: Send CMP S 3: syn 0, ack 1, eack 0, rst 0, seq_nr 19855, ack_nr 39689, packet_len 5 (0)
[0;0m[0;34mRDP 0x561bc1274c70: Wake Tx task (check timeouts)
[0;0m[0;34mcsp_sfp_recv_fp: 20:36, fragment 243/2304
[0;0m[0;34mcsp_sfp_recv_fp: 20:36, fragment 486/2304
[0;0m[0;34mcsp_sfp_recv_fp: 20:36, fragment 729/2304
[0;0m[0;34mRDP 0x561bc1274c70: Received in S 3: syn 0, ack 1, eack 0, rst 0, seq_nr 39690, ack_nr 19854, packet_len 256 (251)
[0;0m[0;34mRDP 0x561bc1274c70: Wake Tx task (check timeouts)
[0;0m[0;34mcsp_sfp_recv_fp: 20:36, fragment 972/2304
[0;0m[0;34mRDP 0x561bc1274c70: Received in S 3: syn 0, ack 1, eack 0, rst 0, seq_nr 39691, ack_nr 19854, packet_len 256 (251)
[0;0m[0;34mRDP 0x561bc1274c70: Wake Tx task (check timeouts)
[0;0m[0;34mRDP 0x561bc1274c70: Received in S 3: syn 0, ack 1, eack 0, rst 0, seq_nr 39692, ack_nr 19854, packet_len 256 (251)
[0;0m[0;34mRDP 0x561bc1274c70: Send CMP S 3: syn 0, ack 1, eack 0, rst 0, seq_nr 19855, ack_nr 39692, packet_len 5 (0)
[0;0m[0;34mRDP 0x561bc1274c70: Wake Tx task (check timeouts)
[0;0m[0;34mRDP 0x561bc1274c70: Received in S 3: syn 0, ack 1, eack 0, rst 0, seq_nr 39693, ack_nr 19854, packet_len 256 (251)
[0;0m[0;34mRDP 0x561bc1274c70: Wake Tx task (check timeouts)
[0;0m[0;34mRDP 0x561bc1274c70: Received in S 3: syn 0, ack 1, eack 0, rst 0, seq_nr 39694, ack_nr 19854, packet_len 256 (251)
[0;0m[0;34mRDP 0x561bc1274c70: Wake Tx task (check timeouts)
[0;0m[0;34mcsp_sfp_recv_fp: 20:36, fragment 1215/2304
[0;0m[1;33mcsp_sfp_recv_fp: 20:36, invalid message, offset 972 (expected 0), length: 243, totalsize 2304
[0;0m[0;34mRDP 0x561bc1274c70: Send CMP S 4: syn 0, ack 1, eack 0, rst 1, seq_nr 19855, ack_nr 39694, packet_len 5 (0)
[0;0m[0;34mRDP 0x561bc1274c70: csp_rdp_close(0x1), sent RST -> CLOSE_WAIT
[0;0m[0;34mRDP 0x561bc1274c70: csp_rdp_close(0x1), waiting for: protocol timeout
[0;0m[0;34mRDP 0x561bc1274c70: Received in S 4: syn 0, ack 1, eack 0, rst 0, seq_nr 39695, ack_nr 19854, packet_len 256 (251)
[0;0m[0;34mRDP 0x561bc1274c70: Send CMP S 4: syn 0, ack 1, eack 0, rst 1, seq_nr 19855, ack_nr 39694, packet_len 5 (0)
[0;0m[0;34mRDP 0x561bc1274c70: Received in S 4: syn 0, ack 1, eack 0, rst 0, seq_nr 39696, ack_nr 19854, packet_len 130 (125)
[0;0m[0;34mRDP 0x561bc1274c70: Send CMP S 4: syn 0, ack 1, eack 0, rst 1, seq_nr 19855, ack_nr 39694, packet_len 5 (0)
[0;0m[0;34mRDP 0x561bc1274c70: Received in S 4: syn 0, ack 1, eack 0, rst 1, seq_nr 39697, ack_nr 19854, packet_len 5 (0)
[0;0m[0;34mRDP 0x561bc1274c70: RST received in CLOSE_WAIT, ack: 1 - closing
[0;0m[0;34mRDP 0x561bc1274c70: csp_rdp_close(0x2), waiting for: timeout
[0;0m[0;34mRDP 0x561bc1274cf8: Received in S 0: syn 1, ack 0, eack 0, rst 0, seq_nr 43572, ack_nr     0, packet_len 29 (24)
[0;0m[0;34mRDP 0x561bc1274cf8: SYN-Received
[0;0m[0;34mRDP 0x561bc1274cf8: window size 4, conn timeout 1000, packet timeout 1000, delayed acks: 1, ack timeout 250, ack each 2 packet
[0;0m[0;34mRDP 0x561bc1274cf8: Send CMP S 2: syn 1, ack 1, eack 0, rst 0, seq_nr 63814, ack_nr 43572, packet_len 5 (0)
[0;0m[0;34mRDP 0x561bc1274cf8: Received in S 2: syn 0, ack 1, eack 0, rst 0, seq_nr 43573, ack_nr 63814, packet_len 5 (0)
[0;0m[0;34mRDP 0x561bc1274cf8: NC: Connection OPEN
[0;0m[0;34mRDP 0x561bc1274cf8: TX Element Free, time 24018746, seq 63814, una 63815
[0;0m[0;34mRDP 0x561bc1274cf8: Wake Tx task (check timeouts)
[0;0m[0;34mRDP 0x561bc1274cf8: Received in S 3: syn 0, ack 1, eack 0, rst 0, seq_nr 43573, ack_nr 63814, packet_len 256 (251)
[0;0m[0;34mRDP 0x561bc1274cf8: Wake Tx task (check timeouts)
[0;0m[0;34mRDP 0x561bc1274cf8: Received in S 3: syn 0, ack 1, eack 0, rst 0, seq_nr 43574, ack_nr 63814, packet_len 256 (251)
[0;0m[0;34mRDP 0x561bc1274cf8: Wake Tx task (check timeouts)
[0;0m[0;34mRDP 0x561bc1274cf8: Received in S 3: syn 0, ack 1, eack 0, rst 0, seq_nr 43575, ack_nr 63814, packet_len 256 (251)
[0;0m[0;34mRDP 0x561bc1274cf8: Send CMP S 3: syn 0, ack 1, eack 0, rst 0, seq_nr 63815, ack_nr 43575, packet_len 5 (0)
[0;0m[0;34mRDP 0x561bc1274cf8: Wake Tx task (check timeouts)
[0;0m[0;34mRDP 0x561bc1274cf8: Received in S 3: syn 0, ack 1, eack 0, rst 0, seq_nr 43576, ack_nr 63814, packet_len 256 (251)
[0;0m[0;34mRDP 0x561bc1274cf8: Wake Tx task (check timeouts)
[0;0m[0;34mRDP 0x561bc1274cf8: Received in S 3: syn 0, ack 1, eack 0, rst 0, seq_nr 43577, ack_nr 63814, packet_len 256 (251)
[0;0m[0;34mRDP 0x561bc1274cf8: Wake Tx task (check timeouts)
[0;0m[0;34mRDP 0x561bc1274cf8: Received in S 3: syn 0, ack 1, eack 0, rst 0, seq_nr 43578, ack_nr 63814, packet_len 256 (251)
[0;0m[0;34mRDP 0x561bc1274cf8: Send CMP S 3: syn 0, ack 1, eack 0, rst 0, seq_nr 63815, ack_nr 43578, packet_len 5 (0)
[0;0m[0;34mRDP 0x561bc1274cf8: Wake Tx task (check timeouts)
[0;0m[0;34mRDP 0x561bc1274cf8: Received in S 3: syn 0, ack 1, eack 0, rst 0, seq_nr 43579, ack_nr 63814, packet_len 256 (251)
[0;0m[0;34mRDP 0x561bc1274cf8: Wake Tx task (check timeouts)
[0;0m[0;34mRDP 0x561bc1274cf8: Received in S 3: syn 0, ack 1, eack 0, rst 0, seq_nr 43580, ack_nr 63814, packet_len 256 (251)
[0;0m[0;34mRDP 0x561bc1274cf8: Wake Tx task (check timeouts)
[0;0m[0;34mRDP 0x561bc1274cf8: Received in S 3: syn 0, ack 1, eack 0, rst 0, seq_nr 43581, ack_nr 63814, packet_len 256 (251)
[0;0m[0;34mRDP 0x561bc1274cf8: Send CMP S 3: syn 0, ack 1, eack 0, rst 0, seq_nr 63815, ack_nr 43581, packet_len 5 (0)
[0;0m[0;34mRDP 0x561bc1274cf8: Wake Tx task (check timeouts)
[0;0m[0;34mRDP 0x561bc1274cf8: Received in S 3: syn 0, ack 1, eack 0, rst 0, seq_nr 43582, ack_nr 63814, packet_len 130 (125)
[0;0m[0;34mRDP 0x561bc1274cf8: Wake Tx task (check timeouts)
[0;0m[0;34mcsp_sfp_recv_fp: 20:37, fragment 243/2304
[0;0m[0;34mcsp_sfp_recv_fp: 20:37, fragment 486/2304
[0;0m[0;34mcsp_sfp_recv_fp: 20:37, fragment 729/2304
[0;0m[0;34mcsp_sfp_recv_fp: 20:37, fragment 972/2304
[0;0m[0;34mcsp_sfp_recv_fp: 20:37, fragment 1215/2304
[0;0m[0;34mcsp_sfp_recv_fp: 20:37, fragment 1458/2304
[0;0m[0;34mcsp_sfp_recv_fp: 20:37, fragment 1701/2304
[0;0m[0;34mcsp_sfp_recv_fp: 20:37, fragment 1944/2304
[0;0m[0;34mcsp_sfp_recv_fp: 20:37, fragment 2187/2304
[0;0m[0;34mcsp_sfp_recv_fp: 20:37, fragment 2304/2304
[0;0m[0;34mRDP 0x561bc1274cf8: Sending  in S 3: syn 0, ack 1, eack 0, rst 0, seq_nr 63815, ack_nr 43582, packet_len 6 (1)
[0;0mRECV_BUNDLE bundle_seq=94 n=64 bytes=2304
[0;34mRDP 0x561bc1274cf8: Received in S 3: syn 0, ack 1, eack 0, rst 0, seq_nr 43583, ack_nr 63815, packet_len 256 (251)
[0;0m[0;34mRDP 0x561bc1274cf8: TX Element Free, time 24018765, seq 63815, una 63816
[0;0m[0;34mRDP 0x561bc1274cf8: Wake Tx task (check timeouts)
[0;0m[0;34mRDP 0x561bc1274cf8: Received in S 3: syn 0, ack 1, eack 0, rst 0, seq_nr 43584, ack_nr 63815, packet_len 256 (251)
[0;0m[0;34mRDP 0x561bc1274cf8: Send CMP S 3: syn 0, ack 1, eack 0, rst 0, seq_nr 63816, ack_nr 43584, packet_len 5 (0)
[0;0m[0;34mRDP 0x561bc1274cf8: Wake Tx task (check timeouts)
[0;0m[0;34mRDP 0x561bc1274cf8: Received in S 3: syn 0, ack 1, eack 0, rst 0, seq_nr 43585, ack_nr 63815, packet_len 256 (251)
[0;0m[0;34mRDP 0x561bc1274cf8: Wake Tx task (check timeouts)
[0;0m[0;34mRDP 0x561bc1274cf8: Received in S 3: syn 0, ack 1, eack 0, rst 0, seq_nr 43586, ack_nr 63815, packet_len 256 (251)
[0;0m[0;34mRDP 0x561bc1274cf8: Wake Tx task (check timeouts)
[0;0m[0;34mRDP 0x561bc1274cf8: Received in S 3: syn 0, ack 1, eack 0, rst 0, seq_nr 43587, ack_nr 63815, packet_len 256 (251)
[0;0m[0;34mRDP 0x561bc1274cf8: Send CMP S 3: syn 0, ack 1, eack 0, rst 0, seq_nr 63816, ack_nr 43587, packet_len 5 (0)
[0;0m[0;34mRDP 0x561bc1274cf8: Wake Tx task (check timeouts)
[0;0m[0;34mRDP 0x561bc1274cf8: Received in S 3: syn 0, ack 1, eack 0, rst 0, seq_nr 43588, ack_nr 63815, packet_len 256 (251)
[0;0m[0;34mRDP 0x561bc1274cf8: Wake Tx task (check timeouts)
[0;0m[0;34mcsp_sfp_recv_fp: 20:37, fragment 243/2304
[0;0m[0;34mcsp_sfp_recv_fp: 20:37, fragment 486/2304
[0;0m[0;34mcsp_sfp_recv_fp: 20:37, fragment 729/2304
[0;0m[0;34mcsp_sfp_recv_fp: 20:37, fragment 972/2304
[0;0m[0;34mcsp_sfp_recv_fp: 20:37, fragment 1215/2304
[0;0m[0;34mcsp_sfp_recv_fp: 20:37, fragment 1458/2304
[0;0m[0;34mRDP 0x561bc1274cf8: Received in S 3: syn 0, ack 1, eack 0, rst 0, seq_nr 43589, ack_nr 63815, packet_len 256 (251)
[0;0m[0;34mRDP 0x561bc1274cf8: Wake Tx task (check timeouts)
[0;0m[0;34mRDP 0x561bc1274cf8: Received in S 3: syn 0, ack 1, eack 0, rst 0, seq_nr 43590, ack_nr 63815, packet_len 256 (251)
[0;0m[0;34mRDP 0x561bc1274cf8: Send CMP S 3: syn 0, ack 1, eack 0, rst 0, seq_nr 63816, ack_nr 43590, packet_len 5 (0)
[0;0m[0;34mRDP 0x561bc1274cf8: Send CMP S 3: syn 0, ack 1, eack 0, rst 0, seq_nr 63816, ack_nr 43590, packet_len 5 (0)
[0;0m[0;34mRDP 0x561bc1274cf8: Wake Tx task (check timeouts)
[0;0m[0;34mcsp_sfp_recv_fp: 20:37, fragment 1701/2304
[0;0m[0;34mcsp_sfp_recv_fp: 20:37, fragment 1944/2304
[0;0m[0;34mRDP 0x561bc1274cf8: Received in S 3: syn 0, ack 1, eack 0, rst 0, seq_nr 43591, ack_nr 63815, packet_len 256 (251)
[0;0m[0;34mRDP 0x561bc1274cf8: Wake Tx task (check timeouts)
[0;0m[0;34mRDP 0x561bc1274cf8: Received in S 3: syn 0, ack 1, eack 0, rst 0, seq_nr 43592, ack_nr 63815, packet_len 130 (125)
[0;0m[0;34mRDP 0x561bc1274cf8: Wake Tx task (check timeouts)
[0;0m[0;34mcsp_sfp_recv_fp: 20:37, fragment 2187/2304
[0;0m[1;33mcsp_sfp_recv_fp: 20:37, invalid message, offset 1944 (expected 0), length: 243, totalsize 2304
[0;0m[0;34mRDP 0x561bc1274cf8: Send CMP S 4: syn 0, ack 1, eack 0, rst 1, seq_nr 63816, ack_nr 43592, packet_len 5 (0)
[0;0m[0;34mRDP 0x561bc1274cf8: csp_rdp_close(0x1), sent RST -> CLOSE_WAIT
[0;0m[0;34mRDP 0x561bc1274cf8: csp_rdp_close(0x1), waiting for: protocol timeout
[0;0m[0;34mRDP 0x561bc1274cf8: Received in S 4: syn 0, ack 1, eack 0, rst 1, seq_nr 43593, ack_nr 63815, packet_len 5 (0)
[0;0m[0;34mRDP 0x561bc1274cf8: RST received in CLOSE_WAIT, ack: 1 - closing
[0;0m[0;34mRDP 0x561bc1274cf8: csp_rdp_close(0x2), waiting for: timeout
[0;0m[0;34mRDP 0x561bc1274d80: Received in S 0: syn 1, ack 0, eack 0, rst 0, seq_nr 20007, ack_nr     0, packet_len 29 (24)
[0;0m[0;34mRDP 0x561bc1274d80: SYN-Received
[0;0m[0;34mRDP 0x561bc1274d80: window size 4, conn timeout 1000, packet timeout 1000, delayed acks: 1, ack timeout 250, ack each 2 packet
[0;0m[0;34mRDP 0x561bc1274d80: Send CMP S 2: syn 1, ack 1, eack 0, rst 0, seq_nr 23438, ack_nr 20007, packet_len 5 (0)
[0;0m[0;34mRDP 0x561bc1274d80: Received in S 2: syn 0, ack 1, eack 0, rst 0, seq_nr 20008, ack_nr 23438, packet_len 5 (0)
[0;0m[0;34mRDP 0x561bc1274d80: NC: Connection OPEN
[0;0m[0;34mRDP 0x561bc1274d80: TX Element Free, time 24018768, seq 23438, una 23439
[0;0m[0;34mRDP 0x561bc1274d80: Wake Tx task (check timeouts)
[0;0m[0;34mRDP 0x561bc1274d80: Received in S 3: syn 0, ack 1, eack 0, rst 0, seq_nr 20008, ack_nr 23438, packet_len 256 (251)
[0;0m[0;34mRDP 0x561bc1274d80: Wake Tx task (check timeouts)
[0;0m[0;34mRDP 0x561bc1274d80: Received in S 3: syn 0, ack 1, eack 0, rst 0, seq_nr 20009, ack_nr 23438, packet_len 256 (251)
[0;0m[0;34mRDP 0x561bc1274d80: Wake Tx task (check timeouts)
[0;0m[0;34mRDP 0x561bc1274d80: Received in S 3: syn 0, ack 1, eack 0, rst 0, seq_nr 20010, ack_nr 23438, packet_len 256 (251)
[0;0m[0;34mRDP 0x561bc1274d80: Send CMP S 3: syn 0, ack 1, eack 0, rst 0, seq_nr 23439, ack_nr 20010, packet_len 5 (0)
[0;0m[0;34mRDP 0x561bc1274d80: Wake Tx task (check timeouts)
[0;0m[0;34mRDP 0x561bc1274d80: Received in S 3: syn 0, ack 1, eack 0, rst 0, seq_nr 20011, ack_nr 23438, packet_len 256 (251)
[0;0m[0;34mRDP 0x561bc1274d80: Wake Tx task (check timeouts)
[0;0m[0;34mRDP 0x561bc1274d80: Received in S 3: syn 0, ack 1, eack 0, rst 0, seq_nr 20012, ack_nr 23438, packet_len 256 (251)
[0;0m[0;34mRDP 0x561bc1274d80: Wake Tx task (check timeouts)
[0;0m[0;34mRDP 0x561bc1274d80: Received in S 3: syn 0, ack 1, eack 0, rst 0, seq_nr 20013, ack_nr 23438, packet_len 256 (251)
[0;0m[0;34mRDP 0x561bc1274d80: Send CMP S 3: syn 0, ack 1, eack 0, rst 0, seq_nr 23439, ack_nr 20013, packet_len 5 (0)
[0;0m[0;34mRDP 0x561bc1274d80: Wake Tx task (check timeouts)
[0;0m[0;34mRDP 0x561bc1274d80: Received in S 3: syn 0, ack 1, eack 0, rst 0, seq_nr 20014, ack_nr 23438, packet_len 256 (251)
[0;0m[0;34mRDP 0x561bc1274d80: Wake Tx task (check timeouts)
[0;0m[0;34mRDP 0x561bc1274d80: Received in S 3: syn 0, ack 1, eack 0, rst 0, seq_nr 20015, ack_nr 23438, packet_len 256 (251)
[0;0m[0;34mRDP 0x561bc1274d80: Wake Tx task (check timeouts)
[0;0m[0;34mRDP 0x561bc1274d80: Received in S 3: syn 0, ack 1, eack 0, rst 0, seq_nr 20016, ack_nr 23438, packet_len 256 (251)
[0;0m[0;34mRDP 0x561bc1274d80: Send CMP S 3: syn 0, ack 1, eack 0, rst 0, seq_nr 23439, ack_nr 20016, packet_len 5 (0)
[0;0m[0;34mRDP 0x561bc1274d80: Wake Tx task (check timeouts)
[0;0m[0;34mRDP 0x561bc1274d80: Received in S 3: syn 0, ack 1, eack 0, rst 0, seq_nr 20017, ack_nr 23438, packet_len 130 (125)
[0;0m[0;34mRDP 0x561bc1274d80: Wake Tx task (check timeouts)
[0;0m[0;34mcsp_sfp_recv_fp: 20:38, fragment 243/2304
[0;0m[0;34mcsp_sfp_recv_fp: 20:38, fragment 486/2304
[0;0m[0;34mcsp_sfp_recv_fp: 20:38, fragment 729/2304
[0;0m[0;34mcsp_sfp_recv_fp: 20:38, fragment 972/2304
[0;0m[0;34mcsp_sfp_recv_fp: 20:38, fragment 1215/2304
[0;0m[0;34mcsp_sfp_recv_fp: 20:38, fragment 1458/2304
[0;0m[0;34mcsp_sfp_recv_fp: 20:38, fragment 1701/2304
[0;0m[0;34mcsp_sfp_recv_fp: 20:38, fragment 1944/2304
[0;0m[0;34mcsp_sfp_recv_fp: 20:38, fragment 2187/2304
[0;0m[0;34mcsp_sfp_recv_fp: 20:38, fragment 2304/2304
[0;0m[0;34mRDP 0x561bc1274d80: Sending  in S 3: syn 0, ack 1, eack 0, rst 0, seq_nr 23439, ack_nr 20017, packet_len 6 (1)
[0;0mRECV_BUNDLE bundle_seq=95 n=64 bytes=2304
[0;34mRDP 0x561bc1274d80: Received in S 3: syn 0, ack 1, eack 0, rst 0, seq_nr 20018, ack_nr 23439, packet_len 256 (251)
[0;0m[0;34mRDP 0x561bc1274d80: TX Element Free, time 24018785, seq 23439, una 23440
[0;0m[0;34mRDP 0x561bc1274d80: Wake Tx task (check timeouts)
[0;0m[0;34mRDP 0x561bc1274d80: Received in S 3: syn 0, ack 1, eack 0, rst 0, seq_nr 20019, ack_nr 23439, packet_len 256 (251)
[0;0m[0;34mRDP 0x561bc1274d80: Send CMP S 3: syn 0, ack 1, eack 0, rst 0, seq_nr 23440, ack_nr 20019, packet_len 5 (0)
[0;0m[0;34mRDP 0x561bc1274d80: Wake Tx task (check timeouts)
[0;0m[0;34mRDP 0x561bc1274d80: Received in S 3: syn 0, ack 1, eack 0, rst 0, seq_nr 20020, ack_nr 23439, packet_len 256 (251)
[0;0m[0;34mRDP 0x561bc1274d80: Wake Tx task (check timeouts)
[0;0m[0;34mRDP 0x561bc1274d80: Received in S 3: syn 0, ack 1, eack 0, rst 0, seq_nr 20021, ack_nr 23439, packet_len 256 (251)
[0;0m[0;34mRDP 0x561bc1274d80: Wake Tx task (check timeouts)
[0;0m[0;34mRDP 0x561bc1274d80: Received in S 3: syn 0, ack 1, eack 0, rst 0, seq_nr 20022, ack_nr 23439, packet_len 256 (251)
[0;0m[0;34mRDP 0x561bc1274d80: Send CMP S 3: syn 0, ack 1, eack 0, rst 0, seq_nr 23440, ack_nr 20022, packet_len 5 (0)
[0;0m[0;34mRDP 0x561bc1274d80: Wake Tx task (check timeouts)
[0;0m[0;34mRDP 0x561bc1274d80: Received in S 3: syn 0, ack 1, eack 0, rst 0, seq_nr 20023, ack_nr 23439, packet_len 256 (251)
[0;0m[0;34mRDP 0x561bc1274d80: Wake Tx task (check timeouts)
[0;0m[0;34mcsp_sfp_recv_fp: 20:38, fragment 243/2304
[0;0m[0;34mcsp_sfp_recv_fp: 20:38, fragment 486/2304
[0;0m[0;34mcsp_sfp_recv_fp: 20:38, fragment 729/2304
[0;0m[0;34mcsp_sfp_recv_fp: 20:38, fragment 972/2304
[0;0m[0;34mcsp_sfp_recv_fp: 20:38, fragment 1215/2304
[0;0m[0;34mcsp_sfp_recv_fp: 20:38, fragment 1458/2304
[0;0m[0;34mRDP 0x561bc1274d80: Received in S 3: syn 0, ack 1, eack 0, rst 0, seq_nr 20024, ack_nr 23439, packet_len 256 (251)
[0;0m[0;34mRDP 0x561bc1274d80: Wake Tx task (check timeouts)
[0;0m[0;34mRDP 0x561bc1274d80: Received in S 3: syn 0, ack 1, eack 0, rst 0, seq_nr 20025, ack_nr 23439, packet_len 256 (251)
[0;0m[0;34mRDP 0x561bc1274d80: Send CMP S 3: syn 0, ack 1, eack 0, rst 0, seq_nr 23440, ack_nr 20025, packet_len 5 (0)
[0;0m[0;34mRDP 0x561bc1274d80: Wake Tx task (check timeouts)
[0;0m[0;34mRDP 0x561bc1274d80: Received in S 3: syn 0, ack 1, eack 0, rst 0, seq_nr 20026, ack_nr 23439, packet_len 256 (251)
[0;0m[0;34mRDP 0x561bc1274d80: Wake Tx task (check timeouts)
[0;0m[0;34mRDP 0x561bc1274d80: Received in S 3: syn 0, ack 1, eack 0, rst 0, seq_nr 20027, ack_nr 23439, packet_len 130 (125)
[0;0m[0;34mRDP 0x561bc1274d80: Wake Tx task (check timeouts)
[0;0m[0;34mcsp_sfp_recv_fp: 20:38, fragment 1701/2304
[0;0m[1;33mcsp_sfp_recv_fp: 20:38, invalid message, offset 1458 (expected 0), length: 243, totalsize 2304
[0;0m[0;34mRDP 0x561bc1274d80: Send CMP S 4: syn 0, ack 1, eack 0, rst 1, seq_nr 23440, ack_nr 20027, packet_len 5 (0)
[0;0m[0;34mRDP 0x561bc1274d80: csp_rdp_close(0x1), sent RST -> CLOSE_WAIT
[0;0m[0;34mRDP 0x561bc1274d80: csp_rdp_close(0x1), waiting for: protocol timeout
[0;0m[0;34mRDP 0x561bc1274d80: Received in S 4: syn 0, ack 1, eack 0, rst 1, seq_nr 20028, ack_nr 23439, packet_len 5 (0)
[0;0m[0;34mRDP 0x561bc1274d80: RST received in CLOSE_WAIT, ack: 1 - closing
[0;0m[0;34mRDP 0x561bc1274d80: csp_rdp_close(0x2), waiting for: timeout
[0;0m[0;34mRDP 0x561bc1274e08: Received in S 0: syn 1, ack 0, eack 0, rst 0, seq_nr 33933, ack_nr     0, packet_len 29 (24)
[0;0m[0;34mRDP 0x561bc1274e08: SYN-Received
[0;0m[0;34mRDP 0x561bc1274e08: window size 4, conn timeout 1000, packet timeout 1000, delayed acks: 1, ack timeout 250, ack each 2 packet
[0;0m[0;34mRDP 0x561bc1274e08: Send CMP S 2: syn 1, ack 1, eack 0, rst 0, seq_nr 31696, ack_nr 33933, packet_len 5 (0)
[0;0m[0;34mRDP 0x561bc1274e08: Received in S 2: syn 0, ack 1, eack 0, rst 0, seq_nr 33934, ack_nr 31696, packet_len 5 (0)
[0;0m[0;34mRDP 0x561bc1274e08: NC: Connection OPEN
[0;0m[0;34mRDP 0x561bc1274e08: TX Element Free, time 24018788, seq 31696, una 31697
[0;0m[0;34mRDP 0x561bc1274e08: Wake Tx task (check timeouts)
[0;0m[0;34mRDP 0x561bc1274e08: Received in S 3: syn 0, ack 1, eack 0, rst 0, seq_nr 33934, ack_nr 31696, packet_len 256 (251)
[0;0m[0;34mRDP 0x561bc1274e08: Wake Tx task (check timeouts)
[0;0m[0;34mRDP 0x561bc1274e08: Received in S 3: syn 0, ack 1, eack 0, rst 0, seq_nr 33935, ack_nr 31696, packet_len 256 (251)
[0;0m[0;34mRDP 0x561bc1274e08: Wake Tx task (check timeouts)
[0;0m[0;34mRDP 0x561bc1274e08: Received in S 3: syn 0, ack 1, eack 0, rst 0, seq_nr 33936, ack_nr 31696, packet_len 256 (251)
[0;0m[0;34mRDP 0x561bc1274e08: Send CMP S 3: syn 0, ack 1, eack 0, rst 0, seq_nr 31697, ack_nr 33936, packet_len 5 (0)
[0;0m[0;34mRDP 0x561bc1274e08: Wake Tx task (check timeouts)
[0;0m[0;34mRDP 0x561bc1274e08: Received in S 3: syn 0, ack 1, eack 0, rst 0, seq_nr 33937, ack_nr 31696, packet_len 256 (251)
[0;0m[0;34mRDP 0x561bc1274e08: Wake Tx task (check timeouts)
[0;0m[0;34mRDP 0x561bc1274e08: Received in S 3: syn 0, ack 1, eack 0, rst 0, seq_nr 33938, ack_nr 31696, packet_len 256 (251)
[0;0m[0;34mRDP 0x561bc1274e08: Wake Tx task (check timeouts)
[0;0m[0;34mRDP 0x561bc1274e08: Received in S 3: syn 0, ack 1, eack 0, rst 0, seq_nr 33939, ack_nr 31696, packet_len 256 (251)
[0;0m[0;34mRDP 0x561bc1274e08: Send CMP S 3: syn 0, ack 1, eack 0, rst 0, seq_nr 31697, ack_nr 33939, packet_len 5 (0)
[0;0m[0;34mRDP 0x561bc1274e08: Wake Tx task (check timeouts)
[0;0m[0;34mRDP 0x561bc1274e08: Received in S 3: syn 0, ack 1, eack 0, rst 0, seq_nr 33940, ack_nr 31696, packet_len 256 (251)
[0;0m[0;34mRDP 0x561bc1274e08: Wake Tx task (check timeouts)
[0;0m[0;34mRDP 0x561bc1274e08: Received in S 3: syn 0, ack 1, eack 0, rst 0, seq_nr 33941, ack_nr 31696, packet_len 256 (251)
[0;0m[0;34mRDP 0x561bc1274e08: Wake Tx task (check timeouts)
[0;0m[0;34mRDP 0x561bc1274e08: Received in S 3: syn 0, ack 1, eack 0, rst 0, seq_nr 33942, ack_nr 31696, packet_len 256 (251)
[0;0m[0;34mRDP 0x561bc1274e08: Send CMP S 3: syn 0, ack 1, eack 0, rst 0, seq_nr 31697, ack_nr 33942, packet_len 5 (0)
[0;0m[0;34mRDP 0x561bc1274e08: Wake Tx task (check timeouts)
[0;0m[0;34mRDP 0x561bc1274e08: Received in S 3: syn 0, ack 1, eack 0, rst 0, seq_nr 33943, ack_nr 31696, packet_len 130 (125)
[0;0m[0;34mRDP 0x561bc1274e08: Wake Tx task (check timeouts)
[0;0m[0;34mcsp_sfp_recv_fp: 20:39, fragment 243/2304
[0;0m[0;34mcsp_sfp_recv_fp: 20:39, fragment 486/2304
[0;0m[0;34mcsp_sfp_recv_fp: 20:39, fragment 729/2304
[0;0m[0;34mcsp_sfp_recv_fp: 20:39, fragment 972/2304
[0;0m[0;34mcsp_sfp_recv_fp: 20:39, fragment 1215/2304
[0;0m[0;34mcsp_sfp_recv_fp: 20:39, fragment 1458/2304
[0;0m[0;34mcsp_sfp_recv_fp: 20:39, fragment 1701/2304
[0;0m[0;34mcsp_sfp_recv_fp: 20:39, fragment 1944/2304
[0;0m[0;34mcsp_sfp_recv_fp: 20:39, fragment 2187/2304
[0;0m[0;34mcsp_sfp_recv_fp: 20:39, fragment 2304/2304
[0;0m[0;34mRDP 0x561bc1274e08: Sending  in S 3: syn 0, ack 1, eack 0, rst 0, seq_nr 31697, ack_nr 33943, packet_len 6 (1)
[0;0mRECV_BUNDLE bundle_seq=96 n=64 bytes=2304
[0;34mRDP 0x561bc1274e08: Received in S 3: syn 0, ack 1, eack 0, rst 0, seq_nr 33944, ack_nr 31697, packet_len 256 (251)
[0;0m[0;34mRDP 0x561bc1274e08: TX Element Free, time 24018805, seq 31697, una 31698
[0;0m[0;34mRDP 0x561bc1274e08: Wake Tx task (check timeouts)
[0;0m[0;34mRDP 0x561bc1274e08: Received in S 3: syn 0, ack 1, eack 0, rst 0, seq_nr 33945, ack_nr 31697, packet_len 256 (251)
[0;0m[0;34mRDP 0x561bc1274e08: Send CMP S 3: syn 0, ack 1, eack 0, rst 0, seq_nr 31698, ack_nr 33945, packet_len 5 (0)
[0;0m[0;34mRDP 0x561bc1274e08: Wake Tx task (check timeouts)
[0;0m[0;34mRDP 0x561bc1274e08: Received in S 3: syn 0, ack 1, eack 0, rst 0, seq_nr 33946, ack_nr 31697, packet_len 256 (251)
[0;0m[0;34mRDP 0x561bc1274e08: Wake Tx task (check timeouts)
[0;0m[0;34mRDP 0x561bc1274e08: Received in S 3: syn 0, ack 1, eack 0, rst 0, seq_nr 33947, ack_nr 31697, packet_len 256 (251)
[0;0m[0;34mRDP 0x561bc1274e08: Wake Tx task (check timeouts)
[0;0m[0;34mcsp_sfp_recv_fp: 20:39, fragment 243/2304
[0;0m[0;34mcsp_sfp_recv_fp: 20:39, fragment 486/2304
[0;0m[0;34mcsp_sfp_recv_fp: 20:39, fragment 729/2304
[0;0m[0;34mcsp_sfp_recv_fp: 20:39, fragment 972/2304
[0;0m[0;34mRDP 0x561bc1274e08: Received in S 3: syn 0, ack 1, eack 0, rst 0, seq_nr 33948, ack_nr 31697, packet_len 256 (251)
[0;0m[0;34mRDP 0x561bc1274e08: Send CMP S 3: syn 0, ack 1, eack 0, rst 0, seq_nr 31698, ack_nr 33948, packet_len 5 (0)
[0;0m[0;34mRDP 0x561bc1274e08: Wake Tx task (check timeouts)
[0;0m[0;34mRDP 0x561bc1274e08: Received in S 3: syn 0, ack 1, eack 0, rst 0, seq_nr 33949, ack_nr 31697, packet_len 256 (251)
[0;0m[0;34mRDP 0x561bc1274e08: Wake Tx task (check timeouts)
[0;0m[0;34mRDP 0x561bc1274e08: Received in S 3: syn 0, ack 1, eack 0, rst 0, seq_nr 33950, ack_nr 31697, packet_len 256 (251)
[0;0m[0;34mRDP 0x561bc1274e08: Wake Tx task (check timeouts)
[0;0m[0;34mRDP 0x561bc1274e08: Received in S 3: syn 0, ack 1, eack 0, rst 0, seq_nr 33951, ack_nr 31697, packet_len 256 (251)
[0;0m[0;34mRDP 0x561bc1274e08: Send CMP S 3: syn 0, ack 1, eack 0, rst 0, seq_nr 31698, ack_nr 33951, packet_len 5 (0)
[0;0m[0;34mRDP 0x561bc1274e08: Wake Tx task (check timeouts)
[0;0m[0;34mRDP 0x561bc1274e08: Received in S 3: syn 0, ack 1, eack 0, rst 0, seq_nr 33952, ack_nr 31697, packet_len 256 (251)
[0;0m[0;34mRDP 0x561bc1274e08: Wake Tx task (check timeouts)
[0;0m[0;34mRDP 0x561bc1274e08: Received in S 3: syn 0, ack 1, eack 0, rst 0, seq_nr 33953, ack_nr 31697, packet_len 130 (125)
[0;0m[0;34mRDP 0x561bc1274e08: Wake Tx task (check timeouts)
[0;0m[0;34mcsp_sfp_recv_fp: 20:39, fragment 1215/2304
[0;0m[1;33mcsp_sfp_recv_fp: 20:39, invalid message, offset 972 (expected 0), length: 243, totalsize 2304
[0;0m[0;34mRDP 0x561bc1274e08: Send CMP S 4: syn 0, ack 1, eack 0, rst 1, seq_nr 31698, ack_nr 33953, packet_len 5 (0)
[0;0m[0;34mRDP 0x561bc1274e08: csp_rdp_close(0x1), sent RST -> CLOSE_WAIT
[0;0m[0;34mRDP 0x561bc1274e08: csp_rdp_close(0x1), waiting for: protocol timeout
[0;0m[0;34mRDP 0x561bc1274e08: Received in S 4: syn 0, ack 1, eack 0, rst 1, seq_nr 33954, ack_nr 31697, packet_len 5 (0)
[0;0m[0;34mRDP 0x561bc1274e08: RST received in CLOSE_WAIT, ack: 1 - closing
[0;0m[0;34mRDP 0x561bc1274e08: csp_rdp_close(0x2), waiting for: timeout
[0;0m[0;34mRDP 0x561bc1274e90: Received in S 0: syn 1, ack 0, eack 0, rst 0, seq_nr  8455, ack_nr     0, packet_len 29 (24)
[0;0m[0;34mRDP 0x561bc1274e90: SYN-Received
[0;0m[0;34mRDP 0x561bc1274e90: window size 4, conn timeout 1000, packet timeout 1000, delayed acks: 1, ack timeout 250, ack each 2 packet
[0;0m[0;34mRDP 0x561bc1274e90: Send CMP S 2: syn 1, ack 1, eack 0, rst 0, seq_nr 52407, ack_nr  8455, packet_len 5 (0)
[0;0m[0;34mRDP 0x561bc1274e90: Received in S 2: syn 0, ack 1, eack 0, rst 0, seq_nr  8456, ack_nr 52407, packet_len 5 (0)
[0;0m[0;34mRDP 0x561bc1274e90: NC: Connection OPEN
[0;0m[0;34mRDP 0x561bc1274e90: TX Element Free, time 24018808, seq 52407, una 52408
[0;0m[0;34mRDP 0x561bc1274e90: Wake Tx task (check timeouts)
[0;0m[0;34mRDP 0x561bc1274e90: Received in S 3: syn 0, ack 1, eack 0, rst 0, seq_nr  8456, ack_nr 52407, packet_len 256 (251)
[0;0m[0;34mRDP 0x561bc1274e90: Wake Tx task (check timeouts)
[0;0m[0;34mRDP 0x561bc1274e90: Received in S 3: syn 0, ack 1, eack 0, rst 0, seq_nr  8457, ack_nr 52407, packet_len 256 (251)
[0;0m[0;34mRDP 0x561bc1274e90: Wake Tx task (check timeouts)
[0;0m[0;34mRDP 0x561bc1274e90: Received in S 3: syn 0, ack 1, eack 0, rst 0, seq_nr  8458, ack_nr 52407, packet_len 256 (251)
[0;0m[0;34mRDP 0x561bc1274e90: Send CMP S 3: syn 0, ack 1, eack 0, rst 0, seq_nr 52408, ack_nr  8458, packet_len 5 (0)
[0;0m[0;34mRDP 0x561bc1274e90: Wake Tx task (check timeouts)
[0;0m[0;34mRDP 0x561bc1274e90: Received in S 3: syn 0, ack 1, eack 0, rst 0, seq_nr  8459, ack_nr 52407, packet_len 256 (251)
[0;0m[0;34mRDP 0x561bc1274e90: Wake Tx task (check timeouts)
[0;0m[0;34mRDP 0x561bc1274e90: Received in S 3: syn 0, ack 1, eack 0, rst 0, seq_nr  8460, ack_nr 52407, packet_len 256 (251)
[0;0m[0;34mRDP 0x561bc1274e90: Wake Tx task (check timeouts)
[0;0m[0;34mRDP 0x561bc1274e90: Received in S 3: syn 0, ack 1, eack 0, rst 0, seq_nr  8461, ack_nr 52407, packet_len 256 (251)
[0;0m[0;34mRDP 0x561bc1274e90: Send CMP S 3: syn 0, ack 1, eack 0, rst 0, seq_nr 52408, ack_nr  8461, packet_len 5 (0)
[0;0m[0;34mRDP 0x561bc1274e90: Wake Tx task (check timeouts)
[0;0m[0;34mRDP 0x561bc1274e90: Received in S 3: syn 0, ack 1, eack 0, rst 0, seq_nr  8462, ack_nr 52407, packet_len 256 (251)
[0;0m[0;34mRDP 0x561bc1274e90: Wake Tx task (check timeouts)
[0;0m[0;34mRDP 0x561bc1274e90: Received in S 3: syn 0, ack 1, eack 0, rst 0, seq_nr  8463, ack_nr 52407, packet_len 256 (251)
[0;0m[0;34mRDP 0x561bc1274e90: Wake Tx task (check timeouts)
[0;0m[0;34mRDP 0x561bc1274e90: Received in S 3: syn 0, ack 1, eack 0, rst 0, seq_nr  8464, ack_nr 52407, packet_len 256 (251)
[0;0m[0;34mRDP 0x561bc1274e90: Send CMP S 3: syn 0, ack 1, eack 0, rst 0, seq_nr 52408, ack_nr  8464, packet_len 5 (0)
[0;0m[0;34mRDP 0x561bc1274e90: Wake Tx task (check timeouts)
[0;0m[0;34mRDP 0x561bc1274e90: Received in S 3: syn 0, ack 1, eack 0, rst 0, seq_nr  8465, ack_nr 52407, packet_len 130 (125)
[0;0m[0;34mRDP 0x561bc1274e90: Wake Tx task (check timeouts)
[0;0m[0;34mcsp_sfp_recv_fp: 20:40, fragment 243/2304
[0;0m[0;34mcsp_sfp_recv_fp: 20:40, fragment 486/2304
[0;0m[0;34mcsp_sfp_recv_fp: 20:40, fragment 729/2304
[0;0m[0;34mcsp_sfp_recv_fp: 20:40, fragment 972/2304
[0;0m[0;34mcsp_sfp_recv_fp: 20:40, fragment 1215/2304
[0;0m[0;34mcsp_sfp_recv_fp: 20:40, fragment 1458/2304
[0;0m[0;34mcsp_sfp_recv_fp: 20:40, fragment 1701/2304
[0;0m[0;34mcsp_sfp_recv_fp: 20:40, fragment 1944/2304
[0;0m[0;34mcsp_sfp_recv_fp: 20:40, fragment 2187/2304
[0;0m[0;34mcsp_sfp_recv_fp: 20:40, fragment 2304/2304
[0;0m[0;34mRDP 0x561bc1274e90: Sending  in S 3: syn 0, ack 1, eack 0, rst 0, seq_nr 52408, ack_nr  8465, packet_len 6 (1)
[0;0mRECV_BUNDLE bundle_seq=97 n=64 bytes=2304
[0;34mRDP 0x561bc1274e90: Received in S 3: syn 0, ack 1, eack 0, rst 0, seq_nr  8466, ack_nr 52408, packet_len 256 (251)
[0;0m[0;34mRDP 0x561bc1274e90: TX Element Free, time 24018826, seq 52408, una 52409
[0;0m[0;34mRDP 0x561bc1274e90: Wake Tx task (check timeouts)
[0;0m[0;34mRDP 0x561bc1274e90: Received in S 3: syn 0, ack 1, eack 0, rst 0, seq_nr  8467, ack_nr 52408, packet_len 256 (251)
[0;0m[0;34mRDP 0x561bc1274e90: Send CMP S 3: syn 0, ack 1, eack 0, rst 0, seq_nr 52409, ack_nr  8467, packet_len 5 (0)
[0;0m[0;34mRDP 0x561bc1274e90: Wake Tx task (check timeouts)
[0;0m[0;34mRDP 0x561bc1274e90: Received in S 3: syn 0, ack 1, eack 0, rst 0, seq_nr  8468, ack_nr 52408, packet_len 256 (251)
[0;0m[0;34mRDP 0x561bc1274e90: Wake Tx task (check timeouts)
[0;0m[0;34mRDP 0x561bc1274e90: Received in S 3: syn 0, ack 1, eack 0, rst 0, seq_nr  8469, ack_nr 52408, packet_len 256 (251)
[0;0m[0;34mRDP 0x561bc1274e90: Wake Tx task (check timeouts)
[0;0m[0;34mRDP 0x561bc1274e90: Received in S 3: syn 0, ack 1, eack 0, rst 0, seq_nr  8470, ack_nr 52408, packet_len 256 (251)
[0;0m[0;34mRDP 0x561bc1274e90: Send CMP S 3: syn 0, ack 1, eack 0, rst 0, seq_nr 52409, ack_nr  8470, packet_len 5 (0)
[0;0m[0;34mRDP 0x561bc1274e90: Wake Tx task (check timeouts)
[0;0m[0;34mRDP 0x561bc1274e90: Received in S 3: syn 0, ack 1, eack 0, rst 0, seq_nr  8471, ack_nr 52408, packet_len 256 (251)
[0;0m[0;34mRDP 0x561bc1274e90: Wake Tx task (check timeouts)
[0;0m[0;34mcsp_sfp_recv_fp: 20:40, fragment 243/2304
[0;0m[0;34mcsp_sfp_recv_fp: 20:40, fragment 486/2304
[0;0m[0;34mcsp_sfp_recv_fp: 20:40, fragment 729/2304
[0;0m[0;34mcsp_sfp_recv_fp: 20:40, fragment 972/2304
[0;0m[0;34mcsp_sfp_recv_fp: 20:40, fragment 1215/2304
[0;0m[0;34mcsp_sfp_recv_fp: 20:40, fragment 1458/2304
[0;0m[0;34mRDP 0x561bc1274e90: Received in S 3: syn 0, ack 1, eack 0, rst 0, seq_nr  8472, ack_nr 52408, packet_len 256 (251)
[0;0m[0;34mRDP 0x561bc1274e90: Wake Tx task (check timeouts)
[0;0m[0;34mRDP 0x561bc1274e90: Received in S 3: syn 0, ack 1, eack 0, rst 0, seq_nr  8473, ack_nr 52408, packet_len 256 (251)
[0;0m[0;34mRDP 0x561bc1274e90: Send CMP S 3: syn 0, ack 1, eack 0, rst 0, seq_nr 52409, ack_nr  8473, packet_len 5 (0)
[0;0m[0;34mRDP 0x561bc1274e90: Wake Tx task (check timeouts)
[0;0m[0;34mRDP 0x561bc1274e90: Received in S 3: syn 0, ack 1, eack 0, rst 0, seq_nr  8474, ack_nr 52408, packet_len 256 (251)
[0;0m[0;34mRDP 0x561bc1274e90: Wake Tx task (check timeouts)
[0;0m[0;34mRDP 0x561bc1274e90: Received in S 3: syn 0, ack 1, eack 0, rst 0, seq_nr  8475, ack_nr 52408, packet_len 130 (125)
[0;0m[0;34mRDP 0x561bc1274e90: Wake Tx task (check timeouts)
[0;0m[0;34mcsp_sfp_recv_fp: 20:40, fragment 1701/2304
[0;0m[1;33mcsp_sfp_recv_fp: 20:40, invalid message, offset 1458 (expected 0), length: 243, totalsize 2304
[0;0m[0;34mRDP 0x561bc1274e90: Send CMP S 4: syn 0, ack 1, eack 0, rst 1, seq_nr 52409, ack_nr  8475, packet_len 5 (0)
[0;0m[0;34mRDP 0x561bc1274e90: csp_rdp_close(0x1), sent RST -> CLOSE_WAIT
[0;0m[0;34mRDP 0x561bc1274e90: csp_rdp_close(0x1), waiting for: protocol timeout
[0;0m[0;34mRDP 0x561bc1274e90: Received in S 4: syn 0, ack 1, eack 0, rst 1, seq_nr  8476, ack_nr 52408, packet_len 5 (0)
[0;0m[0;34mRDP 0x561bc1274e90: RST received in CLOSE_WAIT, ack: 1 - closing
[0;0m[0;34mRDP 0x561bc1274e90: csp_rdp_close(0x2), waiting for: timeout
[0;0m[0;34mRDP 0x561bc1274f18: Received in S 0: syn 1, ack 0, eack 0, rst 0, seq_nr 18671, ack_nr     0, packet_len 29 (24)
[0;0m[0;34mRDP 0x561bc1274f18: SYN-Received
[0;0m[0;34mRDP 0x561bc1274f18: window size 4, conn timeout 1000, packet timeout 1000, delayed acks: 1, ack timeout 250, ack each 2 packet
[0;0m[0;34mRDP 0x561bc1274f18: Send CMP S 2: syn 1, ack 1, eack 0, rst 0, seq_nr 42003, ack_nr 18671, packet_len 5 (0)
[0;0m[0;34mRDP 0x561bc1274f18: Received in S 2: syn 0, ack 1, eack 0, rst 0, seq_nr 18672, ack_nr 42003, packet_len 5 (0)
[0;0m[0;34mRDP 0x561bc1274f18: NC: Connection OPEN
[0;0m[0;34mRDP 0x561bc1274f18: TX Element Free, time 24018830, seq 42003, una 42004
[0;0m[0;34mRDP 0x561bc1274f18: Wake Tx task (check timeouts)
[0;0m[0;34mRDP 0x561bc1274f18: Received in S 3: syn 0, ack 1, eack 0, rst 0, seq_nr 18672, ack_nr 42003, packet_len 256 (251)
[0;0m[0;34mRDP 0x561bc1274f18: Wake Tx task (check timeouts)
[0;0m[0;34mRDP 0x561bc1274f18: Received in S 3: syn 0, ack 1, eack 0, rst 0, seq_nr 18673, ack_nr 42003, packet_len 256 (251)
[0;0m[0;34mRDP 0x561bc1274f18: Wake Tx task (check timeouts)
[0;0m[0;34mRDP 0x561bc1274f18: Received in S 3: syn 0, ack 1, eack 0, rst 0, seq_nr 18674, ack_nr 42003, packet_len 256 (251)
[0;0m[0;34mRDP 0x561bc1274f18: Send CMP S 3: syn 0, ack 1, eack 0, rst 0, seq_nr 42004, ack_nr 18674, packet_len 5 (0)
[0;0m[0;34mRDP 0x561bc1274f18: Wake Tx task (check timeouts)
[0;0m[0;34mRDP 0x561bc1274f18: Received in S 3: syn 0, ack 1, eack 0, rst 0, seq_nr 18675, ack_nr 42003, packet_len 256 (251)
[0;0m[0;34mRDP 0x561bc1274f18: Wake Tx task (check timeouts)
[0;0m[0;34mRDP 0x561bc1274f18: Received in S 3: syn 0, ack 1, eack 0, rst 0, seq_nr 18676, ack_nr 42003, packet_len 256 (251)
[0;0m[0;34mRDP 0x561bc1274f18: Wake Tx task (check timeouts)
[0;0m[0;34mRDP 0x561bc1274f18: Received in S 3: syn 0, ack 1, eack 0, rst 0, seq_nr 18677, ack_nr 42003, packet_len 256 (251)
[0;0m[0;34mRDP 0x561bc1274f18: Send CMP S 3: syn 0, ack 1, eack 0, rst 0, seq_nr 42004, ack_nr 18677, packet_len 5 (0)
[0;0m[0;34mRDP 0x561bc1274f18: Wake Tx task (check timeouts)
[0;0m[0;34mRDP 0x561bc1274f18: Received in S 3: syn 0, ack 1, eack 0, rst 0, seq_nr 18678, ack_nr 42003, packet_len 256 (251)
[0;0m[0;34mRDP 0x561bc1274f18: Wake Tx task (check timeouts)
[0;0m[0;34mRDP 0x561bc1274f18: Received in S 3: syn 0, ack 1, eack 0, rst 0, seq_nr 18679, ack_nr 42003, packet_len 256 (251)
[0;0m[0;34mRDP 0x561bc1274f18: Wake Tx task (check timeouts)
[0;0m[0;34mRDP 0x561bc1274f18: Received in S 3: syn 0, ack 1, eack 0, rst 0, seq_nr 18680, ack_nr 42003, packet_len 256 (251)
[0;0m[0;34mRDP 0x561bc1274f18: Send CMP S 3: syn 0, ack 1, eack 0, rst 0, seq_nr 42004, ack_nr 18680, packet_len 5 (0)
[0;0m[0;34mRDP 0x561bc1274f18: Wake Tx task (check timeouts)
[0;0m[0;34mRDP 0x561bc1274f18: Received in S 3: syn 0, ack 1, eack 0, rst 0, seq_nr 18681, ack_nr 42003, packet_len 130 (125)
[0;0m[0;34mRDP 0x561bc1274f18: Wake Tx task (check timeouts)
[0;0m[0;34mcsp_sfp_recv_fp: 20:41, fragment 243/2304
[0;0m[0;34mcsp_sfp_recv_fp: 20:41, fragment 486/2304
[0;0m[0;34mcsp_sfp_recv_fp: 20:41, fragment 729/2304
[0;0m[0;34mcsp_sfp_recv_fp: 20:41, fragment 972/2304
[0;0m[0;34mcsp_sfp_recv_fp: 20:41, fragment 1215/2304
[0;0m[0;34mcsp_sfp_recv_fp: 20:41, fragment 1458/2304
[0;0m[0;34mcsp_sfp_recv_fp: 20:41, fragment 1701/2304
[0;0m[0;34mcsp_sfp_recv_fp: 20:41, fragment 1944/2304
[0;0m[0;34mcsp_sfp_recv_fp: 20:41, fragment 2187/2304
[0;0m[0;34mcsp_sfp_recv_fp: 20:41, fragment 2304/2304
[0;0m[0;34mRDP 0x561bc1274f18: Sending  in S 3: syn 0, ack 1, eack 0, rst 0, seq_nr 42004, ack_nr 18681, packet_len 6 (1)
[0;0mRECV_BUNDLE bundle_seq=98 n=64 bytes=2304
[0;34mRDP 0x561bc1274f18: Received in S 3: syn 0, ack 1, eack 0, rst 0, seq_nr 18682, ack_nr 42004, packet_len 256 (251)
[0;0m[0;34mRDP 0x561bc1274f18: TX Element Free, time 24018846, seq 42004, una 42005
[0;0m[0;34mRDP 0x561bc1274f18: Wake Tx task (check timeouts)
[0;0m[0;34mRDP 0x561bc1274f18: Received in S 3: syn 0, ack 1, eack 0, rst 0, seq_nr 18683, ack_nr 42004, packet_len 256 (251)
[0;0m[0;34mRDP 0x561bc1274f18: Send CMP S 3: syn 0, ack 1, eack 0, rst 0, seq_nr 42005, ack_nr 18683, packet_len 5 (0)
[0;0m[0;34mRDP 0x561bc1274f18: Wake Tx task (check timeouts)
[0;0m[0;34mRDP 0x561bc1274f18: Received in S 3: syn 0, ack 1, eack 0, rst 0, seq_nr 18684, ack_nr 42004, packet_len 256 (251)
[0;0m[0;34mRDP 0x561bc1274f18: Wake Tx task (check timeouts)
[0;0m[0;34mRDP 0x561bc1274f18: Received in S 3: syn 0, ack 1, eack 0, rst 0, seq_nr 18685, ack_nr 42004, packet_len 256 (251)
[0;0m[0;34mRDP 0x561bc1274f18: Wake Tx task (check timeouts)
[0;0m[0;34mRDP 0x561bc1274f18: Received in S 3: syn 0, ack 1, eack 0, rst 0, seq_nr 18686, ack_nr 42004, packet_len 256 (251)
[0;0m[0;34mRDP 0x561bc1274f18: Send CMP S 3: syn 0, ack 1, eack 0, rst 0, seq_nr 42005, ack_nr 18686, packet_len 5 (0)
[0;0m[0;34mRDP 0x561bc1274f18: Wake Tx task (check timeouts)
[0;0m[0;34mcsp_sfp_recv_fp: 20:41, fragment 243/2304
[0;0m[0;34mcsp_sfp_recv_fp: 20:41, fragment 486/2304
[0;0m[0;34mcsp_sfp_recv_fp: 20:41, fragment 729/2304
[0;0m[0;34mcsp_sfp_recv_fp: 20:41, fragment 972/2304
[0;0m[0;34mcsp_sfp_recv_fp: 20:41, fragment 1215/2304
[0;0m[0;34mRDP 0x561bc1274f18: Received in S 3: syn 0, ack 1, eack 0, rst 0, seq_nr 18687, ack_nr 42004, packet_len 256 (251)
[0;0m[0;34mRDP 0x561bc1274f18: Wake Tx task (check timeouts)
[0;0m[0;34mRDP 0x561bc1274f18: Received in S 3: syn 0, ack 1, eack 0, rst 0, seq_nr 18688, ack_nr 42004, packet_len 256 (251)
[0;0m[0;34mRDP 0x561bc1274f18: Wake Tx task (check timeouts)
[0;0m[0;34mRDP 0x561bc1274f18: Received in S 3: syn 0, ack 1, eack 0, rst 0, seq_nr 18689, ack_nr 42004, packet_len 256 (251)
[0;0m[0;34mRDP 0x561bc1274f18: Send CMP S 3: syn 0, ack 1, eack 0, rst 0, seq_nr 42005, ack_nr 18689, packet_len 5 (0)
[0;0m[0;34mRDP 0x561bc1274f18: Wake Tx task (check timeouts)
[0;0m[0;34mRDP 0x561bc1274f18: Received in S 3: syn 0, ack 1, eack 0, rst 0, seq_nr 18690, ack_nr 42004, packet_len 256 (251)
[0;0m[0;34mRDP 0x561bc1274f18: Wake Tx task (check timeouts)
[0;0m[0;34mRDP 0x561bc1274f18: Received in S 3: syn 0, ack 1, eack 0, rst 0, seq_nr 18691, ack_nr 42004, packet_len 130 (125)
[0;0m[0;34mRDP 0x561bc1274f18: Wake Tx task (check timeouts)
[0;0m[0;34mcsp_sfp_recv_fp: 20:41, fragment 1458/2304
[0;0m[1;33mcsp_sfp_recv_fp: 20:41, invalid message, offset 1215 (expected 0), length: 243, totalsize 2304
[0;0m[0;34mRDP 0x561bc1274f18: Send CMP S 4: syn 0, ack 1, eack 0, rst 1, seq_nr 42005, ack_nr 18691, packet_len 5 (0)
[0;0m[0;34mRDP 0x561bc1274f18: csp_rdp_close(0x1), sent RST -> CLOSE_WAIT
[0;0m[0;34mRDP 0x561bc1274f18: csp_rdp_close(0x1), waiting for: protocol timeout
[0;0m[0;34mRDP 0x561bc1274f18: Received in S 4: syn 0, ack 1, eack 0, rst 1, seq_nr 18692, ack_nr 42004, packet_len 5 (0)
[0;0m[0;34mRDP 0x561bc1274f18: RST received in CLOSE_WAIT, ack: 1 - closing
[0;0m[0;34mRDP 0x561bc1274f18: csp_rdp_close(0x2), waiting for: timeout
[0;0m[0;34mRDP 0x561bc1274fa0: Received in S 0: syn 1, ack 0, eack 0, rst 0, seq_nr 21954, ack_nr     0, packet_len 29 (24)
[0;0m[0;34mRDP 0x561bc1274fa0: SYN-Received
[0;0m[0;34mRDP 0x561bc1274fa0: window size 4, conn timeout 1000, packet timeout 1000, delayed acks: 1, ack timeout 250, ack each 2 packet
[0;0m[0;34mRDP 0x561bc1274fa0: Send CMP S 2: syn 1, ack 1, eack 0, rst 0, seq_nr   832, ack_nr 21954, packet_len 5 (0)
[0;0m[0;34mRDP 0x561bc1274fa0: Received in S 2: syn 0, ack 1, eack 0, rst 0, seq_nr 21955, ack_nr   832, packet_len 5 (0)
[0;0m[0;34mRDP 0x561bc1274fa0: NC: Connection OPEN
[0;0m[0;34mRDP 0x561bc1274fa0: TX Element Free, time 24018850, seq 832, una 833
[0;0m[0;34mRDP 0x561bc1274fa0: Wake Tx task (check timeouts)
[0;0m[0;34mRDP 0x561bc1274fa0: Received in S 3: syn 0, ack 1, eack 0, rst 0, seq_nr 21955, ack_nr   832, packet_len 256 (251)
[0;0m[0;34mRDP 0x561bc1274fa0: Wake Tx task (check timeouts)
[0;0m[0;34mRDP 0x561bc1274fa0: Received in S 3: syn 0, ack 1, eack 0, rst 0, seq_nr 21956, ack_nr   832, packet_len 256 (251)
[0;0m[0;34mRDP 0x561bc1274fa0: Wake Tx task (check timeouts)
[0;0m[0;34mRDP 0x561bc1274fa0: Received in S 3: syn 0, ack 1, eack 0, rst 0, seq_nr 21957, ack_nr   832, packet_len 256 (251)
[0;0m[0;34mRDP 0x561bc1274fa0: Send CMP S 3: syn 0, ack 1, eack 0, rst 0, seq_nr   833, ack_nr 21957, packet_len 5 (0)
[0;0m[0;34mRDP 0x561bc1274fa0: Wake Tx task (check timeouts)
[0;0m[0;34mRDP 0x561bc1274fa0: Received in S 3: syn 0, ack 1, eack 0, rst 0, seq_nr 21958, ack_nr   832, packet_len 256 (251)
[0;0m[0;34mRDP 0x561bc1274fa0: Wake Tx task (check timeouts)
[0;0m[0;34mRDP 0x561bc1274fa0: Received in S 3: syn 0, ack 1, eack 0, rst 0, seq_nr 21959, ack_nr   832, packet_len 256 (251)
[0;0m[0;34mRDP 0x561bc1274fa0: Wake Tx task (check timeouts)
[0;0m[0;34mRDP 0x561bc1274fa0: Received in S 3: syn 0, ack 1, eack 0, rst 0, seq_nr 21960, ack_nr   832, packet_len 256 (251)
[0;0m[0;34mRDP 0x561bc1274fa0: Send CMP S 3: syn 0, ack 1, eack 0, rst 0, seq_nr   833, ack_nr 21960, packet_len 5 (0)
[0;0m[0;34mRDP 0x561bc1274fa0: Wake Tx task (check timeouts)
[0;0m[0;34mRDP 0x561bc1274fa0: Received in S 3: syn 0, ack 1, eack 0, rst 0, seq_nr 21961, ack_nr   832, packet_len 256 (251)
[0;0m[0;34mRDP 0x561bc1274fa0: Wake Tx task (check timeouts)
[0;0m[0;34mRDP 0x561bc1274fa0: Received in S 3: syn 0, ack 1, eack 0, rst 0, seq_nr 21962, ack_nr   832, packet_len 256 (251)
[0;0m[0;34mRDP 0x561bc1274fa0: Wake Tx task (check timeouts)
[0;0m[0;34mRDP 0x561bc1274fa0: Received in S 3: syn 0, ack 1, eack 0, rst 0, seq_nr 21963, ack_nr   832, packet_len 256 (251)
[0;0m[0;34mRDP 0x561bc1274fa0: Send CMP S 3: syn 0, ack 1, eack 0, rst 0, seq_nr   833, ack_nr 21963, packet_len 5 (0)
[0;0m[0;34mRDP 0x561bc1274fa0: Wake Tx task (check timeouts)
[0;0m[0;34mRDP 0x561bc1274fa0: Received in S 3: syn 0, ack 1, eack 0, rst 0, seq_nr 21964, ack_nr   832, packet_len 130 (125)
[0;0m[0;34mRDP 0x561bc1274fa0: Wake Tx task (check timeouts)
[0;0m[0;34mcsp_sfp_recv_fp: 20:42, fragment 243/2304
[0;0m[0;34mcsp_sfp_recv_fp: 20:42, fragment 486/2304
[0;0m[0;34mcsp_sfp_recv_fp: 20:42, fragment 729/2304
[0;0m[0;34mcsp_sfp_recv_fp: 20:42, fragment 972/2304
[0;0m[0;34mcsp_sfp_recv_fp: 20:42, fragment 1215/2304
[0;0m[0;34mcsp_sfp_recv_fp: 20:42, fragment 1458/2304
[0;0m[0;34mcsp_sfp_recv_fp: 20:42, fragment 1701/2304
[0;0m[0;34mcsp_sfp_recv_fp: 20:42, fragment 1944/2304
[0;0m[0;34mcsp_sfp_recv_fp: 20:42, fragment 2187/2304
[0;0m[0;34mcsp_sfp_recv_fp: 20:42, fragment 2304/2304
[0;0m[0;34mRDP 0x561bc1274fa0: Sending  in S 3: syn 0, ack 1, eack 0, rst 0, seq_nr   833, ack_nr 21964, packet_len 6 (1)
[0;0mRECV_BUNDLE bundle_seq=99 n=64 bytes=2304
[0;34mRDP 0x561bc1274fa0: Received in S 3: syn 0, ack 1, eack 0, rst 0, seq_nr 21965, ack_nr   833, packet_len 256 (251)
[0;0m[0;34mRDP 0x561bc1274fa0: TX Element Free, time 24018867, seq 833, una 834
[0;0m[0;34mRDP 0x561bc1274fa0: Wake Tx task (check timeouts)
[0;0m[0;34mRDP 0x561bc1274fa0: Received in S 3: syn 0, ack 1, eack 0, rst 0, seq_nr 21966, ack_nr   833, packet_len 256 (251)
[0;0m[0;34mRDP 0x561bc1274fa0: Send CMP S 3: syn 0, ack 1, eack 0, rst 0, seq_nr   834, ack_nr 21966, packet_len 5 (0)
[0;0m[0;34mRDP 0x561bc1274fa0: Wake Tx task (check timeouts)
[0;0m[0;34mRDP 0x561bc1274fa0: Received in S 3: syn 0, ack 1, eack 0, rst 0, seq_nr 21967, ack_nr   833, packet_len 256 (251)
[0;0m[0;34mRDP 0x561bc1274fa0: Wake Tx task (check timeouts)
[0;0m[0;34mRDP 0x561bc1274fa0: Received in S 3: syn 0, ack 1, eack 0, rst 0, seq_nr 21968, ack_nr   833, packet_len 256 (251)
[0;0m[0;34mRDP 0x561bc1274fa0: Wake Tx task (check timeouts)
[0;0m[0;34mRDP 0x561bc1274fa0: Received in S 3: syn 0, ack 1, eack 0, rst 0, seq_nr 21969, ack_nr   833, packet_len 256 (251)
[0;0m[0;34mRDP 0x561bc1274fa0: Send CMP S 3: syn 0, ack 1, eack 0, rst 0, seq_nr   834, ack_nr 21969, packet_len 5 (0)
[0;0m[0;34mRDP 0x561bc1274fa0: Wake Tx task (check timeouts)
[0;0m[0;34mcsp_sfp_recv_fp: 20:42, fragment 243/2304
[0;0m[0;34mcsp_sfp_recv_fp: 20:42, fragment 486/2304
[0;0m[0;34mcsp_sfp_recv_fp: 20:42, fragment 729/2304
[0;0m[0;34mcsp_sfp_recv_fp: 20:42, fragment 972/2304
[0;0m[0;34mcsp_sfp_recv_fp: 20:42, fragment 1215/2304
[0;0m[0;34mRDP 0x561bc1274fa0: Received in S 3: syn 0, ack 1, eack 0, rst 0, seq_nr 21970, ack_nr   833, packet_len 256 (251)
[0;0m[0;34mRDP 0x561bc1274fa0: Wake Tx task (check timeouts)
[0;0m[0;34mRDP 0x561bc1274fa0: Received in S 3: syn 0, ack 1, eack 0, rst 0, seq_nr 21971, ack_nr   833, packet_len 256 (251)
[0;0m[0;34mRDP 0x561bc1274fa0: Wake Tx task (check timeouts)
[0;0m[0;34mRDP 0x561bc1274fa0: Received in S 3: syn 0, ack 1, eack 0, rst 0, seq_nr 21972, ack_nr   833, packet_len 256 (251)
[0;0m[0;34mRDP 0x561bc1274fa0: Send CMP S 3: syn 0, ack 1, eack 0, rst 0, seq_nr   834, ack_nr 21972, packet_len 5 (0)
[0;0m[0;34mRDP 0x561bc1274fa0: Wake Tx task (check timeouts)
[0;0m[0;34mRDP 0x561bc1274fa0: Received in S 3: syn 0, ack 1, eack 0, rst 0, seq_nr 21973, ack_nr   833, packet_len 256 (251)
[0;0m[0;34mRDP 0x561bc1274fa0: Wake Tx task (check timeouts)
[0;0m[0;34mRDP 0x561bc1274fa0: Received in S 3: syn 0, ack 1, eack 0, rst 0, seq_nr 21974, ack_nr   833, packet_len 130 (125)
[0;0m[0;34mRDP 0x561bc1274fa0: Wake Tx task (check timeouts)
[0;0m[0;34mcsp_sfp_recv_fp: 20:42, fragment 1458/2304
[0;0m[1;33mcsp_sfp_recv_fp: 20:42, invalid message, offset 1215 (expected 0), length: 243, totalsize 2304
[0;0m[0;34mRDP 0x561bc1274fa0: Send CMP S 4: syn 0, ack 1, eack 0, rst 1, seq_nr   834, ack_nr 21974, packet_len 5 (0)
[0;0m[0;34mRDP 0x561bc1274fa0: csp_rdp_close(0x1), sent RST -> CLOSE_WAIT
[0;0m[0;34mRDP 0x561bc1274fa0: csp_rdp_close(0x1), waiting for: protocol timeout
[0;0m[0;34mRDP 0x561bc1274fa0: Received in S 4: syn 0, ack 1, eack 0, rst 1, seq_nr 21975, ack_nr   833, packet_len 5 (0)
[0;0m[0;34mRDP 0x561bc1274fa0: RST received in CLOSE_WAIT, ack: 1 - closing
[0;0m[0;34mRDP 0x561bc1274fa0: csp_rdp_close(0x2), waiting for: timeout
[0;0m[0;34mRDP 0x561bc1275028: Received in S 0: syn 1, ack 0, eack 0, rst 0, seq_nr 39096, ack_nr     0, packet_len 29 (24)
[0;0m[0;34mRDP 0x561bc1275028: SYN-Received
[0;0m[0;34mRDP 0x561bc1275028: window size 4, conn timeout 1000, packet timeout 1000, delayed acks: 1, ack timeout 250, ack each 2 packet
[0;0m[0;34mRDP 0x561bc1275028: Send CMP S 2: syn 1, ack 1, eack 0, rst 0, seq_nr 60154, ack_nr 39096, packet_len 5 (0)
[0;0m[0;34mRDP 0x561bc1275028: Received in S 2: syn 0, ack 1, eack 0, rst 0, seq_nr 39097, ack_nr 60154, packet_len 5 (0)
[0;0m[0;34mRDP 0x561bc1275028: NC: Connection OPEN
[0;0m[0;34mRDP 0x561bc1275028: TX Element Free, time 24018870, seq 60154, una 60155
[0;0m[0;34mRDP 0x561bc1275028: Wake Tx task (check timeouts)
[0;0m[0;34mRDP 0x561bc1275028: Received in S 3: syn 0, ack 1, eack 0, rst 0, seq_nr 39097, ack_nr 60154, packet_len 256 (251)
[0;0m[0;34mRDP 0x561bc1275028: Wake Tx task (check timeouts)
[0;0m[0;34mRDP 0x561bc1275028: Received in S 3: syn 0, ack 1, eack 0, rst 0, seq_nr 39098, ack_nr 60154, packet_len 256 (251)
[0;0m[0;34mRDP 0x561bc1275028: Wake Tx task (check timeouts)
[0;0m[0;34mRDP 0x561bc1275028: Received in S 3: syn 0, ack 1, eack 0, rst 0, seq_nr 39099, ack_nr 60154, packet_len 256 (251)
[0;0m[0;34mRDP 0x561bc1275028: Send CMP S 3: syn 0, ack 1, eack 0, rst 0, seq_nr 60155, ack_nr 39099, packet_len 5 (0)
[0;0m[0;34mRDP 0x561bc1275028: Wake Tx task (check timeouts)
[0;0m[0;34mRDP 0x561bc1275028: Received in S 3: syn 0, ack 1, eack 0, rst 0, seq_nr 39100, ack_nr 60154, packet_len 256 (251)
[0;0m[0;34mRDP 0x561bc1275028: Wake Tx task (check timeouts)
[0;0m[0;34mRDP 0x561bc1275028: Received in S 3: syn 0, ack 1, eack 0, rst 0, seq_nr 39101, ack_nr 60154, packet_len 256 (251)
[0;0m[0;34mRDP 0x561bc1275028: Wake Tx task (check timeouts)
[0;0m[0;34mRDP 0x561bc1275028: Received in S 3: syn 0, ack 1, eack 0, rst 0, seq_nr 39102, ack_nr 60154, packet_len 256 (251)
[0;0m[0;34mRDP 0x561bc1275028: Send CMP S 3: syn 0, ack 1, eack 0, rst 0, seq_nr 60155, ack_nr 39102, packet_len 5 (0)
[0;0m[0;34mRDP 0x561bc1275028: Wake Tx task (check timeouts)
[0;0m[0;34mRDP 0x561bc1275028: Received in S 3: syn 0, ack 1, eack 0, rst 0, seq_nr 39103, ack_nr 60154, packet_len 256 (251)
[0;0m[0;34mRDP 0x561bc1275028: Wake Tx task (check timeouts)
[0;0m[0;34mRDP 0x561bc1275028: Received in S 3: syn 0, ack 1, eack 0, rst 0, seq_nr 39104, ack_nr 60154, packet_len 256 (251)
[0;0m[0;34mRDP 0x561bc1275028: Wake Tx task (check timeouts)
[0;0m[0;34mRDP 0x561bc1275028: Received in S 3: syn 0, ack 1, eack 0, rst 0, seq_nr 39105, ack_nr 60154, packet_len 256 (251)
[0;0m[0;34mRDP 0x561bc1275028: Send CMP S 3: syn 0, ack 1, eack 0, rst 0, seq_nr 60155, ack_nr 39105, packet_len 5 (0)
[0;0m[0;34mRDP 0x561bc1275028: Wake Tx task (check timeouts)
[0;0m[0;34mRDP 0x561bc1275028: Received in S 3: syn 0, ack 1, eack 0, rst 0, seq_nr 39106, ack_nr 60154, packet_len 130 (125)
[0;0m[0;34mRDP 0x561bc1275028: Wake Tx task (check timeouts)
[0;0m[0;34mcsp_sfp_recv_fp: 20:43, fragment 243/2304
[0;0m[0;34mcsp_sfp_recv_fp: 20:43, fragment 486/2304
[0;0m[0;34mcsp_sfp_recv_fp: 20:43, fragment 729/2304
[0;0m[0;34mcsp_sfp_recv_fp: 20:43, fragment 972/2304
[0;0m[0;34mcsp_sfp_recv_fp: 20:43, fragment 1215/2304
[0;0m[0;34mcsp_sfp_recv_fp: 20:43, fragment 1458/2304
[0;0m[0;34mcsp_sfp_recv_fp: 20:43, fragment 1701/2304
[0;0m[0;34mcsp_sfp_recv_fp: 20:43, fragment 1944/2304
[0;0m[0;34mcsp_sfp_recv_fp: 20:43, fragment 2187/2304
[0;0m[0;34mcsp_sfp_recv_fp: 20:43, fragment 2304/2304
[0;0m[0;34mRDP 0x561bc1275028: Sending  in S 3: syn 0, ack 1, eack 0, rst 0, seq_nr 60155, ack_nr 39106, packet_len 6 (1)
[0;0mRECV_BUNDLE bundle_seq=100 n=64 bytes=2304
[0;34mRDP 0x561bc1275028: Received in S 3: syn 0, ack 1, eack 0, rst 0, seq_nr 39107, ack_nr 60155, packet_len 256 (251)
[0;0m[0;34mRDP 0x561bc1275028: TX Element Free, time 24018888, seq 60155, una 60156
[0;0m[0;34mRDP 0x561bc1275028: Wake Tx task (check timeouts)
[0;0m[0;34mRDP 0x561bc1275028: Received in S 3: syn 0, ack 1, eack 0, rst 0, seq_nr 39108, ack_nr 60155, packet_len 256 (251)
[0;0m[0;34mRDP 0x561bc1275028: Send CMP S 3: syn 0, ack 1, eack 0, rst 0, seq_nr 60156, ack_nr 39108, packet_len 5 (0)
[0;0m[0;34mRDP 0x561bc1275028: Wake Tx task (check timeouts)
[0;0m[0;34mRDP 0x561bc1275028: Received in S 3: syn 0, ack 1, eack 0, rst 0, seq_nr 39109, ack_nr 60155, packet_len 256 (251)
[0;0m[0;34mRDP 0x561bc1275028: Wake Tx task (check timeouts)
[0;0m[0;34mRDP 0x561bc1275028: Received in S 3: syn 0, ack 1, eack 0, rst 0, seq_nr 39110, ack_nr 60155, packet_len 256 (251)
[0;0m[0;34mRDP 0x561bc1275028: Wake Tx task (check timeouts)
[0;0m[0;34mRDP 0x561bc1275028: Received in S 3: syn 0, ack 1, eack 0, rst 0, seq_nr 39111, ack_nr 60155, packet_len 256 (251)
[0;0m[0;34mRDP 0x561bc1275028: Send CMP S 3: syn 0, ack 1, eack 0, rst 0, seq_nr 60156, ack_nr 39111, packet_len 5 (0)
[0;0m[0;34mRDP 0x561bc1275028: Wake Tx task (check timeouts)
[0;0m[0;34mRDP 0x561bc1275028: Received in S 3: syn 0, ack 1, eack 0, rst 0, seq_nr 39112, ack_nr 60155, packet_len 256 (251)
[0;0m[0;34mRDP 0x561bc1275028: Wake Tx task (check timeouts)
[0;0m[0;34mcsp_sfp_recv_fp: 20:43, fragment 243/2304
[0;0m[0;34mcsp_sfp_recv_fp: 20:43, fragment 486/2304
[0;0m[0;34mcsp_sfp_recv_fp: 20:43, fragment 729/2304
[0;0m[0;34mcsp_sfp_recv_fp: 20:43, fragment 972/2304
[0;0m[0;34mcsp_sfp_recv_fp: 20:43, fragment 1215/2304
[0;0m[0;34mcsp_sfp_recv_fp: 20:43, fragment 1458/2304
[0;0m[0;34mRDP 0x561bc1275028: Received in S 3: syn 0, ack 1, eack 0, rst 0, seq_nr 39113, ack_nr 60155, packet_len 256 (251)
[0;0m[0;34mRDP 0x561bc1275028: Wake Tx task (check timeouts)
[0;0m[0;34mRDP 0x561bc1275028: Received in S 3: syn 0, ack 1, eack 0, rst 0, seq_nr 39114, ack_nr 60155, packet_len 256 (251)
[0;0m[0;34mRDP 0x561bc1275028: Send CMP S 3: syn 0, ack 1, eack 0, rst 0, seq_nr 60156, ack_nr 39114, packet_len 5 (0)
[0;0m[0;34mRDP 0x561bc1275028: Wake Tx task (check timeouts)
[0;0m[0;34mRDP 0x561bc1275028: Received in S 3: syn 0, ack 1, eack 0, rst 0, seq_nr 39115, ack_nr 60155, packet_len 256 (251)
[0;0m[0;34mRDP 0x561bc1275028: Wake Tx task (check timeouts)
[0;0m[0;34mRDP 0x561bc1275028: Received in S 3: syn 0, ack 1, eack 0, rst 0, seq_nr 39116, ack_nr 60155, packet_len 130 (125)
[0;0m[0;34mRDP 0x561bc1275028: Wake Tx task (check timeouts)
[0;0m[0;34mcsp_sfp_recv_fp: 20:43, fragment 1701/2304
[0;0m[1;33mcsp_sfp_recv_fp: 20:43, invalid message, offset 1458 (expected 0), length: 243, totalsize 2304
[0;0m[0;34mRDP 0x561bc1275028: Send CMP S 4: syn 0, ack 1, eack 0, rst 1, seq_nr 60156, ack_nr 39116, packet_len 5 (0)
[0;0m[0;34mRDP 0x561bc1275028: csp_rdp_close(0x1), sent RST -> CLOSE_WAIT
[0;0m[0;34mRDP 0x561bc1275028: csp_rdp_close(0x1), waiting for: protocol timeout
[0;0m[0;34mRDP 0x561bc1275028: Received in S 4: syn 0, ack 1, eack 0, rst 1, seq_nr 39117, ack_nr 60155, packet_len 5 (0)
[0;0m[0;34mRDP 0x561bc1275028: RST received in CLOSE_WAIT, ack: 1 - closing
[0;0m[0;34mRDP 0x561bc1275028: csp_rdp_close(0x2), waiting for: timeout
[0;0m[0;34mRDP 0x561bc12750b0: Received in S 0: syn 1, ack 0, eack 0, rst 0, seq_nr 25673, ack_nr     0, packet_len 29 (24)
[0;0m[0;34mRDP 0x561bc12750b0: SYN-Received
[0;0m[0;34mRDP 0x561bc12750b0: window size 4, conn timeout 1000, packet timeout 1000, delayed acks: 1, ack timeout 250, ack each 2 packet
[0;0m[0;34mRDP 0x561bc12750b0: Send CMP S 2: syn 1, ack 1, eack 0, rst 0, seq_nr 53997, ack_nr 25673, packet_len 5 (0)
[0;0m[0;34mRDP 0x561bc12750b0: Received in S 2: syn 0, ack 1, eack 0, rst 0, seq_nr 25674, ack_nr 53997, packet_len 5 (0)
[0;0m[0;34mRDP 0x561bc12750b0: NC: Connection OPEN
[0;0m[0;34mRDP 0x561bc12750b0: TX Element Free, time 24018891, seq 53997, una 53998
[0;0m[0;34mRDP 0x561bc12750b0: Wake Tx task (check timeouts)
[0;0m[0;34mRDP 0x561bc12750b0: Received in S 3: syn 0, ack 1, eack 0, rst 0, seq_nr 25674, ack_nr 53997, packet_len 256 (251)
[0;0m[0;34mRDP 0x561bc12750b0: Wake Tx task (check timeouts)
[0;0m[0;34mRDP 0x561bc12750b0: Received in S 3: syn 0, ack 1, eack 0, rst 0, seq_nr 25675, ack_nr 53997, packet_len 256 (251)
[0;0m[0;34mRDP 0x561bc12750b0: Wake Tx task (check timeouts)
[0;0m[0;34mRDP 0x561bc12750b0: Received in S 3: syn 0, ack 1, eack 0, rst 0, seq_nr 25676, ack_nr 53997, packet_len 256 (251)
[0;0m[0;34mRDP 0x561bc12750b0: Send CMP S 3: syn 0, ack 1, eack 0, rst 0, seq_nr 53998, ack_nr 25676, packet_len 5 (0)
[0;0m[0;34mRDP 0x561bc12750b0: Wake Tx task (check timeouts)
[0;0m[0;34mRDP 0x561bc12750b0: Received in S 3: syn 0, ack 1, eack 0, rst 0, seq_nr 25677, ack_nr 53997, packet_len 256 (251)
[0;0m[0;34mRDP 0x561bc12750b0: Wake Tx task (check timeouts)
[0;0m[0;34mRDP 0x561bc12750b0: Received in S 3: syn 0, ack 1, eack 0, rst 0, seq_nr 25678, ack_nr 53997, packet_len 256 (251)
[0;0m[0;34mRDP 0x561bc12750b0: Wake Tx task (check timeouts)
[0;0m[0;34mRDP 0x561bc12750b0: Received in S 3: syn 0, ack 1, eack 0, rst 0, seq_nr 25679, ack_nr 53997, packet_len 256 (251)
[0;0m[0;34mRDP 0x561bc12750b0: Send CMP S 3: syn 0, ack 1, eack 0, rst 0, seq_nr 53998, ack_nr 25679, packet_len 5 (0)
[0;0m[0;34mRDP 0x561bc12750b0: Wake Tx task (check timeouts)
[0;0m[0;34mRDP 0x561bc12750b0: Received in S 3: syn 0, ack 1, eack 0, rst 0, seq_nr 25680, ack_nr 53997, packet_len 256 (251)
[0;0m[0;34mRDP 0x561bc12750b0: Wake Tx task (check timeouts)
[0;0m[0;34mRDP 0x561bc12750b0: Received in S 3: syn 0, ack 1, eack 0, rst 0, seq_nr 25681, ack_nr 53997, packet_len 256 (251)
[0;0m[0;34mRDP 0x561bc12750b0: Wake Tx task (check timeouts)
[0;0m[0;34mRDP 0x561bc12750b0: Received in S 3: syn 0, ack 1, eack 0, rst 0, seq_nr 25682, ack_nr 53997, packet_len 256 (251)
[0;0m[0;34mRDP 0x561bc12750b0: Send CMP S 3: syn 0, ack 1, eack 0, rst 0, seq_nr 53998, ack_nr 25682, packet_len 5 (0)
[0;0m[0;34mRDP 0x561bc12750b0: Wake Tx task (check timeouts)
[0;0m[0;34mRDP 0x561bc12750b0: Received in S 3: syn 0, ack 1, eack 0, rst 0, seq_nr 25683, ack_nr 53997, packet_len 130 (125)
[0;0m[0;34mRDP 0x561bc12750b0: Wake Tx task (check timeouts)
[0;0m[0;34mcsp_sfp_recv_fp: 20:44, fragment 243/2304
[0;0m[0;34mcsp_sfp_recv_fp: 20:44, fragment 486/2304
[0;0m[0;34mcsp_sfp_recv_fp: 20:44, fragment 729/2304
[0;0m[0;34mcsp_sfp_recv_fp: 20:44, fragment 972/2304
[0;0m[0;34mcsp_sfp_recv_fp: 20:44, fragment 1215/2304
[0;0m[0;34mcsp_sfp_recv_fp: 20:44, fragment 1458/2304
[0;0m[0;34mcsp_sfp_recv_fp: 20:44, fragment 1701/2304
[0;0m[0;34mcsp_sfp_recv_fp: 20:44, fragment 1944/2304
[0;0m[0;34mcsp_sfp_recv_fp: 20:44, fragment 2187/2304
[0;0m[0;34mcsp_sfp_recv_fp: 20:44, fragment 2304/2304
[0;0m[0;34mRDP 0x561bc12750b0: Sending  in S 3: syn 0, ack 1, eack 0, rst 0, seq_nr 53998, ack_nr 25683, packet_len 6 (1)
[0;0mRECV_BUNDLE bundle_seq=101 n=64 bytes=2304
[0;34mRDP 0x561bc12750b0: Received in S 3: syn 0, ack 1, eack 0, rst 0, seq_nr 25684, ack_nr 53998, packet_len 256 (251)
[0;0m[0;34mRDP 0x561bc12750b0: TX Element Free, time 24018908, seq 53998, una 53999
[0;0m[0;34mRDP 0x561bc12750b0: Wake Tx task (check timeouts)
[0;0m[0;34mRDP 0x561bc12750b0: Received in S 3: syn 0, ack 1, eack 0, rst 0, seq_nr 25685, ack_nr 53998, packet_len 256 (251)
[0;0m[0;34mRDP 0x561bc12750b0: Send CMP S 3: syn 0, ack 1, eack 0, rst 0, seq_nr 53999, ack_nr 25685, packet_len 5 (0)
[0;0m[0;34mRDP 0x561bc12750b0: Wake Tx task (check timeouts)
[0;0m[0;34mRDP 0x561bc12750b0: Received in S 3: syn 0, ack 1, eack 0, rst 0, seq_nr 25686, ack_nr 53998, packet_len 256 (251)
[0;0m[0;34mRDP 0x561bc12750b0: Wake Tx task (check timeouts)
[0;0m[0;34mRDP 0x561bc12750b0: Received in S 3: syn 0, ack 1, eack 0, rst 0, seq_nr 25687, ack_nr 53998, packet_len 256 (251)
[0;0m[0;34mRDP 0x561bc12750b0: Wake Tx task (check timeouts)
[0;0m[0;34mRDP 0x561bc12750b0: Received in S 3: syn 0, ack 1, eack 0, rst 0, seq_nr 25688, ack_nr 53998, packet_len 256 (251)
[0;0m[0;34mRDP 0x561bc12750b0: Send CMP S 3: syn 0, ack 1, eack 0, rst 0, seq_nr 53999, ack_nr 25688, packet_len 5 (0)
[0;0m[0;34mRDP 0x561bc12750b0: Wake Tx task (check timeouts)
[0;0m[0;34mRDP 0x561bc12750b0: Received in S 3: syn 0, ack 1, eack 0, rst 0, seq_nr 25689, ack_nr 53998, packet_len 256 (251)
[0;0m[0;34mRDP 0x561bc12750b0: Wake Tx task (check timeouts)
[0;0m[0;34mcsp_sfp_recv_fp: 20:44, fragment 243/2304
[0;0m[0;34mcsp_sfp_recv_fp: 20:44, fragment 486/2304
[0;0m[0;34mcsp_sfp_recv_fp: 20:44, fragment 729/2304
[0;0m[0;34mcsp_sfp_recv_fp: 20:44, fragment 972/2304
[0;0m[0;34mcsp_sfp_recv_fp: 20:44, fragment 1215/2304
[0;0m[0;34mcsp_sfp_recv_fp: 20:44, fragment 1458/2304
[0;0m[0;34mRDP 0x561bc12750b0: Received in S 3: syn 0, ack 1, eack 0, rst 0, seq_nr 25690, ack_nr 53998, packet_len 256 (251)
[0;0m[0;34mRDP 0x561bc12750b0: Wake Tx task (check timeouts)
[0;0m[0;34mRDP 0x561bc12750b0: Received in S 3: syn 0, ack 1, eack 0, rst 0, seq_nr 25691, ack_nr 53998, packet_len 256 (251)
[0;0m[0;34mRDP 0x561bc12750b0: Send CMP S 3: syn 0, ack 1, eack 0, rst 0, seq_nr 53999, ack_nr 25691, packet_len 5 (0)
[0;0m[0;34mRDP 0x561bc12750b0: Wake Tx task (check timeouts)
[0;0m[0;34mRDP 0x561bc12750b0: Received in S 3: syn 0, ack 1, eack 0, rst 0, seq_nr 25692, ack_nr 53998, packet_len 256 (251)
[0;0m[0;34mRDP 0x561bc12750b0: Wake Tx task (check timeouts)
[0;0m[0;34mRDP 0x561bc12750b0: Received in S 3: syn 0, ack 1, eack 0, rst 0, seq_nr 25693, ack_nr 53998, packet_len 130 (125)
[0;0m[0;34mRDP 0x561bc12750b0: Wake Tx task (check timeouts)
[0;0m[0;34mcsp_sfp_recv_fp: 20:44, fragment 1701/2304
[0;0m[1;33mcsp_sfp_recv_fp: 20:44, invalid message, offset 1458 (expected 0), length: 243, totalsize 2304
[0;0m[0;34mRDP 0x561bc12750b0: Send CMP S 4: syn 0, ack 1, eack 0, rst 1, seq_nr 53999, ack_nr 25693, packet_len 5 (0)
[0;0m[0;34mRDP 0x561bc12750b0: csp_rdp_close(0x1), sent RST -> CLOSE_WAIT
[0;0m[0;34mRDP 0x561bc12750b0: csp_rdp_close(0x1), waiting for: protocol timeout
[0;0m[0;34mRDP 0x561bc12750b0: Received in S 4: syn 0, ack 1, eack 0, rst 1, seq_nr 25694, ack_nr 53998, packet_len 5 (0)
[0;0m[0;34mRDP 0x561bc12750b0: RST received in CLOSE_WAIT, ack: 1 - closing
[0;0m[0;34mRDP 0x561bc12750b0: csp_rdp_close(0x2), waiting for: timeout
[0;0m[0;34mRDP 0x561bc1275138: Received in S 0: syn 1, ack 0, eack 0, rst 0, seq_nr 59768, ack_nr     0, packet_len 29 (24)
[0;0m[0;34mRDP 0x561bc1275138: SYN-Received
[0;0m[0;34mRDP 0x561bc1275138: window size 4, conn timeout 1000, packet timeout 1000, delayed acks: 1, ack timeout 250, ack each 2 packet
[0;0m[0;34mRDP 0x561bc1275138: Send CMP S 2: syn 1, ack 1, eack 0, rst 0, seq_nr 29838, ack_nr 59768, packet_len 5 (0)
[0;0m[0;34mRDP 0x561bc1275138: Received in S 2: syn 0, ack 1, eack 0, rst 0, seq_nr 59769, ack_nr 29838, packet_len 5 (0)
[0;0m[0;34mRDP 0x561bc1275138: NC: Connection OPEN
[0;0m[0;34mRDP 0x561bc1275138: TX Element Free, time 24018911, seq 29838, una 29839
[0;0m[0;34mRDP 0x561bc1275138: Wake Tx task (check timeouts)
[0;0m[0;34mRDP 0x561bc1275138: Received in S 3: syn 0, ack 1, eack 0, rst 0, seq_nr 59769, ack_nr 29838, packet_len 256 (251)
[0;0m[0;34mRDP 0x561bc1275138: Wake Tx task (check timeouts)
[0;0m[0;34mRDP 0x561bc1275138: Received in S 3: syn 0, ack 1, eack 0, rst 0, seq_nr 59770, ack_nr 29838, packet_len 256 (251)
[0;0m[0;34mRDP 0x561bc1275138: Wake Tx task (check timeouts)
[0;0m[0;34mRDP 0x561bc1275138: Received in S 3: syn 0, ack 1, eack 0, rst 0, seq_nr 59771, ack_nr 29838, packet_len 256 (251)
[0;0m[0;34mRDP 0x561bc1275138: Send CMP S 3: syn 0, ack 1, eack 0, rst 0, seq_nr 29839, ack_nr 59771, packet_len 5 (0)
[0;0m[0;34mRDP 0x561bc1275138: Wake Tx task (check timeouts)
[0;0m[0;34mRDP 0x561bc1275138: Received in S 3: syn 0, ack 1, eack 0, rst 0, seq_nr 59772, ack_nr 29838, packet_len 256 (251)
[0;0m[0;34mRDP 0x561bc1275138: Wake Tx task (check timeouts)
[0;0m[0;34mRDP 0x561bc1275138: Received in S 3: syn 0, ack 1, eack 0, rst 0, seq_nr 59773, ack_nr 29838, packet_len 256 (251)
[0;0m[0;34mRDP 0x561bc1275138: Wake Tx task (check timeouts)
[0;0m[0;34mRDP 0x561bc1275138: Received in S 3: syn 0, ack 1, eack 0, rst 0, seq_nr 59774, ack_nr 29838, packet_len 256 (251)
[0;0m[0;34mRDP 0x561bc1275138: Send CMP S 3: syn 0, ack 1, eack 0, rst 0, seq_nr 29839, ack_nr 59774, packet_len 5 (0)
[0;0m[0;34mRDP 0x561bc1275138: Wake Tx task (check timeouts)
[0;0m[0;34mRDP 0x561bc1275138: Received in S 3: syn 0, ack 1, eack 0, rst 0, seq_nr 59775, ack_nr 29838, packet_len 256 (251)
[0;0m[0;34mRDP 0x561bc1275138: Wake Tx task (check timeouts)
[0;0m[0;34mRDP 0x561bc1275138: Received in S 3: syn 0, ack 1, eack 0, rst 0, seq_nr 59776, ack_nr 29838, packet_len 256 (251)
[0;0m[0;34mRDP 0x561bc1275138: Wake Tx task (check timeouts)
[0;0m[0;34mRDP 0x561bc1275138: Received in S 3: syn 0, ack 1, eack 0, rst 0, seq_nr 59777, ack_nr 29838, packet_len 256 (251)
[0;0m[0;34mRDP 0x561bc1275138: Send CMP S 3: syn 0, ack 1, eack 0, rst 0, seq_nr 29839, ack_nr 59777, packet_len 5 (0)
[0;0m[0;34mRDP 0x561bc1275138: Wake Tx task (check timeouts)
[0;0m[0;34mRDP 0x561bc1275138: Received in S 3: syn 0, ack 1, eack 0, rst 0, seq_nr 59778, ack_nr 29838, packet_len 130 (125)
[0;0m[0;34mRDP 0x561bc1275138: Wake Tx task (check timeouts)
[0;0m[0;34mcsp_sfp_recv_fp: 20:45, fragment 243/2304
[0;0m[0;34mcsp_sfp_recv_fp: 20:45, fragment 486/2304
[0;0m[0;34mcsp_sfp_recv_fp: 20:45, fragment 729/2304
[0;0m[0;34mcsp_sfp_recv_fp: 20:45, fragment 972/2304
[0;0m[0;34mcsp_sfp_recv_fp: 20:45, fragment 1215/2304
[0;0m[0;34mcsp_sfp_recv_fp: 20:45, fragment 1458/2304
[0;0m[0;34mcsp_sfp_recv_fp: 20:45, fragment 1701/2304
[0;0m[0;34mcsp_sfp_recv_fp: 20:45, fragment 1944/2304
[0;0m[0;34mcsp_sfp_recv_fp: 20:45, fragment 2187/2304
[0;0m[0;34mcsp_sfp_recv_fp: 20:45, fragment 2304/2304
[0;0m[0;34mRDP 0x561bc1275138: Sending  in S 3: syn 0, ack 1, eack 0, rst 0, seq_nr 29839, ack_nr 59778, packet_len 6 (1)
[0;0mRECV_BUNDLE bundle_seq=102 n=64 bytes=2304
[0;34mRDP 0x561bc1275138: Received in S 3: syn 0, ack 1, eack 0, rst 0, seq_nr 59779, ack_nr 29839, packet_len 256 (251)
[0;0m[0;34mRDP 0x561bc1275138: TX Element Free, time 24018930, seq 29839, una 29840
[0;0m[0;34mRDP 0x561bc1275138: Wake Tx task (check timeouts)
[0;0m[0;34mRDP 0x561bc1275138: Received in S 3: syn 0, ack 1, eack 0, rst 0, seq_nr 59780, ack_nr 29839, packet_len 256 (251)
[0;0m[0;34mRDP 0x561bc1275138: Send CMP S 3: syn 0, ack 1, eack 0, rst 0, seq_nr 29840, ack_nr 59780, packet_len 5 (0)
[0;0m[0;34mRDP 0x561bc1275138: Wake Tx task (check timeouts)
[0;0m[0;34mRDP 0x561bc1275138: Received in S 3: syn 0, ack 1, eack 0, rst 0, seq_nr 59781, ack_nr 29839, packet_len 256 (251)
[0;0m[0;34mRDP 0x561bc1275138: Wake Tx task (check timeouts)
[0;0m[0;34mcsp_sfp_recv_fp: 20:45, fragment 243/2304
[0;0m[0;34mcsp_sfp_recv_fp: 20:45, fragment 486/2304
[0;0m[0;34mcsp_sfp_recv_fp: 20:45, fragment 729/2304
[0;0m[0;34mRDP 0x561bc1275138: Received in S 3: syn 0, ack 1, eack 0, rst 0, seq_nr 59782, ack_nr 29839, packet_len 256 (251)
[0;0m[0;34mRDP 0x561bc1275138: Wake Tx task (check timeouts)
[0;0m[0;34mcsp_sfp_recv_fp: 20:45, fragment 972/2304
[0;0m[0;34mRDP 0x561bc1275138: Received in S 3: syn 0, ack 1, eack 0, rst 0, seq_nr 59783, ack_nr 29839, packet_len 256 (251)
[0;0m[0;34mRDP 0x561bc1275138: Send CMP S 3: syn 0, ack 1, eack 0, rst 0, seq_nr 29840, ack_nr 59783, packet_len 5 (0)
[0;0m[0;34mRDP 0x561bc1275138: Wake Tx task (check timeouts)
[0;0m[0;34mRDP 0x561bc1275138: Received in S 3: syn 0, ack 1, eack 0, rst 0, seq_nr 59784, ack_nr 29839, packet_len 256 (251)
[0;0m[0;34mRDP 0x561bc1275138: Wake Tx task (check timeouts)
[0;0m[0;34mRDP 0x561bc1275138: Received in S 3: syn 0, ack 1, eack 0, rst 0, seq_nr 59785, ack_nr 29839, packet_len 256 (251)
[0;0m[0;34mRDP 0x561bc1275138: Wake Tx task (check timeouts)
[0;0m[0;34mRDP 0x561bc1275138: Received in S 3: syn 0, ack 1, eack 0, rst 0, seq_nr 59786, ack_nr 29839, packet_len 256 (251)
[0;0m[0;34mRDP 0x561bc1275138: Send CMP S 3: syn 0, ack 1, eack 0, rst 0, seq_nr 29840, ack_nr 59786, packet_len 5 (0)
[0;0m[0;34mRDP 0x561bc1275138: Wake Tx task (check timeouts)
[0;0m[0;34mRDP 0x561bc1275138: Received in S 3: syn 0, ack 1, eack 0, rst 0, seq_nr 59787, ack_nr 29839, packet_len 256 (251)
[0;0m[0;34mRDP 0x561bc1275138: Wake Tx task (check timeouts)
[0;0m[0;34mRDP 0x561bc1275138: Received in S 3: syn 0, ack 1, eack 0, rst 0, seq_nr 59788, ack_nr 29839, packet_len 130 (125)
[0;0m[0;34mRDP 0x561bc1275138: Wake Tx task (check timeouts)
[0;0m[0;34mcsp_sfp_recv_fp: 20:45, fragment 1215/2304
[0;0m[1;33mcsp_sfp_recv_fp: 20:45, invalid message, offset 972 (expected 0), length: 243, totalsize 2304
[0;0m[0;34mRDP 0x561bc1275138: Send CMP S 4: syn 0, ack 1, eack 0, rst 1, seq_nr 29840, ack_nr 59788, packet_len 5 (0)
[0;0m[0;34mRDP 0x561bc1275138: csp_rdp_close(0x1), sent RST -> CLOSE_WAIT
[0;0m[0;34mRDP 0x561bc1275138: csp_rdp_close(0x1), waiting for: protocol timeout
[0;0m[0;34mRDP 0x561bc1275138: Received in S 4: syn 0, ack 1, eack 0, rst 1, seq_nr 59789, ack_nr 29839, packet_len 5 (0)
[0;0m[0;34mRDP 0x561bc1275138: RST received in CLOSE_WAIT, ack: 1 - closing
[0;0m[0;34mRDP 0x561bc1275138: csp_rdp_close(0x2), waiting for: timeout
[0;0m[0;34mRDP 0x561bc12751c0: Received in S 0: syn 1, ack 0, eack 0, rst 0, seq_nr 35804, ack_nr     0, packet_len 29 (24)
[0;0m[0;34mRDP 0x561bc12751c0: SYN-Received
[0;0m[0;34mRDP 0x561bc12751c0: window size 4, conn timeout 1000, packet timeout 1000, delayed acks: 1, ack timeout 250, ack each 2 packet
[0;0m[0;34mRDP 0x561bc12751c0: Send CMP S 2: syn 1, ack 1, eack 0, rst 0, seq_nr 45072, ack_nr 35804, packet_len 5 (0)
[0;0m[0;34mRDP 0x561bc12751c0: Received in S 2: syn 0, ack 1, eack 0, rst 0, seq_nr 35805, ack_nr 45072, packet_len 5 (0)
[0;0m[0;34mRDP 0x561bc12751c0: NC: Connection OPEN
[0;0m[0;34mRDP 0x561bc12751c0: TX Element Free, time 24018932, seq 45072, una 45073
[0;0m[0;34mRDP 0x561bc12751c0: Wake Tx task (check timeouts)
[0;0m[0;34mRDP 0x561bc12751c0: Received in S 3: syn 0, ack 1, eack 0, rst 0, seq_nr 35805, ack_nr 45072, packet_len 256 (251)
[0;0m[0;34mRDP 0x561bc12751c0: Wake Tx task (check timeouts)
[0;0m[0;34mRDP 0x561bc12751c0: Received in S 3: syn 0, ack 1, eack 0, rst 0, seq_nr 35806, ack_nr 45072, packet_len 256 (251)
[0;0m[0;34mRDP 0x561bc12751c0: Wake Tx task (check timeouts)
[0;0m[0;34mRDP 0x561bc12751c0: Received in S 3: syn 0, ack 1, eack 0, rst 0, seq_nr 35807, ack_nr 45072, packet_len 256 (251)
[0;0m[0;34mRDP 0x561bc12751c0: Send CMP S 3: syn 0, ack 1, eack 0, rst 0, seq_nr 45073, ack_nr 35807, packet_len 5 (0)
[0;0m[0;34mRDP 0x561bc12751c0: Wake Tx task (check timeouts)
[0;0m[0;34mRDP 0x561bc12751c0: Received in S 3: syn 0, ack 1, eack 0, rst 0, seq_nr 35808, ack_nr 45072, packet_len 256 (251)
[0;0m[0;34mRDP 0x561bc12751c0: Wake Tx task (check timeouts)
[0;0m[0;34mRDP 0x561bc12751c0: Received in S 3: syn 0, ack 1, eack 0, rst 0, seq_nr 35809, ack_nr 45072, packet_len 256 (251)
[0;0m[0;34mRDP 0x561bc12751c0: Wake Tx task (check timeouts)
[0;0m[0;34mRDP 0x561bc12751c0: Received in S 3: syn 0, ack 1, eack 0, rst 0, seq_nr 35810, ack_nr 45072, packet_len 256 (251)
[0;0m[0;34mRDP 0x561bc12751c0: Send CMP S 3: syn 0, ack 1, eack 0, rst 0, seq_nr 45073, ack_nr 35810, packet_len 5 (0)
[0;0m[0;34mRDP 0x561bc12751c0: Wake Tx task (check timeouts)
[0;0m[0;34mRDP 0x561bc12751c0: Received in S 3: syn 0, ack 1, eack 0, rst 0, seq_nr 35811, ack_nr 45072, packet_len 256 (251)
[0;0m[0;34mRDP 0x561bc12751c0: Wake Tx task (check timeouts)
[0;0m[0;34mRDP 0x561bc12751c0: Received in S 3: syn 0, ack 1, eack 0, rst 0, seq_nr 35812, ack_nr 45072, packet_len 256 (251)
[0;0m[0;34mRDP 0x561bc12751c0: Wake Tx task (check timeouts)
[0;0m[0;34mRDP 0x561bc12751c0: Received in S 3: syn 0, ack 1, eack 0, rst 0, seq_nr 35813, ack_nr 45072, packet_len 256 (251)
[0;0m[0;34mRDP 0x561bc12751c0: Send CMP S 3: syn 0, ack 1, eack 0, rst 0, seq_nr 45073, ack_nr 35813, packet_len 5 (0)
[0;0m[0;34mRDP 0x561bc12751c0: Wake Tx task (check timeouts)
[0;0m[0;34mRDP 0x561bc12751c0: Received in S 3: syn 0, ack 1, eack 0, rst 0, seq_nr 35814, ack_nr 45072, packet_len 130 (125)
[0;0m[0;34mRDP 0x561bc12751c0: Wake Tx task (check timeouts)
[0;0m[0;34mcsp_sfp_recv_fp: 20:46, fragment 243/2304
[0;0m[0;34mcsp_sfp_recv_fp: 20:46, fragment 486/2304
[0;0m[0;34mcsp_sfp_recv_fp: 20:46, fragment 729/2304
[0;0m[0;34mcsp_sfp_recv_fp: 20:46, fragment 972/2304
[0;0m[0;34mcsp_sfp_recv_fp: 20:46, fragment 1215/2304
[0;0m[0;34mcsp_sfp_recv_fp: 20:46, fragment 1458/2304
[0;0m[0;34mcsp_sfp_recv_fp: 20:46, fragment 1701/2304
[0;0m[0;34mcsp_sfp_recv_fp: 20:46, fragment 1944/2304
[0;0m[0;34mcsp_sfp_recv_fp: 20:46, fragment 2187/2304
[0;0m[0;34mcsp_sfp_recv_fp: 20:46, fragment 2304/2304
[0;0m[0;34mRDP 0x561bc12751c0: Sending  in S 3: syn 0, ack 1, eack 0, rst 0, seq_nr 45073, ack_nr 35814, packet_len 6 (1)
[0;0mRECV_BUNDLE bundle_seq=103 n=64 bytes=2304
[0;34mRDP 0x561bc12751c0: Received in S 3: syn 0, ack 1, eack 0, rst 0, seq_nr 35815, ack_nr 45073, packet_len 256 (251)
[0;0m[0;34mRDP 0x561bc12751c0: TX Element Free, time 24018950, seq 45073, una 45074
[0;0m[0;34mRDP 0x561bc12751c0: Wake Tx task (check timeouts)
[0;0m[0;34mRDP 0x561bc12751c0: Received in S 3: syn 0, ack 1, eack 0, rst 0, seq_nr 35816, ack_nr 45073, packet_len 256 (251)
[0;0m[0;34mRDP 0x561bc12751c0: Send CMP S 3: syn 0, ack 1, eack 0, rst 0, seq_nr 45074, ack_nr 35816, packet_len 5 (0)
[0;0m[0;34mRDP 0x561bc12751c0: Wake Tx task (check timeouts)
[0;0m[0;34mRDP 0x561bc12751c0: Received in S 3: syn 0, ack 1, eack 0, rst 0, seq_nr 35817, ack_nr 45073, packet_len 256 (251)
[0;0m[0;34mRDP 0x561bc12751c0: Wake Tx task (check timeouts)
[0;0m[0;34mRDP 0x561bc12751c0: Received in S 3: syn 0, ack 1, eack 0, rst 0, seq_nr 35818, ack_nr 45073, packet_len 256 (251)
[0;0m[0;34mRDP 0x561bc12751c0: Wake Tx task (check timeouts)
[0;0m[0;34mRDP 0x561bc12751c0: Received in S 3: syn 0, ack 1, eack 0, rst 0, seq_nr 35819, ack_nr 45073, packet_len 256 (251)
[0;0m[0;34mRDP 0x561bc12751c0: Send CMP S 3: syn 0, ack 1, eack 0, rst 0, seq_nr 45074, ack_nr 35819, packet_len 5 (0)
[0;0m[0;34mRDP 0x561bc12751c0: Wake Tx task (check timeouts)
[0;0m[0;34mRDP 0x561bc12751c0: Received in S 3: syn 0, ack 1, eack 0, rst 0, seq_nr 35820, ack_nr 45073, packet_len 256 (251)
[0;0m[0;34mRDP 0x561bc12751c0: Wake Tx task (check timeouts)
[0;0m[0;34mcsp_sfp_recv_fp: 20:46, fragment 243/2304
[0;0m[0;34mcsp_sfp_recv_fp: 20:46, fragment 486/2304
[0;0m[0;34mcsp_sfp_recv_fp: 20:46, fragment 729/2304
[0;0m[0;34mcsp_sfp_recv_fp: 20:46, fragment 972/2304
[0;0m[0;34mcsp_sfp_recv_fp: 20:46, fragment 1215/2304
[0;0m[0;34mcsp_sfp_recv_fp: 20:46, fragment 1458/2304
[0;0m[0;34mRDP 0x561bc12751c0: Received in S 3: syn 0, ack 1, eack 0, rst 0, seq_nr 35821, ack_nr 45073, packet_len 256 (251)
[0;0m[0;34mRDP 0x561bc12751c0: Wake Tx task (check timeouts)
[0;0m[0;34mRDP 0x561bc12751c0: Received in S 3: syn 0, ack 1, eack 0, rst 0, seq_nr 35822, ack_nr 45073, packet_len 256 (251)
[0;0m[0;34mRDP 0x561bc12751c0: Send CMP S 3: syn 0, ack 1, eack 0, rst 0, seq_nr 45074, ack_nr 35822, packet_len 5 (0)
[0;0m[0;34mRDP 0x561bc12751c0: Wake Tx task (check timeouts)
[0;0m[0;34mRDP 0x561bc12751c0: Received in S 3: syn 0, ack 1, eack 0, rst 0, seq_nr 35823, ack_nr 45073, packet_len 256 (251)
[0;0m[0;34mRDP 0x561bc12751c0: Wake Tx task (check timeouts)
[0;0m[0;34mRDP 0x561bc12751c0: Received in S 3: syn 0, ack 1, eack 0, rst 0, seq_nr 35824, ack_nr 45073, packet_len 130 (125)
[0;0m[0;34mRDP 0x561bc12751c0: Wake Tx task (check timeouts)
[0;0m[0;34mcsp_sfp_recv_fp: 20:46, fragment 1701/2304
[0;0m[1;33mcsp_sfp_recv_fp: 20:46, invalid message, offset 1458 (expected 0), length: 243, totalsize 2304
[0;0m[0;34mRDP 0x561bc12751c0: Send CMP S 4: syn 0, ack 1, eack 0, rst 1, seq_nr 45074, ack_nr 35824, packet_len 5 (0)
[0;0m[0;34mRDP 0x561bc12751c0: csp_rdp_close(0x1), sent RST -> CLOSE_WAIT
[0;0m[0;34mRDP 0x561bc12751c0: csp_rdp_close(0x1), waiting for: protocol timeout
[0;0m[0;34mRDP 0x561bc12751c0: Received in S 4: syn 0, ack 1, eack 0, rst 1, seq_nr 35825, ack_nr 45073, packet_len 5 (0)
[0;0m[0;34mRDP 0x561bc12751c0: RST received in CLOSE_WAIT, ack: 1 - closing
[0;0m[0;34mRDP 0x561bc12751c0: csp_rdp_close(0x2), waiting for: timeout
[0;0m[0;34mRDP 0x561bc1275248: Received in S 0: syn 1, ack 0, eack 0, rst 0, seq_nr 30288, ack_nr     0, packet_len 29 (24)
[0;0m[0;34mRDP 0x561bc1275248: SYN-Received
[0;0m[0;34mRDP 0x561bc1275248: window size 4, conn timeout 1000, packet timeout 1000, delayed acks: 1, ack timeout 250, ack each 2 packet
[0;0m[0;34mRDP 0x561bc1275248: Send CMP S 2: syn 1, ack 1, eack 0, rst 0, seq_nr 20938, ack_nr 30288, packet_len 5 (0)
[0;0m[0;34mRDP 0x561bc1275248: Received in S 2: syn 0, ack 1, eack 0, rst 0, seq_nr 30289, ack_nr 20938, packet_len 5 (0)
[0;0m[0;34mRDP 0x561bc1275248: NC: Connection OPEN
[0;0m[0;34mRDP 0x561bc1275248: TX Element Free, time 24018953, seq 20938, una 20939
[0;0m[0;34mRDP 0x561bc1275248: Wake Tx task (check timeouts)
[0;0m[0;34mRDP 0x561bc1275248: Received in S 3: syn 0, ack 1, eack 0, rst 0, seq_nr 30289, ack_nr 20938, packet_len 256 (251)
[0;0m[0;34mRDP 0x561bc1275248: Wake Tx task (check timeouts)
[0;0m[0;34mRDP 0x561bc1275248: Received in S 3: syn 0, ack 1, eack 0, rst 0, seq_nr 30290, ack_nr 20938, packet_len 256 (251)
[0;0m[0;34mRDP 0x561bc1275248: Wake Tx task (check timeouts)
[0;0m[0;34mRDP 0x561bc1275248: Received in S 3: syn 0, ack 1, eack 0, rst 0, seq_nr 30291, ack_nr 20938, packet_len 256 (251)
[0;0m[0;34mRDP 0x561bc1275248: Send CMP S 3: syn 0, ack 1, eack 0, rst 0, seq_nr 20939, ack_nr 30291, packet_len 5 (0)
[0;0m[0;34mRDP 0x561bc1275248: Wake Tx task (check timeouts)
[0;0m[0;34mRDP 0x561bc1275248: Received in S 3: syn 0, ack 1, eack 0, rst 0, seq_nr 30292, ack_nr 20938, packet_len 256 (251)
[0;0m[0;34mRDP 0x561bc1275248: Wake Tx task (check timeouts)
[0;0m[0;34mRDP 0x561bc1275248: Received in S 3: syn 0, ack 1, eack 0, rst 0, seq_nr 30293, ack_nr 20938, packet_len 256 (251)
[0;0m[0;34mRDP 0x561bc1275248: Wake Tx task (check timeouts)
[0;0m[0;34mRDP 0x561bc1275248: Received in S 3: syn 0, ack 1, eack 0, rst 0, seq_nr 30294, ack_nr 20938, packet_len 256 (251)
[0;0m[0;34mRDP 0x561bc1275248: Send CMP S 3: syn 0, ack 1, eack 0, rst 0, seq_nr 20939, ack_nr 30294, packet_len 5 (0)
[0;0m[0;34mRDP 0x561bc1275248: Wake Tx task (check timeouts)
[0;0m[0;34mRDP 0x561bc1275248: Received in S 3: syn 0, ack 1, eack 0, rst 0, seq_nr 30295, ack_nr 20938, packet_len 256 (251)
[0;0m[0;34mRDP 0x561bc1275248: Wake Tx task (check timeouts)
[0;0m[0;34mRDP 0x561bc1275248: Received in S 3: syn 0, ack 1, eack 0, rst 0, seq_nr 30296, ack_nr 20938, packet_len 256 (251)
[0;0m[0;34mRDP 0x561bc1275248: Wake Tx task (check timeouts)
[0;0m[0;34mRDP 0x561bc1275248: Received in S 3: syn 0, ack 1, eack 0, rst 0, seq_nr 30297, ack_nr 20938, packet_len 256 (251)
[0;0m[0;34mRDP 0x561bc1275248: Send CMP S 3: syn 0, ack 1, eack 0, rst 0, seq_nr 20939, ack_nr 30297, packet_len 5 (0)
[0;0m[0;34mRDP 0x561bc1275248: Wake Tx task (check timeouts)
[0;0m[0;34mRDP 0x561bc1275248: Received in S 3: syn 0, ack 1, eack 0, rst 0, seq_nr 30298, ack_nr 20938, packet_len 130 (125)
[0;0m[0;34mRDP 0x561bc1275248: Wake Tx task (check timeouts)
[0;0m[0;34mcsp_sfp_recv_fp: 20:47, fragment 243/2304
[0;0m[0;34mcsp_sfp_recv_fp: 20:47, fragment 486/2304
[0;0m[0;34mcsp_sfp_recv_fp: 20:47, fragment 729/2304
[0;0m[0;34mcsp_sfp_recv_fp: 20:47, fragment 972/2304
[0;0m[0;34mcsp_sfp_recv_fp: 20:47, fragment 1215/2304
[0;0m[0;34mcsp_sfp_recv_fp: 20:47, fragment 1458/2304
[0;0m[0;34mcsp_sfp_recv_fp: 20:47, fragment 1701/2304
[0;0m[0;34mcsp_sfp_recv_fp: 20:47, fragment 1944/2304
[0;0m[0;34mcsp_sfp_recv_fp: 20:47, fragment 2187/2304
[0;0m[0;34mcsp_sfp_recv_fp: 20:47, fragment 2304/2304
[0;0m[0;34mRDP 0x561bc1275248: Sending  in S 3: syn 0, ack 1, eack 0, rst 0, seq_nr 20939, ack_nr 30298, packet_len 6 (1)
[0;0mRECV_BUNDLE bundle_seq=104 n=64 bytes=2304
[0;34mRDP 0x561bc1275248: Received in S 3: syn 0, ack 1, eack 0, rst 0, seq_nr 30299, ack_nr 20939, packet_len 256 (251)
[0;0m[0;34mRDP 0x561bc1275248: TX Element Free, time 24018970, seq 20939, una 20940
[0;0m[0;34mRDP 0x561bc1275248: Wake Tx task (check timeouts)
[0;0m[0;34mRDP 0x561bc1275248: Received in S 3: syn 0, ack 1, eack 0, rst 0, seq_nr 30300, ack_nr 20939, packet_len 256 (251)
[0;0m[0;34mRDP 0x561bc1275248: Send CMP S 3: syn 0, ack 1, eack 0, rst 0, seq_nr 20940, ack_nr 30300, packet_len 5 (0)
[0;0m[0;34mRDP 0x561bc1275248: Wake Tx task (check timeouts)
[0;0m[0;34mRDP 0x561bc1275248: Received in S 3: syn 0, ack 1, eack 0, rst 0, seq_nr 30301, ack_nr 20939, packet_len 256 (251)
[0;0m[0;34mRDP 0x561bc1275248: Wake Tx task (check timeouts)
[0;0m[0;34mRDP 0x561bc1275248: Received in S 3: syn 0, ack 1, eack 0, rst 0, seq_nr 30302, ack_nr 20939, packet_len 256 (251)
[0;0m[0;34mRDP 0x561bc1275248: Wake Tx task (check timeouts)
[0;0m[0;34mRDP 0x561bc1275248: Received in S 3: syn 0, ack 1, eack 0, rst 0, seq_nr 30303, ack_nr 20939, packet_len 256 (251)
[0;0m[0;34mRDP 0x561bc1275248: Send CMP S 3: syn 0, ack 1, eack 0, rst 0, seq_nr 20940, ack_nr 30303, packet_len 5 (0)
[0;0m[0;34mRDP 0x561bc1275248: Wake Tx task (check timeouts)
[0;0m[0;34mRDP 0x561bc1275248: Received in S 3: syn 0, ack 1, eack 0, rst 0, seq_nr 30304, ack_nr 20939, packet_len 256 (251)
[0;0m[0;34mRDP 0x561bc1275248: Wake Tx task (check timeouts)
[0;0m[0;34mcsp_sfp_recv_fp: 20:47, fragment 243/2304
[0;0m[0;34mcsp_sfp_recv_fp: 20:47, fragment 486/2304
[0;0m[0;34mcsp_sfp_recv_fp: 20:47, fragment 729/2304
[0;0m[0;34mcsp_sfp_recv_fp: 20:47, fragment 972/2304
[0;0m[0;34mcsp_sfp_recv_fp: 20:47, fragment 1215/2304
[0;0m[0;34mcsp_sfp_recv_fp: 20:47, fragment 1458/2304
[0;0m[0;34mRDP 0x561bc1275248: Received in S 3: syn 0, ack 1, eack 0, rst 0, seq_nr 30305, ack_nr 20939, packet_len 256 (251)
[0;0m[0;34mRDP 0x561bc1275248: Wake Tx task (check timeouts)
[0;0m[0;34mRDP 0x561bc1275248: Received in S 3: syn 0, ack 1, eack 0, rst 0, seq_nr 30306, ack_nr 20939, packet_len 256 (251)
[0;0m[0;34mRDP 0x561bc1275248: Send CMP S 3: syn 0, ack 1, eack 0, rst 0, seq_nr 20940, ack_nr 30306, packet_len 5 (0)
[0;0m[0;34mRDP 0x561bc1275248: Wake Tx task (check timeouts)
[0;0m[0;34mRDP 0x561bc1275248: Received in S 3: syn 0, ack 1, eack 0, rst 0, seq_nr 30307, ack_nr 20939, packet_len 256 (251)
[0;0m[0;34mRDP 0x561bc1275248: Wake Tx task (check timeouts)
[0;0m[0;34mRDP 0x561bc1275248: Received in S 3: syn 0, ack 1, eack 0, rst 0, seq_nr 30308, ack_nr 20939, packet_len 130 (125)
[0;0m[0;34mRDP 0x561bc1275248: Wake Tx task (check timeouts)
[0;0m[0;34mcsp_sfp_recv_fp: 20:47, fragment 1701/2304
[0;0m[1;33mcsp_sfp_recv_fp: 20:47, invalid message, offset 1458 (expected 0), length: 243, totalsize 2304
[0;0m[0;34mRDP 0x561bc1275248: Send CMP S 4: syn 0, ack 1, eack 0, rst 1, seq_nr 20940, ack_nr 30308, packet_len 5 (0)
[0;0m[0;34mRDP 0x561bc1275248: csp_rdp_close(0x1), sent RST -> CLOSE_WAIT
[0;0m[0;34mRDP 0x561bc1275248: csp_rdp_close(0x1), waiting for: protocol timeout
[0;0m[0;34mRDP 0x561bc1275248: Received in S 4: syn 0, ack 1, eack 0, rst 1, seq_nr 30309, ack_nr 20939, packet_len 5 (0)
[0;0m[0;34mRDP 0x561bc1275248: RST received in CLOSE_WAIT, ack: 1 - closing
[0;0m[0;34mRDP 0x561bc1275248: csp_rdp_close(0x2), waiting for: timeout
[0;0m[0;34mRDP 0x561bc12752d0: Received in S 0: syn 1, ack 0, eack 0, rst 0, seq_nr 31125, ack_nr     0, packet_len 29 (24)
[0;0m[0;34mRDP 0x561bc12752d0: SYN-Received
[0;0m[0;34mRDP 0x561bc12752d0: window size 4, conn timeout 1000, packet timeout 1000, delayed acks: 1, ack timeout 250, ack each 2 packet
[0;0m[0;34mRDP 0x561bc12752d0: Send CMP S 2: syn 1, ack 1, eack 0, rst 0, seq_nr 40173, ack_nr 31125, packet_len 5 (0)
[0;0m[0;34mRDP 0x561bc12752d0: Received in S 2: syn 0, ack 1, eack 0, rst 0, seq_nr 31126, ack_nr 40173, packet_len 5 (0)
[0;0m[0;34mRDP 0x561bc12752d0: NC: Connection OPEN
[0;0m[0;34mRDP 0x561bc12752d0: TX Element Free, time 24018973, seq 40173, una 40174
[0;0m[0;34mRDP 0x561bc12752d0: Wake Tx task (check timeouts)
[0;0m[0;34mRDP 0x561bc12752d0: Received in S 3: syn 0, ack 1, eack 0, rst 0, seq_nr 31126, ack_nr 40173, packet_len 256 (251)
[0;0m[0;34mRDP 0x561bc12752d0: Wake Tx task (check timeouts)
[0;0m[0;34mRDP 0x561bc12752d0: Received in S 3: syn 0, ack 1, eack 0, rst 0, seq_nr 31127, ack_nr 40173, packet_len 256 (251)
[0;0m[0;34mRDP 0x561bc12752d0: Wake Tx task (check timeouts)
[0;0m[0;34mRDP 0x561bc12752d0: Received in S 3: syn 0, ack 1, eack 0, rst 0, seq_nr 31128, ack_nr 40173, packet_len 256 (251)
[0;0m[0;34mRDP 0x561bc12752d0: Send CMP S 3: syn 0, ack 1, eack 0, rst 0, seq_nr 40174, ack_nr 31128, packet_len 5 (0)
[0;0m[0;34mRDP 0x561bc12752d0: Wake Tx task (check timeouts)
[0;0m[0;34mRDP 0x561bc12752d0: Received in S 3: syn 0, ack 1, eack 0, rst 0, seq_nr 31129, ack_nr 40173, packet_len 256 (251)
[0;0m[0;34mRDP 0x561bc12752d0: Wake Tx task (check timeouts)
[0;0m[0;34mRDP 0x561bc12752d0: Received in S 3: syn 0, ack 1, eack 0, rst 0, seq_nr 31130, ack_nr 40173, packet_len 256 (251)
[0;0m[0;34mRDP 0x561bc12752d0: Wake Tx task (check timeouts)
[0;0m[0;34mRDP 0x561bc12752d0: Received in S 3: syn 0, ack 1, eack 0, rst 0, seq_nr 31131, ack_nr 40173, packet_len 256 (251)
[0;0m[0;34mRDP 0x561bc12752d0: Send CMP S 3: syn 0, ack 1, eack 0, rst 0, seq_nr 40174, ack_nr 31131, packet_len 5 (0)
[0;0m[0;34mRDP 0x561bc12752d0: Wake Tx task (check timeouts)
[0;0m[0;34mRDP 0x561bc12752d0: Received in S 3: syn 0, ack 1, eack 0, rst 0, seq_nr 31132, ack_nr 40173, packet_len 256 (251)
[0;0m[0;34mRDP 0x561bc12752d0: Wake Tx task (check timeouts)
[0;0m[0;34mRDP 0x561bc12752d0: Received in S 3: syn 0, ack 1, eack 0, rst 0, seq_nr 31133, ack_nr 40173, packet_len 256 (251)
[0;0m[0;34mRDP 0x561bc12752d0: Wake Tx task (check timeouts)
[0;0m[0;34mRDP 0x561bc12752d0: Received in S 3: syn 0, ack 1, eack 0, rst 0, seq_nr 31134, ack_nr 40173, packet_len 256 (251)
[0;0m[0;34mRDP 0x561bc12752d0: Send CMP S 3: syn 0, ack 1, eack 0, rst 0, seq_nr 40174, ack_nr 31134, packet_len 5 (0)
[0;0m[0;34mRDP 0x561bc12752d0: Wake Tx task (check timeouts)
[0;0m[0;34mRDP 0x561bc12752d0: Received in S 3: syn 0, ack 1, eack 0, rst 0, seq_nr 31135, ack_nr 40173, packet_len 130 (125)
[0;0m[0;34mRDP 0x561bc12752d0: Wake Tx task (check timeouts)
[0;0m[0;34mcsp_sfp_recv_fp: 20:48, fragment 243/2304
[0;0m[0;34mcsp_sfp_recv_fp: 20:48, fragment 486/2304
[0;0m[0;34mcsp_sfp_recv_fp: 20:48, fragment 729/2304
[0;0m[0;34mcsp_sfp_recv_fp: 20:48, fragment 972/2304
[0;0m[0;34mcsp_sfp_recv_fp: 20:48, fragment 1215/2304
[0;0m[0;34mcsp_sfp_recv_fp: 20:48, fragment 1458/2304
[0;0m[0;34mcsp_sfp_recv_fp: 20:48, fragment 1701/2304
[0;0m[0;34mcsp_sfp_recv_fp: 20:48, fragment 1944/2304
[0;0m[0;34mcsp_sfp_recv_fp: 20:48, fragment 2187/2304
[0;0m[0;34mcsp_sfp_recv_fp: 20:48, fragment 2304/2304
[0;0m[0;34mRDP 0x561bc12752d0: Sending  in S 3: syn 0, ack 1, eack 0, rst 0, seq_nr 40174, ack_nr 31135, packet_len 6 (1)
[0;0mRECV_BUNDLE bundle_seq=105 n=64 bytes=2304
[0;34mRDP 0x561bc12752d0: Received in S 3: syn 0, ack 1, eack 0, rst 0, seq_nr 31136, ack_nr 40174, packet_len 256 (251)
[0;0m[0;34mRDP 0x561bc12752d0: TX Element Free, time 24018991, seq 40174, una 40175
[0;0m[0;34mRDP 0x561bc12752d0: Wake Tx task (check timeouts)
[0;0m[0;34mRDP 0x561bc12752d0: Received in S 3: syn 0, ack 1, eack 0, rst 0, seq_nr 31137, ack_nr 40174, packet_len 256 (251)
[0;0m[0;34mRDP 0x561bc12752d0: Send CMP S 3: syn 0, ack 1, eack 0, rst 0, seq_nr 40175, ack_nr 31137, packet_len 5 (0)
[0;0m[0;34mRDP 0x561bc12752d0: Wake Tx task (check timeouts)
[0;0m[0;34mRDP 0x561bc12752d0: Received in S 3: syn 0, ack 1, eack 0, rst 0, seq_nr 31138, ack_nr 40174, packet_len 256 (251)
[0;0m[0;34mRDP 0x561bc12752d0: Wake Tx task (check timeouts)
[0;0m[0;34mRDP 0x561bc12752d0: Received in S 3: syn 0, ack 1, eack 0, rst 0, seq_nr 31139, ack_nr 40174, packet_len 256 (251)
[0;0m[0;34mRDP 0x561bc12752d0: Wake Tx task (check timeouts)
[0;0m[0;34mRDP 0x561bc12752d0: Received in S 3: syn 0, ack 1, eack 0, rst 0, seq_nr 31140, ack_nr 40174, packet_len 256 (251)
[0;0m[0;34mRDP 0x561bc12752d0: Send CMP S 3: syn 0, ack 1, eack 0, rst 0, seq_nr 40175, ack_nr 31140, packet_len 5 (0)
[0;0m[0;34mRDP 0x561bc12752d0: Wake Tx task (check timeouts)
[0;0m[0;34mRDP 0x561bc12752d0: Received in S 3: syn 0, ack 1, eack 0, rst 0, seq_nr 31141, ack_nr 40174, packet_len 256 (251)
[0;0m[0;34mRDP 0x561bc12752d0: Wake Tx task (check timeouts)
[0;0m[0;34mcsp_sfp_recv_fp: 20:48, fragment 243/2304
[0;0m[0;34mcsp_sfp_recv_fp: 20:48, fragment 486/2304
[0;0m[0;34mcsp_sfp_recv_fp: 20:48, fragment 729/2304
[0;0m[0;34mcsp_sfp_recv_fp: 20:48, fragment 972/2304
[0;0m[0;34mcsp_sfp_recv_fp: 20:48, fragment 1215/2304
[0;0m[0;34mcsp_sfp_recv_fp: 20:48, fragment 1458/2304
[0;0m[0;34mRDP 0x561bc12752d0: Received in S 3: syn 0, ack 1, eack 0, rst 0, seq_nr 31142, ack_nr 40174, packet_len 256 (251)
[0;0m[0;34mRDP 0x561bc12752d0: Wake Tx task (check timeouts)
[0;0m[0;34mRDP 0x561bc12752d0: Received in S 3: syn 0, ack 1, eack 0, rst 0, seq_nr 31143, ack_nr 40174, packet_len 256 (251)
[0;0m[0;34mRDP 0x561bc12752d0: Send CMP S 3: syn 0, ack 1, eack 0, rst 0, seq_nr 40175, ack_nr 31143, packet_len 5 (0)
[0;0m[0;34mRDP 0x561bc12752d0: Wake Tx task (check timeouts)
[0;0m[0;34mRDP 0x561bc12752d0: Received in S 3: syn 0, ack 1, eack 0, rst 0, seq_nr 31144, ack_nr 40174, packet_len 256 (251)
[0;0m[0;34mRDP 0x561bc12752d0: Wake Tx task (check timeouts)
[0;0m[0;34mRDP 0x561bc12752d0: Received in S 3: syn 0, ack 1, eack 0, rst 0, seq_nr 31145, ack_nr 40174, packet_len 130 (125)
[0;0m[0;34mRDP 0x561bc12752d0: Wake Tx task (check timeouts)
[0;0m[0;34mcsp_sfp_recv_fp: 20:48, fragment 1701/2304
[0;0m[1;33mcsp_sfp_recv_fp: 20:48, invalid message, offset 1458 (expected 0), length: 243, totalsize 2304
[0;0m[0;34mRDP 0x561bc12752d0: Send CMP S 4: syn 0, ack 1, eack 0, rst 1, seq_nr 40175, ack_nr 31145, packet_len 5 (0)
[0;0m[0;34mRDP 0x561bc12752d0: csp_rdp_close(0x1), sent RST -> CLOSE_WAIT
[0;0m[0;34mRDP 0x561bc12752d0: csp_rdp_close(0x1), waiting for: protocol timeout
[0;0m[0;34mRDP 0x561bc12752d0: Received in S 4: syn 0, ack 1, eack 0, rst 1, seq_nr 31146, ack_nr 40174, packet_len 5 (0)
[0;0m[0;34mRDP 0x561bc12752d0: RST received in CLOSE_WAIT, ack: 1 - closing
[0;0m[0;34mRDP 0x561bc12752d0: csp_rdp_close(0x2), waiting for: timeout
[0;0m[0;34mRDP 0x561bc1275358: Received in S 0: syn 1, ack 0, eack 0, rst 0, seq_nr 28538, ack_nr     0, packet_len 29 (24)
[0;0m[0;34mRDP 0x561bc1275358: SYN-Received
[0;0m[0;34mRDP 0x561bc1275358: window size 4, conn timeout 1000, packet timeout 1000, delayed acks: 1, ack timeout 250, ack each 2 packet
[0;0m[0;34mRDP 0x561bc1275358: Send CMP S 2: syn 1, ack 1, eack 0, rst 0, seq_nr 21640, ack_nr 28538, packet_len 5 (0)
[0;0m[0;34mRDP 0x561bc1275358: Received in S 2: syn 0, ack 1, eack 0, rst 0, seq_nr 28539, ack_nr 21640, packet_len 5 (0)
[0;0m[0;34mRDP 0x561bc1275358: NC: Connection OPEN
[0;0m[0;34mRDP 0x561bc1275358: TX Element Free, time 24018993, seq 21640, una 21641
[0;0m[0;34mRDP 0x561bc1275358: Wake Tx task (check timeouts)
[0;0m[0;34mRDP 0x561bc1275358: Received in S 3: syn 0, ack 1, eack 0, rst 0, seq_nr 28539, ack_nr 21640, packet_len 256 (251)
[0;0m[0;34mRDP 0x561bc1275358: Wake Tx task (check timeouts)
[0;0m[0;34mRDP 0x561bc1275358: Received in S 3: syn 0, ack 1, eack 0, rst 0, seq_nr 28540, ack_nr 21640, packet_len 256 (251)
[0;0m[0;34mRDP 0x561bc1275358: Wake Tx task (check timeouts)
[0;0m[0;34mRDP 0x561bc1275358: Received in S 3: syn 0, ack 1, eack 0, rst 0, seq_nr 28541, ack_nr 21640, packet_len 256 (251)
[0;0m[0;34mRDP 0x561bc1275358: Send CMP S 3: syn 0, ack 1, eack 0, rst 0, seq_nr 21641, ack_nr 28541, packet_len 5 (0)
[0;0m[0;34mRDP 0x561bc1275358: Wake Tx task (check timeouts)
[0;0m[0;34mRDP 0x561bc1275358: Received in S 3: syn 0, ack 1, eack 0, rst 0, seq_nr 28542, ack_nr 21640, packet_len 256 (251)
[0;0m[0;34mRDP 0x561bc1275358: Wake Tx task (check timeouts)
[0;0m[0;34mRDP 0x561bc1275358: Received in S 3: syn 0, ack 1, eack 0, rst 0, seq_nr 28543, ack_nr 21640, packet_len 256 (251)
[0;0m[0;34mRDP 0x561bc1275358: Wake Tx task (check timeouts)
[0;0m[0;34mRDP 0x561bc1275358: Received in S 3: syn 0, ack 1, eack 0, rst 0, seq_nr 28544, ack_nr 21640, packet_len 256 (251)
[0;0m[0;34mRDP 0x561bc1275358: Send CMP S 3: syn 0, ack 1, eack 0, rst 0, seq_nr 21641, ack_nr 28544, packet_len 5 (0)
[0;0m[0;34mRDP 0x561bc1275358: Wake Tx task (check timeouts)
[0;0m[0;34mRDP 0x561bc1275358: Received in S 3: syn 0, ack 1, eack 0, rst 0, seq_nr 28545, ack_nr 21640, packet_len 256 (251)
[0;0m[0;34mRDP 0x561bc1275358: Wake Tx task (check timeouts)
[0;0m[0;34mRDP 0x561bc1275358: Received in S 3: syn 0, ack 1, eack 0, rst 0, seq_nr 28546, ack_nr 21640, packet_len 256 (251)
[0;0m[0;34mRDP 0x561bc1275358: Wake Tx task (check timeouts)
[0;0m[0;34mRDP 0x561bc1275358: Received in S 3: syn 0, ack 1, eack 0, rst 0, seq_nr 28547, ack_nr 21640, packet_len 256 (251)
[0;0m[0;34mRDP 0x561bc1275358: Send CMP S 3: syn 0, ack 1, eack 0, rst 0, seq_nr 21641, ack_nr 28547, packet_len 5 (0)
[0;0m[0;34mRDP 0x561bc1275358: Wake Tx task (check timeouts)
[0;0m[0;34mRDP 0x561bc1275358: Received in S 3: syn 0, ack 1, eack 0, rst 0, seq_nr 28548, ack_nr 21640, packet_len 130 (125)
[0;0m[0;34mRDP 0x561bc1275358: Wake Tx task (check timeouts)
[0;0m[0;34mcsp_sfp_recv_fp: 20:49, fragment 243/2304
[0;0m[0;34mcsp_sfp_recv_fp: 20:49, fragment 486/2304
[0;0m[0;34mcsp_sfp_recv_fp: 20:49, fragment 729/2304
[0;0m[0;34mcsp_sfp_recv_fp: 20:49, fragment 972/2304
[0;0m[0;34mcsp_sfp_recv_fp: 20:49, fragment 1215/2304
[0;0m[0;34mcsp_sfp_recv_fp: 20:49, fragment 1458/2304
[0;0m[0;34mcsp_sfp_recv_fp: 20:49, fragment 1701/2304
[0;0m[0;34mcsp_sfp_recv_fp: 20:49, fragment 1944/2304
[0;0m[0;34mcsp_sfp_recv_fp: 20:49, fragment 2187/2304
[0;0m[0;34mcsp_sfp_recv_fp: 20:49, fragment 2304/2304
[0;0m[0;34mRDP 0x561bc1275358: Sending  in S 3: syn 0, ack 1, eack 0, rst 0, seq_nr 21641, ack_nr 28548, packet_len 6 (1)
[0;0mRECV_BUNDLE bundle_seq=106 n=64 bytes=2304
[0;34mRDP 0x561bc1275358: Received in S 3: syn 0, ack 1, eack 0, rst 0, seq_nr 28549, ack_nr 21641, packet_len 256 (251)
[0;0m[0;34mRDP 0x561bc1275358: TX Element Free, time 24019011, seq 21641, una 21642
[0;0m[0;34mRDP 0x561bc1275358: Wake Tx task (check timeouts)
[0;0m[0;34mRDP 0x561bc1275358: Received in S 3: syn 0, ack 1, eack 0, rst 0, seq_nr 28550, ack_nr 21641, packet_len 256 (251)
[0;0m[0;34mRDP 0x561bc1275358: Send CMP S 3: syn 0, ack 1, eack 0, rst 0, seq_nr 21642, ack_nr 28550, packet_len 5 (0)
[0;0m[0;34mRDP 0x561bc1275358: Wake Tx task (check timeouts)
[0;0m[0;34mRDP 0x561bc1275358: Received in S 3: syn 0, ack 1, eack 0, rst 0, seq_nr 28551, ack_nr 21641, packet_len 256 (251)
[0;0m[0;34mRDP 0x561bc1275358: Wake Tx task (check timeouts)
[0;0m[0;34mRDP 0x561bc1275358: Received in S 3: syn 0, ack 1, eack 0, rst 0, seq_nr 28552, ack_nr 21641, packet_len 256 (251)
[0;0m[0;34mRDP 0x561bc1275358: Wake Tx task (check timeouts)
[0;0m[0;34mRDP 0x561bc1275358: Received in S 3: syn 0, ack 1, eack 0, rst 0, seq_nr 28553, ack_nr 21641, packet_len 256 (251)
[0;0m[0;34mRDP 0x561bc1275358: Send CMP S 3: syn 0, ack 1, eack 0, rst 0, seq_nr 21642, ack_nr 28553, packet_len 5 (0)
[0;0m[0;34mRDP 0x561bc1275358: Wake Tx task (check timeouts)
[0;0m[0;34mRDP 0x561bc1275358: Received in S 3: syn 0, ack 1, eack 0, rst 0, seq_nr 28554, ack_nr 21641, packet_len 256 (251)
[0;0m[0;34mRDP 0x561bc1275358: Wake Tx task (check timeouts)
[0;0m[0;34mcsp_sfp_recv_fp: 20:49, fragment 243/2304
[0;0m[0;34mcsp_sfp_recv_fp: 20:49, fragment 486/2304
[0;0m[0;34mcsp_sfp_recv_fp: 20:49, fragment 729/2304
[0;0m[0;34mcsp_sfp_recv_fp: 20:49, fragment 972/2304
[0;0m[0;34mcsp_sfp_recv_fp: 20:49, fragment 1215/2304
[0;0m[0;34mcsp_sfp_recv_fp: 20:49, fragment 1458/2304
[0;0m[0;34mRDP 0x561bc1275358: Received in S 3: syn 0, ack 1, eack 0, rst 0, seq_nr 28555, ack_nr 21641, packet_len 256 (251)
[0;0m[0;34mRDP 0x561bc1275358: Wake Tx task (check timeouts)
[0;0m[0;34mRDP 0x561bc1275358: Received in S 3: syn 0, ack 1, eack 0, rst 0, seq_nr 28556, ack_nr 21641, packet_len 256 (251)
[0;0m[0;34mRDP 0x561bc1275358: Send CMP S 3: syn 0, ack 1, eack 0, rst 0, seq_nr 21642, ack_nr 28556, packet_len 5 (0)
[0;0m[0;34mRDP 0x561bc1275358: Wake Tx task (check timeouts)
[0;0m[0;34mRDP 0x561bc1275358: Received in S 3: syn 0, ack 1, eack 0, rst 0, seq_nr 28557, ack_nr 21641, packet_len 256 (251)
[0;0m[0;34mRDP 0x561bc1275358: Wake Tx task (check timeouts)
[0;0m[0;34mRDP 0x561bc1275358: Received in S 3: syn 0, ack 1, eack 0, rst 0, seq_nr 28558, ack_nr 21641, packet_len 130 (125)
[0;0m[0;34mRDP 0x561bc1275358: Wake Tx task (check timeouts)
[0;0m[0;34mcsp_sfp_recv_fp: 20:49, fragment 1701/2304
[0;0m[1;33mcsp_sfp_recv_fp: 20:49, invalid message, offset 1458 (expected 0), length: 243, totalsize 2304
[0;0m[0;34mRDP 0x561bc1275358: Send CMP S 4: syn 0, ack 1, eack 0, rst 1, seq_nr 21642, ack_nr 28558, packet_len 5 (0)
[0;0m[0;34mRDP 0x561bc1275358: csp_rdp_close(0x1), sent RST -> CLOSE_WAIT
[0;0m[0;34mRDP 0x561bc1275358: csp_rdp_close(0x1), waiting for: protocol timeout
[0;0m[0;34mRDP 0x561bc1275358: Received in S 4: syn 0, ack 1, eack 0, rst 1, seq_nr 28559, ack_nr 21641, packet_len 5 (0)
[0;0m[0;34mRDP 0x561bc1275358: RST received in CLOSE_WAIT, ack: 1 - closing
[0;0m[0;34mRDP 0x561bc1275358: csp_rdp_close(0x2), waiting for: timeout
[0;0m[0;34mRDP 0x561bc1274500: Received in S 0: syn 1, ack 0, eack 0, rst 0, seq_nr  2063, ack_nr     0, packet_len 29 (24)
[0;0m[0;34mRDP 0x561bc1274500: SYN-Received
[0;0m[0;34mRDP 0x561bc1274500: window size 4, conn timeout 1000, packet timeout 1000, delayed acks: 1, ack timeout 250, ack each 2 packet
[0;0m[0;34mRDP 0x561bc1274500: Send CMP S 2: syn 1, ack 1, eack 0, rst 0, seq_nr 41558, ack_nr  2063, packet_len 5 (0)
[0;0m[0;34mRDP 0x561bc1274500: Received in S 2: syn 0, ack 1, eack 0, rst 0, seq_nr  2064, ack_nr 41558, packet_len 5 (0)
[0;0m[0;34mRDP 0x561bc1274500: NC: Connection OPEN
[0;0m[0;34mRDP 0x561bc1274500: TX Element Free, time 24019014, seq 41558, una 41559
[0;0m[0;34mRDP 0x561bc1274500: Wake Tx task (check timeouts)
[0;0m[0;34mRDP 0x561bc1274500: Received in S 3: syn 0, ack 1, eack 0, rst 0, seq_nr  2064, ack_nr 41558, packet_len 256 (251)
[0;0m[0;34mRDP 0x561bc1274500: Wake Tx task (check timeouts)
[0;0m[0;34mRDP 0x561bc1274500: Received in S 3: syn 0, ack 1, eack 0, rst 0, seq_nr  2065, ack_nr 41558, packet_len 256 (251)
[0;0m[0;34mRDP 0x561bc1274500: Wake Tx task (check timeouts)
[0;0m[0;34mRDP 0x561bc1274500: Received in S 3: syn 0, ack 1, eack 0, rst 0, seq_nr  2066, ack_nr 41558, packet_len 256 (251)
[0;0m[0;34mRDP 0x561bc1274500: Send CMP S 3: syn 0, ack 1, eack 0, rst 0, seq_nr 41559, ack_nr  2066, packet_len 5 (0)
[0;0m[0;34mRDP 0x561bc1274500: Wake Tx task (check timeouts)
[0;0m[0;34mRDP 0x561bc1274500: Received in S 3: syn 0, ack 1, eack 0, rst 0, seq_nr  2067, ack_nr 41558, packet_len 256 (251)
[0;0m[0;34mRDP 0x561bc1274500: Wake Tx task (check timeouts)
[0;0m[0;34mRDP 0x561bc1274500: Received in S 3: syn 0, ack 1, eack 0, rst 0, seq_nr  2068, ack_nr 41558, packet_len 256 (251)
[0;0m[0;34mRDP 0x561bc1274500: Wake Tx task (check timeouts)
[0;0m[0;34mRDP 0x561bc1274500: Received in S 3: syn 0, ack 1, eack 0, rst 0, seq_nr  2069, ack_nr 41558, packet_len 256 (251)
[0;0m[0;34mRDP 0x561bc1274500: Send CMP S 3: syn 0, ack 1, eack 0, rst 0, seq_nr 41559, ack_nr  2069, packet_len 5 (0)
[0;0m[0;34mRDP 0x561bc1274500: Wake Tx task (check timeouts)
[0;0m[0;34mRDP 0x561bc1274500: Received in S 3: syn 0, ack 1, eack 0, rst 0, seq_nr  2070, ack_nr 41558, packet_len 256 (251)
[0;0m[0;34mRDP 0x561bc1274500: Wake Tx task (check timeouts)
[0;0m[0;34mRDP 0x561bc1274500: Received in S 3: syn 0, ack 1, eack 0, rst 0, seq_nr  2071, ack_nr 41558, packet_len 256 (251)
[0;0m[0;34mRDP 0x561bc1274500: Wake Tx task (check timeouts)
[0;0m[0;34mRDP 0x561bc1274500: Received in S 3: syn 0, ack 1, eack 0, rst 0, seq_nr  2072, ack_nr 41558, packet_len 256 (251)
[0;0m[0;34mRDP 0x561bc1274500: Send CMP S 3: syn 0, ack 1, eack 0, rst 0, seq_nr 41559, ack_nr  2072, packet_len 5 (0)
[0;0m[0;34mRDP 0x561bc1274500: Wake Tx task (check timeouts)
[0;0m[0;34mRDP 0x561bc1274500: Received in S 3: syn 0, ack 1, eack 0, rst 0, seq_nr  2073, ack_nr 41558, packet_len 130 (125)
[0;0m[0;34mRDP 0x561bc1274500: Wake Tx task (check timeouts)
[0;0m[0;34mcsp_sfp_recv_fp: 20:50, fragment 243/2304
[0;0m[0;34mcsp_sfp_recv_fp: 20:50, fragment 486/2304
[0;0m[0;34mcsp_sfp_recv_fp: 20:50, fragment 729/2304
[0;0m[0;34mcsp_sfp_recv_fp: 20:50, fragment 972/2304
[0;0m[0;34mcsp_sfp_recv_fp: 20:50, fragment 1215/2304
[0;0m[0;34mcsp_sfp_recv_fp: 20:50, fragment 1458/2304
[0;0m[0;34mcsp_sfp_recv_fp: 20:50, fragment 1701/2304
[0;0m[0;34mcsp_sfp_recv_fp: 20:50, fragment 1944/2304
[0;0m[0;34mcsp_sfp_recv_fp: 20:50, fragment 2187/2304
[0;0m[0;34mcsp_sfp_recv_fp: 20:50, fragment 2304/2304
[0;0m[0;34mRDP 0x561bc1274500: Sending  in S 3: syn 0, ack 1, eack 0, rst 0, seq_nr 41559, ack_nr  2073, packet_len 6 (1)
[0;0mRECV_BUNDLE bundle_seq=107 n=64 bytes=2304
[0;34mRDP 0x561bc1274500: Received in S 3: syn 0, ack 1, eack 0, rst 0, seq_nr  2074, ack_nr 41559, packet_len 256 (251)
[0;0m[0;34mRDP 0x561bc1274500: TX Element Free, time 24019031, seq 41559, una 41560
[0;0m[0;34mRDP 0x561bc1274500: Wake Tx task (check timeouts)
[0;0m[0;34mRDP 0x561bc1274500: Received in S 3: syn 0, ack 1, eack 0, rst 0, seq_nr  2075, ack_nr 41559, packet_len 256 (251)
[0;0m[0;34mRDP 0x561bc1274500: Send CMP S 3: syn 0, ack 1, eack 0, rst 0, seq_nr 41560, ack_nr  2075, packet_len 5 (0)
[0;0m[0;34mRDP 0x561bc1274500: Wake Tx task (check timeouts)
[0;0m[0;34mRDP 0x561bc1274500: Received in S 3: syn 0, ack 1, eack 0, rst 0, seq_nr  2076, ack_nr 41559, packet_len 256 (251)
[0;0m[0;34mRDP 0x561bc1274500: Wake Tx task (check timeouts)
[0;0m[0;34mRDP 0x561bc1274500: Received in S 3: syn 0, ack 1, eack 0, rst 0, seq_nr  2077, ack_nr 41559, packet_len 256 (251)
[0;0m[0;34mRDP 0x561bc1274500: Wake Tx task (check timeouts)
[0;0m[0;34mRDP 0x561bc1274500: Received in S 3: syn 0, ack 1, eack 0, rst 0, seq_nr  2078, ack_nr 41559, packet_len 256 (251)
[0;0m[0;34mRDP 0x561bc1274500: Send CMP S 3: syn 0, ack 1, eack 0, rst 0, seq_nr 41560, ack_nr  2078, packet_len 5 (0)
[0;0m[0;34mRDP 0x561bc1274500: Wake Tx task (check timeouts)
[0;0m[0;34mcsp_sfp_recv_fp: 20:50, fragment 243/2304
[0;0m[0;34mcsp_sfp_recv_fp: 20:50, fragment 486/2304
[0;0m[0;34mcsp_sfp_recv_fp: 20:50, fragment 729/2304
[0;0m[0;34mRDP 0x561bc1274500: Received in S 3: syn 0, ack 1, eack 0, rst 0, seq_nr  2079, ack_nr 41559, packet_len 256 (251)
[0;0m[0;34mRDP 0x561bc1274500: Wake Tx task (check timeouts)
[0;0m[0;34mcsp_sfp_recv_fp: 20:50, fragment 972/2304
[0;0m[0;34mcsp_sfp_recv_fp: 20:50, fragment 1215/2304
[0;0m[0;34mcsp_sfp_recv_fp: 20:50, fragment 1458/2304
[0;0m[0;34mRDP 0x561bc1274500: Received in S 3: syn 0, ack 1, eack 0, rst 0, seq_nr  2080, ack_nr 41559, packet_len 256 (251)
[0;0m[0;34mRDP 0x561bc1274500: Wake Tx task (check timeouts)
[0;0m[0;34mRDP 0x561bc1274500: Received in S 3: syn 0, ack 1, eack 0, rst 0, seq_nr  2081, ack_nr 41559, packet_len 256 (251)
[0;0m[0;34mRDP 0x561bc1274500: Send CMP S 3: syn 0, ack 1, eack 0, rst 0, seq_nr 41560, ack_nr  2081, packet_len 5 (0)
[0;0m[0;34mRDP 0x561bc1274500: Wake Tx task (check timeouts)
[0;0m[0;34mRDP 0x561bc1274500: Received in S 3: syn 0, ack 1, eack 0, rst 0, seq_nr  2082, ack_nr 41559, packet_len 256 (251)
[0;0m[0;34mRDP 0x561bc1274500: Wake Tx task (check timeouts)
[0;0m[0;34mRDP 0x561bc1274500: Received in S 3: syn 0, ack 1, eack 0, rst 0, seq_nr  2083, ack_nr 41559, packet_len 130 (125)
[0;0m[0;34mRDP 0x561bc1274500: Wake Tx task (check timeouts)
[0;0m[0;34mcsp_sfp_recv_fp: 20:50, fragment 1701/2304
[0;0m[1;33mcsp_sfp_recv_fp: 20:50, invalid message, offset 1458 (expected 0), length: 243, totalsize 2304
[0;0m[0;34mRDP 0x561bc1274500: Send CMP S 4: syn 0, ack 1, eack 0, rst 1, seq_nr 41560, ack_nr  2083, packet_len 5 (0)
[0;0m[0;34mRDP 0x561bc1274500: csp_rdp_close(0x1), sent RST -> CLOSE_WAIT
[0;0m[0;34mRDP 0x561bc1274500: csp_rdp_close(0x1), waiting for: protocol timeout
[0;0m[0;34mRDP 0x561bc1274500: Received in S 4: syn 0, ack 1, eack 0, rst 1, seq_nr  2084, ack_nr 41559, packet_len 5 (0)
[0;0m[0;34mRDP 0x561bc1274500: RST received in CLOSE_WAIT, ack: 1 - closing
[0;0m[0;34mRDP 0x561bc1274500: csp_rdp_close(0x2), waiting for: timeout
[0;0m[0;34mRDP 0x561bc1274610: csp_rdp_close(0x6) -> CLOSED
[0;0m[0;34mRDP 0x561bc1274698: csp_rdp_close(0x6) -> CLOSED
[0;0m[0;34mRDP 0x561bc1274720: csp_rdp_close(0x6) -> CLOSED
[0;0m[0;34mRDP 0x561bc12747a8: csp_rdp_close(0x6) -> CLOSED
[0;0m[0;34mRDP 0x561bc1274830: csp_rdp_close(0x6) -> CLOSED
[0;0m[0;34mRDP 0x561bc12748b8: csp_rdp_close(0x6) -> CLOSED
[0;0m[0;34mRDP 0x561bc1274940: csp_rdp_close(0x6) -> CLOSED
[0;0m[0;34mRDP 0x561bc12749c8: csp_rdp_close(0x6) -> CLOSED
[0;0m[0;34mRDP 0x561bc1274a50: csp_rdp_close(0x6) -> CLOSED
[0;0m[0;34mRDP 0x561bc1274ad8: csp_rdp_close(0x6) -> CLOSED
[0;0m[0;34mRDP 0x561bcspcl_recv_bundle: Operation timed out -- stopping
c1274b60: csp_rdp_close(0x6) -> CLOSED
[0;0m[0;34mRDP 0x561bc1274be8: csp_rdp_close(0x6) -> CLOSED
[0;0m[0;34mRDP 0x561bc1274c70: csp_rdp_close(0x6) -> CLOSED
[0;0m[0;34mRDP 0x561bc1274cf8: csp_rdp_close(0x6) -> CLOSED
[0;0m[0;34mRDP 0x561bc1274d80: csp_rdp_close(0x6) -> CLOSED
[0;0m[0;34mRDP 0x561bc1274e08: csp_rdp_close(0x6) -> CLOSED
[0;0m[0;34mRDP 0x561bc1274e90: csp_rdp_close(0x6) -> CLOSED
[0;0m[0;34mRDP 0x561bc1274f18: csp_rdp_close(0x6) -> CLOSED
[0;0m[0;34mRDP 0x561bc1274fa0: csp_rdp_close(0x6) -> CLOSED
[0;0m[0;34mRDP 0x561bc1275028: csp_rdp_close(0x6) -> CLOSED
[0;0m[0;34mRDP 0x561bc12750b0: csp_rdp_close(0x6) -> CLOSED
[0;0m[0;34mRDP 0x561bc1275138: csp_rdp_close(0x6) -> CLOSED
[0;0m[0;34mRDP 0x561bc1274500: csp_rdp_close(0x6) -> CLOSED
[0;0m[0;34mRDP 0x561bc12751c0: csp_rdp_close(0x6) -> CLOSED
[0;0m[0;34mRDP 0x561bc1275248: csp_rdp_close(0x6) -> CLOSED
[0;0m[0;34mRDP 0x561bc12752d0: csp_rdp_close(0x6) -> CLOSED
[0;0m[0;34mRDP 0x561bc1275358: csp_rdp_close(0x6) -> CLOSED
[0;0m
--- bundle measurement summary ---
bundles received: 107
unit latency: min=0.856 ms  mean=5.749 ms  max=20.934 ms  stddev=8.215 ms  (n=6848 units)
throughput: 29.30 bundles/sec  1875.0 units/sec-equivalent  67.5 kB/s
4, ack_nr 31696, packet_len 5 (0)
[0;0m[0;34mRDP 0x55f5ac5a1e08: Wake Tx task (ack)
[0;0m[0;34mRDP 0x55f5ac5a1e08: TX Element Free, time 24018788, seq 33933, una 33934
[0;0m[0;34mRDP 0x55f5ac5a1e08: Wake Tx task (check timeouts)
[0;0m[0;34mRDP 0x55f5ac5a1e08: AC: Connection OPEN
[0;0m[0;34mcsp_sfp_send_own_memcpy: 21:10, sending at 0x55f5ac5af7b0 size 243
[0;0m[0;34mRDP 0x55f5ac5a1e08: Sending  in S 3: syn 0, ack 1, eack 0, rst 0, seq_nr 33934, ack_nr 31696, packet_len 256 (251)
[0;0m[0;34mcsp_sfp_send_own_memcpy: 21:10, sending at 0x55f5ac5af8a3 size 243
[0;0m[0;34mRDP 0x55f5ac5a1e08: Sending  in S 3: syn 0, ack 1, eack 0, rst 0, seq_nr 33935, ack_nr 31696, packet_len 256 (251)
[0;0m[0;34mcsp_sfp_send_own_memcpy: 21:10, sending at 0x55f5ac5af996 size 243
[0;0m[0;34mRDP 0x55f5ac5a1e08: Sending  in S 3: syn 0, ack 1, eack 0, rst 0, seq_nr 33936, ack_nr 31696, packet_len 256 (251)
[0;0m[0;34mcsp_sfp_send_own_memcpy: 21:10, sending at 0x55f5ac5afa89 size 243
[0;0m[0;34mRDP 0x55f5ac5a1e08: Sending  in S 3: syn 0, ack 1, eack 0, rst 0, seq_nr 33937, ack_nr 31696, packet_len 256 (251)
[0;0m[0;34mcsp_sfp_send_own_memcpy: 21:10, sending at 0x55f5ac5afb7c size 243
[0;0m[0;34mRDP 0x55f5ac5a1e08: Waiting for window update before sending seq 33938
[0;0m[0;34mRDP 0x55f5ac5a1e08: Received in S 3: syn 0, ack 1, eack 0, rst 0, seq_nr 31697, ack_nr 33936, packet_len 5 (0)
[0;0m[0;34mRDP 0x55f5ac5a1e08: TX Element Free, time 24018788, seq 33934, una 33937
[0;0m[0;34mRDP 0x55f5ac5a1e08: TX Element Free, time 24018788, seq 33935, una 33937
[0;0m[0;34mRDP 0x55f5ac5a1e08: TX Element Free, time 24018788, seq 33936, una 33937
[0;0m[0;34mRDP 0x55f5ac5a1e08: Wake Tx task (check timeouts)
[0;0m[0;34mRDP 0x55f5ac5a1e08: Sending  in S 3: syn 0, ack 1, eack 0, rst 0, seq_nr 33938, ack_nr 31696, packet_len 256 (251)
[0;0m[0;34mcsp_sfp_send_own_memcpy: 21:10, sending at 0x55f5ac5afc6f size 243
[0;0m[0;34mRDP 0x55f5ac5a1e08: Sending  in S 3: syn 0, ack 1, eack 0, rst 0, seq_nr 33939, ack_nr 31696, packet_len 256 (251)
[0;0m[0;34mcsp_sfp_send_own_memcpy: 21:10, sending at 0x55f5ac5afd62 size 243
[0;0m[0;34mRDP 0x55f5ac5a1e08: Sending  in S 3: syn 0, ack 1, eack 0, rst 0, seq_nr 33940, ack_nr 31696, packet_len 256 (251)
[0;0m[0;34mcsp_sfp_send_own_memcpy: 21:10, sending at 0x55f5ac5afe55 size 243
[0;0m[0;34mRDP 0x55f5ac5a1e08: Waiting for window update before sending seq 33941
[0;0m[0;34mRDP 0x55f5ac5a1e08: Received in S 3: syn 0, ack 1, eack 0, rst 0, seq_nr 31697, ack_nr 33939, packet_len 5 (0)
[0;0m[0;34mRDP 0x55f5ac5a1e08: TX Element Free, time 24018788, seq 33937, una 33940
[0;0m[0;34mRDP 0x55f5ac5a1e08: TX Element Free, time 24018788, seq 33938, una 33940
[0;0m[0;34mRDP 0x55f5ac5a1e08: TX Element Free, time 24018788, seq 33939, una 33940
[0;0m[0;34mRDP 0x55f5ac5a1e08: Wake Tx task (check timeouts)
[0;0m[0;34mRDP 0x55f5ac5a1e08: Sending  in S 3: syn 0, ack 1, eack 0, rst 0, seq_nr 33941, ack_nr 31696, packet_len 256 (251)
[0;0m[0;34mcsp_sfp_send_own_memcpy: 21:10, sending at 0x55f5ac5aff48 size 243
[0;0m[0;34mRDP 0x55f5ac5a1e08: Sending  in S 3: syn 0, ack 1, eack 0, rst 0, seq_nr 33942, ack_nr 31696, packet_len 256 (251)
[0;0m[0;34mcsp_sfp_send_own_memcpy: 21:10, sending at 0x55f5ac5b003b size 117
[0;0m[0;34mRDP 0x55f5ac5a1e08: Sending  in S 3: syn 0, ack 1, eack 0, rst 0, seq_nr 33943, ack_nr 31696, packet_len 130 (125)
[0;0m[0;34mRDP 0x55f5ac5a1e08: Received in S 3: syn 0, ack 1, eack 0, rst 0, seq_nr 31697, ack_nr 33942, packet_len 5 (0)
[0;0m[0;34mRDP 0x55f5ac5a1e08: TX Element Free, time 24018789, seq 33940, una 33943
[0;0m[0;34mRDP 0x55f5ac5a1e08: TX Element Free, time 24018789, seq 33941, una 33943
[0;0m[0;34mRDP 0x55f5ac5a1e08: TX Element Free, time 24018789, seq 33942, una 33943
[0;0m[0;34mRDP 0x55f5ac5a1e08: Wake Tx task (check timeouts)
[0;0m[0;34mRDP 0x55f5ac5a1e08: Received in S 3: syn 0, ack 1, eack 0, rst 0, seq_nr 31697, ack_nr 33943, packet_len 6 (1)
[0;0m[0;34mRDP 0x55f5ac5a1e08: TX Element Free, time 24018789, seq 33943, una 33944
[0;0m[0;34mRDP 0x55f5ac5a1e08: Wake Tx task (check timeouts)
[0;0mSENT bundle=96 n=64 bytes=2304 send_time_ms=20.407
[0;34mcsp_sfp_send_own_memcpy: 21:10, sending at 0x55f5ac5af7b0 size 243
[0;0m[0;34mRDP 0x55f5ac5a1e08: Sending  in S 3: syn 0, ack 1, eack 0, rst 0, seq_nr 33944, ack_nr 31697, packet_len 256 (251)
[0;0m[0;34mcsp_sfp_send_own_memcpy: 21:10, sending at 0x55f5ac5af8a3 size 243
[0;0m[0;34mRDP 0x55f5ac5a1e08: Sending  in S 3: syn 0, ack 1, eack 0, rst 0, seq_nr 33945, ack_nr 31697, packet_len 256 (251)
[0;0m[0;34mcsp_sfp_send_own_memcpy: 21:10, sending at 0x55f5ac5af996 size 243
[0;0m[0;34mRDP 0x55f5ac5a1e08: Sending  in S 3: syn 0, ack 1, eack 0, rst 0, seq_nr 33946, ack_nr 31697, packet_len 256 (251)
[0;0m[0;34mcsp_sfp_send_own_memcpy: 21:10, sending at 0x55f5ac5afa89 size 243
[0;0m[0;34mRDP 0x55f5ac5a1e08: Sending  in S 3: syn 0, ack 1, eack 0, rst 0, seq_nr 33947, ack_nr 31697, packet_len 256 (251)
[0;0m[0;34mcsp_sfp_send_own_memcpy: 21:10, sending at 0x55f5ac5afb7c size 243
[0;0m[0;34mRDP 0x55f5ac5a1e08: Waiting for window update before sending seq 33948
[0;0m[0;34mRDP 0x55f5ac5a1e08: Waiting for window update before sending seq 33948
[0;0m[0;34mRDP 0x55f5ac5a1e08: Received in S 3: syn 0, ack 1, eack 0, rst 0, seq_nr 31698, ack_nr 33945, packet_len 5 (0)
[0;0m[0;34mRDP 0x55f5ac5a1e08: TX Element Free, time 24018806, seq 33944, una 33946
[0;0m[0;34mRDP 0x55f5ac5a1e08: TX Element Free, time 24018806, seq 33945, una 33946
[0;0m[0;34mRDP 0x55f5ac5a1e08: Wake Tx task (check timeouts)
[0;0m[0;34mRDP 0x55f5ac5a1e08: Sending  in S 3: syn 0, ack 1, eack 0, rst 0, seq_nr 33948, ack_nr 31697, packet_len 256 (251)
[0;0m[0;34mcsp_sfp_send_own_memcpy: 21:10, sending at 0x55f5ac5afc6f size 243
[0;0m[0;34mRDP 0x55f5ac5a1e08: Sending  in S 3: syn 0, ack 1, eack 0, rst 0, seq_nr 33949, ack_nr 31697, packet_len 256 (251)
[0;0m[0;34mcsp_sfp_send_own_memcpy: 21:10, sending at 0x55f5ac5afd62 size 243
[0;0m[0;34mRDP 0x55f5ac5a1e08: Waiting for window update before sending seq 33950
[0;0m[0;34mRDP 0x55f5ac5a1e08: Received in S 3: syn 0, ack 1, eack 0, rst 0, seq_nr 31698, ack_nr 33948, packet_len 5 (0)
[0;0m[0;34mRDP 0x55f5ac5a1e08: TX Element Free, time 24018806, seq 33946, una 33949
[0;0m[0;34mRDP 0x55f5ac5a1e08: TX Element Free, time 24018806, seq 33947, una 33949
[0;0m[0;34mRDP 0x55f5ac5a1e08: TX Element Free, time 24018806, seq 33948, una 33949
[0;0m[0;34mRDP 0x55f5ac5a1e08: Wake Tx task (check timeouts)
[0;0m[0;34mRDP 0x55f5ac5a1e08: Sending  in S 3: syn 0, ack 1, eack 0, rst 0, seq_nr 33950, ack_nr 31697, packet_len 256 (251)
[0;0m[0;34mcsp_sfp_send_own_memcpy: 21:10, sending at 0x55f5ac5afe55 size 243
[0;0m[0;34mRDP 0x55f5ac5a1e08: Sending  in S 3: syn 0, ack 1, eack 0, rst 0, seq_nr 33951, ack_nr 31697, packet_len 256 (251)
[0;0m[0;34mcsp_sfp_send_own_memcpy: 21:10, sending at 0x55f5ac5aff48 size 243
[0;0m[0;34mRDP 0x55f5ac5a1e08: Sending  in S 3: syn 0, ack 1, eack 0, rst 0, seq_nr 33952, ack_nr 31697, packet_len 256 (251)
[0;0m[0;34mRDP 0x55f5ac5a1e08: Received in S 3: syn 0, ack 1, eack 0, rst 0, seq_nr 31698, ack_nr 33951, packet_len 5 (0)
[0;0m[0;34mRDP 0x55f5ac5a1e08: TX Element Free, time 24018806, seq 33949, una 33952
[0;0m[0;34mRDP 0x55f5ac5a1e08: TX Element Free, time 24018807, seq 33950, una 33952
[0;0m[0;34mRDP 0x55f5ac5a1e08: TX Element Free, time 24018807, seq 33951, una 33952
[0;0m[0;34mRDP 0x55f5ac5a1e08: Wake Tx task (check timeouts)
[0;0m[0;34mcsp_sfp_send_own_memcpy: 21:10, sending at 0x55f5ac5b003b size 117
[0;0m[0;34mRDP 0x55f5ac5a1e08: Sending  in S 3: syn 0, ack 1, eack 0, rst 0, seq_nr 33953, ack_nr 31697, packet_len 130 (125)
[0;0m[0;34mRDP 0x55f5ac5a1e08: Received in S 3: syn 0, ack 1, eack 0, rst 1, seq_nr 31698, ack_nr 33953, packet_len 5 (0)
[0;0m[0;34mRDP 0x55f5ac5a1e08: Received RST in sequence, no more data incoming, reply with RST
[0;0m[0;34mRDP 0x55f5ac5a1e08: Send CMP S 4: syn 0, ack 1, eack 0, rst 1, seq_nr 33954, ack_nr 31697, packet_len 5 (0)
[0;0m[0;34mRDP 0x55f5ac5a1e08: csp_rdp_close(0x2), waiting for: userspace timeout
[0;0m[0;34mRDP 0x55f5ac5a1e08: csp_rdp_close(0x1), waiting for: timeout
[0;0m[0;34mRDP 0x55f5ac5a1e90: Active connect, conn state 0
[0;0m[0;34mRDP 0x55f5ac5a1e90: AC: Sending SYN
[0;0m[0;34mRDP 0x55f5ac5a1e90: Send CMP S 1: syn 1, ack 0, eack 0, rst 0, seq_nr  8455, ack_nr     0, packet_len 29 (24)
[0;0m[0;34mRDP 0x55f5ac5a1e90: AC: Waiting for SYN/ACK reply...
[0;0m[0;34mRDP 0x55f5ac5a1e90: Received in S 1: syn 1, ack 1, eack 0, rst 0, seq_nr 52407, ack_nr  8455, packet_len 5 (0)
[0;0m[0;34mRDP 0x55f5ac5a1e90: NP: Connection OPEN
[0;0m[0;34mRDP 0x55f5ac5a1e90: Send CMP S 3: syn 0, ack 1, eack 0, rst 0, seq_nr  8456, ack_nr 52407, packet_len 5 (0)
[0;0m[0;34mRDP 0x55f5ac5a1e90: Wake Tx task (ack)
[0;0m[0;34mRDP 0x55f5ac5a1e90: TX Element Free, time 24018808, seq 8455, una 8456
[0;0m[0;34mRDP 0x55f5ac5a1e90: Wake Tx task (check timeouts)
[0;0m[0;34mRDP 0x55f5ac5a1e90: AC: Connection OPEN
[0;0m[0;34mcsp_sfp_send_own_memcpy: 21:10, sending at 0x55f5ac5af7b0 size 243
[0;0m[0;34mRDP 0x55f5ac5a1e90: Sending  in S 3: syn 0, ack 1, eack 0, rst 0, seq_nr  8456, ack_nr 52407, packet_len 256 (251)
[0;0m[0;34mcsp_sfp_send_own_memcpy: 21:10, sending at 0x55f5ac5af8a3 size 243
[0;0m[0;34mRDP 0x55f5ac5a1e90: Sending  in S 3: syn 0, ack 1, eack 0, rst 0, seq_nr  8457, ack_nr 52407, packet_len 256 (251)
[0;0m[0;34mcsp_sfp_send_own_memcpy: 21:10, sending at 0x55f5ac5af996 size 243
[0;0m[0;34mRDP 0x55f5ac5a1e90: Sending  in S 3: syn 0, ack 1, eack 0, rst 0, seq_nr  8458, ack_nr 52407, packet_len 256 (251)
[0;0m[0;34mcsp_sfp_send_own_memcpy: 21:10, sending at 0x55f5ac5afa89 size 243
[0;0m[0;34mRDP 0x55f5ac5a1e90: Sending  in S 3: syn 0, ack 1, eack 0, rst 0, seq_nr  8459, ack_nr 52407, packet_len 256 (251)
[0;0m[0;34mcsp_sfp_send_own_memcpy: 21:10, sending at 0x55f5ac5afb7c size 243
[0;0m[0;34mRDP 0x55f5ac5a1e90: Waiting for window update before sending seq 8460
[0;0m[0;34mRDP 0x55f5ac5a1e90: Received in S 3: syn 0, ack 1, eack 0, rst 0, seq_nr 52408, ack_nr  8458, packet_len 5 (0)
[0;0m[0;34mRDP 0x55f5ac5a1e90: TX Element Free, time 24018808, seq 8456, una 8459
[0;0m[0;34mRDP 0x55f5ac5a1e90: TX Element Free, time 24018808, seq 8457, una 8459
[0;0m[0;34mRDP 0x55f5ac5a1e90: TX Element Free, time 24018809, seq 8458, una 8459
[0;0m[0;34mRDP 0x55f5ac5a1e90: Wake Tx task (check timeouts)
[0;0m[0;34mRDP 0x55f5ac5a1e90: Sending  in S 3: syn 0, ack 1, eack 0, rst 0, seq_nr  8460, ack_nr 52407, packet_len 256 (251)
[0;0m[0;34mcsp_sfp_send_own_memcpy: 21:10, sending at 0x55f5ac5afc6f size 243
[0;0m[0;34mRDP 0x55f5ac5a1e90: Sending  in S 3: syn 0, ack 1, eack 0, rst 0, seq_nr  8461, ack_nr 52407, packet_len 256 (251)
[0;0m[0;34mcsp_sfp_send_own_memcpy: 21:10, sending at 0x55f5ac5afd62 size 243
[0;0m[0;34mRDP 0x55f5ac5a1e90: Sending  in S 3: syn 0, ack 1, eack 0, rst 0, seq_nr  8462, ack_nr 52407, packet_len 256 (251)
[0;0m[0;34mcsp_sfp_send_own_memcpy: 21:10, sending at 0x55f5ac5afe55 size 243
[0;0m[0;34mRDP 0x55f5ac5a1e90: Waiting for window update before sending seq 8463
[0;0m[0;34mRDP 0x55f5ac5a1e90: Received in S 3: syn 0, ack 1, eack 0, rst 0, seq_nr 52408, ack_nr  8461, packet_len 5 (0)
[0;0m[0;34mRDP 0x55f5ac5a1e90: TX Element Free, time 24018809, seq 8459, una 8462
[0;0m[0;34mRDP 0x55f5ac5a1e90: TX Element Free, time 24018809, seq 8460, una 8462
[0;0m[0;34mRDP 0x55f5ac5a1e90: TX Element Free, time 24018809, seq 8461, una 8462
[0;0m[0;34mRDP 0x55f5ac5a1e90: Wake Tx task (check timeouts)
[0;0m[0;34mRDP 0x55f5ac5a1e90: Sending  in S 3: syn 0, ack 1, eack 0, rst 0, seq_nr  8463, ack_nr 52407, packet_len 256 (251)
[0;0m[0;34mcsp_sfp_send_own_memcpy: 21:10, sending at 0x55f5ac5aff48 size 243
[0;0m[0;34mRDP 0x55f5ac5a1e90: Sending  in S 3: syn 0, ack 1, eack 0, rst 0, seq_nr  8464, ack_nr 52407, packet_len 256 (251)
[0;0m[0;34mcsp_sfp_send_own_memcpy: 21:10, sending at 0x55f5ac5b003b size 117
[0;0m[0;34mRDP 0x55f5ac5a1e90: Sending  in S 3: syn 0, ack 1, eack 0, rst 0, seq_nr  8465, ack_nr 52407, packet_len 130 (125)
[0;0m[0;34mRDP 0x55f5ac5a1e90: Received in S 3: syn 0, ack 1, eack 0, rst 0, seq_nr 52408, ack_nr  8464, packet_len 5 (0)
[0;0m[0;34mRDP 0x55f5ac5a1e90: TX Element Free, time 24018809, seq 8462, una 8465
[0;0m[0;34mRDP 0x55f5ac5a1e90: TX Element Free, time 24018809, seq 8463, una 8465
[0;0m[0;34mRDP 0x55f5ac5a1e90: TX Element Free, time 24018809, seq 8464, una 8465
[0;0m[0;34mRDP 0x55f5ac5a1e90: Wake Tx task (check timeouts)
[0;0m[0;34mRDP 0x55f5ac5a1e90: Received in S 3: syn 0, ack 1, eack 0, rst 0, seq_nr 52408, ack_nr  8465, packet_len 6 (1)
[0;0m[0;34mRDP 0x55f5ac5a1e90: TX Element Free, time 24018809, seq 8465, una 8466
[0;0m[0;34mRDP 0x55f5ac5a1e90: Wake Tx task (check timeouts)
[0;0mSENT bundle=97 n=64 bytes=2304 send_time_ms=20.607
[0;34mcsp_sfp_send_own_memcpy: 21:10, sending at 0x55f5ac5af7b0 size 243
[0;0m[0;34mRDP 0x55f5ac5a1e90: Sending  in S 3: syn 0, ack 1, eack 0, rst 0, seq_nr  8466, ack_nr 52408, packet_len 256 (251)
[0;0m[0;34mcsp_sfp_send_own_memcpy: 21:10, sending at 0x55f5ac5af8a3 size 243
[0;0m[0;34mRDP 0x55f5ac5a1e90: Sending  in S 3: syn 0, ack 1, eack 0, rst 0, seq_nr  8467, ack_nr 52408, packet_len 256 (251)
[0;0m[0;34mcsp_sfp_send_own_memcpy: 21:10, sending at 0x55f5ac5af996 size 243
[0;0m[0;34mRDP 0x55f5ac5a1e90: Sending  in S 3: syn 0, ack 1, eack 0, rst 0, seq_nr  8468, ack_nr 52408, packet_len 256 (251)
[0;0m[0;34mcsp_sfp_send_own_memcpy: 21:10, sending at 0x55f5ac5afa89 size 243
[0;0m[0;34mRDP 0x55f5ac5a1e90: Sending  in S 3: syn 0, ack 1, eack 0, rst 0, seq_nr  8469, ack_nr 52408, packet_len 256 (251)
[0;0m[0;34mcsp_sfp_send_own_memcpy: 21:10, sending at 0x55f5ac5afb7c size 243
[0;0m[0;34mRDP 0x55f5ac5a1e90: Waiting for window update before sending seq 8470
[0;0m[0;34mRDP 0x55f5ac5a1e90: Waiting for window update before sending seq 8470
[0;0m[0;34mRDP 0x55f5ac5a1e90: Received in S 3: syn 0, ack 1, eack 0, rst 0, seq_nr 52409, ack_nr  8467, packet_len 5 (0)
[0;0m[0;34mRDP 0x55f5ac5a1e90: TX Element Free, time 24018826, seq 8466, una 8468
[0;0m[0;34mRDP 0x55f5ac5a1e90: TX Element Free, time 24018826, seq 8467, una 8468
[0;0m[0;34mRDP 0x55f5ac5a1e90: Wake Tx task (check timeouts)
[0;0m[0;34mRDP 0x55f5ac5a1e90: Sending  in S 3: syn 0, ack 1, eack 0, rst 0, seq_nr  8470, ack_nr 52408, packet_len 256 (251)
[0;0m[0;34mcsp_sfp_send_own_memcpy: 21:10, sending at 0x55f5ac5afc6f size 243
[0;0m[0;34mRDP 0x55f5ac5a1e90: Sending  in S 3: syn 0, ack 1, eack 0, rst 0, seq_nr  8471, ack_nr 52408, packet_len 256 (251)
[0;0m[0;34mcsp_sfp_send_own_memcpy: 21:10, sending at 0x55f5ac5afd62 size 243
[0;0m[0;34mRDP 0x55f5ac5a1e90: Waiting for window update before sending seq 8472
[0;0m[0;34mRDP 0x55f5ac5a1e90: Received in S 3: syn 0, ack 1, eack 0, rst 0, seq_nr 52409, ack_nr  8470, packet_len 5 (0)
[0;0m[0;34mRDP 0x55f5ac5a1e90: TX Element Free, time 24018827, seq 8468, una 8471
[0;0m[0;34mRDP 0x55f5ac5a1e90: TX Element Free, time 24018827, seq 8469, una 8471
[0;0m[0;34mRDP 0x55f5ac5a1e90: TX Element Free, time 24018827, seq 8470, una 8471
[0;0m[0;34mRDP 0x55f5ac5a1e90: Wake Tx task (check timeouts)
[0;0m[0;34mRDP 0x55f5ac5a1e90: Sending  in S 3: syn 0, ack 1, eack 0, rst 0, seq_nr  8472, ack_nr 52408, packet_len 256 (251)
[0;0m[0;34mcsp_sfp_send_own_memcpy: 21:10, sending at 0x55f5ac5afe55 size 243
[0;0m[0;34mRDP 0x55f5ac5a1e90: Sending  in S 3: syn 0, ack 1, eack 0, rst 0, seq_nr  8473, ack_nr 52408, packet_len 256 (251)
[0;0m[0;34mcsp_sfp_send_own_memcpy: 21:10, sending at 0x55f5ac5aff48 size 243
[0;0m[0;34mRDP 0x55f5ac5a1e90: Sending  in S 3: syn 0, ack 1, eack 0, rst 0, seq_nr  8474, ack_nr 52408, packet_len 256 (251)
[0;0m[0;34mcsp_sfp_send_own_memcpy: 21:10, sending at 0x55f5ac5b003b size 117
[0;0m[0;34mRDP 0x55f5ac5a1e90: Waiting for window update before sending seq 8475
[0;0m[0;34mRDP 0x55f5ac5a1e90: Received in S 3: syn 0, ack 1, eack 0, rst 0, seq_nr 52409, ack_nr  8473, packet_len 5 (0)
[0;0m[0;34mRDP 0x55f5ac5a1e90: TX Element Free, time 24018827, seq 8471, una 8474
[0;0m[0;34mRDP 0x55f5ac5a1e90: TX Element Free, time 24018827, seq 8472, una 8474
[0;0m[0;34mRDP 0x55f5ac5a1e90: TX Element Free, time 24018827, seq 8473, una 8474
[0;0m[0;34mRDP 0x55f5ac5a1e90: Wake Tx task (check timeouts)
[0;0m[0;34mRDP 0x55f5ac5a1e90: Sending  in S 3: syn 0, ack 1, eack 0, rst 0, seq_nr  8475, ack_nr 52408, packet_len 130 (125)
[0;0m[0;34mRDP 0x55f5ac5a1e90: Received in S 3: syn 0, ack 1, eack 0, rst 1, seq_nr 52409, ack_nr  8475, packet_len 5 (0)
[0;0m[0;34mRDP 0x55f5ac5a1e90: Received RST in sequence, no more data incoming, reply with RST
[0;0m[0;34mRDP 0x55f5ac5a1e90: Send CMP S 4: syn 0, ack 1, eack 0, rst 1, seq_nr  8476, ack_nr 52408, packet_len 5 (0)
[0;0m[0;34mRDP 0x55f5ac5a1e90: csp_rdp_close(0x2), waiting for: userspace timeout
[0;0m[0;34mRDP 0x55f5ac5a1e90: csp_rdp_close(0x1), waiting for: timeout
[0;0m[0;34mRDP 0x55f5ac5a1f18: Active connect, conn state 0
[0;0m[0;34mRDP 0x55f5ac5a1f18: AC: Sending SYN
[0;0m[0;34mRDP 0x55f5ac5a1f18: Send CMP S 1: syn 1, ack 0, eack 0, rst 0, seq_nr 18671, ack_nr     0, packet_len 29 (24)
[0;0m[0;34mRDP 0x55f5ac5a1f18: AC: Waiting for SYN/ACK reply...
[0;0m[0;34mRDP 0x55f5ac5a1f18: Received in S 1: syn 1, ack 1, eack 0, rst 0, seq_nr 42003, ack_nr 18671, packet_len 5 (0)
[0;0m[0;34mRDP 0x55f5ac5a1f18: NP: Connection OPEN
[0;0m[0;34mRDP 0x55f5ac5a1f18: Send CMP S 3: syn 0, ack 1, eack 0, rst 0, seq_nr 18672, ack_nr 42003, packet_len 5 (0)
[0;0m[0;34mRDP 0x55f5ac5a1f18: Wake Tx task (ack)
[0;0m[0;34mRDP 0x55f5ac5a1f18: TX Element Free, time 24018829, seq 18671, una 18672
[0;0m[0;34mRDP 0x55f5ac5a1f18: Wake Tx task (check timeouts)
[0;0m[0;34mRDP 0x55f5ac5a1f18: AC: Connection OPEN
[0;0m[0;34mcsp_sfp_send_own_memcpy: 21:10, sending at 0x55f5ac5af7b0 size 243
[0;0m[0;34mRDP 0x55f5ac5a1f18: Sending  in S 3: syn 0, ack 1, eack 0, rst 0, seq_nr 18672, ack_nr 42003, packet_len 256 (251)
[0;0m[0;34mcsp_sfp_send_own_memcpy: 21:10, sending at 0x55f5ac5af8a3 size 243
[0;0m[0;34mRDP 0x55f5ac5a1f18: Sending  in S 3: syn 0, ack 1, eack 0, rst 0, seq_nr 18673, ack_nr 42003, packet_len 256 (251)
[0;0m[0;34mcsp_sfp_send_own_memcpy: 21:10, sending at 0x55f5ac5af996 size 243
[0;0m[0;34mRDP 0x55f5ac5a1f18: Sending  in S 3: syn 0, ack 1, eack 0, rst 0, seq_nr 18674, ack_nr 42003, packet_len 256 (251)
[0;0m[0;34mcsp_sfp_send_own_memcpy: 21:10, sending at 0x55f5ac5afa89 size 243
[0;0m[0;34mRDP 0x55f5ac5a1f18: Sending  in S 3: syn 0, ack 1, eack 0, rst 0, seq_nr 18675, ack_nr 42003, packet_len 256 (251)
[0;0m[0;34mRDP 0x55f5ac5a1f18: Received in S 3: syn 0, ack 1, eack 0, rst 0, seq_nr 42004, ack_nr 18674, packet_len 5 (0)
[0;0m[0;34mRDP 0x55f5ac5a1f18: TX Element Free, time 24018830, seq 18672, una 18675
[0;0m[0;34mRDP 0x55f5ac5a1f18: TX Element Free, time 24018830, seq 18673, una 18675
[0;0m[0;34mRDP 0x55f5ac5a1f18: TX Element Free, time 24018830, seq 18674, una 18675
[0;0m[0;34mRDP 0x55f5ac5a1f18: Wake Tx task (check timeouts)
[0;0m[0;34mcsp_sfp_send_own_memcpy: 21:10, sending at 0x55f5ac5afb7c size 243
[0;0m[0;34mRDP 0x55f5ac5a1f18: Sending  in S 3: syn 0, ack 1, eack 0, rst 0, seq_nr 18676, ack_nr 42003, packet_len 256 (251)
[0;0m[0;34mcsp_sfp_send_own_memcpy: 21:10, sending at 0x55f5ac5afc6f size 243
[0;0m[0;34mRDP 0x55f5ac5a1f18: Sending  in S 3: syn 0, ack 1, eack 0, rst 0, seq_nr 18677, ack_nr 42003, packet_len 256 (251)
[0;0m[0;34mcsp_sfp_send_own_memcpy: 21:10, sending at 0x55f5ac5afd62 size 243
[0;0m[0;34mRDP 0x55f5ac5a1f18: Sending  in S 3: syn 0, ack 1, eack 0, rst 0, seq_nr 18678, ack_nr 42003, packet_len 256 (251)
[0;0m[0;34mRDP 0x55f5ac5a1f18: Received in S 3: syn 0, ack 1, eack 0, rst 0, seq_nr 42004, ack_nr 18677, packet_len 5 (0)
[0;0m[0;34mRDP 0x55f5ac5a1f18: TX Element Free, time 24018830, seq 18675, una 18678
[0;0m[0;34mRDP 0x55f5ac5a1f18: TX Element Free, time 24018831, seq 18676, una 18678
[0;0m[0;34mRDP 0x55f5ac5a1f18: TX Element Free, time 24018831, seq 18677, una 18678
[0;0m[0;34mRDP 0x55f5ac5a1f18: Wake Tx task (check timeouts)
[0;0m[0;34mcsp_sfp_send_own_memcpy: 21:10, sending at 0x55f5ac5afe55 size 243
[0;0m[0;34mRDP 0x55f5ac5a1f18: Sending  in S 3: syn 0, ack 1, eack 0, rst 0, seq_nr 18679, ack_nr 42003, packet_len 256 (251)
[0;0m[0;34mcsp_sfp_send_own_memcpy: 21:10, sending at 0x55f5ac5aff48 size 243
[0;0m[0;34mRDP 0x55f5ac5a1f18: Sending  in S 3: syn 0, ack 1, eack 0, rst 0, seq_nr 18680, ack_nr 42003, packet_len 256 (251)
[0;0m[0;34mcsp_sfp_send_own_memcpy: 21:10, sending at 0x55f5ac5b003b size 117
[0;0m[0;34mRDP 0x55f5ac5a1f18: Sending  in S 3: syn 0, ack 1, eack 0, rst 0, seq_nr 18681, ack_nr 42003, packet_len 130 (125)
[0;0m[0;34mRDP 0x55f5ac5a1f18: Received in S 3: syn 0, ack 1, eack 0, rst 0, seq_nr 42004, ack_nr 18680, packet_len 5 (0)
[0;0m[0;34mRDP 0x55f5ac5a1f18: TX Element Free, time 24018831, seq 18678, una 18681
[0;0m[0;34mRDP 0x55f5ac5a1f18: TX Element Free, time 24018831, seq 18679, una 18681
[0;0m[0;34mRDP 0x55f5ac5a1f18: TX Element Free, time 24018831, seq 18680, una 18681
[0;0m[0;34mRDP 0x55f5ac5a1f18: Wake Tx task (check timeouts)
[0;0m[0;34mRDP 0x55f5ac5a1f18: Received in S 3: syn 0, ack 1, eack 0, rst 0, seq_nr 42004, ack_nr 18681, packet_len 6 (1)
[0;0m[0;34mRDP 0x55f5ac5a1f18: TX Element Free, time 24018831, seq 18681, una 18682
[0;0m[0;34mRDP 0x55f5ac5a1f18: Wake Tx task (check timeouts)
[0;0mSENT bundle=98 n=64 bytes=2304 send_time_ms=20.355
[0;34mcsp_sfp_send_own_memcpy: 21:10, sending at 0x55f5ac5af7b0 size 243
[0;0m[0;34mRDP 0x55f5ac5a1f18: Sending  in S 3: syn 0, ack 1, eack 0, rst 0, seq_nr 18682, ack_nr 42004, packet_len 256 (251)
[0;0m[0;34mcsp_sfp_send_own_memcpy: 21:10, sending at 0x55f5ac5af8a3 size 243
[0;0m[0;34mRDP 0x55f5ac5a1f18: Sending  in S 3: syn 0, ack 1, eack 0, rst 0, seq_nr 18683, ack_nr 42004, packet_len 256 (251)
[0;0m[0;34mcsp_sfp_send_own_memcpy: 21:10, sending at 0x55f5ac5af996 size 243
[0;0m[0;34mRDP 0x55f5ac5a1f18: Sending  in S 3: syn 0, ack 1, eack 0, rst 0, seq_nr 18684, ack_nr 42004, packet_len 256 (251)
[0;0m[0;34mcsp_sfp_send_own_memcpy: 21:10, sending at 0x55f5ac5afa89 size 243
[0;0m[0;34mRDP 0x55f5ac5a1f18: Sending  in S 3: syn 0, ack 1, eack 0, rst 0, seq_nr 18685, ack_nr 42004, packet_len 256 (251)
[0;0m[0;34mRDP 0x55f5ac5a1f18: Received in S 3: syn 0, ack 1, eack 0, rst 0, seq_nr 42005, ack_nr 18683, packet_len 5 (0)
[0;0m[0;34mRDP 0x55f5ac5a1f18: TX Element Free, time 24018847, seq 18682, una 18684
[0;0m[0;34mRDP 0x55f5ac5a1f18: TX Element Free, time 24018847, seq 18683, una 18684
[0;0m[0;34mRDP 0x55f5ac5a1f18: Wake Tx task (check timeouts)
[0;0m[0;34mcsp_sfp_send_own_memcpy: 21:10, sending at 0x55f5ac5afb7c size 243
[0;0m[0;34mRDP 0x55f5ac5a1f18: Sending  in S 3: syn 0, ack 1, eack 0, rst 0, seq_nr 18686, ack_nr 42004, packet_len 256 (251)
[0;0m[0;34mcsp_sfp_send_own_memcpy: 21:10, sending at 0x55f5ac5afc6f size 243
[0;0m[0;34mRDP 0x55f5ac5a1f18: Sending  in S 3: syn 0, ack 1, eack 0, rst 0, seq_nr 18687, ack_nr 42004, packet_len 256 (251)
[0;0m[0;34mRDP 0x55f5ac5a1f18: Received in S 3: syn 0, ack 1, eack 0, rst 0, seq_nr 42005, ack_nr 18686, packet_len 5 (0)
[0;0m[0;34mRDP 0x55f5ac5a1f18: TX Element Free, time 24018847, seq 18684, una 18687
[0;0m[0;34mRDP 0x55f5ac5a1f18: TX Element Free, time 24018847, seq 18685, una 18687
[0;0m[0;34mRDP 0x55f5ac5a1f18: TX Element Free, time 24018847, seq 18686, una 18687
[0;0m[0;34mRDP 0x55f5ac5a1f18: Wake Tx task (check timeouts)
[0;0m[0;34mcsp_sfp_send_own_memcpy: 21:10, sending at 0x55f5ac5afd62 size 243
[0;0m[0;34mRDP 0x55f5ac5a1f18: Sending  in S 3: syn 0, ack 1, eack 0, rst 0, seq_nr 18688, ack_nr 42004, packet_len 256 (251)
[0;0m[0;34mcsp_sfp_send_own_memcpy: 21:10, sending at 0x55f5ac5afe55 size 243
[0;0m[0;34mRDP 0x55f5ac5a1f18: Sending  in S 3: syn 0, ack 1, eack 0, rst 0, seq_nr 18689, ack_nr 42004, packet_len 256 (251)
[0;0m[0;34mcsp_sfp_send_own_memcpy: 21:10, sending at 0x55f5ac5aff48 size 243
[0;0m[0;34mRDP 0x55f5ac5a1f18: Sending  in S 3: syn 0, ack 1, eack 0, rst 0, seq_nr 18690, ack_nr 42004, packet_len 256 (251)
[0;0m[0;34mcsp_sfp_send_own_memcpy: 21:10, sending at 0x55f5ac5b003b size 117
[0;0m[0;34mRDP 0x55f5ac5a1f18: Waiting for window update before sending seq 18691
[0;0m[0;34mRDP 0x55f5ac5a1f18: Waiting for window update before sending seq 18691
[0;0m[0;34mRDP 0x55f5ac5a1f18: Received in S 3: syn 0, ack 1, eack 0, rst 0, seq_nr 42005, ack_nr 18689, packet_len 5 (0)
[0;0m[0;34mRDP 0x55f5ac5a1f18: TX Element Free, time 24018848, seq 18687, una 18690
[0;0m[0;34mRDP 0x55f5ac5a1f18: TX Element Free, time 24018848, seq 18688, una 18690
[0;0m[0;34mRDP 0x55f5ac5a1f18: TX Element Free, time 24018848, seq 18689, una 18690
[0;0m[0;34mRDP 0x55f5ac5a1f18: Wake Tx task (check timeouts)
[0;0m[0;34mRDP 0x55f5ac5a1f18: Sending  in S 3: syn 0, ack 1, eack 0, rst 0, seq_nr 18691, ack_nr 42004, packet_len 130 (125)
[0;0m[0;34mRDP 0x55f5ac5a1f18: Received in S 3: syn 0, ack 1, eack 0, rst 1, seq_nr 42005, ack_nr 18691, packet_len 5 (0)
[0;0m[0;34mRDP 0x55f5ac5a1f18: Received RST in sequence, no more data incoming, reply with RST
[0;0m[0;34mRDP 0x55f5ac5a1f18: Send CMP S 4: syn 0, ack 1, eack 0, rst 1, seq_nr 18692, ack_nr 42004, packet_len 5 (0)
[0;0m[0;34mRDP 0x55f5ac5a1f18: csp_rdp_close(0x2), waiting for: userspace timeout
[0;0m[0;34mRDP 0x55f5ac5a1f18: csp_rdp_close(0x1), waiting for: timeout
[0;0m[0;34mRDP 0x55f5ac5a1fa0: Active connect, conn state 0
[0;0m[0;34mRDP 0x55f5ac5a1fa0: AC: Sending SYN
[0;0m[0;34mRDP 0x55f5ac5a1fa0: Send CMP S 1: syn 1, ack 0, eack 0, rst 0, seq_nr 21954, ack_nr     0, packet_len 29 (24)
[0;0m[0;34mRDP 0x55f5ac5a1fa0: AC: Waiting for SYN/ACK reply...
[0;0m[0;34mRDP 0x55f5ac5a1fa0: Received in S 1: syn 1, ack 1, eack 0, rst 0, seq_nr   832, ack_nr 21954, packet_len 5 (0)
[0;0m[0;34mRDP 0x55f5ac5a1fa0: NP: Connection OPEN
[0;0m[0;34mRDP 0x55f5ac5a1fa0: Send CMP S 3: syn 0, ack 1, eack 0, rst 0, seq_nr 21955, ack_nr   832, packet_len 5 (0)
[0;0m[0;34mRDP 0x55f5ac5a1fa0: Wake Tx task (ack)
[0;0m[0;34mRDP 0x55f5ac5a1fa0: TX Element Free, time 24018849, seq 21954, una 21955
[0;0m[0;34mRDP 0x55f5ac5a1fa0: Wake Tx task (check timeouts)
[0;0m[0;34mRDP 0x55f5ac5a1fa0: AC: Connection OPEN
[0;0m[0;34mcsp_sfp_send_own_memcpy: 21:10, sending at 0x55f5ac5af7b0 size 243
[0;0m[0;34mRDP 0x55f5ac5a1fa0: Sending  in S 3: syn 0, ack 1, eack 0, rst 0, seq_nr 21955, ack_nr   832, packet_len 256 (251)
[0;0m[0;34mcsp_sfp_send_own_memcpy: 21:10, sending at 0x55f5ac5af8a3 size 243
[0;0m[0;34mRDP 0x55f5ac5a1fa0: Sending  in S 3: syn 0, ack 1, eack 0, rst 0, seq_nr 21956, ack_nr   832, packet_len 256 (251)
[0;0m[0;34mcsp_sfp_send_own_memcpy: 21:10, sending at 0x55f5ac5af996 size 243
[0;0m[0;34mRDP 0x55f5ac5a1fa0: Sending  in S 3: syn 0, ack 1, eack 0, rst 0, seq_nr 21957, ack_nr   832, packet_len 256 (251)
[0;0m[0;34mcsp_sfp_send_own_memcpy: 21:10, sending at 0x55f5ac5afa89 size 243
[0;0m[0;34mRDP 0x55f5ac5a1fa0: Sending  in S 3: syn 0, ack 1, eack 0, rst 0, seq_nr 21958, ack_nr   832, packet_len 256 (251)
[0;0m[0;34mcsp_sfp_send_own_memcpy: 21:10, sending at 0x55f5ac5afb7c size 243
[0;0m[0;34mRDP 0x55f5ac5a1fa0: Waiting for window update before sending seq 21959
[0;0m[0;34mRDP 0x55f5ac5a1fa0: Received in S 3: syn 0, ack 1, eack 0, rst 0, seq_nr   833, ack_nr 21957, packet_len 5 (0)
[0;0m[0;34mRDP 0x55f5ac5a1fa0: TX Element Free, time 24018850, seq 21955, una 21958
[0;0m[0;34mRDP 0x55f5ac5a1fa0: TX Element Free, time 24018850, seq 21956, una 21958
[0;0m[0;34mRDP 0x55f5ac5a1fa0: TX Element Free, time 24018850, seq 21957, una 21958
[0;0m[0;34mRDP 0x55f5ac5a1fa0: Wake Tx task (check timeouts)
[0;0m[0;34mRDP 0x55f5ac5a1fa0: Sending  in S 3: syn 0, ack 1, eack 0, rst 0, seq_nr 21959, ack_nr   832, packet_len 256 (251)
[0;0m[0;34mcsp_sfp_send_own_memcpy: 21:10, sending at 0x55f5ac5afc6f size 243
[0;0m[0;34mRDP 0x55f5ac5a1fa0: Sending  in S 3: syn 0, ack 1, eack 0, rst 0, seq_nr 21960, ack_nr   832, packet_len 256 (251)
[0;0m[0;34mcsp_sfp_send_own_memcpy: 21:10, sending at 0x55f5ac5afd62 size 243
[0;0m[0;34mRDP 0x55f5ac5a1fa0: Sending  in S 3: syn 0, ack 1, eack 0, rst 0, seq_nr 21961, ack_nr   832, packet_len 256 (251)
[0;0m[0;34mcsp_sfp_send_own_memcpy: 21:10, sending at 0x55f5ac5afe55 size 243
[0;0m[0;34mRDP 0x55f5ac5a1fa0: Waiting for window update before sending seq 21962
[0;0m[0;34mRDP 0x55f5ac5a1fa0: Received in S 3: syn 0, ack 1, eack 0, rst 0, seq_nr   833, ack_nr 21960, packet_len 5 (0)
[0;0m[0;34mRDP 0x55f5ac5a1fa0: TX Element Free, time 24018850, seq 21958, una 21961
[0;0m[0;34mRDP 0x55f5ac5a1fa0: TX Element Free, time 24018850, seq 21959, una 21961
[0;0m[0;34mRDP 0x55f5ac5a1fa0: TX Element Free, time 24018850, seq 21960, una 21961
[0;0m[0;34mRDP 0x55f5ac5a1fa0: Wake Tx task (check timeouts)
[0;0m[0;34mRDP 0x55f5ac5a1fa0: Sending  in S 3: syn 0, ack 1, eack 0, rst 0, seq_nr 21962, ack_nr   832, packet_len 256 (251)
[0;0m[0;34mcsp_sfp_send_own_memcpy: 21:10, sending at 0x55f5ac5aff48 size 243
[0;0m[0;34mRDP 0x55f5ac5a1fa0: Sending  in S 3: syn 0, ack 1, eack 0, rst 0, seq_nr 21963, ack_nr   832, packet_len 256 (251)
[0;0m[0;34mcsp_sfp_send_own_memcpy: 21:10, sending at 0x55f5ac5b003b size 117
[0;0m[0;34mRDP 0x55f5ac5a1fa0: Sending  in S 3: syn 0, ack 1, eack 0, rst 0, seq_nr 21964, ack_nr   832, packet_len 130 (125)
[0;0m[0;34mRDP 0x55f5ac5a1fa0: Received in S 3: syn 0, ack 1, eack 0, rst 0, seq_nr   833, ack_nr 21963, packet_len 5 (0)
[0;0m[0;34mRDP 0x55f5ac5a1fa0: TX Element Free, time 24018851, seq 21961, una 21964
[0;0m[0;34mRDP 0x55f5ac5a1fa0: TX Element Free, time 24018851, seq 21962, una 21964
[0;0m[0;34mRDP 0x55f5ac5a1fa0: TX Element Free, time 24018851, seq 21963, una 21964
[0;0m[0;34mRDP 0x55f5ac5a1fa0: Wake Tx task (check timeouts)
[0;0m[0;34mRDP 0x55f5ac5a1fa0: Received in S 3: syn 0, ack 1, eack 0, rst 0, seq_nr   833, ack_nr 21964, packet_len 6 (1)
[0;0m[0;34mRDP 0x55f5ac5a1fa0: TX Element Free, time 24018851, seq 21964, una 21965
[0;0m[0;34mRDP 0x55f5ac5a1fa0: Wake Tx task (check timeouts)
[0;0mSENT bundle=99 n=64 bytes=2304 send_time_ms=20.929
[0;34mcsp_sfp_send_own_memcpy: 21:10, sending at 0x55f5ac5af7b0 size 243
[0;0m[0;34mRDP 0x55f5ac5a1fa0: Sending  in S 3: syn 0, ack 1, eack 0, rst 0, seq_nr 21965, ack_nr   833, packet_len 256 (251)
[0;0m[0;34mcsp_sfp_send_own_memcpy: 21:10, sending at 0x55f5ac5af8a3 size 243
[0;0m[0;34mRDP 0x55f5ac5a1fa0: Sending  in S 3: syn 0, ack 1, eack 0, rst 0, seq_nr 21966, ack_nr   833, packet_len 256 (251)
[0;0m[0;34mcsp_sfp_send_own_memcpy: 21:10, sending at 0x55f5ac5af996 size 243
[0;0m[0;34mRDP 0x55f5ac5a1fa0: Sending  in S 3: syn 0, ack 1, eack 0, rst 0, seq_nr 21967, ack_nr   833, packet_len 256 (251)
[0;0m[0;34mcsp_sfp_send_own_memcpy: 21:10, sending at 0x55f5ac5afa89 size 243
[0;0m[0;34mRDP 0x55f5ac5a1fa0: Sending  in S 3: syn 0, ack 1, eack 0, rst 0, seq_nr 21968, ack_nr   833, packet_len 256 (251)
[0;0m[0;34mcsp_sfp_send_own_memcpy: 21:10, sending at 0x55f5ac5afb7c size 243
[0;0m[0;34mRDP 0x55f5ac5a1fa0: Waiting for window update before sending seq 21969
[0;0m[0;34mRDP 0x55f5ac5a1fa0: Waiting for window update before sending seq 21969
[0;0m[0;34mRDP 0x55f5ac5a1fa0: Received in S 3: syn 0, ack 1, eack 0, rst 0, seq_nr   834, ack_nr 21966, packet_len 5 (0)
[0;0m[0;34mRDP 0x55f5ac5a1fa0: TX Element Free, time 24018868, seq 21965, una 21967
[0;0m[0;34mRDP 0x55f5ac5a1fa0: TX Element Free, time 24018868, seq 21966, una 21967
[0;0m[0;34mRDP 0x55f5ac5a1fa0: Wake Tx task (check timeouts)
[0;0m[0;34mRDP 0x55f5ac5a1fa0: Sending  in S 3: syn 0, ack 1, eack 0, rst 0, seq_nr 21969, ack_nr   833, packet_len 256 (251)
[0;0m[0;34mcsp_sfp_send_own_memcpy: 21:10, sending at 0x55f5ac5afc6f size 243
[0;0m[0;34mRDP 0x55f5ac5a1fa0: Sending  in S 3: syn 0, ack 1, eack 0, rst 0, seq_nr 21970, ack_nr   833, packet_len 256 (251)
[0;0m[0;34mcsp_sfp_send_own_memcpy: 21:10, sending at 0x55f5ac5afd62 size 243
[0;0m[0;34mRDP 0x55f5ac5a1fa0: Waiting for window update before sending seq 21971
[0;0m[0;34mRDP 0x55f5ac5a1fa0: Received in S 3: syn 0, ack 1, eack 0, rst 0, seq_nr   834, ack_nr 21969, packet_len 5 (0)
[0;0m[0;34mRDP 0x55f5ac5a1fa0: TX Element Free, time 24018868, seq 21967, una 21970
[0;0m[0;34mRDP 0x55f5ac5a1fa0: TX Element Free, time 24018868, seq 21968, una 21970
[0;0m[0;34mRDP 0x55f5ac5a1fa0: TX Element Free, time 24018868, seq 21969, una 21970
[0;0m[0;34mRDP 0x55f5ac5a1fa0: Wake Tx task (check timeouts)
[0;0m[0;34mRDP 0x55f5ac5a1fa0: Sending  in S 3: syn 0, ack 1, eack 0, rst 0, seq_nr 21971, ack_nr   833, packet_len 256 (251)
[0;0m[0;34mcsp_sfp_send_own_memcpy: 21:10, sending at 0x55f5ac5afe55 size 243
[0;0m[0;34mRDP 0x55f5ac5a1fa0: Sending  in S 3: syn 0, ack 1, eack 0, rst 0, seq_nr 21972, ack_nr   833, packet_len 256 (251)
[0;0m[0;34mcsp_sfp_send_own_memcpy: 21:10, sending at 0x55f5ac5aff48 size 243
[0;0m[0;34mRDP 0x55f5ac5a1fa0: Sending  in S 3: syn 0, ack 1, eack 0, rst 0, seq_nr 21973, ack_nr   833, packet_len 256 (251)
[0;0m[0;34mcsp_sfp_send_own_memcpy: 21:10, sending at 0x55f5ac5b003b size 117
[0;0m[0;34mRDP 0x55f5ac5a1fa0: Waiting for window update before sending seq 21974
[0;0m[0;34mRDP 0x55f5ac5a1fa0: Received in S 3: syn 0, ack 1, eack 0, rst 0, seq_nr   834, ack_nr 21972, packet_len 5 (0)
[0;0m[0;34mRDP 0x55f5ac5a1fa0: TX Element Free, time 24018868, seq 21970, una 21973
[0;0m[0;34mRDP 0x55f5ac5a1fa0: TX Element Free, time 24018869, seq 21971, una 21973
[0;0m[0;34mRDP 0x55f5ac5a1fa0: TX Element Free, time 24018869, seq 21972, una 21973
[0;0m[0;34mRDP 0x55f5ac5a1fa0: Wake Tx task (check timeouts)
[0;0m[0;34mRDP 0x55f5ac5a1fa0: Sending  in S 3: syn 0, ack 1, eack 0, rst 0, seq_nr 21974, ack_nr   833, packet_len 130 (125)
[0;0m[0;34mRDP 0x55f5ac5a1fa0: Received in S 3: syn 0, ack 1, eack 0, rst 1, seq_nr   834, ack_nr 21974, packet_len 5 (0)
[0;0m[0;34mRDP 0x55f5ac5a1fa0: Received RST in sequence, no more data incoming, reply with RST
[0;0m[0;34mRDP 0x55f5ac5a1fa0: Send CMP S 4: syn 0, ack 1, eack 0, rst 1, seq_nr 21975, ack_nr   833, packet_len 5 (0)
[0;0m[0;34mRDP 0x55f5ac5a1fa0: csp_rdp_close(0x2), waiting for: userspace timeout
[0;0m[0;34mRDP 0x55f5ac5a1fa0: csp_rdp_close(0x1), waiting for: timeout
[0;0m[0;34mRDP 0x55f5ac5a2028: Active connect, conn state 0
[0;0m[0;34mRDP 0x55f5ac5a2028: AC: Sending SYN
[0;0m[0;34mRDP 0x55f5ac5a2028: Send CMP S 1: syn 1, ack 0, eack 0, rst 0, seq_nr 39096, ack_nr     0, packet_len 29 (24)
[0;0m[0;34mRDP 0x55f5ac5a2028: AC: Waiting for SYN/ACK reply...
[0;0m[0;34mRDP 0x55f5ac5a2028: Received in S 1: syn 1, ack 1, eack 0, rst 0, seq_nr 60154, ack_nr 39096, packet_len 5 (0)
[0;0m[0;34mRDP 0x55f5ac5a2028: NP: Connection OPEN
[0;0m[0;34mRDP 0x55f5ac5a2028: Send CMP S 3: syn 0, ack 1, eack 0, rst 0, seq_nr 39097, ack_nr 60154, packet_len 5 (0)
[0;0m[0;34mRDP 0x55f5ac5a2028: Wake Tx task (ack)
[0;0m[0;34mRDP 0x55f5ac5a2028: TX Element Free, time 24018870, seq 39096, una 39097
[0;0m[0;34mRDP 0x55f5ac5a2028: Wake Tx task (check timeouts)
[0;0m[0;34mRDP 0x55f5ac5a2028: AC: Connection OPEN
[0;0m[0;34mcsp_sfp_send_own_memcpy: 21:10, sending at 0x55f5ac5af7b0 size 243
[0;0m[0;34mRDP 0x55f5ac5a2028: Sending  in S 3: syn 0, ack 1, eack 0, rst 0, seq_nr 39097, ack_nr 60154, packet_len 256 (251)
[0;0m[0;34mcsp_sfp_send_own_memcpy: 21:10, sending at 0x55f5ac5af8a3 size 243
[0;0m[0;34mRDP 0x55f5ac5a2028: Sending  in S 3: syn 0, ack 1, eack 0, rst 0, seq_nr 39098, ack_nr 60154, packet_len 256 (251)
[0;0m[0;34mcsp_sfp_send_own_memcpy: 21:10, sending at 0x55f5ac5af996 size 243
[0;0m[0;34mRDP 0x55f5ac5a2028: Sending  in S 3: syn 0, ack 1, eack 0, rst 0, seq_nr 39099, ack_nr 60154, packet_len 256 (251)
[0;0m[0;34mcsp_sfp_send_own_memcpy: 21:10, sending at 0x55f5ac5afa89 size 243
[0;0m[0;34mRDP 0x55f5ac5a2028: Sending  in S 3: syn 0, ack 1, eack 0, rst 0, seq_nr 39100, ack_nr 60154, packet_len 256 (251)
[0;0m[0;34mcsp_sfp_send_own_memcpy: 21:10, sending at 0x55f5ac5afb7c size 243
[0;0m[0;34mRDP 0x55f5ac5a2028: Waiting for window update before sending seq 39101
[0;0m[0;34mRDP 0x55f5ac5a2028: Received in S 3: syn 0, ack 1, eack 0, rst 0, seq_nr 60155, ack_nr 39099, packet_len 5 (0)
[0;0m[0;34mRDP 0x55f5ac5a2028: TX Element Free, time 24018870, seq 39097, una 39100
[0;0m[0;34mRDP 0x55f5ac5a2028: TX Element Free, time 24018870, seq 39098, una 39100
[0;0m[0;34mRDP 0x55f5ac5a2028: TX Element Free, time 24018870, seq 39099, una 39100
[0;0m[0;34mRDP 0x55f5ac5a2028: Wake Tx task (check timeouts)
[0;0m[0;34mRDP 0x55f5ac5a2028: Sending  in S 3: syn 0, ack 1, eack 0, rst 0, seq_nr 39101, ack_nr 60154, packet_len 256 (251)
[0;0m[0;34mcsp_sfp_send_own_memcpy: 21:10, sending at 0x55f5ac5afc6f size 243
[0;0m[0;34mRDP 0x55f5ac5a2028: Sending  in S 3: syn 0, ack 1, eack 0, rst 0, seq_nr 39102, ack_nr 60154, packet_len 256 (251)
[0;0m[0;34mcsp_sfp_send_own_memcpy: 21:10, sending at 0x55f5ac5afd62 size 243
[0;0m[0;34mRDP 0x55f5ac5a2028: Sending  in S 3: syn 0, ack 1, eack 0, rst 0, seq_nr 39103, ack_nr 60154, packet_len 256 (251)
[0;0m[0;34mcsp_sfp_send_own_memcpy: 21:10, sending at 0x55f5ac5afe55 size 243
[0;0m[0;34mRDP 0x55f5ac5a2028: Waiting for window update before sending seq 39104
[0;0m[0;34mRDP 0x55f5ac5a2028: Received in S 3: syn 0, ack 1, eack 0, rst 0, seq_nr 60155, ack_nr 39102, packet_len 5 (0)
[0;0m[0;34mRDP 0x55f5ac5a2028: TX Element Free, time 24018870, seq 39100, una 39103
[0;0m[0;34mRDP 0x55f5ac5a2028: TX Element Free, time 24018871, seq 39101, una 39103
[0;0m[0;34mRDP 0x55f5ac5a2028: TX Element Free, time 24018871, seq 39102, una 39103
[0;0m[0;34mRDP 0x55f5ac5a2028: Wake Tx task (check timeouts)
[0;0m[0;34mRDP 0x55f5ac5a2028: Sending  in S 3: syn 0, ack 1, eack 0, rst 0, seq_nr 39104, ack_nr 60154, packet_len 256 (251)
[0;0m[0;34mcsp_sfp_send_own_memcpy: 21:10, sending at 0x55f5ac5aff48 size 243
[0;0m[0;34mRDP 0x55f5ac5a2028: Sending  in S 3: syn 0, ack 1, eack 0, rst 0, seq_nr 39105, ack_nr 60154, packet_len 256 (251)
[0;0m[0;34mcsp_sfp_send_own_memcpy: 21:10, sending at 0x55f5ac5b003b size 117
[0;0m[0;34mRDP 0x55f5ac5a2028: Sending  in S 3: syn 0, ack 1, eack 0, rst 0, seq_nr 39106, ack_nr 60154, packet_len 130 (125)
[0;0m[0;34mRDP 0x55f5ac5a2028: Received in S 3: syn 0, ack 1, eack 0, rst 0, seq_nr 60155, ack_nr 39105, packet_len 5 (0)
[0;0m[0;34mRDP 0x55f5ac5a2028: TX Element Free, time 24018871, seq 39103, una 39106
[0;0m[0;34mRDP 0x55f5ac5a2028: TX Element Free, time 24018871, seq 39104, una 39106
[0;0m[0;34mRDP 0x55f5ac5a2028: TX Element Free, time 24018871, seq 39105, una 39106
[0;0m[0;34mRDP 0x55f5ac5a2028: Wake Tx task (check timeouts)
[0;0m[0;34mRDP 0x55f5ac5a2028: Received in S 3: syn 0, ack 1, eack 0, rst 0, seq_nr 60155, ack_nr 39106, packet_len 6 (1)
[0;0m[0;34mRDP 0x55f5ac5a2028: TX Element Free, time 24018871, seq 39106, una 39107
[0;0m[0;34mRDP 0x55f5ac5a2028: Wake Tx task (check timeouts)
[0;0mSENT bundle=100 n=64 bytes=2304 send_time_ms=20.429
[0;34mcsp_sfp_send_own_memcpy: 21:10, sending at 0x55f5ac5af7b0 size 243
[0;0m[0;34mRDP 0x55f5ac5a2028: Sending  in S 3: syn 0, ack 1, eack 0, rst 0, seq_nr 39107, ack_nr 60155, packet_len 256 (251)
[0;0m[0;34mcsp_sfp_send_own_memcpy: 21:10, sending at 0x55f5ac5af8a3 size 243
[0;0m[0;34mRDP 0x55f5ac5a2028: Sending  in S 3: syn 0, ack 1, eack 0, rst 0, seq_nr 39108, ack_nr 60155, packet_len 256 (251)
[0;0m[0;34mcsp_sfp_send_own_memcpy: 21:10, sending at 0x55f5ac5af996 size 243
[0;0m[0;34mRDP 0x55f5ac5a2028: Sending  in S 3: syn 0, ack 1, eack 0, rst 0, seq_nr 39109, ack_nr 60155, packet_len 256 (251)
[0;0m[0;34mcsp_sfp_send_own_memcpy: 21:10, sending at 0x55f5ac5afa89 size 243
[0;0m[0;34mRDP 0x55f5ac5a2028: Sending  in S 3: syn 0, ack 1, eack 0, rst 0, seq_nr 39110, ack_nr 60155, packet_len 256 (251)
[0;0m[0;34mcsp_sfp_send_own_memcpy: 21:10, sending at 0x55f5ac5afb7c size 243
[0;0m[0;34mRDP 0x55f5ac5a2028: Waiting for window update before sending seq 39111
[0;0m[0;34mRDP 0x55f5ac5a2028: Waiting for window update before sending seq 39111
[0;0m[0;34mRDP 0x55f5ac5a2028: Received in S 3: syn 0, ack 1, eack 0, rst 0, seq_nr 60156, ack_nr 39108, packet_len 5 (0)
[0;0m[0;34mRDP 0x55f5ac5a2028: TX Element Free, time 24018888, seq 39107, una 39109
[0;0m[0;34mRDP 0x55f5ac5a2028: TX Element Free, time 24018888, seq 39108, una 39109
[0;0m[0;34mRDP 0x55f5ac5a2028: Wake Tx task (check timeouts)
[0;0m[0;34mRDP 0x55f5ac5a2028: Sending  in S 3: syn 0, ack 1, eack 0, rst 0, seq_nr 39111, ack_nr 60155, packet_len 256 (251)
[0;0m[0;34mcsp_sfp_send_own_memcpy: 21:10, sending at 0x55f5ac5afc6f size 243
[0;0m[0;34mRDP 0x55f5ac5a2028: Sending  in S 3: syn 0, ack 1, eack 0, rst 0, seq_nr 39112, ack_nr 60155, packet_len 256 (251)
[0;0m[0;34mcsp_sfp_send_own_memcpy: 21:10, sending at 0x55f5ac5afd62 size 243
[0;0m[0;34mRDP 0x55f5ac5a2028: Waiting for window update before sending seq 39113
[0;0m[0;34mRDP 0x55f5ac5a2028: Received in S 3: syn 0, ack 1, eack 0, rst 0, seq_nr 60156, ack_nr 39111, packet_len 5 (0)
[0;0m[0;34mRDP 0x55f5ac5a2028: TX Element Free, time 24018888, seq 39109, una 39112
[0;0m[0;34mRDP 0x55f5ac5a2028: TX Element Free, time 24018888, seq 39110, una 39112
[0;0m[0;34mRDP 0x55f5ac5a2028: TX Element Free, time 24018889, seq 39111, una 39112
[0;0m[0;34mRDP 0x55f5ac5a2028: Wake Tx task (check timeouts)
[0;0m[0;34mRDP 0x55f5ac5a2028: Sending  in S 3: syn 0, ack 1, eack 0, rst 0, seq_nr 39113, ack_nr 60155, packet_len 256 (251)
[0;0m[0;34mcsp_sfp_send_own_memcpy: 21:10, sending at 0x55f5ac5afe55 size 243
[0;0m[0;34mRDP 0x55f5ac5a2028: Sending  in S 3: syn 0, ack 1, eack 0, rst 0, seq_nr 39114, ack_nr 60155, packet_len 256 (251)
[0;0m[0;34mcsp_sfp_send_own_memcpy: 21:10, sending at 0x55f5ac5aff48 size 243
[0;0m[0;34mRDP 0x55f5ac5a2028: Sending  in S 3: syn 0, ack 1, eack 0, rst 0, seq_nr 39115, ack_nr 60155, packet_len 256 (251)
[0;0m[0;34mcsp_sfp_send_own_memcpy: 21:10, sending at 0x55f5ac5b003b size 117
[0;0m[0;34mRDP 0x55f5ac5a2028: Waiting for window update before sending seq 39116
[0;0m[0;34mRDP 0x55f5ac5a2028: Received in S 3: syn 0, ack 1, eack 0, rst 0, seq_nr 60156, ack_nr 39114, packet_len 5 (0)
[0;0m[0;34mRDP 0x55f5ac5a2028: TX Element Free, time 24018889, seq 39112, una 39115
[0;0m[0;34mRDP 0x55f5ac5a2028: TX Element Free, time 24018889, seq 39113, una 39115
[0;0m[0;34mRDP 0x55f5ac5a2028: TX Element Free, time 24018889, seq 39114, una 39115
[0;0m[0;34mRDP 0x55f5ac5a2028: Wake Tx task (check timeouts)
[0;0m[0;34mRDP 0x55f5ac5a2028: Sending  in S 3: syn 0, ack 1, eack 0, rst 0, seq_nr 39116, ack_nr 60155, packet_len 130 (125)
[0;0m[0;34mRDP 0x55f5ac5a2028: Received in S 3: syn 0, ack 1, eack 0, rst 1, seq_nr 60156, ack_nr 39116, packet_len 5 (0)
[0;0m[0;34mRDP 0x55f5ac5a2028: Received RST in sequence, no more data incoming, reply with RST
[0;0m[0;34mRDP 0x55f5ac5a2028: Send CMP S 4: syn 0, ack 1, eack 0, rst 1, seq_nr 39117, ack_nr 60155, packet_len 5 (0)
[0;0m[0;34mRDP 0x55f5ac5a2028: csp_rdp_close(0x2), waiting for: userspace timeout
[0;0m[0;34mRDP 0x55f5ac5a2028: csp_rdp_close(0x1), waiting for: timeout
[0;0m[0;34mRDP 0x55f5ac5a20b0: Active connect, conn state 0
[0;0m[0;34mRDP 0x55f5ac5a20b0: AC: Sending SYN
[0;0m[0;34mRDP 0x55f5ac5a20b0: Send CMP S 1: syn 1, ack 0, eack 0, rst 0, seq_nr 25673, ack_nr     0, packet_len 29 (24)
[0;0m[0;34mRDP 0x55f5ac5a20b0: AC: Waiting for SYN/ACK reply...
[0;0m[0;34mRDP 0x55f5ac5a20b0: Received in S 1: syn 1, ack 1, eack 0, rst 0, seq_nr 53997, ack_nr 25673, packet_len 5 (0)
[0;0m[0;34mRDP 0x55f5ac5a20b0: NP: Connection OPEN
[0;0m[0;34mRDP 0x55f5ac5a20b0: Send CMP S 3: syn 0, ack 1, eack 0, rst 0, seq_nr 25674, ack_nr 53997, packet_len 5 (0)
[0;0m[0;34mRDP 0x55f5ac5a20b0: Wake Tx task (ack)
[0;0m[0;34mRDP 0x55f5ac5a20b0: TX Element Free, time 24018891, seq 25673, una 25674
[0;0m[0;34mRDP 0x55f5ac5a20b0: Wake Tx task (check timeouts)
[0;0m[0;34mRDP 0x55f5ac5a20b0: AC: Connection OPEN
[0;0m[0;34mcsp_sfp_send_own_memcpy: 21:10, sending at 0x55f5ac5af7b0 size 243
[0;0m[0;34mRDP 0x55f5ac5a20b0: Sending  in S 3: syn 0, ack 1, eack 0, rst 0, seq_nr 25674, ack_nr 53997, packet_len 256 (251)
[0;0m[0;34mcsp_sfp_send_own_memcpy: 21:10, sending at 0x55f5ac5af8a3 size 243
[0;0m[0;34mRDP 0x55f5ac5a20b0: Sending  in S 3: syn 0, ack 1, eack 0, rst 0, seq_nr 25675, ack_nr 53997, packet_len 256 (251)
[0;0m[0;34mcsp_sfp_send_own_memcpy: 21:10, sending at 0x55f5ac5af996 size 243
[0;0m[0;34mRDP 0x55f5ac5a20b0: Sending  in S 3: syn 0, ack 1, eack 0, rst 0, seq_nr 25676, ack_nr 53997, packet_len 256 (251)
[0;0m[0;34mcsp_sfp_send_own_memcpy: 21:10, sending at 0x55f5ac5afa89 size 243
[0;0m[0;34mRDP 0x55f5ac5a20b0: Sending  in S 3: syn 0, ack 1, eack 0, rst 0, seq_nr 25677, ack_nr 53997, packet_len 256 (251)
[0;0m[0;34mcsp_sfp_send_own_memcpy: 21:10, sending at 0x55f5ac5afb7c size 243
[0;0m[0;34mRDP 0x55f5ac5a20b0: Waiting for window update before sending seq 25678
[0;0m[0;34mRDP 0x55f5ac5a20b0: Received in S 3: syn 0, ack 1, eack 0, rst 0, seq_nr 53998, ack_nr 25676, packet_len 5 (0)
[0;0m[0;34mRDP 0x55f5ac5a20b0: TX Element Free, time 24018891, seq 25674, una 25677
[0;0m[0;34mRDP 0x55f5ac5a20b0: TX Element Free, time 24018891, seq 25675, una 25677
[0;0m[0;34mRDP 0x55f5ac5a20b0: TX Element Free, time 24018891, seq 25676, una 25677
[0;0m[0;34mRDP 0x55f5ac5a20b0: Wake Tx task (check timeouts)
[0;0m[0;34mRDP 0x55f5ac5a20b0: Sending  in S 3: syn 0, ack 1, eack 0, rst 0, seq_nr 25678, ack_nr 53997, packet_len 256 (251)
[0;0m[0;34mcsp_sfp_send_own_memcpy: 21:10, sending at 0x55f5ac5afc6f size 243
[0;0m[0;34mRDP 0x55f5ac5a20b0: Sending  in S 3: syn 0, ack 1, eack 0, rst 0, seq_nr 25679, ack_nr 53997, packet_len 256 (251)
[0;0m[0;34mcsp_sfp_send_own_memcpy: 21:10, sending at 0x55f5ac5afd62 size 243
[0;0m[0;34mRDP 0x55f5ac5a20b0: Sending  in S 3: syn 0, ack 1, eack 0, rst 0, seq_nr 25680, ack_nr 53997, packet_len 256 (251)
[0;0m[0;34mcsp_sfp_send_own_memcpy: 21:10, sending at 0x55f5ac5afe55 size 243
[0;0m[0;34mRDP 0x55f5ac5a20b0: Waiting for window update before sending seq 25681
[0;0m[0;34mRDP 0x55f5ac5a20b0: Received in S 3: syn 0, ack 1, eack 0, rst 0, seq_nr 53998, ack_nr 25679, packet_len 5 (0)
[0;0m[0;34mRDP 0x55f5ac5a20b0: TX Element Free, time 24018891, seq 25677, una 25680
[0;0m[0;34mRDP 0x55f5ac5a20b0: TX Element Free, time 24018892, seq 25678, una 25680
[0;0m[0;34mRDP 0x55f5ac5a20b0: TX Element Free, time 24018892, seq 25679, una 25680
[0;0m[0;34mRDP 0x55f5ac5a20b0: Wake Tx task (check timeouts)
[0;0m[0;34mRDP 0x55f5ac5a20b0: Sending  in S 3: syn 0, ack 1, eack 0, rst 0, seq_nr 25681, ack_nr 53997, packet_len 256 (251)
[0;0m[0;34mcsp_sfp_send_own_memcpy: 21:10, sending at 0x55f5ac5aff48 size 243
[0;0m[0;34mRDP 0x55f5ac5a20b0: Sending  in S 3: syn 0, ack 1, eack 0, rst 0, seq_nr 25682, ack_nr 53997, packet_len 256 (251)
[0;0m[0;34mcsp_sfp_send_own_memcpy: 21:10, sending at 0x55f5ac5b003b size 117
[0;0m[0;34mRDP 0x55f5ac5a20b0: Sending  in S 3: syn 0, ack 1, eack 0, rst 0, seq_nr 25683, ack_nr 53997, packet_len 130 (125)
[0;0m[0;34mRDP 0x55f5ac5a20b0: Received in S 3: syn 0, ack 1, eack 0, rst 0, seq_nr 53998, ack_nr 25682, packet_len 5 (0)
[0;0m[0;34mRDP 0x55f5ac5a20b0: TX Element Free, time 24018892, seq 25680, una 25683
[0;0m[0;34mRDP 0x55f5ac5a20b0: TX Element Free, time 24018892, seq 25681, una 25683
[0;0m[0;34mRDP 0x55f5ac5a20b0: TX Element Free, time 24018892, seq 25682, una 25683
[0;0m[0;34mRDP 0x55f5ac5a20b0: Wake Tx task (check timeouts)
[0;0m[0;34mRDP 0x55f5ac5a20b0: Received in S 3: syn 0, ack 1, eack 0, rst 0, seq_nr 53998, ack_nr 25683, packet_len 6 (1)
[0;0m[0;34mRDP 0x55f5ac5a20b0: TX Element Free, time 24018892, seq 25683, una 25684
[0;0m[0;34mRDP 0x55f5ac5a20b0: Wake Tx task (check timeouts)
[0;0mSENT bundle=101 n=64 bytes=2304 send_time_ms=20.355
[0;34mcsp_sfp_send_own_memcpy: 21:10, sending at 0x55f5ac5af7b0 size 243
[0;0m[0;34mRDP 0x55f5ac5a20b0: Sending  in S 3: syn 0, ack 1, eack 0, rst 0, seq_nr 25684, ack_nr 53998, packet_len 256 (251)
[0;0m[0;34mcsp_sfp_send_own_memcpy: 21:10, sending at 0x55f5ac5af8a3 size 243
[0;0m[0;34mRDP 0x55f5ac5a20b0: Sending  in S 3: syn 0, ack 1, eack 0, rst 0, seq_nr 25685, ack_nr 53998, packet_len 256 (251)
[0;0m[0;34mcsp_sfp_send_own_memcpy: 21:10, sending at 0x55f5ac5af996 size 243
[0;0m[0;34mRDP 0x55f5ac5a20b0: Sending  in S 3: syn 0, ack 1, eack 0, rst 0, seq_nr 25686, ack_nr 53998, packet_len 256 (251)
[0;0m[0;34mcsp_sfp_send_own_memcpy: 21:10, sending at 0x55f5ac5afa89 size 243
[0;0m[0;34mRDP 0x55f5ac5a20b0: Sending  in S 3: syn 0, ack 1, eack 0, rst 0, seq_nr 25687, ack_nr 53998, packet_len 256 (251)
[0;0m[0;34mcsp_sfp_send_own_memcpy: 21:10, sending at 0x55f5ac5afb7c size 243
[0;0m[0;34mRDP 0x55f5ac5a20b0: Waiting for window update before sending seq 25688
[0;0m[0;34mRDP 0x55f5ac5a20b0: Waiting for window update before sending seq 25688
[0;0m[0;34mRDP 0x55f5ac5a20b0: Received in S 3: syn 0, ack 1, eack 0, rst 0, seq_nr 53999, ack_nr 25685, packet_len 5 (0)
[0;0m[0;34mRDP 0x55f5ac5a20b0: TX Element Free, time 24018909, seq 25684, una 25686
[0;0m[0;34mRDP 0x55f5ac5a20b0: TX Element Free, time 24018909, seq 25685, una 25686
[0;0m[0;34mRDP 0x55f5ac5a20b0: Wake Tx task (check timeouts)
[0;0m[0;34mRDP 0x55f5ac5a20b0: Sending  in S 3: syn 0, ack 1, eack 0, rst 0, seq_nr 25688, ack_nr 53998, packet_len 256 (251)
[0;0m[0;34mcsp_sfp_send_own_memcpy: 21:10, sending at 0x55f5ac5afc6f size 243
[0;0m[0;34mRDP 0x55f5ac5a20b0: Sending  in S 3: syn 0, ack 1, eack 0, rst 0, seq_nr 25689, ack_nr 53998, packet_len 256 (251)
[0;0m[0;34mcsp_sfp_send_own_memcpy: 21:10, sending at 0x55f5ac5afd62 size 243
[0;0m[0;34mRDP 0x55f5ac5a20b0: Waiting for window update before sending seq 25690
[0;0m[0;34mRDP 0x55f5ac5a20b0: Received in S 3: syn 0, ack 1, eack 0, rst 0, seq_nr 53999, ack_nr 25688, packet_len 5 (0)
[0;0m[0;34mRDP 0x55f5ac5a20b0: TX Element Free, time 24018909, seq 25686, una 25689
[0;0m[0;34mRDP 0x55f5ac5a20b0: TX Element Free, time 24018909, seq 25687, una 25689
[0;0m[0;34mRDP 0x55f5ac5a20b0: TX Element Free, time 24018909, seq 25688, una 25689
[0;0m[0;34mRDP 0x55f5ac5a20b0: Wake Tx task (check timeouts)
[0;0m[0;34mRDP 0x55f5ac5a20b0: Sending  in S 3: syn 0, ack 1, eack 0, rst 0, seq_nr 25690, ack_nr 53998, packet_len 256 (251)
[0;0m[0;34mcsp_sfp_send_own_memcpy: 21:10, sending at 0x55f5ac5afe55 size 243
[0;0m[0;34mRDP 0x55f5ac5a20b0: Sending  in S 3: syn 0, ack 1, eack 0, rst 0, seq_nr 25691, ack_nr 53998, packet_len 256 (251)
[0;0m[0;34mcsp_sfp_send_own_memcpy: 21:10, sending at 0x55f5ac5aff48 size 243
[0;0m[0;34mRDP 0x55f5ac5a20b0: Sending  in S 3: syn 0, ack 1, eack 0, rst 0, seq_nr 25692, ack_nr 53998, packet_len 256 (251)
[0;0m[0;34mcsp_sfp_send_own_memcpy: 21:10, sending at 0x55f5ac5b003b size 117
[0;0m[0;34mRDP 0x55f5ac5a20b0: Waiting for window update before sending seq 25693
[0;0m[0;34mRDP 0x55f5ac5a20b0: Received in S 3: syn 0, ack 1, eack 0, rst 0, seq_nr 53999, ack_nr 25691, packet_len 5 (0)
[0;0m[0;34mRDP 0x55f5ac5a20b0: TX Element Free, time 24018909, seq 25689, una 25692
[0;0m[0;34mRDP 0x55f5ac5a20b0: TX Element Free, time 24018909, seq 25690, una 25692
[0;0m[0;34mRDP 0x55f5ac5a20b0: TX Element Free, time 24018909, seq 25691, una 25692
[0;0m[0;34mRDP 0x55f5ac5a20b0: Wake Tx task (check timeouts)
[0;0m[0;34mRDP 0x55f5ac5a20b0: Sending  in S 3: syn 0, ack 1, eack 0, rst 0, seq_nr 25693, ack_nr 53998, packet_len 130 (125)
[0;0m[0;34mRDP 0x55f5ac5a20b0: Received in S 3: syn 0, ack 1, eack 0, rst 1, seq_nr 53999, ack_nr 25693, packet_len 5 (0)
[0;0m[0;34mRDP 0x55f5ac5a20b0: Received RST in sequence, no more data incoming, reply with RST
[0;0m[0;34mRDP 0x55f5ac5a20b0: Send CMP S 4: syn 0, ack 1, eack 0, rst 1, seq_nr 25694, ack_nr 53998, packet_len 5 (0)
[0;0m[0;34mRDP 0x55f5ac5a20b0: csp_rdp_close(0x2), waiting for: userspace timeout
[0;0m[0;34mRDP 0x55f5ac5a20b0: csp_rdp_close(0x1), waiting for: timeout
[0;0m[0;34mRDP 0x55f5ac5a2138: Active connect, conn state 0
[0;0m[0;34mRDP 0x55f5ac5a2138: AC: Sending SYN
[0;0m[0;34mRDP 0x55f5ac5a2138: Send CMP S 1: syn 1, ack 0, eack 0, rst 0, seq_nr 59768, ack_nr     0, packet_len 29 (24)
[0;0m[0;34mRDP 0x55f5ac5a2138: AC: Waiting for SYN/ACK reply...
[0;0m[0;34mRDP 0x55f5ac5a2138: Received in S 1: syn 1, ack 1, eack 0, rst 0, seq_nr 29838, ack_nr 59768, packet_len 5 (0)
[0;0m[0;34mRDP 0x55f5ac5a2138: NP: Connection OPEN
[0;0m[0;34mRDP 0x55f5ac5a2138: Send CMP S 3: syn 0, ack 1, eack 0, rst 0, seq_nr 59769, ack_nr 29838, packet_len 5 (0)
[0;0m[0;34mRDP 0x55f5ac5a2138: Wake Tx task (ack)
[0;0m[0;34mRDP 0x55f5ac5a2138: TX Element Free, time 24018911, seq 59768, una 59769
[0;0m[0;34mRDP 0x55f5ac5a2138: Wake Tx task (check timeouts)
[0;0m[0;34mRDP 0x55f5ac5a2138: AC: Connection OPEN
[0;0m[0;34mcsp_sfp_send_own_memcpy: 21:10, sending at 0x55f5ac5af7b0 size 243
[0;0m[0;34mRDP 0x55f5ac5a2138: Sending  in S 3: syn 0, ack 1, eack 0, rst 0, seq_nr 59769, ack_nr 29838, packet_len 256 (251)
[0;0m[0;34mcsp_sfp_send_own_memcpy: 21:10, sending at 0x55f5ac5af8a3 size 243
[0;0m[0;34mRDP 0x55f5ac5a2138: Sending  in S 3: syn 0, ack 1, eack 0, rst 0, seq_nr 59770, ack_nr 29838, packet_len 256 (251)
[0;0m[0;34mcsp_sfp_send_own_memcpy: 21:10, sending at 0x55f5ac5af996 size 243
[0;0m[0;34mRDP 0x55f5ac5a2138: Sending  in S 3: syn 0, ack 1, eack 0, rst 0, seq_nr 59771, ack_nr 29838, packet_len 256 (251)
[0;0m[0;34mcsp_sfp_send_own_memcpy: 21:10, sending at 0x55f5ac5afa89 size 243
[0;0m[0;34mRDP 0x55f5ac5a2138: Sending  in S 3: syn 0, ack 1, eack 0, rst 0, seq_nr 59772, ack_nr 29838, packet_len 256 (251)
[0;0m[0;34mcsp_sfp_send_own_memcpy: 21:10, sending at 0x55f5ac5afb7c size 243
[0;0m[0;34mRDP 0x55f5ac5a2138: Waiting for window update before sending seq 59773
[0;0m[0;34mRDP 0x55f5ac5a2138: Received in S 3: syn 0, ack 1, eack 0, rst 0, seq_nr 29839, ack_nr 59771, packet_len 5 (0)
[0;0m[0;34mRDP 0x55f5ac5a2138: TX Element Free, time 24018912, seq 59769, una 59772
[0;0m[0;34mRDP 0x55f5ac5a2138: TX Element Free, time 24018912, seq 59770, una 59772
[0;0m[0;34mRDP 0x55f5ac5a2138: TX Element Free, time 24018912, seq 59771, una 59772
[0;0m[0;34mRDP 0x55f5ac5a2138: Wake Tx task (check timeouts)
[0;0m[0;34mRDP 0x55f5ac5a2138: Sending  in S 3: syn 0, ack 1, eack 0, rst 0, seq_nr 59773, ack_nr 29838, packet_len 256 (251)
[0;0m[0;34mcsp_sfp_send_own_memcpy: 21:10, sending at 0x55f5ac5afc6f size 243
[0;0m[0;34mRDP 0x55f5ac5a2138: Sending  in S 3: syn 0, ack 1, eack 0, rst 0, seq_nr 59774, ack_nr 29838, packet_len 256 (251)
[0;0m[0;34mcsp_sfp_send_own_memcpy: 21:10, sending at 0x55f5ac5afd62 size 243
[0;0m[0;34mRDP 0x55f5ac5a2138: Sending  in S 3: syn 0, ack 1, eack 0, rst 0, seq_nr 59775, ack_nr 29838, packet_len 256 (251)
[0;0m[0;34mcsp_sfp_send_own_memcpy: 21:10, sending at 0x55f5ac5afe55 size 243
[0;0m[0;34mRDP 0x55f5ac5a2138: Waiting for window update before sending seq 59776
[0;0m[0;34mRDP 0x55f5ac5a2138: Received in S 3: syn 0, ack 1, eack 0, rst 0, seq_nr 29839, ack_nr 59774, packet_len 5 (0)
[0;0m[0;34mRDP 0x55f5ac5a2138: TX Element Free, time 24018912, seq 59772, una 59775
[0;0m[0;34mRDP 0x55f5ac5a2138: TX Element Free, time 24018912, seq 59773, una 59775
[0;0m[0;34mRDP 0x55f5ac5a2138: TX Element Free, time 24018912, seq 59774, una 59775
[0;0m[0;34mRDP 0x55f5ac5a2138: Wake Tx task (check timeouts)
[0;0m[0;34mRDP 0x55f5ac5a2138: Sending  in S 3: syn 0, ack 1, eack 0, rst 0, seq_nr 59776, ack_nr 29838, packet_len 256 (251)
[0;0m[0;34mcsp_sfp_send_own_memcpy: 21:10, sending at 0x55f5ac5aff48 size 243
[0;0m[0;34mRDP 0x55f5ac5a2138: Sending  in S 3: syn 0, ack 1, eack 0, rst 0, seq_nr 59777, ack_nr 29838, packet_len 256 (251)
[0;0m[0;34mcsp_sfp_send_own_memcpy: 21:10, sending at 0x55f5ac5b003b size 117
[0;0m[0;34mRDP 0x55f5ac5a2138: Sending  in S 3: syn 0, ack 1, eack 0, rst 0, seq_nr 59778, ack_nr 29838, packet_len 130 (125)
[0;0m[0;34mRDP 0x55f5ac5a2138: Received in S 3: syn 0, ack 1, eack 0, rst 0, seq_nr 29839, ack_nr 59777, packet_len 5 (0)
[0;0m[0;34mRDP 0x55f5ac5a2138: TX Element Free, time 24018912, seq 59775, una 59778
[0;0m[0;34mRDP 0x55f5ac5a2138: TX Element Free, time 24018913, seq 59776, una 59778
[0;0m[0;34mRDP 0x55f5ac5a2138: TX Element Free, time 24018913, seq 59777, una 59778
[0;0m[0;34mRDP 0x55f5ac5a2138: Wake Tx task (check timeouts)
[0;0m[0;34mRDP 0x55f5ac5a2138: Received in S 3: syn 0, ack 1, eack 0, rst 0, seq_nr 29839, ack_nr 59778, packet_len 6 (1)
[0;0m[0;34mRDP 0x55f5ac5a2138: TX Element Free, time 24018913, seq 59778, una 59779
[0;0m[0;34mRDP 0x55f5ac5a2138: Wake Tx task (check timeouts)
[0;0mSENT bundle=102 n=64 bytes=2304 send_time_ms=21.291
[0;34mcsp_sfp_send_own_memcpy: 21:10, sending at 0x55f5ac5af7b0 size 243
[0;0m[0;34mRDP 0x55f5ac5a2138: Sending  in S 3: syn 0, ack 1, eack 0, rst 0, seq_nr 59779, ack_nr 29839, packet_len 256 (251)
[0;0m[0;34mcsp_sfp_send_own_memcpy: 21:10, sending at 0x55f5ac5af8a3 size 243
[0;0m[0;34mRDP 0x55f5ac5a2138: Sending  in S 3: syn 0, ack 1, eack 0, rst 0, seq_nr 59780, ack_nr 29839, packet_len 256 (251)
[0;0m[0;34mcsp_sfp_send_own_memcpy: 21:10, sending at 0x55f5ac5af996 size 243
[0;0m[0;34mRDP 0x55f5ac5a2138: Sending  in S 3: syn 0, ack 1, eack 0, rst 0, seq_nr 59781, ack_nr 29839, packet_len 256 (251)
[0;0m[0;34mRDP 0x55f5ac5a2138: Received in S 3: syn 0, ack 1, eack 0, rst 0, seq_nr 29840, ack_nr 59780, packet_len 5 (0)
[0;0m[0;34mRDP 0x55f5ac5a2138: TX Element Free, time 24018930, seq 59779, una 59781
[0;0m[0;34mRDP 0x55f5ac5a2138: TX Element Free, time 24018930, seq 59780, una 59781
[0;0m[0;34mRDP 0x55f5ac5a2138: Wake Tx task (check timeouts)
[0;0m[0;34mcsp_sfp_send_own_memcpy: 21:10, sending at 0x55f5ac5afa89 size 243
[0;0m[0;34mRDP 0x55f5ac5a2138: Sending  in S 3: syn 0, ack 1, eack 0, rst 0, seq_nr 59782, ack_nr 29839, packet_len 256 (251)
[0;0m[0;34mcsp_sfp_send_own_memcpy: 21:10, sending at 0x55f5ac5afb7c size 243
[0;0m[0;34mRDP 0x55f5ac5a2138: Sending  in S 3: syn 0, ack 1, eack 0, rst 0, seq_nr 59783, ack_nr 29839, packet_len 256 (251)
[0;0m[0;34mcsp_sfp_send_own_memcpy: 21:10, sending at 0x55f5ac5afc6f size 243
[0;0m[0;34mRDP 0x55f5ac5a2138: Sending  in S 3: syn 0, ack 1, eack 0, rst 0, seq_nr 59784, ack_nr 29839, packet_len 256 (251)
[0;0m[0;34mcsp_sfp_send_own_memcpy: 21:10, sending at 0x55f5ac5afd62 size 243
[0;0m[0;34mRDP 0x55f5ac5a2138: Waiting for window update before sending seq 59785
[0;0m[0;34mRDP 0x55f5ac5a2138: Waiting for window update before sending seq 59785
[0;0m[0;34mRDP 0x55f5ac5a2138: Received in S 3: syn 0, ack 1, eack 0, rst 0, seq_nr 29840, ack_nr 59783, packet_len 5 (0)
[0;0m[0;34mRDP 0x55f5ac5a2138: TX Element Free, time 24018930, seq 59781, una 59784
[0;0m[0;34mRDP 0x55f5ac5a2138: TX Element Free, time 24018931, seq 59782, una 59784
[0;0m[0;34mRDP 0x55f5ac5a2138: TX Element Free, time 24018931, seq 59783, una 59784
[0;0m[0;34mRDP 0x55f5ac5a2138: Wake Tx task (check timeouts)
[0;0m[0;34mRDP 0x55f5ac5a2138: Sending  in S 3: syn 0, ack 1, eack 0, rst 0, seq_nr 59785, ack_nr 29839, packet_len 256 (251)
[0;0m[0;34mcsp_sfp_send_own_memcpy: 21:10, sending at 0x55f5ac5afe55 size 243
[0;0m[0;34mRDP 0x55f5ac5a2138: Sending  in S 3: syn 0, ack 1, eack 0, rst 0, seq_nr 59786, ack_nr 29839, packet_len 256 (251)
[0;0m[0;34mcsp_sfp_send_own_memcpy: 21:10, sending at 0x55f5ac5aff48 size 243
[0;0m[0;34mRDP 0x55f5ac5a2138: Sending  in S 3: syn 0, ack 1, eack 0, rst 0, seq_nr 59787, ack_nr 29839, packet_len 256 (251)
[0;0m[0;34mcsp_sfp_send_own_memcpy: 21:10, sending at 0x55f5ac5b003b size 117
[0;0m[0;34mRDP 0x55f5ac5a2138: Waiting for window update before sending seq 59788
[0;0m[0;34mRDP 0x55f5ac5a2138: Received in S 3: syn 0, ack 1, eack 0, rst 0, seq_nr 29840, ack_nr 59786, packet_len 5 (0)
[0;0m[0;34mRDP 0x55f5ac5a2138: TX Element Free, time 24018931, seq 59784, una 59787
[0;0m[0;34mRDP 0x55f5ac5a2138: TX Element Free, time 24018931, seq 59785, una 59787
[0;0m[0;34mRDP 0x55f5ac5a2138: TX Element Free, time 24018931, seq 59786, una 59787
[0;0m[0;34mRDP 0x55f5ac5a2138: Wake Tx task (check timeouts)
[0;0m[0;34mRDP 0x55f5ac5a2138: Sending  in S 3: syn 0, ack 1, eack 0, rst 0, seq_nr 59788, ack_nr 29839, packet_len 130 (125)
[0;0m[0;34mRDP 0x55f5ac5a2138: Received in S 3: syn 0, ack 1, eack 0, rst 1, seq_nr 29840, ack_nr 59788, packet_len 5 (0)
[0;0m[0;34mRDP 0x55f5ac5a2138: Received RST in sequence, no more data incoming, reply with RST
[0;0m[0;34mRDP 0x55f5ac5a2138: Send CMP S 4: syn 0, ack 1, eack 0, rst 1, seq_nr 59789, ack_nr 29839, packet_len 5 (0)
[0;0m[0;34mRDP 0x55f5ac5a2138: csp_rdp_close(0x2), waiting for: userspace timeout
[0;0m[0;34mRDP 0x55f5ac5a2138: csp_rdp_close(0x1), waiting for: timeout
[0;0m[0;34mRDP 0x55f5ac5a21c0: Active connect, conn state 0
[0;0m[0;34mRDP 0x55f5ac5a21c0: AC: Sending SYN
[0;0m[0;34mRDP 0x55f5ac5a21c0: Send CMP S 1: syn 1, ack 0, eack 0, rst 0, seq_nr 35804, ack_nr     0, packet_len 29 (24)
[0;0m[0;34mRDP 0x55f5ac5a21c0: AC: Waiting for SYN/ACK reply...
[0;0m[0;34mRDP 0x55f5ac5a21c0: Received in S 1: syn 1, ack 1, eack 0, rst 0, seq_nr 45072, ack_nr 35804, packet_len 5 (0)
[0;0m[0;34mRDP 0x55f5ac5a21c0: NP: Connection OPEN
[0;0m[0;34mRDP 0x55f5ac5a21c0: Send CMP S 3: syn 0, ack 1, eack 0, rst 0, seq_nr 35805, ack_nr 45072, packet_len 5 (0)
[0;0m[0;34mRDP 0x55f5ac5a21c0: Wake Tx task (ack)
[0;0m[0;34mRDP 0x55f5ac5a21c0: TX Element Free, time 24018932, seq 35804, una 35805
[0;0m[0;34mRDP 0x55f5ac5a21c0: Wake Tx task (check timeouts)
[0;0m[0;34mRDP 0x55f5ac5a21c0: AC: Connection OPEN
[0;0m[0;34mcsp_sfp_send_own_memcpy: 21:10, sending at 0x55f5ac5af7b0 size 243
[0;0m[0;34mRDP 0x55f5ac5a21c0: Sending  in S 3: syn 0, ack 1, eack 0, rst 0, seq_nr 35805, ack_nr 45072, packet_len 256 (251)
[0;0m[0;34mcsp_sfp_send_own_memcpy: 21:10, sending at 0x55f5ac5af8a3 size 243
[0;0m[0;34mRDP 0x55f5ac5a21c0: Sending  in S 3: syn 0, ack 1, eack 0, rst 0, seq_nr 35806, ack_nr 45072, packet_len 256 (251)
[0;0m[0;34mcsp_sfp_send_own_memcpy: 21:10, sending at 0x55f5ac5af996 size 243
[0;0m[0;34mRDP 0x55f5ac5a21c0: Sending  in S 3: syn 0, ack 1, eack 0, rst 0, seq_nr 35807, ack_nr 45072, packet_len 256 (251)
[0;0m[0;34mcsp_sfp_send_own_memcpy: 21:10, sending at 0x55f5ac5afa89 size 243
[0;0m[0;34mRDP 0x55f5ac5a21c0: Sending  in S 3: syn 0, ack 1, eack 0, rst 0, seq_nr 35808, ack_nr 45072, packet_len 256 (251)
[0;0m[0;34mcsp_sfp_send_own_memcpy: 21:10, sending at 0x55f5ac5afb7c size 243
[0;0m[0;34mRDP 0x55f5ac5a21c0: Waiting for window update before sending seq 35809
[0;0m[0;34mRDP 0x55f5ac5a21c0: Received in S 3: syn 0, ack 1, eack 0, rst 0, seq_nr 45073, ack_nr 35807, packet_len 5 (0)
[0;0m[0;34mRDP 0x55f5ac5a21c0: TX Element Free, time 24018933, seq 35805, una 35808
[0;0m[0;34mRDP 0x55f5ac5a21c0: TX Element Free, time 24018933, seq 35806, una 35808
[0;0m[0;34mRDP 0x55f5ac5a21c0: TX Element Free, time 24018933, seq 35807, una 35808
[0;0m[0;34mRDP 0x55f5ac5a21c0: Wake Tx task (check timeouts)
[0;0m[0;34mRDP 0x55f5ac5a21c0: Sending  in S 3: syn 0, ack 1, eack 0, rst 0, seq_nr 35809, ack_nr 45072, packet_len 256 (251)
[0;0m[0;34mcsp_sfp_send_own_memcpy: 21:10, sending at 0x55f5ac5afc6f size 243
[0;0m[0;34mRDP 0x55f5ac5a21c0: Sending  in S 3: syn 0, ack 1, eack 0, rst 0, seq_nr 35810, ack_nr 45072, packet_len 256 (251)
[0;0m[0;34mcsp_sfp_send_own_memcpy: 21:10, sending at 0x55f5ac5afd62 size 243
[0;0m[0;34mRDP 0x55f5ac5a21c0: Sending  in S 3: syn 0, ack 1, eack 0, rst 0, seq_nr 35811, ack_nr 45072, packet_len 256 (251)
[0;0m[0;34mcsp_sfp_send_own_memcpy: 21:10, sending at 0x55f5ac5afe55 size 243
[0;0m[0;34mRDP 0x55f5ac5a21c0: Waiting for window update before sending seq 35812
[0;0m[0;34mRDP 0x55f5ac5a21c0: Received in S 3: syn 0, ack 1, eack 0, rst 0, seq_nr 45073, ack_nr 35810, packet_len 5 (0)
[0;0m[0;34mRDP 0x55f5ac5a21c0: TX Element Free, time 24018933, seq 35808, una 35811
[0;0m[0;34mRDP 0x55f5ac5a21c0: TX Element Free, time 24018933, seq 35809, una 35811
[0;0m[0;34mRDP 0x55f5ac5a21c0: TX Element Free, time 24018933, seq 35810, una 35811
[0;0m[0;34mRDP 0x55f5ac5a21c0: Wake Tx task (check timeouts)
[0;0m[0;34mRDP 0x55f5ac5a21c0: Sending  in S 3: syn 0, ack 1, eack 0, rst 0, seq_nr 35812, ack_nr 45072, packet_len 256 (251)
[0;0m[0;34mcsp_sfp_send_own_memcpy: 21:10, sending at 0x55f5ac5aff48 size 243
[0;0m[0;34mRDP 0x55f5ac5a21c0: Sending  in S 3: syn 0, ack 1, eack 0, rst 0, seq_nr 35813, ack_nr 45072, packet_len 256 (251)
[0;0m[0;34mcsp_sfp_send_own_memcpy: 21:10, sending at 0x55f5ac5b003b size 117
[0;0m[0;34mRDP 0x55f5ac5a21c0: Sending  in S 3: syn 0, ack 1, eack 0, rst 0, seq_nr 35814, ack_nr 45072, packet_len 130 (125)
[0;0m[0;34mRDP 0x55f5ac5a21c0: Received in S 3: syn 0, ack 1, eack 0, rst 0, seq_nr 45073, ack_nr 35813, packet_len 5 (0)
[0;0m[0;34mRDP 0x55f5ac5a21c0: TX Element Free, time 24018933, seq 35811, una 35814
[0;0m[0;34mRDP 0x55f5ac5a21c0: TX Element Free, time 24018934, seq 35812, una 35814
[0;0m[0;34mRDP 0x55f5ac5a21c0: TX Element Free, time 24018934, seq 35813, una 35814
[0;0m[0;34mRDP 0x55f5ac5a21c0: Wake Tx task (check timeouts)
[0;0m[0;34mRDP 0x55f5ac5a21c0: Received in S 3: syn 0, ack 1, eack 0, rst 0, seq_nr 45073, ack_nr 35814, packet_len 6 (1)
[0;0m[0;34mRDP 0x55f5ac5a21c0: TX Element Free, time 24018934, seq 35814, una 35815
[0;0m[0;34mRDP 0x55f5ac5a21c0: Wake Tx task (check timeouts)
[0;0mSENT bundle=103 n=64 bytes=2304 send_time_ms=20.396
[0;34mcsp_sfp_send_own_memcpy: 21:10, sending at 0x55f5ac5af7b0 size 243
[0;0m[0;34mRDP 0x55f5ac5a21c0: Sending  in S 3: syn 0, ack 1, eack 0, rst 0, seq_nr 35815, ack_nr 45073, packet_len 256 (251)
[0;0m[0;34mcsp_sfp_send_own_memcpy: 21:10, sending at 0x55f5ac5af8a3 size 243
[0;0m[0;34mRDP 0x55f5ac5a21c0: Sending  in S 3: syn 0, ack 1, eack 0, rst 0, seq_nr 35816, ack_nr 45073, packet_len 256 (251)
[0;0m[0;34mcsp_sfp_send_own_memcpy: 21:10, sending at 0x55f5ac5af996 size 243
[0;0m[0;34mRDP 0x55f5ac5a21c0: Sending  in S 3: syn 0, ack 1, eack 0, rst 0, seq_nr 35817, ack_nr 45073, packet_len 256 (251)
[0;0m[0;34mcsp_sfp_send_own_memcpy: 21:10, sending at 0x55f5ac5afa89 size 243
[0;0m[0;34mRDP 0x55f5ac5a21c0: Sending  in S 3: syn 0, ack 1, eack 0, rst 0, seq_nr 35818, ack_nr 45073, packet_len 256 (251)
[0;0m[0;34mcsp_sfp_send_own_memcpy: 21:10, sending at 0x55f5ac5afb7c size 243
[0;0m[0;34mRDP 0x55f5ac5a21c0: Waiting for window update before sending seq 35819
[0;0m[0;34mRDP 0x55f5ac5a21c0: Waiting for window update before sending seq 35819
[0;0m[0;34mRDP 0x55f5ac5a21c0: Received in S 3: syn 0, ack 1, eack 0, rst 0, seq_nr 45074, ack_nr 35816, packet_len 5 (0)
[0;0m[0;34mRDP 0x55f5ac5a21c0: TX Element Free, time 24018950, seq 35815, una 35817
[0;0m[0;34mRDP 0x55f5ac5a21c0: TX Element Free, time 24018951, seq 35816, una 35817
[0;0m[0;34mRDP 0x55f5ac5a21c0: Wake Tx task (check timeouts)
[0;0m[0;34mRDP 0x55f5ac5a21c0: Sending  in S 3: syn 0, ack 1, eack 0, rst 0, seq_nr 35819, ack_nr 45073, packet_len 256 (251)
[0;0m[0;34mcsp_sfp_send_own_memcpy: 21:10, sending at 0x55f5ac5afc6f size 243
[0;0m[0;34mRDP 0x55f5ac5a21c0: Sending  in S 3: syn 0, ack 1, eack 0, rst 0, seq_nr 35820, ack_nr 45073, packet_len 256 (251)
[0;0m[0;34mcsp_sfp_send_own_memcpy: 21:10, sending at 0x55f5ac5afd62 size 243
[0;0m[0;34mRDP 0x55f5ac5a21c0: Waiting for window update before sending seq 35821
[0;0m[0;34mRDP 0x55f5ac5a21c0: Received in S 3: syn 0, ack 1, eack 0, rst 0, seq_nr 45074, ack_nr 35819, packet_len 5 (0)
[0;0m[0;34mRDP 0x55f5ac5a21c0: TX Element Free, time 24018951, seq 35817, una 35820
[0;0m[0;34mRDP 0x55f5ac5a21c0: TX Element Free, time 24018951, seq 35818, una 35820
[0;0m[0;34mRDP 0x55f5ac5a21c0: TX Element Free, time 24018951, seq 35819, una 35820
[0;0m[0;34mRDP 0x55f5ac5a21c0: Wake Tx task (check timeouts)
[0;0m[0;34mRDP 0x55f5ac5a21c0: Sending  in S 3: syn 0, ack 1, eack 0, rst 0, seq_nr 35821, ack_nr 45073, packet_len 256 (251)
[0;0m[0;34mcsp_sfp_send_own_memcpy: 21:10, sending at 0x55f5ac5afe55 size 243
[0;0m[0;34mRDP 0x55f5ac5a21c0: Sending  in S 3: syn 0, ack 1, eack 0, rst 0, seq_nr 35822, ack_nr 45073, packet_len 256 (251)
[0;0m[0;34mcsp_sfp_send_own_memcpy: 21:10, sending at 0x55f5ac5aff48 size 243
[0;0m[0;34mRDP 0x55f5ac5a21c0: Sending  in S 3: syn 0, ack 1, eack 0, rst 0, seq_nr 35823, ack_nr 45073, packet_len 256 (251)
[0;0m[0;34mcsp_sfp_send_own_memcpy: 21:10, sending at 0x55f5ac5b003b size 117
[0;0m[0;34mRDP 0x55f5ac5a21c0: Waiting for window update before sending seq 35824
[0;0m[0;34mRDP 0x55f5ac5a21c0: Received in S 3: syn 0, ack 1, eack 0, rst 0, seq_nr 45074, ack_nr 35822, packet_len 5 (0)
[0;0m[0;34mRDP 0x55f5ac5a21c0: TX Element Free, time 24018951, seq 35820, una 35823
[0;0m[0;34mRDP 0x55f5ac5a21c0: TX Element Free, time 24018951, seq 35821, una 35823
[0;0m[0;34mRDP 0x55f5ac5a21c0: TX Element Free, time 24018951, seq 35822, una 35823
[0;0m[0;34mRDP 0x55f5ac5a21c0: Wake Tx task (check timeouts)
[0;0m[0;34mRDP 0x55f5ac5a21c0: Sending  in S 3: syn 0, ack 1, eack 0, rst 0, seq_nr 35824, ack_nr 45073, packet_len 130 (125)
[0;0m[0;34mRDP 0x55f5ac5a21c0: Received in S 3: syn 0, ack 1, eack 0, rst 1, seq_nr 45074, ack_nr 35824, packet_len 5 (0)
[0;0m[0;34mRDP 0x55f5ac5a21c0: Received RST in sequence, no more data incoming, reply with RST
[0;0m[0;34mRDP 0x55f5ac5a21c0: Send CMP S 4: syn 0, ack 1, eack 0, rst 1, seq_nr 35825, ack_nr 45073, packet_len 5 (0)
[0;0m[0;34mRDP 0x55f5ac5a21c0: csp_rdp_close(0x2), waiting for: userspace timeout
[0;0m[0;34mRDP 0x55f5ac5a21c0: csp_rdp_close(0x1), waiting for: timeout
[0;0m[0;34mRDP 0x55f5ac5a2248: Active connect, conn state 0
[0;0m[0;34mRDP 0x55f5ac5a2248: AC: Sending SYN
[0;0m[0;34mRDP 0x55f5ac5a2248: Send CMP S 1: syn 1, ack 0, eack 0, rst 0, seq_nr 30288, ack_nr     0, packet_len 29 (24)
[0;0m[0;34mRDP 0x55f5ac5a2248: AC: Waiting for SYN/ACK reply...
[0;0m[0;34mRDP 0x55f5ac5a2248: Received in S 1: syn 1, ack 1, eack 0, rst 0, seq_nr 20938, ack_nr 30288, packet_len 5 (0)
[0;0m[0;34mRDP 0x55f5ac5a2248: NP: Connection OPEN
[0;0m[0;34mRDP 0x55f5ac5a2248: Send CMP S 3: syn 0, ack 1, eack 0, rst 0, seq_nr 30289, ack_nr 20938, packet_len 5 (0)
[0;0m[0;34mRDP 0x55f5ac5a2248: Wake Tx task (ack)
[0;0m[0;34mRDP 0x55f5ac5a2248: TX Element Free, time 24018953, seq 30288, una 30289
[0;0m[0;34mRDP 0x55f5ac5a2248: Wake Tx task (check timeouts)
[0;0m[0;34mRDP 0x55f5ac5a2248: AC: Connection OPEN
[0;0m[0;34mcsp_sfp_send_own_memcpy: 21:10, sending at 0x55f5ac5af7b0 size 243
[0;0m[0;34mRDP 0x55f5ac5a2248: Sending  in S 3: syn 0, ack 1, eack 0, rst 0, seq_nr 30289, ack_nr 20938, packet_len 256 (251)
[0;0m[0;34mcsp_sfp_send_own_memcpy: 21:10, sending at 0x55f5ac5af8a3 size 243
[0;0m[0;34mRDP 0x55f5ac5a2248: Sending  in S 3: syn 0, ack 1, eack 0, rst 0, seq_nr 30290, ack_nr 20938, packet_len 256 (251)
[0;0m[0;34mcsp_sfp_send_own_memcpy: 21:10, sending at 0x55f5ac5af996 size 243
[0;0m[0;34mRDP 0x55f5ac5a2248: Sending  in S 3: syn 0, ack 1, eack 0, rst 0, seq_nr 30291, ack_nr 20938, packet_len 256 (251)
[0;0m[0;34mcsp_sfp_send_own_memcpy: 21:10, sending at 0x55f5ac5afa89 size 243
[0;0m[0;34mRDP 0x55f5ac5a2248: Sending  in S 3: syn 0, ack 1, eack 0, rst 0, seq_nr 30292, ack_nr 20938, packet_len 256 (251)
[0;0m[0;34mcsp_sfp_send_own_memcpy: 21:10, sending at 0x55f5ac5afb7c size 243
[0;0m[0;34mRDP 0x55f5ac5a2248: Waiting for window update before sending seq 30293
[0;0m[0;34mRDP 0x55f5ac5a2248: Received in S 3: syn 0, ack 1, eack 0, rst 0, seq_nr 20939, ack_nr 30291, packet_len 5 (0)
[0;0m[0;34mRDP 0x55f5ac5a2248: TX Element Free, time 24018953, seq 30289, una 30292
[0;0m[0;34mRDP 0x55f5ac5a2248: TX Element Free, time 24018953, seq 30290, una 30292
[0;0m[0;34mRDP 0x55f5ac5a2248: TX Element Free, time 24018953, seq 30291, una 30292
[0;0m[0;34mRDP 0x55f5ac5a2248: Wake Tx task (check timeouts)
[0;0m[0;34mRDP 0x55f5ac5a2248: Sending  in S 3: syn 0, ack 1, eack 0, rst 0, seq_nr 30293, ack_nr 20938, packet_len 256 (251)
[0;0m[0;34mcsp_sfp_send_own_memcpy: 21:10, sending at 0x55f5ac5afc6f size 243
[0;0m[0;34mRDP 0x55f5ac5a2248: Sending  in S 3: syn 0, ack 1, eack 0, rst 0, seq_nr 30294, ack_nr 20938, packet_len 256 (251)
[0;0m[0;34mcsp_sfp_send_own_memcpy: 21:10, sending at 0x55f5ac5afd62 size 243
[0;0m[0;34mRDP 0x55f5ac5a2248: Sending  in S 3: syn 0, ack 1, eack 0, rst 0, seq_nr 30295, ack_nr 20938, packet_len 256 (251)
[0;0m[0;34mRDP 0x55f5ac5a2248: Received in S 3: syn 0, ack 1, eack 0, rst 0, seq_nr 20939, ack_nr 30294, packet_len 5 (0)
[0;0m[0;34mRDP 0x55f5ac5a2248: TX Element Free, time 24018953, seq 30292, una 30295
[0;0m[0;34mRDP 0x55f5ac5a2248: TX Element Free, time 24018954, seq 30293, una 30295
[0;0m[0;34mRDP 0x55f5ac5a2248: TX Element Free, time 24018954, seq 30294, una 30295
[0;0m[0;34mRDP 0x55f5ac5a2248: Wake Tx task (check timeouts)
[0;0m[0;34mcsp_sfp_send_own_memcpy: 21:10, sending at 0x55f5ac5afe55 size 243
[0;0m[0;34mRDP 0x55f5ac5a2248: Sending  in S 3: syn 0, ack 1, eack 0, rst 0, seq_nr 30296, ack_nr 20938, packet_len 256 (251)
[0;0m[0;34mcsp_sfp_send_own_memcpy: 21:10, sending at 0x55f5ac5aff48 size 243
[0;0m[0;34mRDP 0x55f5ac5a2248: Sending  in S 3: syn 0, ack 1, eack 0, rst 0, seq_nr 30297, ack_nr 20938, packet_len 256 (251)
[0;0m[0;34mcsp_sfp_send_own_memcpy: 21:10, sending at 0x55f5ac5b003b size 117
[0;0m[0;34mRDP 0x55f5ac5a2248: Sending  in S 3: syn 0, ack 1, eack 0, rst 0, seq_nr 30298, ack_nr 20938, packet_len 130 (125)
[0;0m[0;34mRDP 0x55f5ac5a2248: Received in S 3: syn 0, ack 1, eack 0, rst 0, seq_nr 20939, ack_nr 30297, packet_len 5 (0)
[0;0m[0;34mRDP 0x55f5ac5a2248: TX Element Free, time 24018954, seq 30295, una 30298
[0;0m[0;34mRDP 0x55f5ac5a2248: TX Element Free, time 24018954, seq 30296, una 30298
[0;0m[0;34mRDP 0x55f5ac5a2248: TX Element Free, time 24018954, seq 30297, una 30298
[0;0m[0;34mRDP 0x55f5ac5a2248: Wake Tx task (check timeouts)
[0;0m[0;34mRDP 0x55f5ac5a2248: Received in S 3: syn 0, ack 1, eack 0, rst 0, seq_nr 20939, ack_nr 30298, packet_len 6 (1)
[0;0m[0;34mRDP 0x55f5ac5a2248: TX Element Free, time 24018954, seq 30298, una 30299
[0;0m[0;34mRDP 0x55f5ac5a2248: Wake Tx task (check timeouts)
[0;0mSENT bundle=104 n=64 bytes=2304 send_time_ms=20.259
[0;34mcsp_sfp_send_own_memcpy: 21:10, sending at 0x55f5ac5af7b0 size 243
[0;0m[0;34mRDP 0x55f5ac5a2248: Sending  in S 3: syn 0, ack 1, eack 0, rst 0, seq_nr 30299, ack_nr 20939, packet_len 256 (251)
[0;0m[0;34mcsp_sfp_send_own_memcpy: 21:10, sending at 0x55f5ac5af8a3 size 243
[0;0m[0;34mRDP 0x55f5ac5a2248: Sending  in S 3: syn 0, ack 1, eack 0, rst 0, seq_nr 30300, ack_nr 20939, packet_len 256 (251)
[0;0m[0;34mcsp_sfp_send_own_memcpy: 21:10, sending at 0x55f5ac5af996 size 243
[0;0m[0;34mRDP 0x55f5ac5a2248: Sending  in S 3: syn 0, ack 1, eack 0, rst 0, seq_nr 30301, ack_nr 20939, packet_len 256 (251)
[0;0m[0;34mcsp_sfp_send_own_memcpy: 21:10, sending at 0x55f5ac5afa89 size 243
[0;0m[0;34mRDP 0x55f5ac5a2248: Sending  in S 3: syn 0, ack 1, eack 0, rst 0, seq_nr 30302, ack_nr 20939, packet_len 256 (251)
[0;0m[0;34mcsp_sfp_send_own_memcpy: 21:10, sending at 0x55f5ac5afb7c size 243
[0;0m[0;34mRDP 0x55f5ac5a2248: Waiting for window update before sending seq 30303
[0;0m[0;34mRDP 0x55f5ac5a2248: Waiting for window update before sending seq 30303
[0;0m[0;34mRDP 0x55f5ac5a2248: Received in S 3: syn 0, ack 1, eack 0, rst 0, seq_nr 20940, ack_nr 30300, packet_len 5 (0)
[0;0m[0;34mRDP 0x55f5ac5a2248: TX Element Free, time 24018971, seq 30299, una 30301
[0;0m[0;34mRDP 0x55f5ac5a2248: TX Element Free, time 24018971, seq 30300, una 30301
[0;0m[0;34mRDP 0x55f5ac5a2248: Wake Tx task (check timeouts)
[0;0m[0;34mRDP 0x55f5ac5a2248: Sending  in S 3: syn 0, ack 1, eack 0, rst 0, seq_nr 30303, ack_nr 20939, packet_len 256 (251)
[0;0m[0;34mcsp_sfp_send_own_memcpy: 21:10, sending at 0x55f5ac5afc6f size 243
[0;0m[0;34mRDP 0x55f5ac5a2248: Sending  in S 3: syn 0, ack 1, eack 0, rst 0, seq_nr 30304, ack_nr 20939, packet_len 256 (251)
[0;0m[0;34mcsp_sfp_send_own_memcpy: 21:10, sending at 0x55f5ac5afd62 size 243
[0;0m[0;34mRDP 0x55f5ac5a2248: Waiting for window update before sending seq 30305
[0;0m[0;34mRDP 0x55f5ac5a2248: Received in S 3: syn 0, ack 1, eack 0, rst 0, seq_nr 20940, ack_nr 30303, packet_len 5 (0)
[0;0m[0;34mRDP 0x55f5ac5a2248: TX Element Free, time 24018971, seq 30301, una 30304
[0;0m[0;34mRDP 0x55f5ac5a2248: TX Element Free, time 24018971, seq 30302, una 30304
[0;0m[0;34mRDP 0x55f5ac5a2248: TX Element Free, time 24018971, seq 30303, una 30304
[0;0m[0;34mRDP 0x55f5ac5a2248: Wake Tx task (check timeouts)
[0;0m[0;34mRDP 0x55f5ac5a2248: Sending  in S 3: syn 0, ack 1, eack 0, rst 0, seq_nr 30305, ack_nr 20939, packet_len 256 (251)
[0;0m[0;34mcsp_sfp_send_own_memcpy: 21:10, sending at 0x55f5ac5afe55 size 243
[0;0m[0;34mRDP 0x55f5ac5a2248: Sending  in S 3: syn 0, ack 1, eack 0, rst 0, seq_nr 30306, ack_nr 20939, packet_len 256 (251)
[0;0m[0;34mcsp_sfp_send_own_memcpy: 21:10, sending at 0x55f5ac5aff48 size 243
[0;0m[0;34mRDP 0x55f5ac5a2248: Sending  in S 3: syn 0, ack 1, eack 0, rst 0, seq_nr 30307, ack_nr 20939, packet_len 256 (251)
[0;0m[0;34mcsp_sfp_send_own_memcpy: 21:10, sending at 0x55f5ac5b003b size 117
[0;0m[0;34mRDP 0x55f5ac5a2248: Waiting for window update before sending seq 30308
[0;0m[0;34mRDP 0x55f5ac5a2248: Received in S 3: syn 0, ack 1, eack 0, rst 0, seq_nr 20940, ack_nr 30306, packet_len 5 (0)
[0;0m[0;34mRDP 0x55f5ac5a2248: TX Element Free, time 24018971, seq 30304, una 30307
[0;0m[0;34mRDP 0x55f5ac5a2248: TX Element Free, time 24018971, seq 30305, una 30307
[0;0m[0;34mRDP 0x55f5ac5a2248: TX Element Free, time 24018972, seq 30306, una 30307
[0;0m[0;34mRDP 0x55f5ac5a2248: Wake Tx task (check timeouts)
[0;0m[0;34mRDP 0x55f5ac5a2248: Sending  in S 3: syn 0, ack 1, eack 0, rst 0, seq_nr 30308, ack_nr 20939, packet_len 130 (125)
[0;0m[0;34mRDP 0x55f5ac5a2248: Received in S 3: syn 0, ack 1, eack 0, rst 1, seq_nr 20940, ack_nr 30308, packet_len 5 (0)
[0;0m[0;34mRDP 0x55f5ac5a2248: Received RST in sequence, no more data incoming, reply with RST
[0;0m[0;34mRDP 0x55f5ac5a2248: Send CMP S 4: syn 0, ack 1, eack 0, rst 1, seq_nr 30309, ack_nr 20939, packet_len 5 (0)
[0;0m[0;34mRDP 0x55f5ac5a2248: csp_rdp_close(0x2), waiting for: userspace timeout
[0;0m[0;34mRDP 0x55f5ac5a2248: csp_rdp_close(0x1), waiting for: timeout
[0;0m[0;34mRDP 0x55f5ac5a22d0: Active connect, conn state 0
[0;0m[0;34mRDP 0x55f5ac5a22d0: AC: Sending SYN
[0;0m[0;34mRDP 0x55f5ac5a22d0: Send CMP S 1: syn 1, ack 0, eack 0, rst 0, seq_nr 31125, ack_nr     0, packet_len 29 (24)
[0;0m[0;34mRDP 0x55f5ac5a22d0: AC: Waiting for SYN/ACK reply...
[0;0m[0;34mRDP 0x55f5ac5a22d0: Received in S 1: syn 1, ack 1, eack 0, rst 0, seq_nr 40173, ack_nr 31125, packet_len 5 (0)
[0;0m[0;34mRDP 0x55f5ac5a22d0: NP: Connection OPEN
[0;0m[0;34mRDP 0x55f5ac5a22d0: Send CMP S 3: syn 0, ack 1, eack 0, rst 0, seq_nr 31126, ack_nr 40173, packet_len 5 (0)
[0;0m[0;34mRDP 0x55f5ac5a22d0: Wake Tx task (ack)
[0;0m[0;34mRDP 0x55f5ac5a22d0: TX Element Free, time 24018973, seq 31125, una 31126
[0;0m[0;34mRDP 0x55f5ac5a22d0: Wake Tx task (check timeouts)
[0;0m[0;34mRDP 0x55f5ac5a22d0: AC: Connection OPEN
[0;0m[0;34mcsp_sfp_send_own_memcpy: 21:10, sending at 0x55f5ac5af7b0 size 243
[0;0m[0;34mRDP 0x55f5ac5a22d0: Sending  in S 3: syn 0, ack 1, eack 0, rst 0, seq_nr 31126, ack_nr 40173, packet_len 256 (251)
[0;0m[0;34mcsp_sfp_send_own_memcpy: 21:10, sending at 0x55f5ac5af8a3 size 243
[0;0m[0;34mRDP 0x55f5ac5a22d0: Sending  in S 3: syn 0, ack 1, eack 0, rst 0, seq_nr 31127, ack_nr 40173, packet_len 256 (251)
[0;0m[0;34mcsp_sfp_send_own_memcpy: 21:10, sending at 0x55f5ac5af996 size 243
[0;0m[0;34mRDP 0x55f5ac5a22d0: Sending  in S 3: syn 0, ack 1, eack 0, rst 0, seq_nr 31128, ack_nr 40173, packet_len 256 (251)
[0;0m[0;34mcsp_sfp_send_own_memcpy: 21:10, sending at 0x55f5ac5afa89 size 243
[0;0m[0;34mRDP 0x55f5ac5a22d0: Sending  in S 3: syn 0, ack 1, eack 0, rst 0, seq_nr 31129, ack_nr 40173, packet_len 256 (251)
[0;0m[0;34mcsp_sfp_send_own_memcpy: 21:10, sending at 0x55f5ac5afb7c size 243
[0;0m[0;34mRDP 0x55f5ac5a22d0: Waiting for window update before sending seq 31130
[0;0m[0;34mRDP 0x55f5ac5a22d0: Received in S 3: syn 0, ack 1, eack 0, rst 0, seq_nr 40174, ack_nr 31128, packet_len 5 (0)
[0;0m[0;34mRDP 0x55f5ac5a22d0: TX Element Free, time 24018973, seq 31126, una 31129
[0;0m[0;34mRDP 0x55f5ac5a22d0: TX Element Free, time 24018974, seq 31127, una 31129
[0;0m[0;34mRDP 0x55f5ac5a22d0: TX Element Free, time 24018974, seq 31128, una 31129
[0;0m[0;34mRDP 0x55f5ac5a22d0: Wake Tx task (check timeouts)
[0;0m[0;34mRDP 0x55f5ac5a22d0: Sending  in S 3: syn 0, ack 1, eack 0, rst 0, seq_nr 31130, ack_nr 40173, packet_len 256 (251)
[0;0m[0;34mcsp_sfp_send_own_memcpy: 21:10, sending at 0x55f5ac5afc6f size 243
[0;0m[0;34mRDP 0x55f5ac5a22d0: Sending  in S 3: syn 0, ack 1, eack 0, rst 0, seq_nr 31131, ack_nr 40173, packet_len 256 (251)
[0;0m[0;34mcsp_sfp_send_own_memcpy: 21:10, sending at 0x55f5ac5afd62 size 243
[0;0m[0;34mRDP 0x55f5ac5a22d0: Sending  in S 3: syn 0, ack 1, eack 0, rst 0, seq_nr 31132, ack_nr 40173, packet_len 256 (251)
[0;0m[0;34mcsp_sfp_send_own_memcpy: 21:10, sending at 0x55f5ac5afe55 size 243
[0;0m[0;34mRDP 0x55f5ac5a22d0: Waiting for window update before sending seq 31133
[0;0m[0;34mRDP 0x55f5ac5a22d0: Received in S 3: syn 0, ack 1, eack 0, rst 0, seq_nr 40174, ack_nr 31131, packet_len 5 (0)
[0;0m[0;34mRDP 0x55f5ac5a22d0: TX Element Free, time 24018974, seq 31129, una 31132
[0;0m[0;34mRDP 0x55f5ac5a22d0: TX Element Free, time 24018974, seq 31130, una 31132
[0;0m[0;34mRDP 0x55f5ac5a22d0: TX Element Free, time 24018974, seq 31131, una 31132
[0;0m[0;34mRDP 0x55f5ac5a22d0: Wake Tx task (check timeouts)
[0;0m[0;34mRDP 0x55f5ac5a22d0: Sending  in S 3: syn 0, ack 1, eack 0, rst 0, seq_nr 31133, ack_nr 40173, packet_len 256 (251)
[0;0m[0;34mcsp_sfp_send_own_memcpy: 21:10, sending at 0x55f5ac5aff48 size 243
[0;0m[0;34mRDP 0x55f5ac5a22d0: Sending  in S 3: syn 0, ack 1, eack 0, rst 0, seq_nr 31134, ack_nr 40173, packet_len 256 (251)
[0;0m[0;34mcsp_sfp_send_own_memcpy: 21:10, sending at 0x55f5ac5b003b size 117
[0;0m[0;34mRDP 0x55f5ac5a22d0: Sending  in S 3: syn 0, ack 1, eack 0, rst 0, seq_nr 31135, ack_nr 40173, packet_len 130 (125)
[0;0m[0;34mRDP 0x55f5ac5a22d0: Received in S 3: syn 0, ack 1, eack 0, rst 0, seq_nr 40174, ack_nr 31134, packet_len 5 (0)
[0;0m[0;34mRDP 0x55f5ac5a22d0: TX Element Free, time 24018975, seq 31132, una 31135
[0;0m[0;34mRDP 0x55f5ac5a22d0: TX Element Free, time 24018975, seq 31133, una 31135
[0;0m[0;34mRDP 0x55f5ac5a22d0: TX Element Free, time 24018975, seq 31134, una 31135
[0;0m[0;34mRDP 0x55f5ac5a22d0: Wake Tx task (check timeouts)
[0;0m[0;34mRDP 0x55f5ac5a22d0: Received in S 3: syn 0, ack 1, eack 0, rst 0, seq_nr 40174, ack_nr 31135, packet_len 6 (1)
[0;0m[0;34mRDP 0x55f5ac5a22d0: TX Element Free, time 24018975, seq 31135, una 31136
[0;0m[0;34mRDP 0x55f5ac5a22d0: Wake Tx task (check timeouts)
[0;0mSENT bundle=105 n=64 bytes=2304 send_time_ms=20.186
[0;34mcsp_sfp_send_own_memcpy: 21:10, sending at 0x55f5ac5af7b0 size 243
[0;0m[0;34mRDP 0x55f5ac5a22d0: Sending  in S 3: syn 0, ack 1, eack 0, rst 0, seq_nr 31136, ack_nr 40174, packet_len 256 (251)
[0;0m[0;34mcsp_sfp_send_own_memcpy: 21:10, sending at 0x55f5ac5af8a3 size 243
[0;0m[0;34mRDP 0x55f5ac5a22d0: Sending  in S 3: syn 0, ack 1, eack 0, rst 0, seq_nr 31137, ack_nr 40174, packet_len 256 (251)
[0;0m[0;34mcsp_sfp_send_own_memcpy: 21:10, sending at 0x55f5ac5af996 size 243
[0;0m[0;34mRDP 0x55f5ac5a22d0: Sending  in S 3: syn 0, ack 1, eack 0, rst 0, seq_nr 31138, ack_nr 40174, packet_len 256 (251)
[0;0m[0;34mcsp_sfp_send_own_memcpy: 21:10, sending at 0x55f5ac5afa89 size 243
[0;0m[0;34mRDP 0x55f5ac5a22d0: Sending  in S 3: syn 0, ack 1, eack 0, rst 0, seq_nr 31139, ack_nr 40174, packet_len 256 (251)
[0;0m[0;34mcsp_sfp_send_own_memcpy: 21:10, sending at 0x55f5ac5afb7c size 243
[0;0m[0;34mRDP 0x55f5ac5a22d0: Waiting for window update before sending seq 31140
[0;0m[0;34mRDP 0x55f5ac5a22d0: Waiting for window update before sending seq 31140
[0;0m[0;34mRDP 0x55f5ac5a22d0: Received in S 3: syn 0, ack 1, eack 0, rst 0, seq_nr 40175, ack_nr 31137, packet_len 5 (0)
[0;0m[0;34mRDP 0x55f5ac5a22d0: TX Element Free, time 24018991, seq 31136, una 31138
[0;0m[0;34mRDP 0x55f5ac5a22d0: TX Element Free, time 24018991, seq 31137, una 31138
[0;0m[0;34mRDP 0x55f5ac5a22d0: Wake Tx task (check timeouts)
[0;0m[0;34mRDP 0x55f5ac5a22d0: Sending  in S 3: syn 0, ack 1, eack 0, rst 0, seq_nr 31140, ack_nr 40174, packet_len 256 (251)
[0;0m[0;34mcsp_sfp_send_own_memcpy: 21:10, sending at 0x55f5ac5afc6f size 243
[0;0m[0;34mRDP 0x55f5ac5a22d0: Sending  in S 3: syn 0, ack 1, eack 0, rst 0, seq_nr 31141, ack_nr 40174, packet_len 256 (251)
[0;0m[0;34mcsp_sfp_send_own_memcpy: 21:10, sending at 0x55f5ac5afd62 size 243
[0;0m[0;34mRDP 0x55f5ac5a22d0: Waiting for window update before sending seq 31142
[0;0m[0;34mRDP 0x55f5ac5a22d0: Received in S 3: syn 0, ack 1, eack 0, rst 0, seq_nr 40175, ack_nr 31140, packet_len 5 (0)
[0;0m[0;34mRDP 0x55f5ac5a22d0: TX Element Free, time 24018991, seq 31138, una 31141
[0;0m[0;34mRDP 0x55f5ac5a22d0: TX Element Free, time 24018991, seq 31139, una 31141
[0;0m[0;34mRDP 0x55f5ac5a22d0: TX Element Free, time 24018991, seq 31140, una 31141
[0;0m[0;34mRDP 0x55f5ac5a22d0: Wake Tx task (check timeouts)
[0;0m[0;34mRDP 0x55f5ac5a22d0: Sending  in S 3: syn 0, ack 1, eack 0, rst 0, seq_nr 31142, ack_nr 40174, packet_len 256 (251)
[0;0m[0;34mcsp_sfp_send_own_memcpy: 21:10, sending at 0x55f5ac5afe55 size 243
[0;0m[0;34mRDP 0x55f5ac5a22d0: Sending  in S 3: syn 0, ack 1, eack 0, rst 0, seq_nr 31143, ack_nr 40174, packet_len 256 (251)
[0;0m[0;34mcsp_sfp_send_own_memcpy: 21:10, sending at 0x55f5ac5aff48 size 243
[0;0m[0;34mRDP 0x55f5ac5a22d0: Sending  in S 3: syn 0, ack 1, eack 0, rst 0, seq_nr 31144, ack_nr 40174, packet_len 256 (251)
[0;0m[0;34mcsp_sfp_send_own_memcpy: 21:10, sending at 0x55f5ac5b003b size 117
[0;0m[0;34mRDP 0x55f5ac5a22d0: Waiting for window update before sending seq 31145
[0;0m[0;34mRDP 0x55f5ac5a22d0: Received in S 3: syn 0, ack 1, eack 0, rst 0, seq_nr 40175, ack_nr 31143, packet_len 5 (0)
[0;0m[0;34mRDP 0x55f5ac5a22d0: TX Element Free, time 24018991, seq 31141, una 31144
[0;0m[0;34mRDP 0x55f5ac5a22d0: TX Element Free, time 24018992, seq 31142, una 31144
[0;0m[0;34mRDP 0x55f5ac5a22d0: TX Element Free, time 24018992, seq 31143, una 31144
[0;0m[0;34mRDP 0x55f5ac5a22d0: Wake Tx task (check timeouts)
[0;0m[0;34mRDP 0x55f5ac5a22d0: Sending  in S 3: syn 0, ack 1, eack 0, rst 0, seq_nr 31145, ack_nr 40174, packet_len 130 (125)
[0;0m[0;34mRDP 0x55f5ac5a22d0: Received in S 3: syn 0, ack 1, eack 0, rst 1, seq_nr 40175, ack_nr 31145, packet_len 5 (0)
[0;0m[0;34mRDP 0x55f5ac5a22d0: Received RST in sequence, no more data incoming, reply with RST
[0;0m[0;34mRDP 0x55f5ac5a22d0: Send CMP S 4: syn 0, ack 1, eack 0, rst 1, seq_nr 31146, ack_nr 40174, packet_len 5 (0)
[0;0m[0;34mRDP 0x55f5ac5a22d0: csp_rdp_close(0x2), waiting for: userspace timeout
[0;0m[0;34mRDP 0x55f5ac5a22d0: csp_rdp_close(0x1), waiting for: timeout
[0;0m[0;34mRDP 0x55f5ac5a2358: Active connect, conn state 0
[0;0m[0;34mRDP 0x55f5ac5a2358: AC: Sending SYN
[0;0m[0;34mRDP 0x55f5ac5a2358: Send CMP S 1: syn 1, ack 0, eack 0, rst 0, seq_nr 28538, ack_nr     0, packet_len 29 (24)
[0;0m[0;34mRDP 0x55f5ac5a2358: AC: Waiting for SYN/ACK reply...
[0;0m[0;34mRDP 0x55f5ac5a2358: Received in S 1: syn 1, ack 1, eack 0, rst 0, seq_nr 21640, ack_nr 28538, packet_len 5 (0)
[0;0m[0;34mRDP 0x55f5ac5a2358: NP: Connection OPEN
[0;0m[0;34mRDP 0x55f5ac5a2358: Send CMP S 3: syn 0, ack 1, eack 0, rst 0, seq_nr 28539, ack_nr 21640, packet_len 5 (0)
[0;0m[0;34mRDP 0x55f5ac5a2358: Wake Tx task (ack)
[0;0m[0;34mRDP 0x55f5ac5a2358: TX Element Free, time 24018993, seq 28538, una 28539
[0;0m[0;34mRDP 0x55f5ac5a2358: Wake Tx task (check timeouts)
[0;0m[0;34mRDP 0x55f5ac5a2358: AC: Connection OPEN
[0;0m[0;34mcsp_sfp_send_own_memcpy: 21:10, sending at 0x55f5ac5af7b0 size 243
[0;0m[0;34mRDP 0x55f5ac5a2358: Sending  in S 3: syn 0, ack 1, eack 0, rst 0, seq_nr 28539, ack_nr 21640, packet_len 256 (251)
[0;0m[0;34mcsp_sfp_send_own_memcpy: 21:10, sending at 0x55f5ac5af8a3 size 243
[0;0m[0;34mRDP 0x55f5ac5a2358: Sending  in S 3: syn 0, ack 1, eack 0, rst 0, seq_nr 28540, ack_nr 21640, packet_len 256 (251)
[0;0m[0;34mcsp_sfp_send_own_memcpy: 21:10, sending at 0x55f5ac5af996 size 243
[0;0m[0;34mRDP 0x55f5ac5a2358: Sending  in S 3: syn 0, ack 1, eack 0, rst 0, seq_nr 28541, ack_nr 21640, packet_len 256 (251)
[0;0m[0;34mcsp_sfp_send_own_memcpy: 21:10, sending at 0x55f5ac5afa89 size 243
[0;0m[0;34mRDP 0x55f5ac5a2358: Sending  in S 3: syn 0, ack 1, eack 0, rst 0, seq_nr 28542, ack_nr 21640, packet_len 256 (251)
[0;0m[0;34mcsp_sfp_send_own_memcpy: 21:10, sending at 0x55f5ac5afb7c size 243
[0;0m[0;34mRDP 0x55f5ac5a2358: Waiting for window update before sending seq 28543
[0;0m[0;34mRDP 0x55f5ac5a2358: Received in S 3: syn 0, ack 1, eack 0, rst 0, seq_nr 21641, ack_nr 28541, packet_len 5 (0)
[0;0m[0;34mRDP 0x55f5ac5a2358: TX Element Free, time 24018994, seq 28539, una 28542
[0;0m[0;34mRDP 0x55f5ac5a2358: TX Element Free, time 24018994, seq 28540, una 28542
[0;0m[0;34mRDP 0x55f5ac5a2358: TX Element Free, time 24018994, seq 28541, una 28542
[0;0m[0;34mRDP 0x55f5ac5a2358: Wake Tx task (check timeouts)
[0;0m[0;34mRDP 0x55f5ac5a2358: Sending  in S 3: syn 0, ack 1, eack 0, rst 0, seq_nr 28543, ack_nr 21640, packet_len 256 (251)
[0;0m[0;34mcsp_sfp_send_own_memcpy: 21:10, sending at 0x55f5ac5afc6f size 243
[0;0m[0;34mRDP 0x55f5ac5a2358: Sending  in S 3: syn 0, ack 1, eack 0, rst 0, seq_nr 28544, ack_nr 21640, packet_len 256 (251)
[0;0m[0;34mcsp_sfp_send_own_memcpy: 21:10, sending at 0x55f5ac5afd62 size 243
[0;0m[0;34mRDP 0x55f5ac5a2358: Sending  in S 3: syn 0, ack 1, eack 0, rst 0, seq_nr 28545, ack_nr 21640, packet_len 256 (251)
[0;0m[0;34mcsp_sfp_send_own_memcpy: 21:10, sending at 0x55f5ac5afe55 size 243
[0;0m[0;34mRDP 0x55f5ac5a2358: Waiting for window update before sending seq 28546
[0;0m[0;34mRDP 0x55f5ac5a2358: Received in S 3: syn 0, ack 1, eack 0, rst 0, seq_nr 21641, ack_nr 28544, packet_len 5 (0)
[0;0m[0;34mRDP 0x55f5ac5a2358: TX Element Free, time 24018994, seq 28542, una 28545
[0;0m[0;34mRDP 0x55f5ac5a2358: TX Element Free, time 24018994, seq 28543, una 28545
[0;0m[0;34mRDP 0x55f5ac5a2358: TX Element Free, time 24018994, seq 28544, una 28545
[0;0m[0;34mRDP 0x55f5ac5a2358: Wake Tx task (check timeouts)
[0;0m[0;34mRDP 0x55f5ac5a2358: Sending  in S 3: syn 0, ack 1, eack 0, rst 0, seq_nr 28546, ack_nr 21640, packet_len 256 (251)
[0;0m[0;34mcsp_sfp_send_own_memcpy: 21:10, sending at 0x55f5ac5aff48 size 243
[0;0m[0;34mRDP 0x55f5ac5a2358: Sending  in S 3: syn 0, ack 1, eack 0, rst 0, seq_nr 28547, ack_nr 21640, packet_len 256 (251)
[0;0m[0;34mcsp_sfp_send_own_memcpy: 21:10, sending at 0x55f5ac5b003b size 117
[0;0m[0;34mRDP 0x55f5ac5a2358: Sending  in S 3: syn 0, ack 1, eack 0, rst 0, seq_nr 28548, ack_nr 21640, packet_len 130 (125)
[0;0m[0;34mRDP 0x55f5ac5a2358: Received in S 3: syn 0, ack 1, eack 0, rst 0, seq_nr 21641, ack_nr 28547, packet_len 5 (0)
[0;0m[0;34mRDP 0x55f5ac5a2358: TX Element Free, time 24018994, seq 28545, una 28548
[0;0m[0;34mRDP 0x55f5ac5a2358: TX Element Free, time 24018995, seq 28546, una 28548
[0;0m[0;34mRDP 0x55f5ac5a2358: TX Element Free, time 24018995, seq 28547, una 28548
[0;0m[0;34mRDP 0x55f5ac5a2358: Wake Tx task (check timeouts)
[0;0m[0;34mRDP 0x55f5ac5a2358: Received in S 3: syn 0, ack 1, eack 0, rst 0, seq_nr 21641, ack_nr 28548, packet_len 6 (1)
[0;0m[0;34mRDP 0x55f5ac5a2358: TX Element Free, time 24018995, seq 28548, una 28549
[0;0m[0;34mRDP 0x55f5ac5a2358: Wake Tx task (check timeouts)
[0;0mSENT bundle=106 n=64 bytes=2304 send_time_ms=20.133
[0;34mcsp_sfp_send_own_memcpy: 21:10, sending at 0x55f5ac5af7b0 size 243
[0;0m[0;34mRDP 0x55f5ac5a2358: Sending  in S 3: syn 0, ack 1, eack 0, rst 0, seq_nr 28549, ack_nr 21641, packet_len 256 (251)
[0;0m[0;34mcsp_sfp_send_own_memcpy: 21:10, sending at 0x55f5ac5af8a3 size 243
[0;0m[0;34mRDP 0x55f5ac5a2358: Sending  in S 3: syn 0, ack 1, eack 0, rst 0, seq_nr 28550, ack_nr 21641, packet_len 256 (251)
[0;0m[0;34mcsp_sfp_send_own_memcpy: 21:10, sending at 0x55f5ac5af996 size 243
[0;0m[0;34mRDP 0x55f5ac5a2358: Sending  in S 3: syn 0, ack 1, eack 0, rst 0, seq_nr 28551, ack_nr 21641, packet_len 256 (251)
[0;0m[0;34mcsp_sfp_send_own_memcpy: 21:10, sending at 0x55f5ac5afa89 size 243
[0;0m[0;34mRDP 0x55f5ac5a2358: Sending  in S 3: syn 0, ack 1, eack 0, rst 0, seq_nr 28552, ack_nr 21641, packet_len 256 (251)
[0;0m[0;34mcsp_sfp_send_own_memcpy: 21:10, sending at 0x55f5ac5afb7c size 243
[0;0m[0;34mRDP 0x55f5ac5a2358: Waiting for window update before sending seq 28553
[0;0m[0;34mRDP 0x55f5ac5a2358: Waiting for window update before sending seq 28553
[0;0m[0;34mRDP 0x55f5ac5a2358: Received in S 3: syn 0, ack 1, eack 0, rst 0, seq_nr 21642, ack_nr 28550, packet_len 5 (0)
[0;0m[0;34mRDP 0x55f5ac5a2358: TX Element Free, time 24019011, seq 28549, una 28551
[0;0m[0;34mRDP 0x55f5ac5a2358: TX Element Free, time 24019011, seq 28550, una 28551
[0;0m[0;34mRDP 0x55f5ac5a2358: Wake Tx task (check timeouts)
[0;0m[0;34mRDP 0x55f5ac5a2358: Sending  in S 3: syn 0, ack 1, eack 0, rst 0, seq_nr 28553, ack_nr 21641, packet_len 256 (251)
[0;0m[0;34mcsp_sfp_send_own_memcpy: 21:10, sending at 0x55f5ac5afc6f size 243
[0;0m[0;34mRDP 0x55f5ac5a2358: Sending  in S 3: syn 0, ack 1, eack 0, rst 0, seq_nr 28554, ack_nr 21641, packet_len 256 (251)
[0;0m[0;34mcsp_sfp_send_own_memcpy: 21:10, sending at 0x55f5ac5afd62 size 243
[0;0m[0;34mRDP 0x55f5ac5a2358: Waiting for window update before sending seq 28555
[0;0m[0;34mRDP 0x55f5ac5a2358: Received in S 3: syn 0, ack 1, eack 0, rst 0, seq_nr 21642, ack_nr 28553, packet_len 5 (0)
[0;0m[0;34mRDP 0x55f5ac5a2358: TX Element Free, time 24019011, seq 28551, una 28554
[0;0m[0;34mRDP 0x55f5ac5a2358: TX Element Free, time 24019011, seq 28552, una 28554
[0;0m[0;34mRDP 0x55f5ac5a2358: TX Element Free, time 24019012, seq 28553, una 28554
[0;0m[0;34mRDP 0x55f5ac5a2358: Wake Tx task (check timeouts)
[0;0m[0;34mRDP 0x55f5ac5a2358: Sending  in S 3: syn 0, ack 1, eack 0, rst 0, seq_nr 28555, ack_nr 21641, packet_len 256 (251)
[0;0m[0;34mcsp_sfp_send_own_memcpy: 21:10, sending at 0x55f5ac5afe55 size 243
[0;0m[0;34mRDP 0x55f5ac5a2358: Sending  in S 3: syn 0, ack 1, eack 0, rst 0, seq_nr 28556, ack_nr 21641, packet_len 256 (251)
[0;0m[0;34mcsp_sfp_send_own_memcpy: 21:10, sending at 0x55f5ac5aff48 size 243
[0;0m[0;34mRDP 0x55f5ac5a2358: Sending  in S 3: syn 0, ack 1, eack 0, rst 0, seq_nr 28557, ack_nr 21641, packet_len 256 (251)
[0;0m[0;34mcsp_sfp_send_own_memcpy: 21:10, sending at 0x55f5ac5b003b size 117
[0;0m[0;34mRDP 0x55f5ac5a2358: Waiting for window update before sending seq 28558
[0;0m[0;34mRDP 0x55f5ac5a2358: Received in S 3: syn 0, ack 1, eack 0, rst 0, seq_nr 21642, ack_nr 28556, packet_len 5 (0)
[0;0m[0;34mRDP 0x55f5ac5a2358: TX Element Free, time 24019012, seq 28554, una 28557
[0;0m[0;34mRDP 0x55f5ac5a2358: TX Element Free, time 24019012, seq 28555, una 28557
[0;0m[0;34mRDP 0x55f5ac5a2358: TX Element Free, time 24019012, seq 28556, una 28557
[0;0m[0;34mRDP 0x55f5ac5a2358: Wake Tx task (check timeouts)
[0;0m[0;34mRDP 0x55f5ac5a2358: Sending  in S 3: syn 0, ack 1, eack 0, rst 0, seq_nr 28558, ack_nr 21641, packet_len 130 (125)
[0;0m[0;34mRDP 0x55f5ac5a2358: Received in S 3: syn 0, ack 1, eack 0, rst 1, seq_nr 21642, ack_nr 28558, packet_len 5 (0)
[0;0m[0;34mRDP 0x55f5ac5a2358: Received RST in sequence, no more data incoming, reply with RST
[0;0m[0;34mRDP 0x55f5ac5a2358: Send CMP S 4: syn 0, ack 1, eack 0, rst 1, seq_nr 28559, ack_nr 21641, packet_len 5 (0)
[0;0m[0;34mRDP 0x55f5ac5a2358: csp_rdp_close(0x2), waiting for: userspace timeout
[0;0m[0;34mRDP 0x55f5ac5a2358: csp_rdp_close(0x1), waiting for: timeout
[0;0m[0;34mRDP 0x55f5ac5a1500: Active connect, conn state 0
[0;0m[0;34mRDP 0x55f5ac5a1500: AC: Sending SYN
[0;0m[0;34mRDP 0x55f5ac5a1500: Send CMP S 1: syn 1, ack 0, eack 0, rst 0, seq_nr  2063, ack_nr     0, packet_len 29 (24)
[0;0m[0;34mRDP 0x55f5ac5a1500: AC: Waiting for SYN/ACK reply...
[0;0m[0;34mRDP 0x55f5ac5a1500: Received in S 1: syn 1, ack 1, eack 0, rst 0, seq_nr 41558, ack_nr  2063, packet_len 5 (0)
[0;0m[0;34mRDP 0x55f5ac5a1500: NP: Connection OPEN
[0;0m[0;34mRDP 0x55f5ac5a1500: Send CMP S 3: syn 0, ack 1, eack 0, rst 0, seq_nr  2064, ack_nr 41558, packet_len 5 (0)
[0;0m[0;34mRDP 0x55f5ac5a1500: Wake Tx task (ack)
[0;0m[0;34mRDP 0x55f5ac5a1500: TX Element Free, time 24019013, seq 2063, una 2064
[0;0m[0;34mRDP 0x55f5ac5a1500: Wake Tx task (check timeouts)
[0;0m[0;34mRDP 0x55f5ac5a1500: AC: Connection OPEN
[0;0m[0;34mcsp_sfp_send_own_memcpy: 21:10, sending at 0x55f5ac5af7b0 size 243
[0;0m[0;34mRDP 0x55f5ac5a1500: Sending  in S 3: syn 0, ack 1, eack 0, rst 0, seq_nr  2064, ack_nr 41558, packet_len 256 (251)
[0;0m[0;34mcsp_sfp_send_own_memcpy: 21:10, sending at 0x55f5ac5af8a3 size 243
[0;0m[0;34mRDP 0x55f5ac5a1500: Sending  in S 3: syn 0, ack 1, eack 0, rst 0, seq_nr  2065, ack_nr 41558, packet_len 256 (251)
[0;0m[0;34mcsp_sfp_send_own_memcpy: 21:10, sending at 0x55f5ac5af996 size 243
[0;0m[0;34mRDP 0x55f5ac5a1500: Sending  in S 3: syn 0, ack 1, eack 0, rst 0, seq_nr  2066, ack_nr 41558, packet_len 256 (251)
[0;0m[0;34mcsp_sfp_send_own_memcpy: 21:10, sending at 0x55f5ac5afa89 size 243
[0;0m[0;34mRDP 0x55f5ac5a1500: Sending  in S 3: syn 0, ack 1, eack 0, rst 0, seq_nr  2067, ack_nr 41558, packet_len 256 (251)
[0;0m[0;34mcsp_sfp_send_own_memcpy: 21:10, sending at 0x55f5ac5afb7c size 243
[0;0m[0;34mRDP 0x55f5ac5a1500: Waiting for window update before sending seq 2068
[0;0m[0;34mRDP 0x55f5ac5a1500: Received in S 3: syn 0, ack 1, eack 0, rst 0, seq_nr 41559, ack_nr  2066, packet_len 5 (0)
[0;0m[0;34mRDP 0x55f5ac5a1500: TX Element Free, time 24019014, seq 2064, una 2067
[0;0m[0;34mRDP 0x55f5ac5a1500: TX Element Free, time 24019014, seq 2065, una 2067
[0;0m[0;34mRDP 0x55f5ac5a1500: TX Element Free, time 24019014, seq 2066, una 2067
[0;0m[0;34mRDP 0x55f5ac5a1500: Wake Tx task (check timeouts)
[0;0m[0;34mRDP 0x55f5ac5a1500: Sending  in S 3: syn 0, ack 1, eack 0, rst 0, seq_nr  2068, ack_nr 41558, packet_len 256 (251)
[0;0m[0;34mcsp_sfp_send_own_memcpy: 21:10, sending at 0x55f5ac5afc6f size 243
[0;0m[0;34mRDP 0x55f5ac5a1500: Sending  in S 3: syn 0, ack 1, eack 0, rst 0, seq_nr  2069, ack_nr 41558, packet_len 256 (251)
[0;0m[0;34mcsp_sfp_send_own_memcpy: 21:10, sending at 0x55f5ac5afd62 size 243
[0;0m[0;34mRDP 0x55f5ac5a1500: Sending  in S 3: syn 0, ack 1, eack 0, rst 0, seq_nr  2070, ack_nr 41558, packet_len 256 (251)
[0;0m[0;34mcsp_sfp_send_own_memcpy: 21:10, sending at 0x55f5ac5afe55 size 243
[0;0m[0;34mRDP 0x55f5ac5a1500: Waiting for window update before sending seq 2071
[0;0m[0;34mRDP 0x55f5ac5a1500: Received in S 3: syn 0, ack 1, eack 0, rst 0, seq_nr 41559, ack_nr  2069, packet_len 5 (0)
[0;0m[0;34mRDP 0x55f5ac5a1500: TX Element Free, time 24019015, seq 2067, una 2070
[0;0m[0;34mRDP 0x55f5ac5a1500: TX Element Free, time 24019015, seq 2068, una 2070
[0;0m[0;34mRDP 0x55f5ac5a1500: TX Element Free, time 24019015, seq 2069, una 2070
[0;0m[0;34mRDP 0x55f5ac5a1500: Wake Tx task (check timeouts)
[0;0m[0;34mRDP 0x55f5ac5a1500: Sending  in S 3: syn 0, ack 1, eack 0, rst 0, seq_nr  2071, ack_nr 41558, packet_len 256 (251)
[0;0m[0;34mcsp_sfp_send_own_memcpy: 21:10, sending at 0x55f5ac5aff48 size 243
[0;0m[0;34mRDP 0x55f5ac5a1500: Sending  in S 3: syn 0, ack 1, eack 0, rst 0, seq_nr  2072, ack_nr 41558, packet_len 256 (251)
[0;0m[0;34mcsp_sfp_send_own_memcpy: 21:10, sending at 0x55f5ac5b003b size 117
[0;0m[0;34mRDP 0x55f5ac5a1500: Sending  in S 3: syn 0, ack 1, eack 0, rst 0, seq_nr  2073, ack_nr 41558, packet_len 130 (125)
[0;0m[0;34mRDP 0x55f5ac5a1500: Received in S 3: syn 0, ack 1, eack 0, rst 0, seq_nr 41559, ack_nr  2072, packet_len 5 (0)
[0;0m[0;34mRDP 0x55f5ac5a1500: TX Element Free, time 24019015, seq 2070, una 2073
[0;0m[0;34mRDP 0x55f5ac5a1500: TX Element Free, time 24019016, seq 2071, una 2073
[0;0m[0;34mRDP 0x55f5ac5a1500: TX Element Free, time 24019016, seq 2072, una 2073
[0;0m[0;34mRDP 0x55f5ac5a1500: Wake Tx task (check timeouts)
[0;0m[0;34mRDP 0x55f5ac5a1500: Received in S 3: syn 0, ack 1, eack 0, rst 0, seq_nr 41559, ack_nr  2073, packet_len 6 (1)
[0;0m[0;34mRDP 0x55f5ac5a1500: TX Element Free, time 24019016, seq 2073, una 2074
[0;0m[0;34mRDP 0x55f5ac5a1500: Wake Tx task (check timeouts)
[0;0mSENT bundle=107 n=64 bytes=2304 send_time_ms=20.396
cspcl_send_bundle failed at bundle=108: Operation timed out
[0;34mcsp_sfp_send_own_memcpy: 21:10, sending at 0x55f5ac5af7b0 size 243
[0;0m[0;34mRDP 0x55f5ac5a1500: Sending  in S 3: syn 0, ack 1, eack 0, rst 0, seq_nr  2074, ack_nr 41559, packet_len 256 (251)
[0;0m[0;34mcsp_sfp_send_own_memcpy: 21:10, sending at 0x55f5ac5af8a3 size 243
[0;0m[0;34mRDP 0x55f5ac5a1500: Sending  in S 3: syn 0, ack 1, eack 0, rst 0, seq_nr  2075, ack_nr 41559, packet_len 256 (251)
[0;0m[0;34mcsp_sfp_send_own_memcpy: 21:10, sending at 0x55f5ac5af996 size 243
[0;0m[0;34mRDP 0x55f5ac5a1500: Sending  in S 3: syn 0, ack 1, eack 0, rst 0, seq_nr  2076, ack_nr 41559, packet_len 256 (251)
[0;0m[0;34mcsp_sfp_send_own_memcpy: 21:10, sending at 0x55f5ac5afa89 size 243
[0;0m[0;34mRDP 0x55f5ac5a1500: Sending  in S 3: syn 0, ack 1, eack 0, rst 0, seq_nr  2077, ack_nr 41559, packet_len 256 (251)
[0;0m[0;34mRDP 0x55f5ac5a1500: Received in S 3: syn 0, ack 1, eack 0, rst 0, seq_nr 41560, ack_nr  2075, packet_len 5 (0)
[0;0m[0;34mRDP 0x55f5ac5a1500: TX Element Free, time 24019032, seq 2074, una 2076
[0;0m[0;34mRDP 0x55f5ac5a1500: TX Element Free, time 24019032, seq 2075, una 2076
[0;0m[0;34mRDP 0x55f5ac5a1500: Wake Tx task (check timeouts)
[0;0m[0;34mcsp_sfp_send_own_memcpy: 21:10, sending at 0x55f5ac5afb7c size 243
[0;0m[0;34mRDP 0x55f5ac5a1500: Sending  in S 3: syn 0, ack 1, eack 0, rst 0, seq_nr  2078, ack_nr 41559, packet_len 256 (251)
[0;0m[0;34mcsp_sfp_send_own_memcpy: 21:10, sending at 0x55f5ac5afc6f size 243
[0;0m[0;34mRDP 0x55f5ac5a1500: Sending  in S 3: syn 0, ack 1, eack 0, rst 0, seq_nr  2079, ack_nr 41559, packet_len 256 (251)
[0;0m[0;34mRDP 0x55f5ac5a1500: Received in S 3: syn 0, ack 1, eack 0, rst 0, seq_nr 41560, ack_nr  2078, packet_len 5 (0)
[0;0m[0;34mRDP 0x55f5ac5a1500: TX Element Free, time 24019032, seq 2076, una 2079
[0;0m[0;34mRDP 0x55f5ac5a1500: TX Element Free, time 24019032, seq 2077, una 2079
[0;0m[0;34mRDP 0x55f5ac5a1500: TX Element Free, time 24019032, seq 2078, una 2079
[0;0m[0;34mRDP 0x55f5ac5a1500: Wake Tx task (check timeouts)
[0;0m[0;34mcsp_sfp_send_own_memcpy: 21:10, sending at 0x55f5ac5afd62 size 243
[0;0m[0;34mRDP 0x55f5ac5a1500: Sending  in S 3: syn 0, ack 1, eack 0, rst 0, seq_nr  2080, ack_nr 41559, packet_len 256 (251)
[0;0m[0;34mcsp_sfp_send_own_memcpy: 21:10, sending at 0x55f5ac5afe55 size 243
[0;0m[0;34mRDP 0x55f5ac5a1500: Sending  in S 3: syn 0, ack 1, eack 0, rst 0, seq_nr  2081, ack_nr 41559, packet_len 256 (251)
[0;0m[0;34mcsp_sfp_send_own_memcpy: 21:10, sending at 0x55f5ac5aff48 size 243
[0;0m[0;34mRDP 0x55f5ac5a1500: Sending  in S 3: syn 0, ack 1, eack 0, rst 0, seq_nr  2082, ack_nr 41559, packet_len 256 (251)
[0;0m[0;34mRDP 0x55f5ac5a1500: Received in S 3: syn 0, ack 1, eack 0, rst 0, seq_nr 41560, ack_nr  2081, packet_len 5 (0)
[0;0m[0;34mRDP 0x55f5ac5a1500: TX Element Free, time 24019032, seq 2079, una 2082
[0;0m[0;34mRDP 0x55f5ac5a1500: TX Element Free, time 24019032, seq 2080, una 2082
[0;0m[0;34mRDP 0x55f5ac5a1500: TX Element Free, time 24019032, seq 2081, una 2082
[0;0m[0;34mRDP 0x55f5ac5a1500: Wake Tx task (check timeouts)
[0;0m[0;34mcsp_sfp_send_own_memcpy: 21:10, sending at 0x55f5ac5b003b size 117
[0;0m[0;34mRDP 0x55f5ac5a1500: Sending  in S 3: syn 0, ack 1, eack 0, rst 0, seq_nr  2083, ack_nr 41559, packet_len 130 (125)
[0;0m[0;34mRDP 0x55f5ac5a1500: Received in S 3: syn 0, ack 1, eack 0, rst 1, seq_nr 41560, ack_nr  2083, packet_len 5 (0)
[0;0m[0;34mRDP 0x55f5ac5a1500: Received RST in sequence, no more data incoming, reply with RST
[0;0m[0;34mRDP 0x55f5ac5a1500: Send CMP S 4: syn 0, ack 1, eack 0, rst 1, seq_nr  2084, ack_nr 41559, packet_len 5 (0)
[0;0m[0;34mRDP 0x55f5ac5a1500: csp_rdp_close(0x2), waiting for: userspace timeout
[0;0m[0;34mRDP 0x55f5ac5a1500: csp_rdp_close(0x1), waiting for: timeout
[0;0m[1;31mNo free connections, max 28
[0;0mSUMMARY bundles_sent=107 n_per_bundle=64 unit_size=36 bundle_len=2304 mean_send_ms=5.898
