[Sun Aug  2 17:10:17 2026] [INFO] INIT: uD3TN starting up... [components/ud3tn/init.c:39]
[Sun Aug  2 17:10:17 2026] [INFO] INIT: Configured to use EID "dtn://node-a.dtn/" and BPv7 [components/ud3tn/init.c:61]
[Sun Aug  2 17:10:17 2026] [WARNING] AgentManager: No AAP 2.0 secret specified - all clients can dispatch and control the FIB! [components/ud3tn/agent_manager.c:60]
[Sun Aug  2 17:10:17 2026] [INFO] BundleProcessor: BPA initialized for "dtn://node-a.dtn/", status reports disabled [components/ud3tn/bundle_processor.c:258]
[Sun Aug  2 17:10:17 2026] [INFO] AgentManager: Agent for receiving ADUs registered for sink_id echo with no. 1 [components/ud3tn/agent_manager.c:227]
[Sun Aug  2 17:10:17 2026] [INFO] CSP: Initialized with local address 1, port 10 [components/cla/posix/cla_csp.c:852]
[Sun Aug  2 17:10:17 2026] [INFO] AppAgent: Listening on /tmp/layer-node-a.socket [components/agents/posix/application_agent.c:668]
[Sun Aug  2 17:10:17 2026] [INFO] CSP: RX task started [components/cla/posix/cla_csp.c:392]
[Sun Aug  2 17:10:17 2026] [INFO] INIT: Limiting maximum bundle size to 65535 bytes. [components/ud3tn/init.c:167]
[Sun Aug  2 17:10:17 2026] [INFO] AAP2Agent: Listening on /tmp/layer-node-a.aap2.socket [components/aap2/aap2_agent.c:1701]
[Sun Aug  2 17:10:17 2026] [INFO] AgentManager: Agent for receiving ADUs registered for sink_id config with no. 2 [components/ud3tn/agent_manager.c:227]
[Sun Aug  2 17:10:17 2026] [INFO] AgentManager: Agent for receiving FIB entries registered with no. 2 [components/ud3tn/agent_manager.c:253]
[Sun Aug  2 17:10:17 2026] [INFO] AgentManager: Agent for dispatching bundles registered with no. 2 [components/ud3tn/agent_manager.c:301]
[Sun Aug  2 17:10:17 2026] [INFO] AgentManager: Agent for modifying FIB entries registered with no. 3 [components/ud3tn/agent_manager.c:253]
[Sun Aug  2 17:10:17 2026] [INFO] AgentManager: Agent for dispatch RPC registered with no. 3 [components/ud3tn/agent_manager.c:301]
[Sun Aug  2 17:10:18 2026] [INFO] AAP2Agent: Accepted connection from UNIX Domain Socket. [components/aap2/aap2_agent.c:259]
[Sun Aug  2 17:10:18 2026] [INFO] AAP2Agent: Received request to register for EID "<NULL>" + FIB updates. [components/aap2/aap2_agent.c:555]
[Sun Aug  2 17:10:18 2026] [INFO] AgentManager: Agent for modifying FIB entries registered with no. 4 [components/ud3tn/agent_manager.c:253]
[Sun Aug  2 17:10:18 2026] [INFO] CSP: Starting scheduled contact to csp:2 [components/cla/posix/cla_csp.c:560]
[Sun Aug  2 17:10:18 2026] [INFO] AAP2Agent: Connection closed by client. [components/aap2/aap2_agent.c:1579]
[Sun Aug  2 17:10:18 2026] [INFO] AAP2Agent: De-registering agent no. 4 with sink_id <NULL>. [components/aap2/aap2_agent.c:496]
[Sun Aug  2 17:10:18 2026] [INFO] CSP: Starting link management for csp:2 [components/cla/posix/cla_csp.c:281]
[Sun Aug  2 17:10:19 2026] [INFO] AAP2Agent: Accepted connection from UNIX Domain Socket. [components/aap2/aap2_agent.c:259]
[Sun Aug  2 17:10:19 2026] [INFO] AAP2Agent: Received request to register for EID "dtn://node-a.dtn/ce815fc2-ede5-4b9a-8659-b24ec08f5889" + dispatch bundles. [components/aap2/aap2_agent.c:555]
[Sun Aug  2 17:10:19 2026] [INFO] AgentManager: Agent for sending ADUs registered for sink_id ce815fc2-ede5-4b9a-8659-b24ec08f5889 with no. 5 [components/ud3tn/agent_manager.c:227]
[Sun Aug  2 17:10:19 2026] [INFO] AgentManager: Agent for dispatch RPC registered with no. 5 [components/ud3tn/agent_manager.c:301]
[Sun Aug  2 17:10:19 2026] [INFO] RouterAgent: Processing ADD command for node "dtn://node-b.dtn/" [components/routing/compat/router_agent.c:266]
[Sun Aug  2 17:10:19 2026] [INFO] AAP2Agent: Connection closed by client. [components/aap2/aap2_agent.c:1579]
[Sun Aug  2 17:10:19 2026] [INFO] AAP2Agent: De-registering agent no. 5 with sink_id ce815fc2-ede5-4b9a-8659-b24ec08f5889. [components/aap2/aap2_agent.c:496]
[Sun Aug  2 17:10:19 2026] [INFO] ContactManager: Scheduled contact with "dtn://node-b.dtn/" started. [components/routing/compat/contact_manager.c:221]
[Sun Aug  2 17:10:19 2026] [INFO] CSP: Starting scheduled contact to csp:2 [components/cla/posix/cla_csp.c:560]
[Sun Aug  2 17:10:24 2026] [INFO] AAP2Agent: Accepted connection from UNIX Domain Socket. [components/aap2/aap2_agent.c:259]
[Sun Aug  2 17:10:24 2026] [INFO] AAP2Agent: Received request to register for EID "dtn://node-a.dtn/charon". [components/aap2/aap2_agent.c:555]
[Sun Aug  2 17:10:24 2026] [INFO] AgentManager: Agent for sending ADUs registered for sink_id charon with no. 6 [components/ud3tn/agent_manager.c:227]
[Sun Aug  2 17:10:24 2026] [INFO] AAP2Agent: Accepted connection from UNIX Domain Socket. [components/aap2/aap2_agent.c:259]
[Sun Aug  2 17:10:24 2026] [INFO] AAP2Agent: Received request to subscribe for EID "dtn://node-a.dtn/charon". [components/aap2/aap2_agent.c:555]
[Sun Aug  2 17:10:24 2026] [INFO] AgentManager: Agent for receiving ADUs registered for sink_id charon with no. 7 [components/ud3tn/agent_manager.c:227]
[Sun Aug  2 17:10:24 2026] [INFO] AAP2Agent: Switching control flow! [components/aap2/aap2_agent.c:676]
[Sun Aug  2 17:10:27 2026] [INFO] CSP: RX loop iteration 10, last_err=6 [components/cla/posix/cla_csp.c:405]
[Sun Aug  2 17:10:27 2026] [INFO] CSP: RX waiting - socket=0x555c6a95d9f8, init=1 [components/cla/posix/cla_csp.c:412]
[Sun Aug  2 17:10:32 2026] [INFO] AAP2Agent: Connection closed by client. [components/aap2/aap2_agent.c:1579]
[Sun Aug  2 17:10:32 2026] [INFO] AAP2Agent: De-registering agent no. 6 with sink_id charon. [components/aap2/aap2_agent.c:496]
[Sun Aug  2 17:10:37 2026] [INFO] CSP: RX loop iteration 20, last_err=6 [components/cla/posix/cla_csp.c:405]
[Sun Aug  2 17:10:37 2026] [INFO] CSP: RX waiting - socket=0x555c6a95d9f8, init=1 [components/cla/posix/cla_csp.c:412]
[Sun Aug  2 17:10:47 2026] [INFO] CSP: RX loop iteration 30, last_err=6 [components/cla/posix/cla_csp.c:405]
[Sun Aug  2 17:10:47 2026] [INFO] CSP: RX waiting - socket=0x555c6a95d9f8, init=1 [components/cla/posix/cla_csp.c:412]
[Sun Aug  2 17:10:57 2026] [INFO] CSP: RX loop iteration 40, last_err=6 [components/cla/posix/cla_csp.c:405]
[Sun Aug  2 17:10:57 2026] [INFO] CSP: RX waiting - socket=0x555c6a95d9f8, init=1 [components/cla/posix/cla_csp.c:412]
[Sun Aug  2 17:11:07 2026] [INFO] CSP: RX loop iteration 50, last_err=6 [components/cla/posix/cla_csp.c:405]
[Sun Aug  2 17:11:07 2026] [INFO] CSP: RX waiting - socket=0x555c6a95d9f8, init=1 [components/cla/posix/cla_csp.c:412]
[Sun Aug  2 17:11:17 2026] [INFO] CSP: RX loop iteration 60, last_err=6 [components/cla/posix/cla_csp.c:405]
[Sun Aug  2 17:11:17 2026] [INFO] CSP: RX waiting - socket=0x555c6a95d9f8, init=1 [components/cla/posix/cla_csp.c:412]
[Sun Aug  2 17:11:27 2026] [INFO] CSP: RX loop iteration 70, last_err=6 [components/cla/posix/cla_csp.c:405]
[Sun Aug  2 17:11:27 2026] [INFO] CSP: RX waiting - socket=0x555c6a95d9f8, init=1 [components/cla/posix/cla_csp.c:412]
[Sun Aug  2 17:11:37 2026] [INFO] CSP: RX loop iteration 80, last_err=6 [components/cla/posix/cla_csp.c:405]
[Sun Aug  2 17:11:37 2026] [INFO] CSP: RX waiting - socket=0x555c6a95d9f8, init=1 [components/cla/posix/cla_csp.c:412]
[Sun Aug  2 17:11:47 2026] [INFO] CSP: RX loop iteration 90, last_err=6 [components/cla/posix/cla_csp.c:405]
[Sun Aug  2 17:11:47 2026] [INFO] CSP: RX waiting - socket=0x555c6a95d9f8, init=1 [components/cla/posix/cla_csp.c:412]
[Sun Aug  2 17:11:57 2026] [INFO] CSP: RX loop iteration 100, last_err=6 [components/cla/posix/cla_csp.c:405]
[Sun Aug  2 17:11:57 2026] [INFO] CSP: RX waiting - socket=0x555c6a95d9f8, init=1 [components/cla/posix/cla_csp.c:412]
[Sun Aug  2 17:12:07 2026] [INFO] CSP: RX loop iteration 110, last_err=6 [components/cla/posix/cla_csp.c:405]
[Sun Aug  2 17:12:07 2026] [INFO] CSP: RX waiting - socket=0x555c6a95d9f8, init=1 [components/cla/posix/cla_csp.c:412]
[Sun Aug  2 17:12:17 2026] [INFO] CSP: RX loop iteration 120, last_err=6 [components/cla/posix/cla_csp.c:405]
[Sun Aug  2 17:12:17 2026] [INFO] CSP: RX waiting - socket=0x555c6a95d9f8, init=1 [components/cla/posix/cla_csp.c:412]
[Sun Aug  2 17:12:27 2026] [INFO] CSP: RX loop iteration 130, last_err=6 [components/cla/posix/cla_csp.c:405]
[Sun Aug  2 17:12:27 2026] [INFO] CSP: RX waiting - socket=0x555c6a95d9f8, init=1 [components/cla/posix/cla_csp.c:412]
[Sun Aug  2 17:12:37 2026] [INFO] CSP: RX loop iteration 140, last_err=6 [components/cla/posix/cla_csp.c:405]
[Sun Aug  2 17:12:37 2026] [INFO] CSP: RX waiting - socket=0x555c6a95d9f8, init=1 [components/cla/posix/cla_csp.c:412]
[Sun Aug  2 17:12:47 2026] [INFO] CSP: RX loop iteration 150, last_err=6 [components/cla/posix/cla_csp.c:405]
[Sun Aug  2 17:12:47 2026] [INFO] CSP: RX waiting - socket=0x555c6a95d9f8, init=1 [components/cla/posix/cla_csp.c:412]
[Sun Aug  2 17:12:57 2026] [INFO] CSP: RX loop iteration 160, last_err=6 [components/cla/posix/cla_csp.c:405]
[Sun Aug  2 17:12:57 2026] [INFO] CSP: RX waiting - socket=0x555c6a95d9f8, init=1 [components/cla/posix/cla_csp.c:412]
[Sun Aug  2 17:13:07 2026] [INFO] CSP: RX loop iteration 170, last_err=6 [components/cla/posix/cla_csp.c:405]
[Sun Aug  2 17:13:07 2026] [INFO] CSP: RX waiting - socket=0x555c6a95d9f8, init=1 [components/cla/posix/cla_csp.c:412]
[Sun Aug  2 17:13:17 2026] [INFO] CSP: RX loop iteration 180, last_err=6 [components/cla/posix/cla_csp.c:405]
[Sun Aug  2 17:13:17 2026] [INFO] CSP: RX waiting - socket=0x555c6a95d9f8, init=1 [components/cla/posix/cla_csp.c:412]
[Sun Aug  2 17:13:27 2026] [INFO] CSP: RX loop iteration 190, last_err=6 [components/cla/posix/cla_csp.c:405]
[Sun Aug  2 17:13:27 2026] [INFO] CSP: RX waiting - socket=0x555c6a95d9f8, init=1 [components/cla/posix/cla_csp.c:412]
[Sun Aug  2 17:13:37 2026] [INFO] CSP: RX loop iteration 200, last_err=6 [components/cla/posix/cla_csp.c:405]
[Sun Aug  2 17:13:37 2026] [INFO] CSP: RX waiting - socket=0x555c6a95d9f8, init=1 [components/cla/posix/cla_csp.c:412]
[Sun Aug  2 17:13:47 2026] [INFO] CSP: RX loop iteration 210, last_err=6 [components/cla/posix/cla_csp.c:405]
[Sun Aug  2 17:13:47 2026] [INFO] CSP: RX waiting - socket=0x555c6a95d9f8, init=1 [components/cla/posix/cla_csp.c:412]
[Sun Aug  2 17:13:57 2026] [INFO] CSP: RX loop iteration 220, last_err=6 [components/cla/posix/cla_csp.c:405]
[Sun Aug  2 17:13:57 2026] [INFO] CSP: RX waiting - socket=0x555c6a95d9f8, init=1 [components/cla/posix/cla_csp.c:412]
[Sun Aug  2 17:14:07 2026] [INFO] CSP: RX loop iteration 230, last_err=6 [components/cla/posix/cla_csp.c:405]
[Sun Aug  2 17:14:07 2026] [INFO] CSP: RX waiting - socket=0x555c6a95d9f8, init=1 [components/cla/posix/cla_csp.c:412]
[Sun Aug  2 17:14:17 2026] [INFO] CSP: RX loop iteration 240, last_err=6 [components/cla/posix/cla_csp.c:405]
[Sun Aug  2 17:14:17 2026] [INFO] CSP: RX waiting - socket=0x555c6a95d9f8, init=1 [components/cla/posix/cla_csp.c:412]
[Sun Aug  2 17:14:27 2026] [INFO] CSP: RX loop iteration 250, last_err=6 [components/cla/posix/cla_csp.c:405]
[Sun Aug  2 17:14:27 2026] [INFO] CSP: RX waiting - socket=0x555c6a95d9f8, init=1 [components/cla/posix/cla_csp.c:412]
[Sun Aug  2 17:14:37 2026] [INFO] CSP: RX loop iteration 260, last_err=6 [components/cla/posix/cla_csp.c:405]
[Sun Aug  2 17:14:37 2026] [INFO] CSP: RX waiting - socket=0x555c6a95d9f8, init=1 [components/cla/posix/cla_csp.c:412]
[Sun Aug  2 17:14:47 2026] [INFO] CSP: RX loop iteration 270, last_err=6 [components/cla/posix/cla_csp.c:405]
[Sun Aug  2 17:14:47 2026] [INFO] CSP: RX waiting - socket=0x555c6a95d9f8, init=1 [components/cla/posix/cla_csp.c:412]
[Sun Aug  2 17:14:57 2026] [INFO] CSP: RX loop iteration 280, last_err=6 [components/cla/posix/cla_csp.c:405]
[Sun Aug  2 17:14:57 2026] [INFO] CSP: RX waiting - socket=0x555c6a95d9f8, init=1 [components/cla/posix/cla_csp.c:412]
[Sun Aug  2 17:15:07 2026] [INFO] CSP: RX loop iteration 290, last_err=6 [components/cla/posix/cla_csp.c:405]
[Sun Aug  2 17:15:07 2026] [INFO] CSP: RX waiting - socket=0x555c6a95d9f8, init=1 [components/cla/posix/cla_csp.c:412]
[Sun Aug  2 17:15:17 2026] [INFO] CSP: RX loop iteration 300, last_err=6 [components/cla/posix/cla_csp.c:405]
[Sun Aug  2 17:15:17 2026] [INFO] CSP: RX waiting - socket=0x555c6a95d9f8, init=1 [components/cla/posix/cla_csp.c:412]
[Sun Aug  2 17:15:27 2026] [INFO] CSP: RX loop iteration 310, last_err=6 [components/cla/posix/cla_csp.c:405]
[Sun Aug  2 17:15:27 2026] [INFO] CSP: RX waiting - socket=0x555c6a95d9f8, init=1 [components/cla/posix/cla_csp.c:412]
[Sun Aug  2 17:15:37 2026] [INFO] CSP: RX loop iteration 320, last_err=6 [components/cla/posix/cla_csp.c:405]
[Sun Aug  2 17:15:37 2026] [INFO] CSP: RX waiting - socket=0x555c6a95d9f8, init=1 [components/cla/posix/cla_csp.c:412]
[Sun Aug  2 17:15:47 2026] [INFO] CSP: RX loop iteration 330, last_err=6 [components/cla/posix/cla_csp.c:405]
[Sun Aug  2 17:15:47 2026] [INFO] CSP: RX waiting - socket=0x555c6a95d9f8, init=1 [components/cla/posix/cla_csp.c:412]
[Sun Aug  2 17:15:57 2026] [INFO] CSP: RX loop iteration 340, last_err=6 [components/cla/posix/cla_csp.c:405]
[Sun Aug  2 17:15:57 2026] [INFO] CSP: RX waiting - socket=0x555c6a95d9f8, init=1 [components/cla/posix/cla_csp.c:412]
[Sun Aug  2 17:16:07 2026] [INFO] CSP: RX loop iteration 350, last_err=6 [components/cla/posix/cla_csp.c:405]
[Sun Aug  2 17:16:07 2026] [INFO] CSP: RX waiting - socket=0x555c6a95d9f8, init=1 [components/cla/posix/cla_csp.c:412]
[Sun Aug  2 17:16:17 2026] [INFO] CSP: RX loop iteration 360, last_err=6 [components/cla/posix/cla_csp.c:405]
[Sun Aug  2 17:16:17 2026] [INFO] CSP: RX waiting - socket=0x555c6a95d9f8, init=1 [components/cla/posix/cla_csp.c:412]
[Sun Aug  2 17:16:27 2026] [INFO] CSP: RX loop iteration 370, last_err=6 [components/cla/posix/cla_csp.c:405]
[Sun Aug  2 17:16:27 2026] [INFO] CSP: RX waiting - socket=0x555c6a95d9f8, init=1 [components/cla/posix/cla_csp.c:412]
[Sun Aug  2 17:16:37 2026] [INFO] CSP: RX loop iteration 380, last_err=6 [components/cla/posix/cla_csp.c:405]
[Sun Aug  2 17:16:37 2026] [INFO] CSP: RX waiting - socket=0x555c6a95d9f8, init=1 [components/cla/posix/cla_csp.c:412]
[Sun Aug  2 17:16:47 2026] [INFO] CSP: RX loop iteration 390, last_err=6 [components/cla/posix/cla_csp.c:405]
[Sun Aug  2 17:16:47 2026] [INFO] CSP: RX waiting - socket=0x555c6a95d9f8, init=1 [components/cla/posix/cla_csp.c:412]
[Sun Aug  2 17:16:57 2026] [INFO] CSP: RX loop iteration 400, last_err=6 [components/cla/posix/cla_csp.c:405]
[Sun Aug  2 17:16:57 2026] [INFO] CSP: RX waiting - socket=0x555c6a95d9f8, init=1 [components/cla/posix/cla_csp.c:412]
[Sun Aug  2 17:17:07 2026] [INFO] CSP: RX loop iteration 410, last_err=6 [components/cla/posix/cla_csp.c:405]
[Sun Aug  2 17:17:07 2026] [INFO] CSP: RX waiting - socket=0x555c6a95d9f8, init=1 [components/cla/posix/cla_csp.c:412]
[Sun Aug  2 17:17:17 2026] [INFO] CSP: RX loop iteration 420, last_err=6 [components/cla/posix/cla_csp.c:405]
[Sun Aug  2 17:17:17 2026] [INFO] CSP: RX waiting - socket=0x555c6a95d9f8, init=1 [components/cla/posix/cla_csp.c:412]
[Sun Aug  2 17:17:27 2026] [INFO] CSP: RX loop iteration 430, last_err=6 [components/cla/posix/cla_csp.c:405]
[Sun Aug  2 17:17:27 2026] [INFO] CSP: RX waiting - socket=0x555c6a95d9f8, init=1 [components/cla/posix/cla_csp.c:412]
[Sun Aug  2 17:17:37 2026] [INFO] CSP: RX loop iteration 440, last_err=6 [components/cla/posix/cla_csp.c:405]
[Sun Aug  2 17:17:37 2026] [INFO] CSP: RX waiting - socket=0x555c6a95d9f8, init=1 [components/cla/posix/cla_csp.c:412]
[Sun Aug  2 17:17:47 2026] [INFO] CSP: RX loop iteration 450, last_err=6 [components/cla/posix/cla_csp.c:405]
[Sun Aug  2 17:17:47 2026] [INFO] CSP: RX waiting - socket=0x555c6a95d9f8, init=1 [components/cla/posix/cla_csp.c:412]
[Sun Aug  2 17:17:57 2026] [INFO] CSP: RX loop iteration 460, last_err=6 [components/cla/posix/cla_csp.c:405]
[Sun Aug  2 17:17:57 2026] [INFO] CSP: RX waiting - socket=0x555c6a95d9f8, init=1 [components/cla/posix/cla_csp.c:412]
[Sun Aug  2 17:18:07 2026] [INFO] CSP: RX loop iteration 470, last_err=6 [components/cla/posix/cla_csp.c:405]
[Sun Aug  2 17:18:07 2026] [INFO] CSP: RX waiting - socket=0x555c6a95d9f8, init=1 [components/cla/posix/cla_csp.c:412]
[Sun Aug  2 17:18:17 2026] [INFO] CSP: RX loop iteration 480, last_err=6 [components/cla/posix/cla_csp.c:405]
[Sun Aug  2 17:18:17 2026] [INFO] CSP: RX waiting - socket=0x555c6a95d9f8, init=1 [components/cla/posix/cla_csp.c:412]
[Sun Aug  2 17:18:27 2026] [INFO] CSP: RX loop iteration 490, last_err=6 [components/cla/posix/cla_csp.c:405]
[Sun Aug  2 17:18:27 2026] [INFO] CSP: RX waiting - socket=0x555c6a95d9f8, init=1 [components/cla/posix/cla_csp.c:412]
[Sun Aug  2 17:18:37 2026] [INFO] CSP: RX loop iteration 500, last_err=6 [components/cla/posix/cla_csp.c:405]
[Sun Aug  2 17:18:37 2026] [INFO] CSP: RX waiting - socket=0x555c6a95d9f8, init=1 [components/cla/posix/cla_csp.c:412]
[Sun Aug  2 17:18:47 2026] [INFO] CSP: RX loop iteration 510, last_err=6 [components/cla/posix/cla_csp.c:405]
[Sun Aug  2 17:18:47 2026] [INFO] CSP: RX waiting - socket=0x555c6a95d9f8, init=1 [components/cla/posix/cla_csp.c:412]
[Sun Aug  2 17:18:57 2026] [INFO] CSP: RX loop iteration 520, last_err=6 [components/cla/posix/cla_csp.c:405]
[Sun Aug  2 17:18:57 2026] [INFO] CSP: RX waiting - socket=0x555c6a95d9f8, init=1 [components/cla/posix/cla_csp.c:412]
[Sun Aug  2 17:19:07 2026] [INFO] CSP: RX loop iteration 530, last_err=6 [components/cla/posix/cla_csp.c:405]
[Sun Aug  2 17:19:07 2026] [INFO] CSP: RX waiting - socket=0x555c6a95d9f8, init=1 [components/cla/posix/cla_csp.c:412]
[Sun Aug  2 17:19:17 2026] [INFO] CSP: RX loop iteration 540, last_err=6 [components/cla/posix/cla_csp.c:405]
[Sun Aug  2 17:19:17 2026] [INFO] CSP: RX waiting - socket=0x555c6a95d9f8, init=1 [components/cla/posix/cla_csp.c:412]
[Sun Aug  2 17:19:27 2026] [INFO] CSP: RX loop iteration 550, last_err=6 [components/cla/posix/cla_csp.c:405]
[Sun Aug  2 17:19:27 2026] [INFO] CSP: RX waiting - socket=0x555c6a95d9f8, init=1 [components/cla/posix/cla_csp.c:412]
[Sun Aug  2 17:19:37 2026] [INFO] CSP: RX loop iteration 560, last_err=6 [components/cla/posix/cla_csp.c:405]
[Sun Aug  2 17:19:37 2026] [INFO] CSP: RX waiting - socket=0x555c6a95d9f8, init=1 [components/cla/posix/cla_csp.c:412]
[Sun Aug  2 17:19:47 2026] [INFO] CSP: RX loop iteration 570, last_err=6 [components/cla/posix/cla_csp.c:405]
[Sun Aug  2 17:19:47 2026] [INFO] CSP: RX waiting - socket=0x555c6a95d9f8, init=1 [components/cla/posix/cla_csp.c:412]
[Sun Aug  2 17:19:57 2026] [INFO] CSP: RX loop iteration 580, last_err=6 [components/cla/posix/cla_csp.c:405]
[Sun Aug  2 17:19:57 2026] [INFO] CSP: RX waiting - socket=0x555c6a95d9f8, init=1 [components/cla/posix/cla_csp.c:412]
[Sun Aug  2 17:20:07 2026] [INFO] CSP: RX loop iteration 590, last_err=6 [components/cla/posix/cla_csp.c:405]
[Sun Aug  2 17:20:07 2026] [INFO] CSP: RX waiting - socket=0x555c6a95d9f8, init=1 [components/cla/posix/cla_csp.c:412]
[Sun Aug  2 17:20:17 2026] [INFO] CSP: RX loop iteration 600, last_err=6 [components/cla/posix/cla_csp.c:405]
[Sun Aug  2 17:20:17 2026] [INFO] CSP: RX waiting - socket=0x555c6a95d9f8, init=1 [components/cla/posix/cla_csp.c:412]
[Sun Aug  2 17:20:27 2026] [INFO] CSP: RX loop iteration 610, last_err=6 [components/cla/posix/cla_csp.c:405]
[Sun Aug  2 17:20:27 2026] [INFO] CSP: RX waiting - socket=0x555c6a95d9f8, init=1 [components/cla/posix/cla_csp.c:412]
[Sun Aug  2 17:20:37 2026] [INFO] CSP: RX loop iteration 620, last_err=6 [components/cla/posix/cla_csp.c:405]
[Sun Aug  2 17:20:37 2026] [INFO] CSP: RX waiting - socket=0x555c6a95d9f8, init=1 [components/cla/posix/cla_csp.c:412]
[Sun Aug  2 17:20:47 2026] [INFO] CSP: RX loop iteration 630, last_err=6 [components/cla/posix/cla_csp.c:405]
[Sun Aug  2 17:20:47 2026] [INFO] CSP: RX waiting - socket=0x555c6a95d9f8, init=1 [components/cla/posix/cla_csp.c:412]
[Sun Aug  2 17:20:57 2026] [INFO] CSP: RX loop iteration 640, last_err=6 [components/cla/posix/cla_csp.c:405]
[Sun Aug  2 17:20:57 2026] [INFO] CSP: RX waiting - socket=0x555c6a95d9f8, init=1 [components/cla/posix/cla_csp.c:412]
[Sun Aug  2 17:21:07 2026] [INFO] CSP: RX loop iteration 650, last_err=6 [components/cla/posix/cla_csp.c:405]
[Sun Aug  2 17:21:07 2026] [INFO] CSP: RX waiting - socket=0x555c6a95d9f8, init=1 [components/cla/posix/cla_csp.c:412]
[Sun Aug  2 17:21:17 2026] [INFO] CSP: RX loop iteration 660, last_err=6 [components/cla/posix/cla_csp.c:405]
[Sun Aug  2 17:21:17 2026] [INFO] CSP: RX waiting - socket=0x555c6a95d9f8, init=1 [components/cla/posix/cla_csp.c:412]
[Sun Aug  2 17:21:27 2026] [INFO] CSP: RX loop iteration 670, last_err=6 [components/cla/posix/cla_csp.c:405]
[Sun Aug  2 17:21:27 2026] [INFO] CSP: RX waiting - socket=0x555c6a95d9f8, init=1 [components/cla/posix/cla_csp.c:412]
[Sun Aug  2 17:21:37 2026] [INFO] CSP: RX loop iteration 680, last_err=6 [components/cla/posix/cla_csp.c:405]
[Sun Aug  2 17:21:37 2026] [INFO] CSP: RX waiting - socket=0x555c6a95d9f8, init=1 [components/cla/posix/cla_csp.c:412]
[Sun Aug  2 17:21:47 2026] [INFO] CSP: RX loop iteration 690, last_err=6 [components/cla/posix/cla_csp.c:405]
[Sun Aug  2 17:21:47 2026] [INFO] CSP: RX waiting - socket=0x555c6a95d9f8, init=1 [components/cla/posix/cla_csp.c:412]
[Sun Aug  2 17:21:57 2026] [INFO] CSP: RX loop iteration 700, last_err=6 [components/cla/posix/cla_csp.c:405]
[Sun Aug  2 17:21:57 2026] [INFO] CSP: RX waiting - socket=0x555c6a95d9f8, init=1 [components/cla/posix/cla_csp.c:412]
[Sun Aug  2 17:22:07 2026] [INFO] CSP: RX loop iteration 710, last_err=6 [components/cla/posix/cla_csp.c:405]
[Sun Aug  2 17:22:07 2026] [INFO] CSP: RX waiting - socket=0x555c6a95d9f8, init=1 [components/cla/posix/cla_csp.c:412]
[Sun Aug  2 17:22:17 2026] [INFO] CSP: RX loop iteration 720, last_err=6 [components/cla/posix/cla_csp.c:405]
[Sun Aug  2 17:22:17 2026] [INFO] CSP: RX waiting - socket=0x555c6a95d9f8, init=1 [components/cla/posix/cla_csp.c:412]
[Sun Aug  2 17:22:27 2026] [INFO] CSP: RX loop iteration 730, last_err=6 [components/cla/posix/cla_csp.c:405]
[Sun Aug  2 17:22:27 2026] [INFO] CSP: RX waiting - socket=0x555c6a95d9f8, init=1 [components/cla/posix/cla_csp.c:412]
[Sun Aug  2 17:22:37 2026] [INFO] CSP: RX loop iteration 740, last_err=6 [components/cla/posix/cla_csp.c:405]
[Sun Aug  2 17:22:37 2026] [INFO] CSP: RX waiting - socket=0x555c6a95d9f8, init=1 [components/cla/posix/cla_csp.c:412]
[Sun Aug  2 17:22:47 2026] [INFO] CSP: RX loop iteration 750, last_err=6 [components/cla/posix/cla_csp.c:405]
[Sun Aug  2 17:22:47 2026] [INFO] CSP: RX waiting - socket=0x555c6a95d9f8, init=1 [components/cla/posix/cla_csp.c:412]
[Sun Aug  2 17:22:57 2026] [INFO] CSP: RX loop iteration 760, last_err=6 [components/cla/posix/cla_csp.c:405]
[Sun Aug  2 17:22:57 2026] [INFO] CSP: RX waiting - socket=0x555c6a95d9f8, init=1 [components/cla/posix/cla_csp.c:412]
[Sun Aug  2 17:23:07 2026] [INFO] CSP: RX loop iteration 770, last_err=6 [components/cla/posix/cla_csp.c:405]
[Sun Aug  2 17:23:07 2026] [INFO] CSP: RX waiting - socket=0x555c6a95d9f8, init=1 [components/cla/posix/cla_csp.c:412]
[Sun Aug  2 17:23:17 2026] [INFO] CSP: RX loop iteration 780, last_err=6 [components/cla/posix/cla_csp.c:405]
[Sun Aug  2 17:23:17 2026] [INFO] CSP: RX waiting - socket=0x555c6a95d9f8, init=1 [components/cla/posix/cla_csp.c:412]
[Sun Aug  2 17:23:27 2026] [INFO] CSP: RX loop iteration 790, last_err=6 [components/cla/posix/cla_csp.c:405]
[Sun Aug  2 17:23:27 2026] [INFO] CSP: RX waiting - socket=0x555c6a95d9f8, init=1 [components/cla/posix/cla_csp.c:412]
[Sun Aug  2 17:23:37 2026] [INFO] CSP: RX loop iteration 800, last_err=6 [components/cla/posix/cla_csp.c:405]
[Sun Aug  2 17:23:37 2026] [INFO] CSP: RX waiting - socket=0x555c6a95d9f8, init=1 [components/cla/posix/cla_csp.c:412]
[Sun Aug  2 17:23:47 2026] [INFO] CSP: RX loop iteration 810, last_err=6 [components/cla/posix/cla_csp.c:405]
[Sun Aug  2 17:23:47 2026] [INFO] CSP: RX waiting - socket=0x555c6a95d9f8, init=1 [components/cla/posix/cla_csp.c:412]
[Sun Aug  2 17:23:57 2026] [INFO] CSP: RX loop iteration 820, last_err=6 [components/cla/posix/cla_csp.c:405]
[Sun Aug  2 17:23:57 2026] [INFO] CSP: RX waiting - socket=0x555c6a95d9f8, init=1 [components/cla/posix/cla_csp.c:412]
[Sun Aug  2 17:24:07 2026] [INFO] CSP: RX loop iteration 830, last_err=6 [components/cla/posix/cla_csp.c:405]
[Sun Aug  2 17:24:07 2026] [INFO] CSP: RX waiting - socket=0x555c6a95d9f8, init=1 [components/cla/posix/cla_csp.c:412]
[Sun Aug  2 17:24:17 2026] [INFO] CSP: RX loop iteration 840, last_err=6 [components/cla/posix/cla_csp.c:405]
[Sun Aug  2 17:24:17 2026] [INFO] CSP: RX waiting - socket=0x555c6a95d9f8, init=1 [components/cla/posix/cla_csp.c:412]
[Sun Aug  2 17:24:27 2026] [INFO] CSP: RX loop iteration 850, last_err=6 [components/cla/posix/cla_csp.c:405]
[Sun Aug  2 17:24:27 2026] [INFO] CSP: RX waiting - socket=0x555c6a95d9f8, init=1 [components/cla/posix/cla_csp.c:412]
[Sun Aug  2 17:24:37 2026] [INFO] CSP: RX loop iteration 860, last_err=6 [components/cla/posix/cla_csp.c:405]
[Sun Aug  2 17:24:37 2026] [INFO] CSP: RX waiting - socket=0x555c6a95d9f8, init=1 [components/cla/posix/cla_csp.c:412]
[Sun Aug  2 17:24:47 2026] [INFO] CSP: RX loop iteration 870, last_err=6 [components/cla/posix/cla_csp.c:405]
[Sun Aug  2 17:24:47 2026] [INFO] CSP: RX waiting - socket=0x555c6a95d9f8, init=1 [components/cla/posix/cla_csp.c:412]
[Sun Aug  2 17:24:57 2026] [INFO] CSP: RX loop iteration 880, last_err=6 [components/cla/posix/cla_csp.c:405]
[Sun Aug  2 17:24:57 2026] [INFO] CSP: RX waiting - socket=0x555c6a95d9f8, init=1 [components/cla/posix/cla_csp.c:412]
[Sun Aug  2 17:25:07 2026] [INFO] CSP: RX loop iteration 890, last_err=6 [components/cla/posix/cla_csp.c:405]
[Sun Aug  2 17:25:07 2026] [INFO] CSP: RX waiting - socket=0x555c6a95d9f8, init=1 [components/cla/posix/cla_csp.c:412]
[Sun Aug  2 17:25:17 2026] [INFO] CSP: RX loop iteration 900, last_err=6 [components/cla/posix/cla_csp.c:405]
[Sun Aug  2 17:25:17 2026] [INFO] CSP: RX waiting - socket=0x555c6a95d9f8, init=1 [components/cla/posix/cla_csp.c:412]
[Sun Aug  2 17:25:27 2026] [INFO] CSP: RX loop iteration 910, last_err=6 [components/cla/posix/cla_csp.c:405]
[Sun Aug  2 17:25:27 2026] [INFO] CSP: RX waiting - socket=0x555c6a95d9f8, init=1 [components/cla/posix/cla_csp.c:412]
[Sun Aug  2 17:25:37 2026] [INFO] CSP: RX loop iteration 920, last_err=6 [components/cla/posix/cla_csp.c:405]
[Sun Aug  2 17:25:37 2026] [INFO] CSP: RX waiting - socket=0x555c6a95d9f8, init=1 [components/cla/posix/cla_csp.c:412]
[Sun Aug  2 17:25:47 2026] [INFO] CSP: RX loop iteration 930, last_err=6 [components/cla/posix/cla_csp.c:405]
[Sun Aug  2 17:25:47 2026] [INFO] CSP: RX waiting - socket=0x555c6a95d9f8, init=1 [components/cla/posix/cla_csp.c:412]
[Sun Aug  2 17:25:57 2026] [INFO] CSP: RX loop iteration 940, last_err=6 [components/cla/posix/cla_csp.c:405]
[Sun Aug  2 17:25:57 2026] [INFO] CSP: RX waiting - socket=0x555c6a95d9f8, init=1 [components/cla/posix/cla_csp.c:412]
[Sun Aug  2 17:26:07 2026] [INFO] CSP: RX loop iteration 950, last_err=6 [components/cla/posix/cla_csp.c:405]
[Sun Aug  2 17:26:07 2026] [INFO] CSP: RX waiting - socket=0x555c6a95d9f8, init=1 [components/cla/posix/cla_csp.c:412]
[Sun Aug  2 17:26:17 2026] [INFO] CSP: RX loop iteration 960, last_err=6 [components/cla/posix/cla_csp.c:405]
[Sun Aug  2 17:26:17 2026] [INFO] CSP: RX waiting - socket=0x555c6a95d9f8, init=1 [components/cla/posix/cla_csp.c:412]
[Sun Aug  2 17:26:27 2026] [INFO] CSP: RX loop iteration 970, last_err=6 [components/cla/posix/cla_csp.c:405]
[Sun Aug  2 17:26:27 2026] [INFO] CSP: RX waiting - socket=0x555c6a95d9f8, init=1 [components/cla/posix/cla_csp.c:412]
[Sun Aug  2 17:26:37 2026] [INFO] CSP: RX loop iteration 980, last_err=6 [components/cla/posix/cla_csp.c:405]
[Sun Aug  2 17:26:37 2026] [INFO] CSP: RX waiting - socket=0x555c6a95d9f8, init=1 [components/cla/posix/cla_csp.c:412]
[Sun Aug  2 17:26:48 2026] [INFO] CSP: RX loop iteration 990, last_err=6 [components/cla/posix/cla_csp.c:405]
[Sun Aug  2 17:26:48 2026] [INFO] CSP: RX waiting - socket=0x555c6a95d9f8, init=1 [components/cla/posix/cla_csp.c:412]
[Sun Aug  2 17:26:58 2026] [INFO] CSP: RX loop iteration 1000, last_err=6 [components/cla/posix/cla_csp.c:405]
[Sun Aug  2 17:26:58 2026] [INFO] CSP: RX waiting - socket=0x555c6a95d9f8, init=1 [components/cla/posix/cla_csp.c:412]
[Sun Aug  2 17:27:08 2026] [INFO] CSP: RX loop iteration 1010, last_err=6 [components/cla/posix/cla_csp.c:405]
[Sun Aug  2 17:27:08 2026] [INFO] CSP: RX waiting - socket=0x555c6a95d9f8, init=1 [components/cla/posix/cla_csp.c:412]
[Sun Aug  2 17:27:18 2026] [INFO] CSP: RX loop iteration 1020, last_err=6 [components/cla/posix/cla_csp.c:405]
[Sun Aug  2 17:27:18 2026] [INFO] CSP: RX waiting - socket=0x555c6a95d9f8, init=1 [components/cla/posix/cla_csp.c:412]
[Sun Aug  2 17:27:28 2026] [INFO] CSP: RX loop iteration 1030, last_err=6 [components/cla/posix/cla_csp.c:405]
[Sun Aug  2 17:27:28 2026] [INFO] CSP: RX waiting - socket=0x555c6a95d9f8, init=1 [components/cla/posix/cla_csp.c:412]
[Sun Aug  2 17:27:38 2026] [INFO] CSP: RX loop iteration 1040, last_err=6 [components/cla/posix/cla_csp.c:405]
[Sun Aug  2 17:27:38 2026] [INFO] CSP: RX waiting - socket=0x555c6a95d9f8, init=1 [components/cla/posix/cla_csp.c:412]
[Sun Aug  2 17:27:48 2026] [INFO] CSP: RX loop iteration 1050, last_err=6 [components/cla/posix/cla_csp.c:405]
[Sun Aug  2 17:27:48 2026] [INFO] CSP: RX waiting - socket=0x555c6a95d9f8, init=1 [components/cla/posix/cla_csp.c:412]
[Sun Aug  2 17:27:58 2026] [INFO] CSP: RX loop iteration 1060, last_err=6 [components/cla/posix/cla_csp.c:405]
[Sun Aug  2 17:27:58 2026] [INFO] CSP: RX waiting - socket=0x555c6a95d9f8, init=1 [components/cla/posix/cla_csp.c:412]
[Sun Aug  2 17:28:08 2026] [INFO] CSP: RX loop iteration 1070, last_err=6 [components/cla/posix/cla_csp.c:405]
[Sun Aug  2 17:28:08 2026] [INFO] CSP: RX waiting - socket=0x555c6a95d9f8, init=1 [components/cla/posix/cla_csp.c:412]
[Sun Aug  2 17:28:18 2026] [INFO] CSP: RX loop iteration 1080, last_err=6 [components/cla/posix/cla_csp.c:405]
[Sun Aug  2 17:28:18 2026] [INFO] CSP: RX waiting - socket=0x555c6a95d9f8, init=1 [components/cla/posix/cla_csp.c:412]
[Sun Aug  2 17:28:28 2026] [INFO] CSP: RX loop iteration 1090, last_err=6 [components/cla/posix/cla_csp.c:405]
[Sun Aug  2 17:28:28 2026] [INFO] CSP: RX waiting - socket=0x555c6a95d9f8, init=1 [components/cla/posix/cla_csp.c:412]
[Sun Aug  2 17:28:38 2026] [INFO] CSP: RX loop iteration 1100, last_err=6 [components/cla/posix/cla_csp.c:405]
[Sun Aug  2 17:28:38 2026] [INFO] CSP: RX waiting - socket=0x555c6a95d9f8, init=1 [components/cla/posix/cla_csp.c:412]
[Sun Aug  2 17:28:48 2026] [INFO] CSP: RX loop iteration 1110, last_err=6 [components/cla/posix/cla_csp.c:405]
[Sun Aug  2 17:28:48 2026] [INFO] CSP: RX waiting - socket=0x555c6a95d9f8, init=1 [components/cla/posix/cla_csp.c:412]
[Sun Aug  2 17:28:58 2026] [INFO] CSP: RX loop iteration 1120, last_err=6 [components/cla/posix/cla_csp.c:405]
[Sun Aug  2 17:28:58 2026] [INFO] CSP: RX waiting - socket=0x555c6a95d9f8, init=1 [components/cla/posix/cla_csp.c:412]
[Sun Aug  2 17:29:08 2026] [INFO] CSP: RX loop iteration 1130, last_err=6 [components/cla/posix/cla_csp.c:405]
[Sun Aug  2 17:29:08 2026] [INFO] CSP: RX waiting - socket=0x555c6a95d9f8, init=1 [components/cla/posix/cla_csp.c:412]
[Sun Aug  2 17:29:18 2026] [INFO] CSP: RX loop iteration 1140, last_err=6 [components/cla/posix/cla_csp.c:405]
[Sun Aug  2 17:29:18 2026] [INFO] CSP: RX waiting - socket=0x555c6a95d9f8, init=1 [components/cla/posix/cla_csp.c:412]
[Sun Aug  2 17:29:28 2026] [INFO] CSP: RX loop iteration 1150, last_err=6 [components/cla/posix/cla_csp.c:405]
[Sun Aug  2 17:29:28 2026] [INFO] CSP: RX waiting - socket=0x555c6a95d9f8, init=1 [components/cla/posix/cla_csp.c:412]
[Sun Aug  2 17:29:38 2026] [INFO] CSP: RX loop iteration 1160, last_err=6 [components/cla/posix/cla_csp.c:405]
[Sun Aug  2 17:29:38 2026] [INFO] CSP: RX waiting - socket=0x555c6a95d9f8, init=1 [components/cla/posix/cla_csp.c:412]
[Sun Aug  2 17:29:48 2026] [INFO] CSP: RX loop iteration 1170, last_err=6 [components/cla/posix/cla_csp.c:405]
[Sun Aug  2 17:29:48 2026] [INFO] CSP: RX waiting - socket=0x555c6a95d9f8, init=1 [components/cla/posix/cla_csp.c:412]
[Sun Aug  2 17:29:58 2026] [INFO] CSP: RX loop iteration 1180, last_err=6 [components/cla/posix/cla_csp.c:405]
[Sun Aug  2 17:29:58 2026] [INFO] CSP: RX waiting - socket=0x555c6a95d9f8, init=1 [components/cla/posix/cla_csp.c:412]
[Sun Aug  2 17:30:08 2026] [INFO] CSP: RX loop iteration 1190, last_err=6 [components/cla/posix/cla_csp.c:405]
[Sun Aug  2 17:30:08 2026] [INFO] CSP: RX waiting - socket=0x555c6a95d9f8, init=1 [components/cla/posix/cla_csp.c:412]
[Sun Aug  2 17:30:18 2026] [INFO] CSP: RX loop iteration 1200, last_err=6 [components/cla/posix/cla_csp.c:405]
[Sun Aug  2 17:30:18 2026] [INFO] CSP: RX waiting - socket=0x555c6a95d9f8, init=1 [components/cla/posix/cla_csp.c:412]
[Sun Aug  2 17:30:28 2026] [INFO] CSP: RX loop iteration 1210, last_err=6 [components/cla/posix/cla_csp.c:405]
[Sun Aug  2 17:30:28 2026] [INFO] CSP: RX waiting - socket=0x555c6a95d9f8, init=1 [components/cla/posix/cla_csp.c:412]
[Sun Aug  2 17:30:38 2026] [INFO] CSP: RX loop iteration 1220, last_err=6 [components/cla/posix/cla_csp.c:405]
[Sun Aug  2 17:30:38 2026] [INFO] CSP: RX waiting - socket=0x555c6a95d9f8, init=1 [components/cla/posix/cla_csp.c:412]
[Sun Aug  2 17:30:48 2026] [INFO] CSP: RX loop iteration 1230, last_err=6 [components/cla/posix/cla_csp.c:405]
[Sun Aug  2 17:30:48 2026] [INFO] CSP: RX waiting - socket=0x555c6a95d9f8, init=1 [components/cla/posix/cla_csp.c:412]
[Sun Aug  2 17:30:58 2026] [INFO] CSP: RX loop iteration 1240, last_err=6 [components/cla/posix/cla_csp.c:405]
[Sun Aug  2 17:30:58 2026] [INFO] CSP: RX waiting - socket=0x555c6a95d9f8, init=1 [components/cla/posix/cla_csp.c:412]
[Sun Aug  2 17:31:08 2026] [INFO] CSP: RX loop iteration 1250, last_err=6 [components/cla/posix/cla_csp.c:405]
[Sun Aug  2 17:31:08 2026] [INFO] CSP: RX waiting - socket=0x555c6a95d9f8, init=1 [components/cla/posix/cla_csp.c:412]
[Sun Aug  2 17:31:18 2026] [INFO] CSP: RX loop iteration 1260, last_err=6 [components/cla/posix/cla_csp.c:405]
[Sun Aug  2 17:31:18 2026] [INFO] CSP: RX waiting - socket=0x555c6a95d9f8, init=1 [components/cla/posix/cla_csp.c:412]
[Sun Aug  2 17:31:28 2026] [INFO] CSP: RX loop iteration 1270, last_err=6 [components/cla/posix/cla_csp.c:405]
[Sun Aug  2 17:31:28 2026] [INFO] CSP: RX waiting - socket=0x555c6a95d9f8, init=1 [components/cla/posix/cla_csp.c:412]
[Sun Aug  2 17:31:38 2026] [INFO] CSP: RX loop iteration 1280, last_err=6 [components/cla/posix/cla_csp.c:405]
[Sun Aug  2 17:31:38 2026] [INFO] CSP: RX waiting - socket=0x555c6a95d9f8, init=1 [components/cla/posix/cla_csp.c:412]
[Sun Aug  2 17:31:48 2026] [INFO] CSP: RX loop iteration 1290, last_err=6 [components/cla/posix/cla_csp.c:405]
[Sun Aug  2 17:31:48 2026] [INFO] CSP: RX waiting - socket=0x555c6a95d9f8, init=1 [components/cla/posix/cla_csp.c:412]
[Sun Aug  2 17:31:58 2026] [INFO] CSP: RX loop iteration 1300, last_err=6 [components/cla/posix/cla_csp.c:405]
[Sun Aug  2 17:31:58 2026] [INFO] CSP: RX waiting - socket=0x555c6a95d9f8, init=1 [components/cla/posix/cla_csp.c:412]
[Sun Aug  2 17:32:08 2026] [INFO] CSP: RX loop iteration 1310, last_err=6 [components/cla/posix/cla_csp.c:405]
[Sun Aug  2 17:32:08 2026] [INFO] CSP: RX waiting - socket=0x555c6a95d9f8, init=1 [components/cla/posix/cla_csp.c:412]
[Sun Aug  2 17:32:18 2026] [INFO] CSP: RX loop iteration 1320, last_err=6 [components/cla/posix/cla_csp.c:405]
[Sun Aug  2 17:32:18 2026] [INFO] CSP: RX waiting - socket=0x555c6a95d9f8, init=1 [components/cla/posix/cla_csp.c:412]
[Sun Aug  2 17:32:28 2026] [INFO] CSP: RX loop iteration 1330, last_err=6 [components/cla/posix/cla_csp.c:405]
[Sun Aug  2 17:32:28 2026] [INFO] CSP: RX waiting - socket=0x555c6a95d9f8, init=1 [components/cla/posix/cla_csp.c:412]
[Sun Aug  2 17:32:38 2026] [INFO] CSP: RX loop iteration 1340, last_err=6 [components/cla/posix/cla_csp.c:405]
[Sun Aug  2 17:32:38 2026] [INFO] CSP: RX waiting - socket=0x555c6a95d9f8, init=1 [components/cla/posix/cla_csp.c:412]
[Sun Aug  2 17:32:48 2026] [INFO] CSP: RX loop iteration 1350, last_err=6 [components/cla/posix/cla_csp.c:405]
[Sun Aug  2 17:32:48 2026] [INFO] CSP: RX waiting - socket=0x555c6a95d9f8, init=1 [components/cla/posix/cla_csp.c:412]
[Sun Aug  2 17:32:58 2026] [INFO] CSP: RX loop iteration 1360, last_err=6 [components/cla/posix/cla_csp.c:405]
[Sun Aug  2 17:32:58 2026] [INFO] CSP: RX waiting - socket=0x555c6a95d9f8, init=1 [components/cla/posix/cla_csp.c:412]
[Sun Aug  2 17:33:08 2026] [INFO] CSP: RX loop iteration 1370, last_err=6 [components/cla/posix/cla_csp.c:405]
[Sun Aug  2 17:33:08 2026] [INFO] CSP: RX waiting - socket=0x555c6a95d9f8, init=1 [components/cla/posix/cla_csp.c:412]
[Sun Aug  2 17:33:18 2026] [INFO] CSP: RX loop iteration 1380, last_err=6 [components/cla/posix/cla_csp.c:405]
[Sun Aug  2 17:33:18 2026] [INFO] CSP: RX waiting - socket=0x555c6a95d9f8, init=1 [components/cla/posix/cla_csp.c:412]
[Sun Aug  2 17:33:28 2026] [INFO] CSP: RX loop iteration 1390, last_err=6 [components/cla/posix/cla_csp.c:405]
[Sun Aug  2 17:33:28 2026] [INFO] CSP: RX waiting - socket=0x555c6a95d9f8, init=1 [components/cla/posix/cla_csp.c:412]
[Sun Aug  2 17:33:38 2026] [INFO] CSP: RX loop iteration 1400, last_err=6 [components/cla/posix/cla_csp.c:405]
[Sun Aug  2 17:33:38 2026] [INFO] CSP: RX waiting - socket=0x555c6a95d9f8, init=1 [components/cla/posix/cla_csp.c:412]
[Sun Aug  2 17:33:48 2026] [INFO] CSP: RX loop iteration 1410, last_err=6 [components/cla/posix/cla_csp.c:405]
[Sun Aug  2 17:33:48 2026] [INFO] CSP: RX waiting - socket=0x555c6a95d9f8, init=1 [components/cla/posix/cla_csp.c:412]
[Sun Aug  2 17:33:58 2026] [INFO] CSP: RX loop iteration 1420, last_err=6 [components/cla/posix/cla_csp.c:405]
[Sun Aug  2 17:33:58 2026] [INFO] CSP: RX waiting - socket=0x555c6a95d9f8, init=1 [components/cla/posix/cla_csp.c:412]
[Sun Aug  2 17:34:08 2026] [INFO] CSP: RX loop iteration 1430, last_err=6 [components/cla/posix/cla_csp.c:405]
[Sun Aug  2 17:34:08 2026] [INFO] CSP: RX waiting - socket=0x555c6a95d9f8, init=1 [components/cla/posix/cla_csp.c:412]
[Sun Aug  2 17:34:18 2026] [INFO] CSP: RX loop iteration 1440, last_err=6 [components/cla/posix/cla_csp.c:405]
[Sun Aug  2 17:34:18 2026] [INFO] CSP: RX waiting - socket=0x555c6a95d9f8, init=1 [components/cla/posix/cla_csp.c:412]
[Sun Aug  2 17:34:28 2026] [INFO] CSP: RX loop iteration 1450, last_err=6 [components/cla/posix/cla_csp.c:405]
[Sun Aug  2 17:34:28 2026] [INFO] CSP: RX waiting - socket=0x555c6a95d9f8, init=1 [components/cla/posix/cla_csp.c:412]
[Sun Aug  2 17:34:38 2026] [INFO] CSP: RX loop iteration 1460, last_err=6 [components/cla/posix/cla_csp.c:405]
[Sun Aug  2 17:34:38 2026] [INFO] CSP: RX waiting - socket=0x555c6a95d9f8, init=1 [components/cla/posix/cla_csp.c:412]
[Sun Aug  2 17:34:48 2026] [INFO] CSP: RX loop iteration 1470, last_err=6 [components/cla/posix/cla_csp.c:405]
[Sun Aug  2 17:34:48 2026] [INFO] CSP: RX waiting - socket=0x555c6a95d9f8, init=1 [components/cla/posix/cla_csp.c:412]
[Sun Aug  2 17:34:58 2026] [INFO] CSP: RX loop iteration 1480, last_err=6 [components/cla/posix/cla_csp.c:405]
[Sun Aug  2 17:34:58 2026] [INFO] CSP: RX waiting - socket=0x555c6a95d9f8, init=1 [components/cla/posix/cla_csp.c:412]
[Sun Aug  2 17:35:08 2026] [INFO] CSP: RX loop iteration 1490, last_err=6 [components/cla/posix/cla_csp.c:405]
[Sun Aug  2 17:35:08 2026] [INFO] CSP: RX waiting - socket=0x555c6a95d9f8, init=1 [components/cla/posix/cla_csp.c:412]
[Sun Aug  2 17:35:18 2026] [INFO] CSP: RX loop iteration 1500, last_err=6 [components/cla/posix/cla_csp.c:405]
[Sun Aug  2 17:35:18 2026] [INFO] CSP: RX waiting - socket=0x555c6a95d9f8, init=1 [components/cla/posix/cla_csp.c:412]
[Sun Aug  2 17:35:28 2026] [INFO] CSP: RX loop iteration 1510, last_err=6 [components/cla/posix/cla_csp.c:405]
[Sun Aug  2 17:35:28 2026] [INFO] CSP: RX waiting - socket=0x555c6a95d9f8, init=1 [components/cla/posix/cla_csp.c:412]
[Sun Aug  2 17:35:38 2026] [INFO] CSP: RX loop iteration 1520, last_err=6 [components/cla/posix/cla_csp.c:405]
[Sun Aug  2 17:35:38 2026] [INFO] CSP: RX waiting - socket=0x555c6a95d9f8, init=1 [components/cla/posix/cla_csp.c:412]
[Sun Aug  2 17:35:48 2026] [INFO] CSP: RX loop iteration 1530, last_err=6 [components/cla/posix/cla_csp.c:405]
[Sun Aug  2 17:35:48 2026] [INFO] CSP: RX waiting - socket=0x555c6a95d9f8, init=1 [components/cla/posix/cla_csp.c:412]
[Sun Aug  2 17:35:58 2026] [INFO] CSP: RX loop iteration 1540, last_err=6 [components/cla/posix/cla_csp.c:405]
[Sun Aug  2 17:35:58 2026] [INFO] CSP: RX waiting - socket=0x555c6a95d9f8, init=1 [components/cla/posix/cla_csp.c:412]
[Sun Aug  2 17:36:08 2026] [INFO] CSP: RX loop iteration 1550, last_err=6 [components/cla/posix/cla_csp.c:405]
[Sun Aug  2 17:36:08 2026] [INFO] CSP: RX waiting - socket=0x555c6a95d9f8, init=1 [components/cla/posix/cla_csp.c:412]
[Sun Aug  2 17:36:18 2026] [INFO] CSP: RX loop iteration 1560, last_err=6 [components/cla/posix/cla_csp.c:405]
[Sun Aug  2 17:36:18 2026] [INFO] CSP: RX waiting - socket=0x555c6a95d9f8, init=1 [components/cla/posix/cla_csp.c:412]
[Sun Aug  2 17:36:28 2026] [INFO] CSP: RX loop iteration 1570, last_err=6 [components/cla/posix/cla_csp.c:405]
[Sun Aug  2 17:36:28 2026] [INFO] CSP: RX waiting - socket=0x555c6a95d9f8, init=1 [components/cla/posix/cla_csp.c:412]
[Sun Aug  2 17:36:38 2026] [INFO] CSP: RX loop iteration 1580, last_err=6 [components/cla/posix/cla_csp.c:405]
[Sun Aug  2 17:36:38 2026] [INFO] CSP: RX waiting - socket=0x555c6a95d9f8, init=1 [components/cla/posix/cla_csp.c:412]
[Sun Aug  2 17:36:48 2026] [INFO] CSP: RX loop iteration 1590, last_err=6 [components/cla/posix/cla_csp.c:405]
[Sun Aug  2 17:36:48 2026] [INFO] CSP: RX waiting - socket=0x555c6a95d9f8, init=1 [components/cla/posix/cla_csp.c:412]
[Sun Aug  2 17:36:58 2026] [INFO] CSP: RX loop iteration 1600, last_err=6 [components/cla/posix/cla_csp.c:405]
[Sun Aug  2 17:36:58 2026] [INFO] CSP: RX waiting - socket=0x555c6a95d9f8, init=1 [components/cla/posix/cla_csp.c:412]
[Sun Aug  2 17:37:08 2026] [INFO] CSP: RX loop iteration 1610, last_err=6 [components/cla/posix/cla_csp.c:405]
[Sun Aug  2 17:37:08 2026] [INFO] CSP: RX waiting - socket=0x555c6a95d9f8, init=1 [components/cla/posix/cla_csp.c:412]
[Sun Aug  2 17:37:18 2026] [INFO] CSP: RX loop iteration 1620, last_err=6 [components/cla/posix/cla_csp.c:405]
[Sun Aug  2 17:37:18 2026] [INFO] CSP: RX waiting - socket=0x555c6a95d9f8, init=1 [components/cla/posix/cla_csp.c:412]
[Sun Aug  2 17:37:28 2026] [INFO] CSP: RX loop iteration 1630, last_err=6 [components/cla/posix/cla_csp.c:405]
[Sun Aug  2 17:37:28 2026] [INFO] CSP: RX waiting - socket=0x555c6a95d9f8, init=1 [components/cla/posix/cla_csp.c:412]
[Sun Aug  2 17:37:38 2026] [INFO] CSP: RX loop iteration 1640, last_err=6 [components/cla/posix/cla_csp.c:405]
[Sun Aug  2 17:37:38 2026] [INFO] CSP: RX waiting - socket=0x555c6a95d9f8, init=1 [components/cla/posix/cla_csp.c:412]
[Sun Aug  2 17:37:48 2026] [INFO] CSP: RX loop iteration 1650, last_err=6 [components/cla/posix/cla_csp.c:405]
[Sun Aug  2 17:37:48 2026] [INFO] CSP: RX waiting - socket=0x555c6a95d9f8, init=1 [components/cla/posix/cla_csp.c:412]
[Sun Aug  2 17:37:58 2026] [INFO] CSP: RX loop iteration 1660, last_err=6 [components/cla/posix/cla_csp.c:405]
[Sun Aug  2 17:37:58 2026] [INFO] CSP: RX waiting - socket=0x555c6a95d9f8, init=1 [components/cla/posix/cla_csp.c:412]
[Sun Aug  2 17:38:08 2026] [INFO] CSP: RX loop iteration 1670, last_err=6 [components/cla/posix/cla_csp.c:405]
[Sun Aug  2 17:38:08 2026] [INFO] CSP: RX waiting - socket=0x555c6a95d9f8, init=1 [components/cla/posix/cla_csp.c:412]
[Sun Aug  2 17:38:18 2026] [INFO] CSP: RX loop iteration 1680, last_err=6 [components/cla/posix/cla_csp.c:405]
[Sun Aug  2 17:38:18 2026] [INFO] CSP: RX waiting - socket=0x555c6a95d9f8, init=1 [components/cla/posix/cla_csp.c:412]
[Sun Aug  2 17:38:28 2026] [INFO] CSP: RX loop iteration 1690, last_err=6 [components/cla/posix/cla_csp.c:405]
[Sun Aug  2 17:38:28 2026] [INFO] CSP: RX waiting - socket=0x555c6a95d9f8, init=1 [components/cla/posix/cla_csp.c:412]
[Sun Aug  2 17:38:38 2026] [INFO] CSP: RX loop iteration 1700, last_err=6 [components/cla/posix/cla_csp.c:405]
[Sun Aug  2 17:38:38 2026] [INFO] CSP: RX waiting - socket=0x555c6a95d9f8, init=1 [components/cla/posix/cla_csp.c:412]
[Sun Aug  2 17:38:48 2026] [INFO] CSP: RX loop iteration 1710, last_err=6 [components/cla/posix/cla_csp.c:405]
[Sun Aug  2 17:38:48 2026] [INFO] CSP: RX waiting - socket=0x555c6a95d9f8, init=1 [components/cla/posix/cla_csp.c:412]
[Sun Aug  2 17:38:58 2026] [INFO] CSP: RX loop iteration 1720, last_err=6 [components/cla/posix/cla_csp.c:405]
[Sun Aug  2 17:38:58 2026] [INFO] CSP: RX waiting - socket=0x555c6a95d9f8, init=1 [components/cla/posix/cla_csp.c:412]
[Sun Aug  2 17:39:08 2026] [INFO] CSP: RX loop iteration 1730, last_err=6 [components/cla/posix/cla_csp.c:405]
[Sun Aug  2 17:39:08 2026] [INFO] CSP: RX waiting - socket=0x555c6a95d9f8, init=1 [components/cla/posix/cla_csp.c:412]
[Sun Aug  2 17:39:18 2026] [INFO] CSP: RX loop iteration 1740, last_err=6 [components/cla/posix/cla_csp.c:405]
[Sun Aug  2 17:39:18 2026] [INFO] CSP: RX waiting - socket=0x555c6a95d9f8, init=1 [components/cla/posix/cla_csp.c:412]
[Sun Aug  2 17:39:28 2026] [INFO] CSP: RX loop iteration 1750, last_err=6 [components/cla/posix/cla_csp.c:405]
[Sun Aug  2 17:39:28 2026] [INFO] CSP: RX waiting - socket=0x555c6a95d9f8, init=1 [components/cla/posix/cla_csp.c:412]
[Sun Aug  2 17:39:38 2026] [INFO] CSP: RX loop iteration 1760, last_err=6 [components/cla/posix/cla_csp.c:405]
[Sun Aug  2 17:39:38 2026] [INFO] CSP: RX waiting - socket=0x555c6a95d9f8, init=1 [components/cla/posix/cla_csp.c:412]
[Sun Aug  2 17:39:48 2026] [INFO] CSP: RX loop iteration 1770, last_err=6 [components/cla/posix/cla_csp.c:405]
[Sun Aug  2 17:39:48 2026] [INFO] CSP: RX waiting - socket=0x555c6a95d9f8, init=1 [components/cla/posix/cla_csp.c:412]
[Sun Aug  2 17:39:58 2026] [INFO] CSP: RX loop iteration 1780, last_err=6 [components/cla/posix/cla_csp.c:405]
[Sun Aug  2 17:39:58 2026] [INFO] CSP: RX waiting - socket=0x555c6a95d9f8, init=1 [components/cla/posix/cla_csp.c:412]
[Sun Aug  2 17:40:08 2026] [INFO] CSP: RX loop iteration 1790, last_err=6 [components/cla/posix/cla_csp.c:405]
[Sun Aug  2 17:40:08 2026] [INFO] CSP: RX waiting - socket=0x555c6a95d9f8, init=1 [components/cla/posix/cla_csp.c:412]
[Sun Aug  2 17:40:18 2026] [INFO] CSP: RX loop iteration 1800, last_err=6 [components/cla/posix/cla_csp.c:405]
[Sun Aug  2 17:40:18 2026] [INFO] CSP: RX waiting - socket=0x555c6a95d9f8, init=1 [components/cla/posix/cla_csp.c:412]
[Sun Aug  2 17:40:28 2026] [INFO] CSP: RX loop iteration 1810, last_err=6 [components/cla/posix/cla_csp.c:405]
[Sun Aug  2 17:40:28 2026] [INFO] CSP: RX waiting - socket=0x555c6a95d9f8, init=1 [components/cla/posix/cla_csp.c:412]
[Sun Aug  2 17:40:38 2026] [INFO] CSP: RX loop iteration 1820, last_err=6 [components/cla/posix/cla_csp.c:405]
[Sun Aug  2 17:40:38 2026] [INFO] CSP: RX waiting - socket=0x555c6a95d9f8, init=1 [components/cla/posix/cla_csp.c:412]
[Sun Aug  2 17:40:48 2026] [INFO] CSP: RX loop iteration 1830, last_err=6 [components/cla/posix/cla_csp.c:405]
[Sun Aug  2 17:40:48 2026] [INFO] CSP: RX waiting - socket=0x555c6a95d9f8, init=1 [components/cla/posix/cla_csp.c:412]
[Sun Aug  2 17:40:58 2026] [INFO] CSP: RX loop iteration 1840, last_err=6 [components/cla/posix/cla_csp.c:405]
[Sun Aug  2 17:40:58 2026] [INFO] CSP: RX waiting - socket=0x555c6a95d9f8, init=1 [components/cla/posix/cla_csp.c:412]
[Sun Aug  2 17:41:08 2026] [INFO] CSP: RX loop iteration 1850, last_err=6 [components/cla/posix/cla_csp.c:405]
[Sun Aug  2 17:41:08 2026] [INFO] CSP: RX waiting - socket=0x555c6a95d9f8, init=1 [components/cla/posix/cla_csp.c:412]
[Sun Aug  2 17:41:18 2026] [INFO] CSP: RX loop iteration 1860, last_err=6 [components/cla/posix/cla_csp.c:405]
[Sun Aug  2 17:41:18 2026] [INFO] CSP: RX waiting - socket=0x555c6a95d9f8, init=1 [components/cla/posix/cla_csp.c:412]
[Sun Aug  2 17:41:28 2026] [INFO] CSP: RX loop iteration 1870, last_err=6 [components/cla/posix/cla_csp.c:405]
[Sun Aug  2 17:41:28 2026] [INFO] CSP: RX waiting - socket=0x555c6a95d9f8, init=1 [components/cla/posix/cla_csp.c:412]
[Sun Aug  2 17:41:38 2026] [INFO] CSP: RX loop iteration 1880, last_err=6 [components/cla/posix/cla_csp.c:405]
[Sun Aug  2 17:41:38 2026] [INFO] CSP: RX waiting - socket=0x555c6a95d9f8, init=1 [components/cla/posix/cla_csp.c:412]
[Sun Aug  2 17:41:48 2026] [INFO] CSP: RX loop iteration 1890, last_err=6 [components/cla/posix/cla_csp.c:405]
[Sun Aug  2 17:41:48 2026] [INFO] CSP: RX waiting - socket=0x555c6a95d9f8, init=1 [components/cla/posix/cla_csp.c:412]
[Sun Aug  2 17:41:58 2026] [INFO] CSP: RX loop iteration 1900, last_err=6 [components/cla/posix/cla_csp.c:405]
[Sun Aug  2 17:41:58 2026] [INFO] CSP: RX waiting - socket=0x555c6a95d9f8, init=1 [components/cla/posix/cla_csp.c:412]
[Sun Aug  2 17:42:08 2026] [INFO] CSP: RX loop iteration 1910, last_err=6 [components/cla/posix/cla_csp.c:405]
[Sun Aug  2 17:42:08 2026] [INFO] CSP: RX waiting - socket=0x555c6a95d9f8, init=1 [components/cla/posix/cla_csp.c:412]
[Sun Aug  2 17:42:18 2026] [INFO] CSP: RX loop iteration 1920, last_err=6 [components/cla/posix/cla_csp.c:405]
[Sun Aug  2 17:42:18 2026] [INFO] CSP: RX waiting - socket=0x555c6a95d9f8, init=1 [components/cla/posix/cla_csp.c:412]
[Sun Aug  2 17:42:28 2026] [INFO] CSP: RX loop iteration 1930, last_err=6 [components/cla/posix/cla_csp.c:405]
[Sun Aug  2 17:42:28 2026] [INFO] CSP: RX waiting - socket=0x555c6a95d9f8, init=1 [components/cla/posix/cla_csp.c:412]
[Sun Aug  2 17:42:38 2026] [INFO] CSP: RX loop iteration 1940, last_err=6 [components/cla/posix/cla_csp.c:405]
[Sun Aug  2 17:42:38 2026] [INFO] CSP: RX waiting - socket=0x555c6a95d9f8, init=1 [components/cla/posix/cla_csp.c:412]
[Sun Aug  2 17:42:48 2026] [INFO] CSP: RX loop iteration 1950, last_err=6 [components/cla/posix/cla_csp.c:405]
[Sun Aug  2 17:42:48 2026] [INFO] CSP: RX waiting - socket=0x555c6a95d9f8, init=1 [components/cla/posix/cla_csp.c:412]
[Sun Aug  2 17:42:58 2026] [INFO] CSP: RX loop iteration 1960, last_err=6 [components/cla/posix/cla_csp.c:405]
[Sun Aug  2 17:42:58 2026] [INFO] CSP: RX waiting - socket=0x555c6a95d9f8, init=1 [components/cla/posix/cla_csp.c:412]
[Sun Aug  2 17:43:08 2026] [INFO] CSP: RX loop iteration 1970, last_err=6 [components/cla/posix/cla_csp.c:405]
[Sun Aug  2 17:43:08 2026] [INFO] CSP: RX waiting - socket=0x555c6a95d9f8, init=1 [components/cla/posix/cla_csp.c:412]
[Sun Aug  2 17:43:18 2026] [INFO] CSP: RX loop iteration 1980, last_err=6 [components/cla/posix/cla_csp.c:405]
[Sun Aug  2 17:43:18 2026] [INFO] CSP: RX waiting - socket=0x555c6a95d9f8, init=1 [components/cla/posix/cla_csp.c:412]
[Sun Aug  2 17:43:28 2026] [INFO] CSP: RX loop iteration 1990, last_err=6 [components/cla/posix/cla_csp.c:405]
[Sun Aug  2 17:43:28 2026] [INFO] CSP: RX waiting - socket=0x555c6a95d9f8, init=1 [components/cla/posix/cla_csp.c:412]
[Sun Aug  2 17:43:38 2026] [INFO] CSP: RX loop iteration 2000, last_err=6 [components/cla/posix/cla_csp.c:405]
[Sun Aug  2 17:43:38 2026] [INFO] CSP: RX waiting - socket=0x555c6a95d9f8, init=1 [components/cla/posix/cla_csp.c:412]
[Sun Aug  2 17:43:48 2026] [INFO] CSP: RX loop iteration 2010, last_err=6 [components/cla/posix/cla_csp.c:405]
[Sun Aug  2 17:43:48 2026] [INFO] CSP: RX waiting - socket=0x555c6a95d9f8, init=1 [components/cla/posix/cla_csp.c:412]
[Sun Aug  2 17:43:58 2026] [INFO] CSP: RX loop iteration 2020, last_err=6 [components/cla/posix/cla_csp.c:405]
[Sun Aug  2 17:43:58 2026] [INFO] CSP: RX waiting - socket=0x555c6a95d9f8, init=1 [components/cla/posix/cla_csp.c:412]
[Sun Aug  2 17:44:08 2026] [INFO] CSP: RX loop iteration 2030, last_err=6 [components/cla/posix/cla_csp.c:405]
[Sun Aug  2 17:44:08 2026] [INFO] CSP: RX waiting - socket=0x555c6a95d9f8, init=1 [components/cla/posix/cla_csp.c:412]
[Sun Aug  2 17:44:18 2026] [INFO] CSP: RX loop iteration 2040, last_err=6 [components/cla/posix/cla_csp.c:405]
[Sun Aug  2 17:44:18 2026] [INFO] CSP: RX waiting - socket=0x555c6a95d9f8, init=1 [components/cla/posix/cla_csp.c:412]
[Sun Aug  2 17:44:28 2026] [INFO] CSP: RX loop iteration 2050, last_err=6 [components/cla/posix/cla_csp.c:405]
[Sun Aug  2 17:44:28 2026] [INFO] CSP: RX waiting - socket=0x555c6a95d9f8, init=1 [components/cla/posix/cla_csp.c:412]
[Sun Aug  2 17:44:38 2026] [INFO] CSP: RX loop iteration 2060, last_err=6 [components/cla/posix/cla_csp.c:405]
[Sun Aug  2 17:44:38 2026] [INFO] CSP: RX waiting - socket=0x555c6a95d9f8, init=1 [components/cla/posix/cla_csp.c:412]
[Sun Aug  2 17:44:48 2026] [INFO] CSP: RX loop iteration 2070, last_err=6 [components/cla/posix/cla_csp.c:405]
[Sun Aug  2 17:44:48 2026] [INFO] CSP: RX waiting - socket=0x555c6a95d9f8, init=1 [components/cla/posix/cla_csp.c:412]
[Sun Aug  2 17:44:58 2026] [INFO] CSP: RX loop iteration 2080, last_err=6 [components/cla/posix/cla_csp.c:405]
[Sun Aug  2 17:44:58 2026] [INFO] CSP: RX waiting - socket=0x555c6a95d9f8, init=1 [components/cla/posix/cla_csp.c:412]
[Sun Aug  2 17:45:08 2026] [INFO] CSP: RX loop iteration 2090, last_err=6 [components/cla/posix/cla_csp.c:405]
[Sun Aug  2 17:45:08 2026] [INFO] CSP: RX waiting - socket=0x555c6a95d9f8, init=1 [components/cla/posix/cla_csp.c:412]
[Sun Aug  2 17:45:18 2026] [INFO] CSP: RX loop iteration 2100, last_err=6 [components/cla/posix/cla_csp.c:405]
[Sun Aug  2 17:45:18 2026] [INFO] CSP: RX waiting - socket=0x555c6a95d9f8, init=1 [components/cla/posix/cla_csp.c:412]
[Sun Aug  2 17:45:28 2026] [INFO] CSP: RX loop iteration 2110, last_err=6 [components/cla/posix/cla_csp.c:405]
[Sun Aug  2 17:45:28 2026] [INFO] CSP: RX waiting - socket=0x555c6a95d9f8, init=1 [components/cla/posix/cla_csp.c:412]
[Sun Aug  2 17:45:38 2026] [INFO] CSP: RX loop iteration 2120, last_err=6 [components/cla/posix/cla_csp.c:405]
[Sun Aug  2 17:45:38 2026] [INFO] CSP: RX waiting - socket=0x555c6a95d9f8, init=1 [components/cla/posix/cla_csp.c:412]
[Sun Aug  2 17:45:48 2026] [INFO] CSP: RX loop iteration 2130, last_err=6 [components/cla/posix/cla_csp.c:405]
[Sun Aug  2 17:45:48 2026] [INFO] CSP: RX waiting - socket=0x555c6a95d9f8, init=1 [components/cla/posix/cla_csp.c:412]
[Sun Aug  2 17:45:58 2026] [INFO] CSP: RX loop iteration 2140, last_err=6 [components/cla/posix/cla_csp.c:405]
[Sun Aug  2 17:45:58 2026] [INFO] CSP: RX waiting - socket=0x555c6a95d9f8, init=1 [components/cla/posix/cla_csp.c:412]
[Sun Aug  2 17:46:08 2026] [INFO] CSP: RX loop iteration 2150, last_err=6 [components/cla/posix/cla_csp.c:405]
[Sun Aug  2 17:46:08 2026] [INFO] CSP: RX waiting - socket=0x555c6a95d9f8, init=1 [components/cla/posix/cla_csp.c:412]
[Sun Aug  2 17:46:18 2026] [INFO] CSP: RX loop iteration 2160, last_err=6 [components/cla/posix/cla_csp.c:405]
[Sun Aug  2 17:46:18 2026] [INFO] CSP: RX waiting - socket=0x555c6a95d9f8, init=1 [components/cla/posix/cla_csp.c:412]
[Sun Aug  2 17:46:28 2026] [INFO] CSP: RX loop iteration 2170, last_err=6 [components/cla/posix/cla_csp.c:405]
[Sun Aug  2 17:46:28 2026] [INFO] CSP: RX waiting - socket=0x555c6a95d9f8, init=1 [components/cla/posix/cla_csp.c:412]
[Sun Aug  2 17:46:38 2026] [INFO] CSP: RX loop iteration 2180, last_err=6 [components/cla/posix/cla_csp.c:405]
[Sun Aug  2 17:46:38 2026] [INFO] CSP: RX waiting - socket=0x555c6a95d9f8, init=1 [components/cla/posix/cla_csp.c:412]
[Sun Aug  2 17:46:48 2026] [INFO] CSP: RX loop iteration 2190, last_err=6 [components/cla/posix/cla_csp.c:405]
[Sun Aug  2 17:46:48 2026] [INFO] CSP: RX waiting - socket=0x555c6a95d9f8, init=1 [components/cla/posix/cla_csp.c:412]
[Sun Aug  2 17:46:58 2026] [INFO] CSP: RX loop iteration 2200, last_err=6 [components/cla/posix/cla_csp.c:405]
[Sun Aug  2 17:46:58 2026] [INFO] CSP: RX waiting - socket=0x555c6a95d9f8, init=1 [components/cla/posix/cla_csp.c:412]
[Sun Aug  2 17:47:08 2026] [INFO] CSP: RX loop iteration 2210, last_err=6 [components/cla/posix/cla_csp.c:405]
[Sun Aug  2 17:47:08 2026] [INFO] CSP: RX waiting - socket=0x555c6a95d9f8, init=1 [components/cla/posix/cla_csp.c:412]
[Sun Aug  2 17:47:18 2026] [INFO] CSP: RX loop iteration 2220, last_err=6 [components/cla/posix/cla_csp.c:405]
[Sun Aug  2 17:47:18 2026] [INFO] CSP: RX waiting - socket=0x555c6a95d9f8, init=1 [components/cla/posix/cla_csp.c:412]
[Sun Aug  2 17:47:28 2026] [INFO] CSP: RX loop iteration 2230, last_err=6 [components/cla/posix/cla_csp.c:405]
[Sun Aug  2 17:47:28 2026] [INFO] CSP: RX waiting - socket=0x555c6a95d9f8, init=1 [components/cla/posix/cla_csp.c:412]
[Sun Aug  2 17:47:38 2026] [INFO] CSP: RX loop iteration 2240, last_err=6 [components/cla/posix/cla_csp.c:405]
[Sun Aug  2 17:47:38 2026] [INFO] CSP: RX waiting - socket=0x555c6a95d9f8, init=1 [components/cla/posix/cla_csp.c:412]
[Sun Aug  2 17:47:48 2026] [INFO] CSP: RX loop iteration 2250, last_err=6 [components/cla/posix/cla_csp.c:405]
[Sun Aug  2 17:47:48 2026] [INFO] CSP: RX waiting - socket=0x555c6a95d9f8, init=1 [components/cla/posix/cla_csp.c:412]
[Sun Aug  2 17:47:58 2026] [INFO] CSP: RX loop iteration 2260, last_err=6 [components/cla/posix/cla_csp.c:405]
[Sun Aug  2 17:47:58 2026] [INFO] CSP: RX waiting - socket=0x555c6a95d9f8, init=1 [components/cla/posix/cla_csp.c:412]
[Sun Aug  2 17:48:08 2026] [INFO] CSP: RX loop iteration 2270, last_err=6 [components/cla/posix/cla_csp.c:405]
[Sun Aug  2 17:48:08 2026] [INFO] CSP: RX waiting - socket=0x555c6a95d9f8, init=1 [components/cla/posix/cla_csp.c:412]
[Sun Aug  2 17:48:18 2026] [INFO] CSP: RX loop iteration 2280, last_err=6 [components/cla/posix/cla_csp.c:405]
[Sun Aug  2 17:48:18 2026] [INFO] CSP: RX waiting - socket=0x555c6a95d9f8, init=1 [components/cla/posix/cla_csp.c:412]
[Sun Aug  2 17:48:28 2026] [INFO] CSP: RX loop iteration 2290, last_err=6 [components/cla/posix/cla_csp.c:405]
[Sun Aug  2 17:48:28 2026] [INFO] CSP: RX waiting - socket=0x555c6a95d9f8, init=1 [components/cla/posix/cla_csp.c:412]
[Sun Aug  2 17:48:38 2026] [INFO] CSP: RX loop iteration 2300, last_err=6 [components/cla/posix/cla_csp.c:405]
[Sun Aug  2 17:48:38 2026] [INFO] CSP: RX waiting - socket=0x555c6a95d9f8, init=1 [components/cla/posix/cla_csp.c:412]
[Sun Aug  2 17:48:48 2026] [INFO] CSP: RX loop iteration 2310, last_err=6 [components/cla/posix/cla_csp.c:405]
[Sun Aug  2 17:48:48 2026] [INFO] CSP: RX waiting - socket=0x555c6a95d9f8, init=1 [components/cla/posix/cla_csp.c:412]
[Sun Aug  2 17:48:58 2026] [INFO] CSP: RX loop iteration 2320, last_err=6 [components/cla/posix/cla_csp.c:405]
[Sun Aug  2 17:48:58 2026] [INFO] CSP: RX waiting - socket=0x555c6a95d9f8, init=1 [components/cla/posix/cla_csp.c:412]
[Sun Aug  2 17:49:08 2026] [INFO] CSP: RX loop iteration 2330, last_err=6 [components/cla/posix/cla_csp.c:405]
[Sun Aug  2 17:49:08 2026] [INFO] CSP: RX waiting - socket=0x555c6a95d9f8, init=1 [components/cla/posix/cla_csp.c:412]
[Sun Aug  2 17:49:18 2026] [INFO] CSP: RX loop iteration 2340, last_err=6 [components/cla/posix/cla_csp.c:405]
[Sun Aug  2 17:49:18 2026] [INFO] CSP: RX waiting - socket=0x555c6a95d9f8, init=1 [components/cla/posix/cla_csp.c:412]
[Sun Aug  2 17:49:28 2026] [INFO] CSP: RX loop iteration 2350, last_err=6 [components/cla/posix/cla_csp.c:405]
[Sun Aug  2 17:49:28 2026] [INFO] CSP: RX waiting - socket=0x555c6a95d9f8, init=1 [components/cla/posix/cla_csp.c:412]
[Sun Aug  2 17:49:38 2026] [INFO] CSP: RX loop iteration 2360, last_err=6 [components/cla/posix/cla_csp.c:405]
[Sun Aug  2 17:49:38 2026] [INFO] CSP: RX waiting - socket=0x555c6a95d9f8, init=1 [components/cla/posix/cla_csp.c:412]
[Sun Aug  2 17:49:48 2026] [INFO] CSP: RX loop iteration 2370, last_err=6 [components/cla/posix/cla_csp.c:405]
[Sun Aug  2 17:49:48 2026] [INFO] CSP: RX waiting - socket=0x555c6a95d9f8, init=1 [components/cla/posix/cla_csp.c:412]
[Sun Aug  2 17:49:58 2026] [INFO] CSP: RX loop iteration 2380, last_err=6 [components/cla/posix/cla_csp.c:405]
[Sun Aug  2 17:49:58 2026] [INFO] CSP: RX waiting - socket=0x555c6a95d9f8, init=1 [components/cla/posix/cla_csp.c:412]
[Sun Aug  2 17:50:08 2026] [INFO] CSP: RX loop iteration 2390, last_err=6 [components/cla/posix/cla_csp.c:405]
[Sun Aug  2 17:50:08 2026] [INFO] CSP: RX waiting - socket=0x555c6a95d9f8, init=1 [components/cla/posix/cla_csp.c:412]
[Sun Aug  2 17:50:18 2026] [INFO] CSP: RX loop iteration 2400, last_err=6 [components/cla/posix/cla_csp.c:405]
[Sun Aug  2 17:50:18 2026] [INFO] CSP: RX waiting - socket=0x555c6a95d9f8, init=1 [components/cla/posix/cla_csp.c:412]
[Sun Aug  2 17:50:28 2026] [INFO] CSP: RX loop iteration 2410, last_err=6 [components/cla/posix/cla_csp.c:405]
[Sun Aug  2 17:50:28 2026] [INFO] CSP: RX waiting - socket=0x555c6a95d9f8, init=1 [components/cla/posix/cla_csp.c:412]
[Sun Aug  2 17:50:38 2026] [INFO] CSP: RX loop iteration 2420, last_err=6 [components/cla/posix/cla_csp.c:405]
[Sun Aug  2 17:50:38 2026] [INFO] CSP: RX waiting - socket=0x555c6a95d9f8, init=1 [components/cla/posix/cla_csp.c:412]
[Sun Aug  2 17:50:48 2026] [INFO] CSP: RX loop iteration 2430, last_err=6 [components/cla/posix/cla_csp.c:405]
[Sun Aug  2 17:50:48 2026] [INFO] CSP: RX waiting - socket=0x555c6a95d9f8, init=1 [components/cla/posix/cla_csp.c:412]
[Sun Aug  2 17:50:58 2026] [INFO] CSP: RX loop iteration 2440, last_err=6 [components/cla/posix/cla_csp.c:405]
[Sun Aug  2 17:50:58 2026] [INFO] CSP: RX waiting - socket=0x555c6a95d9f8, init=1 [components/cla/posix/cla_csp.c:412]
[Sun Aug  2 17:51:08 2026] [INFO] CSP: RX loop iteration 2450, last_err=6 [components/cla/posix/cla_csp.c:405]
[Sun Aug  2 17:51:08 2026] [INFO] CSP: RX waiting - socket=0x555c6a95d9f8, init=1 [components/cla/posix/cla_csp.c:412]
[Sun Aug  2 17:51:18 2026] [INFO] CSP: RX loop iteration 2460, last_err=6 [components/cla/posix/cla_csp.c:405]
[Sun Aug  2 17:51:18 2026] [INFO] CSP: RX waiting - socket=0x555c6a95d9f8, init=1 [components/cla/posix/cla_csp.c:412]
[Sun Aug  2 17:51:28 2026] [INFO] CSP: RX loop iteration 2470, last_err=6 [components/cla/posix/cla_csp.c:405]
[Sun Aug  2 17:51:28 2026] [INFO] CSP: RX waiting - socket=0x555c6a95d9f8, init=1 [components/cla/posix/cla_csp.c:412]
[Sun Aug  2 17:51:38 2026] [INFO] CSP: RX loop iteration 2480, last_err=6 [components/cla/posix/cla_csp.c:405]
[Sun Aug  2 17:51:38 2026] [INFO] CSP: RX waiting - socket=0x555c6a95d9f8, init=1 [components/cla/posix/cla_csp.c:412]
[Sun Aug  2 17:51:48 2026] [INFO] CSP: RX loop iteration 2490, last_err=6 [components/cla/posix/cla_csp.c:405]
[Sun Aug  2 17:51:48 2026] [INFO] CSP: RX waiting - socket=0x555c6a95d9f8, init=1 [components/cla/posix/cla_csp.c:412]
[Sun Aug  2 17:51:58 2026] [INFO] CSP: RX loop iteration 2500, last_err=6 [components/cla/posix/cla_csp.c:405]
[Sun Aug  2 17:51:58 2026] [INFO] CSP: RX waiting - socket=0x555c6a95d9f8, init=1 [components/cla/posix/cla_csp.c:412]
[Sun Aug  2 17:52:08 2026] [INFO] CSP: RX loop iteration 2510, last_err=6 [components/cla/posix/cla_csp.c:405]
[Sun Aug  2 17:52:08 2026] [INFO] CSP: RX waiting - socket=0x555c6a95d9f8, init=1 [components/cla/posix/cla_csp.c:412]
[Sun Aug  2 17:52:18 2026] [INFO] CSP: RX loop iteration 2520, last_err=6 [components/cla/posix/cla_csp.c:405]
[Sun Aug  2 17:52:18 2026] [INFO] CSP: RX waiting - socket=0x555c6a95d9f8, init=1 [components/cla/posix/cla_csp.c:412]
[Sun Aug  2 17:52:28 2026] [INFO] CSP: RX loop iteration 2530, last_err=6 [components/cla/posix/cla_csp.c:405]
[Sun Aug  2 17:52:28 2026] [INFO] CSP: RX waiting - socket=0x555c6a95d9f8, init=1 [components/cla/posix/cla_csp.c:412]
[Sun Aug  2 17:52:38 2026] [INFO] CSP: RX loop iteration 2540, last_err=6 [components/cla/posix/cla_csp.c:405]
[Sun Aug  2 17:52:38 2026] [INFO] CSP: RX waiting - socket=0x555c6a95d9f8, init=1 [components/cla/posix/cla_csp.c:412]
[Sun Aug  2 17:52:48 2026] [INFO] CSP: RX loop iteration 2550, last_err=6 [components/cla/posix/cla_csp.c:405]
[Sun Aug  2 17:52:48 2026] [INFO] CSP: RX waiting - socket=0x555c6a95d9f8, init=1 [components/cla/posix/cla_csp.c:412]
[Sun Aug  2 17:52:58 2026] [INFO] CSP: RX loop iteration 2560, last_err=6 [components/cla/posix/cla_csp.c:405]
[Sun Aug  2 17:52:58 2026] [INFO] CSP: RX waiting - socket=0x555c6a95d9f8, init=1 [components/cla/posix/cla_csp.c:412]
[Sun Aug  2 17:53:08 2026] [INFO] CSP: RX loop iteration 2570, last_err=6 [components/cla/posix/cla_csp.c:405]
[Sun Aug  2 17:53:08 2026] [INFO] CSP: RX waiting - socket=0x555c6a95d9f8, init=1 [components/cla/posix/cla_csp.c:412]
[Sun Aug  2 17:53:18 2026] [INFO] CSP: RX loop iteration 2580, last_err=6 [components/cla/posix/cla_csp.c:405]
[Sun Aug  2 17:53:18 2026] [INFO] CSP: RX waiting - socket=0x555c6a95d9f8, init=1 [components/cla/posix/cla_csp.c:412]
[Sun Aug  2 17:53:28 2026] [INFO] CSP: RX loop iteration 2590, last_err=6 [components/cla/posix/cla_csp.c:405]
[Sun Aug  2 17:53:28 2026] [INFO] CSP: RX waiting - socket=0x555c6a95d9f8, init=1 [components/cla/posix/cla_csp.c:412]
[Sun Aug  2 17:53:38 2026] [INFO] CSP: RX loop iteration 2600, last_err=6 [components/cla/posix/cla_csp.c:405]
[Sun Aug  2 17:53:38 2026] [INFO] CSP: RX waiting - socket=0x555c6a95d9f8, init=1 [components/cla/posix/cla_csp.c:412]
[Sun Aug  2 17:53:48 2026] [INFO] CSP: RX loop iteration 2610, last_err=6 [components/cla/posix/cla_csp.c:405]
[Sun Aug  2 17:53:48 2026] [INFO] CSP: RX waiting - socket=0x555c6a95d9f8, init=1 [components/cla/posix/cla_csp.c:412]
[Sun Aug  2 17:53:58 2026] [INFO] CSP: RX loop iteration 2620, last_err=6 [components/cla/posix/cla_csp.c:405]
[Sun Aug  2 17:53:58 2026] [INFO] CSP: RX waiting - socket=0x555c6a95d9f8, init=1 [components/cla/posix/cla_csp.c:412]
[Sun Aug  2 17:54:08 2026] [INFO] CSP: RX loop iteration 2630, last_err=6 [components/cla/posix/cla_csp.c:405]
[Sun Aug  2 17:54:08 2026] [INFO] CSP: RX waiting - socket=0x555c6a95d9f8, init=1 [components/cla/posix/cla_csp.c:412]
[Sun Aug  2 17:54:18 2026] [INFO] CSP: RX loop iteration 2640, last_err=6 [components/cla/posix/cla_csp.c:405]
[Sun Aug  2 17:54:18 2026] [INFO] CSP: RX waiting - socket=0x555c6a95d9f8, init=1 [components/cla/posix/cla_csp.c:412]
[Sun Aug  2 17:54:28 2026] [INFO] CSP: RX loop iteration 2650, last_err=6 [components/cla/posix/cla_csp.c:405]
[Sun Aug  2 17:54:28 2026] [INFO] CSP: RX waiting - socket=0x555c6a95d9f8, init=1 [components/cla/posix/cla_csp.c:412]
[Sun Aug  2 17:54:38 2026] [INFO] CSP: RX loop iteration 2660, last_err=6 [components/cla/posix/cla_csp.c:405]
[Sun Aug  2 17:54:38 2026] [INFO] CSP: RX waiting - socket=0x555c6a95d9f8, init=1 [components/cla/posix/cla_csp.c:412]
[Sun Aug  2 17:54:48 2026] [INFO] CSP: RX loop iteration 2670, last_err=6 [components/cla/posix/cla_csp.c:405]
[Sun Aug  2 17:54:48 2026] [INFO] CSP: RX waiting - socket=0x555c6a95d9f8, init=1 [components/cla/posix/cla_csp.c:412]
[Sun Aug  2 17:54:58 2026] [INFO] CSP: RX loop iteration 2680, last_err=6 [components/cla/posix/cla_csp.c:405]
[Sun Aug  2 17:54:58 2026] [INFO] CSP: RX waiting - socket=0x555c6a95d9f8, init=1 [components/cla/posix/cla_csp.c:412]
[Sun Aug  2 17:55:08 2026] [INFO] CSP: RX loop iteration 2690, last_err=6 [components/cla/posix/cla_csp.c:405]
[Sun Aug  2 17:55:08 2026] [INFO] CSP: RX waiting - socket=0x555c6a95d9f8, init=1 [components/cla/posix/cla_csp.c:412]
[Sun Aug  2 17:55:18 2026] [INFO] CSP: RX loop iteration 2700, last_err=6 [components/cla/posix/cla_csp.c:405]
[Sun Aug  2 17:55:18 2026] [INFO] CSP: RX waiting - socket=0x555c6a95d9f8, init=1 [components/cla/posix/cla_csp.c:412]
[Sun Aug  2 17:55:28 2026] [INFO] CSP: RX loop iteration 2710, last_err=6 [components/cla/posix/cla_csp.c:405]
[Sun Aug  2 17:55:28 2026] [INFO] CSP: RX waiting - socket=0x555c6a95d9f8, init=1 [components/cla/posix/cla_csp.c:412]
[Sun Aug  2 17:55:38 2026] [INFO] CSP: RX loop iteration 2720, last_err=6 [components/cla/posix/cla_csp.c:405]
[Sun Aug  2 17:55:38 2026] [INFO] CSP: RX waiting - socket=0x555c6a95d9f8, init=1 [components/cla/posix/cla_csp.c:412]
[Sun Aug  2 17:55:48 2026] [INFO] CSP: RX loop iteration 2730, last_err=6 [components/cla/posix/cla_csp.c:405]
[Sun Aug  2 17:55:48 2026] [INFO] CSP: RX waiting - socket=0x555c6a95d9f8, init=1 [components/cla/posix/cla_csp.c:412]
[Sun Aug  2 17:55:58 2026] [INFO] CSP: RX loop iteration 2740, last_err=6 [components/cla/posix/cla_csp.c:405]
[Sun Aug  2 17:55:58 2026] [INFO] CSP: RX waiting - socket=0x555c6a95d9f8, init=1 [components/cla/posix/cla_csp.c:412]
[Sun Aug  2 17:56:08 2026] [INFO] CSP: RX loop iteration 2750, last_err=6 [components/cla/posix/cla_csp.c:405]
[Sun Aug  2 17:56:08 2026] [INFO] CSP: RX waiting - socket=0x555c6a95d9f8, init=1 [components/cla/posix/cla_csp.c:412]
[Sun Aug  2 17:56:18 2026] [INFO] CSP: RX loop iteration 2760, last_err=6 [components/cla/posix/cla_csp.c:405]
[Sun Aug  2 17:56:18 2026] [INFO] CSP: RX waiting - socket=0x555c6a95d9f8, init=1 [components/cla/posix/cla_csp.c:412]
[Sun Aug  2 17:56:28 2026] [INFO] CSP: RX loop iteration 2770, last_err=6 [components/cla/posix/cla_csp.c:405]
[Sun Aug  2 17:56:28 2026] [INFO] CSP: RX waiting - socket=0x555c6a95d9f8, init=1 [components/cla/posix/cla_csp.c:412]
[Sun Aug  2 17:56:38 2026] [INFO] CSP: RX loop iteration 2780, last_err=6 [components/cla/posix/cla_csp.c:405]
[Sun Aug  2 17:56:38 2026] [INFO] CSP: RX waiting - socket=0x555c6a95d9f8, init=1 [components/cla/posix/cla_csp.c:412]
[Sun Aug  2 17:56:48 2026] [INFO] CSP: RX loop iteration 2790, last_err=6 [components/cla/posix/cla_csp.c:405]
[Sun Aug  2 17:56:48 2026] [INFO] CSP: RX waiting - socket=0x555c6a95d9f8, init=1 [components/cla/posix/cla_csp.c:412]
[Sun Aug  2 17:56:58 2026] [INFO] CSP: RX loop iteration 2800, last_err=6 [components/cla/posix/cla_csp.c:405]
[Sun Aug  2 17:56:58 2026] [INFO] CSP: RX waiting - socket=0x555c6a95d9f8, init=1 [components/cla/posix/cla_csp.c:412]
[Sun Aug  2 17:57:08 2026] [INFO] CSP: RX loop iteration 2810, last_err=6 [components/cla/posix/cla_csp.c:405]
[Sun Aug  2 17:57:08 2026] [INFO] CSP: RX waiting - socket=0x555c6a95d9f8, init=1 [components/cla/posix/cla_csp.c:412]
[Sun Aug  2 17:57:18 2026] [INFO] CSP: RX loop iteration 2820, last_err=6 [components/cla/posix/cla_csp.c:405]
[Sun Aug  2 17:57:18 2026] [INFO] CSP: RX waiting - socket=0x555c6a95d9f8, init=1 [components/cla/posix/cla_csp.c:412]
[Sun Aug  2 17:57:28 2026] [INFO] CSP: RX loop iteration 2830, last_err=6 [components/cla/posix/cla_csp.c:405]
[Sun Aug  2 17:57:28 2026] [INFO] CSP: RX waiting - socket=0x555c6a95d9f8, init=1 [components/cla/posix/cla_csp.c:412]
[Sun Aug  2 17:57:38 2026] [INFO] CSP: RX loop iteration 2840, last_err=6 [components/cla/posix/cla_csp.c:405]
[Sun Aug  2 17:57:38 2026] [INFO] CSP: RX waiting - socket=0x555c6a95d9f8, init=1 [components/cla/posix/cla_csp.c:412]
[Sun Aug  2 17:57:48 2026] [INFO] CSP: RX loop iteration 2850, last_err=6 [components/cla/posix/cla_csp.c:405]
[Sun Aug  2 17:57:48 2026] [INFO] CSP: RX waiting - socket=0x555c6a95d9f8, init=1 [components/cla/posix/cla_csp.c:412]
[Sun Aug  2 17:57:58 2026] [INFO] CSP: RX loop iteration 2860, last_err=6 [components/cla/posix/cla_csp.c:405]
[Sun Aug  2 17:57:58 2026] [INFO] CSP: RX waiting - socket=0x555c6a95d9f8, init=1 [components/cla/posix/cla_csp.c:412]
[Sun Aug  2 17:58:08 2026] [INFO] CSP: RX loop iteration 2870, last_err=6 [components/cla/posix/cla_csp.c:405]
[Sun Aug  2 17:58:08 2026] [INFO] CSP: RX waiting - socket=0x555c6a95d9f8, init=1 [components/cla/posix/cla_csp.c:412]
[Sun Aug  2 17:58:18 2026] [INFO] CSP: RX loop iteration 2880, last_err=6 [components/cla/posix/cla_csp.c:405]
[Sun Aug  2 17:58:18 2026] [INFO] CSP: RX waiting - socket=0x555c6a95d9f8, init=1 [components/cla/posix/cla_csp.c:412]
[Sun Aug  2 17:58:28 2026] [INFO] CSP: RX loop iteration 2890, last_err=6 [components/cla/posix/cla_csp.c:405]
[Sun Aug  2 17:58:28 2026] [INFO] CSP: RX waiting - socket=0x555c6a95d9f8, init=1 [components/cla/posix/cla_csp.c:412]
[Sun Aug  2 17:58:38 2026] [INFO] CSP: RX loop iteration 2900, last_err=6 [components/cla/posix/cla_csp.c:405]
[Sun Aug  2 17:58:38 2026] [INFO] CSP: RX waiting - socket=0x555c6a95d9f8, init=1 [components/cla/posix/cla_csp.c:412]
[Sun Aug  2 17:58:48 2026] [INFO] CSP: RX loop iteration 2910, last_err=6 [components/cla/posix/cla_csp.c:405]
[Sun Aug  2 17:58:48 2026] [INFO] CSP: RX waiting - socket=0x555c6a95d9f8, init=1 [components/cla/posix/cla_csp.c:412]
[Sun Aug  2 17:58:58 2026] [INFO] CSP: RX loop iteration 2920, last_err=6 [components/cla/posix/cla_csp.c:405]
[Sun Aug  2 17:58:58 2026] [INFO] CSP: RX waiting - socket=0x555c6a95d9f8, init=1 [components/cla/posix/cla_csp.c:412]
[Sun Aug  2 17:59:08 2026] [INFO] CSP: RX loop iteration 2930, last_err=6 [components/cla/posix/cla_csp.c:405]
[Sun Aug  2 17:59:08 2026] [INFO] CSP: RX waiting - socket=0x555c6a95d9f8, init=1 [components/cla/posix/cla_csp.c:412]
[Sun Aug  2 17:59:18 2026] [INFO] CSP: RX loop iteration 2940, last_err=6 [components/cla/posix/cla_csp.c:405]
[Sun Aug  2 17:59:18 2026] [INFO] CSP: RX waiting - socket=0x555c6a95d9f8, init=1 [components/cla/posix/cla_csp.c:412]
[Sun Aug  2 17:59:28 2026] [INFO] CSP: RX loop iteration 2950, last_err=6 [components/cla/posix/cla_csp.c:405]
[Sun Aug  2 17:59:28 2026] [INFO] CSP: RX waiting - socket=0x555c6a95d9f8, init=1 [components/cla/posix/cla_csp.c:412]
[Sun Aug  2 17:59:38 2026] [INFO] CSP: RX loop iteration 2960, last_err=6 [components/cla/posix/cla_csp.c:405]
[Sun Aug  2 17:59:38 2026] [INFO] CSP: RX waiting - socket=0x555c6a95d9f8, init=1 [components/cla/posix/cla_csp.c:412]
[Sun Aug  2 17:59:48 2026] [INFO] CSP: RX loop iteration 2970, last_err=6 [components/cla/posix/cla_csp.c:405]
[Sun Aug  2 17:59:48 2026] [INFO] CSP: RX waiting - socket=0x555c6a95d9f8, init=1 [components/cla/posix/cla_csp.c:412]
[Sun Aug  2 17:59:58 2026] [INFO] CSP: RX loop iteration 2980, last_err=6 [components/cla/posix/cla_csp.c:405]
[Sun Aug  2 17:59:58 2026] [INFO] CSP: RX waiting - socket=0x555c6a95d9f8, init=1 [components/cla/posix/cla_csp.c:412]
[Sun Aug  2 18:00:08 2026] [INFO] CSP: RX loop iteration 2990, last_err=6 [components/cla/posix/cla_csp.c:405]
[Sun Aug  2 18:00:08 2026] [INFO] CSP: RX waiting - socket=0x555c6a95d9f8, init=1 [components/cla/posix/cla_csp.c:412]
[Sun Aug  2 18:00:18 2026] [INFO] CSP: RX loop iteration 3000, last_err=6 [components/cla/posix/cla_csp.c:405]
[Sun Aug  2 18:00:18 2026] [INFO] CSP: RX waiting - socket=0x555c6a95d9f8, init=1 [components/cla/posix/cla_csp.c:412]
[Sun Aug  2 18:00:28 2026] [INFO] CSP: RX loop iteration 3010, last_err=6 [components/cla/posix/cla_csp.c:405]
[Sun Aug  2 18:00:28 2026] [INFO] CSP: RX waiting - socket=0x555c6a95d9f8, init=1 [components/cla/posix/cla_csp.c:412]
[Sun Aug  2 18:00:38 2026] [INFO] CSP: RX loop iteration 3020, last_err=6 [components/cla/posix/cla_csp.c:405]
[Sun Aug  2 18:00:38 2026] [INFO] CSP: RX waiting - socket=0x555c6a95d9f8, init=1 [components/cla/posix/cla_csp.c:412]
[Sun Aug  2 18:00:48 2026] [INFO] CSP: RX loop iteration 3030, last_err=6 [components/cla/posix/cla_csp.c:405]
[Sun Aug  2 18:00:48 2026] [INFO] CSP: RX waiting - socket=0x555c6a95d9f8, init=1 [components/cla/posix/cla_csp.c:412]
[Sun Aug  2 18:00:58 2026] [INFO] CSP: RX loop iteration 3040, last_err=6 [components/cla/posix/cla_csp.c:405]
[Sun Aug  2 18:00:58 2026] [INFO] CSP: RX waiting - socket=0x555c6a95d9f8, init=1 [components/cla/posix/cla_csp.c:412]
[Sun Aug  2 18:01:08 2026] [INFO] CSP: RX loop iteration 3050, last_err=6 [components/cla/posix/cla_csp.c:405]
[Sun Aug  2 18:01:08 2026] [INFO] CSP: RX waiting - socket=0x555c6a95d9f8, init=1 [components/cla/posix/cla_csp.c:412]
[Sun Aug  2 18:01:18 2026] [INFO] CSP: RX loop iteration 3060, last_err=6 [components/cla/posix/cla_csp.c:405]
[Sun Aug  2 18:01:18 2026] [INFO] CSP: RX waiting - socket=0x555c6a95d9f8, init=1 [components/cla/posix/cla_csp.c:412]
[Sun Aug  2 18:01:28 2026] [INFO] CSP: RX loop iteration 3070, last_err=6 [components/cla/posix/cla_csp.c:405]
[Sun Aug  2 18:01:28 2026] [INFO] CSP: RX waiting - socket=0x555c6a95d9f8, init=1 [components/cla/posix/cla_csp.c:412]
[Sun Aug  2 18:01:38 2026] [INFO] CSP: RX loop iteration 3080, last_err=6 [components/cla/posix/cla_csp.c:405]
[Sun Aug  2 18:01:38 2026] [INFO] CSP: RX waiting - socket=0x555c6a95d9f8, init=1 [components/cla/posix/cla_csp.c:412]
[Sun Aug  2 18:01:48 2026] [INFO] CSP: RX loop iteration 3090, last_err=6 [components/cla/posix/cla_csp.c:405]
[Sun Aug  2 18:01:48 2026] [INFO] CSP: RX waiting - socket=0x555c6a95d9f8, init=1 [components/cla/posix/cla_csp.c:412]
[Sun Aug  2 18:01:58 2026] [INFO] CSP: RX loop iteration 3100, last_err=6 [components/cla/posix/cla_csp.c:405]
[Sun Aug  2 18:01:58 2026] [INFO] CSP: RX waiting - socket=0x555c6a95d9f8, init=1 [components/cla/posix/cla_csp.c:412]
[Sun Aug  2 18:02:08 2026] [INFO] CSP: RX loop iteration 3110, last_err=6 [components/cla/posix/cla_csp.c:405]
[Sun Aug  2 18:02:08 2026] [INFO] CSP: RX waiting - socket=0x555c6a95d9f8, init=1 [components/cla/posix/cla_csp.c:412]
[Sun Aug  2 18:02:18 2026] [INFO] CSP: RX loop iteration 3120, last_err=6 [components/cla/posix/cla_csp.c:405]
[Sun Aug  2 18:02:18 2026] [INFO] CSP: RX waiting - socket=0x555c6a95d9f8, init=1 [components/cla/posix/cla_csp.c:412]
[Sun Aug  2 18:02:28 2026] [INFO] CSP: RX loop iteration 3130, last_err=6 [components/cla/posix/cla_csp.c:405]
[Sun Aug  2 18:02:28 2026] [INFO] CSP: RX waiting - socket=0x555c6a95d9f8, init=1 [components/cla/posix/cla_csp.c:412]
[Sun Aug  2 18:02:38 2026] [INFO] CSP: RX loop iteration 3140, last_err=6 [components/cla/posix/cla_csp.c:405]
[Sun Aug  2 18:02:38 2026] [INFO] CSP: RX waiting - socket=0x555c6a95d9f8, init=1 [components/cla/posix/cla_csp.c:412]
[Sun Aug  2 18:02:48 2026] [INFO] CSP: RX loop iteration 3150, last_err=6 [components/cla/posix/cla_csp.c:405]
[Sun Aug  2 18:02:48 2026] [INFO] CSP: RX waiting - socket=0x555c6a95d9f8, init=1 [components/cla/posix/cla_csp.c:412]
[Sun Aug  2 18:02:58 2026] [INFO] CSP: RX loop iteration 3160, last_err=6 [components/cla/posix/cla_csp.c:405]
[Sun Aug  2 18:02:58 2026] [INFO] CSP: RX waiting - socket=0x555c6a95d9f8, init=1 [components/cla/posix/cla_csp.c:412]
[Sun Aug  2 18:03:08 2026] [INFO] CSP: RX loop iteration 3170, last_err=6 [components/cla/posix/cla_csp.c:405]
[Sun Aug  2 18:03:08 2026] [INFO] CSP: RX waiting - socket=0x555c6a95d9f8, init=1 [components/cla/posix/cla_csp.c:412]
[Sun Aug  2 18:03:18 2026] [INFO] CSP: RX loop iteration 3180, last_err=6 [components/cla/posix/cla_csp.c:405]
[Sun Aug  2 18:03:18 2026] [INFO] CSP: RX waiting - socket=0x555c6a95d9f8, init=1 [components/cla/posix/cla_csp.c:412]
[Sun Aug  2 18:03:28 2026] [INFO] CSP: RX loop iteration 3190, last_err=6 [components/cla/posix/cla_csp.c:405]
[Sun Aug  2 18:03:28 2026] [INFO] CSP: RX waiting - socket=0x555c6a95d9f8, init=1 [components/cla/posix/cla_csp.c:412]
[Sun Aug  2 18:03:38 2026] [INFO] CSP: RX loop iteration 3200, last_err=6 [components/cla/posix/cla_csp.c:405]
[Sun Aug  2 18:03:38 2026] [INFO] CSP: RX waiting - socket=0x555c6a95d9f8, init=1 [components/cla/posix/cla_csp.c:412]
[Sun Aug  2 18:03:48 2026] [INFO] CSP: RX loop iteration 3210, last_err=6 [components/cla/posix/cla_csp.c:405]
[Sun Aug  2 18:03:48 2026] [INFO] CSP: RX waiting - socket=0x555c6a95d9f8, init=1 [components/cla/posix/cla_csp.c:412]
[Sun Aug  2 18:03:58 2026] [INFO] CSP: RX loop iteration 3220, last_err=6 [components/cla/posix/cla_csp.c:405]
[Sun Aug  2 18:03:58 2026] [INFO] CSP: RX waiting - socket=0x555c6a95d9f8, init=1 [components/cla/posix/cla_csp.c:412]
[Sun Aug  2 18:04:08 2026] [INFO] CSP: RX loop iteration 3230, last_err=6 [components/cla/posix/cla_csp.c:405]
[Sun Aug  2 18:04:08 2026] [INFO] CSP: RX waiting - socket=0x555c6a95d9f8, init=1 [components/cla/posix/cla_csp.c:412]
[Sun Aug  2 18:04:18 2026] [INFO] CSP: RX loop iteration 3240, last_err=6 [components/cla/posix/cla_csp.c:405]
[Sun Aug  2 18:04:18 2026] [INFO] CSP: RX waiting - socket=0x555c6a95d9f8, init=1 [components/cla/posix/cla_csp.c:412]
[Sun Aug  2 18:04:28 2026] [INFO] CSP: RX loop iteration 3250, last_err=6 [components/cla/posix/cla_csp.c:405]
[Sun Aug  2 18:04:28 2026] [INFO] CSP: RX waiting - socket=0x555c6a95d9f8, init=1 [components/cla/posix/cla_csp.c:412]
[Sun Aug  2 18:04:38 2026] [INFO] CSP: RX loop iteration 3260, last_err=6 [components/cla/posix/cla_csp.c:405]
[Sun Aug  2 18:04:38 2026] [INFO] CSP: RX waiting - socket=0x555c6a95d9f8, init=1 [components/cla/posix/cla_csp.c:412]
[Sun Aug  2 18:04:48 2026] [INFO] CSP: RX loop iteration 3270, last_err=6 [components/cla/posix/cla_csp.c:405]
[Sun Aug  2 18:04:48 2026] [INFO] CSP: RX waiting - socket=0x555c6a95d9f8, init=1 [components/cla/posix/cla_csp.c:412]
[Sun Aug  2 18:04:58 2026] [INFO] CSP: RX loop iteration 3280, last_err=6 [components/cla/posix/cla_csp.c:405]
[Sun Aug  2 18:04:58 2026] [INFO] CSP: RX waiting - socket=0x555c6a95d9f8, init=1 [components/cla/posix/cla_csp.c:412]
[Sun Aug  2 18:05:08 2026] [INFO] CSP: RX loop iteration 3290, last_err=6 [components/cla/posix/cla_csp.c:405]
[Sun Aug  2 18:05:08 2026] [INFO] CSP: RX waiting - socket=0x555c6a95d9f8, init=1 [components/cla/posix/cla_csp.c:412]
[Sun Aug  2 18:05:18 2026] [INFO] CSP: RX loop iteration 3300, last_err=6 [components/cla/posix/cla_csp.c:405]
[Sun Aug  2 18:05:18 2026] [INFO] CSP: RX waiting - socket=0x555c6a95d9f8, init=1 [components/cla/posix/cla_csp.c:412]
[Sun Aug  2 18:05:28 2026] [INFO] CSP: RX loop iteration 3310, last_err=6 [components/cla/posix/cla_csp.c:405]
[Sun Aug  2 18:05:28 2026] [INFO] CSP: RX waiting - socket=0x555c6a95d9f8, init=1 [components/cla/posix/cla_csp.c:412]
[Sun Aug  2 18:05:38 2026] [INFO] CSP: RX loop iteration 3320, last_err=6 [components/cla/posix/cla_csp.c:405]
[Sun Aug  2 18:05:38 2026] [INFO] CSP: RX waiting - socket=0x555c6a95d9f8, init=1 [components/cla/posix/cla_csp.c:412]
[Sun Aug  2 18:05:48 2026] [INFO] CSP: RX loop iteration 3330, last_err=6 [components/cla/posix/cla_csp.c:405]
[Sun Aug  2 18:05:48 2026] [INFO] CSP: RX waiting - socket=0x555c6a95d9f8, init=1 [components/cla/posix/cla_csp.c:412]
[Sun Aug  2 18:05:58 2026] [INFO] CSP: RX loop iteration 3340, last_err=6 [components/cla/posix/cla_csp.c:405]
[Sun Aug  2 18:05:58 2026] [INFO] CSP: RX waiting - socket=0x555c6a95d9f8, init=1 [components/cla/posix/cla_csp.c:412]
[Sun Aug  2 18:06:08 2026] [INFO] CSP: RX loop iteration 3350, last_err=6 [components/cla/posix/cla_csp.c:405]
[Sun Aug  2 18:06:08 2026] [INFO] CSP: RX waiting - socket=0x555c6a95d9f8, init=1 [components/cla/posix/cla_csp.c:412]
[Sun Aug  2 18:06:18 2026] [INFO] CSP: RX loop iteration 3360, last_err=6 [components/cla/posix/cla_csp.c:405]
[Sun Aug  2 18:06:18 2026] [INFO] CSP: RX waiting - socket=0x555c6a95d9f8, init=1 [components/cla/posix/cla_csp.c:412]
[Sun Aug  2 18:06:28 2026] [INFO] CSP: RX loop iteration 3370, last_err=6 [components/cla/posix/cla_csp.c:405]
[Sun Aug  2 18:06:28 2026] [INFO] CSP: RX waiting - socket=0x555c6a95d9f8, init=1 [components/cla/posix/cla_csp.c:412]
[Sun Aug  2 18:06:38 2026] [INFO] CSP: RX loop iteration 3380, last_err=6 [components/cla/posix/cla_csp.c:405]
[Sun Aug  2 18:06:38 2026] [INFO] CSP: RX waiting - socket=0x555c6a95d9f8, init=1 [components/cla/posix/cla_csp.c:412]
[Sun Aug  2 18:06:48 2026] [INFO] CSP: RX loop iteration 3390, last_err=6 [components/cla/posix/cla_csp.c:405]
[Sun Aug  2 18:06:48 2026] [INFO] CSP: RX waiting - socket=0x555c6a95d9f8, init=1 [components/cla/posix/cla_csp.c:412]
[Sun Aug  2 18:06:58 2026] [INFO] CSP: RX loop iteration 3400, last_err=6 [components/cla/posix/cla_csp.c:405]
[Sun Aug  2 18:06:58 2026] [INFO] CSP: RX waiting - socket=0x555c6a95d9f8, init=1 [components/cla/posix/cla_csp.c:412]
[Sun Aug  2 18:07:08 2026] [INFO] CSP: RX loop iteration 3410, last_err=6 [components/cla/posix/cla_csp.c:405]
[Sun Aug  2 18:07:08 2026] [INFO] CSP: RX waiting - socket=0x555c6a95d9f8, init=1 [components/cla/posix/cla_csp.c:412]
[Sun Aug  2 18:07:18 2026] [INFO] CSP: RX loop iteration 3420, last_err=6 [components/cla/posix/cla_csp.c:405]
[Sun Aug  2 18:07:18 2026] [INFO] CSP: RX waiting - socket=0x555c6a95d9f8, init=1 [components/cla/posix/cla_csp.c:412]
[Sun Aug  2 18:07:28 2026] [INFO] CSP: RX loop iteration 3430, last_err=6 [components/cla/posix/cla_csp.c:405]
[Sun Aug  2 18:07:28 2026] [INFO] CSP: RX waiting - socket=0x555c6a95d9f8, init=1 [components/cla/posix/cla_csp.c:412]
[Sun Aug  2 18:07:38 2026] [INFO] CSP: RX loop iteration 3440, last_err=6 [components/cla/posix/cla_csp.c:405]
[Sun Aug  2 18:07:38 2026] [INFO] CSP: RX waiting - socket=0x555c6a95d9f8, init=1 [components/cla/posix/cla_csp.c:412]
[Sun Aug  2 18:07:48 2026] [INFO] CSP: RX loop iteration 3450, last_err=6 [components/cla/posix/cla_csp.c:405]
[Sun Aug  2 18:07:48 2026] [INFO] CSP: RX waiting - socket=0x555c6a95d9f8, init=1 [components/cla/posix/cla_csp.c:412]
[Sun Aug  2 18:07:58 2026] [INFO] CSP: RX loop iteration 3460, last_err=6 [components/cla/posix/cla_csp.c:405]
[Sun Aug  2 18:07:58 2026] [INFO] CSP: RX waiting - socket=0x555c6a95d9f8, init=1 [components/cla/posix/cla_csp.c:412]
[Sun Aug  2 18:08:08 2026] [INFO] CSP: RX loop iteration 3470, last_err=6 [components/cla/posix/cla_csp.c:405]
[Sun Aug  2 18:08:08 2026] [INFO] CSP: RX waiting - socket=0x555c6a95d9f8, init=1 [components/cla/posix/cla_csp.c:412]
[Sun Aug  2 18:08:18 2026] [INFO] CSP: RX loop iteration 3480, last_err=6 [components/cla/posix/cla_csp.c:405]
[Sun Aug  2 18:08:18 2026] [INFO] CSP: RX waiting - socket=0x555c6a95d9f8, init=1 [components/cla/posix/cla_csp.c:412]
[Sun Aug  2 18:08:28 2026] [INFO] CSP: RX loop iteration 3490, last_err=6 [components/cla/posix/cla_csp.c:405]
[Sun Aug  2 18:08:28 2026] [INFO] CSP: RX waiting - socket=0x555c6a95d9f8, init=1 [components/cla/posix/cla_csp.c:412]
[Sun Aug  2 18:08:38 2026] [INFO] CSP: RX loop iteration 3500, last_err=6 [components/cla/posix/cla_csp.c:405]
[Sun Aug  2 18:08:38 2026] [INFO] CSP: RX waiting - socket=0x555c6a95d9f8, init=1 [components/cla/posix/cla_csp.c:412]
[Sun Aug  2 18:08:48 2026] [INFO] CSP: RX loop iteration 3510, last_err=6 [components/cla/posix/cla_csp.c:405]
[Sun Aug  2 18:08:48 2026] [INFO] CSP: RX waiting - socket=0x555c6a95d9f8, init=1 [components/cla/posix/cla_csp.c:412]
[Sun Aug  2 18:08:58 2026] [INFO] CSP: RX loop iteration 3520, last_err=6 [components/cla/posix/cla_csp.c:405]
[Sun Aug  2 18:08:58 2026] [INFO] CSP: RX waiting - socket=0x555c6a95d9f8, init=1 [components/cla/posix/cla_csp.c:412]
[Sun Aug  2 18:09:08 2026] [INFO] CSP: RX loop iteration 3530, last_err=6 [components/cla/posix/cla_csp.c:405]
[Sun Aug  2 18:09:08 2026] [INFO] CSP: RX waiting - socket=0x555c6a95d9f8, init=1 [components/cla/posix/cla_csp.c:412]
[Sun Aug  2 18:09:18 2026] [INFO] CSP: RX loop iteration 3540, last_err=6 [components/cla/posix/cla_csp.c:405]
[Sun Aug  2 18:09:18 2026] [INFO] CSP: RX waiting - socket=0x555c6a95d9f8, init=1 [components/cla/posix/cla_csp.c:412]
[Sun Aug  2 18:09:28 2026] [INFO] CSP: RX loop iteration 3550, last_err=6 [components/cla/posix/cla_csp.c:405]
[Sun Aug  2 18:09:28 2026] [INFO] CSP: RX waiting - socket=0x555c6a95d9f8, init=1 [components/cla/posix/cla_csp.c:412]
[Sun Aug  2 18:09:38 2026] [INFO] CSP: RX loop iteration 3560, last_err=6 [components/cla/posix/cla_csp.c:405]
[Sun Aug  2 18:09:38 2026] [INFO] CSP: RX waiting - socket=0x555c6a95d9f8, init=1 [components/cla/posix/cla_csp.c:412]
[Sun Aug  2 18:09:48 2026] [INFO] CSP: RX loop iteration 3570, last_err=6 [components/cla/posix/cla_csp.c:405]
[Sun Aug  2 18:09:48 2026] [INFO] CSP: RX waiting - socket=0x555c6a95d9f8, init=1 [components/cla/posix/cla_csp.c:412]
[Sun Aug  2 18:09:58 2026] [INFO] CSP: RX loop iteration 3580, last_err=6 [components/cla/posix/cla_csp.c:405]
[Sun Aug  2 18:09:58 2026] [INFO] CSP: RX waiting - socket=0x555c6a95d9f8, init=1 [components/cla/posix/cla_csp.c:412]
[Sun Aug  2 18:10:08 2026] [INFO] CSP: RX loop iteration 3590, last_err=6 [components/cla/posix/cla_csp.c:405]
[Sun Aug  2 18:10:08 2026] [INFO] CSP: RX waiting - socket=0x555c6a95d9f8, init=1 [components/cla/posix/cla_csp.c:412]
[Sun Aug  2 18:10:18 2026] [INFO] CSP: RX loop iteration 3600, last_err=6 [components/cla/posix/cla_csp.c:405]
[Sun Aug  2 18:10:18 2026] [INFO] CSP: RX waiting - socket=0x555c6a95d9f8, init=1 [components/cla/posix/cla_csp.c:412]
[Sun Aug  2 18:10:28 2026] [INFO] CSP: RX loop iteration 3610, last_err=6 [components/cla/posix/cla_csp.c:405]
[Sun Aug  2 18:10:28 2026] [INFO] CSP: RX waiting - socket=0x555c6a95d9f8, init=1 [components/cla/posix/cla_csp.c:412]
[Sun Aug  2 18:10:38 2026] [INFO] CSP: RX loop iteration 3620, last_err=6 [components/cla/posix/cla_csp.c:405]
[Sun Aug  2 18:10:38 2026] [INFO] CSP: RX waiting - socket=0x555c6a95d9f8, init=1 [components/cla/posix/cla_csp.c:412]
[Sun Aug  2 18:10:48 2026] [INFO] CSP: RX loop iteration 3630, last_err=6 [components/cla/posix/cla_csp.c:405]
[Sun Aug  2 18:10:48 2026] [INFO] CSP: RX waiting - socket=0x555c6a95d9f8, init=1 [components/cla/posix/cla_csp.c:412]
[Sun Aug  2 18:10:58 2026] [INFO] CSP: RX loop iteration 3640, last_err=6 [components/cla/posix/cla_csp.c:405]
[Sun Aug  2 18:10:58 2026] [INFO] CSP: RX waiting - socket=0x555c6a95d9f8, init=1 [components/cla/posix/cla_csp.c:412]
[Sun Aug  2 18:11:08 2026] [INFO] CSP: RX loop iteration 3650, last_err=6 [components/cla/posix/cla_csp.c:405]
[Sun Aug  2 18:11:08 2026] [INFO] CSP: RX waiting - socket=0x555c6a95d9f8, init=1 [components/cla/posix/cla_csp.c:412]
[Sun Aug  2 18:11:18 2026] [INFO] CSP: RX loop iteration 3660, last_err=6 [components/cla/posix/cla_csp.c:405]
[Sun Aug  2 18:11:18 2026] [INFO] CSP: RX waiting - socket=0x555c6a95d9f8, init=1 [components/cla/posix/cla_csp.c:412]
[Sun Aug  2 18:11:28 2026] [INFO] CSP: RX loop iteration 3670, last_err=6 [components/cla/posix/cla_csp.c:405]
[Sun Aug  2 18:11:28 2026] [INFO] CSP: RX waiting - socket=0x555c6a95d9f8, init=1 [components/cla/posix/cla_csp.c:412]
[Sun Aug  2 18:11:38 2026] [INFO] CSP: RX loop iteration 3680, last_err=6 [components/cla/posix/cla_csp.c:405]
[Sun Aug  2 18:11:38 2026] [INFO] CSP: RX waiting - socket=0x555c6a95d9f8, init=1 [components/cla/posix/cla_csp.c:412]
[Sun Aug  2 18:11:48 2026] [INFO] CSP: RX loop iteration 3690, last_err=6 [components/cla/posix/cla_csp.c:405]
[Sun Aug  2 18:11:48 2026] [INFO] CSP: RX waiting - socket=0x555c6a95d9f8, init=1 [components/cla/posix/cla_csp.c:412]
[Sun Aug  2 18:11:58 2026] [INFO] CSP: RX loop iteration 3700, last_err=6 [components/cla/posix/cla_csp.c:405]
[Sun Aug  2 18:11:58 2026] [INFO] CSP: RX waiting - socket=0x555c6a95d9f8, init=1 [components/cla/posix/cla_csp.c:412]
[Sun Aug  2 18:12:08 2026] [INFO] CSP: RX loop iteration 3710, last_err=6 [components/cla/posix/cla_csp.c:405]
[Sun Aug  2 18:12:08 2026] [INFO] CSP: RX waiting - socket=0x555c6a95d9f8, init=1 [components/cla/posix/cla_csp.c:412]
[Sun Aug  2 18:12:18 2026] [INFO] CSP: RX loop iteration 3720, last_err=6 [components/cla/posix/cla_csp.c:405]
[Sun Aug  2 18:12:18 2026] [INFO] CSP: RX waiting - socket=0x555c6a95d9f8, init=1 [components/cla/posix/cla_csp.c:412]
[Sun Aug  2 18:12:28 2026] [INFO] CSP: RX loop iteration 3730, last_err=6 [components/cla/posix/cla_csp.c:405]
[Sun Aug  2 18:12:28 2026] [INFO] CSP: RX waiting - socket=0x555c6a95d9f8, init=1 [components/cla/posix/cla_csp.c:412]
[Sun Aug  2 18:12:38 2026] [INFO] CSP: RX loop iteration 3740, last_err=6 [components/cla/posix/cla_csp.c:405]
[Sun Aug  2 18:12:38 2026] [INFO] CSP: RX waiting - socket=0x555c6a95d9f8, init=1 [components/cla/posix/cla_csp.c:412]
[Sun Aug  2 18:12:48 2026] [INFO] CSP: RX loop iteration 3750, last_err=6 [components/cla/posix/cla_csp.c:405]
[Sun Aug  2 18:12:48 2026] [INFO] CSP: RX waiting - socket=0x555c6a95d9f8, init=1 [components/cla/posix/cla_csp.c:412]
[Sun Aug  2 18:12:58 2026] [INFO] CSP: RX loop iteration 3760, last_err=6 [components/cla/posix/cla_csp.c:405]
[Sun Aug  2 18:12:58 2026] [INFO] CSP: RX waiting - socket=0x555c6a95d9f8, init=1 [components/cla/posix/cla_csp.c:412]
[Sun Aug  2 18:13:08 2026] [INFO] CSP: RX loop iteration 3770, last_err=6 [components/cla/posix/cla_csp.c:405]
[Sun Aug  2 18:13:08 2026] [INFO] CSP: RX waiting - socket=0x555c6a95d9f8, init=1 [components/cla/posix/cla_csp.c:412]
[Sun Aug  2 18:13:18 2026] [INFO] CSP: RX loop iteration 3780, last_err=6 [components/cla/posix/cla_csp.c:405]
[Sun Aug  2 18:13:18 2026] [INFO] CSP: RX waiting - socket=0x555c6a95d9f8, init=1 [components/cla/posix/cla_csp.c:412]
[Sun Aug  2 18:13:28 2026] [INFO] CSP: RX loop iteration 3790, last_err=6 [components/cla/posix/cla_csp.c:405]
[Sun Aug  2 18:13:28 2026] [INFO] CSP: RX waiting - socket=0x555c6a95d9f8, init=1 [components/cla/posix/cla_csp.c:412]
[Sun Aug  2 18:13:38 2026] [INFO] CSP: RX loop iteration 3800, last_err=6 [components/cla/posix/cla_csp.c:405]
[Sun Aug  2 18:13:38 2026] [INFO] CSP: RX waiting - socket=0x555c6a95d9f8, init=1 [components/cla/posix/cla_csp.c:412]
[Sun Aug  2 18:13:48 2026] [INFO] CSP: RX loop iteration 3810, last_err=6 [components/cla/posix/cla_csp.c:405]
[Sun Aug  2 18:13:48 2026] [INFO] CSP: RX waiting - socket=0x555c6a95d9f8, init=1 [components/cla/posix/cla_csp.c:412]
[Sun Aug  2 18:13:58 2026] [INFO] CSP: RX loop iteration 3820, last_err=6 [components/cla/posix/cla_csp.c:405]
[Sun Aug  2 18:13:58 2026] [INFO] CSP: RX waiting - socket=0x555c6a95d9f8, init=1 [components/cla/posix/cla_csp.c:412]
[Sun Aug  2 18:14:08 2026] [INFO] CSP: RX loop iteration 3830, last_err=6 [components/cla/posix/cla_csp.c:405]
[Sun Aug  2 18:14:08 2026] [INFO] CSP: RX waiting - socket=0x555c6a95d9f8, init=1 [components/cla/posix/cla_csp.c:412]
[Sun Aug  2 18:14:18 2026] [INFO] CSP: RX loop iteration 3840, last_err=6 [components/cla/posix/cla_csp.c:405]
[Sun Aug  2 18:14:18 2026] [INFO] CSP: RX waiting - socket=0x555c6a95d9f8, init=1 [components/cla/posix/cla_csp.c:412]
[Sun Aug  2 18:14:28 2026] [INFO] CSP: RX loop iteration 3850, last_err=6 [components/cla/posix/cla_csp.c:405]
[Sun Aug  2 18:14:28 2026] [INFO] CSP: RX waiting - socket=0x555c6a95d9f8, init=1 [components/cla/posix/cla_csp.c:412]
[Sun Aug  2 18:14:38 2026] [INFO] CSP: RX loop iteration 3860, last_err=6 [components/cla/posix/cla_csp.c:405]
[Sun Aug  2 18:14:38 2026] [INFO] CSP: RX waiting - socket=0x555c6a95d9f8, init=1 [components/cla/posix/cla_csp.c:412]
[Sun Aug  2 18:14:48 2026] [INFO] CSP: RX loop iteration 3870, last_err=6 [components/cla/posix/cla_csp.c:405]
[Sun Aug  2 18:14:48 2026] [INFO] CSP: RX waiting - socket=0x555c6a95d9f8, init=1 [components/cla/posix/cla_csp.c:412]
[Sun Aug  2 18:14:58 2026] [INFO] CSP: RX loop iteration 3880, last_err=6 [components/cla/posix/cla_csp.c:405]
[Sun Aug  2 18:14:58 2026] [INFO] CSP: RX waiting - socket=0x555c6a95d9f8, init=1 [components/cla/posix/cla_csp.c:412]
[Sun Aug  2 18:15:08 2026] [INFO] CSP: RX loop iteration 3890, last_err=6 [components/cla/posix/cla_csp.c:405]
[Sun Aug  2 18:15:08 2026] [INFO] CSP: RX waiting - socket=0x555c6a95d9f8, init=1 [components/cla/posix/cla_csp.c:412]
[Sun Aug  2 18:15:18 2026] [INFO] CSP: RX loop iteration 3900, last_err=6 [components/cla/posix/cla_csp.c:405]
[Sun Aug  2 18:15:18 2026] [INFO] CSP: RX waiting - socket=0x555c6a95d9f8, init=1 [components/cla/posix/cla_csp.c:412]
[Sun Aug  2 18:15:28 2026] [INFO] CSP: RX loop iteration 3910, last_err=6 [components/cla/posix/cla_csp.c:405]
[Sun Aug  2 18:15:28 2026] [INFO] CSP: RX waiting - socket=0x555c6a95d9f8, init=1 [components/cla/posix/cla_csp.c:412]
[Sun Aug  2 18:15:38 2026] [INFO] CSP: RX loop iteration 3920, last_err=6 [components/cla/posix/cla_csp.c:405]
[Sun Aug  2 18:15:38 2026] [INFO] CSP: RX waiting - socket=0x555c6a95d9f8, init=1 [components/cla/posix/cla_csp.c:412]
[Sun Aug  2 18:15:48 2026] [INFO] CSP: RX loop iteration 3930, last_err=6 [components/cla/posix/cla_csp.c:405]
[Sun Aug  2 18:15:48 2026] [INFO] CSP: RX waiting - socket=0x555c6a95d9f8, init=1 [components/cla/posix/cla_csp.c:412]
[Sun Aug  2 18:15:58 2026] [INFO] CSP: RX loop iteration 3940, last_err=6 [components/cla/posix/cla_csp.c:405]
[Sun Aug  2 18:15:58 2026] [INFO] CSP: RX waiting - socket=0x555c6a95d9f8, init=1 [components/cla/posix/cla_csp.c:412]
[Sun Aug  2 18:16:08 2026] [INFO] CSP: RX loop iteration 3950, last_err=6 [components/cla/posix/cla_csp.c:405]
[Sun Aug  2 18:16:08 2026] [INFO] CSP: RX waiting - socket=0x555c6a95d9f8, init=1 [components/cla/posix/cla_csp.c:412]
[Sun Aug  2 18:16:18 2026] [INFO] CSP: RX loop iteration 3960, last_err=6 [components/cla/posix/cla_csp.c:405]
[Sun Aug  2 18:16:18 2026] [INFO] CSP: RX waiting - socket=0x555c6a95d9f8, init=1 [components/cla/posix/cla_csp.c:412]
[Sun Aug  2 18:16:28 2026] [INFO] CSP: RX loop iteration 3970, last_err=6 [components/cla/posix/cla_csp.c:405]
[Sun Aug  2 18:16:28 2026] [INFO] CSP: RX waiting - socket=0x555c6a95d9f8, init=1 [components/cla/posix/cla_csp.c:412]
[Sun Aug  2 18:16:38 2026] [INFO] CSP: RX loop iteration 3980, last_err=6 [components/cla/posix/cla_csp.c:405]
[Sun Aug  2 18:16:38 2026] [INFO] CSP: RX waiting - socket=0x555c6a95d9f8, init=1 [components/cla/posix/cla_csp.c:412]
[Sun Aug  2 18:16:48 2026] [INFO] CSP: RX loop iteration 3990, last_err=6 [components/cla/posix/cla_csp.c:405]
[Sun Aug  2 18:16:48 2026] [INFO] CSP: RX waiting - socket=0x555c6a95d9f8, init=1 [components/cla/posix/cla_csp.c:412]
[Sun Aug  2 18:16:58 2026] [INFO] CSP: RX loop iteration 4000, last_err=6 [components/cla/posix/cla_csp.c:405]
[Sun Aug  2 18:16:58 2026] [INFO] CSP: RX waiting - socket=0x555c6a95d9f8, init=1 [components/cla/posix/cla_csp.c:412]
[Sun Aug  2 18:17:08 2026] [INFO] CSP: RX loop iteration 4010, last_err=6 [components/cla/posix/cla_csp.c:405]
[Sun Aug  2 18:17:08 2026] [INFO] CSP: RX waiting - socket=0x555c6a95d9f8, init=1 [components/cla/posix/cla_csp.c:412]
[Sun Aug  2 18:17:18 2026] [INFO] CSP: RX loop iteration 4020, last_err=6 [components/cla/posix/cla_csp.c:405]
[Sun Aug  2 18:17:18 2026] [INFO] CSP: RX waiting - socket=0x555c6a95d9f8, init=1 [components/cla/posix/cla_csp.c:412]
[Sun Aug  2 18:17:28 2026] [INFO] CSP: RX loop iteration 4030, last_err=6 [components/cla/posix/cla_csp.c:405]
[Sun Aug  2 18:17:28 2026] [INFO] CSP: RX waiting - socket=0x555c6a95d9f8, init=1 [components/cla/posix/cla_csp.c:412]
[Sun Aug  2 18:17:38 2026] [INFO] CSP: RX loop iteration 4040, last_err=6 [components/cla/posix/cla_csp.c:405]
[Sun Aug  2 18:17:38 2026] [INFO] CSP: RX waiting - socket=0x555c6a95d9f8, init=1 [components/cla/posix/cla_csp.c:412]
[Sun Aug  2 18:17:48 2026] [INFO] CSP: RX loop iteration 4050, last_err=6 [components/cla/posix/cla_csp.c:405]
[Sun Aug  2 18:17:48 2026] [INFO] CSP: RX waiting - socket=0x555c6a95d9f8, init=1 [components/cla/posix/cla_csp.c:412]
[Sun Aug  2 18:17:58 2026] [INFO] CSP: RX loop iteration 4060, last_err=6 [components/cla/posix/cla_csp.c:405]
[Sun Aug  2 18:17:58 2026] [INFO] CSP: RX waiting - socket=0x555c6a95d9f8, init=1 [components/cla/posix/cla_csp.c:412]
[Sun Aug  2 18:18:08 2026] [INFO] CSP: RX loop iteration 4070, last_err=6 [components/cla/posix/cla_csp.c:405]
[Sun Aug  2 18:18:08 2026] [INFO] CSP: RX waiting - socket=0x555c6a95d9f8, init=1 [components/cla/posix/cla_csp.c:412]
[Sun Aug  2 18:18:18 2026] [INFO] CSP: RX loop iteration 4080, last_err=6 [components/cla/posix/cla_csp.c:405]
[Sun Aug  2 18:18:18 2026] [INFO] CSP: RX waiting - socket=0x555c6a95d9f8, init=1 [components/cla/posix/cla_csp.c:412]
[Sun Aug  2 18:18:28 2026] [INFO] CSP: RX loop iteration 4090, last_err=6 [components/cla/posix/cla_csp.c:405]
[Sun Aug  2 18:18:28 2026] [INFO] CSP: RX waiting - socket=0x555c6a95d9f8, init=1 [components/cla/posix/cla_csp.c:412]
[Sun Aug  2 18:18:38 2026] [INFO] CSP: RX loop iteration 4100, last_err=6 [components/cla/posix/cla_csp.c:405]
[Sun Aug  2 18:18:38 2026] [INFO] CSP: RX waiting - socket=0x555c6a95d9f8, init=1 [components/cla/posix/cla_csp.c:412]
[Sun Aug  2 18:18:48 2026] [INFO] CSP: RX loop iteration 4110, last_err=6 [components/cla/posix/cla_csp.c:405]
[Sun Aug  2 18:18:48 2026] [INFO] CSP: RX waiting - socket=0x555c6a95d9f8, init=1 [components/cla/posix/cla_csp.c:412]
[Sun Aug  2 18:18:58 2026] [INFO] CSP: RX loop iteration 4120, last_err=6 [components/cla/posix/cla_csp.c:405]
[Sun Aug  2 18:18:58 2026] [INFO] CSP: RX waiting - socket=0x555c6a95d9f8, init=1 [components/cla/posix/cla_csp.c:412]
[Sun Aug  2 18:19:08 2026] [INFO] CSP: RX loop iteration 4130, last_err=6 [components/cla/posix/cla_csp.c:405]
[Sun Aug  2 18:19:08 2026] [INFO] CSP: RX waiting - socket=0x555c6a95d9f8, init=1 [components/cla/posix/cla_csp.c:412]
[Sun Aug  2 18:19:18 2026] [INFO] CSP: RX loop iteration 4140, last_err=6 [components/cla/posix/cla_csp.c:405]
[Sun Aug  2 18:19:18 2026] [INFO] CSP: RX waiting - socket=0x555c6a95d9f8, init=1 [components/cla/posix/cla_csp.c:412]
[Sun Aug  2 18:19:28 2026] [INFO] CSP: RX loop iteration 4150, last_err=6 [components/cla/posix/cla_csp.c:405]
[Sun Aug  2 18:19:28 2026] [INFO] CSP: RX waiting - socket=0x555c6a95d9f8, init=1 [components/cla/posix/cla_csp.c:412]
[Sun Aug  2 18:19:38 2026] [INFO] CSP: RX loop iteration 4160, last_err=6 [components/cla/posix/cla_csp.c:405]
[Sun Aug  2 18:19:38 2026] [INFO] CSP: RX waiting - socket=0x555c6a95d9f8, init=1 [components/cla/posix/cla_csp.c:412]
[Sun Aug  2 18:19:48 2026] [INFO] CSP: RX loop iteration 4170, last_err=6 [components/cla/posix/cla_csp.c:405]
[Sun Aug  2 18:19:48 2026] [INFO] CSP: RX waiting - socket=0x555c6a95d9f8, init=1 [components/cla/posix/cla_csp.c:412]
[Sun Aug  2 18:19:58 2026] [INFO] CSP: RX loop iteration 4180, last_err=6 [components/cla/posix/cla_csp.c:405]
[Sun Aug  2 18:19:58 2026] [INFO] CSP: RX waiting - socket=0x555c6a95d9f8, init=1 [components/cla/posix/cla_csp.c:412]
[Sun Aug  2 18:20:08 2026] [INFO] CSP: RX loop iteration 4190, last_err=6 [components/cla/posix/cla_csp.c:405]
[Sun Aug  2 18:20:08 2026] [INFO] CSP: RX waiting - socket=0x555c6a95d9f8, init=1 [components/cla/posix/cla_csp.c:412]
[Sun Aug  2 18:20:18 2026] [INFO] CSP: RX loop iteration 4200, last_err=6 [components/cla/posix/cla_csp.c:405]
[Sun Aug  2 18:20:18 2026] [INFO] CSP: RX waiting - socket=0x555c6a95d9f8, init=1 [components/cla/posix/cla_csp.c:412]
[Sun Aug  2 18:20:28 2026] [INFO] CSP: RX loop iteration 4210, last_err=6 [components/cla/posix/cla_csp.c:405]
[Sun Aug  2 18:20:28 2026] [INFO] CSP: RX waiting - socket=0x555c6a95d9f8, init=1 [components/cla/posix/cla_csp.c:412]
[Sun Aug  2 18:20:38 2026] [INFO] CSP: RX loop iteration 4220, last_err=6 [components/cla/posix/cla_csp.c:405]
[Sun Aug  2 18:20:38 2026] [INFO] CSP: RX waiting - socket=0x555c6a95d9f8, init=1 [components/cla/posix/cla_csp.c:412]
[Sun Aug  2 18:20:48 2026] [INFO] CSP: RX loop iteration 4230, last_err=6 [components/cla/posix/cla_csp.c:405]
[Sun Aug  2 18:20:48 2026] [INFO] CSP: RX waiting - socket=0x555c6a95d9f8, init=1 [components/cla/posix/cla_csp.c:412]
[Sun Aug  2 18:20:58 2026] [INFO] CSP: RX loop iteration 4240, last_err=6 [components/cla/posix/cla_csp.c:405]
[Sun Aug  2 18:20:58 2026] [INFO] CSP: RX waiting - socket=0x555c6a95d9f8, init=1 [components/cla/posix/cla_csp.c:412]
[Sun Aug  2 18:21:08 2026] [INFO] CSP: RX loop iteration 4250, last_err=6 [components/cla/posix/cla_csp.c:405]
[Sun Aug  2 18:21:08 2026] [INFO] CSP: RX waiting - socket=0x555c6a95d9f8, init=1 [components/cla/posix/cla_csp.c:412]
[Sun Aug  2 18:21:18 2026] [INFO] CSP: RX loop iteration 4260, last_err=6 [components/cla/posix/cla_csp.c:405]
[Sun Aug  2 18:21:18 2026] [INFO] CSP: RX waiting - socket=0x555c6a95d9f8, init=1 [components/cla/posix/cla_csp.c:412]
[Sun Aug  2 18:21:28 2026] [INFO] CSP: RX loop iteration 4270, last_err=6 [components/cla/posix/cla_csp.c:405]
[Sun Aug  2 18:21:28 2026] [INFO] CSP: RX waiting - socket=0x555c6a95d9f8, init=1 [components/cla/posix/cla_csp.c:412]
[Sun Aug  2 18:21:38 2026] [INFO] CSP: RX loop iteration 4280, last_err=6 [components/cla/posix/cla_csp.c:405]
[Sun Aug  2 18:21:38 2026] [INFO] CSP: RX waiting - socket=0x555c6a95d9f8, init=1 [components/cla/posix/cla_csp.c:412]
[Sun Aug  2 18:21:48 2026] [INFO] CSP: RX loop iteration 4290, last_err=6 [components/cla/posix/cla_csp.c:405]
[Sun Aug  2 18:21:48 2026] [INFO] CSP: RX waiting - socket=0x555c6a95d9f8, init=1 [components/cla/posix/cla_csp.c:412]
[Sun Aug  2 18:21:58 2026] [INFO] CSP: RX loop iteration 4300, last_err=6 [components/cla/posix/cla_csp.c:405]
[Sun Aug  2 18:21:58 2026] [INFO] CSP: RX waiting - socket=0x555c6a95d9f8, init=1 [components/cla/posix/cla_csp.c:412]
[Sun Aug  2 18:22:08 2026] [INFO] CSP: RX loop iteration 4310, last_err=6 [components/cla/posix/cla_csp.c:405]
[Sun Aug  2 18:22:08 2026] [INFO] CSP: RX waiting - socket=0x555c6a95d9f8, init=1 [components/cla/posix/cla_csp.c:412]
[Sun Aug  2 18:22:18 2026] [INFO] CSP: RX loop iteration 4320, last_err=6 [components/cla/posix/cla_csp.c:405]
[Sun Aug  2 18:22:18 2026] [INFO] CSP: RX waiting - socket=0x555c6a95d9f8, init=1 [components/cla/posix/cla_csp.c:412]
[Sun Aug  2 18:22:28 2026] [INFO] CSP: RX loop iteration 4330, last_err=6 [components/cla/posix/cla_csp.c:405]
[Sun Aug  2 18:22:28 2026] [INFO] CSP: RX waiting - socket=0x555c6a95d9f8, init=1 [components/cla/posix/cla_csp.c:412]
[Sun Aug  2 18:22:38 2026] [INFO] CSP: RX loop iteration 4340, last_err=6 [components/cla/posix/cla_csp.c:405]
[Sun Aug  2 18:22:38 2026] [INFO] CSP: RX waiting - socket=0x555c6a95d9f8, init=1 [components/cla/posix/cla_csp.c:412]
[Sun Aug  2 18:22:48 2026] [INFO] CSP: RX loop iteration 4350, last_err=6 [components/cla/posix/cla_csp.c:405]
[Sun Aug  2 18:22:48 2026] [INFO] CSP: RX waiting - socket=0x555c6a95d9f8, init=1 [components/cla/posix/cla_csp.c:412]
[Sun Aug  2 18:22:58 2026] [INFO] CSP: RX loop iteration 4360, last_err=6 [components/cla/posix/cla_csp.c:405]
[Sun Aug  2 18:22:58 2026] [INFO] CSP: RX waiting - socket=0x555c6a95d9f8, init=1 [components/cla/posix/cla_csp.c:412]
[Sun Aug  2 18:23:08 2026] [INFO] CSP: RX loop iteration 4370, last_err=6 [components/cla/posix/cla_csp.c:405]
[Sun Aug  2 18:23:08 2026] [INFO] CSP: RX waiting - socket=0x555c6a95d9f8, init=1 [components/cla/posix/cla_csp.c:412]
[Sun Aug  2 18:23:18 2026] [INFO] CSP: RX loop iteration 4380, last_err=6 [components/cla/posix/cla_csp.c:405]
[Sun Aug  2 18:23:18 2026] [INFO] CSP: RX waiting - socket=0x555c6a95d9f8, init=1 [components/cla/posix/cla_csp.c:412]
[Sun Aug  2 18:23:28 2026] [INFO] CSP: RX loop iteration 4390, last_err=6 [components/cla/posix/cla_csp.c:405]
[Sun Aug  2 18:23:28 2026] [INFO] CSP: RX waiting - socket=0x555c6a95d9f8, init=1 [components/cla/posix/cla_csp.c:412]
[Sun Aug  2 18:23:38 2026] [INFO] CSP: RX loop iteration 4400, last_err=6 [components/cla/posix/cla_csp.c:405]
[Sun Aug  2 18:23:38 2026] [INFO] CSP: RX waiting - socket=0x555c6a95d9f8, init=1 [components/cla/posix/cla_csp.c:412]
[Sun Aug  2 18:23:48 2026] [INFO] CSP: RX loop iteration 4410, last_err=6 [components/cla/posix/cla_csp.c:405]
[Sun Aug  2 18:23:48 2026] [INFO] CSP: RX waiting - socket=0x555c6a95d9f8, init=1 [components/cla/posix/cla_csp.c:412]
[Sun Aug  2 18:23:58 2026] [INFO] CSP: RX loop iteration 4420, last_err=6 [components/cla/posix/cla_csp.c:405]
[Sun Aug  2 18:23:58 2026] [INFO] CSP: RX waiting - socket=0x555c6a95d9f8, init=1 [components/cla/posix/cla_csp.c:412]
[Sun Aug  2 18:24:08 2026] [INFO] CSP: RX loop iteration 4430, last_err=6 [components/cla/posix/cla_csp.c:405]
[Sun Aug  2 18:24:08 2026] [INFO] CSP: RX waiting - socket=0x555c6a95d9f8, init=1 [components/cla/posix/cla_csp.c:412]
[Sun Aug  2 18:24:18 2026] [INFO] CSP: RX loop iteration 4440, last_err=6 [components/cla/posix/cla_csp.c:405]
[Sun Aug  2 18:24:18 2026] [INFO] CSP: RX waiting - socket=0x555c6a95d9f8, init=1 [components/cla/posix/cla_csp.c:412]
[Sun Aug  2 18:24:28 2026] [INFO] CSP: RX loop iteration 4450, last_err=6 [components/cla/posix/cla_csp.c:405]
[Sun Aug  2 18:24:28 2026] [INFO] CSP: RX waiting - socket=0x555c6a95d9f8, init=1 [components/cla/posix/cla_csp.c:412]
[Sun Aug  2 18:24:38 2026] [INFO] CSP: RX loop iteration 4460, last_err=6 [components/cla/posix/cla_csp.c:405]
[Sun Aug  2 18:24:38 2026] [INFO] CSP: RX waiting - socket=0x555c6a95d9f8, init=1 [components/cla/posix/cla_csp.c:412]
[Sun Aug  2 18:24:48 2026] [INFO] CSP: RX loop iteration 4470, last_err=6 [components/cla/posix/cla_csp.c:405]
[Sun Aug  2 18:24:48 2026] [INFO] CSP: RX waiting - socket=0x555c6a95d9f8, init=1 [components/cla/posix/cla_csp.c:412]
[Sun Aug  2 18:24:58 2026] [INFO] CSP: RX loop iteration 4480, last_err=6 [components/cla/posix/cla_csp.c:405]
[Sun Aug  2 18:24:58 2026] [INFO] CSP: RX waiting - socket=0x555c6a95d9f8, init=1 [components/cla/posix/cla_csp.c:412]
[Sun Aug  2 18:25:08 2026] [INFO] CSP: RX loop iteration 4490, last_err=6 [components/cla/posix/cla_csp.c:405]
[Sun Aug  2 18:25:08 2026] [INFO] CSP: RX waiting - socket=0x555c6a95d9f8, init=1 [components/cla/posix/cla_csp.c:412]
[Sun Aug  2 18:25:18 2026] [INFO] CSP: RX loop iteration 4500, last_err=6 [components/cla/posix/cla_csp.c:405]
[Sun Aug  2 18:25:18 2026] [INFO] CSP: RX waiting - socket=0x555c6a95d9f8, init=1 [components/cla/posix/cla_csp.c:412]
[Sun Aug  2 18:25:28 2026] [INFO] CSP: RX loop iteration 4510, last_err=6 [components/cla/posix/cla_csp.c:405]
[Sun Aug  2 18:25:28 2026] [INFO] CSP: RX waiting - socket=0x555c6a95d9f8, init=1 [components/cla/posix/cla_csp.c:412]
[Sun Aug  2 18:25:38 2026] [INFO] CSP: RX loop iteration 4520, last_err=6 [components/cla/posix/cla_csp.c:405]
[Sun Aug  2 18:25:38 2026] [INFO] CSP: RX waiting - socket=0x555c6a95d9f8, init=1 [components/cla/posix/cla_csp.c:412]
[Sun Aug  2 18:25:48 2026] [INFO] CSP: RX loop iteration 4530, last_err=6 [components/cla/posix/cla_csp.c:405]
[Sun Aug  2 18:25:48 2026] [INFO] CSP: RX waiting - socket=0x555c6a95d9f8, init=1 [components/cla/posix/cla_csp.c:412]
[Sun Aug  2 18:25:58 2026] [INFO] CSP: RX loop iteration 4540, last_err=6 [components/cla/posix/cla_csp.c:405]
[Sun Aug  2 18:25:58 2026] [INFO] CSP: RX waiting - socket=0x555c6a95d9f8, init=1 [components/cla/posix/cla_csp.c:412]
[Sun Aug  2 18:26:08 2026] [INFO] CSP: RX loop iteration 4550, last_err=6 [components/cla/posix/cla_csp.c:405]
[Sun Aug  2 18:26:08 2026] [INFO] CSP: RX waiting - socket=0x555c6a95d9f8, init=1 [components/cla/posix/cla_csp.c:412]
[Sun Aug  2 18:26:18 2026] [INFO] CSP: RX loop iteration 4560, last_err=6 [components/cla/posix/cla_csp.c:405]
[Sun Aug  2 18:26:18 2026] [INFO] CSP: RX waiting - socket=0x555c6a95d9f8, init=1 [components/cla/posix/cla_csp.c:412]
[Sun Aug  2 18:26:28 2026] [INFO] CSP: RX loop iteration 4570, last_err=6 [components/cla/posix/cla_csp.c:405]
[Sun Aug  2 18:26:28 2026] [INFO] CSP: RX waiting - socket=0x555c6a95d9f8, init=1 [components/cla/posix/cla_csp.c:412]
[Sun Aug  2 18:26:38 2026] [INFO] CSP: RX loop iteration 4580, last_err=6 [components/cla/posix/cla_csp.c:405]
[Sun Aug  2 18:26:38 2026] [INFO] CSP: RX waiting - socket=0x555c6a95d9f8, init=1 [components/cla/posix/cla_csp.c:412]
[Sun Aug  2 18:26:48 2026] [INFO] CSP: RX loop iteration 4590, last_err=6 [components/cla/posix/cla_csp.c:405]
[Sun Aug  2 18:26:48 2026] [INFO] CSP: RX waiting - socket=0x555c6a95d9f8, init=1 [components/cla/posix/cla_csp.c:412]
[Sun Aug  2 18:26:58 2026] [INFO] CSP: RX loop iteration 4600, last_err=6 [components/cla/posix/cla_csp.c:405]
[Sun Aug  2 18:26:58 2026] [INFO] CSP: RX waiting - socket=0x555c6a95d9f8, init=1 [components/cla/posix/cla_csp.c:412]
[Sun Aug  2 18:27:08 2026] [INFO] CSP: RX loop iteration 4610, last_err=6 [components/cla/posix/cla_csp.c:405]
[Sun Aug  2 18:27:08 2026] [INFO] CSP: RX waiting - socket=0x555c6a95d9f8, init=1 [components/cla/posix/cla_csp.c:412]
[Sun Aug  2 18:27:18 2026] [INFO] CSP: RX loop iteration 4620, last_err=6 [components/cla/posix/cla_csp.c:405]
[Sun Aug  2 18:27:18 2026] [INFO] CSP: RX waiting - socket=0x555c6a95d9f8, init=1 [components/cla/posix/cla_csp.c:412]
[Sun Aug  2 18:27:28 2026] [INFO] CSP: RX loop iteration 4630, last_err=6 [components/cla/posix/cla_csp.c:405]
[Sun Aug  2 18:27:28 2026] [INFO] CSP: RX waiting - socket=0x555c6a95d9f8, init=1 [components/cla/posix/cla_csp.c:412]
[Sun Aug  2 18:27:38 2026] [INFO] CSP: RX loop iteration 4640, last_err=6 [components/cla/posix/cla_csp.c:405]
[Sun Aug  2 18:27:38 2026] [INFO] CSP: RX waiting - socket=0x555c6a95d9f8, init=1 [components/cla/posix/cla_csp.c:412]
[Sun Aug  2 18:27:48 2026] [INFO] CSP: RX loop iteration 4650, last_err=6 [components/cla/posix/cla_csp.c:405]
[Sun Aug  2 18:27:48 2026] [INFO] CSP: RX waiting - socket=0x555c6a95d9f8, init=1 [components/cla/posix/cla_csp.c:412]
[Sun Aug  2 18:27:58 2026] [INFO] CSP: RX loop iteration 4660, last_err=6 [components/cla/posix/cla_csp.c:405]
[Sun Aug  2 18:27:58 2026] [INFO] CSP: RX waiting - socket=0x555c6a95d9f8, init=1 [components/cla/posix/cla_csp.c:412]
[Sun Aug  2 18:28:08 2026] [INFO] CSP: RX loop iteration 4670, last_err=6 [components/cla/posix/cla_csp.c:405]
[Sun Aug  2 18:28:08 2026] [INFO] CSP: RX waiting - socket=0x555c6a95d9f8, init=1 [components/cla/posix/cla_csp.c:412]
[Sun Aug  2 18:28:18 2026] [INFO] CSP: RX loop iteration 4680, last_err=6 [components/cla/posix/cla_csp.c:405]
[Sun Aug  2 18:28:18 2026] [INFO] CSP: RX waiting - socket=0x555c6a95d9f8, init=1 [components/cla/posix/cla_csp.c:412]
[Sun Aug  2 18:28:28 2026] [INFO] CSP: RX loop iteration 4690, last_err=6 [components/cla/posix/cla_csp.c:405]
[Sun Aug  2 18:28:28 2026] [INFO] CSP: RX waiting - socket=0x555c6a95d9f8, init=1 [components/cla/posix/cla_csp.c:412]
[Sun Aug  2 18:28:38 2026] [INFO] CSP: RX loop iteration 4700, last_err=6 [components/cla/posix/cla_csp.c:405]
[Sun Aug  2 18:28:38 2026] [INFO] CSP: RX waiting - socket=0x555c6a95d9f8, init=1 [components/cla/posix/cla_csp.c:412]
[Sun Aug  2 18:28:48 2026] [INFO] CSP: RX loop iteration 4710, last_err=6 [components/cla/posix/cla_csp.c:405]
[Sun Aug  2 18:28:48 2026] [INFO] CSP: RX waiting - socket=0x555c6a95d9f8, init=1 [components/cla/posix/cla_csp.c:412]
[Sun Aug  2 18:28:58 2026] [INFO] CSP: RX loop iteration 4720, last_err=6 [components/cla/posix/cla_csp.c:405]
[Sun Aug  2 18:28:58 2026] [INFO] CSP: RX waiting - socket=0x555c6a95d9f8, init=1 [components/cla/posix/cla_csp.c:412]
[Sun Aug  2 18:29:08 2026] [INFO] CSP: RX loop iteration 4730, last_err=6 [components/cla/posix/cla_csp.c:405]
[Sun Aug  2 18:29:08 2026] [INFO] CSP: RX waiting - socket=0x555c6a95d9f8, init=1 [components/cla/posix/cla_csp.c:412]
[Sun Aug  2 18:29:18 2026] [INFO] CSP: RX loop iteration 4740, last_err=6 [components/cla/posix/cla_csp.c:405]
[Sun Aug  2 18:29:18 2026] [INFO] CSP: RX waiting - socket=0x555c6a95d9f8, init=1 [components/cla/posix/cla_csp.c:412]
[Sun Aug  2 18:29:28 2026] [INFO] CSP: RX loop iteration 4750, last_err=6 [components/cla/posix/cla_csp.c:405]
[Sun Aug  2 18:29:28 2026] [INFO] CSP: RX waiting - socket=0x555c6a95d9f8, init=1 [components/cla/posix/cla_csp.c:412]
[Sun Aug  2 18:29:38 2026] [INFO] CSP: RX loop iteration 4760, last_err=6 [components/cla/posix/cla_csp.c:405]
[Sun Aug  2 18:29:38 2026] [INFO] CSP: RX waiting - socket=0x555c6a95d9f8, init=1 [components/cla/posix/cla_csp.c:412]
[Sun Aug  2 18:29:48 2026] [INFO] CSP: RX loop iteration 4770, last_err=6 [components/cla/posix/cla_csp.c:405]
[Sun Aug  2 18:29:48 2026] [INFO] CSP: RX waiting - socket=0x555c6a95d9f8, init=1 [components/cla/posix/cla_csp.c:412]
[Sun Aug  2 18:29:58 2026] [INFO] CSP: RX loop iteration 4780, last_err=6 [components/cla/posix/cla_csp.c:405]
[Sun Aug  2 18:29:58 2026] [INFO] CSP: RX waiting - socket=0x555c6a95d9f8, init=1 [components/cla/posix/cla_csp.c:412]
[Sun Aug  2 18:30:08 2026] [INFO] CSP: RX loop iteration 4790, last_err=6 [components/cla/posix/cla_csp.c:405]
[Sun Aug  2 18:30:08 2026] [INFO] CSP: RX waiting - socket=0x555c6a95d9f8, init=1 [components/cla/posix/cla_csp.c:412]
[Sun Aug  2 18:30:18 2026] [INFO] CSP: RX loop iteration 4800, last_err=6 [components/cla/posix/cla_csp.c:405]
[Sun Aug  2 18:30:18 2026] [INFO] CSP: RX waiting - socket=0x555c6a95d9f8, init=1 [components/cla/posix/cla_csp.c:412]
[Sun Aug  2 18:30:28 2026] [INFO] CSP: RX loop iteration 4810, last_err=6 [components/cla/posix/cla_csp.c:405]
[Sun Aug  2 18:30:28 2026] [INFO] CSP: RX waiting - socket=0x555c6a95d9f8, init=1 [components/cla/posix/cla_csp.c:412]
[Sun Aug  2 18:30:38 2026] [INFO] CSP: RX loop iteration 4820, last_err=6 [components/cla/posix/cla_csp.c:405]
[Sun Aug  2 18:30:38 2026] [INFO] CSP: RX waiting - socket=0x555c6a95d9f8, init=1 [components/cla/posix/cla_csp.c:412]
[Sun Aug  2 18:30:48 2026] [INFO] CSP: RX loop iteration 4830, last_err=6 [components/cla/posix/cla_csp.c:405]
[Sun Aug  2 18:30:48 2026] [INFO] CSP: RX waiting - socket=0x555c6a95d9f8, init=1 [components/cla/posix/cla_csp.c:412]
[Sun Aug  2 18:30:58 2026] [INFO] CSP: RX loop iteration 4840, last_err=6 [components/cla/posix/cla_csp.c:405]
[Sun Aug  2 18:30:58 2026] [INFO] CSP: RX waiting - socket=0x555c6a95d9f8, init=1 [components/cla/posix/cla_csp.c:412]
[Sun Aug  2 18:31:08 2026] [INFO] CSP: RX loop iteration 4850, last_err=6 [components/cla/posix/cla_csp.c:405]
[Sun Aug  2 18:31:08 2026] [INFO] CSP: RX waiting - socket=0x555c6a95d9f8, init=1 [components/cla/posix/cla_csp.c:412]
[Sun Aug  2 18:31:18 2026] [INFO] CSP: RX loop iteration 4860, last_err=6 [components/cla/posix/cla_csp.c:405]
[Sun Aug  2 18:31:18 2026] [INFO] CSP: RX waiting - socket=0x555c6a95d9f8, init=1 [components/cla/posix/cla_csp.c:412]
[Sun Aug  2 18:31:28 2026] [INFO] CSP: RX loop iteration 4870, last_err=6 [components/cla/posix/cla_csp.c:405]
[Sun Aug  2 18:31:28 2026] [INFO] CSP: RX waiting - socket=0x555c6a95d9f8, init=1 [components/cla/posix/cla_csp.c:412]
[Sun Aug  2 18:31:38 2026] [INFO] CSP: RX loop iteration 4880, last_err=6 [components/cla/posix/cla_csp.c:405]
[Sun Aug  2 18:31:38 2026] [INFO] CSP: RX waiting - socket=0x555c6a95d9f8, init=1 [components/cla/posix/cla_csp.c:412]
[Sun Aug  2 18:31:48 2026] [INFO] CSP: RX loop iteration 4890, last_err=6 [components/cla/posix/cla_csp.c:405]
[Sun Aug  2 18:31:48 2026] [INFO] CSP: RX waiting - socket=0x555c6a95d9f8, init=1 [components/cla/posix/cla_csp.c:412]
[Sun Aug  2 18:31:58 2026] [INFO] CSP: RX loop iteration 4900, last_err=6 [components/cla/posix/cla_csp.c:405]
[Sun Aug  2 18:31:58 2026] [INFO] CSP: RX waiting - socket=0x555c6a95d9f8, init=1 [components/cla/posix/cla_csp.c:412]
[Sun Aug  2 18:32:08 2026] [INFO] CSP: RX loop iteration 4910, last_err=6 [components/cla/posix/cla_csp.c:405]
[Sun Aug  2 18:32:08 2026] [INFO] CSP: RX waiting - socket=0x555c6a95d9f8, init=1 [components/cla/posix/cla_csp.c:412]
[Sun Aug  2 18:32:18 2026] [INFO] CSP: RX loop iteration 4920, last_err=6 [components/cla/posix/cla_csp.c:405]
[Sun Aug  2 18:32:18 2026] [INFO] CSP: RX waiting - socket=0x555c6a95d9f8, init=1 [components/cla/posix/cla_csp.c:412]
[Sun Aug  2 18:32:28 2026] [INFO] CSP: RX loop iteration 4930, last_err=6 [components/cla/posix/cla_csp.c:405]
[Sun Aug  2 18:32:28 2026] [INFO] CSP: RX waiting - socket=0x555c6a95d9f8, init=1 [components/cla/posix/cla_csp.c:412]
[Sun Aug  2 18:32:38 2026] [INFO] CSP: RX loop iteration 4940, last_err=6 [components/cla/posix/cla_csp.c:405]
[Sun Aug  2 18:32:38 2026] [INFO] CSP: RX waiting - socket=0x555c6a95d9f8, init=1 [components/cla/posix/cla_csp.c:412]
[Sun Aug  2 18:32:48 2026] [INFO] CSP: RX loop iteration 4950, last_err=6 [components/cla/posix/cla_csp.c:405]
[Sun Aug  2 18:32:48 2026] [INFO] CSP: RX waiting - socket=0x555c6a95d9f8, init=1 [components/cla/posix/cla_csp.c:412]
[Sun Aug  2 18:32:58 2026] [INFO] CSP: RX loop iteration 4960, last_err=6 [components/cla/posix/cla_csp.c:405]
[Sun Aug  2 18:32:58 2026] [INFO] CSP: RX waiting - socket=0x555c6a95d9f8, init=1 [components/cla/posix/cla_csp.c:412]
[Sun Aug  2 18:33:08 2026] [INFO] CSP: RX loop iteration 4970, last_err=6 [components/cla/posix/cla_csp.c:405]
[Sun Aug  2 18:33:08 2026] [INFO] CSP: RX waiting - socket=0x555c6a95d9f8, init=1 [components/cla/posix/cla_csp.c:412]
[Sun Aug  2 18:33:18 2026] [INFO] CSP: RX loop iteration 4980, last_err=6 [components/cla/posix/cla_csp.c:405]
[Sun Aug  2 18:33:18 2026] [INFO] CSP: RX waiting - socket=0x555c6a95d9f8, init=1 [components/cla/posix/cla_csp.c:412]
[Sun Aug  2 18:33:28 2026] [INFO] CSP: RX loop iteration 4990, last_err=6 [components/cla/posix/cla_csp.c:405]
[Sun Aug  2 18:33:28 2026] [INFO] CSP: RX waiting - socket=0x555c6a95d9f8, init=1 [components/cla/posix/cla_csp.c:412]
[Sun Aug  2 18:33:38 2026] [INFO] CSP: RX loop iteration 5000, last_err=6 [components/cla/posix/cla_csp.c:405]
[Sun Aug  2 18:33:38 2026] [INFO] CSP: RX waiting - socket=0x555c6a95d9f8, init=1 [components/cla/posix/cla_csp.c:412]
[Sun Aug  2 18:33:48 2026] [INFO] CSP: RX loop iteration 5010, last_err=6 [components/cla/posix/cla_csp.c:405]
[Sun Aug  2 18:33:48 2026] [INFO] CSP: RX waiting - socket=0x555c6a95d9f8, init=1 [components/cla/posix/cla_csp.c:412]
[Sun Aug  2 18:33:58 2026] [INFO] CSP: RX loop iteration 5020, last_err=6 [components/cla/posix/cla_csp.c:405]
[Sun Aug  2 18:33:58 2026] [INFO] CSP: RX waiting - socket=0x555c6a95d9f8, init=1 [components/cla/posix/cla_csp.c:412]
[Sun Aug  2 18:34:08 2026] [INFO] CSP: RX loop iteration 5030, last_err=6 [components/cla/posix/cla_csp.c:405]
[Sun Aug  2 18:34:08 2026] [INFO] CSP: RX waiting - socket=0x555c6a95d9f8, init=1 [components/cla/posix/cla_csp.c:412]
[Sun Aug  2 18:34:18 2026] [INFO] CSP: RX loop iteration 5040, last_err=6 [components/cla/posix/cla_csp.c:405]
[Sun Aug  2 18:34:18 2026] [INFO] CSP: RX waiting - socket=0x555c6a95d9f8, init=1 [components/cla/posix/cla_csp.c:412]
[Sun Aug  2 18:34:28 2026] [INFO] CSP: RX loop iteration 5050, last_err=6 [components/cla/posix/cla_csp.c:405]
[Sun Aug  2 18:34:28 2026] [INFO] CSP: RX waiting - socket=0x555c6a95d9f8, init=1 [components/cla/posix/cla_csp.c:412]
[Sun Aug  2 18:34:38 2026] [INFO] CSP: RX loop iteration 5060, last_err=6 [components/cla/posix/cla_csp.c:405]
[Sun Aug  2 18:34:38 2026] [INFO] CSP: RX waiting - socket=0x555c6a95d9f8, init=1 [components/cla/posix/cla_csp.c:412]
[Sun Aug  2 18:34:48 2026] [INFO] CSP: RX loop iteration 5070, last_err=6 [components/cla/posix/cla_csp.c:405]
[Sun Aug  2 18:34:48 2026] [INFO] CSP: RX waiting - socket=0x555c6a95d9f8, init=1 [components/cla/posix/cla_csp.c:412]
[Sun Aug  2 18:34:58 2026] [INFO] CSP: RX loop iteration 5080, last_err=6 [components/cla/posix/cla_csp.c:405]
[Sun Aug  2 18:34:58 2026] [INFO] CSP: RX waiting - socket=0x555c6a95d9f8, init=1 [components/cla/posix/cla_csp.c:412]
[Sun Aug  2 18:35:08 2026] [INFO] CSP: RX loop iteration 5090, last_err=6 [components/cla/posix/cla_csp.c:405]
[Sun Aug  2 18:35:08 2026] [INFO] CSP: RX waiting - socket=0x555c6a95d9f8, init=1 [components/cla/posix/cla_csp.c:412]
[Sun Aug  2 18:35:18 2026] [INFO] CSP: RX loop iteration 5100, last_err=6 [components/cla/posix/cla_csp.c:405]
[Sun Aug  2 18:35:18 2026] [INFO] CSP: RX waiting - socket=0x555c6a95d9f8, init=1 [components/cla/posix/cla_csp.c:412]
[Sun Aug  2 18:35:28 2026] [INFO] CSP: RX loop iteration 5110, last_err=6 [components/cla/posix/cla_csp.c:405]
[Sun Aug  2 18:35:28 2026] [INFO] CSP: RX waiting - socket=0x555c6a95d9f8, init=1 [components/cla/posix/cla_csp.c:412]
[Sun Aug  2 18:35:38 2026] [INFO] CSP: RX loop iteration 5120, last_err=6 [components/cla/posix/cla_csp.c:405]
[Sun Aug  2 18:35:38 2026] [INFO] CSP: RX waiting - socket=0x555c6a95d9f8, init=1 [components/cla/posix/cla_csp.c:412]
[Sun Aug  2 18:35:48 2026] [INFO] CSP: RX loop iteration 5130, last_err=6 [components/cla/posix/cla_csp.c:405]
[Sun Aug  2 18:35:48 2026] [INFO] CSP: RX waiting - socket=0x555c6a95d9f8, init=1 [components/cla/posix/cla_csp.c:412]
[Sun Aug  2 18:35:58 2026] [INFO] CSP: RX loop iteration 5140, last_err=6 [components/cla/posix/cla_csp.c:405]
[Sun Aug  2 18:35:58 2026] [INFO] CSP: RX waiting - socket=0x555c6a95d9f8, init=1 [components/cla/posix/cla_csp.c:412]
[Sun Aug  2 18:36:08 2026] [INFO] CSP: RX loop iteration 5150, last_err=6 [components/cla/posix/cla_csp.c:405]
[Sun Aug  2 18:36:08 2026] [INFO] CSP: RX waiting - socket=0x555c6a95d9f8, init=1 [components/cla/posix/cla_csp.c:412]
[Sun Aug  2 18:36:18 2026] [INFO] CSP: RX loop iteration 5160, last_err=6 [components/cla/posix/cla_csp.c:405]
[Sun Aug  2 18:36:18 2026] [INFO] CSP: RX waiting - socket=0x555c6a95d9f8, init=1 [components/cla/posix/cla_csp.c:412]
[Sun Aug  2 18:36:28 2026] [INFO] CSP: RX loop iteration 5170, last_err=6 [components/cla/posix/cla_csp.c:405]
[Sun Aug  2 18:36:28 2026] [INFO] CSP: RX waiting - socket=0x555c6a95d9f8, init=1 [components/cla/posix/cla_csp.c:412]
[Sun Aug  2 18:36:38 2026] [INFO] CSP: RX loop iteration 5180, last_err=6 [components/cla/posix/cla_csp.c:405]
[Sun Aug  2 18:36:38 2026] [INFO] CSP: RX waiting - socket=0x555c6a95d9f8, init=1 [components/cla/posix/cla_csp.c:412]
[Sun Aug  2 18:36:48 2026] [INFO] CSP: RX loop iteration 5190, last_err=6 [components/cla/posix/cla_csp.c:405]
[Sun Aug  2 18:36:48 2026] [INFO] CSP: RX waiting - socket=0x555c6a95d9f8, init=1 [components/cla/posix/cla_csp.c:412]
[Sun Aug  2 18:36:58 2026] [INFO] CSP: RX loop iteration 5200, last_err=6 [components/cla/posix/cla_csp.c:405]
[Sun Aug  2 18:36:58 2026] [INFO] CSP: RX waiting - socket=0x555c6a95d9f8, init=1 [components/cla/posix/cla_csp.c:412]
[Sun Aug  2 18:37:08 2026] [INFO] CSP: RX loop iteration 5210, last_err=6 [components/cla/posix/cla_csp.c:405]
[Sun Aug  2 18:37:08 2026] [INFO] CSP: RX waiting - socket=0x555c6a95d9f8, init=1 [components/cla/posix/cla_csp.c:412]
[Sun Aug  2 18:37:18 2026] [INFO] CSP: RX loop iteration 5220, last_err=6 [components/cla/posix/cla_csp.c:405]
[Sun Aug  2 18:37:18 2026] [INFO] CSP: RX waiting - socket=0x555c6a95d9f8, init=1 [components/cla/posix/cla_csp.c:412]
[Sun Aug  2 18:37:28 2026] [INFO] CSP: RX loop iteration 5230, last_err=6 [components/cla/posix/cla_csp.c:405]
[Sun Aug  2 18:37:28 2026] [INFO] CSP: RX waiting - socket=0x555c6a95d9f8, init=1 [components/cla/posix/cla_csp.c:412]
[Sun Aug  2 18:37:38 2026] [INFO] CSP: RX loop iteration 5240, last_err=6 [components/cla/posix/cla_csp.c:405]
[Sun Aug  2 18:37:38 2026] [INFO] CSP: RX waiting - socket=0x555c6a95d9f8, init=1 [components/cla/posix/cla_csp.c:412]
[Sun Aug  2 18:37:48 2026] [INFO] CSP: RX loop iteration 5250, last_err=6 [components/cla/posix/cla_csp.c:405]
[Sun Aug  2 18:37:48 2026] [INFO] CSP: RX waiting - socket=0x555c6a95d9f8, init=1 [components/cla/posix/cla_csp.c:412]
[Sun Aug  2 18:37:58 2026] [INFO] CSP: RX loop iteration 5260, last_err=6 [components/cla/posix/cla_csp.c:405]
[Sun Aug  2 18:37:58 2026] [INFO] CSP: RX waiting - socket=0x555c6a95d9f8, init=1 [components/cla/posix/cla_csp.c:412]
[Sun Aug  2 18:38:08 2026] [INFO] CSP: RX loop iteration 5270, last_err=6 [components/cla/posix/cla_csp.c:405]
[Sun Aug  2 18:38:08 2026] [INFO] CSP: RX waiting - socket=0x555c6a95d9f8, init=1 [components/cla/posix/cla_csp.c:412]
[Sun Aug  2 18:38:18 2026] [INFO] CSP: RX loop iteration 5280, last_err=6 [components/cla/posix/cla_csp.c:405]
[Sun Aug  2 18:38:18 2026] [INFO] CSP: RX waiting - socket=0x555c6a95d9f8, init=1 [components/cla/posix/cla_csp.c:412]
[Sun Aug  2 18:38:28 2026] [INFO] CSP: RX loop iteration 5290, last_err=6 [components/cla/posix/cla_csp.c:405]
[Sun Aug  2 18:38:28 2026] [INFO] CSP: RX waiting - socket=0x555c6a95d9f8, init=1 [components/cla/posix/cla_csp.c:412]
[Sun Aug  2 18:38:38 2026] [INFO] CSP: RX loop iteration 5300, last_err=6 [components/cla/posix/cla_csp.c:405]
[Sun Aug  2 18:38:38 2026] [INFO] CSP: RX waiting - socket=0x555c6a95d9f8, init=1 [components/cla/posix/cla_csp.c:412]
[Sun Aug  2 18:38:48 2026] [INFO] CSP: RX loop iteration 5310, last_err=6 [components/cla/posix/cla_csp.c:405]
[Sun Aug  2 18:38:48 2026] [INFO] CSP: RX waiting - socket=0x555c6a95d9f8, init=1 [components/cla/posix/cla_csp.c:412]
[Sun Aug  2 18:38:58 2026] [INFO] CSP: RX loop iteration 5320, last_err=6 [components/cla/posix/cla_csp.c:405]
[Sun Aug  2 18:38:58 2026] [INFO] CSP: RX waiting - socket=0x555c6a95d9f8, init=1 [components/cla/posix/cla_csp.c:412]
[Sun Aug  2 18:39:08 2026] [INFO] CSP: RX loop iteration 5330, last_err=6 [components/cla/posix/cla_csp.c:405]
[Sun Aug  2 18:39:08 2026] [INFO] CSP: RX waiting - socket=0x555c6a95d9f8, init=1 [components/cla/posix/cla_csp.c:412]
[Sun Aug  2 18:39:18 2026] [INFO] CSP: RX loop iteration 5340, last_err=6 [components/cla/posix/cla_csp.c:405]
[Sun Aug  2 18:39:18 2026] [INFO] CSP: RX waiting - socket=0x555c6a95d9f8, init=1 [components/cla/posix/cla_csp.c:412]
[Sun Aug  2 18:39:28 2026] [INFO] CSP: RX loop iteration 5350, last_err=6 [components/cla/posix/cla_csp.c:405]
[Sun Aug  2 18:39:28 2026] [INFO] CSP: RX waiting - socket=0x555c6a95d9f8, init=1 [components/cla/posix/cla_csp.c:412]
[Sun Aug  2 18:39:38 2026] [INFO] CSP: RX loop iteration 5360, last_err=6 [components/cla/posix/cla_csp.c:405]
[Sun Aug  2 18:39:38 2026] [INFO] CSP: RX waiting - socket=0x555c6a95d9f8, init=1 [components/cla/posix/cla_csp.c:412]
[Sun Aug  2 18:39:48 2026] [INFO] CSP: RX loop iteration 5370, last_err=6 [components/cla/posix/cla_csp.c:405]
[Sun Aug  2 18:39:48 2026] [INFO] CSP: RX waiting - socket=0x555c6a95d9f8, init=1 [components/cla/posix/cla_csp.c:412]
[Sun Aug  2 18:39:58 2026] [INFO] CSP: RX loop iteration 5380, last_err=6 [components/cla/posix/cla_csp.c:405]
[Sun Aug  2 18:39:58 2026] [INFO] CSP: RX waiting - socket=0x555c6a95d9f8, init=1 [components/cla/posix/cla_csp.c:412]
[Sun Aug  2 18:40:08 2026] [INFO] CSP: RX loop iteration 5390, last_err=6 [components/cla/posix/cla_csp.c:405]
[Sun Aug  2 18:40:08 2026] [INFO] CSP: RX waiting - socket=0x555c6a95d9f8, init=1 [components/cla/posix/cla_csp.c:412]
[Sun Aug  2 18:40:18 2026] [INFO] CSP: RX loop iteration 5400, last_err=6 [components/cla/posix/cla_csp.c:405]
[Sun Aug  2 18:40:18 2026] [INFO] CSP: RX waiting - socket=0x555c6a95d9f8, init=1 [components/cla/posix/cla_csp.c:412]
[Sun Aug  2 18:40:28 2026] [INFO] CSP: RX loop iteration 5410, last_err=6 [components/cla/posix/cla_csp.c:405]
[Sun Aug  2 18:40:28 2026] [INFO] CSP: RX waiting - socket=0x555c6a95d9f8, init=1 [components/cla/posix/cla_csp.c:412]
[Sun Aug  2 18:40:38 2026] [INFO] CSP: RX loop iteration 5420, last_err=6 [components/cla/posix/cla_csp.c:405]
[Sun Aug  2 18:40:38 2026] [INFO] CSP: RX waiting - socket=0x555c6a95d9f8, init=1 [components/cla/posix/cla_csp.c:412]
[Sun Aug  2 18:40:48 2026] [INFO] CSP: RX loop iteration 5430, last_err=6 [components/cla/posix/cla_csp.c:405]
[Sun Aug  2 18:40:48 2026] [INFO] CSP: RX waiting - socket=0x555c6a95d9f8, init=1 [components/cla/posix/cla_csp.c:412]
[Sun Aug  2 18:40:58 2026] [INFO] CSP: RX loop iteration 5440, last_err=6 [components/cla/posix/cla_csp.c:405]
[Sun Aug  2 18:40:58 2026] [INFO] CSP: RX waiting - socket=0x555c6a95d9f8, init=1 [components/cla/posix/cla_csp.c:412]
[Sun Aug  2 18:41:09 2026] [INFO] CSP: RX loop iteration 5450, last_err=6 [components/cla/posix/cla_csp.c:405]
[Sun Aug  2 18:41:09 2026] [INFO] CSP: RX waiting - socket=0x555c6a95d9f8, init=1 [components/cla/posix/cla_csp.c:412]
[Sun Aug  2 18:41:19 2026] [INFO] CSP: RX loop iteration 5460, last_err=6 [components/cla/posix/cla_csp.c:405]
[Sun Aug  2 18:41:19 2026] [INFO] CSP: RX waiting - socket=0x555c6a95d9f8, init=1 [components/cla/posix/cla_csp.c:412]
[Sun Aug  2 18:41:29 2026] [INFO] CSP: RX loop iteration 5470, last_err=6 [components/cla/posix/cla_csp.c:405]
[Sun Aug  2 18:41:29 2026] [INFO] CSP: RX waiting - socket=0x555c6a95d9f8, init=1 [components/cla/posix/cla_csp.c:412]
[Sun Aug  2 18:41:39 2026] [INFO] CSP: RX loop iteration 5480, last_err=6 [components/cla/posix/cla_csp.c:405]
[Sun Aug  2 18:41:39 2026] [INFO] CSP: RX waiting - socket=0x555c6a95d9f8, init=1 [components/cla/posix/cla_csp.c:412]
[Sun Aug  2 18:41:49 2026] [INFO] CSP: RX loop iteration 5490, last_err=6 [components/cla/posix/cla_csp.c:405]
[Sun Aug  2 18:41:49 2026] [INFO] CSP: RX waiting - socket=0x555c6a95d9f8, init=1 [components/cla/posix/cla_csp.c:412]
[Sun Aug  2 18:41:59 2026] [INFO] CSP: RX loop iteration 5500, last_err=6 [components/cla/posix/cla_csp.c:405]
[Sun Aug  2 18:41:59 2026] [INFO] CSP: RX waiting - socket=0x555c6a95d9f8, init=1 [components/cla/posix/cla_csp.c:412]
[Sun Aug  2 18:42:09 2026] [INFO] CSP: RX loop iteration 5510, last_err=6 [components/cla/posix/cla_csp.c:405]
[Sun Aug  2 18:42:09 2026] [INFO] CSP: RX waiting - socket=0x555c6a95d9f8, init=1 [components/cla/posix/cla_csp.c:412]
[Sun Aug  2 18:42:19 2026] [INFO] CSP: RX loop iteration 5520, last_err=6 [components/cla/posix/cla_csp.c:405]
[Sun Aug  2 18:42:19 2026] [INFO] CSP: RX waiting - socket=0x555c6a95d9f8, init=1 [components/cla/posix/cla_csp.c:412]
[Sun Aug  2 18:42:29 2026] [INFO] CSP: RX loop iteration 5530, last_err=6 [components/cla/posix/cla_csp.c:405]
[Sun Aug  2 18:42:29 2026] [INFO] CSP: RX waiting - socket=0x555c6a95d9f8, init=1 [components/cla/posix/cla_csp.c:412]
[Sun Aug  2 18:42:39 2026] [INFO] CSP: RX loop iteration 5540, last_err=6 [components/cla/posix/cla_csp.c:405]
[Sun Aug  2 18:42:39 2026] [INFO] CSP: RX waiting - socket=0x555c6a95d9f8, init=1 [components/cla/posix/cla_csp.c:412]
[Sun Aug  2 18:42:49 2026] [INFO] CSP: RX loop iteration 5550, last_err=6 [components/cla/posix/cla_csp.c:405]
[Sun Aug  2 18:42:49 2026] [INFO] CSP: RX waiting - socket=0x555c6a95d9f8, init=1 [components/cla/posix/cla_csp.c:412]
[Sun Aug  2 18:42:59 2026] [INFO] CSP: RX loop iteration 5560, last_err=6 [components/cla/posix/cla_csp.c:405]
[Sun Aug  2 18:42:59 2026] [INFO] CSP: RX waiting - socket=0x555c6a95d9f8, init=1 [components/cla/posix/cla_csp.c:412]
[Sun Aug  2 18:43:09 2026] [INFO] CSP: RX loop iteration 5570, last_err=6 [components/cla/posix/cla_csp.c:405]
[Sun Aug  2 18:43:09 2026] [INFO] CSP: RX waiting - socket=0x555c6a95d9f8, init=1 [components/cla/posix/cla_csp.c:412]
[Sun Aug  2 18:43:19 2026] [INFO] CSP: RX loop iteration 5580, last_err=6 [components/cla/posix/cla_csp.c:405]
[Sun Aug  2 18:43:19 2026] [INFO] CSP: RX waiting - socket=0x555c6a95d9f8, init=1 [components/cla/posix/cla_csp.c:412]
[Sun Aug  2 18:43:29 2026] [INFO] CSP: RX loop iteration 5590, last_err=6 [components/cla/posix/cla_csp.c:405]
[Sun Aug  2 18:43:29 2026] [INFO] CSP: RX waiting - socket=0x555c6a95d9f8, init=1 [components/cla/posix/cla_csp.c:412]
[Sun Aug  2 18:43:39 2026] [INFO] CSP: RX loop iteration 5600, last_err=6 [components/cla/posix/cla_csp.c:405]
[Sun Aug  2 18:43:39 2026] [INFO] CSP: RX waiting - socket=0x555c6a95d9f8, init=1 [components/cla/posix/cla_csp.c:412]
[Sun Aug  2 18:43:49 2026] [INFO] CSP: RX loop iteration 5610, last_err=6 [components/cla/posix/cla_csp.c:405]
[Sun Aug  2 18:43:49 2026] [INFO] CSP: RX waiting - socket=0x555c6a95d9f8, init=1 [components/cla/posix/cla_csp.c:412]
[Sun Aug  2 18:43:59 2026] [INFO] CSP: RX loop iteration 5620, last_err=6 [components/cla/posix/cla_csp.c:405]
[Sun Aug  2 18:43:59 2026] [INFO] CSP: RX waiting - socket=0x555c6a95d9f8, init=1 [components/cla/posix/cla_csp.c:412]
[Sun Aug  2 18:44:09 2026] [INFO] CSP: RX loop iteration 5630, last_err=6 [components/cla/posix/cla_csp.c:405]
[Sun Aug  2 18:44:09 2026] [INFO] CSP: RX waiting - socket=0x555c6a95d9f8, init=1 [components/cla/posix/cla_csp.c:412]
[Sun Aug  2 18:44:19 2026] [INFO] CSP: RX loop iteration 5640, last_err=6 [components/cla/posix/cla_csp.c:405]
[Sun Aug  2 18:44:19 2026] [INFO] CSP: RX waiting - socket=0x555c6a95d9f8, init=1 [components/cla/posix/cla_csp.c:412]
[Sun Aug  2 18:44:29 2026] [INFO] CSP: RX loop iteration 5650, last_err=6 [components/cla/posix/cla_csp.c:405]
[Sun Aug  2 18:44:29 2026] [INFO] CSP: RX waiting - socket=0x555c6a95d9f8, init=1 [components/cla/posix/cla_csp.c:412]
[Sun Aug  2 18:44:39 2026] [INFO] CSP: RX loop iteration 5660, last_err=6 [components/cla/posix/cla_csp.c:405]
[Sun Aug  2 18:44:39 2026] [INFO] CSP: RX waiting - socket=0x555c6a95d9f8, init=1 [components/cla/posix/cla_csp.c:412]
[Sun Aug  2 18:44:49 2026] [INFO] CSP: RX loop iteration 5670, last_err=6 [components/cla/posix/cla_csp.c:405]
[Sun Aug  2 18:44:49 2026] [INFO] CSP: RX waiting - socket=0x555c6a95d9f8, init=1 [components/cla/posix/cla_csp.c:412]
[Sun Aug  2 18:44:59 2026] [INFO] CSP: RX loop iteration 5680, last_err=6 [components/cla/posix/cla_csp.c:405]
[Sun Aug  2 18:44:59 2026] [INFO] CSP: RX waiting - socket=0x555c6a95d9f8, init=1 [components/cla/posix/cla_csp.c:412]
[Sun Aug  2 18:45:09 2026] [INFO] CSP: RX loop iteration 5690, last_err=6 [components/cla/posix/cla_csp.c:405]
[Sun Aug  2 18:45:09 2026] [INFO] CSP: RX waiting - socket=0x555c6a95d9f8, init=1 [components/cla/posix/cla_csp.c:412]
[Sun Aug  2 18:45:19 2026] [INFO] CSP: RX loop iteration 5700, last_err=6 [components/cla/posix/cla_csp.c:405]
[Sun Aug  2 18:45:19 2026] [INFO] CSP: RX waiting - socket=0x555c6a95d9f8, init=1 [components/cla/posix/cla_csp.c:412]
[Sun Aug  2 18:45:29 2026] [INFO] CSP: RX loop iteration 5710, last_err=6 [components/cla/posix/cla_csp.c:405]
[Sun Aug  2 18:45:29 2026] [INFO] CSP: RX waiting - socket=0x555c6a95d9f8, init=1 [components/cla/posix/cla_csp.c:412]
[Sun Aug  2 18:45:39 2026] [INFO] CSP: RX loop iteration 5720, last_err=6 [components/cla/posix/cla_csp.c:405]
[Sun Aug  2 18:45:39 2026] [INFO] CSP: RX waiting - socket=0x555c6a95d9f8, init=1 [components/cla/posix/cla_csp.c:412]
[Sun Aug  2 18:45:49 2026] [INFO] CSP: RX loop iteration 5730, last_err=6 [components/cla/posix/cla_csp.c:405]
[Sun Aug  2 18:45:49 2026] [INFO] CSP: RX waiting - socket=0x555c6a95d9f8, init=1 [components/cla/posix/cla_csp.c:412]
[Sun Aug  2 18:45:59 2026] [INFO] CSP: RX loop iteration 5740, last_err=6 [components/cla/posix/cla_csp.c:405]
[Sun Aug  2 18:45:59 2026] [INFO] CSP: RX waiting - socket=0x555c6a95d9f8, init=1 [components/cla/posix/cla_csp.c:412]
[Sun Aug  2 18:46:09 2026] [INFO] CSP: RX loop iteration 5750, last_err=6 [components/cla/posix/cla_csp.c:405]
[Sun Aug  2 18:46:09 2026] [INFO] CSP: RX waiting - socket=0x555c6a95d9f8, init=1 [components/cla/posix/cla_csp.c:412]
[Sun Aug  2 18:46:19 2026] [INFO] CSP: RX loop iteration 5760, last_err=6 [components/cla/posix/cla_csp.c:405]
[Sun Aug  2 18:46:19 2026] [INFO] CSP: RX waiting - socket=0x555c6a95d9f8, init=1 [components/cla/posix/cla_csp.c:412]
[Sun Aug  2 18:46:29 2026] [INFO] CSP: RX loop iteration 5770, last_err=6 [components/cla/posix/cla_csp.c:405]
[Sun Aug  2 18:46:29 2026] [INFO] CSP: RX waiting - socket=0x555c6a95d9f8, init=1 [components/cla/posix/cla_csp.c:412]
[Sun Aug  2 18:46:39 2026] [INFO] CSP: RX loop iteration 5780, last_err=6 [components/cla/posix/cla_csp.c:405]
[Sun Aug  2 18:46:39 2026] [INFO] CSP: RX waiting - socket=0x555c6a95d9f8, init=1 [components/cla/posix/cla_csp.c:412]
[Sun Aug  2 18:46:49 2026] [INFO] CSP: RX loop iteration 5790, last_err=6 [components/cla/posix/cla_csp.c:405]
[Sun Aug  2 18:46:49 2026] [INFO] CSP: RX waiting - socket=0x555c6a95d9f8, init=1 [components/cla/posix/cla_csp.c:412]
[Sun Aug  2 18:46:59 2026] [INFO] CSP: RX loop iteration 5800, last_err=6 [components/cla/posix/cla_csp.c:405]
[Sun Aug  2 18:46:59 2026] [INFO] CSP: RX waiting - socket=0x555c6a95d9f8, init=1 [components/cla/posix/cla_csp.c:412]
[Sun Aug  2 18:47:09 2026] [INFO] CSP: RX loop iteration 5810, last_err=6 [components/cla/posix/cla_csp.c:405]
[Sun Aug  2 18:47:09 2026] [INFO] CSP: RX waiting - socket=0x555c6a95d9f8, init=1 [components/cla/posix/cla_csp.c:412]
[Sun Aug  2 18:47:19 2026] [INFO] CSP: RX loop iteration 5820, last_err=6 [components/cla/posix/cla_csp.c:405]
[Sun Aug  2 18:47:19 2026] [INFO] CSP: RX waiting - socket=0x555c6a95d9f8, init=1 [components/cla/posix/cla_csp.c:412]
[Sun Aug  2 18:47:29 2026] [INFO] CSP: RX loop iteration 5830, last_err=6 [components/cla/posix/cla_csp.c:405]
[Sun Aug  2 18:47:29 2026] [INFO] CSP: RX waiting - socket=0x555c6a95d9f8, init=1 [components/cla/posix/cla_csp.c:412]
[Sun Aug  2 18:47:39 2026] [INFO] CSP: RX loop iteration 5840, last_err=6 [components/cla/posix/cla_csp.c:405]
[Sun Aug  2 18:47:39 2026] [INFO] CSP: RX waiting - socket=0x555c6a95d9f8, init=1 [components/cla/posix/cla_csp.c:412]
[Sun Aug  2 18:47:49 2026] [INFO] CSP: RX loop iteration 5850, last_err=6 [components/cla/posix/cla_csp.c:405]
[Sun Aug  2 18:47:49 2026] [INFO] CSP: RX waiting - socket=0x555c6a95d9f8, init=1 [components/cla/posix/cla_csp.c:412]
[Sun Aug  2 18:47:59 2026] [INFO] CSP: RX loop iteration 5860, last_err=6 [components/cla/posix/cla_csp.c:405]
[Sun Aug  2 18:47:59 2026] [INFO] CSP: RX waiting - socket=0x555c6a95d9f8, init=1 [components/cla/posix/cla_csp.c:412]
[Sun Aug  2 18:48:09 2026] [INFO] CSP: RX loop iteration 5870, last_err=6 [components/cla/posix/cla_csp.c:405]
[Sun Aug  2 18:48:09 2026] [INFO] CSP: RX waiting - socket=0x555c6a95d9f8, init=1 [components/cla/posix/cla_csp.c:412]
[Sun Aug  2 18:48:19 2026] [INFO] CSP: RX loop iteration 5880, last_err=6 [components/cla/posix/cla_csp.c:405]
[Sun Aug  2 18:48:19 2026] [INFO] CSP: RX waiting - socket=0x555c6a95d9f8, init=1 [components/cla/posix/cla_csp.c:412]
[Sun Aug  2 18:48:29 2026] [INFO] CSP: RX loop iteration 5890, last_err=6 [components/cla/posix/cla_csp.c:405]
[Sun Aug  2 18:48:29 2026] [INFO] CSP: RX waiting - socket=0x555c6a95d9f8, init=1 [components/cla/posix/cla_csp.c:412]
[Sun Aug  2 18:48:39 2026] [INFO] CSP: RX loop iteration 5900, last_err=6 [components/cla/posix/cla_csp.c:405]
[Sun Aug  2 18:48:39 2026] [INFO] CSP: RX waiting - socket=0x555c6a95d9f8, init=1 [components/cla/posix/cla_csp.c:412]
[Sun Aug  2 18:48:49 2026] [INFO] CSP: RX loop iteration 5910, last_err=6 [components/cla/posix/cla_csp.c:405]
[Sun Aug  2 18:48:49 2026] [INFO] CSP: RX waiting - socket=0x555c6a95d9f8, init=1 [components/cla/posix/cla_csp.c:412]
[Sun Aug  2 18:48:59 2026] [INFO] CSP: RX loop iteration 5920, last_err=6 [components/cla/posix/cla_csp.c:405]
[Sun Aug  2 18:48:59 2026] [INFO] CSP: RX waiting - socket=0x555c6a95d9f8, init=1 [components/cla/posix/cla_csp.c:412]
[Sun Aug  2 18:49:09 2026] [INFO] CSP: RX loop iteration 5930, last_err=6 [components/cla/posix/cla_csp.c:405]
[Sun Aug  2 18:49:09 2026] [INFO] CSP: RX waiting - socket=0x555c6a95d9f8, init=1 [components/cla/posix/cla_csp.c:412]
[Sun Aug  2 18:49:19 2026] [INFO] CSP: RX loop iteration 5940, last_err=6 [components/cla/posix/cla_csp.c:405]
[Sun Aug  2 18:49:19 2026] [INFO] CSP: RX waiting - socket=0x555c6a95d9f8, init=1 [components/cla/posix/cla_csp.c:412]
[Sun Aug  2 18:49:29 2026] [INFO] CSP: RX loop iteration 5950, last_err=6 [components/cla/posix/cla_csp.c:405]
[Sun Aug  2 18:49:29 2026] [INFO] CSP: RX waiting - socket=0x555c6a95d9f8, init=1 [components/cla/posix/cla_csp.c:412]
[Sun Aug  2 18:49:39 2026] [INFO] CSP: RX loop iteration 5960, last_err=6 [components/cla/posix/cla_csp.c:405]
[Sun Aug  2 18:49:39 2026] [INFO] CSP: RX waiting - socket=0x555c6a95d9f8, init=1 [components/cla/posix/cla_csp.c:412]
[Sun Aug  2 18:49:49 2026] [INFO] CSP: RX loop iteration 5970, last_err=6 [components/cla/posix/cla_csp.c:405]
[Sun Aug  2 18:49:49 2026] [INFO] CSP: RX waiting - socket=0x555c6a95d9f8, init=1 [components/cla/posix/cla_csp.c:412]
[Sun Aug  2 18:49:59 2026] [INFO] CSP: RX loop iteration 5980, last_err=6 [components/cla/posix/cla_csp.c:405]
[Sun Aug  2 18:49:59 2026] [INFO] CSP: RX waiting - socket=0x555c6a95d9f8, init=1 [components/cla/posix/cla_csp.c:412]
[Sun Aug  2 18:50:09 2026] [INFO] CSP: RX loop iteration 5990, last_err=6 [components/cla/posix/cla_csp.c:405]
[Sun Aug  2 18:50:09 2026] [INFO] CSP: RX waiting - socket=0x555c6a95d9f8, init=1 [components/cla/posix/cla_csp.c:412]
[Sun Aug  2 18:50:19 2026] [INFO] CSP: RX loop iteration 6000, last_err=6 [components/cla/posix/cla_csp.c:405]
[Sun Aug  2 18:50:19 2026] [INFO] CSP: RX waiting - socket=0x555c6a95d9f8, init=1 [components/cla/posix/cla_csp.c:412]
[Sun Aug  2 18:50:29 2026] [INFO] CSP: RX loop iteration 6010, last_err=6 [components/cla/posix/cla_csp.c:405]
[Sun Aug  2 18:50:29 2026] [INFO] CSP: RX waiting - socket=0x555c6a95d9f8, init=1 [components/cla/posix/cla_csp.c:412]
[Sun Aug  2 18:50:39 2026] [INFO] CSP: RX loop iteration 6020, last_err=6 [components/cla/posix/cla_csp.c:405]
[Sun Aug  2 18:50:39 2026] [INFO] CSP: RX waiting - socket=0x555c6a95d9f8, init=1 [components/cla/posix/cla_csp.c:412]
[Sun Aug  2 18:50:49 2026] [INFO] CSP: RX loop iteration 6030, last_err=6 [components/cla/posix/cla_csp.c:405]
[Sun Aug  2 18:50:49 2026] [INFO] CSP: RX waiting - socket=0x555c6a95d9f8, init=1 [components/cla/posix/cla_csp.c:412]
[Sun Aug  2 18:50:59 2026] [INFO] CSP: RX loop iteration 6040, last_err=6 [components/cla/posix/cla_csp.c:405]
[Sun Aug  2 18:50:59 2026] [INFO] CSP: RX waiting - socket=0x555c6a95d9f8, init=1 [components/cla/posix/cla_csp.c:412]
[Sun Aug  2 18:51:09 2026] [INFO] CSP: RX loop iteration 6050, last_err=6 [components/cla/posix/cla_csp.c:405]
[Sun Aug  2 18:51:09 2026] [INFO] CSP: RX waiting - socket=0x555c6a95d9f8, init=1 [components/cla/posix/cla_csp.c:412]
[Sun Aug  2 18:51:19 2026] [INFO] CSP: RX loop iteration 6060, last_err=6 [components/cla/posix/cla_csp.c:405]
[Sun Aug  2 18:51:19 2026] [INFO] CSP: RX waiting - socket=0x555c6a95d9f8, init=1 [components/cla/posix/cla_csp.c:412]
[Sun Aug  2 18:51:29 2026] [INFO] CSP: RX loop iteration 6070, last_err=6 [components/cla/posix/cla_csp.c:405]
[Sun Aug  2 18:51:29 2026] [INFO] CSP: RX waiting - socket=0x555c6a95d9f8, init=1 [components/cla/posix/cla_csp.c:412]
[Sun Aug  2 18:51:39 2026] [INFO] CSP: RX loop iteration 6080, last_err=6 [components/cla/posix/cla_csp.c:405]
[Sun Aug  2 18:51:39 2026] [INFO] CSP: RX waiting - socket=0x555c6a95d9f8, init=1 [components/cla/posix/cla_csp.c:412]
[Sun Aug  2 18:51:49 2026] [INFO] CSP: RX loop iteration 6090, last_err=6 [components/cla/posix/cla_csp.c:405]
[Sun Aug  2 18:51:49 2026] [INFO] CSP: RX waiting - socket=0x555c6a95d9f8, init=1 [components/cla/posix/cla_csp.c:412]
[Sun Aug  2 18:51:59 2026] [INFO] CSP: RX loop iteration 6100, last_err=6 [components/cla/posix/cla_csp.c:405]
[Sun Aug  2 18:51:59 2026] [INFO] CSP: RX waiting - socket=0x555c6a95d9f8, init=1 [components/cla/posix/cla_csp.c:412]
[Sun Aug  2 18:52:09 2026] [INFO] CSP: RX loop iteration 6110, last_err=6 [components/cla/posix/cla_csp.c:405]
[Sun Aug  2 18:52:09 2026] [INFO] CSP: RX waiting - socket=0x555c6a95d9f8, init=1 [components/cla/posix/cla_csp.c:412]
[Sun Aug  2 18:52:19 2026] [INFO] CSP: RX loop iteration 6120, last_err=6 [components/cla/posix/cla_csp.c:405]
[Sun Aug  2 18:52:19 2026] [INFO] CSP: RX waiting - socket=0x555c6a95d9f8, init=1 [components/cla/posix/cla_csp.c:412]
[Sun Aug  2 18:52:29 2026] [INFO] CSP: RX loop iteration 6130, last_err=6 [components/cla/posix/cla_csp.c:405]
[Sun Aug  2 18:52:29 2026] [INFO] CSP: RX waiting - socket=0x555c6a95d9f8, init=1 [components/cla/posix/cla_csp.c:412]
[Sun Aug  2 18:52:39 2026] [INFO] CSP: RX loop iteration 6140, last_err=6 [components/cla/posix/cla_csp.c:405]
[Sun Aug  2 18:52:39 2026] [INFO] CSP: RX waiting - socket=0x555c6a95d9f8, init=1 [components/cla/posix/cla_csp.c:412]
[Sun Aug  2 18:52:49 2026] [INFO] CSP: RX loop iteration 6150, last_err=6 [components/cla/posix/cla_csp.c:405]
[Sun Aug  2 18:52:49 2026] [INFO] CSP: RX waiting - socket=0x555c6a95d9f8, init=1 [components/cla/posix/cla_csp.c:412]
[Sun Aug  2 18:52:59 2026] [INFO] CSP: RX loop iteration 6160, last_err=6 [components/cla/posix/cla_csp.c:405]
[Sun Aug  2 18:52:59 2026] [INFO] CSP: RX waiting - socket=0x555c6a95d9f8, init=1 [components/cla/posix/cla_csp.c:412]
[Sun Aug  2 18:53:09 2026] [INFO] CSP: RX loop iteration 6170, last_err=6 [components/cla/posix/cla_csp.c:405]
[Sun Aug  2 18:53:09 2026] [INFO] CSP: RX waiting - socket=0x555c6a95d9f8, init=1 [components/cla/posix/cla_csp.c:412]
[Sun Aug  2 18:53:19 2026] [INFO] CSP: RX loop iteration 6180, last_err=6 [components/cla/posix/cla_csp.c:405]
[Sun Aug  2 18:53:19 2026] [INFO] CSP: RX waiting - socket=0x555c6a95d9f8, init=1 [components/cla/posix/cla_csp.c:412]
[Sun Aug  2 18:53:29 2026] [INFO] CSP: RX loop iteration 6190, last_err=6 [components/cla/posix/cla_csp.c:405]
[Sun Aug  2 18:53:29 2026] [INFO] CSP: RX waiting - socket=0x555c6a95d9f8, init=1 [components/cla/posix/cla_csp.c:412]
[Sun Aug  2 18:53:39 2026] [INFO] CSP: RX loop iteration 6200, last_err=6 [components/cla/posix/cla_csp.c:405]
[Sun Aug  2 18:53:39 2026] [INFO] CSP: RX waiting - socket=0x555c6a95d9f8, init=1 [components/cla/posix/cla_csp.c:412]
[Sun Aug  2 18:53:49 2026] [INFO] CSP: RX loop iteration 6210, last_err=6 [components/cla/posix/cla_csp.c:405]
[Sun Aug  2 18:53:49 2026] [INFO] CSP: RX waiting - socket=0x555c6a95d9f8, init=1 [components/cla/posix/cla_csp.c:412]
[Sun Aug  2 18:53:59 2026] [INFO] CSP: RX loop iteration 6220, last_err=6 [components/cla/posix/cla_csp.c:405]
[Sun Aug  2 18:53:59 2026] [INFO] CSP: RX waiting - socket=0x555c6a95d9f8, init=1 [components/cla/posix/cla_csp.c:412]
[Sun Aug  2 18:54:09 2026] [INFO] CSP: RX loop iteration 6230, last_err=6 [components/cla/posix/cla_csp.c:405]
[Sun Aug  2 18:54:09 2026] [INFO] CSP: RX waiting - socket=0x555c6a95d9f8, init=1 [components/cla/posix/cla_csp.c:412]
[Sun Aug  2 18:54:19 2026] [INFO] CSP: RX loop iteration 6240, last_err=6 [components/cla/posix/cla_csp.c:405]
[Sun Aug  2 18:54:19 2026] [INFO] CSP: RX waiting - socket=0x555c6a95d9f8, init=1 [components/cla/posix/cla_csp.c:412]
[Sun Aug  2 18:54:29 2026] [INFO] CSP: RX loop iteration 6250, last_err=6 [components/cla/posix/cla_csp.c:405]
[Sun Aug  2 18:54:29 2026] [INFO] CSP: RX waiting - socket=0x555c6a95d9f8, init=1 [components/cla/posix/cla_csp.c:412]
[Sun Aug  2 18:54:39 2026] [INFO] CSP: RX loop iteration 6260, last_err=6 [components/cla/posix/cla_csp.c:405]
[Sun Aug  2 18:54:39 2026] [INFO] CSP: RX waiting - socket=0x555c6a95d9f8, init=1 [components/cla/posix/cla_csp.c:412]
[Sun Aug  2 18:54:49 2026] [INFO] CSP: RX loop iteration 6270, last_err=6 [components/cla/posix/cla_csp.c:405]
[Sun Aug  2 18:54:49 2026] [INFO] CSP: RX waiting - socket=0x555c6a95d9f8, init=1 [components/cla/posix/cla_csp.c:412]
[Sun Aug  2 18:54:59 2026] [INFO] CSP: RX loop iteration 6280, last_err=6 [components/cla/posix/cla_csp.c:405]
[Sun Aug  2 18:54:59 2026] [INFO] CSP: RX waiting - socket=0x555c6a95d9f8, init=1 [components/cla/posix/cla_csp.c:412]
[Sun Aug  2 18:55:09 2026] [INFO] CSP: RX loop iteration 6290, last_err=6 [components/cla/posix/cla_csp.c:405]
[Sun Aug  2 18:55:09 2026] [INFO] CSP: RX waiting - socket=0x555c6a95d9f8, init=1 [components/cla/posix/cla_csp.c:412]
[Sun Aug  2 18:55:19 2026] [INFO] CSP: RX loop iteration 6300, last_err=6 [components/cla/posix/cla_csp.c:405]
[Sun Aug  2 18:55:19 2026] [INFO] CSP: RX waiting - socket=0x555c6a95d9f8, init=1 [components/cla/posix/cla_csp.c:412]
[Sun Aug  2 18:55:29 2026] [INFO] CSP: RX loop iteration 6310, last_err=6 [components/cla/posix/cla_csp.c:405]
[Sun Aug  2 18:55:29 2026] [INFO] CSP: RX waiting - socket=0x555c6a95d9f8, init=1 [components/cla/posix/cla_csp.c:412]
[Sun Aug  2 18:55:39 2026] [INFO] CSP: RX loop iteration 6320, last_err=6 [components/cla/posix/cla_csp.c:405]
[Sun Aug  2 18:55:39 2026] [INFO] CSP: RX waiting - socket=0x555c6a95d9f8, init=1 [components/cla/posix/cla_csp.c:412]
[Sun Aug  2 18:55:49 2026] [INFO] CSP: RX loop iteration 6330, last_err=6 [components/cla/posix/cla_csp.c:405]
[Sun Aug  2 18:55:49 2026] [INFO] CSP: RX waiting - socket=0x555c6a95d9f8, init=1 [components/cla/posix/cla_csp.c:412]
[Sun Aug  2 18:55:59 2026] [INFO] CSP: RX loop iteration 6340, last_err=6 [components/cla/posix/cla_csp.c:405]
[Sun Aug  2 18:55:59 2026] [INFO] CSP: RX waiting - socket=0x555c6a95d9f8, init=1 [components/cla/posix/cla_csp.c:412]
[Sun Aug  2 18:56:09 2026] [INFO] CSP: RX loop iteration 6350, last_err=6 [components/cla/posix/cla_csp.c:405]
[Sun Aug  2 18:56:09 2026] [INFO] CSP: RX waiting - socket=0x555c6a95d9f8, init=1 [components/cla/posix/cla_csp.c:412]
[Sun Aug  2 18:56:19 2026] [INFO] CSP: RX loop iteration 6360, last_err=6 [components/cla/posix/cla_csp.c:405]
[Sun Aug  2 18:56:19 2026] [INFO] CSP: RX waiting - socket=0x555c6a95d9f8, init=1 [components/cla/posix/cla_csp.c:412]
[Sun Aug  2 18:56:29 2026] [INFO] CSP: RX loop iteration 6370, last_err=6 [components/cla/posix/cla_csp.c:405]
[Sun Aug  2 18:56:29 2026] [INFO] CSP: RX waiting - socket=0x555c6a95d9f8, init=1 [components/cla/posix/cla_csp.c:412]
[Sun Aug  2 18:56:39 2026] [INFO] CSP: RX loop iteration 6380, last_err=6 [components/cla/posix/cla_csp.c:405]
[Sun Aug  2 18:56:39 2026] [INFO] CSP: RX waiting - socket=0x555c6a95d9f8, init=1 [components/cla/posix/cla_csp.c:412]
[Sun Aug  2 18:56:49 2026] [INFO] CSP: RX loop iteration 6390, last_err=6 [components/cla/posix/cla_csp.c:405]
[Sun Aug  2 18:56:49 2026] [INFO] CSP: RX waiting - socket=0x555c6a95d9f8, init=1 [components/cla/posix/cla_csp.c:412]
[Sun Aug  2 18:56:59 2026] [INFO] CSP: RX loop iteration 6400, last_err=6 [components/cla/posix/cla_csp.c:405]
[Sun Aug  2 18:56:59 2026] [INFO] CSP: RX waiting - socket=0x555c6a95d9f8, init=1 [components/cla/posix/cla_csp.c:412]
[Sun Aug  2 18:57:09 2026] [INFO] CSP: RX loop iteration 6410, last_err=6 [components/cla/posix/cla_csp.c:405]
[Sun Aug  2 18:57:09 2026] [INFO] CSP: RX waiting - socket=0x555c6a95d9f8, init=1 [components/cla/posix/cla_csp.c:412]
[Sun Aug  2 18:57:19 2026] [INFO] CSP: RX loop iteration 6420, last_err=6 [components/cla/posix/cla_csp.c:405]
[Sun Aug  2 18:57:19 2026] [INFO] CSP: RX waiting - socket=0x555c6a95d9f8, init=1 [components/cla/posix/cla_csp.c:412]
[Sun Aug  2 18:57:29 2026] [INFO] CSP: RX loop iteration 6430, last_err=6 [components/cla/posix/cla_csp.c:405]
[Sun Aug  2 18:57:29 2026] [INFO] CSP: RX waiting - socket=0x555c6a95d9f8, init=1 [components/cla/posix/cla_csp.c:412]
[Sun Aug  2 18:57:39 2026] [INFO] CSP: RX loop iteration 6440, last_err=6 [components/cla/posix/cla_csp.c:405]
[Sun Aug  2 18:57:39 2026] [INFO] CSP: RX waiting - socket=0x555c6a95d9f8, init=1 [components/cla/posix/cla_csp.c:412]
[Sun Aug  2 18:57:49 2026] [INFO] CSP: RX loop iteration 6450, last_err=6 [components/cla/posix/cla_csp.c:405]
[Sun Aug  2 18:57:49 2026] [INFO] CSP: RX waiting - socket=0x555c6a95d9f8, init=1 [components/cla/posix/cla_csp.c:412]
[Sun Aug  2 18:57:59 2026] [INFO] CSP: RX loop iteration 6460, last_err=6 [components/cla/posix/cla_csp.c:405]
[Sun Aug  2 18:57:59 2026] [INFO] CSP: RX waiting - socket=0x555c6a95d9f8, init=1 [components/cla/posix/cla_csp.c:412]
[Sun Aug  2 18:58:09 2026] [INFO] CSP: RX loop iteration 6470, last_err=6 [components/cla/posix/cla_csp.c:405]
[Sun Aug  2 18:58:09 2026] [INFO] CSP: RX waiting - socket=0x555c6a95d9f8, init=1 [components/cla/posix/cla_csp.c:412]
[Sun Aug  2 18:58:19 2026] [INFO] CSP: RX loop iteration 6480, last_err=6 [components/cla/posix/cla_csp.c:405]
[Sun Aug  2 18:58:19 2026] [INFO] CSP: RX waiting - socket=0x555c6a95d9f8, init=1 [components/cla/posix/cla_csp.c:412]
[Sun Aug  2 18:58:29 2026] [INFO] CSP: RX loop iteration 6490, last_err=6 [components/cla/posix/cla_csp.c:405]
[Sun Aug  2 18:58:29 2026] [INFO] CSP: RX waiting - socket=0x555c6a95d9f8, init=1 [components/cla/posix/cla_csp.c:412]
[Sun Aug  2 18:58:39 2026] [INFO] CSP: RX loop iteration 6500, last_err=6 [components/cla/posix/cla_csp.c:405]
[Sun Aug  2 18:58:39 2026] [INFO] CSP: RX waiting - socket=0x555c6a95d9f8, init=1 [components/cla/posix/cla_csp.c:412]
[Sun Aug  2 18:58:49 2026] [INFO] CSP: RX loop iteration 6510, last_err=6 [components/cla/posix/cla_csp.c:405]
[Sun Aug  2 18:58:49 2026] [INFO] CSP: RX waiting - socket=0x555c6a95d9f8, init=1 [components/cla/posix/cla_csp.c:412]
[Sun Aug  2 18:58:59 2026] [INFO] CSP: RX loop iteration 6520, last_err=6 [components/cla/posix/cla_csp.c:405]
[Sun Aug  2 18:58:59 2026] [INFO] CSP: RX waiting - socket=0x555c6a95d9f8, init=1 [components/cla/posix/cla_csp.c:412]
[Sun Aug  2 18:59:09 2026] [INFO] CSP: RX loop iteration 6530, last_err=6 [components/cla/posix/cla_csp.c:405]
[Sun Aug  2 18:59:09 2026] [INFO] CSP: RX waiting - socket=0x555c6a95d9f8, init=1 [components/cla/posix/cla_csp.c:412]
[Sun Aug  2 18:59:19 2026] [INFO] CSP: RX loop iteration 6540, last_err=6 [components/cla/posix/cla_csp.c:405]
[Sun Aug  2 18:59:19 2026] [INFO] CSP: RX waiting - socket=0x555c6a95d9f8, init=1 [components/cla/posix/cla_csp.c:412]
[Sun Aug  2 18:59:29 2026] [INFO] CSP: RX loop iteration 6550, last_err=6 [components/cla/posix/cla_csp.c:405]
[Sun Aug  2 18:59:29 2026] [INFO] CSP: RX waiting - socket=0x555c6a95d9f8, init=1 [components/cla/posix/cla_csp.c:412]
[Sun Aug  2 18:59:39 2026] [INFO] CSP: RX loop iteration 6560, last_err=6 [components/cla/posix/cla_csp.c:405]
[Sun Aug  2 18:59:39 2026] [INFO] CSP: RX waiting - socket=0x555c6a95d9f8, init=1 [components/cla/posix/cla_csp.c:412]
[Sun Aug  2 18:59:49 2026] [INFO] CSP: RX loop iteration 6570, last_err=6 [components/cla/posix/cla_csp.c:405]
[Sun Aug  2 18:59:49 2026] [INFO] CSP: RX waiting - socket=0x555c6a95d9f8, init=1 [components/cla/posix/cla_csp.c:412]
[Sun Aug  2 18:59:59 2026] [INFO] CSP: RX loop iteration 6580, last_err=6 [components/cla/posix/cla_csp.c:405]
[Sun Aug  2 18:59:59 2026] [INFO] CSP: RX waiting - socket=0x555c6a95d9f8, init=1 [components/cla/posix/cla_csp.c:412]
[Sun Aug  2 19:00:09 2026] [INFO] CSP: RX loop iteration 6590, last_err=6 [components/cla/posix/cla_csp.c:405]
[Sun Aug  2 19:00:09 2026] [INFO] CSP: RX waiting - socket=0x555c6a95d9f8, init=1 [components/cla/posix/cla_csp.c:412]
[Sun Aug  2 19:00:19 2026] [INFO] CSP: RX loop iteration 6600, last_err=6 [components/cla/posix/cla_csp.c:405]
[Sun Aug  2 19:00:19 2026] [INFO] CSP: RX waiting - socket=0x555c6a95d9f8, init=1 [components/cla/posix/cla_csp.c:412]
[Sun Aug  2 19:00:29 2026] [INFO] CSP: RX loop iteration 6610, last_err=6 [components/cla/posix/cla_csp.c:405]
[Sun Aug  2 19:00:29 2026] [INFO] CSP: RX waiting - socket=0x555c6a95d9f8, init=1 [components/cla/posix/cla_csp.c:412]
[Sun Aug  2 19:00:39 2026] [INFO] CSP: RX loop iteration 6620, last_err=6 [components/cla/posix/cla_csp.c:405]
[Sun Aug  2 19:00:39 2026] [INFO] CSP: RX waiting - socket=0x555c6a95d9f8, init=1 [components/cla/posix/cla_csp.c:412]
[Sun Aug  2 19:00:49 2026] [INFO] CSP: RX loop iteration 6630, last_err=6 [components/cla/posix/cla_csp.c:405]
[Sun Aug  2 19:00:49 2026] [INFO] CSP: RX waiting - socket=0x555c6a95d9f8, init=1 [components/cla/posix/cla_csp.c:412]
[Sun Aug  2 19:00:59 2026] [INFO] CSP: RX loop iteration 6640, last_err=6 [components/cla/posix/cla_csp.c:405]
[Sun Aug  2 19:00:59 2026] [INFO] CSP: RX waiting - socket=0x555c6a95d9f8, init=1 [components/cla/posix/cla_csp.c:412]
[Sun Aug  2 19:01:09 2026] [INFO] CSP: RX loop iteration 6650, last_err=6 [components/cla/posix/cla_csp.c:405]
[Sun Aug  2 19:01:09 2026] [INFO] CSP: RX waiting - socket=0x555c6a95d9f8, init=1 [components/cla/posix/cla_csp.c:412]
[Sun Aug  2 19:01:19 2026] [INFO] CSP: RX loop iteration 6660, last_err=6 [components/cla/posix/cla_csp.c:405]
[Sun Aug  2 19:01:19 2026] [INFO] CSP: RX waiting - socket=0x555c6a95d9f8, init=1 [components/cla/posix/cla_csp.c:412]
[Sun Aug  2 19:01:29 2026] [INFO] CSP: RX loop iteration 6670, last_err=6 [components/cla/posix/cla_csp.c:405]
[Sun Aug  2 19:01:29 2026] [INFO] CSP: RX waiting - socket=0x555c6a95d9f8, init=1 [components/cla/posix/cla_csp.c:412]
[Sun Aug  2 19:01:39 2026] [INFO] CSP: RX loop iteration 6680, last_err=6 [components/cla/posix/cla_csp.c:405]
[Sun Aug  2 19:01:39 2026] [INFO] CSP: RX waiting - socket=0x555c6a95d9f8, init=1 [components/cla/posix/cla_csp.c:412]
[Sun Aug  2 19:01:49 2026] [INFO] CSP: RX loop iteration 6690, last_err=6 [components/cla/posix/cla_csp.c:405]
[Sun Aug  2 19:01:49 2026] [INFO] CSP: RX waiting - socket=0x555c6a95d9f8, init=1 [components/cla/posix/cla_csp.c:412]
[Sun Aug  2 19:01:59 2026] [INFO] CSP: RX loop iteration 6700, last_err=6 [components/cla/posix/cla_csp.c:405]
[Sun Aug  2 19:01:59 2026] [INFO] CSP: RX waiting - socket=0x555c6a95d9f8, init=1 [components/cla/posix/cla_csp.c:412]
[Sun Aug  2 19:02:09 2026] [INFO] CSP: RX loop iteration 6710, last_err=6 [components/cla/posix/cla_csp.c:405]
[Sun Aug  2 19:02:09 2026] [INFO] CSP: RX waiting - socket=0x555c6a95d9f8, init=1 [components/cla/posix/cla_csp.c:412]
[Sun Aug  2 19:02:19 2026] [INFO] CSP: RX loop iteration 6720, last_err=6 [components/cla/posix/cla_csp.c:405]
[Sun Aug  2 19:02:19 2026] [INFO] CSP: RX waiting - socket=0x555c6a95d9f8, init=1 [components/cla/posix/cla_csp.c:412]
[Sun Aug  2 19:02:29 2026] [INFO] CSP: RX loop iteration 6730, last_err=6 [components/cla/posix/cla_csp.c:405]
[Sun Aug  2 19:02:29 2026] [INFO] CSP: RX waiting - socket=0x555c6a95d9f8, init=1 [components/cla/posix/cla_csp.c:412]
[Sun Aug  2 19:02:39 2026] [INFO] CSP: RX loop iteration 6740, last_err=6 [components/cla/posix/cla_csp.c:405]
[Sun Aug  2 19:02:39 2026] [INFO] CSP: RX waiting - socket=0x555c6a95d9f8, init=1 [components/cla/posix/cla_csp.c:412]
[Sun Aug  2 19:02:49 2026] [INFO] CSP: RX loop iteration 6750, last_err=6 [components/cla/posix/cla_csp.c:405]
[Sun Aug  2 19:02:49 2026] [INFO] CSP: RX waiting - socket=0x555c6a95d9f8, init=1 [components/cla/posix/cla_csp.c:412]
[Sun Aug  2 19:02:59 2026] [INFO] CSP: RX loop iteration 6760, last_err=6 [components/cla/posix/cla_csp.c:405]
[Sun Aug  2 19:02:59 2026] [INFO] CSP: RX waiting - socket=0x555c6a95d9f8, init=1 [components/cla/posix/cla_csp.c:412]
[Sun Aug  2 19:03:09 2026] [INFO] CSP: RX loop iteration 6770, last_err=6 [components/cla/posix/cla_csp.c:405]
[Sun Aug  2 19:03:09 2026] [INFO] CSP: RX waiting - socket=0x555c6a95d9f8, init=1 [components/cla/posix/cla_csp.c:412]
[Sun Aug  2 19:03:19 2026] [INFO] CSP: RX loop iteration 6780, last_err=6 [components/cla/posix/cla_csp.c:405]
[Sun Aug  2 19:03:19 2026] [INFO] CSP: RX waiting - socket=0x555c6a95d9f8, init=1 [components/cla/posix/cla_csp.c:412]
[Sun Aug  2 19:03:29 2026] [INFO] CSP: RX loop iteration 6790, last_err=6 [components/cla/posix/cla_csp.c:405]
[Sun Aug  2 19:03:29 2026] [INFO] CSP: RX waiting - socket=0x555c6a95d9f8, init=1 [components/cla/posix/cla_csp.c:412]
[Sun Aug  2 19:03:39 2026] [INFO] CSP: RX loop iteration 6800, last_err=6 [components/cla/posix/cla_csp.c:405]
[Sun Aug  2 19:03:39 2026] [INFO] CSP: RX waiting - socket=0x555c6a95d9f8, init=1 [components/cla/posix/cla_csp.c:412]
[Sun Aug  2 19:03:49 2026] [INFO] CSP: RX loop iteration 6810, last_err=6 [components/cla/posix/cla_csp.c:405]
[Sun Aug  2 19:03:49 2026] [INFO] CSP: RX waiting - socket=0x555c6a95d9f8, init=1 [components/cla/posix/cla_csp.c:412]
[Sun Aug  2 19:03:59 2026] [INFO] CSP: RX loop iteration 6820, last_err=6 [components/cla/posix/cla_csp.c:405]
[Sun Aug  2 19:03:59 2026] [INFO] CSP: RX waiting - socket=0x555c6a95d9f8, init=1 [components/cla/posix/cla_csp.c:412]
[Sun Aug  2 19:04:09 2026] [INFO] CSP: RX loop iteration 6830, last_err=6 [components/cla/posix/cla_csp.c:405]
[Sun Aug  2 19:04:09 2026] [INFO] CSP: RX waiting - socket=0x555c6a95d9f8, init=1 [components/cla/posix/cla_csp.c:412]
[Sun Aug  2 19:04:19 2026] [INFO] CSP: RX loop iteration 6840, last_err=6 [components/cla/posix/cla_csp.c:405]
[Sun Aug  2 19:04:19 2026] [INFO] CSP: RX waiting - socket=0x555c6a95d9f8, init=1 [components/cla/posix/cla_csp.c:412]
[Sun Aug  2 19:04:29 2026] [INFO] CSP: RX loop iteration 6850, last_err=6 [components/cla/posix/cla_csp.c:405]
[Sun Aug  2 19:04:29 2026] [INFO] CSP: RX waiting - socket=0x555c6a95d9f8, init=1 [components/cla/posix/cla_csp.c:412]
[Sun Aug  2 19:04:39 2026] [INFO] CSP: RX loop iteration 6860, last_err=6 [components/cla/posix/cla_csp.c:405]
[Sun Aug  2 19:04:39 2026] [INFO] CSP: RX waiting - socket=0x555c6a95d9f8, init=1 [components/cla/posix/cla_csp.c:412]
[Sun Aug  2 19:04:49 2026] [INFO] CSP: RX loop iteration 6870, last_err=6 [components/cla/posix/cla_csp.c:405]
[Sun Aug  2 19:04:49 2026] [INFO] CSP: RX waiting - socket=0x555c6a95d9f8, init=1 [components/cla/posix/cla_csp.c:412]
[Sun Aug  2 19:04:59 2026] [INFO] CSP: RX loop iteration 6880, last_err=6 [components/cla/posix/cla_csp.c:405]
[Sun Aug  2 19:04:59 2026] [INFO] CSP: RX waiting - socket=0x555c6a95d9f8, init=1 [components/cla/posix/cla_csp.c:412]
[Sun Aug  2 19:05:09 2026] [INFO] CSP: RX loop iteration 6890, last_err=6 [components/cla/posix/cla_csp.c:405]
[Sun Aug  2 19:05:09 2026] [INFO] CSP: RX waiting - socket=0x555c6a95d9f8, init=1 [components/cla/posix/cla_csp.c:412]
[Sun Aug  2 19:05:19 2026] [INFO] CSP: RX loop iteration 6900, last_err=6 [components/cla/posix/cla_csp.c:405]
[Sun Aug  2 19:05:19 2026] [INFO] CSP: RX waiting - socket=0x555c6a95d9f8, init=1 [components/cla/posix/cla_csp.c:412]
[Sun Aug  2 19:05:29 2026] [INFO] CSP: RX loop iteration 6910, last_err=6 [components/cla/posix/cla_csp.c:405]
[Sun Aug  2 19:05:29 2026] [INFO] CSP: RX waiting - socket=0x555c6a95d9f8, init=1 [components/cla/posix/cla_csp.c:412]
[Sun Aug  2 19:05:39 2026] [INFO] CSP: RX loop iteration 6920, last_err=6 [components/cla/posix/cla_csp.c:405]
[Sun Aug  2 19:05:39 2026] [INFO] CSP: RX waiting - socket=0x555c6a95d9f8, init=1 [components/cla/posix/cla_csp.c:412]
[Sun Aug  2 19:05:49 2026] [INFO] CSP: RX loop iteration 6930, last_err=6 [components/cla/posix/cla_csp.c:405]
[Sun Aug  2 19:05:49 2026] [INFO] CSP: RX waiting - socket=0x555c6a95d9f8, init=1 [components/cla/posix/cla_csp.c:412]
[Sun Aug  2 19:05:59 2026] [INFO] CSP: RX loop iteration 6940, last_err=6 [components/cla/posix/cla_csp.c:405]
[Sun Aug  2 19:05:59 2026] [INFO] CSP: RX waiting - socket=0x555c6a95d9f8, init=1 [components/cla/posix/cla_csp.c:412]
[Sun Aug  2 19:06:09 2026] [INFO] CSP: RX loop iteration 6950, last_err=6 [components/cla/posix/cla_csp.c:405]
[Sun Aug  2 19:06:09 2026] [INFO] CSP: RX waiting - socket=0x555c6a95d9f8, init=1 [components/cla/posix/cla_csp.c:412]
[Sun Aug  2 19:06:19 2026] [INFO] CSP: RX loop iteration 6960, last_err=6 [components/cla/posix/cla_csp.c:405]
[Sun Aug  2 19:06:19 2026] [INFO] CSP: RX waiting - socket=0x555c6a95d9f8, init=1 [components/cla/posix/cla_csp.c:412]
[Sun Aug  2 19:06:29 2026] [INFO] CSP: RX loop iteration 6970, last_err=6 [components/cla/posix/cla_csp.c:405]
[Sun Aug  2 19:06:29 2026] [INFO] CSP: RX waiting - socket=0x555c6a95d9f8, init=1 [components/cla/posix/cla_csp.c:412]
[Sun Aug  2 19:06:39 2026] [INFO] CSP: RX loop iteration 6980, last_err=6 [components/cla/posix/cla_csp.c:405]
[Sun Aug  2 19:06:39 2026] [INFO] CSP: RX waiting - socket=0x555c6a95d9f8, init=1 [components/cla/posix/cla_csp.c:412]
[Sun Aug  2 19:06:49 2026] [INFO] CSP: RX loop iteration 6990, last_err=6 [components/cla/posix/cla_csp.c:405]
[Sun Aug  2 19:06:49 2026] [INFO] CSP: RX waiting - socket=0x555c6a95d9f8, init=1 [components/cla/posix/cla_csp.c:412]
[Sun Aug  2 19:06:59 2026] [INFO] CSP: RX loop iteration 7000, last_err=6 [components/cla/posix/cla_csp.c:405]
[Sun Aug  2 19:06:59 2026] [INFO] CSP: RX waiting - socket=0x555c6a95d9f8, init=1 [components/cla/posix/cla_csp.c:412]
[Sun Aug  2 19:07:09 2026] [INFO] CSP: RX loop iteration 7010, last_err=6 [components/cla/posix/cla_csp.c:405]
[Sun Aug  2 19:07:09 2026] [INFO] CSP: RX waiting - socket=0x555c6a95d9f8, init=1 [components/cla/posix/cla_csp.c:412]
[Sun Aug  2 19:07:19 2026] [INFO] CSP: RX loop iteration 7020, last_err=6 [components/cla/posix/cla_csp.c:405]
[Sun Aug  2 19:07:19 2026] [INFO] CSP: RX waiting - socket=0x555c6a95d9f8, init=1 [components/cla/posix/cla_csp.c:412]
[Sun Aug  2 19:07:29 2026] [INFO] CSP: RX loop iteration 7030, last_err=6 [components/cla/posix/cla_csp.c:405]
[Sun Aug  2 19:07:29 2026] [INFO] CSP: RX waiting - socket=0x555c6a95d9f8, init=1 [components/cla/posix/cla_csp.c:412]
[Sun Aug  2 19:07:39 2026] [INFO] CSP: RX loop iteration 7040, last_err=6 [components/cla/posix/cla_csp.c:405]
[Sun Aug  2 19:07:39 2026] [INFO] CSP: RX waiting - socket=0x555c6a95d9f8, init=1 [components/cla/posix/cla_csp.c:412]
[Sun Aug  2 19:07:49 2026] [INFO] CSP: RX loop iteration 7050, last_err=6 [components/cla/posix/cla_csp.c:405]
[Sun Aug  2 19:07:49 2026] [INFO] CSP: RX waiting - socket=0x555c6a95d9f8, init=1 [components/cla/posix/cla_csp.c:412]
[Sun Aug  2 19:07:59 2026] [INFO] CSP: RX loop iteration 7060, last_err=6 [components/cla/posix/cla_csp.c:405]
[Sun Aug  2 19:07:59 2026] [INFO] CSP: RX waiting - socket=0x555c6a95d9f8, init=1 [components/cla/posix/cla_csp.c:412]
[Sun Aug  2 19:08:09 2026] [INFO] CSP: RX loop iteration 7070, last_err=6 [components/cla/posix/cla_csp.c:405]
[Sun Aug  2 19:08:09 2026] [INFO] CSP: RX waiting - socket=0x555c6a95d9f8, init=1 [components/cla/posix/cla_csp.c:412]
[Sun Aug  2 19:08:19 2026] [INFO] CSP: RX loop iteration 7080, last_err=6 [components/cla/posix/cla_csp.c:405]
[Sun Aug  2 19:08:19 2026] [INFO] CSP: RX waiting - socket=0x555c6a95d9f8, init=1 [components/cla/posix/cla_csp.c:412]
[Sun Aug  2 19:08:29 2026] [INFO] CSP: RX loop iteration 7090, last_err=6 [components/cla/posix/cla_csp.c:405]
[Sun Aug  2 19:08:29 2026] [INFO] CSP: RX waiting - socket=0x555c6a95d9f8, init=1 [components/cla/posix/cla_csp.c:412]
[Sun Aug  2 19:08:39 2026] [INFO] CSP: RX loop iteration 7100, last_err=6 [components/cla/posix/cla_csp.c:405]
[Sun Aug  2 19:08:39 2026] [INFO] CSP: RX waiting - socket=0x555c6a95d9f8, init=1 [components/cla/posix/cla_csp.c:412]
[Sun Aug  2 19:08:49 2026] [INFO] CSP: RX loop iteration 7110, last_err=6 [components/cla/posix/cla_csp.c:405]
[Sun Aug  2 19:08:49 2026] [INFO] CSP: RX waiting - socket=0x555c6a95d9f8, init=1 [components/cla/posix/cla_csp.c:412]
[Sun Aug  2 19:08:59 2026] [INFO] CSP: RX loop iteration 7120, last_err=6 [components/cla/posix/cla_csp.c:405]
[Sun Aug  2 19:08:59 2026] [INFO] CSP: RX waiting - socket=0x555c6a95d9f8, init=1 [components/cla/posix/cla_csp.c:412]
[Sun Aug  2 19:09:09 2026] [INFO] CSP: RX loop iteration 7130, last_err=6 [components/cla/posix/cla_csp.c:405]
[Sun Aug  2 19:09:09 2026] [INFO] CSP: RX waiting - socket=0x555c6a95d9f8, init=1 [components/cla/posix/cla_csp.c:412]
[Sun Aug  2 19:09:19 2026] [INFO] CSP: RX loop iteration 7140, last_err=6 [components/cla/posix/cla_csp.c:405]
[Sun Aug  2 19:09:19 2026] [INFO] CSP: RX waiting - socket=0x555c6a95d9f8, init=1 [components/cla/posix/cla_csp.c:412]
[Sun Aug  2 19:09:29 2026] [INFO] CSP: RX loop iteration 7150, last_err=6 [components/cla/posix/cla_csp.c:405]
[Sun Aug  2 19:09:29 2026] [INFO] CSP: RX waiting - socket=0x555c6a95d9f8, init=1 [components/cla/posix/cla_csp.c:412]
[Sun Aug  2 19:09:39 2026] [INFO] CSP: RX loop iteration 7160, last_err=6 [components/cla/posix/cla_csp.c:405]
[Sun Aug  2 19:09:39 2026] [INFO] CSP: RX waiting - socket=0x555c6a95d9f8, init=1 [components/cla/posix/cla_csp.c:412]
[Sun Aug  2 19:09:49 2026] [INFO] CSP: RX loop iteration 7170, last_err=6 [components/cla/posix/cla_csp.c:405]
[Sun Aug  2 19:09:49 2026] [INFO] CSP: RX waiting - socket=0x555c6a95d9f8, init=1 [components/cla/posix/cla_csp.c:412]
[Sun Aug  2 19:09:59 2026] [INFO] CSP: RX loop iteration 7180, last_err=6 [components/cla/posix/cla_csp.c:405]
[Sun Aug  2 19:09:59 2026] [INFO] CSP: RX waiting - socket=0x555c6a95d9f8, init=1 [components/cla/posix/cla_csp.c:412]
[Sun Aug  2 19:10:09 2026] [INFO] CSP: RX loop iteration 7190, last_err=6 [components/cla/posix/cla_csp.c:405]
[Sun Aug  2 19:10:09 2026] [INFO] CSP: RX waiting - socket=0x555c6a95d9f8, init=1 [components/cla/posix/cla_csp.c:412]
[Sun Aug  2 19:10:19 2026] [INFO] CSP: RX loop iteration 7200, last_err=6 [components/cla/posix/cla_csp.c:405]
[Sun Aug  2 19:10:19 2026] [INFO] CSP: RX waiting - socket=0x555c6a95d9f8, init=1 [components/cla/posix/cla_csp.c:412]
[Sun Aug  2 19:10:29 2026] [INFO] CSP: RX loop iteration 7210, last_err=6 [components/cla/posix/cla_csp.c:405]
[Sun Aug  2 19:10:29 2026] [INFO] CSP: RX waiting - socket=0x555c6a95d9f8, init=1 [components/cla/posix/cla_csp.c:412]
[Sun Aug  2 19:10:39 2026] [INFO] CSP: RX loop iteration 7220, last_err=6 [components/cla/posix/cla_csp.c:405]
[Sun Aug  2 19:10:39 2026] [INFO] CSP: RX waiting - socket=0x555c6a95d9f8, init=1 [components/cla/posix/cla_csp.c:412]
[Sun Aug  2 19:10:49 2026] [INFO] CSP: RX loop iteration 7230, last_err=6 [components/cla/posix/cla_csp.c:405]
[Sun Aug  2 19:10:49 2026] [INFO] CSP: RX waiting - socket=0x555c6a95d9f8, init=1 [components/cla/posix/cla_csp.c:412]
[Sun Aug  2 19:10:59 2026] [INFO] CSP: RX loop iteration 7240, last_err=6 [components/cla/posix/cla_csp.c:405]
[Sun Aug  2 19:10:59 2026] [INFO] CSP: RX waiting - socket=0x555c6a95d9f8, init=1 [components/cla/posix/cla_csp.c:412]
[Sun Aug  2 19:11:09 2026] [INFO] CSP: RX loop iteration 7250, last_err=6 [components/cla/posix/cla_csp.c:405]
[Sun Aug  2 19:11:09 2026] [INFO] CSP: RX waiting - socket=0x555c6a95d9f8, init=1 [components/cla/posix/cla_csp.c:412]
[Sun Aug  2 19:11:19 2026] [INFO] CSP: RX loop iteration 7260, last_err=6 [components/cla/posix/cla_csp.c:405]
[Sun Aug  2 19:11:19 2026] [INFO] CSP: RX waiting - socket=0x555c6a95d9f8, init=1 [components/cla/posix/cla_csp.c:412]
[Sun Aug  2 19:11:29 2026] [INFO] CSP: RX loop iteration 7270, last_err=6 [components/cla/posix/cla_csp.c:405]
[Sun Aug  2 19:11:29 2026] [INFO] CSP: RX waiting - socket=0x555c6a95d9f8, init=1 [components/cla/posix/cla_csp.c:412]
[Sun Aug  2 19:11:39 2026] [INFO] CSP: RX loop iteration 7280, last_err=6 [components/cla/posix/cla_csp.c:405]
[Sun Aug  2 19:11:39 2026] [INFO] CSP: RX waiting - socket=0x555c6a95d9f8, init=1 [components/cla/posix/cla_csp.c:412]
[Sun Aug  2 19:11:49 2026] [INFO] CSP: RX loop iteration 7290, last_err=6 [components/cla/posix/cla_csp.c:405]
[Sun Aug  2 19:11:49 2026] [INFO] CSP: RX waiting - socket=0x555c6a95d9f8, init=1 [components/cla/posix/cla_csp.c:412]
[Sun Aug  2 19:11:59 2026] [INFO] CSP: RX loop iteration 7300, last_err=6 [components/cla/posix/cla_csp.c:405]
[Sun Aug  2 19:11:59 2026] [INFO] CSP: RX waiting - socket=0x555c6a95d9f8, init=1 [components/cla/posix/cla_csp.c:412]
[Sun Aug  2 19:12:09 2026] [INFO] CSP: RX loop iteration 7310, last_err=6 [components/cla/posix/cla_csp.c:405]
[Sun Aug  2 19:12:09 2026] [INFO] CSP: RX waiting - socket=0x555c6a95d9f8, init=1 [components/cla/posix/cla_csp.c:412]
[Sun Aug  2 19:12:19 2026] [INFO] CSP: RX loop iteration 7320, last_err=6 [components/cla/posix/cla_csp.c:405]
[Sun Aug  2 19:12:19 2026] [INFO] CSP: RX waiting - socket=0x555c6a95d9f8, init=1 [components/cla/posix/cla_csp.c:412]
[Sun Aug  2 19:12:29 2026] [INFO] CSP: RX loop iteration 7330, last_err=6 [components/cla/posix/cla_csp.c:405]
[Sun Aug  2 19:12:29 2026] [INFO] CSP: RX waiting - socket=0x555c6a95d9f8, init=1 [components/cla/posix/cla_csp.c:412]
[Sun Aug  2 19:12:39 2026] [INFO] CSP: RX loop iteration 7340, last_err=6 [components/cla/posix/cla_csp.c:405]
[Sun Aug  2 19:12:39 2026] [INFO] CSP: RX waiting - socket=0x555c6a95d9f8, init=1 [components/cla/posix/cla_csp.c:412]
[Sun Aug  2 19:12:49 2026] [INFO] CSP: RX loop iteration 7350, last_err=6 [components/cla/posix/cla_csp.c:405]
[Sun Aug  2 19:12:49 2026] [INFO] CSP: RX waiting - socket=0x555c6a95d9f8, init=1 [components/cla/posix/cla_csp.c:412]
[Sun Aug  2 19:12:59 2026] [INFO] CSP: RX loop iteration 7360, last_err=6 [components/cla/posix/cla_csp.c:405]
[Sun Aug  2 19:12:59 2026] [INFO] CSP: RX waiting - socket=0x555c6a95d9f8, init=1 [components/cla/posix/cla_csp.c:412]
[Sun Aug  2 19:13:09 2026] [INFO] CSP: RX loop iteration 7370, last_err=6 [components/cla/posix/cla_csp.c:405]
[Sun Aug  2 19:13:09 2026] [INFO] CSP: RX waiting - socket=0x555c6a95d9f8, init=1 [components/cla/posix/cla_csp.c:412]
[Sun Aug  2 19:13:19 2026] [INFO] CSP: RX loop iteration 7380, last_err=6 [components/cla/posix/cla_csp.c:405]
[Sun Aug  2 19:13:19 2026] [INFO] CSP: RX waiting - socket=0x555c6a95d9f8, init=1 [components/cla/posix/cla_csp.c:412]
[Sun Aug  2 19:13:29 2026] [INFO] CSP: RX loop iteration 7390, last_err=6 [components/cla/posix/cla_csp.c:405]
[Sun Aug  2 19:13:29 2026] [INFO] CSP: RX waiting - socket=0x555c6a95d9f8, init=1 [components/cla/posix/cla_csp.c:412]
[Sun Aug  2 19:13:39 2026] [INFO] CSP: RX loop iteration 7400, last_err=6 [components/cla/posix/cla_csp.c:405]
[Sun Aug  2 19:13:39 2026] [INFO] CSP: RX waiting - socket=0x555c6a95d9f8, init=1 [components/cla/posix/cla_csp.c:412]
[Sun Aug  2 19:13:49 2026] [INFO] CSP: RX loop iteration 7410, last_err=6 [components/cla/posix/cla_csp.c:405]
[Sun Aug  2 19:13:49 2026] [INFO] CSP: RX waiting - socket=0x555c6a95d9f8, init=1 [components/cla/posix/cla_csp.c:412]
[Sun Aug  2 19:13:59 2026] [INFO] CSP: RX loop iteration 7420, last_err=6 [components/cla/posix/cla_csp.c:405]
[Sun Aug  2 19:13:59 2026] [INFO] CSP: RX waiting - socket=0x555c6a95d9f8, init=1 [components/cla/posix/cla_csp.c:412]
[Sun Aug  2 19:14:09 2026] [INFO] CSP: RX loop iteration 7430, last_err=6 [components/cla/posix/cla_csp.c:405]
[Sun Aug  2 19:14:09 2026] [INFO] CSP: RX waiting - socket=0x555c6a95d9f8, init=1 [components/cla/posix/cla_csp.c:412]
[Sun Aug  2 19:14:19 2026] [INFO] CSP: RX loop iteration 7440, last_err=6 [components/cla/posix/cla_csp.c:405]
[Sun Aug  2 19:14:19 2026] [INFO] CSP: RX waiting - socket=0x555c6a95d9f8, init=1 [components/cla/posix/cla_csp.c:412]
[Sun Aug  2 19:14:29 2026] [INFO] CSP: RX loop iteration 7450, last_err=6 [components/cla/posix/cla_csp.c:405]
[Sun Aug  2 19:14:29 2026] [INFO] CSP: RX waiting - socket=0x555c6a95d9f8, init=1 [components/cla/posix/cla_csp.c:412]
[Sun Aug  2 19:14:39 2026] [INFO] CSP: RX loop iteration 7460, last_err=6 [components/cla/posix/cla_csp.c:405]
[Sun Aug  2 19:14:39 2026] [INFO] CSP: RX waiting - socket=0x555c6a95d9f8, init=1 [components/cla/posix/cla_csp.c:412]
[Sun Aug  2 19:14:49 2026] [INFO] CSP: RX loop iteration 7470, last_err=6 [components/cla/posix/cla_csp.c:405]
[Sun Aug  2 19:14:49 2026] [INFO] CSP: RX waiting - socket=0x555c6a95d9f8, init=1 [components/cla/posix/cla_csp.c:412]
[Sun Aug  2 19:14:59 2026] [INFO] CSP: RX loop iteration 7480, last_err=6 [components/cla/posix/cla_csp.c:405]
[Sun Aug  2 19:14:59 2026] [INFO] CSP: RX waiting - socket=0x555c6a95d9f8, init=1 [components/cla/posix/cla_csp.c:412]
[Sun Aug  2 19:15:09 2026] [INFO] CSP: RX loop iteration 7490, last_err=6 [components/cla/posix/cla_csp.c:405]
[Sun Aug  2 19:15:09 2026] [INFO] CSP: RX waiting - socket=0x555c6a95d9f8, init=1 [components/cla/posix/cla_csp.c:412]
[Sun Aug  2 19:15:19 2026] [INFO] CSP: RX loop iteration 7500, last_err=6 [components/cla/posix/cla_csp.c:405]
[Sun Aug  2 19:15:19 2026] [INFO] CSP: RX waiting - socket=0x555c6a95d9f8, init=1 [components/cla/posix/cla_csp.c:412]
[Sun Aug  2 19:15:29 2026] [INFO] CSP: RX loop iteration 7510, last_err=6 [components/cla/posix/cla_csp.c:405]
[Sun Aug  2 19:15:29 2026] [INFO] CSP: RX waiting - socket=0x555c6a95d9f8, init=1 [components/cla/posix/cla_csp.c:412]
[Sun Aug  2 19:15:39 2026] [INFO] CSP: RX loop iteration 7520, last_err=6 [components/cla/posix/cla_csp.c:405]
[Sun Aug  2 19:15:39 2026] [INFO] CSP: RX waiting - socket=0x555c6a95d9f8, init=1 [components/cla/posix/cla_csp.c:412]
[Sun Aug  2 19:15:49 2026] [INFO] CSP: RX loop iteration 7530, last_err=6 [components/cla/posix/cla_csp.c:405]
[Sun Aug  2 19:15:49 2026] [INFO] CSP: RX waiting - socket=0x555c6a95d9f8, init=1 [components/cla/posix/cla_csp.c:412]
[Sun Aug  2 19:15:59 2026] [INFO] CSP: RX loop iteration 7540, last_err=6 [components/cla/posix/cla_csp.c:405]
[Sun Aug  2 19:15:59 2026] [INFO] CSP: RX waiting - socket=0x555c6a95d9f8, init=1 [components/cla/posix/cla_csp.c:412]
[Sun Aug  2 19:16:09 2026] [INFO] CSP: RX loop iteration 7550, last_err=6 [components/cla/posix/cla_csp.c:405]
[Sun Aug  2 19:16:09 2026] [INFO] CSP: RX waiting - socket=0x555c6a95d9f8, init=1 [components/cla/posix/cla_csp.c:412]
[Sun Aug  2 19:16:19 2026] [INFO] CSP: RX loop iteration 7560, last_err=6 [components/cla/posix/cla_csp.c:405]
[Sun Aug  2 19:16:19 2026] [INFO] CSP: RX waiting - socket=0x555c6a95d9f8, init=1 [components/cla/posix/cla_csp.c:412]
[Sun Aug  2 19:16:29 2026] [INFO] CSP: RX loop iteration 7570, last_err=6 [components/cla/posix/cla_csp.c:405]
[Sun Aug  2 19:16:29 2026] [INFO] CSP: RX waiting - socket=0x555c6a95d9f8, init=1 [components/cla/posix/cla_csp.c:412]
[Sun Aug  2 19:16:39 2026] [INFO] CSP: RX loop iteration 7580, last_err=6 [components/cla/posix/cla_csp.c:405]
[Sun Aug  2 19:16:39 2026] [INFO] CSP: RX waiting - socket=0x555c6a95d9f8, init=1 [components/cla/posix/cla_csp.c:412]
[Sun Aug  2 19:16:49 2026] [INFO] CSP: RX loop iteration 7590, last_err=6 [components/cla/posix/cla_csp.c:405]
[Sun Aug  2 19:16:49 2026] [INFO] CSP: RX waiting - socket=0x555c6a95d9f8, init=1 [components/cla/posix/cla_csp.c:412]
[Sun Aug  2 19:16:59 2026] [INFO] CSP: RX loop iteration 7600, last_err=6 [components/cla/posix/cla_csp.c:405]
[Sun Aug  2 19:16:59 2026] [INFO] CSP: RX waiting - socket=0x555c6a95d9f8, init=1 [components/cla/posix/cla_csp.c:412]
[Sun Aug  2 19:17:09 2026] [INFO] CSP: RX loop iteration 7610, last_err=6 [components/cla/posix/cla_csp.c:405]
[Sun Aug  2 19:17:09 2026] [INFO] CSP: RX waiting - socket=0x555c6a95d9f8, init=1 [components/cla/posix/cla_csp.c:412]
[Sun Aug  2 19:17:19 2026] [INFO] CSP: RX loop iteration 7620, last_err=6 [components/cla/posix/cla_csp.c:405]
[Sun Aug  2 19:17:19 2026] [INFO] CSP: RX waiting - socket=0x555c6a95d9f8, init=1 [components/cla/posix/cla_csp.c:412]
[Sun Aug  2 19:17:29 2026] [INFO] CSP: RX loop iteration 7630, last_err=6 [components/cla/posix/cla_csp.c:405]
[Sun Aug  2 19:17:29 2026] [INFO] CSP: RX waiting - socket=0x555c6a95d9f8, init=1 [components/cla/posix/cla_csp.c:412]
[Sun Aug  2 19:17:39 2026] [INFO] CSP: RX loop iteration 7640, last_err=6 [components/cla/posix/cla_csp.c:405]
[Sun Aug  2 19:17:39 2026] [INFO] CSP: RX waiting - socket=0x555c6a95d9f8, init=1 [components/cla/posix/cla_csp.c:412]
[Sun Aug  2 19:17:49 2026] [INFO] CSP: RX loop iteration 7650, last_err=6 [components/cla/posix/cla_csp.c:405]
[Sun Aug  2 19:17:49 2026] [INFO] CSP: RX waiting - socket=0x555c6a95d9f8, init=1 [components/cla/posix/cla_csp.c:412]
[Sun Aug  2 19:17:59 2026] [INFO] CSP: RX loop iteration 7660, last_err=6 [components/cla/posix/cla_csp.c:405]
[Sun Aug  2 19:17:59 2026] [INFO] CSP: RX waiting - socket=0x555c6a95d9f8, init=1 [components/cla/posix/cla_csp.c:412]
[Sun Aug  2 19:18:09 2026] [INFO] CSP: RX loop iteration 7670, last_err=6 [components/cla/posix/cla_csp.c:405]
[Sun Aug  2 19:18:09 2026] [INFO] CSP: RX waiting - socket=0x555c6a95d9f8, init=1 [components/cla/posix/cla_csp.c:412]
[Sun Aug  2 19:18:19 2026] [INFO] CSP: RX loop iteration 7680, last_err=6 [components/cla/posix/cla_csp.c:405]
[Sun Aug  2 19:18:19 2026] [INFO] CSP: RX waiting - socket=0x555c6a95d9f8, init=1 [components/cla/posix/cla_csp.c:412]
[Sun Aug  2 19:18:29 2026] [INFO] CSP: RX loop iteration 7690, last_err=6 [components/cla/posix/cla_csp.c:405]
[Sun Aug  2 19:18:29 2026] [INFO] CSP: RX waiting - socket=0x555c6a95d9f8, init=1 [components/cla/posix/cla_csp.c:412]
[Sun Aug  2 19:18:39 2026] [INFO] CSP: RX loop iteration 7700, last_err=6 [components/cla/posix/cla_csp.c:405]
[Sun Aug  2 19:18:39 2026] [INFO] CSP: RX waiting - socket=0x555c6a95d9f8, init=1 [components/cla/posix/cla_csp.c:412]
[Sun Aug  2 19:18:49 2026] [INFO] CSP: RX loop iteration 7710, last_err=6 [components/cla/posix/cla_csp.c:405]
[Sun Aug  2 19:18:49 2026] [INFO] CSP: RX waiting - socket=0x555c6a95d9f8, init=1 [components/cla/posix/cla_csp.c:412]
[Sun Aug  2 19:18:59 2026] [INFO] CSP: RX loop iteration 7720, last_err=6 [components/cla/posix/cla_csp.c:405]
[Sun Aug  2 19:18:59 2026] [INFO] CSP: RX waiting - socket=0x555c6a95d9f8, init=1 [components/cla/posix/cla_csp.c:412]
[Sun Aug  2 19:19:09 2026] [INFO] CSP: RX loop iteration 7730, last_err=6 [components/cla/posix/cla_csp.c:405]
[Sun Aug  2 19:19:09 2026] [INFO] CSP: RX waiting - socket=0x555c6a95d9f8, init=1 [components/cla/posix/cla_csp.c:412]
[Sun Aug  2 19:19:19 2026] [INFO] CSP: RX loop iteration 7740, last_err=6 [components/cla/posix/cla_csp.c:405]
[Sun Aug  2 19:19:19 2026] [INFO] CSP: RX waiting - socket=0x555c6a95d9f8, init=1 [components/cla/posix/cla_csp.c:412]
[Sun Aug  2 19:19:29 2026] [INFO] CSP: RX loop iteration 7750, last_err=6 [components/cla/posix/cla_csp.c:405]
[Sun Aug  2 19:19:29 2026] [INFO] CSP: RX waiting - socket=0x555c6a95d9f8, init=1 [components/cla/posix/cla_csp.c:412]
[Sun Aug  2 19:19:39 2026] [INFO] CSP: RX loop iteration 7760, last_err=6 [components/cla/posix/cla_csp.c:405]
[Sun Aug  2 19:19:39 2026] [INFO] CSP: RX waiting - socket=0x555c6a95d9f8, init=1 [components/cla/posix/cla_csp.c:412]
[Sun Aug  2 19:19:49 2026] [INFO] CSP: RX loop iteration 7770, last_err=6 [components/cla/posix/cla_csp.c:405]
[Sun Aug  2 19:19:49 2026] [INFO] CSP: RX waiting - socket=0x555c6a95d9f8, init=1 [components/cla/posix/cla_csp.c:412]
[Sun Aug  2 19:19:59 2026] [INFO] CSP: RX loop iteration 7780, last_err=6 [components/cla/posix/cla_csp.c:405]
[Sun Aug  2 19:19:59 2026] [INFO] CSP: RX waiting - socket=0x555c6a95d9f8, init=1 [components/cla/posix/cla_csp.c:412]
[Sun Aug  2 19:20:09 2026] [INFO] CSP: RX loop iteration 7790, last_err=6 [components/cla/posix/cla_csp.c:405]
[Sun Aug  2 19:20:09 2026] [INFO] CSP: RX waiting - socket=0x555c6a95d9f8, init=1 [components/cla/posix/cla_csp.c:412]
[Sun Aug  2 19:20:19 2026] [INFO] CSP: RX loop iteration 7800, last_err=6 [components/cla/posix/cla_csp.c:405]
[Sun Aug  2 19:20:19 2026] [INFO] CSP: RX waiting - socket=0x555c6a95d9f8, init=1 [components/cla/posix/cla_csp.c:412]
[Sun Aug  2 19:20:29 2026] [INFO] CSP: RX loop iteration 7810, last_err=6 [components/cla/posix/cla_csp.c:405]
[Sun Aug  2 19:20:29 2026] [INFO] CSP: RX waiting - socket=0x555c6a95d9f8, init=1 [components/cla/posix/cla_csp.c:412]
[Sun Aug  2 19:20:39 2026] [INFO] CSP: RX loop iteration 7820, last_err=6 [components/cla/posix/cla_csp.c:405]
[Sun Aug  2 19:20:39 2026] [INFO] CSP: RX waiting - socket=0x555c6a95d9f8, init=1 [components/cla/posix/cla_csp.c:412]
[Sun Aug  2 19:20:49 2026] [INFO] CSP: RX loop iteration 7830, last_err=6 [components/cla/posix/cla_csp.c:405]
[Sun Aug  2 19:20:49 2026] [INFO] CSP: RX waiting - socket=0x555c6a95d9f8, init=1 [components/cla/posix/cla_csp.c:412]
[Sun Aug  2 19:20:59 2026] [INFO] CSP: RX loop iteration 7840, last_err=6 [components/cla/posix/cla_csp.c:405]
[Sun Aug  2 19:20:59 2026] [INFO] CSP: RX waiting - socket=0x555c6a95d9f8, init=1 [components/cla/posix/cla_csp.c:412]
[Sun Aug  2 19:21:09 2026] [INFO] CSP: RX loop iteration 7850, last_err=6 [components/cla/posix/cla_csp.c:405]
[Sun Aug  2 19:21:09 2026] [INFO] CSP: RX waiting - socket=0x555c6a95d9f8, init=1 [components/cla/posix/cla_csp.c:412]
[Sun Aug  2 19:21:19 2026] [INFO] CSP: RX loop iteration 7860, last_err=6 [components/cla/posix/cla_csp.c:405]
[Sun Aug  2 19:21:19 2026] [INFO] CSP: RX waiting - socket=0x555c6a95d9f8, init=1 [components/cla/posix/cla_csp.c:412]
[Sun Aug  2 19:21:29 2026] [INFO] CSP: RX loop iteration 7870, last_err=6 [components/cla/posix/cla_csp.c:405]
[Sun Aug  2 19:21:29 2026] [INFO] CSP: RX waiting - socket=0x555c6a95d9f8, init=1 [components/cla/posix/cla_csp.c:412]
[Sun Aug  2 19:21:39 2026] [INFO] CSP: RX loop iteration 7880, last_err=6 [components/cla/posix/cla_csp.c:405]
[Sun Aug  2 19:21:39 2026] [INFO] CSP: RX waiting - socket=0x555c6a95d9f8, init=1 [components/cla/posix/cla_csp.c:412]
[Sun Aug  2 19:21:49 2026] [INFO] CSP: RX loop iteration 7890, last_err=6 [components/cla/posix/cla_csp.c:405]
[Sun Aug  2 19:21:49 2026] [INFO] CSP: RX waiting - socket=0x555c6a95d9f8, init=1 [components/cla/posix/cla_csp.c:412]
[Sun Aug  2 19:21:59 2026] [INFO] CSP: RX loop iteration 7900, last_err=6 [components/cla/posix/cla_csp.c:405]
[Sun Aug  2 19:21:59 2026] [INFO] CSP: RX waiting - socket=0x555c6a95d9f8, init=1 [components/cla/posix/cla_csp.c:412]
[Sun Aug  2 19:22:09 2026] [INFO] CSP: RX loop iteration 7910, last_err=6 [components/cla/posix/cla_csp.c:405]
[Sun Aug  2 19:22:09 2026] [INFO] CSP: RX waiting - socket=0x555c6a95d9f8, init=1 [components/cla/posix/cla_csp.c:412]
[Sun Aug  2 19:22:19 2026] [INFO] CSP: RX loop iteration 7920, last_err=6 [components/cla/posix/cla_csp.c:405]
[Sun Aug  2 19:22:19 2026] [INFO] CSP: RX waiting - socket=0x555c6a95d9f8, init=1 [components/cla/posix/cla_csp.c:412]
[Sun Aug  2 19:22:29 2026] [INFO] CSP: RX loop iteration 7930, last_err=6 [components/cla/posix/cla_csp.c:405]
[Sun Aug  2 19:22:29 2026] [INFO] CSP: RX waiting - socket=0x555c6a95d9f8, init=1 [components/cla/posix/cla_csp.c:412]
[Sun Aug  2 19:22:39 2026] [INFO] CSP: RX loop iteration 7940, last_err=6 [components/cla/posix/cla_csp.c:405]
[Sun Aug  2 19:22:39 2026] [INFO] CSP: RX waiting - socket=0x555c6a95d9f8, init=1 [components/cla/posix/cla_csp.c:412]
[Sun Aug  2 19:22:49 2026] [INFO] CSP: RX loop iteration 7950, last_err=6 [components/cla/posix/cla_csp.c:405]
[Sun Aug  2 19:22:49 2026] [INFO] CSP: RX waiting - socket=0x555c6a95d9f8, init=1 [components/cla/posix/cla_csp.c:412]
[Sun Aug  2 19:22:59 2026] [INFO] CSP: RX loop iteration 7960, last_err=6 [components/cla/posix/cla_csp.c:405]
[Sun Aug  2 19:22:59 2026] [INFO] CSP: RX waiting - socket=0x555c6a95d9f8, init=1 [components/cla/posix/cla_csp.c:412]
[Sun Aug  2 19:23:09 2026] [INFO] CSP: RX loop iteration 7970, last_err=6 [components/cla/posix/cla_csp.c:405]
[Sun Aug  2 19:23:09 2026] [INFO] CSP: RX waiting - socket=0x555c6a95d9f8, init=1 [components/cla/posix/cla_csp.c:412]
[Sun Aug  2 19:23:19 2026] [INFO] CSP: RX loop iteration 7980, last_err=6 [components/cla/posix/cla_csp.c:405]
[Sun Aug  2 19:23:19 2026] [INFO] CSP: RX waiting - socket=0x555c6a95d9f8, init=1 [components/cla/posix/cla_csp.c:412]
[Sun Aug  2 19:23:29 2026] [INFO] CSP: RX loop iteration 7990, last_err=6 [components/cla/posix/cla_csp.c:405]
[Sun Aug  2 19:23:29 2026] [INFO] CSP: RX waiting - socket=0x555c6a95d9f8, init=1 [components/cla/posix/cla_csp.c:412]
[Sun Aug  2 19:23:39 2026] [INFO] CSP: RX loop iteration 8000, last_err=6 [components/cla/posix/cla_csp.c:405]
[Sun Aug  2 19:23:39 2026] [INFO] CSP: RX waiting - socket=0x555c6a95d9f8, init=1 [components/cla/posix/cla_csp.c:412]
[Sun Aug  2 19:23:49 2026] [INFO] CSP: RX loop iteration 8010, last_err=6 [components/cla/posix/cla_csp.c:405]
[Sun Aug  2 19:23:49 2026] [INFO] CSP: RX waiting - socket=0x555c6a95d9f8, init=1 [components/cla/posix/cla_csp.c:412]
[Sun Aug  2 19:23:59 2026] [INFO] CSP: RX loop iteration 8020, last_err=6 [components/cla/posix/cla_csp.c:405]
[Sun Aug  2 19:23:59 2026] [INFO] CSP: RX waiting - socket=0x555c6a95d9f8, init=1 [components/cla/posix/cla_csp.c:412]
[Sun Aug  2 19:24:09 2026] [INFO] CSP: RX loop iteration 8030, last_err=6 [components/cla/posix/cla_csp.c:405]
[Sun Aug  2 19:24:09 2026] [INFO] CSP: RX waiting - socket=0x555c6a95d9f8, init=1 [components/cla/posix/cla_csp.c:412]
[Sun Aug  2 19:24:19 2026] [INFO] CSP: RX loop iteration 8040, last_err=6 [components/cla/posix/cla_csp.c:405]
[Sun Aug  2 19:24:19 2026] [INFO] CSP: RX waiting - socket=0x555c6a95d9f8, init=1 [components/cla/posix/cla_csp.c:412]
[Sun Aug  2 19:24:29 2026] [INFO] CSP: RX loop iteration 8050, last_err=6 [components/cla/posix/cla_csp.c:405]
[Sun Aug  2 19:24:29 2026] [INFO] CSP: RX waiting - socket=0x555c6a95d9f8, init=1 [components/cla/posix/cla_csp.c:412]
[Sun Aug  2 19:24:39 2026] [INFO] CSP: RX loop iteration 8060, last_err=6 [components/cla/posix/cla_csp.c:405]
[Sun Aug  2 19:24:39 2026] [INFO] CSP: RX waiting - socket=0x555c6a95d9f8, init=1 [components/cla/posix/cla_csp.c:412]
[Sun Aug  2 19:24:49 2026] [INFO] CSP: RX loop iteration 8070, last_err=6 [components/cla/posix/cla_csp.c:405]
[Sun Aug  2 19:24:49 2026] [INFO] CSP: RX waiting - socket=0x555c6a95d9f8, init=1 [components/cla/posix/cla_csp.c:412]
[Sun Aug  2 19:24:59 2026] [INFO] CSP: RX loop iteration 8080, last_err=6 [components/cla/posix/cla_csp.c:405]
[Sun Aug  2 19:24:59 2026] [INFO] CSP: RX waiting - socket=0x555c6a95d9f8, init=1 [components/cla/posix/cla_csp.c:412]
[Sun Aug  2 19:25:09 2026] [INFO] CSP: RX loop iteration 8090, last_err=6 [components/cla/posix/cla_csp.c:405]
[Sun Aug  2 19:25:09 2026] [INFO] CSP: RX waiting - socket=0x555c6a95d9f8, init=1 [components/cla/posix/cla_csp.c:412]
[Sun Aug  2 19:25:19 2026] [INFO] CSP: RX loop iteration 8100, last_err=6 [components/cla/posix/cla_csp.c:405]
[Sun Aug  2 19:25:19 2026] [INFO] CSP: RX waiting - socket=0x555c6a95d9f8, init=1 [components/cla/posix/cla_csp.c:412]
[Sun Aug  2 19:25:29 2026] [INFO] CSP: RX loop iteration 8110, last_err=6 [components/cla/posix/cla_csp.c:405]
[Sun Aug  2 19:25:29 2026] [INFO] CSP: RX waiting - socket=0x555c6a95d9f8, init=1 [components/cla/posix/cla_csp.c:412]
[Sun Aug  2 19:25:39 2026] [INFO] CSP: RX loop iteration 8120, last_err=6 [components/cla/posix/cla_csp.c:405]
[Sun Aug  2 19:25:39 2026] [INFO] CSP: RX waiting - socket=0x555c6a95d9f8, init=1 [components/cla/posix/cla_csp.c:412]
[Sun Aug  2 19:25:49 2026] [INFO] CSP: RX loop iteration 8130, last_err=6 [components/cla/posix/cla_csp.c:405]
[Sun Aug  2 19:25:49 2026] [INFO] CSP: RX waiting - socket=0x555c6a95d9f8, init=1 [components/cla/posix/cla_csp.c:412]
[Sun Aug  2 19:25:59 2026] [INFO] CSP: RX loop iteration 8140, last_err=6 [components/cla/posix/cla_csp.c:405]
[Sun Aug  2 19:25:59 2026] [INFO] CSP: RX waiting - socket=0x555c6a95d9f8, init=1 [components/cla/posix/cla_csp.c:412]
[Sun Aug  2 19:26:09 2026] [INFO] CSP: RX loop iteration 8150, last_err=6 [components/cla/posix/cla_csp.c:405]
[Sun Aug  2 19:26:09 2026] [INFO] CSP: RX waiting - socket=0x555c6a95d9f8, init=1 [components/cla/posix/cla_csp.c:412]
[Sun Aug  2 19:26:19 2026] [INFO] CSP: RX loop iteration 8160, last_err=6 [components/cla/posix/cla_csp.c:405]
[Sun Aug  2 19:26:19 2026] [INFO] CSP: RX waiting - socket=0x555c6a95d9f8, init=1 [components/cla/posix/cla_csp.c:412]
[Sun Aug  2 19:26:29 2026] [INFO] CSP: RX loop iteration 8170, last_err=6 [components/cla/posix/cla_csp.c:405]
[Sun Aug  2 19:26:29 2026] [INFO] CSP: RX waiting - socket=0x555c6a95d9f8, init=1 [components/cla/posix/cla_csp.c:412]
[Sun Aug  2 19:26:39 2026] [INFO] CSP: RX loop iteration 8180, last_err=6 [components/cla/posix/cla_csp.c:405]
[Sun Aug  2 19:26:39 2026] [INFO] CSP: RX waiting - socket=0x555c6a95d9f8, init=1 [components/cla/posix/cla_csp.c:412]
[Sun Aug  2 19:26:49 2026] [INFO] CSP: RX loop iteration 8190, last_err=6 [components/cla/posix/cla_csp.c:405]
[Sun Aug  2 19:26:49 2026] [INFO] CSP: RX waiting - socket=0x555c6a95d9f8, init=1 [components/cla/posix/cla_csp.c:412]
[Sun Aug  2 19:26:59 2026] [INFO] CSP: RX loop iteration 8200, last_err=6 [components/cla/posix/cla_csp.c:405]
[Sun Aug  2 19:26:59 2026] [INFO] CSP: RX waiting - socket=0x555c6a95d9f8, init=1 [components/cla/posix/cla_csp.c:412]
[Sun Aug  2 19:27:09 2026] [INFO] CSP: RX loop iteration 8210, last_err=6 [components/cla/posix/cla_csp.c:405]
[Sun Aug  2 19:27:09 2026] [INFO] CSP: RX waiting - socket=0x555c6a95d9f8, init=1 [components/cla/posix/cla_csp.c:412]
[Sun Aug  2 19:27:19 2026] [INFO] CSP: RX loop iteration 8220, last_err=6 [components/cla/posix/cla_csp.c:405]
[Sun Aug  2 19:27:19 2026] [INFO] CSP: RX waiting - socket=0x555c6a95d9f8, init=1 [components/cla/posix/cla_csp.c:412]
[Sun Aug  2 19:27:29 2026] [INFO] CSP: RX loop iteration 8230, last_err=6 [components/cla/posix/cla_csp.c:405]
[Sun Aug  2 19:27:29 2026] [INFO] CSP: RX waiting - socket=0x555c6a95d9f8, init=1 [components/cla/posix/cla_csp.c:412]
[Sun Aug  2 19:27:39 2026] [INFO] CSP: RX loop iteration 8240, last_err=6 [components/cla/posix/cla_csp.c:405]
[Sun Aug  2 19:27:39 2026] [INFO] CSP: RX waiting - socket=0x555c6a95d9f8, init=1 [components/cla/posix/cla_csp.c:412]
[Sun Aug  2 19:27:49 2026] [INFO] CSP: RX loop iteration 8250, last_err=6 [components/cla/posix/cla_csp.c:405]
[Sun Aug  2 19:27:49 2026] [INFO] CSP: RX waiting - socket=0x555c6a95d9f8, init=1 [components/cla/posix/cla_csp.c:412]
[Sun Aug  2 19:27:59 2026] [INFO] CSP: RX loop iteration 8260, last_err=6 [components/cla/posix/cla_csp.c:405]
[Sun Aug  2 19:27:59 2026] [INFO] CSP: RX waiting - socket=0x555c6a95d9f8, init=1 [components/cla/posix/cla_csp.c:412]
[Sun Aug  2 19:28:09 2026] [INFO] CSP: RX loop iteration 8270, last_err=6 [components/cla/posix/cla_csp.c:405]
[Sun Aug  2 19:28:09 2026] [INFO] CSP: RX waiting - socket=0x555c6a95d9f8, init=1 [components/cla/posix/cla_csp.c:412]
[Sun Aug  2 19:28:19 2026] [INFO] CSP: RX loop iteration 8280, last_err=6 [components/cla/posix/cla_csp.c:405]
[Sun Aug  2 19:28:19 2026] [INFO] CSP: RX waiting - socket=0x555c6a95d9f8, init=1 [components/cla/posix/cla_csp.c:412]
[Sun Aug  2 19:28:29 2026] [INFO] CSP: RX loop iteration 8290, last_err=6 [components/cla/posix/cla_csp.c:405]
[Sun Aug  2 19:28:29 2026] [INFO] CSP: RX waiting - socket=0x555c6a95d9f8, init=1 [components/cla/posix/cla_csp.c:412]
[Sun Aug  2 19:28:39 2026] [INFO] CSP: RX loop iteration 8300, last_err=6 [components/cla/posix/cla_csp.c:405]
[Sun Aug  2 19:28:39 2026] [INFO] CSP: RX waiting - socket=0x555c6a95d9f8, init=1 [components/cla/posix/cla_csp.c:412]
[Sun Aug  2 19:28:49 2026] [INFO] CSP: RX loop iteration 8310, last_err=6 [components/cla/posix/cla_csp.c:405]
[Sun Aug  2 19:28:49 2026] [INFO] CSP: RX waiting - socket=0x555c6a95d9f8, init=1 [components/cla/posix/cla_csp.c:412]
[Sun Aug  2 19:28:59 2026] [INFO] CSP: RX loop iteration 8320, last_err=6 [components/cla/posix/cla_csp.c:405]
[Sun Aug  2 19:28:59 2026] [INFO] CSP: RX waiting - socket=0x555c6a95d9f8, init=1 [components/cla/posix/cla_csp.c:412]
[Sun Aug  2 19:29:09 2026] [INFO] CSP: RX loop iteration 8330, last_err=6 [components/cla/posix/cla_csp.c:405]
[Sun Aug  2 19:29:09 2026] [INFO] CSP: RX waiting - socket=0x555c6a95d9f8, init=1 [components/cla/posix/cla_csp.c:412]
[Sun Aug  2 19:29:19 2026] [INFO] CSP: RX loop iteration 8340, last_err=6 [components/cla/posix/cla_csp.c:405]
[Sun Aug  2 19:29:19 2026] [INFO] CSP: RX waiting - socket=0x555c6a95d9f8, init=1 [components/cla/posix/cla_csp.c:412]
[Sun Aug  2 19:29:29 2026] [INFO] CSP: RX loop iteration 8350, last_err=6 [components/cla/posix/cla_csp.c:405]
[Sun Aug  2 19:29:29 2026] [INFO] CSP: RX waiting - socket=0x555c6a95d9f8, init=1 [components/cla/posix/cla_csp.c:412]
[Sun Aug  2 19:29:39 2026] [INFO] CSP: RX loop iteration 8360, last_err=6 [components/cla/posix/cla_csp.c:405]
[Sun Aug  2 19:29:39 2026] [INFO] CSP: RX waiting - socket=0x555c6a95d9f8, init=1 [components/cla/posix/cla_csp.c:412]
[Sun Aug  2 19:29:49 2026] [INFO] CSP: RX loop iteration 8370, last_err=6 [components/cla/posix/cla_csp.c:405]
[Sun Aug  2 19:29:49 2026] [INFO] CSP: RX waiting - socket=0x555c6a95d9f8, init=1 [components/cla/posix/cla_csp.c:412]
[Sun Aug  2 19:29:59 2026] [INFO] CSP: RX loop iteration 8380, last_err=6 [components/cla/posix/cla_csp.c:405]
[Sun Aug  2 19:29:59 2026] [INFO] CSP: RX waiting - socket=0x555c6a95d9f8, init=1 [components/cla/posix/cla_csp.c:412]
[Sun Aug  2 19:30:09 2026] [INFO] CSP: RX loop iteration 8390, last_err=6 [components/cla/posix/cla_csp.c:405]
[Sun Aug  2 19:30:09 2026] [INFO] CSP: RX waiting - socket=0x555c6a95d9f8, init=1 [components/cla/posix/cla_csp.c:412]
[Sun Aug  2 19:30:19 2026] [INFO] CSP: RX loop iteration 8400, last_err=6 [components/cla/posix/cla_csp.c:405]
[Sun Aug  2 19:30:19 2026] [INFO] CSP: RX waiting - socket=0x555c6a95d9f8, init=1 [components/cla/posix/cla_csp.c:412]
[Sun Aug  2 19:30:29 2026] [INFO] CSP: RX loop iteration 8410, last_err=6 [components/cla/posix/cla_csp.c:405]
[Sun Aug  2 19:30:29 2026] [INFO] CSP: RX waiting - socket=0x555c6a95d9f8, init=1 [components/cla/posix/cla_csp.c:412]
[Sun Aug  2 19:30:39 2026] [INFO] CSP: RX loop iteration 8420, last_err=6 [components/cla/posix/cla_csp.c:405]
[Sun Aug  2 19:30:39 2026] [INFO] CSP: RX waiting - socket=0x555c6a95d9f8, init=1 [components/cla/posix/cla_csp.c:412]
[Sun Aug  2 19:30:49 2026] [INFO] CSP: RX loop iteration 8430, last_err=6 [components/cla/posix/cla_csp.c:405]
[Sun Aug  2 19:30:49 2026] [INFO] CSP: RX waiting - socket=0x555c6a95d9f8, init=1 [components/cla/posix/cla_csp.c:412]
[Sun Aug  2 19:30:59 2026] [INFO] CSP: RX loop iteration 8440, last_err=6 [components/cla/posix/cla_csp.c:405]
[Sun Aug  2 19:30:59 2026] [INFO] CSP: RX waiting - socket=0x555c6a95d9f8, init=1 [components/cla/posix/cla_csp.c:412]
[Sun Aug  2 19:31:09 2026] [INFO] CSP: RX loop iteration 8450, last_err=6 [components/cla/posix/cla_csp.c:405]
[Sun Aug  2 19:31:09 2026] [INFO] CSP: RX waiting - socket=0x555c6a95d9f8, init=1 [components/cla/posix/cla_csp.c:412]
[Sun Aug  2 19:31:19 2026] [INFO] CSP: RX loop iteration 8460, last_err=6 [components/cla/posix/cla_csp.c:405]
[Sun Aug  2 19:31:19 2026] [INFO] CSP: RX waiting - socket=0x555c6a95d9f8, init=1 [components/cla/posix/cla_csp.c:412]
[Sun Aug  2 19:31:29 2026] [INFO] CSP: RX loop iteration 8470, last_err=6 [components/cla/posix/cla_csp.c:405]
[Sun Aug  2 19:31:29 2026] [INFO] CSP: RX waiting - socket=0x555c6a95d9f8, init=1 [components/cla/posix/cla_csp.c:412]
[Sun Aug  2 19:31:39 2026] [INFO] CSP: RX loop iteration 8480, last_err=6 [components/cla/posix/cla_csp.c:405]
[Sun Aug  2 19:31:39 2026] [INFO] CSP: RX waiting - socket=0x555c6a95d9f8, init=1 [components/cla/posix/cla_csp.c:412]
[Sun Aug  2 19:31:49 2026] [INFO] CSP: RX loop iteration 8490, last_err=6 [components/cla/posix/cla_csp.c:405]
[Sun Aug  2 19:31:49 2026] [INFO] CSP: RX waiting - socket=0x555c6a95d9f8, init=1 [components/cla/posix/cla_csp.c:412]
[Sun Aug  2 19:31:59 2026] [INFO] CSP: RX loop iteration 8500, last_err=6 [components/cla/posix/cla_csp.c:405]
[Sun Aug  2 19:31:59 2026] [INFO] CSP: RX waiting - socket=0x555c6a95d9f8, init=1 [components/cla/posix/cla_csp.c:412]
[Sun Aug  2 19:32:09 2026] [INFO] CSP: RX loop iteration 8510, last_err=6 [components/cla/posix/cla_csp.c:405]
[Sun Aug  2 19:32:09 2026] [INFO] CSP: RX waiting - socket=0x555c6a95d9f8, init=1 [components/cla/posix/cla_csp.c:412]
[Sun Aug  2 19:32:19 2026] [INFO] CSP: RX loop iteration 8520, last_err=6 [components/cla/posix/cla_csp.c:405]
[Sun Aug  2 19:32:19 2026] [INFO] CSP: RX waiting - socket=0x555c6a95d9f8, init=1 [components/cla/posix/cla_csp.c:412]
[Sun Aug  2 19:32:29 2026] [INFO] CSP: RX loop iteration 8530, last_err=6 [components/cla/posix/cla_csp.c:405]
[Sun Aug  2 19:32:29 2026] [INFO] CSP: RX waiting - socket=0x555c6a95d9f8, init=1 [components/cla/posix/cla_csp.c:412]
[Sun Aug  2 19:32:39 2026] [INFO] CSP: RX loop iteration 8540, last_err=6 [components/cla/posix/cla_csp.c:405]
[Sun Aug  2 19:32:39 2026] [INFO] CSP: RX waiting - socket=0x555c6a95d9f8, init=1 [components/cla/posix/cla_csp.c:412]
[Sun Aug  2 19:32:49 2026] [INFO] CSP: RX loop iteration 8550, last_err=6 [components/cla/posix/cla_csp.c:405]
[Sun Aug  2 19:32:49 2026] [INFO] CSP: RX waiting - socket=0x555c6a95d9f8, init=1 [components/cla/posix/cla_csp.c:412]
[Sun Aug  2 19:32:59 2026] [INFO] CSP: RX loop iteration 8560, last_err=6 [components/cla/posix/cla_csp.c:405]
[Sun Aug  2 19:32:59 2026] [INFO] CSP: RX waiting - socket=0x555c6a95d9f8, init=1 [components/cla/posix/cla_csp.c:412]
[Sun Aug  2 19:33:09 2026] [INFO] CSP: RX loop iteration 8570, last_err=6 [components/cla/posix/cla_csp.c:405]
[Sun Aug  2 19:33:09 2026] [INFO] CSP: RX waiting - socket=0x555c6a95d9f8, init=1 [components/cla/posix/cla_csp.c:412]
[Sun Aug  2 19:33:19 2026] [INFO] CSP: RX loop iteration 8580, last_err=6 [components/cla/posix/cla_csp.c:405]
[Sun Aug  2 19:33:19 2026] [INFO] CSP: RX waiting - socket=0x555c6a95d9f8, init=1 [components/cla/posix/cla_csp.c:412]
[Sun Aug  2 19:33:29 2026] [INFO] CSP: RX loop iteration 8590, last_err=6 [components/cla/posix/cla_csp.c:405]
[Sun Aug  2 19:33:29 2026] [INFO] CSP: RX waiting - socket=0x555c6a95d9f8, init=1 [components/cla/posix/cla_csp.c:412]
[Sun Aug  2 19:33:39 2026] [INFO] CSP: RX loop iteration 8600, last_err=6 [components/cla/posix/cla_csp.c:405]
[Sun Aug  2 19:33:39 2026] [INFO] CSP: RX waiting - socket=0x555c6a95d9f8, init=1 [components/cla/posix/cla_csp.c:412]
[Sun Aug  2 19:33:49 2026] [INFO] CSP: RX loop iteration 8610, last_err=6 [components/cla/posix/cla_csp.c:405]
[Sun Aug  2 19:33:49 2026] [INFO] CSP: RX waiting - socket=0x555c6a95d9f8, init=1 [components/cla/posix/cla_csp.c:412]
[Sun Aug  2 19:33:59 2026] [INFO] CSP: RX loop iteration 8620, last_err=6 [components/cla/posix/cla_csp.c:405]
[Sun Aug  2 19:33:59 2026] [INFO] CSP: RX waiting - socket=0x555c6a95d9f8, init=1 [components/cla/posix/cla_csp.c:412]
[Sun Aug  2 19:34:09 2026] [INFO] CSP: RX loop iteration 8630, last_err=6 [components/cla/posix/cla_csp.c:405]
[Sun Aug  2 19:34:09 2026] [INFO] CSP: RX waiting - socket=0x555c6a95d9f8, init=1 [components/cla/posix/cla_csp.c:412]
[Sun Aug  2 19:34:19 2026] [INFO] CSP: RX loop iteration 8640, last_err=6 [components/cla/posix/cla_csp.c:405]
[Sun Aug  2 19:34:19 2026] [INFO] CSP: RX waiting - socket=0x555c6a95d9f8, init=1 [components/cla/posix/cla_csp.c:412]
[Sun Aug  2 19:34:29 2026] [INFO] CSP: RX loop iteration 8650, last_err=6 [components/cla/posix/cla_csp.c:405]
[Sun Aug  2 19:34:29 2026] [INFO] CSP: RX waiting - socket=0x555c6a95d9f8, init=1 [components/cla/posix/cla_csp.c:412]
[Sun Aug  2 19:34:39 2026] [INFO] CSP: RX loop iteration 8660, last_err=6 [components/cla/posix/cla_csp.c:405]
[Sun Aug  2 19:34:39 2026] [INFO] CSP: RX waiting - socket=0x555c6a95d9f8, init=1 [components/cla/posix/cla_csp.c:412]
[Sun Aug  2 19:34:49 2026] [INFO] CSP: RX loop iteration 8670, last_err=6 [components/cla/posix/cla_csp.c:405]
[Sun Aug  2 19:34:49 2026] [INFO] CSP: RX waiting - socket=0x555c6a95d9f8, init=1 [components/cla/posix/cla_csp.c:412]
[Sun Aug  2 19:34:59 2026] [INFO] CSP: RX loop iteration 8680, last_err=6 [components/cla/posix/cla_csp.c:405]
[Sun Aug  2 19:34:59 2026] [INFO] CSP: RX waiting - socket=0x555c6a95d9f8, init=1 [components/cla/posix/cla_csp.c:412]
[Sun Aug  2 19:35:09 2026] [INFO] CSP: RX loop iteration 8690, last_err=6 [components/cla/posix/cla_csp.c:405]
[Sun Aug  2 19:35:09 2026] [INFO] CSP: RX waiting - socket=0x555c6a95d9f8, init=1 [components/cla/posix/cla_csp.c:412]
[Sun Aug  2 19:35:19 2026] [INFO] CSP: RX loop iteration 8700, last_err=6 [components/cla/posix/cla_csp.c:405]
[Sun Aug  2 19:35:19 2026] [INFO] CSP: RX waiting - socket=0x555c6a95d9f8, init=1 [components/cla/posix/cla_csp.c:412]
[Sun Aug  2 19:35:29 2026] [INFO] CSP: RX loop iteration 8710, last_err=6 [components/cla/posix/cla_csp.c:405]
[Sun Aug  2 19:35:29 2026] [INFO] CSP: RX waiting - socket=0x555c6a95d9f8, init=1 [components/cla/posix/cla_csp.c:412]
[Sun Aug  2 19:35:39 2026] [INFO] CSP: RX loop iteration 8720, last_err=6 [components/cla/posix/cla_csp.c:405]
[Sun Aug  2 19:35:39 2026] [INFO] CSP: RX waiting - socket=0x555c6a95d9f8, init=1 [components/cla/posix/cla_csp.c:412]
[Sun Aug  2 19:35:49 2026] [INFO] CSP: RX loop iteration 8730, last_err=6 [components/cla/posix/cla_csp.c:405]
[Sun Aug  2 19:35:49 2026] [INFO] CSP: RX waiting - socket=0x555c6a95d9f8, init=1 [components/cla/posix/cla_csp.c:412]
[Sun Aug  2 19:35:59 2026] [INFO] CSP: RX loop iteration 8740, last_err=6 [components/cla/posix/cla_csp.c:405]
[Sun Aug  2 19:35:59 2026] [INFO] CSP: RX waiting - socket=0x555c6a95d9f8, init=1 [components/cla/posix/cla_csp.c:412]
[Sun Aug  2 19:36:09 2026] [INFO] CSP: RX loop iteration 8750, last_err=6 [components/cla/posix/cla_csp.c:405]
[Sun Aug  2 19:36:09 2026] [INFO] CSP: RX waiting - socket=0x555c6a95d9f8, init=1 [components/cla/posix/cla_csp.c:412]
[Sun Aug  2 19:36:19 2026] [INFO] CSP: RX loop iteration 8760, last_err=6 [components/cla/posix/cla_csp.c:405]
[Sun Aug  2 19:36:19 2026] [INFO] CSP: RX waiting - socket=0x555c6a95d9f8, init=1 [components/cla/posix/cla_csp.c:412]
[Sun Aug  2 19:36:29 2026] [INFO] CSP: RX loop iteration 8770, last_err=6 [components/cla/posix/cla_csp.c:405]
[Sun Aug  2 19:36:29 2026] [INFO] CSP: RX waiting - socket=0x555c6a95d9f8, init=1 [components/cla/posix/cla_csp.c:412]
[Sun Aug  2 19:36:39 2026] [INFO] CSP: RX loop iteration 8780, last_err=6 [components/cla/posix/cla_csp.c:405]
[Sun Aug  2 19:36:39 2026] [INFO] CSP: RX waiting - socket=0x555c6a95d9f8, init=1 [components/cla/posix/cla_csp.c:412]
[Sun Aug  2 19:36:49 2026] [INFO] CSP: RX loop iteration 8790, last_err=6 [components/cla/posix/cla_csp.c:405]
[Sun Aug  2 19:36:49 2026] [INFO] CSP: RX waiting - socket=0x555c6a95d9f8, init=1 [components/cla/posix/cla_csp.c:412]
[Sun Aug  2 19:36:59 2026] [INFO] CSP: RX loop iteration 8800, last_err=6 [components/cla/posix/cla_csp.c:405]
[Sun Aug  2 19:36:59 2026] [INFO] CSP: RX waiting - socket=0x555c6a95d9f8, init=1 [components/cla/posix/cla_csp.c:412]
[Sun Aug  2 19:37:09 2026] [INFO] CSP: RX loop iteration 8810, last_err=6 [components/cla/posix/cla_csp.c:405]
[Sun Aug  2 19:37:09 2026] [INFO] CSP: RX waiting - socket=0x555c6a95d9f8, init=1 [components/cla/posix/cla_csp.c:412]
[Sun Aug  2 19:37:19 2026] [INFO] CSP: RX loop iteration 8820, last_err=6 [components/cla/posix/cla_csp.c:405]
[Sun Aug  2 19:37:19 2026] [INFO] CSP: RX waiting - socket=0x555c6a95d9f8, init=1 [components/cla/posix/cla_csp.c:412]
[Sun Aug  2 19:37:29 2026] [INFO] CSP: RX loop iteration 8830, last_err=6 [components/cla/posix/cla_csp.c:405]
[Sun Aug  2 19:37:29 2026] [INFO] CSP: RX waiting - socket=0x555c6a95d9f8, init=1 [components/cla/posix/cla_csp.c:412]
